schemeName	isin	stock_name	sector	market_value	weight	change_1m	period	weightage
Quant Small Cap Dir Gr	INF966L01689	Reliance Industries Ltd	Energy	2,588.18	9.36	0.00	Oct24	5.55
Quant Small Cap Dir Gr	INF966L01689	Reliance Industries Ltd	Energy	2,588.18	9.36	0.00	Nov24	7.52
Quant Small Cap Dir Gr	INF966L01689	Reliance Industries Ltd	Energy	2,588.18	9.36	0.00	Dec24	3.56
Quant Small Cap Dir Gr	INF966L01689	Reliance Industries Ltd	Energy	2,588.18	9.36	0.00	Jan25	5.32
Quant Small Cap Dir Gr	INF966L01689	Reliance Industries Ltd	Energy	2,588.18	9.36	0.00	Feb25	5.59
Quant Small Cap Dir Gr	INF966L01689	Reliance Industries Ltd	Energy	2,588.18	9.36	0.00	Mar25	15.51
Quant Small Cap Dir Gr	INF966L01689	Reliance Industries Ltd	Energy	2,588.18	9.36	0.00	Mar25	15.51
Quant Small Cap Dir Gr	INF966L01689	Reliance Industries Ltd	Energy	2,588.18	9.36	0.00	Apr25	12.51
Quant Small Cap Dir Gr	INF966L01689	Reliance Industries Ltd	Energy	2,588.18	9.36	0.00	May25	11.15
Quant Small Cap Dir Gr	INF966L01689	Reliance Industries Ltd	Energy	2,588.18	9.36	0.00	June25	10.18
Quant Small Cap Dir Gr	INF966L01689	Reliance Industries Ltd	Energy	2,588.18	9.36	0.00	July25	9.19
Quant Small Cap Dir Gr	INF966L01689	Reliance Industries Ltd	Energy	2,588.18	9.36	0.00	Aug25	8.13
Quant Small Cap Dir Gr	INF966L01689	RBL Bank Ltd	Financial Services	1,212.15	4.38	0.00	Oct24	5.55
Quant Small Cap Dir Gr	INF966L01689	RBL Bank Ltd	Financial Services	1,212.15	4.38	0.00	Nov24	7.52
Quant Small Cap Dir Gr	INF966L01689	RBL Bank Ltd	Financial Services	1,212.15	4.38	0.00	Dec24	3.56
Quant Small Cap Dir Gr	INF966L01689	RBL Bank Ltd	Financial Services	1,212.15	4.38	0.00	Jan25	5.32
Quant Small Cap Dir Gr	INF966L01689	RBL Bank Ltd	Financial Services	1,212.15	4.38	0.00	Feb25	5.59
Quant Small Cap Dir Gr	INF966L01689	RBL Bank Ltd	Financial Services	1,212.15	4.38	0.00	Mar25	15.51
Quant Small Cap Dir Gr	INF966L01689	RBL Bank Ltd	Financial Services	1,212.15	4.38	0.00	Mar25	15.51
Quant Small Cap Dir Gr	INF966L01689	RBL Bank Ltd	Financial Services	1,212.15	4.38	0.00	Apr25	12.51
Quant Small Cap Dir Gr	INF966L01689	RBL Bank Ltd	Financial Services	1,212.15	4.38	0.00	May25	11.15
Quant Small Cap Dir Gr	INF966L01689	RBL Bank Ltd	Financial Services	1,212.15	4.38	0.00	June25	10.18
Quant Small Cap Dir Gr	INF966L01689	RBL Bank Ltd	Financial Services	1,212.15	4.38	0.00	July25	9.19
Quant Small Cap Dir Gr	INF966L01689	RBL Bank Ltd	Financial Services	1,212.15	4.38	0.00	Aug25	8.13
Quant Small Cap Dir Gr	INF966L01689	Treps 02-Mar-2026 Depo 10		1,116.04	4.04		Oct24	5.55
Quant Small Cap Dir Gr	INF966L01689	Treps 02-Mar-2026 Depo 10		1,116.04	4.04		Nov24	7.52
Quant Small Cap Dir Gr	INF966L01689	Treps 02-Mar-2026 Depo 10		1,116.04	4.04		Dec24	3.56
Quant Small Cap Dir Gr	INF966L01689	Treps 02-Mar-2026 Depo 10		1,116.04	4.04		Jan25	5.32
Quant Small Cap Dir Gr	INF966L01689	Treps 02-Mar-2026 Depo 10		1,116.04	4.04		Feb25	5.59
Quant Small Cap Dir Gr	INF966L01689	Treps 02-Mar-2026 Depo 10		1,116.04	4.04		Mar25	15.51
Quant Small Cap Dir Gr	INF966L01689	Treps 02-Mar-2026 Depo 10		1,116.04	4.04		Mar25	15.51
Quant Small Cap Dir Gr	INF966L01689	Treps 02-Mar-2026 Depo 10		1,116.04	4.04		Apr25	12.51
Quant Small Cap Dir Gr	INF966L01689	Treps 02-Mar-2026 Depo 10		1,116.04	4.04		May25	11.15
Quant Small Cap Dir Gr	INF966L01689	Treps 02-Mar-2026 Depo 10		1,116.04	4.04		June25	10.18
Quant Small Cap Dir Gr	INF966L01689	Treps 02-Mar-2026 Depo 10		1,116.04	4.04		July25	9.19
Quant Small Cap Dir Gr	INF966L01689	Treps 02-Mar-2026 Depo 10		1,116.04	4.04		Aug25	8.13
Quant Small Cap Dir Gr	INF966L01689	Sun TV Network Ltd	Communication Services	949.53	3.43	0.00	Oct24	5.55
Quant Small Cap Dir Gr	INF966L01689	Sun TV Network Ltd	Communication Services	949.53	3.43	0.00	Nov24	7.52
Quant Small Cap Dir Gr	INF966L01689	Sun TV Network Ltd	Communication Services	949.53	3.43	0.00	Dec24	3.56
Quant Small Cap Dir Gr	INF966L01689	Sun TV Network Ltd	Communication Services	949.53	3.43	0.00	Jan25	5.32
Quant Small Cap Dir Gr	INF966L01689	Sun TV Network Ltd	Communication Services	949.53	3.43	0.00	Feb25	5.59
Quant Small Cap Dir Gr	INF966L01689	Sun TV Network Ltd	Communication Services	949.53	3.43	0.00	Mar25	15.51
Quant Small Cap Dir Gr	INF966L01689	Sun TV Network Ltd	Communication Services	949.53	3.43	0.00	Mar25	15.51
Quant Small Cap Dir Gr	INF966L01689	Sun TV Network Ltd	Communication Services	949.53	3.43	0.00	Apr25	12.51
Quant Small Cap Dir Gr	INF966L01689	Sun TV Network Ltd	Communication Services	949.53	3.43	0.00	May25	11.15
Quant Small Cap Dir Gr	INF966L01689	Sun TV Network Ltd	Communication Services	949.53	3.43	0.00	June25	10.18
Quant Small Cap Dir Gr	INF966L01689	Sun TV Network Ltd	Communication Services	949.53	3.43	0.00	July25	9.19
Quant Small Cap Dir Gr	INF966L01689	Sun TV Network Ltd	Communication Services	949.53	3.43	0.00	Aug25	8.13
Quant Small Cap Dir Gr	INF966L01689	Adani Power Ltd	Utilities	846.69	3.06	0.00	Oct24	5.55
Quant Small Cap Dir Gr	INF966L01689	Adani Power Ltd	Utilities	846.69	3.06	0.00	Nov24	7.52
Quant Small Cap Dir Gr	INF966L01689	Adani Power Ltd	Utilities	846.69	3.06	0.00	Dec24	3.56
Quant Small Cap Dir Gr	INF966L01689	Adani Power Ltd	Utilities	846.69	3.06	0.00	Jan25	5.32
Quant Small Cap Dir Gr	INF966L01689	Adani Power Ltd	Utilities	846.69	3.06	0.00	Feb25	5.59
Quant Small Cap Dir Gr	INF966L01689	Adani Power Ltd	Utilities	846.69	3.06	0.00	Mar25	15.51
Quant Small Cap Dir Gr	INF966L01689	Adani Power Ltd	Utilities	846.69	3.06	0.00	Mar25	15.51
Quant Small Cap Dir Gr	INF966L01689	Adani Power Ltd	Utilities	846.69	3.06	0.00	Apr25	12.51
Quant Small Cap Dir Gr	INF966L01689	Adani Power Ltd	Utilities	846.69	3.06	0.00	May25	11.15
Quant Small Cap Dir Gr	INF966L01689	Adani Power Ltd	Utilities	846.69	3.06	0.00	June25	10.18
Quant Small Cap Dir Gr	INF966L01689	Adani Power Ltd	Utilities	846.69	3.06	0.00	July25	9.19
Quant Small Cap Dir Gr	INF966L01689	Adani Power Ltd	Utilities	846.69	3.06	0.00	Aug25	8.13
Quant Small Cap Dir Gr	INF966L01689	Jio Financial Services Ltd	Financial Services	789.17	2.85	-48.92	Oct24	5.55
Quant Small Cap Dir Gr	INF966L01689	Jio Financial Services Ltd	Financial Services	789.17	2.85	-48.92	Nov24	7.52
Quant Small Cap Dir Gr	INF966L01689	Jio Financial Services Ltd	Financial Services	789.17	2.85	-48.92	Dec24	3.56
Quant Small Cap Dir Gr	INF966L01689	Jio Financial Services Ltd	Financial Services	789.17	2.85	-48.92	Jan25	5.32
Quant Small Cap Dir Gr	INF966L01689	Jio Financial Services Ltd	Financial Services	789.17	2.85	-48.92	Feb25	5.59
Quant Small Cap Dir Gr	INF966L01689	Jio Financial Services Ltd	Financial Services	789.17	2.85	-48.92	Mar25	15.51
Quant Small Cap Dir Gr	INF966L01689	Jio Financial Services Ltd	Financial Services	789.17	2.85	-48.92	Mar25	15.51
Quant Small Cap Dir Gr	INF966L01689	Jio Financial Services Ltd	Financial Services	789.17	2.85	-48.92	Apr25	12.51
Quant Small Cap Dir Gr	INF966L01689	Jio Financial Services Ltd	Financial Services	789.17	2.85	-48.92	May25	11.15
Quant Small Cap Dir Gr	INF966L01689	Jio Financial Services Ltd	Financial Services	789.17	2.85	-48.92	June25	10.18
Quant Small Cap Dir Gr	INF966L01689	Jio Financial Services Ltd	Financial Services	789.17	2.85	-48.92	July25	9.19
Quant Small Cap Dir Gr	INF966L01689	Jio Financial Services Ltd	Financial Services	789.17	2.85	-48.92	Aug25	8.13
Quant Small Cap Dir Gr	INF966L01689	Piramal Finance Ltd	Financial Services	753.78	2.73	0.00	Oct24	5.55
Quant Small Cap Dir Gr	INF966L01689	Piramal Finance Ltd	Financial Services	753.78	2.73	0.00	Nov24	7.52
Quant Small Cap Dir Gr	INF966L01689	Piramal Finance Ltd	Financial Services	753.78	2.73	0.00	Dec24	3.56
Quant Small Cap Dir Gr	INF966L01689	Piramal Finance Ltd	Financial Services	753.78	2.73	0.00	Jan25	5.32
Quant Small Cap Dir Gr	INF966L01689	Piramal Finance Ltd	Financial Services	753.78	2.73	0.00	Feb25	5.59
Quant Small Cap Dir Gr	INF966L01689	Piramal Finance Ltd	Financial Services	753.78	2.73	0.00	Mar25	15.51
Quant Small Cap Dir Gr	INF966L01689	Piramal Finance Ltd	Financial Services	753.78	2.73	0.00	Mar25	15.51
Quant Small Cap Dir Gr	INF966L01689	Piramal Finance Ltd	Financial Services	753.78	2.73	0.00	Apr25	12.51
Quant Small Cap Dir Gr	INF966L01689	Piramal Finance Ltd	Financial Services	753.78	2.73	0.00	May25	11.15
Quant Small Cap Dir Gr	INF966L01689	Piramal Finance Ltd	Financial Services	753.78	2.73	0.00	June25	10.18
Quant Small Cap Dir Gr	INF966L01689	Piramal Finance Ltd	Financial Services	753.78	2.73	0.00	July25	9.19
Quant Small Cap Dir Gr	INF966L01689	Piramal Finance Ltd	Financial Services	753.78	2.73	0.00	Aug25	8.13
Quant Small Cap Dir Gr	INF966L01689	Aster DM Healthcare Ltd Ordinary Shares	Healthcare	740.04	2.68	0.00	Oct24	5.55
Quant Small Cap Dir Gr	INF966L01689	Aster DM Healthcare Ltd Ordinary Shares	Healthcare	740.04	2.68	0.00	Nov24	7.52
Quant Small Cap Dir Gr	INF966L01689	Aster DM Healthcare Ltd Ordinary Shares	Healthcare	740.04	2.68	0.00	Dec24	3.56
Quant Small Cap Dir Gr	INF966L01689	Aster DM Healthcare Ltd Ordinary Shares	Healthcare	740.04	2.68	0.00	Jan25	5.32
Quant Small Cap Dir Gr	INF966L01689	Aster DM Healthcare Ltd Ordinary Shares	Healthcare	740.04	2.68	0.00	Feb25	5.59
Quant Small Cap Dir Gr	INF966L01689	Aster DM Healthcare Ltd Ordinary Shares	Healthcare	740.04	2.68	0.00	Mar25	15.51
Quant Small Cap Dir Gr	INF966L01689	Aster DM Healthcare Ltd Ordinary Shares	Healthcare	740.04	2.68	0.00	Mar25	15.51
Quant Small Cap Dir Gr	INF966L01689	Aster DM Healthcare Ltd Ordinary Shares	Healthcare	740.04	2.68	0.00	Apr25	12.51
Quant Small Cap Dir Gr	INF966L01689	Aster DM Healthcare Ltd Ordinary Shares	Healthcare	740.04	2.68	0.00	May25	11.15
Quant Small Cap Dir Gr	INF966L01689	Aster DM Healthcare Ltd Ordinary Shares	Healthcare	740.04	2.68	0.00	June25	10.18
Quant Small Cap Dir Gr	INF966L01689	Aster DM Healthcare Ltd Ordinary Shares	Healthcare	740.04	2.68	0.00	July25	9.19
Quant Small Cap Dir Gr	INF966L01689	Aster DM Healthcare Ltd Ordinary Shares	Healthcare	740.04	2.68	0.00	Aug25	8.13
Quant Small Cap Dir Gr	INF966L01689	Anand Rathi Wealth Ltd	Financial Services	730.04	2.64	0.00	Oct24	5.55
Quant Small Cap Dir Gr	INF966L01689	Anand Rathi Wealth Ltd	Financial Services	730.04	2.64	0.00	Nov24	7.52
Quant Small Cap Dir Gr	INF966L01689	Anand Rathi Wealth Ltd	Financial Services	730.04	2.64	0.00	Dec24	3.56
Quant Small Cap Dir Gr	INF966L01689	Anand Rathi Wealth Ltd	Financial Services	730.04	2.64	0.00	Jan25	5.32
Quant Small Cap Dir Gr	INF966L01689	Anand Rathi Wealth Ltd	Financial Services	730.04	2.64	0.00	Feb25	5.59
Quant Small Cap Dir Gr	INF966L01689	Anand Rathi Wealth Ltd	Financial Services	730.04	2.64	0.00	Mar25	15.51
Quant Small Cap Dir Gr	INF966L01689	Anand Rathi Wealth Ltd	Financial Services	730.04	2.64	0.00	Mar25	15.51
Quant Small Cap Dir Gr	INF966L01689	Anand Rathi Wealth Ltd	Financial Services	730.04	2.64	0.00	Apr25	12.51
Quant Small Cap Dir Gr	INF966L01689	Anand Rathi Wealth Ltd	Financial Services	730.04	2.64	0.00	May25	11.15
Quant Small Cap Dir Gr	INF966L01689	Anand Rathi Wealth Ltd	Financial Services	730.04	2.64	0.00	June25	10.18
Quant Small Cap Dir Gr	INF966L01689	Anand Rathi Wealth Ltd	Financial Services	730.04	2.64	0.00	July25	9.19
Quant Small Cap Dir Gr	INF966L01689	Anand Rathi Wealth Ltd	Financial Services	730.04	2.64	0.00	Aug25	8.13
Quant Small Cap Dir Gr	INF966L01689	HFCL Ltd	Technology	616.40	2.23	0.00	Oct24	5.55
Quant Small Cap Dir Gr	INF966L01689	HFCL Ltd	Technology	616.40	2.23	0.00	Nov24	7.52
Quant Small Cap Dir Gr	INF966L01689	HFCL Ltd	Technology	616.40	2.23	0.00	Dec24	3.56
Quant Small Cap Dir Gr	INF966L01689	HFCL Ltd	Technology	616.40	2.23	0.00	Jan25	5.32
Quant Small Cap Dir Gr	INF966L01689	HFCL Ltd	Technology	616.40	2.23	0.00	Feb25	5.59
Quant Small Cap Dir Gr	INF966L01689	HFCL Ltd	Technology	616.40	2.23	0.00	Mar25	15.51
Quant Small Cap Dir Gr	INF966L01689	HFCL Ltd	Technology	616.40	2.23	0.00	Mar25	15.51
Quant Small Cap Dir Gr	INF966L01689	HFCL Ltd	Technology	616.40	2.23	0.00	Apr25	12.51
Quant Small Cap Dir Gr	INF966L01689	HFCL Ltd	Technology	616.40	2.23	0.00	May25	11.15
Quant Small Cap Dir Gr	INF966L01689	HFCL Ltd	Technology	616.40	2.23	0.00	June25	10.18
Quant Small Cap Dir Gr	INF966L01689	HFCL Ltd	Technology	616.40	2.23	0.00	July25	9.19
Quant Small Cap Dir Gr	INF966L01689	HFCL Ltd	Technology	616.40	2.23	0.00	Aug25	8.13
Quant Small Cap Dir Gr	INF966L01689	Aegis Logistics Ltd	Energy	599.12	2.17	-33.99	Oct24	5.55
Quant Small Cap Dir Gr	INF966L01689	Aegis Logistics Ltd	Energy	599.12	2.17	-33.99	Nov24	7.52
Quant Small Cap Dir Gr	INF966L01689	Aegis Logistics Ltd	Energy	599.12	2.17	-33.99	Dec24	3.56
Quant Small Cap Dir Gr	INF966L01689	Aegis Logistics Ltd	Energy	599.12	2.17	-33.99	Jan25	5.32
Quant Small Cap Dir Gr	INF966L01689	Aegis Logistics Ltd	Energy	599.12	2.17	-33.99	Feb25	5.59
Quant Small Cap Dir Gr	INF966L01689	Aegis Logistics Ltd	Energy	599.12	2.17	-33.99	Mar25	15.51
Quant Small Cap Dir Gr	INF966L01689	Aegis Logistics Ltd	Energy	599.12	2.17	-33.99	Mar25	15.51
Quant Small Cap Dir Gr	INF966L01689	Aegis Logistics Ltd	Energy	599.12	2.17	-33.99	Apr25	12.51
Quant Small Cap Dir Gr	INF966L01689	Aegis Logistics Ltd	Energy	599.12	2.17	-33.99	May25	11.15
Quant Small Cap Dir Gr	INF966L01689	Aegis Logistics Ltd	Energy	599.12	2.17	-33.99	June25	10.18
Quant Small Cap Dir Gr	INF966L01689	Aegis Logistics Ltd	Energy	599.12	2.17	-33.99	July25	9.19
Quant Small Cap Dir Gr	INF966L01689	Aegis Logistics Ltd	Energy	599.12	2.17	-33.99	Aug25	8.13
Quant Small Cap Dir Gr	INF966L01689	ICICI Bank Ltd	Financial Services	588.22	2.13	-29.93	Oct24	5.55
Quant Small Cap Dir Gr	INF966L01689	ICICI Bank Ltd	Financial Services	588.22	2.13	-29.93	Nov24	7.52
Quant Small Cap Dir Gr	INF966L01689	ICICI Bank Ltd	Financial Services	588.22	2.13	-29.93	Dec24	3.56
Quant Small Cap Dir Gr	INF966L01689	ICICI Bank Ltd	Financial Services	588.22	2.13	-29.93	Jan25	5.32
Quant Small Cap Dir Gr	INF966L01689	ICICI Bank Ltd	Financial Services	588.22	2.13	-29.93	Feb25	5.59
Quant Small Cap Dir Gr	INF966L01689	ICICI Bank Ltd	Financial Services	588.22	2.13	-29.93	Mar25	15.51
Quant Small Cap Dir Gr	INF966L01689	ICICI Bank Ltd	Financial Services	588.22	2.13	-29.93	Mar25	15.51
Quant Small Cap Dir Gr	INF966L01689	ICICI Bank Ltd	Financial Services	588.22	2.13	-29.93	Apr25	12.51
Quant Small Cap Dir Gr	INF966L01689	ICICI Bank Ltd	Financial Services	588.22	2.13	-29.93	May25	11.15
Quant Small Cap Dir Gr	INF966L01689	ICICI Bank Ltd	Financial Services	588.22	2.13	-29.93	June25	10.18
Quant Small Cap Dir Gr	INF966L01689	ICICI Bank Ltd	Financial Services	588.22	2.13	-29.93	July25	9.19
Quant Small Cap Dir Gr	INF966L01689	ICICI Bank Ltd	Financial Services	588.22	2.13	-29.93	Aug25	8.13
Quant Small Cap Dir Gr	INF966L01689	Ventive Hospitality Ltd	Consumer Cyclical	584.72	2.11	0.21	Oct24	5.55
Quant Small Cap Dir Gr	INF966L01689	Ventive Hospitality Ltd	Consumer Cyclical	584.72	2.11	0.21	Nov24	7.52
Quant Small Cap Dir Gr	INF966L01689	Ventive Hospitality Ltd	Consumer Cyclical	584.72	2.11	0.21	Dec24	3.56
Quant Small Cap Dir Gr	INF966L01689	Ventive Hospitality Ltd	Consumer Cyclical	584.72	2.11	0.21	Jan25	5.32
Quant Small Cap Dir Gr	INF966L01689	Ventive Hospitality Ltd	Consumer Cyclical	584.72	2.11	0.21	Feb25	5.59
Quant Small Cap Dir Gr	INF966L01689	Ventive Hospitality Ltd	Consumer Cyclical	584.72	2.11	0.21	Mar25	15.51
Quant Small Cap Dir Gr	INF966L01689	Ventive Hospitality Ltd	Consumer Cyclical	584.72	2.11	0.21	Mar25	15.51
Quant Small Cap Dir Gr	INF966L01689	Ventive Hospitality Ltd	Consumer Cyclical	584.72	2.11	0.21	Apr25	12.51
Quant Small Cap Dir Gr	INF966L01689	Ventive Hospitality Ltd	Consumer Cyclical	584.72	2.11	0.21	May25	11.15
Quant Small Cap Dir Gr	INF966L01689	Ventive Hospitality Ltd	Consumer Cyclical	584.72	2.11	0.21	June25	10.18
Quant Small Cap Dir Gr	INF966L01689	Ventive Hospitality Ltd	Consumer Cyclical	584.72	2.11	0.21	July25	9.19
Quant Small Cap Dir Gr	INF966L01689	Ventive Hospitality Ltd	Consumer Cyclical	584.72	2.11	0.21	Aug25	8.13
Quant Small Cap Dir Gr	INF966L01689	Bikaji Foods International Ltd	Consumer Defensive	553.46	2.00	0.00	Oct24	5.55
Quant Small Cap Dir Gr	INF966L01689	Bikaji Foods International Ltd	Consumer Defensive	553.46	2.00	0.00	Nov24	7.52
Quant Small Cap Dir Gr	INF966L01689	Bikaji Foods International Ltd	Consumer Defensive	553.46	2.00	0.00	Dec24	3.56
Quant Small Cap Dir Gr	INF966L01689	Bikaji Foods International Ltd	Consumer Defensive	553.46	2.00	0.00	Jan25	5.32
Quant Small Cap Dir Gr	INF966L01689	Bikaji Foods International Ltd	Consumer Defensive	553.46	2.00	0.00	Feb25	5.59
Quant Small Cap Dir Gr	INF966L01689	Bikaji Foods International Ltd	Consumer Defensive	553.46	2.00	0.00	Mar25	15.51
Quant Small Cap Dir Gr	INF966L01689	Bikaji Foods International Ltd	Consumer Defensive	553.46	2.00	0.00	Mar25	15.51
Quant Small Cap Dir Gr	INF966L01689	Bikaji Foods International Ltd	Consumer Defensive	553.46	2.00	0.00	Apr25	12.51
Quant Small Cap Dir Gr	INF966L01689	Bikaji Foods International Ltd	Consumer Defensive	553.46	2.00	0.00	May25	11.15
Quant Small Cap Dir Gr	INF966L01689	Bikaji Foods International Ltd	Consumer Defensive	553.46	2.00	0.00	June25	10.18
Quant Small Cap Dir Gr	INF966L01689	Bikaji Foods International Ltd	Consumer Defensive	553.46	2.00	0.00	July25	9.19
Quant Small Cap Dir Gr	INF966L01689	Bikaji Foods International Ltd	Consumer Defensive	553.46	2.00	0.00	Aug25	8.13
Quant Small Cap Dir Gr	INF966L01689	Poly Medicure Ltd	Healthcare	547.28	1.98	0.00	Oct24	5.55
Quant Small Cap Dir Gr	INF966L01689	Poly Medicure Ltd	Healthcare	547.28	1.98	0.00	Nov24	7.52
Quant Small Cap Dir Gr	INF966L01689	Poly Medicure Ltd	Healthcare	547.28	1.98	0.00	Dec24	3.56
Quant Small Cap Dir Gr	INF966L01689	Poly Medicure Ltd	Healthcare	547.28	1.98	0.00	Jan25	5.32
Quant Small Cap Dir Gr	INF966L01689	Poly Medicure Ltd	Healthcare	547.28	1.98	0.00	Feb25	5.59
Quant Small Cap Dir Gr	INF966L01689	Poly Medicure Ltd	Healthcare	547.28	1.98	0.00	Mar25	15.51
Quant Small Cap Dir Gr	INF966L01689	Poly Medicure Ltd	Healthcare	547.28	1.98	0.00	Mar25	15.51
Quant Small Cap Dir Gr	INF966L01689	Poly Medicure Ltd	Healthcare	547.28	1.98	0.00	Apr25	12.51
Quant Small Cap Dir Gr	INF966L01689	Poly Medicure Ltd	Healthcare	547.28	1.98	0.00	May25	11.15
Quant Small Cap Dir Gr	INF966L01689	Poly Medicure Ltd	Healthcare	547.28	1.98	0.00	June25	10.18
Quant Small Cap Dir Gr	INF966L01689	Poly Medicure Ltd	Healthcare	547.28	1.98	0.00	July25	9.19
Quant Small Cap Dir Gr	INF966L01689	Poly Medicure Ltd	Healthcare	547.28	1.98	0.00	Aug25	8.13
Quant Small Cap Dir Gr	INF966L01689	Adani Enterprises Ltd	Energy	533.60	1.93	0.00	Oct24	5.55
Quant Small Cap Dir Gr	INF966L01689	Adani Enterprises Ltd	Energy	533.60	1.93	0.00	Nov24	7.52
Quant Small Cap Dir Gr	INF966L01689	Adani Enterprises Ltd	Energy	533.60	1.93	0.00	Dec24	3.56
Quant Small Cap Dir Gr	INF966L01689	Adani Enterprises Ltd	Energy	533.60	1.93	0.00	Jan25	5.32
Quant Small Cap Dir Gr	INF966L01689	Adani Enterprises Ltd	Energy	533.60	1.93	0.00	Feb25	5.59
Quant Small Cap Dir Gr	INF966L01689	Adani Enterprises Ltd	Energy	533.60	1.93	0.00	Mar25	15.51
Quant Small Cap Dir Gr	INF966L01689	Adani Enterprises Ltd	Energy	533.60	1.93	0.00	Mar25	15.51
Quant Small Cap Dir Gr	INF966L01689	Adani Enterprises Ltd	Energy	533.60	1.93	0.00	Apr25	12.51
Quant Small Cap Dir Gr	INF966L01689	Adani Enterprises Ltd	Energy	533.60	1.93	0.00	May25	11.15
Quant Small Cap Dir Gr	INF966L01689	Adani Enterprises Ltd	Energy	533.60	1.93	0.00	June25	10.18
Quant Small Cap Dir Gr	INF966L01689	Adani Enterprises Ltd	Energy	533.60	1.93	0.00	July25	9.19
Quant Small Cap Dir Gr	INF966L01689	Adani Enterprises Ltd	Energy	533.60	1.93	0.00	Aug25	8.13
Quant Small Cap Dir Gr	INF966L01689	Arvind Ltd	Consumer Cyclical	520.65	1.88	0.00	Oct24	5.55
Quant Small Cap Dir Gr	INF966L01689	Arvind Ltd	Consumer Cyclical	520.65	1.88	0.00	Nov24	7.52
Quant Small Cap Dir Gr	INF966L01689	Arvind Ltd	Consumer Cyclical	520.65	1.88	0.00	Dec24	3.56
Quant Small Cap Dir Gr	INF966L01689	Arvind Ltd	Consumer Cyclical	520.65	1.88	0.00	Jan25	5.32
Quant Small Cap Dir Gr	INF966L01689	Arvind Ltd	Consumer Cyclical	520.65	1.88	0.00	Feb25	5.59
Quant Small Cap Dir Gr	INF966L01689	Arvind Ltd	Consumer Cyclical	520.65	1.88	0.00	Mar25	15.51
Quant Small Cap Dir Gr	INF966L01689	Arvind Ltd	Consumer Cyclical	520.65	1.88	0.00	Mar25	15.51
Quant Small Cap Dir Gr	INF966L01689	Arvind Ltd	Consumer Cyclical	520.65	1.88	0.00	Apr25	12.51
Quant Small Cap Dir Gr	INF966L01689	Arvind Ltd	Consumer Cyclical	520.65	1.88	0.00	May25	11.15
Quant Small Cap Dir Gr	INF966L01689	Arvind Ltd	Consumer Cyclical	520.65	1.88	0.00	June25	10.18
Quant Small Cap Dir Gr	INF966L01689	Arvind Ltd	Consumer Cyclical	520.65	1.88	0.00	July25	9.19
Quant Small Cap Dir Gr	INF966L01689	Arvind Ltd	Consumer Cyclical	520.65	1.88	0.00	Aug25	8.13
Quant Small Cap Dir Gr	INF966L01689	Adani Green Energy Ltd	Utilities	515.01	1.86	0.00	Oct24	5.55
Quant Small Cap Dir Gr	INF966L01689	Adani Green Energy Ltd	Utilities	515.01	1.86	0.00	Nov24	7.52
Quant Small Cap Dir Gr	INF966L01689	Adani Green Energy Ltd	Utilities	515.01	1.86	0.00	Dec24	3.56
Quant Small Cap Dir Gr	INF966L01689	Adani Green Energy Ltd	Utilities	515.01	1.86	0.00	Jan25	5.32
Quant Small Cap Dir Gr	INF966L01689	Adani Green Energy Ltd	Utilities	515.01	1.86	0.00	Feb25	5.59
Quant Small Cap Dir Gr	INF966L01689	Adani Green Energy Ltd	Utilities	515.01	1.86	0.00	Mar25	15.51
Quant Small Cap Dir Gr	INF966L01689	Adani Green Energy Ltd	Utilities	515.01	1.86	0.00	Mar25	15.51
Quant Small Cap Dir Gr	INF966L01689	Adani Green Energy Ltd	Utilities	515.01	1.86	0.00	Apr25	12.51
Quant Small Cap Dir Gr	INF966L01689	Adani Green Energy Ltd	Utilities	515.01	1.86	0.00	May25	11.15
Quant Small Cap Dir Gr	INF966L01689	Adani Green Energy Ltd	Utilities	515.01	1.86	0.00	June25	10.18
Quant Small Cap Dir Gr	INF966L01689	Adani Green Energy Ltd	Utilities	515.01	1.86	0.00	July25	9.19
Quant Small Cap Dir Gr	INF966L01689	Adani Green Energy Ltd	Utilities	515.01	1.86	0.00	Aug25	8.13
Quant Small Cap Dir Gr	INF966L01689	Bayer CropScience Ltd	Basic Materials	484.63	1.75	0.00	Oct24	5.55
Quant Small Cap Dir Gr	INF966L01689	Bayer CropScience Ltd	Basic Materials	484.63	1.75	0.00	Nov24	7.52
Quant Small Cap Dir Gr	INF966L01689	Bayer CropScience Ltd	Basic Materials	484.63	1.75	0.00	Dec24	3.56
Quant Small Cap Dir Gr	INF966L01689	Bayer CropScience Ltd	Basic Materials	484.63	1.75	0.00	Jan25	5.32
Quant Small Cap Dir Gr	INF966L01689	Bayer CropScience Ltd	Basic Materials	484.63	1.75	0.00	Feb25	5.59
Quant Small Cap Dir Gr	INF966L01689	Bayer CropScience Ltd	Basic Materials	484.63	1.75	0.00	Mar25	15.51
Quant Small Cap Dir Gr	INF966L01689	Bayer CropScience Ltd	Basic Materials	484.63	1.75	0.00	Mar25	15.51
Quant Small Cap Dir Gr	INF966L01689	Bayer CropScience Ltd	Basic Materials	484.63	1.75	0.00	Apr25	12.51
Quant Small Cap Dir Gr	INF966L01689	Bayer CropScience Ltd	Basic Materials	484.63	1.75	0.00	May25	11.15
Quant Small Cap Dir Gr	INF966L01689	Bayer CropScience Ltd	Basic Materials	484.63	1.75	0.00	June25	10.18
Quant Small Cap Dir Gr	INF966L01689	Bayer CropScience Ltd	Basic Materials	484.63	1.75	0.00	July25	9.19
Quant Small Cap Dir Gr	INF966L01689	Bayer CropScience Ltd	Basic Materials	484.63	1.75	0.00	Aug25	8.13
Quant Small Cap Dir Gr	INF966L01689	Capri Global Capital Ltd	Financial Services	481.18	1.74	5.27	Oct24	5.55
Quant Small Cap Dir Gr	INF966L01689	Capri Global Capital Ltd	Financial Services	481.18	1.74	5.27	Nov24	7.52
Quant Small Cap Dir Gr	INF966L01689	Capri Global Capital Ltd	Financial Services	481.18	1.74	5.27	Dec24	3.56
Quant Small Cap Dir Gr	INF966L01689	Capri Global Capital Ltd	Financial Services	481.18	1.74	5.27	Jan25	5.32
Quant Small Cap Dir Gr	INF966L01689	Capri Global Capital Ltd	Financial Services	481.18	1.74	5.27	Feb25	5.59
Quant Small Cap Dir Gr	INF966L01689	Capri Global Capital Ltd	Financial Services	481.18	1.74	5.27	Mar25	15.51
Quant Small Cap Dir Gr	INF966L01689	Capri Global Capital Ltd	Financial Services	481.18	1.74	5.27	Mar25	15.51
Quant Small Cap Dir Gr	INF966L01689	Capri Global Capital Ltd	Financial Services	481.18	1.74	5.27	Apr25	12.51
Quant Small Cap Dir Gr	INF966L01689	Capri Global Capital Ltd	Financial Services	481.18	1.74	5.27	May25	11.15
Quant Small Cap Dir Gr	INF966L01689	Capri Global Capital Ltd	Financial Services	481.18	1.74	5.27	June25	10.18
Quant Small Cap Dir Gr	INF966L01689	Capri Global Capital Ltd	Financial Services	481.18	1.74	5.27	July25	9.19
Quant Small Cap Dir Gr	INF966L01689	Capri Global Capital Ltd	Financial Services	481.18	1.74	5.27	Aug25	8.13
Quant Small Cap Dir Gr	INF966L01689	Viyash Scientific Ltd	Healthcare	479.47	1.73	0.00	Oct24	5.55
Quant Small Cap Dir Gr	INF966L01689	Viyash Scientific Ltd	Healthcare	479.47	1.73	0.00	Nov24	7.52
Quant Small Cap Dir Gr	INF966L01689	Viyash Scientific Ltd	Healthcare	479.47	1.73	0.00	Dec24	3.56
Quant Small Cap Dir Gr	INF966L01689	Viyash Scientific Ltd	Healthcare	479.47	1.73	0.00	Jan25	5.32
Quant Small Cap Dir Gr	INF966L01689	Viyash Scientific Ltd	Healthcare	479.47	1.73	0.00	Feb25	5.59
Quant Small Cap Dir Gr	INF966L01689	Viyash Scientific Ltd	Healthcare	479.47	1.73	0.00	Mar25	15.51
Quant Small Cap Dir Gr	INF966L01689	Viyash Scientific Ltd	Healthcare	479.47	1.73	0.00	Mar25	15.51
Quant Small Cap Dir Gr	INF966L01689	Viyash Scientific Ltd	Healthcare	479.47	1.73	0.00	Apr25	12.51
Quant Small Cap Dir Gr	INF966L01689	Viyash Scientific Ltd	Healthcare	479.47	1.73	0.00	May25	11.15
Quant Small Cap Dir Gr	INF966L01689	Viyash Scientific Ltd	Healthcare	479.47	1.73	0.00	June25	10.18
Quant Small Cap Dir Gr	INF966L01689	Viyash Scientific Ltd	Healthcare	479.47	1.73	0.00	July25	9.19
Quant Small Cap Dir Gr	INF966L01689	Viyash Scientific Ltd	Healthcare	479.47	1.73	0.00	Aug25	8.13
Quant Small Cap Dir Gr	INF966L01689	Pfizer Ltd	Healthcare	462.95	1.67	0.00	Oct24	5.55
Quant Small Cap Dir Gr	INF966L01689	Pfizer Ltd	Healthcare	462.95	1.67	0.00	Nov24	7.52
Quant Small Cap Dir Gr	INF966L01689	Pfizer Ltd	Healthcare	462.95	1.67	0.00	Dec24	3.56
Quant Small Cap Dir Gr	INF966L01689	Pfizer Ltd	Healthcare	462.95	1.67	0.00	Jan25	5.32
Quant Small Cap Dir Gr	INF966L01689	Pfizer Ltd	Healthcare	462.95	1.67	0.00	Feb25	5.59
Quant Small Cap Dir Gr	INF966L01689	Pfizer Ltd	Healthcare	462.95	1.67	0.00	Mar25	15.51
Quant Small Cap Dir Gr	INF966L01689	Pfizer Ltd	Healthcare	462.95	1.67	0.00	Mar25	15.51
Quant Small Cap Dir Gr	INF966L01689	Pfizer Ltd	Healthcare	462.95	1.67	0.00	Apr25	12.51
Quant Small Cap Dir Gr	INF966L01689	Pfizer Ltd	Healthcare	462.95	1.67	0.00	May25	11.15
Quant Small Cap Dir Gr	INF966L01689	Pfizer Ltd	Healthcare	462.95	1.67	0.00	June25	10.18
Quant Small Cap Dir Gr	INF966L01689	Pfizer Ltd	Healthcare	462.95	1.67	0.00	July25	9.19
Quant Small Cap Dir Gr	INF966L01689	Pfizer Ltd	Healthcare	462.95	1.67	0.00	Aug25	8.13
Quant Small Cap Dir Gr	INF966L01689	NBCC India Ltd	Industrials	454.13	1.64	0.00	Oct24	5.55
Quant Small Cap Dir Gr	INF966L01689	NBCC India Ltd	Industrials	454.13	1.64	0.00	Nov24	7.52
Quant Small Cap Dir Gr	INF966L01689	NBCC India Ltd	Industrials	454.13	1.64	0.00	Dec24	3.56
Quant Small Cap Dir Gr	INF966L01689	NBCC India Ltd	Industrials	454.13	1.64	0.00	Jan25	5.32
Quant Small Cap Dir Gr	INF966L01689	NBCC India Ltd	Industrials	454.13	1.64	0.00	Feb25	5.59
Quant Small Cap Dir Gr	INF966L01689	NBCC India Ltd	Industrials	454.13	1.64	0.00	Mar25	15.51
Quant Small Cap Dir Gr	INF966L01689	NBCC India Ltd	Industrials	454.13	1.64	0.00	Mar25	15.51
Quant Small Cap Dir Gr	INF966L01689	NBCC India Ltd	Industrials	454.13	1.64	0.00	Apr25	12.51
Quant Small Cap Dir Gr	INF966L01689	NBCC India Ltd	Industrials	454.13	1.64	0.00	May25	11.15
Quant Small Cap Dir Gr	INF966L01689	NBCC India Ltd	Industrials	454.13	1.64	0.00	June25	10.18
Quant Small Cap Dir Gr	INF966L01689	NBCC India Ltd	Industrials	454.13	1.64	0.00	July25	9.19
Quant Small Cap Dir Gr	INF966L01689	NBCC India Ltd	Industrials	454.13	1.64	0.00	Aug25	8.13
Quant Small Cap Dir Gr	INF966L01689	Usha Martin Ltd	Basic Materials	448.36	1.62	0.00	Oct24	5.55
Quant Small Cap Dir Gr	INF966L01689	Usha Martin Ltd	Basic Materials	448.36	1.62	0.00	Nov24	7.52
Quant Small Cap Dir Gr	INF966L01689	Usha Martin Ltd	Basic Materials	448.36	1.62	0.00	Dec24	3.56
Quant Small Cap Dir Gr	INF966L01689	Usha Martin Ltd	Basic Materials	448.36	1.62	0.00	Jan25	5.32
Quant Small Cap Dir Gr	INF966L01689	Usha Martin Ltd	Basic Materials	448.36	1.62	0.00	Feb25	5.59
Quant Small Cap Dir Gr	INF966L01689	Usha Martin Ltd	Basic Materials	448.36	1.62	0.00	Mar25	15.51
Quant Small Cap Dir Gr	INF966L01689	Usha Martin Ltd	Basic Materials	448.36	1.62	0.00	Mar25	15.51
Quant Small Cap Dir Gr	INF966L01689	Usha Martin Ltd	Basic Materials	448.36	1.62	0.00	Apr25	12.51
Quant Small Cap Dir Gr	INF966L01689	Usha Martin Ltd	Basic Materials	448.36	1.62	0.00	May25	11.15
Quant Small Cap Dir Gr	INF966L01689	Usha Martin Ltd	Basic Materials	448.36	1.62	0.00	June25	10.18
Quant Small Cap Dir Gr	INF966L01689	Usha Martin Ltd	Basic Materials	448.36	1.62	0.00	July25	9.19
Quant Small Cap Dir Gr	INF966L01689	Usha Martin Ltd	Basic Materials	448.36	1.62	0.00	Aug25	8.13
Quant Small Cap Dir Gr	INF966L01689	Aditya Birla Lifestyle Brands Ltd	Consumer Cyclical	407.76	1.47	0.00	Oct24	5.55
Quant Small Cap Dir Gr	INF966L01689	Aditya Birla Lifestyle Brands Ltd	Consumer Cyclical	407.76	1.47	0.00	Nov24	7.52
Quant Small Cap Dir Gr	INF966L01689	Aditya Birla Lifestyle Brands Ltd	Consumer Cyclical	407.76	1.47	0.00	Dec24	3.56
Quant Small Cap Dir Gr	INF966L01689	Aditya Birla Lifestyle Brands Ltd	Consumer Cyclical	407.76	1.47	0.00	Jan25	5.32
Quant Small Cap Dir Gr	INF966L01689	Aditya Birla Lifestyle Brands Ltd	Consumer Cyclical	407.76	1.47	0.00	Feb25	5.59
Quant Small Cap Dir Gr	INF966L01689	Aditya Birla Lifestyle Brands Ltd	Consumer Cyclical	407.76	1.47	0.00	Mar25	15.51
Quant Small Cap Dir Gr	INF966L01689	Aditya Birla Lifestyle Brands Ltd	Consumer Cyclical	407.76	1.47	0.00	Mar25	15.51
Quant Small Cap Dir Gr	INF966L01689	Aditya Birla Lifestyle Brands Ltd	Consumer Cyclical	407.76	1.47	0.00	Apr25	12.51
Quant Small Cap Dir Gr	INF966L01689	Aditya Birla Lifestyle Brands Ltd	Consumer Cyclical	407.76	1.47	0.00	May25	11.15
Quant Small Cap Dir Gr	INF966L01689	Aditya Birla Lifestyle Brands Ltd	Consumer Cyclical	407.76	1.47	0.00	June25	10.18
Quant Small Cap Dir Gr	INF966L01689	Aditya Birla Lifestyle Brands Ltd	Consumer Cyclical	407.76	1.47	0.00	July25	9.19
Quant Small Cap Dir Gr	INF966L01689	Aditya Birla Lifestyle Brands Ltd	Consumer Cyclical	407.76	1.47	0.00	Aug25	8.13
Quant Small Cap Dir Gr	INF966L01689	Minda Corp Ltd	Consumer Cyclical	395.82	1.43	-0.39	Oct24	5.55
Quant Small Cap Dir Gr	INF966L01689	Minda Corp Ltd	Consumer Cyclical	395.82	1.43	-0.39	Nov24	7.52
Quant Small Cap Dir Gr	INF966L01689	Minda Corp Ltd	Consumer Cyclical	395.82	1.43	-0.39	Dec24	3.56
Quant Small Cap Dir Gr	INF966L01689	Minda Corp Ltd	Consumer Cyclical	395.82	1.43	-0.39	Jan25	5.32
Quant Small Cap Dir Gr	INF966L01689	Minda Corp Ltd	Consumer Cyclical	395.82	1.43	-0.39	Feb25	5.59
Quant Small Cap Dir Gr	INF966L01689	Minda Corp Ltd	Consumer Cyclical	395.82	1.43	-0.39	Mar25	15.51
Quant Small Cap Dir Gr	INF966L01689	Minda Corp Ltd	Consumer Cyclical	395.82	1.43	-0.39	Mar25	15.51
Quant Small Cap Dir Gr	INF966L01689	Minda Corp Ltd	Consumer Cyclical	395.82	1.43	-0.39	Apr25	12.51
Quant Small Cap Dir Gr	INF966L01689	Minda Corp Ltd	Consumer Cyclical	395.82	1.43	-0.39	May25	11.15
Quant Small Cap Dir Gr	INF966L01689	Minda Corp Ltd	Consumer Cyclical	395.82	1.43	-0.39	June25	10.18
Quant Small Cap Dir Gr	INF966L01689	Minda Corp Ltd	Consumer Cyclical	395.82	1.43	-0.39	July25	9.19
Quant Small Cap Dir Gr	INF966L01689	Minda Corp Ltd	Consumer Cyclical	395.82	1.43	-0.39	Aug25	8.13
Quant Small Cap Dir Gr	INF966L01689	Welspun Corp Ltd	Basic Materials	356.46	1.29	0.00	Oct24	5.55
Quant Small Cap Dir Gr	INF966L01689	Welspun Corp Ltd	Basic Materials	356.46	1.29	0.00	Nov24	7.52
Quant Small Cap Dir Gr	INF966L01689	Welspun Corp Ltd	Basic Materials	356.46	1.29	0.00	Dec24	3.56
Quant Small Cap Dir Gr	INF966L01689	Welspun Corp Ltd	Basic Materials	356.46	1.29	0.00	Jan25	5.32
Quant Small Cap Dir Gr	INF966L01689	Welspun Corp Ltd	Basic Materials	356.46	1.29	0.00	Feb25	5.59
Quant Small Cap Dir Gr	INF966L01689	Welspun Corp Ltd	Basic Materials	356.46	1.29	0.00	Mar25	15.51
Quant Small Cap Dir Gr	INF966L01689	Welspun Corp Ltd	Basic Materials	356.46	1.29	0.00	Mar25	15.51
Quant Small Cap Dir Gr	INF966L01689	Welspun Corp Ltd	Basic Materials	356.46	1.29	0.00	Apr25	12.51
Quant Small Cap Dir Gr	INF966L01689	Welspun Corp Ltd	Basic Materials	356.46	1.29	0.00	May25	11.15
Quant Small Cap Dir Gr	INF966L01689	Welspun Corp Ltd	Basic Materials	356.46	1.29	0.00	June25	10.18
Quant Small Cap Dir Gr	INF966L01689	Welspun Corp Ltd	Basic Materials	356.46	1.29	0.00	July25	9.19
Quant Small Cap Dir Gr	INF966L01689	Welspun Corp Ltd	Basic Materials	356.46	1.29	0.00	Aug25	8.13
Quant Small Cap Dir Gr	INF966L01689	Samvardhana Motherson International Ltd	Consumer Cyclical	353.77	1.28	0.00	Oct24	5.55
Quant Small Cap Dir Gr	INF966L01689	Samvardhana Motherson International Ltd	Consumer Cyclical	353.77	1.28	0.00	Nov24	7.52
Quant Small Cap Dir Gr	INF966L01689	Samvardhana Motherson International Ltd	Consumer Cyclical	353.77	1.28	0.00	Dec24	3.56
Quant Small Cap Dir Gr	INF966L01689	Samvardhana Motherson International Ltd	Consumer Cyclical	353.77	1.28	0.00	Jan25	5.32
Quant Small Cap Dir Gr	INF966L01689	Samvardhana Motherson International Ltd	Consumer Cyclical	353.77	1.28	0.00	Feb25	5.59
Quant Small Cap Dir Gr	INF966L01689	Samvardhana Motherson International Ltd	Consumer Cyclical	353.77	1.28	0.00	Mar25	15.51
Quant Small Cap Dir Gr	INF966L01689	Samvardhana Motherson International Ltd	Consumer Cyclical	353.77	1.28	0.00	Mar25	15.51
Quant Small Cap Dir Gr	INF966L01689	Samvardhana Motherson International Ltd	Consumer Cyclical	353.77	1.28	0.00	Apr25	12.51
Quant Small Cap Dir Gr	INF966L01689	Samvardhana Motherson International Ltd	Consumer Cyclical	353.77	1.28	0.00	May25	11.15
Quant Small Cap Dir Gr	INF966L01689	Samvardhana Motherson International Ltd	Consumer Cyclical	353.77	1.28	0.00	June25	10.18
Quant Small Cap Dir Gr	INF966L01689	Samvardhana Motherson International Ltd	Consumer Cyclical	353.77	1.28	0.00	July25	9.19
Quant Small Cap Dir Gr	INF966L01689	Samvardhana Motherson International Ltd	Consumer Cyclical	353.77	1.28	0.00	Aug25	8.13
Quant Small Cap Dir Gr	INF966L01689	Zydus Wellness Ltd	Consumer Defensive	347.71	1.26	0.00	Oct24	5.55
Quant Small Cap Dir Gr	INF966L01689	Zydus Wellness Ltd	Consumer Defensive	347.71	1.26	0.00	Nov24	7.52
Quant Small Cap Dir Gr	INF966L01689	Zydus Wellness Ltd	Consumer Defensive	347.71	1.26	0.00	Dec24	3.56
Quant Small Cap Dir Gr	INF966L01689	Zydus Wellness Ltd	Consumer Defensive	347.71	1.26	0.00	Jan25	5.32
Quant Small Cap Dir Gr	INF966L01689	Zydus Wellness Ltd	Consumer Defensive	347.71	1.26	0.00	Feb25	5.59
Quant Small Cap Dir Gr	INF966L01689	Zydus Wellness Ltd	Consumer Defensive	347.71	1.26	0.00	Mar25	15.51
Quant Small Cap Dir Gr	INF966L01689	Zydus Wellness Ltd	Consumer Defensive	347.71	1.26	0.00	Mar25	15.51
Quant Small Cap Dir Gr	INF966L01689	Zydus Wellness Ltd	Consumer Defensive	347.71	1.26	0.00	Apr25	12.51
Quant Small Cap Dir Gr	INF966L01689	Zydus Wellness Ltd	Consumer Defensive	347.71	1.26	0.00	May25	11.15
Quant Small Cap Dir Gr	INF966L01689	Zydus Wellness Ltd	Consumer Defensive	347.71	1.26	0.00	June25	10.18
Quant Small Cap Dir Gr	INF966L01689	Zydus Wellness Ltd	Consumer Defensive	347.71	1.26	0.00	July25	9.19
Quant Small Cap Dir Gr	INF966L01689	Zydus Wellness Ltd	Consumer Defensive	347.71	1.26	0.00	Aug25	8.13
Quant Small Cap Dir Gr	INF966L01689	Tbill		333.76	1.21	167.46	Oct24	5.55
Quant Small Cap Dir Gr	INF966L01689	Tbill		333.76	1.21	167.46	Nov24	7.52
Quant Small Cap Dir Gr	INF966L01689	Tbill		333.76	1.21	167.46	Dec24	3.56
Quant Small Cap Dir Gr	INF966L01689	Tbill		333.76	1.21	167.46	Jan25	5.32
Quant Small Cap Dir Gr	INF966L01689	Tbill		333.76	1.21	167.46	Feb25	5.59
Quant Small Cap Dir Gr	INF966L01689	Tbill		333.76	1.21	167.46	Mar25	15.51
Quant Small Cap Dir Gr	INF966L01689	Tbill		333.76	1.21	167.46	Mar25	15.51
Quant Small Cap Dir Gr	INF966L01689	Tbill		333.76	1.21	167.46	Apr25	12.51
Quant Small Cap Dir Gr	INF966L01689	Tbill		333.76	1.21	167.46	May25	11.15
Quant Small Cap Dir Gr	INF966L01689	Tbill		333.76	1.21	167.46	June25	10.18
Quant Small Cap Dir Gr	INF966L01689	Tbill		333.76	1.21	167.46	July25	9.19
Quant Small Cap Dir Gr	INF966L01689	Tbill		333.76	1.21	167.46	Aug25	8.13
Quant Small Cap Dir Gr	INF966L01689	Welspun Enterprises Ltd	Industrials	325.48	1.18	0.00	Oct24	5.55
Quant Small Cap Dir Gr	INF966L01689	Welspun Enterprises Ltd	Industrials	325.48	1.18	0.00	Nov24	7.52
Quant Small Cap Dir Gr	INF966L01689	Welspun Enterprises Ltd	Industrials	325.48	1.18	0.00	Dec24	3.56
Quant Small Cap Dir Gr	INF966L01689	Welspun Enterprises Ltd	Industrials	325.48	1.18	0.00	Jan25	5.32
Quant Small Cap Dir Gr	INF966L01689	Welspun Enterprises Ltd	Industrials	325.48	1.18	0.00	Feb25	5.59
Quant Small Cap Dir Gr	INF966L01689	Welspun Enterprises Ltd	Industrials	325.48	1.18	0.00	Mar25	15.51
Quant Small Cap Dir Gr	INF966L01689	Welspun Enterprises Ltd	Industrials	325.48	1.18	0.00	Mar25	15.51
Quant Small Cap Dir Gr	INF966L01689	Welspun Enterprises Ltd	Industrials	325.48	1.18	0.00	Apr25	12.51
Quant Small Cap Dir Gr	INF966L01689	Welspun Enterprises Ltd	Industrials	325.48	1.18	0.00	May25	11.15
Quant Small Cap Dir Gr	INF966L01689	Welspun Enterprises Ltd	Industrials	325.48	1.18	0.00	June25	10.18
Quant Small Cap Dir Gr	INF966L01689	Welspun Enterprises Ltd	Industrials	325.48	1.18	0.00	July25	9.19
Quant Small Cap Dir Gr	INF966L01689	Welspun Enterprises Ltd	Industrials	325.48	1.18	0.00	Aug25	8.13
Quant Small Cap Dir Gr	INF966L01689	Strides Pharma Science Ltd	Healthcare	302.81	1.09	0.00	Oct24	5.55
Quant Small Cap Dir Gr	INF966L01689	Strides Pharma Science Ltd	Healthcare	302.81	1.09	0.00	Nov24	7.52
Quant Small Cap Dir Gr	INF966L01689	Strides Pharma Science Ltd	Healthcare	302.81	1.09	0.00	Dec24	3.56
Quant Small Cap Dir Gr	INF966L01689	Strides Pharma Science Ltd	Healthcare	302.81	1.09	0.00	Jan25	5.32
Quant Small Cap Dir Gr	INF966L01689	Strides Pharma Science Ltd	Healthcare	302.81	1.09	0.00	Feb25	5.59
Quant Small Cap Dir Gr	INF966L01689	Strides Pharma Science Ltd	Healthcare	302.81	1.09	0.00	Mar25	15.51
Quant Small Cap Dir Gr	INF966L01689	Strides Pharma Science Ltd	Healthcare	302.81	1.09	0.00	Mar25	15.51
Quant Small Cap Dir Gr	INF966L01689	Strides Pharma Science Ltd	Healthcare	302.81	1.09	0.00	Apr25	12.51
Quant Small Cap Dir Gr	INF966L01689	Strides Pharma Science Ltd	Healthcare	302.81	1.09	0.00	May25	11.15
Quant Small Cap Dir Gr	INF966L01689	Strides Pharma Science Ltd	Healthcare	302.81	1.09	0.00	June25	10.18
Quant Small Cap Dir Gr	INF966L01689	Strides Pharma Science Ltd	Healthcare	302.81	1.09	0.00	July25	9.19
Quant Small Cap Dir Gr	INF966L01689	Strides Pharma Science Ltd	Healthcare	302.81	1.09	0.00	Aug25	8.13
Quant Small Cap Dir Gr	INF966L01689	Karnataka Bank Ltd	Financial Services	299.34	1.08	0.00	Oct24	5.55
Quant Small Cap Dir Gr	INF966L01689	Karnataka Bank Ltd	Financial Services	299.34	1.08	0.00	Nov24	7.52
Quant Small Cap Dir Gr	INF966L01689	Karnataka Bank Ltd	Financial Services	299.34	1.08	0.00	Dec24	3.56
Quant Small Cap Dir Gr	INF966L01689	Karnataka Bank Ltd	Financial Services	299.34	1.08	0.00	Jan25	5.32
Quant Small Cap Dir Gr	INF966L01689	Karnataka Bank Ltd	Financial Services	299.34	1.08	0.00	Feb25	5.59
Quant Small Cap Dir Gr	INF966L01689	Karnataka Bank Ltd	Financial Services	299.34	1.08	0.00	Mar25	15.51
Quant Small Cap Dir Gr	INF966L01689	Karnataka Bank Ltd	Financial Services	299.34	1.08	0.00	Mar25	15.51
Quant Small Cap Dir Gr	INF966L01689	Karnataka Bank Ltd	Financial Services	299.34	1.08	0.00	Apr25	12.51
Quant Small Cap Dir Gr	INF966L01689	Karnataka Bank Ltd	Financial Services	299.34	1.08	0.00	May25	11.15
Quant Small Cap Dir Gr	INF966L01689	Karnataka Bank Ltd	Financial Services	299.34	1.08	0.00	June25	10.18
Quant Small Cap Dir Gr	INF966L01689	Karnataka Bank Ltd	Financial Services	299.34	1.08	0.00	July25	9.19
Quant Small Cap Dir Gr	INF966L01689	Karnataka Bank Ltd	Financial Services	299.34	1.08	0.00	Aug25	8.13
Quant Small Cap Dir Gr	INF966L01689	Marathon Nextgen Realty Ltd	Real Estate	287.46	1.04	0.38	Oct24	5.55
Quant Small Cap Dir Gr	INF966L01689	Marathon Nextgen Realty Ltd	Real Estate	287.46	1.04	0.38	Nov24	7.52
Quant Small Cap Dir Gr	INF966L01689	Marathon Nextgen Realty Ltd	Real Estate	287.46	1.04	0.38	Dec24	3.56
Quant Small Cap Dir Gr	INF966L01689	Marathon Nextgen Realty Ltd	Real Estate	287.46	1.04	0.38	Jan25	5.32
Quant Small Cap Dir Gr	INF966L01689	Marathon Nextgen Realty Ltd	Real Estate	287.46	1.04	0.38	Feb25	5.59
Quant Small Cap Dir Gr	INF966L01689	Marathon Nextgen Realty Ltd	Real Estate	287.46	1.04	0.38	Mar25	15.51
Quant Small Cap Dir Gr	INF966L01689	Marathon Nextgen Realty Ltd	Real Estate	287.46	1.04	0.38	Mar25	15.51
Quant Small Cap Dir Gr	INF966L01689	Marathon Nextgen Realty Ltd	Real Estate	287.46	1.04	0.38	Apr25	12.51
Quant Small Cap Dir Gr	INF966L01689	Marathon Nextgen Realty Ltd	Real Estate	287.46	1.04	0.38	May25	11.15
Quant Small Cap Dir Gr	INF966L01689	Marathon Nextgen Realty Ltd	Real Estate	287.46	1.04	0.38	June25	10.18
Quant Small Cap Dir Gr	INF966L01689	Marathon Nextgen Realty Ltd	Real Estate	287.46	1.04	0.38	July25	9.19
Quant Small Cap Dir Gr	INF966L01689	Marathon Nextgen Realty Ltd	Real Estate	287.46	1.04	0.38	Aug25	8.13
Quant Small Cap Dir Gr	INF966L01689	NCC Ltd	Industrials	264.15	0.96	0.00	Oct24	5.55
Quant Small Cap Dir Gr	INF966L01689	NCC Ltd	Industrials	264.15	0.96	0.00	Nov24	7.52
Quant Small Cap Dir Gr	INF966L01689	NCC Ltd	Industrials	264.15	0.96	0.00	Dec24	3.56
Quant Small Cap Dir Gr	INF966L01689	NCC Ltd	Industrials	264.15	0.96	0.00	Jan25	5.32
Quant Small Cap Dir Gr	INF966L01689	NCC Ltd	Industrials	264.15	0.96	0.00	Feb25	5.59
Quant Small Cap Dir Gr	INF966L01689	NCC Ltd	Industrials	264.15	0.96	0.00	Mar25	15.51
Quant Small Cap Dir Gr	INF966L01689	NCC Ltd	Industrials	264.15	0.96	0.00	Mar25	15.51
Quant Small Cap Dir Gr	INF966L01689	NCC Ltd	Industrials	264.15	0.96	0.00	Apr25	12.51
Quant Small Cap Dir Gr	INF966L01689	NCC Ltd	Industrials	264.15	0.96	0.00	May25	11.15
Quant Small Cap Dir Gr	INF966L01689	NCC Ltd	Industrials	264.15	0.96	0.00	June25	10.18
Quant Small Cap Dir Gr	INF966L01689	NCC Ltd	Industrials	264.15	0.96	0.00	July25	9.19
Quant Small Cap Dir Gr	INF966L01689	NCC Ltd	Industrials	264.15	0.96	0.00	Aug25	8.13
Quant Small Cap Dir Gr	INF966L01689	Keystone Realtors Ltd	Real Estate	259.18	0.94	0.00	Oct24	5.55
Quant Small Cap Dir Gr	INF966L01689	Keystone Realtors Ltd	Real Estate	259.18	0.94	0.00	Nov24	7.52
Quant Small Cap Dir Gr	INF966L01689	Keystone Realtors Ltd	Real Estate	259.18	0.94	0.00	Dec24	3.56
Quant Small Cap Dir Gr	INF966L01689	Keystone Realtors Ltd	Real Estate	259.18	0.94	0.00	Jan25	5.32
Quant Small Cap Dir Gr	INF966L01689	Keystone Realtors Ltd	Real Estate	259.18	0.94	0.00	Feb25	5.59
Quant Small Cap Dir Gr	INF966L01689	Keystone Realtors Ltd	Real Estate	259.18	0.94	0.00	Mar25	15.51
Quant Small Cap Dir Gr	INF966L01689	Keystone Realtors Ltd	Real Estate	259.18	0.94	0.00	Mar25	15.51
Quant Small Cap Dir Gr	INF966L01689	Keystone Realtors Ltd	Real Estate	259.18	0.94	0.00	Apr25	12.51
Quant Small Cap Dir Gr	INF966L01689	Keystone Realtors Ltd	Real Estate	259.18	0.94	0.00	May25	11.15
Quant Small Cap Dir Gr	INF966L01689	Keystone Realtors Ltd	Real Estate	259.18	0.94	0.00	June25	10.18
Quant Small Cap Dir Gr	INF966L01689	Keystone Realtors Ltd	Real Estate	259.18	0.94	0.00	July25	9.19
Quant Small Cap Dir Gr	INF966L01689	Keystone Realtors Ltd	Real Estate	259.18	0.94	0.00	Aug25	8.13
Quant Small Cap Dir Gr	INF966L01689	Anthem Biosciences Ltd	Healthcare	258.27	0.93	0.00	Oct24	5.55
Quant Small Cap Dir Gr	INF966L01689	Anthem Biosciences Ltd	Healthcare	258.27	0.93	0.00	Nov24	7.52
Quant Small Cap Dir Gr	INF966L01689	Anthem Biosciences Ltd	Healthcare	258.27	0.93	0.00	Dec24	3.56
Quant Small Cap Dir Gr	INF966L01689	Anthem Biosciences Ltd	Healthcare	258.27	0.93	0.00	Jan25	5.32
Quant Small Cap Dir Gr	INF966L01689	Anthem Biosciences Ltd	Healthcare	258.27	0.93	0.00	Feb25	5.59
Quant Small Cap Dir Gr	INF966L01689	Anthem Biosciences Ltd	Healthcare	258.27	0.93	0.00	Mar25	15.51
Quant Small Cap Dir Gr	INF966L01689	Anthem Biosciences Ltd	Healthcare	258.27	0.93	0.00	Mar25	15.51
Quant Small Cap Dir Gr	INF966L01689	Anthem Biosciences Ltd	Healthcare	258.27	0.93	0.00	Apr25	12.51
Quant Small Cap Dir Gr	INF966L01689	Anthem Biosciences Ltd	Healthcare	258.27	0.93	0.00	May25	11.15
Quant Small Cap Dir Gr	INF966L01689	Anthem Biosciences Ltd	Healthcare	258.27	0.93	0.00	June25	10.18
Quant Small Cap Dir Gr	INF966L01689	Anthem Biosciences Ltd	Healthcare	258.27	0.93	0.00	July25	9.19
Quant Small Cap Dir Gr	INF966L01689	Anthem Biosciences Ltd	Healthcare	258.27	0.93	0.00	Aug25	8.13
Quant Small Cap Dir Gr	INF966L01689	Jubilant Pharmova Ltd	Healthcare	255.31	0.92	0.00	Oct24	5.55
Quant Small Cap Dir Gr	INF966L01689	Jubilant Pharmova Ltd	Healthcare	255.31	0.92	0.00	Nov24	7.52
Quant Small Cap Dir Gr	INF966L01689	Jubilant Pharmova Ltd	Healthcare	255.31	0.92	0.00	Dec24	3.56
Quant Small Cap Dir Gr	INF966L01689	Jubilant Pharmova Ltd	Healthcare	255.31	0.92	0.00	Jan25	5.32
Quant Small Cap Dir Gr	INF966L01689	Jubilant Pharmova Ltd	Healthcare	255.31	0.92	0.00	Feb25	5.59
Quant Small Cap Dir Gr	INF966L01689	Jubilant Pharmova Ltd	Healthcare	255.31	0.92	0.00	Mar25	15.51
Quant Small Cap Dir Gr	INF966L01689	Jubilant Pharmova Ltd	Healthcare	255.31	0.92	0.00	Mar25	15.51
Quant Small Cap Dir Gr	INF966L01689	Jubilant Pharmova Ltd	Healthcare	255.31	0.92	0.00	Apr25	12.51
Quant Small Cap Dir Gr	INF966L01689	Jubilant Pharmova Ltd	Healthcare	255.31	0.92	0.00	May25	11.15
Quant Small Cap Dir Gr	INF966L01689	Jubilant Pharmova Ltd	Healthcare	255.31	0.92	0.00	June25	10.18
Quant Small Cap Dir Gr	INF966L01689	Jubilant Pharmova Ltd	Healthcare	255.31	0.92	0.00	July25	9.19
Quant Small Cap Dir Gr	INF966L01689	Jubilant Pharmova Ltd	Healthcare	255.31	0.92	0.00	Aug25	8.13
Quant Small Cap Dir Gr	INF966L01689	Gland Pharma Ltd	Healthcare	250.79	0.91	0.00	Oct24	5.55
Quant Small Cap Dir Gr	INF966L01689	Gland Pharma Ltd	Healthcare	250.79	0.91	0.00	Nov24	7.52
Quant Small Cap Dir Gr	INF966L01689	Gland Pharma Ltd	Healthcare	250.79	0.91	0.00	Dec24	3.56
Quant Small Cap Dir Gr	INF966L01689	Gland Pharma Ltd	Healthcare	250.79	0.91	0.00	Jan25	5.32
Quant Small Cap Dir Gr	INF966L01689	Gland Pharma Ltd	Healthcare	250.79	0.91	0.00	Feb25	5.59
Quant Small Cap Dir Gr	INF966L01689	Gland Pharma Ltd	Healthcare	250.79	0.91	0.00	Mar25	15.51
Quant Small Cap Dir Gr	INF966L01689	Gland Pharma Ltd	Healthcare	250.79	0.91	0.00	Mar25	15.51
Quant Small Cap Dir Gr	INF966L01689	Gland Pharma Ltd	Healthcare	250.79	0.91	0.00	Apr25	12.51
Quant Small Cap Dir Gr	INF966L01689	Gland Pharma Ltd	Healthcare	250.79	0.91	0.00	May25	11.15
Quant Small Cap Dir Gr	INF966L01689	Gland Pharma Ltd	Healthcare	250.79	0.91	0.00	June25	10.18
Quant Small Cap Dir Gr	INF966L01689	Gland Pharma Ltd	Healthcare	250.79	0.91	0.00	July25	9.19
Quant Small Cap Dir Gr	INF966L01689	Gland Pharma Ltd	Healthcare	250.79	0.91	0.00	Aug25	8.13
Quant Small Cap Dir Gr	INF966L01689	E I D Parry India Ltd	Basic Materials	236.87	0.86	0.00	Oct24	5.55
Quant Small Cap Dir Gr	INF966L01689	E I D Parry India Ltd	Basic Materials	236.87	0.86	0.00	Nov24	7.52
Quant Small Cap Dir Gr	INF966L01689	E I D Parry India Ltd	Basic Materials	236.87	0.86	0.00	Dec24	3.56
Quant Small Cap Dir Gr	INF966L01689	E I D Parry India Ltd	Basic Materials	236.87	0.86	0.00	Jan25	5.32
Quant Small Cap Dir Gr	INF966L01689	E I D Parry India Ltd	Basic Materials	236.87	0.86	0.00	Feb25	5.59
Quant Small Cap Dir Gr	INF966L01689	E I D Parry India Ltd	Basic Materials	236.87	0.86	0.00	Mar25	15.51
Quant Small Cap Dir Gr	INF966L01689	E I D Parry India Ltd	Basic Materials	236.87	0.86	0.00	Mar25	15.51
Quant Small Cap Dir Gr	INF966L01689	E I D Parry India Ltd	Basic Materials	236.87	0.86	0.00	Apr25	12.51
Quant Small Cap Dir Gr	INF966L01689	E I D Parry India Ltd	Basic Materials	236.87	0.86	0.00	May25	11.15
Quant Small Cap Dir Gr	INF966L01689	E I D Parry India Ltd	Basic Materials	236.87	0.86	0.00	June25	10.18
Quant Small Cap Dir Gr	INF966L01689	E I D Parry India Ltd	Basic Materials	236.87	0.86	0.00	July25	9.19
Quant Small Cap Dir Gr	INF966L01689	E I D Parry India Ltd	Basic Materials	236.87	0.86	0.00	Aug25	8.13
Quant Small Cap Dir Gr	INF966L01689	Orchid Pharma Ltd	Healthcare	214.80	0.78	0.00	Oct24	5.55
Quant Small Cap Dir Gr	INF966L01689	Orchid Pharma Ltd	Healthcare	214.80	0.78	0.00	Nov24	7.52
Quant Small Cap Dir Gr	INF966L01689	Orchid Pharma Ltd	Healthcare	214.80	0.78	0.00	Dec24	3.56
Quant Small Cap Dir Gr	INF966L01689	Orchid Pharma Ltd	Healthcare	214.80	0.78	0.00	Jan25	5.32
Quant Small Cap Dir Gr	INF966L01689	Orchid Pharma Ltd	Healthcare	214.80	0.78	0.00	Feb25	5.59
Quant Small Cap Dir Gr	INF966L01689	Orchid Pharma Ltd	Healthcare	214.80	0.78	0.00	Mar25	15.51
Quant Small Cap Dir Gr	INF966L01689	Orchid Pharma Ltd	Healthcare	214.80	0.78	0.00	Mar25	15.51
Quant Small Cap Dir Gr	INF966L01689	Orchid Pharma Ltd	Healthcare	214.80	0.78	0.00	Apr25	12.51
Quant Small Cap Dir Gr	INF966L01689	Orchid Pharma Ltd	Healthcare	214.80	0.78	0.00	May25	11.15
Quant Small Cap Dir Gr	INF966L01689	Orchid Pharma Ltd	Healthcare	214.80	0.78	0.00	June25	10.18
Quant Small Cap Dir Gr	INF966L01689	Orchid Pharma Ltd	Healthcare	214.80	0.78	0.00	July25	9.19
Quant Small Cap Dir Gr	INF966L01689	Orchid Pharma Ltd	Healthcare	214.80	0.78	0.00	Aug25	8.13
Quant Small Cap Dir Gr	INF966L01689	JM Financial Ltd	Financial Services	213.51	0.77	0.00	Oct24	5.55
Quant Small Cap Dir Gr	INF966L01689	JM Financial Ltd	Financial Services	213.51	0.77	0.00	Nov24	7.52
Quant Small Cap Dir Gr	INF966L01689	JM Financial Ltd	Financial Services	213.51	0.77	0.00	Dec24	3.56
Quant Small Cap Dir Gr	INF966L01689	JM Financial Ltd	Financial Services	213.51	0.77	0.00	Jan25	5.32
Quant Small Cap Dir Gr	INF966L01689	JM Financial Ltd	Financial Services	213.51	0.77	0.00	Feb25	5.59
Quant Small Cap Dir Gr	INF966L01689	JM Financial Ltd	Financial Services	213.51	0.77	0.00	Mar25	15.51
Quant Small Cap Dir Gr	INF966L01689	JM Financial Ltd	Financial Services	213.51	0.77	0.00	Mar25	15.51
Quant Small Cap Dir Gr	INF966L01689	JM Financial Ltd	Financial Services	213.51	0.77	0.00	Apr25	12.51
Quant Small Cap Dir Gr	INF966L01689	JM Financial Ltd	Financial Services	213.51	0.77	0.00	May25	11.15
Quant Small Cap Dir Gr	INF966L01689	JM Financial Ltd	Financial Services	213.51	0.77	0.00	June25	10.18
Quant Small Cap Dir Gr	INF966L01689	JM Financial Ltd	Financial Services	213.51	0.77	0.00	July25	9.19
Quant Small Cap Dir Gr	INF966L01689	JM Financial Ltd	Financial Services	213.51	0.77	0.00	Aug25	8.13
Quant Small Cap Dir Gr	INF966L01689	Manappuram Finance Ltd	Financial Services	209.20	0.76		Oct24	5.55
Quant Small Cap Dir Gr	INF966L01689	Manappuram Finance Ltd	Financial Services	209.20	0.76		Nov24	7.52
Quant Small Cap Dir Gr	INF966L01689	Manappuram Finance Ltd	Financial Services	209.20	0.76		Dec24	3.56
Quant Small Cap Dir Gr	INF966L01689	Manappuram Finance Ltd	Financial Services	209.20	0.76		Jan25	5.32
Quant Small Cap Dir Gr	INF966L01689	Manappuram Finance Ltd	Financial Services	209.20	0.76		Feb25	5.59
Quant Small Cap Dir Gr	INF966L01689	Manappuram Finance Ltd	Financial Services	209.20	0.76		Mar25	15.51
Quant Small Cap Dir Gr	INF966L01689	Manappuram Finance Ltd	Financial Services	209.20	0.76		Mar25	15.51
Quant Small Cap Dir Gr	INF966L01689	Manappuram Finance Ltd	Financial Services	209.20	0.76		Apr25	12.51
Quant Small Cap Dir Gr	INF966L01689	Manappuram Finance Ltd	Financial Services	209.20	0.76		May25	11.15
Quant Small Cap Dir Gr	INF966L01689	Manappuram Finance Ltd	Financial Services	209.20	0.76		June25	10.18
Quant Small Cap Dir Gr	INF966L01689	Manappuram Finance Ltd	Financial Services	209.20	0.76		July25	9.19
Quant Small Cap Dir Gr	INF966L01689	Manappuram Finance Ltd	Financial Services	209.20	0.76		Aug25	8.13
Quant Small Cap Dir Gr	INF966L01689	Just Dial Ltd	Communication Services	207.28	0.75	0.00	Oct24	5.55
Quant Small Cap Dir Gr	INF966L01689	Just Dial Ltd	Communication Services	207.28	0.75	0.00	Nov24	7.52
Quant Small Cap Dir Gr	INF966L01689	Just Dial Ltd	Communication Services	207.28	0.75	0.00	Dec24	3.56
Quant Small Cap Dir Gr	INF966L01689	Just Dial Ltd	Communication Services	207.28	0.75	0.00	Jan25	5.32
Quant Small Cap Dir Gr	INF966L01689	Just Dial Ltd	Communication Services	207.28	0.75	0.00	Feb25	5.59
Quant Small Cap Dir Gr	INF966L01689	Just Dial Ltd	Communication Services	207.28	0.75	0.00	Mar25	15.51
Quant Small Cap Dir Gr	INF966L01689	Just Dial Ltd	Communication Services	207.28	0.75	0.00	Mar25	15.51
Quant Small Cap Dir Gr	INF966L01689	Just Dial Ltd	Communication Services	207.28	0.75	0.00	Apr25	12.51
Quant Small Cap Dir Gr	INF966L01689	Just Dial Ltd	Communication Services	207.28	0.75	0.00	May25	11.15
Quant Small Cap Dir Gr	INF966L01689	Just Dial Ltd	Communication Services	207.28	0.75	0.00	June25	10.18
Quant Small Cap Dir Gr	INF966L01689	Just Dial Ltd	Communication Services	207.28	0.75	0.00	July25	9.19
Quant Small Cap Dir Gr	INF966L01689	Just Dial Ltd	Communication Services	207.28	0.75	0.00	Aug25	8.13
Quant Small Cap Dir Gr	INF966L01689	Aurobindo Pharma Limited		197.12	0.71		Oct24	5.55
Quant Small Cap Dir Gr	INF966L01689	Aurobindo Pharma Limited		197.12	0.71		Nov24	7.52
Quant Small Cap Dir Gr	INF966L01689	Aurobindo Pharma Limited		197.12	0.71		Dec24	3.56
Quant Small Cap Dir Gr	INF966L01689	Aurobindo Pharma Limited		197.12	0.71		Jan25	5.32
Quant Small Cap Dir Gr	INF966L01689	Aurobindo Pharma Limited		197.12	0.71		Feb25	5.59
Quant Small Cap Dir Gr	INF966L01689	Aurobindo Pharma Limited		197.12	0.71		Mar25	15.51
Quant Small Cap Dir Gr	INF966L01689	Aurobindo Pharma Limited		197.12	0.71		Mar25	15.51
Quant Small Cap Dir Gr	INF966L01689	Aurobindo Pharma Limited		197.12	0.71		Apr25	12.51
Quant Small Cap Dir Gr	INF966L01689	Aurobindo Pharma Limited		197.12	0.71		May25	11.15
Quant Small Cap Dir Gr	INF966L01689	Aurobindo Pharma Limited		197.12	0.71		June25	10.18
Quant Small Cap Dir Gr	INF966L01689	Aurobindo Pharma Limited		197.12	0.71		July25	9.19
Quant Small Cap Dir Gr	INF966L01689	Aurobindo Pharma Limited		197.12	0.71		Aug25	8.13
Quant Small Cap Dir Gr	INF966L01689	Afcons Infrastructure Ltd	Industrials	194.03	0.70	0.00	Oct24	5.55
Quant Small Cap Dir Gr	INF966L01689	Afcons Infrastructure Ltd	Industrials	194.03	0.70	0.00	Nov24	7.52
Quant Small Cap Dir Gr	INF966L01689	Afcons Infrastructure Ltd	Industrials	194.03	0.70	0.00	Dec24	3.56
Quant Small Cap Dir Gr	INF966L01689	Afcons Infrastructure Ltd	Industrials	194.03	0.70	0.00	Jan25	5.32
Quant Small Cap Dir Gr	INF966L01689	Afcons Infrastructure Ltd	Industrials	194.03	0.70	0.00	Feb25	5.59
Quant Small Cap Dir Gr	INF966L01689	Afcons Infrastructure Ltd	Industrials	194.03	0.70	0.00	Mar25	15.51
Quant Small Cap Dir Gr	INF966L01689	Afcons Infrastructure Ltd	Industrials	194.03	0.70	0.00	Mar25	15.51
Quant Small Cap Dir Gr	INF966L01689	Afcons Infrastructure Ltd	Industrials	194.03	0.70	0.00	Apr25	12.51
Quant Small Cap Dir Gr	INF966L01689	Afcons Infrastructure Ltd	Industrials	194.03	0.70	0.00	May25	11.15
Quant Small Cap Dir Gr	INF966L01689	Afcons Infrastructure Ltd	Industrials	194.03	0.70	0.00	June25	10.18
Quant Small Cap Dir Gr	INF966L01689	Afcons Infrastructure Ltd	Industrials	194.03	0.70	0.00	July25	9.19
Quant Small Cap Dir Gr	INF966L01689	Afcons Infrastructure Ltd	Industrials	194.03	0.70	0.00	Aug25	8.13
Quant Small Cap Dir Gr	INF966L01689	Aarti Industries Ltd	Basic Materials	186.65	0.67	0.00	Oct24	5.55
Quant Small Cap Dir Gr	INF966L01689	Aarti Industries Ltd	Basic Materials	186.65	0.67	0.00	Nov24	7.52
Quant Small Cap Dir Gr	INF966L01689	Aarti Industries Ltd	Basic Materials	186.65	0.67	0.00	Dec24	3.56
Quant Small Cap Dir Gr	INF966L01689	Aarti Industries Ltd	Basic Materials	186.65	0.67	0.00	Jan25	5.32
Quant Small Cap Dir Gr	INF966L01689	Aarti Industries Ltd	Basic Materials	186.65	0.67	0.00	Feb25	5.59
Quant Small Cap Dir Gr	INF966L01689	Aarti Industries Ltd	Basic Materials	186.65	0.67	0.00	Mar25	15.51
Quant Small Cap Dir Gr	INF966L01689	Aarti Industries Ltd	Basic Materials	186.65	0.67	0.00	Mar25	15.51
Quant Small Cap Dir Gr	INF966L01689	Aarti Industries Ltd	Basic Materials	186.65	0.67	0.00	Apr25	12.51
Quant Small Cap Dir Gr	INF966L01689	Aarti Industries Ltd	Basic Materials	186.65	0.67	0.00	May25	11.15
Quant Small Cap Dir Gr	INF966L01689	Aarti Industries Ltd	Basic Materials	186.65	0.67	0.00	June25	10.18
Quant Small Cap Dir Gr	INF966L01689	Aarti Industries Ltd	Basic Materials	186.65	0.67	0.00	July25	9.19
Quant Small Cap Dir Gr	INF966L01689	Aarti Industries Ltd	Basic Materials	186.65	0.67	0.00	Aug25	8.13
Quant Small Cap Dir Gr	INF966L01689	EPL Ltd Ordinary Shares	Consumer Cyclical	171.47	0.62	0.00	Oct24	5.55
Quant Small Cap Dir Gr	INF966L01689	EPL Ltd Ordinary Shares	Consumer Cyclical	171.47	0.62	0.00	Nov24	7.52
Quant Small Cap Dir Gr	INF966L01689	EPL Ltd Ordinary Shares	Consumer Cyclical	171.47	0.62	0.00	Dec24	3.56
Quant Small Cap Dir Gr	INF966L01689	EPL Ltd Ordinary Shares	Consumer Cyclical	171.47	0.62	0.00	Jan25	5.32
Quant Small Cap Dir Gr	INF966L01689	EPL Ltd Ordinary Shares	Consumer Cyclical	171.47	0.62	0.00	Feb25	5.59
Quant Small Cap Dir Gr	INF966L01689	EPL Ltd Ordinary Shares	Consumer Cyclical	171.47	0.62	0.00	Mar25	15.51
Quant Small Cap Dir Gr	INF966L01689	EPL Ltd Ordinary Shares	Consumer Cyclical	171.47	0.62	0.00	Mar25	15.51
Quant Small Cap Dir Gr	INF966L01689	EPL Ltd Ordinary Shares	Consumer Cyclical	171.47	0.62	0.00	Apr25	12.51
Quant Small Cap Dir Gr	INF966L01689	EPL Ltd Ordinary Shares	Consumer Cyclical	171.47	0.62	0.00	May25	11.15
Quant Small Cap Dir Gr	INF966L01689	EPL Ltd Ordinary Shares	Consumer Cyclical	171.47	0.62	0.00	June25	10.18
Quant Small Cap Dir Gr	INF966L01689	EPL Ltd Ordinary Shares	Consumer Cyclical	171.47	0.62	0.00	July25	9.19
Quant Small Cap Dir Gr	INF966L01689	EPL Ltd Ordinary Shares	Consumer Cyclical	171.47	0.62	0.00	Aug25	8.13
Quant Small Cap Dir Gr	INF966L01689	HDFC Life Insurance Co Ltd	Financial Services	166.17	0.60	0.00	Oct24	5.55
Quant Small Cap Dir Gr	INF966L01689	HDFC Life Insurance Co Ltd	Financial Services	166.17	0.60	0.00	Nov24	7.52
Quant Small Cap Dir Gr	INF966L01689	HDFC Life Insurance Co Ltd	Financial Services	166.17	0.60	0.00	Dec24	3.56
Quant Small Cap Dir Gr	INF966L01689	HDFC Life Insurance Co Ltd	Financial Services	166.17	0.60	0.00	Jan25	5.32
Quant Small Cap Dir Gr	INF966L01689	HDFC Life Insurance Co Ltd	Financial Services	166.17	0.60	0.00	Feb25	5.59
Quant Small Cap Dir Gr	INF966L01689	HDFC Life Insurance Co Ltd	Financial Services	166.17	0.60	0.00	Mar25	15.51
Quant Small Cap Dir Gr	INF966L01689	HDFC Life Insurance Co Ltd	Financial Services	166.17	0.60	0.00	Mar25	15.51
Quant Small Cap Dir Gr	INF966L01689	HDFC Life Insurance Co Ltd	Financial Services	166.17	0.60	0.00	Apr25	12.51
Quant Small Cap Dir Gr	INF966L01689	HDFC Life Insurance Co Ltd	Financial Services	166.17	0.60	0.00	May25	11.15
Quant Small Cap Dir Gr	INF966L01689	HDFC Life Insurance Co Ltd	Financial Services	166.17	0.60	0.00	June25	10.18
Quant Small Cap Dir Gr	INF966L01689	HDFC Life Insurance Co Ltd	Financial Services	166.17	0.60	0.00	July25	9.19
Quant Small Cap Dir Gr	INF966L01689	HDFC Life Insurance Co Ltd	Financial Services	166.17	0.60	0.00	Aug25	8.13
Quant Small Cap Dir Gr	INF966L01689	Nca-Net Current Assets		-166.03	0.60		Oct24	5.55
Quant Small Cap Dir Gr	INF966L01689	Nca-Net Current Assets		-166.03	0.60		Nov24	7.52
Quant Small Cap Dir Gr	INF966L01689	Nca-Net Current Assets		-166.03	0.60		Dec24	3.56
Quant Small Cap Dir Gr	INF966L01689	Nca-Net Current Assets		-166.03	0.60		Jan25	5.32
Quant Small Cap Dir Gr	INF966L01689	Nca-Net Current Assets		-166.03	0.60		Feb25	5.59
Quant Small Cap Dir Gr	INF966L01689	Nca-Net Current Assets		-166.03	0.60		Mar25	15.51
Quant Small Cap Dir Gr	INF966L01689	Nca-Net Current Assets		-166.03	0.60		Mar25	15.51
Quant Small Cap Dir Gr	INF966L01689	Nca-Net Current Assets		-166.03	0.60		Apr25	12.51
Quant Small Cap Dir Gr	INF966L01689	Nca-Net Current Assets		-166.03	0.60		May25	11.15
Quant Small Cap Dir Gr	INF966L01689	Nca-Net Current Assets		-166.03	0.60		June25	10.18
Quant Small Cap Dir Gr	INF966L01689	Nca-Net Current Assets		-166.03	0.60		July25	9.19
Quant Small Cap Dir Gr	INF966L01689	Nca-Net Current Assets		-166.03	0.60		Aug25	8.13
Quant Small Cap Dir Gr	INF966L01689	Alivus Life Sciences Ltd	Healthcare	159.16	0.58	0.00	Oct24	5.55
Quant Small Cap Dir Gr	INF966L01689	Alivus Life Sciences Ltd	Healthcare	159.16	0.58	0.00	Nov24	7.52
Quant Small Cap Dir Gr	INF966L01689	Alivus Life Sciences Ltd	Healthcare	159.16	0.58	0.00	Dec24	3.56
Quant Small Cap Dir Gr	INF966L01689	Alivus Life Sciences Ltd	Healthcare	159.16	0.58	0.00	Jan25	5.32
Quant Small Cap Dir Gr	INF966L01689	Alivus Life Sciences Ltd	Healthcare	159.16	0.58	0.00	Feb25	5.59
Quant Small Cap Dir Gr	INF966L01689	Alivus Life Sciences Ltd	Healthcare	159.16	0.58	0.00	Mar25	15.51
Quant Small Cap Dir Gr	INF966L01689	Alivus Life Sciences Ltd	Healthcare	159.16	0.58	0.00	Mar25	15.51
Quant Small Cap Dir Gr	INF966L01689	Alivus Life Sciences Ltd	Healthcare	159.16	0.58	0.00	Apr25	12.51
Quant Small Cap Dir Gr	INF966L01689	Alivus Life Sciences Ltd	Healthcare	159.16	0.58	0.00	May25	11.15
Quant Small Cap Dir Gr	INF966L01689	Alivus Life Sciences Ltd	Healthcare	159.16	0.58	0.00	June25	10.18
Quant Small Cap Dir Gr	INF966L01689	Alivus Life Sciences Ltd	Healthcare	159.16	0.58	0.00	July25	9.19
Quant Small Cap Dir Gr	INF966L01689	Alivus Life Sciences Ltd	Healthcare	159.16	0.58	0.00	Aug25	8.13
Quant Small Cap Dir Gr	INF966L01689	IRB Infrastructure Developers Ltd	Industrials	152.90	0.55	0.00	Oct24	5.55
Quant Small Cap Dir Gr	INF966L01689	IRB Infrastructure Developers Ltd	Industrials	152.90	0.55	0.00	Nov24	7.52
Quant Small Cap Dir Gr	INF966L01689	IRB Infrastructure Developers Ltd	Industrials	152.90	0.55	0.00	Dec24	3.56
Quant Small Cap Dir Gr	INF966L01689	IRB Infrastructure Developers Ltd	Industrials	152.90	0.55	0.00	Jan25	5.32
Quant Small Cap Dir Gr	INF966L01689	IRB Infrastructure Developers Ltd	Industrials	152.90	0.55	0.00	Feb25	5.59
Quant Small Cap Dir Gr	INF966L01689	IRB Infrastructure Developers Ltd	Industrials	152.90	0.55	0.00	Mar25	15.51
Quant Small Cap Dir Gr	INF966L01689	IRB Infrastructure Developers Ltd	Industrials	152.90	0.55	0.00	Mar25	15.51
Quant Small Cap Dir Gr	INF966L01689	IRB Infrastructure Developers Ltd	Industrials	152.90	0.55	0.00	Apr25	12.51
Quant Small Cap Dir Gr	INF966L01689	IRB Infrastructure Developers Ltd	Industrials	152.90	0.55	0.00	May25	11.15
Quant Small Cap Dir Gr	INF966L01689	IRB Infrastructure Developers Ltd	Industrials	152.90	0.55	0.00	June25	10.18
Quant Small Cap Dir Gr	INF966L01689	IRB Infrastructure Developers Ltd	Industrials	152.90	0.55	0.00	July25	9.19
Quant Small Cap Dir Gr	INF966L01689	IRB Infrastructure Developers Ltd	Industrials	152.90	0.55	0.00	Aug25	8.13
Quant Small Cap Dir Gr	INF966L01689	Welspun Living Ltd	Consumer Cyclical	151.92	0.55	0.00	Oct24	5.55
Quant Small Cap Dir Gr	INF966L01689	Welspun Living Ltd	Consumer Cyclical	151.92	0.55	0.00	Nov24	7.52
Quant Small Cap Dir Gr	INF966L01689	Welspun Living Ltd	Consumer Cyclical	151.92	0.55	0.00	Dec24	3.56
Quant Small Cap Dir Gr	INF966L01689	Welspun Living Ltd	Consumer Cyclical	151.92	0.55	0.00	Jan25	5.32
Quant Small Cap Dir Gr	INF966L01689	Welspun Living Ltd	Consumer Cyclical	151.92	0.55	0.00	Feb25	5.59
Quant Small Cap Dir Gr	INF966L01689	Welspun Living Ltd	Consumer Cyclical	151.92	0.55	0.00	Mar25	15.51
Quant Small Cap Dir Gr	INF966L01689	Welspun Living Ltd	Consumer Cyclical	151.92	0.55	0.00	Mar25	15.51
Quant Small Cap Dir Gr	INF966L01689	Welspun Living Ltd	Consumer Cyclical	151.92	0.55	0.00	Apr25	12.51
Quant Small Cap Dir Gr	INF966L01689	Welspun Living Ltd	Consumer Cyclical	151.92	0.55	0.00	May25	11.15
Quant Small Cap Dir Gr	INF966L01689	Welspun Living Ltd	Consumer Cyclical	151.92	0.55	0.00	June25	10.18
Quant Small Cap Dir Gr	INF966L01689	Welspun Living Ltd	Consumer Cyclical	151.92	0.55	0.00	July25	9.19
Quant Small Cap Dir Gr	INF966L01689	Welspun Living Ltd	Consumer Cyclical	151.92	0.55	0.00	Aug25	8.13
Quant Small Cap Dir Gr	INF966L01689	TVS Srichakra Ltd	Consumer Cyclical	148.52	0.54	0.00	Oct24	5.55
Quant Small Cap Dir Gr	INF966L01689	TVS Srichakra Ltd	Consumer Cyclical	148.52	0.54	0.00	Nov24	7.52
Quant Small Cap Dir Gr	INF966L01689	TVS Srichakra Ltd	Consumer Cyclical	148.52	0.54	0.00	Dec24	3.56
Quant Small Cap Dir Gr	INF966L01689	TVS Srichakra Ltd	Consumer Cyclical	148.52	0.54	0.00	Jan25	5.32
Quant Small Cap Dir Gr	INF966L01689	TVS Srichakra Ltd	Consumer Cyclical	148.52	0.54	0.00	Feb25	5.59
Quant Small Cap Dir Gr	INF966L01689	TVS Srichakra Ltd	Consumer Cyclical	148.52	0.54	0.00	Mar25	15.51
Quant Small Cap Dir Gr	INF966L01689	TVS Srichakra Ltd	Consumer Cyclical	148.52	0.54	0.00	Mar25	15.51
Quant Small Cap Dir Gr	INF966L01689	TVS Srichakra Ltd	Consumer Cyclical	148.52	0.54	0.00	Apr25	12.51
Quant Small Cap Dir Gr	INF966L01689	TVS Srichakra Ltd	Consumer Cyclical	148.52	0.54	0.00	May25	11.15
Quant Small Cap Dir Gr	INF966L01689	TVS Srichakra Ltd	Consumer Cyclical	148.52	0.54	0.00	June25	10.18
Quant Small Cap Dir Gr	INF966L01689	TVS Srichakra Ltd	Consumer Cyclical	148.52	0.54	0.00	July25	9.19
Quant Small Cap Dir Gr	INF966L01689	TVS Srichakra Ltd	Consumer Cyclical	148.52	0.54	0.00	Aug25	8.13
Quant Small Cap Dir Gr	INF966L01689	Black Box Ltd	Technology	138.01	0.50	41.04	Oct24	5.55
Quant Small Cap Dir Gr	INF966L01689	Black Box Ltd	Technology	138.01	0.50	41.04	Nov24	7.52
Quant Small Cap Dir Gr	INF966L01689	Black Box Ltd	Technology	138.01	0.50	41.04	Dec24	3.56
Quant Small Cap Dir Gr	INF966L01689	Black Box Ltd	Technology	138.01	0.50	41.04	Jan25	5.32
Quant Small Cap Dir Gr	INF966L01689	Black Box Ltd	Technology	138.01	0.50	41.04	Feb25	5.59
Quant Small Cap Dir Gr	INF966L01689	Black Box Ltd	Technology	138.01	0.50	41.04	Mar25	15.51
Quant Small Cap Dir Gr	INF966L01689	Black Box Ltd	Technology	138.01	0.50	41.04	Mar25	15.51
Quant Small Cap Dir Gr	INF966L01689	Black Box Ltd	Technology	138.01	0.50	41.04	Apr25	12.51
Quant Small Cap Dir Gr	INF966L01689	Black Box Ltd	Technology	138.01	0.50	41.04	May25	11.15
Quant Small Cap Dir Gr	INF966L01689	Black Box Ltd	Technology	138.01	0.50	41.04	June25	10.18
Quant Small Cap Dir Gr	INF966L01689	Black Box Ltd	Technology	138.01	0.50	41.04	July25	9.19
Quant Small Cap Dir Gr	INF966L01689	Black Box Ltd	Technology	138.01	0.50	41.04	Aug25	8.13
Quant Small Cap Dir Gr	INF966L01689	Apeejay Surrendra Park Hotels Ltd	Consumer Cyclical	133.37	0.48	0.00	Oct24	5.55
Quant Small Cap Dir Gr	INF966L01689	Apeejay Surrendra Park Hotels Ltd	Consumer Cyclical	133.37	0.48	0.00	Nov24	7.52
Quant Small Cap Dir Gr	INF966L01689	Apeejay Surrendra Park Hotels Ltd	Consumer Cyclical	133.37	0.48	0.00	Dec24	3.56
Quant Small Cap Dir Gr	INF966L01689	Apeejay Surrendra Park Hotels Ltd	Consumer Cyclical	133.37	0.48	0.00	Jan25	5.32
Quant Small Cap Dir Gr	INF966L01689	Apeejay Surrendra Park Hotels Ltd	Consumer Cyclical	133.37	0.48	0.00	Feb25	5.59
Quant Small Cap Dir Gr	INF966L01689	Apeejay Surrendra Park Hotels Ltd	Consumer Cyclical	133.37	0.48	0.00	Mar25	15.51
Quant Small Cap Dir Gr	INF966L01689	Apeejay Surrendra Park Hotels Ltd	Consumer Cyclical	133.37	0.48	0.00	Mar25	15.51
Quant Small Cap Dir Gr	INF966L01689	Apeejay Surrendra Park Hotels Ltd	Consumer Cyclical	133.37	0.48	0.00	Apr25	12.51
Quant Small Cap Dir Gr	INF966L01689	Apeejay Surrendra Park Hotels Ltd	Consumer Cyclical	133.37	0.48	0.00	May25	11.15
Quant Small Cap Dir Gr	INF966L01689	Apeejay Surrendra Park Hotels Ltd	Consumer Cyclical	133.37	0.48	0.00	June25	10.18
Quant Small Cap Dir Gr	INF966L01689	Apeejay Surrendra Park Hotels Ltd	Consumer Cyclical	133.37	0.48	0.00	July25	9.19
Quant Small Cap Dir Gr	INF966L01689	Apeejay Surrendra Park Hotels Ltd	Consumer Cyclical	133.37	0.48	0.00	Aug25	8.13
Quant Small Cap Dir Gr	INF966L01689	Juniper Hotels Ltd	Consumer Cyclical	130.55	0.47	0.00	Oct24	5.55
Quant Small Cap Dir Gr	INF966L01689	Juniper Hotels Ltd	Consumer Cyclical	130.55	0.47	0.00	Nov24	7.52
Quant Small Cap Dir Gr	INF966L01689	Juniper Hotels Ltd	Consumer Cyclical	130.55	0.47	0.00	Dec24	3.56
Quant Small Cap Dir Gr	INF966L01689	Juniper Hotels Ltd	Consumer Cyclical	130.55	0.47	0.00	Jan25	5.32
Quant Small Cap Dir Gr	INF966L01689	Juniper Hotels Ltd	Consumer Cyclical	130.55	0.47	0.00	Feb25	5.59
Quant Small Cap Dir Gr	INF966L01689	Juniper Hotels Ltd	Consumer Cyclical	130.55	0.47	0.00	Mar25	15.51
Quant Small Cap Dir Gr	INF966L01689	Juniper Hotels Ltd	Consumer Cyclical	130.55	0.47	0.00	Mar25	15.51
Quant Small Cap Dir Gr	INF966L01689	Juniper Hotels Ltd	Consumer Cyclical	130.55	0.47	0.00	Apr25	12.51
Quant Small Cap Dir Gr	INF966L01689	Juniper Hotels Ltd	Consumer Cyclical	130.55	0.47	0.00	May25	11.15
Quant Small Cap Dir Gr	INF966L01689	Juniper Hotels Ltd	Consumer Cyclical	130.55	0.47	0.00	June25	10.18
Quant Small Cap Dir Gr	INF966L01689	Juniper Hotels Ltd	Consumer Cyclical	130.55	0.47	0.00	July25	9.19
Quant Small Cap Dir Gr	INF966L01689	Juniper Hotels Ltd	Consumer Cyclical	130.55	0.47	0.00	Aug25	8.13
Quant Small Cap Dir Gr	INF966L01689	Gujarat State Fertilizers & Chemicals Ltd	Basic Materials	129.36	0.47	0.00	Oct24	5.55
Quant Small Cap Dir Gr	INF966L01689	Gujarat State Fertilizers & Chemicals Ltd	Basic Materials	129.36	0.47	0.00	Nov24	7.52
Quant Small Cap Dir Gr	INF966L01689	Gujarat State Fertilizers & Chemicals Ltd	Basic Materials	129.36	0.47	0.00	Dec24	3.56
Quant Small Cap Dir Gr	INF966L01689	Gujarat State Fertilizers & Chemicals Ltd	Basic Materials	129.36	0.47	0.00	Jan25	5.32
Quant Small Cap Dir Gr	INF966L01689	Gujarat State Fertilizers & Chemicals Ltd	Basic Materials	129.36	0.47	0.00	Feb25	5.59
Quant Small Cap Dir Gr	INF966L01689	Gujarat State Fertilizers & Chemicals Ltd	Basic Materials	129.36	0.47	0.00	Mar25	15.51
Quant Small Cap Dir Gr	INF966L01689	Gujarat State Fertilizers & Chemicals Ltd	Basic Materials	129.36	0.47	0.00	Mar25	15.51
Quant Small Cap Dir Gr	INF966L01689	Gujarat State Fertilizers & Chemicals Ltd	Basic Materials	129.36	0.47	0.00	Apr25	12.51
Quant Small Cap Dir Gr	INF966L01689	Gujarat State Fertilizers & Chemicals Ltd	Basic Materials	129.36	0.47	0.00	May25	11.15
Quant Small Cap Dir Gr	INF966L01689	Gujarat State Fertilizers & Chemicals Ltd	Basic Materials	129.36	0.47	0.00	June25	10.18
Quant Small Cap Dir Gr	INF966L01689	Gujarat State Fertilizers & Chemicals Ltd	Basic Materials	129.36	0.47	0.00	July25	9.19
Quant Small Cap Dir Gr	INF966L01689	Gujarat State Fertilizers & Chemicals Ltd	Basic Materials	129.36	0.47	0.00	Aug25	8.13
Quant Small Cap Dir Gr	INF966L01689	HDFC Bank Ltd	Financial Services	123.87	0.45	0.00	Oct24	5.55
Quant Small Cap Dir Gr	INF966L01689	HDFC Bank Ltd	Financial Services	123.87	0.45	0.00	Nov24	7.52
Quant Small Cap Dir Gr	INF966L01689	HDFC Bank Ltd	Financial Services	123.87	0.45	0.00	Dec24	3.56
Quant Small Cap Dir Gr	INF966L01689	HDFC Bank Ltd	Financial Services	123.87	0.45	0.00	Jan25	5.32
Quant Small Cap Dir Gr	INF966L01689	HDFC Bank Ltd	Financial Services	123.87	0.45	0.00	Feb25	5.59
Quant Small Cap Dir Gr	INF966L01689	HDFC Bank Ltd	Financial Services	123.87	0.45	0.00	Mar25	15.51
Quant Small Cap Dir Gr	INF966L01689	HDFC Bank Ltd	Financial Services	123.87	0.45	0.00	Mar25	15.51
Quant Small Cap Dir Gr	INF966L01689	HDFC Bank Ltd	Financial Services	123.87	0.45	0.00	Apr25	12.51
Quant Small Cap Dir Gr	INF966L01689	HDFC Bank Ltd	Financial Services	123.87	0.45	0.00	May25	11.15
Quant Small Cap Dir Gr	INF966L01689	HDFC Bank Ltd	Financial Services	123.87	0.45	0.00	June25	10.18
Quant Small Cap Dir Gr	INF966L01689	HDFC Bank Ltd	Financial Services	123.87	0.45	0.00	July25	9.19
Quant Small Cap Dir Gr	INF966L01689	HDFC Bank Ltd	Financial Services	123.87	0.45	0.00	Aug25	8.13
Quant Small Cap Dir Gr	INF966L01689	Aditya Birla Fashion and Retail Ltd	Consumer Cyclical	121.02	0.44	0.00	Oct24	5.55
Quant Small Cap Dir Gr	INF966L01689	Aditya Birla Fashion and Retail Ltd	Consumer Cyclical	121.02	0.44	0.00	Nov24	7.52
Quant Small Cap Dir Gr	INF966L01689	Aditya Birla Fashion and Retail Ltd	Consumer Cyclical	121.02	0.44	0.00	Dec24	3.56
Quant Small Cap Dir Gr	INF966L01689	Aditya Birla Fashion and Retail Ltd	Consumer Cyclical	121.02	0.44	0.00	Jan25	5.32
Quant Small Cap Dir Gr	INF966L01689	Aditya Birla Fashion and Retail Ltd	Consumer Cyclical	121.02	0.44	0.00	Feb25	5.59
Quant Small Cap Dir Gr	INF966L01689	Aditya Birla Fashion and Retail Ltd	Consumer Cyclical	121.02	0.44	0.00	Mar25	15.51
Quant Small Cap Dir Gr	INF966L01689	Aditya Birla Fashion and Retail Ltd	Consumer Cyclical	121.02	0.44	0.00	Mar25	15.51
Quant Small Cap Dir Gr	INF966L01689	Aditya Birla Fashion and Retail Ltd	Consumer Cyclical	121.02	0.44	0.00	Apr25	12.51
Quant Small Cap Dir Gr	INF966L01689	Aditya Birla Fashion and Retail Ltd	Consumer Cyclical	121.02	0.44	0.00	May25	11.15
Quant Small Cap Dir Gr	INF966L01689	Aditya Birla Fashion and Retail Ltd	Consumer Cyclical	121.02	0.44	0.00	June25	10.18
Quant Small Cap Dir Gr	INF966L01689	Aditya Birla Fashion and Retail Ltd	Consumer Cyclical	121.02	0.44	0.00	July25	9.19
Quant Small Cap Dir Gr	INF966L01689	Aditya Birla Fashion and Retail Ltd	Consumer Cyclical	121.02	0.44	0.00	Aug25	8.13
Quant Small Cap Dir Gr	INF966L01689	K.P.R. Mill Ltd	Consumer Cyclical	118.13	0.43	0.00	Oct24	5.55
Quant Small Cap Dir Gr	INF966L01689	K.P.R. Mill Ltd	Consumer Cyclical	118.13	0.43	0.00	Nov24	7.52
Quant Small Cap Dir Gr	INF966L01689	K.P.R. Mill Ltd	Consumer Cyclical	118.13	0.43	0.00	Dec24	3.56
Quant Small Cap Dir Gr	INF966L01689	K.P.R. Mill Ltd	Consumer Cyclical	118.13	0.43	0.00	Jan25	5.32
Quant Small Cap Dir Gr	INF966L01689	K.P.R. Mill Ltd	Consumer Cyclical	118.13	0.43	0.00	Feb25	5.59
Quant Small Cap Dir Gr	INF966L01689	K.P.R. Mill Ltd	Consumer Cyclical	118.13	0.43	0.00	Mar25	15.51
Quant Small Cap Dir Gr	INF966L01689	K.P.R. Mill Ltd	Consumer Cyclical	118.13	0.43	0.00	Mar25	15.51
Quant Small Cap Dir Gr	INF966L01689	K.P.R. Mill Ltd	Consumer Cyclical	118.13	0.43	0.00	Apr25	12.51
Quant Small Cap Dir Gr	INF966L01689	K.P.R. Mill Ltd	Consumer Cyclical	118.13	0.43	0.00	May25	11.15
Quant Small Cap Dir Gr	INF966L01689	K.P.R. Mill Ltd	Consumer Cyclical	118.13	0.43	0.00	June25	10.18
Quant Small Cap Dir Gr	INF966L01689	K.P.R. Mill Ltd	Consumer Cyclical	118.13	0.43	0.00	July25	9.19
Quant Small Cap Dir Gr	INF966L01689	K.P.R. Mill Ltd	Consumer Cyclical	118.13	0.43	0.00	Aug25	8.13
Quant Small Cap Dir Gr	INF966L01689	Aurobindo Pharma Ltd	Healthcare	109.84	0.40		Oct24	5.55
Quant Small Cap Dir Gr	INF966L01689	Aurobindo Pharma Ltd	Healthcare	109.84	0.40		Nov24	7.52
Quant Small Cap Dir Gr	INF966L01689	Aurobindo Pharma Ltd	Healthcare	109.84	0.40		Dec24	3.56
Quant Small Cap Dir Gr	INF966L01689	Aurobindo Pharma Ltd	Healthcare	109.84	0.40		Jan25	5.32
Quant Small Cap Dir Gr	INF966L01689	Aurobindo Pharma Ltd	Healthcare	109.84	0.40		Feb25	5.59
Quant Small Cap Dir Gr	INF966L01689	Aurobindo Pharma Ltd	Healthcare	109.84	0.40		Mar25	15.51
Quant Small Cap Dir Gr	INF966L01689	Aurobindo Pharma Ltd	Healthcare	109.84	0.40		Mar25	15.51
Quant Small Cap Dir Gr	INF966L01689	Aurobindo Pharma Ltd	Healthcare	109.84	0.40		Apr25	12.51
Quant Small Cap Dir Gr	INF966L01689	Aurobindo Pharma Ltd	Healthcare	109.84	0.40		May25	11.15
Quant Small Cap Dir Gr	INF966L01689	Aurobindo Pharma Ltd	Healthcare	109.84	0.40		June25	10.18
Quant Small Cap Dir Gr	INF966L01689	Aurobindo Pharma Ltd	Healthcare	109.84	0.40		July25	9.19
Quant Small Cap Dir Gr	INF966L01689	Aurobindo Pharma Ltd	Healthcare	109.84	0.40		Aug25	8.13
Quant Small Cap Dir Gr	INF966L01689	Nitin Spinners Ltd	Consumer Cyclical	103.64	0.37	0.00	Oct24	5.55
Quant Small Cap Dir Gr	INF966L01689	Nitin Spinners Ltd	Consumer Cyclical	103.64	0.37	0.00	Nov24	7.52
Quant Small Cap Dir Gr	INF966L01689	Nitin Spinners Ltd	Consumer Cyclical	103.64	0.37	0.00	Dec24	3.56
Quant Small Cap Dir Gr	INF966L01689	Nitin Spinners Ltd	Consumer Cyclical	103.64	0.37	0.00	Jan25	5.32
Quant Small Cap Dir Gr	INF966L01689	Nitin Spinners Ltd	Consumer Cyclical	103.64	0.37	0.00	Feb25	5.59
Quant Small Cap Dir Gr	INF966L01689	Nitin Spinners Ltd	Consumer Cyclical	103.64	0.37	0.00	Mar25	15.51
Quant Small Cap Dir Gr	INF966L01689	Nitin Spinners Ltd	Consumer Cyclical	103.64	0.37	0.00	Mar25	15.51
Quant Small Cap Dir Gr	INF966L01689	Nitin Spinners Ltd	Consumer Cyclical	103.64	0.37	0.00	Apr25	12.51
Quant Small Cap Dir Gr	INF966L01689	Nitin Spinners Ltd	Consumer Cyclical	103.64	0.37	0.00	May25	11.15
Quant Small Cap Dir Gr	INF966L01689	Nitin Spinners Ltd	Consumer Cyclical	103.64	0.37	0.00	June25	10.18
Quant Small Cap Dir Gr	INF966L01689	Nitin Spinners Ltd	Consumer Cyclical	103.64	0.37	0.00	July25	9.19
Quant Small Cap Dir Gr	INF966L01689	Nitin Spinners Ltd	Consumer Cyclical	103.64	0.37	0.00	Aug25	8.13
Quant Small Cap Dir Gr	INF966L01689	Balrampur Chini Mills Ltd	Consumer Defensive	89.44	0.32	0.00	Oct24	5.55
Quant Small Cap Dir Gr	INF966L01689	Balrampur Chini Mills Ltd	Consumer Defensive	89.44	0.32	0.00	Nov24	7.52
Quant Small Cap Dir Gr	INF966L01689	Balrampur Chini Mills Ltd	Consumer Defensive	89.44	0.32	0.00	Dec24	3.56
Quant Small Cap Dir Gr	INF966L01689	Balrampur Chini Mills Ltd	Consumer Defensive	89.44	0.32	0.00	Jan25	5.32
Quant Small Cap Dir Gr	INF966L01689	Balrampur Chini Mills Ltd	Consumer Defensive	89.44	0.32	0.00	Feb25	5.59
Quant Small Cap Dir Gr	INF966L01689	Balrampur Chini Mills Ltd	Consumer Defensive	89.44	0.32	0.00	Mar25	15.51
Quant Small Cap Dir Gr	INF966L01689	Balrampur Chini Mills Ltd	Consumer Defensive	89.44	0.32	0.00	Mar25	15.51
Quant Small Cap Dir Gr	INF966L01689	Balrampur Chini Mills Ltd	Consumer Defensive	89.44	0.32	0.00	Apr25	12.51
Quant Small Cap Dir Gr	INF966L01689	Balrampur Chini Mills Ltd	Consumer Defensive	89.44	0.32	0.00	May25	11.15
Quant Small Cap Dir Gr	INF966L01689	Balrampur Chini Mills Ltd	Consumer Defensive	89.44	0.32	0.00	June25	10.18
Quant Small Cap Dir Gr	INF966L01689	Balrampur Chini Mills Ltd	Consumer Defensive	89.44	0.32	0.00	July25	9.19
Quant Small Cap Dir Gr	INF966L01689	Balrampur Chini Mills Ltd	Consumer Defensive	89.44	0.32	0.00	Aug25	8.13
Quant Small Cap Dir Gr	INF966L01689	Aptus Value Housing Finance India Ltd	Financial Services	89.04	0.32	0.00	Oct24	5.55
Quant Small Cap Dir Gr	INF966L01689	Aptus Value Housing Finance India Ltd	Financial Services	89.04	0.32	0.00	Nov24	7.52
Quant Small Cap Dir Gr	INF966L01689	Aptus Value Housing Finance India Ltd	Financial Services	89.04	0.32	0.00	Dec24	3.56
Quant Small Cap Dir Gr	INF966L01689	Aptus Value Housing Finance India Ltd	Financial Services	89.04	0.32	0.00	Jan25	5.32
Quant Small Cap Dir Gr	INF966L01689	Aptus Value Housing Finance India Ltd	Financial Services	89.04	0.32	0.00	Feb25	5.59
Quant Small Cap Dir Gr	INF966L01689	Aptus Value Housing Finance India Ltd	Financial Services	89.04	0.32	0.00	Mar25	15.51
Quant Small Cap Dir Gr	INF966L01689	Aptus Value Housing Finance India Ltd	Financial Services	89.04	0.32	0.00	Mar25	15.51
Quant Small Cap Dir Gr	INF966L01689	Aptus Value Housing Finance India Ltd	Financial Services	89.04	0.32	0.00	Apr25	12.51
Quant Small Cap Dir Gr	INF966L01689	Aptus Value Housing Finance India Ltd	Financial Services	89.04	0.32	0.00	May25	11.15
Quant Small Cap Dir Gr	INF966L01689	Aptus Value Housing Finance India Ltd	Financial Services	89.04	0.32	0.00	June25	10.18
Quant Small Cap Dir Gr	INF966L01689	Aptus Value Housing Finance India Ltd	Financial Services	89.04	0.32	0.00	July25	9.19
Quant Small Cap Dir Gr	INF966L01689	Aptus Value Housing Finance India Ltd	Financial Services	89.04	0.32	0.00	Aug25	8.13
Quant Small Cap Dir Gr	INF966L01689	Indoco Remedies Ltd	Healthcare	84.94	0.31	0.00	Oct24	5.55
Quant Small Cap Dir Gr	INF966L01689	Indoco Remedies Ltd	Healthcare	84.94	0.31	0.00	Nov24	7.52
Quant Small Cap Dir Gr	INF966L01689	Indoco Remedies Ltd	Healthcare	84.94	0.31	0.00	Dec24	3.56
Quant Small Cap Dir Gr	INF966L01689	Indoco Remedies Ltd	Healthcare	84.94	0.31	0.00	Jan25	5.32
Quant Small Cap Dir Gr	INF966L01689	Indoco Remedies Ltd	Healthcare	84.94	0.31	0.00	Feb25	5.59
Quant Small Cap Dir Gr	INF966L01689	Indoco Remedies Ltd	Healthcare	84.94	0.31	0.00	Mar25	15.51
Quant Small Cap Dir Gr	INF966L01689	Indoco Remedies Ltd	Healthcare	84.94	0.31	0.00	Mar25	15.51
Quant Small Cap Dir Gr	INF966L01689	Indoco Remedies Ltd	Healthcare	84.94	0.31	0.00	Apr25	12.51
Quant Small Cap Dir Gr	INF966L01689	Indoco Remedies Ltd	Healthcare	84.94	0.31	0.00	May25	11.15
Quant Small Cap Dir Gr	INF966L01689	Indoco Remedies Ltd	Healthcare	84.94	0.31	0.00	June25	10.18
Quant Small Cap Dir Gr	INF966L01689	Indoco Remedies Ltd	Healthcare	84.94	0.31	0.00	July25	9.19
Quant Small Cap Dir Gr	INF966L01689	Indoco Remedies Ltd	Healthcare	84.94	0.31	0.00	Aug25	8.13
Quant Small Cap Dir Gr	INF966L01689	Rishabh Instruments Ltd	Technology	79.23	0.29	0.00	Oct24	5.55
Quant Small Cap Dir Gr	INF966L01689	Rishabh Instruments Ltd	Technology	79.23	0.29	0.00	Nov24	7.52
Quant Small Cap Dir Gr	INF966L01689	Rishabh Instruments Ltd	Technology	79.23	0.29	0.00	Dec24	3.56
Quant Small Cap Dir Gr	INF966L01689	Rishabh Instruments Ltd	Technology	79.23	0.29	0.00	Jan25	5.32
Quant Small Cap Dir Gr	INF966L01689	Rishabh Instruments Ltd	Technology	79.23	0.29	0.00	Feb25	5.59
Quant Small Cap Dir Gr	INF966L01689	Rishabh Instruments Ltd	Technology	79.23	0.29	0.00	Mar25	15.51
Quant Small Cap Dir Gr	INF966L01689	Rishabh Instruments Ltd	Technology	79.23	0.29	0.00	Mar25	15.51
Quant Small Cap Dir Gr	INF966L01689	Rishabh Instruments Ltd	Technology	79.23	0.29	0.00	Apr25	12.51
Quant Small Cap Dir Gr	INF966L01689	Rishabh Instruments Ltd	Technology	79.23	0.29	0.00	May25	11.15
Quant Small Cap Dir Gr	INF966L01689	Rishabh Instruments Ltd	Technology	79.23	0.29	0.00	June25	10.18
Quant Small Cap Dir Gr	INF966L01689	Rishabh Instruments Ltd	Technology	79.23	0.29	0.00	July25	9.19
Quant Small Cap Dir Gr	INF966L01689	Rishabh Instruments Ltd	Technology	79.23	0.29	0.00	Aug25	8.13
Quant Small Cap Dir Gr	INF966L01689	National Building Construction Corp		76.50	0.28		Oct24	5.55
Quant Small Cap Dir Gr	INF966L01689	National Building Construction Corp		76.50	0.28		Nov24	7.52
Quant Small Cap Dir Gr	INF966L01689	National Building Construction Corp		76.50	0.28		Dec24	3.56
Quant Small Cap Dir Gr	INF966L01689	National Building Construction Corp		76.50	0.28		Jan25	5.32
Quant Small Cap Dir Gr	INF966L01689	National Building Construction Corp		76.50	0.28		Feb25	5.59
Quant Small Cap Dir Gr	INF966L01689	National Building Construction Corp		76.50	0.28		Mar25	15.51
Quant Small Cap Dir Gr	INF966L01689	National Building Construction Corp		76.50	0.28		Mar25	15.51
Quant Small Cap Dir Gr	INF966L01689	National Building Construction Corp		76.50	0.28		Apr25	12.51
Quant Small Cap Dir Gr	INF966L01689	National Building Construction Corp		76.50	0.28		May25	11.15
Quant Small Cap Dir Gr	INF966L01689	National Building Construction Corp		76.50	0.28		June25	10.18
Quant Small Cap Dir Gr	INF966L01689	National Building Construction Corp		76.50	0.28		July25	9.19
Quant Small Cap Dir Gr	INF966L01689	National Building Construction Corp		76.50	0.28		Aug25	8.13
Quant Small Cap Dir Gr	INF966L01689	Maharashtra Seamless Ltd	Basic Materials	73.09	0.26	0.00	Oct24	5.55
Quant Small Cap Dir Gr	INF966L01689	Maharashtra Seamless Ltd	Basic Materials	73.09	0.26	0.00	Nov24	7.52
Quant Small Cap Dir Gr	INF966L01689	Maharashtra Seamless Ltd	Basic Materials	73.09	0.26	0.00	Dec24	3.56
Quant Small Cap Dir Gr	INF966L01689	Maharashtra Seamless Ltd	Basic Materials	73.09	0.26	0.00	Jan25	5.32
Quant Small Cap Dir Gr	INF966L01689	Maharashtra Seamless Ltd	Basic Materials	73.09	0.26	0.00	Feb25	5.59
Quant Small Cap Dir Gr	INF966L01689	Maharashtra Seamless Ltd	Basic Materials	73.09	0.26	0.00	Mar25	15.51
Quant Small Cap Dir Gr	INF966L01689	Maharashtra Seamless Ltd	Basic Materials	73.09	0.26	0.00	Mar25	15.51
Quant Small Cap Dir Gr	INF966L01689	Maharashtra Seamless Ltd	Basic Materials	73.09	0.26	0.00	Apr25	12.51
Quant Small Cap Dir Gr	INF966L01689	Maharashtra Seamless Ltd	Basic Materials	73.09	0.26	0.00	May25	11.15
Quant Small Cap Dir Gr	INF966L01689	Maharashtra Seamless Ltd	Basic Materials	73.09	0.26	0.00	June25	10.18
Quant Small Cap Dir Gr	INF966L01689	Maharashtra Seamless Ltd	Basic Materials	73.09	0.26	0.00	July25	9.19
Quant Small Cap Dir Gr	INF966L01689	Maharashtra Seamless Ltd	Basic Materials	73.09	0.26	0.00	Aug25	8.13
Quant Small Cap Dir Gr	INF966L01689	Sula Vineyards Ltd	Consumer Defensive	71.78	0.26	0.00	Oct24	5.55
Quant Small Cap Dir Gr	INF966L01689	Sula Vineyards Ltd	Consumer Defensive	71.78	0.26	0.00	Nov24	7.52
Quant Small Cap Dir Gr	INF966L01689	Sula Vineyards Ltd	Consumer Defensive	71.78	0.26	0.00	Dec24	3.56
Quant Small Cap Dir Gr	INF966L01689	Sula Vineyards Ltd	Consumer Defensive	71.78	0.26	0.00	Jan25	5.32
Quant Small Cap Dir Gr	INF966L01689	Sula Vineyards Ltd	Consumer Defensive	71.78	0.26	0.00	Feb25	5.59
Quant Small Cap Dir Gr	INF966L01689	Sula Vineyards Ltd	Consumer Defensive	71.78	0.26	0.00	Mar25	15.51
Quant Small Cap Dir Gr	INF966L01689	Sula Vineyards Ltd	Consumer Defensive	71.78	0.26	0.00	Mar25	15.51
Quant Small Cap Dir Gr	INF966L01689	Sula Vineyards Ltd	Consumer Defensive	71.78	0.26	0.00	Apr25	12.51
Quant Small Cap Dir Gr	INF966L01689	Sula Vineyards Ltd	Consumer Defensive	71.78	0.26	0.00	May25	11.15
Quant Small Cap Dir Gr	INF966L01689	Sula Vineyards Ltd	Consumer Defensive	71.78	0.26	0.00	June25	10.18
Quant Small Cap Dir Gr	INF966L01689	Sula Vineyards Ltd	Consumer Defensive	71.78	0.26	0.00	July25	9.19
Quant Small Cap Dir Gr	INF966L01689	Sula Vineyards Ltd	Consumer Defensive	71.78	0.26	0.00	Aug25	8.13
Quant Small Cap Dir Gr	INF966L01689	SMS Pharmaceuticals Ltd	Healthcare	71.63	0.26	0.00	Oct24	5.55
Quant Small Cap Dir Gr	INF966L01689	SMS Pharmaceuticals Ltd	Healthcare	71.63	0.26	0.00	Nov24	7.52
Quant Small Cap Dir Gr	INF966L01689	SMS Pharmaceuticals Ltd	Healthcare	71.63	0.26	0.00	Dec24	3.56
Quant Small Cap Dir Gr	INF966L01689	SMS Pharmaceuticals Ltd	Healthcare	71.63	0.26	0.00	Jan25	5.32
Quant Small Cap Dir Gr	INF966L01689	SMS Pharmaceuticals Ltd	Healthcare	71.63	0.26	0.00	Feb25	5.59
Quant Small Cap Dir Gr	INF966L01689	SMS Pharmaceuticals Ltd	Healthcare	71.63	0.26	0.00	Mar25	15.51
Quant Small Cap Dir Gr	INF966L01689	SMS Pharmaceuticals Ltd	Healthcare	71.63	0.26	0.00	Mar25	15.51
Quant Small Cap Dir Gr	INF966L01689	SMS Pharmaceuticals Ltd	Healthcare	71.63	0.26	0.00	Apr25	12.51
Quant Small Cap Dir Gr	INF966L01689	SMS Pharmaceuticals Ltd	Healthcare	71.63	0.26	0.00	May25	11.15
Quant Small Cap Dir Gr	INF966L01689	SMS Pharmaceuticals Ltd	Healthcare	71.63	0.26	0.00	June25	10.18
Quant Small Cap Dir Gr	INF966L01689	SMS Pharmaceuticals Ltd	Healthcare	71.63	0.26	0.00	July25	9.19
Quant Small Cap Dir Gr	INF966L01689	SMS Pharmaceuticals Ltd	Healthcare	71.63	0.26	0.00	Aug25	8.13
Quant Small Cap Dir Gr	INF966L01689	Bata India Ltd	Consumer Cyclical	69.09	0.25	0.00	Oct24	5.55
Quant Small Cap Dir Gr	INF966L01689	Bata India Ltd	Consumer Cyclical	69.09	0.25	0.00	Nov24	7.52
Quant Small Cap Dir Gr	INF966L01689	Bata India Ltd	Consumer Cyclical	69.09	0.25	0.00	Dec24	3.56
Quant Small Cap Dir Gr	INF966L01689	Bata India Ltd	Consumer Cyclical	69.09	0.25	0.00	Jan25	5.32
Quant Small Cap Dir Gr	INF966L01689	Bata India Ltd	Consumer Cyclical	69.09	0.25	0.00	Feb25	5.59
Quant Small Cap Dir Gr	INF966L01689	Bata India Ltd	Consumer Cyclical	69.09	0.25	0.00	Mar25	15.51
Quant Small Cap Dir Gr	INF966L01689	Bata India Ltd	Consumer Cyclical	69.09	0.25	0.00	Mar25	15.51
Quant Small Cap Dir Gr	INF966L01689	Bata India Ltd	Consumer Cyclical	69.09	0.25	0.00	Apr25	12.51
Quant Small Cap Dir Gr	INF966L01689	Bata India Ltd	Consumer Cyclical	69.09	0.25	0.00	May25	11.15
Quant Small Cap Dir Gr	INF966L01689	Bata India Ltd	Consumer Cyclical	69.09	0.25	0.00	June25	10.18
Quant Small Cap Dir Gr	INF966L01689	Bata India Ltd	Consumer Cyclical	69.09	0.25	0.00	July25	9.19
Quant Small Cap Dir Gr	INF966L01689	Bata India Ltd	Consumer Cyclical	69.09	0.25	0.00	Aug25	8.13
Quant Small Cap Dir Gr	INF966L01689	Suven Life Sciences Ltd	Healthcare	68.67	0.25	0.00	Oct24	5.55
Quant Small Cap Dir Gr	INF966L01689	Suven Life Sciences Ltd	Healthcare	68.67	0.25	0.00	Nov24	7.52
Quant Small Cap Dir Gr	INF966L01689	Suven Life Sciences Ltd	Healthcare	68.67	0.25	0.00	Dec24	3.56
Quant Small Cap Dir Gr	INF966L01689	Suven Life Sciences Ltd	Healthcare	68.67	0.25	0.00	Jan25	5.32
Quant Small Cap Dir Gr	INF966L01689	Suven Life Sciences Ltd	Healthcare	68.67	0.25	0.00	Feb25	5.59
Quant Small Cap Dir Gr	INF966L01689	Suven Life Sciences Ltd	Healthcare	68.67	0.25	0.00	Mar25	15.51
Quant Small Cap Dir Gr	INF966L01689	Suven Life Sciences Ltd	Healthcare	68.67	0.25	0.00	Mar25	15.51
Quant Small Cap Dir Gr	INF966L01689	Suven Life Sciences Ltd	Healthcare	68.67	0.25	0.00	Apr25	12.51
Quant Small Cap Dir Gr	INF966L01689	Suven Life Sciences Ltd	Healthcare	68.67	0.25	0.00	May25	11.15
Quant Small Cap Dir Gr	INF966L01689	Suven Life Sciences Ltd	Healthcare	68.67	0.25	0.00	June25	10.18
Quant Small Cap Dir Gr	INF966L01689	Suven Life Sciences Ltd	Healthcare	68.67	0.25	0.00	July25	9.19
Quant Small Cap Dir Gr	INF966L01689	Suven Life Sciences Ltd	Healthcare	68.67	0.25	0.00	Aug25	8.13
Quant Small Cap Dir Gr	INF966L01689	Man Infraconstruction Ltd	Industrials	64.12	0.23	0.00	Oct24	5.55
Quant Small Cap Dir Gr	INF966L01689	Man Infraconstruction Ltd	Industrials	64.12	0.23	0.00	Nov24	7.52
Quant Small Cap Dir Gr	INF966L01689	Man Infraconstruction Ltd	Industrials	64.12	0.23	0.00	Dec24	3.56
Quant Small Cap Dir Gr	INF966L01689	Man Infraconstruction Ltd	Industrials	64.12	0.23	0.00	Jan25	5.32
Quant Small Cap Dir Gr	INF966L01689	Man Infraconstruction Ltd	Industrials	64.12	0.23	0.00	Feb25	5.59
Quant Small Cap Dir Gr	INF966L01689	Man Infraconstruction Ltd	Industrials	64.12	0.23	0.00	Mar25	15.51
Quant Small Cap Dir Gr	INF966L01689	Man Infraconstruction Ltd	Industrials	64.12	0.23	0.00	Mar25	15.51
Quant Small Cap Dir Gr	INF966L01689	Man Infraconstruction Ltd	Industrials	64.12	0.23	0.00	Apr25	12.51
Quant Small Cap Dir Gr	INF966L01689	Man Infraconstruction Ltd	Industrials	64.12	0.23	0.00	May25	11.15
Quant Small Cap Dir Gr	INF966L01689	Man Infraconstruction Ltd	Industrials	64.12	0.23	0.00	June25	10.18
Quant Small Cap Dir Gr	INF966L01689	Man Infraconstruction Ltd	Industrials	64.12	0.23	0.00	July25	9.19
Quant Small Cap Dir Gr	INF966L01689	Man Infraconstruction Ltd	Industrials	64.12	0.23	0.00	Aug25	8.13
Quant Small Cap Dir Gr	INF966L01689	Castrol India Ltd	Energy	57.96	0.21	0.00	Oct24	5.55
Quant Small Cap Dir Gr	INF966L01689	Castrol India Ltd	Energy	57.96	0.21	0.00	Nov24	7.52
Quant Small Cap Dir Gr	INF966L01689	Castrol India Ltd	Energy	57.96	0.21	0.00	Dec24	3.56
Quant Small Cap Dir Gr	INF966L01689	Castrol India Ltd	Energy	57.96	0.21	0.00	Jan25	5.32
Quant Small Cap Dir Gr	INF966L01689	Castrol India Ltd	Energy	57.96	0.21	0.00	Feb25	5.59
Quant Small Cap Dir Gr	INF966L01689	Castrol India Ltd	Energy	57.96	0.21	0.00	Mar25	15.51
Quant Small Cap Dir Gr	INF966L01689	Castrol India Ltd	Energy	57.96	0.21	0.00	Mar25	15.51
Quant Small Cap Dir Gr	INF966L01689	Castrol India Ltd	Energy	57.96	0.21	0.00	Apr25	12.51
Quant Small Cap Dir Gr	INF966L01689	Castrol India Ltd	Energy	57.96	0.21	0.00	May25	11.15
Quant Small Cap Dir Gr	INF966L01689	Castrol India Ltd	Energy	57.96	0.21	0.00	June25	10.18
Quant Small Cap Dir Gr	INF966L01689	Castrol India Ltd	Energy	57.96	0.21	0.00	July25	9.19
Quant Small Cap Dir Gr	INF966L01689	Castrol India Ltd	Energy	57.96	0.21	0.00	Aug25	8.13
Quant Small Cap Dir Gr	INF966L01689	S.P. Apparels Ltd	Consumer Cyclical	56.96	0.21	0.00	Oct24	5.55
Quant Small Cap Dir Gr	INF966L01689	S.P. Apparels Ltd	Consumer Cyclical	56.96	0.21	0.00	Nov24	7.52
Quant Small Cap Dir Gr	INF966L01689	S.P. Apparels Ltd	Consumer Cyclical	56.96	0.21	0.00	Dec24	3.56
Quant Small Cap Dir Gr	INF966L01689	S.P. Apparels Ltd	Consumer Cyclical	56.96	0.21	0.00	Jan25	5.32
Quant Small Cap Dir Gr	INF966L01689	S.P. Apparels Ltd	Consumer Cyclical	56.96	0.21	0.00	Feb25	5.59
Quant Small Cap Dir Gr	INF966L01689	S.P. Apparels Ltd	Consumer Cyclical	56.96	0.21	0.00	Mar25	15.51
Quant Small Cap Dir Gr	INF966L01689	S.P. Apparels Ltd	Consumer Cyclical	56.96	0.21	0.00	Mar25	15.51
Quant Small Cap Dir Gr	INF966L01689	S.P. Apparels Ltd	Consumer Cyclical	56.96	0.21	0.00	Apr25	12.51
Quant Small Cap Dir Gr	INF966L01689	S.P. Apparels Ltd	Consumer Cyclical	56.96	0.21	0.00	May25	11.15
Quant Small Cap Dir Gr	INF966L01689	S.P. Apparels Ltd	Consumer Cyclical	56.96	0.21	0.00	June25	10.18
Quant Small Cap Dir Gr	INF966L01689	S.P. Apparels Ltd	Consumer Cyclical	56.96	0.21	0.00	July25	9.19
Quant Small Cap Dir Gr	INF966L01689	S.P. Apparels Ltd	Consumer Cyclical	56.96	0.21	0.00	Aug25	8.13
Quant Small Cap Dir Gr	INF966L01689	Himadri Speciality Chemical Ltd	Basic Materials	55.45	0.20	0.00	Oct24	5.55
Quant Small Cap Dir Gr	INF966L01689	Himadri Speciality Chemical Ltd	Basic Materials	55.45	0.20	0.00	Nov24	7.52
Quant Small Cap Dir Gr	INF966L01689	Himadri Speciality Chemical Ltd	Basic Materials	55.45	0.20	0.00	Dec24	3.56
Quant Small Cap Dir Gr	INF966L01689	Himadri Speciality Chemical Ltd	Basic Materials	55.45	0.20	0.00	Jan25	5.32
Quant Small Cap Dir Gr	INF966L01689	Himadri Speciality Chemical Ltd	Basic Materials	55.45	0.20	0.00	Feb25	5.59
Quant Small Cap Dir Gr	INF966L01689	Himadri Speciality Chemical Ltd	Basic Materials	55.45	0.20	0.00	Mar25	15.51
Quant Small Cap Dir Gr	INF966L01689	Himadri Speciality Chemical Ltd	Basic Materials	55.45	0.20	0.00	Mar25	15.51
Quant Small Cap Dir Gr	INF966L01689	Himadri Speciality Chemical Ltd	Basic Materials	55.45	0.20	0.00	Apr25	12.51
Quant Small Cap Dir Gr	INF966L01689	Himadri Speciality Chemical Ltd	Basic Materials	55.45	0.20	0.00	May25	11.15
Quant Small Cap Dir Gr	INF966L01689	Himadri Speciality Chemical Ltd	Basic Materials	55.45	0.20	0.00	June25	10.18
Quant Small Cap Dir Gr	INF966L01689	Himadri Speciality Chemical Ltd	Basic Materials	55.45	0.20	0.00	July25	9.19
Quant Small Cap Dir Gr	INF966L01689	Himadri Speciality Chemical Ltd	Basic Materials	55.45	0.20	0.00	Aug25	8.13
Quant Small Cap Dir Gr	INF966L01689	Vinati Organics Ltd	Basic Materials	53.32	0.19	0.00	Oct24	5.55
Quant Small Cap Dir Gr	INF966L01689	Vinati Organics Ltd	Basic Materials	53.32	0.19	0.00	Nov24	7.52
Quant Small Cap Dir Gr	INF966L01689	Vinati Organics Ltd	Basic Materials	53.32	0.19	0.00	Dec24	3.56
Quant Small Cap Dir Gr	INF966L01689	Vinati Organics Ltd	Basic Materials	53.32	0.19	0.00	Jan25	5.32
Quant Small Cap Dir Gr	INF966L01689	Vinati Organics Ltd	Basic Materials	53.32	0.19	0.00	Feb25	5.59
Quant Small Cap Dir Gr	INF966L01689	Vinati Organics Ltd	Basic Materials	53.32	0.19	0.00	Mar25	15.51
Quant Small Cap Dir Gr	INF966L01689	Vinati Organics Ltd	Basic Materials	53.32	0.19	0.00	Mar25	15.51
Quant Small Cap Dir Gr	INF966L01689	Vinati Organics Ltd	Basic Materials	53.32	0.19	0.00	Apr25	12.51
Quant Small Cap Dir Gr	INF966L01689	Vinati Organics Ltd	Basic Materials	53.32	0.19	0.00	May25	11.15
Quant Small Cap Dir Gr	INF966L01689	Vinati Organics Ltd	Basic Materials	53.32	0.19	0.00	June25	10.18
Quant Small Cap Dir Gr	INF966L01689	Vinati Organics Ltd	Basic Materials	53.32	0.19	0.00	July25	9.19
Quant Small Cap Dir Gr	INF966L01689	Vinati Organics Ltd	Basic Materials	53.32	0.19	0.00	Aug25	8.13
Quant Small Cap Dir Gr	INF966L01689	Adani Enterprises Ltd Ordinary Shares (Partly Paid Rs.0.75)	Energy	50.70	0.18		Oct24	5.55
Quant Small Cap Dir Gr	INF966L01689	Adani Enterprises Ltd Ordinary Shares (Partly Paid Rs.0.75)	Energy	50.70	0.18		Nov24	7.52
Quant Small Cap Dir Gr	INF966L01689	Adani Enterprises Ltd Ordinary Shares (Partly Paid Rs.0.75)	Energy	50.70	0.18		Dec24	3.56
Quant Small Cap Dir Gr	INF966L01689	Adani Enterprises Ltd Ordinary Shares (Partly Paid Rs.0.75)	Energy	50.70	0.18		Jan25	5.32
Quant Small Cap Dir Gr	INF966L01689	Adani Enterprises Ltd Ordinary Shares (Partly Paid Rs.0.75)	Energy	50.70	0.18		Feb25	5.59
Quant Small Cap Dir Gr	INF966L01689	Adani Enterprises Ltd Ordinary Shares (Partly Paid Rs.0.75)	Energy	50.70	0.18		Mar25	15.51
Quant Small Cap Dir Gr	INF966L01689	Adani Enterprises Ltd Ordinary Shares (Partly Paid Rs.0.75)	Energy	50.70	0.18		Mar25	15.51
Quant Small Cap Dir Gr	INF966L01689	Adani Enterprises Ltd Ordinary Shares (Partly Paid Rs.0.75)	Energy	50.70	0.18		Apr25	12.51
Quant Small Cap Dir Gr	INF966L01689	Adani Enterprises Ltd Ordinary Shares (Partly Paid Rs.0.75)	Energy	50.70	0.18		May25	11.15
Quant Small Cap Dir Gr	INF966L01689	Adani Enterprises Ltd Ordinary Shares (Partly Paid Rs.0.75)	Energy	50.70	0.18		June25	10.18
Quant Small Cap Dir Gr	INF966L01689	Adani Enterprises Ltd Ordinary Shares (Partly Paid Rs.0.75)	Energy	50.70	0.18		July25	9.19
Quant Small Cap Dir Gr	INF966L01689	Adani Enterprises Ltd Ordinary Shares (Partly Paid Rs.0.75)	Energy	50.70	0.18		Aug25	8.13
Quant Small Cap Dir Gr	INF966L01689	Capacit'e Infraprojects Ltd	Industrials	49.21	0.18	0.00	Oct24	5.55
Quant Small Cap Dir Gr	INF966L01689	Capacit'e Infraprojects Ltd	Industrials	49.21	0.18	0.00	Nov24	7.52
Quant Small Cap Dir Gr	INF966L01689	Capacit'e Infraprojects Ltd	Industrials	49.21	0.18	0.00	Dec24	3.56
Quant Small Cap Dir Gr	INF966L01689	Capacit'e Infraprojects Ltd	Industrials	49.21	0.18	0.00	Jan25	5.32
Quant Small Cap Dir Gr	INF966L01689	Capacit'e Infraprojects Ltd	Industrials	49.21	0.18	0.00	Feb25	5.59
Quant Small Cap Dir Gr	INF966L01689	Capacit'e Infraprojects Ltd	Industrials	49.21	0.18	0.00	Mar25	15.51
Quant Small Cap Dir Gr	INF966L01689	Capacit'e Infraprojects Ltd	Industrials	49.21	0.18	0.00	Mar25	15.51
Quant Small Cap Dir Gr	INF966L01689	Capacit'e Infraprojects Ltd	Industrials	49.21	0.18	0.00	Apr25	12.51
Quant Small Cap Dir Gr	INF966L01689	Capacit'e Infraprojects Ltd	Industrials	49.21	0.18	0.00	May25	11.15
Quant Small Cap Dir Gr	INF966L01689	Capacit'e Infraprojects Ltd	Industrials	49.21	0.18	0.00	June25	10.18
Quant Small Cap Dir Gr	INF966L01689	Capacit'e Infraprojects Ltd	Industrials	49.21	0.18	0.00	July25	9.19
Quant Small Cap Dir Gr	INF966L01689	Capacit'e Infraprojects Ltd	Industrials	49.21	0.18	0.00	Aug25	8.13
Quant Small Cap Dir Gr	INF966L01689	Embassy Developments Ltd	Real Estate	48.10	0.17	0.00	Oct24	5.55
Quant Small Cap Dir Gr	INF966L01689	Embassy Developments Ltd	Real Estate	48.10	0.17	0.00	Nov24	7.52
Quant Small Cap Dir Gr	INF966L01689	Embassy Developments Ltd	Real Estate	48.10	0.17	0.00	Dec24	3.56
Quant Small Cap Dir Gr	INF966L01689	Embassy Developments Ltd	Real Estate	48.10	0.17	0.00	Jan25	5.32
Quant Small Cap Dir Gr	INF966L01689	Embassy Developments Ltd	Real Estate	48.10	0.17	0.00	Feb25	5.59
Quant Small Cap Dir Gr	INF966L01689	Embassy Developments Ltd	Real Estate	48.10	0.17	0.00	Mar25	15.51
Quant Small Cap Dir Gr	INF966L01689	Embassy Developments Ltd	Real Estate	48.10	0.17	0.00	Mar25	15.51
Quant Small Cap Dir Gr	INF966L01689	Embassy Developments Ltd	Real Estate	48.10	0.17	0.00	Apr25	12.51
Quant Small Cap Dir Gr	INF966L01689	Embassy Developments Ltd	Real Estate	48.10	0.17	0.00	May25	11.15
Quant Small Cap Dir Gr	INF966L01689	Embassy Developments Ltd	Real Estate	48.10	0.17	0.00	June25	10.18
Quant Small Cap Dir Gr	INF966L01689	Embassy Developments Ltd	Real Estate	48.10	0.17	0.00	July25	9.19
Quant Small Cap Dir Gr	INF966L01689	Embassy Developments Ltd	Real Estate	48.10	0.17	0.00	Aug25	8.13
Quant Small Cap Dir Gr	INF966L01689	Oswal Pumps Ltd	Industrials	46.27	0.17	0.00	Oct24	5.55
Quant Small Cap Dir Gr	INF966L01689	Oswal Pumps Ltd	Industrials	46.27	0.17	0.00	Nov24	7.52
Quant Small Cap Dir Gr	INF966L01689	Oswal Pumps Ltd	Industrials	46.27	0.17	0.00	Dec24	3.56
Quant Small Cap Dir Gr	INF966L01689	Oswal Pumps Ltd	Industrials	46.27	0.17	0.00	Jan25	5.32
Quant Small Cap Dir Gr	INF966L01689	Oswal Pumps Ltd	Industrials	46.27	0.17	0.00	Feb25	5.59
Quant Small Cap Dir Gr	INF966L01689	Oswal Pumps Ltd	Industrials	46.27	0.17	0.00	Mar25	15.51
Quant Small Cap Dir Gr	INF966L01689	Oswal Pumps Ltd	Industrials	46.27	0.17	0.00	Mar25	15.51
Quant Small Cap Dir Gr	INF966L01689	Oswal Pumps Ltd	Industrials	46.27	0.17	0.00	Apr25	12.51
Quant Small Cap Dir Gr	INF966L01689	Oswal Pumps Ltd	Industrials	46.27	0.17	0.00	May25	11.15
Quant Small Cap Dir Gr	INF966L01689	Oswal Pumps Ltd	Industrials	46.27	0.17	0.00	June25	10.18
Quant Small Cap Dir Gr	INF966L01689	Oswal Pumps Ltd	Industrials	46.27	0.17	0.00	July25	9.19
Quant Small Cap Dir Gr	INF966L01689	Oswal Pumps Ltd	Industrials	46.27	0.17	0.00	Aug25	8.13
Quant Small Cap Dir Gr	INF966L01689	Prime Securities Ltd	Financial Services	45.61	0.16	0.00	Oct24	5.55
Quant Small Cap Dir Gr	INF966L01689	Prime Securities Ltd	Financial Services	45.61	0.16	0.00	Nov24	7.52
Quant Small Cap Dir Gr	INF966L01689	Prime Securities Ltd	Financial Services	45.61	0.16	0.00	Dec24	3.56
Quant Small Cap Dir Gr	INF966L01689	Prime Securities Ltd	Financial Services	45.61	0.16	0.00	Jan25	5.32
Quant Small Cap Dir Gr	INF966L01689	Prime Securities Ltd	Financial Services	45.61	0.16	0.00	Feb25	5.59
Quant Small Cap Dir Gr	INF966L01689	Prime Securities Ltd	Financial Services	45.61	0.16	0.00	Mar25	15.51
Quant Small Cap Dir Gr	INF966L01689	Prime Securities Ltd	Financial Services	45.61	0.16	0.00	Mar25	15.51
Quant Small Cap Dir Gr	INF966L01689	Prime Securities Ltd	Financial Services	45.61	0.16	0.00	Apr25	12.51
Quant Small Cap Dir Gr	INF966L01689	Prime Securities Ltd	Financial Services	45.61	0.16	0.00	May25	11.15
Quant Small Cap Dir Gr	INF966L01689	Prime Securities Ltd	Financial Services	45.61	0.16	0.00	June25	10.18
Quant Small Cap Dir Gr	INF966L01689	Prime Securities Ltd	Financial Services	45.61	0.16	0.00	July25	9.19
Quant Small Cap Dir Gr	INF966L01689	Prime Securities Ltd	Financial Services	45.61	0.16	0.00	Aug25	8.13
Quant Small Cap Dir Gr	INF966L01689	The Orissa Minerals Development Co Ltd	Basic Materials	44.16	0.16	0.00	Oct24	5.55
Quant Small Cap Dir Gr	INF966L01689	The Orissa Minerals Development Co Ltd	Basic Materials	44.16	0.16	0.00	Nov24	7.52
Quant Small Cap Dir Gr	INF966L01689	The Orissa Minerals Development Co Ltd	Basic Materials	44.16	0.16	0.00	Dec24	3.56
Quant Small Cap Dir Gr	INF966L01689	The Orissa Minerals Development Co Ltd	Basic Materials	44.16	0.16	0.00	Jan25	5.32
Quant Small Cap Dir Gr	INF966L01689	The Orissa Minerals Development Co Ltd	Basic Materials	44.16	0.16	0.00	Feb25	5.59
Quant Small Cap Dir Gr	INF966L01689	The Orissa Minerals Development Co Ltd	Basic Materials	44.16	0.16	0.00	Mar25	15.51
Quant Small Cap Dir Gr	INF966L01689	The Orissa Minerals Development Co Ltd	Basic Materials	44.16	0.16	0.00	Mar25	15.51
Quant Small Cap Dir Gr	INF966L01689	The Orissa Minerals Development Co Ltd	Basic Materials	44.16	0.16	0.00	Apr25	12.51
Quant Small Cap Dir Gr	INF966L01689	The Orissa Minerals Development Co Ltd	Basic Materials	44.16	0.16	0.00	May25	11.15
Quant Small Cap Dir Gr	INF966L01689	The Orissa Minerals Development Co Ltd	Basic Materials	44.16	0.16	0.00	June25	10.18
Quant Small Cap Dir Gr	INF966L01689	The Orissa Minerals Development Co Ltd	Basic Materials	44.16	0.16	0.00	July25	9.19
Quant Small Cap Dir Gr	INF966L01689	The Orissa Minerals Development Co Ltd	Basic Materials	44.16	0.16	0.00	Aug25	8.13
Quant Small Cap Dir Gr	INF966L01689	Exicom Tele-Systems Ltd	Industrials	40.35	0.15	0.00	Oct24	5.55
Quant Small Cap Dir Gr	INF966L01689	Exicom Tele-Systems Ltd	Industrials	40.35	0.15	0.00	Nov24	7.52
Quant Small Cap Dir Gr	INF966L01689	Exicom Tele-Systems Ltd	Industrials	40.35	0.15	0.00	Dec24	3.56
Quant Small Cap Dir Gr	INF966L01689	Exicom Tele-Systems Ltd	Industrials	40.35	0.15	0.00	Jan25	5.32
Quant Small Cap Dir Gr	INF966L01689	Exicom Tele-Systems Ltd	Industrials	40.35	0.15	0.00	Feb25	5.59
Quant Small Cap Dir Gr	INF966L01689	Exicom Tele-Systems Ltd	Industrials	40.35	0.15	0.00	Mar25	15.51
Quant Small Cap Dir Gr	INF966L01689	Exicom Tele-Systems Ltd	Industrials	40.35	0.15	0.00	Mar25	15.51
Quant Small Cap Dir Gr	INF966L01689	Exicom Tele-Systems Ltd	Industrials	40.35	0.15	0.00	Apr25	12.51
Quant Small Cap Dir Gr	INF966L01689	Exicom Tele-Systems Ltd	Industrials	40.35	0.15	0.00	May25	11.15
Quant Small Cap Dir Gr	INF966L01689	Exicom Tele-Systems Ltd	Industrials	40.35	0.15	0.00	June25	10.18
Quant Small Cap Dir Gr	INF966L01689	Exicom Tele-Systems Ltd	Industrials	40.35	0.15	0.00	July25	9.19
Quant Small Cap Dir Gr	INF966L01689	Exicom Tele-Systems Ltd	Industrials	40.35	0.15	0.00	Aug25	8.13
Quant Small Cap Dir Gr	INF966L01689	Intellect Design Arena Ltd	Technology	35.16	0.13	0.00	Oct24	5.55
Quant Small Cap Dir Gr	INF966L01689	Intellect Design Arena Ltd	Technology	35.16	0.13	0.00	Nov24	7.52
Quant Small Cap Dir Gr	INF966L01689	Intellect Design Arena Ltd	Technology	35.16	0.13	0.00	Dec24	3.56
Quant Small Cap Dir Gr	INF966L01689	Intellect Design Arena Ltd	Technology	35.16	0.13	0.00	Jan25	5.32
Quant Small Cap Dir Gr	INF966L01689	Intellect Design Arena Ltd	Technology	35.16	0.13	0.00	Feb25	5.59
Quant Small Cap Dir Gr	INF966L01689	Intellect Design Arena Ltd	Technology	35.16	0.13	0.00	Mar25	15.51
Quant Small Cap Dir Gr	INF966L01689	Intellect Design Arena Ltd	Technology	35.16	0.13	0.00	Mar25	15.51
Quant Small Cap Dir Gr	INF966L01689	Intellect Design Arena Ltd	Technology	35.16	0.13	0.00	Apr25	12.51
Quant Small Cap Dir Gr	INF966L01689	Intellect Design Arena Ltd	Technology	35.16	0.13	0.00	May25	11.15
Quant Small Cap Dir Gr	INF966L01689	Intellect Design Arena Ltd	Technology	35.16	0.13	0.00	June25	10.18
Quant Small Cap Dir Gr	INF966L01689	Intellect Design Arena Ltd	Technology	35.16	0.13	0.00	July25	9.19
Quant Small Cap Dir Gr	INF966L01689	Intellect Design Arena Ltd	Technology	35.16	0.13	0.00	Aug25	8.13
Quant Small Cap Dir Gr	INF966L01689	Graphite India Ltd	Industrials	32.62	0.12	0.00	Oct24	5.55
Quant Small Cap Dir Gr	INF966L01689	Graphite India Ltd	Industrials	32.62	0.12	0.00	Nov24	7.52
Quant Small Cap Dir Gr	INF966L01689	Graphite India Ltd	Industrials	32.62	0.12	0.00	Dec24	3.56
Quant Small Cap Dir Gr	INF966L01689	Graphite India Ltd	Industrials	32.62	0.12	0.00	Jan25	5.32
Quant Small Cap Dir Gr	INF966L01689	Graphite India Ltd	Industrials	32.62	0.12	0.00	Feb25	5.59
Quant Small Cap Dir Gr	INF966L01689	Graphite India Ltd	Industrials	32.62	0.12	0.00	Mar25	15.51
Quant Small Cap Dir Gr	INF966L01689	Graphite India Ltd	Industrials	32.62	0.12	0.00	Mar25	15.51
Quant Small Cap Dir Gr	INF966L01689	Graphite India Ltd	Industrials	32.62	0.12	0.00	Apr25	12.51
Quant Small Cap Dir Gr	INF966L01689	Graphite India Ltd	Industrials	32.62	0.12	0.00	May25	11.15
Quant Small Cap Dir Gr	INF966L01689	Graphite India Ltd	Industrials	32.62	0.12	0.00	June25	10.18
Quant Small Cap Dir Gr	INF966L01689	Graphite India Ltd	Industrials	32.62	0.12	0.00	July25	9.19
Quant Small Cap Dir Gr	INF966L01689	Graphite India Ltd	Industrials	32.62	0.12	0.00	Aug25	8.13
Quant Small Cap Dir Gr	INF966L01689	Mahindra Holidays & Resorts India Ltd	Consumer Cyclical	28.40	0.10	0.00	Oct24	5.55
Quant Small Cap Dir Gr	INF966L01689	Mahindra Holidays & Resorts India Ltd	Consumer Cyclical	28.40	0.10	0.00	Nov24	7.52
Quant Small Cap Dir Gr	INF966L01689	Mahindra Holidays & Resorts India Ltd	Consumer Cyclical	28.40	0.10	0.00	Dec24	3.56
Quant Small Cap Dir Gr	INF966L01689	Mahindra Holidays & Resorts India Ltd	Consumer Cyclical	28.40	0.10	0.00	Jan25	5.32
Quant Small Cap Dir Gr	INF966L01689	Mahindra Holidays & Resorts India Ltd	Consumer Cyclical	28.40	0.10	0.00	Feb25	5.59
Quant Small Cap Dir Gr	INF966L01689	Mahindra Holidays & Resorts India Ltd	Consumer Cyclical	28.40	0.10	0.00	Mar25	15.51
Quant Small Cap Dir Gr	INF966L01689	Mahindra Holidays & Resorts India Ltd	Consumer Cyclical	28.40	0.10	0.00	Mar25	15.51
Quant Small Cap Dir Gr	INF966L01689	Mahindra Holidays & Resorts India Ltd	Consumer Cyclical	28.40	0.10	0.00	Apr25	12.51
Quant Small Cap Dir Gr	INF966L01689	Mahindra Holidays & Resorts India Ltd	Consumer Cyclical	28.40	0.10	0.00	May25	11.15
Quant Small Cap Dir Gr	INF966L01689	Mahindra Holidays & Resorts India Ltd	Consumer Cyclical	28.40	0.10	0.00	June25	10.18
Quant Small Cap Dir Gr	INF966L01689	Mahindra Holidays & Resorts India Ltd	Consumer Cyclical	28.40	0.10	0.00	July25	9.19
Quant Small Cap Dir Gr	INF966L01689	Mahindra Holidays & Resorts India Ltd	Consumer Cyclical	28.40	0.10	0.00	Aug25	8.13
Quant Small Cap Dir Gr	INF966L01689	Digitide Solutions Ltd	Industrials	26.20	0.09	0.00	Oct24	5.55
Quant Small Cap Dir Gr	INF966L01689	Digitide Solutions Ltd	Industrials	26.20	0.09	0.00	Nov24	7.52
Quant Small Cap Dir Gr	INF966L01689	Digitide Solutions Ltd	Industrials	26.20	0.09	0.00	Dec24	3.56
Quant Small Cap Dir Gr	INF966L01689	Digitide Solutions Ltd	Industrials	26.20	0.09	0.00	Jan25	5.32
Quant Small Cap Dir Gr	INF966L01689	Digitide Solutions Ltd	Industrials	26.20	0.09	0.00	Feb25	5.59
Quant Small Cap Dir Gr	INF966L01689	Digitide Solutions Ltd	Industrials	26.20	0.09	0.00	Mar25	15.51
Quant Small Cap Dir Gr	INF966L01689	Digitide Solutions Ltd	Industrials	26.20	0.09	0.00	Mar25	15.51
Quant Small Cap Dir Gr	INF966L01689	Digitide Solutions Ltd	Industrials	26.20	0.09	0.00	Apr25	12.51
Quant Small Cap Dir Gr	INF966L01689	Digitide Solutions Ltd	Industrials	26.20	0.09	0.00	May25	11.15
Quant Small Cap Dir Gr	INF966L01689	Digitide Solutions Ltd	Industrials	26.20	0.09	0.00	June25	10.18
Quant Small Cap Dir Gr	INF966L01689	Digitide Solutions Ltd	Industrials	26.20	0.09	0.00	July25	9.19
Quant Small Cap Dir Gr	INF966L01689	Digitide Solutions Ltd	Industrials	26.20	0.09	0.00	Aug25	8.13
Quant Small Cap Dir Gr	INF966L01689	Newgen Software Technologies Ltd	Technology	25.62	0.09	0.00	Oct24	5.55
Quant Small Cap Dir Gr	INF966L01689	Newgen Software Technologies Ltd	Technology	25.62	0.09	0.00	Nov24	7.52
Quant Small Cap Dir Gr	INF966L01689	Newgen Software Technologies Ltd	Technology	25.62	0.09	0.00	Dec24	3.56
Quant Small Cap Dir Gr	INF966L01689	Newgen Software Technologies Ltd	Technology	25.62	0.09	0.00	Jan25	5.32
Quant Small Cap Dir Gr	INF966L01689	Newgen Software Technologies Ltd	Technology	25.62	0.09	0.00	Feb25	5.59
Quant Small Cap Dir Gr	INF966L01689	Newgen Software Technologies Ltd	Technology	25.62	0.09	0.00	Mar25	15.51
Quant Small Cap Dir Gr	INF966L01689	Newgen Software Technologies Ltd	Technology	25.62	0.09	0.00	Mar25	15.51
Quant Small Cap Dir Gr	INF966L01689	Newgen Software Technologies Ltd	Technology	25.62	0.09	0.00	Apr25	12.51
Quant Small Cap Dir Gr	INF966L01689	Newgen Software Technologies Ltd	Technology	25.62	0.09	0.00	May25	11.15
Quant Small Cap Dir Gr	INF966L01689	Newgen Software Technologies Ltd	Technology	25.62	0.09	0.00	June25	10.18
Quant Small Cap Dir Gr	INF966L01689	Newgen Software Technologies Ltd	Technology	25.62	0.09	0.00	July25	9.19
Quant Small Cap Dir Gr	INF966L01689	Newgen Software Technologies Ltd	Technology	25.62	0.09	0.00	Aug25	8.13
Quant Small Cap Dir Gr	INF966L01689	Indian Hume Pipe Co Ltd	Industrials	25.58	0.09	0.00	Oct24	5.55
Quant Small Cap Dir Gr	INF966L01689	Indian Hume Pipe Co Ltd	Industrials	25.58	0.09	0.00	Nov24	7.52
Quant Small Cap Dir Gr	INF966L01689	Indian Hume Pipe Co Ltd	Industrials	25.58	0.09	0.00	Dec24	3.56
Quant Small Cap Dir Gr	INF966L01689	Indian Hume Pipe Co Ltd	Industrials	25.58	0.09	0.00	Jan25	5.32
Quant Small Cap Dir Gr	INF966L01689	Indian Hume Pipe Co Ltd	Industrials	25.58	0.09	0.00	Feb25	5.59
Quant Small Cap Dir Gr	INF966L01689	Indian Hume Pipe Co Ltd	Industrials	25.58	0.09	0.00	Mar25	15.51
Quant Small Cap Dir Gr	INF966L01689	Indian Hume Pipe Co Ltd	Industrials	25.58	0.09	0.00	Mar25	15.51
Quant Small Cap Dir Gr	INF966L01689	Indian Hume Pipe Co Ltd	Industrials	25.58	0.09	0.00	Apr25	12.51
Quant Small Cap Dir Gr	INF966L01689	Indian Hume Pipe Co Ltd	Industrials	25.58	0.09	0.00	May25	11.15
Quant Small Cap Dir Gr	INF966L01689	Indian Hume Pipe Co Ltd	Industrials	25.58	0.09	0.00	June25	10.18
Quant Small Cap Dir Gr	INF966L01689	Indian Hume Pipe Co Ltd	Industrials	25.58	0.09	0.00	July25	9.19
Quant Small Cap Dir Gr	INF966L01689	Indian Hume Pipe Co Ltd	Industrials	25.58	0.09	0.00	Aug25	8.13
Quant Small Cap Dir Gr	INF966L01689	Sanofi India Ltd	Healthcare	25.34	0.09	0.00	Oct24	5.55
Quant Small Cap Dir Gr	INF966L01689	Sanofi India Ltd	Healthcare	25.34	0.09	0.00	Nov24	7.52
Quant Small Cap Dir Gr	INF966L01689	Sanofi India Ltd	Healthcare	25.34	0.09	0.00	Dec24	3.56
Quant Small Cap Dir Gr	INF966L01689	Sanofi India Ltd	Healthcare	25.34	0.09	0.00	Jan25	5.32
Quant Small Cap Dir Gr	INF966L01689	Sanofi India Ltd	Healthcare	25.34	0.09	0.00	Feb25	5.59
Quant Small Cap Dir Gr	INF966L01689	Sanofi India Ltd	Healthcare	25.34	0.09	0.00	Mar25	15.51
Quant Small Cap Dir Gr	INF966L01689	Sanofi India Ltd	Healthcare	25.34	0.09	0.00	Mar25	15.51
Quant Small Cap Dir Gr	INF966L01689	Sanofi India Ltd	Healthcare	25.34	0.09	0.00	Apr25	12.51
Quant Small Cap Dir Gr	INF966L01689	Sanofi India Ltd	Healthcare	25.34	0.09	0.00	May25	11.15
Quant Small Cap Dir Gr	INF966L01689	Sanofi India Ltd	Healthcare	25.34	0.09	0.00	June25	10.18
Quant Small Cap Dir Gr	INF966L01689	Sanofi India Ltd	Healthcare	25.34	0.09	0.00	July25	9.19
Quant Small Cap Dir Gr	INF966L01689	Sanofi India Ltd	Healthcare	25.34	0.09	0.00	Aug25	8.13
Quant Small Cap Dir Gr	INF966L01689	Emami Ltd	Consumer Defensive	25.19	0.09		Oct24	5.55
Quant Small Cap Dir Gr	INF966L01689	Emami Ltd	Consumer Defensive	25.19	0.09		Nov24	7.52
Quant Small Cap Dir Gr	INF966L01689	Emami Ltd	Consumer Defensive	25.19	0.09		Dec24	3.56
Quant Small Cap Dir Gr	INF966L01689	Emami Ltd	Consumer Defensive	25.19	0.09		Jan25	5.32
Quant Small Cap Dir Gr	INF966L01689	Emami Ltd	Consumer Defensive	25.19	0.09		Feb25	5.59
Quant Small Cap Dir Gr	INF966L01689	Emami Ltd	Consumer Defensive	25.19	0.09		Mar25	15.51
Quant Small Cap Dir Gr	INF966L01689	Emami Ltd	Consumer Defensive	25.19	0.09		Mar25	15.51
Quant Small Cap Dir Gr	INF966L01689	Emami Ltd	Consumer Defensive	25.19	0.09		Apr25	12.51
Quant Small Cap Dir Gr	INF966L01689	Emami Ltd	Consumer Defensive	25.19	0.09		May25	11.15
Quant Small Cap Dir Gr	INF966L01689	Emami Ltd	Consumer Defensive	25.19	0.09		June25	10.18
Quant Small Cap Dir Gr	INF966L01689	Emami Ltd	Consumer Defensive	25.19	0.09		July25	9.19
Quant Small Cap Dir Gr	INF966L01689	Emami Ltd	Consumer Defensive	25.19	0.09		Aug25	8.13
Quant Small Cap Dir Gr	INF966L01689	BASF India Ltd	Basic Materials	24.18	0.09	-69.44	Oct24	5.55
Quant Small Cap Dir Gr	INF966L01689	BASF India Ltd	Basic Materials	24.18	0.09	-69.44	Nov24	7.52
Quant Small Cap Dir Gr	INF966L01689	BASF India Ltd	Basic Materials	24.18	0.09	-69.44	Dec24	3.56
Quant Small Cap Dir Gr	INF966L01689	BASF India Ltd	Basic Materials	24.18	0.09	-69.44	Jan25	5.32
Quant Small Cap Dir Gr	INF966L01689	BASF India Ltd	Basic Materials	24.18	0.09	-69.44	Feb25	5.59
Quant Small Cap Dir Gr	INF966L01689	BASF India Ltd	Basic Materials	24.18	0.09	-69.44	Mar25	15.51
Quant Small Cap Dir Gr	INF966L01689	BASF India Ltd	Basic Materials	24.18	0.09	-69.44	Mar25	15.51
Quant Small Cap Dir Gr	INF966L01689	BASF India Ltd	Basic Materials	24.18	0.09	-69.44	Apr25	12.51
Quant Small Cap Dir Gr	INF966L01689	BASF India Ltd	Basic Materials	24.18	0.09	-69.44	May25	11.15
Quant Small Cap Dir Gr	INF966L01689	BASF India Ltd	Basic Materials	24.18	0.09	-69.44	June25	10.18
Quant Small Cap Dir Gr	INF966L01689	BASF India Ltd	Basic Materials	24.18	0.09	-69.44	July25	9.19
Quant Small Cap Dir Gr	INF966L01689	BASF India Ltd	Basic Materials	24.18	0.09	-69.44	Aug25	8.13
Quant Small Cap Dir Gr	INF966L01689	Sai Silks (Kalamandir) Ltd	Consumer Cyclical	23.67	0.09	0.00	Oct24	5.55
Quant Small Cap Dir Gr	INF966L01689	Sai Silks (Kalamandir) Ltd	Consumer Cyclical	23.67	0.09	0.00	Nov24	7.52
Quant Small Cap Dir Gr	INF966L01689	Sai Silks (Kalamandir) Ltd	Consumer Cyclical	23.67	0.09	0.00	Dec24	3.56
Quant Small Cap Dir Gr	INF966L01689	Sai Silks (Kalamandir) Ltd	Consumer Cyclical	23.67	0.09	0.00	Jan25	5.32
Quant Small Cap Dir Gr	INF966L01689	Sai Silks (Kalamandir) Ltd	Consumer Cyclical	23.67	0.09	0.00	Feb25	5.59
Quant Small Cap Dir Gr	INF966L01689	Sai Silks (Kalamandir) Ltd	Consumer Cyclical	23.67	0.09	0.00	Mar25	15.51
Quant Small Cap Dir Gr	INF966L01689	Sai Silks (Kalamandir) Ltd	Consumer Cyclical	23.67	0.09	0.00	Mar25	15.51
Quant Small Cap Dir Gr	INF966L01689	Sai Silks (Kalamandir) Ltd	Consumer Cyclical	23.67	0.09	0.00	Apr25	12.51
Quant Small Cap Dir Gr	INF966L01689	Sai Silks (Kalamandir) Ltd	Consumer Cyclical	23.67	0.09	0.00	May25	11.15
Quant Small Cap Dir Gr	INF966L01689	Sai Silks (Kalamandir) Ltd	Consumer Cyclical	23.67	0.09	0.00	June25	10.18
Quant Small Cap Dir Gr	INF966L01689	Sai Silks (Kalamandir) Ltd	Consumer Cyclical	23.67	0.09	0.00	July25	9.19
Quant Small Cap Dir Gr	INF966L01689	Sai Silks (Kalamandir) Ltd	Consumer Cyclical	23.67	0.09	0.00	Aug25	8.13
Quant Small Cap Dir Gr	INF966L01689	Ethos Ltd	Consumer Cyclical	23.14	0.08	0.00	Oct24	5.55
Quant Small Cap Dir Gr	INF966L01689	Ethos Ltd	Consumer Cyclical	23.14	0.08	0.00	Nov24	7.52
Quant Small Cap Dir Gr	INF966L01689	Ethos Ltd	Consumer Cyclical	23.14	0.08	0.00	Dec24	3.56
Quant Small Cap Dir Gr	INF966L01689	Ethos Ltd	Consumer Cyclical	23.14	0.08	0.00	Jan25	5.32
Quant Small Cap Dir Gr	INF966L01689	Ethos Ltd	Consumer Cyclical	23.14	0.08	0.00	Feb25	5.59
Quant Small Cap Dir Gr	INF966L01689	Ethos Ltd	Consumer Cyclical	23.14	0.08	0.00	Mar25	15.51
Quant Small Cap Dir Gr	INF966L01689	Ethos Ltd	Consumer Cyclical	23.14	0.08	0.00	Mar25	15.51
Quant Small Cap Dir Gr	INF966L01689	Ethos Ltd	Consumer Cyclical	23.14	0.08	0.00	Apr25	12.51
Quant Small Cap Dir Gr	INF966L01689	Ethos Ltd	Consumer Cyclical	23.14	0.08	0.00	May25	11.15
Quant Small Cap Dir Gr	INF966L01689	Ethos Ltd	Consumer Cyclical	23.14	0.08	0.00	June25	10.18
Quant Small Cap Dir Gr	INF966L01689	Ethos Ltd	Consumer Cyclical	23.14	0.08	0.00	July25	9.19
Quant Small Cap Dir Gr	INF966L01689	Ethos Ltd	Consumer Cyclical	23.14	0.08	0.00	Aug25	8.13
Quant Small Cap Dir Gr	INF966L01689	Vishnu Prakash R Punglia Ltd	Industrials	22.49	0.08	0.00	Oct24	5.55
Quant Small Cap Dir Gr	INF966L01689	Vishnu Prakash R Punglia Ltd	Industrials	22.49	0.08	0.00	Nov24	7.52
Quant Small Cap Dir Gr	INF966L01689	Vishnu Prakash R Punglia Ltd	Industrials	22.49	0.08	0.00	Dec24	3.56
Quant Small Cap Dir Gr	INF966L01689	Vishnu Prakash R Punglia Ltd	Industrials	22.49	0.08	0.00	Jan25	5.32
Quant Small Cap Dir Gr	INF966L01689	Vishnu Prakash R Punglia Ltd	Industrials	22.49	0.08	0.00	Feb25	5.59
Quant Small Cap Dir Gr	INF966L01689	Vishnu Prakash R Punglia Ltd	Industrials	22.49	0.08	0.00	Mar25	15.51
Quant Small Cap Dir Gr	INF966L01689	Vishnu Prakash R Punglia Ltd	Industrials	22.49	0.08	0.00	Mar25	15.51
Quant Small Cap Dir Gr	INF966L01689	Vishnu Prakash R Punglia Ltd	Industrials	22.49	0.08	0.00	Apr25	12.51
Quant Small Cap Dir Gr	INF966L01689	Vishnu Prakash R Punglia Ltd	Industrials	22.49	0.08	0.00	May25	11.15
Quant Small Cap Dir Gr	INF966L01689	Vishnu Prakash R Punglia Ltd	Industrials	22.49	0.08	0.00	June25	10.18
Quant Small Cap Dir Gr	INF966L01689	Vishnu Prakash R Punglia Ltd	Industrials	22.49	0.08	0.00	July25	9.19
Quant Small Cap Dir Gr	INF966L01689	Vishnu Prakash R Punglia Ltd	Industrials	22.49	0.08	0.00	Aug25	8.13
Quant Small Cap Dir Gr	INF966L01689	Oriental Hotels Ltd	Consumer Cyclical	20.72	0.07	0.00	Oct24	5.55
Quant Small Cap Dir Gr	INF966L01689	Oriental Hotels Ltd	Consumer Cyclical	20.72	0.07	0.00	Nov24	7.52
Quant Small Cap Dir Gr	INF966L01689	Oriental Hotels Ltd	Consumer Cyclical	20.72	0.07	0.00	Dec24	3.56
Quant Small Cap Dir Gr	INF966L01689	Oriental Hotels Ltd	Consumer Cyclical	20.72	0.07	0.00	Jan25	5.32
Quant Small Cap Dir Gr	INF966L01689	Oriental Hotels Ltd	Consumer Cyclical	20.72	0.07	0.00	Feb25	5.59
Quant Small Cap Dir Gr	INF966L01689	Oriental Hotels Ltd	Consumer Cyclical	20.72	0.07	0.00	Mar25	15.51
Quant Small Cap Dir Gr	INF966L01689	Oriental Hotels Ltd	Consumer Cyclical	20.72	0.07	0.00	Mar25	15.51
Quant Small Cap Dir Gr	INF966L01689	Oriental Hotels Ltd	Consumer Cyclical	20.72	0.07	0.00	Apr25	12.51
Quant Small Cap Dir Gr	INF966L01689	Oriental Hotels Ltd	Consumer Cyclical	20.72	0.07	0.00	May25	11.15
Quant Small Cap Dir Gr	INF966L01689	Oriental Hotels Ltd	Consumer Cyclical	20.72	0.07	0.00	June25	10.18
Quant Small Cap Dir Gr	INF966L01689	Oriental Hotels Ltd	Consumer Cyclical	20.72	0.07	0.00	July25	9.19
Quant Small Cap Dir Gr	INF966L01689	Oriental Hotels Ltd	Consumer Cyclical	20.72	0.07	0.00	Aug25	8.13
Quant Small Cap Dir Gr	INF966L01689	Manappuram Finance Ltd		19.64	0.07		Oct24	5.55
Quant Small Cap Dir Gr	INF966L01689	Manappuram Finance Ltd		19.64	0.07		Nov24	7.52
Quant Small Cap Dir Gr	INF966L01689	Manappuram Finance Ltd		19.64	0.07		Dec24	3.56
Quant Small Cap Dir Gr	INF966L01689	Manappuram Finance Ltd		19.64	0.07		Jan25	5.32
Quant Small Cap Dir Gr	INF966L01689	Manappuram Finance Ltd		19.64	0.07		Feb25	5.59
Quant Small Cap Dir Gr	INF966L01689	Manappuram Finance Ltd		19.64	0.07		Mar25	15.51
Quant Small Cap Dir Gr	INF966L01689	Manappuram Finance Ltd		19.64	0.07		Mar25	15.51
Quant Small Cap Dir Gr	INF966L01689	Manappuram Finance Ltd		19.64	0.07		Apr25	12.51
Quant Small Cap Dir Gr	INF966L01689	Manappuram Finance Ltd		19.64	0.07		May25	11.15
Quant Small Cap Dir Gr	INF966L01689	Manappuram Finance Ltd		19.64	0.07		June25	10.18
Quant Small Cap Dir Gr	INF966L01689	Manappuram Finance Ltd		19.64	0.07		July25	9.19
Quant Small Cap Dir Gr	INF966L01689	Manappuram Finance Ltd		19.64	0.07		Aug25	8.13
Quant Small Cap Dir Gr	INF966L01689	OneSource Specialty Pharma Ltd	Healthcare	13.47	0.05		Oct24	5.55
Quant Small Cap Dir Gr	INF966L01689	OneSource Specialty Pharma Ltd	Healthcare	13.47	0.05		Nov24	7.52
Quant Small Cap Dir Gr	INF966L01689	OneSource Specialty Pharma Ltd	Healthcare	13.47	0.05		Dec24	3.56
Quant Small Cap Dir Gr	INF966L01689	OneSource Specialty Pharma Ltd	Healthcare	13.47	0.05		Jan25	5.32
Quant Small Cap Dir Gr	INF966L01689	OneSource Specialty Pharma Ltd	Healthcare	13.47	0.05		Feb25	5.59
Quant Small Cap Dir Gr	INF966L01689	OneSource Specialty Pharma Ltd	Healthcare	13.47	0.05		Mar25	15.51
Quant Small Cap Dir Gr	INF966L01689	OneSource Specialty Pharma Ltd	Healthcare	13.47	0.05		Mar25	15.51
Quant Small Cap Dir Gr	INF966L01689	OneSource Specialty Pharma Ltd	Healthcare	13.47	0.05		Apr25	12.51
Quant Small Cap Dir Gr	INF966L01689	OneSource Specialty Pharma Ltd	Healthcare	13.47	0.05		May25	11.15
Quant Small Cap Dir Gr	INF966L01689	OneSource Specialty Pharma Ltd	Healthcare	13.47	0.05		June25	10.18
Quant Small Cap Dir Gr	INF966L01689	OneSource Specialty Pharma Ltd	Healthcare	13.47	0.05		July25	9.19
Quant Small Cap Dir Gr	INF966L01689	OneSource Specialty Pharma Ltd	Healthcare	13.47	0.05		Aug25	8.13
Quant Small Cap Dir Gr	INF966L01689	Gillette India Ltd	Consumer Defensive	13.35	0.05	0.00	Oct24	5.55
Quant Small Cap Dir Gr	INF966L01689	Gillette India Ltd	Consumer Defensive	13.35	0.05	0.00	Nov24	7.52
Quant Small Cap Dir Gr	INF966L01689	Gillette India Ltd	Consumer Defensive	13.35	0.05	0.00	Dec24	3.56
Quant Small Cap Dir Gr	INF966L01689	Gillette India Ltd	Consumer Defensive	13.35	0.05	0.00	Jan25	5.32
Quant Small Cap Dir Gr	INF966L01689	Gillette India Ltd	Consumer Defensive	13.35	0.05	0.00	Feb25	5.59
Quant Small Cap Dir Gr	INF966L01689	Gillette India Ltd	Consumer Defensive	13.35	0.05	0.00	Mar25	15.51
Quant Small Cap Dir Gr	INF966L01689	Gillette India Ltd	Consumer Defensive	13.35	0.05	0.00	Mar25	15.51
Quant Small Cap Dir Gr	INF966L01689	Gillette India Ltd	Consumer Defensive	13.35	0.05	0.00	Apr25	12.51
Quant Small Cap Dir Gr	INF966L01689	Gillette India Ltd	Consumer Defensive	13.35	0.05	0.00	May25	11.15
Quant Small Cap Dir Gr	INF966L01689	Gillette India Ltd	Consumer Defensive	13.35	0.05	0.00	June25	10.18
Quant Small Cap Dir Gr	INF966L01689	Gillette India Ltd	Consumer Defensive	13.35	0.05	0.00	July25	9.19
Quant Small Cap Dir Gr	INF966L01689	Gillette India Ltd	Consumer Defensive	13.35	0.05	0.00	Aug25	8.13
Quant Small Cap Dir Gr	INF966L01689	Best Agrolife Ltd	Basic Materials	12.11	0.04	0.00	Oct24	5.55
Quant Small Cap Dir Gr	INF966L01689	Best Agrolife Ltd	Basic Materials	12.11	0.04	0.00	Nov24	7.52
Quant Small Cap Dir Gr	INF966L01689	Best Agrolife Ltd	Basic Materials	12.11	0.04	0.00	Dec24	3.56
Quant Small Cap Dir Gr	INF966L01689	Best Agrolife Ltd	Basic Materials	12.11	0.04	0.00	Jan25	5.32
Quant Small Cap Dir Gr	INF966L01689	Best Agrolife Ltd	Basic Materials	12.11	0.04	0.00	Feb25	5.59
Quant Small Cap Dir Gr	INF966L01689	Best Agrolife Ltd	Basic Materials	12.11	0.04	0.00	Mar25	15.51
Quant Small Cap Dir Gr	INF966L01689	Best Agrolife Ltd	Basic Materials	12.11	0.04	0.00	Mar25	15.51
Quant Small Cap Dir Gr	INF966L01689	Best Agrolife Ltd	Basic Materials	12.11	0.04	0.00	Apr25	12.51
Quant Small Cap Dir Gr	INF966L01689	Best Agrolife Ltd	Basic Materials	12.11	0.04	0.00	May25	11.15
Quant Small Cap Dir Gr	INF966L01689	Best Agrolife Ltd	Basic Materials	12.11	0.04	0.00	June25	10.18
Quant Small Cap Dir Gr	INF966L01689	Best Agrolife Ltd	Basic Materials	12.11	0.04	0.00	July25	9.19
Quant Small Cap Dir Gr	INF966L01689	Best Agrolife Ltd	Basic Materials	12.11	0.04	0.00	Aug25	8.13
Quant Small Cap Dir Gr	INF966L01689	Ravindra Energy Ltd	Technology	10.29	0.04	0.00	Oct24	5.55
Quant Small Cap Dir Gr	INF966L01689	Ravindra Energy Ltd	Technology	10.29	0.04	0.00	Nov24	7.52
Quant Small Cap Dir Gr	INF966L01689	Ravindra Energy Ltd	Technology	10.29	0.04	0.00	Dec24	3.56
Quant Small Cap Dir Gr	INF966L01689	Ravindra Energy Ltd	Technology	10.29	0.04	0.00	Jan25	5.32
Quant Small Cap Dir Gr	INF966L01689	Ravindra Energy Ltd	Technology	10.29	0.04	0.00	Feb25	5.59
Quant Small Cap Dir Gr	INF966L01689	Ravindra Energy Ltd	Technology	10.29	0.04	0.00	Mar25	15.51
Quant Small Cap Dir Gr	INF966L01689	Ravindra Energy Ltd	Technology	10.29	0.04	0.00	Mar25	15.51
Quant Small Cap Dir Gr	INF966L01689	Ravindra Energy Ltd	Technology	10.29	0.04	0.00	Apr25	12.51
Quant Small Cap Dir Gr	INF966L01689	Ravindra Energy Ltd	Technology	10.29	0.04	0.00	May25	11.15
Quant Small Cap Dir Gr	INF966L01689	Ravindra Energy Ltd	Technology	10.29	0.04	0.00	June25	10.18
Quant Small Cap Dir Gr	INF966L01689	Ravindra Energy Ltd	Technology	10.29	0.04	0.00	July25	9.19
Quant Small Cap Dir Gr	INF966L01689	Ravindra Energy Ltd	Technology	10.29	0.04	0.00	Aug25	8.13
Quant Small Cap Dir Gr	INF966L01689	Primo Chemicals Ltd Shs Dematerialised	Basic Materials	8.53	0.03	0.00	Oct24	5.55
Quant Small Cap Dir Gr	INF966L01689	Primo Chemicals Ltd Shs Dematerialised	Basic Materials	8.53	0.03	0.00	Nov24	7.52
Quant Small Cap Dir Gr	INF966L01689	Primo Chemicals Ltd Shs Dematerialised	Basic Materials	8.53	0.03	0.00	Dec24	3.56
Quant Small Cap Dir Gr	INF966L01689	Primo Chemicals Ltd Shs Dematerialised	Basic Materials	8.53	0.03	0.00	Jan25	5.32
Quant Small Cap Dir Gr	INF966L01689	Primo Chemicals Ltd Shs Dematerialised	Basic Materials	8.53	0.03	0.00	Feb25	5.59
Quant Small Cap Dir Gr	INF966L01689	Primo Chemicals Ltd Shs Dematerialised	Basic Materials	8.53	0.03	0.00	Mar25	15.51
Quant Small Cap Dir Gr	INF966L01689	Primo Chemicals Ltd Shs Dematerialised	Basic Materials	8.53	0.03	0.00	Mar25	15.51
Quant Small Cap Dir Gr	INF966L01689	Primo Chemicals Ltd Shs Dematerialised	Basic Materials	8.53	0.03	0.00	Apr25	12.51
Quant Small Cap Dir Gr	INF966L01689	Primo Chemicals Ltd Shs Dematerialised	Basic Materials	8.53	0.03	0.00	May25	11.15
Quant Small Cap Dir Gr	INF966L01689	Primo Chemicals Ltd Shs Dematerialised	Basic Materials	8.53	0.03	0.00	June25	10.18
Quant Small Cap Dir Gr	INF966L01689	Primo Chemicals Ltd Shs Dematerialised	Basic Materials	8.53	0.03	0.00	July25	9.19
Quant Small Cap Dir Gr	INF966L01689	Primo Chemicals Ltd Shs Dematerialised	Basic Materials	8.53	0.03	0.00	Aug25	8.13
Quant Small Cap Dir Gr	INF966L01689	Sudeep Pharma Ltd	Healthcare	6.27	0.02		Oct24	5.55
Quant Small Cap Dir Gr	INF966L01689	Sudeep Pharma Ltd	Healthcare	6.27	0.02		Nov24	7.52
Quant Small Cap Dir Gr	INF966L01689	Sudeep Pharma Ltd	Healthcare	6.27	0.02		Dec24	3.56
Quant Small Cap Dir Gr	INF966L01689	Sudeep Pharma Ltd	Healthcare	6.27	0.02		Jan25	5.32
Quant Small Cap Dir Gr	INF966L01689	Sudeep Pharma Ltd	Healthcare	6.27	0.02		Feb25	5.59
Quant Small Cap Dir Gr	INF966L01689	Sudeep Pharma Ltd	Healthcare	6.27	0.02		Mar25	15.51
Quant Small Cap Dir Gr	INF966L01689	Sudeep Pharma Ltd	Healthcare	6.27	0.02		Mar25	15.51
Quant Small Cap Dir Gr	INF966L01689	Sudeep Pharma Ltd	Healthcare	6.27	0.02		Apr25	12.51
Quant Small Cap Dir Gr	INF966L01689	Sudeep Pharma Ltd	Healthcare	6.27	0.02		May25	11.15
Quant Small Cap Dir Gr	INF966L01689	Sudeep Pharma Ltd	Healthcare	6.27	0.02		June25	10.18
Quant Small Cap Dir Gr	INF966L01689	Sudeep Pharma Ltd	Healthcare	6.27	0.02		July25	9.19
Quant Small Cap Dir Gr	INF966L01689	Sudeep Pharma Ltd	Healthcare	6.27	0.02		Aug25	8.13
Quant Small Cap Dir Gr	INF966L01689	Om Infra Ltd	Industrials	1.20	0.00	0.00	Oct24	5.55
Quant Small Cap Dir Gr	INF966L01689	Om Infra Ltd	Industrials	1.20	0.00	0.00	Nov24	7.52
Quant Small Cap Dir Gr	INF966L01689	Om Infra Ltd	Industrials	1.20	0.00	0.00	Dec24	3.56
Quant Small Cap Dir Gr	INF966L01689	Om Infra Ltd	Industrials	1.20	0.00	0.00	Jan25	5.32
Quant Small Cap Dir Gr	INF966L01689	Om Infra Ltd	Industrials	1.20	0.00	0.00	Feb25	5.59
Quant Small Cap Dir Gr	INF966L01689	Om Infra Ltd	Industrials	1.20	0.00	0.00	Mar25	15.51
Quant Small Cap Dir Gr	INF966L01689	Om Infra Ltd	Industrials	1.20	0.00	0.00	Mar25	15.51
Quant Small Cap Dir Gr	INF966L01689	Om Infra Ltd	Industrials	1.20	0.00	0.00	Apr25	12.51
Quant Small Cap Dir Gr	INF966L01689	Om Infra Ltd	Industrials	1.20	0.00	0.00	May25	11.15
Quant Small Cap Dir Gr	INF966L01689	Om Infra Ltd	Industrials	1.20	0.00	0.00	June25	10.18
Quant Small Cap Dir Gr	INF966L01689	Om Infra Ltd	Industrials	1.20	0.00	0.00	July25	9.19
Quant Small Cap Dir Gr	INF966L01689	Om Infra Ltd	Industrials	1.20	0.00	0.00	Aug25	8.13
Quant Small Cap Dir Gr	INF966L01689	Quant Gilt Dir Gr		0.62	0.00	0.00	Oct24	5.55
Quant Small Cap Dir Gr	INF966L01689	Quant Gilt Dir Gr		0.62	0.00	0.00	Nov24	7.52
Quant Small Cap Dir Gr	INF966L01689	Quant Gilt Dir Gr		0.62	0.00	0.00	Dec24	3.56
Quant Small Cap Dir Gr	INF966L01689	Quant Gilt Dir Gr		0.62	0.00	0.00	Jan25	5.32
Quant Small Cap Dir Gr	INF966L01689	Quant Gilt Dir Gr		0.62	0.00	0.00	Feb25	5.59
Quant Small Cap Dir Gr	INF966L01689	Quant Gilt Dir Gr		0.62	0.00	0.00	Mar25	15.51
Quant Small Cap Dir Gr	INF966L01689	Quant Gilt Dir Gr		0.62	0.00	0.00	Mar25	15.51
Quant Small Cap Dir Gr	INF966L01689	Quant Gilt Dir Gr		0.62	0.00	0.00	Apr25	12.51
Quant Small Cap Dir Gr	INF966L01689	Quant Gilt Dir Gr		0.62	0.00	0.00	May25	11.15
Quant Small Cap Dir Gr	INF966L01689	Quant Gilt Dir Gr		0.62	0.00	0.00	June25	10.18
Quant Small Cap Dir Gr	INF966L01689	Quant Gilt Dir Gr		0.62	0.00	0.00	July25	9.19
Quant Small Cap Dir Gr	INF966L01689	Quant Gilt Dir Gr		0.62	0.00	0.00	Aug25	8.13
Quant Small Cap Dir Gr	INF966L01689	26/02/2026 Maturing 91 DTB		0.00	0.00	-100.00	Oct24	5.55
Quant Small Cap Dir Gr	INF966L01689	26/02/2026 Maturing 91 DTB		0.00	0.00	-100.00	Nov24	7.52
Quant Small Cap Dir Gr	INF966L01689	26/02/2026 Maturing 91 DTB		0.00	0.00	-100.00	Dec24	3.56
Quant Small Cap Dir Gr	INF966L01689	26/02/2026 Maturing 91 DTB		0.00	0.00	-100.00	Jan25	5.32
Quant Small Cap Dir Gr	INF966L01689	26/02/2026 Maturing 91 DTB		0.00	0.00	-100.00	Feb25	5.59
Quant Small Cap Dir Gr	INF966L01689	26/02/2026 Maturing 91 DTB		0.00	0.00	-100.00	Mar25	15.51
Quant Small Cap Dir Gr	INF966L01689	26/02/2026 Maturing 91 DTB		0.00	0.00	-100.00	Mar25	15.51
Quant Small Cap Dir Gr	INF966L01689	26/02/2026 Maturing 91 DTB		0.00	0.00	-100.00	Apr25	12.51
Quant Small Cap Dir Gr	INF966L01689	26/02/2026 Maturing 91 DTB		0.00	0.00	-100.00	May25	11.15
Quant Small Cap Dir Gr	INF966L01689	26/02/2026 Maturing 91 DTB		0.00	0.00	-100.00	June25	10.18
Quant Small Cap Dir Gr	INF966L01689	26/02/2026 Maturing 91 DTB		0.00	0.00	-100.00	July25	9.19
Quant Small Cap Dir Gr	INF966L01689	26/02/2026 Maturing 91 DTB		0.00	0.00	-100.00	Aug25	8.13
Quant Small Cap Dir Gr	INF966L01689	Stanley Lifestyles Ltd		0.00	0.00	-100.00	Oct24	5.55
Quant Small Cap Dir Gr	INF966L01689	Stanley Lifestyles Ltd		0.00	0.00	-100.00	Nov24	7.52
Quant Small Cap Dir Gr	INF966L01689	Stanley Lifestyles Ltd		0.00	0.00	-100.00	Dec24	3.56
Quant Small Cap Dir Gr	INF966L01689	Stanley Lifestyles Ltd		0.00	0.00	-100.00	Jan25	5.32
Quant Small Cap Dir Gr	INF966L01689	Stanley Lifestyles Ltd		0.00	0.00	-100.00	Feb25	5.59
Quant Small Cap Dir Gr	INF966L01689	Stanley Lifestyles Ltd		0.00	0.00	-100.00	Mar25	15.51
Quant Small Cap Dir Gr	INF966L01689	Stanley Lifestyles Ltd		0.00	0.00	-100.00	Mar25	15.51
Quant Small Cap Dir Gr	INF966L01689	Stanley Lifestyles Ltd		0.00	0.00	-100.00	Apr25	12.51
Quant Small Cap Dir Gr	INF966L01689	Stanley Lifestyles Ltd		0.00	0.00	-100.00	May25	11.15
Quant Small Cap Dir Gr	INF966L01689	Stanley Lifestyles Ltd		0.00	0.00	-100.00	June25	10.18
Quant Small Cap Dir Gr	INF966L01689	Stanley Lifestyles Ltd		0.00	0.00	-100.00	July25	9.19
Quant Small Cap Dir Gr	INF966L01689	Stanley Lifestyles Ltd		0.00	0.00	-100.00	Aug25	8.13
