schemeName	isin	stock_name	sector	market_value	weight	change_1m	period	weightage
Motilal Oswal Nifty Midcap 150 Idx DirGr	INF247L01916	BSE Ltd	Financial Services	91.55	2.92	2.46	Oct24	5.55
Motilal Oswal Nifty Midcap 150 Idx DirGr	INF247L01916	BSE Ltd	Financial Services	91.55	2.92	2.46	Nov24	7.52
Motilal Oswal Nifty Midcap 150 Idx DirGr	INF247L01916	BSE Ltd	Financial Services	91.55	2.92	2.46	Dec24	3.56
Motilal Oswal Nifty Midcap 150 Idx DirGr	INF247L01916	BSE Ltd	Financial Services	91.55	2.92	2.46	Jan25	5.32
Motilal Oswal Nifty Midcap 150 Idx DirGr	INF247L01916	BSE Ltd	Financial Services	91.55	2.92	2.46	Feb25	5.59
Motilal Oswal Nifty Midcap 150 Idx DirGr	INF247L01916	BSE Ltd	Financial Services	91.55	2.92	2.46	Mar25	15.51
Motilal Oswal Nifty Midcap 150 Idx DirGr	INF247L01916	BSE Ltd	Financial Services	91.55	2.92	2.46	Mar25	15.51
Motilal Oswal Nifty Midcap 150 Idx DirGr	INF247L01916	BSE Ltd	Financial Services	91.55	2.92	2.46	Apr25	12.51
Motilal Oswal Nifty Midcap 150 Idx DirGr	INF247L01916	BSE Ltd	Financial Services	91.55	2.92	2.46	May25	11.15
Motilal Oswal Nifty Midcap 150 Idx DirGr	INF247L01916	BSE Ltd	Financial Services	91.55	2.92	2.46	June25	10.18
Motilal Oswal Nifty Midcap 150 Idx DirGr	INF247L01916	BSE Ltd	Financial Services	91.55	2.92	2.46	July25	9.19
Motilal Oswal Nifty Midcap 150 Idx DirGr	INF247L01916	BSE Ltd	Financial Services	91.55	2.92	2.46	Aug25	8.13
Motilal Oswal Nifty Midcap 150 Idx DirGr	INF247L01916	Hero MotoCorp Ltd	Consumer Cyclical	61.33	1.96	2.46	Oct24	5.55
Motilal Oswal Nifty Midcap 150 Idx DirGr	INF247L01916	Hero MotoCorp Ltd	Consumer Cyclical	61.33	1.96	2.46	Nov24	7.52
Motilal Oswal Nifty Midcap 150 Idx DirGr	INF247L01916	Hero MotoCorp Ltd	Consumer Cyclical	61.33	1.96	2.46	Dec24	3.56
Motilal Oswal Nifty Midcap 150 Idx DirGr	INF247L01916	Hero MotoCorp Ltd	Consumer Cyclical	61.33	1.96	2.46	Jan25	5.32
Motilal Oswal Nifty Midcap 150 Idx DirGr	INF247L01916	Hero MotoCorp Ltd	Consumer Cyclical	61.33	1.96	2.46	Feb25	5.59
Motilal Oswal Nifty Midcap 150 Idx DirGr	INF247L01916	Hero MotoCorp Ltd	Consumer Cyclical	61.33	1.96	2.46	Mar25	15.51
Motilal Oswal Nifty Midcap 150 Idx DirGr	INF247L01916	Hero MotoCorp Ltd	Consumer Cyclical	61.33	1.96	2.46	Mar25	15.51
Motilal Oswal Nifty Midcap 150 Idx DirGr	INF247L01916	Hero MotoCorp Ltd	Consumer Cyclical	61.33	1.96	2.46	Apr25	12.51
Motilal Oswal Nifty Midcap 150 Idx DirGr	INF247L01916	Hero MotoCorp Ltd	Consumer Cyclical	61.33	1.96	2.46	May25	11.15
Motilal Oswal Nifty Midcap 150 Idx DirGr	INF247L01916	Hero MotoCorp Ltd	Consumer Cyclical	61.33	1.96	2.46	June25	10.18
Motilal Oswal Nifty Midcap 150 Idx DirGr	INF247L01916	Hero MotoCorp Ltd	Consumer Cyclical	61.33	1.96	2.46	July25	9.19
Motilal Oswal Nifty Midcap 150 Idx DirGr	INF247L01916	Hero MotoCorp Ltd	Consumer Cyclical	61.33	1.96	2.46	Aug25	8.13
Motilal Oswal Nifty Midcap 150 Idx DirGr	INF247L01916	The Federal Bank Ltd	Financial Services	61.05	1.95	2.46	Oct24	5.55
Motilal Oswal Nifty Midcap 150 Idx DirGr	INF247L01916	The Federal Bank Ltd	Financial Services	61.05	1.95	2.46	Nov24	7.52
Motilal Oswal Nifty Midcap 150 Idx DirGr	INF247L01916	The Federal Bank Ltd	Financial Services	61.05	1.95	2.46	Dec24	3.56
Motilal Oswal Nifty Midcap 150 Idx DirGr	INF247L01916	The Federal Bank Ltd	Financial Services	61.05	1.95	2.46	Jan25	5.32
Motilal Oswal Nifty Midcap 150 Idx DirGr	INF247L01916	The Federal Bank Ltd	Financial Services	61.05	1.95	2.46	Feb25	5.59
Motilal Oswal Nifty Midcap 150 Idx DirGr	INF247L01916	The Federal Bank Ltd	Financial Services	61.05	1.95	2.46	Mar25	15.51
Motilal Oswal Nifty Midcap 150 Idx DirGr	INF247L01916	The Federal Bank Ltd	Financial Services	61.05	1.95	2.46	Mar25	15.51
Motilal Oswal Nifty Midcap 150 Idx DirGr	INF247L01916	The Federal Bank Ltd	Financial Services	61.05	1.95	2.46	Apr25	12.51
Motilal Oswal Nifty Midcap 150 Idx DirGr	INF247L01916	The Federal Bank Ltd	Financial Services	61.05	1.95	2.46	May25	11.15
Motilal Oswal Nifty Midcap 150 Idx DirGr	INF247L01916	The Federal Bank Ltd	Financial Services	61.05	1.95	2.46	June25	10.18
Motilal Oswal Nifty Midcap 150 Idx DirGr	INF247L01916	The Federal Bank Ltd	Financial Services	61.05	1.95	2.46	July25	9.19
Motilal Oswal Nifty Midcap 150 Idx DirGr	INF247L01916	The Federal Bank Ltd	Financial Services	61.05	1.95	2.46	Aug25	8.13
Motilal Oswal Nifty Midcap 150 Idx DirGr	INF247L01916	Cummins India Ltd	Industrials	54.79	1.75	2.46	Oct24	5.55
Motilal Oswal Nifty Midcap 150 Idx DirGr	INF247L01916	Cummins India Ltd	Industrials	54.79	1.75	2.46	Nov24	7.52
Motilal Oswal Nifty Midcap 150 Idx DirGr	INF247L01916	Cummins India Ltd	Industrials	54.79	1.75	2.46	Dec24	3.56
Motilal Oswal Nifty Midcap 150 Idx DirGr	INF247L01916	Cummins India Ltd	Industrials	54.79	1.75	2.46	Jan25	5.32
Motilal Oswal Nifty Midcap 150 Idx DirGr	INF247L01916	Cummins India Ltd	Industrials	54.79	1.75	2.46	Feb25	5.59
Motilal Oswal Nifty Midcap 150 Idx DirGr	INF247L01916	Cummins India Ltd	Industrials	54.79	1.75	2.46	Mar25	15.51
Motilal Oswal Nifty Midcap 150 Idx DirGr	INF247L01916	Cummins India Ltd	Industrials	54.79	1.75	2.46	Mar25	15.51
Motilal Oswal Nifty Midcap 150 Idx DirGr	INF247L01916	Cummins India Ltd	Industrials	54.79	1.75	2.46	Apr25	12.51
Motilal Oswal Nifty Midcap 150 Idx DirGr	INF247L01916	Cummins India Ltd	Industrials	54.79	1.75	2.46	May25	11.15
Motilal Oswal Nifty Midcap 150 Idx DirGr	INF247L01916	Cummins India Ltd	Industrials	54.79	1.75	2.46	June25	10.18
Motilal Oswal Nifty Midcap 150 Idx DirGr	INF247L01916	Cummins India Ltd	Industrials	54.79	1.75	2.46	July25	9.19
Motilal Oswal Nifty Midcap 150 Idx DirGr	INF247L01916	Cummins India Ltd	Industrials	54.79	1.75	2.46	Aug25	8.13
Motilal Oswal Nifty Midcap 150 Idx DirGr	INF247L01916	IndusInd Bank Ltd	Financial Services	52.14	1.66	2.46	Oct24	5.55
Motilal Oswal Nifty Midcap 150 Idx DirGr	INF247L01916	IndusInd Bank Ltd	Financial Services	52.14	1.66	2.46	Nov24	7.52
Motilal Oswal Nifty Midcap 150 Idx DirGr	INF247L01916	IndusInd Bank Ltd	Financial Services	52.14	1.66	2.46	Dec24	3.56
Motilal Oswal Nifty Midcap 150 Idx DirGr	INF247L01916	IndusInd Bank Ltd	Financial Services	52.14	1.66	2.46	Jan25	5.32
Motilal Oswal Nifty Midcap 150 Idx DirGr	INF247L01916	IndusInd Bank Ltd	Financial Services	52.14	1.66	2.46	Feb25	5.59
Motilal Oswal Nifty Midcap 150 Idx DirGr	INF247L01916	IndusInd Bank Ltd	Financial Services	52.14	1.66	2.46	Mar25	15.51
Motilal Oswal Nifty Midcap 150 Idx DirGr	INF247L01916	IndusInd Bank Ltd	Financial Services	52.14	1.66	2.46	Mar25	15.51
Motilal Oswal Nifty Midcap 150 Idx DirGr	INF247L01916	IndusInd Bank Ltd	Financial Services	52.14	1.66	2.46	Apr25	12.51
Motilal Oswal Nifty Midcap 150 Idx DirGr	INF247L01916	IndusInd Bank Ltd	Financial Services	52.14	1.66	2.46	May25	11.15
Motilal Oswal Nifty Midcap 150 Idx DirGr	INF247L01916	IndusInd Bank Ltd	Financial Services	52.14	1.66	2.46	June25	10.18
Motilal Oswal Nifty Midcap 150 Idx DirGr	INF247L01916	IndusInd Bank Ltd	Financial Services	52.14	1.66	2.46	July25	9.19
Motilal Oswal Nifty Midcap 150 Idx DirGr	INF247L01916	IndusInd Bank Ltd	Financial Services	52.14	1.66	2.46	Aug25	8.13
Motilal Oswal Nifty Midcap 150 Idx DirGr	INF247L01916	Ashok Leyland Ltd	Industrials	49.99	1.59	2.46	Oct24	5.55
Motilal Oswal Nifty Midcap 150 Idx DirGr	INF247L01916	Ashok Leyland Ltd	Industrials	49.99	1.59	2.46	Nov24	7.52
Motilal Oswal Nifty Midcap 150 Idx DirGr	INF247L01916	Ashok Leyland Ltd	Industrials	49.99	1.59	2.46	Dec24	3.56
Motilal Oswal Nifty Midcap 150 Idx DirGr	INF247L01916	Ashok Leyland Ltd	Industrials	49.99	1.59	2.46	Jan25	5.32
Motilal Oswal Nifty Midcap 150 Idx DirGr	INF247L01916	Ashok Leyland Ltd	Industrials	49.99	1.59	2.46	Feb25	5.59
Motilal Oswal Nifty Midcap 150 Idx DirGr	INF247L01916	Ashok Leyland Ltd	Industrials	49.99	1.59	2.46	Mar25	15.51
Motilal Oswal Nifty Midcap 150 Idx DirGr	INF247L01916	Ashok Leyland Ltd	Industrials	49.99	1.59	2.46	Mar25	15.51
Motilal Oswal Nifty Midcap 150 Idx DirGr	INF247L01916	Ashok Leyland Ltd	Industrials	49.99	1.59	2.46	Apr25	12.51
Motilal Oswal Nifty Midcap 150 Idx DirGr	INF247L01916	Ashok Leyland Ltd	Industrials	49.99	1.59	2.46	May25	11.15
Motilal Oswal Nifty Midcap 150 Idx DirGr	INF247L01916	Ashok Leyland Ltd	Industrials	49.99	1.59	2.46	June25	10.18
Motilal Oswal Nifty Midcap 150 Idx DirGr	INF247L01916	Ashok Leyland Ltd	Industrials	49.99	1.59	2.46	July25	9.19
Motilal Oswal Nifty Midcap 150 Idx DirGr	INF247L01916	Ashok Leyland Ltd	Industrials	49.99	1.59	2.46	Aug25	8.13
Motilal Oswal Nifty Midcap 150 Idx DirGr	INF247L01916	Indus Towers Ltd Ordinary Shares	Communication Services	48.73	1.55	2.46	Oct24	5.55
Motilal Oswal Nifty Midcap 150 Idx DirGr	INF247L01916	Indus Towers Ltd Ordinary Shares	Communication Services	48.73	1.55	2.46	Nov24	7.52
Motilal Oswal Nifty Midcap 150 Idx DirGr	INF247L01916	Indus Towers Ltd Ordinary Shares	Communication Services	48.73	1.55	2.46	Dec24	3.56
Motilal Oswal Nifty Midcap 150 Idx DirGr	INF247L01916	Indus Towers Ltd Ordinary Shares	Communication Services	48.73	1.55	2.46	Jan25	5.32
Motilal Oswal Nifty Midcap 150 Idx DirGr	INF247L01916	Indus Towers Ltd Ordinary Shares	Communication Services	48.73	1.55	2.46	Feb25	5.59
Motilal Oswal Nifty Midcap 150 Idx DirGr	INF247L01916	Indus Towers Ltd Ordinary Shares	Communication Services	48.73	1.55	2.46	Mar25	15.51
Motilal Oswal Nifty Midcap 150 Idx DirGr	INF247L01916	Indus Towers Ltd Ordinary Shares	Communication Services	48.73	1.55	2.46	Mar25	15.51
Motilal Oswal Nifty Midcap 150 Idx DirGr	INF247L01916	Indus Towers Ltd Ordinary Shares	Communication Services	48.73	1.55	2.46	Apr25	12.51
Motilal Oswal Nifty Midcap 150 Idx DirGr	INF247L01916	Indus Towers Ltd Ordinary Shares	Communication Services	48.73	1.55	2.46	May25	11.15
Motilal Oswal Nifty Midcap 150 Idx DirGr	INF247L01916	Indus Towers Ltd Ordinary Shares	Communication Services	48.73	1.55	2.46	June25	10.18
Motilal Oswal Nifty Midcap 150 Idx DirGr	INF247L01916	Indus Towers Ltd Ordinary Shares	Communication Services	48.73	1.55	2.46	July25	9.19
Motilal Oswal Nifty Midcap 150 Idx DirGr	INF247L01916	Indus Towers Ltd Ordinary Shares	Communication Services	48.73	1.55	2.46	Aug25	8.13
Motilal Oswal Nifty Midcap 150 Idx DirGr	INF247L01916	Lupin Ltd	Healthcare	46.18	1.47	2.46	Oct24	5.55
Motilal Oswal Nifty Midcap 150 Idx DirGr	INF247L01916	Lupin Ltd	Healthcare	46.18	1.47	2.46	Nov24	7.52
Motilal Oswal Nifty Midcap 150 Idx DirGr	INF247L01916	Lupin Ltd	Healthcare	46.18	1.47	2.46	Dec24	3.56
Motilal Oswal Nifty Midcap 150 Idx DirGr	INF247L01916	Lupin Ltd	Healthcare	46.18	1.47	2.46	Jan25	5.32
Motilal Oswal Nifty Midcap 150 Idx DirGr	INF247L01916	Lupin Ltd	Healthcare	46.18	1.47	2.46	Feb25	5.59
Motilal Oswal Nifty Midcap 150 Idx DirGr	INF247L01916	Lupin Ltd	Healthcare	46.18	1.47	2.46	Mar25	15.51
Motilal Oswal Nifty Midcap 150 Idx DirGr	INF247L01916	Lupin Ltd	Healthcare	46.18	1.47	2.46	Mar25	15.51
Motilal Oswal Nifty Midcap 150 Idx DirGr	INF247L01916	Lupin Ltd	Healthcare	46.18	1.47	2.46	Apr25	12.51
Motilal Oswal Nifty Midcap 150 Idx DirGr	INF247L01916	Lupin Ltd	Healthcare	46.18	1.47	2.46	May25	11.15
Motilal Oswal Nifty Midcap 150 Idx DirGr	INF247L01916	Lupin Ltd	Healthcare	46.18	1.47	2.46	June25	10.18
Motilal Oswal Nifty Midcap 150 Idx DirGr	INF247L01916	Lupin Ltd	Healthcare	46.18	1.47	2.46	July25	9.19
Motilal Oswal Nifty Midcap 150 Idx DirGr	INF247L01916	Lupin Ltd	Healthcare	46.18	1.47	2.46	Aug25	8.13
Motilal Oswal Nifty Midcap 150 Idx DirGr	INF247L01916	HDFC Asset Management Co Ltd	Financial Services	45.45	1.45	2.46	Oct24	5.55
Motilal Oswal Nifty Midcap 150 Idx DirGr	INF247L01916	HDFC Asset Management Co Ltd	Financial Services	45.45	1.45	2.46	Nov24	7.52
Motilal Oswal Nifty Midcap 150 Idx DirGr	INF247L01916	HDFC Asset Management Co Ltd	Financial Services	45.45	1.45	2.46	Dec24	3.56
Motilal Oswal Nifty Midcap 150 Idx DirGr	INF247L01916	HDFC Asset Management Co Ltd	Financial Services	45.45	1.45	2.46	Jan25	5.32
Motilal Oswal Nifty Midcap 150 Idx DirGr	INF247L01916	HDFC Asset Management Co Ltd	Financial Services	45.45	1.45	2.46	Feb25	5.59
Motilal Oswal Nifty Midcap 150 Idx DirGr	INF247L01916	HDFC Asset Management Co Ltd	Financial Services	45.45	1.45	2.46	Mar25	15.51
Motilal Oswal Nifty Midcap 150 Idx DirGr	INF247L01916	HDFC Asset Management Co Ltd	Financial Services	45.45	1.45	2.46	Mar25	15.51
Motilal Oswal Nifty Midcap 150 Idx DirGr	INF247L01916	HDFC Asset Management Co Ltd	Financial Services	45.45	1.45	2.46	Apr25	12.51
Motilal Oswal Nifty Midcap 150 Idx DirGr	INF247L01916	HDFC Asset Management Co Ltd	Financial Services	45.45	1.45	2.46	May25	11.15
Motilal Oswal Nifty Midcap 150 Idx DirGr	INF247L01916	HDFC Asset Management Co Ltd	Financial Services	45.45	1.45	2.46	June25	10.18
Motilal Oswal Nifty Midcap 150 Idx DirGr	INF247L01916	HDFC Asset Management Co Ltd	Financial Services	45.45	1.45	2.46	July25	9.19
Motilal Oswal Nifty Midcap 150 Idx DirGr	INF247L01916	HDFC Asset Management Co Ltd	Financial Services	45.45	1.45	2.46	Aug25	8.13
Motilal Oswal Nifty Midcap 150 Idx DirGr	INF247L01916	AU Small Finance Bank Ltd	Financial Services	44.76	1.43	2.46	Oct24	5.55
Motilal Oswal Nifty Midcap 150 Idx DirGr	INF247L01916	AU Small Finance Bank Ltd	Financial Services	44.76	1.43	2.46	Nov24	7.52
Motilal Oswal Nifty Midcap 150 Idx DirGr	INF247L01916	AU Small Finance Bank Ltd	Financial Services	44.76	1.43	2.46	Dec24	3.56
Motilal Oswal Nifty Midcap 150 Idx DirGr	INF247L01916	AU Small Finance Bank Ltd	Financial Services	44.76	1.43	2.46	Jan25	5.32
Motilal Oswal Nifty Midcap 150 Idx DirGr	INF247L01916	AU Small Finance Bank Ltd	Financial Services	44.76	1.43	2.46	Feb25	5.59
Motilal Oswal Nifty Midcap 150 Idx DirGr	INF247L01916	AU Small Finance Bank Ltd	Financial Services	44.76	1.43	2.46	Mar25	15.51
Motilal Oswal Nifty Midcap 150 Idx DirGr	INF247L01916	AU Small Finance Bank Ltd	Financial Services	44.76	1.43	2.46	Mar25	15.51
Motilal Oswal Nifty Midcap 150 Idx DirGr	INF247L01916	AU Small Finance Bank Ltd	Financial Services	44.76	1.43	2.46	Apr25	12.51
Motilal Oswal Nifty Midcap 150 Idx DirGr	INF247L01916	AU Small Finance Bank Ltd	Financial Services	44.76	1.43	2.46	May25	11.15
Motilal Oswal Nifty Midcap 150 Idx DirGr	INF247L01916	AU Small Finance Bank Ltd	Financial Services	44.76	1.43	2.46	June25	10.18
Motilal Oswal Nifty Midcap 150 Idx DirGr	INF247L01916	AU Small Finance Bank Ltd	Financial Services	44.76	1.43	2.46	July25	9.19
Motilal Oswal Nifty Midcap 150 Idx DirGr	INF247L01916	AU Small Finance Bank Ltd	Financial Services	44.76	1.43	2.46	Aug25	8.13
Motilal Oswal Nifty Midcap 150 Idx DirGr	INF247L01916	Suzlon Energy Ltd	Industrials	42.85	1.37	2.46	Oct24	5.55
Motilal Oswal Nifty Midcap 150 Idx DirGr	INF247L01916	Suzlon Energy Ltd	Industrials	42.85	1.37	2.46	Nov24	7.52
Motilal Oswal Nifty Midcap 150 Idx DirGr	INF247L01916	Suzlon Energy Ltd	Industrials	42.85	1.37	2.46	Dec24	3.56
Motilal Oswal Nifty Midcap 150 Idx DirGr	INF247L01916	Suzlon Energy Ltd	Industrials	42.85	1.37	2.46	Jan25	5.32
Motilal Oswal Nifty Midcap 150 Idx DirGr	INF247L01916	Suzlon Energy Ltd	Industrials	42.85	1.37	2.46	Feb25	5.59
Motilal Oswal Nifty Midcap 150 Idx DirGr	INF247L01916	Suzlon Energy Ltd	Industrials	42.85	1.37	2.46	Mar25	15.51
Motilal Oswal Nifty Midcap 150 Idx DirGr	INF247L01916	Suzlon Energy Ltd	Industrials	42.85	1.37	2.46	Mar25	15.51
Motilal Oswal Nifty Midcap 150 Idx DirGr	INF247L01916	Suzlon Energy Ltd	Industrials	42.85	1.37	2.46	Apr25	12.51
Motilal Oswal Nifty Midcap 150 Idx DirGr	INF247L01916	Suzlon Energy Ltd	Industrials	42.85	1.37	2.46	May25	11.15
Motilal Oswal Nifty Midcap 150 Idx DirGr	INF247L01916	Suzlon Energy Ltd	Industrials	42.85	1.37	2.46	June25	10.18
Motilal Oswal Nifty Midcap 150 Idx DirGr	INF247L01916	Suzlon Energy Ltd	Industrials	42.85	1.37	2.46	July25	9.19
Motilal Oswal Nifty Midcap 150 Idx DirGr	INF247L01916	Suzlon Energy Ltd	Industrials	42.85	1.37	2.46	Aug25	8.13
Motilal Oswal Nifty Midcap 150 Idx DirGr	INF247L01916	Persistent Systems Ltd	Technology	42.62	1.36	2.46	Oct24	5.55
Motilal Oswal Nifty Midcap 150 Idx DirGr	INF247L01916	Persistent Systems Ltd	Technology	42.62	1.36	2.46	Nov24	7.52
Motilal Oswal Nifty Midcap 150 Idx DirGr	INF247L01916	Persistent Systems Ltd	Technology	42.62	1.36	2.46	Dec24	3.56
Motilal Oswal Nifty Midcap 150 Idx DirGr	INF247L01916	Persistent Systems Ltd	Technology	42.62	1.36	2.46	Jan25	5.32
Motilal Oswal Nifty Midcap 150 Idx DirGr	INF247L01916	Persistent Systems Ltd	Technology	42.62	1.36	2.46	Feb25	5.59
Motilal Oswal Nifty Midcap 150 Idx DirGr	INF247L01916	Persistent Systems Ltd	Technology	42.62	1.36	2.46	Mar25	15.51
Motilal Oswal Nifty Midcap 150 Idx DirGr	INF247L01916	Persistent Systems Ltd	Technology	42.62	1.36	2.46	Mar25	15.51
Motilal Oswal Nifty Midcap 150 Idx DirGr	INF247L01916	Persistent Systems Ltd	Technology	42.62	1.36	2.46	Apr25	12.51
Motilal Oswal Nifty Midcap 150 Idx DirGr	INF247L01916	Persistent Systems Ltd	Technology	42.62	1.36	2.46	May25	11.15
Motilal Oswal Nifty Midcap 150 Idx DirGr	INF247L01916	Persistent Systems Ltd	Technology	42.62	1.36	2.46	June25	10.18
Motilal Oswal Nifty Midcap 150 Idx DirGr	INF247L01916	Persistent Systems Ltd	Technology	42.62	1.36	2.46	July25	9.19
Motilal Oswal Nifty Midcap 150 Idx DirGr	INF247L01916	Persistent Systems Ltd	Technology	42.62	1.36	2.46	Aug25	8.13
Motilal Oswal Nifty Midcap 150 Idx DirGr	INF247L01916	Bharat Forge Ltd	Consumer Cyclical	42.17	1.35	2.46	Oct24	5.55
Motilal Oswal Nifty Midcap 150 Idx DirGr	INF247L01916	Bharat Forge Ltd	Consumer Cyclical	42.17	1.35	2.46	Nov24	7.52
Motilal Oswal Nifty Midcap 150 Idx DirGr	INF247L01916	Bharat Forge Ltd	Consumer Cyclical	42.17	1.35	2.46	Dec24	3.56
Motilal Oswal Nifty Midcap 150 Idx DirGr	INF247L01916	Bharat Forge Ltd	Consumer Cyclical	42.17	1.35	2.46	Jan25	5.32
Motilal Oswal Nifty Midcap 150 Idx DirGr	INF247L01916	Bharat Forge Ltd	Consumer Cyclical	42.17	1.35	2.46	Feb25	5.59
Motilal Oswal Nifty Midcap 150 Idx DirGr	INF247L01916	Bharat Forge Ltd	Consumer Cyclical	42.17	1.35	2.46	Mar25	15.51
Motilal Oswal Nifty Midcap 150 Idx DirGr	INF247L01916	Bharat Forge Ltd	Consumer Cyclical	42.17	1.35	2.46	Mar25	15.51
Motilal Oswal Nifty Midcap 150 Idx DirGr	INF247L01916	Bharat Forge Ltd	Consumer Cyclical	42.17	1.35	2.46	Apr25	12.51
Motilal Oswal Nifty Midcap 150 Idx DirGr	INF247L01916	Bharat Forge Ltd	Consumer Cyclical	42.17	1.35	2.46	May25	11.15
Motilal Oswal Nifty Midcap 150 Idx DirGr	INF247L01916	Bharat Forge Ltd	Consumer Cyclical	42.17	1.35	2.46	June25	10.18
Motilal Oswal Nifty Midcap 150 Idx DirGr	INF247L01916	Bharat Forge Ltd	Consumer Cyclical	42.17	1.35	2.46	July25	9.19
Motilal Oswal Nifty Midcap 150 Idx DirGr	INF247L01916	Bharat Forge Ltd	Consumer Cyclical	42.17	1.35	2.46	Aug25	8.13
Motilal Oswal Nifty Midcap 150 Idx DirGr	INF247L01916	PB Fintech Ltd	Financial Services	41.81	1.33	2.46	Oct24	5.55
Motilal Oswal Nifty Midcap 150 Idx DirGr	INF247L01916	PB Fintech Ltd	Financial Services	41.81	1.33	2.46	Nov24	7.52
Motilal Oswal Nifty Midcap 150 Idx DirGr	INF247L01916	PB Fintech Ltd	Financial Services	41.81	1.33	2.46	Dec24	3.56
Motilal Oswal Nifty Midcap 150 Idx DirGr	INF247L01916	PB Fintech Ltd	Financial Services	41.81	1.33	2.46	Jan25	5.32
Motilal Oswal Nifty Midcap 150 Idx DirGr	INF247L01916	PB Fintech Ltd	Financial Services	41.81	1.33	2.46	Feb25	5.59
Motilal Oswal Nifty Midcap 150 Idx DirGr	INF247L01916	PB Fintech Ltd	Financial Services	41.81	1.33	2.46	Mar25	15.51
Motilal Oswal Nifty Midcap 150 Idx DirGr	INF247L01916	PB Fintech Ltd	Financial Services	41.81	1.33	2.46	Mar25	15.51
Motilal Oswal Nifty Midcap 150 Idx DirGr	INF247L01916	PB Fintech Ltd	Financial Services	41.81	1.33	2.46	Apr25	12.51
Motilal Oswal Nifty Midcap 150 Idx DirGr	INF247L01916	PB Fintech Ltd	Financial Services	41.81	1.33	2.46	May25	11.15
Motilal Oswal Nifty Midcap 150 Idx DirGr	INF247L01916	PB Fintech Ltd	Financial Services	41.81	1.33	2.46	June25	10.18
Motilal Oswal Nifty Midcap 150 Idx DirGr	INF247L01916	PB Fintech Ltd	Financial Services	41.81	1.33	2.46	July25	9.19
Motilal Oswal Nifty Midcap 150 Idx DirGr	INF247L01916	PB Fintech Ltd	Financial Services	41.81	1.33	2.46	Aug25	8.13
Motilal Oswal Nifty Midcap 150 Idx DirGr	INF247L01916	Fortis Healthcare Ltd	Healthcare	40.65	1.30	2.46	Oct24	5.55
Motilal Oswal Nifty Midcap 150 Idx DirGr	INF247L01916	Fortis Healthcare Ltd	Healthcare	40.65	1.30	2.46	Nov24	7.52
Motilal Oswal Nifty Midcap 150 Idx DirGr	INF247L01916	Fortis Healthcare Ltd	Healthcare	40.65	1.30	2.46	Dec24	3.56
Motilal Oswal Nifty Midcap 150 Idx DirGr	INF247L01916	Fortis Healthcare Ltd	Healthcare	40.65	1.30	2.46	Jan25	5.32
Motilal Oswal Nifty Midcap 150 Idx DirGr	INF247L01916	Fortis Healthcare Ltd	Healthcare	40.65	1.30	2.46	Feb25	5.59
Motilal Oswal Nifty Midcap 150 Idx DirGr	INF247L01916	Fortis Healthcare Ltd	Healthcare	40.65	1.30	2.46	Mar25	15.51
Motilal Oswal Nifty Midcap 150 Idx DirGr	INF247L01916	Fortis Healthcare Ltd	Healthcare	40.65	1.30	2.46	Mar25	15.51
Motilal Oswal Nifty Midcap 150 Idx DirGr	INF247L01916	Fortis Healthcare Ltd	Healthcare	40.65	1.30	2.46	Apr25	12.51
Motilal Oswal Nifty Midcap 150 Idx DirGr	INF247L01916	Fortis Healthcare Ltd	Healthcare	40.65	1.30	2.46	May25	11.15
Motilal Oswal Nifty Midcap 150 Idx DirGr	INF247L01916	Fortis Healthcare Ltd	Healthcare	40.65	1.30	2.46	June25	10.18
Motilal Oswal Nifty Midcap 150 Idx DirGr	INF247L01916	Fortis Healthcare Ltd	Healthcare	40.65	1.30	2.46	July25	9.19
Motilal Oswal Nifty Midcap 150 Idx DirGr	INF247L01916	Fortis Healthcare Ltd	Healthcare	40.65	1.30	2.46	Aug25	8.13
Motilal Oswal Nifty Midcap 150 Idx DirGr	INF247L01916	IDFC First Bank Ltd	Financial Services	40.25	1.28	2.46	Oct24	5.55
Motilal Oswal Nifty Midcap 150 Idx DirGr	INF247L01916	IDFC First Bank Ltd	Financial Services	40.25	1.28	2.46	Nov24	7.52
Motilal Oswal Nifty Midcap 150 Idx DirGr	INF247L01916	IDFC First Bank Ltd	Financial Services	40.25	1.28	2.46	Dec24	3.56
Motilal Oswal Nifty Midcap 150 Idx DirGr	INF247L01916	IDFC First Bank Ltd	Financial Services	40.25	1.28	2.46	Jan25	5.32
Motilal Oswal Nifty Midcap 150 Idx DirGr	INF247L01916	IDFC First Bank Ltd	Financial Services	40.25	1.28	2.46	Feb25	5.59
Motilal Oswal Nifty Midcap 150 Idx DirGr	INF247L01916	IDFC First Bank Ltd	Financial Services	40.25	1.28	2.46	Mar25	15.51
Motilal Oswal Nifty Midcap 150 Idx DirGr	INF247L01916	IDFC First Bank Ltd	Financial Services	40.25	1.28	2.46	Mar25	15.51
Motilal Oswal Nifty Midcap 150 Idx DirGr	INF247L01916	IDFC First Bank Ltd	Financial Services	40.25	1.28	2.46	Apr25	12.51
Motilal Oswal Nifty Midcap 150 Idx DirGr	INF247L01916	IDFC First Bank Ltd	Financial Services	40.25	1.28	2.46	May25	11.15
Motilal Oswal Nifty Midcap 150 Idx DirGr	INF247L01916	IDFC First Bank Ltd	Financial Services	40.25	1.28	2.46	June25	10.18
Motilal Oswal Nifty Midcap 150 Idx DirGr	INF247L01916	IDFC First Bank Ltd	Financial Services	40.25	1.28	2.46	July25	9.19
Motilal Oswal Nifty Midcap 150 Idx DirGr	INF247L01916	IDFC First Bank Ltd	Financial Services	40.25	1.28	2.46	Aug25	8.13
Motilal Oswal Nifty Midcap 150 Idx DirGr	INF247L01916	Max Financial Services Ltd	Financial Services	39.56	1.26	2.46	Oct24	5.55
Motilal Oswal Nifty Midcap 150 Idx DirGr	INF247L01916	Max Financial Services Ltd	Financial Services	39.56	1.26	2.46	Nov24	7.52
Motilal Oswal Nifty Midcap 150 Idx DirGr	INF247L01916	Max Financial Services Ltd	Financial Services	39.56	1.26	2.46	Dec24	3.56
Motilal Oswal Nifty Midcap 150 Idx DirGr	INF247L01916	Max Financial Services Ltd	Financial Services	39.56	1.26	2.46	Jan25	5.32
Motilal Oswal Nifty Midcap 150 Idx DirGr	INF247L01916	Max Financial Services Ltd	Financial Services	39.56	1.26	2.46	Feb25	5.59
Motilal Oswal Nifty Midcap 150 Idx DirGr	INF247L01916	Max Financial Services Ltd	Financial Services	39.56	1.26	2.46	Mar25	15.51
Motilal Oswal Nifty Midcap 150 Idx DirGr	INF247L01916	Max Financial Services Ltd	Financial Services	39.56	1.26	2.46	Mar25	15.51
Motilal Oswal Nifty Midcap 150 Idx DirGr	INF247L01916	Max Financial Services Ltd	Financial Services	39.56	1.26	2.46	Apr25	12.51
Motilal Oswal Nifty Midcap 150 Idx DirGr	INF247L01916	Max Financial Services Ltd	Financial Services	39.56	1.26	2.46	May25	11.15
Motilal Oswal Nifty Midcap 150 Idx DirGr	INF247L01916	Max Financial Services Ltd	Financial Services	39.56	1.26	2.46	June25	10.18
Motilal Oswal Nifty Midcap 150 Idx DirGr	INF247L01916	Max Financial Services Ltd	Financial Services	39.56	1.26	2.46	July25	9.19
Motilal Oswal Nifty Midcap 150 Idx DirGr	INF247L01916	Max Financial Services Ltd	Financial Services	39.56	1.26	2.46	Aug25	8.13
Motilal Oswal Nifty Midcap 150 Idx DirGr	INF247L01916	GE Vernova T&D India Ltd	Industrials	39.48	1.26	2.46	Oct24	5.55
Motilal Oswal Nifty Midcap 150 Idx DirGr	INF247L01916	GE Vernova T&D India Ltd	Industrials	39.48	1.26	2.46	Nov24	7.52
Motilal Oswal Nifty Midcap 150 Idx DirGr	INF247L01916	GE Vernova T&D India Ltd	Industrials	39.48	1.26	2.46	Dec24	3.56
Motilal Oswal Nifty Midcap 150 Idx DirGr	INF247L01916	GE Vernova T&D India Ltd	Industrials	39.48	1.26	2.46	Jan25	5.32
Motilal Oswal Nifty Midcap 150 Idx DirGr	INF247L01916	GE Vernova T&D India Ltd	Industrials	39.48	1.26	2.46	Feb25	5.59
Motilal Oswal Nifty Midcap 150 Idx DirGr	INF247L01916	GE Vernova T&D India Ltd	Industrials	39.48	1.26	2.46	Mar25	15.51
Motilal Oswal Nifty Midcap 150 Idx DirGr	INF247L01916	GE Vernova T&D India Ltd	Industrials	39.48	1.26	2.46	Mar25	15.51
Motilal Oswal Nifty Midcap 150 Idx DirGr	INF247L01916	GE Vernova T&D India Ltd	Industrials	39.48	1.26	2.46	Apr25	12.51
Motilal Oswal Nifty Midcap 150 Idx DirGr	INF247L01916	GE Vernova T&D India Ltd	Industrials	39.48	1.26	2.46	May25	11.15
Motilal Oswal Nifty Midcap 150 Idx DirGr	INF247L01916	GE Vernova T&D India Ltd	Industrials	39.48	1.26	2.46	June25	10.18
Motilal Oswal Nifty Midcap 150 Idx DirGr	INF247L01916	GE Vernova T&D India Ltd	Industrials	39.48	1.26	2.46	July25	9.19
Motilal Oswal Nifty Midcap 150 Idx DirGr	INF247L01916	GE Vernova T&D India Ltd	Industrials	39.48	1.26	2.46	Aug25	8.13
Motilal Oswal Nifty Midcap 150 Idx DirGr	INF247L01916	Polycab India Ltd	Industrials	37.52	1.20	2.46	Oct24	5.55
Motilal Oswal Nifty Midcap 150 Idx DirGr	INF247L01916	Polycab India Ltd	Industrials	37.52	1.20	2.46	Nov24	7.52
Motilal Oswal Nifty Midcap 150 Idx DirGr	INF247L01916	Polycab India Ltd	Industrials	37.52	1.20	2.46	Dec24	3.56
Motilal Oswal Nifty Midcap 150 Idx DirGr	INF247L01916	Polycab India Ltd	Industrials	37.52	1.20	2.46	Jan25	5.32
Motilal Oswal Nifty Midcap 150 Idx DirGr	INF247L01916	Polycab India Ltd	Industrials	37.52	1.20	2.46	Feb25	5.59
Motilal Oswal Nifty Midcap 150 Idx DirGr	INF247L01916	Polycab India Ltd	Industrials	37.52	1.20	2.46	Mar25	15.51
Motilal Oswal Nifty Midcap 150 Idx DirGr	INF247L01916	Polycab India Ltd	Industrials	37.52	1.20	2.46	Mar25	15.51
Motilal Oswal Nifty Midcap 150 Idx DirGr	INF247L01916	Polycab India Ltd	Industrials	37.52	1.20	2.46	Apr25	12.51
Motilal Oswal Nifty Midcap 150 Idx DirGr	INF247L01916	Polycab India Ltd	Industrials	37.52	1.20	2.46	May25	11.15
Motilal Oswal Nifty Midcap 150 Idx DirGr	INF247L01916	Polycab India Ltd	Industrials	37.52	1.20	2.46	June25	10.18
Motilal Oswal Nifty Midcap 150 Idx DirGr	INF247L01916	Polycab India Ltd	Industrials	37.52	1.20	2.46	July25	9.19
Motilal Oswal Nifty Midcap 150 Idx DirGr	INF247L01916	Polycab India Ltd	Industrials	37.52	1.20	2.46	Aug25	8.13
Motilal Oswal Nifty Midcap 150 Idx DirGr	INF247L01916	One97 Communications Ltd	Technology	36.90	1.18	2.46	Oct24	5.55
Motilal Oswal Nifty Midcap 150 Idx DirGr	INF247L01916	One97 Communications Ltd	Technology	36.90	1.18	2.46	Nov24	7.52
Motilal Oswal Nifty Midcap 150 Idx DirGr	INF247L01916	One97 Communications Ltd	Technology	36.90	1.18	2.46	Dec24	3.56
Motilal Oswal Nifty Midcap 150 Idx DirGr	INF247L01916	One97 Communications Ltd	Technology	36.90	1.18	2.46	Jan25	5.32
Motilal Oswal Nifty Midcap 150 Idx DirGr	INF247L01916	One97 Communications Ltd	Technology	36.90	1.18	2.46	Feb25	5.59
Motilal Oswal Nifty Midcap 150 Idx DirGr	INF247L01916	One97 Communications Ltd	Technology	36.90	1.18	2.46	Mar25	15.51
Motilal Oswal Nifty Midcap 150 Idx DirGr	INF247L01916	One97 Communications Ltd	Technology	36.90	1.18	2.46	Mar25	15.51
Motilal Oswal Nifty Midcap 150 Idx DirGr	INF247L01916	One97 Communications Ltd	Technology	36.90	1.18	2.46	Apr25	12.51
Motilal Oswal Nifty Midcap 150 Idx DirGr	INF247L01916	One97 Communications Ltd	Technology	36.90	1.18	2.46	May25	11.15
Motilal Oswal Nifty Midcap 150 Idx DirGr	INF247L01916	One97 Communications Ltd	Technology	36.90	1.18	2.46	June25	10.18
Motilal Oswal Nifty Midcap 150 Idx DirGr	INF247L01916	One97 Communications Ltd	Technology	36.90	1.18	2.46	July25	9.19
Motilal Oswal Nifty Midcap 150 Idx DirGr	INF247L01916	One97 Communications Ltd	Technology	36.90	1.18	2.46	Aug25	8.13
Motilal Oswal Nifty Midcap 150 Idx DirGr	INF247L01916	Dixon Technologies (India) Ltd	Technology	35.84	1.14	2.46	Oct24	5.55
Motilal Oswal Nifty Midcap 150 Idx DirGr	INF247L01916	Dixon Technologies (India) Ltd	Technology	35.84	1.14	2.46	Nov24	7.52
Motilal Oswal Nifty Midcap 150 Idx DirGr	INF247L01916	Dixon Technologies (India) Ltd	Technology	35.84	1.14	2.46	Dec24	3.56
Motilal Oswal Nifty Midcap 150 Idx DirGr	INF247L01916	Dixon Technologies (India) Ltd	Technology	35.84	1.14	2.46	Jan25	5.32
Motilal Oswal Nifty Midcap 150 Idx DirGr	INF247L01916	Dixon Technologies (India) Ltd	Technology	35.84	1.14	2.46	Feb25	5.59
Motilal Oswal Nifty Midcap 150 Idx DirGr	INF247L01916	Dixon Technologies (India) Ltd	Technology	35.84	1.14	2.46	Mar25	15.51
Motilal Oswal Nifty Midcap 150 Idx DirGr	INF247L01916	Dixon Technologies (India) Ltd	Technology	35.84	1.14	2.46	Mar25	15.51
Motilal Oswal Nifty Midcap 150 Idx DirGr	INF247L01916	Dixon Technologies (India) Ltd	Technology	35.84	1.14	2.46	Apr25	12.51
Motilal Oswal Nifty Midcap 150 Idx DirGr	INF247L01916	Dixon Technologies (India) Ltd	Technology	35.84	1.14	2.46	May25	11.15
Motilal Oswal Nifty Midcap 150 Idx DirGr	INF247L01916	Dixon Technologies (India) Ltd	Technology	35.84	1.14	2.46	June25	10.18
Motilal Oswal Nifty Midcap 150 Idx DirGr	INF247L01916	Dixon Technologies (India) Ltd	Technology	35.84	1.14	2.46	July25	9.19
Motilal Oswal Nifty Midcap 150 Idx DirGr	INF247L01916	Dixon Technologies (India) Ltd	Technology	35.84	1.14	2.46	Aug25	8.13
Motilal Oswal Nifty Midcap 150 Idx DirGr	INF247L01916	Hindustan Petroleum Corp Ltd	Energy	34.87	1.11	2.46	Oct24	5.55
Motilal Oswal Nifty Midcap 150 Idx DirGr	INF247L01916	Hindustan Petroleum Corp Ltd	Energy	34.87	1.11	2.46	Nov24	7.52
Motilal Oswal Nifty Midcap 150 Idx DirGr	INF247L01916	Hindustan Petroleum Corp Ltd	Energy	34.87	1.11	2.46	Dec24	3.56
Motilal Oswal Nifty Midcap 150 Idx DirGr	INF247L01916	Hindustan Petroleum Corp Ltd	Energy	34.87	1.11	2.46	Jan25	5.32
Motilal Oswal Nifty Midcap 150 Idx DirGr	INF247L01916	Hindustan Petroleum Corp Ltd	Energy	34.87	1.11	2.46	Feb25	5.59
Motilal Oswal Nifty Midcap 150 Idx DirGr	INF247L01916	Hindustan Petroleum Corp Ltd	Energy	34.87	1.11	2.46	Mar25	15.51
Motilal Oswal Nifty Midcap 150 Idx DirGr	INF247L01916	Hindustan Petroleum Corp Ltd	Energy	34.87	1.11	2.46	Mar25	15.51
Motilal Oswal Nifty Midcap 150 Idx DirGr	INF247L01916	Hindustan Petroleum Corp Ltd	Energy	34.87	1.11	2.46	Apr25	12.51
Motilal Oswal Nifty Midcap 150 Idx DirGr	INF247L01916	Hindustan Petroleum Corp Ltd	Energy	34.87	1.11	2.46	May25	11.15
Motilal Oswal Nifty Midcap 150 Idx DirGr	INF247L01916	Hindustan Petroleum Corp Ltd	Energy	34.87	1.11	2.46	June25	10.18
Motilal Oswal Nifty Midcap 150 Idx DirGr	INF247L01916	Hindustan Petroleum Corp Ltd	Energy	34.87	1.11	2.46	July25	9.19
Motilal Oswal Nifty Midcap 150 Idx DirGr	INF247L01916	Hindustan Petroleum Corp Ltd	Energy	34.87	1.11	2.46	Aug25	8.13
Motilal Oswal Nifty Midcap 150 Idx DirGr	INF247L01916	Marico Ltd	Consumer Defensive	34.50	1.10	2.46	Oct24	5.55
Motilal Oswal Nifty Midcap 150 Idx DirGr	INF247L01916	Marico Ltd	Consumer Defensive	34.50	1.10	2.46	Nov24	7.52
Motilal Oswal Nifty Midcap 150 Idx DirGr	INF247L01916	Marico Ltd	Consumer Defensive	34.50	1.10	2.46	Dec24	3.56
Motilal Oswal Nifty Midcap 150 Idx DirGr	INF247L01916	Marico Ltd	Consumer Defensive	34.50	1.10	2.46	Jan25	5.32
Motilal Oswal Nifty Midcap 150 Idx DirGr	INF247L01916	Marico Ltd	Consumer Defensive	34.50	1.10	2.46	Feb25	5.59
Motilal Oswal Nifty Midcap 150 Idx DirGr	INF247L01916	Marico Ltd	Consumer Defensive	34.50	1.10	2.46	Mar25	15.51
Motilal Oswal Nifty Midcap 150 Idx DirGr	INF247L01916	Marico Ltd	Consumer Defensive	34.50	1.10	2.46	Mar25	15.51
Motilal Oswal Nifty Midcap 150 Idx DirGr	INF247L01916	Marico Ltd	Consumer Defensive	34.50	1.10	2.46	Apr25	12.51
Motilal Oswal Nifty Midcap 150 Idx DirGr	INF247L01916	Marico Ltd	Consumer Defensive	34.50	1.10	2.46	May25	11.15
Motilal Oswal Nifty Midcap 150 Idx DirGr	INF247L01916	Marico Ltd	Consumer Defensive	34.50	1.10	2.46	June25	10.18
Motilal Oswal Nifty Midcap 150 Idx DirGr	INF247L01916	Marico Ltd	Consumer Defensive	34.50	1.10	2.46	July25	9.19
Motilal Oswal Nifty Midcap 150 Idx DirGr	INF247L01916	Marico Ltd	Consumer Defensive	34.50	1.10	2.46	Aug25	8.13
Motilal Oswal Nifty Midcap 150 Idx DirGr	INF247L01916	APL Apollo Tubes Ltd	Basic Materials	33.61	1.07	2.46	Oct24	5.55
Motilal Oswal Nifty Midcap 150 Idx DirGr	INF247L01916	APL Apollo Tubes Ltd	Basic Materials	33.61	1.07	2.46	Nov24	7.52
Motilal Oswal Nifty Midcap 150 Idx DirGr	INF247L01916	APL Apollo Tubes Ltd	Basic Materials	33.61	1.07	2.46	Dec24	3.56
Motilal Oswal Nifty Midcap 150 Idx DirGr	INF247L01916	APL Apollo Tubes Ltd	Basic Materials	33.61	1.07	2.46	Jan25	5.32
Motilal Oswal Nifty Midcap 150 Idx DirGr	INF247L01916	APL Apollo Tubes Ltd	Basic Materials	33.61	1.07	2.46	Feb25	5.59
Motilal Oswal Nifty Midcap 150 Idx DirGr	INF247L01916	APL Apollo Tubes Ltd	Basic Materials	33.61	1.07	2.46	Mar25	15.51
Motilal Oswal Nifty Midcap 150 Idx DirGr	INF247L01916	APL Apollo Tubes Ltd	Basic Materials	33.61	1.07	2.46	Mar25	15.51
Motilal Oswal Nifty Midcap 150 Idx DirGr	INF247L01916	APL Apollo Tubes Ltd	Basic Materials	33.61	1.07	2.46	Apr25	12.51
Motilal Oswal Nifty Midcap 150 Idx DirGr	INF247L01916	APL Apollo Tubes Ltd	Basic Materials	33.61	1.07	2.46	May25	11.15
Motilal Oswal Nifty Midcap 150 Idx DirGr	INF247L01916	APL Apollo Tubes Ltd	Basic Materials	33.61	1.07	2.46	June25	10.18
Motilal Oswal Nifty Midcap 150 Idx DirGr	INF247L01916	APL Apollo Tubes Ltd	Basic Materials	33.61	1.07	2.46	July25	9.19
Motilal Oswal Nifty Midcap 150 Idx DirGr	INF247L01916	APL Apollo Tubes Ltd	Basic Materials	33.61	1.07	2.46	Aug25	8.13
Motilal Oswal Nifty Midcap 150 Idx DirGr	INF247L01916	Swiggy Ltd	Consumer Cyclical	33.38	1.06	2.46	Oct24	5.55
Motilal Oswal Nifty Midcap 150 Idx DirGr	INF247L01916	Swiggy Ltd	Consumer Cyclical	33.38	1.06	2.46	Nov24	7.52
Motilal Oswal Nifty Midcap 150 Idx DirGr	INF247L01916	Swiggy Ltd	Consumer Cyclical	33.38	1.06	2.46	Dec24	3.56
Motilal Oswal Nifty Midcap 150 Idx DirGr	INF247L01916	Swiggy Ltd	Consumer Cyclical	33.38	1.06	2.46	Jan25	5.32
Motilal Oswal Nifty Midcap 150 Idx DirGr	INF247L01916	Swiggy Ltd	Consumer Cyclical	33.38	1.06	2.46	Feb25	5.59
Motilal Oswal Nifty Midcap 150 Idx DirGr	INF247L01916	Swiggy Ltd	Consumer Cyclical	33.38	1.06	2.46	Mar25	15.51
Motilal Oswal Nifty Midcap 150 Idx DirGr	INF247L01916	Swiggy Ltd	Consumer Cyclical	33.38	1.06	2.46	Mar25	15.51
Motilal Oswal Nifty Midcap 150 Idx DirGr	INF247L01916	Swiggy Ltd	Consumer Cyclical	33.38	1.06	2.46	Apr25	12.51
Motilal Oswal Nifty Midcap 150 Idx DirGr	INF247L01916	Swiggy Ltd	Consumer Cyclical	33.38	1.06	2.46	May25	11.15
Motilal Oswal Nifty Midcap 150 Idx DirGr	INF247L01916	Swiggy Ltd	Consumer Cyclical	33.38	1.06	2.46	June25	10.18
Motilal Oswal Nifty Midcap 150 Idx DirGr	INF247L01916	Swiggy Ltd	Consumer Cyclical	33.38	1.06	2.46	July25	9.19
Motilal Oswal Nifty Midcap 150 Idx DirGr	INF247L01916	Swiggy Ltd	Consumer Cyclical	33.38	1.06	2.46	Aug25	8.13
Motilal Oswal Nifty Midcap 150 Idx DirGr	INF247L01916	Coforge Ltd	Technology	32.86	1.05	2.46	Oct24	5.55
Motilal Oswal Nifty Midcap 150 Idx DirGr	INF247L01916	Coforge Ltd	Technology	32.86	1.05	2.46	Nov24	7.52
Motilal Oswal Nifty Midcap 150 Idx DirGr	INF247L01916	Coforge Ltd	Technology	32.86	1.05	2.46	Dec24	3.56
Motilal Oswal Nifty Midcap 150 Idx DirGr	INF247L01916	Coforge Ltd	Technology	32.86	1.05	2.46	Jan25	5.32
Motilal Oswal Nifty Midcap 150 Idx DirGr	INF247L01916	Coforge Ltd	Technology	32.86	1.05	2.46	Feb25	5.59
Motilal Oswal Nifty Midcap 150 Idx DirGr	INF247L01916	Coforge Ltd	Technology	32.86	1.05	2.46	Mar25	15.51
Motilal Oswal Nifty Midcap 150 Idx DirGr	INF247L01916	Coforge Ltd	Technology	32.86	1.05	2.46	Mar25	15.51
Motilal Oswal Nifty Midcap 150 Idx DirGr	INF247L01916	Coforge Ltd	Technology	32.86	1.05	2.46	Apr25	12.51
Motilal Oswal Nifty Midcap 150 Idx DirGr	INF247L01916	Coforge Ltd	Technology	32.86	1.05	2.46	May25	11.15
Motilal Oswal Nifty Midcap 150 Idx DirGr	INF247L01916	Coforge Ltd	Technology	32.86	1.05	2.46	June25	10.18
Motilal Oswal Nifty Midcap 150 Idx DirGr	INF247L01916	Coforge Ltd	Technology	32.86	1.05	2.46	July25	9.19
Motilal Oswal Nifty Midcap 150 Idx DirGr	INF247L01916	Coforge Ltd	Technology	32.86	1.05	2.46	Aug25	8.13
Motilal Oswal Nifty Midcap 150 Idx DirGr	INF247L01916	Union Bank of India	Financial Services	32.35	1.03	2.46	Oct24	5.55
Motilal Oswal Nifty Midcap 150 Idx DirGr	INF247L01916	Union Bank of India	Financial Services	32.35	1.03	2.46	Nov24	7.52
Motilal Oswal Nifty Midcap 150 Idx DirGr	INF247L01916	Union Bank of India	Financial Services	32.35	1.03	2.46	Dec24	3.56
Motilal Oswal Nifty Midcap 150 Idx DirGr	INF247L01916	Union Bank of India	Financial Services	32.35	1.03	2.46	Jan25	5.32
Motilal Oswal Nifty Midcap 150 Idx DirGr	INF247L01916	Union Bank of India	Financial Services	32.35	1.03	2.46	Feb25	5.59
Motilal Oswal Nifty Midcap 150 Idx DirGr	INF247L01916	Union Bank of India	Financial Services	32.35	1.03	2.46	Mar25	15.51
Motilal Oswal Nifty Midcap 150 Idx DirGr	INF247L01916	Union Bank of India	Financial Services	32.35	1.03	2.46	Mar25	15.51
Motilal Oswal Nifty Midcap 150 Idx DirGr	INF247L01916	Union Bank of India	Financial Services	32.35	1.03	2.46	Apr25	12.51
Motilal Oswal Nifty Midcap 150 Idx DirGr	INF247L01916	Union Bank of India	Financial Services	32.35	1.03	2.46	May25	11.15
Motilal Oswal Nifty Midcap 150 Idx DirGr	INF247L01916	Union Bank of India	Financial Services	32.35	1.03	2.46	June25	10.18
Motilal Oswal Nifty Midcap 150 Idx DirGr	INF247L01916	Union Bank of India	Financial Services	32.35	1.03	2.46	July25	9.19
Motilal Oswal Nifty Midcap 150 Idx DirGr	INF247L01916	Union Bank of India	Financial Services	32.35	1.03	2.46	Aug25	8.13
Motilal Oswal Nifty Midcap 150 Idx DirGr	INF247L01916	Bharat Heavy Electricals Ltd	Industrials	32.01	1.02	16.38	Oct24	5.55
Motilal Oswal Nifty Midcap 150 Idx DirGr	INF247L01916	Bharat Heavy Electricals Ltd	Industrials	32.01	1.02	16.38	Nov24	7.52
Motilal Oswal Nifty Midcap 150 Idx DirGr	INF247L01916	Bharat Heavy Electricals Ltd	Industrials	32.01	1.02	16.38	Dec24	3.56
Motilal Oswal Nifty Midcap 150 Idx DirGr	INF247L01916	Bharat Heavy Electricals Ltd	Industrials	32.01	1.02	16.38	Jan25	5.32
Motilal Oswal Nifty Midcap 150 Idx DirGr	INF247L01916	Bharat Heavy Electricals Ltd	Industrials	32.01	1.02	16.38	Feb25	5.59
Motilal Oswal Nifty Midcap 150 Idx DirGr	INF247L01916	Bharat Heavy Electricals Ltd	Industrials	32.01	1.02	16.38	Mar25	15.51
Motilal Oswal Nifty Midcap 150 Idx DirGr	INF247L01916	Bharat Heavy Electricals Ltd	Industrials	32.01	1.02	16.38	Mar25	15.51
Motilal Oswal Nifty Midcap 150 Idx DirGr	INF247L01916	Bharat Heavy Electricals Ltd	Industrials	32.01	1.02	16.38	Apr25	12.51
Motilal Oswal Nifty Midcap 150 Idx DirGr	INF247L01916	Bharat Heavy Electricals Ltd	Industrials	32.01	1.02	16.38	May25	11.15
Motilal Oswal Nifty Midcap 150 Idx DirGr	INF247L01916	Bharat Heavy Electricals Ltd	Industrials	32.01	1.02	16.38	June25	10.18
Motilal Oswal Nifty Midcap 150 Idx DirGr	INF247L01916	Bharat Heavy Electricals Ltd	Industrials	32.01	1.02	16.38	July25	9.19
Motilal Oswal Nifty Midcap 150 Idx DirGr	INF247L01916	Bharat Heavy Electricals Ltd	Industrials	32.01	1.02	16.38	Aug25	8.13
Motilal Oswal Nifty Midcap 150 Idx DirGr	INF247L01916	Sundaram Finance Ltd	Financial Services	31.39	1.00	2.46	Oct24	5.55
Motilal Oswal Nifty Midcap 150 Idx DirGr	INF247L01916	Sundaram Finance Ltd	Financial Services	31.39	1.00	2.46	Nov24	7.52
Motilal Oswal Nifty Midcap 150 Idx DirGr	INF247L01916	Sundaram Finance Ltd	Financial Services	31.39	1.00	2.46	Dec24	3.56
Motilal Oswal Nifty Midcap 150 Idx DirGr	INF247L01916	Sundaram Finance Ltd	Financial Services	31.39	1.00	2.46	Jan25	5.32
Motilal Oswal Nifty Midcap 150 Idx DirGr	INF247L01916	Sundaram Finance Ltd	Financial Services	31.39	1.00	2.46	Feb25	5.59
Motilal Oswal Nifty Midcap 150 Idx DirGr	INF247L01916	Sundaram Finance Ltd	Financial Services	31.39	1.00	2.46	Mar25	15.51
Motilal Oswal Nifty Midcap 150 Idx DirGr	INF247L01916	Sundaram Finance Ltd	Financial Services	31.39	1.00	2.46	Mar25	15.51
Motilal Oswal Nifty Midcap 150 Idx DirGr	INF247L01916	Sundaram Finance Ltd	Financial Services	31.39	1.00	2.46	Apr25	12.51
Motilal Oswal Nifty Midcap 150 Idx DirGr	INF247L01916	Sundaram Finance Ltd	Financial Services	31.39	1.00	2.46	May25	11.15
Motilal Oswal Nifty Midcap 150 Idx DirGr	INF247L01916	Sundaram Finance Ltd	Financial Services	31.39	1.00	2.46	June25	10.18
Motilal Oswal Nifty Midcap 150 Idx DirGr	INF247L01916	Sundaram Finance Ltd	Financial Services	31.39	1.00	2.46	July25	9.19
Motilal Oswal Nifty Midcap 150 Idx DirGr	INF247L01916	Sundaram Finance Ltd	Financial Services	31.39	1.00	2.46	Aug25	8.13
Motilal Oswal Nifty Midcap 150 Idx DirGr	INF247L01916	SRF Ltd	Industrials	30.79	0.98	2.46	Oct24	5.55
Motilal Oswal Nifty Midcap 150 Idx DirGr	INF247L01916	SRF Ltd	Industrials	30.79	0.98	2.46	Nov24	7.52
Motilal Oswal Nifty Midcap 150 Idx DirGr	INF247L01916	SRF Ltd	Industrials	30.79	0.98	2.46	Dec24	3.56
Motilal Oswal Nifty Midcap 150 Idx DirGr	INF247L01916	SRF Ltd	Industrials	30.79	0.98	2.46	Jan25	5.32
Motilal Oswal Nifty Midcap 150 Idx DirGr	INF247L01916	SRF Ltd	Industrials	30.79	0.98	2.46	Feb25	5.59
Motilal Oswal Nifty Midcap 150 Idx DirGr	INF247L01916	SRF Ltd	Industrials	30.79	0.98	2.46	Mar25	15.51
Motilal Oswal Nifty Midcap 150 Idx DirGr	INF247L01916	SRF Ltd	Industrials	30.79	0.98	2.46	Mar25	15.51
Motilal Oswal Nifty Midcap 150 Idx DirGr	INF247L01916	SRF Ltd	Industrials	30.79	0.98	2.46	Apr25	12.51
Motilal Oswal Nifty Midcap 150 Idx DirGr	INF247L01916	SRF Ltd	Industrials	30.79	0.98	2.46	May25	11.15
Motilal Oswal Nifty Midcap 150 Idx DirGr	INF247L01916	SRF Ltd	Industrials	30.79	0.98	2.46	June25	10.18
Motilal Oswal Nifty Midcap 150 Idx DirGr	INF247L01916	SRF Ltd	Industrials	30.79	0.98	2.46	July25	9.19
Motilal Oswal Nifty Midcap 150 Idx DirGr	INF247L01916	SRF Ltd	Industrials	30.79	0.98	2.46	Aug25	8.13
Motilal Oswal Nifty Midcap 150 Idx DirGr	INF247L01916	Yes Bank Ltd	Financial Services	30.11	0.96	2.46	Oct24	5.55
Motilal Oswal Nifty Midcap 150 Idx DirGr	INF247L01916	Yes Bank Ltd	Financial Services	30.11	0.96	2.46	Nov24	7.52
Motilal Oswal Nifty Midcap 150 Idx DirGr	INF247L01916	Yes Bank Ltd	Financial Services	30.11	0.96	2.46	Dec24	3.56
Motilal Oswal Nifty Midcap 150 Idx DirGr	INF247L01916	Yes Bank Ltd	Financial Services	30.11	0.96	2.46	Jan25	5.32
Motilal Oswal Nifty Midcap 150 Idx DirGr	INF247L01916	Yes Bank Ltd	Financial Services	30.11	0.96	2.46	Feb25	5.59
Motilal Oswal Nifty Midcap 150 Idx DirGr	INF247L01916	Yes Bank Ltd	Financial Services	30.11	0.96	2.46	Mar25	15.51
Motilal Oswal Nifty Midcap 150 Idx DirGr	INF247L01916	Yes Bank Ltd	Financial Services	30.11	0.96	2.46	Mar25	15.51
Motilal Oswal Nifty Midcap 150 Idx DirGr	INF247L01916	Yes Bank Ltd	Financial Services	30.11	0.96	2.46	Apr25	12.51
Motilal Oswal Nifty Midcap 150 Idx DirGr	INF247L01916	Yes Bank Ltd	Financial Services	30.11	0.96	2.46	May25	11.15
Motilal Oswal Nifty Midcap 150 Idx DirGr	INF247L01916	Yes Bank Ltd	Financial Services	30.11	0.96	2.46	June25	10.18
Motilal Oswal Nifty Midcap 150 Idx DirGr	INF247L01916	Yes Bank Ltd	Financial Services	30.11	0.96	2.46	July25	9.19
Motilal Oswal Nifty Midcap 150 Idx DirGr	INF247L01916	Yes Bank Ltd	Financial Services	30.11	0.96	2.46	Aug25	8.13
Motilal Oswal Nifty Midcap 150 Idx DirGr	INF247L01916	FSN E-Commerce Ventures Ltd	Consumer Cyclical	30.01	0.96	2.46	Oct24	5.55
Motilal Oswal Nifty Midcap 150 Idx DirGr	INF247L01916	FSN E-Commerce Ventures Ltd	Consumer Cyclical	30.01	0.96	2.46	Nov24	7.52
Motilal Oswal Nifty Midcap 150 Idx DirGr	INF247L01916	FSN E-Commerce Ventures Ltd	Consumer Cyclical	30.01	0.96	2.46	Dec24	3.56
Motilal Oswal Nifty Midcap 150 Idx DirGr	INF247L01916	FSN E-Commerce Ventures Ltd	Consumer Cyclical	30.01	0.96	2.46	Jan25	5.32
Motilal Oswal Nifty Midcap 150 Idx DirGr	INF247L01916	FSN E-Commerce Ventures Ltd	Consumer Cyclical	30.01	0.96	2.46	Feb25	5.59
Motilal Oswal Nifty Midcap 150 Idx DirGr	INF247L01916	FSN E-Commerce Ventures Ltd	Consumer Cyclical	30.01	0.96	2.46	Mar25	15.51
Motilal Oswal Nifty Midcap 150 Idx DirGr	INF247L01916	FSN E-Commerce Ventures Ltd	Consumer Cyclical	30.01	0.96	2.46	Mar25	15.51
Motilal Oswal Nifty Midcap 150 Idx DirGr	INF247L01916	FSN E-Commerce Ventures Ltd	Consumer Cyclical	30.01	0.96	2.46	Apr25	12.51
Motilal Oswal Nifty Midcap 150 Idx DirGr	INF247L01916	FSN E-Commerce Ventures Ltd	Consumer Cyclical	30.01	0.96	2.46	May25	11.15
Motilal Oswal Nifty Midcap 150 Idx DirGr	INF247L01916	FSN E-Commerce Ventures Ltd	Consumer Cyclical	30.01	0.96	2.46	June25	10.18
Motilal Oswal Nifty Midcap 150 Idx DirGr	INF247L01916	FSN E-Commerce Ventures Ltd	Consumer Cyclical	30.01	0.96	2.46	July25	9.19
Motilal Oswal Nifty Midcap 150 Idx DirGr	INF247L01916	FSN E-Commerce Ventures Ltd	Consumer Cyclical	30.01	0.96	2.46	Aug25	8.13
Motilal Oswal Nifty Midcap 150 Idx DirGr	INF247L01916	Muthoot Finance Ltd	Financial Services	29.76	0.95	2.46	Oct24	5.55
Motilal Oswal Nifty Midcap 150 Idx DirGr	INF247L01916	Muthoot Finance Ltd	Financial Services	29.76	0.95	2.46	Nov24	7.52
Motilal Oswal Nifty Midcap 150 Idx DirGr	INF247L01916	Muthoot Finance Ltd	Financial Services	29.76	0.95	2.46	Dec24	3.56
Motilal Oswal Nifty Midcap 150 Idx DirGr	INF247L01916	Muthoot Finance Ltd	Financial Services	29.76	0.95	2.46	Jan25	5.32
Motilal Oswal Nifty Midcap 150 Idx DirGr	INF247L01916	Muthoot Finance Ltd	Financial Services	29.76	0.95	2.46	Feb25	5.59
Motilal Oswal Nifty Midcap 150 Idx DirGr	INF247L01916	Muthoot Finance Ltd	Financial Services	29.76	0.95	2.46	Mar25	15.51
Motilal Oswal Nifty Midcap 150 Idx DirGr	INF247L01916	Muthoot Finance Ltd	Financial Services	29.76	0.95	2.46	Mar25	15.51
Motilal Oswal Nifty Midcap 150 Idx DirGr	INF247L01916	Muthoot Finance Ltd	Financial Services	29.76	0.95	2.46	Apr25	12.51
Motilal Oswal Nifty Midcap 150 Idx DirGr	INF247L01916	Muthoot Finance Ltd	Financial Services	29.76	0.95	2.46	May25	11.15
Motilal Oswal Nifty Midcap 150 Idx DirGr	INF247L01916	Muthoot Finance Ltd	Financial Services	29.76	0.95	2.46	June25	10.18
Motilal Oswal Nifty Midcap 150 Idx DirGr	INF247L01916	Muthoot Finance Ltd	Financial Services	29.76	0.95	2.46	July25	9.19
Motilal Oswal Nifty Midcap 150 Idx DirGr	INF247L01916	Muthoot Finance Ltd	Financial Services	29.76	0.95	2.46	Aug25	8.13
Motilal Oswal Nifty Midcap 150 Idx DirGr	INF247L01916	GMR Airports Ltd	Industrials	29.72	0.95	2.46	Oct24	5.55
Motilal Oswal Nifty Midcap 150 Idx DirGr	INF247L01916	GMR Airports Ltd	Industrials	29.72	0.95	2.46	Nov24	7.52
Motilal Oswal Nifty Midcap 150 Idx DirGr	INF247L01916	GMR Airports Ltd	Industrials	29.72	0.95	2.46	Dec24	3.56
Motilal Oswal Nifty Midcap 150 Idx DirGr	INF247L01916	GMR Airports Ltd	Industrials	29.72	0.95	2.46	Jan25	5.32
Motilal Oswal Nifty Midcap 150 Idx DirGr	INF247L01916	GMR Airports Ltd	Industrials	29.72	0.95	2.46	Feb25	5.59
Motilal Oswal Nifty Midcap 150 Idx DirGr	INF247L01916	GMR Airports Ltd	Industrials	29.72	0.95	2.46	Mar25	15.51
Motilal Oswal Nifty Midcap 150 Idx DirGr	INF247L01916	GMR Airports Ltd	Industrials	29.72	0.95	2.46	Mar25	15.51
Motilal Oswal Nifty Midcap 150 Idx DirGr	INF247L01916	GMR Airports Ltd	Industrials	29.72	0.95	2.46	Apr25	12.51
Motilal Oswal Nifty Midcap 150 Idx DirGr	INF247L01916	GMR Airports Ltd	Industrials	29.72	0.95	2.46	May25	11.15
Motilal Oswal Nifty Midcap 150 Idx DirGr	INF247L01916	GMR Airports Ltd	Industrials	29.72	0.95	2.46	June25	10.18
Motilal Oswal Nifty Midcap 150 Idx DirGr	INF247L01916	GMR Airports Ltd	Industrials	29.72	0.95	2.46	July25	9.19
Motilal Oswal Nifty Midcap 150 Idx DirGr	INF247L01916	GMR Airports Ltd	Industrials	29.72	0.95	2.46	Aug25	8.13
Motilal Oswal Nifty Midcap 150 Idx DirGr	INF247L01916	UPL Ltd	Basic Materials	29.55	0.94	2.46	Oct24	5.55
Motilal Oswal Nifty Midcap 150 Idx DirGr	INF247L01916	UPL Ltd	Basic Materials	29.55	0.94	2.46	Nov24	7.52
Motilal Oswal Nifty Midcap 150 Idx DirGr	INF247L01916	UPL Ltd	Basic Materials	29.55	0.94	2.46	Dec24	3.56
Motilal Oswal Nifty Midcap 150 Idx DirGr	INF247L01916	UPL Ltd	Basic Materials	29.55	0.94	2.46	Jan25	5.32
Motilal Oswal Nifty Midcap 150 Idx DirGr	INF247L01916	UPL Ltd	Basic Materials	29.55	0.94	2.46	Feb25	5.59
Motilal Oswal Nifty Midcap 150 Idx DirGr	INF247L01916	UPL Ltd	Basic Materials	29.55	0.94	2.46	Mar25	15.51
Motilal Oswal Nifty Midcap 150 Idx DirGr	INF247L01916	UPL Ltd	Basic Materials	29.55	0.94	2.46	Mar25	15.51
Motilal Oswal Nifty Midcap 150 Idx DirGr	INF247L01916	UPL Ltd	Basic Materials	29.55	0.94	2.46	Apr25	12.51
Motilal Oswal Nifty Midcap 150 Idx DirGr	INF247L01916	UPL Ltd	Basic Materials	29.55	0.94	2.46	May25	11.15
Motilal Oswal Nifty Midcap 150 Idx DirGr	INF247L01916	UPL Ltd	Basic Materials	29.55	0.94	2.46	June25	10.18
Motilal Oswal Nifty Midcap 150 Idx DirGr	INF247L01916	UPL Ltd	Basic Materials	29.55	0.94	2.46	July25	9.19
Motilal Oswal Nifty Midcap 150 Idx DirGr	INF247L01916	UPL Ltd	Basic Materials	29.55	0.94	2.46	Aug25	8.13
Motilal Oswal Nifty Midcap 150 Idx DirGr	INF247L01916	Voltas Ltd	Consumer Cyclical	29.42	0.94	2.46	Oct24	5.55
Motilal Oswal Nifty Midcap 150 Idx DirGr	INF247L01916	Voltas Ltd	Consumer Cyclical	29.42	0.94	2.46	Nov24	7.52
Motilal Oswal Nifty Midcap 150 Idx DirGr	INF247L01916	Voltas Ltd	Consumer Cyclical	29.42	0.94	2.46	Dec24	3.56
Motilal Oswal Nifty Midcap 150 Idx DirGr	INF247L01916	Voltas Ltd	Consumer Cyclical	29.42	0.94	2.46	Jan25	5.32
Motilal Oswal Nifty Midcap 150 Idx DirGr	INF247L01916	Voltas Ltd	Consumer Cyclical	29.42	0.94	2.46	Feb25	5.59
Motilal Oswal Nifty Midcap 150 Idx DirGr	INF247L01916	Voltas Ltd	Consumer Cyclical	29.42	0.94	2.46	Mar25	15.51
Motilal Oswal Nifty Midcap 150 Idx DirGr	INF247L01916	Voltas Ltd	Consumer Cyclical	29.42	0.94	2.46	Mar25	15.51
Motilal Oswal Nifty Midcap 150 Idx DirGr	INF247L01916	Voltas Ltd	Consumer Cyclical	29.42	0.94	2.46	Apr25	12.51
Motilal Oswal Nifty Midcap 150 Idx DirGr	INF247L01916	Voltas Ltd	Consumer Cyclical	29.42	0.94	2.46	May25	11.15
Motilal Oswal Nifty Midcap 150 Idx DirGr	INF247L01916	Voltas Ltd	Consumer Cyclical	29.42	0.94	2.46	June25	10.18
Motilal Oswal Nifty Midcap 150 Idx DirGr	INF247L01916	Voltas Ltd	Consumer Cyclical	29.42	0.94	2.46	July25	9.19
Motilal Oswal Nifty Midcap 150 Idx DirGr	INF247L01916	Voltas Ltd	Consumer Cyclical	29.42	0.94	2.46	Aug25	8.13
Motilal Oswal Nifty Midcap 150 Idx DirGr	INF247L01916	Indian Bank	Financial Services	28.97	0.92	2.46	Oct24	5.55
Motilal Oswal Nifty Midcap 150 Idx DirGr	INF247L01916	Indian Bank	Financial Services	28.97	0.92	2.46	Nov24	7.52
Motilal Oswal Nifty Midcap 150 Idx DirGr	INF247L01916	Indian Bank	Financial Services	28.97	0.92	2.46	Dec24	3.56
Motilal Oswal Nifty Midcap 150 Idx DirGr	INF247L01916	Indian Bank	Financial Services	28.97	0.92	2.46	Jan25	5.32
Motilal Oswal Nifty Midcap 150 Idx DirGr	INF247L01916	Indian Bank	Financial Services	28.97	0.92	2.46	Feb25	5.59
Motilal Oswal Nifty Midcap 150 Idx DirGr	INF247L01916	Indian Bank	Financial Services	28.97	0.92	2.46	Mar25	15.51
Motilal Oswal Nifty Midcap 150 Idx DirGr	INF247L01916	Indian Bank	Financial Services	28.97	0.92	2.46	Mar25	15.51
Motilal Oswal Nifty Midcap 150 Idx DirGr	INF247L01916	Indian Bank	Financial Services	28.97	0.92	2.46	Apr25	12.51
Motilal Oswal Nifty Midcap 150 Idx DirGr	INF247L01916	Indian Bank	Financial Services	28.97	0.92	2.46	May25	11.15
Motilal Oswal Nifty Midcap 150 Idx DirGr	INF247L01916	Indian Bank	Financial Services	28.97	0.92	2.46	June25	10.18
Motilal Oswal Nifty Midcap 150 Idx DirGr	INF247L01916	Indian Bank	Financial Services	28.97	0.92	2.46	July25	9.19
Motilal Oswal Nifty Midcap 150 Idx DirGr	INF247L01916	Indian Bank	Financial Services	28.97	0.92	2.46	Aug25	8.13
Motilal Oswal Nifty Midcap 150 Idx DirGr	INF247L01916	Aurobindo Pharma Ltd	Healthcare	28.25	0.90	2.46	Oct24	5.55
Motilal Oswal Nifty Midcap 150 Idx DirGr	INF247L01916	Aurobindo Pharma Ltd	Healthcare	28.25	0.90	2.46	Nov24	7.52
Motilal Oswal Nifty Midcap 150 Idx DirGr	INF247L01916	Aurobindo Pharma Ltd	Healthcare	28.25	0.90	2.46	Dec24	3.56
Motilal Oswal Nifty Midcap 150 Idx DirGr	INF247L01916	Aurobindo Pharma Ltd	Healthcare	28.25	0.90	2.46	Jan25	5.32
Motilal Oswal Nifty Midcap 150 Idx DirGr	INF247L01916	Aurobindo Pharma Ltd	Healthcare	28.25	0.90	2.46	Feb25	5.59
Motilal Oswal Nifty Midcap 150 Idx DirGr	INF247L01916	Aurobindo Pharma Ltd	Healthcare	28.25	0.90	2.46	Mar25	15.51
Motilal Oswal Nifty Midcap 150 Idx DirGr	INF247L01916	Aurobindo Pharma Ltd	Healthcare	28.25	0.90	2.46	Mar25	15.51
Motilal Oswal Nifty Midcap 150 Idx DirGr	INF247L01916	Aurobindo Pharma Ltd	Healthcare	28.25	0.90	2.46	Apr25	12.51
Motilal Oswal Nifty Midcap 150 Idx DirGr	INF247L01916	Aurobindo Pharma Ltd	Healthcare	28.25	0.90	2.46	May25	11.15
Motilal Oswal Nifty Midcap 150 Idx DirGr	INF247L01916	Aurobindo Pharma Ltd	Healthcare	28.25	0.90	2.46	June25	10.18
Motilal Oswal Nifty Midcap 150 Idx DirGr	INF247L01916	Aurobindo Pharma Ltd	Healthcare	28.25	0.90	2.46	July25	9.19
Motilal Oswal Nifty Midcap 150 Idx DirGr	INF247L01916	Aurobindo Pharma Ltd	Healthcare	28.25	0.90	2.46	Aug25	8.13
Motilal Oswal Nifty Midcap 150 Idx DirGr	INF247L01916	Alkem Laboratories Ltd	Healthcare	27.31	0.87	2.46	Oct24	5.55
Motilal Oswal Nifty Midcap 150 Idx DirGr	INF247L01916	Alkem Laboratories Ltd	Healthcare	27.31	0.87	2.46	Nov24	7.52
Motilal Oswal Nifty Midcap 150 Idx DirGr	INF247L01916	Alkem Laboratories Ltd	Healthcare	27.31	0.87	2.46	Dec24	3.56
Motilal Oswal Nifty Midcap 150 Idx DirGr	INF247L01916	Alkem Laboratories Ltd	Healthcare	27.31	0.87	2.46	Jan25	5.32
Motilal Oswal Nifty Midcap 150 Idx DirGr	INF247L01916	Alkem Laboratories Ltd	Healthcare	27.31	0.87	2.46	Feb25	5.59
Motilal Oswal Nifty Midcap 150 Idx DirGr	INF247L01916	Alkem Laboratories Ltd	Healthcare	27.31	0.87	2.46	Mar25	15.51
Motilal Oswal Nifty Midcap 150 Idx DirGr	INF247L01916	Alkem Laboratories Ltd	Healthcare	27.31	0.87	2.46	Mar25	15.51
Motilal Oswal Nifty Midcap 150 Idx DirGr	INF247L01916	Alkem Laboratories Ltd	Healthcare	27.31	0.87	2.46	Apr25	12.51
Motilal Oswal Nifty Midcap 150 Idx DirGr	INF247L01916	Alkem Laboratories Ltd	Healthcare	27.31	0.87	2.46	May25	11.15
Motilal Oswal Nifty Midcap 150 Idx DirGr	INF247L01916	Alkem Laboratories Ltd	Healthcare	27.31	0.87	2.46	June25	10.18
Motilal Oswal Nifty Midcap 150 Idx DirGr	INF247L01916	Alkem Laboratories Ltd	Healthcare	27.31	0.87	2.46	July25	9.19
Motilal Oswal Nifty Midcap 150 Idx DirGr	INF247L01916	Alkem Laboratories Ltd	Healthcare	27.31	0.87	2.46	Aug25	8.13
Motilal Oswal Nifty Midcap 150 Idx DirGr	INF247L01916	Hitachi Energy India Ltd Ordinary Shares	Industrials	26.90	0.86	2.45	Oct24	5.55
Motilal Oswal Nifty Midcap 150 Idx DirGr	INF247L01916	Hitachi Energy India Ltd Ordinary Shares	Industrials	26.90	0.86	2.45	Nov24	7.52
Motilal Oswal Nifty Midcap 150 Idx DirGr	INF247L01916	Hitachi Energy India Ltd Ordinary Shares	Industrials	26.90	0.86	2.45	Dec24	3.56
Motilal Oswal Nifty Midcap 150 Idx DirGr	INF247L01916	Hitachi Energy India Ltd Ordinary Shares	Industrials	26.90	0.86	2.45	Jan25	5.32
Motilal Oswal Nifty Midcap 150 Idx DirGr	INF247L01916	Hitachi Energy India Ltd Ordinary Shares	Industrials	26.90	0.86	2.45	Feb25	5.59
Motilal Oswal Nifty Midcap 150 Idx DirGr	INF247L01916	Hitachi Energy India Ltd Ordinary Shares	Industrials	26.90	0.86	2.45	Mar25	15.51
Motilal Oswal Nifty Midcap 150 Idx DirGr	INF247L01916	Hitachi Energy India Ltd Ordinary Shares	Industrials	26.90	0.86	2.45	Mar25	15.51
Motilal Oswal Nifty Midcap 150 Idx DirGr	INF247L01916	Hitachi Energy India Ltd Ordinary Shares	Industrials	26.90	0.86	2.45	Apr25	12.51
Motilal Oswal Nifty Midcap 150 Idx DirGr	INF247L01916	Hitachi Energy India Ltd Ordinary Shares	Industrials	26.90	0.86	2.45	May25	11.15
Motilal Oswal Nifty Midcap 150 Idx DirGr	INF247L01916	Hitachi Energy India Ltd Ordinary Shares	Industrials	26.90	0.86	2.45	June25	10.18
Motilal Oswal Nifty Midcap 150 Idx DirGr	INF247L01916	Hitachi Energy India Ltd Ordinary Shares	Industrials	26.90	0.86	2.45	July25	9.19
Motilal Oswal Nifty Midcap 150 Idx DirGr	INF247L01916	Hitachi Energy India Ltd Ordinary Shares	Industrials	26.90	0.86	2.45	Aug25	8.13
Motilal Oswal Nifty Midcap 150 Idx DirGr	INF247L01916	Glenmark Pharmaceuticals Ltd	Healthcare	26.63	0.85	2.46	Oct24	5.55
Motilal Oswal Nifty Midcap 150 Idx DirGr	INF247L01916	Glenmark Pharmaceuticals Ltd	Healthcare	26.63	0.85	2.46	Nov24	7.52
Motilal Oswal Nifty Midcap 150 Idx DirGr	INF247L01916	Glenmark Pharmaceuticals Ltd	Healthcare	26.63	0.85	2.46	Dec24	3.56
Motilal Oswal Nifty Midcap 150 Idx DirGr	INF247L01916	Glenmark Pharmaceuticals Ltd	Healthcare	26.63	0.85	2.46	Jan25	5.32
Motilal Oswal Nifty Midcap 150 Idx DirGr	INF247L01916	Glenmark Pharmaceuticals Ltd	Healthcare	26.63	0.85	2.46	Feb25	5.59
Motilal Oswal Nifty Midcap 150 Idx DirGr	INF247L01916	Glenmark Pharmaceuticals Ltd	Healthcare	26.63	0.85	2.46	Mar25	15.51
Motilal Oswal Nifty Midcap 150 Idx DirGr	INF247L01916	Glenmark Pharmaceuticals Ltd	Healthcare	26.63	0.85	2.46	Mar25	15.51
Motilal Oswal Nifty Midcap 150 Idx DirGr	INF247L01916	Glenmark Pharmaceuticals Ltd	Healthcare	26.63	0.85	2.46	Apr25	12.51
Motilal Oswal Nifty Midcap 150 Idx DirGr	INF247L01916	Glenmark Pharmaceuticals Ltd	Healthcare	26.63	0.85	2.46	May25	11.15
Motilal Oswal Nifty Midcap 150 Idx DirGr	INF247L01916	Glenmark Pharmaceuticals Ltd	Healthcare	26.63	0.85	2.46	June25	10.18
Motilal Oswal Nifty Midcap 150 Idx DirGr	INF247L01916	Glenmark Pharmaceuticals Ltd	Healthcare	26.63	0.85	2.46	July25	9.19
Motilal Oswal Nifty Midcap 150 Idx DirGr	INF247L01916	Glenmark Pharmaceuticals Ltd	Healthcare	26.63	0.85	2.46	Aug25	8.13
Motilal Oswal Nifty Midcap 150 Idx DirGr	INF247L01916	National Aluminium Co Ltd	Basic Materials	26.32	0.84	2.46	Oct24	5.55
Motilal Oswal Nifty Midcap 150 Idx DirGr	INF247L01916	National Aluminium Co Ltd	Basic Materials	26.32	0.84	2.46	Nov24	7.52
Motilal Oswal Nifty Midcap 150 Idx DirGr	INF247L01916	National Aluminium Co Ltd	Basic Materials	26.32	0.84	2.46	Dec24	3.56
Motilal Oswal Nifty Midcap 150 Idx DirGr	INF247L01916	National Aluminium Co Ltd	Basic Materials	26.32	0.84	2.46	Jan25	5.32
Motilal Oswal Nifty Midcap 150 Idx DirGr	INF247L01916	National Aluminium Co Ltd	Basic Materials	26.32	0.84	2.46	Feb25	5.59
Motilal Oswal Nifty Midcap 150 Idx DirGr	INF247L01916	National Aluminium Co Ltd	Basic Materials	26.32	0.84	2.46	Mar25	15.51
Motilal Oswal Nifty Midcap 150 Idx DirGr	INF247L01916	National Aluminium Co Ltd	Basic Materials	26.32	0.84	2.46	Mar25	15.51
Motilal Oswal Nifty Midcap 150 Idx DirGr	INF247L01916	National Aluminium Co Ltd	Basic Materials	26.32	0.84	2.46	Apr25	12.51
Motilal Oswal Nifty Midcap 150 Idx DirGr	INF247L01916	National Aluminium Co Ltd	Basic Materials	26.32	0.84	2.46	May25	11.15
Motilal Oswal Nifty Midcap 150 Idx DirGr	INF247L01916	National Aluminium Co Ltd	Basic Materials	26.32	0.84	2.46	June25	10.18
Motilal Oswal Nifty Midcap 150 Idx DirGr	INF247L01916	National Aluminium Co Ltd	Basic Materials	26.32	0.84	2.46	July25	9.19
Motilal Oswal Nifty Midcap 150 Idx DirGr	INF247L01916	National Aluminium Co Ltd	Basic Materials	26.32	0.84	2.46	Aug25	8.13
Motilal Oswal Nifty Midcap 150 Idx DirGr	INF247L01916	KEI Industries Ltd	Industrials	25.94	0.83	2.46	Oct24	5.55
Motilal Oswal Nifty Midcap 150 Idx DirGr	INF247L01916	KEI Industries Ltd	Industrials	25.94	0.83	2.46	Nov24	7.52
Motilal Oswal Nifty Midcap 150 Idx DirGr	INF247L01916	KEI Industries Ltd	Industrials	25.94	0.83	2.46	Dec24	3.56
Motilal Oswal Nifty Midcap 150 Idx DirGr	INF247L01916	KEI Industries Ltd	Industrials	25.94	0.83	2.46	Jan25	5.32
Motilal Oswal Nifty Midcap 150 Idx DirGr	INF247L01916	KEI Industries Ltd	Industrials	25.94	0.83	2.46	Feb25	5.59
Motilal Oswal Nifty Midcap 150 Idx DirGr	INF247L01916	KEI Industries Ltd	Industrials	25.94	0.83	2.46	Mar25	15.51
Motilal Oswal Nifty Midcap 150 Idx DirGr	INF247L01916	KEI Industries Ltd	Industrials	25.94	0.83	2.46	Mar25	15.51
Motilal Oswal Nifty Midcap 150 Idx DirGr	INF247L01916	KEI Industries Ltd	Industrials	25.94	0.83	2.46	Apr25	12.51
Motilal Oswal Nifty Midcap 150 Idx DirGr	INF247L01916	KEI Industries Ltd	Industrials	25.94	0.83	2.46	May25	11.15
Motilal Oswal Nifty Midcap 150 Idx DirGr	INF247L01916	KEI Industries Ltd	Industrials	25.94	0.83	2.46	June25	10.18
Motilal Oswal Nifty Midcap 150 Idx DirGr	INF247L01916	KEI Industries Ltd	Industrials	25.94	0.83	2.46	July25	9.19
Motilal Oswal Nifty Midcap 150 Idx DirGr	INF247L01916	KEI Industries Ltd	Industrials	25.94	0.83	2.46	Aug25	8.13
Motilal Oswal Nifty Midcap 150 Idx DirGr	INF247L01916	Phoenix Mills Ltd	Real Estate	25.61	0.82	2.46	Oct24	5.55
Motilal Oswal Nifty Midcap 150 Idx DirGr	INF247L01916	Phoenix Mills Ltd	Real Estate	25.61	0.82	2.46	Nov24	7.52
Motilal Oswal Nifty Midcap 150 Idx DirGr	INF247L01916	Phoenix Mills Ltd	Real Estate	25.61	0.82	2.46	Dec24	3.56
Motilal Oswal Nifty Midcap 150 Idx DirGr	INF247L01916	Phoenix Mills Ltd	Real Estate	25.61	0.82	2.46	Jan25	5.32
Motilal Oswal Nifty Midcap 150 Idx DirGr	INF247L01916	Phoenix Mills Ltd	Real Estate	25.61	0.82	2.46	Feb25	5.59
Motilal Oswal Nifty Midcap 150 Idx DirGr	INF247L01916	Phoenix Mills Ltd	Real Estate	25.61	0.82	2.46	Mar25	15.51
Motilal Oswal Nifty Midcap 150 Idx DirGr	INF247L01916	Phoenix Mills Ltd	Real Estate	25.61	0.82	2.46	Mar25	15.51
Motilal Oswal Nifty Midcap 150 Idx DirGr	INF247L01916	Phoenix Mills Ltd	Real Estate	25.61	0.82	2.46	Apr25	12.51
Motilal Oswal Nifty Midcap 150 Idx DirGr	INF247L01916	Phoenix Mills Ltd	Real Estate	25.61	0.82	2.46	May25	11.15
Motilal Oswal Nifty Midcap 150 Idx DirGr	INF247L01916	Phoenix Mills Ltd	Real Estate	25.61	0.82	2.46	June25	10.18
Motilal Oswal Nifty Midcap 150 Idx DirGr	INF247L01916	Phoenix Mills Ltd	Real Estate	25.61	0.82	2.46	July25	9.19
Motilal Oswal Nifty Midcap 150 Idx DirGr	INF247L01916	Phoenix Mills Ltd	Real Estate	25.61	0.82	2.46	Aug25	8.13
Motilal Oswal Nifty Midcap 150 Idx DirGr	INF247L01916	Dabur India Ltd	Consumer Defensive	25.28	0.81	2.46	Oct24	5.55
Motilal Oswal Nifty Midcap 150 Idx DirGr	INF247L01916	Dabur India Ltd	Consumer Defensive	25.28	0.81	2.46	Nov24	7.52
Motilal Oswal Nifty Midcap 150 Idx DirGr	INF247L01916	Dabur India Ltd	Consumer Defensive	25.28	0.81	2.46	Dec24	3.56
Motilal Oswal Nifty Midcap 150 Idx DirGr	INF247L01916	Dabur India Ltd	Consumer Defensive	25.28	0.81	2.46	Jan25	5.32
Motilal Oswal Nifty Midcap 150 Idx DirGr	INF247L01916	Dabur India Ltd	Consumer Defensive	25.28	0.81	2.46	Feb25	5.59
Motilal Oswal Nifty Midcap 150 Idx DirGr	INF247L01916	Dabur India Ltd	Consumer Defensive	25.28	0.81	2.46	Mar25	15.51
Motilal Oswal Nifty Midcap 150 Idx DirGr	INF247L01916	Dabur India Ltd	Consumer Defensive	25.28	0.81	2.46	Mar25	15.51
Motilal Oswal Nifty Midcap 150 Idx DirGr	INF247L01916	Dabur India Ltd	Consumer Defensive	25.28	0.81	2.46	Apr25	12.51
Motilal Oswal Nifty Midcap 150 Idx DirGr	INF247L01916	Dabur India Ltd	Consumer Defensive	25.28	0.81	2.46	May25	11.15
Motilal Oswal Nifty Midcap 150 Idx DirGr	INF247L01916	Dabur India Ltd	Consumer Defensive	25.28	0.81	2.46	June25	10.18
Motilal Oswal Nifty Midcap 150 Idx DirGr	INF247L01916	Dabur India Ltd	Consumer Defensive	25.28	0.81	2.46	July25	9.19
Motilal Oswal Nifty Midcap 150 Idx DirGr	INF247L01916	Dabur India Ltd	Consumer Defensive	25.28	0.81	2.46	Aug25	8.13
Motilal Oswal Nifty Midcap 150 Idx DirGr	INF247L01916	Torrent Power Ltd	Utilities	24.67	0.79	2.46	Oct24	5.55
Motilal Oswal Nifty Midcap 150 Idx DirGr	INF247L01916	Torrent Power Ltd	Utilities	24.67	0.79	2.46	Nov24	7.52
Motilal Oswal Nifty Midcap 150 Idx DirGr	INF247L01916	Torrent Power Ltd	Utilities	24.67	0.79	2.46	Dec24	3.56
Motilal Oswal Nifty Midcap 150 Idx DirGr	INF247L01916	Torrent Power Ltd	Utilities	24.67	0.79	2.46	Jan25	5.32
Motilal Oswal Nifty Midcap 150 Idx DirGr	INF247L01916	Torrent Power Ltd	Utilities	24.67	0.79	2.46	Feb25	5.59
Motilal Oswal Nifty Midcap 150 Idx DirGr	INF247L01916	Torrent Power Ltd	Utilities	24.67	0.79	2.46	Mar25	15.51
Motilal Oswal Nifty Midcap 150 Idx DirGr	INF247L01916	Torrent Power Ltd	Utilities	24.67	0.79	2.46	Mar25	15.51
Motilal Oswal Nifty Midcap 150 Idx DirGr	INF247L01916	Torrent Power Ltd	Utilities	24.67	0.79	2.46	Apr25	12.51
Motilal Oswal Nifty Midcap 150 Idx DirGr	INF247L01916	Torrent Power Ltd	Utilities	24.67	0.79	2.46	May25	11.15
Motilal Oswal Nifty Midcap 150 Idx DirGr	INF247L01916	Torrent Power Ltd	Utilities	24.67	0.79	2.46	June25	10.18
Motilal Oswal Nifty Midcap 150 Idx DirGr	INF247L01916	Torrent Power Ltd	Utilities	24.67	0.79	2.46	July25	9.19
Motilal Oswal Nifty Midcap 150 Idx DirGr	INF247L01916	Torrent Power Ltd	Utilities	24.67	0.79	2.46	Aug25	8.13
Motilal Oswal Nifty Midcap 150 Idx DirGr	INF247L01916	Colgate-Palmolive (India) Ltd	Consumer Defensive	24.57	0.78	2.46	Oct24	5.55
Motilal Oswal Nifty Midcap 150 Idx DirGr	INF247L01916	Colgate-Palmolive (India) Ltd	Consumer Defensive	24.57	0.78	2.46	Nov24	7.52
Motilal Oswal Nifty Midcap 150 Idx DirGr	INF247L01916	Colgate-Palmolive (India) Ltd	Consumer Defensive	24.57	0.78	2.46	Dec24	3.56
Motilal Oswal Nifty Midcap 150 Idx DirGr	INF247L01916	Colgate-Palmolive (India) Ltd	Consumer Defensive	24.57	0.78	2.46	Jan25	5.32
Motilal Oswal Nifty Midcap 150 Idx DirGr	INF247L01916	Colgate-Palmolive (India) Ltd	Consumer Defensive	24.57	0.78	2.46	Feb25	5.59
Motilal Oswal Nifty Midcap 150 Idx DirGr	INF247L01916	Colgate-Palmolive (India) Ltd	Consumer Defensive	24.57	0.78	2.46	Mar25	15.51
Motilal Oswal Nifty Midcap 150 Idx DirGr	INF247L01916	Colgate-Palmolive (India) Ltd	Consumer Defensive	24.57	0.78	2.46	Mar25	15.51
Motilal Oswal Nifty Midcap 150 Idx DirGr	INF247L01916	Colgate-Palmolive (India) Ltd	Consumer Defensive	24.57	0.78	2.46	Apr25	12.51
Motilal Oswal Nifty Midcap 150 Idx DirGr	INF247L01916	Colgate-Palmolive (India) Ltd	Consumer Defensive	24.57	0.78	2.46	May25	11.15
Motilal Oswal Nifty Midcap 150 Idx DirGr	INF247L01916	Colgate-Palmolive (India) Ltd	Consumer Defensive	24.57	0.78	2.46	June25	10.18
Motilal Oswal Nifty Midcap 150 Idx DirGr	INF247L01916	Colgate-Palmolive (India) Ltd	Consumer Defensive	24.57	0.78	2.46	July25	9.19
Motilal Oswal Nifty Midcap 150 Idx DirGr	INF247L01916	Colgate-Palmolive (India) Ltd	Consumer Defensive	24.57	0.78	2.46	Aug25	8.13
Motilal Oswal Nifty Midcap 150 Idx DirGr	INF247L01916	Tube Investments of India Ltd Ordinary Shares	Industrials	24.33	0.78	2.46	Oct24	5.55
Motilal Oswal Nifty Midcap 150 Idx DirGr	INF247L01916	Tube Investments of India Ltd Ordinary Shares	Industrials	24.33	0.78	2.46	Nov24	7.52
Motilal Oswal Nifty Midcap 150 Idx DirGr	INF247L01916	Tube Investments of India Ltd Ordinary Shares	Industrials	24.33	0.78	2.46	Dec24	3.56
Motilal Oswal Nifty Midcap 150 Idx DirGr	INF247L01916	Tube Investments of India Ltd Ordinary Shares	Industrials	24.33	0.78	2.46	Jan25	5.32
Motilal Oswal Nifty Midcap 150 Idx DirGr	INF247L01916	Tube Investments of India Ltd Ordinary Shares	Industrials	24.33	0.78	2.46	Feb25	5.59
Motilal Oswal Nifty Midcap 150 Idx DirGr	INF247L01916	Tube Investments of India Ltd Ordinary Shares	Industrials	24.33	0.78	2.46	Mar25	15.51
Motilal Oswal Nifty Midcap 150 Idx DirGr	INF247L01916	Tube Investments of India Ltd Ordinary Shares	Industrials	24.33	0.78	2.46	Mar25	15.51
Motilal Oswal Nifty Midcap 150 Idx DirGr	INF247L01916	Tube Investments of India Ltd Ordinary Shares	Industrials	24.33	0.78	2.46	Apr25	12.51
Motilal Oswal Nifty Midcap 150 Idx DirGr	INF247L01916	Tube Investments of India Ltd Ordinary Shares	Industrials	24.33	0.78	2.46	May25	11.15
Motilal Oswal Nifty Midcap 150 Idx DirGr	INF247L01916	Tube Investments of India Ltd Ordinary Shares	Industrials	24.33	0.78	2.46	June25	10.18
Motilal Oswal Nifty Midcap 150 Idx DirGr	INF247L01916	Tube Investments of India Ltd Ordinary Shares	Industrials	24.33	0.78	2.46	July25	9.19
Motilal Oswal Nifty Midcap 150 Idx DirGr	INF247L01916	Tube Investments of India Ltd Ordinary Shares	Industrials	24.33	0.78	2.46	Aug25	8.13
Motilal Oswal Nifty Midcap 150 Idx DirGr	INF247L01916	Vodafone Idea Ltd	Communication Services	24.20	0.77	2.46	Oct24	5.55
Motilal Oswal Nifty Midcap 150 Idx DirGr	INF247L01916	Vodafone Idea Ltd	Communication Services	24.20	0.77	2.46	Nov24	7.52
Motilal Oswal Nifty Midcap 150 Idx DirGr	INF247L01916	Vodafone Idea Ltd	Communication Services	24.20	0.77	2.46	Dec24	3.56
Motilal Oswal Nifty Midcap 150 Idx DirGr	INF247L01916	Vodafone Idea Ltd	Communication Services	24.20	0.77	2.46	Jan25	5.32
Motilal Oswal Nifty Midcap 150 Idx DirGr	INF247L01916	Vodafone Idea Ltd	Communication Services	24.20	0.77	2.46	Feb25	5.59
Motilal Oswal Nifty Midcap 150 Idx DirGr	INF247L01916	Vodafone Idea Ltd	Communication Services	24.20	0.77	2.46	Mar25	15.51
Motilal Oswal Nifty Midcap 150 Idx DirGr	INF247L01916	Vodafone Idea Ltd	Communication Services	24.20	0.77	2.46	Mar25	15.51
Motilal Oswal Nifty Midcap 150 Idx DirGr	INF247L01916	Vodafone Idea Ltd	Communication Services	24.20	0.77	2.46	Apr25	12.51
Motilal Oswal Nifty Midcap 150 Idx DirGr	INF247L01916	Vodafone Idea Ltd	Communication Services	24.20	0.77	2.46	May25	11.15
Motilal Oswal Nifty Midcap 150 Idx DirGr	INF247L01916	Vodafone Idea Ltd	Communication Services	24.20	0.77	2.46	June25	10.18
Motilal Oswal Nifty Midcap 150 Idx DirGr	INF247L01916	Vodafone Idea Ltd	Communication Services	24.20	0.77	2.46	July25	9.19
Motilal Oswal Nifty Midcap 150 Idx DirGr	INF247L01916	Vodafone Idea Ltd	Communication Services	24.20	0.77	2.46	Aug25	8.13
Motilal Oswal Nifty Midcap 150 Idx DirGr	INF247L01916	MRF Ltd	Consumer Cyclical	23.67	0.76	2.50	Oct24	5.55
Motilal Oswal Nifty Midcap 150 Idx DirGr	INF247L01916	MRF Ltd	Consumer Cyclical	23.67	0.76	2.50	Nov24	7.52
Motilal Oswal Nifty Midcap 150 Idx DirGr	INF247L01916	MRF Ltd	Consumer Cyclical	23.67	0.76	2.50	Dec24	3.56
Motilal Oswal Nifty Midcap 150 Idx DirGr	INF247L01916	MRF Ltd	Consumer Cyclical	23.67	0.76	2.50	Jan25	5.32
Motilal Oswal Nifty Midcap 150 Idx DirGr	INF247L01916	MRF Ltd	Consumer Cyclical	23.67	0.76	2.50	Feb25	5.59
Motilal Oswal Nifty Midcap 150 Idx DirGr	INF247L01916	MRF Ltd	Consumer Cyclical	23.67	0.76	2.50	Mar25	15.51
Motilal Oswal Nifty Midcap 150 Idx DirGr	INF247L01916	MRF Ltd	Consumer Cyclical	23.67	0.76	2.50	Mar25	15.51
Motilal Oswal Nifty Midcap 150 Idx DirGr	INF247L01916	MRF Ltd	Consumer Cyclical	23.67	0.76	2.50	Apr25	12.51
Motilal Oswal Nifty Midcap 150 Idx DirGr	INF247L01916	MRF Ltd	Consumer Cyclical	23.67	0.76	2.50	May25	11.15
Motilal Oswal Nifty Midcap 150 Idx DirGr	INF247L01916	MRF Ltd	Consumer Cyclical	23.67	0.76	2.50	June25	10.18
Motilal Oswal Nifty Midcap 150 Idx DirGr	INF247L01916	MRF Ltd	Consumer Cyclical	23.67	0.76	2.50	July25	9.19
Motilal Oswal Nifty Midcap 150 Idx DirGr	INF247L01916	MRF Ltd	Consumer Cyclical	23.67	0.76	2.50	Aug25	8.13
Motilal Oswal Nifty Midcap 150 Idx DirGr	INF247L01916	NMDC Ltd	Basic Materials	23.38	0.75	2.46	Oct24	5.55
Motilal Oswal Nifty Midcap 150 Idx DirGr	INF247L01916	NMDC Ltd	Basic Materials	23.38	0.75	2.46	Nov24	7.52
Motilal Oswal Nifty Midcap 150 Idx DirGr	INF247L01916	NMDC Ltd	Basic Materials	23.38	0.75	2.46	Dec24	3.56
Motilal Oswal Nifty Midcap 150 Idx DirGr	INF247L01916	NMDC Ltd	Basic Materials	23.38	0.75	2.46	Jan25	5.32
Motilal Oswal Nifty Midcap 150 Idx DirGr	INF247L01916	NMDC Ltd	Basic Materials	23.38	0.75	2.46	Feb25	5.59
Motilal Oswal Nifty Midcap 150 Idx DirGr	INF247L01916	NMDC Ltd	Basic Materials	23.38	0.75	2.46	Mar25	15.51
Motilal Oswal Nifty Midcap 150 Idx DirGr	INF247L01916	NMDC Ltd	Basic Materials	23.38	0.75	2.46	Mar25	15.51
Motilal Oswal Nifty Midcap 150 Idx DirGr	INF247L01916	NMDC Ltd	Basic Materials	23.38	0.75	2.46	Apr25	12.51
Motilal Oswal Nifty Midcap 150 Idx DirGr	INF247L01916	NMDC Ltd	Basic Materials	23.38	0.75	2.46	May25	11.15
Motilal Oswal Nifty Midcap 150 Idx DirGr	INF247L01916	NMDC Ltd	Basic Materials	23.38	0.75	2.46	June25	10.18
Motilal Oswal Nifty Midcap 150 Idx DirGr	INF247L01916	NMDC Ltd	Basic Materials	23.38	0.75	2.46	July25	9.19
Motilal Oswal Nifty Midcap 150 Idx DirGr	INF247L01916	NMDC Ltd	Basic Materials	23.38	0.75	2.46	Aug25	8.13
Motilal Oswal Nifty Midcap 150 Idx DirGr	INF247L01916	360 One Wam Ltd Ordinary Shares	Financial Services	23.22	0.74	2.46	Oct24	5.55
Motilal Oswal Nifty Midcap 150 Idx DirGr	INF247L01916	360 One Wam Ltd Ordinary Shares	Financial Services	23.22	0.74	2.46	Nov24	7.52
Motilal Oswal Nifty Midcap 150 Idx DirGr	INF247L01916	360 One Wam Ltd Ordinary Shares	Financial Services	23.22	0.74	2.46	Dec24	3.56
Motilal Oswal Nifty Midcap 150 Idx DirGr	INF247L01916	360 One Wam Ltd Ordinary Shares	Financial Services	23.22	0.74	2.46	Jan25	5.32
Motilal Oswal Nifty Midcap 150 Idx DirGr	INF247L01916	360 One Wam Ltd Ordinary Shares	Financial Services	23.22	0.74	2.46	Feb25	5.59
Motilal Oswal Nifty Midcap 150 Idx DirGr	INF247L01916	360 One Wam Ltd Ordinary Shares	Financial Services	23.22	0.74	2.46	Mar25	15.51
Motilal Oswal Nifty Midcap 150 Idx DirGr	INF247L01916	360 One Wam Ltd Ordinary Shares	Financial Services	23.22	0.74	2.46	Mar25	15.51
Motilal Oswal Nifty Midcap 150 Idx DirGr	INF247L01916	360 One Wam Ltd Ordinary Shares	Financial Services	23.22	0.74	2.46	Apr25	12.51
Motilal Oswal Nifty Midcap 150 Idx DirGr	INF247L01916	360 One Wam Ltd Ordinary Shares	Financial Services	23.22	0.74	2.46	May25	11.15
Motilal Oswal Nifty Midcap 150 Idx DirGr	INF247L01916	360 One Wam Ltd Ordinary Shares	Financial Services	23.22	0.74	2.46	June25	10.18
Motilal Oswal Nifty Midcap 150 Idx DirGr	INF247L01916	360 One Wam Ltd Ordinary Shares	Financial Services	23.22	0.74	2.46	July25	9.19
Motilal Oswal Nifty Midcap 150 Idx DirGr	INF247L01916	360 One Wam Ltd Ordinary Shares	Financial Services	23.22	0.74	2.46	Aug25	8.13
Motilal Oswal Nifty Midcap 150 Idx DirGr	INF247L01916	Biocon Ltd	Healthcare	23.02	0.73	2.46	Oct24	5.55
Motilal Oswal Nifty Midcap 150 Idx DirGr	INF247L01916	Biocon Ltd	Healthcare	23.02	0.73	2.46	Nov24	7.52
Motilal Oswal Nifty Midcap 150 Idx DirGr	INF247L01916	Biocon Ltd	Healthcare	23.02	0.73	2.46	Dec24	3.56
Motilal Oswal Nifty Midcap 150 Idx DirGr	INF247L01916	Biocon Ltd	Healthcare	23.02	0.73	2.46	Jan25	5.32
Motilal Oswal Nifty Midcap 150 Idx DirGr	INF247L01916	Biocon Ltd	Healthcare	23.02	0.73	2.46	Feb25	5.59
Motilal Oswal Nifty Midcap 150 Idx DirGr	INF247L01916	Biocon Ltd	Healthcare	23.02	0.73	2.46	Mar25	15.51
Motilal Oswal Nifty Midcap 150 Idx DirGr	INF247L01916	Biocon Ltd	Healthcare	23.02	0.73	2.46	Mar25	15.51
Motilal Oswal Nifty Midcap 150 Idx DirGr	INF247L01916	Biocon Ltd	Healthcare	23.02	0.73	2.46	Apr25	12.51
Motilal Oswal Nifty Midcap 150 Idx DirGr	INF247L01916	Biocon Ltd	Healthcare	23.02	0.73	2.46	May25	11.15
Motilal Oswal Nifty Midcap 150 Idx DirGr	INF247L01916	Biocon Ltd	Healthcare	23.02	0.73	2.46	June25	10.18
Motilal Oswal Nifty Midcap 150 Idx DirGr	INF247L01916	Biocon Ltd	Healthcare	23.02	0.73	2.46	July25	9.19
Motilal Oswal Nifty Midcap 150 Idx DirGr	INF247L01916	Biocon Ltd	Healthcare	23.02	0.73	2.46	Aug25	8.13
Motilal Oswal Nifty Midcap 150 Idx DirGr	INF247L01916	Aditya Birla Capital Ltd	Financial Services	21.87	0.70	2.46	Oct24	5.55
Motilal Oswal Nifty Midcap 150 Idx DirGr	INF247L01916	Aditya Birla Capital Ltd	Financial Services	21.87	0.70	2.46	Nov24	7.52
Motilal Oswal Nifty Midcap 150 Idx DirGr	INF247L01916	Aditya Birla Capital Ltd	Financial Services	21.87	0.70	2.46	Dec24	3.56
Motilal Oswal Nifty Midcap 150 Idx DirGr	INF247L01916	Aditya Birla Capital Ltd	Financial Services	21.87	0.70	2.46	Jan25	5.32
Motilal Oswal Nifty Midcap 150 Idx DirGr	INF247L01916	Aditya Birla Capital Ltd	Financial Services	21.87	0.70	2.46	Feb25	5.59
Motilal Oswal Nifty Midcap 150 Idx DirGr	INF247L01916	Aditya Birla Capital Ltd	Financial Services	21.87	0.70	2.46	Mar25	15.51
Motilal Oswal Nifty Midcap 150 Idx DirGr	INF247L01916	Aditya Birla Capital Ltd	Financial Services	21.87	0.70	2.46	Mar25	15.51
Motilal Oswal Nifty Midcap 150 Idx DirGr	INF247L01916	Aditya Birla Capital Ltd	Financial Services	21.87	0.70	2.46	Apr25	12.51
Motilal Oswal Nifty Midcap 150 Idx DirGr	INF247L01916	Aditya Birla Capital Ltd	Financial Services	21.87	0.70	2.46	May25	11.15
Motilal Oswal Nifty Midcap 150 Idx DirGr	INF247L01916	Aditya Birla Capital Ltd	Financial Services	21.87	0.70	2.46	June25	10.18
Motilal Oswal Nifty Midcap 150 Idx DirGr	INF247L01916	Aditya Birla Capital Ltd	Financial Services	21.87	0.70	2.46	July25	9.19
Motilal Oswal Nifty Midcap 150 Idx DirGr	INF247L01916	Aditya Birla Capital Ltd	Financial Services	21.87	0.70	2.46	Aug25	8.13
Motilal Oswal Nifty Midcap 150 Idx DirGr	INF247L01916	Oil India Ltd	Energy	21.84	0.70	2.46	Oct24	5.55
Motilal Oswal Nifty Midcap 150 Idx DirGr	INF247L01916	Oil India Ltd	Energy	21.84	0.70	2.46	Nov24	7.52
Motilal Oswal Nifty Midcap 150 Idx DirGr	INF247L01916	Oil India Ltd	Energy	21.84	0.70	2.46	Dec24	3.56
Motilal Oswal Nifty Midcap 150 Idx DirGr	INF247L01916	Oil India Ltd	Energy	21.84	0.70	2.46	Jan25	5.32
Motilal Oswal Nifty Midcap 150 Idx DirGr	INF247L01916	Oil India Ltd	Energy	21.84	0.70	2.46	Feb25	5.59
Motilal Oswal Nifty Midcap 150 Idx DirGr	INF247L01916	Oil India Ltd	Energy	21.84	0.70	2.46	Mar25	15.51
Motilal Oswal Nifty Midcap 150 Idx DirGr	INF247L01916	Oil India Ltd	Energy	21.84	0.70	2.46	Mar25	15.51
Motilal Oswal Nifty Midcap 150 Idx DirGr	INF247L01916	Oil India Ltd	Energy	21.84	0.70	2.46	Apr25	12.51
Motilal Oswal Nifty Midcap 150 Idx DirGr	INF247L01916	Oil India Ltd	Energy	21.84	0.70	2.46	May25	11.15
Motilal Oswal Nifty Midcap 150 Idx DirGr	INF247L01916	Oil India Ltd	Energy	21.84	0.70	2.46	June25	10.18
Motilal Oswal Nifty Midcap 150 Idx DirGr	INF247L01916	Oil India Ltd	Energy	21.84	0.70	2.46	July25	9.19
Motilal Oswal Nifty Midcap 150 Idx DirGr	INF247L01916	Oil India Ltd	Energy	21.84	0.70	2.46	Aug25	8.13
Motilal Oswal Nifty Midcap 150 Idx DirGr	INF247L01916	Coromandel International Ltd	Basic Materials	21.72	0.69	2.46	Oct24	5.55
Motilal Oswal Nifty Midcap 150 Idx DirGr	INF247L01916	Coromandel International Ltd	Basic Materials	21.72	0.69	2.46	Nov24	7.52
Motilal Oswal Nifty Midcap 150 Idx DirGr	INF247L01916	Coromandel International Ltd	Basic Materials	21.72	0.69	2.46	Dec24	3.56
Motilal Oswal Nifty Midcap 150 Idx DirGr	INF247L01916	Coromandel International Ltd	Basic Materials	21.72	0.69	2.46	Jan25	5.32
Motilal Oswal Nifty Midcap 150 Idx DirGr	INF247L01916	Coromandel International Ltd	Basic Materials	21.72	0.69	2.46	Feb25	5.59
Motilal Oswal Nifty Midcap 150 Idx DirGr	INF247L01916	Coromandel International Ltd	Basic Materials	21.72	0.69	2.46	Mar25	15.51
Motilal Oswal Nifty Midcap 150 Idx DirGr	INF247L01916	Coromandel International Ltd	Basic Materials	21.72	0.69	2.46	Mar25	15.51
Motilal Oswal Nifty Midcap 150 Idx DirGr	INF247L01916	Coromandel International Ltd	Basic Materials	21.72	0.69	2.46	Apr25	12.51
Motilal Oswal Nifty Midcap 150 Idx DirGr	INF247L01916	Coromandel International Ltd	Basic Materials	21.72	0.69	2.46	May25	11.15
Motilal Oswal Nifty Midcap 150 Idx DirGr	INF247L01916	Coromandel International Ltd	Basic Materials	21.72	0.69	2.46	June25	10.18
Motilal Oswal Nifty Midcap 150 Idx DirGr	INF247L01916	Coromandel International Ltd	Basic Materials	21.72	0.69	2.46	July25	9.19
Motilal Oswal Nifty Midcap 150 Idx DirGr	INF247L01916	Coromandel International Ltd	Basic Materials	21.72	0.69	2.46	Aug25	8.13
Motilal Oswal Nifty Midcap 150 Idx DirGr	INF247L01916	Mphasis Ltd	Technology	21.67	0.69	2.46	Oct24	5.55
Motilal Oswal Nifty Midcap 150 Idx DirGr	INF247L01916	Mphasis Ltd	Technology	21.67	0.69	2.46	Nov24	7.52
Motilal Oswal Nifty Midcap 150 Idx DirGr	INF247L01916	Mphasis Ltd	Technology	21.67	0.69	2.46	Dec24	3.56
Motilal Oswal Nifty Midcap 150 Idx DirGr	INF247L01916	Mphasis Ltd	Technology	21.67	0.69	2.46	Jan25	5.32
Motilal Oswal Nifty Midcap 150 Idx DirGr	INF247L01916	Mphasis Ltd	Technology	21.67	0.69	2.46	Feb25	5.59
Motilal Oswal Nifty Midcap 150 Idx DirGr	INF247L01916	Mphasis Ltd	Technology	21.67	0.69	2.46	Mar25	15.51
Motilal Oswal Nifty Midcap 150 Idx DirGr	INF247L01916	Mphasis Ltd	Technology	21.67	0.69	2.46	Mar25	15.51
Motilal Oswal Nifty Midcap 150 Idx DirGr	INF247L01916	Mphasis Ltd	Technology	21.67	0.69	2.46	Apr25	12.51
Motilal Oswal Nifty Midcap 150 Idx DirGr	INF247L01916	Mphasis Ltd	Technology	21.67	0.69	2.46	May25	11.15
Motilal Oswal Nifty Midcap 150 Idx DirGr	INF247L01916	Mphasis Ltd	Technology	21.67	0.69	2.46	June25	10.18
Motilal Oswal Nifty Midcap 150 Idx DirGr	INF247L01916	Mphasis Ltd	Technology	21.67	0.69	2.46	July25	9.19
Motilal Oswal Nifty Midcap 150 Idx DirGr	INF247L01916	Mphasis Ltd	Technology	21.67	0.69	2.46	Aug25	8.13
Motilal Oswal Nifty Midcap 150 Idx DirGr	INF247L01916	Waaree Energies Ltd	Technology	21.48	0.69	2.46	Oct24	5.55
Motilal Oswal Nifty Midcap 150 Idx DirGr	INF247L01916	Waaree Energies Ltd	Technology	21.48	0.69	2.46	Nov24	7.52
Motilal Oswal Nifty Midcap 150 Idx DirGr	INF247L01916	Waaree Energies Ltd	Technology	21.48	0.69	2.46	Dec24	3.56
Motilal Oswal Nifty Midcap 150 Idx DirGr	INF247L01916	Waaree Energies Ltd	Technology	21.48	0.69	2.46	Jan25	5.32
Motilal Oswal Nifty Midcap 150 Idx DirGr	INF247L01916	Waaree Energies Ltd	Technology	21.48	0.69	2.46	Feb25	5.59
Motilal Oswal Nifty Midcap 150 Idx DirGr	INF247L01916	Waaree Energies Ltd	Technology	21.48	0.69	2.46	Mar25	15.51
Motilal Oswal Nifty Midcap 150 Idx DirGr	INF247L01916	Waaree Energies Ltd	Technology	21.48	0.69	2.46	Mar25	15.51
Motilal Oswal Nifty Midcap 150 Idx DirGr	INF247L01916	Waaree Energies Ltd	Technology	21.48	0.69	2.46	Apr25	12.51
Motilal Oswal Nifty Midcap 150 Idx DirGr	INF247L01916	Waaree Energies Ltd	Technology	21.48	0.69	2.46	May25	11.15
Motilal Oswal Nifty Midcap 150 Idx DirGr	INF247L01916	Waaree Energies Ltd	Technology	21.48	0.69	2.46	June25	10.18
Motilal Oswal Nifty Midcap 150 Idx DirGr	INF247L01916	Waaree Energies Ltd	Technology	21.48	0.69	2.46	July25	9.19
Motilal Oswal Nifty Midcap 150 Idx DirGr	INF247L01916	Waaree Energies Ltd	Technology	21.48	0.69	2.46	Aug25	8.13
Motilal Oswal Nifty Midcap 150 Idx DirGr	INF247L01916	Godrej Properties Ltd	Real Estate	21.37	0.68	2.46	Oct24	5.55
Motilal Oswal Nifty Midcap 150 Idx DirGr	INF247L01916	Godrej Properties Ltd	Real Estate	21.37	0.68	2.46	Nov24	7.52
Motilal Oswal Nifty Midcap 150 Idx DirGr	INF247L01916	Godrej Properties Ltd	Real Estate	21.37	0.68	2.46	Dec24	3.56
Motilal Oswal Nifty Midcap 150 Idx DirGr	INF247L01916	Godrej Properties Ltd	Real Estate	21.37	0.68	2.46	Jan25	5.32
Motilal Oswal Nifty Midcap 150 Idx DirGr	INF247L01916	Godrej Properties Ltd	Real Estate	21.37	0.68	2.46	Feb25	5.59
Motilal Oswal Nifty Midcap 150 Idx DirGr	INF247L01916	Godrej Properties Ltd	Real Estate	21.37	0.68	2.46	Mar25	15.51
Motilal Oswal Nifty Midcap 150 Idx DirGr	INF247L01916	Godrej Properties Ltd	Real Estate	21.37	0.68	2.46	Mar25	15.51
Motilal Oswal Nifty Midcap 150 Idx DirGr	INF247L01916	Godrej Properties Ltd	Real Estate	21.37	0.68	2.46	Apr25	12.51
Motilal Oswal Nifty Midcap 150 Idx DirGr	INF247L01916	Godrej Properties Ltd	Real Estate	21.37	0.68	2.46	May25	11.15
Motilal Oswal Nifty Midcap 150 Idx DirGr	INF247L01916	Godrej Properties Ltd	Real Estate	21.37	0.68	2.46	June25	10.18
Motilal Oswal Nifty Midcap 150 Idx DirGr	INF247L01916	Godrej Properties Ltd	Real Estate	21.37	0.68	2.46	July25	9.19
Motilal Oswal Nifty Midcap 150 Idx DirGr	INF247L01916	Godrej Properties Ltd	Real Estate	21.37	0.68	2.46	Aug25	8.13
Motilal Oswal Nifty Midcap 150 Idx DirGr	INF247L01916	ICICI Prudential Life Insurance Co Ltd	Financial Services	21.28	0.68	2.46	Oct24	5.55
Motilal Oswal Nifty Midcap 150 Idx DirGr	INF247L01916	ICICI Prudential Life Insurance Co Ltd	Financial Services	21.28	0.68	2.46	Nov24	7.52
Motilal Oswal Nifty Midcap 150 Idx DirGr	INF247L01916	ICICI Prudential Life Insurance Co Ltd	Financial Services	21.28	0.68	2.46	Dec24	3.56
Motilal Oswal Nifty Midcap 150 Idx DirGr	INF247L01916	ICICI Prudential Life Insurance Co Ltd	Financial Services	21.28	0.68	2.46	Jan25	5.32
Motilal Oswal Nifty Midcap 150 Idx DirGr	INF247L01916	ICICI Prudential Life Insurance Co Ltd	Financial Services	21.28	0.68	2.46	Feb25	5.59
Motilal Oswal Nifty Midcap 150 Idx DirGr	INF247L01916	ICICI Prudential Life Insurance Co Ltd	Financial Services	21.28	0.68	2.46	Mar25	15.51
Motilal Oswal Nifty Midcap 150 Idx DirGr	INF247L01916	ICICI Prudential Life Insurance Co Ltd	Financial Services	21.28	0.68	2.46	Mar25	15.51
Motilal Oswal Nifty Midcap 150 Idx DirGr	INF247L01916	ICICI Prudential Life Insurance Co Ltd	Financial Services	21.28	0.68	2.46	Apr25	12.51
Motilal Oswal Nifty Midcap 150 Idx DirGr	INF247L01916	ICICI Prudential Life Insurance Co Ltd	Financial Services	21.28	0.68	2.46	May25	11.15
Motilal Oswal Nifty Midcap 150 Idx DirGr	INF247L01916	ICICI Prudential Life Insurance Co Ltd	Financial Services	21.28	0.68	2.46	June25	10.18
Motilal Oswal Nifty Midcap 150 Idx DirGr	INF247L01916	ICICI Prudential Life Insurance Co Ltd	Financial Services	21.28	0.68	2.46	July25	9.19
Motilal Oswal Nifty Midcap 150 Idx DirGr	INF247L01916	ICICI Prudential Life Insurance Co Ltd	Financial Services	21.28	0.68	2.46	Aug25	8.13
Motilal Oswal Nifty Midcap 150 Idx DirGr	INF247L01916	Supreme Industries Ltd	Industrials	21.21	0.68	2.46	Oct24	5.55
Motilal Oswal Nifty Midcap 150 Idx DirGr	INF247L01916	Supreme Industries Ltd	Industrials	21.21	0.68	2.46	Nov24	7.52
Motilal Oswal Nifty Midcap 150 Idx DirGr	INF247L01916	Supreme Industries Ltd	Industrials	21.21	0.68	2.46	Dec24	3.56
Motilal Oswal Nifty Midcap 150 Idx DirGr	INF247L01916	Supreme Industries Ltd	Industrials	21.21	0.68	2.46	Jan25	5.32
Motilal Oswal Nifty Midcap 150 Idx DirGr	INF247L01916	Supreme Industries Ltd	Industrials	21.21	0.68	2.46	Feb25	5.59
Motilal Oswal Nifty Midcap 150 Idx DirGr	INF247L01916	Supreme Industries Ltd	Industrials	21.21	0.68	2.46	Mar25	15.51
Motilal Oswal Nifty Midcap 150 Idx DirGr	INF247L01916	Supreme Industries Ltd	Industrials	21.21	0.68	2.46	Mar25	15.51
Motilal Oswal Nifty Midcap 150 Idx DirGr	INF247L01916	Supreme Industries Ltd	Industrials	21.21	0.68	2.46	Apr25	12.51
Motilal Oswal Nifty Midcap 150 Idx DirGr	INF247L01916	Supreme Industries Ltd	Industrials	21.21	0.68	2.46	May25	11.15
Motilal Oswal Nifty Midcap 150 Idx DirGr	INF247L01916	Supreme Industries Ltd	Industrials	21.21	0.68	2.46	June25	10.18
Motilal Oswal Nifty Midcap 150 Idx DirGr	INF247L01916	Supreme Industries Ltd	Industrials	21.21	0.68	2.46	July25	9.19
Motilal Oswal Nifty Midcap 150 Idx DirGr	INF247L01916	Supreme Industries Ltd	Industrials	21.21	0.68	2.46	Aug25	8.13
Motilal Oswal Nifty Midcap 150 Idx DirGr	INF247L01916	Mankind Pharma Ltd	Healthcare	21.04	0.67	2.46	Oct24	5.55
Motilal Oswal Nifty Midcap 150 Idx DirGr	INF247L01916	Mankind Pharma Ltd	Healthcare	21.04	0.67	2.46	Nov24	7.52
Motilal Oswal Nifty Midcap 150 Idx DirGr	INF247L01916	Mankind Pharma Ltd	Healthcare	21.04	0.67	2.46	Dec24	3.56
Motilal Oswal Nifty Midcap 150 Idx DirGr	INF247L01916	Mankind Pharma Ltd	Healthcare	21.04	0.67	2.46	Jan25	5.32
Motilal Oswal Nifty Midcap 150 Idx DirGr	INF247L01916	Mankind Pharma Ltd	Healthcare	21.04	0.67	2.46	Feb25	5.59
Motilal Oswal Nifty Midcap 150 Idx DirGr	INF247L01916	Mankind Pharma Ltd	Healthcare	21.04	0.67	2.46	Mar25	15.51
Motilal Oswal Nifty Midcap 150 Idx DirGr	INF247L01916	Mankind Pharma Ltd	Healthcare	21.04	0.67	2.46	Mar25	15.51
Motilal Oswal Nifty Midcap 150 Idx DirGr	INF247L01916	Mankind Pharma Ltd	Healthcare	21.04	0.67	2.46	Apr25	12.51
Motilal Oswal Nifty Midcap 150 Idx DirGr	INF247L01916	Mankind Pharma Ltd	Healthcare	21.04	0.67	2.46	May25	11.15
Motilal Oswal Nifty Midcap 150 Idx DirGr	INF247L01916	Mankind Pharma Ltd	Healthcare	21.04	0.67	2.46	June25	10.18
Motilal Oswal Nifty Midcap 150 Idx DirGr	INF247L01916	Mankind Pharma Ltd	Healthcare	21.04	0.67	2.46	July25	9.19
Motilal Oswal Nifty Midcap 150 Idx DirGr	INF247L01916	Mankind Pharma Ltd	Healthcare	21.04	0.67	2.46	Aug25	8.13
Motilal Oswal Nifty Midcap 150 Idx DirGr	INF247L01916	PI Industries Ltd	Basic Materials	20.90	0.67	2.46	Oct24	5.55
Motilal Oswal Nifty Midcap 150 Idx DirGr	INF247L01916	PI Industries Ltd	Basic Materials	20.90	0.67	2.46	Nov24	7.52
Motilal Oswal Nifty Midcap 150 Idx DirGr	INF247L01916	PI Industries Ltd	Basic Materials	20.90	0.67	2.46	Dec24	3.56
Motilal Oswal Nifty Midcap 150 Idx DirGr	INF247L01916	PI Industries Ltd	Basic Materials	20.90	0.67	2.46	Jan25	5.32
Motilal Oswal Nifty Midcap 150 Idx DirGr	INF247L01916	PI Industries Ltd	Basic Materials	20.90	0.67	2.46	Feb25	5.59
Motilal Oswal Nifty Midcap 150 Idx DirGr	INF247L01916	PI Industries Ltd	Basic Materials	20.90	0.67	2.46	Mar25	15.51
Motilal Oswal Nifty Midcap 150 Idx DirGr	INF247L01916	PI Industries Ltd	Basic Materials	20.90	0.67	2.46	Mar25	15.51
Motilal Oswal Nifty Midcap 150 Idx DirGr	INF247L01916	PI Industries Ltd	Basic Materials	20.90	0.67	2.46	Apr25	12.51
Motilal Oswal Nifty Midcap 150 Idx DirGr	INF247L01916	PI Industries Ltd	Basic Materials	20.90	0.67	2.46	May25	11.15
Motilal Oswal Nifty Midcap 150 Idx DirGr	INF247L01916	PI Industries Ltd	Basic Materials	20.90	0.67	2.46	June25	10.18
Motilal Oswal Nifty Midcap 150 Idx DirGr	INF247L01916	PI Industries Ltd	Basic Materials	20.90	0.67	2.46	July25	9.19
Motilal Oswal Nifty Midcap 150 Idx DirGr	INF247L01916	PI Industries Ltd	Basic Materials	20.90	0.67	2.46	Aug25	8.13
Motilal Oswal Nifty Midcap 150 Idx DirGr	INF247L01916	Blue Star Ltd	Industrials	20.85	0.67	2.46	Oct24	5.55
Motilal Oswal Nifty Midcap 150 Idx DirGr	INF247L01916	Blue Star Ltd	Industrials	20.85	0.67	2.46	Nov24	7.52
Motilal Oswal Nifty Midcap 150 Idx DirGr	INF247L01916	Blue Star Ltd	Industrials	20.85	0.67	2.46	Dec24	3.56
Motilal Oswal Nifty Midcap 150 Idx DirGr	INF247L01916	Blue Star Ltd	Industrials	20.85	0.67	2.46	Jan25	5.32
Motilal Oswal Nifty Midcap 150 Idx DirGr	INF247L01916	Blue Star Ltd	Industrials	20.85	0.67	2.46	Feb25	5.59
Motilal Oswal Nifty Midcap 150 Idx DirGr	INF247L01916	Blue Star Ltd	Industrials	20.85	0.67	2.46	Mar25	15.51
Motilal Oswal Nifty Midcap 150 Idx DirGr	INF247L01916	Blue Star Ltd	Industrials	20.85	0.67	2.46	Mar25	15.51
Motilal Oswal Nifty Midcap 150 Idx DirGr	INF247L01916	Blue Star Ltd	Industrials	20.85	0.67	2.46	Apr25	12.51
Motilal Oswal Nifty Midcap 150 Idx DirGr	INF247L01916	Blue Star Ltd	Industrials	20.85	0.67	2.46	May25	11.15
Motilal Oswal Nifty Midcap 150 Idx DirGr	INF247L01916	Blue Star Ltd	Industrials	20.85	0.67	2.46	June25	10.18
Motilal Oswal Nifty Midcap 150 Idx DirGr	INF247L01916	Blue Star Ltd	Industrials	20.85	0.67	2.46	July25	9.19
Motilal Oswal Nifty Midcap 150 Idx DirGr	INF247L01916	Blue Star Ltd	Industrials	20.85	0.67	2.46	Aug25	8.13
Motilal Oswal Nifty Midcap 150 Idx DirGr	INF247L01916	Vishal Mega Mart Ltd	Consumer Cyclical	20.75	0.66	2.46	Oct24	5.55
Motilal Oswal Nifty Midcap 150 Idx DirGr	INF247L01916	Vishal Mega Mart Ltd	Consumer Cyclical	20.75	0.66	2.46	Nov24	7.52
Motilal Oswal Nifty Midcap 150 Idx DirGr	INF247L01916	Vishal Mega Mart Ltd	Consumer Cyclical	20.75	0.66	2.46	Dec24	3.56
Motilal Oswal Nifty Midcap 150 Idx DirGr	INF247L01916	Vishal Mega Mart Ltd	Consumer Cyclical	20.75	0.66	2.46	Jan25	5.32
Motilal Oswal Nifty Midcap 150 Idx DirGr	INF247L01916	Vishal Mega Mart Ltd	Consumer Cyclical	20.75	0.66	2.46	Feb25	5.59
Motilal Oswal Nifty Midcap 150 Idx DirGr	INF247L01916	Vishal Mega Mart Ltd	Consumer Cyclical	20.75	0.66	2.46	Mar25	15.51
Motilal Oswal Nifty Midcap 150 Idx DirGr	INF247L01916	Vishal Mega Mart Ltd	Consumer Cyclical	20.75	0.66	2.46	Mar25	15.51
Motilal Oswal Nifty Midcap 150 Idx DirGr	INF247L01916	Vishal Mega Mart Ltd	Consumer Cyclical	20.75	0.66	2.46	Apr25	12.51
Motilal Oswal Nifty Midcap 150 Idx DirGr	INF247L01916	Vishal Mega Mart Ltd	Consumer Cyclical	20.75	0.66	2.46	May25	11.15
Motilal Oswal Nifty Midcap 150 Idx DirGr	INF247L01916	Vishal Mega Mart Ltd	Consumer Cyclical	20.75	0.66	2.46	June25	10.18
Motilal Oswal Nifty Midcap 150 Idx DirGr	INF247L01916	Vishal Mega Mart Ltd	Consumer Cyclical	20.75	0.66	2.46	July25	9.19
Motilal Oswal Nifty Midcap 150 Idx DirGr	INF247L01916	Vishal Mega Mart Ltd	Consumer Cyclical	20.75	0.66	2.46	Aug25	8.13
Motilal Oswal Nifty Midcap 150 Idx DirGr	INF247L01916	Jindal Stainless Ltd	Basic Materials	20.54	0.66	2.46	Oct24	5.55
Motilal Oswal Nifty Midcap 150 Idx DirGr	INF247L01916	Jindal Stainless Ltd	Basic Materials	20.54	0.66	2.46	Nov24	7.52
Motilal Oswal Nifty Midcap 150 Idx DirGr	INF247L01916	Jindal Stainless Ltd	Basic Materials	20.54	0.66	2.46	Dec24	3.56
Motilal Oswal Nifty Midcap 150 Idx DirGr	INF247L01916	Jindal Stainless Ltd	Basic Materials	20.54	0.66	2.46	Jan25	5.32
Motilal Oswal Nifty Midcap 150 Idx DirGr	INF247L01916	Jindal Stainless Ltd	Basic Materials	20.54	0.66	2.46	Feb25	5.59
Motilal Oswal Nifty Midcap 150 Idx DirGr	INF247L01916	Jindal Stainless Ltd	Basic Materials	20.54	0.66	2.46	Mar25	15.51
Motilal Oswal Nifty Midcap 150 Idx DirGr	INF247L01916	Jindal Stainless Ltd	Basic Materials	20.54	0.66	2.46	Mar25	15.51
Motilal Oswal Nifty Midcap 150 Idx DirGr	INF247L01916	Jindal Stainless Ltd	Basic Materials	20.54	0.66	2.46	Apr25	12.51
Motilal Oswal Nifty Midcap 150 Idx DirGr	INF247L01916	Jindal Stainless Ltd	Basic Materials	20.54	0.66	2.46	May25	11.15
Motilal Oswal Nifty Midcap 150 Idx DirGr	INF247L01916	Jindal Stainless Ltd	Basic Materials	20.54	0.66	2.46	June25	10.18
Motilal Oswal Nifty Midcap 150 Idx DirGr	INF247L01916	Jindal Stainless Ltd	Basic Materials	20.54	0.66	2.46	July25	9.19
Motilal Oswal Nifty Midcap 150 Idx DirGr	INF247L01916	Jindal Stainless Ltd	Basic Materials	20.54	0.66	2.46	Aug25	8.13
Motilal Oswal Nifty Midcap 150 Idx DirGr	INF247L01916	Mahindra & Mahindra Financial Services Ltd	Financial Services	20.49	0.65	2.46	Oct24	5.55
Motilal Oswal Nifty Midcap 150 Idx DirGr	INF247L01916	Mahindra & Mahindra Financial Services Ltd	Financial Services	20.49	0.65	2.46	Nov24	7.52
Motilal Oswal Nifty Midcap 150 Idx DirGr	INF247L01916	Mahindra & Mahindra Financial Services Ltd	Financial Services	20.49	0.65	2.46	Dec24	3.56
Motilal Oswal Nifty Midcap 150 Idx DirGr	INF247L01916	Mahindra & Mahindra Financial Services Ltd	Financial Services	20.49	0.65	2.46	Jan25	5.32
Motilal Oswal Nifty Midcap 150 Idx DirGr	INF247L01916	Mahindra & Mahindra Financial Services Ltd	Financial Services	20.49	0.65	2.46	Feb25	5.59
Motilal Oswal Nifty Midcap 150 Idx DirGr	INF247L01916	Mahindra & Mahindra Financial Services Ltd	Financial Services	20.49	0.65	2.46	Mar25	15.51
Motilal Oswal Nifty Midcap 150 Idx DirGr	INF247L01916	Mahindra & Mahindra Financial Services Ltd	Financial Services	20.49	0.65	2.46	Mar25	15.51
Motilal Oswal Nifty Midcap 150 Idx DirGr	INF247L01916	Mahindra & Mahindra Financial Services Ltd	Financial Services	20.49	0.65	2.46	Apr25	12.51
Motilal Oswal Nifty Midcap 150 Idx DirGr	INF247L01916	Mahindra & Mahindra Financial Services Ltd	Financial Services	20.49	0.65	2.46	May25	11.15
Motilal Oswal Nifty Midcap 150 Idx DirGr	INF247L01916	Mahindra & Mahindra Financial Services Ltd	Financial Services	20.49	0.65	2.46	June25	10.18
Motilal Oswal Nifty Midcap 150 Idx DirGr	INF247L01916	Mahindra & Mahindra Financial Services Ltd	Financial Services	20.49	0.65	2.46	July25	9.19
Motilal Oswal Nifty Midcap 150 Idx DirGr	INF247L01916	Mahindra & Mahindra Financial Services Ltd	Financial Services	20.49	0.65	2.46	Aug25	8.13
Motilal Oswal Nifty Midcap 150 Idx DirGr	INF247L01916	Petronet LNG Ltd	Energy	20.06	0.64	2.46	Oct24	5.55
Motilal Oswal Nifty Midcap 150 Idx DirGr	INF247L01916	Petronet LNG Ltd	Energy	20.06	0.64	2.46	Nov24	7.52
Motilal Oswal Nifty Midcap 150 Idx DirGr	INF247L01916	Petronet LNG Ltd	Energy	20.06	0.64	2.46	Dec24	3.56
Motilal Oswal Nifty Midcap 150 Idx DirGr	INF247L01916	Petronet LNG Ltd	Energy	20.06	0.64	2.46	Jan25	5.32
Motilal Oswal Nifty Midcap 150 Idx DirGr	INF247L01916	Petronet LNG Ltd	Energy	20.06	0.64	2.46	Feb25	5.59
Motilal Oswal Nifty Midcap 150 Idx DirGr	INF247L01916	Petronet LNG Ltd	Energy	20.06	0.64	2.46	Mar25	15.51
Motilal Oswal Nifty Midcap 150 Idx DirGr	INF247L01916	Petronet LNG Ltd	Energy	20.06	0.64	2.46	Mar25	15.51
Motilal Oswal Nifty Midcap 150 Idx DirGr	INF247L01916	Petronet LNG Ltd	Energy	20.06	0.64	2.46	Apr25	12.51
Motilal Oswal Nifty Midcap 150 Idx DirGr	INF247L01916	Petronet LNG Ltd	Energy	20.06	0.64	2.46	May25	11.15
Motilal Oswal Nifty Midcap 150 Idx DirGr	INF247L01916	Petronet LNG Ltd	Energy	20.06	0.64	2.46	June25	10.18
Motilal Oswal Nifty Midcap 150 Idx DirGr	INF247L01916	Petronet LNG Ltd	Energy	20.06	0.64	2.46	July25	9.19
Motilal Oswal Nifty Midcap 150 Idx DirGr	INF247L01916	Petronet LNG Ltd	Energy	20.06	0.64	2.46	Aug25	8.13
Motilal Oswal Nifty Midcap 150 Idx DirGr	INF247L01916	Sona BLW Precision Forgings Ltd	Consumer Cyclical	19.83	0.63	2.46	Oct24	5.55
Motilal Oswal Nifty Midcap 150 Idx DirGr	INF247L01916	Sona BLW Precision Forgings Ltd	Consumer Cyclical	19.83	0.63	2.46	Nov24	7.52
Motilal Oswal Nifty Midcap 150 Idx DirGr	INF247L01916	Sona BLW Precision Forgings Ltd	Consumer Cyclical	19.83	0.63	2.46	Dec24	3.56
Motilal Oswal Nifty Midcap 150 Idx DirGr	INF247L01916	Sona BLW Precision Forgings Ltd	Consumer Cyclical	19.83	0.63	2.46	Jan25	5.32
Motilal Oswal Nifty Midcap 150 Idx DirGr	INF247L01916	Sona BLW Precision Forgings Ltd	Consumer Cyclical	19.83	0.63	2.46	Feb25	5.59
Motilal Oswal Nifty Midcap 150 Idx DirGr	INF247L01916	Sona BLW Precision Forgings Ltd	Consumer Cyclical	19.83	0.63	2.46	Mar25	15.51
Motilal Oswal Nifty Midcap 150 Idx DirGr	INF247L01916	Sona BLW Precision Forgings Ltd	Consumer Cyclical	19.83	0.63	2.46	Mar25	15.51
Motilal Oswal Nifty Midcap 150 Idx DirGr	INF247L01916	Sona BLW Precision Forgings Ltd	Consumer Cyclical	19.83	0.63	2.46	Apr25	12.51
Motilal Oswal Nifty Midcap 150 Idx DirGr	INF247L01916	Sona BLW Precision Forgings Ltd	Consumer Cyclical	19.83	0.63	2.46	May25	11.15
Motilal Oswal Nifty Midcap 150 Idx DirGr	INF247L01916	Sona BLW Precision Forgings Ltd	Consumer Cyclical	19.83	0.63	2.46	June25	10.18
Motilal Oswal Nifty Midcap 150 Idx DirGr	INF247L01916	Sona BLW Precision Forgings Ltd	Consumer Cyclical	19.83	0.63	2.46	July25	9.19
Motilal Oswal Nifty Midcap 150 Idx DirGr	INF247L01916	Sona BLW Precision Forgings Ltd	Consumer Cyclical	19.83	0.63	2.46	Aug25	8.13
Motilal Oswal Nifty Midcap 150 Idx DirGr	INF247L01916	Steel Authority Of India Ltd	Basic Materials	19.83	0.63	2.46	Oct24	5.55
Motilal Oswal Nifty Midcap 150 Idx DirGr	INF247L01916	Steel Authority Of India Ltd	Basic Materials	19.83	0.63	2.46	Nov24	7.52
Motilal Oswal Nifty Midcap 150 Idx DirGr	INF247L01916	Steel Authority Of India Ltd	Basic Materials	19.83	0.63	2.46	Dec24	3.56
Motilal Oswal Nifty Midcap 150 Idx DirGr	INF247L01916	Steel Authority Of India Ltd	Basic Materials	19.83	0.63	2.46	Jan25	5.32
Motilal Oswal Nifty Midcap 150 Idx DirGr	INF247L01916	Steel Authority Of India Ltd	Basic Materials	19.83	0.63	2.46	Feb25	5.59
Motilal Oswal Nifty Midcap 150 Idx DirGr	INF247L01916	Steel Authority Of India Ltd	Basic Materials	19.83	0.63	2.46	Mar25	15.51
Motilal Oswal Nifty Midcap 150 Idx DirGr	INF247L01916	Steel Authority Of India Ltd	Basic Materials	19.83	0.63	2.46	Mar25	15.51
Motilal Oswal Nifty Midcap 150 Idx DirGr	INF247L01916	Steel Authority Of India Ltd	Basic Materials	19.83	0.63	2.46	Apr25	12.51
Motilal Oswal Nifty Midcap 150 Idx DirGr	INF247L01916	Steel Authority Of India Ltd	Basic Materials	19.83	0.63	2.46	May25	11.15
Motilal Oswal Nifty Midcap 150 Idx DirGr	INF247L01916	Steel Authority Of India Ltd	Basic Materials	19.83	0.63	2.46	June25	10.18
Motilal Oswal Nifty Midcap 150 Idx DirGr	INF247L01916	Steel Authority Of India Ltd	Basic Materials	19.83	0.63	2.46	July25	9.19
Motilal Oswal Nifty Midcap 150 Idx DirGr	INF247L01916	Steel Authority Of India Ltd	Basic Materials	19.83	0.63	2.46	Aug25	8.13
Motilal Oswal Nifty Midcap 150 Idx DirGr	INF247L01916	NHPC Ltd	Utilities	19.72	0.63	2.46	Oct24	5.55
Motilal Oswal Nifty Midcap 150 Idx DirGr	INF247L01916	NHPC Ltd	Utilities	19.72	0.63	2.46	Nov24	7.52
Motilal Oswal Nifty Midcap 150 Idx DirGr	INF247L01916	NHPC Ltd	Utilities	19.72	0.63	2.46	Dec24	3.56
Motilal Oswal Nifty Midcap 150 Idx DirGr	INF247L01916	NHPC Ltd	Utilities	19.72	0.63	2.46	Jan25	5.32
Motilal Oswal Nifty Midcap 150 Idx DirGr	INF247L01916	NHPC Ltd	Utilities	19.72	0.63	2.46	Feb25	5.59
Motilal Oswal Nifty Midcap 150 Idx DirGr	INF247L01916	NHPC Ltd	Utilities	19.72	0.63	2.46	Mar25	15.51
Motilal Oswal Nifty Midcap 150 Idx DirGr	INF247L01916	NHPC Ltd	Utilities	19.72	0.63	2.46	Mar25	15.51
Motilal Oswal Nifty Midcap 150 Idx DirGr	INF247L01916	NHPC Ltd	Utilities	19.72	0.63	2.46	Apr25	12.51
Motilal Oswal Nifty Midcap 150 Idx DirGr	INF247L01916	NHPC Ltd	Utilities	19.72	0.63	2.46	May25	11.15
Motilal Oswal Nifty Midcap 150 Idx DirGr	INF247L01916	NHPC Ltd	Utilities	19.72	0.63	2.46	June25	10.18
Motilal Oswal Nifty Midcap 150 Idx DirGr	INF247L01916	NHPC Ltd	Utilities	19.72	0.63	2.46	July25	9.19
Motilal Oswal Nifty Midcap 150 Idx DirGr	INF247L01916	NHPC Ltd	Utilities	19.72	0.63	2.46	Aug25	8.13
Motilal Oswal Nifty Midcap 150 Idx DirGr	INF247L01916	JK Cement Ltd	Basic Materials	19.59	0.63	2.45	Oct24	5.55
Motilal Oswal Nifty Midcap 150 Idx DirGr	INF247L01916	JK Cement Ltd	Basic Materials	19.59	0.63	2.45	Nov24	7.52
Motilal Oswal Nifty Midcap 150 Idx DirGr	INF247L01916	JK Cement Ltd	Basic Materials	19.59	0.63	2.45	Dec24	3.56
Motilal Oswal Nifty Midcap 150 Idx DirGr	INF247L01916	JK Cement Ltd	Basic Materials	19.59	0.63	2.45	Jan25	5.32
Motilal Oswal Nifty Midcap 150 Idx DirGr	INF247L01916	JK Cement Ltd	Basic Materials	19.59	0.63	2.45	Feb25	5.59
Motilal Oswal Nifty Midcap 150 Idx DirGr	INF247L01916	JK Cement Ltd	Basic Materials	19.59	0.63	2.45	Mar25	15.51
Motilal Oswal Nifty Midcap 150 Idx DirGr	INF247L01916	JK Cement Ltd	Basic Materials	19.59	0.63	2.45	Mar25	15.51
Motilal Oswal Nifty Midcap 150 Idx DirGr	INF247L01916	JK Cement Ltd	Basic Materials	19.59	0.63	2.45	Apr25	12.51
Motilal Oswal Nifty Midcap 150 Idx DirGr	INF247L01916	JK Cement Ltd	Basic Materials	19.59	0.63	2.45	May25	11.15
Motilal Oswal Nifty Midcap 150 Idx DirGr	INF247L01916	JK Cement Ltd	Basic Materials	19.59	0.63	2.45	June25	10.18
Motilal Oswal Nifty Midcap 150 Idx DirGr	INF247L01916	JK Cement Ltd	Basic Materials	19.59	0.63	2.45	July25	9.19
Motilal Oswal Nifty Midcap 150 Idx DirGr	INF247L01916	JK Cement Ltd	Basic Materials	19.59	0.63	2.45	Aug25	8.13
Motilal Oswal Nifty Midcap 150 Idx DirGr	INF247L01916	Prestige Estates Projects Ltd	Real Estate	19.45	0.62	2.46	Oct24	5.55
Motilal Oswal Nifty Midcap 150 Idx DirGr	INF247L01916	Prestige Estates Projects Ltd	Real Estate	19.45	0.62	2.46	Nov24	7.52
Motilal Oswal Nifty Midcap 150 Idx DirGr	INF247L01916	Prestige Estates Projects Ltd	Real Estate	19.45	0.62	2.46	Dec24	3.56
Motilal Oswal Nifty Midcap 150 Idx DirGr	INF247L01916	Prestige Estates Projects Ltd	Real Estate	19.45	0.62	2.46	Jan25	5.32
Motilal Oswal Nifty Midcap 150 Idx DirGr	INF247L01916	Prestige Estates Projects Ltd	Real Estate	19.45	0.62	2.46	Feb25	5.59
Motilal Oswal Nifty Midcap 150 Idx DirGr	INF247L01916	Prestige Estates Projects Ltd	Real Estate	19.45	0.62	2.46	Mar25	15.51
Motilal Oswal Nifty Midcap 150 Idx DirGr	INF247L01916	Prestige Estates Projects Ltd	Real Estate	19.45	0.62	2.46	Mar25	15.51
Motilal Oswal Nifty Midcap 150 Idx DirGr	INF247L01916	Prestige Estates Projects Ltd	Real Estate	19.45	0.62	2.46	Apr25	12.51
Motilal Oswal Nifty Midcap 150 Idx DirGr	INF247L01916	Prestige Estates Projects Ltd	Real Estate	19.45	0.62	2.46	May25	11.15
Motilal Oswal Nifty Midcap 150 Idx DirGr	INF247L01916	Prestige Estates Projects Ltd	Real Estate	19.45	0.62	2.46	June25	10.18
Motilal Oswal Nifty Midcap 150 Idx DirGr	INF247L01916	Prestige Estates Projects Ltd	Real Estate	19.45	0.62	2.46	July25	9.19
Motilal Oswal Nifty Midcap 150 Idx DirGr	INF247L01916	Prestige Estates Projects Ltd	Real Estate	19.45	0.62	2.46	Aug25	8.13
Motilal Oswal Nifty Midcap 150 Idx DirGr	INF247L01916	L&T Finance Ltd	Financial Services	19.22	0.61	2.46	Oct24	5.55
Motilal Oswal Nifty Midcap 150 Idx DirGr	INF247L01916	L&T Finance Ltd	Financial Services	19.22	0.61	2.46	Nov24	7.52
Motilal Oswal Nifty Midcap 150 Idx DirGr	INF247L01916	L&T Finance Ltd	Financial Services	19.22	0.61	2.46	Dec24	3.56
Motilal Oswal Nifty Midcap 150 Idx DirGr	INF247L01916	L&T Finance Ltd	Financial Services	19.22	0.61	2.46	Jan25	5.32
Motilal Oswal Nifty Midcap 150 Idx DirGr	INF247L01916	L&T Finance Ltd	Financial Services	19.22	0.61	2.46	Feb25	5.59
Motilal Oswal Nifty Midcap 150 Idx DirGr	INF247L01916	L&T Finance Ltd	Financial Services	19.22	0.61	2.46	Mar25	15.51
Motilal Oswal Nifty Midcap 150 Idx DirGr	INF247L01916	L&T Finance Ltd	Financial Services	19.22	0.61	2.46	Mar25	15.51
Motilal Oswal Nifty Midcap 150 Idx DirGr	INF247L01916	L&T Finance Ltd	Financial Services	19.22	0.61	2.46	Apr25	12.51
Motilal Oswal Nifty Midcap 150 Idx DirGr	INF247L01916	L&T Finance Ltd	Financial Services	19.22	0.61	2.46	May25	11.15
Motilal Oswal Nifty Midcap 150 Idx DirGr	INF247L01916	L&T Finance Ltd	Financial Services	19.22	0.61	2.46	June25	10.18
Motilal Oswal Nifty Midcap 150 Idx DirGr	INF247L01916	L&T Finance Ltd	Financial Services	19.22	0.61	2.46	July25	9.19
Motilal Oswal Nifty Midcap 150 Idx DirGr	INF247L01916	L&T Finance Ltd	Financial Services	19.22	0.61	2.46	Aug25	8.13
Motilal Oswal Nifty Midcap 150 Idx DirGr	INF247L01916	SBI Cards and Payment Services Ltd Ordinary Shares	Financial Services	19.21	0.61	2.46	Oct24	5.55
Motilal Oswal Nifty Midcap 150 Idx DirGr	INF247L01916	SBI Cards and Payment Services Ltd Ordinary Shares	Financial Services	19.21	0.61	2.46	Nov24	7.52
Motilal Oswal Nifty Midcap 150 Idx DirGr	INF247L01916	SBI Cards and Payment Services Ltd Ordinary Shares	Financial Services	19.21	0.61	2.46	Dec24	3.56
Motilal Oswal Nifty Midcap 150 Idx DirGr	INF247L01916	SBI Cards and Payment Services Ltd Ordinary Shares	Financial Services	19.21	0.61	2.46	Jan25	5.32
Motilal Oswal Nifty Midcap 150 Idx DirGr	INF247L01916	SBI Cards and Payment Services Ltd Ordinary Shares	Financial Services	19.21	0.61	2.46	Feb25	5.59
Motilal Oswal Nifty Midcap 150 Idx DirGr	INF247L01916	SBI Cards and Payment Services Ltd Ordinary Shares	Financial Services	19.21	0.61	2.46	Mar25	15.51
Motilal Oswal Nifty Midcap 150 Idx DirGr	INF247L01916	SBI Cards and Payment Services Ltd Ordinary Shares	Financial Services	19.21	0.61	2.46	Mar25	15.51
Motilal Oswal Nifty Midcap 150 Idx DirGr	INF247L01916	SBI Cards and Payment Services Ltd Ordinary Shares	Financial Services	19.21	0.61	2.46	Apr25	12.51
Motilal Oswal Nifty Midcap 150 Idx DirGr	INF247L01916	SBI Cards and Payment Services Ltd Ordinary Shares	Financial Services	19.21	0.61	2.46	May25	11.15
Motilal Oswal Nifty Midcap 150 Idx DirGr	INF247L01916	SBI Cards and Payment Services Ltd Ordinary Shares	Financial Services	19.21	0.61	2.46	June25	10.18
Motilal Oswal Nifty Midcap 150 Idx DirGr	INF247L01916	SBI Cards and Payment Services Ltd Ordinary Shares	Financial Services	19.21	0.61	2.46	July25	9.19
Motilal Oswal Nifty Midcap 150 Idx DirGr	INF247L01916	SBI Cards and Payment Services Ltd Ordinary Shares	Financial Services	19.21	0.61	2.46	Aug25	8.13
Motilal Oswal Nifty Midcap 150 Idx DirGr	INF247L01916	UNO Minda Ltd	Consumer Cyclical	17.83	0.57	2.46	Oct24	5.55
Motilal Oswal Nifty Midcap 150 Idx DirGr	INF247L01916	UNO Minda Ltd	Consumer Cyclical	17.83	0.57	2.46	Nov24	7.52
Motilal Oswal Nifty Midcap 150 Idx DirGr	INF247L01916	UNO Minda Ltd	Consumer Cyclical	17.83	0.57	2.46	Dec24	3.56
Motilal Oswal Nifty Midcap 150 Idx DirGr	INF247L01916	UNO Minda Ltd	Consumer Cyclical	17.83	0.57	2.46	Jan25	5.32
Motilal Oswal Nifty Midcap 150 Idx DirGr	INF247L01916	UNO Minda Ltd	Consumer Cyclical	17.83	0.57	2.46	Feb25	5.59
Motilal Oswal Nifty Midcap 150 Idx DirGr	INF247L01916	UNO Minda Ltd	Consumer Cyclical	17.83	0.57	2.46	Mar25	15.51
Motilal Oswal Nifty Midcap 150 Idx DirGr	INF247L01916	UNO Minda Ltd	Consumer Cyclical	17.83	0.57	2.46	Mar25	15.51
Motilal Oswal Nifty Midcap 150 Idx DirGr	INF247L01916	UNO Minda Ltd	Consumer Cyclical	17.83	0.57	2.46	Apr25	12.51
Motilal Oswal Nifty Midcap 150 Idx DirGr	INF247L01916	UNO Minda Ltd	Consumer Cyclical	17.83	0.57	2.46	May25	11.15
Motilal Oswal Nifty Midcap 150 Idx DirGr	INF247L01916	UNO Minda Ltd	Consumer Cyclical	17.83	0.57	2.46	June25	10.18
Motilal Oswal Nifty Midcap 150 Idx DirGr	INF247L01916	UNO Minda Ltd	Consumer Cyclical	17.83	0.57	2.46	July25	9.19
Motilal Oswal Nifty Midcap 150 Idx DirGr	INF247L01916	UNO Minda Ltd	Consumer Cyclical	17.83	0.57	2.46	Aug25	8.13
Motilal Oswal Nifty Midcap 150 Idx DirGr	INF247L01916	Bank of India	Financial Services	17.71	0.56	2.46	Oct24	5.55
Motilal Oswal Nifty Midcap 150 Idx DirGr	INF247L01916	Bank of India	Financial Services	17.71	0.56	2.46	Nov24	7.52
Motilal Oswal Nifty Midcap 150 Idx DirGr	INF247L01916	Bank of India	Financial Services	17.71	0.56	2.46	Dec24	3.56
Motilal Oswal Nifty Midcap 150 Idx DirGr	INF247L01916	Bank of India	Financial Services	17.71	0.56	2.46	Jan25	5.32
Motilal Oswal Nifty Midcap 150 Idx DirGr	INF247L01916	Bank of India	Financial Services	17.71	0.56	2.46	Feb25	5.59
Motilal Oswal Nifty Midcap 150 Idx DirGr	INF247L01916	Bank of India	Financial Services	17.71	0.56	2.46	Mar25	15.51
Motilal Oswal Nifty Midcap 150 Idx DirGr	INF247L01916	Bank of India	Financial Services	17.71	0.56	2.46	Mar25	15.51
Motilal Oswal Nifty Midcap 150 Idx DirGr	INF247L01916	Bank of India	Financial Services	17.71	0.56	2.46	Apr25	12.51
Motilal Oswal Nifty Midcap 150 Idx DirGr	INF247L01916	Bank of India	Financial Services	17.71	0.56	2.46	May25	11.15
Motilal Oswal Nifty Midcap 150 Idx DirGr	INF247L01916	Bank of India	Financial Services	17.71	0.56	2.46	June25	10.18
Motilal Oswal Nifty Midcap 150 Idx DirGr	INF247L01916	Bank of India	Financial Services	17.71	0.56	2.46	July25	9.19
Motilal Oswal Nifty Midcap 150 Idx DirGr	INF247L01916	Bank of India	Financial Services	17.71	0.56	2.46	Aug25	8.13
Motilal Oswal Nifty Midcap 150 Idx DirGr	INF247L01916	Ipca Laboratories Ltd	Healthcare	17.59	0.56	2.46	Oct24	5.55
Motilal Oswal Nifty Midcap 150 Idx DirGr	INF247L01916	Ipca Laboratories Ltd	Healthcare	17.59	0.56	2.46	Nov24	7.52
Motilal Oswal Nifty Midcap 150 Idx DirGr	INF247L01916	Ipca Laboratories Ltd	Healthcare	17.59	0.56	2.46	Dec24	3.56
Motilal Oswal Nifty Midcap 150 Idx DirGr	INF247L01916	Ipca Laboratories Ltd	Healthcare	17.59	0.56	2.46	Jan25	5.32
Motilal Oswal Nifty Midcap 150 Idx DirGr	INF247L01916	Ipca Laboratories Ltd	Healthcare	17.59	0.56	2.46	Feb25	5.59
Motilal Oswal Nifty Midcap 150 Idx DirGr	INF247L01916	Ipca Laboratories Ltd	Healthcare	17.59	0.56	2.46	Mar25	15.51
Motilal Oswal Nifty Midcap 150 Idx DirGr	INF247L01916	Ipca Laboratories Ltd	Healthcare	17.59	0.56	2.46	Mar25	15.51
Motilal Oswal Nifty Midcap 150 Idx DirGr	INF247L01916	Ipca Laboratories Ltd	Healthcare	17.59	0.56	2.46	Apr25	12.51
Motilal Oswal Nifty Midcap 150 Idx DirGr	INF247L01916	Ipca Laboratories Ltd	Healthcare	17.59	0.56	2.46	May25	11.15
Motilal Oswal Nifty Midcap 150 Idx DirGr	INF247L01916	Ipca Laboratories Ltd	Healthcare	17.59	0.56	2.46	June25	10.18
Motilal Oswal Nifty Midcap 150 Idx DirGr	INF247L01916	Ipca Laboratories Ltd	Healthcare	17.59	0.56	2.46	July25	9.19
Motilal Oswal Nifty Midcap 150 Idx DirGr	INF247L01916	Ipca Laboratories Ltd	Healthcare	17.59	0.56	2.46	Aug25	8.13
Motilal Oswal Nifty Midcap 150 Idx DirGr	INF247L01916	Astral Ltd	Industrials	16.91	0.54	2.46	Oct24	5.55
Motilal Oswal Nifty Midcap 150 Idx DirGr	INF247L01916	Astral Ltd	Industrials	16.91	0.54	2.46	Nov24	7.52
Motilal Oswal Nifty Midcap 150 Idx DirGr	INF247L01916	Astral Ltd	Industrials	16.91	0.54	2.46	Dec24	3.56
Motilal Oswal Nifty Midcap 150 Idx DirGr	INF247L01916	Astral Ltd	Industrials	16.91	0.54	2.46	Jan25	5.32
Motilal Oswal Nifty Midcap 150 Idx DirGr	INF247L01916	Astral Ltd	Industrials	16.91	0.54	2.46	Feb25	5.59
Motilal Oswal Nifty Midcap 150 Idx DirGr	INF247L01916	Astral Ltd	Industrials	16.91	0.54	2.46	Mar25	15.51
Motilal Oswal Nifty Midcap 150 Idx DirGr	INF247L01916	Astral Ltd	Industrials	16.91	0.54	2.46	Mar25	15.51
Motilal Oswal Nifty Midcap 150 Idx DirGr	INF247L01916	Astral Ltd	Industrials	16.91	0.54	2.46	Apr25	12.51
Motilal Oswal Nifty Midcap 150 Idx DirGr	INF247L01916	Astral Ltd	Industrials	16.91	0.54	2.46	May25	11.15
Motilal Oswal Nifty Midcap 150 Idx DirGr	INF247L01916	Astral Ltd	Industrials	16.91	0.54	2.46	June25	10.18
Motilal Oswal Nifty Midcap 150 Idx DirGr	INF247L01916	Astral Ltd	Industrials	16.91	0.54	2.46	July25	9.19
Motilal Oswal Nifty Midcap 150 Idx DirGr	INF247L01916	Astral Ltd	Industrials	16.91	0.54	2.46	Aug25	8.13
Motilal Oswal Nifty Midcap 150 Idx DirGr	INF247L01916	Jubilant Foodworks Ltd	Consumer Cyclical	16.84	0.54	2.46	Oct24	5.55
Motilal Oswal Nifty Midcap 150 Idx DirGr	INF247L01916	Jubilant Foodworks Ltd	Consumer Cyclical	16.84	0.54	2.46	Nov24	7.52
Motilal Oswal Nifty Midcap 150 Idx DirGr	INF247L01916	Jubilant Foodworks Ltd	Consumer Cyclical	16.84	0.54	2.46	Dec24	3.56
Motilal Oswal Nifty Midcap 150 Idx DirGr	INF247L01916	Jubilant Foodworks Ltd	Consumer Cyclical	16.84	0.54	2.46	Jan25	5.32
Motilal Oswal Nifty Midcap 150 Idx DirGr	INF247L01916	Jubilant Foodworks Ltd	Consumer Cyclical	16.84	0.54	2.46	Feb25	5.59
Motilal Oswal Nifty Midcap 150 Idx DirGr	INF247L01916	Jubilant Foodworks Ltd	Consumer Cyclical	16.84	0.54	2.46	Mar25	15.51
Motilal Oswal Nifty Midcap 150 Idx DirGr	INF247L01916	Jubilant Foodworks Ltd	Consumer Cyclical	16.84	0.54	2.46	Mar25	15.51
Motilal Oswal Nifty Midcap 150 Idx DirGr	INF247L01916	Jubilant Foodworks Ltd	Consumer Cyclical	16.84	0.54	2.46	Apr25	12.51
Motilal Oswal Nifty Midcap 150 Idx DirGr	INF247L01916	Jubilant Foodworks Ltd	Consumer Cyclical	16.84	0.54	2.46	May25	11.15
Motilal Oswal Nifty Midcap 150 Idx DirGr	INF247L01916	Jubilant Foodworks Ltd	Consumer Cyclical	16.84	0.54	2.46	June25	10.18
Motilal Oswal Nifty Midcap 150 Idx DirGr	INF247L01916	Jubilant Foodworks Ltd	Consumer Cyclical	16.84	0.54	2.46	July25	9.19
Motilal Oswal Nifty Midcap 150 Idx DirGr	INF247L01916	Jubilant Foodworks Ltd	Consumer Cyclical	16.84	0.54	2.46	Aug25	8.13
Motilal Oswal Nifty Midcap 150 Idx DirGr	INF247L01916	Page Industries Ltd	Consumer Cyclical	16.76	0.53	2.45	Oct24	5.55
Motilal Oswal Nifty Midcap 150 Idx DirGr	INF247L01916	Page Industries Ltd	Consumer Cyclical	16.76	0.53	2.45	Nov24	7.52
Motilal Oswal Nifty Midcap 150 Idx DirGr	INF247L01916	Page Industries Ltd	Consumer Cyclical	16.76	0.53	2.45	Dec24	3.56
Motilal Oswal Nifty Midcap 150 Idx DirGr	INF247L01916	Page Industries Ltd	Consumer Cyclical	16.76	0.53	2.45	Jan25	5.32
Motilal Oswal Nifty Midcap 150 Idx DirGr	INF247L01916	Page Industries Ltd	Consumer Cyclical	16.76	0.53	2.45	Feb25	5.59
Motilal Oswal Nifty Midcap 150 Idx DirGr	INF247L01916	Page Industries Ltd	Consumer Cyclical	16.76	0.53	2.45	Mar25	15.51
Motilal Oswal Nifty Midcap 150 Idx DirGr	INF247L01916	Page Industries Ltd	Consumer Cyclical	16.76	0.53	2.45	Mar25	15.51
Motilal Oswal Nifty Midcap 150 Idx DirGr	INF247L01916	Page Industries Ltd	Consumer Cyclical	16.76	0.53	2.45	Apr25	12.51
Motilal Oswal Nifty Midcap 150 Idx DirGr	INF247L01916	Page Industries Ltd	Consumer Cyclical	16.76	0.53	2.45	May25	11.15
Motilal Oswal Nifty Midcap 150 Idx DirGr	INF247L01916	Page Industries Ltd	Consumer Cyclical	16.76	0.53	2.45	June25	10.18
Motilal Oswal Nifty Midcap 150 Idx DirGr	INF247L01916	Page Industries Ltd	Consumer Cyclical	16.76	0.53	2.45	July25	9.19
Motilal Oswal Nifty Midcap 150 Idx DirGr	INF247L01916	Page Industries Ltd	Consumer Cyclical	16.76	0.53	2.45	Aug25	8.13
Motilal Oswal Nifty Midcap 150 Idx DirGr	INF247L01916	Balkrishna Industries Ltd	Consumer Cyclical	15.80	0.50	2.46	Oct24	5.55
Motilal Oswal Nifty Midcap 150 Idx DirGr	INF247L01916	Balkrishna Industries Ltd	Consumer Cyclical	15.80	0.50	2.46	Nov24	7.52
Motilal Oswal Nifty Midcap 150 Idx DirGr	INF247L01916	Balkrishna Industries Ltd	Consumer Cyclical	15.80	0.50	2.46	Dec24	3.56
Motilal Oswal Nifty Midcap 150 Idx DirGr	INF247L01916	Balkrishna Industries Ltd	Consumer Cyclical	15.80	0.50	2.46	Jan25	5.32
Motilal Oswal Nifty Midcap 150 Idx DirGr	INF247L01916	Balkrishna Industries Ltd	Consumer Cyclical	15.80	0.50	2.46	Feb25	5.59
Motilal Oswal Nifty Midcap 150 Idx DirGr	INF247L01916	Balkrishna Industries Ltd	Consumer Cyclical	15.80	0.50	2.46	Mar25	15.51
Motilal Oswal Nifty Midcap 150 Idx DirGr	INF247L01916	Balkrishna Industries Ltd	Consumer Cyclical	15.80	0.50	2.46	Mar25	15.51
Motilal Oswal Nifty Midcap 150 Idx DirGr	INF247L01916	Balkrishna Industries Ltd	Consumer Cyclical	15.80	0.50	2.46	Apr25	12.51
Motilal Oswal Nifty Midcap 150 Idx DirGr	INF247L01916	Balkrishna Industries Ltd	Consumer Cyclical	15.80	0.50	2.46	May25	11.15
Motilal Oswal Nifty Midcap 150 Idx DirGr	INF247L01916	Balkrishna Industries Ltd	Consumer Cyclical	15.80	0.50	2.46	June25	10.18
Motilal Oswal Nifty Midcap 150 Idx DirGr	INF247L01916	Balkrishna Industries Ltd	Consumer Cyclical	15.80	0.50	2.46	July25	9.19
Motilal Oswal Nifty Midcap 150 Idx DirGr	INF247L01916	Balkrishna Industries Ltd	Consumer Cyclical	15.80	0.50	2.46	Aug25	8.13
Motilal Oswal Nifty Midcap 150 Idx DirGr	INF247L01916	Apar Industries Ltd	Industrials	15.63	0.50	2.45	Oct24	5.55
Motilal Oswal Nifty Midcap 150 Idx DirGr	INF247L01916	Apar Industries Ltd	Industrials	15.63	0.50	2.45	Nov24	7.52
Motilal Oswal Nifty Midcap 150 Idx DirGr	INF247L01916	Apar Industries Ltd	Industrials	15.63	0.50	2.45	Dec24	3.56
Motilal Oswal Nifty Midcap 150 Idx DirGr	INF247L01916	Apar Industries Ltd	Industrials	15.63	0.50	2.45	Jan25	5.32
Motilal Oswal Nifty Midcap 150 Idx DirGr	INF247L01916	Apar Industries Ltd	Industrials	15.63	0.50	2.45	Feb25	5.59
Motilal Oswal Nifty Midcap 150 Idx DirGr	INF247L01916	Apar Industries Ltd	Industrials	15.63	0.50	2.45	Mar25	15.51
Motilal Oswal Nifty Midcap 150 Idx DirGr	INF247L01916	Apar Industries Ltd	Industrials	15.63	0.50	2.45	Mar25	15.51
Motilal Oswal Nifty Midcap 150 Idx DirGr	INF247L01916	Apar Industries Ltd	Industrials	15.63	0.50	2.45	Apr25	12.51
Motilal Oswal Nifty Midcap 150 Idx DirGr	INF247L01916	Apar Industries Ltd	Industrials	15.63	0.50	2.45	May25	11.15
Motilal Oswal Nifty Midcap 150 Idx DirGr	INF247L01916	Apar Industries Ltd	Industrials	15.63	0.50	2.45	June25	10.18
Motilal Oswal Nifty Midcap 150 Idx DirGr	INF247L01916	Apar Industries Ltd	Industrials	15.63	0.50	2.45	July25	9.19
Motilal Oswal Nifty Midcap 150 Idx DirGr	INF247L01916	Apar Industries Ltd	Industrials	15.63	0.50	2.45	Aug25	8.13
Motilal Oswal Nifty Midcap 150 Idx DirGr	INF247L01916	Tata Communications Ltd	Communication Services	15.53	0.50	2.46	Oct24	5.55
Motilal Oswal Nifty Midcap 150 Idx DirGr	INF247L01916	Tata Communications Ltd	Communication Services	15.53	0.50	2.46	Nov24	7.52
Motilal Oswal Nifty Midcap 150 Idx DirGr	INF247L01916	Tata Communications Ltd	Communication Services	15.53	0.50	2.46	Dec24	3.56
Motilal Oswal Nifty Midcap 150 Idx DirGr	INF247L01916	Tata Communications Ltd	Communication Services	15.53	0.50	2.46	Jan25	5.32
Motilal Oswal Nifty Midcap 150 Idx DirGr	INF247L01916	Tata Communications Ltd	Communication Services	15.53	0.50	2.46	Feb25	5.59
Motilal Oswal Nifty Midcap 150 Idx DirGr	INF247L01916	Tata Communications Ltd	Communication Services	15.53	0.50	2.46	Mar25	15.51
Motilal Oswal Nifty Midcap 150 Idx DirGr	INF247L01916	Tata Communications Ltd	Communication Services	15.53	0.50	2.46	Mar25	15.51
Motilal Oswal Nifty Midcap 150 Idx DirGr	INF247L01916	Tata Communications Ltd	Communication Services	15.53	0.50	2.46	Apr25	12.51
Motilal Oswal Nifty Midcap 150 Idx DirGr	INF247L01916	Tata Communications Ltd	Communication Services	15.53	0.50	2.46	May25	11.15
Motilal Oswal Nifty Midcap 150 Idx DirGr	INF247L01916	Tata Communications Ltd	Communication Services	15.53	0.50	2.46	June25	10.18
Motilal Oswal Nifty Midcap 150 Idx DirGr	INF247L01916	Tata Communications Ltd	Communication Services	15.53	0.50	2.46	July25	9.19
Motilal Oswal Nifty Midcap 150 Idx DirGr	INF247L01916	Tata Communications Ltd	Communication Services	15.53	0.50	2.46	Aug25	8.13
Motilal Oswal Nifty Midcap 150 Idx DirGr	INF247L01916	Rail Vikas Nigam Ltd	Industrials	14.86	0.47	2.46	Oct24	5.55
Motilal Oswal Nifty Midcap 150 Idx DirGr	INF247L01916	Rail Vikas Nigam Ltd	Industrials	14.86	0.47	2.46	Nov24	7.52
Motilal Oswal Nifty Midcap 150 Idx DirGr	INF247L01916	Rail Vikas Nigam Ltd	Industrials	14.86	0.47	2.46	Dec24	3.56
Motilal Oswal Nifty Midcap 150 Idx DirGr	INF247L01916	Rail Vikas Nigam Ltd	Industrials	14.86	0.47	2.46	Jan25	5.32
Motilal Oswal Nifty Midcap 150 Idx DirGr	INF247L01916	Rail Vikas Nigam Ltd	Industrials	14.86	0.47	2.46	Feb25	5.59
Motilal Oswal Nifty Midcap 150 Idx DirGr	INF247L01916	Rail Vikas Nigam Ltd	Industrials	14.86	0.47	2.46	Mar25	15.51
Motilal Oswal Nifty Midcap 150 Idx DirGr	INF247L01916	Rail Vikas Nigam Ltd	Industrials	14.86	0.47	2.46	Mar25	15.51
Motilal Oswal Nifty Midcap 150 Idx DirGr	INF247L01916	Rail Vikas Nigam Ltd	Industrials	14.86	0.47	2.46	Apr25	12.51
Motilal Oswal Nifty Midcap 150 Idx DirGr	INF247L01916	Rail Vikas Nigam Ltd	Industrials	14.86	0.47	2.46	May25	11.15
Motilal Oswal Nifty Midcap 150 Idx DirGr	INF247L01916	Rail Vikas Nigam Ltd	Industrials	14.86	0.47	2.46	June25	10.18
Motilal Oswal Nifty Midcap 150 Idx DirGr	INF247L01916	Rail Vikas Nigam Ltd	Industrials	14.86	0.47	2.46	July25	9.19
Motilal Oswal Nifty Midcap 150 Idx DirGr	INF247L01916	Rail Vikas Nigam Ltd	Industrials	14.86	0.47	2.46	Aug25	8.13
Motilal Oswal Nifty Midcap 150 Idx DirGr	INF247L01916	Oberoi Realty Ltd	Real Estate	14.83	0.47	2.46	Oct24	5.55
Motilal Oswal Nifty Midcap 150 Idx DirGr	INF247L01916	Oberoi Realty Ltd	Real Estate	14.83	0.47	2.46	Nov24	7.52
Motilal Oswal Nifty Midcap 150 Idx DirGr	INF247L01916	Oberoi Realty Ltd	Real Estate	14.83	0.47	2.46	Dec24	3.56
Motilal Oswal Nifty Midcap 150 Idx DirGr	INF247L01916	Oberoi Realty Ltd	Real Estate	14.83	0.47	2.46	Jan25	5.32
Motilal Oswal Nifty Midcap 150 Idx DirGr	INF247L01916	Oberoi Realty Ltd	Real Estate	14.83	0.47	2.46	Feb25	5.59
Motilal Oswal Nifty Midcap 150 Idx DirGr	INF247L01916	Oberoi Realty Ltd	Real Estate	14.83	0.47	2.46	Mar25	15.51
Motilal Oswal Nifty Midcap 150 Idx DirGr	INF247L01916	Oberoi Realty Ltd	Real Estate	14.83	0.47	2.46	Mar25	15.51
Motilal Oswal Nifty Midcap 150 Idx DirGr	INF247L01916	Oberoi Realty Ltd	Real Estate	14.83	0.47	2.46	Apr25	12.51
Motilal Oswal Nifty Midcap 150 Idx DirGr	INF247L01916	Oberoi Realty Ltd	Real Estate	14.83	0.47	2.46	May25	11.15
Motilal Oswal Nifty Midcap 150 Idx DirGr	INF247L01916	Oberoi Realty Ltd	Real Estate	14.83	0.47	2.46	June25	10.18
Motilal Oswal Nifty Midcap 150 Idx DirGr	INF247L01916	Oberoi Realty Ltd	Real Estate	14.83	0.47	2.46	July25	9.19
Motilal Oswal Nifty Midcap 150 Idx DirGr	INF247L01916	Oberoi Realty Ltd	Real Estate	14.83	0.47	2.46	Aug25	8.13
Motilal Oswal Nifty Midcap 150 Idx DirGr	INF247L01916	Schaeffler India Ltd	Consumer Cyclical	14.51	0.46	2.46	Oct24	5.55
Motilal Oswal Nifty Midcap 150 Idx DirGr	INF247L01916	Schaeffler India Ltd	Consumer Cyclical	14.51	0.46	2.46	Nov24	7.52
Motilal Oswal Nifty Midcap 150 Idx DirGr	INF247L01916	Schaeffler India Ltd	Consumer Cyclical	14.51	0.46	2.46	Dec24	3.56
Motilal Oswal Nifty Midcap 150 Idx DirGr	INF247L01916	Schaeffler India Ltd	Consumer Cyclical	14.51	0.46	2.46	Jan25	5.32
Motilal Oswal Nifty Midcap 150 Idx DirGr	INF247L01916	Schaeffler India Ltd	Consumer Cyclical	14.51	0.46	2.46	Feb25	5.59
Motilal Oswal Nifty Midcap 150 Idx DirGr	INF247L01916	Schaeffler India Ltd	Consumer Cyclical	14.51	0.46	2.46	Mar25	15.51
Motilal Oswal Nifty Midcap 150 Idx DirGr	INF247L01916	Schaeffler India Ltd	Consumer Cyclical	14.51	0.46	2.46	Mar25	15.51
Motilal Oswal Nifty Midcap 150 Idx DirGr	INF247L01916	Schaeffler India Ltd	Consumer Cyclical	14.51	0.46	2.46	Apr25	12.51
Motilal Oswal Nifty Midcap 150 Idx DirGr	INF247L01916	Schaeffler India Ltd	Consumer Cyclical	14.51	0.46	2.46	May25	11.15
Motilal Oswal Nifty Midcap 150 Idx DirGr	INF247L01916	Schaeffler India Ltd	Consumer Cyclical	14.51	0.46	2.46	June25	10.18
Motilal Oswal Nifty Midcap 150 Idx DirGr	INF247L01916	Schaeffler India Ltd	Consumer Cyclical	14.51	0.46	2.46	July25	9.19
Motilal Oswal Nifty Midcap 150 Idx DirGr	INF247L01916	Schaeffler India Ltd	Consumer Cyclical	14.51	0.46	2.46	Aug25	8.13
Motilal Oswal Nifty Midcap 150 Idx DirGr	INF247L01916	Patanjali Foods Ltd	Consumer Defensive	14.30	0.46	2.46	Oct24	5.55
Motilal Oswal Nifty Midcap 150 Idx DirGr	INF247L01916	Patanjali Foods Ltd	Consumer Defensive	14.30	0.46	2.46	Nov24	7.52
Motilal Oswal Nifty Midcap 150 Idx DirGr	INF247L01916	Patanjali Foods Ltd	Consumer Defensive	14.30	0.46	2.46	Dec24	3.56
Motilal Oswal Nifty Midcap 150 Idx DirGr	INF247L01916	Patanjali Foods Ltd	Consumer Defensive	14.30	0.46	2.46	Jan25	5.32
Motilal Oswal Nifty Midcap 150 Idx DirGr	INF247L01916	Patanjali Foods Ltd	Consumer Defensive	14.30	0.46	2.46	Feb25	5.59
Motilal Oswal Nifty Midcap 150 Idx DirGr	INF247L01916	Patanjali Foods Ltd	Consumer Defensive	14.30	0.46	2.46	Mar25	15.51
Motilal Oswal Nifty Midcap 150 Idx DirGr	INF247L01916	Patanjali Foods Ltd	Consumer Defensive	14.30	0.46	2.46	Mar25	15.51
Motilal Oswal Nifty Midcap 150 Idx DirGr	INF247L01916	Patanjali Foods Ltd	Consumer Defensive	14.30	0.46	2.46	Apr25	12.51
Motilal Oswal Nifty Midcap 150 Idx DirGr	INF247L01916	Patanjali Foods Ltd	Consumer Defensive	14.30	0.46	2.46	May25	11.15
Motilal Oswal Nifty Midcap 150 Idx DirGr	INF247L01916	Patanjali Foods Ltd	Consumer Defensive	14.30	0.46	2.46	June25	10.18
Motilal Oswal Nifty Midcap 150 Idx DirGr	INF247L01916	Patanjali Foods Ltd	Consumer Defensive	14.30	0.46	2.46	July25	9.19
Motilal Oswal Nifty Midcap 150 Idx DirGr	INF247L01916	Patanjali Foods Ltd	Consumer Defensive	14.30	0.46	2.46	Aug25	8.13
Motilal Oswal Nifty Midcap 150 Idx DirGr	INF247L01916	Indian Railway Catering And Tourism Corp Ltd	Consumer Cyclical	14.22	0.45	2.46	Oct24	5.55
Motilal Oswal Nifty Midcap 150 Idx DirGr	INF247L01916	Indian Railway Catering And Tourism Corp Ltd	Consumer Cyclical	14.22	0.45	2.46	Nov24	7.52
Motilal Oswal Nifty Midcap 150 Idx DirGr	INF247L01916	Indian Railway Catering And Tourism Corp Ltd	Consumer Cyclical	14.22	0.45	2.46	Dec24	3.56
Motilal Oswal Nifty Midcap 150 Idx DirGr	INF247L01916	Indian Railway Catering And Tourism Corp Ltd	Consumer Cyclical	14.22	0.45	2.46	Jan25	5.32
Motilal Oswal Nifty Midcap 150 Idx DirGr	INF247L01916	Indian Railway Catering And Tourism Corp Ltd	Consumer Cyclical	14.22	0.45	2.46	Feb25	5.59
Motilal Oswal Nifty Midcap 150 Idx DirGr	INF247L01916	Indian Railway Catering And Tourism Corp Ltd	Consumer Cyclical	14.22	0.45	2.46	Mar25	15.51
Motilal Oswal Nifty Midcap 150 Idx DirGr	INF247L01916	Indian Railway Catering And Tourism Corp Ltd	Consumer Cyclical	14.22	0.45	2.46	Mar25	15.51
Motilal Oswal Nifty Midcap 150 Idx DirGr	INF247L01916	Indian Railway Catering And Tourism Corp Ltd	Consumer Cyclical	14.22	0.45	2.46	Apr25	12.51
Motilal Oswal Nifty Midcap 150 Idx DirGr	INF247L01916	Indian Railway Catering And Tourism Corp Ltd	Consumer Cyclical	14.22	0.45	2.46	May25	11.15
Motilal Oswal Nifty Midcap 150 Idx DirGr	INF247L01916	Indian Railway Catering And Tourism Corp Ltd	Consumer Cyclical	14.22	0.45	2.46	June25	10.18
Motilal Oswal Nifty Midcap 150 Idx DirGr	INF247L01916	Indian Railway Catering And Tourism Corp Ltd	Consumer Cyclical	14.22	0.45	2.46	July25	9.19
Motilal Oswal Nifty Midcap 150 Idx DirGr	INF247L01916	Indian Railway Catering And Tourism Corp Ltd	Consumer Cyclical	14.22	0.45	2.46	Aug25	8.13
Motilal Oswal Nifty Midcap 150 Idx DirGr	INF247L01916	Container Corporation of India Ltd	Industrials	14.16	0.45	2.46	Oct24	5.55
Motilal Oswal Nifty Midcap 150 Idx DirGr	INF247L01916	Container Corporation of India Ltd	Industrials	14.16	0.45	2.46	Nov24	7.52
Motilal Oswal Nifty Midcap 150 Idx DirGr	INF247L01916	Container Corporation of India Ltd	Industrials	14.16	0.45	2.46	Dec24	3.56
Motilal Oswal Nifty Midcap 150 Idx DirGr	INF247L01916	Container Corporation of India Ltd	Industrials	14.16	0.45	2.46	Jan25	5.32
Motilal Oswal Nifty Midcap 150 Idx DirGr	INF247L01916	Container Corporation of India Ltd	Industrials	14.16	0.45	2.46	Feb25	5.59
Motilal Oswal Nifty Midcap 150 Idx DirGr	INF247L01916	Container Corporation of India Ltd	Industrials	14.16	0.45	2.46	Mar25	15.51
Motilal Oswal Nifty Midcap 150 Idx DirGr	INF247L01916	Container Corporation of India Ltd	Industrials	14.16	0.45	2.46	Mar25	15.51
Motilal Oswal Nifty Midcap 150 Idx DirGr	INF247L01916	Container Corporation of India Ltd	Industrials	14.16	0.45	2.46	Apr25	12.51
Motilal Oswal Nifty Midcap 150 Idx DirGr	INF247L01916	Container Corporation of India Ltd	Industrials	14.16	0.45	2.46	May25	11.15
Motilal Oswal Nifty Midcap 150 Idx DirGr	INF247L01916	Container Corporation of India Ltd	Industrials	14.16	0.45	2.46	June25	10.18
Motilal Oswal Nifty Midcap 150 Idx DirGr	INF247L01916	Container Corporation of India Ltd	Industrials	14.16	0.45	2.46	July25	9.19
Motilal Oswal Nifty Midcap 150 Idx DirGr	INF247L01916	Container Corporation of India Ltd	Industrials	14.16	0.45	2.46	Aug25	8.13
Motilal Oswal Nifty Midcap 150 Idx DirGr	INF247L01916	Nippon Life India Asset Management Ltd Ordinary Shares	Financial Services	13.70	0.44	2.46	Oct24	5.55
Motilal Oswal Nifty Midcap 150 Idx DirGr	INF247L01916	Nippon Life India Asset Management Ltd Ordinary Shares	Financial Services	13.70	0.44	2.46	Nov24	7.52
Motilal Oswal Nifty Midcap 150 Idx DirGr	INF247L01916	Nippon Life India Asset Management Ltd Ordinary Shares	Financial Services	13.70	0.44	2.46	Dec24	3.56
Motilal Oswal Nifty Midcap 150 Idx DirGr	INF247L01916	Nippon Life India Asset Management Ltd Ordinary Shares	Financial Services	13.70	0.44	2.46	Jan25	5.32
Motilal Oswal Nifty Midcap 150 Idx DirGr	INF247L01916	Nippon Life India Asset Management Ltd Ordinary Shares	Financial Services	13.70	0.44	2.46	Feb25	5.59
Motilal Oswal Nifty Midcap 150 Idx DirGr	INF247L01916	Nippon Life India Asset Management Ltd Ordinary Shares	Financial Services	13.70	0.44	2.46	Mar25	15.51
Motilal Oswal Nifty Midcap 150 Idx DirGr	INF247L01916	Nippon Life India Asset Management Ltd Ordinary Shares	Financial Services	13.70	0.44	2.46	Mar25	15.51
Motilal Oswal Nifty Midcap 150 Idx DirGr	INF247L01916	Nippon Life India Asset Management Ltd Ordinary Shares	Financial Services	13.70	0.44	2.46	Apr25	12.51
Motilal Oswal Nifty Midcap 150 Idx DirGr	INF247L01916	Nippon Life India Asset Management Ltd Ordinary Shares	Financial Services	13.70	0.44	2.46	May25	11.15
Motilal Oswal Nifty Midcap 150 Idx DirGr	INF247L01916	Nippon Life India Asset Management Ltd Ordinary Shares	Financial Services	13.70	0.44	2.46	June25	10.18
Motilal Oswal Nifty Midcap 150 Idx DirGr	INF247L01916	Nippon Life India Asset Management Ltd Ordinary Shares	Financial Services	13.70	0.44	2.46	July25	9.19
Motilal Oswal Nifty Midcap 150 Idx DirGr	INF247L01916	Nippon Life India Asset Management Ltd Ordinary Shares	Financial Services	13.70	0.44	2.46	Aug25	8.13
Motilal Oswal Nifty Midcap 150 Idx DirGr	INF247L01916	Oracle Financial Services Software Ltd	Technology	13.65	0.44	2.46	Oct24	5.55
Motilal Oswal Nifty Midcap 150 Idx DirGr	INF247L01916	Oracle Financial Services Software Ltd	Technology	13.65	0.44	2.46	Nov24	7.52
Motilal Oswal Nifty Midcap 150 Idx DirGr	INF247L01916	Oracle Financial Services Software Ltd	Technology	13.65	0.44	2.46	Dec24	3.56
Motilal Oswal Nifty Midcap 150 Idx DirGr	INF247L01916	Oracle Financial Services Software Ltd	Technology	13.65	0.44	2.46	Jan25	5.32
Motilal Oswal Nifty Midcap 150 Idx DirGr	INF247L01916	Oracle Financial Services Software Ltd	Technology	13.65	0.44	2.46	Feb25	5.59
Motilal Oswal Nifty Midcap 150 Idx DirGr	INF247L01916	Oracle Financial Services Software Ltd	Technology	13.65	0.44	2.46	Mar25	15.51
Motilal Oswal Nifty Midcap 150 Idx DirGr	INF247L01916	Oracle Financial Services Software Ltd	Technology	13.65	0.44	2.46	Mar25	15.51
Motilal Oswal Nifty Midcap 150 Idx DirGr	INF247L01916	Oracle Financial Services Software Ltd	Technology	13.65	0.44	2.46	Apr25	12.51
Motilal Oswal Nifty Midcap 150 Idx DirGr	INF247L01916	Oracle Financial Services Software Ltd	Technology	13.65	0.44	2.46	May25	11.15
Motilal Oswal Nifty Midcap 150 Idx DirGr	INF247L01916	Oracle Financial Services Software Ltd	Technology	13.65	0.44	2.46	June25	10.18
Motilal Oswal Nifty Midcap 150 Idx DirGr	INF247L01916	Oracle Financial Services Software Ltd	Technology	13.65	0.44	2.46	July25	9.19
Motilal Oswal Nifty Midcap 150 Idx DirGr	INF247L01916	Oracle Financial Services Software Ltd	Technology	13.65	0.44	2.46	Aug25	8.13
Motilal Oswal Nifty Midcap 150 Idx DirGr	INF247L01916	ITC Hotels Ltd	Consumer Cyclical	13.59	0.43	2.46	Oct24	5.55
Motilal Oswal Nifty Midcap 150 Idx DirGr	INF247L01916	ITC Hotels Ltd	Consumer Cyclical	13.59	0.43	2.46	Nov24	7.52
Motilal Oswal Nifty Midcap 150 Idx DirGr	INF247L01916	ITC Hotels Ltd	Consumer Cyclical	13.59	0.43	2.46	Dec24	3.56
Motilal Oswal Nifty Midcap 150 Idx DirGr	INF247L01916	ITC Hotels Ltd	Consumer Cyclical	13.59	0.43	2.46	Jan25	5.32
Motilal Oswal Nifty Midcap 150 Idx DirGr	INF247L01916	ITC Hotels Ltd	Consumer Cyclical	13.59	0.43	2.46	Feb25	5.59
Motilal Oswal Nifty Midcap 150 Idx DirGr	INF247L01916	ITC Hotels Ltd	Consumer Cyclical	13.59	0.43	2.46	Mar25	15.51
Motilal Oswal Nifty Midcap 150 Idx DirGr	INF247L01916	ITC Hotels Ltd	Consumer Cyclical	13.59	0.43	2.46	Mar25	15.51
Motilal Oswal Nifty Midcap 150 Idx DirGr	INF247L01916	ITC Hotels Ltd	Consumer Cyclical	13.59	0.43	2.46	Apr25	12.51
Motilal Oswal Nifty Midcap 150 Idx DirGr	INF247L01916	ITC Hotels Ltd	Consumer Cyclical	13.59	0.43	2.46	May25	11.15
Motilal Oswal Nifty Midcap 150 Idx DirGr	INF247L01916	ITC Hotels Ltd	Consumer Cyclical	13.59	0.43	2.46	June25	10.18
Motilal Oswal Nifty Midcap 150 Idx DirGr	INF247L01916	ITC Hotels Ltd	Consumer Cyclical	13.59	0.43	2.46	July25	9.19
Motilal Oswal Nifty Midcap 150 Idx DirGr	INF247L01916	ITC Hotels Ltd	Consumer Cyclical	13.59	0.43	2.46	Aug25	8.13
Motilal Oswal Nifty Midcap 150 Idx DirGr	INF247L01916	LIC Housing Finance Ltd	Financial Services	13.38	0.43	2.46	Oct24	5.55
Motilal Oswal Nifty Midcap 150 Idx DirGr	INF247L01916	LIC Housing Finance Ltd	Financial Services	13.38	0.43	2.46	Nov24	7.52
Motilal Oswal Nifty Midcap 150 Idx DirGr	INF247L01916	LIC Housing Finance Ltd	Financial Services	13.38	0.43	2.46	Dec24	3.56
Motilal Oswal Nifty Midcap 150 Idx DirGr	INF247L01916	LIC Housing Finance Ltd	Financial Services	13.38	0.43	2.46	Jan25	5.32
Motilal Oswal Nifty Midcap 150 Idx DirGr	INF247L01916	LIC Housing Finance Ltd	Financial Services	13.38	0.43	2.46	Feb25	5.59
Motilal Oswal Nifty Midcap 150 Idx DirGr	INF247L01916	LIC Housing Finance Ltd	Financial Services	13.38	0.43	2.46	Mar25	15.51
Motilal Oswal Nifty Midcap 150 Idx DirGr	INF247L01916	LIC Housing Finance Ltd	Financial Services	13.38	0.43	2.46	Mar25	15.51
Motilal Oswal Nifty Midcap 150 Idx DirGr	INF247L01916	LIC Housing Finance Ltd	Financial Services	13.38	0.43	2.46	Apr25	12.51
Motilal Oswal Nifty Midcap 150 Idx DirGr	INF247L01916	LIC Housing Finance Ltd	Financial Services	13.38	0.43	2.46	May25	11.15
Motilal Oswal Nifty Midcap 150 Idx DirGr	INF247L01916	LIC Housing Finance Ltd	Financial Services	13.38	0.43	2.46	June25	10.18
Motilal Oswal Nifty Midcap 150 Idx DirGr	INF247L01916	LIC Housing Finance Ltd	Financial Services	13.38	0.43	2.46	July25	9.19
Motilal Oswal Nifty Midcap 150 Idx DirGr	INF247L01916	LIC Housing Finance Ltd	Financial Services	13.38	0.43	2.46	Aug25	8.13
Motilal Oswal Nifty Midcap 150 Idx DirGr	INF247L01916	Lloyds Metals & Energy Ltd	Basic Materials	13.22	0.42	2.46	Oct24	5.55
Motilal Oswal Nifty Midcap 150 Idx DirGr	INF247L01916	Lloyds Metals & Energy Ltd	Basic Materials	13.22	0.42	2.46	Nov24	7.52
Motilal Oswal Nifty Midcap 150 Idx DirGr	INF247L01916	Lloyds Metals & Energy Ltd	Basic Materials	13.22	0.42	2.46	Dec24	3.56
Motilal Oswal Nifty Midcap 150 Idx DirGr	INF247L01916	Lloyds Metals & Energy Ltd	Basic Materials	13.22	0.42	2.46	Jan25	5.32
Motilal Oswal Nifty Midcap 150 Idx DirGr	INF247L01916	Lloyds Metals & Energy Ltd	Basic Materials	13.22	0.42	2.46	Feb25	5.59
Motilal Oswal Nifty Midcap 150 Idx DirGr	INF247L01916	Lloyds Metals & Energy Ltd	Basic Materials	13.22	0.42	2.46	Mar25	15.51
Motilal Oswal Nifty Midcap 150 Idx DirGr	INF247L01916	Lloyds Metals & Energy Ltd	Basic Materials	13.22	0.42	2.46	Mar25	15.51
Motilal Oswal Nifty Midcap 150 Idx DirGr	INF247L01916	Lloyds Metals & Energy Ltd	Basic Materials	13.22	0.42	2.46	Apr25	12.51
Motilal Oswal Nifty Midcap 150 Idx DirGr	INF247L01916	Lloyds Metals & Energy Ltd	Basic Materials	13.22	0.42	2.46	May25	11.15
Motilal Oswal Nifty Midcap 150 Idx DirGr	INF247L01916	Lloyds Metals & Energy Ltd	Basic Materials	13.22	0.42	2.46	June25	10.18
Motilal Oswal Nifty Midcap 150 Idx DirGr	INF247L01916	Lloyds Metals & Energy Ltd	Basic Materials	13.22	0.42	2.46	July25	9.19
Motilal Oswal Nifty Midcap 150 Idx DirGr	INF247L01916	Lloyds Metals & Energy Ltd	Basic Materials	13.22	0.42	2.46	Aug25	8.13
Motilal Oswal Nifty Midcap 150 Idx DirGr	INF247L01916	Dalmia Bharat Ltd	Basic Materials	13.14	0.42	2.46	Oct24	5.55
Motilal Oswal Nifty Midcap 150 Idx DirGr	INF247L01916	Dalmia Bharat Ltd	Basic Materials	13.14	0.42	2.46	Nov24	7.52
Motilal Oswal Nifty Midcap 150 Idx DirGr	INF247L01916	Dalmia Bharat Ltd	Basic Materials	13.14	0.42	2.46	Dec24	3.56
Motilal Oswal Nifty Midcap 150 Idx DirGr	INF247L01916	Dalmia Bharat Ltd	Basic Materials	13.14	0.42	2.46	Jan25	5.32
Motilal Oswal Nifty Midcap 150 Idx DirGr	INF247L01916	Dalmia Bharat Ltd	Basic Materials	13.14	0.42	2.46	Feb25	5.59
Motilal Oswal Nifty Midcap 150 Idx DirGr	INF247L01916	Dalmia Bharat Ltd	Basic Materials	13.14	0.42	2.46	Mar25	15.51
Motilal Oswal Nifty Midcap 150 Idx DirGr	INF247L01916	Dalmia Bharat Ltd	Basic Materials	13.14	0.42	2.46	Mar25	15.51
Motilal Oswal Nifty Midcap 150 Idx DirGr	INF247L01916	Dalmia Bharat Ltd	Basic Materials	13.14	0.42	2.46	Apr25	12.51
Motilal Oswal Nifty Midcap 150 Idx DirGr	INF247L01916	Dalmia Bharat Ltd	Basic Materials	13.14	0.42	2.46	May25	11.15
Motilal Oswal Nifty Midcap 150 Idx DirGr	INF247L01916	Dalmia Bharat Ltd	Basic Materials	13.14	0.42	2.46	June25	10.18
Motilal Oswal Nifty Midcap 150 Idx DirGr	INF247L01916	Dalmia Bharat Ltd	Basic Materials	13.14	0.42	2.46	July25	9.19
Motilal Oswal Nifty Midcap 150 Idx DirGr	INF247L01916	Dalmia Bharat Ltd	Basic Materials	13.14	0.42	2.46	Aug25	8.13
Motilal Oswal Nifty Midcap 150 Idx DirGr	INF247L01916	Kalyan Jewellers India Ltd	Consumer Cyclical	13.07	0.42	2.46	Oct24	5.55
Motilal Oswal Nifty Midcap 150 Idx DirGr	INF247L01916	Kalyan Jewellers India Ltd	Consumer Cyclical	13.07	0.42	2.46	Nov24	7.52
Motilal Oswal Nifty Midcap 150 Idx DirGr	INF247L01916	Kalyan Jewellers India Ltd	Consumer Cyclical	13.07	0.42	2.46	Dec24	3.56
Motilal Oswal Nifty Midcap 150 Idx DirGr	INF247L01916	Kalyan Jewellers India Ltd	Consumer Cyclical	13.07	0.42	2.46	Jan25	5.32
Motilal Oswal Nifty Midcap 150 Idx DirGr	INF247L01916	Kalyan Jewellers India Ltd	Consumer Cyclical	13.07	0.42	2.46	Feb25	5.59
Motilal Oswal Nifty Midcap 150 Idx DirGr	INF247L01916	Kalyan Jewellers India Ltd	Consumer Cyclical	13.07	0.42	2.46	Mar25	15.51
Motilal Oswal Nifty Midcap 150 Idx DirGr	INF247L01916	Kalyan Jewellers India Ltd	Consumer Cyclical	13.07	0.42	2.46	Mar25	15.51
Motilal Oswal Nifty Midcap 150 Idx DirGr	INF247L01916	Kalyan Jewellers India Ltd	Consumer Cyclical	13.07	0.42	2.46	Apr25	12.51
Motilal Oswal Nifty Midcap 150 Idx DirGr	INF247L01916	Kalyan Jewellers India Ltd	Consumer Cyclical	13.07	0.42	2.46	May25	11.15
Motilal Oswal Nifty Midcap 150 Idx DirGr	INF247L01916	Kalyan Jewellers India Ltd	Consumer Cyclical	13.07	0.42	2.46	June25	10.18
Motilal Oswal Nifty Midcap 150 Idx DirGr	INF247L01916	Kalyan Jewellers India Ltd	Consumer Cyclical	13.07	0.42	2.46	July25	9.19
Motilal Oswal Nifty Midcap 150 Idx DirGr	INF247L01916	Kalyan Jewellers India Ltd	Consumer Cyclical	13.07	0.42	2.46	Aug25	8.13
Motilal Oswal Nifty Midcap 150 Idx DirGr	INF247L01916	Tata Elxsi Ltd	Technology	12.85	0.41	2.46	Oct24	5.55
Motilal Oswal Nifty Midcap 150 Idx DirGr	INF247L01916	Tata Elxsi Ltd	Technology	12.85	0.41	2.46	Nov24	7.52
Motilal Oswal Nifty Midcap 150 Idx DirGr	INF247L01916	Tata Elxsi Ltd	Technology	12.85	0.41	2.46	Dec24	3.56
Motilal Oswal Nifty Midcap 150 Idx DirGr	INF247L01916	Tata Elxsi Ltd	Technology	12.85	0.41	2.46	Jan25	5.32
Motilal Oswal Nifty Midcap 150 Idx DirGr	INF247L01916	Tata Elxsi Ltd	Technology	12.85	0.41	2.46	Feb25	5.59
Motilal Oswal Nifty Midcap 150 Idx DirGr	INF247L01916	Tata Elxsi Ltd	Technology	12.85	0.41	2.46	Mar25	15.51
Motilal Oswal Nifty Midcap 150 Idx DirGr	INF247L01916	Tata Elxsi Ltd	Technology	12.85	0.41	2.46	Mar25	15.51
Motilal Oswal Nifty Midcap 150 Idx DirGr	INF247L01916	Tata Elxsi Ltd	Technology	12.85	0.41	2.46	Apr25	12.51
Motilal Oswal Nifty Midcap 150 Idx DirGr	INF247L01916	Tata Elxsi Ltd	Technology	12.85	0.41	2.46	May25	11.15
Motilal Oswal Nifty Midcap 150 Idx DirGr	INF247L01916	Tata Elxsi Ltd	Technology	12.85	0.41	2.46	June25	10.18
Motilal Oswal Nifty Midcap 150 Idx DirGr	INF247L01916	Tata Elxsi Ltd	Technology	12.85	0.41	2.46	July25	9.19
Motilal Oswal Nifty Midcap 150 Idx DirGr	INF247L01916	Tata Elxsi Ltd	Technology	12.85	0.41	2.46	Aug25	8.13
Motilal Oswal Nifty Midcap 150 Idx DirGr	INF247L01916	Bank of Maharashtra	Financial Services	12.60	0.40	2.46	Oct24	5.55
Motilal Oswal Nifty Midcap 150 Idx DirGr	INF247L01916	Bank of Maharashtra	Financial Services	12.60	0.40	2.46	Nov24	7.52
Motilal Oswal Nifty Midcap 150 Idx DirGr	INF247L01916	Bank of Maharashtra	Financial Services	12.60	0.40	2.46	Dec24	3.56
Motilal Oswal Nifty Midcap 150 Idx DirGr	INF247L01916	Bank of Maharashtra	Financial Services	12.60	0.40	2.46	Jan25	5.32
Motilal Oswal Nifty Midcap 150 Idx DirGr	INF247L01916	Bank of Maharashtra	Financial Services	12.60	0.40	2.46	Feb25	5.59
Motilal Oswal Nifty Midcap 150 Idx DirGr	INF247L01916	Bank of Maharashtra	Financial Services	12.60	0.40	2.46	Mar25	15.51
Motilal Oswal Nifty Midcap 150 Idx DirGr	INF247L01916	Bank of Maharashtra	Financial Services	12.60	0.40	2.46	Mar25	15.51
Motilal Oswal Nifty Midcap 150 Idx DirGr	INF247L01916	Bank of Maharashtra	Financial Services	12.60	0.40	2.46	Apr25	12.51
Motilal Oswal Nifty Midcap 150 Idx DirGr	INF247L01916	Bank of Maharashtra	Financial Services	12.60	0.40	2.46	May25	11.15
Motilal Oswal Nifty Midcap 150 Idx DirGr	INF247L01916	Bank of Maharashtra	Financial Services	12.60	0.40	2.46	June25	10.18
Motilal Oswal Nifty Midcap 150 Idx DirGr	INF247L01916	Bank of Maharashtra	Financial Services	12.60	0.40	2.46	July25	9.19
Motilal Oswal Nifty Midcap 150 Idx DirGr	INF247L01916	Bank of Maharashtra	Financial Services	12.60	0.40	2.46	Aug25	8.13
Motilal Oswal Nifty Midcap 150 Idx DirGr	INF247L01916	Exide Industries Ltd	Consumer Cyclical	12.59	0.40	2.46	Oct24	5.55
Motilal Oswal Nifty Midcap 150 Idx DirGr	INF247L01916	Exide Industries Ltd	Consumer Cyclical	12.59	0.40	2.46	Nov24	7.52
Motilal Oswal Nifty Midcap 150 Idx DirGr	INF247L01916	Exide Industries Ltd	Consumer Cyclical	12.59	0.40	2.46	Dec24	3.56
Motilal Oswal Nifty Midcap 150 Idx DirGr	INF247L01916	Exide Industries Ltd	Consumer Cyclical	12.59	0.40	2.46	Jan25	5.32
Motilal Oswal Nifty Midcap 150 Idx DirGr	INF247L01916	Exide Industries Ltd	Consumer Cyclical	12.59	0.40	2.46	Feb25	5.59
Motilal Oswal Nifty Midcap 150 Idx DirGr	INF247L01916	Exide Industries Ltd	Consumer Cyclical	12.59	0.40	2.46	Mar25	15.51
Motilal Oswal Nifty Midcap 150 Idx DirGr	INF247L01916	Exide Industries Ltd	Consumer Cyclical	12.59	0.40	2.46	Mar25	15.51
Motilal Oswal Nifty Midcap 150 Idx DirGr	INF247L01916	Exide Industries Ltd	Consumer Cyclical	12.59	0.40	2.46	Apr25	12.51
Motilal Oswal Nifty Midcap 150 Idx DirGr	INF247L01916	Exide Industries Ltd	Consumer Cyclical	12.59	0.40	2.46	May25	11.15
Motilal Oswal Nifty Midcap 150 Idx DirGr	INF247L01916	Exide Industries Ltd	Consumer Cyclical	12.59	0.40	2.46	June25	10.18
Motilal Oswal Nifty Midcap 150 Idx DirGr	INF247L01916	Exide Industries Ltd	Consumer Cyclical	12.59	0.40	2.46	July25	9.19
Motilal Oswal Nifty Midcap 150 Idx DirGr	INF247L01916	Exide Industries Ltd	Consumer Cyclical	12.59	0.40	2.46	Aug25	8.13
Motilal Oswal Nifty Midcap 150 Idx DirGr	INF247L01916	AIA Engineering Ltd	Industrials	12.38	0.39	2.46	Oct24	5.55
Motilal Oswal Nifty Midcap 150 Idx DirGr	INF247L01916	AIA Engineering Ltd	Industrials	12.38	0.39	2.46	Nov24	7.52
Motilal Oswal Nifty Midcap 150 Idx DirGr	INF247L01916	AIA Engineering Ltd	Industrials	12.38	0.39	2.46	Dec24	3.56
Motilal Oswal Nifty Midcap 150 Idx DirGr	INF247L01916	AIA Engineering Ltd	Industrials	12.38	0.39	2.46	Jan25	5.32
Motilal Oswal Nifty Midcap 150 Idx DirGr	INF247L01916	AIA Engineering Ltd	Industrials	12.38	0.39	2.46	Feb25	5.59
Motilal Oswal Nifty Midcap 150 Idx DirGr	INF247L01916	AIA Engineering Ltd	Industrials	12.38	0.39	2.46	Mar25	15.51
Motilal Oswal Nifty Midcap 150 Idx DirGr	INF247L01916	AIA Engineering Ltd	Industrials	12.38	0.39	2.46	Mar25	15.51
Motilal Oswal Nifty Midcap 150 Idx DirGr	INF247L01916	AIA Engineering Ltd	Industrials	12.38	0.39	2.46	Apr25	12.51
Motilal Oswal Nifty Midcap 150 Idx DirGr	INF247L01916	AIA Engineering Ltd	Industrials	12.38	0.39	2.46	May25	11.15
Motilal Oswal Nifty Midcap 150 Idx DirGr	INF247L01916	AIA Engineering Ltd	Industrials	12.38	0.39	2.46	June25	10.18
Motilal Oswal Nifty Midcap 150 Idx DirGr	INF247L01916	AIA Engineering Ltd	Industrials	12.38	0.39	2.46	July25	9.19
Motilal Oswal Nifty Midcap 150 Idx DirGr	INF247L01916	AIA Engineering Ltd	Industrials	12.38	0.39	2.46	Aug25	8.13
Motilal Oswal Nifty Midcap 150 Idx DirGr	INF247L01916	Apollo Tyres Ltd	Consumer Cyclical	12.16	0.39	2.46	Oct24	5.55
Motilal Oswal Nifty Midcap 150 Idx DirGr	INF247L01916	Apollo Tyres Ltd	Consumer Cyclical	12.16	0.39	2.46	Nov24	7.52
Motilal Oswal Nifty Midcap 150 Idx DirGr	INF247L01916	Apollo Tyres Ltd	Consumer Cyclical	12.16	0.39	2.46	Dec24	3.56
Motilal Oswal Nifty Midcap 150 Idx DirGr	INF247L01916	Apollo Tyres Ltd	Consumer Cyclical	12.16	0.39	2.46	Jan25	5.32
Motilal Oswal Nifty Midcap 150 Idx DirGr	INF247L01916	Apollo Tyres Ltd	Consumer Cyclical	12.16	0.39	2.46	Feb25	5.59
Motilal Oswal Nifty Midcap 150 Idx DirGr	INF247L01916	Apollo Tyres Ltd	Consumer Cyclical	12.16	0.39	2.46	Mar25	15.51
Motilal Oswal Nifty Midcap 150 Idx DirGr	INF247L01916	Apollo Tyres Ltd	Consumer Cyclical	12.16	0.39	2.46	Mar25	15.51
Motilal Oswal Nifty Midcap 150 Idx DirGr	INF247L01916	Apollo Tyres Ltd	Consumer Cyclical	12.16	0.39	2.46	Apr25	12.51
Motilal Oswal Nifty Midcap 150 Idx DirGr	INF247L01916	Apollo Tyres Ltd	Consumer Cyclical	12.16	0.39	2.46	May25	11.15
Motilal Oswal Nifty Midcap 150 Idx DirGr	INF247L01916	Apollo Tyres Ltd	Consumer Cyclical	12.16	0.39	2.46	June25	10.18
Motilal Oswal Nifty Midcap 150 Idx DirGr	INF247L01916	Apollo Tyres Ltd	Consumer Cyclical	12.16	0.39	2.46	July25	9.19
Motilal Oswal Nifty Midcap 150 Idx DirGr	INF247L01916	Apollo Tyres Ltd	Consumer Cyclical	12.16	0.39	2.46	Aug25	8.13
Motilal Oswal Nifty Midcap 150 Idx DirGr	INF247L01916	Gujarat Fluorochemicals Ltd Ordinary Shares	Basic Materials	12.15	0.39	2.46	Oct24	5.55
Motilal Oswal Nifty Midcap 150 Idx DirGr	INF247L01916	Gujarat Fluorochemicals Ltd Ordinary Shares	Basic Materials	12.15	0.39	2.46	Nov24	7.52
Motilal Oswal Nifty Midcap 150 Idx DirGr	INF247L01916	Gujarat Fluorochemicals Ltd Ordinary Shares	Basic Materials	12.15	0.39	2.46	Dec24	3.56
Motilal Oswal Nifty Midcap 150 Idx DirGr	INF247L01916	Gujarat Fluorochemicals Ltd Ordinary Shares	Basic Materials	12.15	0.39	2.46	Jan25	5.32
Motilal Oswal Nifty Midcap 150 Idx DirGr	INF247L01916	Gujarat Fluorochemicals Ltd Ordinary Shares	Basic Materials	12.15	0.39	2.46	Feb25	5.59
Motilal Oswal Nifty Midcap 150 Idx DirGr	INF247L01916	Gujarat Fluorochemicals Ltd Ordinary Shares	Basic Materials	12.15	0.39	2.46	Mar25	15.51
Motilal Oswal Nifty Midcap 150 Idx DirGr	INF247L01916	Gujarat Fluorochemicals Ltd Ordinary Shares	Basic Materials	12.15	0.39	2.46	Mar25	15.51
Motilal Oswal Nifty Midcap 150 Idx DirGr	INF247L01916	Gujarat Fluorochemicals Ltd Ordinary Shares	Basic Materials	12.15	0.39	2.46	Apr25	12.51
Motilal Oswal Nifty Midcap 150 Idx DirGr	INF247L01916	Gujarat Fluorochemicals Ltd Ordinary Shares	Basic Materials	12.15	0.39	2.46	May25	11.15
Motilal Oswal Nifty Midcap 150 Idx DirGr	INF247L01916	Gujarat Fluorochemicals Ltd Ordinary Shares	Basic Materials	12.15	0.39	2.46	June25	10.18
Motilal Oswal Nifty Midcap 150 Idx DirGr	INF247L01916	Gujarat Fluorochemicals Ltd Ordinary Shares	Basic Materials	12.15	0.39	2.46	July25	9.19
Motilal Oswal Nifty Midcap 150 Idx DirGr	INF247L01916	Gujarat Fluorochemicals Ltd Ordinary Shares	Basic Materials	12.15	0.39	2.46	Aug25	8.13
Motilal Oswal Nifty Midcap 150 Idx DirGr	INF247L01916	Adani Total Gas Ltd	Utilities	11.75	0.37	2.46	Oct24	5.55
Motilal Oswal Nifty Midcap 150 Idx DirGr	INF247L01916	Adani Total Gas Ltd	Utilities	11.75	0.37	2.46	Nov24	7.52
Motilal Oswal Nifty Midcap 150 Idx DirGr	INF247L01916	Adani Total Gas Ltd	Utilities	11.75	0.37	2.46	Dec24	3.56
Motilal Oswal Nifty Midcap 150 Idx DirGr	INF247L01916	Adani Total Gas Ltd	Utilities	11.75	0.37	2.46	Jan25	5.32
Motilal Oswal Nifty Midcap 150 Idx DirGr	INF247L01916	Adani Total Gas Ltd	Utilities	11.75	0.37	2.46	Feb25	5.59
Motilal Oswal Nifty Midcap 150 Idx DirGr	INF247L01916	Adani Total Gas Ltd	Utilities	11.75	0.37	2.46	Mar25	15.51
Motilal Oswal Nifty Midcap 150 Idx DirGr	INF247L01916	Adani Total Gas Ltd	Utilities	11.75	0.37	2.46	Mar25	15.51
Motilal Oswal Nifty Midcap 150 Idx DirGr	INF247L01916	Adani Total Gas Ltd	Utilities	11.75	0.37	2.46	Apr25	12.51
Motilal Oswal Nifty Midcap 150 Idx DirGr	INF247L01916	Adani Total Gas Ltd	Utilities	11.75	0.37	2.46	May25	11.15
Motilal Oswal Nifty Midcap 150 Idx DirGr	INF247L01916	Adani Total Gas Ltd	Utilities	11.75	0.37	2.46	June25	10.18
Motilal Oswal Nifty Midcap 150 Idx DirGr	INF247L01916	Adani Total Gas Ltd	Utilities	11.75	0.37	2.46	July25	9.19
Motilal Oswal Nifty Midcap 150 Idx DirGr	INF247L01916	Adani Total Gas Ltd	Utilities	11.75	0.37	2.46	Aug25	8.13
Motilal Oswal Nifty Midcap 150 Idx DirGr	INF247L01916	Linde India Ltd	Basic Materials	11.72	0.37	2.45	Oct24	5.55
Motilal Oswal Nifty Midcap 150 Idx DirGr	INF247L01916	Linde India Ltd	Basic Materials	11.72	0.37	2.45	Nov24	7.52
Motilal Oswal Nifty Midcap 150 Idx DirGr	INF247L01916	Linde India Ltd	Basic Materials	11.72	0.37	2.45	Dec24	3.56
Motilal Oswal Nifty Midcap 150 Idx DirGr	INF247L01916	Linde India Ltd	Basic Materials	11.72	0.37	2.45	Jan25	5.32
Motilal Oswal Nifty Midcap 150 Idx DirGr	INF247L01916	Linde India Ltd	Basic Materials	11.72	0.37	2.45	Feb25	5.59
Motilal Oswal Nifty Midcap 150 Idx DirGr	INF247L01916	Linde India Ltd	Basic Materials	11.72	0.37	2.45	Mar25	15.51
Motilal Oswal Nifty Midcap 150 Idx DirGr	INF247L01916	Linde India Ltd	Basic Materials	11.72	0.37	2.45	Mar25	15.51
Motilal Oswal Nifty Midcap 150 Idx DirGr	INF247L01916	Linde India Ltd	Basic Materials	11.72	0.37	2.45	Apr25	12.51
Motilal Oswal Nifty Midcap 150 Idx DirGr	INF247L01916	Linde India Ltd	Basic Materials	11.72	0.37	2.45	May25	11.15
Motilal Oswal Nifty Midcap 150 Idx DirGr	INF247L01916	Linde India Ltd	Basic Materials	11.72	0.37	2.45	June25	10.18
Motilal Oswal Nifty Midcap 150 Idx DirGr	INF247L01916	Linde India Ltd	Basic Materials	11.72	0.37	2.45	July25	9.19
Motilal Oswal Nifty Midcap 150 Idx DirGr	INF247L01916	Linde India Ltd	Basic Materials	11.72	0.37	2.45	Aug25	8.13
Motilal Oswal Nifty Midcap 150 Idx DirGr	INF247L01916	Abbott India Ltd	Healthcare	11.46	0.37	2.47	Oct24	5.55
Motilal Oswal Nifty Midcap 150 Idx DirGr	INF247L01916	Abbott India Ltd	Healthcare	11.46	0.37	2.47	Nov24	7.52
Motilal Oswal Nifty Midcap 150 Idx DirGr	INF247L01916	Abbott India Ltd	Healthcare	11.46	0.37	2.47	Dec24	3.56
Motilal Oswal Nifty Midcap 150 Idx DirGr	INF247L01916	Abbott India Ltd	Healthcare	11.46	0.37	2.47	Jan25	5.32
Motilal Oswal Nifty Midcap 150 Idx DirGr	INF247L01916	Abbott India Ltd	Healthcare	11.46	0.37	2.47	Feb25	5.59
Motilal Oswal Nifty Midcap 150 Idx DirGr	INF247L01916	Abbott India Ltd	Healthcare	11.46	0.37	2.47	Mar25	15.51
Motilal Oswal Nifty Midcap 150 Idx DirGr	INF247L01916	Abbott India Ltd	Healthcare	11.46	0.37	2.47	Mar25	15.51
Motilal Oswal Nifty Midcap 150 Idx DirGr	INF247L01916	Abbott India Ltd	Healthcare	11.46	0.37	2.47	Apr25	12.51
Motilal Oswal Nifty Midcap 150 Idx DirGr	INF247L01916	Abbott India Ltd	Healthcare	11.46	0.37	2.47	May25	11.15
Motilal Oswal Nifty Midcap 150 Idx DirGr	INF247L01916	Abbott India Ltd	Healthcare	11.46	0.37	2.47	June25	10.18
Motilal Oswal Nifty Midcap 150 Idx DirGr	INF247L01916	Abbott India Ltd	Healthcare	11.46	0.37	2.47	July25	9.19
Motilal Oswal Nifty Midcap 150 Idx DirGr	INF247L01916	Abbott India Ltd	Healthcare	11.46	0.37	2.47	Aug25	8.13
Motilal Oswal Nifty Midcap 150 Idx DirGr	INF247L01916	Berger Paints India Ltd	Basic Materials	10.75	0.34	2.46	Oct24	5.55
Motilal Oswal Nifty Midcap 150 Idx DirGr	INF247L01916	Berger Paints India Ltd	Basic Materials	10.75	0.34	2.46	Nov24	7.52
Motilal Oswal Nifty Midcap 150 Idx DirGr	INF247L01916	Berger Paints India Ltd	Basic Materials	10.75	0.34	2.46	Dec24	3.56
Motilal Oswal Nifty Midcap 150 Idx DirGr	INF247L01916	Berger Paints India Ltd	Basic Materials	10.75	0.34	2.46	Jan25	5.32
Motilal Oswal Nifty Midcap 150 Idx DirGr	INF247L01916	Berger Paints India Ltd	Basic Materials	10.75	0.34	2.46	Feb25	5.59
Motilal Oswal Nifty Midcap 150 Idx DirGr	INF247L01916	Berger Paints India Ltd	Basic Materials	10.75	0.34	2.46	Mar25	15.51
Motilal Oswal Nifty Midcap 150 Idx DirGr	INF247L01916	Berger Paints India Ltd	Basic Materials	10.75	0.34	2.46	Mar25	15.51
Motilal Oswal Nifty Midcap 150 Idx DirGr	INF247L01916	Berger Paints India Ltd	Basic Materials	10.75	0.34	2.46	Apr25	12.51
Motilal Oswal Nifty Midcap 150 Idx DirGr	INF247L01916	Berger Paints India Ltd	Basic Materials	10.75	0.34	2.46	May25	11.15
Motilal Oswal Nifty Midcap 150 Idx DirGr	INF247L01916	Berger Paints India Ltd	Basic Materials	10.75	0.34	2.46	June25	10.18
Motilal Oswal Nifty Midcap 150 Idx DirGr	INF247L01916	Berger Paints India Ltd	Basic Materials	10.75	0.34	2.46	July25	9.19
Motilal Oswal Nifty Midcap 150 Idx DirGr	INF247L01916	Berger Paints India Ltd	Basic Materials	10.75	0.34	2.46	Aug25	8.13
Motilal Oswal Nifty Midcap 150 Idx DirGr	INF247L01916	KPIT Technologies Ltd	Technology	10.45	0.33	2.46	Oct24	5.55
Motilal Oswal Nifty Midcap 150 Idx DirGr	INF247L01916	KPIT Technologies Ltd	Technology	10.45	0.33	2.46	Nov24	7.52
Motilal Oswal Nifty Midcap 150 Idx DirGr	INF247L01916	KPIT Technologies Ltd	Technology	10.45	0.33	2.46	Dec24	3.56
Motilal Oswal Nifty Midcap 150 Idx DirGr	INF247L01916	KPIT Technologies Ltd	Technology	10.45	0.33	2.46	Jan25	5.32
Motilal Oswal Nifty Midcap 150 Idx DirGr	INF247L01916	KPIT Technologies Ltd	Technology	10.45	0.33	2.46	Feb25	5.59
Motilal Oswal Nifty Midcap 150 Idx DirGr	INF247L01916	KPIT Technologies Ltd	Technology	10.45	0.33	2.46	Mar25	15.51
Motilal Oswal Nifty Midcap 150 Idx DirGr	INF247L01916	KPIT Technologies Ltd	Technology	10.45	0.33	2.46	Mar25	15.51
Motilal Oswal Nifty Midcap 150 Idx DirGr	INF247L01916	KPIT Technologies Ltd	Technology	10.45	0.33	2.46	Apr25	12.51
Motilal Oswal Nifty Midcap 150 Idx DirGr	INF247L01916	KPIT Technologies Ltd	Technology	10.45	0.33	2.46	May25	11.15
Motilal Oswal Nifty Midcap 150 Idx DirGr	INF247L01916	KPIT Technologies Ltd	Technology	10.45	0.33	2.46	June25	10.18
Motilal Oswal Nifty Midcap 150 Idx DirGr	INF247L01916	KPIT Technologies Ltd	Technology	10.45	0.33	2.46	July25	9.19
Motilal Oswal Nifty Midcap 150 Idx DirGr	INF247L01916	KPIT Technologies Ltd	Technology	10.45	0.33	2.46	Aug25	8.13
Motilal Oswal Nifty Midcap 150 Idx DirGr	INF247L01916	Cochin Shipyard Ltd	Industrials	10.45	0.33	2.46	Oct24	5.55
Motilal Oswal Nifty Midcap 150 Idx DirGr	INF247L01916	Cochin Shipyard Ltd	Industrials	10.45	0.33	2.46	Nov24	7.52
Motilal Oswal Nifty Midcap 150 Idx DirGr	INF247L01916	Cochin Shipyard Ltd	Industrials	10.45	0.33	2.46	Dec24	3.56
Motilal Oswal Nifty Midcap 150 Idx DirGr	INF247L01916	Cochin Shipyard Ltd	Industrials	10.45	0.33	2.46	Jan25	5.32
Motilal Oswal Nifty Midcap 150 Idx DirGr	INF247L01916	Cochin Shipyard Ltd	Industrials	10.45	0.33	2.46	Feb25	5.59
Motilal Oswal Nifty Midcap 150 Idx DirGr	INF247L01916	Cochin Shipyard Ltd	Industrials	10.45	0.33	2.46	Mar25	15.51
Motilal Oswal Nifty Midcap 150 Idx DirGr	INF247L01916	Cochin Shipyard Ltd	Industrials	10.45	0.33	2.46	Mar25	15.51
Motilal Oswal Nifty Midcap 150 Idx DirGr	INF247L01916	Cochin Shipyard Ltd	Industrials	10.45	0.33	2.46	Apr25	12.51
Motilal Oswal Nifty Midcap 150 Idx DirGr	INF247L01916	Cochin Shipyard Ltd	Industrials	10.45	0.33	2.46	May25	11.15
Motilal Oswal Nifty Midcap 150 Idx DirGr	INF247L01916	Cochin Shipyard Ltd	Industrials	10.45	0.33	2.46	June25	10.18
Motilal Oswal Nifty Midcap 150 Idx DirGr	INF247L01916	Cochin Shipyard Ltd	Industrials	10.45	0.33	2.46	July25	9.19
Motilal Oswal Nifty Midcap 150 Idx DirGr	INF247L01916	Cochin Shipyard Ltd	Industrials	10.45	0.33	2.46	Aug25	8.13
Motilal Oswal Nifty Midcap 150 Idx DirGr	INF247L01916	Ajanta Pharma Ltd	Healthcare	10.44	0.33	2.46	Oct24	5.55
Motilal Oswal Nifty Midcap 150 Idx DirGr	INF247L01916	Ajanta Pharma Ltd	Healthcare	10.44	0.33	2.46	Nov24	7.52
Motilal Oswal Nifty Midcap 150 Idx DirGr	INF247L01916	Ajanta Pharma Ltd	Healthcare	10.44	0.33	2.46	Dec24	3.56
Motilal Oswal Nifty Midcap 150 Idx DirGr	INF247L01916	Ajanta Pharma Ltd	Healthcare	10.44	0.33	2.46	Jan25	5.32
Motilal Oswal Nifty Midcap 150 Idx DirGr	INF247L01916	Ajanta Pharma Ltd	Healthcare	10.44	0.33	2.46	Feb25	5.59
Motilal Oswal Nifty Midcap 150 Idx DirGr	INF247L01916	Ajanta Pharma Ltd	Healthcare	10.44	0.33	2.46	Mar25	15.51
Motilal Oswal Nifty Midcap 150 Idx DirGr	INF247L01916	Ajanta Pharma Ltd	Healthcare	10.44	0.33	2.46	Mar25	15.51
Motilal Oswal Nifty Midcap 150 Idx DirGr	INF247L01916	Ajanta Pharma Ltd	Healthcare	10.44	0.33	2.46	Apr25	12.51
Motilal Oswal Nifty Midcap 150 Idx DirGr	INF247L01916	Ajanta Pharma Ltd	Healthcare	10.44	0.33	2.46	May25	11.15
Motilal Oswal Nifty Midcap 150 Idx DirGr	INF247L01916	Ajanta Pharma Ltd	Healthcare	10.44	0.33	2.46	June25	10.18
Motilal Oswal Nifty Midcap 150 Idx DirGr	INF247L01916	Ajanta Pharma Ltd	Healthcare	10.44	0.33	2.46	July25	9.19
Motilal Oswal Nifty Midcap 150 Idx DirGr	INF247L01916	Ajanta Pharma Ltd	Healthcare	10.44	0.33	2.46	Aug25	8.13
Motilal Oswal Nifty Midcap 150 Idx DirGr	INF247L01916	Bharti Hexacom Ltd	Communication Services	10.00	0.32	2.46	Oct24	5.55
Motilal Oswal Nifty Midcap 150 Idx DirGr	INF247L01916	Bharti Hexacom Ltd	Communication Services	10.00	0.32	2.46	Nov24	7.52
Motilal Oswal Nifty Midcap 150 Idx DirGr	INF247L01916	Bharti Hexacom Ltd	Communication Services	10.00	0.32	2.46	Dec24	3.56
Motilal Oswal Nifty Midcap 150 Idx DirGr	INF247L01916	Bharti Hexacom Ltd	Communication Services	10.00	0.32	2.46	Jan25	5.32
Motilal Oswal Nifty Midcap 150 Idx DirGr	INF247L01916	Bharti Hexacom Ltd	Communication Services	10.00	0.32	2.46	Feb25	5.59
Motilal Oswal Nifty Midcap 150 Idx DirGr	INF247L01916	Bharti Hexacom Ltd	Communication Services	10.00	0.32	2.46	Mar25	15.51
Motilal Oswal Nifty Midcap 150 Idx DirGr	INF247L01916	Bharti Hexacom Ltd	Communication Services	10.00	0.32	2.46	Mar25	15.51
Motilal Oswal Nifty Midcap 150 Idx DirGr	INF247L01916	Bharti Hexacom Ltd	Communication Services	10.00	0.32	2.46	Apr25	12.51
Motilal Oswal Nifty Midcap 150 Idx DirGr	INF247L01916	Bharti Hexacom Ltd	Communication Services	10.00	0.32	2.46	May25	11.15
Motilal Oswal Nifty Midcap 150 Idx DirGr	INF247L01916	Bharti Hexacom Ltd	Communication Services	10.00	0.32	2.46	June25	10.18
Motilal Oswal Nifty Midcap 150 Idx DirGr	INF247L01916	Bharti Hexacom Ltd	Communication Services	10.00	0.32	2.46	July25	9.19
Motilal Oswal Nifty Midcap 150 Idx DirGr	INF247L01916	Bharti Hexacom Ltd	Communication Services	10.00	0.32	2.46	Aug25	8.13
Motilal Oswal Nifty Midcap 150 Idx DirGr	INF247L01916	Thermax Ltd	Industrials	10.00	0.32	2.46	Oct24	5.55
Motilal Oswal Nifty Midcap 150 Idx DirGr	INF247L01916	Thermax Ltd	Industrials	10.00	0.32	2.46	Nov24	7.52
Motilal Oswal Nifty Midcap 150 Idx DirGr	INF247L01916	Thermax Ltd	Industrials	10.00	0.32	2.46	Dec24	3.56
Motilal Oswal Nifty Midcap 150 Idx DirGr	INF247L01916	Thermax Ltd	Industrials	10.00	0.32	2.46	Jan25	5.32
Motilal Oswal Nifty Midcap 150 Idx DirGr	INF247L01916	Thermax Ltd	Industrials	10.00	0.32	2.46	Feb25	5.59
Motilal Oswal Nifty Midcap 150 Idx DirGr	INF247L01916	Thermax Ltd	Industrials	10.00	0.32	2.46	Mar25	15.51
Motilal Oswal Nifty Midcap 150 Idx DirGr	INF247L01916	Thermax Ltd	Industrials	10.00	0.32	2.46	Mar25	15.51
Motilal Oswal Nifty Midcap 150 Idx DirGr	INF247L01916	Thermax Ltd	Industrials	10.00	0.32	2.46	Apr25	12.51
Motilal Oswal Nifty Midcap 150 Idx DirGr	INF247L01916	Thermax Ltd	Industrials	10.00	0.32	2.46	May25	11.15
Motilal Oswal Nifty Midcap 150 Idx DirGr	INF247L01916	Thermax Ltd	Industrials	10.00	0.32	2.46	June25	10.18
Motilal Oswal Nifty Midcap 150 Idx DirGr	INF247L01916	Thermax Ltd	Industrials	10.00	0.32	2.46	July25	9.19
Motilal Oswal Nifty Midcap 150 Idx DirGr	INF247L01916	Thermax Ltd	Industrials	10.00	0.32	2.46	Aug25	8.13
Motilal Oswal Nifty Midcap 150 Idx DirGr	INF247L01916	Indraprastha Gas Ltd	Utilities	9.92	0.32	2.46	Oct24	5.55
Motilal Oswal Nifty Midcap 150 Idx DirGr	INF247L01916	Indraprastha Gas Ltd	Utilities	9.92	0.32	2.46	Nov24	7.52
Motilal Oswal Nifty Midcap 150 Idx DirGr	INF247L01916	Indraprastha Gas Ltd	Utilities	9.92	0.32	2.46	Dec24	3.56
Motilal Oswal Nifty Midcap 150 Idx DirGr	INF247L01916	Indraprastha Gas Ltd	Utilities	9.92	0.32	2.46	Jan25	5.32
Motilal Oswal Nifty Midcap 150 Idx DirGr	INF247L01916	Indraprastha Gas Ltd	Utilities	9.92	0.32	2.46	Feb25	5.59
Motilal Oswal Nifty Midcap 150 Idx DirGr	INF247L01916	Indraprastha Gas Ltd	Utilities	9.92	0.32	2.46	Mar25	15.51
Motilal Oswal Nifty Midcap 150 Idx DirGr	INF247L01916	Indraprastha Gas Ltd	Utilities	9.92	0.32	2.46	Mar25	15.51
Motilal Oswal Nifty Midcap 150 Idx DirGr	INF247L01916	Indraprastha Gas Ltd	Utilities	9.92	0.32	2.46	Apr25	12.51
Motilal Oswal Nifty Midcap 150 Idx DirGr	INF247L01916	Indraprastha Gas Ltd	Utilities	9.92	0.32	2.46	May25	11.15
Motilal Oswal Nifty Midcap 150 Idx DirGr	INF247L01916	Indraprastha Gas Ltd	Utilities	9.92	0.32	2.46	June25	10.18
Motilal Oswal Nifty Midcap 150 Idx DirGr	INF247L01916	Indraprastha Gas Ltd	Utilities	9.92	0.32	2.46	July25	9.19
Motilal Oswal Nifty Midcap 150 Idx DirGr	INF247L01916	Indraprastha Gas Ltd	Utilities	9.92	0.32	2.46	Aug25	8.13
Motilal Oswal Nifty Midcap 150 Idx DirGr	INF247L01916	General Insurance Corp of India	Financial Services	9.80	0.31	2.46	Oct24	5.55
Motilal Oswal Nifty Midcap 150 Idx DirGr	INF247L01916	General Insurance Corp of India	Financial Services	9.80	0.31	2.46	Nov24	7.52
Motilal Oswal Nifty Midcap 150 Idx DirGr	INF247L01916	General Insurance Corp of India	Financial Services	9.80	0.31	2.46	Dec24	3.56
Motilal Oswal Nifty Midcap 150 Idx DirGr	INF247L01916	General Insurance Corp of India	Financial Services	9.80	0.31	2.46	Jan25	5.32
Motilal Oswal Nifty Midcap 150 Idx DirGr	INF247L01916	General Insurance Corp of India	Financial Services	9.80	0.31	2.46	Feb25	5.59
Motilal Oswal Nifty Midcap 150 Idx DirGr	INF247L01916	General Insurance Corp of India	Financial Services	9.80	0.31	2.46	Mar25	15.51
Motilal Oswal Nifty Midcap 150 Idx DirGr	INF247L01916	General Insurance Corp of India	Financial Services	9.80	0.31	2.46	Mar25	15.51
Motilal Oswal Nifty Midcap 150 Idx DirGr	INF247L01916	General Insurance Corp of India	Financial Services	9.80	0.31	2.46	Apr25	12.51
Motilal Oswal Nifty Midcap 150 Idx DirGr	INF247L01916	General Insurance Corp of India	Financial Services	9.80	0.31	2.46	May25	11.15
Motilal Oswal Nifty Midcap 150 Idx DirGr	INF247L01916	General Insurance Corp of India	Financial Services	9.80	0.31	2.46	June25	10.18
Motilal Oswal Nifty Midcap 150 Idx DirGr	INF247L01916	General Insurance Corp of India	Financial Services	9.80	0.31	2.46	July25	9.19
Motilal Oswal Nifty Midcap 150 Idx DirGr	INF247L01916	General Insurance Corp of India	Financial Services	9.80	0.31	2.46	Aug25	8.13
Motilal Oswal Nifty Midcap 150 Idx DirGr	INF247L01916	Escorts Kubota Ltd	Industrials	9.68	0.31	2.46	Oct24	5.55
Motilal Oswal Nifty Midcap 150 Idx DirGr	INF247L01916	Escorts Kubota Ltd	Industrials	9.68	0.31	2.46	Nov24	7.52
Motilal Oswal Nifty Midcap 150 Idx DirGr	INF247L01916	Escorts Kubota Ltd	Industrials	9.68	0.31	2.46	Dec24	3.56
Motilal Oswal Nifty Midcap 150 Idx DirGr	INF247L01916	Escorts Kubota Ltd	Industrials	9.68	0.31	2.46	Jan25	5.32
Motilal Oswal Nifty Midcap 150 Idx DirGr	INF247L01916	Escorts Kubota Ltd	Industrials	9.68	0.31	2.46	Feb25	5.59
Motilal Oswal Nifty Midcap 150 Idx DirGr	INF247L01916	Escorts Kubota Ltd	Industrials	9.68	0.31	2.46	Mar25	15.51
Motilal Oswal Nifty Midcap 150 Idx DirGr	INF247L01916	Escorts Kubota Ltd	Industrials	9.68	0.31	2.46	Mar25	15.51
Motilal Oswal Nifty Midcap 150 Idx DirGr	INF247L01916	Escorts Kubota Ltd	Industrials	9.68	0.31	2.46	Apr25	12.51
Motilal Oswal Nifty Midcap 150 Idx DirGr	INF247L01916	Escorts Kubota Ltd	Industrials	9.68	0.31	2.46	May25	11.15
Motilal Oswal Nifty Midcap 150 Idx DirGr	INF247L01916	Escorts Kubota Ltd	Industrials	9.68	0.31	2.46	June25	10.18
Motilal Oswal Nifty Midcap 150 Idx DirGr	INF247L01916	Escorts Kubota Ltd	Industrials	9.68	0.31	2.46	July25	9.19
Motilal Oswal Nifty Midcap 150 Idx DirGr	INF247L01916	Escorts Kubota Ltd	Industrials	9.68	0.31	2.46	Aug25	8.13
Motilal Oswal Nifty Midcap 150 Idx DirGr	INF247L01916	Bharat Dynamics Ltd Ordinary Shares	Industrials	9.65	0.31	2.46	Oct24	5.55
Motilal Oswal Nifty Midcap 150 Idx DirGr	INF247L01916	Bharat Dynamics Ltd Ordinary Shares	Industrials	9.65	0.31	2.46	Nov24	7.52
Motilal Oswal Nifty Midcap 150 Idx DirGr	INF247L01916	Bharat Dynamics Ltd Ordinary Shares	Industrials	9.65	0.31	2.46	Dec24	3.56
Motilal Oswal Nifty Midcap 150 Idx DirGr	INF247L01916	Bharat Dynamics Ltd Ordinary Shares	Industrials	9.65	0.31	2.46	Jan25	5.32
Motilal Oswal Nifty Midcap 150 Idx DirGr	INF247L01916	Bharat Dynamics Ltd Ordinary Shares	Industrials	9.65	0.31	2.46	Feb25	5.59
Motilal Oswal Nifty Midcap 150 Idx DirGr	INF247L01916	Bharat Dynamics Ltd Ordinary Shares	Industrials	9.65	0.31	2.46	Mar25	15.51
Motilal Oswal Nifty Midcap 150 Idx DirGr	INF247L01916	Bharat Dynamics Ltd Ordinary Shares	Industrials	9.65	0.31	2.46	Mar25	15.51
Motilal Oswal Nifty Midcap 150 Idx DirGr	INF247L01916	Bharat Dynamics Ltd Ordinary Shares	Industrials	9.65	0.31	2.46	Apr25	12.51
Motilal Oswal Nifty Midcap 150 Idx DirGr	INF247L01916	Bharat Dynamics Ltd Ordinary Shares	Industrials	9.65	0.31	2.46	May25	11.15
Motilal Oswal Nifty Midcap 150 Idx DirGr	INF247L01916	Bharat Dynamics Ltd Ordinary Shares	Industrials	9.65	0.31	2.46	June25	10.18
Motilal Oswal Nifty Midcap 150 Idx DirGr	INF247L01916	Bharat Dynamics Ltd Ordinary Shares	Industrials	9.65	0.31	2.46	July25	9.19
Motilal Oswal Nifty Midcap 150 Idx DirGr	INF247L01916	Bharat Dynamics Ltd Ordinary Shares	Industrials	9.65	0.31	2.46	Aug25	8.13
Motilal Oswal Nifty Midcap 150 Idx DirGr	INF247L01916	United Breweries Ltd	Consumer Defensive	9.59	0.31	2.46	Oct24	5.55
Motilal Oswal Nifty Midcap 150 Idx DirGr	INF247L01916	United Breweries Ltd	Consumer Defensive	9.59	0.31	2.46	Nov24	7.52
Motilal Oswal Nifty Midcap 150 Idx DirGr	INF247L01916	United Breweries Ltd	Consumer Defensive	9.59	0.31	2.46	Dec24	3.56
Motilal Oswal Nifty Midcap 150 Idx DirGr	INF247L01916	United Breweries Ltd	Consumer Defensive	9.59	0.31	2.46	Jan25	5.32
Motilal Oswal Nifty Midcap 150 Idx DirGr	INF247L01916	United Breweries Ltd	Consumer Defensive	9.59	0.31	2.46	Feb25	5.59
Motilal Oswal Nifty Midcap 150 Idx DirGr	INF247L01916	United Breweries Ltd	Consumer Defensive	9.59	0.31	2.46	Mar25	15.51
Motilal Oswal Nifty Midcap 150 Idx DirGr	INF247L01916	United Breweries Ltd	Consumer Defensive	9.59	0.31	2.46	Mar25	15.51
Motilal Oswal Nifty Midcap 150 Idx DirGr	INF247L01916	United Breweries Ltd	Consumer Defensive	9.59	0.31	2.46	Apr25	12.51
Motilal Oswal Nifty Midcap 150 Idx DirGr	INF247L01916	United Breweries Ltd	Consumer Defensive	9.59	0.31	2.46	May25	11.15
Motilal Oswal Nifty Midcap 150 Idx DirGr	INF247L01916	United Breweries Ltd	Consumer Defensive	9.59	0.31	2.46	June25	10.18
Motilal Oswal Nifty Midcap 150 Idx DirGr	INF247L01916	United Breweries Ltd	Consumer Defensive	9.59	0.31	2.46	July25	9.19
Motilal Oswal Nifty Midcap 150 Idx DirGr	INF247L01916	United Breweries Ltd	Consumer Defensive	9.59	0.31	2.46	Aug25	8.13
Motilal Oswal Nifty Midcap 150 Idx DirGr	INF247L01916	Motilal Oswal Financial Services Ltd	Financial Services	9.30	0.30	2.46	Oct24	5.55
Motilal Oswal Nifty Midcap 150 Idx DirGr	INF247L01916	Motilal Oswal Financial Services Ltd	Financial Services	9.30	0.30	2.46	Nov24	7.52
Motilal Oswal Nifty Midcap 150 Idx DirGr	INF247L01916	Motilal Oswal Financial Services Ltd	Financial Services	9.30	0.30	2.46	Dec24	3.56
Motilal Oswal Nifty Midcap 150 Idx DirGr	INF247L01916	Motilal Oswal Financial Services Ltd	Financial Services	9.30	0.30	2.46	Jan25	5.32
Motilal Oswal Nifty Midcap 150 Idx DirGr	INF247L01916	Motilal Oswal Financial Services Ltd	Financial Services	9.30	0.30	2.46	Feb25	5.59
Motilal Oswal Nifty Midcap 150 Idx DirGr	INF247L01916	Motilal Oswal Financial Services Ltd	Financial Services	9.30	0.30	2.46	Mar25	15.51
Motilal Oswal Nifty Midcap 150 Idx DirGr	INF247L01916	Motilal Oswal Financial Services Ltd	Financial Services	9.30	0.30	2.46	Mar25	15.51
Motilal Oswal Nifty Midcap 150 Idx DirGr	INF247L01916	Motilal Oswal Financial Services Ltd	Financial Services	9.30	0.30	2.46	Apr25	12.51
Motilal Oswal Nifty Midcap 150 Idx DirGr	INF247L01916	Motilal Oswal Financial Services Ltd	Financial Services	9.30	0.30	2.46	May25	11.15
Motilal Oswal Nifty Midcap 150 Idx DirGr	INF247L01916	Motilal Oswal Financial Services Ltd	Financial Services	9.30	0.30	2.46	June25	10.18
Motilal Oswal Nifty Midcap 150 Idx DirGr	INF247L01916	Motilal Oswal Financial Services Ltd	Financial Services	9.30	0.30	2.46	July25	9.19
Motilal Oswal Nifty Midcap 150 Idx DirGr	INF247L01916	Motilal Oswal Financial Services Ltd	Financial Services	9.30	0.30	2.46	Aug25	8.13
Motilal Oswal Nifty Midcap 150 Idx DirGr	INF247L01916	Deepak Nitrite Ltd	Basic Materials	8.99	0.29	2.46	Oct24	5.55
Motilal Oswal Nifty Midcap 150 Idx DirGr	INF247L01916	Deepak Nitrite Ltd	Basic Materials	8.99	0.29	2.46	Nov24	7.52
Motilal Oswal Nifty Midcap 150 Idx DirGr	INF247L01916	Deepak Nitrite Ltd	Basic Materials	8.99	0.29	2.46	Dec24	3.56
Motilal Oswal Nifty Midcap 150 Idx DirGr	INF247L01916	Deepak Nitrite Ltd	Basic Materials	8.99	0.29	2.46	Jan25	5.32
Motilal Oswal Nifty Midcap 150 Idx DirGr	INF247L01916	Deepak Nitrite Ltd	Basic Materials	8.99	0.29	2.46	Feb25	5.59
Motilal Oswal Nifty Midcap 150 Idx DirGr	INF247L01916	Deepak Nitrite Ltd	Basic Materials	8.99	0.29	2.46	Mar25	15.51
Motilal Oswal Nifty Midcap 150 Idx DirGr	INF247L01916	Deepak Nitrite Ltd	Basic Materials	8.99	0.29	2.46	Mar25	15.51
Motilal Oswal Nifty Midcap 150 Idx DirGr	INF247L01916	Deepak Nitrite Ltd	Basic Materials	8.99	0.29	2.46	Apr25	12.51
Motilal Oswal Nifty Midcap 150 Idx DirGr	INF247L01916	Deepak Nitrite Ltd	Basic Materials	8.99	0.29	2.46	May25	11.15
Motilal Oswal Nifty Midcap 150 Idx DirGr	INF247L01916	Deepak Nitrite Ltd	Basic Materials	8.99	0.29	2.46	June25	10.18
Motilal Oswal Nifty Midcap 150 Idx DirGr	INF247L01916	Deepak Nitrite Ltd	Basic Materials	8.99	0.29	2.46	July25	9.19
Motilal Oswal Nifty Midcap 150 Idx DirGr	INF247L01916	Deepak Nitrite Ltd	Basic Materials	8.99	0.29	2.46	Aug25	8.13
Motilal Oswal Nifty Midcap 150 Idx DirGr	INF247L01916	Procter & Gamble Hygiene and Health Care Ltd	Consumer Defensive	8.88	0.28	2.45	Oct24	5.55
Motilal Oswal Nifty Midcap 150 Idx DirGr	INF247L01916	Procter & Gamble Hygiene and Health Care Ltd	Consumer Defensive	8.88	0.28	2.45	Nov24	7.52
Motilal Oswal Nifty Midcap 150 Idx DirGr	INF247L01916	Procter & Gamble Hygiene and Health Care Ltd	Consumer Defensive	8.88	0.28	2.45	Dec24	3.56
Motilal Oswal Nifty Midcap 150 Idx DirGr	INF247L01916	Procter & Gamble Hygiene and Health Care Ltd	Consumer Defensive	8.88	0.28	2.45	Jan25	5.32
Motilal Oswal Nifty Midcap 150 Idx DirGr	INF247L01916	Procter & Gamble Hygiene and Health Care Ltd	Consumer Defensive	8.88	0.28	2.45	Feb25	5.59
Motilal Oswal Nifty Midcap 150 Idx DirGr	INF247L01916	Procter & Gamble Hygiene and Health Care Ltd	Consumer Defensive	8.88	0.28	2.45	Mar25	15.51
Motilal Oswal Nifty Midcap 150 Idx DirGr	INF247L01916	Procter & Gamble Hygiene and Health Care Ltd	Consumer Defensive	8.88	0.28	2.45	Mar25	15.51
Motilal Oswal Nifty Midcap 150 Idx DirGr	INF247L01916	Procter & Gamble Hygiene and Health Care Ltd	Consumer Defensive	8.88	0.28	2.45	Apr25	12.51
Motilal Oswal Nifty Midcap 150 Idx DirGr	INF247L01916	Procter & Gamble Hygiene and Health Care Ltd	Consumer Defensive	8.88	0.28	2.45	May25	11.15
Motilal Oswal Nifty Midcap 150 Idx DirGr	INF247L01916	Procter & Gamble Hygiene and Health Care Ltd	Consumer Defensive	8.88	0.28	2.45	June25	10.18
Motilal Oswal Nifty Midcap 150 Idx DirGr	INF247L01916	Procter & Gamble Hygiene and Health Care Ltd	Consumer Defensive	8.88	0.28	2.45	July25	9.19
Motilal Oswal Nifty Midcap 150 Idx DirGr	INF247L01916	Procter & Gamble Hygiene and Health Care Ltd	Consumer Defensive	8.88	0.28	2.45	Aug25	8.13
Motilal Oswal Nifty Midcap 150 Idx DirGr	INF247L01916	CRISIL Ltd	Financial Services	8.83	0.28	2.46	Oct24	5.55
Motilal Oswal Nifty Midcap 150 Idx DirGr	INF247L01916	CRISIL Ltd	Financial Services	8.83	0.28	2.46	Nov24	7.52
Motilal Oswal Nifty Midcap 150 Idx DirGr	INF247L01916	CRISIL Ltd	Financial Services	8.83	0.28	2.46	Dec24	3.56
Motilal Oswal Nifty Midcap 150 Idx DirGr	INF247L01916	CRISIL Ltd	Financial Services	8.83	0.28	2.46	Jan25	5.32
Motilal Oswal Nifty Midcap 150 Idx DirGr	INF247L01916	CRISIL Ltd	Financial Services	8.83	0.28	2.46	Feb25	5.59
Motilal Oswal Nifty Midcap 150 Idx DirGr	INF247L01916	CRISIL Ltd	Financial Services	8.83	0.28	2.46	Mar25	15.51
Motilal Oswal Nifty Midcap 150 Idx DirGr	INF247L01916	CRISIL Ltd	Financial Services	8.83	0.28	2.46	Mar25	15.51
Motilal Oswal Nifty Midcap 150 Idx DirGr	INF247L01916	CRISIL Ltd	Financial Services	8.83	0.28	2.46	Apr25	12.51
Motilal Oswal Nifty Midcap 150 Idx DirGr	INF247L01916	CRISIL Ltd	Financial Services	8.83	0.28	2.46	May25	11.15
Motilal Oswal Nifty Midcap 150 Idx DirGr	INF247L01916	CRISIL Ltd	Financial Services	8.83	0.28	2.46	June25	10.18
Motilal Oswal Nifty Midcap 150 Idx DirGr	INF247L01916	CRISIL Ltd	Financial Services	8.83	0.28	2.46	July25	9.19
Motilal Oswal Nifty Midcap 150 Idx DirGr	INF247L01916	CRISIL Ltd	Financial Services	8.83	0.28	2.46	Aug25	8.13
Motilal Oswal Nifty Midcap 150 Idx DirGr	INF247L01916	GlaxoSmithKline Pharmaceuticals Ltd	Healthcare	8.80	0.28	2.46	Oct24	5.55
Motilal Oswal Nifty Midcap 150 Idx DirGr	INF247L01916	GlaxoSmithKline Pharmaceuticals Ltd	Healthcare	8.80	0.28	2.46	Nov24	7.52
Motilal Oswal Nifty Midcap 150 Idx DirGr	INF247L01916	GlaxoSmithKline Pharmaceuticals Ltd	Healthcare	8.80	0.28	2.46	Dec24	3.56
Motilal Oswal Nifty Midcap 150 Idx DirGr	INF247L01916	GlaxoSmithKline Pharmaceuticals Ltd	Healthcare	8.80	0.28	2.46	Jan25	5.32
Motilal Oswal Nifty Midcap 150 Idx DirGr	INF247L01916	GlaxoSmithKline Pharmaceuticals Ltd	Healthcare	8.80	0.28	2.46	Feb25	5.59
Motilal Oswal Nifty Midcap 150 Idx DirGr	INF247L01916	GlaxoSmithKline Pharmaceuticals Ltd	Healthcare	8.80	0.28	2.46	Mar25	15.51
Motilal Oswal Nifty Midcap 150 Idx DirGr	INF247L01916	GlaxoSmithKline Pharmaceuticals Ltd	Healthcare	8.80	0.28	2.46	Mar25	15.51
Motilal Oswal Nifty Midcap 150 Idx DirGr	INF247L01916	GlaxoSmithKline Pharmaceuticals Ltd	Healthcare	8.80	0.28	2.46	Apr25	12.51
Motilal Oswal Nifty Midcap 150 Idx DirGr	INF247L01916	GlaxoSmithKline Pharmaceuticals Ltd	Healthcare	8.80	0.28	2.46	May25	11.15
Motilal Oswal Nifty Midcap 150 Idx DirGr	INF247L01916	GlaxoSmithKline Pharmaceuticals Ltd	Healthcare	8.80	0.28	2.46	June25	10.18
Motilal Oswal Nifty Midcap 150 Idx DirGr	INF247L01916	GlaxoSmithKline Pharmaceuticals Ltd	Healthcare	8.80	0.28	2.46	July25	9.19
Motilal Oswal Nifty Midcap 150 Idx DirGr	INF247L01916	GlaxoSmithKline Pharmaceuticals Ltd	Healthcare	8.80	0.28	2.46	Aug25	8.13
Motilal Oswal Nifty Midcap 150 Idx DirGr	INF247L01916	3M India Ltd	Industrials	8.76	0.28	2.41	Oct24	5.55
Motilal Oswal Nifty Midcap 150 Idx DirGr	INF247L01916	3M India Ltd	Industrials	8.76	0.28	2.41	Nov24	7.52
Motilal Oswal Nifty Midcap 150 Idx DirGr	INF247L01916	3M India Ltd	Industrials	8.76	0.28	2.41	Dec24	3.56
Motilal Oswal Nifty Midcap 150 Idx DirGr	INF247L01916	3M India Ltd	Industrials	8.76	0.28	2.41	Jan25	5.32
Motilal Oswal Nifty Midcap 150 Idx DirGr	INF247L01916	3M India Ltd	Industrials	8.76	0.28	2.41	Feb25	5.59
Motilal Oswal Nifty Midcap 150 Idx DirGr	INF247L01916	3M India Ltd	Industrials	8.76	0.28	2.41	Mar25	15.51
Motilal Oswal Nifty Midcap 150 Idx DirGr	INF247L01916	3M India Ltd	Industrials	8.76	0.28	2.41	Mar25	15.51
Motilal Oswal Nifty Midcap 150 Idx DirGr	INF247L01916	3M India Ltd	Industrials	8.76	0.28	2.41	Apr25	12.51
Motilal Oswal Nifty Midcap 150 Idx DirGr	INF247L01916	3M India Ltd	Industrials	8.76	0.28	2.41	May25	11.15
Motilal Oswal Nifty Midcap 150 Idx DirGr	INF247L01916	3M India Ltd	Industrials	8.76	0.28	2.41	June25	10.18
Motilal Oswal Nifty Midcap 150 Idx DirGr	INF247L01916	3M India Ltd	Industrials	8.76	0.28	2.41	July25	9.19
Motilal Oswal Nifty Midcap 150 Idx DirGr	INF247L01916	3M India Ltd	Industrials	8.76	0.28	2.41	Aug25	8.13
Motilal Oswal Nifty Midcap 150 Idx DirGr	INF247L01916	K.P.R. Mill Ltd	Consumer Cyclical	8.57	0.27	2.46	Oct24	5.55
Motilal Oswal Nifty Midcap 150 Idx DirGr	INF247L01916	K.P.R. Mill Ltd	Consumer Cyclical	8.57	0.27	2.46	Nov24	7.52
Motilal Oswal Nifty Midcap 150 Idx DirGr	INF247L01916	K.P.R. Mill Ltd	Consumer Cyclical	8.57	0.27	2.46	Dec24	3.56
Motilal Oswal Nifty Midcap 150 Idx DirGr	INF247L01916	K.P.R. Mill Ltd	Consumer Cyclical	8.57	0.27	2.46	Jan25	5.32
Motilal Oswal Nifty Midcap 150 Idx DirGr	INF247L01916	K.P.R. Mill Ltd	Consumer Cyclical	8.57	0.27	2.46	Feb25	5.59
Motilal Oswal Nifty Midcap 150 Idx DirGr	INF247L01916	K.P.R. Mill Ltd	Consumer Cyclical	8.57	0.27	2.46	Mar25	15.51
Motilal Oswal Nifty Midcap 150 Idx DirGr	INF247L01916	K.P.R. Mill Ltd	Consumer Cyclical	8.57	0.27	2.46	Mar25	15.51
Motilal Oswal Nifty Midcap 150 Idx DirGr	INF247L01916	K.P.R. Mill Ltd	Consumer Cyclical	8.57	0.27	2.46	Apr25	12.51
Motilal Oswal Nifty Midcap 150 Idx DirGr	INF247L01916	K.P.R. Mill Ltd	Consumer Cyclical	8.57	0.27	2.46	May25	11.15
Motilal Oswal Nifty Midcap 150 Idx DirGr	INF247L01916	K.P.R. Mill Ltd	Consumer Cyclical	8.57	0.27	2.46	June25	10.18
Motilal Oswal Nifty Midcap 150 Idx DirGr	INF247L01916	K.P.R. Mill Ltd	Consumer Cyclical	8.57	0.27	2.46	July25	9.19
Motilal Oswal Nifty Midcap 150 Idx DirGr	INF247L01916	K.P.R. Mill Ltd	Consumer Cyclical	8.57	0.27	2.46	Aug25	8.13
Motilal Oswal Nifty Midcap 150 Idx DirGr	INF247L01916	Tata Technologies Ltd	Technology	8.31	0.27	2.46	Oct24	5.55
Motilal Oswal Nifty Midcap 150 Idx DirGr	INF247L01916	Tata Technologies Ltd	Technology	8.31	0.27	2.46	Nov24	7.52
Motilal Oswal Nifty Midcap 150 Idx DirGr	INF247L01916	Tata Technologies Ltd	Technology	8.31	0.27	2.46	Dec24	3.56
Motilal Oswal Nifty Midcap 150 Idx DirGr	INF247L01916	Tata Technologies Ltd	Technology	8.31	0.27	2.46	Jan25	5.32
Motilal Oswal Nifty Midcap 150 Idx DirGr	INF247L01916	Tata Technologies Ltd	Technology	8.31	0.27	2.46	Feb25	5.59
Motilal Oswal Nifty Midcap 150 Idx DirGr	INF247L01916	Tata Technologies Ltd	Technology	8.31	0.27	2.46	Mar25	15.51
Motilal Oswal Nifty Midcap 150 Idx DirGr	INF247L01916	Tata Technologies Ltd	Technology	8.31	0.27	2.46	Mar25	15.51
Motilal Oswal Nifty Midcap 150 Idx DirGr	INF247L01916	Tata Technologies Ltd	Technology	8.31	0.27	2.46	Apr25	12.51
Motilal Oswal Nifty Midcap 150 Idx DirGr	INF247L01916	Tata Technologies Ltd	Technology	8.31	0.27	2.46	May25	11.15
Motilal Oswal Nifty Midcap 150 Idx DirGr	INF247L01916	Tata Technologies Ltd	Technology	8.31	0.27	2.46	June25	10.18
Motilal Oswal Nifty Midcap 150 Idx DirGr	INF247L01916	Tata Technologies Ltd	Technology	8.31	0.27	2.46	July25	9.19
Motilal Oswal Nifty Midcap 150 Idx DirGr	INF247L01916	Tata Technologies Ltd	Technology	8.31	0.27	2.46	Aug25	8.13
Motilal Oswal Nifty Midcap 150 Idx DirGr	INF247L01916	Indian Renewable Energy Development Agency Ltd	Financial Services	8.05	0.26	2.46	Oct24	5.55
Motilal Oswal Nifty Midcap 150 Idx DirGr	INF247L01916	Indian Renewable Energy Development Agency Ltd	Financial Services	8.05	0.26	2.46	Nov24	7.52
Motilal Oswal Nifty Midcap 150 Idx DirGr	INF247L01916	Indian Renewable Energy Development Agency Ltd	Financial Services	8.05	0.26	2.46	Dec24	3.56
Motilal Oswal Nifty Midcap 150 Idx DirGr	INF247L01916	Indian Renewable Energy Development Agency Ltd	Financial Services	8.05	0.26	2.46	Jan25	5.32
Motilal Oswal Nifty Midcap 150 Idx DirGr	INF247L01916	Indian Renewable Energy Development Agency Ltd	Financial Services	8.05	0.26	2.46	Feb25	5.59
Motilal Oswal Nifty Midcap 150 Idx DirGr	INF247L01916	Indian Renewable Energy Development Agency Ltd	Financial Services	8.05	0.26	2.46	Mar25	15.51
Motilal Oswal Nifty Midcap 150 Idx DirGr	INF247L01916	Indian Renewable Energy Development Agency Ltd	Financial Services	8.05	0.26	2.46	Mar25	15.51
Motilal Oswal Nifty Midcap 150 Idx DirGr	INF247L01916	Indian Renewable Energy Development Agency Ltd	Financial Services	8.05	0.26	2.46	Apr25	12.51
Motilal Oswal Nifty Midcap 150 Idx DirGr	INF247L01916	Indian Renewable Energy Development Agency Ltd	Financial Services	8.05	0.26	2.46	May25	11.15
Motilal Oswal Nifty Midcap 150 Idx DirGr	INF247L01916	Indian Renewable Energy Development Agency Ltd	Financial Services	8.05	0.26	2.46	June25	10.18
Motilal Oswal Nifty Midcap 150 Idx DirGr	INF247L01916	Indian Renewable Energy Development Agency Ltd	Financial Services	8.05	0.26	2.46	July25	9.19
Motilal Oswal Nifty Midcap 150 Idx DirGr	INF247L01916	Indian Renewable Energy Development Agency Ltd	Financial Services	8.05	0.26	2.46	Aug25	8.13
Motilal Oswal Nifty Midcap 150 Idx DirGr	INF247L01916	ACC Ltd	Basic Materials	8.04	0.26	2.46	Oct24	5.55
Motilal Oswal Nifty Midcap 150 Idx DirGr	INF247L01916	ACC Ltd	Basic Materials	8.04	0.26	2.46	Nov24	7.52
Motilal Oswal Nifty Midcap 150 Idx DirGr	INF247L01916	ACC Ltd	Basic Materials	8.04	0.26	2.46	Dec24	3.56
Motilal Oswal Nifty Midcap 150 Idx DirGr	INF247L01916	ACC Ltd	Basic Materials	8.04	0.26	2.46	Jan25	5.32
Motilal Oswal Nifty Midcap 150 Idx DirGr	INF247L01916	ACC Ltd	Basic Materials	8.04	0.26	2.46	Feb25	5.59
Motilal Oswal Nifty Midcap 150 Idx DirGr	INF247L01916	ACC Ltd	Basic Materials	8.04	0.26	2.46	Mar25	15.51
Motilal Oswal Nifty Midcap 150 Idx DirGr	INF247L01916	ACC Ltd	Basic Materials	8.04	0.26	2.46	Mar25	15.51
Motilal Oswal Nifty Midcap 150 Idx DirGr	INF247L01916	ACC Ltd	Basic Materials	8.04	0.26	2.46	Apr25	12.51
Motilal Oswal Nifty Midcap 150 Idx DirGr	INF247L01916	ACC Ltd	Basic Materials	8.04	0.26	2.46	May25	11.15
Motilal Oswal Nifty Midcap 150 Idx DirGr	INF247L01916	ACC Ltd	Basic Materials	8.04	0.26	2.46	June25	10.18
Motilal Oswal Nifty Midcap 150 Idx DirGr	INF247L01916	ACC Ltd	Basic Materials	8.04	0.26	2.46	July25	9.19
Motilal Oswal Nifty Midcap 150 Idx DirGr	INF247L01916	ACC Ltd	Basic Materials	8.04	0.26	2.46	Aug25	8.13
Motilal Oswal Nifty Midcap 150 Idx DirGr	INF247L01916	L&T Technology Services Ltd	Technology	8.01	0.26	2.45	Oct24	5.55
Motilal Oswal Nifty Midcap 150 Idx DirGr	INF247L01916	L&T Technology Services Ltd	Technology	8.01	0.26	2.45	Nov24	7.52
Motilal Oswal Nifty Midcap 150 Idx DirGr	INF247L01916	L&T Technology Services Ltd	Technology	8.01	0.26	2.45	Dec24	3.56
Motilal Oswal Nifty Midcap 150 Idx DirGr	INF247L01916	L&T Technology Services Ltd	Technology	8.01	0.26	2.45	Jan25	5.32
Motilal Oswal Nifty Midcap 150 Idx DirGr	INF247L01916	L&T Technology Services Ltd	Technology	8.01	0.26	2.45	Feb25	5.59
Motilal Oswal Nifty Midcap 150 Idx DirGr	INF247L01916	L&T Technology Services Ltd	Technology	8.01	0.26	2.45	Mar25	15.51
Motilal Oswal Nifty Midcap 150 Idx DirGr	INF247L01916	L&T Technology Services Ltd	Technology	8.01	0.26	2.45	Mar25	15.51
Motilal Oswal Nifty Midcap 150 Idx DirGr	INF247L01916	L&T Technology Services Ltd	Technology	8.01	0.26	2.45	Apr25	12.51
Motilal Oswal Nifty Midcap 150 Idx DirGr	INF247L01916	L&T Technology Services Ltd	Technology	8.01	0.26	2.45	May25	11.15
Motilal Oswal Nifty Midcap 150 Idx DirGr	INF247L01916	L&T Technology Services Ltd	Technology	8.01	0.26	2.45	June25	10.18
Motilal Oswal Nifty Midcap 150 Idx DirGr	INF247L01916	L&T Technology Services Ltd	Technology	8.01	0.26	2.45	July25	9.19
Motilal Oswal Nifty Midcap 150 Idx DirGr	INF247L01916	L&T Technology Services Ltd	Technology	8.01	0.26	2.45	Aug25	8.13
Motilal Oswal Nifty Midcap 150 Idx DirGr	INF247L01916	Global Health Ltd	Healthcare	7.98	0.25	2.46	Oct24	5.55
Motilal Oswal Nifty Midcap 150 Idx DirGr	INF247L01916	Global Health Ltd	Healthcare	7.98	0.25	2.46	Nov24	7.52
Motilal Oswal Nifty Midcap 150 Idx DirGr	INF247L01916	Global Health Ltd	Healthcare	7.98	0.25	2.46	Dec24	3.56
Motilal Oswal Nifty Midcap 150 Idx DirGr	INF247L01916	Global Health Ltd	Healthcare	7.98	0.25	2.46	Jan25	5.32
Motilal Oswal Nifty Midcap 150 Idx DirGr	INF247L01916	Global Health Ltd	Healthcare	7.98	0.25	2.46	Feb25	5.59
Motilal Oswal Nifty Midcap 150 Idx DirGr	INF247L01916	Global Health Ltd	Healthcare	7.98	0.25	2.46	Mar25	15.51
Motilal Oswal Nifty Midcap 150 Idx DirGr	INF247L01916	Global Health Ltd	Healthcare	7.98	0.25	2.46	Mar25	15.51
Motilal Oswal Nifty Midcap 150 Idx DirGr	INF247L01916	Global Health Ltd	Healthcare	7.98	0.25	2.46	Apr25	12.51
Motilal Oswal Nifty Midcap 150 Idx DirGr	INF247L01916	Global Health Ltd	Healthcare	7.98	0.25	2.46	May25	11.15
Motilal Oswal Nifty Midcap 150 Idx DirGr	INF247L01916	Global Health Ltd	Healthcare	7.98	0.25	2.46	June25	10.18
Motilal Oswal Nifty Midcap 150 Idx DirGr	INF247L01916	Global Health Ltd	Healthcare	7.98	0.25	2.46	July25	9.19
Motilal Oswal Nifty Midcap 150 Idx DirGr	INF247L01916	Global Health Ltd	Healthcare	7.98	0.25	2.46	Aug25	8.13
Motilal Oswal Nifty Midcap 150 Idx DirGr	INF247L01916	Endurance Technologies Ltd	Consumer Cyclical	7.77	0.25	2.46	Oct24	5.55
Motilal Oswal Nifty Midcap 150 Idx DirGr	INF247L01916	Endurance Technologies Ltd	Consumer Cyclical	7.77	0.25	2.46	Nov24	7.52
Motilal Oswal Nifty Midcap 150 Idx DirGr	INF247L01916	Endurance Technologies Ltd	Consumer Cyclical	7.77	0.25	2.46	Dec24	3.56
Motilal Oswal Nifty Midcap 150 Idx DirGr	INF247L01916	Endurance Technologies Ltd	Consumer Cyclical	7.77	0.25	2.46	Jan25	5.32
Motilal Oswal Nifty Midcap 150 Idx DirGr	INF247L01916	Endurance Technologies Ltd	Consumer Cyclical	7.77	0.25	2.46	Feb25	5.59
Motilal Oswal Nifty Midcap 150 Idx DirGr	INF247L01916	Endurance Technologies Ltd	Consumer Cyclical	7.77	0.25	2.46	Mar25	15.51
Motilal Oswal Nifty Midcap 150 Idx DirGr	INF247L01916	Endurance Technologies Ltd	Consumer Cyclical	7.77	0.25	2.46	Mar25	15.51
Motilal Oswal Nifty Midcap 150 Idx DirGr	INF247L01916	Endurance Technologies Ltd	Consumer Cyclical	7.77	0.25	2.46	Apr25	12.51
Motilal Oswal Nifty Midcap 150 Idx DirGr	INF247L01916	Endurance Technologies Ltd	Consumer Cyclical	7.77	0.25	2.46	May25	11.15
Motilal Oswal Nifty Midcap 150 Idx DirGr	INF247L01916	Endurance Technologies Ltd	Consumer Cyclical	7.77	0.25	2.46	June25	10.18
Motilal Oswal Nifty Midcap 150 Idx DirGr	INF247L01916	Endurance Technologies Ltd	Consumer Cyclical	7.77	0.25	2.46	July25	9.19
Motilal Oswal Nifty Midcap 150 Idx DirGr	INF247L01916	Endurance Technologies Ltd	Consumer Cyclical	7.77	0.25	2.46	Aug25	8.13
Motilal Oswal Nifty Midcap 150 Idx DirGr	INF247L01916	Housing & Urban Development Corp Ltd	Financial Services	7.76	0.25	2.46	Oct24	5.55
Motilal Oswal Nifty Midcap 150 Idx DirGr	INF247L01916	Housing & Urban Development Corp Ltd	Financial Services	7.76	0.25	2.46	Nov24	7.52
Motilal Oswal Nifty Midcap 150 Idx DirGr	INF247L01916	Housing & Urban Development Corp Ltd	Financial Services	7.76	0.25	2.46	Dec24	3.56
Motilal Oswal Nifty Midcap 150 Idx DirGr	INF247L01916	Housing & Urban Development Corp Ltd	Financial Services	7.76	0.25	2.46	Jan25	5.32
Motilal Oswal Nifty Midcap 150 Idx DirGr	INF247L01916	Housing & Urban Development Corp Ltd	Financial Services	7.76	0.25	2.46	Feb25	5.59
Motilal Oswal Nifty Midcap 150 Idx DirGr	INF247L01916	Housing & Urban Development Corp Ltd	Financial Services	7.76	0.25	2.46	Mar25	15.51
Motilal Oswal Nifty Midcap 150 Idx DirGr	INF247L01916	Housing & Urban Development Corp Ltd	Financial Services	7.76	0.25	2.46	Mar25	15.51
Motilal Oswal Nifty Midcap 150 Idx DirGr	INF247L01916	Housing & Urban Development Corp Ltd	Financial Services	7.76	0.25	2.46	Apr25	12.51
Motilal Oswal Nifty Midcap 150 Idx DirGr	INF247L01916	Housing & Urban Development Corp Ltd	Financial Services	7.76	0.25	2.46	May25	11.15
Motilal Oswal Nifty Midcap 150 Idx DirGr	INF247L01916	Housing & Urban Development Corp Ltd	Financial Services	7.76	0.25	2.46	June25	10.18
Motilal Oswal Nifty Midcap 150 Idx DirGr	INF247L01916	Housing & Urban Development Corp Ltd	Financial Services	7.76	0.25	2.46	July25	9.19
Motilal Oswal Nifty Midcap 150 Idx DirGr	INF247L01916	Housing & Urban Development Corp Ltd	Financial Services	7.76	0.25	2.46	Aug25	8.13
Motilal Oswal Nifty Midcap 150 Idx DirGr	INF247L01916	AWL Agri Business Ltd	Consumer Defensive	7.29	0.23	2.46	Oct24	5.55
Motilal Oswal Nifty Midcap 150 Idx DirGr	INF247L01916	AWL Agri Business Ltd	Consumer Defensive	7.29	0.23	2.46	Nov24	7.52
Motilal Oswal Nifty Midcap 150 Idx DirGr	INF247L01916	AWL Agri Business Ltd	Consumer Defensive	7.29	0.23	2.46	Dec24	3.56
Motilal Oswal Nifty Midcap 150 Idx DirGr	INF247L01916	AWL Agri Business Ltd	Consumer Defensive	7.29	0.23	2.46	Jan25	5.32
Motilal Oswal Nifty Midcap 150 Idx DirGr	INF247L01916	AWL Agri Business Ltd	Consumer Defensive	7.29	0.23	2.46	Feb25	5.59
Motilal Oswal Nifty Midcap 150 Idx DirGr	INF247L01916	AWL Agri Business Ltd	Consumer Defensive	7.29	0.23	2.46	Mar25	15.51
Motilal Oswal Nifty Midcap 150 Idx DirGr	INF247L01916	AWL Agri Business Ltd	Consumer Defensive	7.29	0.23	2.46	Mar25	15.51
Motilal Oswal Nifty Midcap 150 Idx DirGr	INF247L01916	AWL Agri Business Ltd	Consumer Defensive	7.29	0.23	2.46	Apr25	12.51
Motilal Oswal Nifty Midcap 150 Idx DirGr	INF247L01916	AWL Agri Business Ltd	Consumer Defensive	7.29	0.23	2.46	May25	11.15
Motilal Oswal Nifty Midcap 150 Idx DirGr	INF247L01916	AWL Agri Business Ltd	Consumer Defensive	7.29	0.23	2.46	June25	10.18
Motilal Oswal Nifty Midcap 150 Idx DirGr	INF247L01916	AWL Agri Business Ltd	Consumer Defensive	7.29	0.23	2.46	July25	9.19
Motilal Oswal Nifty Midcap 150 Idx DirGr	INF247L01916	AWL Agri Business Ltd	Consumer Defensive	7.29	0.23	2.46	Aug25	8.13
Motilal Oswal Nifty Midcap 150 Idx DirGr	INF247L01916	Godfrey Phillips India Ltd	Consumer Defensive	7.14	0.23	2.46	Oct24	5.55
Motilal Oswal Nifty Midcap 150 Idx DirGr	INF247L01916	Godfrey Phillips India Ltd	Consumer Defensive	7.14	0.23	2.46	Nov24	7.52
Motilal Oswal Nifty Midcap 150 Idx DirGr	INF247L01916	Godfrey Phillips India Ltd	Consumer Defensive	7.14	0.23	2.46	Dec24	3.56
Motilal Oswal Nifty Midcap 150 Idx DirGr	INF247L01916	Godfrey Phillips India Ltd	Consumer Defensive	7.14	0.23	2.46	Jan25	5.32
Motilal Oswal Nifty Midcap 150 Idx DirGr	INF247L01916	Godfrey Phillips India Ltd	Consumer Defensive	7.14	0.23	2.46	Feb25	5.59
Motilal Oswal Nifty Midcap 150 Idx DirGr	INF247L01916	Godfrey Phillips India Ltd	Consumer Defensive	7.14	0.23	2.46	Mar25	15.51
Motilal Oswal Nifty Midcap 150 Idx DirGr	INF247L01916	Godfrey Phillips India Ltd	Consumer Defensive	7.14	0.23	2.46	Mar25	15.51
Motilal Oswal Nifty Midcap 150 Idx DirGr	INF247L01916	Godfrey Phillips India Ltd	Consumer Defensive	7.14	0.23	2.46	Apr25	12.51
Motilal Oswal Nifty Midcap 150 Idx DirGr	INF247L01916	Godfrey Phillips India Ltd	Consumer Defensive	7.14	0.23	2.46	May25	11.15
Motilal Oswal Nifty Midcap 150 Idx DirGr	INF247L01916	Godfrey Phillips India Ltd	Consumer Defensive	7.14	0.23	2.46	June25	10.18
Motilal Oswal Nifty Midcap 150 Idx DirGr	INF247L01916	Godfrey Phillips India Ltd	Consumer Defensive	7.14	0.23	2.46	July25	9.19
Motilal Oswal Nifty Midcap 150 Idx DirGr	INF247L01916	Godfrey Phillips India Ltd	Consumer Defensive	7.14	0.23	2.46	Aug25	8.13
Motilal Oswal Nifty Midcap 150 Idx DirGr	INF247L01916	Tata Investment Corp Ltd	Financial Services	7.09	0.23	2.46	Oct24	5.55
Motilal Oswal Nifty Midcap 150 Idx DirGr	INF247L01916	Tata Investment Corp Ltd	Financial Services	7.09	0.23	2.46	Nov24	7.52
Motilal Oswal Nifty Midcap 150 Idx DirGr	INF247L01916	Tata Investment Corp Ltd	Financial Services	7.09	0.23	2.46	Dec24	3.56
Motilal Oswal Nifty Midcap 150 Idx DirGr	INF247L01916	Tata Investment Corp Ltd	Financial Services	7.09	0.23	2.46	Jan25	5.32
Motilal Oswal Nifty Midcap 150 Idx DirGr	INF247L01916	Tata Investment Corp Ltd	Financial Services	7.09	0.23	2.46	Feb25	5.59
Motilal Oswal Nifty Midcap 150 Idx DirGr	INF247L01916	Tata Investment Corp Ltd	Financial Services	7.09	0.23	2.46	Mar25	15.51
Motilal Oswal Nifty Midcap 150 Idx DirGr	INF247L01916	Tata Investment Corp Ltd	Financial Services	7.09	0.23	2.46	Mar25	15.51
Motilal Oswal Nifty Midcap 150 Idx DirGr	INF247L01916	Tata Investment Corp Ltd	Financial Services	7.09	0.23	2.46	Apr25	12.51
Motilal Oswal Nifty Midcap 150 Idx DirGr	INF247L01916	Tata Investment Corp Ltd	Financial Services	7.09	0.23	2.46	May25	11.15
Motilal Oswal Nifty Midcap 150 Idx DirGr	INF247L01916	Tata Investment Corp Ltd	Financial Services	7.09	0.23	2.46	June25	10.18
Motilal Oswal Nifty Midcap 150 Idx DirGr	INF247L01916	Tata Investment Corp Ltd	Financial Services	7.09	0.23	2.46	July25	9.19
Motilal Oswal Nifty Midcap 150 Idx DirGr	INF247L01916	Tata Investment Corp Ltd	Financial Services	7.09	0.23	2.46	Aug25	8.13
Motilal Oswal Nifty Midcap 150 Idx DirGr	INF247L01916	NLC India Ltd	Utilities	7.02	0.22	2.46	Oct24	5.55
Motilal Oswal Nifty Midcap 150 Idx DirGr	INF247L01916	NLC India Ltd	Utilities	7.02	0.22	2.46	Nov24	7.52
Motilal Oswal Nifty Midcap 150 Idx DirGr	INF247L01916	NLC India Ltd	Utilities	7.02	0.22	2.46	Dec24	3.56
Motilal Oswal Nifty Midcap 150 Idx DirGr	INF247L01916	NLC India Ltd	Utilities	7.02	0.22	2.46	Jan25	5.32
Motilal Oswal Nifty Midcap 150 Idx DirGr	INF247L01916	NLC India Ltd	Utilities	7.02	0.22	2.46	Feb25	5.59
Motilal Oswal Nifty Midcap 150 Idx DirGr	INF247L01916	NLC India Ltd	Utilities	7.02	0.22	2.46	Mar25	15.51
Motilal Oswal Nifty Midcap 150 Idx DirGr	INF247L01916	NLC India Ltd	Utilities	7.02	0.22	2.46	Mar25	15.51
Motilal Oswal Nifty Midcap 150 Idx DirGr	INF247L01916	NLC India Ltd	Utilities	7.02	0.22	2.46	Apr25	12.51
Motilal Oswal Nifty Midcap 150 Idx DirGr	INF247L01916	NLC India Ltd	Utilities	7.02	0.22	2.46	May25	11.15
Motilal Oswal Nifty Midcap 150 Idx DirGr	INF247L01916	NLC India Ltd	Utilities	7.02	0.22	2.46	June25	10.18
Motilal Oswal Nifty Midcap 150 Idx DirGr	INF247L01916	NLC India Ltd	Utilities	7.02	0.22	2.46	July25	9.19
Motilal Oswal Nifty Midcap 150 Idx DirGr	INF247L01916	NLC India Ltd	Utilities	7.02	0.22	2.46	Aug25	8.13
Motilal Oswal Nifty Midcap 150 Idx DirGr	INF247L01916	Premier Energies Ltd	Technology	6.98	0.22	2.46	Oct24	5.55
Motilal Oswal Nifty Midcap 150 Idx DirGr	INF247L01916	Premier Energies Ltd	Technology	6.98	0.22	2.46	Nov24	7.52
Motilal Oswal Nifty Midcap 150 Idx DirGr	INF247L01916	Premier Energies Ltd	Technology	6.98	0.22	2.46	Dec24	3.56
Motilal Oswal Nifty Midcap 150 Idx DirGr	INF247L01916	Premier Energies Ltd	Technology	6.98	0.22	2.46	Jan25	5.32
Motilal Oswal Nifty Midcap 150 Idx DirGr	INF247L01916	Premier Energies Ltd	Technology	6.98	0.22	2.46	Feb25	5.59
Motilal Oswal Nifty Midcap 150 Idx DirGr	INF247L01916	Premier Energies Ltd	Technology	6.98	0.22	2.46	Mar25	15.51
Motilal Oswal Nifty Midcap 150 Idx DirGr	INF247L01916	Premier Energies Ltd	Technology	6.98	0.22	2.46	Mar25	15.51
Motilal Oswal Nifty Midcap 150 Idx DirGr	INF247L01916	Premier Energies Ltd	Technology	6.98	0.22	2.46	Apr25	12.51
Motilal Oswal Nifty Midcap 150 Idx DirGr	INF247L01916	Premier Energies Ltd	Technology	6.98	0.22	2.46	May25	11.15
Motilal Oswal Nifty Midcap 150 Idx DirGr	INF247L01916	Premier Energies Ltd	Technology	6.98	0.22	2.46	June25	10.18
Motilal Oswal Nifty Midcap 150 Idx DirGr	INF247L01916	Premier Energies Ltd	Technology	6.98	0.22	2.46	July25	9.19
Motilal Oswal Nifty Midcap 150 Idx DirGr	INF247L01916	Premier Energies Ltd	Technology	6.98	0.22	2.46	Aug25	8.13
Motilal Oswal Nifty Midcap 150 Idx DirGr	INF247L01916	NTPC Green Energy Ltd	Utilities	6.93	0.22	2.46	Oct24	5.55
Motilal Oswal Nifty Midcap 150 Idx DirGr	INF247L01916	NTPC Green Energy Ltd	Utilities	6.93	0.22	2.46	Nov24	7.52
Motilal Oswal Nifty Midcap 150 Idx DirGr	INF247L01916	NTPC Green Energy Ltd	Utilities	6.93	0.22	2.46	Dec24	3.56
Motilal Oswal Nifty Midcap 150 Idx DirGr	INF247L01916	NTPC Green Energy Ltd	Utilities	6.93	0.22	2.46	Jan25	5.32
Motilal Oswal Nifty Midcap 150 Idx DirGr	INF247L01916	NTPC Green Energy Ltd	Utilities	6.93	0.22	2.46	Feb25	5.59
Motilal Oswal Nifty Midcap 150 Idx DirGr	INF247L01916	NTPC Green Energy Ltd	Utilities	6.93	0.22	2.46	Mar25	15.51
Motilal Oswal Nifty Midcap 150 Idx DirGr	INF247L01916	NTPC Green Energy Ltd	Utilities	6.93	0.22	2.46	Mar25	15.51
Motilal Oswal Nifty Midcap 150 Idx DirGr	INF247L01916	NTPC Green Energy Ltd	Utilities	6.93	0.22	2.46	Apr25	12.51
Motilal Oswal Nifty Midcap 150 Idx DirGr	INF247L01916	NTPC Green Energy Ltd	Utilities	6.93	0.22	2.46	May25	11.15
Motilal Oswal Nifty Midcap 150 Idx DirGr	INF247L01916	NTPC Green Energy Ltd	Utilities	6.93	0.22	2.46	June25	10.18
Motilal Oswal Nifty Midcap 150 Idx DirGr	INF247L01916	NTPC Green Energy Ltd	Utilities	6.93	0.22	2.46	July25	9.19
Motilal Oswal Nifty Midcap 150 Idx DirGr	INF247L01916	NTPC Green Energy Ltd	Utilities	6.93	0.22	2.46	Aug25	8.13
Motilal Oswal Nifty Midcap 150 Idx DirGr	INF247L01916	IRB Infrastructure Developers Ltd	Industrials	6.85	0.22	2.46	Oct24	5.55
Motilal Oswal Nifty Midcap 150 Idx DirGr	INF247L01916	IRB Infrastructure Developers Ltd	Industrials	6.85	0.22	2.46	Nov24	7.52
Motilal Oswal Nifty Midcap 150 Idx DirGr	INF247L01916	IRB Infrastructure Developers Ltd	Industrials	6.85	0.22	2.46	Dec24	3.56
Motilal Oswal Nifty Midcap 150 Idx DirGr	INF247L01916	IRB Infrastructure Developers Ltd	Industrials	6.85	0.22	2.46	Jan25	5.32
Motilal Oswal Nifty Midcap 150 Idx DirGr	INF247L01916	IRB Infrastructure Developers Ltd	Industrials	6.85	0.22	2.46	Feb25	5.59
Motilal Oswal Nifty Midcap 150 Idx DirGr	INF247L01916	IRB Infrastructure Developers Ltd	Industrials	6.85	0.22	2.46	Mar25	15.51
Motilal Oswal Nifty Midcap 150 Idx DirGr	INF247L01916	IRB Infrastructure Developers Ltd	Industrials	6.85	0.22	2.46	Mar25	15.51
Motilal Oswal Nifty Midcap 150 Idx DirGr	INF247L01916	IRB Infrastructure Developers Ltd	Industrials	6.85	0.22	2.46	Apr25	12.51
Motilal Oswal Nifty Midcap 150 Idx DirGr	INF247L01916	IRB Infrastructure Developers Ltd	Industrials	6.85	0.22	2.46	May25	11.15
Motilal Oswal Nifty Midcap 150 Idx DirGr	INF247L01916	IRB Infrastructure Developers Ltd	Industrials	6.85	0.22	2.46	June25	10.18
Motilal Oswal Nifty Midcap 150 Idx DirGr	INF247L01916	IRB Infrastructure Developers Ltd	Industrials	6.85	0.22	2.46	July25	9.19
Motilal Oswal Nifty Midcap 150 Idx DirGr	INF247L01916	IRB Infrastructure Developers Ltd	Industrials	6.85	0.22	2.46	Aug25	8.13
Motilal Oswal Nifty Midcap 150 Idx DirGr	INF247L01916	JSW Infrastructure Ltd	Industrials	6.82	0.22	2.46	Oct24	5.55
Motilal Oswal Nifty Midcap 150 Idx DirGr	INF247L01916	JSW Infrastructure Ltd	Industrials	6.82	0.22	2.46	Nov24	7.52
Motilal Oswal Nifty Midcap 150 Idx DirGr	INF247L01916	JSW Infrastructure Ltd	Industrials	6.82	0.22	2.46	Dec24	3.56
Motilal Oswal Nifty Midcap 150 Idx DirGr	INF247L01916	JSW Infrastructure Ltd	Industrials	6.82	0.22	2.46	Jan25	5.32
Motilal Oswal Nifty Midcap 150 Idx DirGr	INF247L01916	JSW Infrastructure Ltd	Industrials	6.82	0.22	2.46	Feb25	5.59
Motilal Oswal Nifty Midcap 150 Idx DirGr	INF247L01916	JSW Infrastructure Ltd	Industrials	6.82	0.22	2.46	Mar25	15.51
Motilal Oswal Nifty Midcap 150 Idx DirGr	INF247L01916	JSW Infrastructure Ltd	Industrials	6.82	0.22	2.46	Mar25	15.51
Motilal Oswal Nifty Midcap 150 Idx DirGr	INF247L01916	JSW Infrastructure Ltd	Industrials	6.82	0.22	2.46	Apr25	12.51
Motilal Oswal Nifty Midcap 150 Idx DirGr	INF247L01916	JSW Infrastructure Ltd	Industrials	6.82	0.22	2.46	May25	11.15
Motilal Oswal Nifty Midcap 150 Idx DirGr	INF247L01916	JSW Infrastructure Ltd	Industrials	6.82	0.22	2.46	June25	10.18
Motilal Oswal Nifty Midcap 150 Idx DirGr	INF247L01916	JSW Infrastructure Ltd	Industrials	6.82	0.22	2.46	July25	9.19
Motilal Oswal Nifty Midcap 150 Idx DirGr	INF247L01916	JSW Infrastructure Ltd	Industrials	6.82	0.22	2.46	Aug25	8.13
Motilal Oswal Nifty Midcap 150 Idx DirGr	INF247L01916	Syngene International Ltd	Healthcare	6.63	0.21	2.46	Oct24	5.55
Motilal Oswal Nifty Midcap 150 Idx DirGr	INF247L01916	Syngene International Ltd	Healthcare	6.63	0.21	2.46	Nov24	7.52
Motilal Oswal Nifty Midcap 150 Idx DirGr	INF247L01916	Syngene International Ltd	Healthcare	6.63	0.21	2.46	Dec24	3.56
Motilal Oswal Nifty Midcap 150 Idx DirGr	INF247L01916	Syngene International Ltd	Healthcare	6.63	0.21	2.46	Jan25	5.32
Motilal Oswal Nifty Midcap 150 Idx DirGr	INF247L01916	Syngene International Ltd	Healthcare	6.63	0.21	2.46	Feb25	5.59
Motilal Oswal Nifty Midcap 150 Idx DirGr	INF247L01916	Syngene International Ltd	Healthcare	6.63	0.21	2.46	Mar25	15.51
Motilal Oswal Nifty Midcap 150 Idx DirGr	INF247L01916	Syngene International Ltd	Healthcare	6.63	0.21	2.46	Mar25	15.51
Motilal Oswal Nifty Midcap 150 Idx DirGr	INF247L01916	Syngene International Ltd	Healthcare	6.63	0.21	2.46	Apr25	12.51
Motilal Oswal Nifty Midcap 150 Idx DirGr	INF247L01916	Syngene International Ltd	Healthcare	6.63	0.21	2.46	May25	11.15
Motilal Oswal Nifty Midcap 150 Idx DirGr	INF247L01916	Syngene International Ltd	Healthcare	6.63	0.21	2.46	June25	10.18
Motilal Oswal Nifty Midcap 150 Idx DirGr	INF247L01916	Syngene International Ltd	Healthcare	6.63	0.21	2.46	July25	9.19
Motilal Oswal Nifty Midcap 150 Idx DirGr	INF247L01916	Syngene International Ltd	Healthcare	6.63	0.21	2.46	Aug25	8.13
Motilal Oswal Nifty Midcap 150 Idx DirGr	INF247L01916	Hexaware Technologies Ltd Ordinary Shares	Technology	5.82	0.19	2.46	Oct24	5.55
Motilal Oswal Nifty Midcap 150 Idx DirGr	INF247L01916	Hexaware Technologies Ltd Ordinary Shares	Technology	5.82	0.19	2.46	Nov24	7.52
Motilal Oswal Nifty Midcap 150 Idx DirGr	INF247L01916	Hexaware Technologies Ltd Ordinary Shares	Technology	5.82	0.19	2.46	Dec24	3.56
Motilal Oswal Nifty Midcap 150 Idx DirGr	INF247L01916	Hexaware Technologies Ltd Ordinary Shares	Technology	5.82	0.19	2.46	Jan25	5.32
Motilal Oswal Nifty Midcap 150 Idx DirGr	INF247L01916	Hexaware Technologies Ltd Ordinary Shares	Technology	5.82	0.19	2.46	Feb25	5.59
Motilal Oswal Nifty Midcap 150 Idx DirGr	INF247L01916	Hexaware Technologies Ltd Ordinary Shares	Technology	5.82	0.19	2.46	Mar25	15.51
Motilal Oswal Nifty Midcap 150 Idx DirGr	INF247L01916	Hexaware Technologies Ltd Ordinary Shares	Technology	5.82	0.19	2.46	Mar25	15.51
Motilal Oswal Nifty Midcap 150 Idx DirGr	INF247L01916	Hexaware Technologies Ltd Ordinary Shares	Technology	5.82	0.19	2.46	Apr25	12.51
Motilal Oswal Nifty Midcap 150 Idx DirGr	INF247L01916	Hexaware Technologies Ltd Ordinary Shares	Technology	5.82	0.19	2.46	May25	11.15
Motilal Oswal Nifty Midcap 150 Idx DirGr	INF247L01916	Hexaware Technologies Ltd Ordinary Shares	Technology	5.82	0.19	2.46	June25	10.18
Motilal Oswal Nifty Midcap 150 Idx DirGr	INF247L01916	Hexaware Technologies Ltd Ordinary Shares	Technology	5.82	0.19	2.46	July25	9.19
Motilal Oswal Nifty Midcap 150 Idx DirGr	INF247L01916	Hexaware Technologies Ltd Ordinary Shares	Technology	5.82	0.19	2.46	Aug25	8.13
Motilal Oswal Nifty Midcap 150 Idx DirGr	INF247L01916	Gujarat Gas Ltd	Utilities	5.81	0.19	2.46	Oct24	5.55
Motilal Oswal Nifty Midcap 150 Idx DirGr	INF247L01916	Gujarat Gas Ltd	Utilities	5.81	0.19	2.46	Nov24	7.52
Motilal Oswal Nifty Midcap 150 Idx DirGr	INF247L01916	Gujarat Gas Ltd	Utilities	5.81	0.19	2.46	Dec24	3.56
Motilal Oswal Nifty Midcap 150 Idx DirGr	INF247L01916	Gujarat Gas Ltd	Utilities	5.81	0.19	2.46	Jan25	5.32
Motilal Oswal Nifty Midcap 150 Idx DirGr	INF247L01916	Gujarat Gas Ltd	Utilities	5.81	0.19	2.46	Feb25	5.59
Motilal Oswal Nifty Midcap 150 Idx DirGr	INF247L01916	Gujarat Gas Ltd	Utilities	5.81	0.19	2.46	Mar25	15.51
Motilal Oswal Nifty Midcap 150 Idx DirGr	INF247L01916	Gujarat Gas Ltd	Utilities	5.81	0.19	2.46	Mar25	15.51
Motilal Oswal Nifty Midcap 150 Idx DirGr	INF247L01916	Gujarat Gas Ltd	Utilities	5.81	0.19	2.46	Apr25	12.51
Motilal Oswal Nifty Midcap 150 Idx DirGr	INF247L01916	Gujarat Gas Ltd	Utilities	5.81	0.19	2.46	May25	11.15
Motilal Oswal Nifty Midcap 150 Idx DirGr	INF247L01916	Gujarat Gas Ltd	Utilities	5.81	0.19	2.46	June25	10.18
Motilal Oswal Nifty Midcap 150 Idx DirGr	INF247L01916	Gujarat Gas Ltd	Utilities	5.81	0.19	2.46	July25	9.19
Motilal Oswal Nifty Midcap 150 Idx DirGr	INF247L01916	Gujarat Gas Ltd	Utilities	5.81	0.19	2.46	Aug25	8.13
Motilal Oswal Nifty Midcap 150 Idx DirGr	INF247L01916	Honeywell Automation India Ltd	Industrials	5.64	0.18	2.53	Oct24	5.55
Motilal Oswal Nifty Midcap 150 Idx DirGr	INF247L01916	Honeywell Automation India Ltd	Industrials	5.64	0.18	2.53	Nov24	7.52
Motilal Oswal Nifty Midcap 150 Idx DirGr	INF247L01916	Honeywell Automation India Ltd	Industrials	5.64	0.18	2.53	Dec24	3.56
Motilal Oswal Nifty Midcap 150 Idx DirGr	INF247L01916	Honeywell Automation India Ltd	Industrials	5.64	0.18	2.53	Jan25	5.32
Motilal Oswal Nifty Midcap 150 Idx DirGr	INF247L01916	Honeywell Automation India Ltd	Industrials	5.64	0.18	2.53	Feb25	5.59
Motilal Oswal Nifty Midcap 150 Idx DirGr	INF247L01916	Honeywell Automation India Ltd	Industrials	5.64	0.18	2.53	Mar25	15.51
Motilal Oswal Nifty Midcap 150 Idx DirGr	INF247L01916	Honeywell Automation India Ltd	Industrials	5.64	0.18	2.53	Mar25	15.51
Motilal Oswal Nifty Midcap 150 Idx DirGr	INF247L01916	Honeywell Automation India Ltd	Industrials	5.64	0.18	2.53	Apr25	12.51
Motilal Oswal Nifty Midcap 150 Idx DirGr	INF247L01916	Honeywell Automation India Ltd	Industrials	5.64	0.18	2.53	May25	11.15
Motilal Oswal Nifty Midcap 150 Idx DirGr	INF247L01916	Honeywell Automation India Ltd	Industrials	5.64	0.18	2.53	June25	10.18
Motilal Oswal Nifty Midcap 150 Idx DirGr	INF247L01916	Honeywell Automation India Ltd	Industrials	5.64	0.18	2.53	July25	9.19
Motilal Oswal Nifty Midcap 150 Idx DirGr	INF247L01916	Honeywell Automation India Ltd	Industrials	5.64	0.18	2.53	Aug25	8.13
Motilal Oswal Nifty Midcap 150 Idx DirGr	INF247L01916	Collateralized Borrowing & Lending Obligation		5.39	0.17	17.69	Oct24	5.55
Motilal Oswal Nifty Midcap 150 Idx DirGr	INF247L01916	Collateralized Borrowing & Lending Obligation		5.39	0.17	17.69	Nov24	7.52
Motilal Oswal Nifty Midcap 150 Idx DirGr	INF247L01916	Collateralized Borrowing & Lending Obligation		5.39	0.17	17.69	Dec24	3.56
Motilal Oswal Nifty Midcap 150 Idx DirGr	INF247L01916	Collateralized Borrowing & Lending Obligation		5.39	0.17	17.69	Jan25	5.32
Motilal Oswal Nifty Midcap 150 Idx DirGr	INF247L01916	Collateralized Borrowing & Lending Obligation		5.39	0.17	17.69	Feb25	5.59
Motilal Oswal Nifty Midcap 150 Idx DirGr	INF247L01916	Collateralized Borrowing & Lending Obligation		5.39	0.17	17.69	Mar25	15.51
Motilal Oswal Nifty Midcap 150 Idx DirGr	INF247L01916	Collateralized Borrowing & Lending Obligation		5.39	0.17	17.69	Mar25	15.51
Motilal Oswal Nifty Midcap 150 Idx DirGr	INF247L01916	Collateralized Borrowing & Lending Obligation		5.39	0.17	17.69	Apr25	12.51
Motilal Oswal Nifty Midcap 150 Idx DirGr	INF247L01916	Collateralized Borrowing & Lending Obligation		5.39	0.17	17.69	May25	11.15
Motilal Oswal Nifty Midcap 150 Idx DirGr	INF247L01916	Collateralized Borrowing & Lending Obligation		5.39	0.17	17.69	June25	10.18
Motilal Oswal Nifty Midcap 150 Idx DirGr	INF247L01916	Collateralized Borrowing & Lending Obligation		5.39	0.17	17.69	July25	9.19
Motilal Oswal Nifty Midcap 150 Idx DirGr	INF247L01916	Collateralized Borrowing & Lending Obligation		5.39	0.17	17.69	Aug25	8.13
Motilal Oswal Nifty Midcap 150 Idx DirGr	INF247L01916	IDBI Bank Ltd	Financial Services	5.38	0.17	2.46	Oct24	5.55
Motilal Oswal Nifty Midcap 150 Idx DirGr	INF247L01916	IDBI Bank Ltd	Financial Services	5.38	0.17	2.46	Nov24	7.52
Motilal Oswal Nifty Midcap 150 Idx DirGr	INF247L01916	IDBI Bank Ltd	Financial Services	5.38	0.17	2.46	Dec24	3.56
Motilal Oswal Nifty Midcap 150 Idx DirGr	INF247L01916	IDBI Bank Ltd	Financial Services	5.38	0.17	2.46	Jan25	5.32
Motilal Oswal Nifty Midcap 150 Idx DirGr	INF247L01916	IDBI Bank Ltd	Financial Services	5.38	0.17	2.46	Feb25	5.59
Motilal Oswal Nifty Midcap 150 Idx DirGr	INF247L01916	IDBI Bank Ltd	Financial Services	5.38	0.17	2.46	Mar25	15.51
Motilal Oswal Nifty Midcap 150 Idx DirGr	INF247L01916	IDBI Bank Ltd	Financial Services	5.38	0.17	2.46	Mar25	15.51
Motilal Oswal Nifty Midcap 150 Idx DirGr	INF247L01916	IDBI Bank Ltd	Financial Services	5.38	0.17	2.46	Apr25	12.51
Motilal Oswal Nifty Midcap 150 Idx DirGr	INF247L01916	IDBI Bank Ltd	Financial Services	5.38	0.17	2.46	May25	11.15
Motilal Oswal Nifty Midcap 150 Idx DirGr	INF247L01916	IDBI Bank Ltd	Financial Services	5.38	0.17	2.46	June25	10.18
Motilal Oswal Nifty Midcap 150 Idx DirGr	INF247L01916	IDBI Bank Ltd	Financial Services	5.38	0.17	2.46	July25	9.19
Motilal Oswal Nifty Midcap 150 Idx DirGr	INF247L01916	IDBI Bank Ltd	Financial Services	5.38	0.17	2.46	Aug25	8.13
Motilal Oswal Nifty Midcap 150 Idx DirGr	INF247L01916	Indian Overseas Bank	Financial Services	4.40	0.14	2.46	Oct24	5.55
Motilal Oswal Nifty Midcap 150 Idx DirGr	INF247L01916	Indian Overseas Bank	Financial Services	4.40	0.14	2.46	Nov24	7.52
Motilal Oswal Nifty Midcap 150 Idx DirGr	INF247L01916	Indian Overseas Bank	Financial Services	4.40	0.14	2.46	Dec24	3.56
Motilal Oswal Nifty Midcap 150 Idx DirGr	INF247L01916	Indian Overseas Bank	Financial Services	4.40	0.14	2.46	Jan25	5.32
Motilal Oswal Nifty Midcap 150 Idx DirGr	INF247L01916	Indian Overseas Bank	Financial Services	4.40	0.14	2.46	Feb25	5.59
Motilal Oswal Nifty Midcap 150 Idx DirGr	INF247L01916	Indian Overseas Bank	Financial Services	4.40	0.14	2.46	Mar25	15.51
Motilal Oswal Nifty Midcap 150 Idx DirGr	INF247L01916	Indian Overseas Bank	Financial Services	4.40	0.14	2.46	Mar25	15.51
Motilal Oswal Nifty Midcap 150 Idx DirGr	INF247L01916	Indian Overseas Bank	Financial Services	4.40	0.14	2.46	Apr25	12.51
Motilal Oswal Nifty Midcap 150 Idx DirGr	INF247L01916	Indian Overseas Bank	Financial Services	4.40	0.14	2.46	May25	11.15
Motilal Oswal Nifty Midcap 150 Idx DirGr	INF247L01916	Indian Overseas Bank	Financial Services	4.40	0.14	2.46	June25	10.18
Motilal Oswal Nifty Midcap 150 Idx DirGr	INF247L01916	Indian Overseas Bank	Financial Services	4.40	0.14	2.46	July25	9.19
Motilal Oswal Nifty Midcap 150 Idx DirGr	INF247L01916	Indian Overseas Bank	Financial Services	4.40	0.14	2.46	Aug25	8.13
Motilal Oswal Nifty Midcap 150 Idx DirGr	INF247L01916	SJVN Ltd	Utilities	4.32	0.14	2.46	Oct24	5.55
Motilal Oswal Nifty Midcap 150 Idx DirGr	INF247L01916	SJVN Ltd	Utilities	4.32	0.14	2.46	Nov24	7.52
Motilal Oswal Nifty Midcap 150 Idx DirGr	INF247L01916	SJVN Ltd	Utilities	4.32	0.14	2.46	Dec24	3.56
Motilal Oswal Nifty Midcap 150 Idx DirGr	INF247L01916	SJVN Ltd	Utilities	4.32	0.14	2.46	Jan25	5.32
Motilal Oswal Nifty Midcap 150 Idx DirGr	INF247L01916	SJVN Ltd	Utilities	4.32	0.14	2.46	Feb25	5.59
Motilal Oswal Nifty Midcap 150 Idx DirGr	INF247L01916	SJVN Ltd	Utilities	4.32	0.14	2.46	Mar25	15.51
Motilal Oswal Nifty Midcap 150 Idx DirGr	INF247L01916	SJVN Ltd	Utilities	4.32	0.14	2.46	Mar25	15.51
Motilal Oswal Nifty Midcap 150 Idx DirGr	INF247L01916	SJVN Ltd	Utilities	4.32	0.14	2.46	Apr25	12.51
Motilal Oswal Nifty Midcap 150 Idx DirGr	INF247L01916	SJVN Ltd	Utilities	4.32	0.14	2.46	May25	11.15
Motilal Oswal Nifty Midcap 150 Idx DirGr	INF247L01916	SJVN Ltd	Utilities	4.32	0.14	2.46	June25	10.18
Motilal Oswal Nifty Midcap 150 Idx DirGr	INF247L01916	SJVN Ltd	Utilities	4.32	0.14	2.46	July25	9.19
Motilal Oswal Nifty Midcap 150 Idx DirGr	INF247L01916	SJVN Ltd	Utilities	4.32	0.14	2.46	Aug25	8.13
Motilal Oswal Nifty Midcap 150 Idx DirGr	INF247L01916	The Fertilizers & Chemicals Travancore Ltd	Basic Materials	3.83	0.12	2.46	Oct24	5.55
Motilal Oswal Nifty Midcap 150 Idx DirGr	INF247L01916	The Fertilizers & Chemicals Travancore Ltd	Basic Materials	3.83	0.12	2.46	Nov24	7.52
Motilal Oswal Nifty Midcap 150 Idx DirGr	INF247L01916	The Fertilizers & Chemicals Travancore Ltd	Basic Materials	3.83	0.12	2.46	Dec24	3.56
Motilal Oswal Nifty Midcap 150 Idx DirGr	INF247L01916	The Fertilizers & Chemicals Travancore Ltd	Basic Materials	3.83	0.12	2.46	Jan25	5.32
Motilal Oswal Nifty Midcap 150 Idx DirGr	INF247L01916	The Fertilizers & Chemicals Travancore Ltd	Basic Materials	3.83	0.12	2.46	Feb25	5.59
Motilal Oswal Nifty Midcap 150 Idx DirGr	INF247L01916	The Fertilizers & Chemicals Travancore Ltd	Basic Materials	3.83	0.12	2.46	Mar25	15.51
Motilal Oswal Nifty Midcap 150 Idx DirGr	INF247L01916	The Fertilizers & Chemicals Travancore Ltd	Basic Materials	3.83	0.12	2.46	Mar25	15.51
Motilal Oswal Nifty Midcap 150 Idx DirGr	INF247L01916	The Fertilizers & Chemicals Travancore Ltd	Basic Materials	3.83	0.12	2.46	Apr25	12.51
Motilal Oswal Nifty Midcap 150 Idx DirGr	INF247L01916	The Fertilizers & Chemicals Travancore Ltd	Basic Materials	3.83	0.12	2.46	May25	11.15
Motilal Oswal Nifty Midcap 150 Idx DirGr	INF247L01916	The Fertilizers & Chemicals Travancore Ltd	Basic Materials	3.83	0.12	2.46	June25	10.18
Motilal Oswal Nifty Midcap 150 Idx DirGr	INF247L01916	The Fertilizers & Chemicals Travancore Ltd	Basic Materials	3.83	0.12	2.46	July25	9.19
Motilal Oswal Nifty Midcap 150 Idx DirGr	INF247L01916	The Fertilizers & Chemicals Travancore Ltd	Basic Materials	3.83	0.12	2.46	Aug25	8.13
Motilal Oswal Nifty Midcap 150 Idx DirGr	INF247L01916	Net Receivables / (Payables)		-3.66	0.12		Oct24	5.55
Motilal Oswal Nifty Midcap 150 Idx DirGr	INF247L01916	Net Receivables / (Payables)		-3.66	0.12		Nov24	7.52
Motilal Oswal Nifty Midcap 150 Idx DirGr	INF247L01916	Net Receivables / (Payables)		-3.66	0.12		Dec24	3.56
Motilal Oswal Nifty Midcap 150 Idx DirGr	INF247L01916	Net Receivables / (Payables)		-3.66	0.12		Jan25	5.32
Motilal Oswal Nifty Midcap 150 Idx DirGr	INF247L01916	Net Receivables / (Payables)		-3.66	0.12		Feb25	5.59
Motilal Oswal Nifty Midcap 150 Idx DirGr	INF247L01916	Net Receivables / (Payables)		-3.66	0.12		Mar25	15.51
Motilal Oswal Nifty Midcap 150 Idx DirGr	INF247L01916	Net Receivables / (Payables)		-3.66	0.12		Mar25	15.51
Motilal Oswal Nifty Midcap 150 Idx DirGr	INF247L01916	Net Receivables / (Payables)		-3.66	0.12		Apr25	12.51
Motilal Oswal Nifty Midcap 150 Idx DirGr	INF247L01916	Net Receivables / (Payables)		-3.66	0.12		May25	11.15
Motilal Oswal Nifty Midcap 150 Idx DirGr	INF247L01916	Net Receivables / (Payables)		-3.66	0.12		June25	10.18
Motilal Oswal Nifty Midcap 150 Idx DirGr	INF247L01916	Net Receivables / (Payables)		-3.66	0.12		July25	9.19
Motilal Oswal Nifty Midcap 150 Idx DirGr	INF247L01916	Net Receivables / (Payables)		-3.66	0.12		Aug25	8.13
Motilal Oswal Nifty Midcap 150 Idx DirGr	INF247L01916	Godrej Industries Ltd	Industrials	3.55	0.11	2.46	Oct24	5.55
Motilal Oswal Nifty Midcap 150 Idx DirGr	INF247L01916	Godrej Industries Ltd	Industrials	3.55	0.11	2.46	Nov24	7.52
Motilal Oswal Nifty Midcap 150 Idx DirGr	INF247L01916	Godrej Industries Ltd	Industrials	3.55	0.11	2.46	Dec24	3.56
Motilal Oswal Nifty Midcap 150 Idx DirGr	INF247L01916	Godrej Industries Ltd	Industrials	3.55	0.11	2.46	Jan25	5.32
Motilal Oswal Nifty Midcap 150 Idx DirGr	INF247L01916	Godrej Industries Ltd	Industrials	3.55	0.11	2.46	Feb25	5.59
Motilal Oswal Nifty Midcap 150 Idx DirGr	INF247L01916	Godrej Industries Ltd	Industrials	3.55	0.11	2.46	Mar25	15.51
Motilal Oswal Nifty Midcap 150 Idx DirGr	INF247L01916	Godrej Industries Ltd	Industrials	3.55	0.11	2.46	Mar25	15.51
Motilal Oswal Nifty Midcap 150 Idx DirGr	INF247L01916	Godrej Industries Ltd	Industrials	3.55	0.11	2.46	Apr25	12.51
Motilal Oswal Nifty Midcap 150 Idx DirGr	INF247L01916	Godrej Industries Ltd	Industrials	3.55	0.11	2.46	May25	11.15
Motilal Oswal Nifty Midcap 150 Idx DirGr	INF247L01916	Godrej Industries Ltd	Industrials	3.55	0.11	2.46	June25	10.18
Motilal Oswal Nifty Midcap 150 Idx DirGr	INF247L01916	Godrej Industries Ltd	Industrials	3.55	0.11	2.46	July25	9.19
Motilal Oswal Nifty Midcap 150 Idx DirGr	INF247L01916	Godrej Industries Ltd	Industrials	3.55	0.11	2.46	Aug25	8.13
Motilal Oswal Nifty Midcap 150 Idx DirGr	INF247L01916	The New India Assurance Co Ltd	Financial Services	2.93	0.09	2.46	Oct24	5.55
Motilal Oswal Nifty Midcap 150 Idx DirGr	INF247L01916	The New India Assurance Co Ltd	Financial Services	2.93	0.09	2.46	Nov24	7.52
Motilal Oswal Nifty Midcap 150 Idx DirGr	INF247L01916	The New India Assurance Co Ltd	Financial Services	2.93	0.09	2.46	Dec24	3.56
Motilal Oswal Nifty Midcap 150 Idx DirGr	INF247L01916	The New India Assurance Co Ltd	Financial Services	2.93	0.09	2.46	Jan25	5.32
Motilal Oswal Nifty Midcap 150 Idx DirGr	INF247L01916	The New India Assurance Co Ltd	Financial Services	2.93	0.09	2.46	Feb25	5.59
Motilal Oswal Nifty Midcap 150 Idx DirGr	INF247L01916	The New India Assurance Co Ltd	Financial Services	2.93	0.09	2.46	Mar25	15.51
Motilal Oswal Nifty Midcap 150 Idx DirGr	INF247L01916	The New India Assurance Co Ltd	Financial Services	2.93	0.09	2.46	Mar25	15.51
Motilal Oswal Nifty Midcap 150 Idx DirGr	INF247L01916	The New India Assurance Co Ltd	Financial Services	2.93	0.09	2.46	Apr25	12.51
Motilal Oswal Nifty Midcap 150 Idx DirGr	INF247L01916	The New India Assurance Co Ltd	Financial Services	2.93	0.09	2.46	May25	11.15
Motilal Oswal Nifty Midcap 150 Idx DirGr	INF247L01916	The New India Assurance Co Ltd	Financial Services	2.93	0.09	2.46	June25	10.18
Motilal Oswal Nifty Midcap 150 Idx DirGr	INF247L01916	The New India Assurance Co Ltd	Financial Services	2.93	0.09	2.46	July25	9.19
Motilal Oswal Nifty Midcap 150 Idx DirGr	INF247L01916	The New India Assurance Co Ltd	Financial Services	2.93	0.09	2.46	Aug25	8.13
Motilal Oswal Nifty Midcap 150 Idx DirGr	INF247L01916	UCO Bank	Financial Services	2.79	0.09	2.46	Oct24	5.55
Motilal Oswal Nifty Midcap 150 Idx DirGr	INF247L01916	UCO Bank	Financial Services	2.79	0.09	2.46	Nov24	7.52
Motilal Oswal Nifty Midcap 150 Idx DirGr	INF247L01916	UCO Bank	Financial Services	2.79	0.09	2.46	Dec24	3.56
Motilal Oswal Nifty Midcap 150 Idx DirGr	INF247L01916	UCO Bank	Financial Services	2.79	0.09	2.46	Jan25	5.32
Motilal Oswal Nifty Midcap 150 Idx DirGr	INF247L01916	UCO Bank	Financial Services	2.79	0.09	2.46	Feb25	5.59
Motilal Oswal Nifty Midcap 150 Idx DirGr	INF247L01916	UCO Bank	Financial Services	2.79	0.09	2.46	Mar25	15.51
Motilal Oswal Nifty Midcap 150 Idx DirGr	INF247L01916	UCO Bank	Financial Services	2.79	0.09	2.46	Mar25	15.51
Motilal Oswal Nifty Midcap 150 Idx DirGr	INF247L01916	UCO Bank	Financial Services	2.79	0.09	2.46	Apr25	12.51
Motilal Oswal Nifty Midcap 150 Idx DirGr	INF247L01916	UCO Bank	Financial Services	2.79	0.09	2.46	May25	11.15
Motilal Oswal Nifty Midcap 150 Idx DirGr	INF247L01916	UCO Bank	Financial Services	2.79	0.09	2.46	June25	10.18
Motilal Oswal Nifty Midcap 150 Idx DirGr	INF247L01916	UCO Bank	Financial Services	2.79	0.09	2.46	July25	9.19
Motilal Oswal Nifty Midcap 150 Idx DirGr	INF247L01916	UCO Bank	Financial Services	2.79	0.09	2.46	Aug25	8.13
