schemeName	isin	stock_name	sector	market_value	weight	change_1m	period	weightage
ICICI Pru Dividend Yield Eq Dir Gr	INF109KA1UA0	ICICI Bank Ltd	Financial Services	426.15	6.52	-10.17	Oct24	5.55
ICICI Pru Dividend Yield Eq Dir Gr	INF109KA1UA0	ICICI Bank Ltd	Financial Services	426.15	6.52	-10.17	Nov24	7.52
ICICI Pru Dividend Yield Eq Dir Gr	INF109KA1UA0	ICICI Bank Ltd	Financial Services	426.15	6.52	-10.17	Dec24	3.56
ICICI Pru Dividend Yield Eq Dir Gr	INF109KA1UA0	ICICI Bank Ltd	Financial Services	426.15	6.52	-10.17	Jan25	5.32
ICICI Pru Dividend Yield Eq Dir Gr	INF109KA1UA0	ICICI Bank Ltd	Financial Services	426.15	6.52	-10.17	Feb25	5.59
ICICI Pru Dividend Yield Eq Dir Gr	INF109KA1UA0	ICICI Bank Ltd	Financial Services	426.15	6.52	-10.17	Mar25	15.51
ICICI Pru Dividend Yield Eq Dir Gr	INF109KA1UA0	ICICI Bank Ltd	Financial Services	426.15	6.52	-10.17	Mar25	15.51
ICICI Pru Dividend Yield Eq Dir Gr	INF109KA1UA0	ICICI Bank Ltd	Financial Services	426.15	6.52	-10.17	Apr25	12.51
ICICI Pru Dividend Yield Eq Dir Gr	INF109KA1UA0	ICICI Bank Ltd	Financial Services	426.15	6.52	-10.17	May25	11.15
ICICI Pru Dividend Yield Eq Dir Gr	INF109KA1UA0	ICICI Bank Ltd	Financial Services	426.15	6.52	-10.17	June25	10.18
ICICI Pru Dividend Yield Eq Dir Gr	INF109KA1UA0	ICICI Bank Ltd	Financial Services	426.15	6.52	-10.17	July25	9.19
ICICI Pru Dividend Yield Eq Dir Gr	INF109KA1UA0	ICICI Bank Ltd	Financial Services	426.15	6.52	-10.17	Aug25	8.13
ICICI Pru Dividend Yield Eq Dir Gr	INF109KA1UA0	Treps		424.27	6.50		Oct24	5.55
ICICI Pru Dividend Yield Eq Dir Gr	INF109KA1UA0	Treps		424.27	6.50		Nov24	7.52
ICICI Pru Dividend Yield Eq Dir Gr	INF109KA1UA0	Treps		424.27	6.50		Dec24	3.56
ICICI Pru Dividend Yield Eq Dir Gr	INF109KA1UA0	Treps		424.27	6.50		Jan25	5.32
ICICI Pru Dividend Yield Eq Dir Gr	INF109KA1UA0	Treps		424.27	6.50		Feb25	5.59
ICICI Pru Dividend Yield Eq Dir Gr	INF109KA1UA0	Treps		424.27	6.50		Mar25	15.51
ICICI Pru Dividend Yield Eq Dir Gr	INF109KA1UA0	Treps		424.27	6.50		Mar25	15.51
ICICI Pru Dividend Yield Eq Dir Gr	INF109KA1UA0	Treps		424.27	6.50		Apr25	12.51
ICICI Pru Dividend Yield Eq Dir Gr	INF109KA1UA0	Treps		424.27	6.50		May25	11.15
ICICI Pru Dividend Yield Eq Dir Gr	INF109KA1UA0	Treps		424.27	6.50		June25	10.18
ICICI Pru Dividend Yield Eq Dir Gr	INF109KA1UA0	Treps		424.27	6.50		July25	9.19
ICICI Pru Dividend Yield Eq Dir Gr	INF109KA1UA0	Treps		424.27	6.50		Aug25	8.13
ICICI Pru Dividend Yield Eq Dir Gr	INF109KA1UA0	HDFC Bank Ltd	Financial Services	384.90	5.89	8.91	Oct24	5.55
ICICI Pru Dividend Yield Eq Dir Gr	INF109KA1UA0	HDFC Bank Ltd	Financial Services	384.90	5.89	8.91	Nov24	7.52
ICICI Pru Dividend Yield Eq Dir Gr	INF109KA1UA0	HDFC Bank Ltd	Financial Services	384.90	5.89	8.91	Dec24	3.56
ICICI Pru Dividend Yield Eq Dir Gr	INF109KA1UA0	HDFC Bank Ltd	Financial Services	384.90	5.89	8.91	Jan25	5.32
ICICI Pru Dividend Yield Eq Dir Gr	INF109KA1UA0	HDFC Bank Ltd	Financial Services	384.90	5.89	8.91	Feb25	5.59
ICICI Pru Dividend Yield Eq Dir Gr	INF109KA1UA0	HDFC Bank Ltd	Financial Services	384.90	5.89	8.91	Mar25	15.51
ICICI Pru Dividend Yield Eq Dir Gr	INF109KA1UA0	HDFC Bank Ltd	Financial Services	384.90	5.89	8.91	Mar25	15.51
ICICI Pru Dividend Yield Eq Dir Gr	INF109KA1UA0	HDFC Bank Ltd	Financial Services	384.90	5.89	8.91	Apr25	12.51
ICICI Pru Dividend Yield Eq Dir Gr	INF109KA1UA0	HDFC Bank Ltd	Financial Services	384.90	5.89	8.91	May25	11.15
ICICI Pru Dividend Yield Eq Dir Gr	INF109KA1UA0	HDFC Bank Ltd	Financial Services	384.90	5.89	8.91	June25	10.18
ICICI Pru Dividend Yield Eq Dir Gr	INF109KA1UA0	HDFC Bank Ltd	Financial Services	384.90	5.89	8.91	July25	9.19
ICICI Pru Dividend Yield Eq Dir Gr	INF109KA1UA0	HDFC Bank Ltd	Financial Services	384.90	5.89	8.91	Aug25	8.13
ICICI Pru Dividend Yield Eq Dir Gr	INF109KA1UA0	Sun Pharmaceuticals Industries Ltd	Healthcare	364.02	5.57	-1.96	Oct24	5.55
ICICI Pru Dividend Yield Eq Dir Gr	INF109KA1UA0	Sun Pharmaceuticals Industries Ltd	Healthcare	364.02	5.57	-1.96	Nov24	7.52
ICICI Pru Dividend Yield Eq Dir Gr	INF109KA1UA0	Sun Pharmaceuticals Industries Ltd	Healthcare	364.02	5.57	-1.96	Dec24	3.56
ICICI Pru Dividend Yield Eq Dir Gr	INF109KA1UA0	Sun Pharmaceuticals Industries Ltd	Healthcare	364.02	5.57	-1.96	Jan25	5.32
ICICI Pru Dividend Yield Eq Dir Gr	INF109KA1UA0	Sun Pharmaceuticals Industries Ltd	Healthcare	364.02	5.57	-1.96	Feb25	5.59
ICICI Pru Dividend Yield Eq Dir Gr	INF109KA1UA0	Sun Pharmaceuticals Industries Ltd	Healthcare	364.02	5.57	-1.96	Mar25	15.51
ICICI Pru Dividend Yield Eq Dir Gr	INF109KA1UA0	Sun Pharmaceuticals Industries Ltd	Healthcare	364.02	5.57	-1.96	Mar25	15.51
ICICI Pru Dividend Yield Eq Dir Gr	INF109KA1UA0	Sun Pharmaceuticals Industries Ltd	Healthcare	364.02	5.57	-1.96	Apr25	12.51
ICICI Pru Dividend Yield Eq Dir Gr	INF109KA1UA0	Sun Pharmaceuticals Industries Ltd	Healthcare	364.02	5.57	-1.96	May25	11.15
ICICI Pru Dividend Yield Eq Dir Gr	INF109KA1UA0	Sun Pharmaceuticals Industries Ltd	Healthcare	364.02	5.57	-1.96	June25	10.18
ICICI Pru Dividend Yield Eq Dir Gr	INF109KA1UA0	Sun Pharmaceuticals Industries Ltd	Healthcare	364.02	5.57	-1.96	July25	9.19
ICICI Pru Dividend Yield Eq Dir Gr	INF109KA1UA0	Sun Pharmaceuticals Industries Ltd	Healthcare	364.02	5.57	-1.96	Aug25	8.13
ICICI Pru Dividend Yield Eq Dir Gr	INF109KA1UA0	NTPC Ltd	Utilities	333.99	5.11	-17.49	Oct24	5.55
ICICI Pru Dividend Yield Eq Dir Gr	INF109KA1UA0	NTPC Ltd	Utilities	333.99	5.11	-17.49	Nov24	7.52
ICICI Pru Dividend Yield Eq Dir Gr	INF109KA1UA0	NTPC Ltd	Utilities	333.99	5.11	-17.49	Dec24	3.56
ICICI Pru Dividend Yield Eq Dir Gr	INF109KA1UA0	NTPC Ltd	Utilities	333.99	5.11	-17.49	Jan25	5.32
ICICI Pru Dividend Yield Eq Dir Gr	INF109KA1UA0	NTPC Ltd	Utilities	333.99	5.11	-17.49	Feb25	5.59
ICICI Pru Dividend Yield Eq Dir Gr	INF109KA1UA0	NTPC Ltd	Utilities	333.99	5.11	-17.49	Mar25	15.51
ICICI Pru Dividend Yield Eq Dir Gr	INF109KA1UA0	NTPC Ltd	Utilities	333.99	5.11	-17.49	Mar25	15.51
ICICI Pru Dividend Yield Eq Dir Gr	INF109KA1UA0	NTPC Ltd	Utilities	333.99	5.11	-17.49	Apr25	12.51
ICICI Pru Dividend Yield Eq Dir Gr	INF109KA1UA0	NTPC Ltd	Utilities	333.99	5.11	-17.49	May25	11.15
ICICI Pru Dividend Yield Eq Dir Gr	INF109KA1UA0	NTPC Ltd	Utilities	333.99	5.11	-17.49	June25	10.18
ICICI Pru Dividend Yield Eq Dir Gr	INF109KA1UA0	NTPC Ltd	Utilities	333.99	5.11	-17.49	July25	9.19
ICICI Pru Dividend Yield Eq Dir Gr	INF109KA1UA0	NTPC Ltd	Utilities	333.99	5.11	-17.49	Aug25	8.13
ICICI Pru Dividend Yield Eq Dir Gr	INF109KA1UA0	Axis Bank Ltd	Financial Services	298.64	4.57	0.00	Oct24	5.55
ICICI Pru Dividend Yield Eq Dir Gr	INF109KA1UA0	Axis Bank Ltd	Financial Services	298.64	4.57	0.00	Nov24	7.52
ICICI Pru Dividend Yield Eq Dir Gr	INF109KA1UA0	Axis Bank Ltd	Financial Services	298.64	4.57	0.00	Dec24	3.56
ICICI Pru Dividend Yield Eq Dir Gr	INF109KA1UA0	Axis Bank Ltd	Financial Services	298.64	4.57	0.00	Jan25	5.32
ICICI Pru Dividend Yield Eq Dir Gr	INF109KA1UA0	Axis Bank Ltd	Financial Services	298.64	4.57	0.00	Feb25	5.59
ICICI Pru Dividend Yield Eq Dir Gr	INF109KA1UA0	Axis Bank Ltd	Financial Services	298.64	4.57	0.00	Mar25	15.51
ICICI Pru Dividend Yield Eq Dir Gr	INF109KA1UA0	Axis Bank Ltd	Financial Services	298.64	4.57	0.00	Mar25	15.51
ICICI Pru Dividend Yield Eq Dir Gr	INF109KA1UA0	Axis Bank Ltd	Financial Services	298.64	4.57	0.00	Apr25	12.51
ICICI Pru Dividend Yield Eq Dir Gr	INF109KA1UA0	Axis Bank Ltd	Financial Services	298.64	4.57	0.00	May25	11.15
ICICI Pru Dividend Yield Eq Dir Gr	INF109KA1UA0	Axis Bank Ltd	Financial Services	298.64	4.57	0.00	June25	10.18
ICICI Pru Dividend Yield Eq Dir Gr	INF109KA1UA0	Axis Bank Ltd	Financial Services	298.64	4.57	0.00	July25	9.19
ICICI Pru Dividend Yield Eq Dir Gr	INF109KA1UA0	Axis Bank Ltd	Financial Services	298.64	4.57	0.00	Aug25	8.13
ICICI Pru Dividend Yield Eq Dir Gr	INF109KA1UA0	Maruti Suzuki India Ltd	Consumer Cyclical	239.21	3.66	0.00	Oct24	5.55
ICICI Pru Dividend Yield Eq Dir Gr	INF109KA1UA0	Maruti Suzuki India Ltd	Consumer Cyclical	239.21	3.66	0.00	Nov24	7.52
ICICI Pru Dividend Yield Eq Dir Gr	INF109KA1UA0	Maruti Suzuki India Ltd	Consumer Cyclical	239.21	3.66	0.00	Dec24	3.56
ICICI Pru Dividend Yield Eq Dir Gr	INF109KA1UA0	Maruti Suzuki India Ltd	Consumer Cyclical	239.21	3.66	0.00	Jan25	5.32
ICICI Pru Dividend Yield Eq Dir Gr	INF109KA1UA0	Maruti Suzuki India Ltd	Consumer Cyclical	239.21	3.66	0.00	Feb25	5.59
ICICI Pru Dividend Yield Eq Dir Gr	INF109KA1UA0	Maruti Suzuki India Ltd	Consumer Cyclical	239.21	3.66	0.00	Mar25	15.51
ICICI Pru Dividend Yield Eq Dir Gr	INF109KA1UA0	Maruti Suzuki India Ltd	Consumer Cyclical	239.21	3.66	0.00	Mar25	15.51
ICICI Pru Dividend Yield Eq Dir Gr	INF109KA1UA0	Maruti Suzuki India Ltd	Consumer Cyclical	239.21	3.66	0.00	Apr25	12.51
ICICI Pru Dividend Yield Eq Dir Gr	INF109KA1UA0	Maruti Suzuki India Ltd	Consumer Cyclical	239.21	3.66	0.00	May25	11.15
ICICI Pru Dividend Yield Eq Dir Gr	INF109KA1UA0	Maruti Suzuki India Ltd	Consumer Cyclical	239.21	3.66	0.00	June25	10.18
ICICI Pru Dividend Yield Eq Dir Gr	INF109KA1UA0	Maruti Suzuki India Ltd	Consumer Cyclical	239.21	3.66	0.00	July25	9.19
ICICI Pru Dividend Yield Eq Dir Gr	INF109KA1UA0	Maruti Suzuki India Ltd	Consumer Cyclical	239.21	3.66	0.00	Aug25	8.13
ICICI Pru Dividend Yield Eq Dir Gr	INF109KA1UA0	Reliance Industries Ltd	Energy	214.51	3.28	0.00	Oct24	5.55
ICICI Pru Dividend Yield Eq Dir Gr	INF109KA1UA0	Reliance Industries Ltd	Energy	214.51	3.28	0.00	Nov24	7.52
ICICI Pru Dividend Yield Eq Dir Gr	INF109KA1UA0	Reliance Industries Ltd	Energy	214.51	3.28	0.00	Dec24	3.56
ICICI Pru Dividend Yield Eq Dir Gr	INF109KA1UA0	Reliance Industries Ltd	Energy	214.51	3.28	0.00	Jan25	5.32
ICICI Pru Dividend Yield Eq Dir Gr	INF109KA1UA0	Reliance Industries Ltd	Energy	214.51	3.28	0.00	Feb25	5.59
ICICI Pru Dividend Yield Eq Dir Gr	INF109KA1UA0	Reliance Industries Ltd	Energy	214.51	3.28	0.00	Mar25	15.51
ICICI Pru Dividend Yield Eq Dir Gr	INF109KA1UA0	Reliance Industries Ltd	Energy	214.51	3.28	0.00	Mar25	15.51
ICICI Pru Dividend Yield Eq Dir Gr	INF109KA1UA0	Reliance Industries Ltd	Energy	214.51	3.28	0.00	Apr25	12.51
ICICI Pru Dividend Yield Eq Dir Gr	INF109KA1UA0	Reliance Industries Ltd	Energy	214.51	3.28	0.00	May25	11.15
ICICI Pru Dividend Yield Eq Dir Gr	INF109KA1UA0	Reliance Industries Ltd	Energy	214.51	3.28	0.00	June25	10.18
ICICI Pru Dividend Yield Eq Dir Gr	INF109KA1UA0	Reliance Industries Ltd	Energy	214.51	3.28	0.00	July25	9.19
ICICI Pru Dividend Yield Eq Dir Gr	INF109KA1UA0	Reliance Industries Ltd	Energy	214.51	3.28	0.00	Aug25	8.13
ICICI Pru Dividend Yield Eq Dir Gr	INF109KA1UA0	Larsen & Toubro Ltd	Industrials	212.87	3.26	0.00	Oct24	5.55
ICICI Pru Dividend Yield Eq Dir Gr	INF109KA1UA0	Larsen & Toubro Ltd	Industrials	212.87	3.26	0.00	Nov24	7.52
ICICI Pru Dividend Yield Eq Dir Gr	INF109KA1UA0	Larsen & Toubro Ltd	Industrials	212.87	3.26	0.00	Dec24	3.56
ICICI Pru Dividend Yield Eq Dir Gr	INF109KA1UA0	Larsen & Toubro Ltd	Industrials	212.87	3.26	0.00	Jan25	5.32
ICICI Pru Dividend Yield Eq Dir Gr	INF109KA1UA0	Larsen & Toubro Ltd	Industrials	212.87	3.26	0.00	Feb25	5.59
ICICI Pru Dividend Yield Eq Dir Gr	INF109KA1UA0	Larsen & Toubro Ltd	Industrials	212.87	3.26	0.00	Mar25	15.51
ICICI Pru Dividend Yield Eq Dir Gr	INF109KA1UA0	Larsen & Toubro Ltd	Industrials	212.87	3.26	0.00	Mar25	15.51
ICICI Pru Dividend Yield Eq Dir Gr	INF109KA1UA0	Larsen & Toubro Ltd	Industrials	212.87	3.26	0.00	Apr25	12.51
ICICI Pru Dividend Yield Eq Dir Gr	INF109KA1UA0	Larsen & Toubro Ltd	Industrials	212.87	3.26	0.00	May25	11.15
ICICI Pru Dividend Yield Eq Dir Gr	INF109KA1UA0	Larsen & Toubro Ltd	Industrials	212.87	3.26	0.00	June25	10.18
ICICI Pru Dividend Yield Eq Dir Gr	INF109KA1UA0	Larsen & Toubro Ltd	Industrials	212.87	3.26	0.00	July25	9.19
ICICI Pru Dividend Yield Eq Dir Gr	INF109KA1UA0	Larsen & Toubro Ltd	Industrials	212.87	3.26	0.00	Aug25	8.13
ICICI Pru Dividend Yield Eq Dir Gr	INF109KA1UA0	InterGlobe Aviation Ltd	Industrials	195.75	3.00	0.00	Oct24	5.55
ICICI Pru Dividend Yield Eq Dir Gr	INF109KA1UA0	InterGlobe Aviation Ltd	Industrials	195.75	3.00	0.00	Nov24	7.52
ICICI Pru Dividend Yield Eq Dir Gr	INF109KA1UA0	InterGlobe Aviation Ltd	Industrials	195.75	3.00	0.00	Dec24	3.56
ICICI Pru Dividend Yield Eq Dir Gr	INF109KA1UA0	InterGlobe Aviation Ltd	Industrials	195.75	3.00	0.00	Jan25	5.32
ICICI Pru Dividend Yield Eq Dir Gr	INF109KA1UA0	InterGlobe Aviation Ltd	Industrials	195.75	3.00	0.00	Feb25	5.59
ICICI Pru Dividend Yield Eq Dir Gr	INF109KA1UA0	InterGlobe Aviation Ltd	Industrials	195.75	3.00	0.00	Mar25	15.51
ICICI Pru Dividend Yield Eq Dir Gr	INF109KA1UA0	InterGlobe Aviation Ltd	Industrials	195.75	3.00	0.00	Mar25	15.51
ICICI Pru Dividend Yield Eq Dir Gr	INF109KA1UA0	InterGlobe Aviation Ltd	Industrials	195.75	3.00	0.00	Apr25	12.51
ICICI Pru Dividend Yield Eq Dir Gr	INF109KA1UA0	InterGlobe Aviation Ltd	Industrials	195.75	3.00	0.00	May25	11.15
ICICI Pru Dividend Yield Eq Dir Gr	INF109KA1UA0	InterGlobe Aviation Ltd	Industrials	195.75	3.00	0.00	June25	10.18
ICICI Pru Dividend Yield Eq Dir Gr	INF109KA1UA0	InterGlobe Aviation Ltd	Industrials	195.75	3.00	0.00	July25	9.19
ICICI Pru Dividend Yield Eq Dir Gr	INF109KA1UA0	InterGlobe Aviation Ltd	Industrials	195.75	3.00	0.00	Aug25	8.13
ICICI Pru Dividend Yield Eq Dir Gr	INF109KA1UA0	Oil & Natural Gas Corp Ltd	Energy	175.03	2.68	-13.93	Oct24	5.55
ICICI Pru Dividend Yield Eq Dir Gr	INF109KA1UA0	Oil & Natural Gas Corp Ltd	Energy	175.03	2.68	-13.93	Nov24	7.52
ICICI Pru Dividend Yield Eq Dir Gr	INF109KA1UA0	Oil & Natural Gas Corp Ltd	Energy	175.03	2.68	-13.93	Dec24	3.56
ICICI Pru Dividend Yield Eq Dir Gr	INF109KA1UA0	Oil & Natural Gas Corp Ltd	Energy	175.03	2.68	-13.93	Jan25	5.32
ICICI Pru Dividend Yield Eq Dir Gr	INF109KA1UA0	Oil & Natural Gas Corp Ltd	Energy	175.03	2.68	-13.93	Feb25	5.59
ICICI Pru Dividend Yield Eq Dir Gr	INF109KA1UA0	Oil & Natural Gas Corp Ltd	Energy	175.03	2.68	-13.93	Mar25	15.51
ICICI Pru Dividend Yield Eq Dir Gr	INF109KA1UA0	Oil & Natural Gas Corp Ltd	Energy	175.03	2.68	-13.93	Mar25	15.51
ICICI Pru Dividend Yield Eq Dir Gr	INF109KA1UA0	Oil & Natural Gas Corp Ltd	Energy	175.03	2.68	-13.93	Apr25	12.51
ICICI Pru Dividend Yield Eq Dir Gr	INF109KA1UA0	Oil & Natural Gas Corp Ltd	Energy	175.03	2.68	-13.93	May25	11.15
ICICI Pru Dividend Yield Eq Dir Gr	INF109KA1UA0	Oil & Natural Gas Corp Ltd	Energy	175.03	2.68	-13.93	June25	10.18
ICICI Pru Dividend Yield Eq Dir Gr	INF109KA1UA0	Oil & Natural Gas Corp Ltd	Energy	175.03	2.68	-13.93	July25	9.19
ICICI Pru Dividend Yield Eq Dir Gr	INF109KA1UA0	Oil & Natural Gas Corp Ltd	Energy	175.03	2.68	-13.93	Aug25	8.13
ICICI Pru Dividend Yield Eq Dir Gr	INF109KA1UA0	UltraTech Cement Ltd	Basic Materials	165.98	2.54	0.00	Oct24	5.55
ICICI Pru Dividend Yield Eq Dir Gr	INF109KA1UA0	UltraTech Cement Ltd	Basic Materials	165.98	2.54	0.00	Nov24	7.52
ICICI Pru Dividend Yield Eq Dir Gr	INF109KA1UA0	UltraTech Cement Ltd	Basic Materials	165.98	2.54	0.00	Dec24	3.56
ICICI Pru Dividend Yield Eq Dir Gr	INF109KA1UA0	UltraTech Cement Ltd	Basic Materials	165.98	2.54	0.00	Jan25	5.32
ICICI Pru Dividend Yield Eq Dir Gr	INF109KA1UA0	UltraTech Cement Ltd	Basic Materials	165.98	2.54	0.00	Feb25	5.59
ICICI Pru Dividend Yield Eq Dir Gr	INF109KA1UA0	UltraTech Cement Ltd	Basic Materials	165.98	2.54	0.00	Mar25	15.51
ICICI Pru Dividend Yield Eq Dir Gr	INF109KA1UA0	UltraTech Cement Ltd	Basic Materials	165.98	2.54	0.00	Mar25	15.51
ICICI Pru Dividend Yield Eq Dir Gr	INF109KA1UA0	UltraTech Cement Ltd	Basic Materials	165.98	2.54	0.00	Apr25	12.51
ICICI Pru Dividend Yield Eq Dir Gr	INF109KA1UA0	UltraTech Cement Ltd	Basic Materials	165.98	2.54	0.00	May25	11.15
ICICI Pru Dividend Yield Eq Dir Gr	INF109KA1UA0	UltraTech Cement Ltd	Basic Materials	165.98	2.54	0.00	June25	10.18
ICICI Pru Dividend Yield Eq Dir Gr	INF109KA1UA0	UltraTech Cement Ltd	Basic Materials	165.98	2.54	0.00	July25	9.19
ICICI Pru Dividend Yield Eq Dir Gr	INF109KA1UA0	UltraTech Cement Ltd	Basic Materials	165.98	2.54	0.00	Aug25	8.13
ICICI Pru Dividend Yield Eq Dir Gr	INF109KA1UA0	Bharti Airtel Ltd	Communication Services	139.42	2.13	0.00	Oct24	5.55
ICICI Pru Dividend Yield Eq Dir Gr	INF109KA1UA0	Bharti Airtel Ltd	Communication Services	139.42	2.13	0.00	Nov24	7.52
ICICI Pru Dividend Yield Eq Dir Gr	INF109KA1UA0	Bharti Airtel Ltd	Communication Services	139.42	2.13	0.00	Dec24	3.56
ICICI Pru Dividend Yield Eq Dir Gr	INF109KA1UA0	Bharti Airtel Ltd	Communication Services	139.42	2.13	0.00	Jan25	5.32
ICICI Pru Dividend Yield Eq Dir Gr	INF109KA1UA0	Bharti Airtel Ltd	Communication Services	139.42	2.13	0.00	Feb25	5.59
ICICI Pru Dividend Yield Eq Dir Gr	INF109KA1UA0	Bharti Airtel Ltd	Communication Services	139.42	2.13	0.00	Mar25	15.51
ICICI Pru Dividend Yield Eq Dir Gr	INF109KA1UA0	Bharti Airtel Ltd	Communication Services	139.42	2.13	0.00	Mar25	15.51
ICICI Pru Dividend Yield Eq Dir Gr	INF109KA1UA0	Bharti Airtel Ltd	Communication Services	139.42	2.13	0.00	Apr25	12.51
ICICI Pru Dividend Yield Eq Dir Gr	INF109KA1UA0	Bharti Airtel Ltd	Communication Services	139.42	2.13	0.00	May25	11.15
ICICI Pru Dividend Yield Eq Dir Gr	INF109KA1UA0	Bharti Airtel Ltd	Communication Services	139.42	2.13	0.00	June25	10.18
ICICI Pru Dividend Yield Eq Dir Gr	INF109KA1UA0	Bharti Airtel Ltd	Communication Services	139.42	2.13	0.00	July25	9.19
ICICI Pru Dividend Yield Eq Dir Gr	INF109KA1UA0	Bharti Airtel Ltd	Communication Services	139.42	2.13	0.00	Aug25	8.13
ICICI Pru Dividend Yield Eq Dir Gr	INF109KA1UA0	Britannia Industries Ltd	Consumer Defensive	133.60	2.05	7.85	Oct24	5.55
ICICI Pru Dividend Yield Eq Dir Gr	INF109KA1UA0	Britannia Industries Ltd	Consumer Defensive	133.60	2.05	7.85	Nov24	7.52
ICICI Pru Dividend Yield Eq Dir Gr	INF109KA1UA0	Britannia Industries Ltd	Consumer Defensive	133.60	2.05	7.85	Dec24	3.56
ICICI Pru Dividend Yield Eq Dir Gr	INF109KA1UA0	Britannia Industries Ltd	Consumer Defensive	133.60	2.05	7.85	Jan25	5.32
ICICI Pru Dividend Yield Eq Dir Gr	INF109KA1UA0	Britannia Industries Ltd	Consumer Defensive	133.60	2.05	7.85	Feb25	5.59
ICICI Pru Dividend Yield Eq Dir Gr	INF109KA1UA0	Britannia Industries Ltd	Consumer Defensive	133.60	2.05	7.85	Mar25	15.51
ICICI Pru Dividend Yield Eq Dir Gr	INF109KA1UA0	Britannia Industries Ltd	Consumer Defensive	133.60	2.05	7.85	Mar25	15.51
ICICI Pru Dividend Yield Eq Dir Gr	INF109KA1UA0	Britannia Industries Ltd	Consumer Defensive	133.60	2.05	7.85	Apr25	12.51
ICICI Pru Dividend Yield Eq Dir Gr	INF109KA1UA0	Britannia Industries Ltd	Consumer Defensive	133.60	2.05	7.85	May25	11.15
ICICI Pru Dividend Yield Eq Dir Gr	INF109KA1UA0	Britannia Industries Ltd	Consumer Defensive	133.60	2.05	7.85	June25	10.18
ICICI Pru Dividend Yield Eq Dir Gr	INF109KA1UA0	Britannia Industries Ltd	Consumer Defensive	133.60	2.05	7.85	July25	9.19
ICICI Pru Dividend Yield Eq Dir Gr	INF109KA1UA0	Britannia Industries Ltd	Consumer Defensive	133.60	2.05	7.85	Aug25	8.13
ICICI Pru Dividend Yield Eq Dir Gr	INF109KA1UA0	Cummins India Ltd	Industrials	133.29	2.04	0.00	Oct24	5.55
ICICI Pru Dividend Yield Eq Dir Gr	INF109KA1UA0	Cummins India Ltd	Industrials	133.29	2.04	0.00	Nov24	7.52
ICICI Pru Dividend Yield Eq Dir Gr	INF109KA1UA0	Cummins India Ltd	Industrials	133.29	2.04	0.00	Dec24	3.56
ICICI Pru Dividend Yield Eq Dir Gr	INF109KA1UA0	Cummins India Ltd	Industrials	133.29	2.04	0.00	Jan25	5.32
ICICI Pru Dividend Yield Eq Dir Gr	INF109KA1UA0	Cummins India Ltd	Industrials	133.29	2.04	0.00	Feb25	5.59
ICICI Pru Dividend Yield Eq Dir Gr	INF109KA1UA0	Cummins India Ltd	Industrials	133.29	2.04	0.00	Mar25	15.51
ICICI Pru Dividend Yield Eq Dir Gr	INF109KA1UA0	Cummins India Ltd	Industrials	133.29	2.04	0.00	Mar25	15.51
ICICI Pru Dividend Yield Eq Dir Gr	INF109KA1UA0	Cummins India Ltd	Industrials	133.29	2.04	0.00	Apr25	12.51
ICICI Pru Dividend Yield Eq Dir Gr	INF109KA1UA0	Cummins India Ltd	Industrials	133.29	2.04	0.00	May25	11.15
ICICI Pru Dividend Yield Eq Dir Gr	INF109KA1UA0	Cummins India Ltd	Industrials	133.29	2.04	0.00	June25	10.18
ICICI Pru Dividend Yield Eq Dir Gr	INF109KA1UA0	Cummins India Ltd	Industrials	133.29	2.04	0.00	July25	9.19
ICICI Pru Dividend Yield Eq Dir Gr	INF109KA1UA0	Cummins India Ltd	Industrials	133.29	2.04	0.00	Aug25	8.13
ICICI Pru Dividend Yield Eq Dir Gr	INF109KA1UA0	Tata Consultancy Services Ltd	Technology	128.45	1.97	47.08	Oct24	5.55
ICICI Pru Dividend Yield Eq Dir Gr	INF109KA1UA0	Tata Consultancy Services Ltd	Technology	128.45	1.97	47.08	Nov24	7.52
ICICI Pru Dividend Yield Eq Dir Gr	INF109KA1UA0	Tata Consultancy Services Ltd	Technology	128.45	1.97	47.08	Dec24	3.56
ICICI Pru Dividend Yield Eq Dir Gr	INF109KA1UA0	Tata Consultancy Services Ltd	Technology	128.45	1.97	47.08	Jan25	5.32
ICICI Pru Dividend Yield Eq Dir Gr	INF109KA1UA0	Tata Consultancy Services Ltd	Technology	128.45	1.97	47.08	Feb25	5.59
ICICI Pru Dividend Yield Eq Dir Gr	INF109KA1UA0	Tata Consultancy Services Ltd	Technology	128.45	1.97	47.08	Mar25	15.51
ICICI Pru Dividend Yield Eq Dir Gr	INF109KA1UA0	Tata Consultancy Services Ltd	Technology	128.45	1.97	47.08	Mar25	15.51
ICICI Pru Dividend Yield Eq Dir Gr	INF109KA1UA0	Tata Consultancy Services Ltd	Technology	128.45	1.97	47.08	Apr25	12.51
ICICI Pru Dividend Yield Eq Dir Gr	INF109KA1UA0	Tata Consultancy Services Ltd	Technology	128.45	1.97	47.08	May25	11.15
ICICI Pru Dividend Yield Eq Dir Gr	INF109KA1UA0	Tata Consultancy Services Ltd	Technology	128.45	1.97	47.08	June25	10.18
ICICI Pru Dividend Yield Eq Dir Gr	INF109KA1UA0	Tata Consultancy Services Ltd	Technology	128.45	1.97	47.08	July25	9.19
ICICI Pru Dividend Yield Eq Dir Gr	INF109KA1UA0	Tata Consultancy Services Ltd	Technology	128.45	1.97	47.08	Aug25	8.13
ICICI Pru Dividend Yield Eq Dir Gr	INF109KA1UA0	Bajaj Holdings and Investment Ltd	Financial Services	126.41	1.94	0.00	Oct24	5.55
ICICI Pru Dividend Yield Eq Dir Gr	INF109KA1UA0	Bajaj Holdings and Investment Ltd	Financial Services	126.41	1.94	0.00	Nov24	7.52
ICICI Pru Dividend Yield Eq Dir Gr	INF109KA1UA0	Bajaj Holdings and Investment Ltd	Financial Services	126.41	1.94	0.00	Dec24	3.56
ICICI Pru Dividend Yield Eq Dir Gr	INF109KA1UA0	Bajaj Holdings and Investment Ltd	Financial Services	126.41	1.94	0.00	Jan25	5.32
ICICI Pru Dividend Yield Eq Dir Gr	INF109KA1UA0	Bajaj Holdings and Investment Ltd	Financial Services	126.41	1.94	0.00	Feb25	5.59
ICICI Pru Dividend Yield Eq Dir Gr	INF109KA1UA0	Bajaj Holdings and Investment Ltd	Financial Services	126.41	1.94	0.00	Mar25	15.51
ICICI Pru Dividend Yield Eq Dir Gr	INF109KA1UA0	Bajaj Holdings and Investment Ltd	Financial Services	126.41	1.94	0.00	Mar25	15.51
ICICI Pru Dividend Yield Eq Dir Gr	INF109KA1UA0	Bajaj Holdings and Investment Ltd	Financial Services	126.41	1.94	0.00	Apr25	12.51
ICICI Pru Dividend Yield Eq Dir Gr	INF109KA1UA0	Bajaj Holdings and Investment Ltd	Financial Services	126.41	1.94	0.00	May25	11.15
ICICI Pru Dividend Yield Eq Dir Gr	INF109KA1UA0	Bajaj Holdings and Investment Ltd	Financial Services	126.41	1.94	0.00	June25	10.18
ICICI Pru Dividend Yield Eq Dir Gr	INF109KA1UA0	Bajaj Holdings and Investment Ltd	Financial Services	126.41	1.94	0.00	July25	9.19
ICICI Pru Dividend Yield Eq Dir Gr	INF109KA1UA0	Bajaj Holdings and Investment Ltd	Financial Services	126.41	1.94	0.00	Aug25	8.13
ICICI Pru Dividend Yield Eq Dir Gr	INF109KA1UA0	REC Ltd	Financial Services	123.99	1.90	13.54	Oct24	5.55
ICICI Pru Dividend Yield Eq Dir Gr	INF109KA1UA0	REC Ltd	Financial Services	123.99	1.90	13.54	Nov24	7.52
ICICI Pru Dividend Yield Eq Dir Gr	INF109KA1UA0	REC Ltd	Financial Services	123.99	1.90	13.54	Dec24	3.56
ICICI Pru Dividend Yield Eq Dir Gr	INF109KA1UA0	REC Ltd	Financial Services	123.99	1.90	13.54	Jan25	5.32
ICICI Pru Dividend Yield Eq Dir Gr	INF109KA1UA0	REC Ltd	Financial Services	123.99	1.90	13.54	Feb25	5.59
ICICI Pru Dividend Yield Eq Dir Gr	INF109KA1UA0	REC Ltd	Financial Services	123.99	1.90	13.54	Mar25	15.51
ICICI Pru Dividend Yield Eq Dir Gr	INF109KA1UA0	REC Ltd	Financial Services	123.99	1.90	13.54	Mar25	15.51
ICICI Pru Dividend Yield Eq Dir Gr	INF109KA1UA0	REC Ltd	Financial Services	123.99	1.90	13.54	Apr25	12.51
ICICI Pru Dividend Yield Eq Dir Gr	INF109KA1UA0	REC Ltd	Financial Services	123.99	1.90	13.54	May25	11.15
ICICI Pru Dividend Yield Eq Dir Gr	INF109KA1UA0	REC Ltd	Financial Services	123.99	1.90	13.54	June25	10.18
ICICI Pru Dividend Yield Eq Dir Gr	INF109KA1UA0	REC Ltd	Financial Services	123.99	1.90	13.54	July25	9.19
ICICI Pru Dividend Yield Eq Dir Gr	INF109KA1UA0	REC Ltd	Financial Services	123.99	1.90	13.54	Aug25	8.13
ICICI Pru Dividend Yield Eq Dir Gr	INF109KA1UA0	Avenue Supermarts Ltd	Consumer Defensive	121.65	1.86	0.00	Oct24	5.55
ICICI Pru Dividend Yield Eq Dir Gr	INF109KA1UA0	Avenue Supermarts Ltd	Consumer Defensive	121.65	1.86	0.00	Nov24	7.52
ICICI Pru Dividend Yield Eq Dir Gr	INF109KA1UA0	Avenue Supermarts Ltd	Consumer Defensive	121.65	1.86	0.00	Dec24	3.56
ICICI Pru Dividend Yield Eq Dir Gr	INF109KA1UA0	Avenue Supermarts Ltd	Consumer Defensive	121.65	1.86	0.00	Jan25	5.32
ICICI Pru Dividend Yield Eq Dir Gr	INF109KA1UA0	Avenue Supermarts Ltd	Consumer Defensive	121.65	1.86	0.00	Feb25	5.59
ICICI Pru Dividend Yield Eq Dir Gr	INF109KA1UA0	Avenue Supermarts Ltd	Consumer Defensive	121.65	1.86	0.00	Mar25	15.51
ICICI Pru Dividend Yield Eq Dir Gr	INF109KA1UA0	Avenue Supermarts Ltd	Consumer Defensive	121.65	1.86	0.00	Mar25	15.51
ICICI Pru Dividend Yield Eq Dir Gr	INF109KA1UA0	Avenue Supermarts Ltd	Consumer Defensive	121.65	1.86	0.00	Apr25	12.51
ICICI Pru Dividend Yield Eq Dir Gr	INF109KA1UA0	Avenue Supermarts Ltd	Consumer Defensive	121.65	1.86	0.00	May25	11.15
ICICI Pru Dividend Yield Eq Dir Gr	INF109KA1UA0	Avenue Supermarts Ltd	Consumer Defensive	121.65	1.86	0.00	June25	10.18
ICICI Pru Dividend Yield Eq Dir Gr	INF109KA1UA0	Avenue Supermarts Ltd	Consumer Defensive	121.65	1.86	0.00	July25	9.19
ICICI Pru Dividend Yield Eq Dir Gr	INF109KA1UA0	Avenue Supermarts Ltd	Consumer Defensive	121.65	1.86	0.00	Aug25	8.13
ICICI Pru Dividend Yield Eq Dir Gr	INF109KA1UA0	Hindustan Unilever Ltd	Consumer Defensive	104.69	1.60	19.30	Oct24	5.55
ICICI Pru Dividend Yield Eq Dir Gr	INF109KA1UA0	Hindustan Unilever Ltd	Consumer Defensive	104.69	1.60	19.30	Nov24	7.52
ICICI Pru Dividend Yield Eq Dir Gr	INF109KA1UA0	Hindustan Unilever Ltd	Consumer Defensive	104.69	1.60	19.30	Dec24	3.56
ICICI Pru Dividend Yield Eq Dir Gr	INF109KA1UA0	Hindustan Unilever Ltd	Consumer Defensive	104.69	1.60	19.30	Jan25	5.32
ICICI Pru Dividend Yield Eq Dir Gr	INF109KA1UA0	Hindustan Unilever Ltd	Consumer Defensive	104.69	1.60	19.30	Feb25	5.59
ICICI Pru Dividend Yield Eq Dir Gr	INF109KA1UA0	Hindustan Unilever Ltd	Consumer Defensive	104.69	1.60	19.30	Mar25	15.51
ICICI Pru Dividend Yield Eq Dir Gr	INF109KA1UA0	Hindustan Unilever Ltd	Consumer Defensive	104.69	1.60	19.30	Mar25	15.51
ICICI Pru Dividend Yield Eq Dir Gr	INF109KA1UA0	Hindustan Unilever Ltd	Consumer Defensive	104.69	1.60	19.30	Apr25	12.51
ICICI Pru Dividend Yield Eq Dir Gr	INF109KA1UA0	Hindustan Unilever Ltd	Consumer Defensive	104.69	1.60	19.30	May25	11.15
ICICI Pru Dividend Yield Eq Dir Gr	INF109KA1UA0	Hindustan Unilever Ltd	Consumer Defensive	104.69	1.60	19.30	June25	10.18
ICICI Pru Dividend Yield Eq Dir Gr	INF109KA1UA0	Hindustan Unilever Ltd	Consumer Defensive	104.69	1.60	19.30	July25	9.19
ICICI Pru Dividend Yield Eq Dir Gr	INF109KA1UA0	Hindustan Unilever Ltd	Consumer Defensive	104.69	1.60	19.30	Aug25	8.13
ICICI Pru Dividend Yield Eq Dir Gr	INF109KA1UA0	State Bank of India	Financial Services	104.20	1.60	-12.62	Oct24	5.55
ICICI Pru Dividend Yield Eq Dir Gr	INF109KA1UA0	State Bank of India	Financial Services	104.20	1.60	-12.62	Nov24	7.52
ICICI Pru Dividend Yield Eq Dir Gr	INF109KA1UA0	State Bank of India	Financial Services	104.20	1.60	-12.62	Dec24	3.56
ICICI Pru Dividend Yield Eq Dir Gr	INF109KA1UA0	State Bank of India	Financial Services	104.20	1.60	-12.62	Jan25	5.32
ICICI Pru Dividend Yield Eq Dir Gr	INF109KA1UA0	State Bank of India	Financial Services	104.20	1.60	-12.62	Feb25	5.59
ICICI Pru Dividend Yield Eq Dir Gr	INF109KA1UA0	State Bank of India	Financial Services	104.20	1.60	-12.62	Mar25	15.51
ICICI Pru Dividend Yield Eq Dir Gr	INF109KA1UA0	State Bank of India	Financial Services	104.20	1.60	-12.62	Mar25	15.51
ICICI Pru Dividend Yield Eq Dir Gr	INF109KA1UA0	State Bank of India	Financial Services	104.20	1.60	-12.62	Apr25	12.51
ICICI Pru Dividend Yield Eq Dir Gr	INF109KA1UA0	State Bank of India	Financial Services	104.20	1.60	-12.62	May25	11.15
ICICI Pru Dividend Yield Eq Dir Gr	INF109KA1UA0	State Bank of India	Financial Services	104.20	1.60	-12.62	June25	10.18
ICICI Pru Dividend Yield Eq Dir Gr	INF109KA1UA0	State Bank of India	Financial Services	104.20	1.60	-12.62	July25	9.19
ICICI Pru Dividend Yield Eq Dir Gr	INF109KA1UA0	State Bank of India	Financial Services	104.20	1.60	-12.62	Aug25	8.13
ICICI Pru Dividend Yield Eq Dir Gr	INF109KA1UA0	Infosys Ltd	Technology	101.29	1.55	7.91	Oct24	5.55
ICICI Pru Dividend Yield Eq Dir Gr	INF109KA1UA0	Infosys Ltd	Technology	101.29	1.55	7.91	Nov24	7.52
ICICI Pru Dividend Yield Eq Dir Gr	INF109KA1UA0	Infosys Ltd	Technology	101.29	1.55	7.91	Dec24	3.56
ICICI Pru Dividend Yield Eq Dir Gr	INF109KA1UA0	Infosys Ltd	Technology	101.29	1.55	7.91	Jan25	5.32
ICICI Pru Dividend Yield Eq Dir Gr	INF109KA1UA0	Infosys Ltd	Technology	101.29	1.55	7.91	Feb25	5.59
ICICI Pru Dividend Yield Eq Dir Gr	INF109KA1UA0	Infosys Ltd	Technology	101.29	1.55	7.91	Mar25	15.51
ICICI Pru Dividend Yield Eq Dir Gr	INF109KA1UA0	Infosys Ltd	Technology	101.29	1.55	7.91	Mar25	15.51
ICICI Pru Dividend Yield Eq Dir Gr	INF109KA1UA0	Infosys Ltd	Technology	101.29	1.55	7.91	Apr25	12.51
ICICI Pru Dividend Yield Eq Dir Gr	INF109KA1UA0	Infosys Ltd	Technology	101.29	1.55	7.91	May25	11.15
ICICI Pru Dividend Yield Eq Dir Gr	INF109KA1UA0	Infosys Ltd	Technology	101.29	1.55	7.91	June25	10.18
ICICI Pru Dividend Yield Eq Dir Gr	INF109KA1UA0	Infosys Ltd	Technology	101.29	1.55	7.91	July25	9.19
ICICI Pru Dividend Yield Eq Dir Gr	INF109KA1UA0	Infosys Ltd	Technology	101.29	1.55	7.91	Aug25	8.13
ICICI Pru Dividend Yield Eq Dir Gr	INF109KA1UA0	Thyrocare Technologies Ltd	Healthcare	80.82	1.24	7.50	Oct24	5.55
ICICI Pru Dividend Yield Eq Dir Gr	INF109KA1UA0	Thyrocare Technologies Ltd	Healthcare	80.82	1.24	7.50	Nov24	7.52
ICICI Pru Dividend Yield Eq Dir Gr	INF109KA1UA0	Thyrocare Technologies Ltd	Healthcare	80.82	1.24	7.50	Dec24	3.56
ICICI Pru Dividend Yield Eq Dir Gr	INF109KA1UA0	Thyrocare Technologies Ltd	Healthcare	80.82	1.24	7.50	Jan25	5.32
ICICI Pru Dividend Yield Eq Dir Gr	INF109KA1UA0	Thyrocare Technologies Ltd	Healthcare	80.82	1.24	7.50	Feb25	5.59
ICICI Pru Dividend Yield Eq Dir Gr	INF109KA1UA0	Thyrocare Technologies Ltd	Healthcare	80.82	1.24	7.50	Mar25	15.51
ICICI Pru Dividend Yield Eq Dir Gr	INF109KA1UA0	Thyrocare Technologies Ltd	Healthcare	80.82	1.24	7.50	Mar25	15.51
ICICI Pru Dividend Yield Eq Dir Gr	INF109KA1UA0	Thyrocare Technologies Ltd	Healthcare	80.82	1.24	7.50	Apr25	12.51
ICICI Pru Dividend Yield Eq Dir Gr	INF109KA1UA0	Thyrocare Technologies Ltd	Healthcare	80.82	1.24	7.50	May25	11.15
ICICI Pru Dividend Yield Eq Dir Gr	INF109KA1UA0	Thyrocare Technologies Ltd	Healthcare	80.82	1.24	7.50	June25	10.18
ICICI Pru Dividend Yield Eq Dir Gr	INF109KA1UA0	Thyrocare Technologies Ltd	Healthcare	80.82	1.24	7.50	July25	9.19
ICICI Pru Dividend Yield Eq Dir Gr	INF109KA1UA0	Thyrocare Technologies Ltd	Healthcare	80.82	1.24	7.50	Aug25	8.13
ICICI Pru Dividend Yield Eq Dir Gr	INF109KA1UA0	SBI Life Insurance Co Ltd	Financial Services	77.34	1.18	0.00	Oct24	5.55
ICICI Pru Dividend Yield Eq Dir Gr	INF109KA1UA0	SBI Life Insurance Co Ltd	Financial Services	77.34	1.18	0.00	Nov24	7.52
ICICI Pru Dividend Yield Eq Dir Gr	INF109KA1UA0	SBI Life Insurance Co Ltd	Financial Services	77.34	1.18	0.00	Dec24	3.56
ICICI Pru Dividend Yield Eq Dir Gr	INF109KA1UA0	SBI Life Insurance Co Ltd	Financial Services	77.34	1.18	0.00	Jan25	5.32
ICICI Pru Dividend Yield Eq Dir Gr	INF109KA1UA0	SBI Life Insurance Co Ltd	Financial Services	77.34	1.18	0.00	Feb25	5.59
ICICI Pru Dividend Yield Eq Dir Gr	INF109KA1UA0	SBI Life Insurance Co Ltd	Financial Services	77.34	1.18	0.00	Mar25	15.51
ICICI Pru Dividend Yield Eq Dir Gr	INF109KA1UA0	SBI Life Insurance Co Ltd	Financial Services	77.34	1.18	0.00	Mar25	15.51
ICICI Pru Dividend Yield Eq Dir Gr	INF109KA1UA0	SBI Life Insurance Co Ltd	Financial Services	77.34	1.18	0.00	Apr25	12.51
ICICI Pru Dividend Yield Eq Dir Gr	INF109KA1UA0	SBI Life Insurance Co Ltd	Financial Services	77.34	1.18	0.00	May25	11.15
ICICI Pru Dividend Yield Eq Dir Gr	INF109KA1UA0	SBI Life Insurance Co Ltd	Financial Services	77.34	1.18	0.00	June25	10.18
ICICI Pru Dividend Yield Eq Dir Gr	INF109KA1UA0	SBI Life Insurance Co Ltd	Financial Services	77.34	1.18	0.00	July25	9.19
ICICI Pru Dividend Yield Eq Dir Gr	INF109KA1UA0	SBI Life Insurance Co Ltd	Financial Services	77.34	1.18	0.00	Aug25	8.13
ICICI Pru Dividend Yield Eq Dir Gr	INF109KA1UA0	Indus Towers Ltd Ordinary Shares	Communication Services	77.25	1.18	0.00	Oct24	5.55
ICICI Pru Dividend Yield Eq Dir Gr	INF109KA1UA0	Indus Towers Ltd Ordinary Shares	Communication Services	77.25	1.18	0.00	Nov24	7.52
ICICI Pru Dividend Yield Eq Dir Gr	INF109KA1UA0	Indus Towers Ltd Ordinary Shares	Communication Services	77.25	1.18	0.00	Dec24	3.56
ICICI Pru Dividend Yield Eq Dir Gr	INF109KA1UA0	Indus Towers Ltd Ordinary Shares	Communication Services	77.25	1.18	0.00	Jan25	5.32
ICICI Pru Dividend Yield Eq Dir Gr	INF109KA1UA0	Indus Towers Ltd Ordinary Shares	Communication Services	77.25	1.18	0.00	Feb25	5.59
ICICI Pru Dividend Yield Eq Dir Gr	INF109KA1UA0	Indus Towers Ltd Ordinary Shares	Communication Services	77.25	1.18	0.00	Mar25	15.51
ICICI Pru Dividend Yield Eq Dir Gr	INF109KA1UA0	Indus Towers Ltd Ordinary Shares	Communication Services	77.25	1.18	0.00	Mar25	15.51
ICICI Pru Dividend Yield Eq Dir Gr	INF109KA1UA0	Indus Towers Ltd Ordinary Shares	Communication Services	77.25	1.18	0.00	Apr25	12.51
ICICI Pru Dividend Yield Eq Dir Gr	INF109KA1UA0	Indus Towers Ltd Ordinary Shares	Communication Services	77.25	1.18	0.00	May25	11.15
ICICI Pru Dividend Yield Eq Dir Gr	INF109KA1UA0	Indus Towers Ltd Ordinary Shares	Communication Services	77.25	1.18	0.00	June25	10.18
ICICI Pru Dividend Yield Eq Dir Gr	INF109KA1UA0	Indus Towers Ltd Ordinary Shares	Communication Services	77.25	1.18	0.00	July25	9.19
ICICI Pru Dividend Yield Eq Dir Gr	INF109KA1UA0	Indus Towers Ltd Ordinary Shares	Communication Services	77.25	1.18	0.00	Aug25	8.13
ICICI Pru Dividend Yield Eq Dir Gr	INF109KA1UA0	Tata Communications Ltd	Communication Services	74.07	1.13	0.00	Oct24	5.55
ICICI Pru Dividend Yield Eq Dir Gr	INF109KA1UA0	Tata Communications Ltd	Communication Services	74.07	1.13	0.00	Nov24	7.52
ICICI Pru Dividend Yield Eq Dir Gr	INF109KA1UA0	Tata Communications Ltd	Communication Services	74.07	1.13	0.00	Dec24	3.56
ICICI Pru Dividend Yield Eq Dir Gr	INF109KA1UA0	Tata Communications Ltd	Communication Services	74.07	1.13	0.00	Jan25	5.32
ICICI Pru Dividend Yield Eq Dir Gr	INF109KA1UA0	Tata Communications Ltd	Communication Services	74.07	1.13	0.00	Feb25	5.59
ICICI Pru Dividend Yield Eq Dir Gr	INF109KA1UA0	Tata Communications Ltd	Communication Services	74.07	1.13	0.00	Mar25	15.51
ICICI Pru Dividend Yield Eq Dir Gr	INF109KA1UA0	Tata Communications Ltd	Communication Services	74.07	1.13	0.00	Mar25	15.51
ICICI Pru Dividend Yield Eq Dir Gr	INF109KA1UA0	Tata Communications Ltd	Communication Services	74.07	1.13	0.00	Apr25	12.51
ICICI Pru Dividend Yield Eq Dir Gr	INF109KA1UA0	Tata Communications Ltd	Communication Services	74.07	1.13	0.00	May25	11.15
ICICI Pru Dividend Yield Eq Dir Gr	INF109KA1UA0	Tata Communications Ltd	Communication Services	74.07	1.13	0.00	June25	10.18
ICICI Pru Dividend Yield Eq Dir Gr	INF109KA1UA0	Tata Communications Ltd	Communication Services	74.07	1.13	0.00	July25	9.19
ICICI Pru Dividend Yield Eq Dir Gr	INF109KA1UA0	Tata Communications Ltd	Communication Services	74.07	1.13	0.00	Aug25	8.13
ICICI Pru Dividend Yield Eq Dir Gr	INF109KA1UA0	JM Financial Ltd	Financial Services	69.83	1.07	0.29	Oct24	5.55
ICICI Pru Dividend Yield Eq Dir Gr	INF109KA1UA0	JM Financial Ltd	Financial Services	69.83	1.07	0.29	Nov24	7.52
ICICI Pru Dividend Yield Eq Dir Gr	INF109KA1UA0	JM Financial Ltd	Financial Services	69.83	1.07	0.29	Dec24	3.56
ICICI Pru Dividend Yield Eq Dir Gr	INF109KA1UA0	JM Financial Ltd	Financial Services	69.83	1.07	0.29	Jan25	5.32
ICICI Pru Dividend Yield Eq Dir Gr	INF109KA1UA0	JM Financial Ltd	Financial Services	69.83	1.07	0.29	Feb25	5.59
ICICI Pru Dividend Yield Eq Dir Gr	INF109KA1UA0	JM Financial Ltd	Financial Services	69.83	1.07	0.29	Mar25	15.51
ICICI Pru Dividend Yield Eq Dir Gr	INF109KA1UA0	JM Financial Ltd	Financial Services	69.83	1.07	0.29	Mar25	15.51
ICICI Pru Dividend Yield Eq Dir Gr	INF109KA1UA0	JM Financial Ltd	Financial Services	69.83	1.07	0.29	Apr25	12.51
ICICI Pru Dividend Yield Eq Dir Gr	INF109KA1UA0	JM Financial Ltd	Financial Services	69.83	1.07	0.29	May25	11.15
ICICI Pru Dividend Yield Eq Dir Gr	INF109KA1UA0	JM Financial Ltd	Financial Services	69.83	1.07	0.29	June25	10.18
ICICI Pru Dividend Yield Eq Dir Gr	INF109KA1UA0	JM Financial Ltd	Financial Services	69.83	1.07	0.29	July25	9.19
ICICI Pru Dividend Yield Eq Dir Gr	INF109KA1UA0	JM Financial Ltd	Financial Services	69.83	1.07	0.29	Aug25	8.13
ICICI Pru Dividend Yield Eq Dir Gr	INF109KA1UA0	Embassy Office Parks REIT	Real Estate	68.00	1.04	0.00	Oct24	5.55
ICICI Pru Dividend Yield Eq Dir Gr	INF109KA1UA0	Embassy Office Parks REIT	Real Estate	68.00	1.04	0.00	Nov24	7.52
ICICI Pru Dividend Yield Eq Dir Gr	INF109KA1UA0	Embassy Office Parks REIT	Real Estate	68.00	1.04	0.00	Dec24	3.56
ICICI Pru Dividend Yield Eq Dir Gr	INF109KA1UA0	Embassy Office Parks REIT	Real Estate	68.00	1.04	0.00	Jan25	5.32
ICICI Pru Dividend Yield Eq Dir Gr	INF109KA1UA0	Embassy Office Parks REIT	Real Estate	68.00	1.04	0.00	Feb25	5.59
ICICI Pru Dividend Yield Eq Dir Gr	INF109KA1UA0	Embassy Office Parks REIT	Real Estate	68.00	1.04	0.00	Mar25	15.51
ICICI Pru Dividend Yield Eq Dir Gr	INF109KA1UA0	Embassy Office Parks REIT	Real Estate	68.00	1.04	0.00	Mar25	15.51
ICICI Pru Dividend Yield Eq Dir Gr	INF109KA1UA0	Embassy Office Parks REIT	Real Estate	68.00	1.04	0.00	Apr25	12.51
ICICI Pru Dividend Yield Eq Dir Gr	INF109KA1UA0	Embassy Office Parks REIT	Real Estate	68.00	1.04	0.00	May25	11.15
ICICI Pru Dividend Yield Eq Dir Gr	INF109KA1UA0	Embassy Office Parks REIT	Real Estate	68.00	1.04	0.00	June25	10.18
ICICI Pru Dividend Yield Eq Dir Gr	INF109KA1UA0	Embassy Office Parks REIT	Real Estate	68.00	1.04	0.00	July25	9.19
ICICI Pru Dividend Yield Eq Dir Gr	INF109KA1UA0	Embassy Office Parks REIT	Real Estate	68.00	1.04	0.00	Aug25	8.13
ICICI Pru Dividend Yield Eq Dir Gr	INF109KA1UA0	Oberoi Realty Ltd	Real Estate	66.36	1.02	0.00	Oct24	5.55
ICICI Pru Dividend Yield Eq Dir Gr	INF109KA1UA0	Oberoi Realty Ltd	Real Estate	66.36	1.02	0.00	Nov24	7.52
ICICI Pru Dividend Yield Eq Dir Gr	INF109KA1UA0	Oberoi Realty Ltd	Real Estate	66.36	1.02	0.00	Dec24	3.56
ICICI Pru Dividend Yield Eq Dir Gr	INF109KA1UA0	Oberoi Realty Ltd	Real Estate	66.36	1.02	0.00	Jan25	5.32
ICICI Pru Dividend Yield Eq Dir Gr	INF109KA1UA0	Oberoi Realty Ltd	Real Estate	66.36	1.02	0.00	Feb25	5.59
ICICI Pru Dividend Yield Eq Dir Gr	INF109KA1UA0	Oberoi Realty Ltd	Real Estate	66.36	1.02	0.00	Mar25	15.51
ICICI Pru Dividend Yield Eq Dir Gr	INF109KA1UA0	Oberoi Realty Ltd	Real Estate	66.36	1.02	0.00	Mar25	15.51
ICICI Pru Dividend Yield Eq Dir Gr	INF109KA1UA0	Oberoi Realty Ltd	Real Estate	66.36	1.02	0.00	Apr25	12.51
ICICI Pru Dividend Yield Eq Dir Gr	INF109KA1UA0	Oberoi Realty Ltd	Real Estate	66.36	1.02	0.00	May25	11.15
ICICI Pru Dividend Yield Eq Dir Gr	INF109KA1UA0	Oberoi Realty Ltd	Real Estate	66.36	1.02	0.00	June25	10.18
ICICI Pru Dividend Yield Eq Dir Gr	INF109KA1UA0	Oberoi Realty Ltd	Real Estate	66.36	1.02	0.00	July25	9.19
ICICI Pru Dividend Yield Eq Dir Gr	INF109KA1UA0	Oberoi Realty Ltd	Real Estate	66.36	1.02	0.00	Aug25	8.13
ICICI Pru Dividend Yield Eq Dir Gr	INF109KA1UA0	PI Industries Ltd	Basic Materials	63.74	0.98	0.00	Oct24	5.55
ICICI Pru Dividend Yield Eq Dir Gr	INF109KA1UA0	PI Industries Ltd	Basic Materials	63.74	0.98	0.00	Nov24	7.52
ICICI Pru Dividend Yield Eq Dir Gr	INF109KA1UA0	PI Industries Ltd	Basic Materials	63.74	0.98	0.00	Dec24	3.56
ICICI Pru Dividend Yield Eq Dir Gr	INF109KA1UA0	PI Industries Ltd	Basic Materials	63.74	0.98	0.00	Jan25	5.32
ICICI Pru Dividend Yield Eq Dir Gr	INF109KA1UA0	PI Industries Ltd	Basic Materials	63.74	0.98	0.00	Feb25	5.59
ICICI Pru Dividend Yield Eq Dir Gr	INF109KA1UA0	PI Industries Ltd	Basic Materials	63.74	0.98	0.00	Mar25	15.51
ICICI Pru Dividend Yield Eq Dir Gr	INF109KA1UA0	PI Industries Ltd	Basic Materials	63.74	0.98	0.00	Mar25	15.51
ICICI Pru Dividend Yield Eq Dir Gr	INF109KA1UA0	PI Industries Ltd	Basic Materials	63.74	0.98	0.00	Apr25	12.51
ICICI Pru Dividend Yield Eq Dir Gr	INF109KA1UA0	PI Industries Ltd	Basic Materials	63.74	0.98	0.00	May25	11.15
ICICI Pru Dividend Yield Eq Dir Gr	INF109KA1UA0	PI Industries Ltd	Basic Materials	63.74	0.98	0.00	June25	10.18
ICICI Pru Dividend Yield Eq Dir Gr	INF109KA1UA0	PI Industries Ltd	Basic Materials	63.74	0.98	0.00	July25	9.19
ICICI Pru Dividend Yield Eq Dir Gr	INF109KA1UA0	PI Industries Ltd	Basic Materials	63.74	0.98	0.00	Aug25	8.13
ICICI Pru Dividend Yield Eq Dir Gr	INF109KA1UA0	360 One Wam Ltd Ordinary Shares	Financial Services	60.22	0.92	0.00	Oct24	5.55
ICICI Pru Dividend Yield Eq Dir Gr	INF109KA1UA0	360 One Wam Ltd Ordinary Shares	Financial Services	60.22	0.92	0.00	Nov24	7.52
ICICI Pru Dividend Yield Eq Dir Gr	INF109KA1UA0	360 One Wam Ltd Ordinary Shares	Financial Services	60.22	0.92	0.00	Dec24	3.56
ICICI Pru Dividend Yield Eq Dir Gr	INF109KA1UA0	360 One Wam Ltd Ordinary Shares	Financial Services	60.22	0.92	0.00	Jan25	5.32
ICICI Pru Dividend Yield Eq Dir Gr	INF109KA1UA0	360 One Wam Ltd Ordinary Shares	Financial Services	60.22	0.92	0.00	Feb25	5.59
ICICI Pru Dividend Yield Eq Dir Gr	INF109KA1UA0	360 One Wam Ltd Ordinary Shares	Financial Services	60.22	0.92	0.00	Mar25	15.51
ICICI Pru Dividend Yield Eq Dir Gr	INF109KA1UA0	360 One Wam Ltd Ordinary Shares	Financial Services	60.22	0.92	0.00	Mar25	15.51
ICICI Pru Dividend Yield Eq Dir Gr	INF109KA1UA0	360 One Wam Ltd Ordinary Shares	Financial Services	60.22	0.92	0.00	Apr25	12.51
ICICI Pru Dividend Yield Eq Dir Gr	INF109KA1UA0	360 One Wam Ltd Ordinary Shares	Financial Services	60.22	0.92	0.00	May25	11.15
ICICI Pru Dividend Yield Eq Dir Gr	INF109KA1UA0	360 One Wam Ltd Ordinary Shares	Financial Services	60.22	0.92	0.00	June25	10.18
ICICI Pru Dividend Yield Eq Dir Gr	INF109KA1UA0	360 One Wam Ltd Ordinary Shares	Financial Services	60.22	0.92	0.00	July25	9.19
ICICI Pru Dividend Yield Eq Dir Gr	INF109KA1UA0	360 One Wam Ltd Ordinary Shares	Financial Services	60.22	0.92	0.00	Aug25	8.13
ICICI Pru Dividend Yield Eq Dir Gr	INF109KA1UA0	Indian Oil Corp Ltd	Energy	57.84	0.89	0.00	Oct24	5.55
ICICI Pru Dividend Yield Eq Dir Gr	INF109KA1UA0	Indian Oil Corp Ltd	Energy	57.84	0.89	0.00	Nov24	7.52
ICICI Pru Dividend Yield Eq Dir Gr	INF109KA1UA0	Indian Oil Corp Ltd	Energy	57.84	0.89	0.00	Dec24	3.56
ICICI Pru Dividend Yield Eq Dir Gr	INF109KA1UA0	Indian Oil Corp Ltd	Energy	57.84	0.89	0.00	Jan25	5.32
ICICI Pru Dividend Yield Eq Dir Gr	INF109KA1UA0	Indian Oil Corp Ltd	Energy	57.84	0.89	0.00	Feb25	5.59
ICICI Pru Dividend Yield Eq Dir Gr	INF109KA1UA0	Indian Oil Corp Ltd	Energy	57.84	0.89	0.00	Mar25	15.51
ICICI Pru Dividend Yield Eq Dir Gr	INF109KA1UA0	Indian Oil Corp Ltd	Energy	57.84	0.89	0.00	Mar25	15.51
ICICI Pru Dividend Yield Eq Dir Gr	INF109KA1UA0	Indian Oil Corp Ltd	Energy	57.84	0.89	0.00	Apr25	12.51
ICICI Pru Dividend Yield Eq Dir Gr	INF109KA1UA0	Indian Oil Corp Ltd	Energy	57.84	0.89	0.00	May25	11.15
ICICI Pru Dividend Yield Eq Dir Gr	INF109KA1UA0	Indian Oil Corp Ltd	Energy	57.84	0.89	0.00	June25	10.18
ICICI Pru Dividend Yield Eq Dir Gr	INF109KA1UA0	Indian Oil Corp Ltd	Energy	57.84	0.89	0.00	July25	9.19
ICICI Pru Dividend Yield Eq Dir Gr	INF109KA1UA0	Indian Oil Corp Ltd	Energy	57.84	0.89	0.00	Aug25	8.13
ICICI Pru Dividend Yield Eq Dir Gr	INF109KA1UA0	Oil India Ltd	Energy	56.78	0.87	0.00	Oct24	5.55
ICICI Pru Dividend Yield Eq Dir Gr	INF109KA1UA0	Oil India Ltd	Energy	56.78	0.87	0.00	Nov24	7.52
ICICI Pru Dividend Yield Eq Dir Gr	INF109KA1UA0	Oil India Ltd	Energy	56.78	0.87	0.00	Dec24	3.56
ICICI Pru Dividend Yield Eq Dir Gr	INF109KA1UA0	Oil India Ltd	Energy	56.78	0.87	0.00	Jan25	5.32
ICICI Pru Dividend Yield Eq Dir Gr	INF109KA1UA0	Oil India Ltd	Energy	56.78	0.87	0.00	Feb25	5.59
ICICI Pru Dividend Yield Eq Dir Gr	INF109KA1UA0	Oil India Ltd	Energy	56.78	0.87	0.00	Mar25	15.51
ICICI Pru Dividend Yield Eq Dir Gr	INF109KA1UA0	Oil India Ltd	Energy	56.78	0.87	0.00	Mar25	15.51
ICICI Pru Dividend Yield Eq Dir Gr	INF109KA1UA0	Oil India Ltd	Energy	56.78	0.87	0.00	Apr25	12.51
ICICI Pru Dividend Yield Eq Dir Gr	INF109KA1UA0	Oil India Ltd	Energy	56.78	0.87	0.00	May25	11.15
ICICI Pru Dividend Yield Eq Dir Gr	INF109KA1UA0	Oil India Ltd	Energy	56.78	0.87	0.00	June25	10.18
ICICI Pru Dividend Yield Eq Dir Gr	INF109KA1UA0	Oil India Ltd	Energy	56.78	0.87	0.00	July25	9.19
ICICI Pru Dividend Yield Eq Dir Gr	INF109KA1UA0	Oil India Ltd	Energy	56.78	0.87	0.00	Aug25	8.13
ICICI Pru Dividend Yield Eq Dir Gr	INF109KA1UA0	Bharat Petroleum Corp Ltd	Energy	55.57	0.85	0.00	Oct24	5.55
ICICI Pru Dividend Yield Eq Dir Gr	INF109KA1UA0	Bharat Petroleum Corp Ltd	Energy	55.57	0.85	0.00	Nov24	7.52
ICICI Pru Dividend Yield Eq Dir Gr	INF109KA1UA0	Bharat Petroleum Corp Ltd	Energy	55.57	0.85	0.00	Dec24	3.56
ICICI Pru Dividend Yield Eq Dir Gr	INF109KA1UA0	Bharat Petroleum Corp Ltd	Energy	55.57	0.85	0.00	Jan25	5.32
ICICI Pru Dividend Yield Eq Dir Gr	INF109KA1UA0	Bharat Petroleum Corp Ltd	Energy	55.57	0.85	0.00	Feb25	5.59
ICICI Pru Dividend Yield Eq Dir Gr	INF109KA1UA0	Bharat Petroleum Corp Ltd	Energy	55.57	0.85	0.00	Mar25	15.51
ICICI Pru Dividend Yield Eq Dir Gr	INF109KA1UA0	Bharat Petroleum Corp Ltd	Energy	55.57	0.85	0.00	Mar25	15.51
ICICI Pru Dividend Yield Eq Dir Gr	INF109KA1UA0	Bharat Petroleum Corp Ltd	Energy	55.57	0.85	0.00	Apr25	12.51
ICICI Pru Dividend Yield Eq Dir Gr	INF109KA1UA0	Bharat Petroleum Corp Ltd	Energy	55.57	0.85	0.00	May25	11.15
ICICI Pru Dividend Yield Eq Dir Gr	INF109KA1UA0	Bharat Petroleum Corp Ltd	Energy	55.57	0.85	0.00	June25	10.18
ICICI Pru Dividend Yield Eq Dir Gr	INF109KA1UA0	Bharat Petroleum Corp Ltd	Energy	55.57	0.85	0.00	July25	9.19
ICICI Pru Dividend Yield Eq Dir Gr	INF109KA1UA0	Bharat Petroleum Corp Ltd	Energy	55.57	0.85	0.00	Aug25	8.13
ICICI Pru Dividend Yield Eq Dir Gr	INF109KA1UA0	IndusInd Bank Ltd	Financial Services	54.99	0.84	0.00	Oct24	5.55
ICICI Pru Dividend Yield Eq Dir Gr	INF109KA1UA0	IndusInd Bank Ltd	Financial Services	54.99	0.84	0.00	Nov24	7.52
ICICI Pru Dividend Yield Eq Dir Gr	INF109KA1UA0	IndusInd Bank Ltd	Financial Services	54.99	0.84	0.00	Dec24	3.56
ICICI Pru Dividend Yield Eq Dir Gr	INF109KA1UA0	IndusInd Bank Ltd	Financial Services	54.99	0.84	0.00	Jan25	5.32
ICICI Pru Dividend Yield Eq Dir Gr	INF109KA1UA0	IndusInd Bank Ltd	Financial Services	54.99	0.84	0.00	Feb25	5.59
ICICI Pru Dividend Yield Eq Dir Gr	INF109KA1UA0	IndusInd Bank Ltd	Financial Services	54.99	0.84	0.00	Mar25	15.51
ICICI Pru Dividend Yield Eq Dir Gr	INF109KA1UA0	IndusInd Bank Ltd	Financial Services	54.99	0.84	0.00	Mar25	15.51
ICICI Pru Dividend Yield Eq Dir Gr	INF109KA1UA0	IndusInd Bank Ltd	Financial Services	54.99	0.84	0.00	Apr25	12.51
ICICI Pru Dividend Yield Eq Dir Gr	INF109KA1UA0	IndusInd Bank Ltd	Financial Services	54.99	0.84	0.00	May25	11.15
ICICI Pru Dividend Yield Eq Dir Gr	INF109KA1UA0	IndusInd Bank Ltd	Financial Services	54.99	0.84	0.00	June25	10.18
ICICI Pru Dividend Yield Eq Dir Gr	INF109KA1UA0	IndusInd Bank Ltd	Financial Services	54.99	0.84	0.00	July25	9.19
ICICI Pru Dividend Yield Eq Dir Gr	INF109KA1UA0	IndusInd Bank Ltd	Financial Services	54.99	0.84	0.00	Aug25	8.13
ICICI Pru Dividend Yield Eq Dir Gr	INF109KA1UA0	Ambuja Cements Ltd	Basic Materials	52.70	0.81	0.00	Oct24	5.55
ICICI Pru Dividend Yield Eq Dir Gr	INF109KA1UA0	Ambuja Cements Ltd	Basic Materials	52.70	0.81	0.00	Nov24	7.52
ICICI Pru Dividend Yield Eq Dir Gr	INF109KA1UA0	Ambuja Cements Ltd	Basic Materials	52.70	0.81	0.00	Dec24	3.56
ICICI Pru Dividend Yield Eq Dir Gr	INF109KA1UA0	Ambuja Cements Ltd	Basic Materials	52.70	0.81	0.00	Jan25	5.32
ICICI Pru Dividend Yield Eq Dir Gr	INF109KA1UA0	Ambuja Cements Ltd	Basic Materials	52.70	0.81	0.00	Feb25	5.59
ICICI Pru Dividend Yield Eq Dir Gr	INF109KA1UA0	Ambuja Cements Ltd	Basic Materials	52.70	0.81	0.00	Mar25	15.51
ICICI Pru Dividend Yield Eq Dir Gr	INF109KA1UA0	Ambuja Cements Ltd	Basic Materials	52.70	0.81	0.00	Mar25	15.51
ICICI Pru Dividend Yield Eq Dir Gr	INF109KA1UA0	Ambuja Cements Ltd	Basic Materials	52.70	0.81	0.00	Apr25	12.51
ICICI Pru Dividend Yield Eq Dir Gr	INF109KA1UA0	Ambuja Cements Ltd	Basic Materials	52.70	0.81	0.00	May25	11.15
ICICI Pru Dividend Yield Eq Dir Gr	INF109KA1UA0	Ambuja Cements Ltd	Basic Materials	52.70	0.81	0.00	June25	10.18
ICICI Pru Dividend Yield Eq Dir Gr	INF109KA1UA0	Ambuja Cements Ltd	Basic Materials	52.70	0.81	0.00	July25	9.19
ICICI Pru Dividend Yield Eq Dir Gr	INF109KA1UA0	Ambuja Cements Ltd	Basic Materials	52.70	0.81	0.00	Aug25	8.13
ICICI Pru Dividend Yield Eq Dir Gr	INF109KA1UA0	ITC Ltd	Consumer Defensive	52.63	0.81	0.00	Oct24	5.55
ICICI Pru Dividend Yield Eq Dir Gr	INF109KA1UA0	ITC Ltd	Consumer Defensive	52.63	0.81	0.00	Nov24	7.52
ICICI Pru Dividend Yield Eq Dir Gr	INF109KA1UA0	ITC Ltd	Consumer Defensive	52.63	0.81	0.00	Dec24	3.56
ICICI Pru Dividend Yield Eq Dir Gr	INF109KA1UA0	ITC Ltd	Consumer Defensive	52.63	0.81	0.00	Jan25	5.32
ICICI Pru Dividend Yield Eq Dir Gr	INF109KA1UA0	ITC Ltd	Consumer Defensive	52.63	0.81	0.00	Feb25	5.59
ICICI Pru Dividend Yield Eq Dir Gr	INF109KA1UA0	ITC Ltd	Consumer Defensive	52.63	0.81	0.00	Mar25	15.51
ICICI Pru Dividend Yield Eq Dir Gr	INF109KA1UA0	ITC Ltd	Consumer Defensive	52.63	0.81	0.00	Mar25	15.51
ICICI Pru Dividend Yield Eq Dir Gr	INF109KA1UA0	ITC Ltd	Consumer Defensive	52.63	0.81	0.00	Apr25	12.51
ICICI Pru Dividend Yield Eq Dir Gr	INF109KA1UA0	ITC Ltd	Consumer Defensive	52.63	0.81	0.00	May25	11.15
ICICI Pru Dividend Yield Eq Dir Gr	INF109KA1UA0	ITC Ltd	Consumer Defensive	52.63	0.81	0.00	June25	10.18
ICICI Pru Dividend Yield Eq Dir Gr	INF109KA1UA0	ITC Ltd	Consumer Defensive	52.63	0.81	0.00	July25	9.19
ICICI Pru Dividend Yield Eq Dir Gr	INF109KA1UA0	ITC Ltd	Consumer Defensive	52.63	0.81	0.00	Aug25	8.13
ICICI Pru Dividend Yield Eq Dir Gr	INF109KA1UA0	Tata Motors Ltd	Consumer Cyclical	50.53	0.77	0.00	Oct24	5.55
ICICI Pru Dividend Yield Eq Dir Gr	INF109KA1UA0	Tata Motors Ltd	Consumer Cyclical	50.53	0.77	0.00	Nov24	7.52
ICICI Pru Dividend Yield Eq Dir Gr	INF109KA1UA0	Tata Motors Ltd	Consumer Cyclical	50.53	0.77	0.00	Dec24	3.56
ICICI Pru Dividend Yield Eq Dir Gr	INF109KA1UA0	Tata Motors Ltd	Consumer Cyclical	50.53	0.77	0.00	Jan25	5.32
ICICI Pru Dividend Yield Eq Dir Gr	INF109KA1UA0	Tata Motors Ltd	Consumer Cyclical	50.53	0.77	0.00	Feb25	5.59
ICICI Pru Dividend Yield Eq Dir Gr	INF109KA1UA0	Tata Motors Ltd	Consumer Cyclical	50.53	0.77	0.00	Mar25	15.51
ICICI Pru Dividend Yield Eq Dir Gr	INF109KA1UA0	Tata Motors Ltd	Consumer Cyclical	50.53	0.77	0.00	Mar25	15.51
ICICI Pru Dividend Yield Eq Dir Gr	INF109KA1UA0	Tata Motors Ltd	Consumer Cyclical	50.53	0.77	0.00	Apr25	12.51
ICICI Pru Dividend Yield Eq Dir Gr	INF109KA1UA0	Tata Motors Ltd	Consumer Cyclical	50.53	0.77	0.00	May25	11.15
ICICI Pru Dividend Yield Eq Dir Gr	INF109KA1UA0	Tata Motors Ltd	Consumer Cyclical	50.53	0.77	0.00	June25	10.18
ICICI Pru Dividend Yield Eq Dir Gr	INF109KA1UA0	Tata Motors Ltd	Consumer Cyclical	50.53	0.77	0.00	July25	9.19
ICICI Pru Dividend Yield Eq Dir Gr	INF109KA1UA0	Tata Motors Ltd	Consumer Cyclical	50.53	0.77	0.00	Aug25	8.13
ICICI Pru Dividend Yield Eq Dir Gr	INF109KA1UA0	IndiaMART InterMESH Ltd	Communication Services	50.39	0.77	0.00	Oct24	5.55
ICICI Pru Dividend Yield Eq Dir Gr	INF109KA1UA0	IndiaMART InterMESH Ltd	Communication Services	50.39	0.77	0.00	Nov24	7.52
ICICI Pru Dividend Yield Eq Dir Gr	INF109KA1UA0	IndiaMART InterMESH Ltd	Communication Services	50.39	0.77	0.00	Dec24	3.56
ICICI Pru Dividend Yield Eq Dir Gr	INF109KA1UA0	IndiaMART InterMESH Ltd	Communication Services	50.39	0.77	0.00	Jan25	5.32
ICICI Pru Dividend Yield Eq Dir Gr	INF109KA1UA0	IndiaMART InterMESH Ltd	Communication Services	50.39	0.77	0.00	Feb25	5.59
ICICI Pru Dividend Yield Eq Dir Gr	INF109KA1UA0	IndiaMART InterMESH Ltd	Communication Services	50.39	0.77	0.00	Mar25	15.51
ICICI Pru Dividend Yield Eq Dir Gr	INF109KA1UA0	IndiaMART InterMESH Ltd	Communication Services	50.39	0.77	0.00	Mar25	15.51
ICICI Pru Dividend Yield Eq Dir Gr	INF109KA1UA0	IndiaMART InterMESH Ltd	Communication Services	50.39	0.77	0.00	Apr25	12.51
ICICI Pru Dividend Yield Eq Dir Gr	INF109KA1UA0	IndiaMART InterMESH Ltd	Communication Services	50.39	0.77	0.00	May25	11.15
ICICI Pru Dividend Yield Eq Dir Gr	INF109KA1UA0	IndiaMART InterMESH Ltd	Communication Services	50.39	0.77	0.00	June25	10.18
ICICI Pru Dividend Yield Eq Dir Gr	INF109KA1UA0	IndiaMART InterMESH Ltd	Communication Services	50.39	0.77	0.00	July25	9.19
ICICI Pru Dividend Yield Eq Dir Gr	INF109KA1UA0	IndiaMART InterMESH Ltd	Communication Services	50.39	0.77	0.00	Aug25	8.13
ICICI Pru Dividend Yield Eq Dir Gr	INF109KA1UA0	ICICI Prudential Life Insurance Co Ltd	Financial Services	48.39	0.74	0.00	Oct24	5.55
ICICI Pru Dividend Yield Eq Dir Gr	INF109KA1UA0	ICICI Prudential Life Insurance Co Ltd	Financial Services	48.39	0.74	0.00	Nov24	7.52
ICICI Pru Dividend Yield Eq Dir Gr	INF109KA1UA0	ICICI Prudential Life Insurance Co Ltd	Financial Services	48.39	0.74	0.00	Dec24	3.56
ICICI Pru Dividend Yield Eq Dir Gr	INF109KA1UA0	ICICI Prudential Life Insurance Co Ltd	Financial Services	48.39	0.74	0.00	Jan25	5.32
ICICI Pru Dividend Yield Eq Dir Gr	INF109KA1UA0	ICICI Prudential Life Insurance Co Ltd	Financial Services	48.39	0.74	0.00	Feb25	5.59
ICICI Pru Dividend Yield Eq Dir Gr	INF109KA1UA0	ICICI Prudential Life Insurance Co Ltd	Financial Services	48.39	0.74	0.00	Mar25	15.51
ICICI Pru Dividend Yield Eq Dir Gr	INF109KA1UA0	ICICI Prudential Life Insurance Co Ltd	Financial Services	48.39	0.74	0.00	Mar25	15.51
ICICI Pru Dividend Yield Eq Dir Gr	INF109KA1UA0	ICICI Prudential Life Insurance Co Ltd	Financial Services	48.39	0.74	0.00	Apr25	12.51
ICICI Pru Dividend Yield Eq Dir Gr	INF109KA1UA0	ICICI Prudential Life Insurance Co Ltd	Financial Services	48.39	0.74	0.00	May25	11.15
ICICI Pru Dividend Yield Eq Dir Gr	INF109KA1UA0	ICICI Prudential Life Insurance Co Ltd	Financial Services	48.39	0.74	0.00	June25	10.18
ICICI Pru Dividend Yield Eq Dir Gr	INF109KA1UA0	ICICI Prudential Life Insurance Co Ltd	Financial Services	48.39	0.74	0.00	July25	9.19
ICICI Pru Dividend Yield Eq Dir Gr	INF109KA1UA0	ICICI Prudential Life Insurance Co Ltd	Financial Services	48.39	0.74	0.00	Aug25	8.13
ICICI Pru Dividend Yield Eq Dir Gr	INF109KA1UA0	Power Grid Corp Of India Ltd	Utilities	47.03	0.72	0.00	Oct24	5.55
ICICI Pru Dividend Yield Eq Dir Gr	INF109KA1UA0	Power Grid Corp Of India Ltd	Utilities	47.03	0.72	0.00	Nov24	7.52
ICICI Pru Dividend Yield Eq Dir Gr	INF109KA1UA0	Power Grid Corp Of India Ltd	Utilities	47.03	0.72	0.00	Dec24	3.56
ICICI Pru Dividend Yield Eq Dir Gr	INF109KA1UA0	Power Grid Corp Of India Ltd	Utilities	47.03	0.72	0.00	Jan25	5.32
ICICI Pru Dividend Yield Eq Dir Gr	INF109KA1UA0	Power Grid Corp Of India Ltd	Utilities	47.03	0.72	0.00	Feb25	5.59
ICICI Pru Dividend Yield Eq Dir Gr	INF109KA1UA0	Power Grid Corp Of India Ltd	Utilities	47.03	0.72	0.00	Mar25	15.51
ICICI Pru Dividend Yield Eq Dir Gr	INF109KA1UA0	Power Grid Corp Of India Ltd	Utilities	47.03	0.72	0.00	Mar25	15.51
ICICI Pru Dividend Yield Eq Dir Gr	INF109KA1UA0	Power Grid Corp Of India Ltd	Utilities	47.03	0.72	0.00	Apr25	12.51
ICICI Pru Dividend Yield Eq Dir Gr	INF109KA1UA0	Power Grid Corp Of India Ltd	Utilities	47.03	0.72	0.00	May25	11.15
ICICI Pru Dividend Yield Eq Dir Gr	INF109KA1UA0	Power Grid Corp Of India Ltd	Utilities	47.03	0.72	0.00	June25	10.18
ICICI Pru Dividend Yield Eq Dir Gr	INF109KA1UA0	Power Grid Corp Of India Ltd	Utilities	47.03	0.72	0.00	July25	9.19
ICICI Pru Dividend Yield Eq Dir Gr	INF109KA1UA0	Power Grid Corp Of India Ltd	Utilities	47.03	0.72	0.00	Aug25	8.13
ICICI Pru Dividend Yield Eq Dir Gr	INF109KA1UA0	Dabur India Ltd	Consumer Defensive	45.11	0.69	0.00	Oct24	5.55
ICICI Pru Dividend Yield Eq Dir Gr	INF109KA1UA0	Dabur India Ltd	Consumer Defensive	45.11	0.69	0.00	Nov24	7.52
ICICI Pru Dividend Yield Eq Dir Gr	INF109KA1UA0	Dabur India Ltd	Consumer Defensive	45.11	0.69	0.00	Dec24	3.56
ICICI Pru Dividend Yield Eq Dir Gr	INF109KA1UA0	Dabur India Ltd	Consumer Defensive	45.11	0.69	0.00	Jan25	5.32
ICICI Pru Dividend Yield Eq Dir Gr	INF109KA1UA0	Dabur India Ltd	Consumer Defensive	45.11	0.69	0.00	Feb25	5.59
ICICI Pru Dividend Yield Eq Dir Gr	INF109KA1UA0	Dabur India Ltd	Consumer Defensive	45.11	0.69	0.00	Mar25	15.51
ICICI Pru Dividend Yield Eq Dir Gr	INF109KA1UA0	Dabur India Ltd	Consumer Defensive	45.11	0.69	0.00	Mar25	15.51
ICICI Pru Dividend Yield Eq Dir Gr	INF109KA1UA0	Dabur India Ltd	Consumer Defensive	45.11	0.69	0.00	Apr25	12.51
ICICI Pru Dividend Yield Eq Dir Gr	INF109KA1UA0	Dabur India Ltd	Consumer Defensive	45.11	0.69	0.00	May25	11.15
ICICI Pru Dividend Yield Eq Dir Gr	INF109KA1UA0	Dabur India Ltd	Consumer Defensive	45.11	0.69	0.00	June25	10.18
ICICI Pru Dividend Yield Eq Dir Gr	INF109KA1UA0	Dabur India Ltd	Consumer Defensive	45.11	0.69	0.00	July25	9.19
ICICI Pru Dividend Yield Eq Dir Gr	INF109KA1UA0	Dabur India Ltd	Consumer Defensive	45.11	0.69	0.00	Aug25	8.13
ICICI Pru Dividend Yield Eq Dir Gr	INF109KA1UA0	Tata Chemicals Ltd	Basic Materials	44.90	0.69	0.00	Oct24	5.55
ICICI Pru Dividend Yield Eq Dir Gr	INF109KA1UA0	Tata Chemicals Ltd	Basic Materials	44.90	0.69	0.00	Nov24	7.52
ICICI Pru Dividend Yield Eq Dir Gr	INF109KA1UA0	Tata Chemicals Ltd	Basic Materials	44.90	0.69	0.00	Dec24	3.56
ICICI Pru Dividend Yield Eq Dir Gr	INF109KA1UA0	Tata Chemicals Ltd	Basic Materials	44.90	0.69	0.00	Jan25	5.32
ICICI Pru Dividend Yield Eq Dir Gr	INF109KA1UA0	Tata Chemicals Ltd	Basic Materials	44.90	0.69	0.00	Feb25	5.59
ICICI Pru Dividend Yield Eq Dir Gr	INF109KA1UA0	Tata Chemicals Ltd	Basic Materials	44.90	0.69	0.00	Mar25	15.51
ICICI Pru Dividend Yield Eq Dir Gr	INF109KA1UA0	Tata Chemicals Ltd	Basic Materials	44.90	0.69	0.00	Mar25	15.51
ICICI Pru Dividend Yield Eq Dir Gr	INF109KA1UA0	Tata Chemicals Ltd	Basic Materials	44.90	0.69	0.00	Apr25	12.51
ICICI Pru Dividend Yield Eq Dir Gr	INF109KA1UA0	Tata Chemicals Ltd	Basic Materials	44.90	0.69	0.00	May25	11.15
ICICI Pru Dividend Yield Eq Dir Gr	INF109KA1UA0	Tata Chemicals Ltd	Basic Materials	44.90	0.69	0.00	June25	10.18
ICICI Pru Dividend Yield Eq Dir Gr	INF109KA1UA0	Tata Chemicals Ltd	Basic Materials	44.90	0.69	0.00	July25	9.19
ICICI Pru Dividend Yield Eq Dir Gr	INF109KA1UA0	Tata Chemicals Ltd	Basic Materials	44.90	0.69	0.00	Aug25	8.13
ICICI Pru Dividend Yield Eq Dir Gr	INF109KA1UA0	Kotak Mahindra Bank Ltd	Financial Services	44.79	0.69	29.09	Oct24	5.55
ICICI Pru Dividend Yield Eq Dir Gr	INF109KA1UA0	Kotak Mahindra Bank Ltd	Financial Services	44.79	0.69	29.09	Nov24	7.52
ICICI Pru Dividend Yield Eq Dir Gr	INF109KA1UA0	Kotak Mahindra Bank Ltd	Financial Services	44.79	0.69	29.09	Dec24	3.56
ICICI Pru Dividend Yield Eq Dir Gr	INF109KA1UA0	Kotak Mahindra Bank Ltd	Financial Services	44.79	0.69	29.09	Jan25	5.32
ICICI Pru Dividend Yield Eq Dir Gr	INF109KA1UA0	Kotak Mahindra Bank Ltd	Financial Services	44.79	0.69	29.09	Feb25	5.59
ICICI Pru Dividend Yield Eq Dir Gr	INF109KA1UA0	Kotak Mahindra Bank Ltd	Financial Services	44.79	0.69	29.09	Mar25	15.51
ICICI Pru Dividend Yield Eq Dir Gr	INF109KA1UA0	Kotak Mahindra Bank Ltd	Financial Services	44.79	0.69	29.09	Mar25	15.51
ICICI Pru Dividend Yield Eq Dir Gr	INF109KA1UA0	Kotak Mahindra Bank Ltd	Financial Services	44.79	0.69	29.09	Apr25	12.51
ICICI Pru Dividend Yield Eq Dir Gr	INF109KA1UA0	Kotak Mahindra Bank Ltd	Financial Services	44.79	0.69	29.09	May25	11.15
ICICI Pru Dividend Yield Eq Dir Gr	INF109KA1UA0	Kotak Mahindra Bank Ltd	Financial Services	44.79	0.69	29.09	June25	10.18
ICICI Pru Dividend Yield Eq Dir Gr	INF109KA1UA0	Kotak Mahindra Bank Ltd	Financial Services	44.79	0.69	29.09	July25	9.19
ICICI Pru Dividend Yield Eq Dir Gr	INF109KA1UA0	Kotak Mahindra Bank Ltd	Financial Services	44.79	0.69	29.09	Aug25	8.13
ICICI Pru Dividend Yield Eq Dir Gr	INF109KA1UA0	Mahindra & Mahindra Ltd	Consumer Cyclical	39.18	0.60	0.00	Oct24	5.55
ICICI Pru Dividend Yield Eq Dir Gr	INF109KA1UA0	Mahindra & Mahindra Ltd	Consumer Cyclical	39.18	0.60	0.00	Nov24	7.52
ICICI Pru Dividend Yield Eq Dir Gr	INF109KA1UA0	Mahindra & Mahindra Ltd	Consumer Cyclical	39.18	0.60	0.00	Dec24	3.56
ICICI Pru Dividend Yield Eq Dir Gr	INF109KA1UA0	Mahindra & Mahindra Ltd	Consumer Cyclical	39.18	0.60	0.00	Jan25	5.32
ICICI Pru Dividend Yield Eq Dir Gr	INF109KA1UA0	Mahindra & Mahindra Ltd	Consumer Cyclical	39.18	0.60	0.00	Feb25	5.59
ICICI Pru Dividend Yield Eq Dir Gr	INF109KA1UA0	Mahindra & Mahindra Ltd	Consumer Cyclical	39.18	0.60	0.00	Mar25	15.51
ICICI Pru Dividend Yield Eq Dir Gr	INF109KA1UA0	Mahindra & Mahindra Ltd	Consumer Cyclical	39.18	0.60	0.00	Mar25	15.51
ICICI Pru Dividend Yield Eq Dir Gr	INF109KA1UA0	Mahindra & Mahindra Ltd	Consumer Cyclical	39.18	0.60	0.00	Apr25	12.51
ICICI Pru Dividend Yield Eq Dir Gr	INF109KA1UA0	Mahindra & Mahindra Ltd	Consumer Cyclical	39.18	0.60	0.00	May25	11.15
ICICI Pru Dividend Yield Eq Dir Gr	INF109KA1UA0	Mahindra & Mahindra Ltd	Consumer Cyclical	39.18	0.60	0.00	June25	10.18
ICICI Pru Dividend Yield Eq Dir Gr	INF109KA1UA0	Mahindra & Mahindra Ltd	Consumer Cyclical	39.18	0.60	0.00	July25	9.19
ICICI Pru Dividend Yield Eq Dir Gr	INF109KA1UA0	Mahindra & Mahindra Ltd	Consumer Cyclical	39.18	0.60	0.00	Aug25	8.13
ICICI Pru Dividend Yield Eq Dir Gr	INF109KA1UA0	HeidelbergCement India Ltd	Basic Materials	38.95	0.60	0.25	Oct24	5.55
ICICI Pru Dividend Yield Eq Dir Gr	INF109KA1UA0	HeidelbergCement India Ltd	Basic Materials	38.95	0.60	0.25	Nov24	7.52
ICICI Pru Dividend Yield Eq Dir Gr	INF109KA1UA0	HeidelbergCement India Ltd	Basic Materials	38.95	0.60	0.25	Dec24	3.56
ICICI Pru Dividend Yield Eq Dir Gr	INF109KA1UA0	HeidelbergCement India Ltd	Basic Materials	38.95	0.60	0.25	Jan25	5.32
ICICI Pru Dividend Yield Eq Dir Gr	INF109KA1UA0	HeidelbergCement India Ltd	Basic Materials	38.95	0.60	0.25	Feb25	5.59
ICICI Pru Dividend Yield Eq Dir Gr	INF109KA1UA0	HeidelbergCement India Ltd	Basic Materials	38.95	0.60	0.25	Mar25	15.51
ICICI Pru Dividend Yield Eq Dir Gr	INF109KA1UA0	HeidelbergCement India Ltd	Basic Materials	38.95	0.60	0.25	Mar25	15.51
ICICI Pru Dividend Yield Eq Dir Gr	INF109KA1UA0	HeidelbergCement India Ltd	Basic Materials	38.95	0.60	0.25	Apr25	12.51
ICICI Pru Dividend Yield Eq Dir Gr	INF109KA1UA0	HeidelbergCement India Ltd	Basic Materials	38.95	0.60	0.25	May25	11.15
ICICI Pru Dividend Yield Eq Dir Gr	INF109KA1UA0	HeidelbergCement India Ltd	Basic Materials	38.95	0.60	0.25	June25	10.18
ICICI Pru Dividend Yield Eq Dir Gr	INF109KA1UA0	HeidelbergCement India Ltd	Basic Materials	38.95	0.60	0.25	July25	9.19
ICICI Pru Dividend Yield Eq Dir Gr	INF109KA1UA0	HeidelbergCement India Ltd	Basic Materials	38.95	0.60	0.25	Aug25	8.13
ICICI Pru Dividend Yield Eq Dir Gr	INF109KA1UA0	Dr Reddy's Laboratories Ltd	Healthcare	38.73	0.59	0.00	Oct24	5.55
ICICI Pru Dividend Yield Eq Dir Gr	INF109KA1UA0	Dr Reddy's Laboratories Ltd	Healthcare	38.73	0.59	0.00	Nov24	7.52
ICICI Pru Dividend Yield Eq Dir Gr	INF109KA1UA0	Dr Reddy's Laboratories Ltd	Healthcare	38.73	0.59	0.00	Dec24	3.56
ICICI Pru Dividend Yield Eq Dir Gr	INF109KA1UA0	Dr Reddy's Laboratories Ltd	Healthcare	38.73	0.59	0.00	Jan25	5.32
ICICI Pru Dividend Yield Eq Dir Gr	INF109KA1UA0	Dr Reddy's Laboratories Ltd	Healthcare	38.73	0.59	0.00	Feb25	5.59
ICICI Pru Dividend Yield Eq Dir Gr	INF109KA1UA0	Dr Reddy's Laboratories Ltd	Healthcare	38.73	0.59	0.00	Mar25	15.51
ICICI Pru Dividend Yield Eq Dir Gr	INF109KA1UA0	Dr Reddy's Laboratories Ltd	Healthcare	38.73	0.59	0.00	Mar25	15.51
ICICI Pru Dividend Yield Eq Dir Gr	INF109KA1UA0	Dr Reddy's Laboratories Ltd	Healthcare	38.73	0.59	0.00	Apr25	12.51
ICICI Pru Dividend Yield Eq Dir Gr	INF109KA1UA0	Dr Reddy's Laboratories Ltd	Healthcare	38.73	0.59	0.00	May25	11.15
ICICI Pru Dividend Yield Eq Dir Gr	INF109KA1UA0	Dr Reddy's Laboratories Ltd	Healthcare	38.73	0.59	0.00	June25	10.18
ICICI Pru Dividend Yield Eq Dir Gr	INF109KA1UA0	Dr Reddy's Laboratories Ltd	Healthcare	38.73	0.59	0.00	July25	9.19
ICICI Pru Dividend Yield Eq Dir Gr	INF109KA1UA0	Dr Reddy's Laboratories Ltd	Healthcare	38.73	0.59	0.00	Aug25	8.13
ICICI Pru Dividend Yield Eq Dir Gr	INF109KA1UA0	Shree Cement Ltd	Basic Materials	35.79	0.55	15.05	Oct24	5.55
ICICI Pru Dividend Yield Eq Dir Gr	INF109KA1UA0	Shree Cement Ltd	Basic Materials	35.79	0.55	15.05	Nov24	7.52
ICICI Pru Dividend Yield Eq Dir Gr	INF109KA1UA0	Shree Cement Ltd	Basic Materials	35.79	0.55	15.05	Dec24	3.56
ICICI Pru Dividend Yield Eq Dir Gr	INF109KA1UA0	Shree Cement Ltd	Basic Materials	35.79	0.55	15.05	Jan25	5.32
ICICI Pru Dividend Yield Eq Dir Gr	INF109KA1UA0	Shree Cement Ltd	Basic Materials	35.79	0.55	15.05	Feb25	5.59
ICICI Pru Dividend Yield Eq Dir Gr	INF109KA1UA0	Shree Cement Ltd	Basic Materials	35.79	0.55	15.05	Mar25	15.51
ICICI Pru Dividend Yield Eq Dir Gr	INF109KA1UA0	Shree Cement Ltd	Basic Materials	35.79	0.55	15.05	Mar25	15.51
ICICI Pru Dividend Yield Eq Dir Gr	INF109KA1UA0	Shree Cement Ltd	Basic Materials	35.79	0.55	15.05	Apr25	12.51
ICICI Pru Dividend Yield Eq Dir Gr	INF109KA1UA0	Shree Cement Ltd	Basic Materials	35.79	0.55	15.05	May25	11.15
ICICI Pru Dividend Yield Eq Dir Gr	INF109KA1UA0	Shree Cement Ltd	Basic Materials	35.79	0.55	15.05	June25	10.18
ICICI Pru Dividend Yield Eq Dir Gr	INF109KA1UA0	Shree Cement Ltd	Basic Materials	35.79	0.55	15.05	July25	9.19
ICICI Pru Dividend Yield Eq Dir Gr	INF109KA1UA0	Shree Cement Ltd	Basic Materials	35.79	0.55	15.05	Aug25	8.13
ICICI Pru Dividend Yield Eq Dir Gr	INF109KA1UA0	TVS Holdings Ltd	Consumer Cyclical	35.56	0.54	0.00	Oct24	5.55
ICICI Pru Dividend Yield Eq Dir Gr	INF109KA1UA0	TVS Holdings Ltd	Consumer Cyclical	35.56	0.54	0.00	Nov24	7.52
ICICI Pru Dividend Yield Eq Dir Gr	INF109KA1UA0	TVS Holdings Ltd	Consumer Cyclical	35.56	0.54	0.00	Dec24	3.56
ICICI Pru Dividend Yield Eq Dir Gr	INF109KA1UA0	TVS Holdings Ltd	Consumer Cyclical	35.56	0.54	0.00	Jan25	5.32
ICICI Pru Dividend Yield Eq Dir Gr	INF109KA1UA0	TVS Holdings Ltd	Consumer Cyclical	35.56	0.54	0.00	Feb25	5.59
ICICI Pru Dividend Yield Eq Dir Gr	INF109KA1UA0	TVS Holdings Ltd	Consumer Cyclical	35.56	0.54	0.00	Mar25	15.51
ICICI Pru Dividend Yield Eq Dir Gr	INF109KA1UA0	TVS Holdings Ltd	Consumer Cyclical	35.56	0.54	0.00	Mar25	15.51
ICICI Pru Dividend Yield Eq Dir Gr	INF109KA1UA0	TVS Holdings Ltd	Consumer Cyclical	35.56	0.54	0.00	Apr25	12.51
ICICI Pru Dividend Yield Eq Dir Gr	INF109KA1UA0	TVS Holdings Ltd	Consumer Cyclical	35.56	0.54	0.00	May25	11.15
ICICI Pru Dividend Yield Eq Dir Gr	INF109KA1UA0	TVS Holdings Ltd	Consumer Cyclical	35.56	0.54	0.00	June25	10.18
ICICI Pru Dividend Yield Eq Dir Gr	INF109KA1UA0	TVS Holdings Ltd	Consumer Cyclical	35.56	0.54	0.00	July25	9.19
ICICI Pru Dividend Yield Eq Dir Gr	INF109KA1UA0	TVS Holdings Ltd	Consumer Cyclical	35.56	0.54	0.00	Aug25	8.13
ICICI Pru Dividend Yield Eq Dir Gr	INF109KA1UA0	Brookfield India Real Estate Trust	Real Estate	33.74	0.52	0.00	Oct24	5.55
ICICI Pru Dividend Yield Eq Dir Gr	INF109KA1UA0	Brookfield India Real Estate Trust	Real Estate	33.74	0.52	0.00	Nov24	7.52
ICICI Pru Dividend Yield Eq Dir Gr	INF109KA1UA0	Brookfield India Real Estate Trust	Real Estate	33.74	0.52	0.00	Dec24	3.56
ICICI Pru Dividend Yield Eq Dir Gr	INF109KA1UA0	Brookfield India Real Estate Trust	Real Estate	33.74	0.52	0.00	Jan25	5.32
ICICI Pru Dividend Yield Eq Dir Gr	INF109KA1UA0	Brookfield India Real Estate Trust	Real Estate	33.74	0.52	0.00	Feb25	5.59
ICICI Pru Dividend Yield Eq Dir Gr	INF109KA1UA0	Brookfield India Real Estate Trust	Real Estate	33.74	0.52	0.00	Mar25	15.51
ICICI Pru Dividend Yield Eq Dir Gr	INF109KA1UA0	Brookfield India Real Estate Trust	Real Estate	33.74	0.52	0.00	Mar25	15.51
ICICI Pru Dividend Yield Eq Dir Gr	INF109KA1UA0	Brookfield India Real Estate Trust	Real Estate	33.74	0.52	0.00	Apr25	12.51
ICICI Pru Dividend Yield Eq Dir Gr	INF109KA1UA0	Brookfield India Real Estate Trust	Real Estate	33.74	0.52	0.00	May25	11.15
ICICI Pru Dividend Yield Eq Dir Gr	INF109KA1UA0	Brookfield India Real Estate Trust	Real Estate	33.74	0.52	0.00	June25	10.18
ICICI Pru Dividend Yield Eq Dir Gr	INF109KA1UA0	Brookfield India Real Estate Trust	Real Estate	33.74	0.52	0.00	July25	9.19
ICICI Pru Dividend Yield Eq Dir Gr	INF109KA1UA0	Brookfield India Real Estate Trust	Real Estate	33.74	0.52	0.00	Aug25	8.13
ICICI Pru Dividend Yield Eq Dir Gr	INF109KA1UA0	Tech Mahindra Ltd	Technology	33.47	0.51	14.18	Oct24	5.55
ICICI Pru Dividend Yield Eq Dir Gr	INF109KA1UA0	Tech Mahindra Ltd	Technology	33.47	0.51	14.18	Nov24	7.52
ICICI Pru Dividend Yield Eq Dir Gr	INF109KA1UA0	Tech Mahindra Ltd	Technology	33.47	0.51	14.18	Dec24	3.56
ICICI Pru Dividend Yield Eq Dir Gr	INF109KA1UA0	Tech Mahindra Ltd	Technology	33.47	0.51	14.18	Jan25	5.32
ICICI Pru Dividend Yield Eq Dir Gr	INF109KA1UA0	Tech Mahindra Ltd	Technology	33.47	0.51	14.18	Feb25	5.59
ICICI Pru Dividend Yield Eq Dir Gr	INF109KA1UA0	Tech Mahindra Ltd	Technology	33.47	0.51	14.18	Mar25	15.51
ICICI Pru Dividend Yield Eq Dir Gr	INF109KA1UA0	Tech Mahindra Ltd	Technology	33.47	0.51	14.18	Mar25	15.51
ICICI Pru Dividend Yield Eq Dir Gr	INF109KA1UA0	Tech Mahindra Ltd	Technology	33.47	0.51	14.18	Apr25	12.51
ICICI Pru Dividend Yield Eq Dir Gr	INF109KA1UA0	Tech Mahindra Ltd	Technology	33.47	0.51	14.18	May25	11.15
ICICI Pru Dividend Yield Eq Dir Gr	INF109KA1UA0	Tech Mahindra Ltd	Technology	33.47	0.51	14.18	June25	10.18
ICICI Pru Dividend Yield Eq Dir Gr	INF109KA1UA0	Tech Mahindra Ltd	Technology	33.47	0.51	14.18	July25	9.19
ICICI Pru Dividend Yield Eq Dir Gr	INF109KA1UA0	Tech Mahindra Ltd	Technology	33.47	0.51	14.18	Aug25	8.13
ICICI Pru Dividend Yield Eq Dir Gr	INF109KA1UA0	Nifty Bank		32.52	0.50	0.00	Oct24	5.55
ICICI Pru Dividend Yield Eq Dir Gr	INF109KA1UA0	Nifty Bank		32.52	0.50	0.00	Nov24	7.52
ICICI Pru Dividend Yield Eq Dir Gr	INF109KA1UA0	Nifty Bank		32.52	0.50	0.00	Dec24	3.56
ICICI Pru Dividend Yield Eq Dir Gr	INF109KA1UA0	Nifty Bank		32.52	0.50	0.00	Jan25	5.32
ICICI Pru Dividend Yield Eq Dir Gr	INF109KA1UA0	Nifty Bank		32.52	0.50	0.00	Feb25	5.59
ICICI Pru Dividend Yield Eq Dir Gr	INF109KA1UA0	Nifty Bank		32.52	0.50	0.00	Mar25	15.51
ICICI Pru Dividend Yield Eq Dir Gr	INF109KA1UA0	Nifty Bank		32.52	0.50	0.00	Mar25	15.51
ICICI Pru Dividend Yield Eq Dir Gr	INF109KA1UA0	Nifty Bank		32.52	0.50	0.00	Apr25	12.51
ICICI Pru Dividend Yield Eq Dir Gr	INF109KA1UA0	Nifty Bank		32.52	0.50	0.00	May25	11.15
ICICI Pru Dividend Yield Eq Dir Gr	INF109KA1UA0	Nifty Bank		32.52	0.50	0.00	June25	10.18
ICICI Pru Dividend Yield Eq Dir Gr	INF109KA1UA0	Nifty Bank		32.52	0.50	0.00	July25	9.19
ICICI Pru Dividend Yield Eq Dir Gr	INF109KA1UA0	Nifty Bank		32.52	0.50	0.00	Aug25	8.13
ICICI Pru Dividend Yield Eq Dir Gr	INF109KA1UA0	Cash Offset For Derivatives		-32.52	0.50	1.66	Oct24	5.55
ICICI Pru Dividend Yield Eq Dir Gr	INF109KA1UA0	Cash Offset For Derivatives		-32.52	0.50	1.66	Nov24	7.52
ICICI Pru Dividend Yield Eq Dir Gr	INF109KA1UA0	Cash Offset For Derivatives		-32.52	0.50	1.66	Dec24	3.56
ICICI Pru Dividend Yield Eq Dir Gr	INF109KA1UA0	Cash Offset For Derivatives		-32.52	0.50	1.66	Jan25	5.32
ICICI Pru Dividend Yield Eq Dir Gr	INF109KA1UA0	Cash Offset For Derivatives		-32.52	0.50	1.66	Feb25	5.59
ICICI Pru Dividend Yield Eq Dir Gr	INF109KA1UA0	Cash Offset For Derivatives		-32.52	0.50	1.66	Mar25	15.51
ICICI Pru Dividend Yield Eq Dir Gr	INF109KA1UA0	Cash Offset For Derivatives		-32.52	0.50	1.66	Mar25	15.51
ICICI Pru Dividend Yield Eq Dir Gr	INF109KA1UA0	Cash Offset For Derivatives		-32.52	0.50	1.66	Apr25	12.51
ICICI Pru Dividend Yield Eq Dir Gr	INF109KA1UA0	Cash Offset For Derivatives		-32.52	0.50	1.66	May25	11.15
ICICI Pru Dividend Yield Eq Dir Gr	INF109KA1UA0	Cash Offset For Derivatives		-32.52	0.50	1.66	June25	10.18
ICICI Pru Dividend Yield Eq Dir Gr	INF109KA1UA0	Cash Offset For Derivatives		-32.52	0.50	1.66	July25	9.19
ICICI Pru Dividend Yield Eq Dir Gr	INF109KA1UA0	Cash Offset For Derivatives		-32.52	0.50	1.66	Aug25	8.13
ICICI Pru Dividend Yield Eq Dir Gr	INF109KA1UA0	Motherson Sumi Wiring India Ltd	Consumer Cyclical	30.70	0.47	0.00	Oct24	5.55
ICICI Pru Dividend Yield Eq Dir Gr	INF109KA1UA0	Motherson Sumi Wiring India Ltd	Consumer Cyclical	30.70	0.47	0.00	Nov24	7.52
ICICI Pru Dividend Yield Eq Dir Gr	INF109KA1UA0	Motherson Sumi Wiring India Ltd	Consumer Cyclical	30.70	0.47	0.00	Dec24	3.56
ICICI Pru Dividend Yield Eq Dir Gr	INF109KA1UA0	Motherson Sumi Wiring India Ltd	Consumer Cyclical	30.70	0.47	0.00	Jan25	5.32
ICICI Pru Dividend Yield Eq Dir Gr	INF109KA1UA0	Motherson Sumi Wiring India Ltd	Consumer Cyclical	30.70	0.47	0.00	Feb25	5.59
ICICI Pru Dividend Yield Eq Dir Gr	INF109KA1UA0	Motherson Sumi Wiring India Ltd	Consumer Cyclical	30.70	0.47	0.00	Mar25	15.51
ICICI Pru Dividend Yield Eq Dir Gr	INF109KA1UA0	Motherson Sumi Wiring India Ltd	Consumer Cyclical	30.70	0.47	0.00	Mar25	15.51
ICICI Pru Dividend Yield Eq Dir Gr	INF109KA1UA0	Motherson Sumi Wiring India Ltd	Consumer Cyclical	30.70	0.47	0.00	Apr25	12.51
ICICI Pru Dividend Yield Eq Dir Gr	INF109KA1UA0	Motherson Sumi Wiring India Ltd	Consumer Cyclical	30.70	0.47	0.00	May25	11.15
ICICI Pru Dividend Yield Eq Dir Gr	INF109KA1UA0	Motherson Sumi Wiring India Ltd	Consumer Cyclical	30.70	0.47	0.00	June25	10.18
ICICI Pru Dividend Yield Eq Dir Gr	INF109KA1UA0	Motherson Sumi Wiring India Ltd	Consumer Cyclical	30.70	0.47	0.00	July25	9.19
ICICI Pru Dividend Yield Eq Dir Gr	INF109KA1UA0	Motherson Sumi Wiring India Ltd	Consumer Cyclical	30.70	0.47	0.00	Aug25	8.13
ICICI Pru Dividend Yield Eq Dir Gr	INF109KA1UA0	HCL Technologies Ltd	Technology	29.79	0.46	0.00	Oct24	5.55
ICICI Pru Dividend Yield Eq Dir Gr	INF109KA1UA0	HCL Technologies Ltd	Technology	29.79	0.46	0.00	Nov24	7.52
ICICI Pru Dividend Yield Eq Dir Gr	INF109KA1UA0	HCL Technologies Ltd	Technology	29.79	0.46	0.00	Dec24	3.56
ICICI Pru Dividend Yield Eq Dir Gr	INF109KA1UA0	HCL Technologies Ltd	Technology	29.79	0.46	0.00	Jan25	5.32
ICICI Pru Dividend Yield Eq Dir Gr	INF109KA1UA0	HCL Technologies Ltd	Technology	29.79	0.46	0.00	Feb25	5.59
ICICI Pru Dividend Yield Eq Dir Gr	INF109KA1UA0	HCL Technologies Ltd	Technology	29.79	0.46	0.00	Mar25	15.51
ICICI Pru Dividend Yield Eq Dir Gr	INF109KA1UA0	HCL Technologies Ltd	Technology	29.79	0.46	0.00	Mar25	15.51
ICICI Pru Dividend Yield Eq Dir Gr	INF109KA1UA0	HCL Technologies Ltd	Technology	29.79	0.46	0.00	Apr25	12.51
ICICI Pru Dividend Yield Eq Dir Gr	INF109KA1UA0	HCL Technologies Ltd	Technology	29.79	0.46	0.00	May25	11.15
ICICI Pru Dividend Yield Eq Dir Gr	INF109KA1UA0	HCL Technologies Ltd	Technology	29.79	0.46	0.00	June25	10.18
ICICI Pru Dividend Yield Eq Dir Gr	INF109KA1UA0	HCL Technologies Ltd	Technology	29.79	0.46	0.00	July25	9.19
ICICI Pru Dividend Yield Eq Dir Gr	INF109KA1UA0	HCL Technologies Ltd	Technology	29.79	0.46	0.00	Aug25	8.13
ICICI Pru Dividend Yield Eq Dir Gr	INF109KA1UA0	CESC Ltd	Utilities	27.24	0.42	0.00	Oct24	5.55
ICICI Pru Dividend Yield Eq Dir Gr	INF109KA1UA0	CESC Ltd	Utilities	27.24	0.42	0.00	Nov24	7.52
ICICI Pru Dividend Yield Eq Dir Gr	INF109KA1UA0	CESC Ltd	Utilities	27.24	0.42	0.00	Dec24	3.56
ICICI Pru Dividend Yield Eq Dir Gr	INF109KA1UA0	CESC Ltd	Utilities	27.24	0.42	0.00	Jan25	5.32
ICICI Pru Dividend Yield Eq Dir Gr	INF109KA1UA0	CESC Ltd	Utilities	27.24	0.42	0.00	Feb25	5.59
ICICI Pru Dividend Yield Eq Dir Gr	INF109KA1UA0	CESC Ltd	Utilities	27.24	0.42	0.00	Mar25	15.51
ICICI Pru Dividend Yield Eq Dir Gr	INF109KA1UA0	CESC Ltd	Utilities	27.24	0.42	0.00	Mar25	15.51
ICICI Pru Dividend Yield Eq Dir Gr	INF109KA1UA0	CESC Ltd	Utilities	27.24	0.42	0.00	Apr25	12.51
ICICI Pru Dividend Yield Eq Dir Gr	INF109KA1UA0	CESC Ltd	Utilities	27.24	0.42	0.00	May25	11.15
ICICI Pru Dividend Yield Eq Dir Gr	INF109KA1UA0	CESC Ltd	Utilities	27.24	0.42	0.00	June25	10.18
ICICI Pru Dividend Yield Eq Dir Gr	INF109KA1UA0	CESC Ltd	Utilities	27.24	0.42	0.00	July25	9.19
ICICI Pru Dividend Yield Eq Dir Gr	INF109KA1UA0	CESC Ltd	Utilities	27.24	0.42	0.00	Aug25	8.13
ICICI Pru Dividend Yield Eq Dir Gr	INF109KA1UA0	Sagility Ltd	Healthcare	24.83	0.38	0.00	Oct24	5.55
ICICI Pru Dividend Yield Eq Dir Gr	INF109KA1UA0	Sagility Ltd	Healthcare	24.83	0.38	0.00	Nov24	7.52
ICICI Pru Dividend Yield Eq Dir Gr	INF109KA1UA0	Sagility Ltd	Healthcare	24.83	0.38	0.00	Dec24	3.56
ICICI Pru Dividend Yield Eq Dir Gr	INF109KA1UA0	Sagility Ltd	Healthcare	24.83	0.38	0.00	Jan25	5.32
ICICI Pru Dividend Yield Eq Dir Gr	INF109KA1UA0	Sagility Ltd	Healthcare	24.83	0.38	0.00	Feb25	5.59
ICICI Pru Dividend Yield Eq Dir Gr	INF109KA1UA0	Sagility Ltd	Healthcare	24.83	0.38	0.00	Mar25	15.51
ICICI Pru Dividend Yield Eq Dir Gr	INF109KA1UA0	Sagility Ltd	Healthcare	24.83	0.38	0.00	Mar25	15.51
ICICI Pru Dividend Yield Eq Dir Gr	INF109KA1UA0	Sagility Ltd	Healthcare	24.83	0.38	0.00	Apr25	12.51
ICICI Pru Dividend Yield Eq Dir Gr	INF109KA1UA0	Sagility Ltd	Healthcare	24.83	0.38	0.00	May25	11.15
ICICI Pru Dividend Yield Eq Dir Gr	INF109KA1UA0	Sagility Ltd	Healthcare	24.83	0.38	0.00	June25	10.18
ICICI Pru Dividend Yield Eq Dir Gr	INF109KA1UA0	Sagility Ltd	Healthcare	24.83	0.38	0.00	July25	9.19
ICICI Pru Dividend Yield Eq Dir Gr	INF109KA1UA0	Sagility Ltd	Healthcare	24.83	0.38	0.00	Aug25	8.13
ICICI Pru Dividend Yield Eq Dir Gr	INF109KA1UA0	Mayur Uniquoters Ltd	Consumer Cyclical	23.26	0.36	0.00	Oct24	5.55
ICICI Pru Dividend Yield Eq Dir Gr	INF109KA1UA0	Mayur Uniquoters Ltd	Consumer Cyclical	23.26	0.36	0.00	Nov24	7.52
ICICI Pru Dividend Yield Eq Dir Gr	INF109KA1UA0	Mayur Uniquoters Ltd	Consumer Cyclical	23.26	0.36	0.00	Dec24	3.56
ICICI Pru Dividend Yield Eq Dir Gr	INF109KA1UA0	Mayur Uniquoters Ltd	Consumer Cyclical	23.26	0.36	0.00	Jan25	5.32
ICICI Pru Dividend Yield Eq Dir Gr	INF109KA1UA0	Mayur Uniquoters Ltd	Consumer Cyclical	23.26	0.36	0.00	Feb25	5.59
ICICI Pru Dividend Yield Eq Dir Gr	INF109KA1UA0	Mayur Uniquoters Ltd	Consumer Cyclical	23.26	0.36	0.00	Mar25	15.51
ICICI Pru Dividend Yield Eq Dir Gr	INF109KA1UA0	Mayur Uniquoters Ltd	Consumer Cyclical	23.26	0.36	0.00	Mar25	15.51
ICICI Pru Dividend Yield Eq Dir Gr	INF109KA1UA0	Mayur Uniquoters Ltd	Consumer Cyclical	23.26	0.36	0.00	Apr25	12.51
ICICI Pru Dividend Yield Eq Dir Gr	INF109KA1UA0	Mayur Uniquoters Ltd	Consumer Cyclical	23.26	0.36	0.00	May25	11.15
ICICI Pru Dividend Yield Eq Dir Gr	INF109KA1UA0	Mayur Uniquoters Ltd	Consumer Cyclical	23.26	0.36	0.00	June25	10.18
ICICI Pru Dividend Yield Eq Dir Gr	INF109KA1UA0	Mayur Uniquoters Ltd	Consumer Cyclical	23.26	0.36	0.00	July25	9.19
ICICI Pru Dividend Yield Eq Dir Gr	INF109KA1UA0	Mayur Uniquoters Ltd	Consumer Cyclical	23.26	0.36	0.00	Aug25	8.13
ICICI Pru Dividend Yield Eq Dir Gr	INF109KA1UA0	Sandhar Technologies Ltd Ordinary Shares	Consumer Cyclical	19.83	0.30	0.00	Oct24	5.55
ICICI Pru Dividend Yield Eq Dir Gr	INF109KA1UA0	Sandhar Technologies Ltd Ordinary Shares	Consumer Cyclical	19.83	0.30	0.00	Nov24	7.52
ICICI Pru Dividend Yield Eq Dir Gr	INF109KA1UA0	Sandhar Technologies Ltd Ordinary Shares	Consumer Cyclical	19.83	0.30	0.00	Dec24	3.56
ICICI Pru Dividend Yield Eq Dir Gr	INF109KA1UA0	Sandhar Technologies Ltd Ordinary Shares	Consumer Cyclical	19.83	0.30	0.00	Jan25	5.32
ICICI Pru Dividend Yield Eq Dir Gr	INF109KA1UA0	Sandhar Technologies Ltd Ordinary Shares	Consumer Cyclical	19.83	0.30	0.00	Feb25	5.59
ICICI Pru Dividend Yield Eq Dir Gr	INF109KA1UA0	Sandhar Technologies Ltd Ordinary Shares	Consumer Cyclical	19.83	0.30	0.00	Mar25	15.51
ICICI Pru Dividend Yield Eq Dir Gr	INF109KA1UA0	Sandhar Technologies Ltd Ordinary Shares	Consumer Cyclical	19.83	0.30	0.00	Mar25	15.51
ICICI Pru Dividend Yield Eq Dir Gr	INF109KA1UA0	Sandhar Technologies Ltd Ordinary Shares	Consumer Cyclical	19.83	0.30	0.00	Apr25	12.51
ICICI Pru Dividend Yield Eq Dir Gr	INF109KA1UA0	Sandhar Technologies Ltd Ordinary Shares	Consumer Cyclical	19.83	0.30	0.00	May25	11.15
ICICI Pru Dividend Yield Eq Dir Gr	INF109KA1UA0	Sandhar Technologies Ltd Ordinary Shares	Consumer Cyclical	19.83	0.30	0.00	June25	10.18
ICICI Pru Dividend Yield Eq Dir Gr	INF109KA1UA0	Sandhar Technologies Ltd Ordinary Shares	Consumer Cyclical	19.83	0.30	0.00	July25	9.19
ICICI Pru Dividend Yield Eq Dir Gr	INF109KA1UA0	Sandhar Technologies Ltd Ordinary Shares	Consumer Cyclical	19.83	0.30	0.00	Aug25	8.13
ICICI Pru Dividend Yield Eq Dir Gr	INF109KA1UA0	Mangalore Refinery and Petrochemicals Ltd	Energy	19.77	0.30	0.00	Oct24	5.55
ICICI Pru Dividend Yield Eq Dir Gr	INF109KA1UA0	Mangalore Refinery and Petrochemicals Ltd	Energy	19.77	0.30	0.00	Nov24	7.52
ICICI Pru Dividend Yield Eq Dir Gr	INF109KA1UA0	Mangalore Refinery and Petrochemicals Ltd	Energy	19.77	0.30	0.00	Dec24	3.56
ICICI Pru Dividend Yield Eq Dir Gr	INF109KA1UA0	Mangalore Refinery and Petrochemicals Ltd	Energy	19.77	0.30	0.00	Jan25	5.32
ICICI Pru Dividend Yield Eq Dir Gr	INF109KA1UA0	Mangalore Refinery and Petrochemicals Ltd	Energy	19.77	0.30	0.00	Feb25	5.59
ICICI Pru Dividend Yield Eq Dir Gr	INF109KA1UA0	Mangalore Refinery and Petrochemicals Ltd	Energy	19.77	0.30	0.00	Mar25	15.51
ICICI Pru Dividend Yield Eq Dir Gr	INF109KA1UA0	Mangalore Refinery and Petrochemicals Ltd	Energy	19.77	0.30	0.00	Mar25	15.51
ICICI Pru Dividend Yield Eq Dir Gr	INF109KA1UA0	Mangalore Refinery and Petrochemicals Ltd	Energy	19.77	0.30	0.00	Apr25	12.51
ICICI Pru Dividend Yield Eq Dir Gr	INF109KA1UA0	Mangalore Refinery and Petrochemicals Ltd	Energy	19.77	0.30	0.00	May25	11.15
ICICI Pru Dividend Yield Eq Dir Gr	INF109KA1UA0	Mangalore Refinery and Petrochemicals Ltd	Energy	19.77	0.30	0.00	June25	10.18
ICICI Pru Dividend Yield Eq Dir Gr	INF109KA1UA0	Mangalore Refinery and Petrochemicals Ltd	Energy	19.77	0.30	0.00	July25	9.19
ICICI Pru Dividend Yield Eq Dir Gr	INF109KA1UA0	Mangalore Refinery and Petrochemicals Ltd	Energy	19.77	0.30	0.00	Aug25	8.13
ICICI Pru Dividend Yield Eq Dir Gr	INF109KA1UA0	Samvardhana Motherson International Limited		19.13	0.29	0.00	Oct24	5.55
ICICI Pru Dividend Yield Eq Dir Gr	INF109KA1UA0	Samvardhana Motherson International Limited		19.13	0.29	0.00	Nov24	7.52
ICICI Pru Dividend Yield Eq Dir Gr	INF109KA1UA0	Samvardhana Motherson International Limited		19.13	0.29	0.00	Dec24	3.56
ICICI Pru Dividend Yield Eq Dir Gr	INF109KA1UA0	Samvardhana Motherson International Limited		19.13	0.29	0.00	Jan25	5.32
ICICI Pru Dividend Yield Eq Dir Gr	INF109KA1UA0	Samvardhana Motherson International Limited		19.13	0.29	0.00	Feb25	5.59
ICICI Pru Dividend Yield Eq Dir Gr	INF109KA1UA0	Samvardhana Motherson International Limited		19.13	0.29	0.00	Mar25	15.51
ICICI Pru Dividend Yield Eq Dir Gr	INF109KA1UA0	Samvardhana Motherson International Limited		19.13	0.29	0.00	Mar25	15.51
ICICI Pru Dividend Yield Eq Dir Gr	INF109KA1UA0	Samvardhana Motherson International Limited		19.13	0.29	0.00	Apr25	12.51
ICICI Pru Dividend Yield Eq Dir Gr	INF109KA1UA0	Samvardhana Motherson International Limited		19.13	0.29	0.00	May25	11.15
ICICI Pru Dividend Yield Eq Dir Gr	INF109KA1UA0	Samvardhana Motherson International Limited		19.13	0.29	0.00	June25	10.18
ICICI Pru Dividend Yield Eq Dir Gr	INF109KA1UA0	Samvardhana Motherson International Limited		19.13	0.29	0.00	July25	9.19
ICICI Pru Dividend Yield Eq Dir Gr	INF109KA1UA0	Samvardhana Motherson International Limited		19.13	0.29	0.00	Aug25	8.13
ICICI Pru Dividend Yield Eq Dir Gr	INF109KA1UA0	Mphasis Ltd	Technology	19.10	0.29	0.00	Oct24	5.55
ICICI Pru Dividend Yield Eq Dir Gr	INF109KA1UA0	Mphasis Ltd	Technology	19.10	0.29	0.00	Nov24	7.52
ICICI Pru Dividend Yield Eq Dir Gr	INF109KA1UA0	Mphasis Ltd	Technology	19.10	0.29	0.00	Dec24	3.56
ICICI Pru Dividend Yield Eq Dir Gr	INF109KA1UA0	Mphasis Ltd	Technology	19.10	0.29	0.00	Jan25	5.32
ICICI Pru Dividend Yield Eq Dir Gr	INF109KA1UA0	Mphasis Ltd	Technology	19.10	0.29	0.00	Feb25	5.59
ICICI Pru Dividend Yield Eq Dir Gr	INF109KA1UA0	Mphasis Ltd	Technology	19.10	0.29	0.00	Mar25	15.51
ICICI Pru Dividend Yield Eq Dir Gr	INF109KA1UA0	Mphasis Ltd	Technology	19.10	0.29	0.00	Mar25	15.51
ICICI Pru Dividend Yield Eq Dir Gr	INF109KA1UA0	Mphasis Ltd	Technology	19.10	0.29	0.00	Apr25	12.51
ICICI Pru Dividend Yield Eq Dir Gr	INF109KA1UA0	Mphasis Ltd	Technology	19.10	0.29	0.00	May25	11.15
ICICI Pru Dividend Yield Eq Dir Gr	INF109KA1UA0	Mphasis Ltd	Technology	19.10	0.29	0.00	June25	10.18
ICICI Pru Dividend Yield Eq Dir Gr	INF109KA1UA0	Mphasis Ltd	Technology	19.10	0.29	0.00	July25	9.19
ICICI Pru Dividend Yield Eq Dir Gr	INF109KA1UA0	Mphasis Ltd	Technology	19.10	0.29	0.00	Aug25	8.13
ICICI Pru Dividend Yield Eq Dir Gr	INF109KA1UA0	Bajaj Finance Ltd	Financial Services	16.67	0.26	0.00	Oct24	5.55
ICICI Pru Dividend Yield Eq Dir Gr	INF109KA1UA0	Bajaj Finance Ltd	Financial Services	16.67	0.26	0.00	Nov24	7.52
ICICI Pru Dividend Yield Eq Dir Gr	INF109KA1UA0	Bajaj Finance Ltd	Financial Services	16.67	0.26	0.00	Dec24	3.56
ICICI Pru Dividend Yield Eq Dir Gr	INF109KA1UA0	Bajaj Finance Ltd	Financial Services	16.67	0.26	0.00	Jan25	5.32
ICICI Pru Dividend Yield Eq Dir Gr	INF109KA1UA0	Bajaj Finance Ltd	Financial Services	16.67	0.26	0.00	Feb25	5.59
ICICI Pru Dividend Yield Eq Dir Gr	INF109KA1UA0	Bajaj Finance Ltd	Financial Services	16.67	0.26	0.00	Mar25	15.51
ICICI Pru Dividend Yield Eq Dir Gr	INF109KA1UA0	Bajaj Finance Ltd	Financial Services	16.67	0.26	0.00	Mar25	15.51
ICICI Pru Dividend Yield Eq Dir Gr	INF109KA1UA0	Bajaj Finance Ltd	Financial Services	16.67	0.26	0.00	Apr25	12.51
ICICI Pru Dividend Yield Eq Dir Gr	INF109KA1UA0	Bajaj Finance Ltd	Financial Services	16.67	0.26	0.00	May25	11.15
ICICI Pru Dividend Yield Eq Dir Gr	INF109KA1UA0	Bajaj Finance Ltd	Financial Services	16.67	0.26	0.00	June25	10.18
ICICI Pru Dividend Yield Eq Dir Gr	INF109KA1UA0	Bajaj Finance Ltd	Financial Services	16.67	0.26	0.00	July25	9.19
ICICI Pru Dividend Yield Eq Dir Gr	INF109KA1UA0	Bajaj Finance Ltd	Financial Services	16.67	0.26	0.00	Aug25	8.13
ICICI Pru Dividend Yield Eq Dir Gr	INF109KA1UA0	Samvardhana Motherson International Ltd	Consumer Cyclical	15.95	0.24	0.00	Oct24	5.55
ICICI Pru Dividend Yield Eq Dir Gr	INF109KA1UA0	Samvardhana Motherson International Ltd	Consumer Cyclical	15.95	0.24	0.00	Nov24	7.52
ICICI Pru Dividend Yield Eq Dir Gr	INF109KA1UA0	Samvardhana Motherson International Ltd	Consumer Cyclical	15.95	0.24	0.00	Dec24	3.56
ICICI Pru Dividend Yield Eq Dir Gr	INF109KA1UA0	Samvardhana Motherson International Ltd	Consumer Cyclical	15.95	0.24	0.00	Jan25	5.32
ICICI Pru Dividend Yield Eq Dir Gr	INF109KA1UA0	Samvardhana Motherson International Ltd	Consumer Cyclical	15.95	0.24	0.00	Feb25	5.59
ICICI Pru Dividend Yield Eq Dir Gr	INF109KA1UA0	Samvardhana Motherson International Ltd	Consumer Cyclical	15.95	0.24	0.00	Mar25	15.51
ICICI Pru Dividend Yield Eq Dir Gr	INF109KA1UA0	Samvardhana Motherson International Ltd	Consumer Cyclical	15.95	0.24	0.00	Mar25	15.51
ICICI Pru Dividend Yield Eq Dir Gr	INF109KA1UA0	Samvardhana Motherson International Ltd	Consumer Cyclical	15.95	0.24	0.00	Apr25	12.51
ICICI Pru Dividend Yield Eq Dir Gr	INF109KA1UA0	Samvardhana Motherson International Ltd	Consumer Cyclical	15.95	0.24	0.00	May25	11.15
ICICI Pru Dividend Yield Eq Dir Gr	INF109KA1UA0	Samvardhana Motherson International Ltd	Consumer Cyclical	15.95	0.24	0.00	June25	10.18
ICICI Pru Dividend Yield Eq Dir Gr	INF109KA1UA0	Samvardhana Motherson International Ltd	Consumer Cyclical	15.95	0.24	0.00	July25	9.19
ICICI Pru Dividend Yield Eq Dir Gr	INF109KA1UA0	Samvardhana Motherson International Ltd	Consumer Cyclical	15.95	0.24	0.00	Aug25	8.13
ICICI Pru Dividend Yield Eq Dir Gr	INF109KA1UA0	Zensar Technologies Ltd	Technology	14.23	0.22	0.00	Oct24	5.55
ICICI Pru Dividend Yield Eq Dir Gr	INF109KA1UA0	Zensar Technologies Ltd	Technology	14.23	0.22	0.00	Nov24	7.52
ICICI Pru Dividend Yield Eq Dir Gr	INF109KA1UA0	Zensar Technologies Ltd	Technology	14.23	0.22	0.00	Dec24	3.56
ICICI Pru Dividend Yield Eq Dir Gr	INF109KA1UA0	Zensar Technologies Ltd	Technology	14.23	0.22	0.00	Jan25	5.32
ICICI Pru Dividend Yield Eq Dir Gr	INF109KA1UA0	Zensar Technologies Ltd	Technology	14.23	0.22	0.00	Feb25	5.59
ICICI Pru Dividend Yield Eq Dir Gr	INF109KA1UA0	Zensar Technologies Ltd	Technology	14.23	0.22	0.00	Mar25	15.51
ICICI Pru Dividend Yield Eq Dir Gr	INF109KA1UA0	Zensar Technologies Ltd	Technology	14.23	0.22	0.00	Mar25	15.51
ICICI Pru Dividend Yield Eq Dir Gr	INF109KA1UA0	Zensar Technologies Ltd	Technology	14.23	0.22	0.00	Apr25	12.51
ICICI Pru Dividend Yield Eq Dir Gr	INF109KA1UA0	Zensar Technologies Ltd	Technology	14.23	0.22	0.00	May25	11.15
ICICI Pru Dividend Yield Eq Dir Gr	INF109KA1UA0	Zensar Technologies Ltd	Technology	14.23	0.22	0.00	June25	10.18
ICICI Pru Dividend Yield Eq Dir Gr	INF109KA1UA0	Zensar Technologies Ltd	Technology	14.23	0.22	0.00	July25	9.19
ICICI Pru Dividend Yield Eq Dir Gr	INF109KA1UA0	Zensar Technologies Ltd	Technology	14.23	0.22	0.00	Aug25	8.13
ICICI Pru Dividend Yield Eq Dir Gr	INF109KA1UA0	08/05/2026 Maturing 182 DTB		13.86	0.21		Oct24	5.55
ICICI Pru Dividend Yield Eq Dir Gr	INF109KA1UA0	08/05/2026 Maturing 182 DTB		13.86	0.21		Nov24	7.52
ICICI Pru Dividend Yield Eq Dir Gr	INF109KA1UA0	08/05/2026 Maturing 182 DTB		13.86	0.21		Dec24	3.56
ICICI Pru Dividend Yield Eq Dir Gr	INF109KA1UA0	08/05/2026 Maturing 182 DTB		13.86	0.21		Jan25	5.32
ICICI Pru Dividend Yield Eq Dir Gr	INF109KA1UA0	08/05/2026 Maturing 182 DTB		13.86	0.21		Feb25	5.59
ICICI Pru Dividend Yield Eq Dir Gr	INF109KA1UA0	08/05/2026 Maturing 182 DTB		13.86	0.21		Mar25	15.51
ICICI Pru Dividend Yield Eq Dir Gr	INF109KA1UA0	08/05/2026 Maturing 182 DTB		13.86	0.21		Mar25	15.51
ICICI Pru Dividend Yield Eq Dir Gr	INF109KA1UA0	08/05/2026 Maturing 182 DTB		13.86	0.21		Apr25	12.51
ICICI Pru Dividend Yield Eq Dir Gr	INF109KA1UA0	08/05/2026 Maturing 182 DTB		13.86	0.21		May25	11.15
ICICI Pru Dividend Yield Eq Dir Gr	INF109KA1UA0	08/05/2026 Maturing 182 DTB		13.86	0.21		June25	10.18
ICICI Pru Dividend Yield Eq Dir Gr	INF109KA1UA0	08/05/2026 Maturing 182 DTB		13.86	0.21		July25	9.19
ICICI Pru Dividend Yield Eq Dir Gr	INF109KA1UA0	08/05/2026 Maturing 182 DTB		13.86	0.21		Aug25	8.13
ICICI Pru Dividend Yield Eq Dir Gr	INF109KA1UA0	Cash Margin - Derivatives		11.82	0.18		Oct24	5.55
ICICI Pru Dividend Yield Eq Dir Gr	INF109KA1UA0	Cash Margin - Derivatives		11.82	0.18		Nov24	7.52
ICICI Pru Dividend Yield Eq Dir Gr	INF109KA1UA0	Cash Margin - Derivatives		11.82	0.18		Dec24	3.56
ICICI Pru Dividend Yield Eq Dir Gr	INF109KA1UA0	Cash Margin - Derivatives		11.82	0.18		Jan25	5.32
ICICI Pru Dividend Yield Eq Dir Gr	INF109KA1UA0	Cash Margin - Derivatives		11.82	0.18		Feb25	5.59
ICICI Pru Dividend Yield Eq Dir Gr	INF109KA1UA0	Cash Margin - Derivatives		11.82	0.18		Mar25	15.51
ICICI Pru Dividend Yield Eq Dir Gr	INF109KA1UA0	Cash Margin - Derivatives		11.82	0.18		Mar25	15.51
ICICI Pru Dividend Yield Eq Dir Gr	INF109KA1UA0	Cash Margin - Derivatives		11.82	0.18		Apr25	12.51
ICICI Pru Dividend Yield Eq Dir Gr	INF109KA1UA0	Cash Margin - Derivatives		11.82	0.18		May25	11.15
ICICI Pru Dividend Yield Eq Dir Gr	INF109KA1UA0	Cash Margin - Derivatives		11.82	0.18		June25	10.18
ICICI Pru Dividend Yield Eq Dir Gr	INF109KA1UA0	Cash Margin - Derivatives		11.82	0.18		July25	9.19
ICICI Pru Dividend Yield Eq Dir Gr	INF109KA1UA0	Cash Margin - Derivatives		11.82	0.18		Aug25	8.13
ICICI Pru Dividend Yield Eq Dir Gr	INF109KA1UA0	Gateway Distriparks Ltd	Industrials	9.89	0.15	0.00	Oct24	5.55
ICICI Pru Dividend Yield Eq Dir Gr	INF109KA1UA0	Gateway Distriparks Ltd	Industrials	9.89	0.15	0.00	Nov24	7.52
ICICI Pru Dividend Yield Eq Dir Gr	INF109KA1UA0	Gateway Distriparks Ltd	Industrials	9.89	0.15	0.00	Dec24	3.56
ICICI Pru Dividend Yield Eq Dir Gr	INF109KA1UA0	Gateway Distriparks Ltd	Industrials	9.89	0.15	0.00	Jan25	5.32
ICICI Pru Dividend Yield Eq Dir Gr	INF109KA1UA0	Gateway Distriparks Ltd	Industrials	9.89	0.15	0.00	Feb25	5.59
ICICI Pru Dividend Yield Eq Dir Gr	INF109KA1UA0	Gateway Distriparks Ltd	Industrials	9.89	0.15	0.00	Mar25	15.51
ICICI Pru Dividend Yield Eq Dir Gr	INF109KA1UA0	Gateway Distriparks Ltd	Industrials	9.89	0.15	0.00	Mar25	15.51
ICICI Pru Dividend Yield Eq Dir Gr	INF109KA1UA0	Gateway Distriparks Ltd	Industrials	9.89	0.15	0.00	Apr25	12.51
ICICI Pru Dividend Yield Eq Dir Gr	INF109KA1UA0	Gateway Distriparks Ltd	Industrials	9.89	0.15	0.00	May25	11.15
ICICI Pru Dividend Yield Eq Dir Gr	INF109KA1UA0	Gateway Distriparks Ltd	Industrials	9.89	0.15	0.00	June25	10.18
ICICI Pru Dividend Yield Eq Dir Gr	INF109KA1UA0	Gateway Distriparks Ltd	Industrials	9.89	0.15	0.00	July25	9.19
ICICI Pru Dividend Yield Eq Dir Gr	INF109KA1UA0	Gateway Distriparks Ltd	Industrials	9.89	0.15	0.00	Aug25	8.13
ICICI Pru Dividend Yield Eq Dir Gr	INF109KA1UA0	16/04/2026 Maturing 364 DTB		8.94	0.14	0.00	Oct24	5.55
ICICI Pru Dividend Yield Eq Dir Gr	INF109KA1UA0	16/04/2026 Maturing 364 DTB		8.94	0.14	0.00	Nov24	7.52
ICICI Pru Dividend Yield Eq Dir Gr	INF109KA1UA0	16/04/2026 Maturing 364 DTB		8.94	0.14	0.00	Dec24	3.56
ICICI Pru Dividend Yield Eq Dir Gr	INF109KA1UA0	16/04/2026 Maturing 364 DTB		8.94	0.14	0.00	Jan25	5.32
ICICI Pru Dividend Yield Eq Dir Gr	INF109KA1UA0	16/04/2026 Maturing 364 DTB		8.94	0.14	0.00	Feb25	5.59
ICICI Pru Dividend Yield Eq Dir Gr	INF109KA1UA0	16/04/2026 Maturing 364 DTB		8.94	0.14	0.00	Mar25	15.51
ICICI Pru Dividend Yield Eq Dir Gr	INF109KA1UA0	16/04/2026 Maturing 364 DTB		8.94	0.14	0.00	Mar25	15.51
ICICI Pru Dividend Yield Eq Dir Gr	INF109KA1UA0	16/04/2026 Maturing 364 DTB		8.94	0.14	0.00	Apr25	12.51
ICICI Pru Dividend Yield Eq Dir Gr	INF109KA1UA0	16/04/2026 Maturing 364 DTB		8.94	0.14	0.00	May25	11.15
ICICI Pru Dividend Yield Eq Dir Gr	INF109KA1UA0	16/04/2026 Maturing 364 DTB		8.94	0.14	0.00	June25	10.18
ICICI Pru Dividend Yield Eq Dir Gr	INF109KA1UA0	16/04/2026 Maturing 364 DTB		8.94	0.14	0.00	July25	9.19
ICICI Pru Dividend Yield Eq Dir Gr	INF109KA1UA0	16/04/2026 Maturing 364 DTB		8.94	0.14	0.00	Aug25	8.13
ICICI Pru Dividend Yield Eq Dir Gr	INF109KA1UA0	G R Infraprojects Ltd	Industrials	8.91	0.14	0.00	Oct24	5.55
ICICI Pru Dividend Yield Eq Dir Gr	INF109KA1UA0	G R Infraprojects Ltd	Industrials	8.91	0.14	0.00	Nov24	7.52
ICICI Pru Dividend Yield Eq Dir Gr	INF109KA1UA0	G R Infraprojects Ltd	Industrials	8.91	0.14	0.00	Dec24	3.56
ICICI Pru Dividend Yield Eq Dir Gr	INF109KA1UA0	G R Infraprojects Ltd	Industrials	8.91	0.14	0.00	Jan25	5.32
ICICI Pru Dividend Yield Eq Dir Gr	INF109KA1UA0	G R Infraprojects Ltd	Industrials	8.91	0.14	0.00	Feb25	5.59
ICICI Pru Dividend Yield Eq Dir Gr	INF109KA1UA0	G R Infraprojects Ltd	Industrials	8.91	0.14	0.00	Mar25	15.51
ICICI Pru Dividend Yield Eq Dir Gr	INF109KA1UA0	G R Infraprojects Ltd	Industrials	8.91	0.14	0.00	Mar25	15.51
ICICI Pru Dividend Yield Eq Dir Gr	INF109KA1UA0	G R Infraprojects Ltd	Industrials	8.91	0.14	0.00	Apr25	12.51
ICICI Pru Dividend Yield Eq Dir Gr	INF109KA1UA0	G R Infraprojects Ltd	Industrials	8.91	0.14	0.00	May25	11.15
ICICI Pru Dividend Yield Eq Dir Gr	INF109KA1UA0	G R Infraprojects Ltd	Industrials	8.91	0.14	0.00	June25	10.18
ICICI Pru Dividend Yield Eq Dir Gr	INF109KA1UA0	G R Infraprojects Ltd	Industrials	8.91	0.14	0.00	July25	9.19
ICICI Pru Dividend Yield Eq Dir Gr	INF109KA1UA0	G R Infraprojects Ltd	Industrials	8.91	0.14	0.00	Aug25	8.13
ICICI Pru Dividend Yield Eq Dir Gr	INF109KA1UA0	Net Current Assets		5.60	0.09		Oct24	5.55
ICICI Pru Dividend Yield Eq Dir Gr	INF109KA1UA0	Net Current Assets		5.60	0.09		Nov24	7.52
ICICI Pru Dividend Yield Eq Dir Gr	INF109KA1UA0	Net Current Assets		5.60	0.09		Dec24	3.56
ICICI Pru Dividend Yield Eq Dir Gr	INF109KA1UA0	Net Current Assets		5.60	0.09		Jan25	5.32
ICICI Pru Dividend Yield Eq Dir Gr	INF109KA1UA0	Net Current Assets		5.60	0.09		Feb25	5.59
ICICI Pru Dividend Yield Eq Dir Gr	INF109KA1UA0	Net Current Assets		5.60	0.09		Mar25	15.51
ICICI Pru Dividend Yield Eq Dir Gr	INF109KA1UA0	Net Current Assets		5.60	0.09		Mar25	15.51
ICICI Pru Dividend Yield Eq Dir Gr	INF109KA1UA0	Net Current Assets		5.60	0.09		Apr25	12.51
ICICI Pru Dividend Yield Eq Dir Gr	INF109KA1UA0	Net Current Assets		5.60	0.09		May25	11.15
ICICI Pru Dividend Yield Eq Dir Gr	INF109KA1UA0	Net Current Assets		5.60	0.09		June25	10.18
ICICI Pru Dividend Yield Eq Dir Gr	INF109KA1UA0	Net Current Assets		5.60	0.09		July25	9.19
ICICI Pru Dividend Yield Eq Dir Gr	INF109KA1UA0	Net Current Assets		5.60	0.09		Aug25	8.13
ICICI Pru Dividend Yield Eq Dir Gr	INF109KA1UA0	LTIMindtree Ltd	Technology	3.84	0.06	0.00	Oct24	5.55
ICICI Pru Dividend Yield Eq Dir Gr	INF109KA1UA0	LTIMindtree Ltd	Technology	3.84	0.06	0.00	Nov24	7.52
ICICI Pru Dividend Yield Eq Dir Gr	INF109KA1UA0	LTIMindtree Ltd	Technology	3.84	0.06	0.00	Dec24	3.56
ICICI Pru Dividend Yield Eq Dir Gr	INF109KA1UA0	LTIMindtree Ltd	Technology	3.84	0.06	0.00	Jan25	5.32
ICICI Pru Dividend Yield Eq Dir Gr	INF109KA1UA0	LTIMindtree Ltd	Technology	3.84	0.06	0.00	Feb25	5.59
ICICI Pru Dividend Yield Eq Dir Gr	INF109KA1UA0	LTIMindtree Ltd	Technology	3.84	0.06	0.00	Mar25	15.51
ICICI Pru Dividend Yield Eq Dir Gr	INF109KA1UA0	LTIMindtree Ltd	Technology	3.84	0.06	0.00	Mar25	15.51
ICICI Pru Dividend Yield Eq Dir Gr	INF109KA1UA0	LTIMindtree Ltd	Technology	3.84	0.06	0.00	Apr25	12.51
ICICI Pru Dividend Yield Eq Dir Gr	INF109KA1UA0	LTIMindtree Ltd	Technology	3.84	0.06	0.00	May25	11.15
ICICI Pru Dividend Yield Eq Dir Gr	INF109KA1UA0	LTIMindtree Ltd	Technology	3.84	0.06	0.00	June25	10.18
ICICI Pru Dividend Yield Eq Dir Gr	INF109KA1UA0	LTIMindtree Ltd	Technology	3.84	0.06	0.00	July25	9.19
ICICI Pru Dividend Yield Eq Dir Gr	INF109KA1UA0	LTIMindtree Ltd	Technology	3.84	0.06	0.00	Aug25	8.13
ICICI Pru Dividend Yield Eq Dir Gr	INF109KA1UA0	Crizac Ltd	Consumer Defensive	1.09	0.02	0.00	Oct24	5.55
ICICI Pru Dividend Yield Eq Dir Gr	INF109KA1UA0	Crizac Ltd	Consumer Defensive	1.09	0.02	0.00	Nov24	7.52
ICICI Pru Dividend Yield Eq Dir Gr	INF109KA1UA0	Crizac Ltd	Consumer Defensive	1.09	0.02	0.00	Dec24	3.56
ICICI Pru Dividend Yield Eq Dir Gr	INF109KA1UA0	Crizac Ltd	Consumer Defensive	1.09	0.02	0.00	Jan25	5.32
ICICI Pru Dividend Yield Eq Dir Gr	INF109KA1UA0	Crizac Ltd	Consumer Defensive	1.09	0.02	0.00	Feb25	5.59
ICICI Pru Dividend Yield Eq Dir Gr	INF109KA1UA0	Crizac Ltd	Consumer Defensive	1.09	0.02	0.00	Mar25	15.51
ICICI Pru Dividend Yield Eq Dir Gr	INF109KA1UA0	Crizac Ltd	Consumer Defensive	1.09	0.02	0.00	Mar25	15.51
ICICI Pru Dividend Yield Eq Dir Gr	INF109KA1UA0	Crizac Ltd	Consumer Defensive	1.09	0.02	0.00	Apr25	12.51
ICICI Pru Dividend Yield Eq Dir Gr	INF109KA1UA0	Crizac Ltd	Consumer Defensive	1.09	0.02	0.00	May25	11.15
ICICI Pru Dividend Yield Eq Dir Gr	INF109KA1UA0	Crizac Ltd	Consumer Defensive	1.09	0.02	0.00	June25	10.18
ICICI Pru Dividend Yield Eq Dir Gr	INF109KA1UA0	Crizac Ltd	Consumer Defensive	1.09	0.02	0.00	July25	9.19
ICICI Pru Dividend Yield Eq Dir Gr	INF109KA1UA0	Crizac Ltd	Consumer Defensive	1.09	0.02	0.00	Aug25	8.13
ICICI Pru Dividend Yield Eq Dir Gr	INF109KA1UA0	Nirlon Ltd		0.00	0.00	-100.00	Oct24	5.55
ICICI Pru Dividend Yield Eq Dir Gr	INF109KA1UA0	Nirlon Ltd		0.00	0.00	-100.00	Nov24	7.52
ICICI Pru Dividend Yield Eq Dir Gr	INF109KA1UA0	Nirlon Ltd		0.00	0.00	-100.00	Dec24	3.56
ICICI Pru Dividend Yield Eq Dir Gr	INF109KA1UA0	Nirlon Ltd		0.00	0.00	-100.00	Jan25	5.32
ICICI Pru Dividend Yield Eq Dir Gr	INF109KA1UA0	Nirlon Ltd		0.00	0.00	-100.00	Feb25	5.59
ICICI Pru Dividend Yield Eq Dir Gr	INF109KA1UA0	Nirlon Ltd		0.00	0.00	-100.00	Mar25	15.51
ICICI Pru Dividend Yield Eq Dir Gr	INF109KA1UA0	Nirlon Ltd		0.00	0.00	-100.00	Mar25	15.51
ICICI Pru Dividend Yield Eq Dir Gr	INF109KA1UA0	Nirlon Ltd		0.00	0.00	-100.00	Apr25	12.51
ICICI Pru Dividend Yield Eq Dir Gr	INF109KA1UA0	Nirlon Ltd		0.00	0.00	-100.00	May25	11.15
ICICI Pru Dividend Yield Eq Dir Gr	INF109KA1UA0	Nirlon Ltd		0.00	0.00	-100.00	June25	10.18
ICICI Pru Dividend Yield Eq Dir Gr	INF109KA1UA0	Nirlon Ltd		0.00	0.00	-100.00	July25	9.19
ICICI Pru Dividend Yield Eq Dir Gr	INF109KA1UA0	Nirlon Ltd		0.00	0.00	-100.00	Aug25	8.13
ICICI Pru Dividend Yield Eq Dir Gr	INF109KA1UA0	Hindalco Industries Ltd		0.00	0.00	-100.00	Oct24	5.55
ICICI Pru Dividend Yield Eq Dir Gr	INF109KA1UA0	Hindalco Industries Ltd		0.00	0.00	-100.00	Nov24	7.52
ICICI Pru Dividend Yield Eq Dir Gr	INF109KA1UA0	Hindalco Industries Ltd		0.00	0.00	-100.00	Dec24	3.56
ICICI Pru Dividend Yield Eq Dir Gr	INF109KA1UA0	Hindalco Industries Ltd		0.00	0.00	-100.00	Jan25	5.32
ICICI Pru Dividend Yield Eq Dir Gr	INF109KA1UA0	Hindalco Industries Ltd		0.00	0.00	-100.00	Feb25	5.59
ICICI Pru Dividend Yield Eq Dir Gr	INF109KA1UA0	Hindalco Industries Ltd		0.00	0.00	-100.00	Mar25	15.51
ICICI Pru Dividend Yield Eq Dir Gr	INF109KA1UA0	Hindalco Industries Ltd		0.00	0.00	-100.00	Mar25	15.51
ICICI Pru Dividend Yield Eq Dir Gr	INF109KA1UA0	Hindalco Industries Ltd		0.00	0.00	-100.00	Apr25	12.51
ICICI Pru Dividend Yield Eq Dir Gr	INF109KA1UA0	Hindalco Industries Ltd		0.00	0.00	-100.00	May25	11.15
ICICI Pru Dividend Yield Eq Dir Gr	INF109KA1UA0	Hindalco Industries Ltd		0.00	0.00	-100.00	June25	10.18
ICICI Pru Dividend Yield Eq Dir Gr	INF109KA1UA0	Hindalco Industries Ltd		0.00	0.00	-100.00	July25	9.19
ICICI Pru Dividend Yield Eq Dir Gr	INF109KA1UA0	Hindalco Industries Ltd		0.00	0.00	-100.00	Aug25	8.13
