schemeName	isin	stock_name	sector	market_value	weight	change_1m	period	weightage
Edelweiss Large Cap Dir Gr	INF754K01BW4	HDFC Bank Ltd	Financial Services	112.11	7.59	5.63	Oct24	5.55
Edelweiss Large Cap Dir Gr	INF754K01BW4	HDFC Bank Ltd	Financial Services	112.11	7.59	5.63	Nov24	7.52
Edelweiss Large Cap Dir Gr	INF754K01BW4	HDFC Bank Ltd	Financial Services	112.11	7.59	5.63	Dec24	3.56
Edelweiss Large Cap Dir Gr	INF754K01BW4	HDFC Bank Ltd	Financial Services	112.11	7.59	5.63	Jan25	5.32
Edelweiss Large Cap Dir Gr	INF754K01BW4	HDFC Bank Ltd	Financial Services	112.11	7.59	5.63	Feb25	5.59
Edelweiss Large Cap Dir Gr	INF754K01BW4	HDFC Bank Ltd	Financial Services	112.11	7.59	5.63	Mar25	15.51
Edelweiss Large Cap Dir Gr	INF754K01BW4	HDFC Bank Ltd	Financial Services	112.11	7.59	5.63	Mar25	15.51
Edelweiss Large Cap Dir Gr	INF754K01BW4	HDFC Bank Ltd	Financial Services	112.11	7.59	5.63	Apr25	12.51
Edelweiss Large Cap Dir Gr	INF754K01BW4	HDFC Bank Ltd	Financial Services	112.11	7.59	5.63	May25	11.15
Edelweiss Large Cap Dir Gr	INF754K01BW4	HDFC Bank Ltd	Financial Services	112.11	7.59	5.63	June25	10.18
Edelweiss Large Cap Dir Gr	INF754K01BW4	HDFC Bank Ltd	Financial Services	112.11	7.59	5.63	July25	9.19
Edelweiss Large Cap Dir Gr	INF754K01BW4	HDFC Bank Ltd	Financial Services	112.11	7.59	5.63	Aug25	8.13
Edelweiss Large Cap Dir Gr	INF754K01BW4	ICICI Bank Ltd	Financial Services	97.85	6.63	0.00	Oct24	5.55
Edelweiss Large Cap Dir Gr	INF754K01BW4	ICICI Bank Ltd	Financial Services	97.85	6.63	0.00	Nov24	7.52
Edelweiss Large Cap Dir Gr	INF754K01BW4	ICICI Bank Ltd	Financial Services	97.85	6.63	0.00	Dec24	3.56
Edelweiss Large Cap Dir Gr	INF754K01BW4	ICICI Bank Ltd	Financial Services	97.85	6.63	0.00	Jan25	5.32
Edelweiss Large Cap Dir Gr	INF754K01BW4	ICICI Bank Ltd	Financial Services	97.85	6.63	0.00	Feb25	5.59
Edelweiss Large Cap Dir Gr	INF754K01BW4	ICICI Bank Ltd	Financial Services	97.85	6.63	0.00	Mar25	15.51
Edelweiss Large Cap Dir Gr	INF754K01BW4	ICICI Bank Ltd	Financial Services	97.85	6.63	0.00	Mar25	15.51
Edelweiss Large Cap Dir Gr	INF754K01BW4	ICICI Bank Ltd	Financial Services	97.85	6.63	0.00	Apr25	12.51
Edelweiss Large Cap Dir Gr	INF754K01BW4	ICICI Bank Ltd	Financial Services	97.85	6.63	0.00	May25	11.15
Edelweiss Large Cap Dir Gr	INF754K01BW4	ICICI Bank Ltd	Financial Services	97.85	6.63	0.00	June25	10.18
Edelweiss Large Cap Dir Gr	INF754K01BW4	ICICI Bank Ltd	Financial Services	97.85	6.63	0.00	July25	9.19
Edelweiss Large Cap Dir Gr	INF754K01BW4	ICICI Bank Ltd	Financial Services	97.85	6.63	0.00	Aug25	8.13
Edelweiss Large Cap Dir Gr	INF754K01BW4	Clearing Corporation Of India Ltd.		90.71	6.14		Oct24	5.55
Edelweiss Large Cap Dir Gr	INF754K01BW4	Clearing Corporation Of India Ltd.		90.71	6.14		Nov24	7.52
Edelweiss Large Cap Dir Gr	INF754K01BW4	Clearing Corporation Of India Ltd.		90.71	6.14		Dec24	3.56
Edelweiss Large Cap Dir Gr	INF754K01BW4	Clearing Corporation Of India Ltd.		90.71	6.14		Jan25	5.32
Edelweiss Large Cap Dir Gr	INF754K01BW4	Clearing Corporation Of India Ltd.		90.71	6.14		Feb25	5.59
Edelweiss Large Cap Dir Gr	INF754K01BW4	Clearing Corporation Of India Ltd.		90.71	6.14		Mar25	15.51
Edelweiss Large Cap Dir Gr	INF754K01BW4	Clearing Corporation Of India Ltd.		90.71	6.14		Mar25	15.51
Edelweiss Large Cap Dir Gr	INF754K01BW4	Clearing Corporation Of India Ltd.		90.71	6.14		Apr25	12.51
Edelweiss Large Cap Dir Gr	INF754K01BW4	Clearing Corporation Of India Ltd.		90.71	6.14		May25	11.15
Edelweiss Large Cap Dir Gr	INF754K01BW4	Clearing Corporation Of India Ltd.		90.71	6.14		June25	10.18
Edelweiss Large Cap Dir Gr	INF754K01BW4	Clearing Corporation Of India Ltd.		90.71	6.14		July25	9.19
Edelweiss Large Cap Dir Gr	INF754K01BW4	Clearing Corporation Of India Ltd.		90.71	6.14		Aug25	8.13
Edelweiss Large Cap Dir Gr	INF754K01BW4	Reliance Industries Ltd	Energy	81.43	5.51	-4.23	Oct24	5.55
Edelweiss Large Cap Dir Gr	INF754K01BW4	Reliance Industries Ltd	Energy	81.43	5.51	-4.23	Nov24	7.52
Edelweiss Large Cap Dir Gr	INF754K01BW4	Reliance Industries Ltd	Energy	81.43	5.51	-4.23	Dec24	3.56
Edelweiss Large Cap Dir Gr	INF754K01BW4	Reliance Industries Ltd	Energy	81.43	5.51	-4.23	Jan25	5.32
Edelweiss Large Cap Dir Gr	INF754K01BW4	Reliance Industries Ltd	Energy	81.43	5.51	-4.23	Feb25	5.59
Edelweiss Large Cap Dir Gr	INF754K01BW4	Reliance Industries Ltd	Energy	81.43	5.51	-4.23	Mar25	15.51
Edelweiss Large Cap Dir Gr	INF754K01BW4	Reliance Industries Ltd	Energy	81.43	5.51	-4.23	Mar25	15.51
Edelweiss Large Cap Dir Gr	INF754K01BW4	Reliance Industries Ltd	Energy	81.43	5.51	-4.23	Apr25	12.51
Edelweiss Large Cap Dir Gr	INF754K01BW4	Reliance Industries Ltd	Energy	81.43	5.51	-4.23	May25	11.15
Edelweiss Large Cap Dir Gr	INF754K01BW4	Reliance Industries Ltd	Energy	81.43	5.51	-4.23	June25	10.18
Edelweiss Large Cap Dir Gr	INF754K01BW4	Reliance Industries Ltd	Energy	81.43	5.51	-4.23	July25	9.19
Edelweiss Large Cap Dir Gr	INF754K01BW4	Reliance Industries Ltd	Energy	81.43	5.51	-4.23	Aug25	8.13
Edelweiss Large Cap Dir Gr	INF754K01BW4	Cash Offset For Derivatives		-69.20	4.69	75.59	Oct24	5.55
Edelweiss Large Cap Dir Gr	INF754K01BW4	Cash Offset For Derivatives		-69.20	4.69	75.59	Nov24	7.52
Edelweiss Large Cap Dir Gr	INF754K01BW4	Cash Offset For Derivatives		-69.20	4.69	75.59	Dec24	3.56
Edelweiss Large Cap Dir Gr	INF754K01BW4	Cash Offset For Derivatives		-69.20	4.69	75.59	Jan25	5.32
Edelweiss Large Cap Dir Gr	INF754K01BW4	Cash Offset For Derivatives		-69.20	4.69	75.59	Feb25	5.59
Edelweiss Large Cap Dir Gr	INF754K01BW4	Cash Offset For Derivatives		-69.20	4.69	75.59	Mar25	15.51
Edelweiss Large Cap Dir Gr	INF754K01BW4	Cash Offset For Derivatives		-69.20	4.69	75.59	Mar25	15.51
Edelweiss Large Cap Dir Gr	INF754K01BW4	Cash Offset For Derivatives		-69.20	4.69	75.59	Apr25	12.51
Edelweiss Large Cap Dir Gr	INF754K01BW4	Cash Offset For Derivatives		-69.20	4.69	75.59	May25	11.15
Edelweiss Large Cap Dir Gr	INF754K01BW4	Cash Offset For Derivatives		-69.20	4.69	75.59	June25	10.18
Edelweiss Large Cap Dir Gr	INF754K01BW4	Cash Offset For Derivatives		-69.20	4.69	75.59	July25	9.19
Edelweiss Large Cap Dir Gr	INF754K01BW4	Cash Offset For Derivatives		-69.20	4.69	75.59	Aug25	8.13
Edelweiss Large Cap Dir Gr	INF754K01BW4	Larsen & Toubro Ltd	Industrials	64.25	4.35	0.00	Oct24	5.55
Edelweiss Large Cap Dir Gr	INF754K01BW4	Larsen & Toubro Ltd	Industrials	64.25	4.35	0.00	Nov24	7.52
Edelweiss Large Cap Dir Gr	INF754K01BW4	Larsen & Toubro Ltd	Industrials	64.25	4.35	0.00	Dec24	3.56
Edelweiss Large Cap Dir Gr	INF754K01BW4	Larsen & Toubro Ltd	Industrials	64.25	4.35	0.00	Jan25	5.32
Edelweiss Large Cap Dir Gr	INF754K01BW4	Larsen & Toubro Ltd	Industrials	64.25	4.35	0.00	Feb25	5.59
Edelweiss Large Cap Dir Gr	INF754K01BW4	Larsen & Toubro Ltd	Industrials	64.25	4.35	0.00	Mar25	15.51
Edelweiss Large Cap Dir Gr	INF754K01BW4	Larsen & Toubro Ltd	Industrials	64.25	4.35	0.00	Mar25	15.51
Edelweiss Large Cap Dir Gr	INF754K01BW4	Larsen & Toubro Ltd	Industrials	64.25	4.35	0.00	Apr25	12.51
Edelweiss Large Cap Dir Gr	INF754K01BW4	Larsen & Toubro Ltd	Industrials	64.25	4.35	0.00	May25	11.15
Edelweiss Large Cap Dir Gr	INF754K01BW4	Larsen & Toubro Ltd	Industrials	64.25	4.35	0.00	June25	10.18
Edelweiss Large Cap Dir Gr	INF754K01BW4	Larsen & Toubro Ltd	Industrials	64.25	4.35	0.00	July25	9.19
Edelweiss Large Cap Dir Gr	INF754K01BW4	Larsen & Toubro Ltd	Industrials	64.25	4.35	0.00	Aug25	8.13
Edelweiss Large Cap Dir Gr	INF754K01BW4	State Bank of India	Financial Services	58.78	3.98	-14.96	Oct24	5.55
Edelweiss Large Cap Dir Gr	INF754K01BW4	State Bank of India	Financial Services	58.78	3.98	-14.96	Nov24	7.52
Edelweiss Large Cap Dir Gr	INF754K01BW4	State Bank of India	Financial Services	58.78	3.98	-14.96	Dec24	3.56
Edelweiss Large Cap Dir Gr	INF754K01BW4	State Bank of India	Financial Services	58.78	3.98	-14.96	Jan25	5.32
Edelweiss Large Cap Dir Gr	INF754K01BW4	State Bank of India	Financial Services	58.78	3.98	-14.96	Feb25	5.59
Edelweiss Large Cap Dir Gr	INF754K01BW4	State Bank of India	Financial Services	58.78	3.98	-14.96	Mar25	15.51
Edelweiss Large Cap Dir Gr	INF754K01BW4	State Bank of India	Financial Services	58.78	3.98	-14.96	Mar25	15.51
Edelweiss Large Cap Dir Gr	INF754K01BW4	State Bank of India	Financial Services	58.78	3.98	-14.96	Apr25	12.51
Edelweiss Large Cap Dir Gr	INF754K01BW4	State Bank of India	Financial Services	58.78	3.98	-14.96	May25	11.15
Edelweiss Large Cap Dir Gr	INF754K01BW4	State Bank of India	Financial Services	58.78	3.98	-14.96	June25	10.18
Edelweiss Large Cap Dir Gr	INF754K01BW4	State Bank of India	Financial Services	58.78	3.98	-14.96	July25	9.19
Edelweiss Large Cap Dir Gr	INF754K01BW4	State Bank of India	Financial Services	58.78	3.98	-14.96	Aug25	8.13
Edelweiss Large Cap Dir Gr	INF754K01BW4	Bharti Airtel Ltd	Communication Services	53.29	3.61	36.17	Oct24	5.55
Edelweiss Large Cap Dir Gr	INF754K01BW4	Bharti Airtel Ltd	Communication Services	53.29	3.61	36.17	Nov24	7.52
Edelweiss Large Cap Dir Gr	INF754K01BW4	Bharti Airtel Ltd	Communication Services	53.29	3.61	36.17	Dec24	3.56
Edelweiss Large Cap Dir Gr	INF754K01BW4	Bharti Airtel Ltd	Communication Services	53.29	3.61	36.17	Jan25	5.32
Edelweiss Large Cap Dir Gr	INF754K01BW4	Bharti Airtel Ltd	Communication Services	53.29	3.61	36.17	Feb25	5.59
Edelweiss Large Cap Dir Gr	INF754K01BW4	Bharti Airtel Ltd	Communication Services	53.29	3.61	36.17	Mar25	15.51
Edelweiss Large Cap Dir Gr	INF754K01BW4	Bharti Airtel Ltd	Communication Services	53.29	3.61	36.17	Mar25	15.51
Edelweiss Large Cap Dir Gr	INF754K01BW4	Bharti Airtel Ltd	Communication Services	53.29	3.61	36.17	Apr25	12.51
Edelweiss Large Cap Dir Gr	INF754K01BW4	Bharti Airtel Ltd	Communication Services	53.29	3.61	36.17	May25	11.15
Edelweiss Large Cap Dir Gr	INF754K01BW4	Bharti Airtel Ltd	Communication Services	53.29	3.61	36.17	June25	10.18
Edelweiss Large Cap Dir Gr	INF754K01BW4	Bharti Airtel Ltd	Communication Services	53.29	3.61	36.17	July25	9.19
Edelweiss Large Cap Dir Gr	INF754K01BW4	Bharti Airtel Ltd	Communication Services	53.29	3.61	36.17	Aug25	8.13
Edelweiss Large Cap Dir Gr	INF754K01BW4	Bajaj Finance Ltd	Financial Services	48.75	3.30	19.25	Oct24	5.55
Edelweiss Large Cap Dir Gr	INF754K01BW4	Bajaj Finance Ltd	Financial Services	48.75	3.30	19.25	Nov24	7.52
Edelweiss Large Cap Dir Gr	INF754K01BW4	Bajaj Finance Ltd	Financial Services	48.75	3.30	19.25	Dec24	3.56
Edelweiss Large Cap Dir Gr	INF754K01BW4	Bajaj Finance Ltd	Financial Services	48.75	3.30	19.25	Jan25	5.32
Edelweiss Large Cap Dir Gr	INF754K01BW4	Bajaj Finance Ltd	Financial Services	48.75	3.30	19.25	Feb25	5.59
Edelweiss Large Cap Dir Gr	INF754K01BW4	Bajaj Finance Ltd	Financial Services	48.75	3.30	19.25	Mar25	15.51
Edelweiss Large Cap Dir Gr	INF754K01BW4	Bajaj Finance Ltd	Financial Services	48.75	3.30	19.25	Mar25	15.51
Edelweiss Large Cap Dir Gr	INF754K01BW4	Bajaj Finance Ltd	Financial Services	48.75	3.30	19.25	Apr25	12.51
Edelweiss Large Cap Dir Gr	INF754K01BW4	Bajaj Finance Ltd	Financial Services	48.75	3.30	19.25	May25	11.15
Edelweiss Large Cap Dir Gr	INF754K01BW4	Bajaj Finance Ltd	Financial Services	48.75	3.30	19.25	June25	10.18
Edelweiss Large Cap Dir Gr	INF754K01BW4	Bajaj Finance Ltd	Financial Services	48.75	3.30	19.25	July25	9.19
Edelweiss Large Cap Dir Gr	INF754K01BW4	Bajaj Finance Ltd	Financial Services	48.75	3.30	19.25	Aug25	8.13
Edelweiss Large Cap Dir Gr	INF754K01BW4	Mahindra & Mahindra Ltd	Consumer Cyclical	47.56	3.22	24.68	Oct24	5.55
Edelweiss Large Cap Dir Gr	INF754K01BW4	Mahindra & Mahindra Ltd	Consumer Cyclical	47.56	3.22	24.68	Nov24	7.52
Edelweiss Large Cap Dir Gr	INF754K01BW4	Mahindra & Mahindra Ltd	Consumer Cyclical	47.56	3.22	24.68	Dec24	3.56
Edelweiss Large Cap Dir Gr	INF754K01BW4	Mahindra & Mahindra Ltd	Consumer Cyclical	47.56	3.22	24.68	Jan25	5.32
Edelweiss Large Cap Dir Gr	INF754K01BW4	Mahindra & Mahindra Ltd	Consumer Cyclical	47.56	3.22	24.68	Feb25	5.59
Edelweiss Large Cap Dir Gr	INF754K01BW4	Mahindra & Mahindra Ltd	Consumer Cyclical	47.56	3.22	24.68	Mar25	15.51
Edelweiss Large Cap Dir Gr	INF754K01BW4	Mahindra & Mahindra Ltd	Consumer Cyclical	47.56	3.22	24.68	Mar25	15.51
Edelweiss Large Cap Dir Gr	INF754K01BW4	Mahindra & Mahindra Ltd	Consumer Cyclical	47.56	3.22	24.68	Apr25	12.51
Edelweiss Large Cap Dir Gr	INF754K01BW4	Mahindra & Mahindra Ltd	Consumer Cyclical	47.56	3.22	24.68	May25	11.15
Edelweiss Large Cap Dir Gr	INF754K01BW4	Mahindra & Mahindra Ltd	Consumer Cyclical	47.56	3.22	24.68	June25	10.18
Edelweiss Large Cap Dir Gr	INF754K01BW4	Mahindra & Mahindra Ltd	Consumer Cyclical	47.56	3.22	24.68	July25	9.19
Edelweiss Large Cap Dir Gr	INF754K01BW4	Mahindra & Mahindra Ltd	Consumer Cyclical	47.56	3.22	24.68	Aug25	8.13
Edelweiss Large Cap Dir Gr	INF754K01BW4	Infosys Ltd	Technology	41.01	2.78	2.29	Oct24	5.55
Edelweiss Large Cap Dir Gr	INF754K01BW4	Infosys Ltd	Technology	41.01	2.78	2.29	Nov24	7.52
Edelweiss Large Cap Dir Gr	INF754K01BW4	Infosys Ltd	Technology	41.01	2.78	2.29	Dec24	3.56
Edelweiss Large Cap Dir Gr	INF754K01BW4	Infosys Ltd	Technology	41.01	2.78	2.29	Jan25	5.32
Edelweiss Large Cap Dir Gr	INF754K01BW4	Infosys Ltd	Technology	41.01	2.78	2.29	Feb25	5.59
Edelweiss Large Cap Dir Gr	INF754K01BW4	Infosys Ltd	Technology	41.01	2.78	2.29	Mar25	15.51
Edelweiss Large Cap Dir Gr	INF754K01BW4	Infosys Ltd	Technology	41.01	2.78	2.29	Mar25	15.51
Edelweiss Large Cap Dir Gr	INF754K01BW4	Infosys Ltd	Technology	41.01	2.78	2.29	Apr25	12.51
Edelweiss Large Cap Dir Gr	INF754K01BW4	Infosys Ltd	Technology	41.01	2.78	2.29	May25	11.15
Edelweiss Large Cap Dir Gr	INF754K01BW4	Infosys Ltd	Technology	41.01	2.78	2.29	June25	10.18
Edelweiss Large Cap Dir Gr	INF754K01BW4	Infosys Ltd	Technology	41.01	2.78	2.29	July25	9.19
Edelweiss Large Cap Dir Gr	INF754K01BW4	Infosys Ltd	Technology	41.01	2.78	2.29	Aug25	8.13
Edelweiss Large Cap Dir Gr	INF754K01BW4	Nifty 30-Mar-2026		40.02	2.71		Oct24	5.55
Edelweiss Large Cap Dir Gr	INF754K01BW4	Nifty 30-Mar-2026		40.02	2.71		Nov24	7.52
Edelweiss Large Cap Dir Gr	INF754K01BW4	Nifty 30-Mar-2026		40.02	2.71		Dec24	3.56
Edelweiss Large Cap Dir Gr	INF754K01BW4	Nifty 30-Mar-2026		40.02	2.71		Jan25	5.32
Edelweiss Large Cap Dir Gr	INF754K01BW4	Nifty 30-Mar-2026		40.02	2.71		Feb25	5.59
Edelweiss Large Cap Dir Gr	INF754K01BW4	Nifty 30-Mar-2026		40.02	2.71		Mar25	15.51
Edelweiss Large Cap Dir Gr	INF754K01BW4	Nifty 30-Mar-2026		40.02	2.71		Mar25	15.51
Edelweiss Large Cap Dir Gr	INF754K01BW4	Nifty 30-Mar-2026		40.02	2.71		Apr25	12.51
Edelweiss Large Cap Dir Gr	INF754K01BW4	Nifty 30-Mar-2026		40.02	2.71		May25	11.15
Edelweiss Large Cap Dir Gr	INF754K01BW4	Nifty 30-Mar-2026		40.02	2.71		June25	10.18
Edelweiss Large Cap Dir Gr	INF754K01BW4	Nifty 30-Mar-2026		40.02	2.71		July25	9.19
Edelweiss Large Cap Dir Gr	INF754K01BW4	Nifty 30-Mar-2026		40.02	2.71		Aug25	8.13
Edelweiss Large Cap Dir Gr	INF754K01BW4	Axis Bank Ltd	Financial Services	37.37	2.53	-20.25	Oct24	5.55
Edelweiss Large Cap Dir Gr	INF754K01BW4	Axis Bank Ltd	Financial Services	37.37	2.53	-20.25	Nov24	7.52
Edelweiss Large Cap Dir Gr	INF754K01BW4	Axis Bank Ltd	Financial Services	37.37	2.53	-20.25	Dec24	3.56
Edelweiss Large Cap Dir Gr	INF754K01BW4	Axis Bank Ltd	Financial Services	37.37	2.53	-20.25	Jan25	5.32
Edelweiss Large Cap Dir Gr	INF754K01BW4	Axis Bank Ltd	Financial Services	37.37	2.53	-20.25	Feb25	5.59
Edelweiss Large Cap Dir Gr	INF754K01BW4	Axis Bank Ltd	Financial Services	37.37	2.53	-20.25	Mar25	15.51
Edelweiss Large Cap Dir Gr	INF754K01BW4	Axis Bank Ltd	Financial Services	37.37	2.53	-20.25	Mar25	15.51
Edelweiss Large Cap Dir Gr	INF754K01BW4	Axis Bank Ltd	Financial Services	37.37	2.53	-20.25	Apr25	12.51
Edelweiss Large Cap Dir Gr	INF754K01BW4	Axis Bank Ltd	Financial Services	37.37	2.53	-20.25	May25	11.15
Edelweiss Large Cap Dir Gr	INF754K01BW4	Axis Bank Ltd	Financial Services	37.37	2.53	-20.25	June25	10.18
Edelweiss Large Cap Dir Gr	INF754K01BW4	Axis Bank Ltd	Financial Services	37.37	2.53	-20.25	July25	9.19
Edelweiss Large Cap Dir Gr	INF754K01BW4	Axis Bank Ltd	Financial Services	37.37	2.53	-20.25	Aug25	8.13
Edelweiss Large Cap Dir Gr	INF754K01BW4	NTPC Ltd	Utilities	32.96	2.23	12.01	Oct24	5.55
Edelweiss Large Cap Dir Gr	INF754K01BW4	NTPC Ltd	Utilities	32.96	2.23	12.01	Nov24	7.52
Edelweiss Large Cap Dir Gr	INF754K01BW4	NTPC Ltd	Utilities	32.96	2.23	12.01	Dec24	3.56
Edelweiss Large Cap Dir Gr	INF754K01BW4	NTPC Ltd	Utilities	32.96	2.23	12.01	Jan25	5.32
Edelweiss Large Cap Dir Gr	INF754K01BW4	NTPC Ltd	Utilities	32.96	2.23	12.01	Feb25	5.59
Edelweiss Large Cap Dir Gr	INF754K01BW4	NTPC Ltd	Utilities	32.96	2.23	12.01	Mar25	15.51
Edelweiss Large Cap Dir Gr	INF754K01BW4	NTPC Ltd	Utilities	32.96	2.23	12.01	Mar25	15.51
Edelweiss Large Cap Dir Gr	INF754K01BW4	NTPC Ltd	Utilities	32.96	2.23	12.01	Apr25	12.51
Edelweiss Large Cap Dir Gr	INF754K01BW4	NTPC Ltd	Utilities	32.96	2.23	12.01	May25	11.15
Edelweiss Large Cap Dir Gr	INF754K01BW4	NTPC Ltd	Utilities	32.96	2.23	12.01	June25	10.18
Edelweiss Large Cap Dir Gr	INF754K01BW4	NTPC Ltd	Utilities	32.96	2.23	12.01	July25	9.19
Edelweiss Large Cap Dir Gr	INF754K01BW4	NTPC Ltd	Utilities	32.96	2.23	12.01	Aug25	8.13
Edelweiss Large Cap Dir Gr	INF754K01BW4	ITC Ltd	Consumer Defensive	31.36	2.12	25.23	Oct24	5.55
Edelweiss Large Cap Dir Gr	INF754K01BW4	ITC Ltd	Consumer Defensive	31.36	2.12	25.23	Nov24	7.52
Edelweiss Large Cap Dir Gr	INF754K01BW4	ITC Ltd	Consumer Defensive	31.36	2.12	25.23	Dec24	3.56
Edelweiss Large Cap Dir Gr	INF754K01BW4	ITC Ltd	Consumer Defensive	31.36	2.12	25.23	Jan25	5.32
Edelweiss Large Cap Dir Gr	INF754K01BW4	ITC Ltd	Consumer Defensive	31.36	2.12	25.23	Feb25	5.59
Edelweiss Large Cap Dir Gr	INF754K01BW4	ITC Ltd	Consumer Defensive	31.36	2.12	25.23	Mar25	15.51
Edelweiss Large Cap Dir Gr	INF754K01BW4	ITC Ltd	Consumer Defensive	31.36	2.12	25.23	Mar25	15.51
Edelweiss Large Cap Dir Gr	INF754K01BW4	ITC Ltd	Consumer Defensive	31.36	2.12	25.23	Apr25	12.51
Edelweiss Large Cap Dir Gr	INF754K01BW4	ITC Ltd	Consumer Defensive	31.36	2.12	25.23	May25	11.15
Edelweiss Large Cap Dir Gr	INF754K01BW4	ITC Ltd	Consumer Defensive	31.36	2.12	25.23	June25	10.18
Edelweiss Large Cap Dir Gr	INF754K01BW4	ITC Ltd	Consumer Defensive	31.36	2.12	25.23	July25	9.19
Edelweiss Large Cap Dir Gr	INF754K01BW4	ITC Ltd	Consumer Defensive	31.36	2.12	25.23	Aug25	8.13
Edelweiss Large Cap Dir Gr	INF754K01BW4	Titan Co Ltd	Consumer Cyclical	30.81	2.09	94.74	Oct24	5.55
Edelweiss Large Cap Dir Gr	INF754K01BW4	Titan Co Ltd	Consumer Cyclical	30.81	2.09	94.74	Nov24	7.52
Edelweiss Large Cap Dir Gr	INF754K01BW4	Titan Co Ltd	Consumer Cyclical	30.81	2.09	94.74	Dec24	3.56
Edelweiss Large Cap Dir Gr	INF754K01BW4	Titan Co Ltd	Consumer Cyclical	30.81	2.09	94.74	Jan25	5.32
Edelweiss Large Cap Dir Gr	INF754K01BW4	Titan Co Ltd	Consumer Cyclical	30.81	2.09	94.74	Feb25	5.59
Edelweiss Large Cap Dir Gr	INF754K01BW4	Titan Co Ltd	Consumer Cyclical	30.81	2.09	94.74	Mar25	15.51
Edelweiss Large Cap Dir Gr	INF754K01BW4	Titan Co Ltd	Consumer Cyclical	30.81	2.09	94.74	Mar25	15.51
Edelweiss Large Cap Dir Gr	INF754K01BW4	Titan Co Ltd	Consumer Cyclical	30.81	2.09	94.74	Apr25	12.51
Edelweiss Large Cap Dir Gr	INF754K01BW4	Titan Co Ltd	Consumer Cyclical	30.81	2.09	94.74	May25	11.15
Edelweiss Large Cap Dir Gr	INF754K01BW4	Titan Co Ltd	Consumer Cyclical	30.81	2.09	94.74	June25	10.18
Edelweiss Large Cap Dir Gr	INF754K01BW4	Titan Co Ltd	Consumer Cyclical	30.81	2.09	94.74	July25	9.19
Edelweiss Large Cap Dir Gr	INF754K01BW4	Titan Co Ltd	Consumer Cyclical	30.81	2.09	94.74	Aug25	8.13
Edelweiss Large Cap Dir Gr	INF754K01BW4	UltraTech Cement Ltd	Basic Materials	26.78	1.81	0.00	Oct24	5.55
Edelweiss Large Cap Dir Gr	INF754K01BW4	UltraTech Cement Ltd	Basic Materials	26.78	1.81	0.00	Nov24	7.52
Edelweiss Large Cap Dir Gr	INF754K01BW4	UltraTech Cement Ltd	Basic Materials	26.78	1.81	0.00	Dec24	3.56
Edelweiss Large Cap Dir Gr	INF754K01BW4	UltraTech Cement Ltd	Basic Materials	26.78	1.81	0.00	Jan25	5.32
Edelweiss Large Cap Dir Gr	INF754K01BW4	UltraTech Cement Ltd	Basic Materials	26.78	1.81	0.00	Feb25	5.59
Edelweiss Large Cap Dir Gr	INF754K01BW4	UltraTech Cement Ltd	Basic Materials	26.78	1.81	0.00	Mar25	15.51
Edelweiss Large Cap Dir Gr	INF754K01BW4	UltraTech Cement Ltd	Basic Materials	26.78	1.81	0.00	Mar25	15.51
Edelweiss Large Cap Dir Gr	INF754K01BW4	UltraTech Cement Ltd	Basic Materials	26.78	1.81	0.00	Apr25	12.51
Edelweiss Large Cap Dir Gr	INF754K01BW4	UltraTech Cement Ltd	Basic Materials	26.78	1.81	0.00	May25	11.15
Edelweiss Large Cap Dir Gr	INF754K01BW4	UltraTech Cement Ltd	Basic Materials	26.78	1.81	0.00	June25	10.18
Edelweiss Large Cap Dir Gr	INF754K01BW4	UltraTech Cement Ltd	Basic Materials	26.78	1.81	0.00	July25	9.19
Edelweiss Large Cap Dir Gr	INF754K01BW4	UltraTech Cement Ltd	Basic Materials	26.78	1.81	0.00	Aug25	8.13
Edelweiss Large Cap Dir Gr	INF754K01BW4	Apollo Hospitals Enterprise Ltd	Healthcare	26.68	1.81	0.00	Oct24	5.55
Edelweiss Large Cap Dir Gr	INF754K01BW4	Apollo Hospitals Enterprise Ltd	Healthcare	26.68	1.81	0.00	Nov24	7.52
Edelweiss Large Cap Dir Gr	INF754K01BW4	Apollo Hospitals Enterprise Ltd	Healthcare	26.68	1.81	0.00	Dec24	3.56
Edelweiss Large Cap Dir Gr	INF754K01BW4	Apollo Hospitals Enterprise Ltd	Healthcare	26.68	1.81	0.00	Jan25	5.32
Edelweiss Large Cap Dir Gr	INF754K01BW4	Apollo Hospitals Enterprise Ltd	Healthcare	26.68	1.81	0.00	Feb25	5.59
Edelweiss Large Cap Dir Gr	INF754K01BW4	Apollo Hospitals Enterprise Ltd	Healthcare	26.68	1.81	0.00	Mar25	15.51
Edelweiss Large Cap Dir Gr	INF754K01BW4	Apollo Hospitals Enterprise Ltd	Healthcare	26.68	1.81	0.00	Mar25	15.51
Edelweiss Large Cap Dir Gr	INF754K01BW4	Apollo Hospitals Enterprise Ltd	Healthcare	26.68	1.81	0.00	Apr25	12.51
Edelweiss Large Cap Dir Gr	INF754K01BW4	Apollo Hospitals Enterprise Ltd	Healthcare	26.68	1.81	0.00	May25	11.15
Edelweiss Large Cap Dir Gr	INF754K01BW4	Apollo Hospitals Enterprise Ltd	Healthcare	26.68	1.81	0.00	June25	10.18
Edelweiss Large Cap Dir Gr	INF754K01BW4	Apollo Hospitals Enterprise Ltd	Healthcare	26.68	1.81	0.00	July25	9.19
Edelweiss Large Cap Dir Gr	INF754K01BW4	Apollo Hospitals Enterprise Ltd	Healthcare	26.68	1.81	0.00	Aug25	8.13
Edelweiss Large Cap Dir Gr	INF754K01BW4	Muthoot Finance Ltd	Financial Services	24.41	1.65	0.00	Oct24	5.55
Edelweiss Large Cap Dir Gr	INF754K01BW4	Muthoot Finance Ltd	Financial Services	24.41	1.65	0.00	Nov24	7.52
Edelweiss Large Cap Dir Gr	INF754K01BW4	Muthoot Finance Ltd	Financial Services	24.41	1.65	0.00	Dec24	3.56
Edelweiss Large Cap Dir Gr	INF754K01BW4	Muthoot Finance Ltd	Financial Services	24.41	1.65	0.00	Jan25	5.32
Edelweiss Large Cap Dir Gr	INF754K01BW4	Muthoot Finance Ltd	Financial Services	24.41	1.65	0.00	Feb25	5.59
Edelweiss Large Cap Dir Gr	INF754K01BW4	Muthoot Finance Ltd	Financial Services	24.41	1.65	0.00	Mar25	15.51
Edelweiss Large Cap Dir Gr	INF754K01BW4	Muthoot Finance Ltd	Financial Services	24.41	1.65	0.00	Mar25	15.51
Edelweiss Large Cap Dir Gr	INF754K01BW4	Muthoot Finance Ltd	Financial Services	24.41	1.65	0.00	Apr25	12.51
Edelweiss Large Cap Dir Gr	INF754K01BW4	Muthoot Finance Ltd	Financial Services	24.41	1.65	0.00	May25	11.15
Edelweiss Large Cap Dir Gr	INF754K01BW4	Muthoot Finance Ltd	Financial Services	24.41	1.65	0.00	June25	10.18
Edelweiss Large Cap Dir Gr	INF754K01BW4	Muthoot Finance Ltd	Financial Services	24.41	1.65	0.00	July25	9.19
Edelweiss Large Cap Dir Gr	INF754K01BW4	Muthoot Finance Ltd	Financial Services	24.41	1.65	0.00	Aug25	8.13
Edelweiss Large Cap Dir Gr	INF754K01BW4	Maruti Suzuki India Ltd	Consumer Cyclical	24.17	1.64	-20.39	Oct24	5.55
Edelweiss Large Cap Dir Gr	INF754K01BW4	Maruti Suzuki India Ltd	Consumer Cyclical	24.17	1.64	-20.39	Nov24	7.52
Edelweiss Large Cap Dir Gr	INF754K01BW4	Maruti Suzuki India Ltd	Consumer Cyclical	24.17	1.64	-20.39	Dec24	3.56
Edelweiss Large Cap Dir Gr	INF754K01BW4	Maruti Suzuki India Ltd	Consumer Cyclical	24.17	1.64	-20.39	Jan25	5.32
Edelweiss Large Cap Dir Gr	INF754K01BW4	Maruti Suzuki India Ltd	Consumer Cyclical	24.17	1.64	-20.39	Feb25	5.59
Edelweiss Large Cap Dir Gr	INF754K01BW4	Maruti Suzuki India Ltd	Consumer Cyclical	24.17	1.64	-20.39	Mar25	15.51
Edelweiss Large Cap Dir Gr	INF754K01BW4	Maruti Suzuki India Ltd	Consumer Cyclical	24.17	1.64	-20.39	Mar25	15.51
Edelweiss Large Cap Dir Gr	INF754K01BW4	Maruti Suzuki India Ltd	Consumer Cyclical	24.17	1.64	-20.39	Apr25	12.51
Edelweiss Large Cap Dir Gr	INF754K01BW4	Maruti Suzuki India Ltd	Consumer Cyclical	24.17	1.64	-20.39	May25	11.15
Edelweiss Large Cap Dir Gr	INF754K01BW4	Maruti Suzuki India Ltd	Consumer Cyclical	24.17	1.64	-20.39	June25	10.18
Edelweiss Large Cap Dir Gr	INF754K01BW4	Maruti Suzuki India Ltd	Consumer Cyclical	24.17	1.64	-20.39	July25	9.19
Edelweiss Large Cap Dir Gr	INF754K01BW4	Maruti Suzuki India Ltd	Consumer Cyclical	24.17	1.64	-20.39	Aug25	8.13
Edelweiss Large Cap Dir Gr	INF754K01BW4	HDFC Life Insurance Co Ltd	Financial Services	21.47	1.45	5.50	Oct24	5.55
Edelweiss Large Cap Dir Gr	INF754K01BW4	HDFC Life Insurance Co Ltd	Financial Services	21.47	1.45	5.50	Nov24	7.52
Edelweiss Large Cap Dir Gr	INF754K01BW4	HDFC Life Insurance Co Ltd	Financial Services	21.47	1.45	5.50	Dec24	3.56
Edelweiss Large Cap Dir Gr	INF754K01BW4	HDFC Life Insurance Co Ltd	Financial Services	21.47	1.45	5.50	Jan25	5.32
Edelweiss Large Cap Dir Gr	INF754K01BW4	HDFC Life Insurance Co Ltd	Financial Services	21.47	1.45	5.50	Feb25	5.59
Edelweiss Large Cap Dir Gr	INF754K01BW4	HDFC Life Insurance Co Ltd	Financial Services	21.47	1.45	5.50	Mar25	15.51
Edelweiss Large Cap Dir Gr	INF754K01BW4	HDFC Life Insurance Co Ltd	Financial Services	21.47	1.45	5.50	Mar25	15.51
Edelweiss Large Cap Dir Gr	INF754K01BW4	HDFC Life Insurance Co Ltd	Financial Services	21.47	1.45	5.50	Apr25	12.51
Edelweiss Large Cap Dir Gr	INF754K01BW4	HDFC Life Insurance Co Ltd	Financial Services	21.47	1.45	5.50	May25	11.15
Edelweiss Large Cap Dir Gr	INF754K01BW4	HDFC Life Insurance Co Ltd	Financial Services	21.47	1.45	5.50	June25	10.18
Edelweiss Large Cap Dir Gr	INF754K01BW4	HDFC Life Insurance Co Ltd	Financial Services	21.47	1.45	5.50	July25	9.19
Edelweiss Large Cap Dir Gr	INF754K01BW4	HDFC Life Insurance Co Ltd	Financial Services	21.47	1.45	5.50	Aug25	8.13
Edelweiss Large Cap Dir Gr	INF754K01BW4	Indian Bank	Financial Services	19.81	1.34	14.43	Oct24	5.55
Edelweiss Large Cap Dir Gr	INF754K01BW4	Indian Bank	Financial Services	19.81	1.34	14.43	Nov24	7.52
Edelweiss Large Cap Dir Gr	INF754K01BW4	Indian Bank	Financial Services	19.81	1.34	14.43	Dec24	3.56
Edelweiss Large Cap Dir Gr	INF754K01BW4	Indian Bank	Financial Services	19.81	1.34	14.43	Jan25	5.32
Edelweiss Large Cap Dir Gr	INF754K01BW4	Indian Bank	Financial Services	19.81	1.34	14.43	Feb25	5.59
Edelweiss Large Cap Dir Gr	INF754K01BW4	Indian Bank	Financial Services	19.81	1.34	14.43	Mar25	15.51
Edelweiss Large Cap Dir Gr	INF754K01BW4	Indian Bank	Financial Services	19.81	1.34	14.43	Mar25	15.51
Edelweiss Large Cap Dir Gr	INF754K01BW4	Indian Bank	Financial Services	19.81	1.34	14.43	Apr25	12.51
Edelweiss Large Cap Dir Gr	INF754K01BW4	Indian Bank	Financial Services	19.81	1.34	14.43	May25	11.15
Edelweiss Large Cap Dir Gr	INF754K01BW4	Indian Bank	Financial Services	19.81	1.34	14.43	June25	10.18
Edelweiss Large Cap Dir Gr	INF754K01BW4	Indian Bank	Financial Services	19.81	1.34	14.43	July25	9.19
Edelweiss Large Cap Dir Gr	INF754K01BW4	Indian Bank	Financial Services	19.81	1.34	14.43	Aug25	8.13
Edelweiss Large Cap Dir Gr	INF754K01BW4	Bank of Baroda	Financial Services	19.00	1.29	19.44	Oct24	5.55
Edelweiss Large Cap Dir Gr	INF754K01BW4	Bank of Baroda	Financial Services	19.00	1.29	19.44	Nov24	7.52
Edelweiss Large Cap Dir Gr	INF754K01BW4	Bank of Baroda	Financial Services	19.00	1.29	19.44	Dec24	3.56
Edelweiss Large Cap Dir Gr	INF754K01BW4	Bank of Baroda	Financial Services	19.00	1.29	19.44	Jan25	5.32
Edelweiss Large Cap Dir Gr	INF754K01BW4	Bank of Baroda	Financial Services	19.00	1.29	19.44	Feb25	5.59
Edelweiss Large Cap Dir Gr	INF754K01BW4	Bank of Baroda	Financial Services	19.00	1.29	19.44	Mar25	15.51
Edelweiss Large Cap Dir Gr	INF754K01BW4	Bank of Baroda	Financial Services	19.00	1.29	19.44	Mar25	15.51
Edelweiss Large Cap Dir Gr	INF754K01BW4	Bank of Baroda	Financial Services	19.00	1.29	19.44	Apr25	12.51
Edelweiss Large Cap Dir Gr	INF754K01BW4	Bank of Baroda	Financial Services	19.00	1.29	19.44	May25	11.15
Edelweiss Large Cap Dir Gr	INF754K01BW4	Bank of Baroda	Financial Services	19.00	1.29	19.44	June25	10.18
Edelweiss Large Cap Dir Gr	INF754K01BW4	Bank of Baroda	Financial Services	19.00	1.29	19.44	July25	9.19
Edelweiss Large Cap Dir Gr	INF754K01BW4	Bank of Baroda	Financial Services	19.00	1.29	19.44	Aug25	8.13
Edelweiss Large Cap Dir Gr	INF754K01BW4	Net Receivables/(Payables)		-18.77	1.27		Oct24	5.55
Edelweiss Large Cap Dir Gr	INF754K01BW4	Net Receivables/(Payables)		-18.77	1.27		Nov24	7.52
Edelweiss Large Cap Dir Gr	INF754K01BW4	Net Receivables/(Payables)		-18.77	1.27		Dec24	3.56
Edelweiss Large Cap Dir Gr	INF754K01BW4	Net Receivables/(Payables)		-18.77	1.27		Jan25	5.32
Edelweiss Large Cap Dir Gr	INF754K01BW4	Net Receivables/(Payables)		-18.77	1.27		Feb25	5.59
Edelweiss Large Cap Dir Gr	INF754K01BW4	Net Receivables/(Payables)		-18.77	1.27		Mar25	15.51
Edelweiss Large Cap Dir Gr	INF754K01BW4	Net Receivables/(Payables)		-18.77	1.27		Mar25	15.51
Edelweiss Large Cap Dir Gr	INF754K01BW4	Net Receivables/(Payables)		-18.77	1.27		Apr25	12.51
Edelweiss Large Cap Dir Gr	INF754K01BW4	Net Receivables/(Payables)		-18.77	1.27		May25	11.15
Edelweiss Large Cap Dir Gr	INF754K01BW4	Net Receivables/(Payables)		-18.77	1.27		June25	10.18
Edelweiss Large Cap Dir Gr	INF754K01BW4	Net Receivables/(Payables)		-18.77	1.27		July25	9.19
Edelweiss Large Cap Dir Gr	INF754K01BW4	Net Receivables/(Payables)		-18.77	1.27		Aug25	8.13
Edelweiss Large Cap Dir Gr	INF754K01BW4	Canara Bank	Financial Services	18.57	1.26	22.05	Oct24	5.55
Edelweiss Large Cap Dir Gr	INF754K01BW4	Canara Bank	Financial Services	18.57	1.26	22.05	Nov24	7.52
Edelweiss Large Cap Dir Gr	INF754K01BW4	Canara Bank	Financial Services	18.57	1.26	22.05	Dec24	3.56
Edelweiss Large Cap Dir Gr	INF754K01BW4	Canara Bank	Financial Services	18.57	1.26	22.05	Jan25	5.32
Edelweiss Large Cap Dir Gr	INF754K01BW4	Canara Bank	Financial Services	18.57	1.26	22.05	Feb25	5.59
Edelweiss Large Cap Dir Gr	INF754K01BW4	Canara Bank	Financial Services	18.57	1.26	22.05	Mar25	15.51
Edelweiss Large Cap Dir Gr	INF754K01BW4	Canara Bank	Financial Services	18.57	1.26	22.05	Mar25	15.51
Edelweiss Large Cap Dir Gr	INF754K01BW4	Canara Bank	Financial Services	18.57	1.26	22.05	Apr25	12.51
Edelweiss Large Cap Dir Gr	INF754K01BW4	Canara Bank	Financial Services	18.57	1.26	22.05	May25	11.15
Edelweiss Large Cap Dir Gr	INF754K01BW4	Canara Bank	Financial Services	18.57	1.26	22.05	June25	10.18
Edelweiss Large Cap Dir Gr	INF754K01BW4	Canara Bank	Financial Services	18.57	1.26	22.05	July25	9.19
Edelweiss Large Cap Dir Gr	INF754K01BW4	Canara Bank	Financial Services	18.57	1.26	22.05	Aug25	8.13
Edelweiss Large Cap Dir Gr	INF754K01BW4	GE Vernova T&D India Ltd	Industrials	17.65	1.20	0.00	Oct24	5.55
Edelweiss Large Cap Dir Gr	INF754K01BW4	GE Vernova T&D India Ltd	Industrials	17.65	1.20	0.00	Nov24	7.52
Edelweiss Large Cap Dir Gr	INF754K01BW4	GE Vernova T&D India Ltd	Industrials	17.65	1.20	0.00	Dec24	3.56
Edelweiss Large Cap Dir Gr	INF754K01BW4	GE Vernova T&D India Ltd	Industrials	17.65	1.20	0.00	Jan25	5.32
Edelweiss Large Cap Dir Gr	INF754K01BW4	GE Vernova T&D India Ltd	Industrials	17.65	1.20	0.00	Feb25	5.59
Edelweiss Large Cap Dir Gr	INF754K01BW4	GE Vernova T&D India Ltd	Industrials	17.65	1.20	0.00	Mar25	15.51
Edelweiss Large Cap Dir Gr	INF754K01BW4	GE Vernova T&D India Ltd	Industrials	17.65	1.20	0.00	Mar25	15.51
Edelweiss Large Cap Dir Gr	INF754K01BW4	GE Vernova T&D India Ltd	Industrials	17.65	1.20	0.00	Apr25	12.51
Edelweiss Large Cap Dir Gr	INF754K01BW4	GE Vernova T&D India Ltd	Industrials	17.65	1.20	0.00	May25	11.15
Edelweiss Large Cap Dir Gr	INF754K01BW4	GE Vernova T&D India Ltd	Industrials	17.65	1.20	0.00	June25	10.18
Edelweiss Large Cap Dir Gr	INF754K01BW4	GE Vernova T&D India Ltd	Industrials	17.65	1.20	0.00	July25	9.19
Edelweiss Large Cap Dir Gr	INF754K01BW4	GE Vernova T&D India Ltd	Industrials	17.65	1.20	0.00	Aug25	8.13
Edelweiss Large Cap Dir Gr	INF754K01BW4	Torrent Pharmaceuticals Ltd	Healthcare	17.51	1.19	0.00	Oct24	5.55
Edelweiss Large Cap Dir Gr	INF754K01BW4	Torrent Pharmaceuticals Ltd	Healthcare	17.51	1.19	0.00	Nov24	7.52
Edelweiss Large Cap Dir Gr	INF754K01BW4	Torrent Pharmaceuticals Ltd	Healthcare	17.51	1.19	0.00	Dec24	3.56
Edelweiss Large Cap Dir Gr	INF754K01BW4	Torrent Pharmaceuticals Ltd	Healthcare	17.51	1.19	0.00	Jan25	5.32
Edelweiss Large Cap Dir Gr	INF754K01BW4	Torrent Pharmaceuticals Ltd	Healthcare	17.51	1.19	0.00	Feb25	5.59
Edelweiss Large Cap Dir Gr	INF754K01BW4	Torrent Pharmaceuticals Ltd	Healthcare	17.51	1.19	0.00	Mar25	15.51
Edelweiss Large Cap Dir Gr	INF754K01BW4	Torrent Pharmaceuticals Ltd	Healthcare	17.51	1.19	0.00	Mar25	15.51
Edelweiss Large Cap Dir Gr	INF754K01BW4	Torrent Pharmaceuticals Ltd	Healthcare	17.51	1.19	0.00	Apr25	12.51
Edelweiss Large Cap Dir Gr	INF754K01BW4	Torrent Pharmaceuticals Ltd	Healthcare	17.51	1.19	0.00	May25	11.15
Edelweiss Large Cap Dir Gr	INF754K01BW4	Torrent Pharmaceuticals Ltd	Healthcare	17.51	1.19	0.00	June25	10.18
Edelweiss Large Cap Dir Gr	INF754K01BW4	Torrent Pharmaceuticals Ltd	Healthcare	17.51	1.19	0.00	July25	9.19
Edelweiss Large Cap Dir Gr	INF754K01BW4	Torrent Pharmaceuticals Ltd	Healthcare	17.51	1.19	0.00	Aug25	8.13
Edelweiss Large Cap Dir Gr	INF754K01BW4	Sun Pharmaceuticals Industries Ltd	Healthcare	17.37	1.18	-35.07	Oct24	5.55
Edelweiss Large Cap Dir Gr	INF754K01BW4	Sun Pharmaceuticals Industries Ltd	Healthcare	17.37	1.18	-35.07	Nov24	7.52
Edelweiss Large Cap Dir Gr	INF754K01BW4	Sun Pharmaceuticals Industries Ltd	Healthcare	17.37	1.18	-35.07	Dec24	3.56
Edelweiss Large Cap Dir Gr	INF754K01BW4	Sun Pharmaceuticals Industries Ltd	Healthcare	17.37	1.18	-35.07	Jan25	5.32
Edelweiss Large Cap Dir Gr	INF754K01BW4	Sun Pharmaceuticals Industries Ltd	Healthcare	17.37	1.18	-35.07	Feb25	5.59
Edelweiss Large Cap Dir Gr	INF754K01BW4	Sun Pharmaceuticals Industries Ltd	Healthcare	17.37	1.18	-35.07	Mar25	15.51
Edelweiss Large Cap Dir Gr	INF754K01BW4	Sun Pharmaceuticals Industries Ltd	Healthcare	17.37	1.18	-35.07	Mar25	15.51
Edelweiss Large Cap Dir Gr	INF754K01BW4	Sun Pharmaceuticals Industries Ltd	Healthcare	17.37	1.18	-35.07	Apr25	12.51
Edelweiss Large Cap Dir Gr	INF754K01BW4	Sun Pharmaceuticals Industries Ltd	Healthcare	17.37	1.18	-35.07	May25	11.15
Edelweiss Large Cap Dir Gr	INF754K01BW4	Sun Pharmaceuticals Industries Ltd	Healthcare	17.37	1.18	-35.07	June25	10.18
Edelweiss Large Cap Dir Gr	INF754K01BW4	Sun Pharmaceuticals Industries Ltd	Healthcare	17.37	1.18	-35.07	July25	9.19
Edelweiss Large Cap Dir Gr	INF754K01BW4	Sun Pharmaceuticals Industries Ltd	Healthcare	17.37	1.18	-35.07	Aug25	8.13
Edelweiss Large Cap Dir Gr	INF754K01BW4	Ashok Leyland Ltd.30/03/2026		17.11	1.16		Oct24	5.55
Edelweiss Large Cap Dir Gr	INF754K01BW4	Ashok Leyland Ltd.30/03/2026		17.11	1.16		Nov24	7.52
Edelweiss Large Cap Dir Gr	INF754K01BW4	Ashok Leyland Ltd.30/03/2026		17.11	1.16		Dec24	3.56
Edelweiss Large Cap Dir Gr	INF754K01BW4	Ashok Leyland Ltd.30/03/2026		17.11	1.16		Jan25	5.32
Edelweiss Large Cap Dir Gr	INF754K01BW4	Ashok Leyland Ltd.30/03/2026		17.11	1.16		Feb25	5.59
Edelweiss Large Cap Dir Gr	INF754K01BW4	Ashok Leyland Ltd.30/03/2026		17.11	1.16		Mar25	15.51
Edelweiss Large Cap Dir Gr	INF754K01BW4	Ashok Leyland Ltd.30/03/2026		17.11	1.16		Mar25	15.51
Edelweiss Large Cap Dir Gr	INF754K01BW4	Ashok Leyland Ltd.30/03/2026		17.11	1.16		Apr25	12.51
Edelweiss Large Cap Dir Gr	INF754K01BW4	Ashok Leyland Ltd.30/03/2026		17.11	1.16		May25	11.15
Edelweiss Large Cap Dir Gr	INF754K01BW4	Ashok Leyland Ltd.30/03/2026		17.11	1.16		June25	10.18
Edelweiss Large Cap Dir Gr	INF754K01BW4	Ashok Leyland Ltd.30/03/2026		17.11	1.16		July25	9.19
Edelweiss Large Cap Dir Gr	INF754K01BW4	Ashok Leyland Ltd.30/03/2026		17.11	1.16		Aug25	8.13
Edelweiss Large Cap Dir Gr	INF754K01BW4	Tata Consultancy Services Ltd	Technology	16.34	1.11	0.00	Oct24	5.55
Edelweiss Large Cap Dir Gr	INF754K01BW4	Tata Consultancy Services Ltd	Technology	16.34	1.11	0.00	Nov24	7.52
Edelweiss Large Cap Dir Gr	INF754K01BW4	Tata Consultancy Services Ltd	Technology	16.34	1.11	0.00	Dec24	3.56
Edelweiss Large Cap Dir Gr	INF754K01BW4	Tata Consultancy Services Ltd	Technology	16.34	1.11	0.00	Jan25	5.32
Edelweiss Large Cap Dir Gr	INF754K01BW4	Tata Consultancy Services Ltd	Technology	16.34	1.11	0.00	Feb25	5.59
Edelweiss Large Cap Dir Gr	INF754K01BW4	Tata Consultancy Services Ltd	Technology	16.34	1.11	0.00	Mar25	15.51
Edelweiss Large Cap Dir Gr	INF754K01BW4	Tata Consultancy Services Ltd	Technology	16.34	1.11	0.00	Mar25	15.51
Edelweiss Large Cap Dir Gr	INF754K01BW4	Tata Consultancy Services Ltd	Technology	16.34	1.11	0.00	Apr25	12.51
Edelweiss Large Cap Dir Gr	INF754K01BW4	Tata Consultancy Services Ltd	Technology	16.34	1.11	0.00	May25	11.15
Edelweiss Large Cap Dir Gr	INF754K01BW4	Tata Consultancy Services Ltd	Technology	16.34	1.11	0.00	June25	10.18
Edelweiss Large Cap Dir Gr	INF754K01BW4	Tata Consultancy Services Ltd	Technology	16.34	1.11	0.00	July25	9.19
Edelweiss Large Cap Dir Gr	INF754K01BW4	Tata Consultancy Services Ltd	Technology	16.34	1.11	0.00	Aug25	8.13
Edelweiss Large Cap Dir Gr	INF754K01BW4	Lupin Ltd	Healthcare	15.97	1.08	0.00	Oct24	5.55
Edelweiss Large Cap Dir Gr	INF754K01BW4	Lupin Ltd	Healthcare	15.97	1.08	0.00	Nov24	7.52
Edelweiss Large Cap Dir Gr	INF754K01BW4	Lupin Ltd	Healthcare	15.97	1.08	0.00	Dec24	3.56
Edelweiss Large Cap Dir Gr	INF754K01BW4	Lupin Ltd	Healthcare	15.97	1.08	0.00	Jan25	5.32
Edelweiss Large Cap Dir Gr	INF754K01BW4	Lupin Ltd	Healthcare	15.97	1.08	0.00	Feb25	5.59
Edelweiss Large Cap Dir Gr	INF754K01BW4	Lupin Ltd	Healthcare	15.97	1.08	0.00	Mar25	15.51
Edelweiss Large Cap Dir Gr	INF754K01BW4	Lupin Ltd	Healthcare	15.97	1.08	0.00	Mar25	15.51
Edelweiss Large Cap Dir Gr	INF754K01BW4	Lupin Ltd	Healthcare	15.97	1.08	0.00	Apr25	12.51
Edelweiss Large Cap Dir Gr	INF754K01BW4	Lupin Ltd	Healthcare	15.97	1.08	0.00	May25	11.15
Edelweiss Large Cap Dir Gr	INF754K01BW4	Lupin Ltd	Healthcare	15.97	1.08	0.00	June25	10.18
Edelweiss Large Cap Dir Gr	INF754K01BW4	Lupin Ltd	Healthcare	15.97	1.08	0.00	July25	9.19
Edelweiss Large Cap Dir Gr	INF754K01BW4	Lupin Ltd	Healthcare	15.97	1.08	0.00	Aug25	8.13
Edelweiss Large Cap Dir Gr	INF754K01BW4	Tech Mahindra Ltd	Technology	15.40	1.04	24.67	Oct24	5.55
Edelweiss Large Cap Dir Gr	INF754K01BW4	Tech Mahindra Ltd	Technology	15.40	1.04	24.67	Nov24	7.52
Edelweiss Large Cap Dir Gr	INF754K01BW4	Tech Mahindra Ltd	Technology	15.40	1.04	24.67	Dec24	3.56
Edelweiss Large Cap Dir Gr	INF754K01BW4	Tech Mahindra Ltd	Technology	15.40	1.04	24.67	Jan25	5.32
Edelweiss Large Cap Dir Gr	INF754K01BW4	Tech Mahindra Ltd	Technology	15.40	1.04	24.67	Feb25	5.59
Edelweiss Large Cap Dir Gr	INF754K01BW4	Tech Mahindra Ltd	Technology	15.40	1.04	24.67	Mar25	15.51
Edelweiss Large Cap Dir Gr	INF754K01BW4	Tech Mahindra Ltd	Technology	15.40	1.04	24.67	Mar25	15.51
Edelweiss Large Cap Dir Gr	INF754K01BW4	Tech Mahindra Ltd	Technology	15.40	1.04	24.67	Apr25	12.51
Edelweiss Large Cap Dir Gr	INF754K01BW4	Tech Mahindra Ltd	Technology	15.40	1.04	24.67	May25	11.15
Edelweiss Large Cap Dir Gr	INF754K01BW4	Tech Mahindra Ltd	Technology	15.40	1.04	24.67	June25	10.18
Edelweiss Large Cap Dir Gr	INF754K01BW4	Tech Mahindra Ltd	Technology	15.40	1.04	24.67	July25	9.19
Edelweiss Large Cap Dir Gr	INF754K01BW4	Tech Mahindra Ltd	Technology	15.40	1.04	24.67	Aug25	8.13
Edelweiss Large Cap Dir Gr	INF754K01BW4	Pidilite Industries Ltd	Basic Materials	15.24	1.03	39.46	Oct24	5.55
Edelweiss Large Cap Dir Gr	INF754K01BW4	Pidilite Industries Ltd	Basic Materials	15.24	1.03	39.46	Nov24	7.52
Edelweiss Large Cap Dir Gr	INF754K01BW4	Pidilite Industries Ltd	Basic Materials	15.24	1.03	39.46	Dec24	3.56
Edelweiss Large Cap Dir Gr	INF754K01BW4	Pidilite Industries Ltd	Basic Materials	15.24	1.03	39.46	Jan25	5.32
Edelweiss Large Cap Dir Gr	INF754K01BW4	Pidilite Industries Ltd	Basic Materials	15.24	1.03	39.46	Feb25	5.59
Edelweiss Large Cap Dir Gr	INF754K01BW4	Pidilite Industries Ltd	Basic Materials	15.24	1.03	39.46	Mar25	15.51
Edelweiss Large Cap Dir Gr	INF754K01BW4	Pidilite Industries Ltd	Basic Materials	15.24	1.03	39.46	Mar25	15.51
Edelweiss Large Cap Dir Gr	INF754K01BW4	Pidilite Industries Ltd	Basic Materials	15.24	1.03	39.46	Apr25	12.51
Edelweiss Large Cap Dir Gr	INF754K01BW4	Pidilite Industries Ltd	Basic Materials	15.24	1.03	39.46	May25	11.15
Edelweiss Large Cap Dir Gr	INF754K01BW4	Pidilite Industries Ltd	Basic Materials	15.24	1.03	39.46	June25	10.18
Edelweiss Large Cap Dir Gr	INF754K01BW4	Pidilite Industries Ltd	Basic Materials	15.24	1.03	39.46	July25	9.19
Edelweiss Large Cap Dir Gr	INF754K01BW4	Pidilite Industries Ltd	Basic Materials	15.24	1.03	39.46	Aug25	8.13
Edelweiss Large Cap Dir Gr	INF754K01BW4	Schaeffler India Ltd	Consumer Cyclical	15.21	1.03	0.00	Oct24	5.55
Edelweiss Large Cap Dir Gr	INF754K01BW4	Schaeffler India Ltd	Consumer Cyclical	15.21	1.03	0.00	Nov24	7.52
Edelweiss Large Cap Dir Gr	INF754K01BW4	Schaeffler India Ltd	Consumer Cyclical	15.21	1.03	0.00	Dec24	3.56
Edelweiss Large Cap Dir Gr	INF754K01BW4	Schaeffler India Ltd	Consumer Cyclical	15.21	1.03	0.00	Jan25	5.32
Edelweiss Large Cap Dir Gr	INF754K01BW4	Schaeffler India Ltd	Consumer Cyclical	15.21	1.03	0.00	Feb25	5.59
Edelweiss Large Cap Dir Gr	INF754K01BW4	Schaeffler India Ltd	Consumer Cyclical	15.21	1.03	0.00	Mar25	15.51
Edelweiss Large Cap Dir Gr	INF754K01BW4	Schaeffler India Ltd	Consumer Cyclical	15.21	1.03	0.00	Mar25	15.51
Edelweiss Large Cap Dir Gr	INF754K01BW4	Schaeffler India Ltd	Consumer Cyclical	15.21	1.03	0.00	Apr25	12.51
Edelweiss Large Cap Dir Gr	INF754K01BW4	Schaeffler India Ltd	Consumer Cyclical	15.21	1.03	0.00	May25	11.15
Edelweiss Large Cap Dir Gr	INF754K01BW4	Schaeffler India Ltd	Consumer Cyclical	15.21	1.03	0.00	June25	10.18
Edelweiss Large Cap Dir Gr	INF754K01BW4	Schaeffler India Ltd	Consumer Cyclical	15.21	1.03	0.00	July25	9.19
Edelweiss Large Cap Dir Gr	INF754K01BW4	Schaeffler India Ltd	Consumer Cyclical	15.21	1.03	0.00	Aug25	8.13
Edelweiss Large Cap Dir Gr	INF754K01BW4	Marico Ltd	Consumer Defensive	14.20	0.96	23.41	Oct24	5.55
Edelweiss Large Cap Dir Gr	INF754K01BW4	Marico Ltd	Consumer Defensive	14.20	0.96	23.41	Nov24	7.52
Edelweiss Large Cap Dir Gr	INF754K01BW4	Marico Ltd	Consumer Defensive	14.20	0.96	23.41	Dec24	3.56
Edelweiss Large Cap Dir Gr	INF754K01BW4	Marico Ltd	Consumer Defensive	14.20	0.96	23.41	Jan25	5.32
Edelweiss Large Cap Dir Gr	INF754K01BW4	Marico Ltd	Consumer Defensive	14.20	0.96	23.41	Feb25	5.59
Edelweiss Large Cap Dir Gr	INF754K01BW4	Marico Ltd	Consumer Defensive	14.20	0.96	23.41	Mar25	15.51
Edelweiss Large Cap Dir Gr	INF754K01BW4	Marico Ltd	Consumer Defensive	14.20	0.96	23.41	Mar25	15.51
Edelweiss Large Cap Dir Gr	INF754K01BW4	Marico Ltd	Consumer Defensive	14.20	0.96	23.41	Apr25	12.51
Edelweiss Large Cap Dir Gr	INF754K01BW4	Marico Ltd	Consumer Defensive	14.20	0.96	23.41	May25	11.15
Edelweiss Large Cap Dir Gr	INF754K01BW4	Marico Ltd	Consumer Defensive	14.20	0.96	23.41	June25	10.18
Edelweiss Large Cap Dir Gr	INF754K01BW4	Marico Ltd	Consumer Defensive	14.20	0.96	23.41	July25	9.19
Edelweiss Large Cap Dir Gr	INF754K01BW4	Marico Ltd	Consumer Defensive	14.20	0.96	23.41	Aug25	8.13
Edelweiss Large Cap Dir Gr	INF754K01BW4	Hindustan Unilever Ltd	Consumer Defensive	13.33	0.90	0.00	Oct24	5.55
Edelweiss Large Cap Dir Gr	INF754K01BW4	Hindustan Unilever Ltd	Consumer Defensive	13.33	0.90	0.00	Nov24	7.52
Edelweiss Large Cap Dir Gr	INF754K01BW4	Hindustan Unilever Ltd	Consumer Defensive	13.33	0.90	0.00	Dec24	3.56
Edelweiss Large Cap Dir Gr	INF754K01BW4	Hindustan Unilever Ltd	Consumer Defensive	13.33	0.90	0.00	Jan25	5.32
Edelweiss Large Cap Dir Gr	INF754K01BW4	Hindustan Unilever Ltd	Consumer Defensive	13.33	0.90	0.00	Feb25	5.59
Edelweiss Large Cap Dir Gr	INF754K01BW4	Hindustan Unilever Ltd	Consumer Defensive	13.33	0.90	0.00	Mar25	15.51
Edelweiss Large Cap Dir Gr	INF754K01BW4	Hindustan Unilever Ltd	Consumer Defensive	13.33	0.90	0.00	Mar25	15.51
Edelweiss Large Cap Dir Gr	INF754K01BW4	Hindustan Unilever Ltd	Consumer Defensive	13.33	0.90	0.00	Apr25	12.51
Edelweiss Large Cap Dir Gr	INF754K01BW4	Hindustan Unilever Ltd	Consumer Defensive	13.33	0.90	0.00	May25	11.15
Edelweiss Large Cap Dir Gr	INF754K01BW4	Hindustan Unilever Ltd	Consumer Defensive	13.33	0.90	0.00	June25	10.18
Edelweiss Large Cap Dir Gr	INF754K01BW4	Hindustan Unilever Ltd	Consumer Defensive	13.33	0.90	0.00	July25	9.19
Edelweiss Large Cap Dir Gr	INF754K01BW4	Hindustan Unilever Ltd	Consumer Defensive	13.33	0.90	0.00	Aug25	8.13
Edelweiss Large Cap Dir Gr	INF754K01BW4	TVS Motor Co Ltd	Consumer Cyclical	13.23	0.90	0.00	Oct24	5.55
Edelweiss Large Cap Dir Gr	INF754K01BW4	TVS Motor Co Ltd	Consumer Cyclical	13.23	0.90	0.00	Nov24	7.52
Edelweiss Large Cap Dir Gr	INF754K01BW4	TVS Motor Co Ltd	Consumer Cyclical	13.23	0.90	0.00	Dec24	3.56
Edelweiss Large Cap Dir Gr	INF754K01BW4	TVS Motor Co Ltd	Consumer Cyclical	13.23	0.90	0.00	Jan25	5.32
Edelweiss Large Cap Dir Gr	INF754K01BW4	TVS Motor Co Ltd	Consumer Cyclical	13.23	0.90	0.00	Feb25	5.59
Edelweiss Large Cap Dir Gr	INF754K01BW4	TVS Motor Co Ltd	Consumer Cyclical	13.23	0.90	0.00	Mar25	15.51
Edelweiss Large Cap Dir Gr	INF754K01BW4	TVS Motor Co Ltd	Consumer Cyclical	13.23	0.90	0.00	Mar25	15.51
Edelweiss Large Cap Dir Gr	INF754K01BW4	TVS Motor Co Ltd	Consumer Cyclical	13.23	0.90	0.00	Apr25	12.51
Edelweiss Large Cap Dir Gr	INF754K01BW4	TVS Motor Co Ltd	Consumer Cyclical	13.23	0.90	0.00	May25	11.15
Edelweiss Large Cap Dir Gr	INF754K01BW4	TVS Motor Co Ltd	Consumer Cyclical	13.23	0.90	0.00	June25	10.18
Edelweiss Large Cap Dir Gr	INF754K01BW4	TVS Motor Co Ltd	Consumer Cyclical	13.23	0.90	0.00	July25	9.19
Edelweiss Large Cap Dir Gr	INF754K01BW4	TVS Motor Co Ltd	Consumer Cyclical	13.23	0.90	0.00	Aug25	8.13
Edelweiss Large Cap Dir Gr	INF754K01BW4	InterGlobe Aviation Ltd	Industrials	12.26	0.83	0.00	Oct24	5.55
Edelweiss Large Cap Dir Gr	INF754K01BW4	InterGlobe Aviation Ltd	Industrials	12.26	0.83	0.00	Nov24	7.52
Edelweiss Large Cap Dir Gr	INF754K01BW4	InterGlobe Aviation Ltd	Industrials	12.26	0.83	0.00	Dec24	3.56
Edelweiss Large Cap Dir Gr	INF754K01BW4	InterGlobe Aviation Ltd	Industrials	12.26	0.83	0.00	Jan25	5.32
Edelweiss Large Cap Dir Gr	INF754K01BW4	InterGlobe Aviation Ltd	Industrials	12.26	0.83	0.00	Feb25	5.59
Edelweiss Large Cap Dir Gr	INF754K01BW4	InterGlobe Aviation Ltd	Industrials	12.26	0.83	0.00	Mar25	15.51
Edelweiss Large Cap Dir Gr	INF754K01BW4	InterGlobe Aviation Ltd	Industrials	12.26	0.83	0.00	Mar25	15.51
Edelweiss Large Cap Dir Gr	INF754K01BW4	InterGlobe Aviation Ltd	Industrials	12.26	0.83	0.00	Apr25	12.51
Edelweiss Large Cap Dir Gr	INF754K01BW4	InterGlobe Aviation Ltd	Industrials	12.26	0.83	0.00	May25	11.15
Edelweiss Large Cap Dir Gr	INF754K01BW4	InterGlobe Aviation Ltd	Industrials	12.26	0.83	0.00	June25	10.18
Edelweiss Large Cap Dir Gr	INF754K01BW4	InterGlobe Aviation Ltd	Industrials	12.26	0.83	0.00	July25	9.19
Edelweiss Large Cap Dir Gr	INF754K01BW4	InterGlobe Aviation Ltd	Industrials	12.26	0.83	0.00	Aug25	8.13
Edelweiss Large Cap Dir Gr	INF754K01BW4	Indus Towers Ltd Ordinary Shares	Communication Services	12.26	0.83	54.56	Oct24	5.55
Edelweiss Large Cap Dir Gr	INF754K01BW4	Indus Towers Ltd Ordinary Shares	Communication Services	12.26	0.83	54.56	Nov24	7.52
Edelweiss Large Cap Dir Gr	INF754K01BW4	Indus Towers Ltd Ordinary Shares	Communication Services	12.26	0.83	54.56	Dec24	3.56
Edelweiss Large Cap Dir Gr	INF754K01BW4	Indus Towers Ltd Ordinary Shares	Communication Services	12.26	0.83	54.56	Jan25	5.32
Edelweiss Large Cap Dir Gr	INF754K01BW4	Indus Towers Ltd Ordinary Shares	Communication Services	12.26	0.83	54.56	Feb25	5.59
Edelweiss Large Cap Dir Gr	INF754K01BW4	Indus Towers Ltd Ordinary Shares	Communication Services	12.26	0.83	54.56	Mar25	15.51
Edelweiss Large Cap Dir Gr	INF754K01BW4	Indus Towers Ltd Ordinary Shares	Communication Services	12.26	0.83	54.56	Mar25	15.51
Edelweiss Large Cap Dir Gr	INF754K01BW4	Indus Towers Ltd Ordinary Shares	Communication Services	12.26	0.83	54.56	Apr25	12.51
Edelweiss Large Cap Dir Gr	INF754K01BW4	Indus Towers Ltd Ordinary Shares	Communication Services	12.26	0.83	54.56	May25	11.15
Edelweiss Large Cap Dir Gr	INF754K01BW4	Indus Towers Ltd Ordinary Shares	Communication Services	12.26	0.83	54.56	June25	10.18
Edelweiss Large Cap Dir Gr	INF754K01BW4	Indus Towers Ltd Ordinary Shares	Communication Services	12.26	0.83	54.56	July25	9.19
Edelweiss Large Cap Dir Gr	INF754K01BW4	Indus Towers Ltd Ordinary Shares	Communication Services	12.26	0.83	54.56	Aug25	8.13
Edelweiss Large Cap Dir Gr	INF754K01BW4	Banknifty 30-Mar-2026		12.06	0.82		Oct24	5.55
Edelweiss Large Cap Dir Gr	INF754K01BW4	Banknifty 30-Mar-2026		12.06	0.82		Nov24	7.52
Edelweiss Large Cap Dir Gr	INF754K01BW4	Banknifty 30-Mar-2026		12.06	0.82		Dec24	3.56
Edelweiss Large Cap Dir Gr	INF754K01BW4	Banknifty 30-Mar-2026		12.06	0.82		Jan25	5.32
Edelweiss Large Cap Dir Gr	INF754K01BW4	Banknifty 30-Mar-2026		12.06	0.82		Feb25	5.59
Edelweiss Large Cap Dir Gr	INF754K01BW4	Banknifty 30-Mar-2026		12.06	0.82		Mar25	15.51
Edelweiss Large Cap Dir Gr	INF754K01BW4	Banknifty 30-Mar-2026		12.06	0.82		Mar25	15.51
Edelweiss Large Cap Dir Gr	INF754K01BW4	Banknifty 30-Mar-2026		12.06	0.82		Apr25	12.51
Edelweiss Large Cap Dir Gr	INF754K01BW4	Banknifty 30-Mar-2026		12.06	0.82		May25	11.15
Edelweiss Large Cap Dir Gr	INF754K01BW4	Banknifty 30-Mar-2026		12.06	0.82		June25	10.18
Edelweiss Large Cap Dir Gr	INF754K01BW4	Banknifty 30-Mar-2026		12.06	0.82		July25	9.19
Edelweiss Large Cap Dir Gr	INF754K01BW4	Banknifty 30-Mar-2026		12.06	0.82		Aug25	8.13
Edelweiss Large Cap Dir Gr	INF754K01BW4	J.B. Chemicals & Pharmaceuticals Ltd	Healthcare	11.29	0.76		Oct24	5.55
Edelweiss Large Cap Dir Gr	INF754K01BW4	J.B. Chemicals & Pharmaceuticals Ltd	Healthcare	11.29	0.76		Nov24	7.52
Edelweiss Large Cap Dir Gr	INF754K01BW4	J.B. Chemicals & Pharmaceuticals Ltd	Healthcare	11.29	0.76		Dec24	3.56
Edelweiss Large Cap Dir Gr	INF754K01BW4	J.B. Chemicals & Pharmaceuticals Ltd	Healthcare	11.29	0.76		Jan25	5.32
Edelweiss Large Cap Dir Gr	INF754K01BW4	J.B. Chemicals & Pharmaceuticals Ltd	Healthcare	11.29	0.76		Feb25	5.59
Edelweiss Large Cap Dir Gr	INF754K01BW4	J.B. Chemicals & Pharmaceuticals Ltd	Healthcare	11.29	0.76		Mar25	15.51
Edelweiss Large Cap Dir Gr	INF754K01BW4	J.B. Chemicals & Pharmaceuticals Ltd	Healthcare	11.29	0.76		Mar25	15.51
Edelweiss Large Cap Dir Gr	INF754K01BW4	J.B. Chemicals & Pharmaceuticals Ltd	Healthcare	11.29	0.76		Apr25	12.51
Edelweiss Large Cap Dir Gr	INF754K01BW4	J.B. Chemicals & Pharmaceuticals Ltd	Healthcare	11.29	0.76		May25	11.15
Edelweiss Large Cap Dir Gr	INF754K01BW4	J.B. Chemicals & Pharmaceuticals Ltd	Healthcare	11.29	0.76		June25	10.18
Edelweiss Large Cap Dir Gr	INF754K01BW4	J.B. Chemicals & Pharmaceuticals Ltd	Healthcare	11.29	0.76		July25	9.19
Edelweiss Large Cap Dir Gr	INF754K01BW4	J.B. Chemicals & Pharmaceuticals Ltd	Healthcare	11.29	0.76		Aug25	8.13
Edelweiss Large Cap Dir Gr	INF754K01BW4	SBI Life Insurance Co Ltd	Financial Services	11.20	0.76	-21.49	Oct24	5.55
Edelweiss Large Cap Dir Gr	INF754K01BW4	SBI Life Insurance Co Ltd	Financial Services	11.20	0.76	-21.49	Nov24	7.52
Edelweiss Large Cap Dir Gr	INF754K01BW4	SBI Life Insurance Co Ltd	Financial Services	11.20	0.76	-21.49	Dec24	3.56
Edelweiss Large Cap Dir Gr	INF754K01BW4	SBI Life Insurance Co Ltd	Financial Services	11.20	0.76	-21.49	Jan25	5.32
Edelweiss Large Cap Dir Gr	INF754K01BW4	SBI Life Insurance Co Ltd	Financial Services	11.20	0.76	-21.49	Feb25	5.59
Edelweiss Large Cap Dir Gr	INF754K01BW4	SBI Life Insurance Co Ltd	Financial Services	11.20	0.76	-21.49	Mar25	15.51
Edelweiss Large Cap Dir Gr	INF754K01BW4	SBI Life Insurance Co Ltd	Financial Services	11.20	0.76	-21.49	Mar25	15.51
Edelweiss Large Cap Dir Gr	INF754K01BW4	SBI Life Insurance Co Ltd	Financial Services	11.20	0.76	-21.49	Apr25	12.51
Edelweiss Large Cap Dir Gr	INF754K01BW4	SBI Life Insurance Co Ltd	Financial Services	11.20	0.76	-21.49	May25	11.15
Edelweiss Large Cap Dir Gr	INF754K01BW4	SBI Life Insurance Co Ltd	Financial Services	11.20	0.76	-21.49	June25	10.18
Edelweiss Large Cap Dir Gr	INF754K01BW4	SBI Life Insurance Co Ltd	Financial Services	11.20	0.76	-21.49	July25	9.19
Edelweiss Large Cap Dir Gr	INF754K01BW4	SBI Life Insurance Co Ltd	Financial Services	11.20	0.76	-21.49	Aug25	8.13
Edelweiss Large Cap Dir Gr	INF754K01BW4	Hindalco Industries Ltd	Basic Materials	11.10	0.75	-52.54	Oct24	5.55
Edelweiss Large Cap Dir Gr	INF754K01BW4	Hindalco Industries Ltd	Basic Materials	11.10	0.75	-52.54	Nov24	7.52
Edelweiss Large Cap Dir Gr	INF754K01BW4	Hindalco Industries Ltd	Basic Materials	11.10	0.75	-52.54	Dec24	3.56
Edelweiss Large Cap Dir Gr	INF754K01BW4	Hindalco Industries Ltd	Basic Materials	11.10	0.75	-52.54	Jan25	5.32
Edelweiss Large Cap Dir Gr	INF754K01BW4	Hindalco Industries Ltd	Basic Materials	11.10	0.75	-52.54	Feb25	5.59
Edelweiss Large Cap Dir Gr	INF754K01BW4	Hindalco Industries Ltd	Basic Materials	11.10	0.75	-52.54	Mar25	15.51
Edelweiss Large Cap Dir Gr	INF754K01BW4	Hindalco Industries Ltd	Basic Materials	11.10	0.75	-52.54	Mar25	15.51
Edelweiss Large Cap Dir Gr	INF754K01BW4	Hindalco Industries Ltd	Basic Materials	11.10	0.75	-52.54	Apr25	12.51
Edelweiss Large Cap Dir Gr	INF754K01BW4	Hindalco Industries Ltd	Basic Materials	11.10	0.75	-52.54	May25	11.15
Edelweiss Large Cap Dir Gr	INF754K01BW4	Hindalco Industries Ltd	Basic Materials	11.10	0.75	-52.54	June25	10.18
Edelweiss Large Cap Dir Gr	INF754K01BW4	Hindalco Industries Ltd	Basic Materials	11.10	0.75	-52.54	July25	9.19
Edelweiss Large Cap Dir Gr	INF754K01BW4	Hindalco Industries Ltd	Basic Materials	11.10	0.75	-52.54	Aug25	8.13
Edelweiss Large Cap Dir Gr	INF754K01BW4	Nestle India Ltd	Consumer Defensive	10.65	0.72	0.00	Oct24	5.55
Edelweiss Large Cap Dir Gr	INF754K01BW4	Nestle India Ltd	Consumer Defensive	10.65	0.72	0.00	Nov24	7.52
Edelweiss Large Cap Dir Gr	INF754K01BW4	Nestle India Ltd	Consumer Defensive	10.65	0.72	0.00	Dec24	3.56
Edelweiss Large Cap Dir Gr	INF754K01BW4	Nestle India Ltd	Consumer Defensive	10.65	0.72	0.00	Jan25	5.32
Edelweiss Large Cap Dir Gr	INF754K01BW4	Nestle India Ltd	Consumer Defensive	10.65	0.72	0.00	Feb25	5.59
Edelweiss Large Cap Dir Gr	INF754K01BW4	Nestle India Ltd	Consumer Defensive	10.65	0.72	0.00	Mar25	15.51
Edelweiss Large Cap Dir Gr	INF754K01BW4	Nestle India Ltd	Consumer Defensive	10.65	0.72	0.00	Mar25	15.51
Edelweiss Large Cap Dir Gr	INF754K01BW4	Nestle India Ltd	Consumer Defensive	10.65	0.72	0.00	Apr25	12.51
Edelweiss Large Cap Dir Gr	INF754K01BW4	Nestle India Ltd	Consumer Defensive	10.65	0.72	0.00	May25	11.15
Edelweiss Large Cap Dir Gr	INF754K01BW4	Nestle India Ltd	Consumer Defensive	10.65	0.72	0.00	June25	10.18
Edelweiss Large Cap Dir Gr	INF754K01BW4	Nestle India Ltd	Consumer Defensive	10.65	0.72	0.00	July25	9.19
Edelweiss Large Cap Dir Gr	INF754K01BW4	Nestle India Ltd	Consumer Defensive	10.65	0.72	0.00	Aug25	8.13
Edelweiss Large Cap Dir Gr	INF754K01BW4	Godrej Consumer Products Ltd	Consumer Defensive	10.51	0.71		Oct24	5.55
Edelweiss Large Cap Dir Gr	INF754K01BW4	Godrej Consumer Products Ltd	Consumer Defensive	10.51	0.71		Nov24	7.52
Edelweiss Large Cap Dir Gr	INF754K01BW4	Godrej Consumer Products Ltd	Consumer Defensive	10.51	0.71		Dec24	3.56
Edelweiss Large Cap Dir Gr	INF754K01BW4	Godrej Consumer Products Ltd	Consumer Defensive	10.51	0.71		Jan25	5.32
Edelweiss Large Cap Dir Gr	INF754K01BW4	Godrej Consumer Products Ltd	Consumer Defensive	10.51	0.71		Feb25	5.59
Edelweiss Large Cap Dir Gr	INF754K01BW4	Godrej Consumer Products Ltd	Consumer Defensive	10.51	0.71		Mar25	15.51
Edelweiss Large Cap Dir Gr	INF754K01BW4	Godrej Consumer Products Ltd	Consumer Defensive	10.51	0.71		Mar25	15.51
Edelweiss Large Cap Dir Gr	INF754K01BW4	Godrej Consumer Products Ltd	Consumer Defensive	10.51	0.71		Apr25	12.51
Edelweiss Large Cap Dir Gr	INF754K01BW4	Godrej Consumer Products Ltd	Consumer Defensive	10.51	0.71		May25	11.15
Edelweiss Large Cap Dir Gr	INF754K01BW4	Godrej Consumer Products Ltd	Consumer Defensive	10.51	0.71		June25	10.18
Edelweiss Large Cap Dir Gr	INF754K01BW4	Godrej Consumer Products Ltd	Consumer Defensive	10.51	0.71		July25	9.19
Edelweiss Large Cap Dir Gr	INF754K01BW4	Godrej Consumer Products Ltd	Consumer Defensive	10.51	0.71		Aug25	8.13
Edelweiss Large Cap Dir Gr	INF754K01BW4	Eternal Ltd	Consumer Cyclical	10.47	0.71	0.00	Oct24	5.55
Edelweiss Large Cap Dir Gr	INF754K01BW4	Eternal Ltd	Consumer Cyclical	10.47	0.71	0.00	Nov24	7.52
Edelweiss Large Cap Dir Gr	INF754K01BW4	Eternal Ltd	Consumer Cyclical	10.47	0.71	0.00	Dec24	3.56
Edelweiss Large Cap Dir Gr	INF754K01BW4	Eternal Ltd	Consumer Cyclical	10.47	0.71	0.00	Jan25	5.32
Edelweiss Large Cap Dir Gr	INF754K01BW4	Eternal Ltd	Consumer Cyclical	10.47	0.71	0.00	Feb25	5.59
Edelweiss Large Cap Dir Gr	INF754K01BW4	Eternal Ltd	Consumer Cyclical	10.47	0.71	0.00	Mar25	15.51
Edelweiss Large Cap Dir Gr	INF754K01BW4	Eternal Ltd	Consumer Cyclical	10.47	0.71	0.00	Mar25	15.51
Edelweiss Large Cap Dir Gr	INF754K01BW4	Eternal Ltd	Consumer Cyclical	10.47	0.71	0.00	Apr25	12.51
Edelweiss Large Cap Dir Gr	INF754K01BW4	Eternal Ltd	Consumer Cyclical	10.47	0.71	0.00	May25	11.15
Edelweiss Large Cap Dir Gr	INF754K01BW4	Eternal Ltd	Consumer Cyclical	10.47	0.71	0.00	June25	10.18
Edelweiss Large Cap Dir Gr	INF754K01BW4	Eternal Ltd	Consumer Cyclical	10.47	0.71	0.00	July25	9.19
Edelweiss Large Cap Dir Gr	INF754K01BW4	Eternal Ltd	Consumer Cyclical	10.47	0.71	0.00	Aug25	8.13
Edelweiss Large Cap Dir Gr	INF754K01BW4	Tata Consumer Products Ltd	Consumer Defensive	10.38	0.70	0.00	Oct24	5.55
Edelweiss Large Cap Dir Gr	INF754K01BW4	Tata Consumer Products Ltd	Consumer Defensive	10.38	0.70	0.00	Nov24	7.52
Edelweiss Large Cap Dir Gr	INF754K01BW4	Tata Consumer Products Ltd	Consumer Defensive	10.38	0.70	0.00	Dec24	3.56
Edelweiss Large Cap Dir Gr	INF754K01BW4	Tata Consumer Products Ltd	Consumer Defensive	10.38	0.70	0.00	Jan25	5.32
Edelweiss Large Cap Dir Gr	INF754K01BW4	Tata Consumer Products Ltd	Consumer Defensive	10.38	0.70	0.00	Feb25	5.59
Edelweiss Large Cap Dir Gr	INF754K01BW4	Tata Consumer Products Ltd	Consumer Defensive	10.38	0.70	0.00	Mar25	15.51
Edelweiss Large Cap Dir Gr	INF754K01BW4	Tata Consumer Products Ltd	Consumer Defensive	10.38	0.70	0.00	Mar25	15.51
Edelweiss Large Cap Dir Gr	INF754K01BW4	Tata Consumer Products Ltd	Consumer Defensive	10.38	0.70	0.00	Apr25	12.51
Edelweiss Large Cap Dir Gr	INF754K01BW4	Tata Consumer Products Ltd	Consumer Defensive	10.38	0.70	0.00	May25	11.15
Edelweiss Large Cap Dir Gr	INF754K01BW4	Tata Consumer Products Ltd	Consumer Defensive	10.38	0.70	0.00	June25	10.18
Edelweiss Large Cap Dir Gr	INF754K01BW4	Tata Consumer Products Ltd	Consumer Defensive	10.38	0.70	0.00	July25	9.19
Edelweiss Large Cap Dir Gr	INF754K01BW4	Tata Consumer Products Ltd	Consumer Defensive	10.38	0.70	0.00	Aug25	8.13
Edelweiss Large Cap Dir Gr	INF754K01BW4	Britannia Industries Ltd	Consumer Defensive	10.10	0.68		Oct24	5.55
Edelweiss Large Cap Dir Gr	INF754K01BW4	Britannia Industries Ltd	Consumer Defensive	10.10	0.68		Nov24	7.52
Edelweiss Large Cap Dir Gr	INF754K01BW4	Britannia Industries Ltd	Consumer Defensive	10.10	0.68		Dec24	3.56
Edelweiss Large Cap Dir Gr	INF754K01BW4	Britannia Industries Ltd	Consumer Defensive	10.10	0.68		Jan25	5.32
Edelweiss Large Cap Dir Gr	INF754K01BW4	Britannia Industries Ltd	Consumer Defensive	10.10	0.68		Feb25	5.59
Edelweiss Large Cap Dir Gr	INF754K01BW4	Britannia Industries Ltd	Consumer Defensive	10.10	0.68		Mar25	15.51
Edelweiss Large Cap Dir Gr	INF754K01BW4	Britannia Industries Ltd	Consumer Defensive	10.10	0.68		Mar25	15.51
Edelweiss Large Cap Dir Gr	INF754K01BW4	Britannia Industries Ltd	Consumer Defensive	10.10	0.68		Apr25	12.51
Edelweiss Large Cap Dir Gr	INF754K01BW4	Britannia Industries Ltd	Consumer Defensive	10.10	0.68		May25	11.15
Edelweiss Large Cap Dir Gr	INF754K01BW4	Britannia Industries Ltd	Consumer Defensive	10.10	0.68		June25	10.18
Edelweiss Large Cap Dir Gr	INF754K01BW4	Britannia Industries Ltd	Consumer Defensive	10.10	0.68		July25	9.19
Edelweiss Large Cap Dir Gr	INF754K01BW4	Britannia Industries Ltd	Consumer Defensive	10.10	0.68		Aug25	8.13
Edelweiss Large Cap Dir Gr	INF754K01BW4	Aptus Value Housing Finance India Ltd	Financial Services	9.76	0.66	0.00	Oct24	5.55
Edelweiss Large Cap Dir Gr	INF754K01BW4	Aptus Value Housing Finance India Ltd	Financial Services	9.76	0.66	0.00	Nov24	7.52
Edelweiss Large Cap Dir Gr	INF754K01BW4	Aptus Value Housing Finance India Ltd	Financial Services	9.76	0.66	0.00	Dec24	3.56
Edelweiss Large Cap Dir Gr	INF754K01BW4	Aptus Value Housing Finance India Ltd	Financial Services	9.76	0.66	0.00	Jan25	5.32
Edelweiss Large Cap Dir Gr	INF754K01BW4	Aptus Value Housing Finance India Ltd	Financial Services	9.76	0.66	0.00	Feb25	5.59
Edelweiss Large Cap Dir Gr	INF754K01BW4	Aptus Value Housing Finance India Ltd	Financial Services	9.76	0.66	0.00	Mar25	15.51
Edelweiss Large Cap Dir Gr	INF754K01BW4	Aptus Value Housing Finance India Ltd	Financial Services	9.76	0.66	0.00	Mar25	15.51
Edelweiss Large Cap Dir Gr	INF754K01BW4	Aptus Value Housing Finance India Ltd	Financial Services	9.76	0.66	0.00	Apr25	12.51
Edelweiss Large Cap Dir Gr	INF754K01BW4	Aptus Value Housing Finance India Ltd	Financial Services	9.76	0.66	0.00	May25	11.15
Edelweiss Large Cap Dir Gr	INF754K01BW4	Aptus Value Housing Finance India Ltd	Financial Services	9.76	0.66	0.00	June25	10.18
Edelweiss Large Cap Dir Gr	INF754K01BW4	Aptus Value Housing Finance India Ltd	Financial Services	9.76	0.66	0.00	July25	9.19
Edelweiss Large Cap Dir Gr	INF754K01BW4	Aptus Value Housing Finance India Ltd	Financial Services	9.76	0.66	0.00	Aug25	8.13
Edelweiss Large Cap Dir Gr	INF754K01BW4	Oil & Natural Gas Corp Ltd	Energy	9.53	0.65		Oct24	5.55
Edelweiss Large Cap Dir Gr	INF754K01BW4	Oil & Natural Gas Corp Ltd	Energy	9.53	0.65		Nov24	7.52
Edelweiss Large Cap Dir Gr	INF754K01BW4	Oil & Natural Gas Corp Ltd	Energy	9.53	0.65		Dec24	3.56
Edelweiss Large Cap Dir Gr	INF754K01BW4	Oil & Natural Gas Corp Ltd	Energy	9.53	0.65		Jan25	5.32
Edelweiss Large Cap Dir Gr	INF754K01BW4	Oil & Natural Gas Corp Ltd	Energy	9.53	0.65		Feb25	5.59
Edelweiss Large Cap Dir Gr	INF754K01BW4	Oil & Natural Gas Corp Ltd	Energy	9.53	0.65		Mar25	15.51
Edelweiss Large Cap Dir Gr	INF754K01BW4	Oil & Natural Gas Corp Ltd	Energy	9.53	0.65		Mar25	15.51
Edelweiss Large Cap Dir Gr	INF754K01BW4	Oil & Natural Gas Corp Ltd	Energy	9.53	0.65		Apr25	12.51
Edelweiss Large Cap Dir Gr	INF754K01BW4	Oil & Natural Gas Corp Ltd	Energy	9.53	0.65		May25	11.15
Edelweiss Large Cap Dir Gr	INF754K01BW4	Oil & Natural Gas Corp Ltd	Energy	9.53	0.65		June25	10.18
Edelweiss Large Cap Dir Gr	INF754K01BW4	Oil & Natural Gas Corp Ltd	Energy	9.53	0.65		July25	9.19
Edelweiss Large Cap Dir Gr	INF754K01BW4	Oil & Natural Gas Corp Ltd	Energy	9.53	0.65		Aug25	8.13
Edelweiss Large Cap Dir Gr	INF754K01BW4	Bharat Petroleum Corp Ltd	Energy	9.34	0.63	0.00	Oct24	5.55
Edelweiss Large Cap Dir Gr	INF754K01BW4	Bharat Petroleum Corp Ltd	Energy	9.34	0.63	0.00	Nov24	7.52
Edelweiss Large Cap Dir Gr	INF754K01BW4	Bharat Petroleum Corp Ltd	Energy	9.34	0.63	0.00	Dec24	3.56
Edelweiss Large Cap Dir Gr	INF754K01BW4	Bharat Petroleum Corp Ltd	Energy	9.34	0.63	0.00	Jan25	5.32
Edelweiss Large Cap Dir Gr	INF754K01BW4	Bharat Petroleum Corp Ltd	Energy	9.34	0.63	0.00	Feb25	5.59
Edelweiss Large Cap Dir Gr	INF754K01BW4	Bharat Petroleum Corp Ltd	Energy	9.34	0.63	0.00	Mar25	15.51
Edelweiss Large Cap Dir Gr	INF754K01BW4	Bharat Petroleum Corp Ltd	Energy	9.34	0.63	0.00	Mar25	15.51
Edelweiss Large Cap Dir Gr	INF754K01BW4	Bharat Petroleum Corp Ltd	Energy	9.34	0.63	0.00	Apr25	12.51
Edelweiss Large Cap Dir Gr	INF754K01BW4	Bharat Petroleum Corp Ltd	Energy	9.34	0.63	0.00	May25	11.15
Edelweiss Large Cap Dir Gr	INF754K01BW4	Bharat Petroleum Corp Ltd	Energy	9.34	0.63	0.00	June25	10.18
Edelweiss Large Cap Dir Gr	INF754K01BW4	Bharat Petroleum Corp Ltd	Energy	9.34	0.63	0.00	July25	9.19
Edelweiss Large Cap Dir Gr	INF754K01BW4	Bharat Petroleum Corp Ltd	Energy	9.34	0.63	0.00	Aug25	8.13
Edelweiss Large Cap Dir Gr	INF754K01BW4	Mphasis Ltd	Technology	9.25	0.63	0.00	Oct24	5.55
Edelweiss Large Cap Dir Gr	INF754K01BW4	Mphasis Ltd	Technology	9.25	0.63	0.00	Nov24	7.52
Edelweiss Large Cap Dir Gr	INF754K01BW4	Mphasis Ltd	Technology	9.25	0.63	0.00	Dec24	3.56
Edelweiss Large Cap Dir Gr	INF754K01BW4	Mphasis Ltd	Technology	9.25	0.63	0.00	Jan25	5.32
Edelweiss Large Cap Dir Gr	INF754K01BW4	Mphasis Ltd	Technology	9.25	0.63	0.00	Feb25	5.59
Edelweiss Large Cap Dir Gr	INF754K01BW4	Mphasis Ltd	Technology	9.25	0.63	0.00	Mar25	15.51
Edelweiss Large Cap Dir Gr	INF754K01BW4	Mphasis Ltd	Technology	9.25	0.63	0.00	Mar25	15.51
Edelweiss Large Cap Dir Gr	INF754K01BW4	Mphasis Ltd	Technology	9.25	0.63	0.00	Apr25	12.51
Edelweiss Large Cap Dir Gr	INF754K01BW4	Mphasis Ltd	Technology	9.25	0.63	0.00	May25	11.15
Edelweiss Large Cap Dir Gr	INF754K01BW4	Mphasis Ltd	Technology	9.25	0.63	0.00	June25	10.18
Edelweiss Large Cap Dir Gr	INF754K01BW4	Mphasis Ltd	Technology	9.25	0.63	0.00	July25	9.19
Edelweiss Large Cap Dir Gr	INF754K01BW4	Mphasis Ltd	Technology	9.25	0.63	0.00	Aug25	8.13
Edelweiss Large Cap Dir Gr	INF754K01BW4	Tata Motors Ltd	Consumer Cyclical	9.24	0.63		Oct24	5.55
Edelweiss Large Cap Dir Gr	INF754K01BW4	Tata Motors Ltd	Consumer Cyclical	9.24	0.63		Nov24	7.52
Edelweiss Large Cap Dir Gr	INF754K01BW4	Tata Motors Ltd	Consumer Cyclical	9.24	0.63		Dec24	3.56
Edelweiss Large Cap Dir Gr	INF754K01BW4	Tata Motors Ltd	Consumer Cyclical	9.24	0.63		Jan25	5.32
Edelweiss Large Cap Dir Gr	INF754K01BW4	Tata Motors Ltd	Consumer Cyclical	9.24	0.63		Feb25	5.59
Edelweiss Large Cap Dir Gr	INF754K01BW4	Tata Motors Ltd	Consumer Cyclical	9.24	0.63		Mar25	15.51
Edelweiss Large Cap Dir Gr	INF754K01BW4	Tata Motors Ltd	Consumer Cyclical	9.24	0.63		Mar25	15.51
Edelweiss Large Cap Dir Gr	INF754K01BW4	Tata Motors Ltd	Consumer Cyclical	9.24	0.63		Apr25	12.51
Edelweiss Large Cap Dir Gr	INF754K01BW4	Tata Motors Ltd	Consumer Cyclical	9.24	0.63		May25	11.15
Edelweiss Large Cap Dir Gr	INF754K01BW4	Tata Motors Ltd	Consumer Cyclical	9.24	0.63		June25	10.18
Edelweiss Large Cap Dir Gr	INF754K01BW4	Tata Motors Ltd	Consumer Cyclical	9.24	0.63		July25	9.19
Edelweiss Large Cap Dir Gr	INF754K01BW4	Tata Motors Ltd	Consumer Cyclical	9.24	0.63		Aug25	8.13
Edelweiss Large Cap Dir Gr	INF754K01BW4	Samvardhana Motherson International Ltd	Consumer Cyclical	9.17	0.62	0.00	Oct24	5.55
Edelweiss Large Cap Dir Gr	INF754K01BW4	Samvardhana Motherson International Ltd	Consumer Cyclical	9.17	0.62	0.00	Nov24	7.52
Edelweiss Large Cap Dir Gr	INF754K01BW4	Samvardhana Motherson International Ltd	Consumer Cyclical	9.17	0.62	0.00	Dec24	3.56
Edelweiss Large Cap Dir Gr	INF754K01BW4	Samvardhana Motherson International Ltd	Consumer Cyclical	9.17	0.62	0.00	Jan25	5.32
Edelweiss Large Cap Dir Gr	INF754K01BW4	Samvardhana Motherson International Ltd	Consumer Cyclical	9.17	0.62	0.00	Feb25	5.59
Edelweiss Large Cap Dir Gr	INF754K01BW4	Samvardhana Motherson International Ltd	Consumer Cyclical	9.17	0.62	0.00	Mar25	15.51
Edelweiss Large Cap Dir Gr	INF754K01BW4	Samvardhana Motherson International Ltd	Consumer Cyclical	9.17	0.62	0.00	Mar25	15.51
Edelweiss Large Cap Dir Gr	INF754K01BW4	Samvardhana Motherson International Ltd	Consumer Cyclical	9.17	0.62	0.00	Apr25	12.51
Edelweiss Large Cap Dir Gr	INF754K01BW4	Samvardhana Motherson International Ltd	Consumer Cyclical	9.17	0.62	0.00	May25	11.15
Edelweiss Large Cap Dir Gr	INF754K01BW4	Samvardhana Motherson International Ltd	Consumer Cyclical	9.17	0.62	0.00	June25	10.18
Edelweiss Large Cap Dir Gr	INF754K01BW4	Samvardhana Motherson International Ltd	Consumer Cyclical	9.17	0.62	0.00	July25	9.19
Edelweiss Large Cap Dir Gr	INF754K01BW4	Samvardhana Motherson International Ltd	Consumer Cyclical	9.17	0.62	0.00	Aug25	8.13
Edelweiss Large Cap Dir Gr	INF754K01BW4	Asian Paints Ltd	Basic Materials	8.57	0.58	0.00	Oct24	5.55
Edelweiss Large Cap Dir Gr	INF754K01BW4	Asian Paints Ltd	Basic Materials	8.57	0.58	0.00	Nov24	7.52
Edelweiss Large Cap Dir Gr	INF754K01BW4	Asian Paints Ltd	Basic Materials	8.57	0.58	0.00	Dec24	3.56
Edelweiss Large Cap Dir Gr	INF754K01BW4	Asian Paints Ltd	Basic Materials	8.57	0.58	0.00	Jan25	5.32
Edelweiss Large Cap Dir Gr	INF754K01BW4	Asian Paints Ltd	Basic Materials	8.57	0.58	0.00	Feb25	5.59
Edelweiss Large Cap Dir Gr	INF754K01BW4	Asian Paints Ltd	Basic Materials	8.57	0.58	0.00	Mar25	15.51
Edelweiss Large Cap Dir Gr	INF754K01BW4	Asian Paints Ltd	Basic Materials	8.57	0.58	0.00	Mar25	15.51
Edelweiss Large Cap Dir Gr	INF754K01BW4	Asian Paints Ltd	Basic Materials	8.57	0.58	0.00	Apr25	12.51
Edelweiss Large Cap Dir Gr	INF754K01BW4	Asian Paints Ltd	Basic Materials	8.57	0.58	0.00	May25	11.15
Edelweiss Large Cap Dir Gr	INF754K01BW4	Asian Paints Ltd	Basic Materials	8.57	0.58	0.00	June25	10.18
Edelweiss Large Cap Dir Gr	INF754K01BW4	Asian Paints Ltd	Basic Materials	8.57	0.58	0.00	July25	9.19
Edelweiss Large Cap Dir Gr	INF754K01BW4	Asian Paints Ltd	Basic Materials	8.57	0.58	0.00	Aug25	8.13
Edelweiss Large Cap Dir Gr	INF754K01BW4	Tata Steel Ltd	Basic Materials	8.42	0.57	0.00	Oct24	5.55
Edelweiss Large Cap Dir Gr	INF754K01BW4	Tata Steel Ltd	Basic Materials	8.42	0.57	0.00	Nov24	7.52
Edelweiss Large Cap Dir Gr	INF754K01BW4	Tata Steel Ltd	Basic Materials	8.42	0.57	0.00	Dec24	3.56
Edelweiss Large Cap Dir Gr	INF754K01BW4	Tata Steel Ltd	Basic Materials	8.42	0.57	0.00	Jan25	5.32
Edelweiss Large Cap Dir Gr	INF754K01BW4	Tata Steel Ltd	Basic Materials	8.42	0.57	0.00	Feb25	5.59
Edelweiss Large Cap Dir Gr	INF754K01BW4	Tata Steel Ltd	Basic Materials	8.42	0.57	0.00	Mar25	15.51
Edelweiss Large Cap Dir Gr	INF754K01BW4	Tata Steel Ltd	Basic Materials	8.42	0.57	0.00	Mar25	15.51
Edelweiss Large Cap Dir Gr	INF754K01BW4	Tata Steel Ltd	Basic Materials	8.42	0.57	0.00	Apr25	12.51
Edelweiss Large Cap Dir Gr	INF754K01BW4	Tata Steel Ltd	Basic Materials	8.42	0.57	0.00	May25	11.15
Edelweiss Large Cap Dir Gr	INF754K01BW4	Tata Steel Ltd	Basic Materials	8.42	0.57	0.00	June25	10.18
Edelweiss Large Cap Dir Gr	INF754K01BW4	Tata Steel Ltd	Basic Materials	8.42	0.57	0.00	July25	9.19
Edelweiss Large Cap Dir Gr	INF754K01BW4	Tata Steel Ltd	Basic Materials	8.42	0.57	0.00	Aug25	8.13
Edelweiss Large Cap Dir Gr	INF754K01BW4	ICICI Prudential Asset Management Co Ltd	Financial Services	8.41	0.57	0.00	Oct24	5.55
Edelweiss Large Cap Dir Gr	INF754K01BW4	ICICI Prudential Asset Management Co Ltd	Financial Services	8.41	0.57	0.00	Nov24	7.52
Edelweiss Large Cap Dir Gr	INF754K01BW4	ICICI Prudential Asset Management Co Ltd	Financial Services	8.41	0.57	0.00	Dec24	3.56
Edelweiss Large Cap Dir Gr	INF754K01BW4	ICICI Prudential Asset Management Co Ltd	Financial Services	8.41	0.57	0.00	Jan25	5.32
Edelweiss Large Cap Dir Gr	INF754K01BW4	ICICI Prudential Asset Management Co Ltd	Financial Services	8.41	0.57	0.00	Feb25	5.59
Edelweiss Large Cap Dir Gr	INF754K01BW4	ICICI Prudential Asset Management Co Ltd	Financial Services	8.41	0.57	0.00	Mar25	15.51
Edelweiss Large Cap Dir Gr	INF754K01BW4	ICICI Prudential Asset Management Co Ltd	Financial Services	8.41	0.57	0.00	Mar25	15.51
Edelweiss Large Cap Dir Gr	INF754K01BW4	ICICI Prudential Asset Management Co Ltd	Financial Services	8.41	0.57	0.00	Apr25	12.51
Edelweiss Large Cap Dir Gr	INF754K01BW4	ICICI Prudential Asset Management Co Ltd	Financial Services	8.41	0.57	0.00	May25	11.15
Edelweiss Large Cap Dir Gr	INF754K01BW4	ICICI Prudential Asset Management Co Ltd	Financial Services	8.41	0.57	0.00	June25	10.18
Edelweiss Large Cap Dir Gr	INF754K01BW4	ICICI Prudential Asset Management Co Ltd	Financial Services	8.41	0.57	0.00	July25	9.19
Edelweiss Large Cap Dir Gr	INF754K01BW4	ICICI Prudential Asset Management Co Ltd	Financial Services	8.41	0.57	0.00	Aug25	8.13
Edelweiss Large Cap Dir Gr	INF754K01BW4	Glenmark Pharmaceuticals Ltd	Healthcare	8.12	0.55	58.73	Oct24	5.55
Edelweiss Large Cap Dir Gr	INF754K01BW4	Glenmark Pharmaceuticals Ltd	Healthcare	8.12	0.55	58.73	Nov24	7.52
Edelweiss Large Cap Dir Gr	INF754K01BW4	Glenmark Pharmaceuticals Ltd	Healthcare	8.12	0.55	58.73	Dec24	3.56
Edelweiss Large Cap Dir Gr	INF754K01BW4	Glenmark Pharmaceuticals Ltd	Healthcare	8.12	0.55	58.73	Jan25	5.32
Edelweiss Large Cap Dir Gr	INF754K01BW4	Glenmark Pharmaceuticals Ltd	Healthcare	8.12	0.55	58.73	Feb25	5.59
Edelweiss Large Cap Dir Gr	INF754K01BW4	Glenmark Pharmaceuticals Ltd	Healthcare	8.12	0.55	58.73	Mar25	15.51
Edelweiss Large Cap Dir Gr	INF754K01BW4	Glenmark Pharmaceuticals Ltd	Healthcare	8.12	0.55	58.73	Mar25	15.51
Edelweiss Large Cap Dir Gr	INF754K01BW4	Glenmark Pharmaceuticals Ltd	Healthcare	8.12	0.55	58.73	Apr25	12.51
Edelweiss Large Cap Dir Gr	INF754K01BW4	Glenmark Pharmaceuticals Ltd	Healthcare	8.12	0.55	58.73	May25	11.15
Edelweiss Large Cap Dir Gr	INF754K01BW4	Glenmark Pharmaceuticals Ltd	Healthcare	8.12	0.55	58.73	June25	10.18
Edelweiss Large Cap Dir Gr	INF754K01BW4	Glenmark Pharmaceuticals Ltd	Healthcare	8.12	0.55	58.73	July25	9.19
Edelweiss Large Cap Dir Gr	INF754K01BW4	Glenmark Pharmaceuticals Ltd	Healthcare	8.12	0.55	58.73	Aug25	8.13
Edelweiss Large Cap Dir Gr	INF754K01BW4	Steel Authority Of India Ltd	Basic Materials	8.08	0.55	0.00	Oct24	5.55
Edelweiss Large Cap Dir Gr	INF754K01BW4	Steel Authority Of India Ltd	Basic Materials	8.08	0.55	0.00	Nov24	7.52
Edelweiss Large Cap Dir Gr	INF754K01BW4	Steel Authority Of India Ltd	Basic Materials	8.08	0.55	0.00	Dec24	3.56
Edelweiss Large Cap Dir Gr	INF754K01BW4	Steel Authority Of India Ltd	Basic Materials	8.08	0.55	0.00	Jan25	5.32
Edelweiss Large Cap Dir Gr	INF754K01BW4	Steel Authority Of India Ltd	Basic Materials	8.08	0.55	0.00	Feb25	5.59
Edelweiss Large Cap Dir Gr	INF754K01BW4	Steel Authority Of India Ltd	Basic Materials	8.08	0.55	0.00	Mar25	15.51
Edelweiss Large Cap Dir Gr	INF754K01BW4	Steel Authority Of India Ltd	Basic Materials	8.08	0.55	0.00	Mar25	15.51
Edelweiss Large Cap Dir Gr	INF754K01BW4	Steel Authority Of India Ltd	Basic Materials	8.08	0.55	0.00	Apr25	12.51
Edelweiss Large Cap Dir Gr	INF754K01BW4	Steel Authority Of India Ltd	Basic Materials	8.08	0.55	0.00	May25	11.15
Edelweiss Large Cap Dir Gr	INF754K01BW4	Steel Authority Of India Ltd	Basic Materials	8.08	0.55	0.00	June25	10.18
Edelweiss Large Cap Dir Gr	INF754K01BW4	Steel Authority Of India Ltd	Basic Materials	8.08	0.55	0.00	July25	9.19
Edelweiss Large Cap Dir Gr	INF754K01BW4	Steel Authority Of India Ltd	Basic Materials	8.08	0.55	0.00	Aug25	8.13
Edelweiss Large Cap Dir Gr	INF754K01BW4	Eicher Motors Ltd	Consumer Cyclical	7.96	0.54	0.00	Oct24	5.55
Edelweiss Large Cap Dir Gr	INF754K01BW4	Eicher Motors Ltd	Consumer Cyclical	7.96	0.54	0.00	Nov24	7.52
Edelweiss Large Cap Dir Gr	INF754K01BW4	Eicher Motors Ltd	Consumer Cyclical	7.96	0.54	0.00	Dec24	3.56
Edelweiss Large Cap Dir Gr	INF754K01BW4	Eicher Motors Ltd	Consumer Cyclical	7.96	0.54	0.00	Jan25	5.32
Edelweiss Large Cap Dir Gr	INF754K01BW4	Eicher Motors Ltd	Consumer Cyclical	7.96	0.54	0.00	Feb25	5.59
Edelweiss Large Cap Dir Gr	INF754K01BW4	Eicher Motors Ltd	Consumer Cyclical	7.96	0.54	0.00	Mar25	15.51
Edelweiss Large Cap Dir Gr	INF754K01BW4	Eicher Motors Ltd	Consumer Cyclical	7.96	0.54	0.00	Mar25	15.51
Edelweiss Large Cap Dir Gr	INF754K01BW4	Eicher Motors Ltd	Consumer Cyclical	7.96	0.54	0.00	Apr25	12.51
Edelweiss Large Cap Dir Gr	INF754K01BW4	Eicher Motors Ltd	Consumer Cyclical	7.96	0.54	0.00	May25	11.15
Edelweiss Large Cap Dir Gr	INF754K01BW4	Eicher Motors Ltd	Consumer Cyclical	7.96	0.54	0.00	June25	10.18
Edelweiss Large Cap Dir Gr	INF754K01BW4	Eicher Motors Ltd	Consumer Cyclical	7.96	0.54	0.00	July25	9.19
Edelweiss Large Cap Dir Gr	INF754K01BW4	Eicher Motors Ltd	Consumer Cyclical	7.96	0.54	0.00	Aug25	8.13
Edelweiss Large Cap Dir Gr	INF754K01BW4	Bajaj Auto Ltd	Consumer Cyclical	7.48	0.51	0.00	Oct24	5.55
Edelweiss Large Cap Dir Gr	INF754K01BW4	Bajaj Auto Ltd	Consumer Cyclical	7.48	0.51	0.00	Nov24	7.52
Edelweiss Large Cap Dir Gr	INF754K01BW4	Bajaj Auto Ltd	Consumer Cyclical	7.48	0.51	0.00	Dec24	3.56
Edelweiss Large Cap Dir Gr	INF754K01BW4	Bajaj Auto Ltd	Consumer Cyclical	7.48	0.51	0.00	Jan25	5.32
Edelweiss Large Cap Dir Gr	INF754K01BW4	Bajaj Auto Ltd	Consumer Cyclical	7.48	0.51	0.00	Feb25	5.59
Edelweiss Large Cap Dir Gr	INF754K01BW4	Bajaj Auto Ltd	Consumer Cyclical	7.48	0.51	0.00	Mar25	15.51
Edelweiss Large Cap Dir Gr	INF754K01BW4	Bajaj Auto Ltd	Consumer Cyclical	7.48	0.51	0.00	Mar25	15.51
Edelweiss Large Cap Dir Gr	INF754K01BW4	Bajaj Auto Ltd	Consumer Cyclical	7.48	0.51	0.00	Apr25	12.51
Edelweiss Large Cap Dir Gr	INF754K01BW4	Bajaj Auto Ltd	Consumer Cyclical	7.48	0.51	0.00	May25	11.15
Edelweiss Large Cap Dir Gr	INF754K01BW4	Bajaj Auto Ltd	Consumer Cyclical	7.48	0.51	0.00	June25	10.18
Edelweiss Large Cap Dir Gr	INF754K01BW4	Bajaj Auto Ltd	Consumer Cyclical	7.48	0.51	0.00	July25	9.19
Edelweiss Large Cap Dir Gr	INF754K01BW4	Bajaj Auto Ltd	Consumer Cyclical	7.48	0.51	0.00	Aug25	8.13
Edelweiss Large Cap Dir Gr	INF754K01BW4	Power Grid Corp Of India Ltd	Utilities	7.47	0.51	0.00	Oct24	5.55
Edelweiss Large Cap Dir Gr	INF754K01BW4	Power Grid Corp Of India Ltd	Utilities	7.47	0.51	0.00	Nov24	7.52
Edelweiss Large Cap Dir Gr	INF754K01BW4	Power Grid Corp Of India Ltd	Utilities	7.47	0.51	0.00	Dec24	3.56
Edelweiss Large Cap Dir Gr	INF754K01BW4	Power Grid Corp Of India Ltd	Utilities	7.47	0.51	0.00	Jan25	5.32
Edelweiss Large Cap Dir Gr	INF754K01BW4	Power Grid Corp Of India Ltd	Utilities	7.47	0.51	0.00	Feb25	5.59
Edelweiss Large Cap Dir Gr	INF754K01BW4	Power Grid Corp Of India Ltd	Utilities	7.47	0.51	0.00	Mar25	15.51
Edelweiss Large Cap Dir Gr	INF754K01BW4	Power Grid Corp Of India Ltd	Utilities	7.47	0.51	0.00	Mar25	15.51
Edelweiss Large Cap Dir Gr	INF754K01BW4	Power Grid Corp Of India Ltd	Utilities	7.47	0.51	0.00	Apr25	12.51
Edelweiss Large Cap Dir Gr	INF754K01BW4	Power Grid Corp Of India Ltd	Utilities	7.47	0.51	0.00	May25	11.15
Edelweiss Large Cap Dir Gr	INF754K01BW4	Power Grid Corp Of India Ltd	Utilities	7.47	0.51	0.00	June25	10.18
Edelweiss Large Cap Dir Gr	INF754K01BW4	Power Grid Corp Of India Ltd	Utilities	7.47	0.51	0.00	July25	9.19
Edelweiss Large Cap Dir Gr	INF754K01BW4	Power Grid Corp Of India Ltd	Utilities	7.47	0.51	0.00	Aug25	8.13
Edelweiss Large Cap Dir Gr	INF754K01BW4	NMDC Ltd	Basic Materials	7.21	0.49		Oct24	5.55
Edelweiss Large Cap Dir Gr	INF754K01BW4	NMDC Ltd	Basic Materials	7.21	0.49		Nov24	7.52
Edelweiss Large Cap Dir Gr	INF754K01BW4	NMDC Ltd	Basic Materials	7.21	0.49		Dec24	3.56
Edelweiss Large Cap Dir Gr	INF754K01BW4	NMDC Ltd	Basic Materials	7.21	0.49		Jan25	5.32
Edelweiss Large Cap Dir Gr	INF754K01BW4	NMDC Ltd	Basic Materials	7.21	0.49		Feb25	5.59
Edelweiss Large Cap Dir Gr	INF754K01BW4	NMDC Ltd	Basic Materials	7.21	0.49		Mar25	15.51
Edelweiss Large Cap Dir Gr	INF754K01BW4	NMDC Ltd	Basic Materials	7.21	0.49		Mar25	15.51
Edelweiss Large Cap Dir Gr	INF754K01BW4	NMDC Ltd	Basic Materials	7.21	0.49		Apr25	12.51
Edelweiss Large Cap Dir Gr	INF754K01BW4	NMDC Ltd	Basic Materials	7.21	0.49		May25	11.15
Edelweiss Large Cap Dir Gr	INF754K01BW4	NMDC Ltd	Basic Materials	7.21	0.49		June25	10.18
Edelweiss Large Cap Dir Gr	INF754K01BW4	NMDC Ltd	Basic Materials	7.21	0.49		July25	9.19
Edelweiss Large Cap Dir Gr	INF754K01BW4	NMDC Ltd	Basic Materials	7.21	0.49		Aug25	8.13
Edelweiss Large Cap Dir Gr	INF754K01BW4	Kotak Mahindra Bank Ltd	Financial Services	7.20	0.49	-54.99	Oct24	5.55
Edelweiss Large Cap Dir Gr	INF754K01BW4	Kotak Mahindra Bank Ltd	Financial Services	7.20	0.49	-54.99	Nov24	7.52
Edelweiss Large Cap Dir Gr	INF754K01BW4	Kotak Mahindra Bank Ltd	Financial Services	7.20	0.49	-54.99	Dec24	3.56
Edelweiss Large Cap Dir Gr	INF754K01BW4	Kotak Mahindra Bank Ltd	Financial Services	7.20	0.49	-54.99	Jan25	5.32
Edelweiss Large Cap Dir Gr	INF754K01BW4	Kotak Mahindra Bank Ltd	Financial Services	7.20	0.49	-54.99	Feb25	5.59
Edelweiss Large Cap Dir Gr	INF754K01BW4	Kotak Mahindra Bank Ltd	Financial Services	7.20	0.49	-54.99	Mar25	15.51
Edelweiss Large Cap Dir Gr	INF754K01BW4	Kotak Mahindra Bank Ltd	Financial Services	7.20	0.49	-54.99	Mar25	15.51
Edelweiss Large Cap Dir Gr	INF754K01BW4	Kotak Mahindra Bank Ltd	Financial Services	7.20	0.49	-54.99	Apr25	12.51
Edelweiss Large Cap Dir Gr	INF754K01BW4	Kotak Mahindra Bank Ltd	Financial Services	7.20	0.49	-54.99	May25	11.15
Edelweiss Large Cap Dir Gr	INF754K01BW4	Kotak Mahindra Bank Ltd	Financial Services	7.20	0.49	-54.99	June25	10.18
Edelweiss Large Cap Dir Gr	INF754K01BW4	Kotak Mahindra Bank Ltd	Financial Services	7.20	0.49	-54.99	July25	9.19
Edelweiss Large Cap Dir Gr	INF754K01BW4	Kotak Mahindra Bank Ltd	Financial Services	7.20	0.49	-54.99	Aug25	8.13
Edelweiss Large Cap Dir Gr	INF754K01BW4	AU Small Finance Bank Ltd	Financial Services	7.09	0.48	-47.02	Oct24	5.55
Edelweiss Large Cap Dir Gr	INF754K01BW4	AU Small Finance Bank Ltd	Financial Services	7.09	0.48	-47.02	Nov24	7.52
Edelweiss Large Cap Dir Gr	INF754K01BW4	AU Small Finance Bank Ltd	Financial Services	7.09	0.48	-47.02	Dec24	3.56
Edelweiss Large Cap Dir Gr	INF754K01BW4	AU Small Finance Bank Ltd	Financial Services	7.09	0.48	-47.02	Jan25	5.32
Edelweiss Large Cap Dir Gr	INF754K01BW4	AU Small Finance Bank Ltd	Financial Services	7.09	0.48	-47.02	Feb25	5.59
Edelweiss Large Cap Dir Gr	INF754K01BW4	AU Small Finance Bank Ltd	Financial Services	7.09	0.48	-47.02	Mar25	15.51
Edelweiss Large Cap Dir Gr	INF754K01BW4	AU Small Finance Bank Ltd	Financial Services	7.09	0.48	-47.02	Mar25	15.51
Edelweiss Large Cap Dir Gr	INF754K01BW4	AU Small Finance Bank Ltd	Financial Services	7.09	0.48	-47.02	Apr25	12.51
Edelweiss Large Cap Dir Gr	INF754K01BW4	AU Small Finance Bank Ltd	Financial Services	7.09	0.48	-47.02	May25	11.15
Edelweiss Large Cap Dir Gr	INF754K01BW4	AU Small Finance Bank Ltd	Financial Services	7.09	0.48	-47.02	June25	10.18
Edelweiss Large Cap Dir Gr	INF754K01BW4	AU Small Finance Bank Ltd	Financial Services	7.09	0.48	-47.02	July25	9.19
Edelweiss Large Cap Dir Gr	INF754K01BW4	AU Small Finance Bank Ltd	Financial Services	7.09	0.48	-47.02	Aug25	8.13
Edelweiss Large Cap Dir Gr	INF754K01BW4	Indian Railway Catering And Tourism Corp Ltd	Consumer Cyclical	7.02	0.48	0.00	Oct24	5.55
Edelweiss Large Cap Dir Gr	INF754K01BW4	Indian Railway Catering And Tourism Corp Ltd	Consumer Cyclical	7.02	0.48	0.00	Nov24	7.52
Edelweiss Large Cap Dir Gr	INF754K01BW4	Indian Railway Catering And Tourism Corp Ltd	Consumer Cyclical	7.02	0.48	0.00	Dec24	3.56
Edelweiss Large Cap Dir Gr	INF754K01BW4	Indian Railway Catering And Tourism Corp Ltd	Consumer Cyclical	7.02	0.48	0.00	Jan25	5.32
Edelweiss Large Cap Dir Gr	INF754K01BW4	Indian Railway Catering And Tourism Corp Ltd	Consumer Cyclical	7.02	0.48	0.00	Feb25	5.59
Edelweiss Large Cap Dir Gr	INF754K01BW4	Indian Railway Catering And Tourism Corp Ltd	Consumer Cyclical	7.02	0.48	0.00	Mar25	15.51
Edelweiss Large Cap Dir Gr	INF754K01BW4	Indian Railway Catering And Tourism Corp Ltd	Consumer Cyclical	7.02	0.48	0.00	Mar25	15.51
Edelweiss Large Cap Dir Gr	INF754K01BW4	Indian Railway Catering And Tourism Corp Ltd	Consumer Cyclical	7.02	0.48	0.00	Apr25	12.51
Edelweiss Large Cap Dir Gr	INF754K01BW4	Indian Railway Catering And Tourism Corp Ltd	Consumer Cyclical	7.02	0.48	0.00	May25	11.15
Edelweiss Large Cap Dir Gr	INF754K01BW4	Indian Railway Catering And Tourism Corp Ltd	Consumer Cyclical	7.02	0.48	0.00	June25	10.18
Edelweiss Large Cap Dir Gr	INF754K01BW4	Indian Railway Catering And Tourism Corp Ltd	Consumer Cyclical	7.02	0.48	0.00	July25	9.19
Edelweiss Large Cap Dir Gr	INF754K01BW4	Indian Railway Catering And Tourism Corp Ltd	Consumer Cyclical	7.02	0.48	0.00	Aug25	8.13
Edelweiss Large Cap Dir Gr	INF754K01BW4	Vishal Mega Mart Ltd	Consumer Cyclical	7.00	0.47		Oct24	5.55
Edelweiss Large Cap Dir Gr	INF754K01BW4	Vishal Mega Mart Ltd	Consumer Cyclical	7.00	0.47		Nov24	7.52
Edelweiss Large Cap Dir Gr	INF754K01BW4	Vishal Mega Mart Ltd	Consumer Cyclical	7.00	0.47		Dec24	3.56
Edelweiss Large Cap Dir Gr	INF754K01BW4	Vishal Mega Mart Ltd	Consumer Cyclical	7.00	0.47		Jan25	5.32
Edelweiss Large Cap Dir Gr	INF754K01BW4	Vishal Mega Mart Ltd	Consumer Cyclical	7.00	0.47		Feb25	5.59
Edelweiss Large Cap Dir Gr	INF754K01BW4	Vishal Mega Mart Ltd	Consumer Cyclical	7.00	0.47		Mar25	15.51
Edelweiss Large Cap Dir Gr	INF754K01BW4	Vishal Mega Mart Ltd	Consumer Cyclical	7.00	0.47		Mar25	15.51
Edelweiss Large Cap Dir Gr	INF754K01BW4	Vishal Mega Mart Ltd	Consumer Cyclical	7.00	0.47		Apr25	12.51
Edelweiss Large Cap Dir Gr	INF754K01BW4	Vishal Mega Mart Ltd	Consumer Cyclical	7.00	0.47		May25	11.15
Edelweiss Large Cap Dir Gr	INF754K01BW4	Vishal Mega Mart Ltd	Consumer Cyclical	7.00	0.47		June25	10.18
Edelweiss Large Cap Dir Gr	INF754K01BW4	Vishal Mega Mart Ltd	Consumer Cyclical	7.00	0.47		July25	9.19
Edelweiss Large Cap Dir Gr	INF754K01BW4	Vishal Mega Mart Ltd	Consumer Cyclical	7.00	0.47		Aug25	8.13
Edelweiss Large Cap Dir Gr	INF754K01BW4	Avenue Supermarts Ltd	Consumer Defensive	6.98	0.47	0.00	Oct24	5.55
Edelweiss Large Cap Dir Gr	INF754K01BW4	Avenue Supermarts Ltd	Consumer Defensive	6.98	0.47	0.00	Nov24	7.52
Edelweiss Large Cap Dir Gr	INF754K01BW4	Avenue Supermarts Ltd	Consumer Defensive	6.98	0.47	0.00	Dec24	3.56
Edelweiss Large Cap Dir Gr	INF754K01BW4	Avenue Supermarts Ltd	Consumer Defensive	6.98	0.47	0.00	Jan25	5.32
Edelweiss Large Cap Dir Gr	INF754K01BW4	Avenue Supermarts Ltd	Consumer Defensive	6.98	0.47	0.00	Feb25	5.59
Edelweiss Large Cap Dir Gr	INF754K01BW4	Avenue Supermarts Ltd	Consumer Defensive	6.98	0.47	0.00	Mar25	15.51
Edelweiss Large Cap Dir Gr	INF754K01BW4	Avenue Supermarts Ltd	Consumer Defensive	6.98	0.47	0.00	Mar25	15.51
Edelweiss Large Cap Dir Gr	INF754K01BW4	Avenue Supermarts Ltd	Consumer Defensive	6.98	0.47	0.00	Apr25	12.51
Edelweiss Large Cap Dir Gr	INF754K01BW4	Avenue Supermarts Ltd	Consumer Defensive	6.98	0.47	0.00	May25	11.15
Edelweiss Large Cap Dir Gr	INF754K01BW4	Avenue Supermarts Ltd	Consumer Defensive	6.98	0.47	0.00	June25	10.18
Edelweiss Large Cap Dir Gr	INF754K01BW4	Avenue Supermarts Ltd	Consumer Defensive	6.98	0.47	0.00	July25	9.19
Edelweiss Large Cap Dir Gr	INF754K01BW4	Avenue Supermarts Ltd	Consumer Defensive	6.98	0.47	0.00	Aug25	8.13
Edelweiss Large Cap Dir Gr	INF754K01BW4	Fortis Healthcare Ltd	Healthcare	6.98	0.47	0.00	Oct24	5.55
Edelweiss Large Cap Dir Gr	INF754K01BW4	Fortis Healthcare Ltd	Healthcare	6.98	0.47	0.00	Nov24	7.52
Edelweiss Large Cap Dir Gr	INF754K01BW4	Fortis Healthcare Ltd	Healthcare	6.98	0.47	0.00	Dec24	3.56
Edelweiss Large Cap Dir Gr	INF754K01BW4	Fortis Healthcare Ltd	Healthcare	6.98	0.47	0.00	Jan25	5.32
Edelweiss Large Cap Dir Gr	INF754K01BW4	Fortis Healthcare Ltd	Healthcare	6.98	0.47	0.00	Feb25	5.59
Edelweiss Large Cap Dir Gr	INF754K01BW4	Fortis Healthcare Ltd	Healthcare	6.98	0.47	0.00	Mar25	15.51
Edelweiss Large Cap Dir Gr	INF754K01BW4	Fortis Healthcare Ltd	Healthcare	6.98	0.47	0.00	Mar25	15.51
Edelweiss Large Cap Dir Gr	INF754K01BW4	Fortis Healthcare Ltd	Healthcare	6.98	0.47	0.00	Apr25	12.51
Edelweiss Large Cap Dir Gr	INF754K01BW4	Fortis Healthcare Ltd	Healthcare	6.98	0.47	0.00	May25	11.15
Edelweiss Large Cap Dir Gr	INF754K01BW4	Fortis Healthcare Ltd	Healthcare	6.98	0.47	0.00	June25	10.18
Edelweiss Large Cap Dir Gr	INF754K01BW4	Fortis Healthcare Ltd	Healthcare	6.98	0.47	0.00	July25	9.19
Edelweiss Large Cap Dir Gr	INF754K01BW4	Fortis Healthcare Ltd	Healthcare	6.98	0.47	0.00	Aug25	8.13
Edelweiss Large Cap Dir Gr	INF754K01BW4	Cholamandalam Investment and Finance Co Ltd	Financial Services	6.92	0.47	-49.17	Oct24	5.55
Edelweiss Large Cap Dir Gr	INF754K01BW4	Cholamandalam Investment and Finance Co Ltd	Financial Services	6.92	0.47	-49.17	Nov24	7.52
Edelweiss Large Cap Dir Gr	INF754K01BW4	Cholamandalam Investment and Finance Co Ltd	Financial Services	6.92	0.47	-49.17	Dec24	3.56
Edelweiss Large Cap Dir Gr	INF754K01BW4	Cholamandalam Investment and Finance Co Ltd	Financial Services	6.92	0.47	-49.17	Jan25	5.32
Edelweiss Large Cap Dir Gr	INF754K01BW4	Cholamandalam Investment and Finance Co Ltd	Financial Services	6.92	0.47	-49.17	Feb25	5.59
Edelweiss Large Cap Dir Gr	INF754K01BW4	Cholamandalam Investment and Finance Co Ltd	Financial Services	6.92	0.47	-49.17	Mar25	15.51
Edelweiss Large Cap Dir Gr	INF754K01BW4	Cholamandalam Investment and Finance Co Ltd	Financial Services	6.92	0.47	-49.17	Mar25	15.51
Edelweiss Large Cap Dir Gr	INF754K01BW4	Cholamandalam Investment and Finance Co Ltd	Financial Services	6.92	0.47	-49.17	Apr25	12.51
Edelweiss Large Cap Dir Gr	INF754K01BW4	Cholamandalam Investment and Finance Co Ltd	Financial Services	6.92	0.47	-49.17	May25	11.15
Edelweiss Large Cap Dir Gr	INF754K01BW4	Cholamandalam Investment and Finance Co Ltd	Financial Services	6.92	0.47	-49.17	June25	10.18
Edelweiss Large Cap Dir Gr	INF754K01BW4	Cholamandalam Investment and Finance Co Ltd	Financial Services	6.92	0.47	-49.17	July25	9.19
Edelweiss Large Cap Dir Gr	INF754K01BW4	Cholamandalam Investment and Finance Co Ltd	Financial Services	6.92	0.47	-49.17	Aug25	8.13
Edelweiss Large Cap Dir Gr	INF754K01BW4	HCL Technologies Ltd	Technology	6.25	0.42	0.00	Oct24	5.55
Edelweiss Large Cap Dir Gr	INF754K01BW4	HCL Technologies Ltd	Technology	6.25	0.42	0.00	Nov24	7.52
Edelweiss Large Cap Dir Gr	INF754K01BW4	HCL Technologies Ltd	Technology	6.25	0.42	0.00	Dec24	3.56
Edelweiss Large Cap Dir Gr	INF754K01BW4	HCL Technologies Ltd	Technology	6.25	0.42	0.00	Jan25	5.32
Edelweiss Large Cap Dir Gr	INF754K01BW4	HCL Technologies Ltd	Technology	6.25	0.42	0.00	Feb25	5.59
Edelweiss Large Cap Dir Gr	INF754K01BW4	HCL Technologies Ltd	Technology	6.25	0.42	0.00	Mar25	15.51
Edelweiss Large Cap Dir Gr	INF754K01BW4	HCL Technologies Ltd	Technology	6.25	0.42	0.00	Mar25	15.51
Edelweiss Large Cap Dir Gr	INF754K01BW4	HCL Technologies Ltd	Technology	6.25	0.42	0.00	Apr25	12.51
Edelweiss Large Cap Dir Gr	INF754K01BW4	HCL Technologies Ltd	Technology	6.25	0.42	0.00	May25	11.15
Edelweiss Large Cap Dir Gr	INF754K01BW4	HCL Technologies Ltd	Technology	6.25	0.42	0.00	June25	10.18
Edelweiss Large Cap Dir Gr	INF754K01BW4	HCL Technologies Ltd	Technology	6.25	0.42	0.00	July25	9.19
Edelweiss Large Cap Dir Gr	INF754K01BW4	HCL Technologies Ltd	Technology	6.25	0.42	0.00	Aug25	8.13
Edelweiss Large Cap Dir Gr	INF754K01BW4	Hindustan Petroleum Corp Ltd	Energy	5.62	0.38	0.00	Oct24	5.55
Edelweiss Large Cap Dir Gr	INF754K01BW4	Hindustan Petroleum Corp Ltd	Energy	5.62	0.38	0.00	Nov24	7.52
Edelweiss Large Cap Dir Gr	INF754K01BW4	Hindustan Petroleum Corp Ltd	Energy	5.62	0.38	0.00	Dec24	3.56
Edelweiss Large Cap Dir Gr	INF754K01BW4	Hindustan Petroleum Corp Ltd	Energy	5.62	0.38	0.00	Jan25	5.32
Edelweiss Large Cap Dir Gr	INF754K01BW4	Hindustan Petroleum Corp Ltd	Energy	5.62	0.38	0.00	Feb25	5.59
Edelweiss Large Cap Dir Gr	INF754K01BW4	Hindustan Petroleum Corp Ltd	Energy	5.62	0.38	0.00	Mar25	15.51
Edelweiss Large Cap Dir Gr	INF754K01BW4	Hindustan Petroleum Corp Ltd	Energy	5.62	0.38	0.00	Mar25	15.51
Edelweiss Large Cap Dir Gr	INF754K01BW4	Hindustan Petroleum Corp Ltd	Energy	5.62	0.38	0.00	Apr25	12.51
Edelweiss Large Cap Dir Gr	INF754K01BW4	Hindustan Petroleum Corp Ltd	Energy	5.62	0.38	0.00	May25	11.15
Edelweiss Large Cap Dir Gr	INF754K01BW4	Hindustan Petroleum Corp Ltd	Energy	5.62	0.38	0.00	June25	10.18
Edelweiss Large Cap Dir Gr	INF754K01BW4	Hindustan Petroleum Corp Ltd	Energy	5.62	0.38	0.00	July25	9.19
Edelweiss Large Cap Dir Gr	INF754K01BW4	Hindustan Petroleum Corp Ltd	Energy	5.62	0.38	0.00	Aug25	8.13
Edelweiss Large Cap Dir Gr	INF754K01BW4	Abbott India Ltd	Healthcare	4.54	0.31	0.00	Oct24	5.55
Edelweiss Large Cap Dir Gr	INF754K01BW4	Abbott India Ltd	Healthcare	4.54	0.31	0.00	Nov24	7.52
Edelweiss Large Cap Dir Gr	INF754K01BW4	Abbott India Ltd	Healthcare	4.54	0.31	0.00	Dec24	3.56
Edelweiss Large Cap Dir Gr	INF754K01BW4	Abbott India Ltd	Healthcare	4.54	0.31	0.00	Jan25	5.32
Edelweiss Large Cap Dir Gr	INF754K01BW4	Abbott India Ltd	Healthcare	4.54	0.31	0.00	Feb25	5.59
Edelweiss Large Cap Dir Gr	INF754K01BW4	Abbott India Ltd	Healthcare	4.54	0.31	0.00	Mar25	15.51
Edelweiss Large Cap Dir Gr	INF754K01BW4	Abbott India Ltd	Healthcare	4.54	0.31	0.00	Mar25	15.51
Edelweiss Large Cap Dir Gr	INF754K01BW4	Abbott India Ltd	Healthcare	4.54	0.31	0.00	Apr25	12.51
Edelweiss Large Cap Dir Gr	INF754K01BW4	Abbott India Ltd	Healthcare	4.54	0.31	0.00	May25	11.15
Edelweiss Large Cap Dir Gr	INF754K01BW4	Abbott India Ltd	Healthcare	4.54	0.31	0.00	June25	10.18
Edelweiss Large Cap Dir Gr	INF754K01BW4	Abbott India Ltd	Healthcare	4.54	0.31	0.00	July25	9.19
Edelweiss Large Cap Dir Gr	INF754K01BW4	Abbott India Ltd	Healthcare	4.54	0.31	0.00	Aug25	8.13
Edelweiss Large Cap Dir Gr	INF754K01BW4	02/04/2026 Maturing 364 DTB		3.48	0.24	0.00	Oct24	5.55
Edelweiss Large Cap Dir Gr	INF754K01BW4	02/04/2026 Maturing 364 DTB		3.48	0.24	0.00	Nov24	7.52
Edelweiss Large Cap Dir Gr	INF754K01BW4	02/04/2026 Maturing 364 DTB		3.48	0.24	0.00	Dec24	3.56
Edelweiss Large Cap Dir Gr	INF754K01BW4	02/04/2026 Maturing 364 DTB		3.48	0.24	0.00	Jan25	5.32
Edelweiss Large Cap Dir Gr	INF754K01BW4	02/04/2026 Maturing 364 DTB		3.48	0.24	0.00	Feb25	5.59
Edelweiss Large Cap Dir Gr	INF754K01BW4	02/04/2026 Maturing 364 DTB		3.48	0.24	0.00	Mar25	15.51
Edelweiss Large Cap Dir Gr	INF754K01BW4	02/04/2026 Maturing 364 DTB		3.48	0.24	0.00	Mar25	15.51
Edelweiss Large Cap Dir Gr	INF754K01BW4	02/04/2026 Maturing 364 DTB		3.48	0.24	0.00	Apr25	12.51
Edelweiss Large Cap Dir Gr	INF754K01BW4	02/04/2026 Maturing 364 DTB		3.48	0.24	0.00	May25	11.15
Edelweiss Large Cap Dir Gr	INF754K01BW4	02/04/2026 Maturing 364 DTB		3.48	0.24	0.00	June25	10.18
Edelweiss Large Cap Dir Gr	INF754K01BW4	02/04/2026 Maturing 364 DTB		3.48	0.24	0.00	July25	9.19
Edelweiss Large Cap Dir Gr	INF754K01BW4	02/04/2026 Maturing 364 DTB		3.48	0.24	0.00	Aug25	8.13
Edelweiss Large Cap Dir Gr	INF754K01BW4	Tbill		3.47	0.24		Oct24	5.55
Edelweiss Large Cap Dir Gr	INF754K01BW4	Tbill		3.47	0.24		Nov24	7.52
Edelweiss Large Cap Dir Gr	INF754K01BW4	Tbill		3.47	0.24		Dec24	3.56
Edelweiss Large Cap Dir Gr	INF754K01BW4	Tbill		3.47	0.24		Jan25	5.32
Edelweiss Large Cap Dir Gr	INF754K01BW4	Tbill		3.47	0.24		Feb25	5.59
Edelweiss Large Cap Dir Gr	INF754K01BW4	Tbill		3.47	0.24		Mar25	15.51
Edelweiss Large Cap Dir Gr	INF754K01BW4	Tbill		3.47	0.24		Mar25	15.51
Edelweiss Large Cap Dir Gr	INF754K01BW4	Tbill		3.47	0.24		Apr25	12.51
Edelweiss Large Cap Dir Gr	INF754K01BW4	Tbill		3.47	0.24		May25	11.15
Edelweiss Large Cap Dir Gr	INF754K01BW4	Tbill		3.47	0.24		June25	10.18
Edelweiss Large Cap Dir Gr	INF754K01BW4	Tbill		3.47	0.24		July25	9.19
Edelweiss Large Cap Dir Gr	INF754K01BW4	Tbill		3.47	0.24		Aug25	8.13
Edelweiss Large Cap Dir Gr	INF754K01BW4	UNO Minda Ltd	Consumer Cyclical	2.41	0.16	-60.88	Oct24	5.55
Edelweiss Large Cap Dir Gr	INF754K01BW4	UNO Minda Ltd	Consumer Cyclical	2.41	0.16	-60.88	Nov24	7.52
Edelweiss Large Cap Dir Gr	INF754K01BW4	UNO Minda Ltd	Consumer Cyclical	2.41	0.16	-60.88	Dec24	3.56
Edelweiss Large Cap Dir Gr	INF754K01BW4	UNO Minda Ltd	Consumer Cyclical	2.41	0.16	-60.88	Jan25	5.32
Edelweiss Large Cap Dir Gr	INF754K01BW4	UNO Minda Ltd	Consumer Cyclical	2.41	0.16	-60.88	Feb25	5.59
Edelweiss Large Cap Dir Gr	INF754K01BW4	UNO Minda Ltd	Consumer Cyclical	2.41	0.16	-60.88	Mar25	15.51
Edelweiss Large Cap Dir Gr	INF754K01BW4	UNO Minda Ltd	Consumer Cyclical	2.41	0.16	-60.88	Mar25	15.51
Edelweiss Large Cap Dir Gr	INF754K01BW4	UNO Minda Ltd	Consumer Cyclical	2.41	0.16	-60.88	Apr25	12.51
Edelweiss Large Cap Dir Gr	INF754K01BW4	UNO Minda Ltd	Consumer Cyclical	2.41	0.16	-60.88	May25	11.15
Edelweiss Large Cap Dir Gr	INF754K01BW4	UNO Minda Ltd	Consumer Cyclical	2.41	0.16	-60.88	June25	10.18
Edelweiss Large Cap Dir Gr	INF754K01BW4	UNO Minda Ltd	Consumer Cyclical	2.41	0.16	-60.88	July25	9.19
Edelweiss Large Cap Dir Gr	INF754K01BW4	UNO Minda Ltd	Consumer Cyclical	2.41	0.16	-60.88	Aug25	8.13
Edelweiss Large Cap Dir Gr	INF754K01BW4	Cummins India Ltd	Industrials	0.92	0.06	0.00	Oct24	5.55
Edelweiss Large Cap Dir Gr	INF754K01BW4	Cummins India Ltd	Industrials	0.92	0.06	0.00	Nov24	7.52
Edelweiss Large Cap Dir Gr	INF754K01BW4	Cummins India Ltd	Industrials	0.92	0.06	0.00	Dec24	3.56
Edelweiss Large Cap Dir Gr	INF754K01BW4	Cummins India Ltd	Industrials	0.92	0.06	0.00	Jan25	5.32
Edelweiss Large Cap Dir Gr	INF754K01BW4	Cummins India Ltd	Industrials	0.92	0.06	0.00	Feb25	5.59
Edelweiss Large Cap Dir Gr	INF754K01BW4	Cummins India Ltd	Industrials	0.92	0.06	0.00	Mar25	15.51
Edelweiss Large Cap Dir Gr	INF754K01BW4	Cummins India Ltd	Industrials	0.92	0.06	0.00	Mar25	15.51
Edelweiss Large Cap Dir Gr	INF754K01BW4	Cummins India Ltd	Industrials	0.92	0.06	0.00	Apr25	12.51
Edelweiss Large Cap Dir Gr	INF754K01BW4	Cummins India Ltd	Industrials	0.92	0.06	0.00	May25	11.15
Edelweiss Large Cap Dir Gr	INF754K01BW4	Cummins India Ltd	Industrials	0.92	0.06	0.00	June25	10.18
Edelweiss Large Cap Dir Gr	INF754K01BW4	Cummins India Ltd	Industrials	0.92	0.06	0.00	July25	9.19
Edelweiss Large Cap Dir Gr	INF754K01BW4	Cummins India Ltd	Industrials	0.92	0.06	0.00	Aug25	8.13
Edelweiss Large Cap Dir Gr	INF754K01BW4	Seshaasai Technologies Ltd	Technology	0.58	0.04	-84.29	Oct24	5.55
Edelweiss Large Cap Dir Gr	INF754K01BW4	Seshaasai Technologies Ltd	Technology	0.58	0.04	-84.29	Nov24	7.52
Edelweiss Large Cap Dir Gr	INF754K01BW4	Seshaasai Technologies Ltd	Technology	0.58	0.04	-84.29	Dec24	3.56
Edelweiss Large Cap Dir Gr	INF754K01BW4	Seshaasai Technologies Ltd	Technology	0.58	0.04	-84.29	Jan25	5.32
Edelweiss Large Cap Dir Gr	INF754K01BW4	Seshaasai Technologies Ltd	Technology	0.58	0.04	-84.29	Feb25	5.59
Edelweiss Large Cap Dir Gr	INF754K01BW4	Seshaasai Technologies Ltd	Technology	0.58	0.04	-84.29	Mar25	15.51
Edelweiss Large Cap Dir Gr	INF754K01BW4	Seshaasai Technologies Ltd	Technology	0.58	0.04	-84.29	Mar25	15.51
Edelweiss Large Cap Dir Gr	INF754K01BW4	Seshaasai Technologies Ltd	Technology	0.58	0.04	-84.29	Apr25	12.51
Edelweiss Large Cap Dir Gr	INF754K01BW4	Seshaasai Technologies Ltd	Technology	0.58	0.04	-84.29	May25	11.15
Edelweiss Large Cap Dir Gr	INF754K01BW4	Seshaasai Technologies Ltd	Technology	0.58	0.04	-84.29	June25	10.18
Edelweiss Large Cap Dir Gr	INF754K01BW4	Seshaasai Technologies Ltd	Technology	0.58	0.04	-84.29	July25	9.19
Edelweiss Large Cap Dir Gr	INF754K01BW4	Seshaasai Technologies Ltd	Technology	0.58	0.04	-84.29	Aug25	8.13
Edelweiss Large Cap Dir Gr	INF754K01BW4	Kwality Walls India Ltd	Consumer Defensive	0.15	0.01		Oct24	5.55
Edelweiss Large Cap Dir Gr	INF754K01BW4	Kwality Walls India Ltd	Consumer Defensive	0.15	0.01		Nov24	7.52
Edelweiss Large Cap Dir Gr	INF754K01BW4	Kwality Walls India Ltd	Consumer Defensive	0.15	0.01		Dec24	3.56
Edelweiss Large Cap Dir Gr	INF754K01BW4	Kwality Walls India Ltd	Consumer Defensive	0.15	0.01		Jan25	5.32
Edelweiss Large Cap Dir Gr	INF754K01BW4	Kwality Walls India Ltd	Consumer Defensive	0.15	0.01		Feb25	5.59
Edelweiss Large Cap Dir Gr	INF754K01BW4	Kwality Walls India Ltd	Consumer Defensive	0.15	0.01		Mar25	15.51
Edelweiss Large Cap Dir Gr	INF754K01BW4	Kwality Walls India Ltd	Consumer Defensive	0.15	0.01		Mar25	15.51
Edelweiss Large Cap Dir Gr	INF754K01BW4	Kwality Walls India Ltd	Consumer Defensive	0.15	0.01		Apr25	12.51
Edelweiss Large Cap Dir Gr	INF754K01BW4	Kwality Walls India Ltd	Consumer Defensive	0.15	0.01		May25	11.15
Edelweiss Large Cap Dir Gr	INF754K01BW4	Kwality Walls India Ltd	Consumer Defensive	0.15	0.01		June25	10.18
Edelweiss Large Cap Dir Gr	INF754K01BW4	Kwality Walls India Ltd	Consumer Defensive	0.15	0.01		July25	9.19
Edelweiss Large Cap Dir Gr	INF754K01BW4	Kwality Walls India Ltd	Consumer Defensive	0.15	0.01		Aug25	8.13
Edelweiss Large Cap Dir Gr	INF754K01BW4	Tvs Motor Company Limited		0.14	0.01	0.00	Oct24	5.55
Edelweiss Large Cap Dir Gr	INF754K01BW4	Tvs Motor Company Limited		0.14	0.01	0.00	Nov24	7.52
Edelweiss Large Cap Dir Gr	INF754K01BW4	Tvs Motor Company Limited		0.14	0.01	0.00	Dec24	3.56
Edelweiss Large Cap Dir Gr	INF754K01BW4	Tvs Motor Company Limited		0.14	0.01	0.00	Jan25	5.32
Edelweiss Large Cap Dir Gr	INF754K01BW4	Tvs Motor Company Limited		0.14	0.01	0.00	Feb25	5.59
Edelweiss Large Cap Dir Gr	INF754K01BW4	Tvs Motor Company Limited		0.14	0.01	0.00	Mar25	15.51
Edelweiss Large Cap Dir Gr	INF754K01BW4	Tvs Motor Company Limited		0.14	0.01	0.00	Mar25	15.51
Edelweiss Large Cap Dir Gr	INF754K01BW4	Tvs Motor Company Limited		0.14	0.01	0.00	Apr25	12.51
Edelweiss Large Cap Dir Gr	INF754K01BW4	Tvs Motor Company Limited		0.14	0.01	0.00	May25	11.15
Edelweiss Large Cap Dir Gr	INF754K01BW4	Tvs Motor Company Limited		0.14	0.01	0.00	June25	10.18
Edelweiss Large Cap Dir Gr	INF754K01BW4	Tvs Motor Company Limited		0.14	0.01	0.00	July25	9.19
Edelweiss Large Cap Dir Gr	INF754K01BW4	Tvs Motor Company Limited		0.14	0.01	0.00	Aug25	8.13
Edelweiss Large Cap Dir Gr	INF754K01BW4	Ashok Leyland Ltd	Industrials	0.04	0.00	0.00	Oct24	5.55
Edelweiss Large Cap Dir Gr	INF754K01BW4	Ashok Leyland Ltd	Industrials	0.04	0.00	0.00	Nov24	7.52
Edelweiss Large Cap Dir Gr	INF754K01BW4	Ashok Leyland Ltd	Industrials	0.04	0.00	0.00	Dec24	3.56
Edelweiss Large Cap Dir Gr	INF754K01BW4	Ashok Leyland Ltd	Industrials	0.04	0.00	0.00	Jan25	5.32
Edelweiss Large Cap Dir Gr	INF754K01BW4	Ashok Leyland Ltd	Industrials	0.04	0.00	0.00	Feb25	5.59
Edelweiss Large Cap Dir Gr	INF754K01BW4	Ashok Leyland Ltd	Industrials	0.04	0.00	0.00	Mar25	15.51
Edelweiss Large Cap Dir Gr	INF754K01BW4	Ashok Leyland Ltd	Industrials	0.04	0.00	0.00	Mar25	15.51
Edelweiss Large Cap Dir Gr	INF754K01BW4	Ashok Leyland Ltd	Industrials	0.04	0.00	0.00	Apr25	12.51
Edelweiss Large Cap Dir Gr	INF754K01BW4	Ashok Leyland Ltd	Industrials	0.04	0.00	0.00	May25	11.15
Edelweiss Large Cap Dir Gr	INF754K01BW4	Ashok Leyland Ltd	Industrials	0.04	0.00	0.00	June25	10.18
Edelweiss Large Cap Dir Gr	INF754K01BW4	Ashok Leyland Ltd	Industrials	0.04	0.00	0.00	July25	9.19
Edelweiss Large Cap Dir Gr	INF754K01BW4	Ashok Leyland Ltd	Industrials	0.04	0.00	0.00	Aug25	8.13
Edelweiss Large Cap Dir Gr	INF754K01BW4	Accrued Interest		0.02	0.00		Oct24	5.55
Edelweiss Large Cap Dir Gr	INF754K01BW4	Accrued Interest		0.02	0.00		Nov24	7.52
Edelweiss Large Cap Dir Gr	INF754K01BW4	Accrued Interest		0.02	0.00		Dec24	3.56
Edelweiss Large Cap Dir Gr	INF754K01BW4	Accrued Interest		0.02	0.00		Jan25	5.32
Edelweiss Large Cap Dir Gr	INF754K01BW4	Accrued Interest		0.02	0.00		Feb25	5.59
Edelweiss Large Cap Dir Gr	INF754K01BW4	Accrued Interest		0.02	0.00		Mar25	15.51
Edelweiss Large Cap Dir Gr	INF754K01BW4	Accrued Interest		0.02	0.00		Mar25	15.51
Edelweiss Large Cap Dir Gr	INF754K01BW4	Accrued Interest		0.02	0.00		Apr25	12.51
Edelweiss Large Cap Dir Gr	INF754K01BW4	Accrued Interest		0.02	0.00		May25	11.15
Edelweiss Large Cap Dir Gr	INF754K01BW4	Accrued Interest		0.02	0.00		June25	10.18
Edelweiss Large Cap Dir Gr	INF754K01BW4	Accrued Interest		0.02	0.00		July25	9.19
Edelweiss Large Cap Dir Gr	INF754K01BW4	Accrued Interest		0.02	0.00		Aug25	8.13
Edelweiss Large Cap Dir Gr	INF754K01BW4	Tata Motors Passenger Vehicles Ltd		0.00	0.00	-100.00	Oct24	5.55
Edelweiss Large Cap Dir Gr	INF754K01BW4	Tata Motors Passenger Vehicles Ltd		0.00	0.00	-100.00	Nov24	7.52
Edelweiss Large Cap Dir Gr	INF754K01BW4	Tata Motors Passenger Vehicles Ltd		0.00	0.00	-100.00	Dec24	3.56
Edelweiss Large Cap Dir Gr	INF754K01BW4	Tata Motors Passenger Vehicles Ltd		0.00	0.00	-100.00	Jan25	5.32
Edelweiss Large Cap Dir Gr	INF754K01BW4	Tata Motors Passenger Vehicles Ltd		0.00	0.00	-100.00	Feb25	5.59
Edelweiss Large Cap Dir Gr	INF754K01BW4	Tata Motors Passenger Vehicles Ltd		0.00	0.00	-100.00	Mar25	15.51
Edelweiss Large Cap Dir Gr	INF754K01BW4	Tata Motors Passenger Vehicles Ltd		0.00	0.00	-100.00	Mar25	15.51
Edelweiss Large Cap Dir Gr	INF754K01BW4	Tata Motors Passenger Vehicles Ltd		0.00	0.00	-100.00	Apr25	12.51
Edelweiss Large Cap Dir Gr	INF754K01BW4	Tata Motors Passenger Vehicles Ltd		0.00	0.00	-100.00	May25	11.15
Edelweiss Large Cap Dir Gr	INF754K01BW4	Tata Motors Passenger Vehicles Ltd		0.00	0.00	-100.00	June25	10.18
Edelweiss Large Cap Dir Gr	INF754K01BW4	Tata Motors Passenger Vehicles Ltd		0.00	0.00	-100.00	July25	9.19
Edelweiss Large Cap Dir Gr	INF754K01BW4	Tata Motors Passenger Vehicles Ltd		0.00	0.00	-100.00	Aug25	8.13
Edelweiss Large Cap Dir Gr	INF754K01BW4	LG Electronics India Ltd		0.00	0.00	-100.00	Oct24	5.55
Edelweiss Large Cap Dir Gr	INF754K01BW4	LG Electronics India Ltd		0.00	0.00	-100.00	Nov24	7.52
Edelweiss Large Cap Dir Gr	INF754K01BW4	LG Electronics India Ltd		0.00	0.00	-100.00	Dec24	3.56
Edelweiss Large Cap Dir Gr	INF754K01BW4	LG Electronics India Ltd		0.00	0.00	-100.00	Jan25	5.32
Edelweiss Large Cap Dir Gr	INF754K01BW4	LG Electronics India Ltd		0.00	0.00	-100.00	Feb25	5.59
Edelweiss Large Cap Dir Gr	INF754K01BW4	LG Electronics India Ltd		0.00	0.00	-100.00	Mar25	15.51
Edelweiss Large Cap Dir Gr	INF754K01BW4	LG Electronics India Ltd		0.00	0.00	-100.00	Mar25	15.51
Edelweiss Large Cap Dir Gr	INF754K01BW4	LG Electronics India Ltd		0.00	0.00	-100.00	Apr25	12.51
Edelweiss Large Cap Dir Gr	INF754K01BW4	LG Electronics India Ltd		0.00	0.00	-100.00	May25	11.15
Edelweiss Large Cap Dir Gr	INF754K01BW4	LG Electronics India Ltd		0.00	0.00	-100.00	June25	10.18
Edelweiss Large Cap Dir Gr	INF754K01BW4	LG Electronics India Ltd		0.00	0.00	-100.00	July25	9.19
Edelweiss Large Cap Dir Gr	INF754K01BW4	LG Electronics India Ltd		0.00	0.00	-100.00	Aug25	8.13
Edelweiss Large Cap Dir Gr	INF754K01BW4	Hyundai Motor India Ltd		0.00	0.00	-100.00	Oct24	5.55
Edelweiss Large Cap Dir Gr	INF754K01BW4	Hyundai Motor India Ltd		0.00	0.00	-100.00	Nov24	7.52
Edelweiss Large Cap Dir Gr	INF754K01BW4	Hyundai Motor India Ltd		0.00	0.00	-100.00	Dec24	3.56
Edelweiss Large Cap Dir Gr	INF754K01BW4	Hyundai Motor India Ltd		0.00	0.00	-100.00	Jan25	5.32
Edelweiss Large Cap Dir Gr	INF754K01BW4	Hyundai Motor India Ltd		0.00	0.00	-100.00	Feb25	5.59
Edelweiss Large Cap Dir Gr	INF754K01BW4	Hyundai Motor India Ltd		0.00	0.00	-100.00	Mar25	15.51
Edelweiss Large Cap Dir Gr	INF754K01BW4	Hyundai Motor India Ltd		0.00	0.00	-100.00	Mar25	15.51
Edelweiss Large Cap Dir Gr	INF754K01BW4	Hyundai Motor India Ltd		0.00	0.00	-100.00	Apr25	12.51
Edelweiss Large Cap Dir Gr	INF754K01BW4	Hyundai Motor India Ltd		0.00	0.00	-100.00	May25	11.15
Edelweiss Large Cap Dir Gr	INF754K01BW4	Hyundai Motor India Ltd		0.00	0.00	-100.00	June25	10.18
Edelweiss Large Cap Dir Gr	INF754K01BW4	Hyundai Motor India Ltd		0.00	0.00	-100.00	July25	9.19
Edelweiss Large Cap Dir Gr	INF754K01BW4	Hyundai Motor India Ltd		0.00	0.00	-100.00	Aug25	8.13
Edelweiss Large Cap Dir Gr	INF754K01BW4	Hero MotoCorp Ltd		0.00	0.00	-100.00	Oct24	5.55
Edelweiss Large Cap Dir Gr	INF754K01BW4	Hero MotoCorp Ltd		0.00	0.00	-100.00	Nov24	7.52
Edelweiss Large Cap Dir Gr	INF754K01BW4	Hero MotoCorp Ltd		0.00	0.00	-100.00	Dec24	3.56
Edelweiss Large Cap Dir Gr	INF754K01BW4	Hero MotoCorp Ltd		0.00	0.00	-100.00	Jan25	5.32
Edelweiss Large Cap Dir Gr	INF754K01BW4	Hero MotoCorp Ltd		0.00	0.00	-100.00	Feb25	5.59
Edelweiss Large Cap Dir Gr	INF754K01BW4	Hero MotoCorp Ltd		0.00	0.00	-100.00	Mar25	15.51
Edelweiss Large Cap Dir Gr	INF754K01BW4	Hero MotoCorp Ltd		0.00	0.00	-100.00	Mar25	15.51
Edelweiss Large Cap Dir Gr	INF754K01BW4	Hero MotoCorp Ltd		0.00	0.00	-100.00	Apr25	12.51
Edelweiss Large Cap Dir Gr	INF754K01BW4	Hero MotoCorp Ltd		0.00	0.00	-100.00	May25	11.15
Edelweiss Large Cap Dir Gr	INF754K01BW4	Hero MotoCorp Ltd		0.00	0.00	-100.00	June25	10.18
Edelweiss Large Cap Dir Gr	INF754K01BW4	Hero MotoCorp Ltd		0.00	0.00	-100.00	July25	9.19
Edelweiss Large Cap Dir Gr	INF754K01BW4	Hero MotoCorp Ltd		0.00	0.00	-100.00	Aug25	8.13
Edelweiss Large Cap Dir Gr	INF754K01BW4	Divi's Laboratories Ltd		0.00	0.00	-100.00	Oct24	5.55
Edelweiss Large Cap Dir Gr	INF754K01BW4	Divi's Laboratories Ltd		0.00	0.00	-100.00	Nov24	7.52
Edelweiss Large Cap Dir Gr	INF754K01BW4	Divi's Laboratories Ltd		0.00	0.00	-100.00	Dec24	3.56
Edelweiss Large Cap Dir Gr	INF754K01BW4	Divi's Laboratories Ltd		0.00	0.00	-100.00	Jan25	5.32
Edelweiss Large Cap Dir Gr	INF754K01BW4	Divi's Laboratories Ltd		0.00	0.00	-100.00	Feb25	5.59
Edelweiss Large Cap Dir Gr	INF754K01BW4	Divi's Laboratories Ltd		0.00	0.00	-100.00	Mar25	15.51
Edelweiss Large Cap Dir Gr	INF754K01BW4	Divi's Laboratories Ltd		0.00	0.00	-100.00	Mar25	15.51
Edelweiss Large Cap Dir Gr	INF754K01BW4	Divi's Laboratories Ltd		0.00	0.00	-100.00	Apr25	12.51
Edelweiss Large Cap Dir Gr	INF754K01BW4	Divi's Laboratories Ltd		0.00	0.00	-100.00	May25	11.15
Edelweiss Large Cap Dir Gr	INF754K01BW4	Divi's Laboratories Ltd		0.00	0.00	-100.00	June25	10.18
Edelweiss Large Cap Dir Gr	INF754K01BW4	Divi's Laboratories Ltd		0.00	0.00	-100.00	July25	9.19
Edelweiss Large Cap Dir Gr	INF754K01BW4	Divi's Laboratories Ltd		0.00	0.00	-100.00	Aug25	8.13
Edelweiss Large Cap Dir Gr	INF754K01BW4	Max Healthcare Institute Ltd Ordinary Shares		0.00	0.00	-100.00	Oct24	5.55
Edelweiss Large Cap Dir Gr	INF754K01BW4	Max Healthcare Institute Ltd Ordinary Shares		0.00	0.00	-100.00	Nov24	7.52
Edelweiss Large Cap Dir Gr	INF754K01BW4	Max Healthcare Institute Ltd Ordinary Shares		0.00	0.00	-100.00	Dec24	3.56
Edelweiss Large Cap Dir Gr	INF754K01BW4	Max Healthcare Institute Ltd Ordinary Shares		0.00	0.00	-100.00	Jan25	5.32
Edelweiss Large Cap Dir Gr	INF754K01BW4	Max Healthcare Institute Ltd Ordinary Shares		0.00	0.00	-100.00	Feb25	5.59
Edelweiss Large Cap Dir Gr	INF754K01BW4	Max Healthcare Institute Ltd Ordinary Shares		0.00	0.00	-100.00	Mar25	15.51
Edelweiss Large Cap Dir Gr	INF754K01BW4	Max Healthcare Institute Ltd Ordinary Shares		0.00	0.00	-100.00	Mar25	15.51
Edelweiss Large Cap Dir Gr	INF754K01BW4	Max Healthcare Institute Ltd Ordinary Shares		0.00	0.00	-100.00	Apr25	12.51
Edelweiss Large Cap Dir Gr	INF754K01BW4	Max Healthcare Institute Ltd Ordinary Shares		0.00	0.00	-100.00	May25	11.15
Edelweiss Large Cap Dir Gr	INF754K01BW4	Max Healthcare Institute Ltd Ordinary Shares		0.00	0.00	-100.00	June25	10.18
Edelweiss Large Cap Dir Gr	INF754K01BW4	Max Healthcare Institute Ltd Ordinary Shares		0.00	0.00	-100.00	July25	9.19
Edelweiss Large Cap Dir Gr	INF754K01BW4	Max Healthcare Institute Ltd Ordinary Shares		0.00	0.00	-100.00	Aug25	8.13
Edelweiss Large Cap Dir Gr	INF754K01BW4	Bharti Hexacom Ltd		0.00	0.00	-100.00	Oct24	5.55
Edelweiss Large Cap Dir Gr	INF754K01BW4	Bharti Hexacom Ltd		0.00	0.00	-100.00	Nov24	7.52
Edelweiss Large Cap Dir Gr	INF754K01BW4	Bharti Hexacom Ltd		0.00	0.00	-100.00	Dec24	3.56
Edelweiss Large Cap Dir Gr	INF754K01BW4	Bharti Hexacom Ltd		0.00	0.00	-100.00	Jan25	5.32
Edelweiss Large Cap Dir Gr	INF754K01BW4	Bharti Hexacom Ltd		0.00	0.00	-100.00	Feb25	5.59
Edelweiss Large Cap Dir Gr	INF754K01BW4	Bharti Hexacom Ltd		0.00	0.00	-100.00	Mar25	15.51
Edelweiss Large Cap Dir Gr	INF754K01BW4	Bharti Hexacom Ltd		0.00	0.00	-100.00	Mar25	15.51
Edelweiss Large Cap Dir Gr	INF754K01BW4	Bharti Hexacom Ltd		0.00	0.00	-100.00	Apr25	12.51
Edelweiss Large Cap Dir Gr	INF754K01BW4	Bharti Hexacom Ltd		0.00	0.00	-100.00	May25	11.15
Edelweiss Large Cap Dir Gr	INF754K01BW4	Bharti Hexacom Ltd		0.00	0.00	-100.00	June25	10.18
Edelweiss Large Cap Dir Gr	INF754K01BW4	Bharti Hexacom Ltd		0.00	0.00	-100.00	July25	9.19
Edelweiss Large Cap Dir Gr	INF754K01BW4	Bharti Hexacom Ltd		0.00	0.00	-100.00	Aug25	8.13
Edelweiss Large Cap Dir Gr	INF754K01BW4	364 Days Tbill Red 05-02-2026		0.00	0.00	-100.00	Oct24	5.55
Edelweiss Large Cap Dir Gr	INF754K01BW4	364 Days Tbill Red 05-02-2026		0.00	0.00	-100.00	Nov24	7.52
Edelweiss Large Cap Dir Gr	INF754K01BW4	364 Days Tbill Red 05-02-2026		0.00	0.00	-100.00	Dec24	3.56
Edelweiss Large Cap Dir Gr	INF754K01BW4	364 Days Tbill Red 05-02-2026		0.00	0.00	-100.00	Jan25	5.32
Edelweiss Large Cap Dir Gr	INF754K01BW4	364 Days Tbill Red 05-02-2026		0.00	0.00	-100.00	Feb25	5.59
Edelweiss Large Cap Dir Gr	INF754K01BW4	364 Days Tbill Red 05-02-2026		0.00	0.00	-100.00	Mar25	15.51
Edelweiss Large Cap Dir Gr	INF754K01BW4	364 Days Tbill Red 05-02-2026		0.00	0.00	-100.00	Mar25	15.51
Edelweiss Large Cap Dir Gr	INF754K01BW4	364 Days Tbill Red 05-02-2026		0.00	0.00	-100.00	Apr25	12.51
Edelweiss Large Cap Dir Gr	INF754K01BW4	364 Days Tbill Red 05-02-2026		0.00	0.00	-100.00	May25	11.15
Edelweiss Large Cap Dir Gr	INF754K01BW4	364 Days Tbill Red 05-02-2026		0.00	0.00	-100.00	June25	10.18
Edelweiss Large Cap Dir Gr	INF754K01BW4	364 Days Tbill Red 05-02-2026		0.00	0.00	-100.00	July25	9.19
Edelweiss Large Cap Dir Gr	INF754K01BW4	364 Days Tbill Red 05-02-2026		0.00	0.00	-100.00	Aug25	8.13
Edelweiss Large Cap Dir Gr	INF754K01BW4	Urban Co Ltd		0.00	0.00	-100.00	Oct24	5.55
Edelweiss Large Cap Dir Gr	INF754K01BW4	Urban Co Ltd		0.00	0.00	-100.00	Nov24	7.52
Edelweiss Large Cap Dir Gr	INF754K01BW4	Urban Co Ltd		0.00	0.00	-100.00	Dec24	3.56
Edelweiss Large Cap Dir Gr	INF754K01BW4	Urban Co Ltd		0.00	0.00	-100.00	Jan25	5.32
Edelweiss Large Cap Dir Gr	INF754K01BW4	Urban Co Ltd		0.00	0.00	-100.00	Feb25	5.59
Edelweiss Large Cap Dir Gr	INF754K01BW4	Urban Co Ltd		0.00	0.00	-100.00	Mar25	15.51
Edelweiss Large Cap Dir Gr	INF754K01BW4	Urban Co Ltd		0.00	0.00	-100.00	Mar25	15.51
Edelweiss Large Cap Dir Gr	INF754K01BW4	Urban Co Ltd		0.00	0.00	-100.00	Apr25	12.51
Edelweiss Large Cap Dir Gr	INF754K01BW4	Urban Co Ltd		0.00	0.00	-100.00	May25	11.15
Edelweiss Large Cap Dir Gr	INF754K01BW4	Urban Co Ltd		0.00	0.00	-100.00	June25	10.18
Edelweiss Large Cap Dir Gr	INF754K01BW4	Urban Co Ltd		0.00	0.00	-100.00	July25	9.19
Edelweiss Large Cap Dir Gr	INF754K01BW4	Urban Co Ltd		0.00	0.00	-100.00	Aug25	8.13
