schemeName	isin	stock_name	sector	market_value	weight	change_1m	period	weightage
Nippon India Growth Mid Cap Dir Gr	INF204K01E54	BSE Ltd	Financial Services	1,434.76	3.26	3.92	Oct24	5.55
Nippon India Growth Mid Cap Dir Gr	INF204K01E54	BSE Ltd	Financial Services	1,434.76	3.26	3.92	Nov24	7.52
Nippon India Growth Mid Cap Dir Gr	INF204K01E54	BSE Ltd	Financial Services	1,434.76	3.26	3.92	Dec24	3.56
Nippon India Growth Mid Cap Dir Gr	INF204K01E54	BSE Ltd	Financial Services	1,434.76	3.26	3.92	Jan25	5.32
Nippon India Growth Mid Cap Dir Gr	INF204K01E54	BSE Ltd	Financial Services	1,434.76	3.26	3.92	Feb25	5.59
Nippon India Growth Mid Cap Dir Gr	INF204K01E54	BSE Ltd	Financial Services	1,434.76	3.26	3.92	Mar25	15.51
Nippon India Growth Mid Cap Dir Gr	INF204K01E54	BSE Ltd	Financial Services	1,434.76	3.26	3.92	Mar25	15.51
Nippon India Growth Mid Cap Dir Gr	INF204K01E54	BSE Ltd	Financial Services	1,434.76	3.26	3.92	Apr25	12.51
Nippon India Growth Mid Cap Dir Gr	INF204K01E54	BSE Ltd	Financial Services	1,434.76	3.26	3.92	May25	11.15
Nippon India Growth Mid Cap Dir Gr	INF204K01E54	BSE Ltd	Financial Services	1,434.76	3.26	3.92	June25	10.18
Nippon India Growth Mid Cap Dir Gr	INF204K01E54	BSE Ltd	Financial Services	1,434.76	3.26	3.92	July25	9.19
Nippon India Growth Mid Cap Dir Gr	INF204K01E54	BSE Ltd	Financial Services	1,434.76	3.26	3.92	Aug25	8.13
Nippon India Growth Mid Cap Dir Gr	INF204K01E54	Fortis Healthcare Ltd	Healthcare	1,276.54	2.90	0.00	Oct24	5.55
Nippon India Growth Mid Cap Dir Gr	INF204K01E54	Fortis Healthcare Ltd	Healthcare	1,276.54	2.90	0.00	Nov24	7.52
Nippon India Growth Mid Cap Dir Gr	INF204K01E54	Fortis Healthcare Ltd	Healthcare	1,276.54	2.90	0.00	Dec24	3.56
Nippon India Growth Mid Cap Dir Gr	INF204K01E54	Fortis Healthcare Ltd	Healthcare	1,276.54	2.90	0.00	Jan25	5.32
Nippon India Growth Mid Cap Dir Gr	INF204K01E54	Fortis Healthcare Ltd	Healthcare	1,276.54	2.90	0.00	Feb25	5.59
Nippon India Growth Mid Cap Dir Gr	INF204K01E54	Fortis Healthcare Ltd	Healthcare	1,276.54	2.90	0.00	Mar25	15.51
Nippon India Growth Mid Cap Dir Gr	INF204K01E54	Fortis Healthcare Ltd	Healthcare	1,276.54	2.90	0.00	Mar25	15.51
Nippon India Growth Mid Cap Dir Gr	INF204K01E54	Fortis Healthcare Ltd	Healthcare	1,276.54	2.90	0.00	Apr25	12.51
Nippon India Growth Mid Cap Dir Gr	INF204K01E54	Fortis Healthcare Ltd	Healthcare	1,276.54	2.90	0.00	May25	11.15
Nippon India Growth Mid Cap Dir Gr	INF204K01E54	Fortis Healthcare Ltd	Healthcare	1,276.54	2.90	0.00	June25	10.18
Nippon India Growth Mid Cap Dir Gr	INF204K01E54	Fortis Healthcare Ltd	Healthcare	1,276.54	2.90	0.00	July25	9.19
Nippon India Growth Mid Cap Dir Gr	INF204K01E54	Fortis Healthcare Ltd	Healthcare	1,276.54	2.90	0.00	Aug25	8.13
Nippon India Growth Mid Cap Dir Gr	INF204K01E54	The Federal Bank Ltd	Financial Services	1,229.39	2.80	0.00	Oct24	5.55
Nippon India Growth Mid Cap Dir Gr	INF204K01E54	The Federal Bank Ltd	Financial Services	1,229.39	2.80	0.00	Nov24	7.52
Nippon India Growth Mid Cap Dir Gr	INF204K01E54	The Federal Bank Ltd	Financial Services	1,229.39	2.80	0.00	Dec24	3.56
Nippon India Growth Mid Cap Dir Gr	INF204K01E54	The Federal Bank Ltd	Financial Services	1,229.39	2.80	0.00	Jan25	5.32
Nippon India Growth Mid Cap Dir Gr	INF204K01E54	The Federal Bank Ltd	Financial Services	1,229.39	2.80	0.00	Feb25	5.59
Nippon India Growth Mid Cap Dir Gr	INF204K01E54	The Federal Bank Ltd	Financial Services	1,229.39	2.80	0.00	Mar25	15.51
Nippon India Growth Mid Cap Dir Gr	INF204K01E54	The Federal Bank Ltd	Financial Services	1,229.39	2.80	0.00	Mar25	15.51
Nippon India Growth Mid Cap Dir Gr	INF204K01E54	The Federal Bank Ltd	Financial Services	1,229.39	2.80	0.00	Apr25	12.51
Nippon India Growth Mid Cap Dir Gr	INF204K01E54	The Federal Bank Ltd	Financial Services	1,229.39	2.80	0.00	May25	11.15
Nippon India Growth Mid Cap Dir Gr	INF204K01E54	The Federal Bank Ltd	Financial Services	1,229.39	2.80	0.00	June25	10.18
Nippon India Growth Mid Cap Dir Gr	INF204K01E54	The Federal Bank Ltd	Financial Services	1,229.39	2.80	0.00	July25	9.19
Nippon India Growth Mid Cap Dir Gr	INF204K01E54	The Federal Bank Ltd	Financial Services	1,229.39	2.80	0.00	Aug25	8.13
Nippon India Growth Mid Cap Dir Gr	INF204K01E54	Voltas Ltd	Consumer Cyclical	1,078.85	2.45	0.00	Oct24	5.55
Nippon India Growth Mid Cap Dir Gr	INF204K01E54	Voltas Ltd	Consumer Cyclical	1,078.85	2.45	0.00	Nov24	7.52
Nippon India Growth Mid Cap Dir Gr	INF204K01E54	Voltas Ltd	Consumer Cyclical	1,078.85	2.45	0.00	Dec24	3.56
Nippon India Growth Mid Cap Dir Gr	INF204K01E54	Voltas Ltd	Consumer Cyclical	1,078.85	2.45	0.00	Jan25	5.32
Nippon India Growth Mid Cap Dir Gr	INF204K01E54	Voltas Ltd	Consumer Cyclical	1,078.85	2.45	0.00	Feb25	5.59
Nippon India Growth Mid Cap Dir Gr	INF204K01E54	Voltas Ltd	Consumer Cyclical	1,078.85	2.45	0.00	Mar25	15.51
Nippon India Growth Mid Cap Dir Gr	INF204K01E54	Voltas Ltd	Consumer Cyclical	1,078.85	2.45	0.00	Mar25	15.51
Nippon India Growth Mid Cap Dir Gr	INF204K01E54	Voltas Ltd	Consumer Cyclical	1,078.85	2.45	0.00	Apr25	12.51
Nippon India Growth Mid Cap Dir Gr	INF204K01E54	Voltas Ltd	Consumer Cyclical	1,078.85	2.45	0.00	May25	11.15
Nippon India Growth Mid Cap Dir Gr	INF204K01E54	Voltas Ltd	Consumer Cyclical	1,078.85	2.45	0.00	June25	10.18
Nippon India Growth Mid Cap Dir Gr	INF204K01E54	Voltas Ltd	Consumer Cyclical	1,078.85	2.45	0.00	July25	9.19
Nippon India Growth Mid Cap Dir Gr	INF204K01E54	Voltas Ltd	Consumer Cyclical	1,078.85	2.45	0.00	Aug25	8.13
Nippon India Growth Mid Cap Dir Gr	INF204K01E54	AU Small Finance Bank Ltd	Financial Services	1,054.19	2.40	0.00	Oct24	5.55
Nippon India Growth Mid Cap Dir Gr	INF204K01E54	AU Small Finance Bank Ltd	Financial Services	1,054.19	2.40	0.00	Nov24	7.52
Nippon India Growth Mid Cap Dir Gr	INF204K01E54	AU Small Finance Bank Ltd	Financial Services	1,054.19	2.40	0.00	Dec24	3.56
Nippon India Growth Mid Cap Dir Gr	INF204K01E54	AU Small Finance Bank Ltd	Financial Services	1,054.19	2.40	0.00	Jan25	5.32
Nippon India Growth Mid Cap Dir Gr	INF204K01E54	AU Small Finance Bank Ltd	Financial Services	1,054.19	2.40	0.00	Feb25	5.59
Nippon India Growth Mid Cap Dir Gr	INF204K01E54	AU Small Finance Bank Ltd	Financial Services	1,054.19	2.40	0.00	Mar25	15.51
Nippon India Growth Mid Cap Dir Gr	INF204K01E54	AU Small Finance Bank Ltd	Financial Services	1,054.19	2.40	0.00	Mar25	15.51
Nippon India Growth Mid Cap Dir Gr	INF204K01E54	AU Small Finance Bank Ltd	Financial Services	1,054.19	2.40	0.00	Apr25	12.51
Nippon India Growth Mid Cap Dir Gr	INF204K01E54	AU Small Finance Bank Ltd	Financial Services	1,054.19	2.40	0.00	May25	11.15
Nippon India Growth Mid Cap Dir Gr	INF204K01E54	AU Small Finance Bank Ltd	Financial Services	1,054.19	2.40	0.00	June25	10.18
Nippon India Growth Mid Cap Dir Gr	INF204K01E54	AU Small Finance Bank Ltd	Financial Services	1,054.19	2.40	0.00	July25	9.19
Nippon India Growth Mid Cap Dir Gr	INF204K01E54	AU Small Finance Bank Ltd	Financial Services	1,054.19	2.40	0.00	Aug25	8.13
Nippon India Growth Mid Cap Dir Gr	INF204K01E54	Bharat Forge Ltd	Consumer Cyclical	1,040.46	2.37	0.00	Oct24	5.55
Nippon India Growth Mid Cap Dir Gr	INF204K01E54	Bharat Forge Ltd	Consumer Cyclical	1,040.46	2.37	0.00	Nov24	7.52
Nippon India Growth Mid Cap Dir Gr	INF204K01E54	Bharat Forge Ltd	Consumer Cyclical	1,040.46	2.37	0.00	Dec24	3.56
Nippon India Growth Mid Cap Dir Gr	INF204K01E54	Bharat Forge Ltd	Consumer Cyclical	1,040.46	2.37	0.00	Jan25	5.32
Nippon India Growth Mid Cap Dir Gr	INF204K01E54	Bharat Forge Ltd	Consumer Cyclical	1,040.46	2.37	0.00	Feb25	5.59
Nippon India Growth Mid Cap Dir Gr	INF204K01E54	Bharat Forge Ltd	Consumer Cyclical	1,040.46	2.37	0.00	Mar25	15.51
Nippon India Growth Mid Cap Dir Gr	INF204K01E54	Bharat Forge Ltd	Consumer Cyclical	1,040.46	2.37	0.00	Mar25	15.51
Nippon India Growth Mid Cap Dir Gr	INF204K01E54	Bharat Forge Ltd	Consumer Cyclical	1,040.46	2.37	0.00	Apr25	12.51
Nippon India Growth Mid Cap Dir Gr	INF204K01E54	Bharat Forge Ltd	Consumer Cyclical	1,040.46	2.37	0.00	May25	11.15
Nippon India Growth Mid Cap Dir Gr	INF204K01E54	Bharat Forge Ltd	Consumer Cyclical	1,040.46	2.37	0.00	June25	10.18
Nippon India Growth Mid Cap Dir Gr	INF204K01E54	Bharat Forge Ltd	Consumer Cyclical	1,040.46	2.37	0.00	July25	9.19
Nippon India Growth Mid Cap Dir Gr	INF204K01E54	Bharat Forge Ltd	Consumer Cyclical	1,040.46	2.37	0.00	Aug25	8.13
Nippon India Growth Mid Cap Dir Gr	INF204K01E54	Ashok Leyland Ltd	Industrials	928.84	2.11	-2.22	Oct24	5.55
Nippon India Growth Mid Cap Dir Gr	INF204K01E54	Ashok Leyland Ltd	Industrials	928.84	2.11	-2.22	Nov24	7.52
Nippon India Growth Mid Cap Dir Gr	INF204K01E54	Ashok Leyland Ltd	Industrials	928.84	2.11	-2.22	Dec24	3.56
Nippon India Growth Mid Cap Dir Gr	INF204K01E54	Ashok Leyland Ltd	Industrials	928.84	2.11	-2.22	Jan25	5.32
Nippon India Growth Mid Cap Dir Gr	INF204K01E54	Ashok Leyland Ltd	Industrials	928.84	2.11	-2.22	Feb25	5.59
Nippon India Growth Mid Cap Dir Gr	INF204K01E54	Ashok Leyland Ltd	Industrials	928.84	2.11	-2.22	Mar25	15.51
Nippon India Growth Mid Cap Dir Gr	INF204K01E54	Ashok Leyland Ltd	Industrials	928.84	2.11	-2.22	Mar25	15.51
Nippon India Growth Mid Cap Dir Gr	INF204K01E54	Ashok Leyland Ltd	Industrials	928.84	2.11	-2.22	Apr25	12.51
Nippon India Growth Mid Cap Dir Gr	INF204K01E54	Ashok Leyland Ltd	Industrials	928.84	2.11	-2.22	May25	11.15
Nippon India Growth Mid Cap Dir Gr	INF204K01E54	Ashok Leyland Ltd	Industrials	928.84	2.11	-2.22	June25	10.18
Nippon India Growth Mid Cap Dir Gr	INF204K01E54	Ashok Leyland Ltd	Industrials	928.84	2.11	-2.22	July25	9.19
Nippon India Growth Mid Cap Dir Gr	INF204K01E54	Ashok Leyland Ltd	Industrials	928.84	2.11	-2.22	Aug25	8.13
Nippon India Growth Mid Cap Dir Gr	INF204K01E54	Max Financial Services Ltd	Financial Services	924.83	2.10	0.00	Oct24	5.55
Nippon India Growth Mid Cap Dir Gr	INF204K01E54	Max Financial Services Ltd	Financial Services	924.83	2.10	0.00	Nov24	7.52
Nippon India Growth Mid Cap Dir Gr	INF204K01E54	Max Financial Services Ltd	Financial Services	924.83	2.10	0.00	Dec24	3.56
Nippon India Growth Mid Cap Dir Gr	INF204K01E54	Max Financial Services Ltd	Financial Services	924.83	2.10	0.00	Jan25	5.32
Nippon India Growth Mid Cap Dir Gr	INF204K01E54	Max Financial Services Ltd	Financial Services	924.83	2.10	0.00	Feb25	5.59
Nippon India Growth Mid Cap Dir Gr	INF204K01E54	Max Financial Services Ltd	Financial Services	924.83	2.10	0.00	Mar25	15.51
Nippon India Growth Mid Cap Dir Gr	INF204K01E54	Max Financial Services Ltd	Financial Services	924.83	2.10	0.00	Mar25	15.51
Nippon India Growth Mid Cap Dir Gr	INF204K01E54	Max Financial Services Ltd	Financial Services	924.83	2.10	0.00	Apr25	12.51
Nippon India Growth Mid Cap Dir Gr	INF204K01E54	Max Financial Services Ltd	Financial Services	924.83	2.10	0.00	May25	11.15
Nippon India Growth Mid Cap Dir Gr	INF204K01E54	Max Financial Services Ltd	Financial Services	924.83	2.10	0.00	June25	10.18
Nippon India Growth Mid Cap Dir Gr	INF204K01E54	Max Financial Services Ltd	Financial Services	924.83	2.10	0.00	July25	9.19
Nippon India Growth Mid Cap Dir Gr	INF204K01E54	Max Financial Services Ltd	Financial Services	924.83	2.10	0.00	Aug25	8.13
Nippon India Growth Mid Cap Dir Gr	INF204K01E54	Power Finance Corp Ltd	Financial Services	918.64	2.09	5.20	Oct24	5.55
Nippon India Growth Mid Cap Dir Gr	INF204K01E54	Power Finance Corp Ltd	Financial Services	918.64	2.09	5.20	Nov24	7.52
Nippon India Growth Mid Cap Dir Gr	INF204K01E54	Power Finance Corp Ltd	Financial Services	918.64	2.09	5.20	Dec24	3.56
Nippon India Growth Mid Cap Dir Gr	INF204K01E54	Power Finance Corp Ltd	Financial Services	918.64	2.09	5.20	Jan25	5.32
Nippon India Growth Mid Cap Dir Gr	INF204K01E54	Power Finance Corp Ltd	Financial Services	918.64	2.09	5.20	Feb25	5.59
Nippon India Growth Mid Cap Dir Gr	INF204K01E54	Power Finance Corp Ltd	Financial Services	918.64	2.09	5.20	Mar25	15.51
Nippon India Growth Mid Cap Dir Gr	INF204K01E54	Power Finance Corp Ltd	Financial Services	918.64	2.09	5.20	Mar25	15.51
Nippon India Growth Mid Cap Dir Gr	INF204K01E54	Power Finance Corp Ltd	Financial Services	918.64	2.09	5.20	Apr25	12.51
Nippon India Growth Mid Cap Dir Gr	INF204K01E54	Power Finance Corp Ltd	Financial Services	918.64	2.09	5.20	May25	11.15
Nippon India Growth Mid Cap Dir Gr	INF204K01E54	Power Finance Corp Ltd	Financial Services	918.64	2.09	5.20	June25	10.18
Nippon India Growth Mid Cap Dir Gr	INF204K01E54	Power Finance Corp Ltd	Financial Services	918.64	2.09	5.20	July25	9.19
Nippon India Growth Mid Cap Dir Gr	INF204K01E54	Power Finance Corp Ltd	Financial Services	918.64	2.09	5.20	Aug25	8.13
Nippon India Growth Mid Cap Dir Gr	INF204K01E54	Cholamandalam Financial Holdings Ltd	Financial Services	871.79	1.98	0.00	Oct24	5.55
Nippon India Growth Mid Cap Dir Gr	INF204K01E54	Cholamandalam Financial Holdings Ltd	Financial Services	871.79	1.98	0.00	Nov24	7.52
Nippon India Growth Mid Cap Dir Gr	INF204K01E54	Cholamandalam Financial Holdings Ltd	Financial Services	871.79	1.98	0.00	Dec24	3.56
Nippon India Growth Mid Cap Dir Gr	INF204K01E54	Cholamandalam Financial Holdings Ltd	Financial Services	871.79	1.98	0.00	Jan25	5.32
Nippon India Growth Mid Cap Dir Gr	INF204K01E54	Cholamandalam Financial Holdings Ltd	Financial Services	871.79	1.98	0.00	Feb25	5.59
Nippon India Growth Mid Cap Dir Gr	INF204K01E54	Cholamandalam Financial Holdings Ltd	Financial Services	871.79	1.98	0.00	Mar25	15.51
Nippon India Growth Mid Cap Dir Gr	INF204K01E54	Cholamandalam Financial Holdings Ltd	Financial Services	871.79	1.98	0.00	Mar25	15.51
Nippon India Growth Mid Cap Dir Gr	INF204K01E54	Cholamandalam Financial Holdings Ltd	Financial Services	871.79	1.98	0.00	Apr25	12.51
Nippon India Growth Mid Cap Dir Gr	INF204K01E54	Cholamandalam Financial Holdings Ltd	Financial Services	871.79	1.98	0.00	May25	11.15
Nippon India Growth Mid Cap Dir Gr	INF204K01E54	Cholamandalam Financial Holdings Ltd	Financial Services	871.79	1.98	0.00	June25	10.18
Nippon India Growth Mid Cap Dir Gr	INF204K01E54	Cholamandalam Financial Holdings Ltd	Financial Services	871.79	1.98	0.00	July25	9.19
Nippon India Growth Mid Cap Dir Gr	INF204K01E54	Cholamandalam Financial Holdings Ltd	Financial Services	871.79	1.98	0.00	Aug25	8.13
Nippon India Growth Mid Cap Dir Gr	INF204K01E54	Indus Towers Ltd Ordinary Shares	Communication Services	818.91	1.86	0.00	Oct24	5.55
Nippon India Growth Mid Cap Dir Gr	INF204K01E54	Indus Towers Ltd Ordinary Shares	Communication Services	818.91	1.86	0.00	Nov24	7.52
Nippon India Growth Mid Cap Dir Gr	INF204K01E54	Indus Towers Ltd Ordinary Shares	Communication Services	818.91	1.86	0.00	Dec24	3.56
Nippon India Growth Mid Cap Dir Gr	INF204K01E54	Indus Towers Ltd Ordinary Shares	Communication Services	818.91	1.86	0.00	Jan25	5.32
Nippon India Growth Mid Cap Dir Gr	INF204K01E54	Indus Towers Ltd Ordinary Shares	Communication Services	818.91	1.86	0.00	Feb25	5.59
Nippon India Growth Mid Cap Dir Gr	INF204K01E54	Indus Towers Ltd Ordinary Shares	Communication Services	818.91	1.86	0.00	Mar25	15.51
Nippon India Growth Mid Cap Dir Gr	INF204K01E54	Indus Towers Ltd Ordinary Shares	Communication Services	818.91	1.86	0.00	Mar25	15.51
Nippon India Growth Mid Cap Dir Gr	INF204K01E54	Indus Towers Ltd Ordinary Shares	Communication Services	818.91	1.86	0.00	Apr25	12.51
Nippon India Growth Mid Cap Dir Gr	INF204K01E54	Indus Towers Ltd Ordinary Shares	Communication Services	818.91	1.86	0.00	May25	11.15
Nippon India Growth Mid Cap Dir Gr	INF204K01E54	Indus Towers Ltd Ordinary Shares	Communication Services	818.91	1.86	0.00	June25	10.18
Nippon India Growth Mid Cap Dir Gr	INF204K01E54	Indus Towers Ltd Ordinary Shares	Communication Services	818.91	1.86	0.00	July25	9.19
Nippon India Growth Mid Cap Dir Gr	INF204K01E54	Indus Towers Ltd Ordinary Shares	Communication Services	818.91	1.86	0.00	Aug25	8.13
Nippon India Growth Mid Cap Dir Gr	INF204K01E54	Indian Bank	Financial Services	792.40	1.80	0.00	Oct24	5.55
Nippon India Growth Mid Cap Dir Gr	INF204K01E54	Indian Bank	Financial Services	792.40	1.80	0.00	Nov24	7.52
Nippon India Growth Mid Cap Dir Gr	INF204K01E54	Indian Bank	Financial Services	792.40	1.80	0.00	Dec24	3.56
Nippon India Growth Mid Cap Dir Gr	INF204K01E54	Indian Bank	Financial Services	792.40	1.80	0.00	Jan25	5.32
Nippon India Growth Mid Cap Dir Gr	INF204K01E54	Indian Bank	Financial Services	792.40	1.80	0.00	Feb25	5.59
Nippon India Growth Mid Cap Dir Gr	INF204K01E54	Indian Bank	Financial Services	792.40	1.80	0.00	Mar25	15.51
Nippon India Growth Mid Cap Dir Gr	INF204K01E54	Indian Bank	Financial Services	792.40	1.80	0.00	Mar25	15.51
Nippon India Growth Mid Cap Dir Gr	INF204K01E54	Indian Bank	Financial Services	792.40	1.80	0.00	Apr25	12.51
Nippon India Growth Mid Cap Dir Gr	INF204K01E54	Indian Bank	Financial Services	792.40	1.80	0.00	May25	11.15
Nippon India Growth Mid Cap Dir Gr	INF204K01E54	Indian Bank	Financial Services	792.40	1.80	0.00	June25	10.18
Nippon India Growth Mid Cap Dir Gr	INF204K01E54	Indian Bank	Financial Services	792.40	1.80	0.00	July25	9.19
Nippon India Growth Mid Cap Dir Gr	INF204K01E54	Indian Bank	Financial Services	792.40	1.80	0.00	Aug25	8.13
Nippon India Growth Mid Cap Dir Gr	INF204K01E54	Persistent Systems Ltd	Technology	778.22	1.77	0.00	Oct24	5.55
Nippon India Growth Mid Cap Dir Gr	INF204K01E54	Persistent Systems Ltd	Technology	778.22	1.77	0.00	Nov24	7.52
Nippon India Growth Mid Cap Dir Gr	INF204K01E54	Persistent Systems Ltd	Technology	778.22	1.77	0.00	Dec24	3.56
Nippon India Growth Mid Cap Dir Gr	INF204K01E54	Persistent Systems Ltd	Technology	778.22	1.77	0.00	Jan25	5.32
Nippon India Growth Mid Cap Dir Gr	INF204K01E54	Persistent Systems Ltd	Technology	778.22	1.77	0.00	Feb25	5.59
Nippon India Growth Mid Cap Dir Gr	INF204K01E54	Persistent Systems Ltd	Technology	778.22	1.77	0.00	Mar25	15.51
Nippon India Growth Mid Cap Dir Gr	INF204K01E54	Persistent Systems Ltd	Technology	778.22	1.77	0.00	Mar25	15.51
Nippon India Growth Mid Cap Dir Gr	INF204K01E54	Persistent Systems Ltd	Technology	778.22	1.77	0.00	Apr25	12.51
Nippon India Growth Mid Cap Dir Gr	INF204K01E54	Persistent Systems Ltd	Technology	778.22	1.77	0.00	May25	11.15
Nippon India Growth Mid Cap Dir Gr	INF204K01E54	Persistent Systems Ltd	Technology	778.22	1.77	0.00	June25	10.18
Nippon India Growth Mid Cap Dir Gr	INF204K01E54	Persistent Systems Ltd	Technology	778.22	1.77	0.00	July25	9.19
Nippon India Growth Mid Cap Dir Gr	INF204K01E54	Persistent Systems Ltd	Technology	778.22	1.77	0.00	Aug25	8.13
Nippon India Growth Mid Cap Dir Gr	INF204K01E54	GE Vernova T&D India Ltd	Industrials	740.70	1.68	0.00	Oct24	5.55
Nippon India Growth Mid Cap Dir Gr	INF204K01E54	GE Vernova T&D India Ltd	Industrials	740.70	1.68	0.00	Nov24	7.52
Nippon India Growth Mid Cap Dir Gr	INF204K01E54	GE Vernova T&D India Ltd	Industrials	740.70	1.68	0.00	Dec24	3.56
Nippon India Growth Mid Cap Dir Gr	INF204K01E54	GE Vernova T&D India Ltd	Industrials	740.70	1.68	0.00	Jan25	5.32
Nippon India Growth Mid Cap Dir Gr	INF204K01E54	GE Vernova T&D India Ltd	Industrials	740.70	1.68	0.00	Feb25	5.59
Nippon India Growth Mid Cap Dir Gr	INF204K01E54	GE Vernova T&D India Ltd	Industrials	740.70	1.68	0.00	Mar25	15.51
Nippon India Growth Mid Cap Dir Gr	INF204K01E54	GE Vernova T&D India Ltd	Industrials	740.70	1.68	0.00	Mar25	15.51
Nippon India Growth Mid Cap Dir Gr	INF204K01E54	GE Vernova T&D India Ltd	Industrials	740.70	1.68	0.00	Apr25	12.51
Nippon India Growth Mid Cap Dir Gr	INF204K01E54	GE Vernova T&D India Ltd	Industrials	740.70	1.68	0.00	May25	11.15
Nippon India Growth Mid Cap Dir Gr	INF204K01E54	GE Vernova T&D India Ltd	Industrials	740.70	1.68	0.00	June25	10.18
Nippon India Growth Mid Cap Dir Gr	INF204K01E54	GE Vernova T&D India Ltd	Industrials	740.70	1.68	0.00	July25	9.19
Nippon India Growth Mid Cap Dir Gr	INF204K01E54	GE Vernova T&D India Ltd	Industrials	740.70	1.68	0.00	Aug25	8.13
Nippon India Growth Mid Cap Dir Gr	INF204K01E54	Samvardhana Motherson International Ltd	Consumer Cyclical	693.37	1.58	0.00	Oct24	5.55
Nippon India Growth Mid Cap Dir Gr	INF204K01E54	Samvardhana Motherson International Ltd	Consumer Cyclical	693.37	1.58	0.00	Nov24	7.52
Nippon India Growth Mid Cap Dir Gr	INF204K01E54	Samvardhana Motherson International Ltd	Consumer Cyclical	693.37	1.58	0.00	Dec24	3.56
Nippon India Growth Mid Cap Dir Gr	INF204K01E54	Samvardhana Motherson International Ltd	Consumer Cyclical	693.37	1.58	0.00	Jan25	5.32
Nippon India Growth Mid Cap Dir Gr	INF204K01E54	Samvardhana Motherson International Ltd	Consumer Cyclical	693.37	1.58	0.00	Feb25	5.59
Nippon India Growth Mid Cap Dir Gr	INF204K01E54	Samvardhana Motherson International Ltd	Consumer Cyclical	693.37	1.58	0.00	Mar25	15.51
Nippon India Growth Mid Cap Dir Gr	INF204K01E54	Samvardhana Motherson International Ltd	Consumer Cyclical	693.37	1.58	0.00	Mar25	15.51
Nippon India Growth Mid Cap Dir Gr	INF204K01E54	Samvardhana Motherson International Ltd	Consumer Cyclical	693.37	1.58	0.00	Apr25	12.51
Nippon India Growth Mid Cap Dir Gr	INF204K01E54	Samvardhana Motherson International Ltd	Consumer Cyclical	693.37	1.58	0.00	May25	11.15
Nippon India Growth Mid Cap Dir Gr	INF204K01E54	Samvardhana Motherson International Ltd	Consumer Cyclical	693.37	1.58	0.00	June25	10.18
Nippon India Growth Mid Cap Dir Gr	INF204K01E54	Samvardhana Motherson International Ltd	Consumer Cyclical	693.37	1.58	0.00	July25	9.19
Nippon India Growth Mid Cap Dir Gr	INF204K01E54	Samvardhana Motherson International Ltd	Consumer Cyclical	693.37	1.58	0.00	Aug25	8.13
Nippon India Growth Mid Cap Dir Gr	INF204K01E54	Tube Investments of India Ltd Ordinary Shares	Industrials	688.35	1.57	0.00	Oct24	5.55
Nippon India Growth Mid Cap Dir Gr	INF204K01E54	Tube Investments of India Ltd Ordinary Shares	Industrials	688.35	1.57	0.00	Nov24	7.52
Nippon India Growth Mid Cap Dir Gr	INF204K01E54	Tube Investments of India Ltd Ordinary Shares	Industrials	688.35	1.57	0.00	Dec24	3.56
Nippon India Growth Mid Cap Dir Gr	INF204K01E54	Tube Investments of India Ltd Ordinary Shares	Industrials	688.35	1.57	0.00	Jan25	5.32
Nippon India Growth Mid Cap Dir Gr	INF204K01E54	Tube Investments of India Ltd Ordinary Shares	Industrials	688.35	1.57	0.00	Feb25	5.59
Nippon India Growth Mid Cap Dir Gr	INF204K01E54	Tube Investments of India Ltd Ordinary Shares	Industrials	688.35	1.57	0.00	Mar25	15.51
Nippon India Growth Mid Cap Dir Gr	INF204K01E54	Tube Investments of India Ltd Ordinary Shares	Industrials	688.35	1.57	0.00	Mar25	15.51
Nippon India Growth Mid Cap Dir Gr	INF204K01E54	Tube Investments of India Ltd Ordinary Shares	Industrials	688.35	1.57	0.00	Apr25	12.51
Nippon India Growth Mid Cap Dir Gr	INF204K01E54	Tube Investments of India Ltd Ordinary Shares	Industrials	688.35	1.57	0.00	May25	11.15
Nippon India Growth Mid Cap Dir Gr	INF204K01E54	Tube Investments of India Ltd Ordinary Shares	Industrials	688.35	1.57	0.00	June25	10.18
Nippon India Growth Mid Cap Dir Gr	INF204K01E54	Tube Investments of India Ltd Ordinary Shares	Industrials	688.35	1.57	0.00	July25	9.19
Nippon India Growth Mid Cap Dir Gr	INF204K01E54	Tube Investments of India Ltd Ordinary Shares	Industrials	688.35	1.57	0.00	Aug25	8.13
Nippon India Growth Mid Cap Dir Gr	INF204K01E54	Max Healthcare Institute Ltd Ordinary Shares	Healthcare	687.93	1.56	0.00	Oct24	5.55
Nippon India Growth Mid Cap Dir Gr	INF204K01E54	Max Healthcare Institute Ltd Ordinary Shares	Healthcare	687.93	1.56	0.00	Nov24	7.52
Nippon India Growth Mid Cap Dir Gr	INF204K01E54	Max Healthcare Institute Ltd Ordinary Shares	Healthcare	687.93	1.56	0.00	Dec24	3.56
Nippon India Growth Mid Cap Dir Gr	INF204K01E54	Max Healthcare Institute Ltd Ordinary Shares	Healthcare	687.93	1.56	0.00	Jan25	5.32
Nippon India Growth Mid Cap Dir Gr	INF204K01E54	Max Healthcare Institute Ltd Ordinary Shares	Healthcare	687.93	1.56	0.00	Feb25	5.59
Nippon India Growth Mid Cap Dir Gr	INF204K01E54	Max Healthcare Institute Ltd Ordinary Shares	Healthcare	687.93	1.56	0.00	Mar25	15.51
Nippon India Growth Mid Cap Dir Gr	INF204K01E54	Max Healthcare Institute Ltd Ordinary Shares	Healthcare	687.93	1.56	0.00	Mar25	15.51
Nippon India Growth Mid Cap Dir Gr	INF204K01E54	Max Healthcare Institute Ltd Ordinary Shares	Healthcare	687.93	1.56	0.00	Apr25	12.51
Nippon India Growth Mid Cap Dir Gr	INF204K01E54	Max Healthcare Institute Ltd Ordinary Shares	Healthcare	687.93	1.56	0.00	May25	11.15
Nippon India Growth Mid Cap Dir Gr	INF204K01E54	Max Healthcare Institute Ltd Ordinary Shares	Healthcare	687.93	1.56	0.00	June25	10.18
Nippon India Growth Mid Cap Dir Gr	INF204K01E54	Max Healthcare Institute Ltd Ordinary Shares	Healthcare	687.93	1.56	0.00	July25	9.19
Nippon India Growth Mid Cap Dir Gr	INF204K01E54	Max Healthcare Institute Ltd Ordinary Shares	Healthcare	687.93	1.56	0.00	Aug25	8.13
Nippon India Growth Mid Cap Dir Gr	INF204K01E54	Varun Beverages Ltd	Consumer Defensive	677.10	1.54	2.04	Oct24	5.55
Nippon India Growth Mid Cap Dir Gr	INF204K01E54	Varun Beverages Ltd	Consumer Defensive	677.10	1.54	2.04	Nov24	7.52
Nippon India Growth Mid Cap Dir Gr	INF204K01E54	Varun Beverages Ltd	Consumer Defensive	677.10	1.54	2.04	Dec24	3.56
Nippon India Growth Mid Cap Dir Gr	INF204K01E54	Varun Beverages Ltd	Consumer Defensive	677.10	1.54	2.04	Jan25	5.32
Nippon India Growth Mid Cap Dir Gr	INF204K01E54	Varun Beverages Ltd	Consumer Defensive	677.10	1.54	2.04	Feb25	5.59
Nippon India Growth Mid Cap Dir Gr	INF204K01E54	Varun Beverages Ltd	Consumer Defensive	677.10	1.54	2.04	Mar25	15.51
Nippon India Growth Mid Cap Dir Gr	INF204K01E54	Varun Beverages Ltd	Consumer Defensive	677.10	1.54	2.04	Mar25	15.51
Nippon India Growth Mid Cap Dir Gr	INF204K01E54	Varun Beverages Ltd	Consumer Defensive	677.10	1.54	2.04	Apr25	12.51
Nippon India Growth Mid Cap Dir Gr	INF204K01E54	Varun Beverages Ltd	Consumer Defensive	677.10	1.54	2.04	May25	11.15
Nippon India Growth Mid Cap Dir Gr	INF204K01E54	Varun Beverages Ltd	Consumer Defensive	677.10	1.54	2.04	June25	10.18
Nippon India Growth Mid Cap Dir Gr	INF204K01E54	Varun Beverages Ltd	Consumer Defensive	677.10	1.54	2.04	July25	9.19
Nippon India Growth Mid Cap Dir Gr	INF204K01E54	Varun Beverages Ltd	Consumer Defensive	677.10	1.54	2.04	Aug25	8.13
Nippon India Growth Mid Cap Dir Gr	INF204K01E54	NTPC Green Energy Ltd	Utilities	660.73	1.50	0.00	Oct24	5.55
Nippon India Growth Mid Cap Dir Gr	INF204K01E54	NTPC Green Energy Ltd	Utilities	660.73	1.50	0.00	Nov24	7.52
Nippon India Growth Mid Cap Dir Gr	INF204K01E54	NTPC Green Energy Ltd	Utilities	660.73	1.50	0.00	Dec24	3.56
Nippon India Growth Mid Cap Dir Gr	INF204K01E54	NTPC Green Energy Ltd	Utilities	660.73	1.50	0.00	Jan25	5.32
Nippon India Growth Mid Cap Dir Gr	INF204K01E54	NTPC Green Energy Ltd	Utilities	660.73	1.50	0.00	Feb25	5.59
Nippon India Growth Mid Cap Dir Gr	INF204K01E54	NTPC Green Energy Ltd	Utilities	660.73	1.50	0.00	Mar25	15.51
Nippon India Growth Mid Cap Dir Gr	INF204K01E54	NTPC Green Energy Ltd	Utilities	660.73	1.50	0.00	Mar25	15.51
Nippon India Growth Mid Cap Dir Gr	INF204K01E54	NTPC Green Energy Ltd	Utilities	660.73	1.50	0.00	Apr25	12.51
Nippon India Growth Mid Cap Dir Gr	INF204K01E54	NTPC Green Energy Ltd	Utilities	660.73	1.50	0.00	May25	11.15
Nippon India Growth Mid Cap Dir Gr	INF204K01E54	NTPC Green Energy Ltd	Utilities	660.73	1.50	0.00	June25	10.18
Nippon India Growth Mid Cap Dir Gr	INF204K01E54	NTPC Green Energy Ltd	Utilities	660.73	1.50	0.00	July25	9.19
Nippon India Growth Mid Cap Dir Gr	INF204K01E54	NTPC Green Energy Ltd	Utilities	660.73	1.50	0.00	Aug25	8.13
Nippon India Growth Mid Cap Dir Gr	INF204K01E54	Alkem Laboratories Ltd	Healthcare	656.10	1.49	0.00	Oct24	5.55
Nippon India Growth Mid Cap Dir Gr	INF204K01E54	Alkem Laboratories Ltd	Healthcare	656.10	1.49	0.00	Nov24	7.52
Nippon India Growth Mid Cap Dir Gr	INF204K01E54	Alkem Laboratories Ltd	Healthcare	656.10	1.49	0.00	Dec24	3.56
Nippon India Growth Mid Cap Dir Gr	INF204K01E54	Alkem Laboratories Ltd	Healthcare	656.10	1.49	0.00	Jan25	5.32
Nippon India Growth Mid Cap Dir Gr	INF204K01E54	Alkem Laboratories Ltd	Healthcare	656.10	1.49	0.00	Feb25	5.59
Nippon India Growth Mid Cap Dir Gr	INF204K01E54	Alkem Laboratories Ltd	Healthcare	656.10	1.49	0.00	Mar25	15.51
Nippon India Growth Mid Cap Dir Gr	INF204K01E54	Alkem Laboratories Ltd	Healthcare	656.10	1.49	0.00	Mar25	15.51
Nippon India Growth Mid Cap Dir Gr	INF204K01E54	Alkem Laboratories Ltd	Healthcare	656.10	1.49	0.00	Apr25	12.51
Nippon India Growth Mid Cap Dir Gr	INF204K01E54	Alkem Laboratories Ltd	Healthcare	656.10	1.49	0.00	May25	11.15
Nippon India Growth Mid Cap Dir Gr	INF204K01E54	Alkem Laboratories Ltd	Healthcare	656.10	1.49	0.00	June25	10.18
Nippon India Growth Mid Cap Dir Gr	INF204K01E54	Alkem Laboratories Ltd	Healthcare	656.10	1.49	0.00	July25	9.19
Nippon India Growth Mid Cap Dir Gr	INF204K01E54	Alkem Laboratories Ltd	Healthcare	656.10	1.49	0.00	Aug25	8.13
Nippon India Growth Mid Cap Dir Gr	INF204K01E54	APL Apollo Tubes Ltd	Basic Materials	648.03	1.47	-3.33	Oct24	5.55
Nippon India Growth Mid Cap Dir Gr	INF204K01E54	APL Apollo Tubes Ltd	Basic Materials	648.03	1.47	-3.33	Nov24	7.52
Nippon India Growth Mid Cap Dir Gr	INF204K01E54	APL Apollo Tubes Ltd	Basic Materials	648.03	1.47	-3.33	Dec24	3.56
Nippon India Growth Mid Cap Dir Gr	INF204K01E54	APL Apollo Tubes Ltd	Basic Materials	648.03	1.47	-3.33	Jan25	5.32
Nippon India Growth Mid Cap Dir Gr	INF204K01E54	APL Apollo Tubes Ltd	Basic Materials	648.03	1.47	-3.33	Feb25	5.59
Nippon India Growth Mid Cap Dir Gr	INF204K01E54	APL Apollo Tubes Ltd	Basic Materials	648.03	1.47	-3.33	Mar25	15.51
Nippon India Growth Mid Cap Dir Gr	INF204K01E54	APL Apollo Tubes Ltd	Basic Materials	648.03	1.47	-3.33	Mar25	15.51
Nippon India Growth Mid Cap Dir Gr	INF204K01E54	APL Apollo Tubes Ltd	Basic Materials	648.03	1.47	-3.33	Apr25	12.51
Nippon India Growth Mid Cap Dir Gr	INF204K01E54	APL Apollo Tubes Ltd	Basic Materials	648.03	1.47	-3.33	May25	11.15
Nippon India Growth Mid Cap Dir Gr	INF204K01E54	APL Apollo Tubes Ltd	Basic Materials	648.03	1.47	-3.33	June25	10.18
Nippon India Growth Mid Cap Dir Gr	INF204K01E54	APL Apollo Tubes Ltd	Basic Materials	648.03	1.47	-3.33	July25	9.19
Nippon India Growth Mid Cap Dir Gr	INF204K01E54	APL Apollo Tubes Ltd	Basic Materials	648.03	1.47	-3.33	Aug25	8.13
Nippon India Growth Mid Cap Dir Gr	INF204K01E54	Cummins India Ltd	Industrials	636.78	1.45	0.00	Oct24	5.55
Nippon India Growth Mid Cap Dir Gr	INF204K01E54	Cummins India Ltd	Industrials	636.78	1.45	0.00	Nov24	7.52
Nippon India Growth Mid Cap Dir Gr	INF204K01E54	Cummins India Ltd	Industrials	636.78	1.45	0.00	Dec24	3.56
Nippon India Growth Mid Cap Dir Gr	INF204K01E54	Cummins India Ltd	Industrials	636.78	1.45	0.00	Jan25	5.32
Nippon India Growth Mid Cap Dir Gr	INF204K01E54	Cummins India Ltd	Industrials	636.78	1.45	0.00	Feb25	5.59
Nippon India Growth Mid Cap Dir Gr	INF204K01E54	Cummins India Ltd	Industrials	636.78	1.45	0.00	Mar25	15.51
Nippon India Growth Mid Cap Dir Gr	INF204K01E54	Cummins India Ltd	Industrials	636.78	1.45	0.00	Mar25	15.51
Nippon India Growth Mid Cap Dir Gr	INF204K01E54	Cummins India Ltd	Industrials	636.78	1.45	0.00	Apr25	12.51
Nippon India Growth Mid Cap Dir Gr	INF204K01E54	Cummins India Ltd	Industrials	636.78	1.45	0.00	May25	11.15
Nippon India Growth Mid Cap Dir Gr	INF204K01E54	Cummins India Ltd	Industrials	636.78	1.45	0.00	June25	10.18
Nippon India Growth Mid Cap Dir Gr	INF204K01E54	Cummins India Ltd	Industrials	636.78	1.45	0.00	July25	9.19
Nippon India Growth Mid Cap Dir Gr	INF204K01E54	Cummins India Ltd	Industrials	636.78	1.45	0.00	Aug25	8.13
Nippon India Growth Mid Cap Dir Gr	INF204K01E54	One97 Communications Ltd	Technology	604.07	1.37	0.00	Oct24	5.55
Nippon India Growth Mid Cap Dir Gr	INF204K01E54	One97 Communications Ltd	Technology	604.07	1.37	0.00	Nov24	7.52
Nippon India Growth Mid Cap Dir Gr	INF204K01E54	One97 Communications Ltd	Technology	604.07	1.37	0.00	Dec24	3.56
Nippon India Growth Mid Cap Dir Gr	INF204K01E54	One97 Communications Ltd	Technology	604.07	1.37	0.00	Jan25	5.32
Nippon India Growth Mid Cap Dir Gr	INF204K01E54	One97 Communications Ltd	Technology	604.07	1.37	0.00	Feb25	5.59
Nippon India Growth Mid Cap Dir Gr	INF204K01E54	One97 Communications Ltd	Technology	604.07	1.37	0.00	Mar25	15.51
Nippon India Growth Mid Cap Dir Gr	INF204K01E54	One97 Communications Ltd	Technology	604.07	1.37	0.00	Mar25	15.51
Nippon India Growth Mid Cap Dir Gr	INF204K01E54	One97 Communications Ltd	Technology	604.07	1.37	0.00	Apr25	12.51
Nippon India Growth Mid Cap Dir Gr	INF204K01E54	One97 Communications Ltd	Technology	604.07	1.37	0.00	May25	11.15
Nippon India Growth Mid Cap Dir Gr	INF204K01E54	One97 Communications Ltd	Technology	604.07	1.37	0.00	June25	10.18
Nippon India Growth Mid Cap Dir Gr	INF204K01E54	One97 Communications Ltd	Technology	604.07	1.37	0.00	July25	9.19
Nippon India Growth Mid Cap Dir Gr	INF204K01E54	One97 Communications Ltd	Technology	604.07	1.37	0.00	Aug25	8.13
Nippon India Growth Mid Cap Dir Gr	INF204K01E54	Lupin Ltd	Healthcare	587.53	1.34	0.00	Oct24	5.55
Nippon India Growth Mid Cap Dir Gr	INF204K01E54	Lupin Ltd	Healthcare	587.53	1.34	0.00	Nov24	7.52
Nippon India Growth Mid Cap Dir Gr	INF204K01E54	Lupin Ltd	Healthcare	587.53	1.34	0.00	Dec24	3.56
Nippon India Growth Mid Cap Dir Gr	INF204K01E54	Lupin Ltd	Healthcare	587.53	1.34	0.00	Jan25	5.32
Nippon India Growth Mid Cap Dir Gr	INF204K01E54	Lupin Ltd	Healthcare	587.53	1.34	0.00	Feb25	5.59
Nippon India Growth Mid Cap Dir Gr	INF204K01E54	Lupin Ltd	Healthcare	587.53	1.34	0.00	Mar25	15.51
Nippon India Growth Mid Cap Dir Gr	INF204K01E54	Lupin Ltd	Healthcare	587.53	1.34	0.00	Mar25	15.51
Nippon India Growth Mid Cap Dir Gr	INF204K01E54	Lupin Ltd	Healthcare	587.53	1.34	0.00	Apr25	12.51
Nippon India Growth Mid Cap Dir Gr	INF204K01E54	Lupin Ltd	Healthcare	587.53	1.34	0.00	May25	11.15
Nippon India Growth Mid Cap Dir Gr	INF204K01E54	Lupin Ltd	Healthcare	587.53	1.34	0.00	June25	10.18
Nippon India Growth Mid Cap Dir Gr	INF204K01E54	Lupin Ltd	Healthcare	587.53	1.34	0.00	July25	9.19
Nippon India Growth Mid Cap Dir Gr	INF204K01E54	Lupin Ltd	Healthcare	587.53	1.34	0.00	Aug25	8.13
Nippon India Growth Mid Cap Dir Gr	INF204K01E54	Triparty Repo		569.47	1.29		Oct24	5.55
Nippon India Growth Mid Cap Dir Gr	INF204K01E54	Triparty Repo		569.47	1.29		Nov24	7.52
Nippon India Growth Mid Cap Dir Gr	INF204K01E54	Triparty Repo		569.47	1.29		Dec24	3.56
Nippon India Growth Mid Cap Dir Gr	INF204K01E54	Triparty Repo		569.47	1.29		Jan25	5.32
Nippon India Growth Mid Cap Dir Gr	INF204K01E54	Triparty Repo		569.47	1.29		Feb25	5.59
Nippon India Growth Mid Cap Dir Gr	INF204K01E54	Triparty Repo		569.47	1.29		Mar25	15.51
Nippon India Growth Mid Cap Dir Gr	INF204K01E54	Triparty Repo		569.47	1.29		Mar25	15.51
Nippon India Growth Mid Cap Dir Gr	INF204K01E54	Triparty Repo		569.47	1.29		Apr25	12.51
Nippon India Growth Mid Cap Dir Gr	INF204K01E54	Triparty Repo		569.47	1.29		May25	11.15
Nippon India Growth Mid Cap Dir Gr	INF204K01E54	Triparty Repo		569.47	1.29		June25	10.18
Nippon India Growth Mid Cap Dir Gr	INF204K01E54	Triparty Repo		569.47	1.29		July25	9.19
Nippon India Growth Mid Cap Dir Gr	INF204K01E54	Triparty Repo		569.47	1.29		Aug25	8.13
Nippon India Growth Mid Cap Dir Gr	INF204K01E54	Bharat Heavy Electricals Ltd	Industrials	556.37	1.26	14.25	Oct24	5.55
Nippon India Growth Mid Cap Dir Gr	INF204K01E54	Bharat Heavy Electricals Ltd	Industrials	556.37	1.26	14.25	Nov24	7.52
Nippon India Growth Mid Cap Dir Gr	INF204K01E54	Bharat Heavy Electricals Ltd	Industrials	556.37	1.26	14.25	Dec24	3.56
Nippon India Growth Mid Cap Dir Gr	INF204K01E54	Bharat Heavy Electricals Ltd	Industrials	556.37	1.26	14.25	Jan25	5.32
Nippon India Growth Mid Cap Dir Gr	INF204K01E54	Bharat Heavy Electricals Ltd	Industrials	556.37	1.26	14.25	Feb25	5.59
Nippon India Growth Mid Cap Dir Gr	INF204K01E54	Bharat Heavy Electricals Ltd	Industrials	556.37	1.26	14.25	Mar25	15.51
Nippon India Growth Mid Cap Dir Gr	INF204K01E54	Bharat Heavy Electricals Ltd	Industrials	556.37	1.26	14.25	Mar25	15.51
Nippon India Growth Mid Cap Dir Gr	INF204K01E54	Bharat Heavy Electricals Ltd	Industrials	556.37	1.26	14.25	Apr25	12.51
Nippon India Growth Mid Cap Dir Gr	INF204K01E54	Bharat Heavy Electricals Ltd	Industrials	556.37	1.26	14.25	May25	11.15
Nippon India Growth Mid Cap Dir Gr	INF204K01E54	Bharat Heavy Electricals Ltd	Industrials	556.37	1.26	14.25	June25	10.18
Nippon India Growth Mid Cap Dir Gr	INF204K01E54	Bharat Heavy Electricals Ltd	Industrials	556.37	1.26	14.25	July25	9.19
Nippon India Growth Mid Cap Dir Gr	INF204K01E54	Bharat Heavy Electricals Ltd	Industrials	556.37	1.26	14.25	Aug25	8.13
Nippon India Growth Mid Cap Dir Gr	INF204K01E54	Torrent Power Ltd	Utilities	549.60	1.25	0.00	Oct24	5.55
Nippon India Growth Mid Cap Dir Gr	INF204K01E54	Torrent Power Ltd	Utilities	549.60	1.25	0.00	Nov24	7.52
Nippon India Growth Mid Cap Dir Gr	INF204K01E54	Torrent Power Ltd	Utilities	549.60	1.25	0.00	Dec24	3.56
Nippon India Growth Mid Cap Dir Gr	INF204K01E54	Torrent Power Ltd	Utilities	549.60	1.25	0.00	Jan25	5.32
Nippon India Growth Mid Cap Dir Gr	INF204K01E54	Torrent Power Ltd	Utilities	549.60	1.25	0.00	Feb25	5.59
Nippon India Growth Mid Cap Dir Gr	INF204K01E54	Torrent Power Ltd	Utilities	549.60	1.25	0.00	Mar25	15.51
Nippon India Growth Mid Cap Dir Gr	INF204K01E54	Torrent Power Ltd	Utilities	549.60	1.25	0.00	Mar25	15.51
Nippon India Growth Mid Cap Dir Gr	INF204K01E54	Torrent Power Ltd	Utilities	549.60	1.25	0.00	Apr25	12.51
Nippon India Growth Mid Cap Dir Gr	INF204K01E54	Torrent Power Ltd	Utilities	549.60	1.25	0.00	May25	11.15
Nippon India Growth Mid Cap Dir Gr	INF204K01E54	Torrent Power Ltd	Utilities	549.60	1.25	0.00	June25	10.18
Nippon India Growth Mid Cap Dir Gr	INF204K01E54	Torrent Power Ltd	Utilities	549.60	1.25	0.00	July25	9.19
Nippon India Growth Mid Cap Dir Gr	INF204K01E54	Torrent Power Ltd	Utilities	549.60	1.25	0.00	Aug25	8.13
Nippon India Growth Mid Cap Dir Gr	INF204K01E54	Sundaram Finance Ltd	Financial Services	534.85	1.22	0.00	Oct24	5.55
Nippon India Growth Mid Cap Dir Gr	INF204K01E54	Sundaram Finance Ltd	Financial Services	534.85	1.22	0.00	Nov24	7.52
Nippon India Growth Mid Cap Dir Gr	INF204K01E54	Sundaram Finance Ltd	Financial Services	534.85	1.22	0.00	Dec24	3.56
Nippon India Growth Mid Cap Dir Gr	INF204K01E54	Sundaram Finance Ltd	Financial Services	534.85	1.22	0.00	Jan25	5.32
Nippon India Growth Mid Cap Dir Gr	INF204K01E54	Sundaram Finance Ltd	Financial Services	534.85	1.22	0.00	Feb25	5.59
Nippon India Growth Mid Cap Dir Gr	INF204K01E54	Sundaram Finance Ltd	Financial Services	534.85	1.22	0.00	Mar25	15.51
Nippon India Growth Mid Cap Dir Gr	INF204K01E54	Sundaram Finance Ltd	Financial Services	534.85	1.22	0.00	Mar25	15.51
Nippon India Growth Mid Cap Dir Gr	INF204K01E54	Sundaram Finance Ltd	Financial Services	534.85	1.22	0.00	Apr25	12.51
Nippon India Growth Mid Cap Dir Gr	INF204K01E54	Sundaram Finance Ltd	Financial Services	534.85	1.22	0.00	May25	11.15
Nippon India Growth Mid Cap Dir Gr	INF204K01E54	Sundaram Finance Ltd	Financial Services	534.85	1.22	0.00	June25	10.18
Nippon India Growth Mid Cap Dir Gr	INF204K01E54	Sundaram Finance Ltd	Financial Services	534.85	1.22	0.00	July25	9.19
Nippon India Growth Mid Cap Dir Gr	INF204K01E54	Sundaram Finance Ltd	Financial Services	534.85	1.22	0.00	Aug25	8.13
Nippon India Growth Mid Cap Dir Gr	INF204K01E54	NTPC Ltd	Utilities	534.66	1.22	0.00	Oct24	5.55
Nippon India Growth Mid Cap Dir Gr	INF204K01E54	NTPC Ltd	Utilities	534.66	1.22	0.00	Nov24	7.52
Nippon India Growth Mid Cap Dir Gr	INF204K01E54	NTPC Ltd	Utilities	534.66	1.22	0.00	Dec24	3.56
Nippon India Growth Mid Cap Dir Gr	INF204K01E54	NTPC Ltd	Utilities	534.66	1.22	0.00	Jan25	5.32
Nippon India Growth Mid Cap Dir Gr	INF204K01E54	NTPC Ltd	Utilities	534.66	1.22	0.00	Feb25	5.59
Nippon India Growth Mid Cap Dir Gr	INF204K01E54	NTPC Ltd	Utilities	534.66	1.22	0.00	Mar25	15.51
Nippon India Growth Mid Cap Dir Gr	INF204K01E54	NTPC Ltd	Utilities	534.66	1.22	0.00	Mar25	15.51
Nippon India Growth Mid Cap Dir Gr	INF204K01E54	NTPC Ltd	Utilities	534.66	1.22	0.00	Apr25	12.51
Nippon India Growth Mid Cap Dir Gr	INF204K01E54	NTPC Ltd	Utilities	534.66	1.22	0.00	May25	11.15
Nippon India Growth Mid Cap Dir Gr	INF204K01E54	NTPC Ltd	Utilities	534.66	1.22	0.00	June25	10.18
Nippon India Growth Mid Cap Dir Gr	INF204K01E54	NTPC Ltd	Utilities	534.66	1.22	0.00	July25	9.19
Nippon India Growth Mid Cap Dir Gr	INF204K01E54	NTPC Ltd	Utilities	534.66	1.22	0.00	Aug25	8.13
Nippon India Growth Mid Cap Dir Gr	INF204K01E54	Prestige Estates Projects Ltd	Real Estate	519.18	1.18	0.00	Oct24	5.55
Nippon India Growth Mid Cap Dir Gr	INF204K01E54	Prestige Estates Projects Ltd	Real Estate	519.18	1.18	0.00	Nov24	7.52
Nippon India Growth Mid Cap Dir Gr	INF204K01E54	Prestige Estates Projects Ltd	Real Estate	519.18	1.18	0.00	Dec24	3.56
Nippon India Growth Mid Cap Dir Gr	INF204K01E54	Prestige Estates Projects Ltd	Real Estate	519.18	1.18	0.00	Jan25	5.32
Nippon India Growth Mid Cap Dir Gr	INF204K01E54	Prestige Estates Projects Ltd	Real Estate	519.18	1.18	0.00	Feb25	5.59
Nippon India Growth Mid Cap Dir Gr	INF204K01E54	Prestige Estates Projects Ltd	Real Estate	519.18	1.18	0.00	Mar25	15.51
Nippon India Growth Mid Cap Dir Gr	INF204K01E54	Prestige Estates Projects Ltd	Real Estate	519.18	1.18	0.00	Mar25	15.51
Nippon India Growth Mid Cap Dir Gr	INF204K01E54	Prestige Estates Projects Ltd	Real Estate	519.18	1.18	0.00	Apr25	12.51
Nippon India Growth Mid Cap Dir Gr	INF204K01E54	Prestige Estates Projects Ltd	Real Estate	519.18	1.18	0.00	May25	11.15
Nippon India Growth Mid Cap Dir Gr	INF204K01E54	Prestige Estates Projects Ltd	Real Estate	519.18	1.18	0.00	June25	10.18
Nippon India Growth Mid Cap Dir Gr	INF204K01E54	Prestige Estates Projects Ltd	Real Estate	519.18	1.18	0.00	July25	9.19
Nippon India Growth Mid Cap Dir Gr	INF204K01E54	Prestige Estates Projects Ltd	Real Estate	519.18	1.18	0.00	Aug25	8.13
Nippon India Growth Mid Cap Dir Gr	INF204K01E54	ZF Commercial Vehicle Control Systems India Ltd	Consumer Cyclical	515.58	1.17	0.00	Oct24	5.55
Nippon India Growth Mid Cap Dir Gr	INF204K01E54	ZF Commercial Vehicle Control Systems India Ltd	Consumer Cyclical	515.58	1.17	0.00	Nov24	7.52
Nippon India Growth Mid Cap Dir Gr	INF204K01E54	ZF Commercial Vehicle Control Systems India Ltd	Consumer Cyclical	515.58	1.17	0.00	Dec24	3.56
Nippon India Growth Mid Cap Dir Gr	INF204K01E54	ZF Commercial Vehicle Control Systems India Ltd	Consumer Cyclical	515.58	1.17	0.00	Jan25	5.32
Nippon India Growth Mid Cap Dir Gr	INF204K01E54	ZF Commercial Vehicle Control Systems India Ltd	Consumer Cyclical	515.58	1.17	0.00	Feb25	5.59
Nippon India Growth Mid Cap Dir Gr	INF204K01E54	ZF Commercial Vehicle Control Systems India Ltd	Consumer Cyclical	515.58	1.17	0.00	Mar25	15.51
Nippon India Growth Mid Cap Dir Gr	INF204K01E54	ZF Commercial Vehicle Control Systems India Ltd	Consumer Cyclical	515.58	1.17	0.00	Mar25	15.51
Nippon India Growth Mid Cap Dir Gr	INF204K01E54	ZF Commercial Vehicle Control Systems India Ltd	Consumer Cyclical	515.58	1.17	0.00	Apr25	12.51
Nippon India Growth Mid Cap Dir Gr	INF204K01E54	ZF Commercial Vehicle Control Systems India Ltd	Consumer Cyclical	515.58	1.17	0.00	May25	11.15
Nippon India Growth Mid Cap Dir Gr	INF204K01E54	ZF Commercial Vehicle Control Systems India Ltd	Consumer Cyclical	515.58	1.17	0.00	June25	10.18
Nippon India Growth Mid Cap Dir Gr	INF204K01E54	ZF Commercial Vehicle Control Systems India Ltd	Consumer Cyclical	515.58	1.17	0.00	July25	9.19
Nippon India Growth Mid Cap Dir Gr	INF204K01E54	ZF Commercial Vehicle Control Systems India Ltd	Consumer Cyclical	515.58	1.17	0.00	Aug25	8.13
Nippon India Growth Mid Cap Dir Gr	INF204K01E54	ICICI Lombard General Insurance Co Ltd	Financial Services	513.60	1.17	0.00	Oct24	5.55
Nippon India Growth Mid Cap Dir Gr	INF204K01E54	ICICI Lombard General Insurance Co Ltd	Financial Services	513.60	1.17	0.00	Nov24	7.52
Nippon India Growth Mid Cap Dir Gr	INF204K01E54	ICICI Lombard General Insurance Co Ltd	Financial Services	513.60	1.17	0.00	Dec24	3.56
Nippon India Growth Mid Cap Dir Gr	INF204K01E54	ICICI Lombard General Insurance Co Ltd	Financial Services	513.60	1.17	0.00	Jan25	5.32
Nippon India Growth Mid Cap Dir Gr	INF204K01E54	ICICI Lombard General Insurance Co Ltd	Financial Services	513.60	1.17	0.00	Feb25	5.59
Nippon India Growth Mid Cap Dir Gr	INF204K01E54	ICICI Lombard General Insurance Co Ltd	Financial Services	513.60	1.17	0.00	Mar25	15.51
Nippon India Growth Mid Cap Dir Gr	INF204K01E54	ICICI Lombard General Insurance Co Ltd	Financial Services	513.60	1.17	0.00	Mar25	15.51
Nippon India Growth Mid Cap Dir Gr	INF204K01E54	ICICI Lombard General Insurance Co Ltd	Financial Services	513.60	1.17	0.00	Apr25	12.51
Nippon India Growth Mid Cap Dir Gr	INF204K01E54	ICICI Lombard General Insurance Co Ltd	Financial Services	513.60	1.17	0.00	May25	11.15
Nippon India Growth Mid Cap Dir Gr	INF204K01E54	ICICI Lombard General Insurance Co Ltd	Financial Services	513.60	1.17	0.00	June25	10.18
Nippon India Growth Mid Cap Dir Gr	INF204K01E54	ICICI Lombard General Insurance Co Ltd	Financial Services	513.60	1.17	0.00	July25	9.19
Nippon India Growth Mid Cap Dir Gr	INF204K01E54	ICICI Lombard General Insurance Co Ltd	Financial Services	513.60	1.17	0.00	Aug25	8.13
Nippon India Growth Mid Cap Dir Gr	INF204K01E54	Gland Pharma Ltd	Healthcare	510.22	1.16	0.00	Oct24	5.55
Nippon India Growth Mid Cap Dir Gr	INF204K01E54	Gland Pharma Ltd	Healthcare	510.22	1.16	0.00	Nov24	7.52
Nippon India Growth Mid Cap Dir Gr	INF204K01E54	Gland Pharma Ltd	Healthcare	510.22	1.16	0.00	Dec24	3.56
Nippon India Growth Mid Cap Dir Gr	INF204K01E54	Gland Pharma Ltd	Healthcare	510.22	1.16	0.00	Jan25	5.32
Nippon India Growth Mid Cap Dir Gr	INF204K01E54	Gland Pharma Ltd	Healthcare	510.22	1.16	0.00	Feb25	5.59
Nippon India Growth Mid Cap Dir Gr	INF204K01E54	Gland Pharma Ltd	Healthcare	510.22	1.16	0.00	Mar25	15.51
Nippon India Growth Mid Cap Dir Gr	INF204K01E54	Gland Pharma Ltd	Healthcare	510.22	1.16	0.00	Mar25	15.51
Nippon India Growth Mid Cap Dir Gr	INF204K01E54	Gland Pharma Ltd	Healthcare	510.22	1.16	0.00	Apr25	12.51
Nippon India Growth Mid Cap Dir Gr	INF204K01E54	Gland Pharma Ltd	Healthcare	510.22	1.16	0.00	May25	11.15
Nippon India Growth Mid Cap Dir Gr	INF204K01E54	Gland Pharma Ltd	Healthcare	510.22	1.16	0.00	June25	10.18
Nippon India Growth Mid Cap Dir Gr	INF204K01E54	Gland Pharma Ltd	Healthcare	510.22	1.16	0.00	July25	9.19
Nippon India Growth Mid Cap Dir Gr	INF204K01E54	Gland Pharma Ltd	Healthcare	510.22	1.16	0.00	Aug25	8.13
Nippon India Growth Mid Cap Dir Gr	INF204K01E54	HDB Financial Services Ltd	Financial Services	497.20	1.13	0.00	Oct24	5.55
Nippon India Growth Mid Cap Dir Gr	INF204K01E54	HDB Financial Services Ltd	Financial Services	497.20	1.13	0.00	Nov24	7.52
Nippon India Growth Mid Cap Dir Gr	INF204K01E54	HDB Financial Services Ltd	Financial Services	497.20	1.13	0.00	Dec24	3.56
Nippon India Growth Mid Cap Dir Gr	INF204K01E54	HDB Financial Services Ltd	Financial Services	497.20	1.13	0.00	Jan25	5.32
Nippon India Growth Mid Cap Dir Gr	INF204K01E54	HDB Financial Services Ltd	Financial Services	497.20	1.13	0.00	Feb25	5.59
Nippon India Growth Mid Cap Dir Gr	INF204K01E54	HDB Financial Services Ltd	Financial Services	497.20	1.13	0.00	Mar25	15.51
Nippon India Growth Mid Cap Dir Gr	INF204K01E54	HDB Financial Services Ltd	Financial Services	497.20	1.13	0.00	Mar25	15.51
Nippon India Growth Mid Cap Dir Gr	INF204K01E54	HDB Financial Services Ltd	Financial Services	497.20	1.13	0.00	Apr25	12.51
Nippon India Growth Mid Cap Dir Gr	INF204K01E54	HDB Financial Services Ltd	Financial Services	497.20	1.13	0.00	May25	11.15
Nippon India Growth Mid Cap Dir Gr	INF204K01E54	HDB Financial Services Ltd	Financial Services	497.20	1.13	0.00	June25	10.18
Nippon India Growth Mid Cap Dir Gr	INF204K01E54	HDB Financial Services Ltd	Financial Services	497.20	1.13	0.00	July25	9.19
Nippon India Growth Mid Cap Dir Gr	INF204K01E54	HDB Financial Services Ltd	Financial Services	497.20	1.13	0.00	Aug25	8.13
Nippon India Growth Mid Cap Dir Gr	INF204K01E54	Supreme Industries Ltd	Industrials	485.72	1.10	0.00	Oct24	5.55
Nippon India Growth Mid Cap Dir Gr	INF204K01E54	Supreme Industries Ltd	Industrials	485.72	1.10	0.00	Nov24	7.52
Nippon India Growth Mid Cap Dir Gr	INF204K01E54	Supreme Industries Ltd	Industrials	485.72	1.10	0.00	Dec24	3.56
Nippon India Growth Mid Cap Dir Gr	INF204K01E54	Supreme Industries Ltd	Industrials	485.72	1.10	0.00	Jan25	5.32
Nippon India Growth Mid Cap Dir Gr	INF204K01E54	Supreme Industries Ltd	Industrials	485.72	1.10	0.00	Feb25	5.59
Nippon India Growth Mid Cap Dir Gr	INF204K01E54	Supreme Industries Ltd	Industrials	485.72	1.10	0.00	Mar25	15.51
Nippon India Growth Mid Cap Dir Gr	INF204K01E54	Supreme Industries Ltd	Industrials	485.72	1.10	0.00	Mar25	15.51
Nippon India Growth Mid Cap Dir Gr	INF204K01E54	Supreme Industries Ltd	Industrials	485.72	1.10	0.00	Apr25	12.51
Nippon India Growth Mid Cap Dir Gr	INF204K01E54	Supreme Industries Ltd	Industrials	485.72	1.10	0.00	May25	11.15
Nippon India Growth Mid Cap Dir Gr	INF204K01E54	Supreme Industries Ltd	Industrials	485.72	1.10	0.00	June25	10.18
Nippon India Growth Mid Cap Dir Gr	INF204K01E54	Supreme Industries Ltd	Industrials	485.72	1.10	0.00	July25	9.19
Nippon India Growth Mid Cap Dir Gr	INF204K01E54	Supreme Industries Ltd	Industrials	485.72	1.10	0.00	Aug25	8.13
Nippon India Growth Mid Cap Dir Gr	INF204K01E54	Ipca Laboratories Ltd	Healthcare	473.96	1.08	0.00	Oct24	5.55
Nippon India Growth Mid Cap Dir Gr	INF204K01E54	Ipca Laboratories Ltd	Healthcare	473.96	1.08	0.00	Nov24	7.52
Nippon India Growth Mid Cap Dir Gr	INF204K01E54	Ipca Laboratories Ltd	Healthcare	473.96	1.08	0.00	Dec24	3.56
Nippon India Growth Mid Cap Dir Gr	INF204K01E54	Ipca Laboratories Ltd	Healthcare	473.96	1.08	0.00	Jan25	5.32
Nippon India Growth Mid Cap Dir Gr	INF204K01E54	Ipca Laboratories Ltd	Healthcare	473.96	1.08	0.00	Feb25	5.59
Nippon India Growth Mid Cap Dir Gr	INF204K01E54	Ipca Laboratories Ltd	Healthcare	473.96	1.08	0.00	Mar25	15.51
Nippon India Growth Mid Cap Dir Gr	INF204K01E54	Ipca Laboratories Ltd	Healthcare	473.96	1.08	0.00	Mar25	15.51
Nippon India Growth Mid Cap Dir Gr	INF204K01E54	Ipca Laboratories Ltd	Healthcare	473.96	1.08	0.00	Apr25	12.51
Nippon India Growth Mid Cap Dir Gr	INF204K01E54	Ipca Laboratories Ltd	Healthcare	473.96	1.08	0.00	May25	11.15
Nippon India Growth Mid Cap Dir Gr	INF204K01E54	Ipca Laboratories Ltd	Healthcare	473.96	1.08	0.00	June25	10.18
Nippon India Growth Mid Cap Dir Gr	INF204K01E54	Ipca Laboratories Ltd	Healthcare	473.96	1.08	0.00	July25	9.19
Nippon India Growth Mid Cap Dir Gr	INF204K01E54	Ipca Laboratories Ltd	Healthcare	473.96	1.08	0.00	Aug25	8.13
Nippon India Growth Mid Cap Dir Gr	INF204K01E54	Dixon Technologies (India) Ltd	Technology	473.76	1.08	0.00	Oct24	5.55
Nippon India Growth Mid Cap Dir Gr	INF204K01E54	Dixon Technologies (India) Ltd	Technology	473.76	1.08	0.00	Nov24	7.52
Nippon India Growth Mid Cap Dir Gr	INF204K01E54	Dixon Technologies (India) Ltd	Technology	473.76	1.08	0.00	Dec24	3.56
Nippon India Growth Mid Cap Dir Gr	INF204K01E54	Dixon Technologies (India) Ltd	Technology	473.76	1.08	0.00	Jan25	5.32
Nippon India Growth Mid Cap Dir Gr	INF204K01E54	Dixon Technologies (India) Ltd	Technology	473.76	1.08	0.00	Feb25	5.59
Nippon India Growth Mid Cap Dir Gr	INF204K01E54	Dixon Technologies (India) Ltd	Technology	473.76	1.08	0.00	Mar25	15.51
Nippon India Growth Mid Cap Dir Gr	INF204K01E54	Dixon Technologies (India) Ltd	Technology	473.76	1.08	0.00	Mar25	15.51
Nippon India Growth Mid Cap Dir Gr	INF204K01E54	Dixon Technologies (India) Ltd	Technology	473.76	1.08	0.00	Apr25	12.51
Nippon India Growth Mid Cap Dir Gr	INF204K01E54	Dixon Technologies (India) Ltd	Technology	473.76	1.08	0.00	May25	11.15
Nippon India Growth Mid Cap Dir Gr	INF204K01E54	Dixon Technologies (India) Ltd	Technology	473.76	1.08	0.00	June25	10.18
Nippon India Growth Mid Cap Dir Gr	INF204K01E54	Dixon Technologies (India) Ltd	Technology	473.76	1.08	0.00	July25	9.19
Nippon India Growth Mid Cap Dir Gr	INF204K01E54	Dixon Technologies (India) Ltd	Technology	473.76	1.08	0.00	Aug25	8.13
Nippon India Growth Mid Cap Dir Gr	INF204K01E54	Info Edge (India) Ltd	Communication Services	473.62	1.08	5.04	Oct24	5.55
Nippon India Growth Mid Cap Dir Gr	INF204K01E54	Info Edge (India) Ltd	Communication Services	473.62	1.08	5.04	Nov24	7.52
Nippon India Growth Mid Cap Dir Gr	INF204K01E54	Info Edge (India) Ltd	Communication Services	473.62	1.08	5.04	Dec24	3.56
Nippon India Growth Mid Cap Dir Gr	INF204K01E54	Info Edge (India) Ltd	Communication Services	473.62	1.08	5.04	Jan25	5.32
Nippon India Growth Mid Cap Dir Gr	INF204K01E54	Info Edge (India) Ltd	Communication Services	473.62	1.08	5.04	Feb25	5.59
Nippon India Growth Mid Cap Dir Gr	INF204K01E54	Info Edge (India) Ltd	Communication Services	473.62	1.08	5.04	Mar25	15.51
Nippon India Growth Mid Cap Dir Gr	INF204K01E54	Info Edge (India) Ltd	Communication Services	473.62	1.08	5.04	Mar25	15.51
Nippon India Growth Mid Cap Dir Gr	INF204K01E54	Info Edge (India) Ltd	Communication Services	473.62	1.08	5.04	Apr25	12.51
Nippon India Growth Mid Cap Dir Gr	INF204K01E54	Info Edge (India) Ltd	Communication Services	473.62	1.08	5.04	May25	11.15
Nippon India Growth Mid Cap Dir Gr	INF204K01E54	Info Edge (India) Ltd	Communication Services	473.62	1.08	5.04	June25	10.18
Nippon India Growth Mid Cap Dir Gr	INF204K01E54	Info Edge (India) Ltd	Communication Services	473.62	1.08	5.04	July25	9.19
Nippon India Growth Mid Cap Dir Gr	INF204K01E54	Info Edge (India) Ltd	Communication Services	473.62	1.08	5.04	Aug25	8.13
Nippon India Growth Mid Cap Dir Gr	INF204K01E54	Eternal Ltd	Consumer Cyclical	467.97	1.06	0.00	Oct24	5.55
Nippon India Growth Mid Cap Dir Gr	INF204K01E54	Eternal Ltd	Consumer Cyclical	467.97	1.06	0.00	Nov24	7.52
Nippon India Growth Mid Cap Dir Gr	INF204K01E54	Eternal Ltd	Consumer Cyclical	467.97	1.06	0.00	Dec24	3.56
Nippon India Growth Mid Cap Dir Gr	INF204K01E54	Eternal Ltd	Consumer Cyclical	467.97	1.06	0.00	Jan25	5.32
Nippon India Growth Mid Cap Dir Gr	INF204K01E54	Eternal Ltd	Consumer Cyclical	467.97	1.06	0.00	Feb25	5.59
Nippon India Growth Mid Cap Dir Gr	INF204K01E54	Eternal Ltd	Consumer Cyclical	467.97	1.06	0.00	Mar25	15.51
Nippon India Growth Mid Cap Dir Gr	INF204K01E54	Eternal Ltd	Consumer Cyclical	467.97	1.06	0.00	Mar25	15.51
Nippon India Growth Mid Cap Dir Gr	INF204K01E54	Eternal Ltd	Consumer Cyclical	467.97	1.06	0.00	Apr25	12.51
Nippon India Growth Mid Cap Dir Gr	INF204K01E54	Eternal Ltd	Consumer Cyclical	467.97	1.06	0.00	May25	11.15
Nippon India Growth Mid Cap Dir Gr	INF204K01E54	Eternal Ltd	Consumer Cyclical	467.97	1.06	0.00	June25	10.18
Nippon India Growth Mid Cap Dir Gr	INF204K01E54	Eternal Ltd	Consumer Cyclical	467.97	1.06	0.00	July25	9.19
Nippon India Growth Mid Cap Dir Gr	INF204K01E54	Eternal Ltd	Consumer Cyclical	467.97	1.06	0.00	Aug25	8.13
Nippon India Growth Mid Cap Dir Gr	INF204K01E54	FSN E-Commerce Ventures Ltd	Consumer Cyclical	446.01	1.01	0.00	Oct24	5.55
Nippon India Growth Mid Cap Dir Gr	INF204K01E54	FSN E-Commerce Ventures Ltd	Consumer Cyclical	446.01	1.01	0.00	Nov24	7.52
Nippon India Growth Mid Cap Dir Gr	INF204K01E54	FSN E-Commerce Ventures Ltd	Consumer Cyclical	446.01	1.01	0.00	Dec24	3.56
Nippon India Growth Mid Cap Dir Gr	INF204K01E54	FSN E-Commerce Ventures Ltd	Consumer Cyclical	446.01	1.01	0.00	Jan25	5.32
Nippon India Growth Mid Cap Dir Gr	INF204K01E54	FSN E-Commerce Ventures Ltd	Consumer Cyclical	446.01	1.01	0.00	Feb25	5.59
Nippon India Growth Mid Cap Dir Gr	INF204K01E54	FSN E-Commerce Ventures Ltd	Consumer Cyclical	446.01	1.01	0.00	Mar25	15.51
Nippon India Growth Mid Cap Dir Gr	INF204K01E54	FSN E-Commerce Ventures Ltd	Consumer Cyclical	446.01	1.01	0.00	Mar25	15.51
Nippon India Growth Mid Cap Dir Gr	INF204K01E54	FSN E-Commerce Ventures Ltd	Consumer Cyclical	446.01	1.01	0.00	Apr25	12.51
Nippon India Growth Mid Cap Dir Gr	INF204K01E54	FSN E-Commerce Ventures Ltd	Consumer Cyclical	446.01	1.01	0.00	May25	11.15
Nippon India Growth Mid Cap Dir Gr	INF204K01E54	FSN E-Commerce Ventures Ltd	Consumer Cyclical	446.01	1.01	0.00	June25	10.18
Nippon India Growth Mid Cap Dir Gr	INF204K01E54	FSN E-Commerce Ventures Ltd	Consumer Cyclical	446.01	1.01	0.00	July25	9.19
Nippon India Growth Mid Cap Dir Gr	INF204K01E54	FSN E-Commerce Ventures Ltd	Consumer Cyclical	446.01	1.01	0.00	Aug25	8.13
Nippon India Growth Mid Cap Dir Gr	INF204K01E54	Union Bank of India	Financial Services	444.99	1.01	0.00	Oct24	5.55
Nippon India Growth Mid Cap Dir Gr	INF204K01E54	Union Bank of India	Financial Services	444.99	1.01	0.00	Nov24	7.52
Nippon India Growth Mid Cap Dir Gr	INF204K01E54	Union Bank of India	Financial Services	444.99	1.01	0.00	Dec24	3.56
Nippon India Growth Mid Cap Dir Gr	INF204K01E54	Union Bank of India	Financial Services	444.99	1.01	0.00	Jan25	5.32
Nippon India Growth Mid Cap Dir Gr	INF204K01E54	Union Bank of India	Financial Services	444.99	1.01	0.00	Feb25	5.59
Nippon India Growth Mid Cap Dir Gr	INF204K01E54	Union Bank of India	Financial Services	444.99	1.01	0.00	Mar25	15.51
Nippon India Growth Mid Cap Dir Gr	INF204K01E54	Union Bank of India	Financial Services	444.99	1.01	0.00	Mar25	15.51
Nippon India Growth Mid Cap Dir Gr	INF204K01E54	Union Bank of India	Financial Services	444.99	1.01	0.00	Apr25	12.51
Nippon India Growth Mid Cap Dir Gr	INF204K01E54	Union Bank of India	Financial Services	444.99	1.01	0.00	May25	11.15
Nippon India Growth Mid Cap Dir Gr	INF204K01E54	Union Bank of India	Financial Services	444.99	1.01	0.00	June25	10.18
Nippon India Growth Mid Cap Dir Gr	INF204K01E54	Union Bank of India	Financial Services	444.99	1.01	0.00	July25	9.19
Nippon India Growth Mid Cap Dir Gr	INF204K01E54	Union Bank of India	Financial Services	444.99	1.01	0.00	Aug25	8.13
Nippon India Growth Mid Cap Dir Gr	INF204K01E54	Bharat Electronics Ltd	Industrials	444.70	1.01	0.00	Oct24	5.55
Nippon India Growth Mid Cap Dir Gr	INF204K01E54	Bharat Electronics Ltd	Industrials	444.70	1.01	0.00	Nov24	7.52
Nippon India Growth Mid Cap Dir Gr	INF204K01E54	Bharat Electronics Ltd	Industrials	444.70	1.01	0.00	Dec24	3.56
Nippon India Growth Mid Cap Dir Gr	INF204K01E54	Bharat Electronics Ltd	Industrials	444.70	1.01	0.00	Jan25	5.32
Nippon India Growth Mid Cap Dir Gr	INF204K01E54	Bharat Electronics Ltd	Industrials	444.70	1.01	0.00	Feb25	5.59
Nippon India Growth Mid Cap Dir Gr	INF204K01E54	Bharat Electronics Ltd	Industrials	444.70	1.01	0.00	Mar25	15.51
Nippon India Growth Mid Cap Dir Gr	INF204K01E54	Bharat Electronics Ltd	Industrials	444.70	1.01	0.00	Mar25	15.51
Nippon India Growth Mid Cap Dir Gr	INF204K01E54	Bharat Electronics Ltd	Industrials	444.70	1.01	0.00	Apr25	12.51
Nippon India Growth Mid Cap Dir Gr	INF204K01E54	Bharat Electronics Ltd	Industrials	444.70	1.01	0.00	May25	11.15
Nippon India Growth Mid Cap Dir Gr	INF204K01E54	Bharat Electronics Ltd	Industrials	444.70	1.01	0.00	June25	10.18
Nippon India Growth Mid Cap Dir Gr	INF204K01E54	Bharat Electronics Ltd	Industrials	444.70	1.01	0.00	July25	9.19
Nippon India Growth Mid Cap Dir Gr	INF204K01E54	Bharat Electronics Ltd	Industrials	444.70	1.01	0.00	Aug25	8.13
Nippon India Growth Mid Cap Dir Gr	INF204K01E54	ICICI Bank Ltd	Financial Services	427.46	0.97	14.67	Oct24	5.55
Nippon India Growth Mid Cap Dir Gr	INF204K01E54	ICICI Bank Ltd	Financial Services	427.46	0.97	14.67	Nov24	7.52
Nippon India Growth Mid Cap Dir Gr	INF204K01E54	ICICI Bank Ltd	Financial Services	427.46	0.97	14.67	Dec24	3.56
Nippon India Growth Mid Cap Dir Gr	INF204K01E54	ICICI Bank Ltd	Financial Services	427.46	0.97	14.67	Jan25	5.32
Nippon India Growth Mid Cap Dir Gr	INF204K01E54	ICICI Bank Ltd	Financial Services	427.46	0.97	14.67	Feb25	5.59
Nippon India Growth Mid Cap Dir Gr	INF204K01E54	ICICI Bank Ltd	Financial Services	427.46	0.97	14.67	Mar25	15.51
Nippon India Growth Mid Cap Dir Gr	INF204K01E54	ICICI Bank Ltd	Financial Services	427.46	0.97	14.67	Mar25	15.51
Nippon India Growth Mid Cap Dir Gr	INF204K01E54	ICICI Bank Ltd	Financial Services	427.46	0.97	14.67	Apr25	12.51
Nippon India Growth Mid Cap Dir Gr	INF204K01E54	ICICI Bank Ltd	Financial Services	427.46	0.97	14.67	May25	11.15
Nippon India Growth Mid Cap Dir Gr	INF204K01E54	ICICI Bank Ltd	Financial Services	427.46	0.97	14.67	June25	10.18
Nippon India Growth Mid Cap Dir Gr	INF204K01E54	ICICI Bank Ltd	Financial Services	427.46	0.97	14.67	July25	9.19
Nippon India Growth Mid Cap Dir Gr	INF204K01E54	ICICI Bank Ltd	Financial Services	427.46	0.97	14.67	Aug25	8.13
Nippon India Growth Mid Cap Dir Gr	INF204K01E54	NLC India Ltd	Utilities	418.58	0.95	0.00	Oct24	5.55
Nippon India Growth Mid Cap Dir Gr	INF204K01E54	NLC India Ltd	Utilities	418.58	0.95	0.00	Nov24	7.52
Nippon India Growth Mid Cap Dir Gr	INF204K01E54	NLC India Ltd	Utilities	418.58	0.95	0.00	Dec24	3.56
Nippon India Growth Mid Cap Dir Gr	INF204K01E54	NLC India Ltd	Utilities	418.58	0.95	0.00	Jan25	5.32
Nippon India Growth Mid Cap Dir Gr	INF204K01E54	NLC India Ltd	Utilities	418.58	0.95	0.00	Feb25	5.59
Nippon India Growth Mid Cap Dir Gr	INF204K01E54	NLC India Ltd	Utilities	418.58	0.95	0.00	Mar25	15.51
Nippon India Growth Mid Cap Dir Gr	INF204K01E54	NLC India Ltd	Utilities	418.58	0.95	0.00	Mar25	15.51
Nippon India Growth Mid Cap Dir Gr	INF204K01E54	NLC India Ltd	Utilities	418.58	0.95	0.00	Apr25	12.51
Nippon India Growth Mid Cap Dir Gr	INF204K01E54	NLC India Ltd	Utilities	418.58	0.95	0.00	May25	11.15
Nippon India Growth Mid Cap Dir Gr	INF204K01E54	NLC India Ltd	Utilities	418.58	0.95	0.00	June25	10.18
Nippon India Growth Mid Cap Dir Gr	INF204K01E54	NLC India Ltd	Utilities	418.58	0.95	0.00	July25	9.19
Nippon India Growth Mid Cap Dir Gr	INF204K01E54	NLC India Ltd	Utilities	418.58	0.95	0.00	Aug25	8.13
Nippon India Growth Mid Cap Dir Gr	INF204K01E54	Vishal Mega Mart Ltd	Consumer Cyclical	411.01	0.93	0.00	Oct24	5.55
Nippon India Growth Mid Cap Dir Gr	INF204K01E54	Vishal Mega Mart Ltd	Consumer Cyclical	411.01	0.93	0.00	Nov24	7.52
Nippon India Growth Mid Cap Dir Gr	INF204K01E54	Vishal Mega Mart Ltd	Consumer Cyclical	411.01	0.93	0.00	Dec24	3.56
Nippon India Growth Mid Cap Dir Gr	INF204K01E54	Vishal Mega Mart Ltd	Consumer Cyclical	411.01	0.93	0.00	Jan25	5.32
Nippon India Growth Mid Cap Dir Gr	INF204K01E54	Vishal Mega Mart Ltd	Consumer Cyclical	411.01	0.93	0.00	Feb25	5.59
Nippon India Growth Mid Cap Dir Gr	INF204K01E54	Vishal Mega Mart Ltd	Consumer Cyclical	411.01	0.93	0.00	Mar25	15.51
Nippon India Growth Mid Cap Dir Gr	INF204K01E54	Vishal Mega Mart Ltd	Consumer Cyclical	411.01	0.93	0.00	Mar25	15.51
Nippon India Growth Mid Cap Dir Gr	INF204K01E54	Vishal Mega Mart Ltd	Consumer Cyclical	411.01	0.93	0.00	Apr25	12.51
Nippon India Growth Mid Cap Dir Gr	INF204K01E54	Vishal Mega Mart Ltd	Consumer Cyclical	411.01	0.93	0.00	May25	11.15
Nippon India Growth Mid Cap Dir Gr	INF204K01E54	Vishal Mega Mart Ltd	Consumer Cyclical	411.01	0.93	0.00	June25	10.18
Nippon India Growth Mid Cap Dir Gr	INF204K01E54	Vishal Mega Mart Ltd	Consumer Cyclical	411.01	0.93	0.00	July25	9.19
Nippon India Growth Mid Cap Dir Gr	INF204K01E54	Vishal Mega Mart Ltd	Consumer Cyclical	411.01	0.93	0.00	Aug25	8.13
Nippon India Growth Mid Cap Dir Gr	INF204K01E54	Indian Hotels Co Ltd	Consumer Cyclical	400.23	0.91	0.00	Oct24	5.55
Nippon India Growth Mid Cap Dir Gr	INF204K01E54	Indian Hotels Co Ltd	Consumer Cyclical	400.23	0.91	0.00	Nov24	7.52
Nippon India Growth Mid Cap Dir Gr	INF204K01E54	Indian Hotels Co Ltd	Consumer Cyclical	400.23	0.91	0.00	Dec24	3.56
Nippon India Growth Mid Cap Dir Gr	INF204K01E54	Indian Hotels Co Ltd	Consumer Cyclical	400.23	0.91	0.00	Jan25	5.32
Nippon India Growth Mid Cap Dir Gr	INF204K01E54	Indian Hotels Co Ltd	Consumer Cyclical	400.23	0.91	0.00	Feb25	5.59
Nippon India Growth Mid Cap Dir Gr	INF204K01E54	Indian Hotels Co Ltd	Consumer Cyclical	400.23	0.91	0.00	Mar25	15.51
Nippon India Growth Mid Cap Dir Gr	INF204K01E54	Indian Hotels Co Ltd	Consumer Cyclical	400.23	0.91	0.00	Mar25	15.51
Nippon India Growth Mid Cap Dir Gr	INF204K01E54	Indian Hotels Co Ltd	Consumer Cyclical	400.23	0.91	0.00	Apr25	12.51
Nippon India Growth Mid Cap Dir Gr	INF204K01E54	Indian Hotels Co Ltd	Consumer Cyclical	400.23	0.91	0.00	May25	11.15
Nippon India Growth Mid Cap Dir Gr	INF204K01E54	Indian Hotels Co Ltd	Consumer Cyclical	400.23	0.91	0.00	June25	10.18
Nippon India Growth Mid Cap Dir Gr	INF204K01E54	Indian Hotels Co Ltd	Consumer Cyclical	400.23	0.91	0.00	July25	9.19
Nippon India Growth Mid Cap Dir Gr	INF204K01E54	Indian Hotels Co Ltd	Consumer Cyclical	400.23	0.91	0.00	Aug25	8.13
Nippon India Growth Mid Cap Dir Gr	INF204K01E54	Mahindra & Mahindra Financial Services Ltd	Financial Services	392.98	0.89	0.00	Oct24	5.55
Nippon India Growth Mid Cap Dir Gr	INF204K01E54	Mahindra & Mahindra Financial Services Ltd	Financial Services	392.98	0.89	0.00	Nov24	7.52
Nippon India Growth Mid Cap Dir Gr	INF204K01E54	Mahindra & Mahindra Financial Services Ltd	Financial Services	392.98	0.89	0.00	Dec24	3.56
Nippon India Growth Mid Cap Dir Gr	INF204K01E54	Mahindra & Mahindra Financial Services Ltd	Financial Services	392.98	0.89	0.00	Jan25	5.32
Nippon India Growth Mid Cap Dir Gr	INF204K01E54	Mahindra & Mahindra Financial Services Ltd	Financial Services	392.98	0.89	0.00	Feb25	5.59
Nippon India Growth Mid Cap Dir Gr	INF204K01E54	Mahindra & Mahindra Financial Services Ltd	Financial Services	392.98	0.89	0.00	Mar25	15.51
Nippon India Growth Mid Cap Dir Gr	INF204K01E54	Mahindra & Mahindra Financial Services Ltd	Financial Services	392.98	0.89	0.00	Mar25	15.51
Nippon India Growth Mid Cap Dir Gr	INF204K01E54	Mahindra & Mahindra Financial Services Ltd	Financial Services	392.98	0.89	0.00	Apr25	12.51
Nippon India Growth Mid Cap Dir Gr	INF204K01E54	Mahindra & Mahindra Financial Services Ltd	Financial Services	392.98	0.89	0.00	May25	11.15
Nippon India Growth Mid Cap Dir Gr	INF204K01E54	Mahindra & Mahindra Financial Services Ltd	Financial Services	392.98	0.89	0.00	June25	10.18
Nippon India Growth Mid Cap Dir Gr	INF204K01E54	Mahindra & Mahindra Financial Services Ltd	Financial Services	392.98	0.89	0.00	July25	9.19
Nippon India Growth Mid Cap Dir Gr	INF204K01E54	Mahindra & Mahindra Financial Services Ltd	Financial Services	392.98	0.89	0.00	Aug25	8.13
Nippon India Growth Mid Cap Dir Gr	INF204K01E54	Schaeffler India Ltd	Consumer Cyclical	392.58	0.89	0.00	Oct24	5.55
Nippon India Growth Mid Cap Dir Gr	INF204K01E54	Schaeffler India Ltd	Consumer Cyclical	392.58	0.89	0.00	Nov24	7.52
Nippon India Growth Mid Cap Dir Gr	INF204K01E54	Schaeffler India Ltd	Consumer Cyclical	392.58	0.89	0.00	Dec24	3.56
Nippon India Growth Mid Cap Dir Gr	INF204K01E54	Schaeffler India Ltd	Consumer Cyclical	392.58	0.89	0.00	Jan25	5.32
Nippon India Growth Mid Cap Dir Gr	INF204K01E54	Schaeffler India Ltd	Consumer Cyclical	392.58	0.89	0.00	Feb25	5.59
Nippon India Growth Mid Cap Dir Gr	INF204K01E54	Schaeffler India Ltd	Consumer Cyclical	392.58	0.89	0.00	Mar25	15.51
Nippon India Growth Mid Cap Dir Gr	INF204K01E54	Schaeffler India Ltd	Consumer Cyclical	392.58	0.89	0.00	Mar25	15.51
Nippon India Growth Mid Cap Dir Gr	INF204K01E54	Schaeffler India Ltd	Consumer Cyclical	392.58	0.89	0.00	Apr25	12.51
Nippon India Growth Mid Cap Dir Gr	INF204K01E54	Schaeffler India Ltd	Consumer Cyclical	392.58	0.89	0.00	May25	11.15
Nippon India Growth Mid Cap Dir Gr	INF204K01E54	Schaeffler India Ltd	Consumer Cyclical	392.58	0.89	0.00	June25	10.18
Nippon India Growth Mid Cap Dir Gr	INF204K01E54	Schaeffler India Ltd	Consumer Cyclical	392.58	0.89	0.00	July25	9.19
Nippon India Growth Mid Cap Dir Gr	INF204K01E54	Schaeffler India Ltd	Consumer Cyclical	392.58	0.89	0.00	Aug25	8.13
Nippon India Growth Mid Cap Dir Gr	INF204K01E54	HDFC Asset Management Co Ltd	Financial Services	392.01	0.89	0.00	Oct24	5.55
Nippon India Growth Mid Cap Dir Gr	INF204K01E54	HDFC Asset Management Co Ltd	Financial Services	392.01	0.89	0.00	Nov24	7.52
Nippon India Growth Mid Cap Dir Gr	INF204K01E54	HDFC Asset Management Co Ltd	Financial Services	392.01	0.89	0.00	Dec24	3.56
Nippon India Growth Mid Cap Dir Gr	INF204K01E54	HDFC Asset Management Co Ltd	Financial Services	392.01	0.89	0.00	Jan25	5.32
Nippon India Growth Mid Cap Dir Gr	INF204K01E54	HDFC Asset Management Co Ltd	Financial Services	392.01	0.89	0.00	Feb25	5.59
Nippon India Growth Mid Cap Dir Gr	INF204K01E54	HDFC Asset Management Co Ltd	Financial Services	392.01	0.89	0.00	Mar25	15.51
Nippon India Growth Mid Cap Dir Gr	INF204K01E54	HDFC Asset Management Co Ltd	Financial Services	392.01	0.89	0.00	Mar25	15.51
Nippon India Growth Mid Cap Dir Gr	INF204K01E54	HDFC Asset Management Co Ltd	Financial Services	392.01	0.89	0.00	Apr25	12.51
Nippon India Growth Mid Cap Dir Gr	INF204K01E54	HDFC Asset Management Co Ltd	Financial Services	392.01	0.89	0.00	May25	11.15
Nippon India Growth Mid Cap Dir Gr	INF204K01E54	HDFC Asset Management Co Ltd	Financial Services	392.01	0.89	0.00	June25	10.18
Nippon India Growth Mid Cap Dir Gr	INF204K01E54	HDFC Asset Management Co Ltd	Financial Services	392.01	0.89	0.00	July25	9.19
Nippon India Growth Mid Cap Dir Gr	INF204K01E54	HDFC Asset Management Co Ltd	Financial Services	392.01	0.89	0.00	Aug25	8.13
Nippon India Growth Mid Cap Dir Gr	INF204K01E54	Hindustan Petroleum Corp Ltd	Energy	376.81	0.86	0.00	Oct24	5.55
Nippon India Growth Mid Cap Dir Gr	INF204K01E54	Hindustan Petroleum Corp Ltd	Energy	376.81	0.86	0.00	Nov24	7.52
Nippon India Growth Mid Cap Dir Gr	INF204K01E54	Hindustan Petroleum Corp Ltd	Energy	376.81	0.86	0.00	Dec24	3.56
Nippon India Growth Mid Cap Dir Gr	INF204K01E54	Hindustan Petroleum Corp Ltd	Energy	376.81	0.86	0.00	Jan25	5.32
Nippon India Growth Mid Cap Dir Gr	INF204K01E54	Hindustan Petroleum Corp Ltd	Energy	376.81	0.86	0.00	Feb25	5.59
Nippon India Growth Mid Cap Dir Gr	INF204K01E54	Hindustan Petroleum Corp Ltd	Energy	376.81	0.86	0.00	Mar25	15.51
Nippon India Growth Mid Cap Dir Gr	INF204K01E54	Hindustan Petroleum Corp Ltd	Energy	376.81	0.86	0.00	Mar25	15.51
Nippon India Growth Mid Cap Dir Gr	INF204K01E54	Hindustan Petroleum Corp Ltd	Energy	376.81	0.86	0.00	Apr25	12.51
Nippon India Growth Mid Cap Dir Gr	INF204K01E54	Hindustan Petroleum Corp Ltd	Energy	376.81	0.86	0.00	May25	11.15
Nippon India Growth Mid Cap Dir Gr	INF204K01E54	Hindustan Petroleum Corp Ltd	Energy	376.81	0.86	0.00	June25	10.18
Nippon India Growth Mid Cap Dir Gr	INF204K01E54	Hindustan Petroleum Corp Ltd	Energy	376.81	0.86	0.00	July25	9.19
Nippon India Growth Mid Cap Dir Gr	INF204K01E54	Hindustan Petroleum Corp Ltd	Energy	376.81	0.86	0.00	Aug25	8.13
Nippon India Growth Mid Cap Dir Gr	INF204K01E54	CG Power & Industrial Solutions Ltd	Industrials	369.97	0.84	0.00	Oct24	5.55
Nippon India Growth Mid Cap Dir Gr	INF204K01E54	CG Power & Industrial Solutions Ltd	Industrials	369.97	0.84	0.00	Nov24	7.52
Nippon India Growth Mid Cap Dir Gr	INF204K01E54	CG Power & Industrial Solutions Ltd	Industrials	369.97	0.84	0.00	Dec24	3.56
Nippon India Growth Mid Cap Dir Gr	INF204K01E54	CG Power & Industrial Solutions Ltd	Industrials	369.97	0.84	0.00	Jan25	5.32
Nippon India Growth Mid Cap Dir Gr	INF204K01E54	CG Power & Industrial Solutions Ltd	Industrials	369.97	0.84	0.00	Feb25	5.59
Nippon India Growth Mid Cap Dir Gr	INF204K01E54	CG Power & Industrial Solutions Ltd	Industrials	369.97	0.84	0.00	Mar25	15.51
Nippon India Growth Mid Cap Dir Gr	INF204K01E54	CG Power & Industrial Solutions Ltd	Industrials	369.97	0.84	0.00	Mar25	15.51
Nippon India Growth Mid Cap Dir Gr	INF204K01E54	CG Power & Industrial Solutions Ltd	Industrials	369.97	0.84	0.00	Apr25	12.51
Nippon India Growth Mid Cap Dir Gr	INF204K01E54	CG Power & Industrial Solutions Ltd	Industrials	369.97	0.84	0.00	May25	11.15
Nippon India Growth Mid Cap Dir Gr	INF204K01E54	CG Power & Industrial Solutions Ltd	Industrials	369.97	0.84	0.00	June25	10.18
Nippon India Growth Mid Cap Dir Gr	INF204K01E54	CG Power & Industrial Solutions Ltd	Industrials	369.97	0.84	0.00	July25	9.19
Nippon India Growth Mid Cap Dir Gr	INF204K01E54	CG Power & Industrial Solutions Ltd	Industrials	369.97	0.84	0.00	Aug25	8.13
Nippon India Growth Mid Cap Dir Gr	INF204K01E54	Dalmia Bharat Ltd	Basic Materials	358.74	0.82	0.00	Oct24	5.55
Nippon India Growth Mid Cap Dir Gr	INF204K01E54	Dalmia Bharat Ltd	Basic Materials	358.74	0.82	0.00	Nov24	7.52
Nippon India Growth Mid Cap Dir Gr	INF204K01E54	Dalmia Bharat Ltd	Basic Materials	358.74	0.82	0.00	Dec24	3.56
Nippon India Growth Mid Cap Dir Gr	INF204K01E54	Dalmia Bharat Ltd	Basic Materials	358.74	0.82	0.00	Jan25	5.32
Nippon India Growth Mid Cap Dir Gr	INF204K01E54	Dalmia Bharat Ltd	Basic Materials	358.74	0.82	0.00	Feb25	5.59
Nippon India Growth Mid Cap Dir Gr	INF204K01E54	Dalmia Bharat Ltd	Basic Materials	358.74	0.82	0.00	Mar25	15.51
Nippon India Growth Mid Cap Dir Gr	INF204K01E54	Dalmia Bharat Ltd	Basic Materials	358.74	0.82	0.00	Mar25	15.51
Nippon India Growth Mid Cap Dir Gr	INF204K01E54	Dalmia Bharat Ltd	Basic Materials	358.74	0.82	0.00	Apr25	12.51
Nippon India Growth Mid Cap Dir Gr	INF204K01E54	Dalmia Bharat Ltd	Basic Materials	358.74	0.82	0.00	May25	11.15
Nippon India Growth Mid Cap Dir Gr	INF204K01E54	Dalmia Bharat Ltd	Basic Materials	358.74	0.82	0.00	June25	10.18
Nippon India Growth Mid Cap Dir Gr	INF204K01E54	Dalmia Bharat Ltd	Basic Materials	358.74	0.82	0.00	July25	9.19
Nippon India Growth Mid Cap Dir Gr	INF204K01E54	Dalmia Bharat Ltd	Basic Materials	358.74	0.82	0.00	Aug25	8.13
Nippon India Growth Mid Cap Dir Gr	INF204K01E54	Blue Star Ltd	Industrials	351.36	0.80	7.32	Oct24	5.55
Nippon India Growth Mid Cap Dir Gr	INF204K01E54	Blue Star Ltd	Industrials	351.36	0.80	7.32	Nov24	7.52
Nippon India Growth Mid Cap Dir Gr	INF204K01E54	Blue Star Ltd	Industrials	351.36	0.80	7.32	Dec24	3.56
Nippon India Growth Mid Cap Dir Gr	INF204K01E54	Blue Star Ltd	Industrials	351.36	0.80	7.32	Jan25	5.32
Nippon India Growth Mid Cap Dir Gr	INF204K01E54	Blue Star Ltd	Industrials	351.36	0.80	7.32	Feb25	5.59
Nippon India Growth Mid Cap Dir Gr	INF204K01E54	Blue Star Ltd	Industrials	351.36	0.80	7.32	Mar25	15.51
Nippon India Growth Mid Cap Dir Gr	INF204K01E54	Blue Star Ltd	Industrials	351.36	0.80	7.32	Mar25	15.51
Nippon India Growth Mid Cap Dir Gr	INF204K01E54	Blue Star Ltd	Industrials	351.36	0.80	7.32	Apr25	12.51
Nippon India Growth Mid Cap Dir Gr	INF204K01E54	Blue Star Ltd	Industrials	351.36	0.80	7.32	May25	11.15
Nippon India Growth Mid Cap Dir Gr	INF204K01E54	Blue Star Ltd	Industrials	351.36	0.80	7.32	June25	10.18
Nippon India Growth Mid Cap Dir Gr	INF204K01E54	Blue Star Ltd	Industrials	351.36	0.80	7.32	July25	9.19
Nippon India Growth Mid Cap Dir Gr	INF204K01E54	Blue Star Ltd	Industrials	351.36	0.80	7.32	Aug25	8.13
Nippon India Growth Mid Cap Dir Gr	INF204K01E54	REC Ltd	Financial Services	349.80	0.80	0.00	Oct24	5.55
Nippon India Growth Mid Cap Dir Gr	INF204K01E54	REC Ltd	Financial Services	349.80	0.80	0.00	Nov24	7.52
Nippon India Growth Mid Cap Dir Gr	INF204K01E54	REC Ltd	Financial Services	349.80	0.80	0.00	Dec24	3.56
Nippon India Growth Mid Cap Dir Gr	INF204K01E54	REC Ltd	Financial Services	349.80	0.80	0.00	Jan25	5.32
Nippon India Growth Mid Cap Dir Gr	INF204K01E54	REC Ltd	Financial Services	349.80	0.80	0.00	Feb25	5.59
Nippon India Growth Mid Cap Dir Gr	INF204K01E54	REC Ltd	Financial Services	349.80	0.80	0.00	Mar25	15.51
Nippon India Growth Mid Cap Dir Gr	INF204K01E54	REC Ltd	Financial Services	349.80	0.80	0.00	Mar25	15.51
Nippon India Growth Mid Cap Dir Gr	INF204K01E54	REC Ltd	Financial Services	349.80	0.80	0.00	Apr25	12.51
Nippon India Growth Mid Cap Dir Gr	INF204K01E54	REC Ltd	Financial Services	349.80	0.80	0.00	May25	11.15
Nippon India Growth Mid Cap Dir Gr	INF204K01E54	REC Ltd	Financial Services	349.80	0.80	0.00	June25	10.18
Nippon India Growth Mid Cap Dir Gr	INF204K01E54	REC Ltd	Financial Services	349.80	0.80	0.00	July25	9.19
Nippon India Growth Mid Cap Dir Gr	INF204K01E54	REC Ltd	Financial Services	349.80	0.80	0.00	Aug25	8.13
Nippon India Growth Mid Cap Dir Gr	INF204K01E54	Jubilant Foodworks Ltd	Consumer Cyclical	348.33	0.79	0.00	Oct24	5.55
Nippon India Growth Mid Cap Dir Gr	INF204K01E54	Jubilant Foodworks Ltd	Consumer Cyclical	348.33	0.79	0.00	Nov24	7.52
Nippon India Growth Mid Cap Dir Gr	INF204K01E54	Jubilant Foodworks Ltd	Consumer Cyclical	348.33	0.79	0.00	Dec24	3.56
Nippon India Growth Mid Cap Dir Gr	INF204K01E54	Jubilant Foodworks Ltd	Consumer Cyclical	348.33	0.79	0.00	Jan25	5.32
Nippon India Growth Mid Cap Dir Gr	INF204K01E54	Jubilant Foodworks Ltd	Consumer Cyclical	348.33	0.79	0.00	Feb25	5.59
Nippon India Growth Mid Cap Dir Gr	INF204K01E54	Jubilant Foodworks Ltd	Consumer Cyclical	348.33	0.79	0.00	Mar25	15.51
Nippon India Growth Mid Cap Dir Gr	INF204K01E54	Jubilant Foodworks Ltd	Consumer Cyclical	348.33	0.79	0.00	Mar25	15.51
Nippon India Growth Mid Cap Dir Gr	INF204K01E54	Jubilant Foodworks Ltd	Consumer Cyclical	348.33	0.79	0.00	Apr25	12.51
Nippon India Growth Mid Cap Dir Gr	INF204K01E54	Jubilant Foodworks Ltd	Consumer Cyclical	348.33	0.79	0.00	May25	11.15
Nippon India Growth Mid Cap Dir Gr	INF204K01E54	Jubilant Foodworks Ltd	Consumer Cyclical	348.33	0.79	0.00	June25	10.18
Nippon India Growth Mid Cap Dir Gr	INF204K01E54	Jubilant Foodworks Ltd	Consumer Cyclical	348.33	0.79	0.00	July25	9.19
Nippon India Growth Mid Cap Dir Gr	INF204K01E54	Jubilant Foodworks Ltd	Consumer Cyclical	348.33	0.79	0.00	Aug25	8.13
Nippon India Growth Mid Cap Dir Gr	INF204K01E54	Endurance Technologies Ltd	Consumer Cyclical	346.02	0.79	0.00	Oct24	5.55
Nippon India Growth Mid Cap Dir Gr	INF204K01E54	Endurance Technologies Ltd	Consumer Cyclical	346.02	0.79	0.00	Nov24	7.52
Nippon India Growth Mid Cap Dir Gr	INF204K01E54	Endurance Technologies Ltd	Consumer Cyclical	346.02	0.79	0.00	Dec24	3.56
Nippon India Growth Mid Cap Dir Gr	INF204K01E54	Endurance Technologies Ltd	Consumer Cyclical	346.02	0.79	0.00	Jan25	5.32
Nippon India Growth Mid Cap Dir Gr	INF204K01E54	Endurance Technologies Ltd	Consumer Cyclical	346.02	0.79	0.00	Feb25	5.59
Nippon India Growth Mid Cap Dir Gr	INF204K01E54	Endurance Technologies Ltd	Consumer Cyclical	346.02	0.79	0.00	Mar25	15.51
Nippon India Growth Mid Cap Dir Gr	INF204K01E54	Endurance Technologies Ltd	Consumer Cyclical	346.02	0.79	0.00	Mar25	15.51
Nippon India Growth Mid Cap Dir Gr	INF204K01E54	Endurance Technologies Ltd	Consumer Cyclical	346.02	0.79	0.00	Apr25	12.51
Nippon India Growth Mid Cap Dir Gr	INF204K01E54	Endurance Technologies Ltd	Consumer Cyclical	346.02	0.79	0.00	May25	11.15
Nippon India Growth Mid Cap Dir Gr	INF204K01E54	Endurance Technologies Ltd	Consumer Cyclical	346.02	0.79	0.00	June25	10.18
Nippon India Growth Mid Cap Dir Gr	INF204K01E54	Endurance Technologies Ltd	Consumer Cyclical	346.02	0.79	0.00	July25	9.19
Nippon India Growth Mid Cap Dir Gr	INF204K01E54	Endurance Technologies Ltd	Consumer Cyclical	346.02	0.79	0.00	Aug25	8.13
Nippon India Growth Mid Cap Dir Gr	INF204K01E54	Astral Ltd	Industrials	333.58	0.76	0.00	Oct24	5.55
Nippon India Growth Mid Cap Dir Gr	INF204K01E54	Astral Ltd	Industrials	333.58	0.76	0.00	Nov24	7.52
Nippon India Growth Mid Cap Dir Gr	INF204K01E54	Astral Ltd	Industrials	333.58	0.76	0.00	Dec24	3.56
Nippon India Growth Mid Cap Dir Gr	INF204K01E54	Astral Ltd	Industrials	333.58	0.76	0.00	Jan25	5.32
Nippon India Growth Mid Cap Dir Gr	INF204K01E54	Astral Ltd	Industrials	333.58	0.76	0.00	Feb25	5.59
Nippon India Growth Mid Cap Dir Gr	INF204K01E54	Astral Ltd	Industrials	333.58	0.76	0.00	Mar25	15.51
Nippon India Growth Mid Cap Dir Gr	INF204K01E54	Astral Ltd	Industrials	333.58	0.76	0.00	Mar25	15.51
Nippon India Growth Mid Cap Dir Gr	INF204K01E54	Astral Ltd	Industrials	333.58	0.76	0.00	Apr25	12.51
Nippon India Growth Mid Cap Dir Gr	INF204K01E54	Astral Ltd	Industrials	333.58	0.76	0.00	May25	11.15
Nippon India Growth Mid Cap Dir Gr	INF204K01E54	Astral Ltd	Industrials	333.58	0.76	0.00	June25	10.18
Nippon India Growth Mid Cap Dir Gr	INF204K01E54	Astral Ltd	Industrials	333.58	0.76	0.00	July25	9.19
Nippon India Growth Mid Cap Dir Gr	INF204K01E54	Astral Ltd	Industrials	333.58	0.76	0.00	Aug25	8.13
Nippon India Growth Mid Cap Dir Gr	INF204K01E54	Mankind Pharma Ltd	Healthcare	332.67	0.76	0.00	Oct24	5.55
Nippon India Growth Mid Cap Dir Gr	INF204K01E54	Mankind Pharma Ltd	Healthcare	332.67	0.76	0.00	Nov24	7.52
Nippon India Growth Mid Cap Dir Gr	INF204K01E54	Mankind Pharma Ltd	Healthcare	332.67	0.76	0.00	Dec24	3.56
Nippon India Growth Mid Cap Dir Gr	INF204K01E54	Mankind Pharma Ltd	Healthcare	332.67	0.76	0.00	Jan25	5.32
Nippon India Growth Mid Cap Dir Gr	INF204K01E54	Mankind Pharma Ltd	Healthcare	332.67	0.76	0.00	Feb25	5.59
Nippon India Growth Mid Cap Dir Gr	INF204K01E54	Mankind Pharma Ltd	Healthcare	332.67	0.76	0.00	Mar25	15.51
Nippon India Growth Mid Cap Dir Gr	INF204K01E54	Mankind Pharma Ltd	Healthcare	332.67	0.76	0.00	Mar25	15.51
Nippon India Growth Mid Cap Dir Gr	INF204K01E54	Mankind Pharma Ltd	Healthcare	332.67	0.76	0.00	Apr25	12.51
Nippon India Growth Mid Cap Dir Gr	INF204K01E54	Mankind Pharma Ltd	Healthcare	332.67	0.76	0.00	May25	11.15
Nippon India Growth Mid Cap Dir Gr	INF204K01E54	Mankind Pharma Ltd	Healthcare	332.67	0.76	0.00	June25	10.18
Nippon India Growth Mid Cap Dir Gr	INF204K01E54	Mankind Pharma Ltd	Healthcare	332.67	0.76	0.00	July25	9.19
Nippon India Growth Mid Cap Dir Gr	INF204K01E54	Mankind Pharma Ltd	Healthcare	332.67	0.76	0.00	Aug25	8.13
Nippon India Growth Mid Cap Dir Gr	INF204K01E54	Hyundai Motor India Ltd	Consumer Cyclical	331.07	0.75	0.00	Oct24	5.55
Nippon India Growth Mid Cap Dir Gr	INF204K01E54	Hyundai Motor India Ltd	Consumer Cyclical	331.07	0.75	0.00	Nov24	7.52
Nippon India Growth Mid Cap Dir Gr	INF204K01E54	Hyundai Motor India Ltd	Consumer Cyclical	331.07	0.75	0.00	Dec24	3.56
Nippon India Growth Mid Cap Dir Gr	INF204K01E54	Hyundai Motor India Ltd	Consumer Cyclical	331.07	0.75	0.00	Jan25	5.32
Nippon India Growth Mid Cap Dir Gr	INF204K01E54	Hyundai Motor India Ltd	Consumer Cyclical	331.07	0.75	0.00	Feb25	5.59
Nippon India Growth Mid Cap Dir Gr	INF204K01E54	Hyundai Motor India Ltd	Consumer Cyclical	331.07	0.75	0.00	Mar25	15.51
Nippon India Growth Mid Cap Dir Gr	INF204K01E54	Hyundai Motor India Ltd	Consumer Cyclical	331.07	0.75	0.00	Mar25	15.51
Nippon India Growth Mid Cap Dir Gr	INF204K01E54	Hyundai Motor India Ltd	Consumer Cyclical	331.07	0.75	0.00	Apr25	12.51
Nippon India Growth Mid Cap Dir Gr	INF204K01E54	Hyundai Motor India Ltd	Consumer Cyclical	331.07	0.75	0.00	May25	11.15
Nippon India Growth Mid Cap Dir Gr	INF204K01E54	Hyundai Motor India Ltd	Consumer Cyclical	331.07	0.75	0.00	June25	10.18
Nippon India Growth Mid Cap Dir Gr	INF204K01E54	Hyundai Motor India Ltd	Consumer Cyclical	331.07	0.75	0.00	July25	9.19
Nippon India Growth Mid Cap Dir Gr	INF204K01E54	Hyundai Motor India Ltd	Consumer Cyclical	331.07	0.75	0.00	Aug25	8.13
Nippon India Growth Mid Cap Dir Gr	INF204K01E54	United Breweries Ltd	Consumer Defensive	329.03	0.75	0.00	Oct24	5.55
Nippon India Growth Mid Cap Dir Gr	INF204K01E54	United Breweries Ltd	Consumer Defensive	329.03	0.75	0.00	Nov24	7.52
Nippon India Growth Mid Cap Dir Gr	INF204K01E54	United Breweries Ltd	Consumer Defensive	329.03	0.75	0.00	Dec24	3.56
Nippon India Growth Mid Cap Dir Gr	INF204K01E54	United Breweries Ltd	Consumer Defensive	329.03	0.75	0.00	Jan25	5.32
Nippon India Growth Mid Cap Dir Gr	INF204K01E54	United Breweries Ltd	Consumer Defensive	329.03	0.75	0.00	Feb25	5.59
Nippon India Growth Mid Cap Dir Gr	INF204K01E54	United Breweries Ltd	Consumer Defensive	329.03	0.75	0.00	Mar25	15.51
Nippon India Growth Mid Cap Dir Gr	INF204K01E54	United Breweries Ltd	Consumer Defensive	329.03	0.75	0.00	Mar25	15.51
Nippon India Growth Mid Cap Dir Gr	INF204K01E54	United Breweries Ltd	Consumer Defensive	329.03	0.75	0.00	Apr25	12.51
Nippon India Growth Mid Cap Dir Gr	INF204K01E54	United Breweries Ltd	Consumer Defensive	329.03	0.75	0.00	May25	11.15
Nippon India Growth Mid Cap Dir Gr	INF204K01E54	United Breweries Ltd	Consumer Defensive	329.03	0.75	0.00	June25	10.18
Nippon India Growth Mid Cap Dir Gr	INF204K01E54	United Breweries Ltd	Consumer Defensive	329.03	0.75	0.00	July25	9.19
Nippon India Growth Mid Cap Dir Gr	INF204K01E54	United Breweries Ltd	Consumer Defensive	329.03	0.75	0.00	Aug25	8.13
Nippon India Growth Mid Cap Dir Gr	INF204K01E54	Angel One Ltd Ordinary Shares	Financial Services	322.76	0.73	0.00	Oct24	5.55
Nippon India Growth Mid Cap Dir Gr	INF204K01E54	Angel One Ltd Ordinary Shares	Financial Services	322.76	0.73	0.00	Nov24	7.52
Nippon India Growth Mid Cap Dir Gr	INF204K01E54	Angel One Ltd Ordinary Shares	Financial Services	322.76	0.73	0.00	Dec24	3.56
Nippon India Growth Mid Cap Dir Gr	INF204K01E54	Angel One Ltd Ordinary Shares	Financial Services	322.76	0.73	0.00	Jan25	5.32
Nippon India Growth Mid Cap Dir Gr	INF204K01E54	Angel One Ltd Ordinary Shares	Financial Services	322.76	0.73	0.00	Feb25	5.59
Nippon India Growth Mid Cap Dir Gr	INF204K01E54	Angel One Ltd Ordinary Shares	Financial Services	322.76	0.73	0.00	Mar25	15.51
Nippon India Growth Mid Cap Dir Gr	INF204K01E54	Angel One Ltd Ordinary Shares	Financial Services	322.76	0.73	0.00	Mar25	15.51
Nippon India Growth Mid Cap Dir Gr	INF204K01E54	Angel One Ltd Ordinary Shares	Financial Services	322.76	0.73	0.00	Apr25	12.51
Nippon India Growth Mid Cap Dir Gr	INF204K01E54	Angel One Ltd Ordinary Shares	Financial Services	322.76	0.73	0.00	May25	11.15
Nippon India Growth Mid Cap Dir Gr	INF204K01E54	Angel One Ltd Ordinary Shares	Financial Services	322.76	0.73	0.00	June25	10.18
Nippon India Growth Mid Cap Dir Gr	INF204K01E54	Angel One Ltd Ordinary Shares	Financial Services	322.76	0.73	0.00	July25	9.19
Nippon India Growth Mid Cap Dir Gr	INF204K01E54	Angel One Ltd Ordinary Shares	Financial Services	322.76	0.73	0.00	Aug25	8.13
Nippon India Growth Mid Cap Dir Gr	INF204K01E54	Gujarat Gas Ltd	Utilities	314.08	0.71	0.00	Oct24	5.55
Nippon India Growth Mid Cap Dir Gr	INF204K01E54	Gujarat Gas Ltd	Utilities	314.08	0.71	0.00	Nov24	7.52
Nippon India Growth Mid Cap Dir Gr	INF204K01E54	Gujarat Gas Ltd	Utilities	314.08	0.71	0.00	Dec24	3.56
Nippon India Growth Mid Cap Dir Gr	INF204K01E54	Gujarat Gas Ltd	Utilities	314.08	0.71	0.00	Jan25	5.32
Nippon India Growth Mid Cap Dir Gr	INF204K01E54	Gujarat Gas Ltd	Utilities	314.08	0.71	0.00	Feb25	5.59
Nippon India Growth Mid Cap Dir Gr	INF204K01E54	Gujarat Gas Ltd	Utilities	314.08	0.71	0.00	Mar25	15.51
Nippon India Growth Mid Cap Dir Gr	INF204K01E54	Gujarat Gas Ltd	Utilities	314.08	0.71	0.00	Mar25	15.51
Nippon India Growth Mid Cap Dir Gr	INF204K01E54	Gujarat Gas Ltd	Utilities	314.08	0.71	0.00	Apr25	12.51
Nippon India Growth Mid Cap Dir Gr	INF204K01E54	Gujarat Gas Ltd	Utilities	314.08	0.71	0.00	May25	11.15
Nippon India Growth Mid Cap Dir Gr	INF204K01E54	Gujarat Gas Ltd	Utilities	314.08	0.71	0.00	June25	10.18
Nippon India Growth Mid Cap Dir Gr	INF204K01E54	Gujarat Gas Ltd	Utilities	314.08	0.71	0.00	July25	9.19
Nippon India Growth Mid Cap Dir Gr	INF204K01E54	Gujarat Gas Ltd	Utilities	314.08	0.71	0.00	Aug25	8.13
Nippon India Growth Mid Cap Dir Gr	INF204K01E54	Trent Ltd	Consumer Cyclical	311.96	0.71	0.00	Oct24	5.55
Nippon India Growth Mid Cap Dir Gr	INF204K01E54	Trent Ltd	Consumer Cyclical	311.96	0.71	0.00	Nov24	7.52
Nippon India Growth Mid Cap Dir Gr	INF204K01E54	Trent Ltd	Consumer Cyclical	311.96	0.71	0.00	Dec24	3.56
Nippon India Growth Mid Cap Dir Gr	INF204K01E54	Trent Ltd	Consumer Cyclical	311.96	0.71	0.00	Jan25	5.32
Nippon India Growth Mid Cap Dir Gr	INF204K01E54	Trent Ltd	Consumer Cyclical	311.96	0.71	0.00	Feb25	5.59
Nippon India Growth Mid Cap Dir Gr	INF204K01E54	Trent Ltd	Consumer Cyclical	311.96	0.71	0.00	Mar25	15.51
Nippon India Growth Mid Cap Dir Gr	INF204K01E54	Trent Ltd	Consumer Cyclical	311.96	0.71	0.00	Mar25	15.51
Nippon India Growth Mid Cap Dir Gr	INF204K01E54	Trent Ltd	Consumer Cyclical	311.96	0.71	0.00	Apr25	12.51
Nippon India Growth Mid Cap Dir Gr	INF204K01E54	Trent Ltd	Consumer Cyclical	311.96	0.71	0.00	May25	11.15
Nippon India Growth Mid Cap Dir Gr	INF204K01E54	Trent Ltd	Consumer Cyclical	311.96	0.71	0.00	June25	10.18
Nippon India Growth Mid Cap Dir Gr	INF204K01E54	Trent Ltd	Consumer Cyclical	311.96	0.71	0.00	July25	9.19
Nippon India Growth Mid Cap Dir Gr	INF204K01E54	Trent Ltd	Consumer Cyclical	311.96	0.71	0.00	Aug25	8.13
Nippon India Growth Mid Cap Dir Gr	INF204K01E54	Page Industries Ltd	Consumer Cyclical	308.26	0.70	0.00	Oct24	5.55
Nippon India Growth Mid Cap Dir Gr	INF204K01E54	Page Industries Ltd	Consumer Cyclical	308.26	0.70	0.00	Nov24	7.52
Nippon India Growth Mid Cap Dir Gr	INF204K01E54	Page Industries Ltd	Consumer Cyclical	308.26	0.70	0.00	Dec24	3.56
Nippon India Growth Mid Cap Dir Gr	INF204K01E54	Page Industries Ltd	Consumer Cyclical	308.26	0.70	0.00	Jan25	5.32
Nippon India Growth Mid Cap Dir Gr	INF204K01E54	Page Industries Ltd	Consumer Cyclical	308.26	0.70	0.00	Feb25	5.59
Nippon India Growth Mid Cap Dir Gr	INF204K01E54	Page Industries Ltd	Consumer Cyclical	308.26	0.70	0.00	Mar25	15.51
Nippon India Growth Mid Cap Dir Gr	INF204K01E54	Page Industries Ltd	Consumer Cyclical	308.26	0.70	0.00	Mar25	15.51
Nippon India Growth Mid Cap Dir Gr	INF204K01E54	Page Industries Ltd	Consumer Cyclical	308.26	0.70	0.00	Apr25	12.51
Nippon India Growth Mid Cap Dir Gr	INF204K01E54	Page Industries Ltd	Consumer Cyclical	308.26	0.70	0.00	May25	11.15
Nippon India Growth Mid Cap Dir Gr	INF204K01E54	Page Industries Ltd	Consumer Cyclical	308.26	0.70	0.00	June25	10.18
Nippon India Growth Mid Cap Dir Gr	INF204K01E54	Page Industries Ltd	Consumer Cyclical	308.26	0.70	0.00	July25	9.19
Nippon India Growth Mid Cap Dir Gr	INF204K01E54	Page Industries Ltd	Consumer Cyclical	308.26	0.70	0.00	Aug25	8.13
Nippon India Growth Mid Cap Dir Gr	INF204K01E54	Colgate-Palmolive (India) Ltd	Consumer Defensive	293.08	0.67	0.00	Oct24	5.55
Nippon India Growth Mid Cap Dir Gr	INF204K01E54	Colgate-Palmolive (India) Ltd	Consumer Defensive	293.08	0.67	0.00	Nov24	7.52
Nippon India Growth Mid Cap Dir Gr	INF204K01E54	Colgate-Palmolive (India) Ltd	Consumer Defensive	293.08	0.67	0.00	Dec24	3.56
Nippon India Growth Mid Cap Dir Gr	INF204K01E54	Colgate-Palmolive (India) Ltd	Consumer Defensive	293.08	0.67	0.00	Jan25	5.32
Nippon India Growth Mid Cap Dir Gr	INF204K01E54	Colgate-Palmolive (India) Ltd	Consumer Defensive	293.08	0.67	0.00	Feb25	5.59
Nippon India Growth Mid Cap Dir Gr	INF204K01E54	Colgate-Palmolive (India) Ltd	Consumer Defensive	293.08	0.67	0.00	Mar25	15.51
Nippon India Growth Mid Cap Dir Gr	INF204K01E54	Colgate-Palmolive (India) Ltd	Consumer Defensive	293.08	0.67	0.00	Mar25	15.51
Nippon India Growth Mid Cap Dir Gr	INF204K01E54	Colgate-Palmolive (India) Ltd	Consumer Defensive	293.08	0.67	0.00	Apr25	12.51
Nippon India Growth Mid Cap Dir Gr	INF204K01E54	Colgate-Palmolive (India) Ltd	Consumer Defensive	293.08	0.67	0.00	May25	11.15
Nippon India Growth Mid Cap Dir Gr	INF204K01E54	Colgate-Palmolive (India) Ltd	Consumer Defensive	293.08	0.67	0.00	June25	10.18
Nippon India Growth Mid Cap Dir Gr	INF204K01E54	Colgate-Palmolive (India) Ltd	Consumer Defensive	293.08	0.67	0.00	July25	9.19
Nippon India Growth Mid Cap Dir Gr	INF204K01E54	Colgate-Palmolive (India) Ltd	Consumer Defensive	293.08	0.67	0.00	Aug25	8.13
Nippon India Growth Mid Cap Dir Gr	INF204K01E54	InterGlobe Aviation Ltd	Industrials	289.63	0.66	0.00	Oct24	5.55
Nippon India Growth Mid Cap Dir Gr	INF204K01E54	InterGlobe Aviation Ltd	Industrials	289.63	0.66	0.00	Nov24	7.52
Nippon India Growth Mid Cap Dir Gr	INF204K01E54	InterGlobe Aviation Ltd	Industrials	289.63	0.66	0.00	Dec24	3.56
Nippon India Growth Mid Cap Dir Gr	INF204K01E54	InterGlobe Aviation Ltd	Industrials	289.63	0.66	0.00	Jan25	5.32
Nippon India Growth Mid Cap Dir Gr	INF204K01E54	InterGlobe Aviation Ltd	Industrials	289.63	0.66	0.00	Feb25	5.59
Nippon India Growth Mid Cap Dir Gr	INF204K01E54	InterGlobe Aviation Ltd	Industrials	289.63	0.66	0.00	Mar25	15.51
Nippon India Growth Mid Cap Dir Gr	INF204K01E54	InterGlobe Aviation Ltd	Industrials	289.63	0.66	0.00	Mar25	15.51
Nippon India Growth Mid Cap Dir Gr	INF204K01E54	InterGlobe Aviation Ltd	Industrials	289.63	0.66	0.00	Apr25	12.51
Nippon India Growth Mid Cap Dir Gr	INF204K01E54	InterGlobe Aviation Ltd	Industrials	289.63	0.66	0.00	May25	11.15
Nippon India Growth Mid Cap Dir Gr	INF204K01E54	InterGlobe Aviation Ltd	Industrials	289.63	0.66	0.00	June25	10.18
Nippon India Growth Mid Cap Dir Gr	INF204K01E54	InterGlobe Aviation Ltd	Industrials	289.63	0.66	0.00	July25	9.19
Nippon India Growth Mid Cap Dir Gr	INF204K01E54	InterGlobe Aviation Ltd	Industrials	289.63	0.66	0.00	Aug25	8.13
Nippon India Growth Mid Cap Dir Gr	INF204K01E54	Radico Khaitan Ltd	Consumer Defensive	288.58	0.66	77.36	Oct24	5.55
Nippon India Growth Mid Cap Dir Gr	INF204K01E54	Radico Khaitan Ltd	Consumer Defensive	288.58	0.66	77.36	Nov24	7.52
Nippon India Growth Mid Cap Dir Gr	INF204K01E54	Radico Khaitan Ltd	Consumer Defensive	288.58	0.66	77.36	Dec24	3.56
Nippon India Growth Mid Cap Dir Gr	INF204K01E54	Radico Khaitan Ltd	Consumer Defensive	288.58	0.66	77.36	Jan25	5.32
Nippon India Growth Mid Cap Dir Gr	INF204K01E54	Radico Khaitan Ltd	Consumer Defensive	288.58	0.66	77.36	Feb25	5.59
Nippon India Growth Mid Cap Dir Gr	INF204K01E54	Radico Khaitan Ltd	Consumer Defensive	288.58	0.66	77.36	Mar25	15.51
Nippon India Growth Mid Cap Dir Gr	INF204K01E54	Radico Khaitan Ltd	Consumer Defensive	288.58	0.66	77.36	Mar25	15.51
Nippon India Growth Mid Cap Dir Gr	INF204K01E54	Radico Khaitan Ltd	Consumer Defensive	288.58	0.66	77.36	Apr25	12.51
Nippon India Growth Mid Cap Dir Gr	INF204K01E54	Radico Khaitan Ltd	Consumer Defensive	288.58	0.66	77.36	May25	11.15
Nippon India Growth Mid Cap Dir Gr	INF204K01E54	Radico Khaitan Ltd	Consumer Defensive	288.58	0.66	77.36	June25	10.18
Nippon India Growth Mid Cap Dir Gr	INF204K01E54	Radico Khaitan Ltd	Consumer Defensive	288.58	0.66	77.36	July25	9.19
Nippon India Growth Mid Cap Dir Gr	INF204K01E54	Radico Khaitan Ltd	Consumer Defensive	288.58	0.66	77.36	Aug25	8.13
Nippon India Growth Mid Cap Dir Gr	INF204K01E54	Coromandel International Ltd	Basic Materials	268.80	0.61	0.00	Oct24	5.55
Nippon India Growth Mid Cap Dir Gr	INF204K01E54	Coromandel International Ltd	Basic Materials	268.80	0.61	0.00	Nov24	7.52
Nippon India Growth Mid Cap Dir Gr	INF204K01E54	Coromandel International Ltd	Basic Materials	268.80	0.61	0.00	Dec24	3.56
Nippon India Growth Mid Cap Dir Gr	INF204K01E54	Coromandel International Ltd	Basic Materials	268.80	0.61	0.00	Jan25	5.32
Nippon India Growth Mid Cap Dir Gr	INF204K01E54	Coromandel International Ltd	Basic Materials	268.80	0.61	0.00	Feb25	5.59
Nippon India Growth Mid Cap Dir Gr	INF204K01E54	Coromandel International Ltd	Basic Materials	268.80	0.61	0.00	Mar25	15.51
Nippon India Growth Mid Cap Dir Gr	INF204K01E54	Coromandel International Ltd	Basic Materials	268.80	0.61	0.00	Mar25	15.51
Nippon India Growth Mid Cap Dir Gr	INF204K01E54	Coromandel International Ltd	Basic Materials	268.80	0.61	0.00	Apr25	12.51
Nippon India Growth Mid Cap Dir Gr	INF204K01E54	Coromandel International Ltd	Basic Materials	268.80	0.61	0.00	May25	11.15
Nippon India Growth Mid Cap Dir Gr	INF204K01E54	Coromandel International Ltd	Basic Materials	268.80	0.61	0.00	June25	10.18
Nippon India Growth Mid Cap Dir Gr	INF204K01E54	Coromandel International Ltd	Basic Materials	268.80	0.61	0.00	July25	9.19
Nippon India Growth Mid Cap Dir Gr	INF204K01E54	Coromandel International Ltd	Basic Materials	268.80	0.61	0.00	Aug25	8.13
Nippon India Growth Mid Cap Dir Gr	INF204K01E54	Balkrishna Industries Ltd	Consumer Cyclical	262.23	0.60	0.00	Oct24	5.55
Nippon India Growth Mid Cap Dir Gr	INF204K01E54	Balkrishna Industries Ltd	Consumer Cyclical	262.23	0.60	0.00	Nov24	7.52
Nippon India Growth Mid Cap Dir Gr	INF204K01E54	Balkrishna Industries Ltd	Consumer Cyclical	262.23	0.60	0.00	Dec24	3.56
Nippon India Growth Mid Cap Dir Gr	INF204K01E54	Balkrishna Industries Ltd	Consumer Cyclical	262.23	0.60	0.00	Jan25	5.32
Nippon India Growth Mid Cap Dir Gr	INF204K01E54	Balkrishna Industries Ltd	Consumer Cyclical	262.23	0.60	0.00	Feb25	5.59
Nippon India Growth Mid Cap Dir Gr	INF204K01E54	Balkrishna Industries Ltd	Consumer Cyclical	262.23	0.60	0.00	Mar25	15.51
Nippon India Growth Mid Cap Dir Gr	INF204K01E54	Balkrishna Industries Ltd	Consumer Cyclical	262.23	0.60	0.00	Mar25	15.51
Nippon India Growth Mid Cap Dir Gr	INF204K01E54	Balkrishna Industries Ltd	Consumer Cyclical	262.23	0.60	0.00	Apr25	12.51
Nippon India Growth Mid Cap Dir Gr	INF204K01E54	Balkrishna Industries Ltd	Consumer Cyclical	262.23	0.60	0.00	May25	11.15
Nippon India Growth Mid Cap Dir Gr	INF204K01E54	Balkrishna Industries Ltd	Consumer Cyclical	262.23	0.60	0.00	June25	10.18
Nippon India Growth Mid Cap Dir Gr	INF204K01E54	Balkrishna Industries Ltd	Consumer Cyclical	262.23	0.60	0.00	July25	9.19
Nippon India Growth Mid Cap Dir Gr	INF204K01E54	Balkrishna Industries Ltd	Consumer Cyclical	262.23	0.60	0.00	Aug25	8.13
Nippon India Growth Mid Cap Dir Gr	INF204K01E54	Container Corporation of India Ltd	Industrials	259.49	0.59	0.00	Oct24	5.55
Nippon India Growth Mid Cap Dir Gr	INF204K01E54	Container Corporation of India Ltd	Industrials	259.49	0.59	0.00	Nov24	7.52
Nippon India Growth Mid Cap Dir Gr	INF204K01E54	Container Corporation of India Ltd	Industrials	259.49	0.59	0.00	Dec24	3.56
Nippon India Growth Mid Cap Dir Gr	INF204K01E54	Container Corporation of India Ltd	Industrials	259.49	0.59	0.00	Jan25	5.32
Nippon India Growth Mid Cap Dir Gr	INF204K01E54	Container Corporation of India Ltd	Industrials	259.49	0.59	0.00	Feb25	5.59
Nippon India Growth Mid Cap Dir Gr	INF204K01E54	Container Corporation of India Ltd	Industrials	259.49	0.59	0.00	Mar25	15.51
Nippon India Growth Mid Cap Dir Gr	INF204K01E54	Container Corporation of India Ltd	Industrials	259.49	0.59	0.00	Mar25	15.51
Nippon India Growth Mid Cap Dir Gr	INF204K01E54	Container Corporation of India Ltd	Industrials	259.49	0.59	0.00	Apr25	12.51
Nippon India Growth Mid Cap Dir Gr	INF204K01E54	Container Corporation of India Ltd	Industrials	259.49	0.59	0.00	May25	11.15
Nippon India Growth Mid Cap Dir Gr	INF204K01E54	Container Corporation of India Ltd	Industrials	259.49	0.59	0.00	June25	10.18
Nippon India Growth Mid Cap Dir Gr	INF204K01E54	Container Corporation of India Ltd	Industrials	259.49	0.59	0.00	July25	9.19
Nippon India Growth Mid Cap Dir Gr	INF204K01E54	Container Corporation of India Ltd	Industrials	259.49	0.59	0.00	Aug25	8.13
Nippon India Growth Mid Cap Dir Gr	INF204K01E54	Bank of India	Financial Services	255.27	0.58	0.00	Oct24	5.55
Nippon India Growth Mid Cap Dir Gr	INF204K01E54	Bank of India	Financial Services	255.27	0.58	0.00	Nov24	7.52
Nippon India Growth Mid Cap Dir Gr	INF204K01E54	Bank of India	Financial Services	255.27	0.58	0.00	Dec24	3.56
Nippon India Growth Mid Cap Dir Gr	INF204K01E54	Bank of India	Financial Services	255.27	0.58	0.00	Jan25	5.32
Nippon India Growth Mid Cap Dir Gr	INF204K01E54	Bank of India	Financial Services	255.27	0.58	0.00	Feb25	5.59
Nippon India Growth Mid Cap Dir Gr	INF204K01E54	Bank of India	Financial Services	255.27	0.58	0.00	Mar25	15.51
Nippon India Growth Mid Cap Dir Gr	INF204K01E54	Bank of India	Financial Services	255.27	0.58	0.00	Mar25	15.51
Nippon India Growth Mid Cap Dir Gr	INF204K01E54	Bank of India	Financial Services	255.27	0.58	0.00	Apr25	12.51
Nippon India Growth Mid Cap Dir Gr	INF204K01E54	Bank of India	Financial Services	255.27	0.58	0.00	May25	11.15
Nippon India Growth Mid Cap Dir Gr	INF204K01E54	Bank of India	Financial Services	255.27	0.58	0.00	June25	10.18
Nippon India Growth Mid Cap Dir Gr	INF204K01E54	Bank of India	Financial Services	255.27	0.58	0.00	July25	9.19
Nippon India Growth Mid Cap Dir Gr	INF204K01E54	Bank of India	Financial Services	255.27	0.58	0.00	Aug25	8.13
Nippon India Growth Mid Cap Dir Gr	INF204K01E54	Carborundum Universal Ltd	Industrials	255.21	0.58	2.00	Oct24	5.55
Nippon India Growth Mid Cap Dir Gr	INF204K01E54	Carborundum Universal Ltd	Industrials	255.21	0.58	2.00	Nov24	7.52
Nippon India Growth Mid Cap Dir Gr	INF204K01E54	Carborundum Universal Ltd	Industrials	255.21	0.58	2.00	Dec24	3.56
Nippon India Growth Mid Cap Dir Gr	INF204K01E54	Carborundum Universal Ltd	Industrials	255.21	0.58	2.00	Jan25	5.32
Nippon India Growth Mid Cap Dir Gr	INF204K01E54	Carborundum Universal Ltd	Industrials	255.21	0.58	2.00	Feb25	5.59
Nippon India Growth Mid Cap Dir Gr	INF204K01E54	Carborundum Universal Ltd	Industrials	255.21	0.58	2.00	Mar25	15.51
Nippon India Growth Mid Cap Dir Gr	INF204K01E54	Carborundum Universal Ltd	Industrials	255.21	0.58	2.00	Mar25	15.51
Nippon India Growth Mid Cap Dir Gr	INF204K01E54	Carborundum Universal Ltd	Industrials	255.21	0.58	2.00	Apr25	12.51
Nippon India Growth Mid Cap Dir Gr	INF204K01E54	Carborundum Universal Ltd	Industrials	255.21	0.58	2.00	May25	11.15
Nippon India Growth Mid Cap Dir Gr	INF204K01E54	Carborundum Universal Ltd	Industrials	255.21	0.58	2.00	June25	10.18
Nippon India Growth Mid Cap Dir Gr	INF204K01E54	Carborundum Universal Ltd	Industrials	255.21	0.58	2.00	July25	9.19
Nippon India Growth Mid Cap Dir Gr	INF204K01E54	Carborundum Universal Ltd	Industrials	255.21	0.58	2.00	Aug25	8.13
Nippon India Growth Mid Cap Dir Gr	INF204K01E54	Mphasis Ltd	Technology	252.62	0.57	0.00	Oct24	5.55
Nippon India Growth Mid Cap Dir Gr	INF204K01E54	Mphasis Ltd	Technology	252.62	0.57	0.00	Nov24	7.52
Nippon India Growth Mid Cap Dir Gr	INF204K01E54	Mphasis Ltd	Technology	252.62	0.57	0.00	Dec24	3.56
Nippon India Growth Mid Cap Dir Gr	INF204K01E54	Mphasis Ltd	Technology	252.62	0.57	0.00	Jan25	5.32
Nippon India Growth Mid Cap Dir Gr	INF204K01E54	Mphasis Ltd	Technology	252.62	0.57	0.00	Feb25	5.59
Nippon India Growth Mid Cap Dir Gr	INF204K01E54	Mphasis Ltd	Technology	252.62	0.57	0.00	Mar25	15.51
Nippon India Growth Mid Cap Dir Gr	INF204K01E54	Mphasis Ltd	Technology	252.62	0.57	0.00	Mar25	15.51
Nippon India Growth Mid Cap Dir Gr	INF204K01E54	Mphasis Ltd	Technology	252.62	0.57	0.00	Apr25	12.51
Nippon India Growth Mid Cap Dir Gr	INF204K01E54	Mphasis Ltd	Technology	252.62	0.57	0.00	May25	11.15
Nippon India Growth Mid Cap Dir Gr	INF204K01E54	Mphasis Ltd	Technology	252.62	0.57	0.00	June25	10.18
Nippon India Growth Mid Cap Dir Gr	INF204K01E54	Mphasis Ltd	Technology	252.62	0.57	0.00	July25	9.19
Nippon India Growth Mid Cap Dir Gr	INF204K01E54	Mphasis Ltd	Technology	252.62	0.57	0.00	Aug25	8.13
Nippon India Growth Mid Cap Dir Gr	INF204K01E54	ITC Hotels Ltd	Consumer Cyclical	246.48	0.56	0.00	Oct24	5.55
Nippon India Growth Mid Cap Dir Gr	INF204K01E54	ITC Hotels Ltd	Consumer Cyclical	246.48	0.56	0.00	Nov24	7.52
Nippon India Growth Mid Cap Dir Gr	INF204K01E54	ITC Hotels Ltd	Consumer Cyclical	246.48	0.56	0.00	Dec24	3.56
Nippon India Growth Mid Cap Dir Gr	INF204K01E54	ITC Hotels Ltd	Consumer Cyclical	246.48	0.56	0.00	Jan25	5.32
Nippon India Growth Mid Cap Dir Gr	INF204K01E54	ITC Hotels Ltd	Consumer Cyclical	246.48	0.56	0.00	Feb25	5.59
Nippon India Growth Mid Cap Dir Gr	INF204K01E54	ITC Hotels Ltd	Consumer Cyclical	246.48	0.56	0.00	Mar25	15.51
Nippon India Growth Mid Cap Dir Gr	INF204K01E54	ITC Hotels Ltd	Consumer Cyclical	246.48	0.56	0.00	Mar25	15.51
Nippon India Growth Mid Cap Dir Gr	INF204K01E54	ITC Hotels Ltd	Consumer Cyclical	246.48	0.56	0.00	Apr25	12.51
Nippon India Growth Mid Cap Dir Gr	INF204K01E54	ITC Hotels Ltd	Consumer Cyclical	246.48	0.56	0.00	May25	11.15
Nippon India Growth Mid Cap Dir Gr	INF204K01E54	ITC Hotels Ltd	Consumer Cyclical	246.48	0.56	0.00	June25	10.18
Nippon India Growth Mid Cap Dir Gr	INF204K01E54	ITC Hotels Ltd	Consumer Cyclical	246.48	0.56	0.00	July25	9.19
Nippon India Growth Mid Cap Dir Gr	INF204K01E54	ITC Hotels Ltd	Consumer Cyclical	246.48	0.56	0.00	Aug25	8.13
Nippon India Growth Mid Cap Dir Gr	INF204K01E54	Devyani International Ltd	Consumer Cyclical	225.57	0.51	0.00	Oct24	5.55
Nippon India Growth Mid Cap Dir Gr	INF204K01E54	Devyani International Ltd	Consumer Cyclical	225.57	0.51	0.00	Nov24	7.52
Nippon India Growth Mid Cap Dir Gr	INF204K01E54	Devyani International Ltd	Consumer Cyclical	225.57	0.51	0.00	Dec24	3.56
Nippon India Growth Mid Cap Dir Gr	INF204K01E54	Devyani International Ltd	Consumer Cyclical	225.57	0.51	0.00	Jan25	5.32
Nippon India Growth Mid Cap Dir Gr	INF204K01E54	Devyani International Ltd	Consumer Cyclical	225.57	0.51	0.00	Feb25	5.59
Nippon India Growth Mid Cap Dir Gr	INF204K01E54	Devyani International Ltd	Consumer Cyclical	225.57	0.51	0.00	Mar25	15.51
Nippon India Growth Mid Cap Dir Gr	INF204K01E54	Devyani International Ltd	Consumer Cyclical	225.57	0.51	0.00	Mar25	15.51
Nippon India Growth Mid Cap Dir Gr	INF204K01E54	Devyani International Ltd	Consumer Cyclical	225.57	0.51	0.00	Apr25	12.51
Nippon India Growth Mid Cap Dir Gr	INF204K01E54	Devyani International Ltd	Consumer Cyclical	225.57	0.51	0.00	May25	11.15
Nippon India Growth Mid Cap Dir Gr	INF204K01E54	Devyani International Ltd	Consumer Cyclical	225.57	0.51	0.00	June25	10.18
Nippon India Growth Mid Cap Dir Gr	INF204K01E54	Devyani International Ltd	Consumer Cyclical	225.57	0.51	0.00	July25	9.19
Nippon India Growth Mid Cap Dir Gr	INF204K01E54	Devyani International Ltd	Consumer Cyclical	225.57	0.51	0.00	Aug25	8.13
Nippon India Growth Mid Cap Dir Gr	INF204K01E54	3M India Ltd	Industrials	225.03	0.51	0.00	Oct24	5.55
Nippon India Growth Mid Cap Dir Gr	INF204K01E54	3M India Ltd	Industrials	225.03	0.51	0.00	Nov24	7.52
Nippon India Growth Mid Cap Dir Gr	INF204K01E54	3M India Ltd	Industrials	225.03	0.51	0.00	Dec24	3.56
Nippon India Growth Mid Cap Dir Gr	INF204K01E54	3M India Ltd	Industrials	225.03	0.51	0.00	Jan25	5.32
Nippon India Growth Mid Cap Dir Gr	INF204K01E54	3M India Ltd	Industrials	225.03	0.51	0.00	Feb25	5.59
Nippon India Growth Mid Cap Dir Gr	INF204K01E54	3M India Ltd	Industrials	225.03	0.51	0.00	Mar25	15.51
Nippon India Growth Mid Cap Dir Gr	INF204K01E54	3M India Ltd	Industrials	225.03	0.51	0.00	Mar25	15.51
Nippon India Growth Mid Cap Dir Gr	INF204K01E54	3M India Ltd	Industrials	225.03	0.51	0.00	Apr25	12.51
Nippon India Growth Mid Cap Dir Gr	INF204K01E54	3M India Ltd	Industrials	225.03	0.51	0.00	May25	11.15
Nippon India Growth Mid Cap Dir Gr	INF204K01E54	3M India Ltd	Industrials	225.03	0.51	0.00	June25	10.18
Nippon India Growth Mid Cap Dir Gr	INF204K01E54	3M India Ltd	Industrials	225.03	0.51	0.00	July25	9.19
Nippon India Growth Mid Cap Dir Gr	INF204K01E54	3M India Ltd	Industrials	225.03	0.51	0.00	Aug25	8.13
Nippon India Growth Mid Cap Dir Gr	INF204K01E54	Timken India Ltd	Industrials	224.44	0.51	0.00	Oct24	5.55
Nippon India Growth Mid Cap Dir Gr	INF204K01E54	Timken India Ltd	Industrials	224.44	0.51	0.00	Nov24	7.52
Nippon India Growth Mid Cap Dir Gr	INF204K01E54	Timken India Ltd	Industrials	224.44	0.51	0.00	Dec24	3.56
Nippon India Growth Mid Cap Dir Gr	INF204K01E54	Timken India Ltd	Industrials	224.44	0.51	0.00	Jan25	5.32
Nippon India Growth Mid Cap Dir Gr	INF204K01E54	Timken India Ltd	Industrials	224.44	0.51	0.00	Feb25	5.59
Nippon India Growth Mid Cap Dir Gr	INF204K01E54	Timken India Ltd	Industrials	224.44	0.51	0.00	Mar25	15.51
Nippon India Growth Mid Cap Dir Gr	INF204K01E54	Timken India Ltd	Industrials	224.44	0.51	0.00	Mar25	15.51
Nippon India Growth Mid Cap Dir Gr	INF204K01E54	Timken India Ltd	Industrials	224.44	0.51	0.00	Apr25	12.51
Nippon India Growth Mid Cap Dir Gr	INF204K01E54	Timken India Ltd	Industrials	224.44	0.51	0.00	May25	11.15
Nippon India Growth Mid Cap Dir Gr	INF204K01E54	Timken India Ltd	Industrials	224.44	0.51	0.00	June25	10.18
Nippon India Growth Mid Cap Dir Gr	INF204K01E54	Timken India Ltd	Industrials	224.44	0.51	0.00	July25	9.19
Nippon India Growth Mid Cap Dir Gr	INF204K01E54	Timken India Ltd	Industrials	224.44	0.51	0.00	Aug25	8.13
Nippon India Growth Mid Cap Dir Gr	INF204K01E54	MTAR Technologies Ltd	Industrials	216.03	0.49	0.00	Oct24	5.55
Nippon India Growth Mid Cap Dir Gr	INF204K01E54	MTAR Technologies Ltd	Industrials	216.03	0.49	0.00	Nov24	7.52
Nippon India Growth Mid Cap Dir Gr	INF204K01E54	MTAR Technologies Ltd	Industrials	216.03	0.49	0.00	Dec24	3.56
Nippon India Growth Mid Cap Dir Gr	INF204K01E54	MTAR Technologies Ltd	Industrials	216.03	0.49	0.00	Jan25	5.32
Nippon India Growth Mid Cap Dir Gr	INF204K01E54	MTAR Technologies Ltd	Industrials	216.03	0.49	0.00	Feb25	5.59
Nippon India Growth Mid Cap Dir Gr	INF204K01E54	MTAR Technologies Ltd	Industrials	216.03	0.49	0.00	Mar25	15.51
Nippon India Growth Mid Cap Dir Gr	INF204K01E54	MTAR Technologies Ltd	Industrials	216.03	0.49	0.00	Mar25	15.51
Nippon India Growth Mid Cap Dir Gr	INF204K01E54	MTAR Technologies Ltd	Industrials	216.03	0.49	0.00	Apr25	12.51
Nippon India Growth Mid Cap Dir Gr	INF204K01E54	MTAR Technologies Ltd	Industrials	216.03	0.49	0.00	May25	11.15
Nippon India Growth Mid Cap Dir Gr	INF204K01E54	MTAR Technologies Ltd	Industrials	216.03	0.49	0.00	June25	10.18
Nippon India Growth Mid Cap Dir Gr	INF204K01E54	MTAR Technologies Ltd	Industrials	216.03	0.49	0.00	July25	9.19
Nippon India Growth Mid Cap Dir Gr	INF204K01E54	MTAR Technologies Ltd	Industrials	216.03	0.49	0.00	Aug25	8.13
Nippon India Growth Mid Cap Dir Gr	INF204K01E54	Hindustan Aeronautics Ltd Ordinary Shares	Industrials	215.23	0.49	0.00	Oct24	5.55
Nippon India Growth Mid Cap Dir Gr	INF204K01E54	Hindustan Aeronautics Ltd Ordinary Shares	Industrials	215.23	0.49	0.00	Nov24	7.52
Nippon India Growth Mid Cap Dir Gr	INF204K01E54	Hindustan Aeronautics Ltd Ordinary Shares	Industrials	215.23	0.49	0.00	Dec24	3.56
Nippon India Growth Mid Cap Dir Gr	INF204K01E54	Hindustan Aeronautics Ltd Ordinary Shares	Industrials	215.23	0.49	0.00	Jan25	5.32
Nippon India Growth Mid Cap Dir Gr	INF204K01E54	Hindustan Aeronautics Ltd Ordinary Shares	Industrials	215.23	0.49	0.00	Feb25	5.59
Nippon India Growth Mid Cap Dir Gr	INF204K01E54	Hindustan Aeronautics Ltd Ordinary Shares	Industrials	215.23	0.49	0.00	Mar25	15.51
Nippon India Growth Mid Cap Dir Gr	INF204K01E54	Hindustan Aeronautics Ltd Ordinary Shares	Industrials	215.23	0.49	0.00	Mar25	15.51
Nippon India Growth Mid Cap Dir Gr	INF204K01E54	Hindustan Aeronautics Ltd Ordinary Shares	Industrials	215.23	0.49	0.00	Apr25	12.51
Nippon India Growth Mid Cap Dir Gr	INF204K01E54	Hindustan Aeronautics Ltd Ordinary Shares	Industrials	215.23	0.49	0.00	May25	11.15
Nippon India Growth Mid Cap Dir Gr	INF204K01E54	Hindustan Aeronautics Ltd Ordinary Shares	Industrials	215.23	0.49	0.00	June25	10.18
Nippon India Growth Mid Cap Dir Gr	INF204K01E54	Hindustan Aeronautics Ltd Ordinary Shares	Industrials	215.23	0.49	0.00	July25	9.19
Nippon India Growth Mid Cap Dir Gr	INF204K01E54	Hindustan Aeronautics Ltd Ordinary Shares	Industrials	215.23	0.49	0.00	Aug25	8.13
Nippon India Growth Mid Cap Dir Gr	INF204K01E54	Swiggy Ltd	Consumer Cyclical	211.23	0.48	0.00	Oct24	5.55
Nippon India Growth Mid Cap Dir Gr	INF204K01E54	Swiggy Ltd	Consumer Cyclical	211.23	0.48	0.00	Nov24	7.52
Nippon India Growth Mid Cap Dir Gr	INF204K01E54	Swiggy Ltd	Consumer Cyclical	211.23	0.48	0.00	Dec24	3.56
Nippon India Growth Mid Cap Dir Gr	INF204K01E54	Swiggy Ltd	Consumer Cyclical	211.23	0.48	0.00	Jan25	5.32
Nippon India Growth Mid Cap Dir Gr	INF204K01E54	Swiggy Ltd	Consumer Cyclical	211.23	0.48	0.00	Feb25	5.59
Nippon India Growth Mid Cap Dir Gr	INF204K01E54	Swiggy Ltd	Consumer Cyclical	211.23	0.48	0.00	Mar25	15.51
Nippon India Growth Mid Cap Dir Gr	INF204K01E54	Swiggy Ltd	Consumer Cyclical	211.23	0.48	0.00	Mar25	15.51
Nippon India Growth Mid Cap Dir Gr	INF204K01E54	Swiggy Ltd	Consumer Cyclical	211.23	0.48	0.00	Apr25	12.51
Nippon India Growth Mid Cap Dir Gr	INF204K01E54	Swiggy Ltd	Consumer Cyclical	211.23	0.48	0.00	May25	11.15
Nippon India Growth Mid Cap Dir Gr	INF204K01E54	Swiggy Ltd	Consumer Cyclical	211.23	0.48	0.00	June25	10.18
Nippon India Growth Mid Cap Dir Gr	INF204K01E54	Swiggy Ltd	Consumer Cyclical	211.23	0.48	0.00	July25	9.19
Nippon India Growth Mid Cap Dir Gr	INF204K01E54	Swiggy Ltd	Consumer Cyclical	211.23	0.48	0.00	Aug25	8.13
Nippon India Growth Mid Cap Dir Gr	INF204K01E54	Gujarat Fluorochemicals Ltd Ordinary Shares	Basic Materials	210.74	0.48	0.00	Oct24	5.55
Nippon India Growth Mid Cap Dir Gr	INF204K01E54	Gujarat Fluorochemicals Ltd Ordinary Shares	Basic Materials	210.74	0.48	0.00	Nov24	7.52
Nippon India Growth Mid Cap Dir Gr	INF204K01E54	Gujarat Fluorochemicals Ltd Ordinary Shares	Basic Materials	210.74	0.48	0.00	Dec24	3.56
Nippon India Growth Mid Cap Dir Gr	INF204K01E54	Gujarat Fluorochemicals Ltd Ordinary Shares	Basic Materials	210.74	0.48	0.00	Jan25	5.32
Nippon India Growth Mid Cap Dir Gr	INF204K01E54	Gujarat Fluorochemicals Ltd Ordinary Shares	Basic Materials	210.74	0.48	0.00	Feb25	5.59
Nippon India Growth Mid Cap Dir Gr	INF204K01E54	Gujarat Fluorochemicals Ltd Ordinary Shares	Basic Materials	210.74	0.48	0.00	Mar25	15.51
Nippon India Growth Mid Cap Dir Gr	INF204K01E54	Gujarat Fluorochemicals Ltd Ordinary Shares	Basic Materials	210.74	0.48	0.00	Mar25	15.51
Nippon India Growth Mid Cap Dir Gr	INF204K01E54	Gujarat Fluorochemicals Ltd Ordinary Shares	Basic Materials	210.74	0.48	0.00	Apr25	12.51
Nippon India Growth Mid Cap Dir Gr	INF204K01E54	Gujarat Fluorochemicals Ltd Ordinary Shares	Basic Materials	210.74	0.48	0.00	May25	11.15
Nippon India Growth Mid Cap Dir Gr	INF204K01E54	Gujarat Fluorochemicals Ltd Ordinary Shares	Basic Materials	210.74	0.48	0.00	June25	10.18
Nippon India Growth Mid Cap Dir Gr	INF204K01E54	Gujarat Fluorochemicals Ltd Ordinary Shares	Basic Materials	210.74	0.48	0.00	July25	9.19
Nippon India Growth Mid Cap Dir Gr	INF204K01E54	Gujarat Fluorochemicals Ltd Ordinary Shares	Basic Materials	210.74	0.48	0.00	Aug25	8.13
Nippon India Growth Mid Cap Dir Gr	INF204K01E54	LG Electronics India Ltd	Technology	207.76	0.47	0.00	Oct24	5.55
Nippon India Growth Mid Cap Dir Gr	INF204K01E54	LG Electronics India Ltd	Technology	207.76	0.47	0.00	Nov24	7.52
Nippon India Growth Mid Cap Dir Gr	INF204K01E54	LG Electronics India Ltd	Technology	207.76	0.47	0.00	Dec24	3.56
Nippon India Growth Mid Cap Dir Gr	INF204K01E54	LG Electronics India Ltd	Technology	207.76	0.47	0.00	Jan25	5.32
Nippon India Growth Mid Cap Dir Gr	INF204K01E54	LG Electronics India Ltd	Technology	207.76	0.47	0.00	Feb25	5.59
Nippon India Growth Mid Cap Dir Gr	INF204K01E54	LG Electronics India Ltd	Technology	207.76	0.47	0.00	Mar25	15.51
Nippon India Growth Mid Cap Dir Gr	INF204K01E54	LG Electronics India Ltd	Technology	207.76	0.47	0.00	Mar25	15.51
Nippon India Growth Mid Cap Dir Gr	INF204K01E54	LG Electronics India Ltd	Technology	207.76	0.47	0.00	Apr25	12.51
Nippon India Growth Mid Cap Dir Gr	INF204K01E54	LG Electronics India Ltd	Technology	207.76	0.47	0.00	May25	11.15
Nippon India Growth Mid Cap Dir Gr	INF204K01E54	LG Electronics India Ltd	Technology	207.76	0.47	0.00	June25	10.18
Nippon India Growth Mid Cap Dir Gr	INF204K01E54	LG Electronics India Ltd	Technology	207.76	0.47	0.00	July25	9.19
Nippon India Growth Mid Cap Dir Gr	INF204K01E54	LG Electronics India Ltd	Technology	207.76	0.47	0.00	Aug25	8.13
Nippon India Growth Mid Cap Dir Gr	INF204K01E54	NMDC Ltd	Basic Materials	184.13	0.42	0.00	Oct24	5.55
Nippon India Growth Mid Cap Dir Gr	INF204K01E54	NMDC Ltd	Basic Materials	184.13	0.42	0.00	Nov24	7.52
Nippon India Growth Mid Cap Dir Gr	INF204K01E54	NMDC Ltd	Basic Materials	184.13	0.42	0.00	Dec24	3.56
Nippon India Growth Mid Cap Dir Gr	INF204K01E54	NMDC Ltd	Basic Materials	184.13	0.42	0.00	Jan25	5.32
Nippon India Growth Mid Cap Dir Gr	INF204K01E54	NMDC Ltd	Basic Materials	184.13	0.42	0.00	Feb25	5.59
Nippon India Growth Mid Cap Dir Gr	INF204K01E54	NMDC Ltd	Basic Materials	184.13	0.42	0.00	Mar25	15.51
Nippon India Growth Mid Cap Dir Gr	INF204K01E54	NMDC Ltd	Basic Materials	184.13	0.42	0.00	Mar25	15.51
Nippon India Growth Mid Cap Dir Gr	INF204K01E54	NMDC Ltd	Basic Materials	184.13	0.42	0.00	Apr25	12.51
Nippon India Growth Mid Cap Dir Gr	INF204K01E54	NMDC Ltd	Basic Materials	184.13	0.42	0.00	May25	11.15
Nippon India Growth Mid Cap Dir Gr	INF204K01E54	NMDC Ltd	Basic Materials	184.13	0.42	0.00	June25	10.18
Nippon India Growth Mid Cap Dir Gr	INF204K01E54	NMDC Ltd	Basic Materials	184.13	0.42	0.00	July25	9.19
Nippon India Growth Mid Cap Dir Gr	INF204K01E54	NMDC Ltd	Basic Materials	184.13	0.42	0.00	Aug25	8.13
Nippon India Growth Mid Cap Dir Gr	INF204K01E54	Prudent Corporate Advisory Services Ltd	Financial Services	175.08	0.40	0.00	Oct24	5.55
Nippon India Growth Mid Cap Dir Gr	INF204K01E54	Prudent Corporate Advisory Services Ltd	Financial Services	175.08	0.40	0.00	Nov24	7.52
Nippon India Growth Mid Cap Dir Gr	INF204K01E54	Prudent Corporate Advisory Services Ltd	Financial Services	175.08	0.40	0.00	Dec24	3.56
Nippon India Growth Mid Cap Dir Gr	INF204K01E54	Prudent Corporate Advisory Services Ltd	Financial Services	175.08	0.40	0.00	Jan25	5.32
Nippon India Growth Mid Cap Dir Gr	INF204K01E54	Prudent Corporate Advisory Services Ltd	Financial Services	175.08	0.40	0.00	Feb25	5.59
Nippon India Growth Mid Cap Dir Gr	INF204K01E54	Prudent Corporate Advisory Services Ltd	Financial Services	175.08	0.40	0.00	Mar25	15.51
Nippon India Growth Mid Cap Dir Gr	INF204K01E54	Prudent Corporate Advisory Services Ltd	Financial Services	175.08	0.40	0.00	Mar25	15.51
Nippon India Growth Mid Cap Dir Gr	INF204K01E54	Prudent Corporate Advisory Services Ltd	Financial Services	175.08	0.40	0.00	Apr25	12.51
Nippon India Growth Mid Cap Dir Gr	INF204K01E54	Prudent Corporate Advisory Services Ltd	Financial Services	175.08	0.40	0.00	May25	11.15
Nippon India Growth Mid Cap Dir Gr	INF204K01E54	Prudent Corporate Advisory Services Ltd	Financial Services	175.08	0.40	0.00	June25	10.18
Nippon India Growth Mid Cap Dir Gr	INF204K01E54	Prudent Corporate Advisory Services Ltd	Financial Services	175.08	0.40	0.00	July25	9.19
Nippon India Growth Mid Cap Dir Gr	INF204K01E54	Prudent Corporate Advisory Services Ltd	Financial Services	175.08	0.40	0.00	Aug25	8.13
Nippon India Growth Mid Cap Dir Gr	INF204K01E54	JK Cement Ltd	Basic Materials	171.08	0.39	0.00	Oct24	5.55
Nippon India Growth Mid Cap Dir Gr	INF204K01E54	JK Cement Ltd	Basic Materials	171.08	0.39	0.00	Nov24	7.52
Nippon India Growth Mid Cap Dir Gr	INF204K01E54	JK Cement Ltd	Basic Materials	171.08	0.39	0.00	Dec24	3.56
Nippon India Growth Mid Cap Dir Gr	INF204K01E54	JK Cement Ltd	Basic Materials	171.08	0.39	0.00	Jan25	5.32
Nippon India Growth Mid Cap Dir Gr	INF204K01E54	JK Cement Ltd	Basic Materials	171.08	0.39	0.00	Feb25	5.59
Nippon India Growth Mid Cap Dir Gr	INF204K01E54	JK Cement Ltd	Basic Materials	171.08	0.39	0.00	Mar25	15.51
Nippon India Growth Mid Cap Dir Gr	INF204K01E54	JK Cement Ltd	Basic Materials	171.08	0.39	0.00	Mar25	15.51
Nippon India Growth Mid Cap Dir Gr	INF204K01E54	JK Cement Ltd	Basic Materials	171.08	0.39	0.00	Apr25	12.51
Nippon India Growth Mid Cap Dir Gr	INF204K01E54	JK Cement Ltd	Basic Materials	171.08	0.39	0.00	May25	11.15
Nippon India Growth Mid Cap Dir Gr	INF204K01E54	JK Cement Ltd	Basic Materials	171.08	0.39	0.00	June25	10.18
Nippon India Growth Mid Cap Dir Gr	INF204K01E54	JK Cement Ltd	Basic Materials	171.08	0.39	0.00	July25	9.19
Nippon India Growth Mid Cap Dir Gr	INF204K01E54	JK Cement Ltd	Basic Materials	171.08	0.39	0.00	Aug25	8.13
Nippon India Growth Mid Cap Dir Gr	INF204K01E54	IndusInd Bank Ltd	Financial Services	162.65	0.37	0.00	Oct24	5.55
Nippon India Growth Mid Cap Dir Gr	INF204K01E54	IndusInd Bank Ltd	Financial Services	162.65	0.37	0.00	Nov24	7.52
Nippon India Growth Mid Cap Dir Gr	INF204K01E54	IndusInd Bank Ltd	Financial Services	162.65	0.37	0.00	Dec24	3.56
Nippon India Growth Mid Cap Dir Gr	INF204K01E54	IndusInd Bank Ltd	Financial Services	162.65	0.37	0.00	Jan25	5.32
Nippon India Growth Mid Cap Dir Gr	INF204K01E54	IndusInd Bank Ltd	Financial Services	162.65	0.37	0.00	Feb25	5.59
Nippon India Growth Mid Cap Dir Gr	INF204K01E54	IndusInd Bank Ltd	Financial Services	162.65	0.37	0.00	Mar25	15.51
Nippon India Growth Mid Cap Dir Gr	INF204K01E54	IndusInd Bank Ltd	Financial Services	162.65	0.37	0.00	Mar25	15.51
Nippon India Growth Mid Cap Dir Gr	INF204K01E54	IndusInd Bank Ltd	Financial Services	162.65	0.37	0.00	Apr25	12.51
Nippon India Growth Mid Cap Dir Gr	INF204K01E54	IndusInd Bank Ltd	Financial Services	162.65	0.37	0.00	May25	11.15
Nippon India Growth Mid Cap Dir Gr	INF204K01E54	IndusInd Bank Ltd	Financial Services	162.65	0.37	0.00	June25	10.18
Nippon India Growth Mid Cap Dir Gr	INF204K01E54	IndusInd Bank Ltd	Financial Services	162.65	0.37	0.00	July25	9.19
Nippon India Growth Mid Cap Dir Gr	INF204K01E54	IndusInd Bank Ltd	Financial Services	162.65	0.37	0.00	Aug25	8.13
Nippon India Growth Mid Cap Dir Gr	INF204K01E54	Sanofi Consumer Healthcare India Ltd	Healthcare	157.23	0.36	6.01	Oct24	5.55
Nippon India Growth Mid Cap Dir Gr	INF204K01E54	Sanofi Consumer Healthcare India Ltd	Healthcare	157.23	0.36	6.01	Nov24	7.52
Nippon India Growth Mid Cap Dir Gr	INF204K01E54	Sanofi Consumer Healthcare India Ltd	Healthcare	157.23	0.36	6.01	Dec24	3.56
Nippon India Growth Mid Cap Dir Gr	INF204K01E54	Sanofi Consumer Healthcare India Ltd	Healthcare	157.23	0.36	6.01	Jan25	5.32
Nippon India Growth Mid Cap Dir Gr	INF204K01E54	Sanofi Consumer Healthcare India Ltd	Healthcare	157.23	0.36	6.01	Feb25	5.59
Nippon India Growth Mid Cap Dir Gr	INF204K01E54	Sanofi Consumer Healthcare India Ltd	Healthcare	157.23	0.36	6.01	Mar25	15.51
Nippon India Growth Mid Cap Dir Gr	INF204K01E54	Sanofi Consumer Healthcare India Ltd	Healthcare	157.23	0.36	6.01	Mar25	15.51
Nippon India Growth Mid Cap Dir Gr	INF204K01E54	Sanofi Consumer Healthcare India Ltd	Healthcare	157.23	0.36	6.01	Apr25	12.51
Nippon India Growth Mid Cap Dir Gr	INF204K01E54	Sanofi Consumer Healthcare India Ltd	Healthcare	157.23	0.36	6.01	May25	11.15
Nippon India Growth Mid Cap Dir Gr	INF204K01E54	Sanofi Consumer Healthcare India Ltd	Healthcare	157.23	0.36	6.01	June25	10.18
Nippon India Growth Mid Cap Dir Gr	INF204K01E54	Sanofi Consumer Healthcare India Ltd	Healthcare	157.23	0.36	6.01	July25	9.19
Nippon India Growth Mid Cap Dir Gr	INF204K01E54	Sanofi Consumer Healthcare India Ltd	Healthcare	157.23	0.36	6.01	Aug25	8.13
Nippon India Growth Mid Cap Dir Gr	INF204K01E54	Crompton Greaves Consumer Electricals Ltd	Consumer Cyclical	154.71	0.35	0.00	Oct24	5.55
Nippon India Growth Mid Cap Dir Gr	INF204K01E54	Crompton Greaves Consumer Electricals Ltd	Consumer Cyclical	154.71	0.35	0.00	Nov24	7.52
Nippon India Growth Mid Cap Dir Gr	INF204K01E54	Crompton Greaves Consumer Electricals Ltd	Consumer Cyclical	154.71	0.35	0.00	Dec24	3.56
Nippon India Growth Mid Cap Dir Gr	INF204K01E54	Crompton Greaves Consumer Electricals Ltd	Consumer Cyclical	154.71	0.35	0.00	Jan25	5.32
Nippon India Growth Mid Cap Dir Gr	INF204K01E54	Crompton Greaves Consumer Electricals Ltd	Consumer Cyclical	154.71	0.35	0.00	Feb25	5.59
Nippon India Growth Mid Cap Dir Gr	INF204K01E54	Crompton Greaves Consumer Electricals Ltd	Consumer Cyclical	154.71	0.35	0.00	Mar25	15.51
Nippon India Growth Mid Cap Dir Gr	INF204K01E54	Crompton Greaves Consumer Electricals Ltd	Consumer Cyclical	154.71	0.35	0.00	Mar25	15.51
Nippon India Growth Mid Cap Dir Gr	INF204K01E54	Crompton Greaves Consumer Electricals Ltd	Consumer Cyclical	154.71	0.35	0.00	Apr25	12.51
Nippon India Growth Mid Cap Dir Gr	INF204K01E54	Crompton Greaves Consumer Electricals Ltd	Consumer Cyclical	154.71	0.35	0.00	May25	11.15
Nippon India Growth Mid Cap Dir Gr	INF204K01E54	Crompton Greaves Consumer Electricals Ltd	Consumer Cyclical	154.71	0.35	0.00	June25	10.18
Nippon India Growth Mid Cap Dir Gr	INF204K01E54	Crompton Greaves Consumer Electricals Ltd	Consumer Cyclical	154.71	0.35	0.00	July25	9.19
Nippon India Growth Mid Cap Dir Gr	INF204K01E54	Crompton Greaves Consumer Electricals Ltd	Consumer Cyclical	154.71	0.35	0.00	Aug25	8.13
Nippon India Growth Mid Cap Dir Gr	INF204K01E54	Bata India Ltd	Consumer Cyclical	149.91	0.34	0.00	Oct24	5.55
Nippon India Growth Mid Cap Dir Gr	INF204K01E54	Bata India Ltd	Consumer Cyclical	149.91	0.34	0.00	Nov24	7.52
Nippon India Growth Mid Cap Dir Gr	INF204K01E54	Bata India Ltd	Consumer Cyclical	149.91	0.34	0.00	Dec24	3.56
Nippon India Growth Mid Cap Dir Gr	INF204K01E54	Bata India Ltd	Consumer Cyclical	149.91	0.34	0.00	Jan25	5.32
Nippon India Growth Mid Cap Dir Gr	INF204K01E54	Bata India Ltd	Consumer Cyclical	149.91	0.34	0.00	Feb25	5.59
Nippon India Growth Mid Cap Dir Gr	INF204K01E54	Bata India Ltd	Consumer Cyclical	149.91	0.34	0.00	Mar25	15.51
Nippon India Growth Mid Cap Dir Gr	INF204K01E54	Bata India Ltd	Consumer Cyclical	149.91	0.34	0.00	Mar25	15.51
Nippon India Growth Mid Cap Dir Gr	INF204K01E54	Bata India Ltd	Consumer Cyclical	149.91	0.34	0.00	Apr25	12.51
Nippon India Growth Mid Cap Dir Gr	INF204K01E54	Bata India Ltd	Consumer Cyclical	149.91	0.34	0.00	May25	11.15
Nippon India Growth Mid Cap Dir Gr	INF204K01E54	Bata India Ltd	Consumer Cyclical	149.91	0.34	0.00	June25	10.18
Nippon India Growth Mid Cap Dir Gr	INF204K01E54	Bata India Ltd	Consumer Cyclical	149.91	0.34	0.00	July25	9.19
Nippon India Growth Mid Cap Dir Gr	INF204K01E54	Bata India Ltd	Consumer Cyclical	149.91	0.34	0.00	Aug25	8.13
Nippon India Growth Mid Cap Dir Gr	INF204K01E54	GlaxoSmithKline Pharmaceuticals Ltd	Healthcare	143.75	0.33	0.00	Oct24	5.55
Nippon India Growth Mid Cap Dir Gr	INF204K01E54	GlaxoSmithKline Pharmaceuticals Ltd	Healthcare	143.75	0.33	0.00	Nov24	7.52
Nippon India Growth Mid Cap Dir Gr	INF204K01E54	GlaxoSmithKline Pharmaceuticals Ltd	Healthcare	143.75	0.33	0.00	Dec24	3.56
Nippon India Growth Mid Cap Dir Gr	INF204K01E54	GlaxoSmithKline Pharmaceuticals Ltd	Healthcare	143.75	0.33	0.00	Jan25	5.32
Nippon India Growth Mid Cap Dir Gr	INF204K01E54	GlaxoSmithKline Pharmaceuticals Ltd	Healthcare	143.75	0.33	0.00	Feb25	5.59
Nippon India Growth Mid Cap Dir Gr	INF204K01E54	GlaxoSmithKline Pharmaceuticals Ltd	Healthcare	143.75	0.33	0.00	Mar25	15.51
Nippon India Growth Mid Cap Dir Gr	INF204K01E54	GlaxoSmithKline Pharmaceuticals Ltd	Healthcare	143.75	0.33	0.00	Mar25	15.51
Nippon India Growth Mid Cap Dir Gr	INF204K01E54	GlaxoSmithKline Pharmaceuticals Ltd	Healthcare	143.75	0.33	0.00	Apr25	12.51
Nippon India Growth Mid Cap Dir Gr	INF204K01E54	GlaxoSmithKline Pharmaceuticals Ltd	Healthcare	143.75	0.33	0.00	May25	11.15
Nippon India Growth Mid Cap Dir Gr	INF204K01E54	GlaxoSmithKline Pharmaceuticals Ltd	Healthcare	143.75	0.33	0.00	June25	10.18
Nippon India Growth Mid Cap Dir Gr	INF204K01E54	GlaxoSmithKline Pharmaceuticals Ltd	Healthcare	143.75	0.33	0.00	July25	9.19
Nippon India Growth Mid Cap Dir Gr	INF204K01E54	GlaxoSmithKline Pharmaceuticals Ltd	Healthcare	143.75	0.33	0.00	Aug25	8.13
Nippon India Growth Mid Cap Dir Gr	INF204K01E54	Bayer CropScience Ltd	Basic Materials	141.81	0.32	0.00	Oct24	5.55
Nippon India Growth Mid Cap Dir Gr	INF204K01E54	Bayer CropScience Ltd	Basic Materials	141.81	0.32	0.00	Nov24	7.52
Nippon India Growth Mid Cap Dir Gr	INF204K01E54	Bayer CropScience Ltd	Basic Materials	141.81	0.32	0.00	Dec24	3.56
Nippon India Growth Mid Cap Dir Gr	INF204K01E54	Bayer CropScience Ltd	Basic Materials	141.81	0.32	0.00	Jan25	5.32
Nippon India Growth Mid Cap Dir Gr	INF204K01E54	Bayer CropScience Ltd	Basic Materials	141.81	0.32	0.00	Feb25	5.59
Nippon India Growth Mid Cap Dir Gr	INF204K01E54	Bayer CropScience Ltd	Basic Materials	141.81	0.32	0.00	Mar25	15.51
Nippon India Growth Mid Cap Dir Gr	INF204K01E54	Bayer CropScience Ltd	Basic Materials	141.81	0.32	0.00	Mar25	15.51
Nippon India Growth Mid Cap Dir Gr	INF204K01E54	Bayer CropScience Ltd	Basic Materials	141.81	0.32	0.00	Apr25	12.51
Nippon India Growth Mid Cap Dir Gr	INF204K01E54	Bayer CropScience Ltd	Basic Materials	141.81	0.32	0.00	May25	11.15
Nippon India Growth Mid Cap Dir Gr	INF204K01E54	Bayer CropScience Ltd	Basic Materials	141.81	0.32	0.00	June25	10.18
Nippon India Growth Mid Cap Dir Gr	INF204K01E54	Bayer CropScience Ltd	Basic Materials	141.81	0.32	0.00	July25	9.19
Nippon India Growth Mid Cap Dir Gr	INF204K01E54	Bayer CropScience Ltd	Basic Materials	141.81	0.32	0.00	Aug25	8.13
Nippon India Growth Mid Cap Dir Gr	INF204K01E54	Sundaram Fasteners Ltd	Consumer Cyclical	139.91	0.32	0.00	Oct24	5.55
Nippon India Growth Mid Cap Dir Gr	INF204K01E54	Sundaram Fasteners Ltd	Consumer Cyclical	139.91	0.32	0.00	Nov24	7.52
Nippon India Growth Mid Cap Dir Gr	INF204K01E54	Sundaram Fasteners Ltd	Consumer Cyclical	139.91	0.32	0.00	Dec24	3.56
Nippon India Growth Mid Cap Dir Gr	INF204K01E54	Sundaram Fasteners Ltd	Consumer Cyclical	139.91	0.32	0.00	Jan25	5.32
Nippon India Growth Mid Cap Dir Gr	INF204K01E54	Sundaram Fasteners Ltd	Consumer Cyclical	139.91	0.32	0.00	Feb25	5.59
Nippon India Growth Mid Cap Dir Gr	INF204K01E54	Sundaram Fasteners Ltd	Consumer Cyclical	139.91	0.32	0.00	Mar25	15.51
Nippon India Growth Mid Cap Dir Gr	INF204K01E54	Sundaram Fasteners Ltd	Consumer Cyclical	139.91	0.32	0.00	Mar25	15.51
Nippon India Growth Mid Cap Dir Gr	INF204K01E54	Sundaram Fasteners Ltd	Consumer Cyclical	139.91	0.32	0.00	Apr25	12.51
Nippon India Growth Mid Cap Dir Gr	INF204K01E54	Sundaram Fasteners Ltd	Consumer Cyclical	139.91	0.32	0.00	May25	11.15
Nippon India Growth Mid Cap Dir Gr	INF204K01E54	Sundaram Fasteners Ltd	Consumer Cyclical	139.91	0.32	0.00	June25	10.18
Nippon India Growth Mid Cap Dir Gr	INF204K01E54	Sundaram Fasteners Ltd	Consumer Cyclical	139.91	0.32	0.00	July25	9.19
Nippon India Growth Mid Cap Dir Gr	INF204K01E54	Sundaram Fasteners Ltd	Consumer Cyclical	139.91	0.32	0.00	Aug25	8.13
Nippon India Growth Mid Cap Dir Gr	INF204K01E54	Indraprastha Gas Ltd	Utilities	117.97	0.27	0.00	Oct24	5.55
Nippon India Growth Mid Cap Dir Gr	INF204K01E54	Indraprastha Gas Ltd	Utilities	117.97	0.27	0.00	Nov24	7.52
Nippon India Growth Mid Cap Dir Gr	INF204K01E54	Indraprastha Gas Ltd	Utilities	117.97	0.27	0.00	Dec24	3.56
Nippon India Growth Mid Cap Dir Gr	INF204K01E54	Indraprastha Gas Ltd	Utilities	117.97	0.27	0.00	Jan25	5.32
Nippon India Growth Mid Cap Dir Gr	INF204K01E54	Indraprastha Gas Ltd	Utilities	117.97	0.27	0.00	Feb25	5.59
Nippon India Growth Mid Cap Dir Gr	INF204K01E54	Indraprastha Gas Ltd	Utilities	117.97	0.27	0.00	Mar25	15.51
Nippon India Growth Mid Cap Dir Gr	INF204K01E54	Indraprastha Gas Ltd	Utilities	117.97	0.27	0.00	Mar25	15.51
Nippon India Growth Mid Cap Dir Gr	INF204K01E54	Indraprastha Gas Ltd	Utilities	117.97	0.27	0.00	Apr25	12.51
Nippon India Growth Mid Cap Dir Gr	INF204K01E54	Indraprastha Gas Ltd	Utilities	117.97	0.27	0.00	May25	11.15
Nippon India Growth Mid Cap Dir Gr	INF204K01E54	Indraprastha Gas Ltd	Utilities	117.97	0.27	0.00	June25	10.18
Nippon India Growth Mid Cap Dir Gr	INF204K01E54	Indraprastha Gas Ltd	Utilities	117.97	0.27	0.00	July25	9.19
Nippon India Growth Mid Cap Dir Gr	INF204K01E54	Indraprastha Gas Ltd	Utilities	117.97	0.27	0.00	Aug25	8.13
Nippon India Growth Mid Cap Dir Gr	INF204K01E54	Apar Industries Ltd	Industrials	97.33	0.22	0.00	Oct24	5.55
Nippon India Growth Mid Cap Dir Gr	INF204K01E54	Apar Industries Ltd	Industrials	97.33	0.22	0.00	Nov24	7.52
Nippon India Growth Mid Cap Dir Gr	INF204K01E54	Apar Industries Ltd	Industrials	97.33	0.22	0.00	Dec24	3.56
Nippon India Growth Mid Cap Dir Gr	INF204K01E54	Apar Industries Ltd	Industrials	97.33	0.22	0.00	Jan25	5.32
Nippon India Growth Mid Cap Dir Gr	INF204K01E54	Apar Industries Ltd	Industrials	97.33	0.22	0.00	Feb25	5.59
Nippon India Growth Mid Cap Dir Gr	INF204K01E54	Apar Industries Ltd	Industrials	97.33	0.22	0.00	Mar25	15.51
Nippon India Growth Mid Cap Dir Gr	INF204K01E54	Apar Industries Ltd	Industrials	97.33	0.22	0.00	Mar25	15.51
Nippon India Growth Mid Cap Dir Gr	INF204K01E54	Apar Industries Ltd	Industrials	97.33	0.22	0.00	Apr25	12.51
Nippon India Growth Mid Cap Dir Gr	INF204K01E54	Apar Industries Ltd	Industrials	97.33	0.22	0.00	May25	11.15
Nippon India Growth Mid Cap Dir Gr	INF204K01E54	Apar Industries Ltd	Industrials	97.33	0.22	0.00	June25	10.18
Nippon India Growth Mid Cap Dir Gr	INF204K01E54	Apar Industries Ltd	Industrials	97.33	0.22	0.00	July25	9.19
Nippon India Growth Mid Cap Dir Gr	INF204K01E54	Apar Industries Ltd	Industrials	97.33	0.22	0.00	Aug25	8.13
Nippon India Growth Mid Cap Dir Gr	INF204K01E54	Restaurant Brands Asia Ltd Ordinary Shares	Consumer Cyclical	95.84	0.22	0.00	Oct24	5.55
Nippon India Growth Mid Cap Dir Gr	INF204K01E54	Restaurant Brands Asia Ltd Ordinary Shares	Consumer Cyclical	95.84	0.22	0.00	Nov24	7.52
Nippon India Growth Mid Cap Dir Gr	INF204K01E54	Restaurant Brands Asia Ltd Ordinary Shares	Consumer Cyclical	95.84	0.22	0.00	Dec24	3.56
Nippon India Growth Mid Cap Dir Gr	INF204K01E54	Restaurant Brands Asia Ltd Ordinary Shares	Consumer Cyclical	95.84	0.22	0.00	Jan25	5.32
Nippon India Growth Mid Cap Dir Gr	INF204K01E54	Restaurant Brands Asia Ltd Ordinary Shares	Consumer Cyclical	95.84	0.22	0.00	Feb25	5.59
Nippon India Growth Mid Cap Dir Gr	INF204K01E54	Restaurant Brands Asia Ltd Ordinary Shares	Consumer Cyclical	95.84	0.22	0.00	Mar25	15.51
Nippon India Growth Mid Cap Dir Gr	INF204K01E54	Restaurant Brands Asia Ltd Ordinary Shares	Consumer Cyclical	95.84	0.22	0.00	Mar25	15.51
Nippon India Growth Mid Cap Dir Gr	INF204K01E54	Restaurant Brands Asia Ltd Ordinary Shares	Consumer Cyclical	95.84	0.22	0.00	Apr25	12.51
Nippon India Growth Mid Cap Dir Gr	INF204K01E54	Restaurant Brands Asia Ltd Ordinary Shares	Consumer Cyclical	95.84	0.22	0.00	May25	11.15
Nippon India Growth Mid Cap Dir Gr	INF204K01E54	Restaurant Brands Asia Ltd Ordinary Shares	Consumer Cyclical	95.84	0.22	0.00	June25	10.18
Nippon India Growth Mid Cap Dir Gr	INF204K01E54	Restaurant Brands Asia Ltd Ordinary Shares	Consumer Cyclical	95.84	0.22	0.00	July25	9.19
Nippon India Growth Mid Cap Dir Gr	INF204K01E54	Restaurant Brands Asia Ltd Ordinary Shares	Consumer Cyclical	95.84	0.22	0.00	Aug25	8.13
Nippon India Growth Mid Cap Dir Gr	INF204K01E54	Tata Communications Ltd	Communication Services	94.25	0.21	0.00	Oct24	5.55
Nippon India Growth Mid Cap Dir Gr	INF204K01E54	Tata Communications Ltd	Communication Services	94.25	0.21	0.00	Nov24	7.52
Nippon India Growth Mid Cap Dir Gr	INF204K01E54	Tata Communications Ltd	Communication Services	94.25	0.21	0.00	Dec24	3.56
Nippon India Growth Mid Cap Dir Gr	INF204K01E54	Tata Communications Ltd	Communication Services	94.25	0.21	0.00	Jan25	5.32
Nippon India Growth Mid Cap Dir Gr	INF204K01E54	Tata Communications Ltd	Communication Services	94.25	0.21	0.00	Feb25	5.59
Nippon India Growth Mid Cap Dir Gr	INF204K01E54	Tata Communications Ltd	Communication Services	94.25	0.21	0.00	Mar25	15.51
Nippon India Growth Mid Cap Dir Gr	INF204K01E54	Tata Communications Ltd	Communication Services	94.25	0.21	0.00	Mar25	15.51
Nippon India Growth Mid Cap Dir Gr	INF204K01E54	Tata Communications Ltd	Communication Services	94.25	0.21	0.00	Apr25	12.51
Nippon India Growth Mid Cap Dir Gr	INF204K01E54	Tata Communications Ltd	Communication Services	94.25	0.21	0.00	May25	11.15
Nippon India Growth Mid Cap Dir Gr	INF204K01E54	Tata Communications Ltd	Communication Services	94.25	0.21	0.00	June25	10.18
Nippon India Growth Mid Cap Dir Gr	INF204K01E54	Tata Communications Ltd	Communication Services	94.25	0.21	0.00	July25	9.19
Nippon India Growth Mid Cap Dir Gr	INF204K01E54	Tata Communications Ltd	Communication Services	94.25	0.21	0.00	Aug25	8.13
Nippon India Growth Mid Cap Dir Gr	INF204K01E54	Deepak Nitrite Ltd	Basic Materials	93.86	0.21	0.00	Oct24	5.55
Nippon India Growth Mid Cap Dir Gr	INF204K01E54	Deepak Nitrite Ltd	Basic Materials	93.86	0.21	0.00	Nov24	7.52
Nippon India Growth Mid Cap Dir Gr	INF204K01E54	Deepak Nitrite Ltd	Basic Materials	93.86	0.21	0.00	Dec24	3.56
Nippon India Growth Mid Cap Dir Gr	INF204K01E54	Deepak Nitrite Ltd	Basic Materials	93.86	0.21	0.00	Jan25	5.32
Nippon India Growth Mid Cap Dir Gr	INF204K01E54	Deepak Nitrite Ltd	Basic Materials	93.86	0.21	0.00	Feb25	5.59
Nippon India Growth Mid Cap Dir Gr	INF204K01E54	Deepak Nitrite Ltd	Basic Materials	93.86	0.21	0.00	Mar25	15.51
Nippon India Growth Mid Cap Dir Gr	INF204K01E54	Deepak Nitrite Ltd	Basic Materials	93.86	0.21	0.00	Mar25	15.51
Nippon India Growth Mid Cap Dir Gr	INF204K01E54	Deepak Nitrite Ltd	Basic Materials	93.86	0.21	0.00	Apr25	12.51
Nippon India Growth Mid Cap Dir Gr	INF204K01E54	Deepak Nitrite Ltd	Basic Materials	93.86	0.21	0.00	May25	11.15
Nippon India Growth Mid Cap Dir Gr	INF204K01E54	Deepak Nitrite Ltd	Basic Materials	93.86	0.21	0.00	June25	10.18
Nippon India Growth Mid Cap Dir Gr	INF204K01E54	Deepak Nitrite Ltd	Basic Materials	93.86	0.21	0.00	July25	9.19
Nippon India Growth Mid Cap Dir Gr	INF204K01E54	Deepak Nitrite Ltd	Basic Materials	93.86	0.21	0.00	Aug25	8.13
Nippon India Growth Mid Cap Dir Gr	INF204K01E54	Sanofi India Ltd	Healthcare	89.92	0.20	0.00	Oct24	5.55
Nippon India Growth Mid Cap Dir Gr	INF204K01E54	Sanofi India Ltd	Healthcare	89.92	0.20	0.00	Nov24	7.52
Nippon India Growth Mid Cap Dir Gr	INF204K01E54	Sanofi India Ltd	Healthcare	89.92	0.20	0.00	Dec24	3.56
Nippon India Growth Mid Cap Dir Gr	INF204K01E54	Sanofi India Ltd	Healthcare	89.92	0.20	0.00	Jan25	5.32
Nippon India Growth Mid Cap Dir Gr	INF204K01E54	Sanofi India Ltd	Healthcare	89.92	0.20	0.00	Feb25	5.59
Nippon India Growth Mid Cap Dir Gr	INF204K01E54	Sanofi India Ltd	Healthcare	89.92	0.20	0.00	Mar25	15.51
Nippon India Growth Mid Cap Dir Gr	INF204K01E54	Sanofi India Ltd	Healthcare	89.92	0.20	0.00	Mar25	15.51
Nippon India Growth Mid Cap Dir Gr	INF204K01E54	Sanofi India Ltd	Healthcare	89.92	0.20	0.00	Apr25	12.51
Nippon India Growth Mid Cap Dir Gr	INF204K01E54	Sanofi India Ltd	Healthcare	89.92	0.20	0.00	May25	11.15
Nippon India Growth Mid Cap Dir Gr	INF204K01E54	Sanofi India Ltd	Healthcare	89.92	0.20	0.00	June25	10.18
Nippon India Growth Mid Cap Dir Gr	INF204K01E54	Sanofi India Ltd	Healthcare	89.92	0.20	0.00	July25	9.19
Nippon India Growth Mid Cap Dir Gr	INF204K01E54	Sanofi India Ltd	Healthcare	89.92	0.20	0.00	Aug25	8.13
Nippon India Growth Mid Cap Dir Gr	INF204K01E54	ICICI Prudential Asset Management Co Ltd	Financial Services	36.65	0.08	0.00	Oct24	5.55
Nippon India Growth Mid Cap Dir Gr	INF204K01E54	ICICI Prudential Asset Management Co Ltd	Financial Services	36.65	0.08	0.00	Nov24	7.52
Nippon India Growth Mid Cap Dir Gr	INF204K01E54	ICICI Prudential Asset Management Co Ltd	Financial Services	36.65	0.08	0.00	Dec24	3.56
Nippon India Growth Mid Cap Dir Gr	INF204K01E54	ICICI Prudential Asset Management Co Ltd	Financial Services	36.65	0.08	0.00	Jan25	5.32
Nippon India Growth Mid Cap Dir Gr	INF204K01E54	ICICI Prudential Asset Management Co Ltd	Financial Services	36.65	0.08	0.00	Feb25	5.59
Nippon India Growth Mid Cap Dir Gr	INF204K01E54	ICICI Prudential Asset Management Co Ltd	Financial Services	36.65	0.08	0.00	Mar25	15.51
Nippon India Growth Mid Cap Dir Gr	INF204K01E54	ICICI Prudential Asset Management Co Ltd	Financial Services	36.65	0.08	0.00	Mar25	15.51
Nippon India Growth Mid Cap Dir Gr	INF204K01E54	ICICI Prudential Asset Management Co Ltd	Financial Services	36.65	0.08	0.00	Apr25	12.51
Nippon India Growth Mid Cap Dir Gr	INF204K01E54	ICICI Prudential Asset Management Co Ltd	Financial Services	36.65	0.08	0.00	May25	11.15
Nippon India Growth Mid Cap Dir Gr	INF204K01E54	ICICI Prudential Asset Management Co Ltd	Financial Services	36.65	0.08	0.00	June25	10.18
Nippon India Growth Mid Cap Dir Gr	INF204K01E54	ICICI Prudential Asset Management Co Ltd	Financial Services	36.65	0.08	0.00	July25	9.19
Nippon India Growth Mid Cap Dir Gr	INF204K01E54	ICICI Prudential Asset Management Co Ltd	Financial Services	36.65	0.08	0.00	Aug25	8.13
Nippon India Growth Mid Cap Dir Gr	INF204K01E54	Net Current Assets		6.09	0.01		Oct24	5.55
Nippon India Growth Mid Cap Dir Gr	INF204K01E54	Net Current Assets		6.09	0.01		Nov24	7.52
Nippon India Growth Mid Cap Dir Gr	INF204K01E54	Net Current Assets		6.09	0.01		Dec24	3.56
Nippon India Growth Mid Cap Dir Gr	INF204K01E54	Net Current Assets		6.09	0.01		Jan25	5.32
Nippon India Growth Mid Cap Dir Gr	INF204K01E54	Net Current Assets		6.09	0.01		Feb25	5.59
Nippon India Growth Mid Cap Dir Gr	INF204K01E54	Net Current Assets		6.09	0.01		Mar25	15.51
Nippon India Growth Mid Cap Dir Gr	INF204K01E54	Net Current Assets		6.09	0.01		Mar25	15.51
Nippon India Growth Mid Cap Dir Gr	INF204K01E54	Net Current Assets		6.09	0.01		Apr25	12.51
Nippon India Growth Mid Cap Dir Gr	INF204K01E54	Net Current Assets		6.09	0.01		May25	11.15
Nippon India Growth Mid Cap Dir Gr	INF204K01E54	Net Current Assets		6.09	0.01		June25	10.18
Nippon India Growth Mid Cap Dir Gr	INF204K01E54	Net Current Assets		6.09	0.01		July25	9.19
Nippon India Growth Mid Cap Dir Gr	INF204K01E54	Net Current Assets		6.09	0.01		Aug25	8.13
Nippon India Growth Mid Cap Dir Gr	INF204K01E54	Cash Margin - Ccil		3.71	0.01		Oct24	5.55
Nippon India Growth Mid Cap Dir Gr	INF204K01E54	Cash Margin - Ccil		3.71	0.01		Nov24	7.52
Nippon India Growth Mid Cap Dir Gr	INF204K01E54	Cash Margin - Ccil		3.71	0.01		Dec24	3.56
Nippon India Growth Mid Cap Dir Gr	INF204K01E54	Cash Margin - Ccil		3.71	0.01		Jan25	5.32
Nippon India Growth Mid Cap Dir Gr	INF204K01E54	Cash Margin - Ccil		3.71	0.01		Feb25	5.59
Nippon India Growth Mid Cap Dir Gr	INF204K01E54	Cash Margin - Ccil		3.71	0.01		Mar25	15.51
Nippon India Growth Mid Cap Dir Gr	INF204K01E54	Cash Margin - Ccil		3.71	0.01		Mar25	15.51
Nippon India Growth Mid Cap Dir Gr	INF204K01E54	Cash Margin - Ccil		3.71	0.01		Apr25	12.51
Nippon India Growth Mid Cap Dir Gr	INF204K01E54	Cash Margin - Ccil		3.71	0.01		May25	11.15
Nippon India Growth Mid Cap Dir Gr	INF204K01E54	Cash Margin - Ccil		3.71	0.01		June25	10.18
Nippon India Growth Mid Cap Dir Gr	INF204K01E54	Cash Margin - Ccil		3.71	0.01		July25	9.19
Nippon India Growth Mid Cap Dir Gr	INF204K01E54	Cash Margin - Ccil		3.71	0.01		Aug25	8.13
Nippon India Growth Mid Cap Dir Gr	INF204K01E54	Cash		0.00	0.00		Oct24	5.55
Nippon India Growth Mid Cap Dir Gr	INF204K01E54	Cash		0.00	0.00		Nov24	7.52
Nippon India Growth Mid Cap Dir Gr	INF204K01E54	Cash		0.00	0.00		Dec24	3.56
Nippon India Growth Mid Cap Dir Gr	INF204K01E54	Cash		0.00	0.00		Jan25	5.32
Nippon India Growth Mid Cap Dir Gr	INF204K01E54	Cash		0.00	0.00		Feb25	5.59
Nippon India Growth Mid Cap Dir Gr	INF204K01E54	Cash		0.00	0.00		Mar25	15.51
Nippon India Growth Mid Cap Dir Gr	INF204K01E54	Cash		0.00	0.00		Mar25	15.51
Nippon India Growth Mid Cap Dir Gr	INF204K01E54	Cash		0.00	0.00		Apr25	12.51
Nippon India Growth Mid Cap Dir Gr	INF204K01E54	Cash		0.00	0.00		May25	11.15
Nippon India Growth Mid Cap Dir Gr	INF204K01E54	Cash		0.00	0.00		June25	10.18
Nippon India Growth Mid Cap Dir Gr	INF204K01E54	Cash		0.00	0.00		July25	9.19
Nippon India Growth Mid Cap Dir Gr	INF204K01E54	Cash		0.00	0.00		Aug25	8.13
Nippon India Growth Mid Cap Dir Gr	INF204K01E54	Globsyn Technologies Limited**		0.00	0.00	0.00	Oct24	5.55
Nippon India Growth Mid Cap Dir Gr	INF204K01E54	Globsyn Technologies Limited**		0.00	0.00	0.00	Nov24	7.52
Nippon India Growth Mid Cap Dir Gr	INF204K01E54	Globsyn Technologies Limited**		0.00	0.00	0.00	Dec24	3.56
Nippon India Growth Mid Cap Dir Gr	INF204K01E54	Globsyn Technologies Limited**		0.00	0.00	0.00	Jan25	5.32
Nippon India Growth Mid Cap Dir Gr	INF204K01E54	Globsyn Technologies Limited**		0.00	0.00	0.00	Feb25	5.59
Nippon India Growth Mid Cap Dir Gr	INF204K01E54	Globsyn Technologies Limited**		0.00	0.00	0.00	Mar25	15.51
Nippon India Growth Mid Cap Dir Gr	INF204K01E54	Globsyn Technologies Limited**		0.00	0.00	0.00	Mar25	15.51
Nippon India Growth Mid Cap Dir Gr	INF204K01E54	Globsyn Technologies Limited**		0.00	0.00	0.00	Apr25	12.51
Nippon India Growth Mid Cap Dir Gr	INF204K01E54	Globsyn Technologies Limited**		0.00	0.00	0.00	May25	11.15
Nippon India Growth Mid Cap Dir Gr	INF204K01E54	Globsyn Technologies Limited**		0.00	0.00	0.00	June25	10.18
Nippon India Growth Mid Cap Dir Gr	INF204K01E54	Globsyn Technologies Limited**		0.00	0.00	0.00	July25	9.19
Nippon India Growth Mid Cap Dir Gr	INF204K01E54	Globsyn Technologies Limited**		0.00	0.00	0.00	Aug25	8.13
