schemeName	isin	stock_name	sector	market_value	weight	change_1m	period	weightage
Nippon India Nifty Midcap 150 Idx Dir Gr	INF204KB18Z7	BSE Ltd	Financial Services	64.17	2.93	1.39	Oct24	5.55
Nippon India Nifty Midcap 150 Idx Dir Gr	INF204KB18Z7	BSE Ltd	Financial Services	64.17	2.93	1.39	Nov24	7.52
Nippon India Nifty Midcap 150 Idx Dir Gr	INF204KB18Z7	BSE Ltd	Financial Services	64.17	2.93	1.39	Dec24	3.56
Nippon India Nifty Midcap 150 Idx Dir Gr	INF204KB18Z7	BSE Ltd	Financial Services	64.17	2.93	1.39	Jan25	5.32
Nippon India Nifty Midcap 150 Idx Dir Gr	INF204KB18Z7	BSE Ltd	Financial Services	64.17	2.93	1.39	Feb25	5.59
Nippon India Nifty Midcap 150 Idx Dir Gr	INF204KB18Z7	BSE Ltd	Financial Services	64.17	2.93	1.39	Mar25	15.51
Nippon India Nifty Midcap 150 Idx Dir Gr	INF204KB18Z7	BSE Ltd	Financial Services	64.17	2.93	1.39	Mar25	15.51
Nippon India Nifty Midcap 150 Idx Dir Gr	INF204KB18Z7	BSE Ltd	Financial Services	64.17	2.93	1.39	Apr25	12.51
Nippon India Nifty Midcap 150 Idx Dir Gr	INF204KB18Z7	BSE Ltd	Financial Services	64.17	2.93	1.39	May25	11.15
Nippon India Nifty Midcap 150 Idx Dir Gr	INF204KB18Z7	BSE Ltd	Financial Services	64.17	2.93	1.39	June25	10.18
Nippon India Nifty Midcap 150 Idx Dir Gr	INF204KB18Z7	BSE Ltd	Financial Services	64.17	2.93	1.39	July25	9.19
Nippon India Nifty Midcap 150 Idx Dir Gr	INF204KB18Z7	BSE Ltd	Financial Services	64.17	2.93	1.39	Aug25	8.13
Nippon India Nifty Midcap 150 Idx Dir Gr	INF204KB18Z7	Hero MotoCorp Ltd	Consumer Cyclical	42.99	1.96	1.39	Oct24	5.55
Nippon India Nifty Midcap 150 Idx Dir Gr	INF204KB18Z7	Hero MotoCorp Ltd	Consumer Cyclical	42.99	1.96	1.39	Nov24	7.52
Nippon India Nifty Midcap 150 Idx Dir Gr	INF204KB18Z7	Hero MotoCorp Ltd	Consumer Cyclical	42.99	1.96	1.39	Dec24	3.56
Nippon India Nifty Midcap 150 Idx Dir Gr	INF204KB18Z7	Hero MotoCorp Ltd	Consumer Cyclical	42.99	1.96	1.39	Jan25	5.32
Nippon India Nifty Midcap 150 Idx Dir Gr	INF204KB18Z7	Hero MotoCorp Ltd	Consumer Cyclical	42.99	1.96	1.39	Feb25	5.59
Nippon India Nifty Midcap 150 Idx Dir Gr	INF204KB18Z7	Hero MotoCorp Ltd	Consumer Cyclical	42.99	1.96	1.39	Mar25	15.51
Nippon India Nifty Midcap 150 Idx Dir Gr	INF204KB18Z7	Hero MotoCorp Ltd	Consumer Cyclical	42.99	1.96	1.39	Mar25	15.51
Nippon India Nifty Midcap 150 Idx Dir Gr	INF204KB18Z7	Hero MotoCorp Ltd	Consumer Cyclical	42.99	1.96	1.39	Apr25	12.51
Nippon India Nifty Midcap 150 Idx Dir Gr	INF204KB18Z7	Hero MotoCorp Ltd	Consumer Cyclical	42.99	1.96	1.39	May25	11.15
Nippon India Nifty Midcap 150 Idx Dir Gr	INF204KB18Z7	Hero MotoCorp Ltd	Consumer Cyclical	42.99	1.96	1.39	June25	10.18
Nippon India Nifty Midcap 150 Idx Dir Gr	INF204KB18Z7	Hero MotoCorp Ltd	Consumer Cyclical	42.99	1.96	1.39	July25	9.19
Nippon India Nifty Midcap 150 Idx Dir Gr	INF204KB18Z7	Hero MotoCorp Ltd	Consumer Cyclical	42.99	1.96	1.39	Aug25	8.13
Nippon India Nifty Midcap 150 Idx Dir Gr	INF204KB18Z7	The Federal Bank Ltd	Financial Services	42.79	1.96	1.39	Oct24	5.55
Nippon India Nifty Midcap 150 Idx Dir Gr	INF204KB18Z7	The Federal Bank Ltd	Financial Services	42.79	1.96	1.39	Nov24	7.52
Nippon India Nifty Midcap 150 Idx Dir Gr	INF204KB18Z7	The Federal Bank Ltd	Financial Services	42.79	1.96	1.39	Dec24	3.56
Nippon India Nifty Midcap 150 Idx Dir Gr	INF204KB18Z7	The Federal Bank Ltd	Financial Services	42.79	1.96	1.39	Jan25	5.32
Nippon India Nifty Midcap 150 Idx Dir Gr	INF204KB18Z7	The Federal Bank Ltd	Financial Services	42.79	1.96	1.39	Feb25	5.59
Nippon India Nifty Midcap 150 Idx Dir Gr	INF204KB18Z7	The Federal Bank Ltd	Financial Services	42.79	1.96	1.39	Mar25	15.51
Nippon India Nifty Midcap 150 Idx Dir Gr	INF204KB18Z7	The Federal Bank Ltd	Financial Services	42.79	1.96	1.39	Mar25	15.51
Nippon India Nifty Midcap 150 Idx Dir Gr	INF204KB18Z7	The Federal Bank Ltd	Financial Services	42.79	1.96	1.39	Apr25	12.51
Nippon India Nifty Midcap 150 Idx Dir Gr	INF204KB18Z7	The Federal Bank Ltd	Financial Services	42.79	1.96	1.39	May25	11.15
Nippon India Nifty Midcap 150 Idx Dir Gr	INF204KB18Z7	The Federal Bank Ltd	Financial Services	42.79	1.96	1.39	June25	10.18
Nippon India Nifty Midcap 150 Idx Dir Gr	INF204KB18Z7	The Federal Bank Ltd	Financial Services	42.79	1.96	1.39	July25	9.19
Nippon India Nifty Midcap 150 Idx Dir Gr	INF204KB18Z7	The Federal Bank Ltd	Financial Services	42.79	1.96	1.39	Aug25	8.13
Nippon India Nifty Midcap 150 Idx Dir Gr	INF204KB18Z7	Cummins India Ltd	Industrials	38.40	1.75	1.39	Oct24	5.55
Nippon India Nifty Midcap 150 Idx Dir Gr	INF204KB18Z7	Cummins India Ltd	Industrials	38.40	1.75	1.39	Nov24	7.52
Nippon India Nifty Midcap 150 Idx Dir Gr	INF204KB18Z7	Cummins India Ltd	Industrials	38.40	1.75	1.39	Dec24	3.56
Nippon India Nifty Midcap 150 Idx Dir Gr	INF204KB18Z7	Cummins India Ltd	Industrials	38.40	1.75	1.39	Jan25	5.32
Nippon India Nifty Midcap 150 Idx Dir Gr	INF204KB18Z7	Cummins India Ltd	Industrials	38.40	1.75	1.39	Feb25	5.59
Nippon India Nifty Midcap 150 Idx Dir Gr	INF204KB18Z7	Cummins India Ltd	Industrials	38.40	1.75	1.39	Mar25	15.51
Nippon India Nifty Midcap 150 Idx Dir Gr	INF204KB18Z7	Cummins India Ltd	Industrials	38.40	1.75	1.39	Mar25	15.51
Nippon India Nifty Midcap 150 Idx Dir Gr	INF204KB18Z7	Cummins India Ltd	Industrials	38.40	1.75	1.39	Apr25	12.51
Nippon India Nifty Midcap 150 Idx Dir Gr	INF204KB18Z7	Cummins India Ltd	Industrials	38.40	1.75	1.39	May25	11.15
Nippon India Nifty Midcap 150 Idx Dir Gr	INF204KB18Z7	Cummins India Ltd	Industrials	38.40	1.75	1.39	June25	10.18
Nippon India Nifty Midcap 150 Idx Dir Gr	INF204KB18Z7	Cummins India Ltd	Industrials	38.40	1.75	1.39	July25	9.19
Nippon India Nifty Midcap 150 Idx Dir Gr	INF204KB18Z7	Cummins India Ltd	Industrials	38.40	1.75	1.39	Aug25	8.13
Nippon India Nifty Midcap 150 Idx Dir Gr	INF204KB18Z7	IndusInd Bank Ltd	Financial Services	36.55	1.67	1.39	Oct24	5.55
Nippon India Nifty Midcap 150 Idx Dir Gr	INF204KB18Z7	IndusInd Bank Ltd	Financial Services	36.55	1.67	1.39	Nov24	7.52
Nippon India Nifty Midcap 150 Idx Dir Gr	INF204KB18Z7	IndusInd Bank Ltd	Financial Services	36.55	1.67	1.39	Dec24	3.56
Nippon India Nifty Midcap 150 Idx Dir Gr	INF204KB18Z7	IndusInd Bank Ltd	Financial Services	36.55	1.67	1.39	Jan25	5.32
Nippon India Nifty Midcap 150 Idx Dir Gr	INF204KB18Z7	IndusInd Bank Ltd	Financial Services	36.55	1.67	1.39	Feb25	5.59
Nippon India Nifty Midcap 150 Idx Dir Gr	INF204KB18Z7	IndusInd Bank Ltd	Financial Services	36.55	1.67	1.39	Mar25	15.51
Nippon India Nifty Midcap 150 Idx Dir Gr	INF204KB18Z7	IndusInd Bank Ltd	Financial Services	36.55	1.67	1.39	Mar25	15.51
Nippon India Nifty Midcap 150 Idx Dir Gr	INF204KB18Z7	IndusInd Bank Ltd	Financial Services	36.55	1.67	1.39	Apr25	12.51
Nippon India Nifty Midcap 150 Idx Dir Gr	INF204KB18Z7	IndusInd Bank Ltd	Financial Services	36.55	1.67	1.39	May25	11.15
Nippon India Nifty Midcap 150 Idx Dir Gr	INF204KB18Z7	IndusInd Bank Ltd	Financial Services	36.55	1.67	1.39	June25	10.18
Nippon India Nifty Midcap 150 Idx Dir Gr	INF204KB18Z7	IndusInd Bank Ltd	Financial Services	36.55	1.67	1.39	July25	9.19
Nippon India Nifty Midcap 150 Idx Dir Gr	INF204KB18Z7	IndusInd Bank Ltd	Financial Services	36.55	1.67	1.39	Aug25	8.13
Nippon India Nifty Midcap 150 Idx Dir Gr	INF204KB18Z7	Ashok Leyland Ltd	Industrials	35.04	1.60	1.39	Oct24	5.55
Nippon India Nifty Midcap 150 Idx Dir Gr	INF204KB18Z7	Ashok Leyland Ltd	Industrials	35.04	1.60	1.39	Nov24	7.52
Nippon India Nifty Midcap 150 Idx Dir Gr	INF204KB18Z7	Ashok Leyland Ltd	Industrials	35.04	1.60	1.39	Dec24	3.56
Nippon India Nifty Midcap 150 Idx Dir Gr	INF204KB18Z7	Ashok Leyland Ltd	Industrials	35.04	1.60	1.39	Jan25	5.32
Nippon India Nifty Midcap 150 Idx Dir Gr	INF204KB18Z7	Ashok Leyland Ltd	Industrials	35.04	1.60	1.39	Feb25	5.59
Nippon India Nifty Midcap 150 Idx Dir Gr	INF204KB18Z7	Ashok Leyland Ltd	Industrials	35.04	1.60	1.39	Mar25	15.51
Nippon India Nifty Midcap 150 Idx Dir Gr	INF204KB18Z7	Ashok Leyland Ltd	Industrials	35.04	1.60	1.39	Mar25	15.51
Nippon India Nifty Midcap 150 Idx Dir Gr	INF204KB18Z7	Ashok Leyland Ltd	Industrials	35.04	1.60	1.39	Apr25	12.51
Nippon India Nifty Midcap 150 Idx Dir Gr	INF204KB18Z7	Ashok Leyland Ltd	Industrials	35.04	1.60	1.39	May25	11.15
Nippon India Nifty Midcap 150 Idx Dir Gr	INF204KB18Z7	Ashok Leyland Ltd	Industrials	35.04	1.60	1.39	June25	10.18
Nippon India Nifty Midcap 150 Idx Dir Gr	INF204KB18Z7	Ashok Leyland Ltd	Industrials	35.04	1.60	1.39	July25	9.19
Nippon India Nifty Midcap 150 Idx Dir Gr	INF204KB18Z7	Ashok Leyland Ltd	Industrials	35.04	1.60	1.39	Aug25	8.13
Nippon India Nifty Midcap 150 Idx Dir Gr	INF204KB18Z7	Indus Towers Ltd Ordinary Shares	Communication Services	34.15	1.56	1.39	Oct24	5.55
Nippon India Nifty Midcap 150 Idx Dir Gr	INF204KB18Z7	Indus Towers Ltd Ordinary Shares	Communication Services	34.15	1.56	1.39	Nov24	7.52
Nippon India Nifty Midcap 150 Idx Dir Gr	INF204KB18Z7	Indus Towers Ltd Ordinary Shares	Communication Services	34.15	1.56	1.39	Dec24	3.56
Nippon India Nifty Midcap 150 Idx Dir Gr	INF204KB18Z7	Indus Towers Ltd Ordinary Shares	Communication Services	34.15	1.56	1.39	Jan25	5.32
Nippon India Nifty Midcap 150 Idx Dir Gr	INF204KB18Z7	Indus Towers Ltd Ordinary Shares	Communication Services	34.15	1.56	1.39	Feb25	5.59
Nippon India Nifty Midcap 150 Idx Dir Gr	INF204KB18Z7	Indus Towers Ltd Ordinary Shares	Communication Services	34.15	1.56	1.39	Mar25	15.51
Nippon India Nifty Midcap 150 Idx Dir Gr	INF204KB18Z7	Indus Towers Ltd Ordinary Shares	Communication Services	34.15	1.56	1.39	Mar25	15.51
Nippon India Nifty Midcap 150 Idx Dir Gr	INF204KB18Z7	Indus Towers Ltd Ordinary Shares	Communication Services	34.15	1.56	1.39	Apr25	12.51
Nippon India Nifty Midcap 150 Idx Dir Gr	INF204KB18Z7	Indus Towers Ltd Ordinary Shares	Communication Services	34.15	1.56	1.39	May25	11.15
Nippon India Nifty Midcap 150 Idx Dir Gr	INF204KB18Z7	Indus Towers Ltd Ordinary Shares	Communication Services	34.15	1.56	1.39	June25	10.18
Nippon India Nifty Midcap 150 Idx Dir Gr	INF204KB18Z7	Indus Towers Ltd Ordinary Shares	Communication Services	34.15	1.56	1.39	July25	9.19
Nippon India Nifty Midcap 150 Idx Dir Gr	INF204KB18Z7	Indus Towers Ltd Ordinary Shares	Communication Services	34.15	1.56	1.39	Aug25	8.13
Nippon India Nifty Midcap 150 Idx Dir Gr	INF204KB18Z7	Lupin Ltd	Healthcare	32.37	1.48	1.39	Oct24	5.55
Nippon India Nifty Midcap 150 Idx Dir Gr	INF204KB18Z7	Lupin Ltd	Healthcare	32.37	1.48	1.39	Nov24	7.52
Nippon India Nifty Midcap 150 Idx Dir Gr	INF204KB18Z7	Lupin Ltd	Healthcare	32.37	1.48	1.39	Dec24	3.56
Nippon India Nifty Midcap 150 Idx Dir Gr	INF204KB18Z7	Lupin Ltd	Healthcare	32.37	1.48	1.39	Jan25	5.32
Nippon India Nifty Midcap 150 Idx Dir Gr	INF204KB18Z7	Lupin Ltd	Healthcare	32.37	1.48	1.39	Feb25	5.59
Nippon India Nifty Midcap 150 Idx Dir Gr	INF204KB18Z7	Lupin Ltd	Healthcare	32.37	1.48	1.39	Mar25	15.51
Nippon India Nifty Midcap 150 Idx Dir Gr	INF204KB18Z7	Lupin Ltd	Healthcare	32.37	1.48	1.39	Mar25	15.51
Nippon India Nifty Midcap 150 Idx Dir Gr	INF204KB18Z7	Lupin Ltd	Healthcare	32.37	1.48	1.39	Apr25	12.51
Nippon India Nifty Midcap 150 Idx Dir Gr	INF204KB18Z7	Lupin Ltd	Healthcare	32.37	1.48	1.39	May25	11.15
Nippon India Nifty Midcap 150 Idx Dir Gr	INF204KB18Z7	Lupin Ltd	Healthcare	32.37	1.48	1.39	June25	10.18
Nippon India Nifty Midcap 150 Idx Dir Gr	INF204KB18Z7	Lupin Ltd	Healthcare	32.37	1.48	1.39	July25	9.19
Nippon India Nifty Midcap 150 Idx Dir Gr	INF204KB18Z7	Lupin Ltd	Healthcare	32.37	1.48	1.39	Aug25	8.13
Nippon India Nifty Midcap 150 Idx Dir Gr	INF204KB18Z7	HDFC Asset Management Co Ltd	Financial Services	31.86	1.46	1.39	Oct24	5.55
Nippon India Nifty Midcap 150 Idx Dir Gr	INF204KB18Z7	HDFC Asset Management Co Ltd	Financial Services	31.86	1.46	1.39	Nov24	7.52
Nippon India Nifty Midcap 150 Idx Dir Gr	INF204KB18Z7	HDFC Asset Management Co Ltd	Financial Services	31.86	1.46	1.39	Dec24	3.56
Nippon India Nifty Midcap 150 Idx Dir Gr	INF204KB18Z7	HDFC Asset Management Co Ltd	Financial Services	31.86	1.46	1.39	Jan25	5.32
Nippon India Nifty Midcap 150 Idx Dir Gr	INF204KB18Z7	HDFC Asset Management Co Ltd	Financial Services	31.86	1.46	1.39	Feb25	5.59
Nippon India Nifty Midcap 150 Idx Dir Gr	INF204KB18Z7	HDFC Asset Management Co Ltd	Financial Services	31.86	1.46	1.39	Mar25	15.51
Nippon India Nifty Midcap 150 Idx Dir Gr	INF204KB18Z7	HDFC Asset Management Co Ltd	Financial Services	31.86	1.46	1.39	Mar25	15.51
Nippon India Nifty Midcap 150 Idx Dir Gr	INF204KB18Z7	HDFC Asset Management Co Ltd	Financial Services	31.86	1.46	1.39	Apr25	12.51
Nippon India Nifty Midcap 150 Idx Dir Gr	INF204KB18Z7	HDFC Asset Management Co Ltd	Financial Services	31.86	1.46	1.39	May25	11.15
Nippon India Nifty Midcap 150 Idx Dir Gr	INF204KB18Z7	HDFC Asset Management Co Ltd	Financial Services	31.86	1.46	1.39	June25	10.18
Nippon India Nifty Midcap 150 Idx Dir Gr	INF204KB18Z7	HDFC Asset Management Co Ltd	Financial Services	31.86	1.46	1.39	July25	9.19
Nippon India Nifty Midcap 150 Idx Dir Gr	INF204KB18Z7	HDFC Asset Management Co Ltd	Financial Services	31.86	1.46	1.39	Aug25	8.13
Nippon India Nifty Midcap 150 Idx Dir Gr	INF204KB18Z7	AU Small Finance Bank Ltd	Financial Services	31.37	1.43	1.39	Oct24	5.55
Nippon India Nifty Midcap 150 Idx Dir Gr	INF204KB18Z7	AU Small Finance Bank Ltd	Financial Services	31.37	1.43	1.39	Nov24	7.52
Nippon India Nifty Midcap 150 Idx Dir Gr	INF204KB18Z7	AU Small Finance Bank Ltd	Financial Services	31.37	1.43	1.39	Dec24	3.56
Nippon India Nifty Midcap 150 Idx Dir Gr	INF204KB18Z7	AU Small Finance Bank Ltd	Financial Services	31.37	1.43	1.39	Jan25	5.32
Nippon India Nifty Midcap 150 Idx Dir Gr	INF204KB18Z7	AU Small Finance Bank Ltd	Financial Services	31.37	1.43	1.39	Feb25	5.59
Nippon India Nifty Midcap 150 Idx Dir Gr	INF204KB18Z7	AU Small Finance Bank Ltd	Financial Services	31.37	1.43	1.39	Mar25	15.51
Nippon India Nifty Midcap 150 Idx Dir Gr	INF204KB18Z7	AU Small Finance Bank Ltd	Financial Services	31.37	1.43	1.39	Mar25	15.51
Nippon India Nifty Midcap 150 Idx Dir Gr	INF204KB18Z7	AU Small Finance Bank Ltd	Financial Services	31.37	1.43	1.39	Apr25	12.51
Nippon India Nifty Midcap 150 Idx Dir Gr	INF204KB18Z7	AU Small Finance Bank Ltd	Financial Services	31.37	1.43	1.39	May25	11.15
Nippon India Nifty Midcap 150 Idx Dir Gr	INF204KB18Z7	AU Small Finance Bank Ltd	Financial Services	31.37	1.43	1.39	June25	10.18
Nippon India Nifty Midcap 150 Idx Dir Gr	INF204KB18Z7	AU Small Finance Bank Ltd	Financial Services	31.37	1.43	1.39	July25	9.19
Nippon India Nifty Midcap 150 Idx Dir Gr	INF204KB18Z7	AU Small Finance Bank Ltd	Financial Services	31.37	1.43	1.39	Aug25	8.13
Nippon India Nifty Midcap 150 Idx Dir Gr	INF204KB18Z7	Suzlon Energy Ltd	Industrials	30.03	1.37	1.39	Oct24	5.55
Nippon India Nifty Midcap 150 Idx Dir Gr	INF204KB18Z7	Suzlon Energy Ltd	Industrials	30.03	1.37	1.39	Nov24	7.52
Nippon India Nifty Midcap 150 Idx Dir Gr	INF204KB18Z7	Suzlon Energy Ltd	Industrials	30.03	1.37	1.39	Dec24	3.56
Nippon India Nifty Midcap 150 Idx Dir Gr	INF204KB18Z7	Suzlon Energy Ltd	Industrials	30.03	1.37	1.39	Jan25	5.32
Nippon India Nifty Midcap 150 Idx Dir Gr	INF204KB18Z7	Suzlon Energy Ltd	Industrials	30.03	1.37	1.39	Feb25	5.59
Nippon India Nifty Midcap 150 Idx Dir Gr	INF204KB18Z7	Suzlon Energy Ltd	Industrials	30.03	1.37	1.39	Mar25	15.51
Nippon India Nifty Midcap 150 Idx Dir Gr	INF204KB18Z7	Suzlon Energy Ltd	Industrials	30.03	1.37	1.39	Mar25	15.51
Nippon India Nifty Midcap 150 Idx Dir Gr	INF204KB18Z7	Suzlon Energy Ltd	Industrials	30.03	1.37	1.39	Apr25	12.51
Nippon India Nifty Midcap 150 Idx Dir Gr	INF204KB18Z7	Suzlon Energy Ltd	Industrials	30.03	1.37	1.39	May25	11.15
Nippon India Nifty Midcap 150 Idx Dir Gr	INF204KB18Z7	Suzlon Energy Ltd	Industrials	30.03	1.37	1.39	June25	10.18
Nippon India Nifty Midcap 150 Idx Dir Gr	INF204KB18Z7	Suzlon Energy Ltd	Industrials	30.03	1.37	1.39	July25	9.19
Nippon India Nifty Midcap 150 Idx Dir Gr	INF204KB18Z7	Suzlon Energy Ltd	Industrials	30.03	1.37	1.39	Aug25	8.13
Nippon India Nifty Midcap 150 Idx Dir Gr	INF204KB18Z7	Persistent Systems Ltd	Technology	29.87	1.37	1.39	Oct24	5.55
Nippon India Nifty Midcap 150 Idx Dir Gr	INF204KB18Z7	Persistent Systems Ltd	Technology	29.87	1.37	1.39	Nov24	7.52
Nippon India Nifty Midcap 150 Idx Dir Gr	INF204KB18Z7	Persistent Systems Ltd	Technology	29.87	1.37	1.39	Dec24	3.56
Nippon India Nifty Midcap 150 Idx Dir Gr	INF204KB18Z7	Persistent Systems Ltd	Technology	29.87	1.37	1.39	Jan25	5.32
Nippon India Nifty Midcap 150 Idx Dir Gr	INF204KB18Z7	Persistent Systems Ltd	Technology	29.87	1.37	1.39	Feb25	5.59
Nippon India Nifty Midcap 150 Idx Dir Gr	INF204KB18Z7	Persistent Systems Ltd	Technology	29.87	1.37	1.39	Mar25	15.51
Nippon India Nifty Midcap 150 Idx Dir Gr	INF204KB18Z7	Persistent Systems Ltd	Technology	29.87	1.37	1.39	Mar25	15.51
Nippon India Nifty Midcap 150 Idx Dir Gr	INF204KB18Z7	Persistent Systems Ltd	Technology	29.87	1.37	1.39	Apr25	12.51
Nippon India Nifty Midcap 150 Idx Dir Gr	INF204KB18Z7	Persistent Systems Ltd	Technology	29.87	1.37	1.39	May25	11.15
Nippon India Nifty Midcap 150 Idx Dir Gr	INF204KB18Z7	Persistent Systems Ltd	Technology	29.87	1.37	1.39	June25	10.18
Nippon India Nifty Midcap 150 Idx Dir Gr	INF204KB18Z7	Persistent Systems Ltd	Technology	29.87	1.37	1.39	July25	9.19
Nippon India Nifty Midcap 150 Idx Dir Gr	INF204KB18Z7	Persistent Systems Ltd	Technology	29.87	1.37	1.39	Aug25	8.13
Nippon India Nifty Midcap 150 Idx Dir Gr	INF204KB18Z7	Bharat Forge Ltd	Consumer Cyclical	29.56	1.35	1.39	Oct24	5.55
Nippon India Nifty Midcap 150 Idx Dir Gr	INF204KB18Z7	Bharat Forge Ltd	Consumer Cyclical	29.56	1.35	1.39	Nov24	7.52
Nippon India Nifty Midcap 150 Idx Dir Gr	INF204KB18Z7	Bharat Forge Ltd	Consumer Cyclical	29.56	1.35	1.39	Dec24	3.56
Nippon India Nifty Midcap 150 Idx Dir Gr	INF204KB18Z7	Bharat Forge Ltd	Consumer Cyclical	29.56	1.35	1.39	Jan25	5.32
Nippon India Nifty Midcap 150 Idx Dir Gr	INF204KB18Z7	Bharat Forge Ltd	Consumer Cyclical	29.56	1.35	1.39	Feb25	5.59
Nippon India Nifty Midcap 150 Idx Dir Gr	INF204KB18Z7	Bharat Forge Ltd	Consumer Cyclical	29.56	1.35	1.39	Mar25	15.51
Nippon India Nifty Midcap 150 Idx Dir Gr	INF204KB18Z7	Bharat Forge Ltd	Consumer Cyclical	29.56	1.35	1.39	Mar25	15.51
Nippon India Nifty Midcap 150 Idx Dir Gr	INF204KB18Z7	Bharat Forge Ltd	Consumer Cyclical	29.56	1.35	1.39	Apr25	12.51
Nippon India Nifty Midcap 150 Idx Dir Gr	INF204KB18Z7	Bharat Forge Ltd	Consumer Cyclical	29.56	1.35	1.39	May25	11.15
Nippon India Nifty Midcap 150 Idx Dir Gr	INF204KB18Z7	Bharat Forge Ltd	Consumer Cyclical	29.56	1.35	1.39	June25	10.18
Nippon India Nifty Midcap 150 Idx Dir Gr	INF204KB18Z7	Bharat Forge Ltd	Consumer Cyclical	29.56	1.35	1.39	July25	9.19
Nippon India Nifty Midcap 150 Idx Dir Gr	INF204KB18Z7	Bharat Forge Ltd	Consumer Cyclical	29.56	1.35	1.39	Aug25	8.13
Nippon India Nifty Midcap 150 Idx Dir Gr	INF204KB18Z7	PB Fintech Ltd	Financial Services	29.30	1.34	1.39	Oct24	5.55
Nippon India Nifty Midcap 150 Idx Dir Gr	INF204KB18Z7	PB Fintech Ltd	Financial Services	29.30	1.34	1.39	Nov24	7.52
Nippon India Nifty Midcap 150 Idx Dir Gr	INF204KB18Z7	PB Fintech Ltd	Financial Services	29.30	1.34	1.39	Dec24	3.56
Nippon India Nifty Midcap 150 Idx Dir Gr	INF204KB18Z7	PB Fintech Ltd	Financial Services	29.30	1.34	1.39	Jan25	5.32
Nippon India Nifty Midcap 150 Idx Dir Gr	INF204KB18Z7	PB Fintech Ltd	Financial Services	29.30	1.34	1.39	Feb25	5.59
Nippon India Nifty Midcap 150 Idx Dir Gr	INF204KB18Z7	PB Fintech Ltd	Financial Services	29.30	1.34	1.39	Mar25	15.51
Nippon India Nifty Midcap 150 Idx Dir Gr	INF204KB18Z7	PB Fintech Ltd	Financial Services	29.30	1.34	1.39	Mar25	15.51
Nippon India Nifty Midcap 150 Idx Dir Gr	INF204KB18Z7	PB Fintech Ltd	Financial Services	29.30	1.34	1.39	Apr25	12.51
Nippon India Nifty Midcap 150 Idx Dir Gr	INF204KB18Z7	PB Fintech Ltd	Financial Services	29.30	1.34	1.39	May25	11.15
Nippon India Nifty Midcap 150 Idx Dir Gr	INF204KB18Z7	PB Fintech Ltd	Financial Services	29.30	1.34	1.39	June25	10.18
Nippon India Nifty Midcap 150 Idx Dir Gr	INF204KB18Z7	PB Fintech Ltd	Financial Services	29.30	1.34	1.39	July25	9.19
Nippon India Nifty Midcap 150 Idx Dir Gr	INF204KB18Z7	PB Fintech Ltd	Financial Services	29.30	1.34	1.39	Aug25	8.13
Nippon India Nifty Midcap 150 Idx Dir Gr	INF204KB18Z7	Fortis Healthcare Ltd	Healthcare	28.49	1.30	1.39	Oct24	5.55
Nippon India Nifty Midcap 150 Idx Dir Gr	INF204KB18Z7	Fortis Healthcare Ltd	Healthcare	28.49	1.30	1.39	Nov24	7.52
Nippon India Nifty Midcap 150 Idx Dir Gr	INF204KB18Z7	Fortis Healthcare Ltd	Healthcare	28.49	1.30	1.39	Dec24	3.56
Nippon India Nifty Midcap 150 Idx Dir Gr	INF204KB18Z7	Fortis Healthcare Ltd	Healthcare	28.49	1.30	1.39	Jan25	5.32
Nippon India Nifty Midcap 150 Idx Dir Gr	INF204KB18Z7	Fortis Healthcare Ltd	Healthcare	28.49	1.30	1.39	Feb25	5.59
Nippon India Nifty Midcap 150 Idx Dir Gr	INF204KB18Z7	Fortis Healthcare Ltd	Healthcare	28.49	1.30	1.39	Mar25	15.51
Nippon India Nifty Midcap 150 Idx Dir Gr	INF204KB18Z7	Fortis Healthcare Ltd	Healthcare	28.49	1.30	1.39	Mar25	15.51
Nippon India Nifty Midcap 150 Idx Dir Gr	INF204KB18Z7	Fortis Healthcare Ltd	Healthcare	28.49	1.30	1.39	Apr25	12.51
Nippon India Nifty Midcap 150 Idx Dir Gr	INF204KB18Z7	Fortis Healthcare Ltd	Healthcare	28.49	1.30	1.39	May25	11.15
Nippon India Nifty Midcap 150 Idx Dir Gr	INF204KB18Z7	Fortis Healthcare Ltd	Healthcare	28.49	1.30	1.39	June25	10.18
Nippon India Nifty Midcap 150 Idx Dir Gr	INF204KB18Z7	Fortis Healthcare Ltd	Healthcare	28.49	1.30	1.39	July25	9.19
Nippon India Nifty Midcap 150 Idx Dir Gr	INF204KB18Z7	Fortis Healthcare Ltd	Healthcare	28.49	1.30	1.39	Aug25	8.13
Nippon India Nifty Midcap 150 Idx Dir Gr	INF204KB18Z7	IDFC First Bank Ltd	Financial Services	28.21	1.29	1.39	Oct24	5.55
Nippon India Nifty Midcap 150 Idx Dir Gr	INF204KB18Z7	IDFC First Bank Ltd	Financial Services	28.21	1.29	1.39	Nov24	7.52
Nippon India Nifty Midcap 150 Idx Dir Gr	INF204KB18Z7	IDFC First Bank Ltd	Financial Services	28.21	1.29	1.39	Dec24	3.56
Nippon India Nifty Midcap 150 Idx Dir Gr	INF204KB18Z7	IDFC First Bank Ltd	Financial Services	28.21	1.29	1.39	Jan25	5.32
Nippon India Nifty Midcap 150 Idx Dir Gr	INF204KB18Z7	IDFC First Bank Ltd	Financial Services	28.21	1.29	1.39	Feb25	5.59
Nippon India Nifty Midcap 150 Idx Dir Gr	INF204KB18Z7	IDFC First Bank Ltd	Financial Services	28.21	1.29	1.39	Mar25	15.51
Nippon India Nifty Midcap 150 Idx Dir Gr	INF204KB18Z7	IDFC First Bank Ltd	Financial Services	28.21	1.29	1.39	Mar25	15.51
Nippon India Nifty Midcap 150 Idx Dir Gr	INF204KB18Z7	IDFC First Bank Ltd	Financial Services	28.21	1.29	1.39	Apr25	12.51
Nippon India Nifty Midcap 150 Idx Dir Gr	INF204KB18Z7	IDFC First Bank Ltd	Financial Services	28.21	1.29	1.39	May25	11.15
Nippon India Nifty Midcap 150 Idx Dir Gr	INF204KB18Z7	IDFC First Bank Ltd	Financial Services	28.21	1.29	1.39	June25	10.18
Nippon India Nifty Midcap 150 Idx Dir Gr	INF204KB18Z7	IDFC First Bank Ltd	Financial Services	28.21	1.29	1.39	July25	9.19
Nippon India Nifty Midcap 150 Idx Dir Gr	INF204KB18Z7	IDFC First Bank Ltd	Financial Services	28.21	1.29	1.39	Aug25	8.13
Nippon India Nifty Midcap 150 Idx Dir Gr	INF204KB18Z7	Max Financial Services Ltd	Financial Services	27.73	1.27	1.39	Oct24	5.55
Nippon India Nifty Midcap 150 Idx Dir Gr	INF204KB18Z7	Max Financial Services Ltd	Financial Services	27.73	1.27	1.39	Nov24	7.52
Nippon India Nifty Midcap 150 Idx Dir Gr	INF204KB18Z7	Max Financial Services Ltd	Financial Services	27.73	1.27	1.39	Dec24	3.56
Nippon India Nifty Midcap 150 Idx Dir Gr	INF204KB18Z7	Max Financial Services Ltd	Financial Services	27.73	1.27	1.39	Jan25	5.32
Nippon India Nifty Midcap 150 Idx Dir Gr	INF204KB18Z7	Max Financial Services Ltd	Financial Services	27.73	1.27	1.39	Feb25	5.59
Nippon India Nifty Midcap 150 Idx Dir Gr	INF204KB18Z7	Max Financial Services Ltd	Financial Services	27.73	1.27	1.39	Mar25	15.51
Nippon India Nifty Midcap 150 Idx Dir Gr	INF204KB18Z7	Max Financial Services Ltd	Financial Services	27.73	1.27	1.39	Mar25	15.51
Nippon India Nifty Midcap 150 Idx Dir Gr	INF204KB18Z7	Max Financial Services Ltd	Financial Services	27.73	1.27	1.39	Apr25	12.51
Nippon India Nifty Midcap 150 Idx Dir Gr	INF204KB18Z7	Max Financial Services Ltd	Financial Services	27.73	1.27	1.39	May25	11.15
Nippon India Nifty Midcap 150 Idx Dir Gr	INF204KB18Z7	Max Financial Services Ltd	Financial Services	27.73	1.27	1.39	June25	10.18
Nippon India Nifty Midcap 150 Idx Dir Gr	INF204KB18Z7	Max Financial Services Ltd	Financial Services	27.73	1.27	1.39	July25	9.19
Nippon India Nifty Midcap 150 Idx Dir Gr	INF204KB18Z7	Max Financial Services Ltd	Financial Services	27.73	1.27	1.39	Aug25	8.13
Nippon India Nifty Midcap 150 Idx Dir Gr	INF204KB18Z7	GE Vernova T&D India Ltd	Industrials	27.67	1.26	1.39	Oct24	5.55
Nippon India Nifty Midcap 150 Idx Dir Gr	INF204KB18Z7	GE Vernova T&D India Ltd	Industrials	27.67	1.26	1.39	Nov24	7.52
Nippon India Nifty Midcap 150 Idx Dir Gr	INF204KB18Z7	GE Vernova T&D India Ltd	Industrials	27.67	1.26	1.39	Dec24	3.56
Nippon India Nifty Midcap 150 Idx Dir Gr	INF204KB18Z7	GE Vernova T&D India Ltd	Industrials	27.67	1.26	1.39	Jan25	5.32
Nippon India Nifty Midcap 150 Idx Dir Gr	INF204KB18Z7	GE Vernova T&D India Ltd	Industrials	27.67	1.26	1.39	Feb25	5.59
Nippon India Nifty Midcap 150 Idx Dir Gr	INF204KB18Z7	GE Vernova T&D India Ltd	Industrials	27.67	1.26	1.39	Mar25	15.51
Nippon India Nifty Midcap 150 Idx Dir Gr	INF204KB18Z7	GE Vernova T&D India Ltd	Industrials	27.67	1.26	1.39	Mar25	15.51
Nippon India Nifty Midcap 150 Idx Dir Gr	INF204KB18Z7	GE Vernova T&D India Ltd	Industrials	27.67	1.26	1.39	Apr25	12.51
Nippon India Nifty Midcap 150 Idx Dir Gr	INF204KB18Z7	GE Vernova T&D India Ltd	Industrials	27.67	1.26	1.39	May25	11.15
Nippon India Nifty Midcap 150 Idx Dir Gr	INF204KB18Z7	GE Vernova T&D India Ltd	Industrials	27.67	1.26	1.39	June25	10.18
Nippon India Nifty Midcap 150 Idx Dir Gr	INF204KB18Z7	GE Vernova T&D India Ltd	Industrials	27.67	1.26	1.39	July25	9.19
Nippon India Nifty Midcap 150 Idx Dir Gr	INF204KB18Z7	GE Vernova T&D India Ltd	Industrials	27.67	1.26	1.39	Aug25	8.13
Nippon India Nifty Midcap 150 Idx Dir Gr	INF204KB18Z7	Polycab India Ltd	Industrials	26.30	1.20	1.39	Oct24	5.55
Nippon India Nifty Midcap 150 Idx Dir Gr	INF204KB18Z7	Polycab India Ltd	Industrials	26.30	1.20	1.39	Nov24	7.52
Nippon India Nifty Midcap 150 Idx Dir Gr	INF204KB18Z7	Polycab India Ltd	Industrials	26.30	1.20	1.39	Dec24	3.56
Nippon India Nifty Midcap 150 Idx Dir Gr	INF204KB18Z7	Polycab India Ltd	Industrials	26.30	1.20	1.39	Jan25	5.32
Nippon India Nifty Midcap 150 Idx Dir Gr	INF204KB18Z7	Polycab India Ltd	Industrials	26.30	1.20	1.39	Feb25	5.59
Nippon India Nifty Midcap 150 Idx Dir Gr	INF204KB18Z7	Polycab India Ltd	Industrials	26.30	1.20	1.39	Mar25	15.51
Nippon India Nifty Midcap 150 Idx Dir Gr	INF204KB18Z7	Polycab India Ltd	Industrials	26.30	1.20	1.39	Mar25	15.51
Nippon India Nifty Midcap 150 Idx Dir Gr	INF204KB18Z7	Polycab India Ltd	Industrials	26.30	1.20	1.39	Apr25	12.51
Nippon India Nifty Midcap 150 Idx Dir Gr	INF204KB18Z7	Polycab India Ltd	Industrials	26.30	1.20	1.39	May25	11.15
Nippon India Nifty Midcap 150 Idx Dir Gr	INF204KB18Z7	Polycab India Ltd	Industrials	26.30	1.20	1.39	June25	10.18
Nippon India Nifty Midcap 150 Idx Dir Gr	INF204KB18Z7	Polycab India Ltd	Industrials	26.30	1.20	1.39	July25	9.19
Nippon India Nifty Midcap 150 Idx Dir Gr	INF204KB18Z7	Polycab India Ltd	Industrials	26.30	1.20	1.39	Aug25	8.13
Nippon India Nifty Midcap 150 Idx Dir Gr	INF204KB18Z7	One97 Communications Ltd	Technology	25.86	1.18	1.39	Oct24	5.55
Nippon India Nifty Midcap 150 Idx Dir Gr	INF204KB18Z7	One97 Communications Ltd	Technology	25.86	1.18	1.39	Nov24	7.52
Nippon India Nifty Midcap 150 Idx Dir Gr	INF204KB18Z7	One97 Communications Ltd	Technology	25.86	1.18	1.39	Dec24	3.56
Nippon India Nifty Midcap 150 Idx Dir Gr	INF204KB18Z7	One97 Communications Ltd	Technology	25.86	1.18	1.39	Jan25	5.32
Nippon India Nifty Midcap 150 Idx Dir Gr	INF204KB18Z7	One97 Communications Ltd	Technology	25.86	1.18	1.39	Feb25	5.59
Nippon India Nifty Midcap 150 Idx Dir Gr	INF204KB18Z7	One97 Communications Ltd	Technology	25.86	1.18	1.39	Mar25	15.51
Nippon India Nifty Midcap 150 Idx Dir Gr	INF204KB18Z7	One97 Communications Ltd	Technology	25.86	1.18	1.39	Mar25	15.51
Nippon India Nifty Midcap 150 Idx Dir Gr	INF204KB18Z7	One97 Communications Ltd	Technology	25.86	1.18	1.39	Apr25	12.51
Nippon India Nifty Midcap 150 Idx Dir Gr	INF204KB18Z7	One97 Communications Ltd	Technology	25.86	1.18	1.39	May25	11.15
Nippon India Nifty Midcap 150 Idx Dir Gr	INF204KB18Z7	One97 Communications Ltd	Technology	25.86	1.18	1.39	June25	10.18
Nippon India Nifty Midcap 150 Idx Dir Gr	INF204KB18Z7	One97 Communications Ltd	Technology	25.86	1.18	1.39	July25	9.19
Nippon India Nifty Midcap 150 Idx Dir Gr	INF204KB18Z7	One97 Communications Ltd	Technology	25.86	1.18	1.39	Aug25	8.13
Nippon India Nifty Midcap 150 Idx Dir Gr	INF204KB18Z7	Dixon Technologies (India) Ltd	Technology	25.12	1.15	1.39	Oct24	5.55
Nippon India Nifty Midcap 150 Idx Dir Gr	INF204KB18Z7	Dixon Technologies (India) Ltd	Technology	25.12	1.15	1.39	Nov24	7.52
Nippon India Nifty Midcap 150 Idx Dir Gr	INF204KB18Z7	Dixon Technologies (India) Ltd	Technology	25.12	1.15	1.39	Dec24	3.56
Nippon India Nifty Midcap 150 Idx Dir Gr	INF204KB18Z7	Dixon Technologies (India) Ltd	Technology	25.12	1.15	1.39	Jan25	5.32
Nippon India Nifty Midcap 150 Idx Dir Gr	INF204KB18Z7	Dixon Technologies (India) Ltd	Technology	25.12	1.15	1.39	Feb25	5.59
Nippon India Nifty Midcap 150 Idx Dir Gr	INF204KB18Z7	Dixon Technologies (India) Ltd	Technology	25.12	1.15	1.39	Mar25	15.51
Nippon India Nifty Midcap 150 Idx Dir Gr	INF204KB18Z7	Dixon Technologies (India) Ltd	Technology	25.12	1.15	1.39	Mar25	15.51
Nippon India Nifty Midcap 150 Idx Dir Gr	INF204KB18Z7	Dixon Technologies (India) Ltd	Technology	25.12	1.15	1.39	Apr25	12.51
Nippon India Nifty Midcap 150 Idx Dir Gr	INF204KB18Z7	Dixon Technologies (India) Ltd	Technology	25.12	1.15	1.39	May25	11.15
Nippon India Nifty Midcap 150 Idx Dir Gr	INF204KB18Z7	Dixon Technologies (India) Ltd	Technology	25.12	1.15	1.39	June25	10.18
Nippon India Nifty Midcap 150 Idx Dir Gr	INF204KB18Z7	Dixon Technologies (India) Ltd	Technology	25.12	1.15	1.39	July25	9.19
Nippon India Nifty Midcap 150 Idx Dir Gr	INF204KB18Z7	Dixon Technologies (India) Ltd	Technology	25.12	1.15	1.39	Aug25	8.13
Nippon India Nifty Midcap 150 Idx Dir Gr	INF204KB18Z7	Hindustan Petroleum Corp Ltd	Energy	24.44	1.12	1.39	Oct24	5.55
Nippon India Nifty Midcap 150 Idx Dir Gr	INF204KB18Z7	Hindustan Petroleum Corp Ltd	Energy	24.44	1.12	1.39	Nov24	7.52
Nippon India Nifty Midcap 150 Idx Dir Gr	INF204KB18Z7	Hindustan Petroleum Corp Ltd	Energy	24.44	1.12	1.39	Dec24	3.56
Nippon India Nifty Midcap 150 Idx Dir Gr	INF204KB18Z7	Hindustan Petroleum Corp Ltd	Energy	24.44	1.12	1.39	Jan25	5.32
Nippon India Nifty Midcap 150 Idx Dir Gr	INF204KB18Z7	Hindustan Petroleum Corp Ltd	Energy	24.44	1.12	1.39	Feb25	5.59
Nippon India Nifty Midcap 150 Idx Dir Gr	INF204KB18Z7	Hindustan Petroleum Corp Ltd	Energy	24.44	1.12	1.39	Mar25	15.51
Nippon India Nifty Midcap 150 Idx Dir Gr	INF204KB18Z7	Hindustan Petroleum Corp Ltd	Energy	24.44	1.12	1.39	Mar25	15.51
Nippon India Nifty Midcap 150 Idx Dir Gr	INF204KB18Z7	Hindustan Petroleum Corp Ltd	Energy	24.44	1.12	1.39	Apr25	12.51
Nippon India Nifty Midcap 150 Idx Dir Gr	INF204KB18Z7	Hindustan Petroleum Corp Ltd	Energy	24.44	1.12	1.39	May25	11.15
Nippon India Nifty Midcap 150 Idx Dir Gr	INF204KB18Z7	Hindustan Petroleum Corp Ltd	Energy	24.44	1.12	1.39	June25	10.18
Nippon India Nifty Midcap 150 Idx Dir Gr	INF204KB18Z7	Hindustan Petroleum Corp Ltd	Energy	24.44	1.12	1.39	July25	9.19
Nippon India Nifty Midcap 150 Idx Dir Gr	INF204KB18Z7	Hindustan Petroleum Corp Ltd	Energy	24.44	1.12	1.39	Aug25	8.13
Nippon India Nifty Midcap 150 Idx Dir Gr	INF204KB18Z7	Marico Ltd	Consumer Defensive	24.18	1.11	1.39	Oct24	5.55
Nippon India Nifty Midcap 150 Idx Dir Gr	INF204KB18Z7	Marico Ltd	Consumer Defensive	24.18	1.11	1.39	Nov24	7.52
Nippon India Nifty Midcap 150 Idx Dir Gr	INF204KB18Z7	Marico Ltd	Consumer Defensive	24.18	1.11	1.39	Dec24	3.56
Nippon India Nifty Midcap 150 Idx Dir Gr	INF204KB18Z7	Marico Ltd	Consumer Defensive	24.18	1.11	1.39	Jan25	5.32
Nippon India Nifty Midcap 150 Idx Dir Gr	INF204KB18Z7	Marico Ltd	Consumer Defensive	24.18	1.11	1.39	Feb25	5.59
Nippon India Nifty Midcap 150 Idx Dir Gr	INF204KB18Z7	Marico Ltd	Consumer Defensive	24.18	1.11	1.39	Mar25	15.51
Nippon India Nifty Midcap 150 Idx Dir Gr	INF204KB18Z7	Marico Ltd	Consumer Defensive	24.18	1.11	1.39	Mar25	15.51
Nippon India Nifty Midcap 150 Idx Dir Gr	INF204KB18Z7	Marico Ltd	Consumer Defensive	24.18	1.11	1.39	Apr25	12.51
Nippon India Nifty Midcap 150 Idx Dir Gr	INF204KB18Z7	Marico Ltd	Consumer Defensive	24.18	1.11	1.39	May25	11.15
Nippon India Nifty Midcap 150 Idx Dir Gr	INF204KB18Z7	Marico Ltd	Consumer Defensive	24.18	1.11	1.39	June25	10.18
Nippon India Nifty Midcap 150 Idx Dir Gr	INF204KB18Z7	Marico Ltd	Consumer Defensive	24.18	1.11	1.39	July25	9.19
Nippon India Nifty Midcap 150 Idx Dir Gr	INF204KB18Z7	Marico Ltd	Consumer Defensive	24.18	1.11	1.39	Aug25	8.13
Nippon India Nifty Midcap 150 Idx Dir Gr	INF204KB18Z7	APL Apollo Tubes Ltd	Basic Materials	23.56	1.08	1.39	Oct24	5.55
Nippon India Nifty Midcap 150 Idx Dir Gr	INF204KB18Z7	APL Apollo Tubes Ltd	Basic Materials	23.56	1.08	1.39	Nov24	7.52
Nippon India Nifty Midcap 150 Idx Dir Gr	INF204KB18Z7	APL Apollo Tubes Ltd	Basic Materials	23.56	1.08	1.39	Dec24	3.56
Nippon India Nifty Midcap 150 Idx Dir Gr	INF204KB18Z7	APL Apollo Tubes Ltd	Basic Materials	23.56	1.08	1.39	Jan25	5.32
Nippon India Nifty Midcap 150 Idx Dir Gr	INF204KB18Z7	APL Apollo Tubes Ltd	Basic Materials	23.56	1.08	1.39	Feb25	5.59
Nippon India Nifty Midcap 150 Idx Dir Gr	INF204KB18Z7	APL Apollo Tubes Ltd	Basic Materials	23.56	1.08	1.39	Mar25	15.51
Nippon India Nifty Midcap 150 Idx Dir Gr	INF204KB18Z7	APL Apollo Tubes Ltd	Basic Materials	23.56	1.08	1.39	Mar25	15.51
Nippon India Nifty Midcap 150 Idx Dir Gr	INF204KB18Z7	APL Apollo Tubes Ltd	Basic Materials	23.56	1.08	1.39	Apr25	12.51
Nippon India Nifty Midcap 150 Idx Dir Gr	INF204KB18Z7	APL Apollo Tubes Ltd	Basic Materials	23.56	1.08	1.39	May25	11.15
Nippon India Nifty Midcap 150 Idx Dir Gr	INF204KB18Z7	APL Apollo Tubes Ltd	Basic Materials	23.56	1.08	1.39	June25	10.18
Nippon India Nifty Midcap 150 Idx Dir Gr	INF204KB18Z7	APL Apollo Tubes Ltd	Basic Materials	23.56	1.08	1.39	July25	9.19
Nippon India Nifty Midcap 150 Idx Dir Gr	INF204KB18Z7	APL Apollo Tubes Ltd	Basic Materials	23.56	1.08	1.39	Aug25	8.13
Nippon India Nifty Midcap 150 Idx Dir Gr	INF204KB18Z7	Swiggy Ltd	Consumer Cyclical	23.39	1.07	1.39	Oct24	5.55
Nippon India Nifty Midcap 150 Idx Dir Gr	INF204KB18Z7	Swiggy Ltd	Consumer Cyclical	23.39	1.07	1.39	Nov24	7.52
Nippon India Nifty Midcap 150 Idx Dir Gr	INF204KB18Z7	Swiggy Ltd	Consumer Cyclical	23.39	1.07	1.39	Dec24	3.56
Nippon India Nifty Midcap 150 Idx Dir Gr	INF204KB18Z7	Swiggy Ltd	Consumer Cyclical	23.39	1.07	1.39	Jan25	5.32
Nippon India Nifty Midcap 150 Idx Dir Gr	INF204KB18Z7	Swiggy Ltd	Consumer Cyclical	23.39	1.07	1.39	Feb25	5.59
Nippon India Nifty Midcap 150 Idx Dir Gr	INF204KB18Z7	Swiggy Ltd	Consumer Cyclical	23.39	1.07	1.39	Mar25	15.51
Nippon India Nifty Midcap 150 Idx Dir Gr	INF204KB18Z7	Swiggy Ltd	Consumer Cyclical	23.39	1.07	1.39	Mar25	15.51
Nippon India Nifty Midcap 150 Idx Dir Gr	INF204KB18Z7	Swiggy Ltd	Consumer Cyclical	23.39	1.07	1.39	Apr25	12.51
Nippon India Nifty Midcap 150 Idx Dir Gr	INF204KB18Z7	Swiggy Ltd	Consumer Cyclical	23.39	1.07	1.39	May25	11.15
Nippon India Nifty Midcap 150 Idx Dir Gr	INF204KB18Z7	Swiggy Ltd	Consumer Cyclical	23.39	1.07	1.39	June25	10.18
Nippon India Nifty Midcap 150 Idx Dir Gr	INF204KB18Z7	Swiggy Ltd	Consumer Cyclical	23.39	1.07	1.39	July25	9.19
Nippon India Nifty Midcap 150 Idx Dir Gr	INF204KB18Z7	Swiggy Ltd	Consumer Cyclical	23.39	1.07	1.39	Aug25	8.13
Nippon India Nifty Midcap 150 Idx Dir Gr	INF204KB18Z7	Coforge Ltd	Technology	23.03	1.05	1.39	Oct24	5.55
Nippon India Nifty Midcap 150 Idx Dir Gr	INF204KB18Z7	Coforge Ltd	Technology	23.03	1.05	1.39	Nov24	7.52
Nippon India Nifty Midcap 150 Idx Dir Gr	INF204KB18Z7	Coforge Ltd	Technology	23.03	1.05	1.39	Dec24	3.56
Nippon India Nifty Midcap 150 Idx Dir Gr	INF204KB18Z7	Coforge Ltd	Technology	23.03	1.05	1.39	Jan25	5.32
Nippon India Nifty Midcap 150 Idx Dir Gr	INF204KB18Z7	Coforge Ltd	Technology	23.03	1.05	1.39	Feb25	5.59
Nippon India Nifty Midcap 150 Idx Dir Gr	INF204KB18Z7	Coforge Ltd	Technology	23.03	1.05	1.39	Mar25	15.51
Nippon India Nifty Midcap 150 Idx Dir Gr	INF204KB18Z7	Coforge Ltd	Technology	23.03	1.05	1.39	Mar25	15.51
Nippon India Nifty Midcap 150 Idx Dir Gr	INF204KB18Z7	Coforge Ltd	Technology	23.03	1.05	1.39	Apr25	12.51
Nippon India Nifty Midcap 150 Idx Dir Gr	INF204KB18Z7	Coforge Ltd	Technology	23.03	1.05	1.39	May25	11.15
Nippon India Nifty Midcap 150 Idx Dir Gr	INF204KB18Z7	Coforge Ltd	Technology	23.03	1.05	1.39	June25	10.18
Nippon India Nifty Midcap 150 Idx Dir Gr	INF204KB18Z7	Coforge Ltd	Technology	23.03	1.05	1.39	July25	9.19
Nippon India Nifty Midcap 150 Idx Dir Gr	INF204KB18Z7	Coforge Ltd	Technology	23.03	1.05	1.39	Aug25	8.13
Nippon India Nifty Midcap 150 Idx Dir Gr	INF204KB18Z7	Union Bank of India	Financial Services	22.67	1.04	1.39	Oct24	5.55
Nippon India Nifty Midcap 150 Idx Dir Gr	INF204KB18Z7	Union Bank of India	Financial Services	22.67	1.04	1.39	Nov24	7.52
Nippon India Nifty Midcap 150 Idx Dir Gr	INF204KB18Z7	Union Bank of India	Financial Services	22.67	1.04	1.39	Dec24	3.56
Nippon India Nifty Midcap 150 Idx Dir Gr	INF204KB18Z7	Union Bank of India	Financial Services	22.67	1.04	1.39	Jan25	5.32
Nippon India Nifty Midcap 150 Idx Dir Gr	INF204KB18Z7	Union Bank of India	Financial Services	22.67	1.04	1.39	Feb25	5.59
Nippon India Nifty Midcap 150 Idx Dir Gr	INF204KB18Z7	Union Bank of India	Financial Services	22.67	1.04	1.39	Mar25	15.51
Nippon India Nifty Midcap 150 Idx Dir Gr	INF204KB18Z7	Union Bank of India	Financial Services	22.67	1.04	1.39	Mar25	15.51
Nippon India Nifty Midcap 150 Idx Dir Gr	INF204KB18Z7	Union Bank of India	Financial Services	22.67	1.04	1.39	Apr25	12.51
Nippon India Nifty Midcap 150 Idx Dir Gr	INF204KB18Z7	Union Bank of India	Financial Services	22.67	1.04	1.39	May25	11.15
Nippon India Nifty Midcap 150 Idx Dir Gr	INF204KB18Z7	Union Bank of India	Financial Services	22.67	1.04	1.39	June25	10.18
Nippon India Nifty Midcap 150 Idx Dir Gr	INF204KB18Z7	Union Bank of India	Financial Services	22.67	1.04	1.39	July25	9.19
Nippon India Nifty Midcap 150 Idx Dir Gr	INF204KB18Z7	Union Bank of India	Financial Services	22.67	1.04	1.39	Aug25	8.13
Nippon India Nifty Midcap 150 Idx Dir Gr	INF204KB18Z7	Bharat Heavy Electricals Ltd	Industrials	22.43	1.03	15.17	Oct24	5.55
Nippon India Nifty Midcap 150 Idx Dir Gr	INF204KB18Z7	Bharat Heavy Electricals Ltd	Industrials	22.43	1.03	15.17	Nov24	7.52
Nippon India Nifty Midcap 150 Idx Dir Gr	INF204KB18Z7	Bharat Heavy Electricals Ltd	Industrials	22.43	1.03	15.17	Dec24	3.56
Nippon India Nifty Midcap 150 Idx Dir Gr	INF204KB18Z7	Bharat Heavy Electricals Ltd	Industrials	22.43	1.03	15.17	Jan25	5.32
Nippon India Nifty Midcap 150 Idx Dir Gr	INF204KB18Z7	Bharat Heavy Electricals Ltd	Industrials	22.43	1.03	15.17	Feb25	5.59
Nippon India Nifty Midcap 150 Idx Dir Gr	INF204KB18Z7	Bharat Heavy Electricals Ltd	Industrials	22.43	1.03	15.17	Mar25	15.51
Nippon India Nifty Midcap 150 Idx Dir Gr	INF204KB18Z7	Bharat Heavy Electricals Ltd	Industrials	22.43	1.03	15.17	Mar25	15.51
Nippon India Nifty Midcap 150 Idx Dir Gr	INF204KB18Z7	Bharat Heavy Electricals Ltd	Industrials	22.43	1.03	15.17	Apr25	12.51
Nippon India Nifty Midcap 150 Idx Dir Gr	INF204KB18Z7	Bharat Heavy Electricals Ltd	Industrials	22.43	1.03	15.17	May25	11.15
Nippon India Nifty Midcap 150 Idx Dir Gr	INF204KB18Z7	Bharat Heavy Electricals Ltd	Industrials	22.43	1.03	15.17	June25	10.18
Nippon India Nifty Midcap 150 Idx Dir Gr	INF204KB18Z7	Bharat Heavy Electricals Ltd	Industrials	22.43	1.03	15.17	July25	9.19
Nippon India Nifty Midcap 150 Idx Dir Gr	INF204KB18Z7	Bharat Heavy Electricals Ltd	Industrials	22.43	1.03	15.17	Aug25	8.13
Nippon India Nifty Midcap 150 Idx Dir Gr	INF204KB18Z7	Sundaram Finance Ltd	Financial Services	22.00	1.01	1.39	Oct24	5.55
Nippon India Nifty Midcap 150 Idx Dir Gr	INF204KB18Z7	Sundaram Finance Ltd	Financial Services	22.00	1.01	1.39	Nov24	7.52
Nippon India Nifty Midcap 150 Idx Dir Gr	INF204KB18Z7	Sundaram Finance Ltd	Financial Services	22.00	1.01	1.39	Dec24	3.56
Nippon India Nifty Midcap 150 Idx Dir Gr	INF204KB18Z7	Sundaram Finance Ltd	Financial Services	22.00	1.01	1.39	Jan25	5.32
Nippon India Nifty Midcap 150 Idx Dir Gr	INF204KB18Z7	Sundaram Finance Ltd	Financial Services	22.00	1.01	1.39	Feb25	5.59
Nippon India Nifty Midcap 150 Idx Dir Gr	INF204KB18Z7	Sundaram Finance Ltd	Financial Services	22.00	1.01	1.39	Mar25	15.51
Nippon India Nifty Midcap 150 Idx Dir Gr	INF204KB18Z7	Sundaram Finance Ltd	Financial Services	22.00	1.01	1.39	Mar25	15.51
Nippon India Nifty Midcap 150 Idx Dir Gr	INF204KB18Z7	Sundaram Finance Ltd	Financial Services	22.00	1.01	1.39	Apr25	12.51
Nippon India Nifty Midcap 150 Idx Dir Gr	INF204KB18Z7	Sundaram Finance Ltd	Financial Services	22.00	1.01	1.39	May25	11.15
Nippon India Nifty Midcap 150 Idx Dir Gr	INF204KB18Z7	Sundaram Finance Ltd	Financial Services	22.00	1.01	1.39	June25	10.18
Nippon India Nifty Midcap 150 Idx Dir Gr	INF204KB18Z7	Sundaram Finance Ltd	Financial Services	22.00	1.01	1.39	July25	9.19
Nippon India Nifty Midcap 150 Idx Dir Gr	INF204KB18Z7	Sundaram Finance Ltd	Financial Services	22.00	1.01	1.39	Aug25	8.13
Nippon India Nifty Midcap 150 Idx Dir Gr	INF204KB18Z7	SRF Ltd	Industrials	21.58	0.99	1.39	Oct24	5.55
Nippon India Nifty Midcap 150 Idx Dir Gr	INF204KB18Z7	SRF Ltd	Industrials	21.58	0.99	1.39	Nov24	7.52
Nippon India Nifty Midcap 150 Idx Dir Gr	INF204KB18Z7	SRF Ltd	Industrials	21.58	0.99	1.39	Dec24	3.56
Nippon India Nifty Midcap 150 Idx Dir Gr	INF204KB18Z7	SRF Ltd	Industrials	21.58	0.99	1.39	Jan25	5.32
Nippon India Nifty Midcap 150 Idx Dir Gr	INF204KB18Z7	SRF Ltd	Industrials	21.58	0.99	1.39	Feb25	5.59
Nippon India Nifty Midcap 150 Idx Dir Gr	INF204KB18Z7	SRF Ltd	Industrials	21.58	0.99	1.39	Mar25	15.51
Nippon India Nifty Midcap 150 Idx Dir Gr	INF204KB18Z7	SRF Ltd	Industrials	21.58	0.99	1.39	Mar25	15.51
Nippon India Nifty Midcap 150 Idx Dir Gr	INF204KB18Z7	SRF Ltd	Industrials	21.58	0.99	1.39	Apr25	12.51
Nippon India Nifty Midcap 150 Idx Dir Gr	INF204KB18Z7	SRF Ltd	Industrials	21.58	0.99	1.39	May25	11.15
Nippon India Nifty Midcap 150 Idx Dir Gr	INF204KB18Z7	SRF Ltd	Industrials	21.58	0.99	1.39	June25	10.18
Nippon India Nifty Midcap 150 Idx Dir Gr	INF204KB18Z7	SRF Ltd	Industrials	21.58	0.99	1.39	July25	9.19
Nippon India Nifty Midcap 150 Idx Dir Gr	INF204KB18Z7	SRF Ltd	Industrials	21.58	0.99	1.39	Aug25	8.13
Nippon India Nifty Midcap 150 Idx Dir Gr	INF204KB18Z7	Yes Bank Ltd	Financial Services	21.10	0.96	1.39	Oct24	5.55
Nippon India Nifty Midcap 150 Idx Dir Gr	INF204KB18Z7	Yes Bank Ltd	Financial Services	21.10	0.96	1.39	Nov24	7.52
Nippon India Nifty Midcap 150 Idx Dir Gr	INF204KB18Z7	Yes Bank Ltd	Financial Services	21.10	0.96	1.39	Dec24	3.56
Nippon India Nifty Midcap 150 Idx Dir Gr	INF204KB18Z7	Yes Bank Ltd	Financial Services	21.10	0.96	1.39	Jan25	5.32
Nippon India Nifty Midcap 150 Idx Dir Gr	INF204KB18Z7	Yes Bank Ltd	Financial Services	21.10	0.96	1.39	Feb25	5.59
Nippon India Nifty Midcap 150 Idx Dir Gr	INF204KB18Z7	Yes Bank Ltd	Financial Services	21.10	0.96	1.39	Mar25	15.51
Nippon India Nifty Midcap 150 Idx Dir Gr	INF204KB18Z7	Yes Bank Ltd	Financial Services	21.10	0.96	1.39	Mar25	15.51
Nippon India Nifty Midcap 150 Idx Dir Gr	INF204KB18Z7	Yes Bank Ltd	Financial Services	21.10	0.96	1.39	Apr25	12.51
Nippon India Nifty Midcap 150 Idx Dir Gr	INF204KB18Z7	Yes Bank Ltd	Financial Services	21.10	0.96	1.39	May25	11.15
Nippon India Nifty Midcap 150 Idx Dir Gr	INF204KB18Z7	Yes Bank Ltd	Financial Services	21.10	0.96	1.39	June25	10.18
Nippon India Nifty Midcap 150 Idx Dir Gr	INF204KB18Z7	Yes Bank Ltd	Financial Services	21.10	0.96	1.39	July25	9.19
Nippon India Nifty Midcap 150 Idx Dir Gr	INF204KB18Z7	Yes Bank Ltd	Financial Services	21.10	0.96	1.39	Aug25	8.13
Nippon India Nifty Midcap 150 Idx Dir Gr	INF204KB18Z7	FSN E-Commerce Ventures Ltd	Consumer Cyclical	21.04	0.96	1.39	Oct24	5.55
Nippon India Nifty Midcap 150 Idx Dir Gr	INF204KB18Z7	FSN E-Commerce Ventures Ltd	Consumer Cyclical	21.04	0.96	1.39	Nov24	7.52
Nippon India Nifty Midcap 150 Idx Dir Gr	INF204KB18Z7	FSN E-Commerce Ventures Ltd	Consumer Cyclical	21.04	0.96	1.39	Dec24	3.56
Nippon India Nifty Midcap 150 Idx Dir Gr	INF204KB18Z7	FSN E-Commerce Ventures Ltd	Consumer Cyclical	21.04	0.96	1.39	Jan25	5.32
Nippon India Nifty Midcap 150 Idx Dir Gr	INF204KB18Z7	FSN E-Commerce Ventures Ltd	Consumer Cyclical	21.04	0.96	1.39	Feb25	5.59
Nippon India Nifty Midcap 150 Idx Dir Gr	INF204KB18Z7	FSN E-Commerce Ventures Ltd	Consumer Cyclical	21.04	0.96	1.39	Mar25	15.51
Nippon India Nifty Midcap 150 Idx Dir Gr	INF204KB18Z7	FSN E-Commerce Ventures Ltd	Consumer Cyclical	21.04	0.96	1.39	Mar25	15.51
Nippon India Nifty Midcap 150 Idx Dir Gr	INF204KB18Z7	FSN E-Commerce Ventures Ltd	Consumer Cyclical	21.04	0.96	1.39	Apr25	12.51
Nippon India Nifty Midcap 150 Idx Dir Gr	INF204KB18Z7	FSN E-Commerce Ventures Ltd	Consumer Cyclical	21.04	0.96	1.39	May25	11.15
Nippon India Nifty Midcap 150 Idx Dir Gr	INF204KB18Z7	FSN E-Commerce Ventures Ltd	Consumer Cyclical	21.04	0.96	1.39	June25	10.18
Nippon India Nifty Midcap 150 Idx Dir Gr	INF204KB18Z7	FSN E-Commerce Ventures Ltd	Consumer Cyclical	21.04	0.96	1.39	July25	9.19
Nippon India Nifty Midcap 150 Idx Dir Gr	INF204KB18Z7	FSN E-Commerce Ventures Ltd	Consumer Cyclical	21.04	0.96	1.39	Aug25	8.13
Nippon India Nifty Midcap 150 Idx Dir Gr	INF204KB18Z7	Muthoot Finance Ltd	Financial Services	20.86	0.95	1.39	Oct24	5.55
Nippon India Nifty Midcap 150 Idx Dir Gr	INF204KB18Z7	Muthoot Finance Ltd	Financial Services	20.86	0.95	1.39	Nov24	7.52
Nippon India Nifty Midcap 150 Idx Dir Gr	INF204KB18Z7	Muthoot Finance Ltd	Financial Services	20.86	0.95	1.39	Dec24	3.56
Nippon India Nifty Midcap 150 Idx Dir Gr	INF204KB18Z7	Muthoot Finance Ltd	Financial Services	20.86	0.95	1.39	Jan25	5.32
Nippon India Nifty Midcap 150 Idx Dir Gr	INF204KB18Z7	Muthoot Finance Ltd	Financial Services	20.86	0.95	1.39	Feb25	5.59
Nippon India Nifty Midcap 150 Idx Dir Gr	INF204KB18Z7	Muthoot Finance Ltd	Financial Services	20.86	0.95	1.39	Mar25	15.51
Nippon India Nifty Midcap 150 Idx Dir Gr	INF204KB18Z7	Muthoot Finance Ltd	Financial Services	20.86	0.95	1.39	Mar25	15.51
Nippon India Nifty Midcap 150 Idx Dir Gr	INF204KB18Z7	Muthoot Finance Ltd	Financial Services	20.86	0.95	1.39	Apr25	12.51
Nippon India Nifty Midcap 150 Idx Dir Gr	INF204KB18Z7	Muthoot Finance Ltd	Financial Services	20.86	0.95	1.39	May25	11.15
Nippon India Nifty Midcap 150 Idx Dir Gr	INF204KB18Z7	Muthoot Finance Ltd	Financial Services	20.86	0.95	1.39	June25	10.18
Nippon India Nifty Midcap 150 Idx Dir Gr	INF204KB18Z7	Muthoot Finance Ltd	Financial Services	20.86	0.95	1.39	July25	9.19
Nippon India Nifty Midcap 150 Idx Dir Gr	INF204KB18Z7	Muthoot Finance Ltd	Financial Services	20.86	0.95	1.39	Aug25	8.13
Nippon India Nifty Midcap 150 Idx Dir Gr	INF204KB18Z7	GMR Airports Ltd	Industrials	20.83	0.95	1.39	Oct24	5.55
Nippon India Nifty Midcap 150 Idx Dir Gr	INF204KB18Z7	GMR Airports Ltd	Industrials	20.83	0.95	1.39	Nov24	7.52
Nippon India Nifty Midcap 150 Idx Dir Gr	INF204KB18Z7	GMR Airports Ltd	Industrials	20.83	0.95	1.39	Dec24	3.56
Nippon India Nifty Midcap 150 Idx Dir Gr	INF204KB18Z7	GMR Airports Ltd	Industrials	20.83	0.95	1.39	Jan25	5.32
Nippon India Nifty Midcap 150 Idx Dir Gr	INF204KB18Z7	GMR Airports Ltd	Industrials	20.83	0.95	1.39	Feb25	5.59
Nippon India Nifty Midcap 150 Idx Dir Gr	INF204KB18Z7	GMR Airports Ltd	Industrials	20.83	0.95	1.39	Mar25	15.51
Nippon India Nifty Midcap 150 Idx Dir Gr	INF204KB18Z7	GMR Airports Ltd	Industrials	20.83	0.95	1.39	Mar25	15.51
Nippon India Nifty Midcap 150 Idx Dir Gr	INF204KB18Z7	GMR Airports Ltd	Industrials	20.83	0.95	1.39	Apr25	12.51
Nippon India Nifty Midcap 150 Idx Dir Gr	INF204KB18Z7	GMR Airports Ltd	Industrials	20.83	0.95	1.39	May25	11.15
Nippon India Nifty Midcap 150 Idx Dir Gr	INF204KB18Z7	GMR Airports Ltd	Industrials	20.83	0.95	1.39	June25	10.18
Nippon India Nifty Midcap 150 Idx Dir Gr	INF204KB18Z7	GMR Airports Ltd	Industrials	20.83	0.95	1.39	July25	9.19
Nippon India Nifty Midcap 150 Idx Dir Gr	INF204KB18Z7	GMR Airports Ltd	Industrials	20.83	0.95	1.39	Aug25	8.13
Nippon India Nifty Midcap 150 Idx Dir Gr	INF204KB18Z7	UPL Ltd	Basic Materials	20.71	0.95	1.39	Oct24	5.55
Nippon India Nifty Midcap 150 Idx Dir Gr	INF204KB18Z7	UPL Ltd	Basic Materials	20.71	0.95	1.39	Nov24	7.52
Nippon India Nifty Midcap 150 Idx Dir Gr	INF204KB18Z7	UPL Ltd	Basic Materials	20.71	0.95	1.39	Dec24	3.56
Nippon India Nifty Midcap 150 Idx Dir Gr	INF204KB18Z7	UPL Ltd	Basic Materials	20.71	0.95	1.39	Jan25	5.32
Nippon India Nifty Midcap 150 Idx Dir Gr	INF204KB18Z7	UPL Ltd	Basic Materials	20.71	0.95	1.39	Feb25	5.59
Nippon India Nifty Midcap 150 Idx Dir Gr	INF204KB18Z7	UPL Ltd	Basic Materials	20.71	0.95	1.39	Mar25	15.51
Nippon India Nifty Midcap 150 Idx Dir Gr	INF204KB18Z7	UPL Ltd	Basic Materials	20.71	0.95	1.39	Mar25	15.51
Nippon India Nifty Midcap 150 Idx Dir Gr	INF204KB18Z7	UPL Ltd	Basic Materials	20.71	0.95	1.39	Apr25	12.51
Nippon India Nifty Midcap 150 Idx Dir Gr	INF204KB18Z7	UPL Ltd	Basic Materials	20.71	0.95	1.39	May25	11.15
Nippon India Nifty Midcap 150 Idx Dir Gr	INF204KB18Z7	UPL Ltd	Basic Materials	20.71	0.95	1.39	June25	10.18
Nippon India Nifty Midcap 150 Idx Dir Gr	INF204KB18Z7	UPL Ltd	Basic Materials	20.71	0.95	1.39	July25	9.19
Nippon India Nifty Midcap 150 Idx Dir Gr	INF204KB18Z7	UPL Ltd	Basic Materials	20.71	0.95	1.39	Aug25	8.13
Nippon India Nifty Midcap 150 Idx Dir Gr	INF204KB18Z7	Voltas Ltd	Consumer Cyclical	20.62	0.94	1.39	Oct24	5.55
Nippon India Nifty Midcap 150 Idx Dir Gr	INF204KB18Z7	Voltas Ltd	Consumer Cyclical	20.62	0.94	1.39	Nov24	7.52
Nippon India Nifty Midcap 150 Idx Dir Gr	INF204KB18Z7	Voltas Ltd	Consumer Cyclical	20.62	0.94	1.39	Dec24	3.56
Nippon India Nifty Midcap 150 Idx Dir Gr	INF204KB18Z7	Voltas Ltd	Consumer Cyclical	20.62	0.94	1.39	Jan25	5.32
Nippon India Nifty Midcap 150 Idx Dir Gr	INF204KB18Z7	Voltas Ltd	Consumer Cyclical	20.62	0.94	1.39	Feb25	5.59
Nippon India Nifty Midcap 150 Idx Dir Gr	INF204KB18Z7	Voltas Ltd	Consumer Cyclical	20.62	0.94	1.39	Mar25	15.51
Nippon India Nifty Midcap 150 Idx Dir Gr	INF204KB18Z7	Voltas Ltd	Consumer Cyclical	20.62	0.94	1.39	Mar25	15.51
Nippon India Nifty Midcap 150 Idx Dir Gr	INF204KB18Z7	Voltas Ltd	Consumer Cyclical	20.62	0.94	1.39	Apr25	12.51
Nippon India Nifty Midcap 150 Idx Dir Gr	INF204KB18Z7	Voltas Ltd	Consumer Cyclical	20.62	0.94	1.39	May25	11.15
Nippon India Nifty Midcap 150 Idx Dir Gr	INF204KB18Z7	Voltas Ltd	Consumer Cyclical	20.62	0.94	1.39	June25	10.18
Nippon India Nifty Midcap 150 Idx Dir Gr	INF204KB18Z7	Voltas Ltd	Consumer Cyclical	20.62	0.94	1.39	July25	9.19
Nippon India Nifty Midcap 150 Idx Dir Gr	INF204KB18Z7	Voltas Ltd	Consumer Cyclical	20.62	0.94	1.39	Aug25	8.13
Nippon India Nifty Midcap 150 Idx Dir Gr	INF204KB18Z7	Indian Bank	Financial Services	20.30	0.93	1.39	Oct24	5.55
Nippon India Nifty Midcap 150 Idx Dir Gr	INF204KB18Z7	Indian Bank	Financial Services	20.30	0.93	1.39	Nov24	7.52
Nippon India Nifty Midcap 150 Idx Dir Gr	INF204KB18Z7	Indian Bank	Financial Services	20.30	0.93	1.39	Dec24	3.56
Nippon India Nifty Midcap 150 Idx Dir Gr	INF204KB18Z7	Indian Bank	Financial Services	20.30	0.93	1.39	Jan25	5.32
Nippon India Nifty Midcap 150 Idx Dir Gr	INF204KB18Z7	Indian Bank	Financial Services	20.30	0.93	1.39	Feb25	5.59
Nippon India Nifty Midcap 150 Idx Dir Gr	INF204KB18Z7	Indian Bank	Financial Services	20.30	0.93	1.39	Mar25	15.51
Nippon India Nifty Midcap 150 Idx Dir Gr	INF204KB18Z7	Indian Bank	Financial Services	20.30	0.93	1.39	Mar25	15.51
Nippon India Nifty Midcap 150 Idx Dir Gr	INF204KB18Z7	Indian Bank	Financial Services	20.30	0.93	1.39	Apr25	12.51
Nippon India Nifty Midcap 150 Idx Dir Gr	INF204KB18Z7	Indian Bank	Financial Services	20.30	0.93	1.39	May25	11.15
Nippon India Nifty Midcap 150 Idx Dir Gr	INF204KB18Z7	Indian Bank	Financial Services	20.30	0.93	1.39	June25	10.18
Nippon India Nifty Midcap 150 Idx Dir Gr	INF204KB18Z7	Indian Bank	Financial Services	20.30	0.93	1.39	July25	9.19
Nippon India Nifty Midcap 150 Idx Dir Gr	INF204KB18Z7	Indian Bank	Financial Services	20.30	0.93	1.39	Aug25	8.13
Nippon India Nifty Midcap 150 Idx Dir Gr	INF204KB18Z7	Aurobindo Pharma Ltd	Healthcare	19.80	0.90	1.39	Oct24	5.55
Nippon India Nifty Midcap 150 Idx Dir Gr	INF204KB18Z7	Aurobindo Pharma Ltd	Healthcare	19.80	0.90	1.39	Nov24	7.52
Nippon India Nifty Midcap 150 Idx Dir Gr	INF204KB18Z7	Aurobindo Pharma Ltd	Healthcare	19.80	0.90	1.39	Dec24	3.56
Nippon India Nifty Midcap 150 Idx Dir Gr	INF204KB18Z7	Aurobindo Pharma Ltd	Healthcare	19.80	0.90	1.39	Jan25	5.32
Nippon India Nifty Midcap 150 Idx Dir Gr	INF204KB18Z7	Aurobindo Pharma Ltd	Healthcare	19.80	0.90	1.39	Feb25	5.59
Nippon India Nifty Midcap 150 Idx Dir Gr	INF204KB18Z7	Aurobindo Pharma Ltd	Healthcare	19.80	0.90	1.39	Mar25	15.51
Nippon India Nifty Midcap 150 Idx Dir Gr	INF204KB18Z7	Aurobindo Pharma Ltd	Healthcare	19.80	0.90	1.39	Mar25	15.51
Nippon India Nifty Midcap 150 Idx Dir Gr	INF204KB18Z7	Aurobindo Pharma Ltd	Healthcare	19.80	0.90	1.39	Apr25	12.51
Nippon India Nifty Midcap 150 Idx Dir Gr	INF204KB18Z7	Aurobindo Pharma Ltd	Healthcare	19.80	0.90	1.39	May25	11.15
Nippon India Nifty Midcap 150 Idx Dir Gr	INF204KB18Z7	Aurobindo Pharma Ltd	Healthcare	19.80	0.90	1.39	June25	10.18
Nippon India Nifty Midcap 150 Idx Dir Gr	INF204KB18Z7	Aurobindo Pharma Ltd	Healthcare	19.80	0.90	1.39	July25	9.19
Nippon India Nifty Midcap 150 Idx Dir Gr	INF204KB18Z7	Aurobindo Pharma Ltd	Healthcare	19.80	0.90	1.39	Aug25	8.13
Nippon India Nifty Midcap 150 Idx Dir Gr	INF204KB18Z7	Alkem Laboratories Ltd	Healthcare	19.14	0.87	1.39	Oct24	5.55
Nippon India Nifty Midcap 150 Idx Dir Gr	INF204KB18Z7	Alkem Laboratories Ltd	Healthcare	19.14	0.87	1.39	Nov24	7.52
Nippon India Nifty Midcap 150 Idx Dir Gr	INF204KB18Z7	Alkem Laboratories Ltd	Healthcare	19.14	0.87	1.39	Dec24	3.56
Nippon India Nifty Midcap 150 Idx Dir Gr	INF204KB18Z7	Alkem Laboratories Ltd	Healthcare	19.14	0.87	1.39	Jan25	5.32
Nippon India Nifty Midcap 150 Idx Dir Gr	INF204KB18Z7	Alkem Laboratories Ltd	Healthcare	19.14	0.87	1.39	Feb25	5.59
Nippon India Nifty Midcap 150 Idx Dir Gr	INF204KB18Z7	Alkem Laboratories Ltd	Healthcare	19.14	0.87	1.39	Mar25	15.51
Nippon India Nifty Midcap 150 Idx Dir Gr	INF204KB18Z7	Alkem Laboratories Ltd	Healthcare	19.14	0.87	1.39	Mar25	15.51
Nippon India Nifty Midcap 150 Idx Dir Gr	INF204KB18Z7	Alkem Laboratories Ltd	Healthcare	19.14	0.87	1.39	Apr25	12.51
Nippon India Nifty Midcap 150 Idx Dir Gr	INF204KB18Z7	Alkem Laboratories Ltd	Healthcare	19.14	0.87	1.39	May25	11.15
Nippon India Nifty Midcap 150 Idx Dir Gr	INF204KB18Z7	Alkem Laboratories Ltd	Healthcare	19.14	0.87	1.39	June25	10.18
Nippon India Nifty Midcap 150 Idx Dir Gr	INF204KB18Z7	Alkem Laboratories Ltd	Healthcare	19.14	0.87	1.39	July25	9.19
Nippon India Nifty Midcap 150 Idx Dir Gr	INF204KB18Z7	Alkem Laboratories Ltd	Healthcare	19.14	0.87	1.39	Aug25	8.13
Nippon India Nifty Midcap 150 Idx Dir Gr	INF204KB18Z7	Hitachi Energy India Ltd Ordinary Shares	Industrials	18.86	0.86	1.39	Oct24	5.55
Nippon India Nifty Midcap 150 Idx Dir Gr	INF204KB18Z7	Hitachi Energy India Ltd Ordinary Shares	Industrials	18.86	0.86	1.39	Nov24	7.52
Nippon India Nifty Midcap 150 Idx Dir Gr	INF204KB18Z7	Hitachi Energy India Ltd Ordinary Shares	Industrials	18.86	0.86	1.39	Dec24	3.56
Nippon India Nifty Midcap 150 Idx Dir Gr	INF204KB18Z7	Hitachi Energy India Ltd Ordinary Shares	Industrials	18.86	0.86	1.39	Jan25	5.32
Nippon India Nifty Midcap 150 Idx Dir Gr	INF204KB18Z7	Hitachi Energy India Ltd Ordinary Shares	Industrials	18.86	0.86	1.39	Feb25	5.59
Nippon India Nifty Midcap 150 Idx Dir Gr	INF204KB18Z7	Hitachi Energy India Ltd Ordinary Shares	Industrials	18.86	0.86	1.39	Mar25	15.51
Nippon India Nifty Midcap 150 Idx Dir Gr	INF204KB18Z7	Hitachi Energy India Ltd Ordinary Shares	Industrials	18.86	0.86	1.39	Mar25	15.51
Nippon India Nifty Midcap 150 Idx Dir Gr	INF204KB18Z7	Hitachi Energy India Ltd Ordinary Shares	Industrials	18.86	0.86	1.39	Apr25	12.51
Nippon India Nifty Midcap 150 Idx Dir Gr	INF204KB18Z7	Hitachi Energy India Ltd Ordinary Shares	Industrials	18.86	0.86	1.39	May25	11.15
Nippon India Nifty Midcap 150 Idx Dir Gr	INF204KB18Z7	Hitachi Energy India Ltd Ordinary Shares	Industrials	18.86	0.86	1.39	June25	10.18
Nippon India Nifty Midcap 150 Idx Dir Gr	INF204KB18Z7	Hitachi Energy India Ltd Ordinary Shares	Industrials	18.86	0.86	1.39	July25	9.19
Nippon India Nifty Midcap 150 Idx Dir Gr	INF204KB18Z7	Hitachi Energy India Ltd Ordinary Shares	Industrials	18.86	0.86	1.39	Aug25	8.13
Nippon India Nifty Midcap 150 Idx Dir Gr	INF204KB18Z7	Glenmark Pharmaceuticals Ltd	Healthcare	18.66	0.85	1.39	Oct24	5.55
Nippon India Nifty Midcap 150 Idx Dir Gr	INF204KB18Z7	Glenmark Pharmaceuticals Ltd	Healthcare	18.66	0.85	1.39	Nov24	7.52
Nippon India Nifty Midcap 150 Idx Dir Gr	INF204KB18Z7	Glenmark Pharmaceuticals Ltd	Healthcare	18.66	0.85	1.39	Dec24	3.56
Nippon India Nifty Midcap 150 Idx Dir Gr	INF204KB18Z7	Glenmark Pharmaceuticals Ltd	Healthcare	18.66	0.85	1.39	Jan25	5.32
Nippon India Nifty Midcap 150 Idx Dir Gr	INF204KB18Z7	Glenmark Pharmaceuticals Ltd	Healthcare	18.66	0.85	1.39	Feb25	5.59
Nippon India Nifty Midcap 150 Idx Dir Gr	INF204KB18Z7	Glenmark Pharmaceuticals Ltd	Healthcare	18.66	0.85	1.39	Mar25	15.51
Nippon India Nifty Midcap 150 Idx Dir Gr	INF204KB18Z7	Glenmark Pharmaceuticals Ltd	Healthcare	18.66	0.85	1.39	Mar25	15.51
Nippon India Nifty Midcap 150 Idx Dir Gr	INF204KB18Z7	Glenmark Pharmaceuticals Ltd	Healthcare	18.66	0.85	1.39	Apr25	12.51
Nippon India Nifty Midcap 150 Idx Dir Gr	INF204KB18Z7	Glenmark Pharmaceuticals Ltd	Healthcare	18.66	0.85	1.39	May25	11.15
Nippon India Nifty Midcap 150 Idx Dir Gr	INF204KB18Z7	Glenmark Pharmaceuticals Ltd	Healthcare	18.66	0.85	1.39	June25	10.18
Nippon India Nifty Midcap 150 Idx Dir Gr	INF204KB18Z7	Glenmark Pharmaceuticals Ltd	Healthcare	18.66	0.85	1.39	July25	9.19
Nippon India Nifty Midcap 150 Idx Dir Gr	INF204KB18Z7	Glenmark Pharmaceuticals Ltd	Healthcare	18.66	0.85	1.39	Aug25	8.13
Nippon India Nifty Midcap 150 Idx Dir Gr	INF204KB18Z7	National Aluminium Co Ltd	Basic Materials	18.45	0.84	1.39	Oct24	5.55
Nippon India Nifty Midcap 150 Idx Dir Gr	INF204KB18Z7	National Aluminium Co Ltd	Basic Materials	18.45	0.84	1.39	Nov24	7.52
Nippon India Nifty Midcap 150 Idx Dir Gr	INF204KB18Z7	National Aluminium Co Ltd	Basic Materials	18.45	0.84	1.39	Dec24	3.56
Nippon India Nifty Midcap 150 Idx Dir Gr	INF204KB18Z7	National Aluminium Co Ltd	Basic Materials	18.45	0.84	1.39	Jan25	5.32
Nippon India Nifty Midcap 150 Idx Dir Gr	INF204KB18Z7	National Aluminium Co Ltd	Basic Materials	18.45	0.84	1.39	Feb25	5.59
Nippon India Nifty Midcap 150 Idx Dir Gr	INF204KB18Z7	National Aluminium Co Ltd	Basic Materials	18.45	0.84	1.39	Mar25	15.51
Nippon India Nifty Midcap 150 Idx Dir Gr	INF204KB18Z7	National Aluminium Co Ltd	Basic Materials	18.45	0.84	1.39	Mar25	15.51
Nippon India Nifty Midcap 150 Idx Dir Gr	INF204KB18Z7	National Aluminium Co Ltd	Basic Materials	18.45	0.84	1.39	Apr25	12.51
Nippon India Nifty Midcap 150 Idx Dir Gr	INF204KB18Z7	National Aluminium Co Ltd	Basic Materials	18.45	0.84	1.39	May25	11.15
Nippon India Nifty Midcap 150 Idx Dir Gr	INF204KB18Z7	National Aluminium Co Ltd	Basic Materials	18.45	0.84	1.39	June25	10.18
Nippon India Nifty Midcap 150 Idx Dir Gr	INF204KB18Z7	National Aluminium Co Ltd	Basic Materials	18.45	0.84	1.39	July25	9.19
Nippon India Nifty Midcap 150 Idx Dir Gr	INF204KB18Z7	National Aluminium Co Ltd	Basic Materials	18.45	0.84	1.39	Aug25	8.13
Nippon India Nifty Midcap 150 Idx Dir Gr	INF204KB18Z7	KEI Industries Ltd	Industrials	18.18	0.83	1.39	Oct24	5.55
Nippon India Nifty Midcap 150 Idx Dir Gr	INF204KB18Z7	KEI Industries Ltd	Industrials	18.18	0.83	1.39	Nov24	7.52
Nippon India Nifty Midcap 150 Idx Dir Gr	INF204KB18Z7	KEI Industries Ltd	Industrials	18.18	0.83	1.39	Dec24	3.56
Nippon India Nifty Midcap 150 Idx Dir Gr	INF204KB18Z7	KEI Industries Ltd	Industrials	18.18	0.83	1.39	Jan25	5.32
Nippon India Nifty Midcap 150 Idx Dir Gr	INF204KB18Z7	KEI Industries Ltd	Industrials	18.18	0.83	1.39	Feb25	5.59
Nippon India Nifty Midcap 150 Idx Dir Gr	INF204KB18Z7	KEI Industries Ltd	Industrials	18.18	0.83	1.39	Mar25	15.51
Nippon India Nifty Midcap 150 Idx Dir Gr	INF204KB18Z7	KEI Industries Ltd	Industrials	18.18	0.83	1.39	Mar25	15.51
Nippon India Nifty Midcap 150 Idx Dir Gr	INF204KB18Z7	KEI Industries Ltd	Industrials	18.18	0.83	1.39	Apr25	12.51
Nippon India Nifty Midcap 150 Idx Dir Gr	INF204KB18Z7	KEI Industries Ltd	Industrials	18.18	0.83	1.39	May25	11.15
Nippon India Nifty Midcap 150 Idx Dir Gr	INF204KB18Z7	KEI Industries Ltd	Industrials	18.18	0.83	1.39	June25	10.18
Nippon India Nifty Midcap 150 Idx Dir Gr	INF204KB18Z7	KEI Industries Ltd	Industrials	18.18	0.83	1.39	July25	9.19
Nippon India Nifty Midcap 150 Idx Dir Gr	INF204KB18Z7	KEI Industries Ltd	Industrials	18.18	0.83	1.39	Aug25	8.13
Nippon India Nifty Midcap 150 Idx Dir Gr	INF204KB18Z7	Phoenix Mills Ltd	Real Estate	17.95	0.82	1.39	Oct24	5.55
Nippon India Nifty Midcap 150 Idx Dir Gr	INF204KB18Z7	Phoenix Mills Ltd	Real Estate	17.95	0.82	1.39	Nov24	7.52
Nippon India Nifty Midcap 150 Idx Dir Gr	INF204KB18Z7	Phoenix Mills Ltd	Real Estate	17.95	0.82	1.39	Dec24	3.56
Nippon India Nifty Midcap 150 Idx Dir Gr	INF204KB18Z7	Phoenix Mills Ltd	Real Estate	17.95	0.82	1.39	Jan25	5.32
Nippon India Nifty Midcap 150 Idx Dir Gr	INF204KB18Z7	Phoenix Mills Ltd	Real Estate	17.95	0.82	1.39	Feb25	5.59
Nippon India Nifty Midcap 150 Idx Dir Gr	INF204KB18Z7	Phoenix Mills Ltd	Real Estate	17.95	0.82	1.39	Mar25	15.51
Nippon India Nifty Midcap 150 Idx Dir Gr	INF204KB18Z7	Phoenix Mills Ltd	Real Estate	17.95	0.82	1.39	Mar25	15.51
Nippon India Nifty Midcap 150 Idx Dir Gr	INF204KB18Z7	Phoenix Mills Ltd	Real Estate	17.95	0.82	1.39	Apr25	12.51
Nippon India Nifty Midcap 150 Idx Dir Gr	INF204KB18Z7	Phoenix Mills Ltd	Real Estate	17.95	0.82	1.39	May25	11.15
Nippon India Nifty Midcap 150 Idx Dir Gr	INF204KB18Z7	Phoenix Mills Ltd	Real Estate	17.95	0.82	1.39	June25	10.18
Nippon India Nifty Midcap 150 Idx Dir Gr	INF204KB18Z7	Phoenix Mills Ltd	Real Estate	17.95	0.82	1.39	July25	9.19
Nippon India Nifty Midcap 150 Idx Dir Gr	INF204KB18Z7	Phoenix Mills Ltd	Real Estate	17.95	0.82	1.39	Aug25	8.13
Nippon India Nifty Midcap 150 Idx Dir Gr	INF204KB18Z7	Dabur India Ltd	Consumer Defensive	17.72	0.81	1.39	Oct24	5.55
Nippon India Nifty Midcap 150 Idx Dir Gr	INF204KB18Z7	Dabur India Ltd	Consumer Defensive	17.72	0.81	1.39	Nov24	7.52
Nippon India Nifty Midcap 150 Idx Dir Gr	INF204KB18Z7	Dabur India Ltd	Consumer Defensive	17.72	0.81	1.39	Dec24	3.56
Nippon India Nifty Midcap 150 Idx Dir Gr	INF204KB18Z7	Dabur India Ltd	Consumer Defensive	17.72	0.81	1.39	Jan25	5.32
Nippon India Nifty Midcap 150 Idx Dir Gr	INF204KB18Z7	Dabur India Ltd	Consumer Defensive	17.72	0.81	1.39	Feb25	5.59
Nippon India Nifty Midcap 150 Idx Dir Gr	INF204KB18Z7	Dabur India Ltd	Consumer Defensive	17.72	0.81	1.39	Mar25	15.51
Nippon India Nifty Midcap 150 Idx Dir Gr	INF204KB18Z7	Dabur India Ltd	Consumer Defensive	17.72	0.81	1.39	Mar25	15.51
Nippon India Nifty Midcap 150 Idx Dir Gr	INF204KB18Z7	Dabur India Ltd	Consumer Defensive	17.72	0.81	1.39	Apr25	12.51
Nippon India Nifty Midcap 150 Idx Dir Gr	INF204KB18Z7	Dabur India Ltd	Consumer Defensive	17.72	0.81	1.39	May25	11.15
Nippon India Nifty Midcap 150 Idx Dir Gr	INF204KB18Z7	Dabur India Ltd	Consumer Defensive	17.72	0.81	1.39	June25	10.18
Nippon India Nifty Midcap 150 Idx Dir Gr	INF204KB18Z7	Dabur India Ltd	Consumer Defensive	17.72	0.81	1.39	July25	9.19
Nippon India Nifty Midcap 150 Idx Dir Gr	INF204KB18Z7	Dabur India Ltd	Consumer Defensive	17.72	0.81	1.39	Aug25	8.13
Nippon India Nifty Midcap 150 Idx Dir Gr	INF204KB18Z7	Torrent Power Ltd	Utilities	17.29	0.79	1.39	Oct24	5.55
Nippon India Nifty Midcap 150 Idx Dir Gr	INF204KB18Z7	Torrent Power Ltd	Utilities	17.29	0.79	1.39	Nov24	7.52
Nippon India Nifty Midcap 150 Idx Dir Gr	INF204KB18Z7	Torrent Power Ltd	Utilities	17.29	0.79	1.39	Dec24	3.56
Nippon India Nifty Midcap 150 Idx Dir Gr	INF204KB18Z7	Torrent Power Ltd	Utilities	17.29	0.79	1.39	Jan25	5.32
Nippon India Nifty Midcap 150 Idx Dir Gr	INF204KB18Z7	Torrent Power Ltd	Utilities	17.29	0.79	1.39	Feb25	5.59
Nippon India Nifty Midcap 150 Idx Dir Gr	INF204KB18Z7	Torrent Power Ltd	Utilities	17.29	0.79	1.39	Mar25	15.51
Nippon India Nifty Midcap 150 Idx Dir Gr	INF204KB18Z7	Torrent Power Ltd	Utilities	17.29	0.79	1.39	Mar25	15.51
Nippon India Nifty Midcap 150 Idx Dir Gr	INF204KB18Z7	Torrent Power Ltd	Utilities	17.29	0.79	1.39	Apr25	12.51
Nippon India Nifty Midcap 150 Idx Dir Gr	INF204KB18Z7	Torrent Power Ltd	Utilities	17.29	0.79	1.39	May25	11.15
Nippon India Nifty Midcap 150 Idx Dir Gr	INF204KB18Z7	Torrent Power Ltd	Utilities	17.29	0.79	1.39	June25	10.18
Nippon India Nifty Midcap 150 Idx Dir Gr	INF204KB18Z7	Torrent Power Ltd	Utilities	17.29	0.79	1.39	July25	9.19
Nippon India Nifty Midcap 150 Idx Dir Gr	INF204KB18Z7	Torrent Power Ltd	Utilities	17.29	0.79	1.39	Aug25	8.13
Nippon India Nifty Midcap 150 Idx Dir Gr	INF204KB18Z7	Colgate-Palmolive (India) Ltd	Consumer Defensive	17.22	0.79	1.39	Oct24	5.55
Nippon India Nifty Midcap 150 Idx Dir Gr	INF204KB18Z7	Colgate-Palmolive (India) Ltd	Consumer Defensive	17.22	0.79	1.39	Nov24	7.52
Nippon India Nifty Midcap 150 Idx Dir Gr	INF204KB18Z7	Colgate-Palmolive (India) Ltd	Consumer Defensive	17.22	0.79	1.39	Dec24	3.56
Nippon India Nifty Midcap 150 Idx Dir Gr	INF204KB18Z7	Colgate-Palmolive (India) Ltd	Consumer Defensive	17.22	0.79	1.39	Jan25	5.32
Nippon India Nifty Midcap 150 Idx Dir Gr	INF204KB18Z7	Colgate-Palmolive (India) Ltd	Consumer Defensive	17.22	0.79	1.39	Feb25	5.59
Nippon India Nifty Midcap 150 Idx Dir Gr	INF204KB18Z7	Colgate-Palmolive (India) Ltd	Consumer Defensive	17.22	0.79	1.39	Mar25	15.51
Nippon India Nifty Midcap 150 Idx Dir Gr	INF204KB18Z7	Colgate-Palmolive (India) Ltd	Consumer Defensive	17.22	0.79	1.39	Mar25	15.51
Nippon India Nifty Midcap 150 Idx Dir Gr	INF204KB18Z7	Colgate-Palmolive (India) Ltd	Consumer Defensive	17.22	0.79	1.39	Apr25	12.51
Nippon India Nifty Midcap 150 Idx Dir Gr	INF204KB18Z7	Colgate-Palmolive (India) Ltd	Consumer Defensive	17.22	0.79	1.39	May25	11.15
Nippon India Nifty Midcap 150 Idx Dir Gr	INF204KB18Z7	Colgate-Palmolive (India) Ltd	Consumer Defensive	17.22	0.79	1.39	June25	10.18
Nippon India Nifty Midcap 150 Idx Dir Gr	INF204KB18Z7	Colgate-Palmolive (India) Ltd	Consumer Defensive	17.22	0.79	1.39	July25	9.19
Nippon India Nifty Midcap 150 Idx Dir Gr	INF204KB18Z7	Colgate-Palmolive (India) Ltd	Consumer Defensive	17.22	0.79	1.39	Aug25	8.13
Nippon India Nifty Midcap 150 Idx Dir Gr	INF204KB18Z7	Tube Investments of India Ltd Ordinary Shares	Industrials	17.05	0.78	1.39	Oct24	5.55
Nippon India Nifty Midcap 150 Idx Dir Gr	INF204KB18Z7	Tube Investments of India Ltd Ordinary Shares	Industrials	17.05	0.78	1.39	Nov24	7.52
Nippon India Nifty Midcap 150 Idx Dir Gr	INF204KB18Z7	Tube Investments of India Ltd Ordinary Shares	Industrials	17.05	0.78	1.39	Dec24	3.56
Nippon India Nifty Midcap 150 Idx Dir Gr	INF204KB18Z7	Tube Investments of India Ltd Ordinary Shares	Industrials	17.05	0.78	1.39	Jan25	5.32
Nippon India Nifty Midcap 150 Idx Dir Gr	INF204KB18Z7	Tube Investments of India Ltd Ordinary Shares	Industrials	17.05	0.78	1.39	Feb25	5.59
Nippon India Nifty Midcap 150 Idx Dir Gr	INF204KB18Z7	Tube Investments of India Ltd Ordinary Shares	Industrials	17.05	0.78	1.39	Mar25	15.51
Nippon India Nifty Midcap 150 Idx Dir Gr	INF204KB18Z7	Tube Investments of India Ltd Ordinary Shares	Industrials	17.05	0.78	1.39	Mar25	15.51
Nippon India Nifty Midcap 150 Idx Dir Gr	INF204KB18Z7	Tube Investments of India Ltd Ordinary Shares	Industrials	17.05	0.78	1.39	Apr25	12.51
Nippon India Nifty Midcap 150 Idx Dir Gr	INF204KB18Z7	Tube Investments of India Ltd Ordinary Shares	Industrials	17.05	0.78	1.39	May25	11.15
Nippon India Nifty Midcap 150 Idx Dir Gr	INF204KB18Z7	Tube Investments of India Ltd Ordinary Shares	Industrials	17.05	0.78	1.39	June25	10.18
Nippon India Nifty Midcap 150 Idx Dir Gr	INF204KB18Z7	Tube Investments of India Ltd Ordinary Shares	Industrials	17.05	0.78	1.39	July25	9.19
Nippon India Nifty Midcap 150 Idx Dir Gr	INF204KB18Z7	Tube Investments of India Ltd Ordinary Shares	Industrials	17.05	0.78	1.39	Aug25	8.13
Nippon India Nifty Midcap 150 Idx Dir Gr	INF204KB18Z7	Vodafone Idea Ltd	Communication Services	16.96	0.78	1.39	Oct24	5.55
Nippon India Nifty Midcap 150 Idx Dir Gr	INF204KB18Z7	Vodafone Idea Ltd	Communication Services	16.96	0.78	1.39	Nov24	7.52
Nippon India Nifty Midcap 150 Idx Dir Gr	INF204KB18Z7	Vodafone Idea Ltd	Communication Services	16.96	0.78	1.39	Dec24	3.56
Nippon India Nifty Midcap 150 Idx Dir Gr	INF204KB18Z7	Vodafone Idea Ltd	Communication Services	16.96	0.78	1.39	Jan25	5.32
Nippon India Nifty Midcap 150 Idx Dir Gr	INF204KB18Z7	Vodafone Idea Ltd	Communication Services	16.96	0.78	1.39	Feb25	5.59
Nippon India Nifty Midcap 150 Idx Dir Gr	INF204KB18Z7	Vodafone Idea Ltd	Communication Services	16.96	0.78	1.39	Mar25	15.51
Nippon India Nifty Midcap 150 Idx Dir Gr	INF204KB18Z7	Vodafone Idea Ltd	Communication Services	16.96	0.78	1.39	Mar25	15.51
Nippon India Nifty Midcap 150 Idx Dir Gr	INF204KB18Z7	Vodafone Idea Ltd	Communication Services	16.96	0.78	1.39	Apr25	12.51
Nippon India Nifty Midcap 150 Idx Dir Gr	INF204KB18Z7	Vodafone Idea Ltd	Communication Services	16.96	0.78	1.39	May25	11.15
Nippon India Nifty Midcap 150 Idx Dir Gr	INF204KB18Z7	Vodafone Idea Ltd	Communication Services	16.96	0.78	1.39	June25	10.18
Nippon India Nifty Midcap 150 Idx Dir Gr	INF204KB18Z7	Vodafone Idea Ltd	Communication Services	16.96	0.78	1.39	July25	9.19
Nippon India Nifty Midcap 150 Idx Dir Gr	INF204KB18Z7	Vodafone Idea Ltd	Communication Services	16.96	0.78	1.39	Aug25	8.13
Nippon India Nifty Midcap 150 Idx Dir Gr	INF204KB18Z7	Triparty Repo		16.86	0.77		Oct24	5.55
Nippon India Nifty Midcap 150 Idx Dir Gr	INF204KB18Z7	Triparty Repo		16.86	0.77		Nov24	7.52
Nippon India Nifty Midcap 150 Idx Dir Gr	INF204KB18Z7	Triparty Repo		16.86	0.77		Dec24	3.56
Nippon India Nifty Midcap 150 Idx Dir Gr	INF204KB18Z7	Triparty Repo		16.86	0.77		Jan25	5.32
Nippon India Nifty Midcap 150 Idx Dir Gr	INF204KB18Z7	Triparty Repo		16.86	0.77		Feb25	5.59
Nippon India Nifty Midcap 150 Idx Dir Gr	INF204KB18Z7	Triparty Repo		16.86	0.77		Mar25	15.51
Nippon India Nifty Midcap 150 Idx Dir Gr	INF204KB18Z7	Triparty Repo		16.86	0.77		Mar25	15.51
Nippon India Nifty Midcap 150 Idx Dir Gr	INF204KB18Z7	Triparty Repo		16.86	0.77		Apr25	12.51
Nippon India Nifty Midcap 150 Idx Dir Gr	INF204KB18Z7	Triparty Repo		16.86	0.77		May25	11.15
Nippon India Nifty Midcap 150 Idx Dir Gr	INF204KB18Z7	Triparty Repo		16.86	0.77		June25	10.18
Nippon India Nifty Midcap 150 Idx Dir Gr	INF204KB18Z7	Triparty Repo		16.86	0.77		July25	9.19
Nippon India Nifty Midcap 150 Idx Dir Gr	INF204KB18Z7	Triparty Repo		16.86	0.77		Aug25	8.13
Nippon India Nifty Midcap 150 Idx Dir Gr	INF204KB18Z7	MRF Ltd	Consumer Cyclical	16.59	0.76	1.47	Oct24	5.55
Nippon India Nifty Midcap 150 Idx Dir Gr	INF204KB18Z7	MRF Ltd	Consumer Cyclical	16.59	0.76	1.47	Nov24	7.52
Nippon India Nifty Midcap 150 Idx Dir Gr	INF204KB18Z7	MRF Ltd	Consumer Cyclical	16.59	0.76	1.47	Dec24	3.56
Nippon India Nifty Midcap 150 Idx Dir Gr	INF204KB18Z7	MRF Ltd	Consumer Cyclical	16.59	0.76	1.47	Jan25	5.32
Nippon India Nifty Midcap 150 Idx Dir Gr	INF204KB18Z7	MRF Ltd	Consumer Cyclical	16.59	0.76	1.47	Feb25	5.59
Nippon India Nifty Midcap 150 Idx Dir Gr	INF204KB18Z7	MRF Ltd	Consumer Cyclical	16.59	0.76	1.47	Mar25	15.51
Nippon India Nifty Midcap 150 Idx Dir Gr	INF204KB18Z7	MRF Ltd	Consumer Cyclical	16.59	0.76	1.47	Mar25	15.51
Nippon India Nifty Midcap 150 Idx Dir Gr	INF204KB18Z7	MRF Ltd	Consumer Cyclical	16.59	0.76	1.47	Apr25	12.51
Nippon India Nifty Midcap 150 Idx Dir Gr	INF204KB18Z7	MRF Ltd	Consumer Cyclical	16.59	0.76	1.47	May25	11.15
Nippon India Nifty Midcap 150 Idx Dir Gr	INF204KB18Z7	MRF Ltd	Consumer Cyclical	16.59	0.76	1.47	June25	10.18
Nippon India Nifty Midcap 150 Idx Dir Gr	INF204KB18Z7	MRF Ltd	Consumer Cyclical	16.59	0.76	1.47	July25	9.19
Nippon India Nifty Midcap 150 Idx Dir Gr	INF204KB18Z7	MRF Ltd	Consumer Cyclical	16.59	0.76	1.47	Aug25	8.13
Nippon India Nifty Midcap 150 Idx Dir Gr	INF204KB18Z7	NMDC Ltd	Basic Materials	16.39	0.75	1.39	Oct24	5.55
Nippon India Nifty Midcap 150 Idx Dir Gr	INF204KB18Z7	NMDC Ltd	Basic Materials	16.39	0.75	1.39	Nov24	7.52
Nippon India Nifty Midcap 150 Idx Dir Gr	INF204KB18Z7	NMDC Ltd	Basic Materials	16.39	0.75	1.39	Dec24	3.56
Nippon India Nifty Midcap 150 Idx Dir Gr	INF204KB18Z7	NMDC Ltd	Basic Materials	16.39	0.75	1.39	Jan25	5.32
Nippon India Nifty Midcap 150 Idx Dir Gr	INF204KB18Z7	NMDC Ltd	Basic Materials	16.39	0.75	1.39	Feb25	5.59
Nippon India Nifty Midcap 150 Idx Dir Gr	INF204KB18Z7	NMDC Ltd	Basic Materials	16.39	0.75	1.39	Mar25	15.51
Nippon India Nifty Midcap 150 Idx Dir Gr	INF204KB18Z7	NMDC Ltd	Basic Materials	16.39	0.75	1.39	Mar25	15.51
Nippon India Nifty Midcap 150 Idx Dir Gr	INF204KB18Z7	NMDC Ltd	Basic Materials	16.39	0.75	1.39	Apr25	12.51
Nippon India Nifty Midcap 150 Idx Dir Gr	INF204KB18Z7	NMDC Ltd	Basic Materials	16.39	0.75	1.39	May25	11.15
Nippon India Nifty Midcap 150 Idx Dir Gr	INF204KB18Z7	NMDC Ltd	Basic Materials	16.39	0.75	1.39	June25	10.18
Nippon India Nifty Midcap 150 Idx Dir Gr	INF204KB18Z7	NMDC Ltd	Basic Materials	16.39	0.75	1.39	July25	9.19
Nippon India Nifty Midcap 150 Idx Dir Gr	INF204KB18Z7	NMDC Ltd	Basic Materials	16.39	0.75	1.39	Aug25	8.13
Nippon India Nifty Midcap 150 Idx Dir Gr	INF204KB18Z7	360 One Wam Ltd Ordinary Shares	Financial Services	16.27	0.74	1.39	Oct24	5.55
Nippon India Nifty Midcap 150 Idx Dir Gr	INF204KB18Z7	360 One Wam Ltd Ordinary Shares	Financial Services	16.27	0.74	1.39	Nov24	7.52
Nippon India Nifty Midcap 150 Idx Dir Gr	INF204KB18Z7	360 One Wam Ltd Ordinary Shares	Financial Services	16.27	0.74	1.39	Dec24	3.56
Nippon India Nifty Midcap 150 Idx Dir Gr	INF204KB18Z7	360 One Wam Ltd Ordinary Shares	Financial Services	16.27	0.74	1.39	Jan25	5.32
Nippon India Nifty Midcap 150 Idx Dir Gr	INF204KB18Z7	360 One Wam Ltd Ordinary Shares	Financial Services	16.27	0.74	1.39	Feb25	5.59
Nippon India Nifty Midcap 150 Idx Dir Gr	INF204KB18Z7	360 One Wam Ltd Ordinary Shares	Financial Services	16.27	0.74	1.39	Mar25	15.51
Nippon India Nifty Midcap 150 Idx Dir Gr	INF204KB18Z7	360 One Wam Ltd Ordinary Shares	Financial Services	16.27	0.74	1.39	Mar25	15.51
Nippon India Nifty Midcap 150 Idx Dir Gr	INF204KB18Z7	360 One Wam Ltd Ordinary Shares	Financial Services	16.27	0.74	1.39	Apr25	12.51
Nippon India Nifty Midcap 150 Idx Dir Gr	INF204KB18Z7	360 One Wam Ltd Ordinary Shares	Financial Services	16.27	0.74	1.39	May25	11.15
Nippon India Nifty Midcap 150 Idx Dir Gr	INF204KB18Z7	360 One Wam Ltd Ordinary Shares	Financial Services	16.27	0.74	1.39	June25	10.18
Nippon India Nifty Midcap 150 Idx Dir Gr	INF204KB18Z7	360 One Wam Ltd Ordinary Shares	Financial Services	16.27	0.74	1.39	July25	9.19
Nippon India Nifty Midcap 150 Idx Dir Gr	INF204KB18Z7	360 One Wam Ltd Ordinary Shares	Financial Services	16.27	0.74	1.39	Aug25	8.13
Nippon India Nifty Midcap 150 Idx Dir Gr	INF204KB18Z7	Biocon Ltd	Healthcare	16.14	0.74	1.39	Oct24	5.55
Nippon India Nifty Midcap 150 Idx Dir Gr	INF204KB18Z7	Biocon Ltd	Healthcare	16.14	0.74	1.39	Nov24	7.52
Nippon India Nifty Midcap 150 Idx Dir Gr	INF204KB18Z7	Biocon Ltd	Healthcare	16.14	0.74	1.39	Dec24	3.56
Nippon India Nifty Midcap 150 Idx Dir Gr	INF204KB18Z7	Biocon Ltd	Healthcare	16.14	0.74	1.39	Jan25	5.32
Nippon India Nifty Midcap 150 Idx Dir Gr	INF204KB18Z7	Biocon Ltd	Healthcare	16.14	0.74	1.39	Feb25	5.59
Nippon India Nifty Midcap 150 Idx Dir Gr	INF204KB18Z7	Biocon Ltd	Healthcare	16.14	0.74	1.39	Mar25	15.51
Nippon India Nifty Midcap 150 Idx Dir Gr	INF204KB18Z7	Biocon Ltd	Healthcare	16.14	0.74	1.39	Mar25	15.51
Nippon India Nifty Midcap 150 Idx Dir Gr	INF204KB18Z7	Biocon Ltd	Healthcare	16.14	0.74	1.39	Apr25	12.51
Nippon India Nifty Midcap 150 Idx Dir Gr	INF204KB18Z7	Biocon Ltd	Healthcare	16.14	0.74	1.39	May25	11.15
Nippon India Nifty Midcap 150 Idx Dir Gr	INF204KB18Z7	Biocon Ltd	Healthcare	16.14	0.74	1.39	June25	10.18
Nippon India Nifty Midcap 150 Idx Dir Gr	INF204KB18Z7	Biocon Ltd	Healthcare	16.14	0.74	1.39	July25	9.19
Nippon India Nifty Midcap 150 Idx Dir Gr	INF204KB18Z7	Biocon Ltd	Healthcare	16.14	0.74	1.39	Aug25	8.13
Nippon India Nifty Midcap 150 Idx Dir Gr	INF204KB18Z7	Aditya Birla Capital Ltd	Financial Services	15.33	0.70	1.39	Oct24	5.55
Nippon India Nifty Midcap 150 Idx Dir Gr	INF204KB18Z7	Aditya Birla Capital Ltd	Financial Services	15.33	0.70	1.39	Nov24	7.52
Nippon India Nifty Midcap 150 Idx Dir Gr	INF204KB18Z7	Aditya Birla Capital Ltd	Financial Services	15.33	0.70	1.39	Dec24	3.56
Nippon India Nifty Midcap 150 Idx Dir Gr	INF204KB18Z7	Aditya Birla Capital Ltd	Financial Services	15.33	0.70	1.39	Jan25	5.32
Nippon India Nifty Midcap 150 Idx Dir Gr	INF204KB18Z7	Aditya Birla Capital Ltd	Financial Services	15.33	0.70	1.39	Feb25	5.59
Nippon India Nifty Midcap 150 Idx Dir Gr	INF204KB18Z7	Aditya Birla Capital Ltd	Financial Services	15.33	0.70	1.39	Mar25	15.51
Nippon India Nifty Midcap 150 Idx Dir Gr	INF204KB18Z7	Aditya Birla Capital Ltd	Financial Services	15.33	0.70	1.39	Mar25	15.51
Nippon India Nifty Midcap 150 Idx Dir Gr	INF204KB18Z7	Aditya Birla Capital Ltd	Financial Services	15.33	0.70	1.39	Apr25	12.51
Nippon India Nifty Midcap 150 Idx Dir Gr	INF204KB18Z7	Aditya Birla Capital Ltd	Financial Services	15.33	0.70	1.39	May25	11.15
Nippon India Nifty Midcap 150 Idx Dir Gr	INF204KB18Z7	Aditya Birla Capital Ltd	Financial Services	15.33	0.70	1.39	June25	10.18
Nippon India Nifty Midcap 150 Idx Dir Gr	INF204KB18Z7	Aditya Birla Capital Ltd	Financial Services	15.33	0.70	1.39	July25	9.19
Nippon India Nifty Midcap 150 Idx Dir Gr	INF204KB18Z7	Aditya Birla Capital Ltd	Financial Services	15.33	0.70	1.39	Aug25	8.13
Nippon India Nifty Midcap 150 Idx Dir Gr	INF204KB18Z7	Oil India Ltd	Energy	15.31	0.70	1.39	Oct24	5.55
Nippon India Nifty Midcap 150 Idx Dir Gr	INF204KB18Z7	Oil India Ltd	Energy	15.31	0.70	1.39	Nov24	7.52
Nippon India Nifty Midcap 150 Idx Dir Gr	INF204KB18Z7	Oil India Ltd	Energy	15.31	0.70	1.39	Dec24	3.56
Nippon India Nifty Midcap 150 Idx Dir Gr	INF204KB18Z7	Oil India Ltd	Energy	15.31	0.70	1.39	Jan25	5.32
Nippon India Nifty Midcap 150 Idx Dir Gr	INF204KB18Z7	Oil India Ltd	Energy	15.31	0.70	1.39	Feb25	5.59
Nippon India Nifty Midcap 150 Idx Dir Gr	INF204KB18Z7	Oil India Ltd	Energy	15.31	0.70	1.39	Mar25	15.51
Nippon India Nifty Midcap 150 Idx Dir Gr	INF204KB18Z7	Oil India Ltd	Energy	15.31	0.70	1.39	Mar25	15.51
Nippon India Nifty Midcap 150 Idx Dir Gr	INF204KB18Z7	Oil India Ltd	Energy	15.31	0.70	1.39	Apr25	12.51
Nippon India Nifty Midcap 150 Idx Dir Gr	INF204KB18Z7	Oil India Ltd	Energy	15.31	0.70	1.39	May25	11.15
Nippon India Nifty Midcap 150 Idx Dir Gr	INF204KB18Z7	Oil India Ltd	Energy	15.31	0.70	1.39	June25	10.18
Nippon India Nifty Midcap 150 Idx Dir Gr	INF204KB18Z7	Oil India Ltd	Energy	15.31	0.70	1.39	July25	9.19
Nippon India Nifty Midcap 150 Idx Dir Gr	INF204KB18Z7	Oil India Ltd	Energy	15.31	0.70	1.39	Aug25	8.13
Nippon India Nifty Midcap 150 Idx Dir Gr	INF204KB18Z7	Coromandel International Ltd	Basic Materials	15.22	0.70	1.39	Oct24	5.55
Nippon India Nifty Midcap 150 Idx Dir Gr	INF204KB18Z7	Coromandel International Ltd	Basic Materials	15.22	0.70	1.39	Nov24	7.52
Nippon India Nifty Midcap 150 Idx Dir Gr	INF204KB18Z7	Coromandel International Ltd	Basic Materials	15.22	0.70	1.39	Dec24	3.56
Nippon India Nifty Midcap 150 Idx Dir Gr	INF204KB18Z7	Coromandel International Ltd	Basic Materials	15.22	0.70	1.39	Jan25	5.32
Nippon India Nifty Midcap 150 Idx Dir Gr	INF204KB18Z7	Coromandel International Ltd	Basic Materials	15.22	0.70	1.39	Feb25	5.59
Nippon India Nifty Midcap 150 Idx Dir Gr	INF204KB18Z7	Coromandel International Ltd	Basic Materials	15.22	0.70	1.39	Mar25	15.51
Nippon India Nifty Midcap 150 Idx Dir Gr	INF204KB18Z7	Coromandel International Ltd	Basic Materials	15.22	0.70	1.39	Mar25	15.51
Nippon India Nifty Midcap 150 Idx Dir Gr	INF204KB18Z7	Coromandel International Ltd	Basic Materials	15.22	0.70	1.39	Apr25	12.51
Nippon India Nifty Midcap 150 Idx Dir Gr	INF204KB18Z7	Coromandel International Ltd	Basic Materials	15.22	0.70	1.39	May25	11.15
Nippon India Nifty Midcap 150 Idx Dir Gr	INF204KB18Z7	Coromandel International Ltd	Basic Materials	15.22	0.70	1.39	June25	10.18
Nippon India Nifty Midcap 150 Idx Dir Gr	INF204KB18Z7	Coromandel International Ltd	Basic Materials	15.22	0.70	1.39	July25	9.19
Nippon India Nifty Midcap 150 Idx Dir Gr	INF204KB18Z7	Coromandel International Ltd	Basic Materials	15.22	0.70	1.39	Aug25	8.13
Nippon India Nifty Midcap 150 Idx Dir Gr	INF204KB18Z7	Mphasis Ltd	Technology	15.19	0.69	1.39	Oct24	5.55
Nippon India Nifty Midcap 150 Idx Dir Gr	INF204KB18Z7	Mphasis Ltd	Technology	15.19	0.69	1.39	Nov24	7.52
Nippon India Nifty Midcap 150 Idx Dir Gr	INF204KB18Z7	Mphasis Ltd	Technology	15.19	0.69	1.39	Dec24	3.56
Nippon India Nifty Midcap 150 Idx Dir Gr	INF204KB18Z7	Mphasis Ltd	Technology	15.19	0.69	1.39	Jan25	5.32
Nippon India Nifty Midcap 150 Idx Dir Gr	INF204KB18Z7	Mphasis Ltd	Technology	15.19	0.69	1.39	Feb25	5.59
Nippon India Nifty Midcap 150 Idx Dir Gr	INF204KB18Z7	Mphasis Ltd	Technology	15.19	0.69	1.39	Mar25	15.51
Nippon India Nifty Midcap 150 Idx Dir Gr	INF204KB18Z7	Mphasis Ltd	Technology	15.19	0.69	1.39	Mar25	15.51
Nippon India Nifty Midcap 150 Idx Dir Gr	INF204KB18Z7	Mphasis Ltd	Technology	15.19	0.69	1.39	Apr25	12.51
Nippon India Nifty Midcap 150 Idx Dir Gr	INF204KB18Z7	Mphasis Ltd	Technology	15.19	0.69	1.39	May25	11.15
Nippon India Nifty Midcap 150 Idx Dir Gr	INF204KB18Z7	Mphasis Ltd	Technology	15.19	0.69	1.39	June25	10.18
Nippon India Nifty Midcap 150 Idx Dir Gr	INF204KB18Z7	Mphasis Ltd	Technology	15.19	0.69	1.39	July25	9.19
Nippon India Nifty Midcap 150 Idx Dir Gr	INF204KB18Z7	Mphasis Ltd	Technology	15.19	0.69	1.39	Aug25	8.13
Nippon India Nifty Midcap 150 Idx Dir Gr	INF204KB18Z7	Net Current Assets		-15.07	0.69		Oct24	5.55
Nippon India Nifty Midcap 150 Idx Dir Gr	INF204KB18Z7	Net Current Assets		-15.07	0.69		Nov24	7.52
Nippon India Nifty Midcap 150 Idx Dir Gr	INF204KB18Z7	Net Current Assets		-15.07	0.69		Dec24	3.56
Nippon India Nifty Midcap 150 Idx Dir Gr	INF204KB18Z7	Net Current Assets		-15.07	0.69		Jan25	5.32
Nippon India Nifty Midcap 150 Idx Dir Gr	INF204KB18Z7	Net Current Assets		-15.07	0.69		Feb25	5.59
Nippon India Nifty Midcap 150 Idx Dir Gr	INF204KB18Z7	Net Current Assets		-15.07	0.69		Mar25	15.51
Nippon India Nifty Midcap 150 Idx Dir Gr	INF204KB18Z7	Net Current Assets		-15.07	0.69		Mar25	15.51
Nippon India Nifty Midcap 150 Idx Dir Gr	INF204KB18Z7	Net Current Assets		-15.07	0.69		Apr25	12.51
Nippon India Nifty Midcap 150 Idx Dir Gr	INF204KB18Z7	Net Current Assets		-15.07	0.69		May25	11.15
Nippon India Nifty Midcap 150 Idx Dir Gr	INF204KB18Z7	Net Current Assets		-15.07	0.69		June25	10.18
Nippon India Nifty Midcap 150 Idx Dir Gr	INF204KB18Z7	Net Current Assets		-15.07	0.69		July25	9.19
Nippon India Nifty Midcap 150 Idx Dir Gr	INF204KB18Z7	Net Current Assets		-15.07	0.69		Aug25	8.13
Nippon India Nifty Midcap 150 Idx Dir Gr	INF204KB18Z7	Waaree Energies Ltd	Technology	15.05	0.69	1.39	Oct24	5.55
Nippon India Nifty Midcap 150 Idx Dir Gr	INF204KB18Z7	Waaree Energies Ltd	Technology	15.05	0.69	1.39	Nov24	7.52
Nippon India Nifty Midcap 150 Idx Dir Gr	INF204KB18Z7	Waaree Energies Ltd	Technology	15.05	0.69	1.39	Dec24	3.56
Nippon India Nifty Midcap 150 Idx Dir Gr	INF204KB18Z7	Waaree Energies Ltd	Technology	15.05	0.69	1.39	Jan25	5.32
Nippon India Nifty Midcap 150 Idx Dir Gr	INF204KB18Z7	Waaree Energies Ltd	Technology	15.05	0.69	1.39	Feb25	5.59
Nippon India Nifty Midcap 150 Idx Dir Gr	INF204KB18Z7	Waaree Energies Ltd	Technology	15.05	0.69	1.39	Mar25	15.51
Nippon India Nifty Midcap 150 Idx Dir Gr	INF204KB18Z7	Waaree Energies Ltd	Technology	15.05	0.69	1.39	Mar25	15.51
Nippon India Nifty Midcap 150 Idx Dir Gr	INF204KB18Z7	Waaree Energies Ltd	Technology	15.05	0.69	1.39	Apr25	12.51
Nippon India Nifty Midcap 150 Idx Dir Gr	INF204KB18Z7	Waaree Energies Ltd	Technology	15.05	0.69	1.39	May25	11.15
Nippon India Nifty Midcap 150 Idx Dir Gr	INF204KB18Z7	Waaree Energies Ltd	Technology	15.05	0.69	1.39	June25	10.18
Nippon India Nifty Midcap 150 Idx Dir Gr	INF204KB18Z7	Waaree Energies Ltd	Technology	15.05	0.69	1.39	July25	9.19
Nippon India Nifty Midcap 150 Idx Dir Gr	INF204KB18Z7	Waaree Energies Ltd	Technology	15.05	0.69	1.39	Aug25	8.13
Nippon India Nifty Midcap 150 Idx Dir Gr	INF204KB18Z7	Godrej Properties Ltd	Real Estate	14.98	0.68	1.39	Oct24	5.55
Nippon India Nifty Midcap 150 Idx Dir Gr	INF204KB18Z7	Godrej Properties Ltd	Real Estate	14.98	0.68	1.39	Nov24	7.52
Nippon India Nifty Midcap 150 Idx Dir Gr	INF204KB18Z7	Godrej Properties Ltd	Real Estate	14.98	0.68	1.39	Dec24	3.56
Nippon India Nifty Midcap 150 Idx Dir Gr	INF204KB18Z7	Godrej Properties Ltd	Real Estate	14.98	0.68	1.39	Jan25	5.32
Nippon India Nifty Midcap 150 Idx Dir Gr	INF204KB18Z7	Godrej Properties Ltd	Real Estate	14.98	0.68	1.39	Feb25	5.59
Nippon India Nifty Midcap 150 Idx Dir Gr	INF204KB18Z7	Godrej Properties Ltd	Real Estate	14.98	0.68	1.39	Mar25	15.51
Nippon India Nifty Midcap 150 Idx Dir Gr	INF204KB18Z7	Godrej Properties Ltd	Real Estate	14.98	0.68	1.39	Mar25	15.51
Nippon India Nifty Midcap 150 Idx Dir Gr	INF204KB18Z7	Godrej Properties Ltd	Real Estate	14.98	0.68	1.39	Apr25	12.51
Nippon India Nifty Midcap 150 Idx Dir Gr	INF204KB18Z7	Godrej Properties Ltd	Real Estate	14.98	0.68	1.39	May25	11.15
Nippon India Nifty Midcap 150 Idx Dir Gr	INF204KB18Z7	Godrej Properties Ltd	Real Estate	14.98	0.68	1.39	June25	10.18
Nippon India Nifty Midcap 150 Idx Dir Gr	INF204KB18Z7	Godrej Properties Ltd	Real Estate	14.98	0.68	1.39	July25	9.19
Nippon India Nifty Midcap 150 Idx Dir Gr	INF204KB18Z7	Godrej Properties Ltd	Real Estate	14.98	0.68	1.39	Aug25	8.13
Nippon India Nifty Midcap 150 Idx Dir Gr	INF204KB18Z7	ICICI Prudential Life Insurance Co Ltd	Financial Services	14.92	0.68	1.39	Oct24	5.55
Nippon India Nifty Midcap 150 Idx Dir Gr	INF204KB18Z7	ICICI Prudential Life Insurance Co Ltd	Financial Services	14.92	0.68	1.39	Nov24	7.52
Nippon India Nifty Midcap 150 Idx Dir Gr	INF204KB18Z7	ICICI Prudential Life Insurance Co Ltd	Financial Services	14.92	0.68	1.39	Dec24	3.56
Nippon India Nifty Midcap 150 Idx Dir Gr	INF204KB18Z7	ICICI Prudential Life Insurance Co Ltd	Financial Services	14.92	0.68	1.39	Jan25	5.32
Nippon India Nifty Midcap 150 Idx Dir Gr	INF204KB18Z7	ICICI Prudential Life Insurance Co Ltd	Financial Services	14.92	0.68	1.39	Feb25	5.59
Nippon India Nifty Midcap 150 Idx Dir Gr	INF204KB18Z7	ICICI Prudential Life Insurance Co Ltd	Financial Services	14.92	0.68	1.39	Mar25	15.51
Nippon India Nifty Midcap 150 Idx Dir Gr	INF204KB18Z7	ICICI Prudential Life Insurance Co Ltd	Financial Services	14.92	0.68	1.39	Mar25	15.51
Nippon India Nifty Midcap 150 Idx Dir Gr	INF204KB18Z7	ICICI Prudential Life Insurance Co Ltd	Financial Services	14.92	0.68	1.39	Apr25	12.51
Nippon India Nifty Midcap 150 Idx Dir Gr	INF204KB18Z7	ICICI Prudential Life Insurance Co Ltd	Financial Services	14.92	0.68	1.39	May25	11.15
Nippon India Nifty Midcap 150 Idx Dir Gr	INF204KB18Z7	ICICI Prudential Life Insurance Co Ltd	Financial Services	14.92	0.68	1.39	June25	10.18
Nippon India Nifty Midcap 150 Idx Dir Gr	INF204KB18Z7	ICICI Prudential Life Insurance Co Ltd	Financial Services	14.92	0.68	1.39	July25	9.19
Nippon India Nifty Midcap 150 Idx Dir Gr	INF204KB18Z7	ICICI Prudential Life Insurance Co Ltd	Financial Services	14.92	0.68	1.39	Aug25	8.13
Nippon India Nifty Midcap 150 Idx Dir Gr	INF204KB18Z7	Supreme Industries Ltd	Industrials	14.87	0.68	1.39	Oct24	5.55
Nippon India Nifty Midcap 150 Idx Dir Gr	INF204KB18Z7	Supreme Industries Ltd	Industrials	14.87	0.68	1.39	Nov24	7.52
Nippon India Nifty Midcap 150 Idx Dir Gr	INF204KB18Z7	Supreme Industries Ltd	Industrials	14.87	0.68	1.39	Dec24	3.56
Nippon India Nifty Midcap 150 Idx Dir Gr	INF204KB18Z7	Supreme Industries Ltd	Industrials	14.87	0.68	1.39	Jan25	5.32
Nippon India Nifty Midcap 150 Idx Dir Gr	INF204KB18Z7	Supreme Industries Ltd	Industrials	14.87	0.68	1.39	Feb25	5.59
Nippon India Nifty Midcap 150 Idx Dir Gr	INF204KB18Z7	Supreme Industries Ltd	Industrials	14.87	0.68	1.39	Mar25	15.51
Nippon India Nifty Midcap 150 Idx Dir Gr	INF204KB18Z7	Supreme Industries Ltd	Industrials	14.87	0.68	1.39	Mar25	15.51
Nippon India Nifty Midcap 150 Idx Dir Gr	INF204KB18Z7	Supreme Industries Ltd	Industrials	14.87	0.68	1.39	Apr25	12.51
Nippon India Nifty Midcap 150 Idx Dir Gr	INF204KB18Z7	Supreme Industries Ltd	Industrials	14.87	0.68	1.39	May25	11.15
Nippon India Nifty Midcap 150 Idx Dir Gr	INF204KB18Z7	Supreme Industries Ltd	Industrials	14.87	0.68	1.39	June25	10.18
Nippon India Nifty Midcap 150 Idx Dir Gr	INF204KB18Z7	Supreme Industries Ltd	Industrials	14.87	0.68	1.39	July25	9.19
Nippon India Nifty Midcap 150 Idx Dir Gr	INF204KB18Z7	Supreme Industries Ltd	Industrials	14.87	0.68	1.39	Aug25	8.13
Nippon India Nifty Midcap 150 Idx Dir Gr	INF204KB18Z7	Mankind Pharma Ltd	Healthcare	14.75	0.67	1.39	Oct24	5.55
Nippon India Nifty Midcap 150 Idx Dir Gr	INF204KB18Z7	Mankind Pharma Ltd	Healthcare	14.75	0.67	1.39	Nov24	7.52
Nippon India Nifty Midcap 150 Idx Dir Gr	INF204KB18Z7	Mankind Pharma Ltd	Healthcare	14.75	0.67	1.39	Dec24	3.56
Nippon India Nifty Midcap 150 Idx Dir Gr	INF204KB18Z7	Mankind Pharma Ltd	Healthcare	14.75	0.67	1.39	Jan25	5.32
Nippon India Nifty Midcap 150 Idx Dir Gr	INF204KB18Z7	Mankind Pharma Ltd	Healthcare	14.75	0.67	1.39	Feb25	5.59
Nippon India Nifty Midcap 150 Idx Dir Gr	INF204KB18Z7	Mankind Pharma Ltd	Healthcare	14.75	0.67	1.39	Mar25	15.51
Nippon India Nifty Midcap 150 Idx Dir Gr	INF204KB18Z7	Mankind Pharma Ltd	Healthcare	14.75	0.67	1.39	Mar25	15.51
Nippon India Nifty Midcap 150 Idx Dir Gr	INF204KB18Z7	Mankind Pharma Ltd	Healthcare	14.75	0.67	1.39	Apr25	12.51
Nippon India Nifty Midcap 150 Idx Dir Gr	INF204KB18Z7	Mankind Pharma Ltd	Healthcare	14.75	0.67	1.39	May25	11.15
Nippon India Nifty Midcap 150 Idx Dir Gr	INF204KB18Z7	Mankind Pharma Ltd	Healthcare	14.75	0.67	1.39	June25	10.18
Nippon India Nifty Midcap 150 Idx Dir Gr	INF204KB18Z7	Mankind Pharma Ltd	Healthcare	14.75	0.67	1.39	July25	9.19
Nippon India Nifty Midcap 150 Idx Dir Gr	INF204KB18Z7	Mankind Pharma Ltd	Healthcare	14.75	0.67	1.39	Aug25	8.13
Nippon India Nifty Midcap 150 Idx Dir Gr	INF204KB18Z7	PI Industries Ltd	Basic Materials	14.65	0.67	1.39	Oct24	5.55
Nippon India Nifty Midcap 150 Idx Dir Gr	INF204KB18Z7	PI Industries Ltd	Basic Materials	14.65	0.67	1.39	Nov24	7.52
Nippon India Nifty Midcap 150 Idx Dir Gr	INF204KB18Z7	PI Industries Ltd	Basic Materials	14.65	0.67	1.39	Dec24	3.56
Nippon India Nifty Midcap 150 Idx Dir Gr	INF204KB18Z7	PI Industries Ltd	Basic Materials	14.65	0.67	1.39	Jan25	5.32
Nippon India Nifty Midcap 150 Idx Dir Gr	INF204KB18Z7	PI Industries Ltd	Basic Materials	14.65	0.67	1.39	Feb25	5.59
Nippon India Nifty Midcap 150 Idx Dir Gr	INF204KB18Z7	PI Industries Ltd	Basic Materials	14.65	0.67	1.39	Mar25	15.51
Nippon India Nifty Midcap 150 Idx Dir Gr	INF204KB18Z7	PI Industries Ltd	Basic Materials	14.65	0.67	1.39	Mar25	15.51
Nippon India Nifty Midcap 150 Idx Dir Gr	INF204KB18Z7	PI Industries Ltd	Basic Materials	14.65	0.67	1.39	Apr25	12.51
Nippon India Nifty Midcap 150 Idx Dir Gr	INF204KB18Z7	PI Industries Ltd	Basic Materials	14.65	0.67	1.39	May25	11.15
Nippon India Nifty Midcap 150 Idx Dir Gr	INF204KB18Z7	PI Industries Ltd	Basic Materials	14.65	0.67	1.39	June25	10.18
Nippon India Nifty Midcap 150 Idx Dir Gr	INF204KB18Z7	PI Industries Ltd	Basic Materials	14.65	0.67	1.39	July25	9.19
Nippon India Nifty Midcap 150 Idx Dir Gr	INF204KB18Z7	PI Industries Ltd	Basic Materials	14.65	0.67	1.39	Aug25	8.13
Nippon India Nifty Midcap 150 Idx Dir Gr	INF204KB18Z7	Blue Star Ltd	Industrials	14.61	0.67	1.39	Oct24	5.55
Nippon India Nifty Midcap 150 Idx Dir Gr	INF204KB18Z7	Blue Star Ltd	Industrials	14.61	0.67	1.39	Nov24	7.52
Nippon India Nifty Midcap 150 Idx Dir Gr	INF204KB18Z7	Blue Star Ltd	Industrials	14.61	0.67	1.39	Dec24	3.56
Nippon India Nifty Midcap 150 Idx Dir Gr	INF204KB18Z7	Blue Star Ltd	Industrials	14.61	0.67	1.39	Jan25	5.32
Nippon India Nifty Midcap 150 Idx Dir Gr	INF204KB18Z7	Blue Star Ltd	Industrials	14.61	0.67	1.39	Feb25	5.59
Nippon India Nifty Midcap 150 Idx Dir Gr	INF204KB18Z7	Blue Star Ltd	Industrials	14.61	0.67	1.39	Mar25	15.51
Nippon India Nifty Midcap 150 Idx Dir Gr	INF204KB18Z7	Blue Star Ltd	Industrials	14.61	0.67	1.39	Mar25	15.51
Nippon India Nifty Midcap 150 Idx Dir Gr	INF204KB18Z7	Blue Star Ltd	Industrials	14.61	0.67	1.39	Apr25	12.51
Nippon India Nifty Midcap 150 Idx Dir Gr	INF204KB18Z7	Blue Star Ltd	Industrials	14.61	0.67	1.39	May25	11.15
Nippon India Nifty Midcap 150 Idx Dir Gr	INF204KB18Z7	Blue Star Ltd	Industrials	14.61	0.67	1.39	June25	10.18
Nippon India Nifty Midcap 150 Idx Dir Gr	INF204KB18Z7	Blue Star Ltd	Industrials	14.61	0.67	1.39	July25	9.19
Nippon India Nifty Midcap 150 Idx Dir Gr	INF204KB18Z7	Blue Star Ltd	Industrials	14.61	0.67	1.39	Aug25	8.13
Nippon India Nifty Midcap 150 Idx Dir Gr	INF204KB18Z7	Vishal Mega Mart Ltd	Consumer Cyclical	14.54	0.66	1.39	Oct24	5.55
Nippon India Nifty Midcap 150 Idx Dir Gr	INF204KB18Z7	Vishal Mega Mart Ltd	Consumer Cyclical	14.54	0.66	1.39	Nov24	7.52
Nippon India Nifty Midcap 150 Idx Dir Gr	INF204KB18Z7	Vishal Mega Mart Ltd	Consumer Cyclical	14.54	0.66	1.39	Dec24	3.56
Nippon India Nifty Midcap 150 Idx Dir Gr	INF204KB18Z7	Vishal Mega Mart Ltd	Consumer Cyclical	14.54	0.66	1.39	Jan25	5.32
Nippon India Nifty Midcap 150 Idx Dir Gr	INF204KB18Z7	Vishal Mega Mart Ltd	Consumer Cyclical	14.54	0.66	1.39	Feb25	5.59
Nippon India Nifty Midcap 150 Idx Dir Gr	INF204KB18Z7	Vishal Mega Mart Ltd	Consumer Cyclical	14.54	0.66	1.39	Mar25	15.51
Nippon India Nifty Midcap 150 Idx Dir Gr	INF204KB18Z7	Vishal Mega Mart Ltd	Consumer Cyclical	14.54	0.66	1.39	Mar25	15.51
Nippon India Nifty Midcap 150 Idx Dir Gr	INF204KB18Z7	Vishal Mega Mart Ltd	Consumer Cyclical	14.54	0.66	1.39	Apr25	12.51
Nippon India Nifty Midcap 150 Idx Dir Gr	INF204KB18Z7	Vishal Mega Mart Ltd	Consumer Cyclical	14.54	0.66	1.39	May25	11.15
Nippon India Nifty Midcap 150 Idx Dir Gr	INF204KB18Z7	Vishal Mega Mart Ltd	Consumer Cyclical	14.54	0.66	1.39	June25	10.18
Nippon India Nifty Midcap 150 Idx Dir Gr	INF204KB18Z7	Vishal Mega Mart Ltd	Consumer Cyclical	14.54	0.66	1.39	July25	9.19
Nippon India Nifty Midcap 150 Idx Dir Gr	INF204KB18Z7	Vishal Mega Mart Ltd	Consumer Cyclical	14.54	0.66	1.39	Aug25	8.13
Nippon India Nifty Midcap 150 Idx Dir Gr	INF204KB18Z7	Jindal Stainless Ltd	Basic Materials	14.40	0.66	1.39	Oct24	5.55
Nippon India Nifty Midcap 150 Idx Dir Gr	INF204KB18Z7	Jindal Stainless Ltd	Basic Materials	14.40	0.66	1.39	Nov24	7.52
Nippon India Nifty Midcap 150 Idx Dir Gr	INF204KB18Z7	Jindal Stainless Ltd	Basic Materials	14.40	0.66	1.39	Dec24	3.56
Nippon India Nifty Midcap 150 Idx Dir Gr	INF204KB18Z7	Jindal Stainless Ltd	Basic Materials	14.40	0.66	1.39	Jan25	5.32
Nippon India Nifty Midcap 150 Idx Dir Gr	INF204KB18Z7	Jindal Stainless Ltd	Basic Materials	14.40	0.66	1.39	Feb25	5.59
Nippon India Nifty Midcap 150 Idx Dir Gr	INF204KB18Z7	Jindal Stainless Ltd	Basic Materials	14.40	0.66	1.39	Mar25	15.51
Nippon India Nifty Midcap 150 Idx Dir Gr	INF204KB18Z7	Jindal Stainless Ltd	Basic Materials	14.40	0.66	1.39	Mar25	15.51
Nippon India Nifty Midcap 150 Idx Dir Gr	INF204KB18Z7	Jindal Stainless Ltd	Basic Materials	14.40	0.66	1.39	Apr25	12.51
Nippon India Nifty Midcap 150 Idx Dir Gr	INF204KB18Z7	Jindal Stainless Ltd	Basic Materials	14.40	0.66	1.39	May25	11.15
Nippon India Nifty Midcap 150 Idx Dir Gr	INF204KB18Z7	Jindal Stainless Ltd	Basic Materials	14.40	0.66	1.39	June25	10.18
Nippon India Nifty Midcap 150 Idx Dir Gr	INF204KB18Z7	Jindal Stainless Ltd	Basic Materials	14.40	0.66	1.39	July25	9.19
Nippon India Nifty Midcap 150 Idx Dir Gr	INF204KB18Z7	Jindal Stainless Ltd	Basic Materials	14.40	0.66	1.39	Aug25	8.13
Nippon India Nifty Midcap 150 Idx Dir Gr	INF204KB18Z7	Mahindra & Mahindra Financial Services Ltd	Financial Services	14.36	0.66	1.39	Oct24	5.55
Nippon India Nifty Midcap 150 Idx Dir Gr	INF204KB18Z7	Mahindra & Mahindra Financial Services Ltd	Financial Services	14.36	0.66	1.39	Nov24	7.52
Nippon India Nifty Midcap 150 Idx Dir Gr	INF204KB18Z7	Mahindra & Mahindra Financial Services Ltd	Financial Services	14.36	0.66	1.39	Dec24	3.56
Nippon India Nifty Midcap 150 Idx Dir Gr	INF204KB18Z7	Mahindra & Mahindra Financial Services Ltd	Financial Services	14.36	0.66	1.39	Jan25	5.32
Nippon India Nifty Midcap 150 Idx Dir Gr	INF204KB18Z7	Mahindra & Mahindra Financial Services Ltd	Financial Services	14.36	0.66	1.39	Feb25	5.59
Nippon India Nifty Midcap 150 Idx Dir Gr	INF204KB18Z7	Mahindra & Mahindra Financial Services Ltd	Financial Services	14.36	0.66	1.39	Mar25	15.51
Nippon India Nifty Midcap 150 Idx Dir Gr	INF204KB18Z7	Mahindra & Mahindra Financial Services Ltd	Financial Services	14.36	0.66	1.39	Mar25	15.51
Nippon India Nifty Midcap 150 Idx Dir Gr	INF204KB18Z7	Mahindra & Mahindra Financial Services Ltd	Financial Services	14.36	0.66	1.39	Apr25	12.51
Nippon India Nifty Midcap 150 Idx Dir Gr	INF204KB18Z7	Mahindra & Mahindra Financial Services Ltd	Financial Services	14.36	0.66	1.39	May25	11.15
Nippon India Nifty Midcap 150 Idx Dir Gr	INF204KB18Z7	Mahindra & Mahindra Financial Services Ltd	Financial Services	14.36	0.66	1.39	June25	10.18
Nippon India Nifty Midcap 150 Idx Dir Gr	INF204KB18Z7	Mahindra & Mahindra Financial Services Ltd	Financial Services	14.36	0.66	1.39	July25	9.19
Nippon India Nifty Midcap 150 Idx Dir Gr	INF204KB18Z7	Mahindra & Mahindra Financial Services Ltd	Financial Services	14.36	0.66	1.39	Aug25	8.13
Nippon India Nifty Midcap 150 Idx Dir Gr	INF204KB18Z7	Petronet LNG Ltd	Energy	14.06	0.64	1.39	Oct24	5.55
Nippon India Nifty Midcap 150 Idx Dir Gr	INF204KB18Z7	Petronet LNG Ltd	Energy	14.06	0.64	1.39	Nov24	7.52
Nippon India Nifty Midcap 150 Idx Dir Gr	INF204KB18Z7	Petronet LNG Ltd	Energy	14.06	0.64	1.39	Dec24	3.56
Nippon India Nifty Midcap 150 Idx Dir Gr	INF204KB18Z7	Petronet LNG Ltd	Energy	14.06	0.64	1.39	Jan25	5.32
Nippon India Nifty Midcap 150 Idx Dir Gr	INF204KB18Z7	Petronet LNG Ltd	Energy	14.06	0.64	1.39	Feb25	5.59
Nippon India Nifty Midcap 150 Idx Dir Gr	INF204KB18Z7	Petronet LNG Ltd	Energy	14.06	0.64	1.39	Mar25	15.51
Nippon India Nifty Midcap 150 Idx Dir Gr	INF204KB18Z7	Petronet LNG Ltd	Energy	14.06	0.64	1.39	Mar25	15.51
Nippon India Nifty Midcap 150 Idx Dir Gr	INF204KB18Z7	Petronet LNG Ltd	Energy	14.06	0.64	1.39	Apr25	12.51
Nippon India Nifty Midcap 150 Idx Dir Gr	INF204KB18Z7	Petronet LNG Ltd	Energy	14.06	0.64	1.39	May25	11.15
Nippon India Nifty Midcap 150 Idx Dir Gr	INF204KB18Z7	Petronet LNG Ltd	Energy	14.06	0.64	1.39	June25	10.18
Nippon India Nifty Midcap 150 Idx Dir Gr	INF204KB18Z7	Petronet LNG Ltd	Energy	14.06	0.64	1.39	July25	9.19
Nippon India Nifty Midcap 150 Idx Dir Gr	INF204KB18Z7	Petronet LNG Ltd	Energy	14.06	0.64	1.39	Aug25	8.13
Nippon India Nifty Midcap 150 Idx Dir Gr	INF204KB18Z7	Sona BLW Precision Forgings Ltd	Consumer Cyclical	13.90	0.64	1.39	Oct24	5.55
Nippon India Nifty Midcap 150 Idx Dir Gr	INF204KB18Z7	Sona BLW Precision Forgings Ltd	Consumer Cyclical	13.90	0.64	1.39	Nov24	7.52
Nippon India Nifty Midcap 150 Idx Dir Gr	INF204KB18Z7	Sona BLW Precision Forgings Ltd	Consumer Cyclical	13.90	0.64	1.39	Dec24	3.56
Nippon India Nifty Midcap 150 Idx Dir Gr	INF204KB18Z7	Sona BLW Precision Forgings Ltd	Consumer Cyclical	13.90	0.64	1.39	Jan25	5.32
Nippon India Nifty Midcap 150 Idx Dir Gr	INF204KB18Z7	Sona BLW Precision Forgings Ltd	Consumer Cyclical	13.90	0.64	1.39	Feb25	5.59
Nippon India Nifty Midcap 150 Idx Dir Gr	INF204KB18Z7	Sona BLW Precision Forgings Ltd	Consumer Cyclical	13.90	0.64	1.39	Mar25	15.51
Nippon India Nifty Midcap 150 Idx Dir Gr	INF204KB18Z7	Sona BLW Precision Forgings Ltd	Consumer Cyclical	13.90	0.64	1.39	Mar25	15.51
Nippon India Nifty Midcap 150 Idx Dir Gr	INF204KB18Z7	Sona BLW Precision Forgings Ltd	Consumer Cyclical	13.90	0.64	1.39	Apr25	12.51
Nippon India Nifty Midcap 150 Idx Dir Gr	INF204KB18Z7	Sona BLW Precision Forgings Ltd	Consumer Cyclical	13.90	0.64	1.39	May25	11.15
Nippon India Nifty Midcap 150 Idx Dir Gr	INF204KB18Z7	Sona BLW Precision Forgings Ltd	Consumer Cyclical	13.90	0.64	1.39	June25	10.18
Nippon India Nifty Midcap 150 Idx Dir Gr	INF204KB18Z7	Sona BLW Precision Forgings Ltd	Consumer Cyclical	13.90	0.64	1.39	July25	9.19
Nippon India Nifty Midcap 150 Idx Dir Gr	INF204KB18Z7	Sona BLW Precision Forgings Ltd	Consumer Cyclical	13.90	0.64	1.39	Aug25	8.13
Nippon India Nifty Midcap 150 Idx Dir Gr	INF204KB18Z7	Steel Authority Of India Ltd	Basic Materials	13.90	0.64	1.39	Oct24	5.55
Nippon India Nifty Midcap 150 Idx Dir Gr	INF204KB18Z7	Steel Authority Of India Ltd	Basic Materials	13.90	0.64	1.39	Nov24	7.52
Nippon India Nifty Midcap 150 Idx Dir Gr	INF204KB18Z7	Steel Authority Of India Ltd	Basic Materials	13.90	0.64	1.39	Dec24	3.56
Nippon India Nifty Midcap 150 Idx Dir Gr	INF204KB18Z7	Steel Authority Of India Ltd	Basic Materials	13.90	0.64	1.39	Jan25	5.32
Nippon India Nifty Midcap 150 Idx Dir Gr	INF204KB18Z7	Steel Authority Of India Ltd	Basic Materials	13.90	0.64	1.39	Feb25	5.59
Nippon India Nifty Midcap 150 Idx Dir Gr	INF204KB18Z7	Steel Authority Of India Ltd	Basic Materials	13.90	0.64	1.39	Mar25	15.51
Nippon India Nifty Midcap 150 Idx Dir Gr	INF204KB18Z7	Steel Authority Of India Ltd	Basic Materials	13.90	0.64	1.39	Mar25	15.51
Nippon India Nifty Midcap 150 Idx Dir Gr	INF204KB18Z7	Steel Authority Of India Ltd	Basic Materials	13.90	0.64	1.39	Apr25	12.51
Nippon India Nifty Midcap 150 Idx Dir Gr	INF204KB18Z7	Steel Authority Of India Ltd	Basic Materials	13.90	0.64	1.39	May25	11.15
Nippon India Nifty Midcap 150 Idx Dir Gr	INF204KB18Z7	Steel Authority Of India Ltd	Basic Materials	13.90	0.64	1.39	June25	10.18
Nippon India Nifty Midcap 150 Idx Dir Gr	INF204KB18Z7	Steel Authority Of India Ltd	Basic Materials	13.90	0.64	1.39	July25	9.19
Nippon India Nifty Midcap 150 Idx Dir Gr	INF204KB18Z7	Steel Authority Of India Ltd	Basic Materials	13.90	0.64	1.39	Aug25	8.13
Nippon India Nifty Midcap 150 Idx Dir Gr	INF204KB18Z7	NHPC Ltd	Utilities	13.82	0.63	1.39	Oct24	5.55
Nippon India Nifty Midcap 150 Idx Dir Gr	INF204KB18Z7	NHPC Ltd	Utilities	13.82	0.63	1.39	Nov24	7.52
Nippon India Nifty Midcap 150 Idx Dir Gr	INF204KB18Z7	NHPC Ltd	Utilities	13.82	0.63	1.39	Dec24	3.56
Nippon India Nifty Midcap 150 Idx Dir Gr	INF204KB18Z7	NHPC Ltd	Utilities	13.82	0.63	1.39	Jan25	5.32
Nippon India Nifty Midcap 150 Idx Dir Gr	INF204KB18Z7	NHPC Ltd	Utilities	13.82	0.63	1.39	Feb25	5.59
Nippon India Nifty Midcap 150 Idx Dir Gr	INF204KB18Z7	NHPC Ltd	Utilities	13.82	0.63	1.39	Mar25	15.51
Nippon India Nifty Midcap 150 Idx Dir Gr	INF204KB18Z7	NHPC Ltd	Utilities	13.82	0.63	1.39	Mar25	15.51
Nippon India Nifty Midcap 150 Idx Dir Gr	INF204KB18Z7	NHPC Ltd	Utilities	13.82	0.63	1.39	Apr25	12.51
Nippon India Nifty Midcap 150 Idx Dir Gr	INF204KB18Z7	NHPC Ltd	Utilities	13.82	0.63	1.39	May25	11.15
Nippon India Nifty Midcap 150 Idx Dir Gr	INF204KB18Z7	NHPC Ltd	Utilities	13.82	0.63	1.39	June25	10.18
Nippon India Nifty Midcap 150 Idx Dir Gr	INF204KB18Z7	NHPC Ltd	Utilities	13.82	0.63	1.39	July25	9.19
Nippon India Nifty Midcap 150 Idx Dir Gr	INF204KB18Z7	NHPC Ltd	Utilities	13.82	0.63	1.39	Aug25	8.13
Nippon India Nifty Midcap 150 Idx Dir Gr	INF204KB18Z7	JK Cement Ltd	Basic Materials	13.73	0.63	1.39	Oct24	5.55
Nippon India Nifty Midcap 150 Idx Dir Gr	INF204KB18Z7	JK Cement Ltd	Basic Materials	13.73	0.63	1.39	Nov24	7.52
Nippon India Nifty Midcap 150 Idx Dir Gr	INF204KB18Z7	JK Cement Ltd	Basic Materials	13.73	0.63	1.39	Dec24	3.56
Nippon India Nifty Midcap 150 Idx Dir Gr	INF204KB18Z7	JK Cement Ltd	Basic Materials	13.73	0.63	1.39	Jan25	5.32
Nippon India Nifty Midcap 150 Idx Dir Gr	INF204KB18Z7	JK Cement Ltd	Basic Materials	13.73	0.63	1.39	Feb25	5.59
Nippon India Nifty Midcap 150 Idx Dir Gr	INF204KB18Z7	JK Cement Ltd	Basic Materials	13.73	0.63	1.39	Mar25	15.51
Nippon India Nifty Midcap 150 Idx Dir Gr	INF204KB18Z7	JK Cement Ltd	Basic Materials	13.73	0.63	1.39	Mar25	15.51
Nippon India Nifty Midcap 150 Idx Dir Gr	INF204KB18Z7	JK Cement Ltd	Basic Materials	13.73	0.63	1.39	Apr25	12.51
Nippon India Nifty Midcap 150 Idx Dir Gr	INF204KB18Z7	JK Cement Ltd	Basic Materials	13.73	0.63	1.39	May25	11.15
Nippon India Nifty Midcap 150 Idx Dir Gr	INF204KB18Z7	JK Cement Ltd	Basic Materials	13.73	0.63	1.39	June25	10.18
Nippon India Nifty Midcap 150 Idx Dir Gr	INF204KB18Z7	JK Cement Ltd	Basic Materials	13.73	0.63	1.39	July25	9.19
Nippon India Nifty Midcap 150 Idx Dir Gr	INF204KB18Z7	JK Cement Ltd	Basic Materials	13.73	0.63	1.39	Aug25	8.13
Nippon India Nifty Midcap 150 Idx Dir Gr	INF204KB18Z7	Prestige Estates Projects Ltd	Real Estate	13.63	0.62	1.39	Oct24	5.55
Nippon India Nifty Midcap 150 Idx Dir Gr	INF204KB18Z7	Prestige Estates Projects Ltd	Real Estate	13.63	0.62	1.39	Nov24	7.52
Nippon India Nifty Midcap 150 Idx Dir Gr	INF204KB18Z7	Prestige Estates Projects Ltd	Real Estate	13.63	0.62	1.39	Dec24	3.56
Nippon India Nifty Midcap 150 Idx Dir Gr	INF204KB18Z7	Prestige Estates Projects Ltd	Real Estate	13.63	0.62	1.39	Jan25	5.32
Nippon India Nifty Midcap 150 Idx Dir Gr	INF204KB18Z7	Prestige Estates Projects Ltd	Real Estate	13.63	0.62	1.39	Feb25	5.59
Nippon India Nifty Midcap 150 Idx Dir Gr	INF204KB18Z7	Prestige Estates Projects Ltd	Real Estate	13.63	0.62	1.39	Mar25	15.51
Nippon India Nifty Midcap 150 Idx Dir Gr	INF204KB18Z7	Prestige Estates Projects Ltd	Real Estate	13.63	0.62	1.39	Mar25	15.51
Nippon India Nifty Midcap 150 Idx Dir Gr	INF204KB18Z7	Prestige Estates Projects Ltd	Real Estate	13.63	0.62	1.39	Apr25	12.51
Nippon India Nifty Midcap 150 Idx Dir Gr	INF204KB18Z7	Prestige Estates Projects Ltd	Real Estate	13.63	0.62	1.39	May25	11.15
Nippon India Nifty Midcap 150 Idx Dir Gr	INF204KB18Z7	Prestige Estates Projects Ltd	Real Estate	13.63	0.62	1.39	June25	10.18
Nippon India Nifty Midcap 150 Idx Dir Gr	INF204KB18Z7	Prestige Estates Projects Ltd	Real Estate	13.63	0.62	1.39	July25	9.19
Nippon India Nifty Midcap 150 Idx Dir Gr	INF204KB18Z7	Prestige Estates Projects Ltd	Real Estate	13.63	0.62	1.39	Aug25	8.13
Nippon India Nifty Midcap 150 Idx Dir Gr	INF204KB18Z7	L&T Finance Ltd	Financial Services	13.47	0.62	1.39	Oct24	5.55
Nippon India Nifty Midcap 150 Idx Dir Gr	INF204KB18Z7	L&T Finance Ltd	Financial Services	13.47	0.62	1.39	Nov24	7.52
Nippon India Nifty Midcap 150 Idx Dir Gr	INF204KB18Z7	L&T Finance Ltd	Financial Services	13.47	0.62	1.39	Dec24	3.56
Nippon India Nifty Midcap 150 Idx Dir Gr	INF204KB18Z7	L&T Finance Ltd	Financial Services	13.47	0.62	1.39	Jan25	5.32
Nippon India Nifty Midcap 150 Idx Dir Gr	INF204KB18Z7	L&T Finance Ltd	Financial Services	13.47	0.62	1.39	Feb25	5.59
Nippon India Nifty Midcap 150 Idx Dir Gr	INF204KB18Z7	L&T Finance Ltd	Financial Services	13.47	0.62	1.39	Mar25	15.51
Nippon India Nifty Midcap 150 Idx Dir Gr	INF204KB18Z7	L&T Finance Ltd	Financial Services	13.47	0.62	1.39	Mar25	15.51
Nippon India Nifty Midcap 150 Idx Dir Gr	INF204KB18Z7	L&T Finance Ltd	Financial Services	13.47	0.62	1.39	Apr25	12.51
Nippon India Nifty Midcap 150 Idx Dir Gr	INF204KB18Z7	L&T Finance Ltd	Financial Services	13.47	0.62	1.39	May25	11.15
Nippon India Nifty Midcap 150 Idx Dir Gr	INF204KB18Z7	L&T Finance Ltd	Financial Services	13.47	0.62	1.39	June25	10.18
Nippon India Nifty Midcap 150 Idx Dir Gr	INF204KB18Z7	L&T Finance Ltd	Financial Services	13.47	0.62	1.39	July25	9.19
Nippon India Nifty Midcap 150 Idx Dir Gr	INF204KB18Z7	L&T Finance Ltd	Financial Services	13.47	0.62	1.39	Aug25	8.13
Nippon India Nifty Midcap 150 Idx Dir Gr	INF204KB18Z7	SBI Cards and Payment Services Ltd Ordinary Shares	Financial Services	13.46	0.62	1.39	Oct24	5.55
Nippon India Nifty Midcap 150 Idx Dir Gr	INF204KB18Z7	SBI Cards and Payment Services Ltd Ordinary Shares	Financial Services	13.46	0.62	1.39	Nov24	7.52
Nippon India Nifty Midcap 150 Idx Dir Gr	INF204KB18Z7	SBI Cards and Payment Services Ltd Ordinary Shares	Financial Services	13.46	0.62	1.39	Dec24	3.56
Nippon India Nifty Midcap 150 Idx Dir Gr	INF204KB18Z7	SBI Cards and Payment Services Ltd Ordinary Shares	Financial Services	13.46	0.62	1.39	Jan25	5.32
Nippon India Nifty Midcap 150 Idx Dir Gr	INF204KB18Z7	SBI Cards and Payment Services Ltd Ordinary Shares	Financial Services	13.46	0.62	1.39	Feb25	5.59
Nippon India Nifty Midcap 150 Idx Dir Gr	INF204KB18Z7	SBI Cards and Payment Services Ltd Ordinary Shares	Financial Services	13.46	0.62	1.39	Mar25	15.51
Nippon India Nifty Midcap 150 Idx Dir Gr	INF204KB18Z7	SBI Cards and Payment Services Ltd Ordinary Shares	Financial Services	13.46	0.62	1.39	Mar25	15.51
Nippon India Nifty Midcap 150 Idx Dir Gr	INF204KB18Z7	SBI Cards and Payment Services Ltd Ordinary Shares	Financial Services	13.46	0.62	1.39	Apr25	12.51
Nippon India Nifty Midcap 150 Idx Dir Gr	INF204KB18Z7	SBI Cards and Payment Services Ltd Ordinary Shares	Financial Services	13.46	0.62	1.39	May25	11.15
Nippon India Nifty Midcap 150 Idx Dir Gr	INF204KB18Z7	SBI Cards and Payment Services Ltd Ordinary Shares	Financial Services	13.46	0.62	1.39	June25	10.18
Nippon India Nifty Midcap 150 Idx Dir Gr	INF204KB18Z7	SBI Cards and Payment Services Ltd Ordinary Shares	Financial Services	13.46	0.62	1.39	July25	9.19
Nippon India Nifty Midcap 150 Idx Dir Gr	INF204KB18Z7	SBI Cards and Payment Services Ltd Ordinary Shares	Financial Services	13.46	0.62	1.39	Aug25	8.13
Nippon India Nifty Midcap 150 Idx Dir Gr	INF204KB18Z7	UNO Minda Ltd	Consumer Cyclical	12.50	0.57	1.39	Oct24	5.55
Nippon India Nifty Midcap 150 Idx Dir Gr	INF204KB18Z7	UNO Minda Ltd	Consumer Cyclical	12.50	0.57	1.39	Nov24	7.52
Nippon India Nifty Midcap 150 Idx Dir Gr	INF204KB18Z7	UNO Minda Ltd	Consumer Cyclical	12.50	0.57	1.39	Dec24	3.56
Nippon India Nifty Midcap 150 Idx Dir Gr	INF204KB18Z7	UNO Minda Ltd	Consumer Cyclical	12.50	0.57	1.39	Jan25	5.32
Nippon India Nifty Midcap 150 Idx Dir Gr	INF204KB18Z7	UNO Minda Ltd	Consumer Cyclical	12.50	0.57	1.39	Feb25	5.59
Nippon India Nifty Midcap 150 Idx Dir Gr	INF204KB18Z7	UNO Minda Ltd	Consumer Cyclical	12.50	0.57	1.39	Mar25	15.51
Nippon India Nifty Midcap 150 Idx Dir Gr	INF204KB18Z7	UNO Minda Ltd	Consumer Cyclical	12.50	0.57	1.39	Mar25	15.51
Nippon India Nifty Midcap 150 Idx Dir Gr	INF204KB18Z7	UNO Minda Ltd	Consumer Cyclical	12.50	0.57	1.39	Apr25	12.51
Nippon India Nifty Midcap 150 Idx Dir Gr	INF204KB18Z7	UNO Minda Ltd	Consumer Cyclical	12.50	0.57	1.39	May25	11.15
Nippon India Nifty Midcap 150 Idx Dir Gr	INF204KB18Z7	UNO Minda Ltd	Consumer Cyclical	12.50	0.57	1.39	June25	10.18
Nippon India Nifty Midcap 150 Idx Dir Gr	INF204KB18Z7	UNO Minda Ltd	Consumer Cyclical	12.50	0.57	1.39	July25	9.19
Nippon India Nifty Midcap 150 Idx Dir Gr	INF204KB18Z7	UNO Minda Ltd	Consumer Cyclical	12.50	0.57	1.39	Aug25	8.13
Nippon India Nifty Midcap 150 Idx Dir Gr	INF204KB18Z7	Bank of India	Financial Services	12.41	0.57	1.39	Oct24	5.55
Nippon India Nifty Midcap 150 Idx Dir Gr	INF204KB18Z7	Bank of India	Financial Services	12.41	0.57	1.39	Nov24	7.52
Nippon India Nifty Midcap 150 Idx Dir Gr	INF204KB18Z7	Bank of India	Financial Services	12.41	0.57	1.39	Dec24	3.56
Nippon India Nifty Midcap 150 Idx Dir Gr	INF204KB18Z7	Bank of India	Financial Services	12.41	0.57	1.39	Jan25	5.32
Nippon India Nifty Midcap 150 Idx Dir Gr	INF204KB18Z7	Bank of India	Financial Services	12.41	0.57	1.39	Feb25	5.59
Nippon India Nifty Midcap 150 Idx Dir Gr	INF204KB18Z7	Bank of India	Financial Services	12.41	0.57	1.39	Mar25	15.51
Nippon India Nifty Midcap 150 Idx Dir Gr	INF204KB18Z7	Bank of India	Financial Services	12.41	0.57	1.39	Mar25	15.51
Nippon India Nifty Midcap 150 Idx Dir Gr	INF204KB18Z7	Bank of India	Financial Services	12.41	0.57	1.39	Apr25	12.51
Nippon India Nifty Midcap 150 Idx Dir Gr	INF204KB18Z7	Bank of India	Financial Services	12.41	0.57	1.39	May25	11.15
Nippon India Nifty Midcap 150 Idx Dir Gr	INF204KB18Z7	Bank of India	Financial Services	12.41	0.57	1.39	June25	10.18
Nippon India Nifty Midcap 150 Idx Dir Gr	INF204KB18Z7	Bank of India	Financial Services	12.41	0.57	1.39	July25	9.19
Nippon India Nifty Midcap 150 Idx Dir Gr	INF204KB18Z7	Bank of India	Financial Services	12.41	0.57	1.39	Aug25	8.13
Nippon India Nifty Midcap 150 Idx Dir Gr	INF204KB18Z7	Ipca Laboratories Ltd	Healthcare	12.33	0.56	1.39	Oct24	5.55
Nippon India Nifty Midcap 150 Idx Dir Gr	INF204KB18Z7	Ipca Laboratories Ltd	Healthcare	12.33	0.56	1.39	Nov24	7.52
Nippon India Nifty Midcap 150 Idx Dir Gr	INF204KB18Z7	Ipca Laboratories Ltd	Healthcare	12.33	0.56	1.39	Dec24	3.56
Nippon India Nifty Midcap 150 Idx Dir Gr	INF204KB18Z7	Ipca Laboratories Ltd	Healthcare	12.33	0.56	1.39	Jan25	5.32
Nippon India Nifty Midcap 150 Idx Dir Gr	INF204KB18Z7	Ipca Laboratories Ltd	Healthcare	12.33	0.56	1.39	Feb25	5.59
Nippon India Nifty Midcap 150 Idx Dir Gr	INF204KB18Z7	Ipca Laboratories Ltd	Healthcare	12.33	0.56	1.39	Mar25	15.51
Nippon India Nifty Midcap 150 Idx Dir Gr	INF204KB18Z7	Ipca Laboratories Ltd	Healthcare	12.33	0.56	1.39	Mar25	15.51
Nippon India Nifty Midcap 150 Idx Dir Gr	INF204KB18Z7	Ipca Laboratories Ltd	Healthcare	12.33	0.56	1.39	Apr25	12.51
Nippon India Nifty Midcap 150 Idx Dir Gr	INF204KB18Z7	Ipca Laboratories Ltd	Healthcare	12.33	0.56	1.39	May25	11.15
Nippon India Nifty Midcap 150 Idx Dir Gr	INF204KB18Z7	Ipca Laboratories Ltd	Healthcare	12.33	0.56	1.39	June25	10.18
Nippon India Nifty Midcap 150 Idx Dir Gr	INF204KB18Z7	Ipca Laboratories Ltd	Healthcare	12.33	0.56	1.39	July25	9.19
Nippon India Nifty Midcap 150 Idx Dir Gr	INF204KB18Z7	Ipca Laboratories Ltd	Healthcare	12.33	0.56	1.39	Aug25	8.13
Nippon India Nifty Midcap 150 Idx Dir Gr	INF204KB18Z7	Astral Ltd	Industrials	11.85	0.54	1.39	Oct24	5.55
Nippon India Nifty Midcap 150 Idx Dir Gr	INF204KB18Z7	Astral Ltd	Industrials	11.85	0.54	1.39	Nov24	7.52
Nippon India Nifty Midcap 150 Idx Dir Gr	INF204KB18Z7	Astral Ltd	Industrials	11.85	0.54	1.39	Dec24	3.56
Nippon India Nifty Midcap 150 Idx Dir Gr	INF204KB18Z7	Astral Ltd	Industrials	11.85	0.54	1.39	Jan25	5.32
Nippon India Nifty Midcap 150 Idx Dir Gr	INF204KB18Z7	Astral Ltd	Industrials	11.85	0.54	1.39	Feb25	5.59
Nippon India Nifty Midcap 150 Idx Dir Gr	INF204KB18Z7	Astral Ltd	Industrials	11.85	0.54	1.39	Mar25	15.51
Nippon India Nifty Midcap 150 Idx Dir Gr	INF204KB18Z7	Astral Ltd	Industrials	11.85	0.54	1.39	Mar25	15.51
Nippon India Nifty Midcap 150 Idx Dir Gr	INF204KB18Z7	Astral Ltd	Industrials	11.85	0.54	1.39	Apr25	12.51
Nippon India Nifty Midcap 150 Idx Dir Gr	INF204KB18Z7	Astral Ltd	Industrials	11.85	0.54	1.39	May25	11.15
Nippon India Nifty Midcap 150 Idx Dir Gr	INF204KB18Z7	Astral Ltd	Industrials	11.85	0.54	1.39	June25	10.18
Nippon India Nifty Midcap 150 Idx Dir Gr	INF204KB18Z7	Astral Ltd	Industrials	11.85	0.54	1.39	July25	9.19
Nippon India Nifty Midcap 150 Idx Dir Gr	INF204KB18Z7	Astral Ltd	Industrials	11.85	0.54	1.39	Aug25	8.13
Nippon India Nifty Midcap 150 Idx Dir Gr	INF204KB18Z7	Jubilant Foodworks Ltd	Consumer Cyclical	11.80	0.54	1.39	Oct24	5.55
Nippon India Nifty Midcap 150 Idx Dir Gr	INF204KB18Z7	Jubilant Foodworks Ltd	Consumer Cyclical	11.80	0.54	1.39	Nov24	7.52
Nippon India Nifty Midcap 150 Idx Dir Gr	INF204KB18Z7	Jubilant Foodworks Ltd	Consumer Cyclical	11.80	0.54	1.39	Dec24	3.56
Nippon India Nifty Midcap 150 Idx Dir Gr	INF204KB18Z7	Jubilant Foodworks Ltd	Consumer Cyclical	11.80	0.54	1.39	Jan25	5.32
Nippon India Nifty Midcap 150 Idx Dir Gr	INF204KB18Z7	Jubilant Foodworks Ltd	Consumer Cyclical	11.80	0.54	1.39	Feb25	5.59
Nippon India Nifty Midcap 150 Idx Dir Gr	INF204KB18Z7	Jubilant Foodworks Ltd	Consumer Cyclical	11.80	0.54	1.39	Mar25	15.51
Nippon India Nifty Midcap 150 Idx Dir Gr	INF204KB18Z7	Jubilant Foodworks Ltd	Consumer Cyclical	11.80	0.54	1.39	Mar25	15.51
Nippon India Nifty Midcap 150 Idx Dir Gr	INF204KB18Z7	Jubilant Foodworks Ltd	Consumer Cyclical	11.80	0.54	1.39	Apr25	12.51
Nippon India Nifty Midcap 150 Idx Dir Gr	INF204KB18Z7	Jubilant Foodworks Ltd	Consumer Cyclical	11.80	0.54	1.39	May25	11.15
Nippon India Nifty Midcap 150 Idx Dir Gr	INF204KB18Z7	Jubilant Foodworks Ltd	Consumer Cyclical	11.80	0.54	1.39	June25	10.18
Nippon India Nifty Midcap 150 Idx Dir Gr	INF204KB18Z7	Jubilant Foodworks Ltd	Consumer Cyclical	11.80	0.54	1.39	July25	9.19
Nippon India Nifty Midcap 150 Idx Dir Gr	INF204KB18Z7	Jubilant Foodworks Ltd	Consumer Cyclical	11.80	0.54	1.39	Aug25	8.13
Nippon India Nifty Midcap 150 Idx Dir Gr	INF204KB18Z7	Page Industries Ltd	Consumer Cyclical	11.75	0.54	1.39	Oct24	5.55
Nippon India Nifty Midcap 150 Idx Dir Gr	INF204KB18Z7	Page Industries Ltd	Consumer Cyclical	11.75	0.54	1.39	Nov24	7.52
Nippon India Nifty Midcap 150 Idx Dir Gr	INF204KB18Z7	Page Industries Ltd	Consumer Cyclical	11.75	0.54	1.39	Dec24	3.56
Nippon India Nifty Midcap 150 Idx Dir Gr	INF204KB18Z7	Page Industries Ltd	Consumer Cyclical	11.75	0.54	1.39	Jan25	5.32
Nippon India Nifty Midcap 150 Idx Dir Gr	INF204KB18Z7	Page Industries Ltd	Consumer Cyclical	11.75	0.54	1.39	Feb25	5.59
Nippon India Nifty Midcap 150 Idx Dir Gr	INF204KB18Z7	Page Industries Ltd	Consumer Cyclical	11.75	0.54	1.39	Mar25	15.51
Nippon India Nifty Midcap 150 Idx Dir Gr	INF204KB18Z7	Page Industries Ltd	Consumer Cyclical	11.75	0.54	1.39	Mar25	15.51
Nippon India Nifty Midcap 150 Idx Dir Gr	INF204KB18Z7	Page Industries Ltd	Consumer Cyclical	11.75	0.54	1.39	Apr25	12.51
Nippon India Nifty Midcap 150 Idx Dir Gr	INF204KB18Z7	Page Industries Ltd	Consumer Cyclical	11.75	0.54	1.39	May25	11.15
Nippon India Nifty Midcap 150 Idx Dir Gr	INF204KB18Z7	Page Industries Ltd	Consumer Cyclical	11.75	0.54	1.39	June25	10.18
Nippon India Nifty Midcap 150 Idx Dir Gr	INF204KB18Z7	Page Industries Ltd	Consumer Cyclical	11.75	0.54	1.39	July25	9.19
Nippon India Nifty Midcap 150 Idx Dir Gr	INF204KB18Z7	Page Industries Ltd	Consumer Cyclical	11.75	0.54	1.39	Aug25	8.13
Nippon India Nifty Midcap 150 Idx Dir Gr	INF204KB18Z7	Balkrishna Industries Ltd	Consumer Cyclical	11.07	0.51	1.39	Oct24	5.55
Nippon India Nifty Midcap 150 Idx Dir Gr	INF204KB18Z7	Balkrishna Industries Ltd	Consumer Cyclical	11.07	0.51	1.39	Nov24	7.52
Nippon India Nifty Midcap 150 Idx Dir Gr	INF204KB18Z7	Balkrishna Industries Ltd	Consumer Cyclical	11.07	0.51	1.39	Dec24	3.56
Nippon India Nifty Midcap 150 Idx Dir Gr	INF204KB18Z7	Balkrishna Industries Ltd	Consumer Cyclical	11.07	0.51	1.39	Jan25	5.32
Nippon India Nifty Midcap 150 Idx Dir Gr	INF204KB18Z7	Balkrishna Industries Ltd	Consumer Cyclical	11.07	0.51	1.39	Feb25	5.59
Nippon India Nifty Midcap 150 Idx Dir Gr	INF204KB18Z7	Balkrishna Industries Ltd	Consumer Cyclical	11.07	0.51	1.39	Mar25	15.51
Nippon India Nifty Midcap 150 Idx Dir Gr	INF204KB18Z7	Balkrishna Industries Ltd	Consumer Cyclical	11.07	0.51	1.39	Mar25	15.51
Nippon India Nifty Midcap 150 Idx Dir Gr	INF204KB18Z7	Balkrishna Industries Ltd	Consumer Cyclical	11.07	0.51	1.39	Apr25	12.51
Nippon India Nifty Midcap 150 Idx Dir Gr	INF204KB18Z7	Balkrishna Industries Ltd	Consumer Cyclical	11.07	0.51	1.39	May25	11.15
Nippon India Nifty Midcap 150 Idx Dir Gr	INF204KB18Z7	Balkrishna Industries Ltd	Consumer Cyclical	11.07	0.51	1.39	June25	10.18
Nippon India Nifty Midcap 150 Idx Dir Gr	INF204KB18Z7	Balkrishna Industries Ltd	Consumer Cyclical	11.07	0.51	1.39	July25	9.19
Nippon India Nifty Midcap 150 Idx Dir Gr	INF204KB18Z7	Balkrishna Industries Ltd	Consumer Cyclical	11.07	0.51	1.39	Aug25	8.13
Nippon India Nifty Midcap 150 Idx Dir Gr	INF204KB18Z7	Apar Industries Ltd	Industrials	10.96	0.50	1.39	Oct24	5.55
Nippon India Nifty Midcap 150 Idx Dir Gr	INF204KB18Z7	Apar Industries Ltd	Industrials	10.96	0.50	1.39	Nov24	7.52
Nippon India Nifty Midcap 150 Idx Dir Gr	INF204KB18Z7	Apar Industries Ltd	Industrials	10.96	0.50	1.39	Dec24	3.56
Nippon India Nifty Midcap 150 Idx Dir Gr	INF204KB18Z7	Apar Industries Ltd	Industrials	10.96	0.50	1.39	Jan25	5.32
Nippon India Nifty Midcap 150 Idx Dir Gr	INF204KB18Z7	Apar Industries Ltd	Industrials	10.96	0.50	1.39	Feb25	5.59
Nippon India Nifty Midcap 150 Idx Dir Gr	INF204KB18Z7	Apar Industries Ltd	Industrials	10.96	0.50	1.39	Mar25	15.51
Nippon India Nifty Midcap 150 Idx Dir Gr	INF204KB18Z7	Apar Industries Ltd	Industrials	10.96	0.50	1.39	Mar25	15.51
Nippon India Nifty Midcap 150 Idx Dir Gr	INF204KB18Z7	Apar Industries Ltd	Industrials	10.96	0.50	1.39	Apr25	12.51
Nippon India Nifty Midcap 150 Idx Dir Gr	INF204KB18Z7	Apar Industries Ltd	Industrials	10.96	0.50	1.39	May25	11.15
Nippon India Nifty Midcap 150 Idx Dir Gr	INF204KB18Z7	Apar Industries Ltd	Industrials	10.96	0.50	1.39	June25	10.18
Nippon India Nifty Midcap 150 Idx Dir Gr	INF204KB18Z7	Apar Industries Ltd	Industrials	10.96	0.50	1.39	July25	9.19
Nippon India Nifty Midcap 150 Idx Dir Gr	INF204KB18Z7	Apar Industries Ltd	Industrials	10.96	0.50	1.39	Aug25	8.13
Nippon India Nifty Midcap 150 Idx Dir Gr	INF204KB18Z7	Tata Communications Ltd	Communication Services	10.88	0.50	1.39	Oct24	5.55
Nippon India Nifty Midcap 150 Idx Dir Gr	INF204KB18Z7	Tata Communications Ltd	Communication Services	10.88	0.50	1.39	Nov24	7.52
Nippon India Nifty Midcap 150 Idx Dir Gr	INF204KB18Z7	Tata Communications Ltd	Communication Services	10.88	0.50	1.39	Dec24	3.56
Nippon India Nifty Midcap 150 Idx Dir Gr	INF204KB18Z7	Tata Communications Ltd	Communication Services	10.88	0.50	1.39	Jan25	5.32
Nippon India Nifty Midcap 150 Idx Dir Gr	INF204KB18Z7	Tata Communications Ltd	Communication Services	10.88	0.50	1.39	Feb25	5.59
Nippon India Nifty Midcap 150 Idx Dir Gr	INF204KB18Z7	Tata Communications Ltd	Communication Services	10.88	0.50	1.39	Mar25	15.51
Nippon India Nifty Midcap 150 Idx Dir Gr	INF204KB18Z7	Tata Communications Ltd	Communication Services	10.88	0.50	1.39	Mar25	15.51
Nippon India Nifty Midcap 150 Idx Dir Gr	INF204KB18Z7	Tata Communications Ltd	Communication Services	10.88	0.50	1.39	Apr25	12.51
Nippon India Nifty Midcap 150 Idx Dir Gr	INF204KB18Z7	Tata Communications Ltd	Communication Services	10.88	0.50	1.39	May25	11.15
Nippon India Nifty Midcap 150 Idx Dir Gr	INF204KB18Z7	Tata Communications Ltd	Communication Services	10.88	0.50	1.39	June25	10.18
Nippon India Nifty Midcap 150 Idx Dir Gr	INF204KB18Z7	Tata Communications Ltd	Communication Services	10.88	0.50	1.39	July25	9.19
Nippon India Nifty Midcap 150 Idx Dir Gr	INF204KB18Z7	Tata Communications Ltd	Communication Services	10.88	0.50	1.39	Aug25	8.13
Nippon India Nifty Midcap 150 Idx Dir Gr	INF204KB18Z7	Rail Vikas Nigam Ltd	Industrials	10.42	0.48	1.39	Oct24	5.55
Nippon India Nifty Midcap 150 Idx Dir Gr	INF204KB18Z7	Rail Vikas Nigam Ltd	Industrials	10.42	0.48	1.39	Nov24	7.52
Nippon India Nifty Midcap 150 Idx Dir Gr	INF204KB18Z7	Rail Vikas Nigam Ltd	Industrials	10.42	0.48	1.39	Dec24	3.56
Nippon India Nifty Midcap 150 Idx Dir Gr	INF204KB18Z7	Rail Vikas Nigam Ltd	Industrials	10.42	0.48	1.39	Jan25	5.32
Nippon India Nifty Midcap 150 Idx Dir Gr	INF204KB18Z7	Rail Vikas Nigam Ltd	Industrials	10.42	0.48	1.39	Feb25	5.59
Nippon India Nifty Midcap 150 Idx Dir Gr	INF204KB18Z7	Rail Vikas Nigam Ltd	Industrials	10.42	0.48	1.39	Mar25	15.51
Nippon India Nifty Midcap 150 Idx Dir Gr	INF204KB18Z7	Rail Vikas Nigam Ltd	Industrials	10.42	0.48	1.39	Mar25	15.51
Nippon India Nifty Midcap 150 Idx Dir Gr	INF204KB18Z7	Rail Vikas Nigam Ltd	Industrials	10.42	0.48	1.39	Apr25	12.51
Nippon India Nifty Midcap 150 Idx Dir Gr	INF204KB18Z7	Rail Vikas Nigam Ltd	Industrials	10.42	0.48	1.39	May25	11.15
Nippon India Nifty Midcap 150 Idx Dir Gr	INF204KB18Z7	Rail Vikas Nigam Ltd	Industrials	10.42	0.48	1.39	June25	10.18
Nippon India Nifty Midcap 150 Idx Dir Gr	INF204KB18Z7	Rail Vikas Nigam Ltd	Industrials	10.42	0.48	1.39	July25	9.19
Nippon India Nifty Midcap 150 Idx Dir Gr	INF204KB18Z7	Rail Vikas Nigam Ltd	Industrials	10.42	0.48	1.39	Aug25	8.13
Nippon India Nifty Midcap 150 Idx Dir Gr	INF204KB18Z7	Oberoi Realty Ltd	Real Estate	10.40	0.48	1.39	Oct24	5.55
Nippon India Nifty Midcap 150 Idx Dir Gr	INF204KB18Z7	Oberoi Realty Ltd	Real Estate	10.40	0.48	1.39	Nov24	7.52
Nippon India Nifty Midcap 150 Idx Dir Gr	INF204KB18Z7	Oberoi Realty Ltd	Real Estate	10.40	0.48	1.39	Dec24	3.56
Nippon India Nifty Midcap 150 Idx Dir Gr	INF204KB18Z7	Oberoi Realty Ltd	Real Estate	10.40	0.48	1.39	Jan25	5.32
Nippon India Nifty Midcap 150 Idx Dir Gr	INF204KB18Z7	Oberoi Realty Ltd	Real Estate	10.40	0.48	1.39	Feb25	5.59
Nippon India Nifty Midcap 150 Idx Dir Gr	INF204KB18Z7	Oberoi Realty Ltd	Real Estate	10.40	0.48	1.39	Mar25	15.51
Nippon India Nifty Midcap 150 Idx Dir Gr	INF204KB18Z7	Oberoi Realty Ltd	Real Estate	10.40	0.48	1.39	Mar25	15.51
Nippon India Nifty Midcap 150 Idx Dir Gr	INF204KB18Z7	Oberoi Realty Ltd	Real Estate	10.40	0.48	1.39	Apr25	12.51
Nippon India Nifty Midcap 150 Idx Dir Gr	INF204KB18Z7	Oberoi Realty Ltd	Real Estate	10.40	0.48	1.39	May25	11.15
Nippon India Nifty Midcap 150 Idx Dir Gr	INF204KB18Z7	Oberoi Realty Ltd	Real Estate	10.40	0.48	1.39	June25	10.18
Nippon India Nifty Midcap 150 Idx Dir Gr	INF204KB18Z7	Oberoi Realty Ltd	Real Estate	10.40	0.48	1.39	July25	9.19
Nippon India Nifty Midcap 150 Idx Dir Gr	INF204KB18Z7	Oberoi Realty Ltd	Real Estate	10.40	0.48	1.39	Aug25	8.13
Nippon India Nifty Midcap 150 Idx Dir Gr	INF204KB18Z7	Schaeffler India Ltd	Consumer Cyclical	10.17	0.46	1.39	Oct24	5.55
Nippon India Nifty Midcap 150 Idx Dir Gr	INF204KB18Z7	Schaeffler India Ltd	Consumer Cyclical	10.17	0.46	1.39	Nov24	7.52
Nippon India Nifty Midcap 150 Idx Dir Gr	INF204KB18Z7	Schaeffler India Ltd	Consumer Cyclical	10.17	0.46	1.39	Dec24	3.56
Nippon India Nifty Midcap 150 Idx Dir Gr	INF204KB18Z7	Schaeffler India Ltd	Consumer Cyclical	10.17	0.46	1.39	Jan25	5.32
Nippon India Nifty Midcap 150 Idx Dir Gr	INF204KB18Z7	Schaeffler India Ltd	Consumer Cyclical	10.17	0.46	1.39	Feb25	5.59
Nippon India Nifty Midcap 150 Idx Dir Gr	INF204KB18Z7	Schaeffler India Ltd	Consumer Cyclical	10.17	0.46	1.39	Mar25	15.51
Nippon India Nifty Midcap 150 Idx Dir Gr	INF204KB18Z7	Schaeffler India Ltd	Consumer Cyclical	10.17	0.46	1.39	Mar25	15.51
Nippon India Nifty Midcap 150 Idx Dir Gr	INF204KB18Z7	Schaeffler India Ltd	Consumer Cyclical	10.17	0.46	1.39	Apr25	12.51
Nippon India Nifty Midcap 150 Idx Dir Gr	INF204KB18Z7	Schaeffler India Ltd	Consumer Cyclical	10.17	0.46	1.39	May25	11.15
Nippon India Nifty Midcap 150 Idx Dir Gr	INF204KB18Z7	Schaeffler India Ltd	Consumer Cyclical	10.17	0.46	1.39	June25	10.18
Nippon India Nifty Midcap 150 Idx Dir Gr	INF204KB18Z7	Schaeffler India Ltd	Consumer Cyclical	10.17	0.46	1.39	July25	9.19
Nippon India Nifty Midcap 150 Idx Dir Gr	INF204KB18Z7	Schaeffler India Ltd	Consumer Cyclical	10.17	0.46	1.39	Aug25	8.13
Nippon India Nifty Midcap 150 Idx Dir Gr	INF204KB18Z7	Patanjali Foods Ltd	Consumer Defensive	10.02	0.46	1.39	Oct24	5.55
Nippon India Nifty Midcap 150 Idx Dir Gr	INF204KB18Z7	Patanjali Foods Ltd	Consumer Defensive	10.02	0.46	1.39	Nov24	7.52
Nippon India Nifty Midcap 150 Idx Dir Gr	INF204KB18Z7	Patanjali Foods Ltd	Consumer Defensive	10.02	0.46	1.39	Dec24	3.56
Nippon India Nifty Midcap 150 Idx Dir Gr	INF204KB18Z7	Patanjali Foods Ltd	Consumer Defensive	10.02	0.46	1.39	Jan25	5.32
Nippon India Nifty Midcap 150 Idx Dir Gr	INF204KB18Z7	Patanjali Foods Ltd	Consumer Defensive	10.02	0.46	1.39	Feb25	5.59
Nippon India Nifty Midcap 150 Idx Dir Gr	INF204KB18Z7	Patanjali Foods Ltd	Consumer Defensive	10.02	0.46	1.39	Mar25	15.51
Nippon India Nifty Midcap 150 Idx Dir Gr	INF204KB18Z7	Patanjali Foods Ltd	Consumer Defensive	10.02	0.46	1.39	Mar25	15.51
Nippon India Nifty Midcap 150 Idx Dir Gr	INF204KB18Z7	Patanjali Foods Ltd	Consumer Defensive	10.02	0.46	1.39	Apr25	12.51
Nippon India Nifty Midcap 150 Idx Dir Gr	INF204KB18Z7	Patanjali Foods Ltd	Consumer Defensive	10.02	0.46	1.39	May25	11.15
Nippon India Nifty Midcap 150 Idx Dir Gr	INF204KB18Z7	Patanjali Foods Ltd	Consumer Defensive	10.02	0.46	1.39	June25	10.18
Nippon India Nifty Midcap 150 Idx Dir Gr	INF204KB18Z7	Patanjali Foods Ltd	Consumer Defensive	10.02	0.46	1.39	July25	9.19
Nippon India Nifty Midcap 150 Idx Dir Gr	INF204KB18Z7	Patanjali Foods Ltd	Consumer Defensive	10.02	0.46	1.39	Aug25	8.13
Nippon India Nifty Midcap 150 Idx Dir Gr	INF204KB18Z7	Indian Railway Catering And Tourism Corp Ltd	Consumer Cyclical	9.97	0.46	1.39	Oct24	5.55
Nippon India Nifty Midcap 150 Idx Dir Gr	INF204KB18Z7	Indian Railway Catering And Tourism Corp Ltd	Consumer Cyclical	9.97	0.46	1.39	Nov24	7.52
Nippon India Nifty Midcap 150 Idx Dir Gr	INF204KB18Z7	Indian Railway Catering And Tourism Corp Ltd	Consumer Cyclical	9.97	0.46	1.39	Dec24	3.56
Nippon India Nifty Midcap 150 Idx Dir Gr	INF204KB18Z7	Indian Railway Catering And Tourism Corp Ltd	Consumer Cyclical	9.97	0.46	1.39	Jan25	5.32
Nippon India Nifty Midcap 150 Idx Dir Gr	INF204KB18Z7	Indian Railway Catering And Tourism Corp Ltd	Consumer Cyclical	9.97	0.46	1.39	Feb25	5.59
Nippon India Nifty Midcap 150 Idx Dir Gr	INF204KB18Z7	Indian Railway Catering And Tourism Corp Ltd	Consumer Cyclical	9.97	0.46	1.39	Mar25	15.51
Nippon India Nifty Midcap 150 Idx Dir Gr	INF204KB18Z7	Indian Railway Catering And Tourism Corp Ltd	Consumer Cyclical	9.97	0.46	1.39	Mar25	15.51
Nippon India Nifty Midcap 150 Idx Dir Gr	INF204KB18Z7	Indian Railway Catering And Tourism Corp Ltd	Consumer Cyclical	9.97	0.46	1.39	Apr25	12.51
Nippon India Nifty Midcap 150 Idx Dir Gr	INF204KB18Z7	Indian Railway Catering And Tourism Corp Ltd	Consumer Cyclical	9.97	0.46	1.39	May25	11.15
Nippon India Nifty Midcap 150 Idx Dir Gr	INF204KB18Z7	Indian Railway Catering And Tourism Corp Ltd	Consumer Cyclical	9.97	0.46	1.39	June25	10.18
Nippon India Nifty Midcap 150 Idx Dir Gr	INF204KB18Z7	Indian Railway Catering And Tourism Corp Ltd	Consumer Cyclical	9.97	0.46	1.39	July25	9.19
Nippon India Nifty Midcap 150 Idx Dir Gr	INF204KB18Z7	Indian Railway Catering And Tourism Corp Ltd	Consumer Cyclical	9.97	0.46	1.39	Aug25	8.13
Nippon India Nifty Midcap 150 Idx Dir Gr	INF204KB18Z7	Container Corporation of India Ltd	Industrials	9.92	0.45	1.39	Oct24	5.55
Nippon India Nifty Midcap 150 Idx Dir Gr	INF204KB18Z7	Container Corporation of India Ltd	Industrials	9.92	0.45	1.39	Nov24	7.52
Nippon India Nifty Midcap 150 Idx Dir Gr	INF204KB18Z7	Container Corporation of India Ltd	Industrials	9.92	0.45	1.39	Dec24	3.56
Nippon India Nifty Midcap 150 Idx Dir Gr	INF204KB18Z7	Container Corporation of India Ltd	Industrials	9.92	0.45	1.39	Jan25	5.32
Nippon India Nifty Midcap 150 Idx Dir Gr	INF204KB18Z7	Container Corporation of India Ltd	Industrials	9.92	0.45	1.39	Feb25	5.59
Nippon India Nifty Midcap 150 Idx Dir Gr	INF204KB18Z7	Container Corporation of India Ltd	Industrials	9.92	0.45	1.39	Mar25	15.51
Nippon India Nifty Midcap 150 Idx Dir Gr	INF204KB18Z7	Container Corporation of India Ltd	Industrials	9.92	0.45	1.39	Mar25	15.51
Nippon India Nifty Midcap 150 Idx Dir Gr	INF204KB18Z7	Container Corporation of India Ltd	Industrials	9.92	0.45	1.39	Apr25	12.51
Nippon India Nifty Midcap 150 Idx Dir Gr	INF204KB18Z7	Container Corporation of India Ltd	Industrials	9.92	0.45	1.39	May25	11.15
Nippon India Nifty Midcap 150 Idx Dir Gr	INF204KB18Z7	Container Corporation of India Ltd	Industrials	9.92	0.45	1.39	June25	10.18
Nippon India Nifty Midcap 150 Idx Dir Gr	INF204KB18Z7	Container Corporation of India Ltd	Industrials	9.92	0.45	1.39	July25	9.19
Nippon India Nifty Midcap 150 Idx Dir Gr	INF204KB18Z7	Container Corporation of India Ltd	Industrials	9.92	0.45	1.39	Aug25	8.13
Nippon India Nifty Midcap 150 Idx Dir Gr	INF204KB18Z7	Oracle Financial Services Software Ltd	Technology	9.56	0.44	1.39	Oct24	5.55
Nippon India Nifty Midcap 150 Idx Dir Gr	INF204KB18Z7	Oracle Financial Services Software Ltd	Technology	9.56	0.44	1.39	Nov24	7.52
Nippon India Nifty Midcap 150 Idx Dir Gr	INF204KB18Z7	Oracle Financial Services Software Ltd	Technology	9.56	0.44	1.39	Dec24	3.56
Nippon India Nifty Midcap 150 Idx Dir Gr	INF204KB18Z7	Oracle Financial Services Software Ltd	Technology	9.56	0.44	1.39	Jan25	5.32
Nippon India Nifty Midcap 150 Idx Dir Gr	INF204KB18Z7	Oracle Financial Services Software Ltd	Technology	9.56	0.44	1.39	Feb25	5.59
Nippon India Nifty Midcap 150 Idx Dir Gr	INF204KB18Z7	Oracle Financial Services Software Ltd	Technology	9.56	0.44	1.39	Mar25	15.51
Nippon India Nifty Midcap 150 Idx Dir Gr	INF204KB18Z7	Oracle Financial Services Software Ltd	Technology	9.56	0.44	1.39	Mar25	15.51
Nippon India Nifty Midcap 150 Idx Dir Gr	INF204KB18Z7	Oracle Financial Services Software Ltd	Technology	9.56	0.44	1.39	Apr25	12.51
Nippon India Nifty Midcap 150 Idx Dir Gr	INF204KB18Z7	Oracle Financial Services Software Ltd	Technology	9.56	0.44	1.39	May25	11.15
Nippon India Nifty Midcap 150 Idx Dir Gr	INF204KB18Z7	Oracle Financial Services Software Ltd	Technology	9.56	0.44	1.39	June25	10.18
Nippon India Nifty Midcap 150 Idx Dir Gr	INF204KB18Z7	Oracle Financial Services Software Ltd	Technology	9.56	0.44	1.39	July25	9.19
Nippon India Nifty Midcap 150 Idx Dir Gr	INF204KB18Z7	Oracle Financial Services Software Ltd	Technology	9.56	0.44	1.39	Aug25	8.13
Nippon India Nifty Midcap 150 Idx Dir Gr	INF204KB18Z7	ITC Hotels Ltd	Consumer Cyclical	9.52	0.44	1.39	Oct24	5.55
Nippon India Nifty Midcap 150 Idx Dir Gr	INF204KB18Z7	ITC Hotels Ltd	Consumer Cyclical	9.52	0.44	1.39	Nov24	7.52
Nippon India Nifty Midcap 150 Idx Dir Gr	INF204KB18Z7	ITC Hotels Ltd	Consumer Cyclical	9.52	0.44	1.39	Dec24	3.56
Nippon India Nifty Midcap 150 Idx Dir Gr	INF204KB18Z7	ITC Hotels Ltd	Consumer Cyclical	9.52	0.44	1.39	Jan25	5.32
Nippon India Nifty Midcap 150 Idx Dir Gr	INF204KB18Z7	ITC Hotels Ltd	Consumer Cyclical	9.52	0.44	1.39	Feb25	5.59
Nippon India Nifty Midcap 150 Idx Dir Gr	INF204KB18Z7	ITC Hotels Ltd	Consumer Cyclical	9.52	0.44	1.39	Mar25	15.51
Nippon India Nifty Midcap 150 Idx Dir Gr	INF204KB18Z7	ITC Hotels Ltd	Consumer Cyclical	9.52	0.44	1.39	Mar25	15.51
Nippon India Nifty Midcap 150 Idx Dir Gr	INF204KB18Z7	ITC Hotels Ltd	Consumer Cyclical	9.52	0.44	1.39	Apr25	12.51
Nippon India Nifty Midcap 150 Idx Dir Gr	INF204KB18Z7	ITC Hotels Ltd	Consumer Cyclical	9.52	0.44	1.39	May25	11.15
Nippon India Nifty Midcap 150 Idx Dir Gr	INF204KB18Z7	ITC Hotels Ltd	Consumer Cyclical	9.52	0.44	1.39	June25	10.18
Nippon India Nifty Midcap 150 Idx Dir Gr	INF204KB18Z7	ITC Hotels Ltd	Consumer Cyclical	9.52	0.44	1.39	July25	9.19
Nippon India Nifty Midcap 150 Idx Dir Gr	INF204KB18Z7	ITC Hotels Ltd	Consumer Cyclical	9.52	0.44	1.39	Aug25	8.13
Nippon India Nifty Midcap 150 Idx Dir Gr	INF204KB18Z7	LIC Housing Finance Ltd	Financial Services	9.38	0.43	1.39	Oct24	5.55
Nippon India Nifty Midcap 150 Idx Dir Gr	INF204KB18Z7	LIC Housing Finance Ltd	Financial Services	9.38	0.43	1.39	Nov24	7.52
Nippon India Nifty Midcap 150 Idx Dir Gr	INF204KB18Z7	LIC Housing Finance Ltd	Financial Services	9.38	0.43	1.39	Dec24	3.56
Nippon India Nifty Midcap 150 Idx Dir Gr	INF204KB18Z7	LIC Housing Finance Ltd	Financial Services	9.38	0.43	1.39	Jan25	5.32
Nippon India Nifty Midcap 150 Idx Dir Gr	INF204KB18Z7	LIC Housing Finance Ltd	Financial Services	9.38	0.43	1.39	Feb25	5.59
Nippon India Nifty Midcap 150 Idx Dir Gr	INF204KB18Z7	LIC Housing Finance Ltd	Financial Services	9.38	0.43	1.39	Mar25	15.51
Nippon India Nifty Midcap 150 Idx Dir Gr	INF204KB18Z7	LIC Housing Finance Ltd	Financial Services	9.38	0.43	1.39	Mar25	15.51
Nippon India Nifty Midcap 150 Idx Dir Gr	INF204KB18Z7	LIC Housing Finance Ltd	Financial Services	9.38	0.43	1.39	Apr25	12.51
Nippon India Nifty Midcap 150 Idx Dir Gr	INF204KB18Z7	LIC Housing Finance Ltd	Financial Services	9.38	0.43	1.39	May25	11.15
Nippon India Nifty Midcap 150 Idx Dir Gr	INF204KB18Z7	LIC Housing Finance Ltd	Financial Services	9.38	0.43	1.39	June25	10.18
Nippon India Nifty Midcap 150 Idx Dir Gr	INF204KB18Z7	LIC Housing Finance Ltd	Financial Services	9.38	0.43	1.39	July25	9.19
Nippon India Nifty Midcap 150 Idx Dir Gr	INF204KB18Z7	LIC Housing Finance Ltd	Financial Services	9.38	0.43	1.39	Aug25	8.13
Nippon India Nifty Midcap 150 Idx Dir Gr	INF204KB18Z7	Lloyds Metals & Energy Ltd	Basic Materials	9.27	0.42	1.39	Oct24	5.55
Nippon India Nifty Midcap 150 Idx Dir Gr	INF204KB18Z7	Lloyds Metals & Energy Ltd	Basic Materials	9.27	0.42	1.39	Nov24	7.52
Nippon India Nifty Midcap 150 Idx Dir Gr	INF204KB18Z7	Lloyds Metals & Energy Ltd	Basic Materials	9.27	0.42	1.39	Dec24	3.56
Nippon India Nifty Midcap 150 Idx Dir Gr	INF204KB18Z7	Lloyds Metals & Energy Ltd	Basic Materials	9.27	0.42	1.39	Jan25	5.32
Nippon India Nifty Midcap 150 Idx Dir Gr	INF204KB18Z7	Lloyds Metals & Energy Ltd	Basic Materials	9.27	0.42	1.39	Feb25	5.59
Nippon India Nifty Midcap 150 Idx Dir Gr	INF204KB18Z7	Lloyds Metals & Energy Ltd	Basic Materials	9.27	0.42	1.39	Mar25	15.51
Nippon India Nifty Midcap 150 Idx Dir Gr	INF204KB18Z7	Lloyds Metals & Energy Ltd	Basic Materials	9.27	0.42	1.39	Mar25	15.51
Nippon India Nifty Midcap 150 Idx Dir Gr	INF204KB18Z7	Lloyds Metals & Energy Ltd	Basic Materials	9.27	0.42	1.39	Apr25	12.51
Nippon India Nifty Midcap 150 Idx Dir Gr	INF204KB18Z7	Lloyds Metals & Energy Ltd	Basic Materials	9.27	0.42	1.39	May25	11.15
Nippon India Nifty Midcap 150 Idx Dir Gr	INF204KB18Z7	Lloyds Metals & Energy Ltd	Basic Materials	9.27	0.42	1.39	June25	10.18
Nippon India Nifty Midcap 150 Idx Dir Gr	INF204KB18Z7	Lloyds Metals & Energy Ltd	Basic Materials	9.27	0.42	1.39	July25	9.19
Nippon India Nifty Midcap 150 Idx Dir Gr	INF204KB18Z7	Lloyds Metals & Energy Ltd	Basic Materials	9.27	0.42	1.39	Aug25	8.13
Nippon India Nifty Midcap 150 Idx Dir Gr	INF204KB18Z7	Dalmia Bharat Ltd	Basic Materials	9.21	0.42	1.39	Oct24	5.55
Nippon India Nifty Midcap 150 Idx Dir Gr	INF204KB18Z7	Dalmia Bharat Ltd	Basic Materials	9.21	0.42	1.39	Nov24	7.52
Nippon India Nifty Midcap 150 Idx Dir Gr	INF204KB18Z7	Dalmia Bharat Ltd	Basic Materials	9.21	0.42	1.39	Dec24	3.56
Nippon India Nifty Midcap 150 Idx Dir Gr	INF204KB18Z7	Dalmia Bharat Ltd	Basic Materials	9.21	0.42	1.39	Jan25	5.32
Nippon India Nifty Midcap 150 Idx Dir Gr	INF204KB18Z7	Dalmia Bharat Ltd	Basic Materials	9.21	0.42	1.39	Feb25	5.59
Nippon India Nifty Midcap 150 Idx Dir Gr	INF204KB18Z7	Dalmia Bharat Ltd	Basic Materials	9.21	0.42	1.39	Mar25	15.51
Nippon India Nifty Midcap 150 Idx Dir Gr	INF204KB18Z7	Dalmia Bharat Ltd	Basic Materials	9.21	0.42	1.39	Mar25	15.51
Nippon India Nifty Midcap 150 Idx Dir Gr	INF204KB18Z7	Dalmia Bharat Ltd	Basic Materials	9.21	0.42	1.39	Apr25	12.51
Nippon India Nifty Midcap 150 Idx Dir Gr	INF204KB18Z7	Dalmia Bharat Ltd	Basic Materials	9.21	0.42	1.39	May25	11.15
Nippon India Nifty Midcap 150 Idx Dir Gr	INF204KB18Z7	Dalmia Bharat Ltd	Basic Materials	9.21	0.42	1.39	June25	10.18
Nippon India Nifty Midcap 150 Idx Dir Gr	INF204KB18Z7	Dalmia Bharat Ltd	Basic Materials	9.21	0.42	1.39	July25	9.19
Nippon India Nifty Midcap 150 Idx Dir Gr	INF204KB18Z7	Dalmia Bharat Ltd	Basic Materials	9.21	0.42	1.39	Aug25	8.13
Nippon India Nifty Midcap 150 Idx Dir Gr	INF204KB18Z7	Kalyan Jewellers India Ltd	Consumer Cyclical	9.16	0.42	1.39	Oct24	5.55
Nippon India Nifty Midcap 150 Idx Dir Gr	INF204KB18Z7	Kalyan Jewellers India Ltd	Consumer Cyclical	9.16	0.42	1.39	Nov24	7.52
Nippon India Nifty Midcap 150 Idx Dir Gr	INF204KB18Z7	Kalyan Jewellers India Ltd	Consumer Cyclical	9.16	0.42	1.39	Dec24	3.56
Nippon India Nifty Midcap 150 Idx Dir Gr	INF204KB18Z7	Kalyan Jewellers India Ltd	Consumer Cyclical	9.16	0.42	1.39	Jan25	5.32
Nippon India Nifty Midcap 150 Idx Dir Gr	INF204KB18Z7	Kalyan Jewellers India Ltd	Consumer Cyclical	9.16	0.42	1.39	Feb25	5.59
Nippon India Nifty Midcap 150 Idx Dir Gr	INF204KB18Z7	Kalyan Jewellers India Ltd	Consumer Cyclical	9.16	0.42	1.39	Mar25	15.51
Nippon India Nifty Midcap 150 Idx Dir Gr	INF204KB18Z7	Kalyan Jewellers India Ltd	Consumer Cyclical	9.16	0.42	1.39	Mar25	15.51
Nippon India Nifty Midcap 150 Idx Dir Gr	INF204KB18Z7	Kalyan Jewellers India Ltd	Consumer Cyclical	9.16	0.42	1.39	Apr25	12.51
Nippon India Nifty Midcap 150 Idx Dir Gr	INF204KB18Z7	Kalyan Jewellers India Ltd	Consumer Cyclical	9.16	0.42	1.39	May25	11.15
Nippon India Nifty Midcap 150 Idx Dir Gr	INF204KB18Z7	Kalyan Jewellers India Ltd	Consumer Cyclical	9.16	0.42	1.39	June25	10.18
Nippon India Nifty Midcap 150 Idx Dir Gr	INF204KB18Z7	Kalyan Jewellers India Ltd	Consumer Cyclical	9.16	0.42	1.39	July25	9.19
Nippon India Nifty Midcap 150 Idx Dir Gr	INF204KB18Z7	Kalyan Jewellers India Ltd	Consumer Cyclical	9.16	0.42	1.39	Aug25	8.13
Nippon India Nifty Midcap 150 Idx Dir Gr	INF204KB18Z7	Tata Elxsi Ltd	Technology	9.01	0.41	1.39	Oct24	5.55
Nippon India Nifty Midcap 150 Idx Dir Gr	INF204KB18Z7	Tata Elxsi Ltd	Technology	9.01	0.41	1.39	Nov24	7.52
Nippon India Nifty Midcap 150 Idx Dir Gr	INF204KB18Z7	Tata Elxsi Ltd	Technology	9.01	0.41	1.39	Dec24	3.56
Nippon India Nifty Midcap 150 Idx Dir Gr	INF204KB18Z7	Tata Elxsi Ltd	Technology	9.01	0.41	1.39	Jan25	5.32
Nippon India Nifty Midcap 150 Idx Dir Gr	INF204KB18Z7	Tata Elxsi Ltd	Technology	9.01	0.41	1.39	Feb25	5.59
Nippon India Nifty Midcap 150 Idx Dir Gr	INF204KB18Z7	Tata Elxsi Ltd	Technology	9.01	0.41	1.39	Mar25	15.51
Nippon India Nifty Midcap 150 Idx Dir Gr	INF204KB18Z7	Tata Elxsi Ltd	Technology	9.01	0.41	1.39	Mar25	15.51
Nippon India Nifty Midcap 150 Idx Dir Gr	INF204KB18Z7	Tata Elxsi Ltd	Technology	9.01	0.41	1.39	Apr25	12.51
Nippon India Nifty Midcap 150 Idx Dir Gr	INF204KB18Z7	Tata Elxsi Ltd	Technology	9.01	0.41	1.39	May25	11.15
Nippon India Nifty Midcap 150 Idx Dir Gr	INF204KB18Z7	Tata Elxsi Ltd	Technology	9.01	0.41	1.39	June25	10.18
Nippon India Nifty Midcap 150 Idx Dir Gr	INF204KB18Z7	Tata Elxsi Ltd	Technology	9.01	0.41	1.39	July25	9.19
Nippon India Nifty Midcap 150 Idx Dir Gr	INF204KB18Z7	Tata Elxsi Ltd	Technology	9.01	0.41	1.39	Aug25	8.13
Nippon India Nifty Midcap 150 Idx Dir Gr	INF204KB18Z7	Bank of Maharashtra	Financial Services	8.83	0.40	1.39	Oct24	5.55
Nippon India Nifty Midcap 150 Idx Dir Gr	INF204KB18Z7	Bank of Maharashtra	Financial Services	8.83	0.40	1.39	Nov24	7.52
Nippon India Nifty Midcap 150 Idx Dir Gr	INF204KB18Z7	Bank of Maharashtra	Financial Services	8.83	0.40	1.39	Dec24	3.56
Nippon India Nifty Midcap 150 Idx Dir Gr	INF204KB18Z7	Bank of Maharashtra	Financial Services	8.83	0.40	1.39	Jan25	5.32
Nippon India Nifty Midcap 150 Idx Dir Gr	INF204KB18Z7	Bank of Maharashtra	Financial Services	8.83	0.40	1.39	Feb25	5.59
Nippon India Nifty Midcap 150 Idx Dir Gr	INF204KB18Z7	Bank of Maharashtra	Financial Services	8.83	0.40	1.39	Mar25	15.51
Nippon India Nifty Midcap 150 Idx Dir Gr	INF204KB18Z7	Bank of Maharashtra	Financial Services	8.83	0.40	1.39	Mar25	15.51
Nippon India Nifty Midcap 150 Idx Dir Gr	INF204KB18Z7	Bank of Maharashtra	Financial Services	8.83	0.40	1.39	Apr25	12.51
Nippon India Nifty Midcap 150 Idx Dir Gr	INF204KB18Z7	Bank of Maharashtra	Financial Services	8.83	0.40	1.39	May25	11.15
Nippon India Nifty Midcap 150 Idx Dir Gr	INF204KB18Z7	Bank of Maharashtra	Financial Services	8.83	0.40	1.39	June25	10.18
Nippon India Nifty Midcap 150 Idx Dir Gr	INF204KB18Z7	Bank of Maharashtra	Financial Services	8.83	0.40	1.39	July25	9.19
Nippon India Nifty Midcap 150 Idx Dir Gr	INF204KB18Z7	Bank of Maharashtra	Financial Services	8.83	0.40	1.39	Aug25	8.13
Nippon India Nifty Midcap 150 Idx Dir Gr	INF204KB18Z7	Exide Industries Ltd	Consumer Cyclical	8.82	0.40	1.39	Oct24	5.55
Nippon India Nifty Midcap 150 Idx Dir Gr	INF204KB18Z7	Exide Industries Ltd	Consumer Cyclical	8.82	0.40	1.39	Nov24	7.52
Nippon India Nifty Midcap 150 Idx Dir Gr	INF204KB18Z7	Exide Industries Ltd	Consumer Cyclical	8.82	0.40	1.39	Dec24	3.56
Nippon India Nifty Midcap 150 Idx Dir Gr	INF204KB18Z7	Exide Industries Ltd	Consumer Cyclical	8.82	0.40	1.39	Jan25	5.32
Nippon India Nifty Midcap 150 Idx Dir Gr	INF204KB18Z7	Exide Industries Ltd	Consumer Cyclical	8.82	0.40	1.39	Feb25	5.59
Nippon India Nifty Midcap 150 Idx Dir Gr	INF204KB18Z7	Exide Industries Ltd	Consumer Cyclical	8.82	0.40	1.39	Mar25	15.51
Nippon India Nifty Midcap 150 Idx Dir Gr	INF204KB18Z7	Exide Industries Ltd	Consumer Cyclical	8.82	0.40	1.39	Mar25	15.51
Nippon India Nifty Midcap 150 Idx Dir Gr	INF204KB18Z7	Exide Industries Ltd	Consumer Cyclical	8.82	0.40	1.39	Apr25	12.51
Nippon India Nifty Midcap 150 Idx Dir Gr	INF204KB18Z7	Exide Industries Ltd	Consumer Cyclical	8.82	0.40	1.39	May25	11.15
Nippon India Nifty Midcap 150 Idx Dir Gr	INF204KB18Z7	Exide Industries Ltd	Consumer Cyclical	8.82	0.40	1.39	June25	10.18
Nippon India Nifty Midcap 150 Idx Dir Gr	INF204KB18Z7	Exide Industries Ltd	Consumer Cyclical	8.82	0.40	1.39	July25	9.19
Nippon India Nifty Midcap 150 Idx Dir Gr	INF204KB18Z7	Exide Industries Ltd	Consumer Cyclical	8.82	0.40	1.39	Aug25	8.13
Nippon India Nifty Midcap 150 Idx Dir Gr	INF204KB18Z7	AIA Engineering Ltd	Industrials	8.67	0.40	1.39	Oct24	5.55
Nippon India Nifty Midcap 150 Idx Dir Gr	INF204KB18Z7	AIA Engineering Ltd	Industrials	8.67	0.40	1.39	Nov24	7.52
Nippon India Nifty Midcap 150 Idx Dir Gr	INF204KB18Z7	AIA Engineering Ltd	Industrials	8.67	0.40	1.39	Dec24	3.56
Nippon India Nifty Midcap 150 Idx Dir Gr	INF204KB18Z7	AIA Engineering Ltd	Industrials	8.67	0.40	1.39	Jan25	5.32
Nippon India Nifty Midcap 150 Idx Dir Gr	INF204KB18Z7	AIA Engineering Ltd	Industrials	8.67	0.40	1.39	Feb25	5.59
Nippon India Nifty Midcap 150 Idx Dir Gr	INF204KB18Z7	AIA Engineering Ltd	Industrials	8.67	0.40	1.39	Mar25	15.51
Nippon India Nifty Midcap 150 Idx Dir Gr	INF204KB18Z7	AIA Engineering Ltd	Industrials	8.67	0.40	1.39	Mar25	15.51
Nippon India Nifty Midcap 150 Idx Dir Gr	INF204KB18Z7	AIA Engineering Ltd	Industrials	8.67	0.40	1.39	Apr25	12.51
Nippon India Nifty Midcap 150 Idx Dir Gr	INF204KB18Z7	AIA Engineering Ltd	Industrials	8.67	0.40	1.39	May25	11.15
Nippon India Nifty Midcap 150 Idx Dir Gr	INF204KB18Z7	AIA Engineering Ltd	Industrials	8.67	0.40	1.39	June25	10.18
Nippon India Nifty Midcap 150 Idx Dir Gr	INF204KB18Z7	AIA Engineering Ltd	Industrials	8.67	0.40	1.39	July25	9.19
Nippon India Nifty Midcap 150 Idx Dir Gr	INF204KB18Z7	AIA Engineering Ltd	Industrials	8.67	0.40	1.39	Aug25	8.13
Nippon India Nifty Midcap 150 Idx Dir Gr	INF204KB18Z7	Apollo Tyres Ltd	Consumer Cyclical	8.52	0.39	1.39	Oct24	5.55
Nippon India Nifty Midcap 150 Idx Dir Gr	INF204KB18Z7	Apollo Tyres Ltd	Consumer Cyclical	8.52	0.39	1.39	Nov24	7.52
Nippon India Nifty Midcap 150 Idx Dir Gr	INF204KB18Z7	Apollo Tyres Ltd	Consumer Cyclical	8.52	0.39	1.39	Dec24	3.56
Nippon India Nifty Midcap 150 Idx Dir Gr	INF204KB18Z7	Apollo Tyres Ltd	Consumer Cyclical	8.52	0.39	1.39	Jan25	5.32
Nippon India Nifty Midcap 150 Idx Dir Gr	INF204KB18Z7	Apollo Tyres Ltd	Consumer Cyclical	8.52	0.39	1.39	Feb25	5.59
Nippon India Nifty Midcap 150 Idx Dir Gr	INF204KB18Z7	Apollo Tyres Ltd	Consumer Cyclical	8.52	0.39	1.39	Mar25	15.51
Nippon India Nifty Midcap 150 Idx Dir Gr	INF204KB18Z7	Apollo Tyres Ltd	Consumer Cyclical	8.52	0.39	1.39	Mar25	15.51
Nippon India Nifty Midcap 150 Idx Dir Gr	INF204KB18Z7	Apollo Tyres Ltd	Consumer Cyclical	8.52	0.39	1.39	Apr25	12.51
Nippon India Nifty Midcap 150 Idx Dir Gr	INF204KB18Z7	Apollo Tyres Ltd	Consumer Cyclical	8.52	0.39	1.39	May25	11.15
Nippon India Nifty Midcap 150 Idx Dir Gr	INF204KB18Z7	Apollo Tyres Ltd	Consumer Cyclical	8.52	0.39	1.39	June25	10.18
Nippon India Nifty Midcap 150 Idx Dir Gr	INF204KB18Z7	Apollo Tyres Ltd	Consumer Cyclical	8.52	0.39	1.39	July25	9.19
Nippon India Nifty Midcap 150 Idx Dir Gr	INF204KB18Z7	Apollo Tyres Ltd	Consumer Cyclical	8.52	0.39	1.39	Aug25	8.13
Nippon India Nifty Midcap 150 Idx Dir Gr	INF204KB18Z7	Gujarat Fluorochemicals Ltd Ordinary Shares	Basic Materials	8.52	0.39	1.39	Oct24	5.55
Nippon India Nifty Midcap 150 Idx Dir Gr	INF204KB18Z7	Gujarat Fluorochemicals Ltd Ordinary Shares	Basic Materials	8.52	0.39	1.39	Nov24	7.52
Nippon India Nifty Midcap 150 Idx Dir Gr	INF204KB18Z7	Gujarat Fluorochemicals Ltd Ordinary Shares	Basic Materials	8.52	0.39	1.39	Dec24	3.56
Nippon India Nifty Midcap 150 Idx Dir Gr	INF204KB18Z7	Gujarat Fluorochemicals Ltd Ordinary Shares	Basic Materials	8.52	0.39	1.39	Jan25	5.32
Nippon India Nifty Midcap 150 Idx Dir Gr	INF204KB18Z7	Gujarat Fluorochemicals Ltd Ordinary Shares	Basic Materials	8.52	0.39	1.39	Feb25	5.59
Nippon India Nifty Midcap 150 Idx Dir Gr	INF204KB18Z7	Gujarat Fluorochemicals Ltd Ordinary Shares	Basic Materials	8.52	0.39	1.39	Mar25	15.51
Nippon India Nifty Midcap 150 Idx Dir Gr	INF204KB18Z7	Gujarat Fluorochemicals Ltd Ordinary Shares	Basic Materials	8.52	0.39	1.39	Mar25	15.51
Nippon India Nifty Midcap 150 Idx Dir Gr	INF204KB18Z7	Gujarat Fluorochemicals Ltd Ordinary Shares	Basic Materials	8.52	0.39	1.39	Apr25	12.51
Nippon India Nifty Midcap 150 Idx Dir Gr	INF204KB18Z7	Gujarat Fluorochemicals Ltd Ordinary Shares	Basic Materials	8.52	0.39	1.39	May25	11.15
Nippon India Nifty Midcap 150 Idx Dir Gr	INF204KB18Z7	Gujarat Fluorochemicals Ltd Ordinary Shares	Basic Materials	8.52	0.39	1.39	June25	10.18
Nippon India Nifty Midcap 150 Idx Dir Gr	INF204KB18Z7	Gujarat Fluorochemicals Ltd Ordinary Shares	Basic Materials	8.52	0.39	1.39	July25	9.19
Nippon India Nifty Midcap 150 Idx Dir Gr	INF204KB18Z7	Gujarat Fluorochemicals Ltd Ordinary Shares	Basic Materials	8.52	0.39	1.39	Aug25	8.13
Nippon India Nifty Midcap 150 Idx Dir Gr	INF204KB18Z7	Adani Total Gas Ltd	Utilities	8.24	0.38	1.39	Oct24	5.55
Nippon India Nifty Midcap 150 Idx Dir Gr	INF204KB18Z7	Adani Total Gas Ltd	Utilities	8.24	0.38	1.39	Nov24	7.52
Nippon India Nifty Midcap 150 Idx Dir Gr	INF204KB18Z7	Adani Total Gas Ltd	Utilities	8.24	0.38	1.39	Dec24	3.56
Nippon India Nifty Midcap 150 Idx Dir Gr	INF204KB18Z7	Adani Total Gas Ltd	Utilities	8.24	0.38	1.39	Jan25	5.32
Nippon India Nifty Midcap 150 Idx Dir Gr	INF204KB18Z7	Adani Total Gas Ltd	Utilities	8.24	0.38	1.39	Feb25	5.59
Nippon India Nifty Midcap 150 Idx Dir Gr	INF204KB18Z7	Adani Total Gas Ltd	Utilities	8.24	0.38	1.39	Mar25	15.51
Nippon India Nifty Midcap 150 Idx Dir Gr	INF204KB18Z7	Adani Total Gas Ltd	Utilities	8.24	0.38	1.39	Mar25	15.51
Nippon India Nifty Midcap 150 Idx Dir Gr	INF204KB18Z7	Adani Total Gas Ltd	Utilities	8.24	0.38	1.39	Apr25	12.51
Nippon India Nifty Midcap 150 Idx Dir Gr	INF204KB18Z7	Adani Total Gas Ltd	Utilities	8.24	0.38	1.39	May25	11.15
Nippon India Nifty Midcap 150 Idx Dir Gr	INF204KB18Z7	Adani Total Gas Ltd	Utilities	8.24	0.38	1.39	June25	10.18
Nippon India Nifty Midcap 150 Idx Dir Gr	INF204KB18Z7	Adani Total Gas Ltd	Utilities	8.24	0.38	1.39	July25	9.19
Nippon India Nifty Midcap 150 Idx Dir Gr	INF204KB18Z7	Adani Total Gas Ltd	Utilities	8.24	0.38	1.39	Aug25	8.13
Nippon India Nifty Midcap 150 Idx Dir Gr	INF204KB18Z7	Linde India Ltd	Basic Materials	8.21	0.38	1.39	Oct24	5.55
Nippon India Nifty Midcap 150 Idx Dir Gr	INF204KB18Z7	Linde India Ltd	Basic Materials	8.21	0.38	1.39	Nov24	7.52
Nippon India Nifty Midcap 150 Idx Dir Gr	INF204KB18Z7	Linde India Ltd	Basic Materials	8.21	0.38	1.39	Dec24	3.56
Nippon India Nifty Midcap 150 Idx Dir Gr	INF204KB18Z7	Linde India Ltd	Basic Materials	8.21	0.38	1.39	Jan25	5.32
Nippon India Nifty Midcap 150 Idx Dir Gr	INF204KB18Z7	Linde India Ltd	Basic Materials	8.21	0.38	1.39	Feb25	5.59
Nippon India Nifty Midcap 150 Idx Dir Gr	INF204KB18Z7	Linde India Ltd	Basic Materials	8.21	0.38	1.39	Mar25	15.51
Nippon India Nifty Midcap 150 Idx Dir Gr	INF204KB18Z7	Linde India Ltd	Basic Materials	8.21	0.38	1.39	Mar25	15.51
Nippon India Nifty Midcap 150 Idx Dir Gr	INF204KB18Z7	Linde India Ltd	Basic Materials	8.21	0.38	1.39	Apr25	12.51
Nippon India Nifty Midcap 150 Idx Dir Gr	INF204KB18Z7	Linde India Ltd	Basic Materials	8.21	0.38	1.39	May25	11.15
Nippon India Nifty Midcap 150 Idx Dir Gr	INF204KB18Z7	Linde India Ltd	Basic Materials	8.21	0.38	1.39	June25	10.18
Nippon India Nifty Midcap 150 Idx Dir Gr	INF204KB18Z7	Linde India Ltd	Basic Materials	8.21	0.38	1.39	July25	9.19
Nippon India Nifty Midcap 150 Idx Dir Gr	INF204KB18Z7	Linde India Ltd	Basic Materials	8.21	0.38	1.39	Aug25	8.13
Nippon India Nifty Midcap 150 Idx Dir Gr	INF204KB18Z7	Abbott India Ltd	Healthcare	8.04	0.37	1.41	Oct24	5.55
Nippon India Nifty Midcap 150 Idx Dir Gr	INF204KB18Z7	Abbott India Ltd	Healthcare	8.04	0.37	1.41	Nov24	7.52
Nippon India Nifty Midcap 150 Idx Dir Gr	INF204KB18Z7	Abbott India Ltd	Healthcare	8.04	0.37	1.41	Dec24	3.56
Nippon India Nifty Midcap 150 Idx Dir Gr	INF204KB18Z7	Abbott India Ltd	Healthcare	8.04	0.37	1.41	Jan25	5.32
Nippon India Nifty Midcap 150 Idx Dir Gr	INF204KB18Z7	Abbott India Ltd	Healthcare	8.04	0.37	1.41	Feb25	5.59
Nippon India Nifty Midcap 150 Idx Dir Gr	INF204KB18Z7	Abbott India Ltd	Healthcare	8.04	0.37	1.41	Mar25	15.51
Nippon India Nifty Midcap 150 Idx Dir Gr	INF204KB18Z7	Abbott India Ltd	Healthcare	8.04	0.37	1.41	Mar25	15.51
Nippon India Nifty Midcap 150 Idx Dir Gr	INF204KB18Z7	Abbott India Ltd	Healthcare	8.04	0.37	1.41	Apr25	12.51
Nippon India Nifty Midcap 150 Idx Dir Gr	INF204KB18Z7	Abbott India Ltd	Healthcare	8.04	0.37	1.41	May25	11.15
Nippon India Nifty Midcap 150 Idx Dir Gr	INF204KB18Z7	Abbott India Ltd	Healthcare	8.04	0.37	1.41	June25	10.18
Nippon India Nifty Midcap 150 Idx Dir Gr	INF204KB18Z7	Abbott India Ltd	Healthcare	8.04	0.37	1.41	July25	9.19
Nippon India Nifty Midcap 150 Idx Dir Gr	INF204KB18Z7	Abbott India Ltd	Healthcare	8.04	0.37	1.41	Aug25	8.13
Nippon India Nifty Midcap 150 Idx Dir Gr	INF204KB18Z7	Berger Paints India Ltd	Basic Materials	7.53	0.34	1.39	Oct24	5.55
Nippon India Nifty Midcap 150 Idx Dir Gr	INF204KB18Z7	Berger Paints India Ltd	Basic Materials	7.53	0.34	1.39	Nov24	7.52
Nippon India Nifty Midcap 150 Idx Dir Gr	INF204KB18Z7	Berger Paints India Ltd	Basic Materials	7.53	0.34	1.39	Dec24	3.56
Nippon India Nifty Midcap 150 Idx Dir Gr	INF204KB18Z7	Berger Paints India Ltd	Basic Materials	7.53	0.34	1.39	Jan25	5.32
Nippon India Nifty Midcap 150 Idx Dir Gr	INF204KB18Z7	Berger Paints India Ltd	Basic Materials	7.53	0.34	1.39	Feb25	5.59
Nippon India Nifty Midcap 150 Idx Dir Gr	INF204KB18Z7	Berger Paints India Ltd	Basic Materials	7.53	0.34	1.39	Mar25	15.51
Nippon India Nifty Midcap 150 Idx Dir Gr	INF204KB18Z7	Berger Paints India Ltd	Basic Materials	7.53	0.34	1.39	Mar25	15.51
Nippon India Nifty Midcap 150 Idx Dir Gr	INF204KB18Z7	Berger Paints India Ltd	Basic Materials	7.53	0.34	1.39	Apr25	12.51
Nippon India Nifty Midcap 150 Idx Dir Gr	INF204KB18Z7	Berger Paints India Ltd	Basic Materials	7.53	0.34	1.39	May25	11.15
Nippon India Nifty Midcap 150 Idx Dir Gr	INF204KB18Z7	Berger Paints India Ltd	Basic Materials	7.53	0.34	1.39	June25	10.18
Nippon India Nifty Midcap 150 Idx Dir Gr	INF204KB18Z7	Berger Paints India Ltd	Basic Materials	7.53	0.34	1.39	July25	9.19
Nippon India Nifty Midcap 150 Idx Dir Gr	INF204KB18Z7	Berger Paints India Ltd	Basic Materials	7.53	0.34	1.39	Aug25	8.13
Nippon India Nifty Midcap 150 Idx Dir Gr	INF204KB18Z7	KPIT Technologies Ltd	Technology	7.33	0.33	1.39	Oct24	5.55
Nippon India Nifty Midcap 150 Idx Dir Gr	INF204KB18Z7	KPIT Technologies Ltd	Technology	7.33	0.33	1.39	Nov24	7.52
Nippon India Nifty Midcap 150 Idx Dir Gr	INF204KB18Z7	KPIT Technologies Ltd	Technology	7.33	0.33	1.39	Dec24	3.56
Nippon India Nifty Midcap 150 Idx Dir Gr	INF204KB18Z7	KPIT Technologies Ltd	Technology	7.33	0.33	1.39	Jan25	5.32
Nippon India Nifty Midcap 150 Idx Dir Gr	INF204KB18Z7	KPIT Technologies Ltd	Technology	7.33	0.33	1.39	Feb25	5.59
Nippon India Nifty Midcap 150 Idx Dir Gr	INF204KB18Z7	KPIT Technologies Ltd	Technology	7.33	0.33	1.39	Mar25	15.51
Nippon India Nifty Midcap 150 Idx Dir Gr	INF204KB18Z7	KPIT Technologies Ltd	Technology	7.33	0.33	1.39	Mar25	15.51
Nippon India Nifty Midcap 150 Idx Dir Gr	INF204KB18Z7	KPIT Technologies Ltd	Technology	7.33	0.33	1.39	Apr25	12.51
Nippon India Nifty Midcap 150 Idx Dir Gr	INF204KB18Z7	KPIT Technologies Ltd	Technology	7.33	0.33	1.39	May25	11.15
Nippon India Nifty Midcap 150 Idx Dir Gr	INF204KB18Z7	KPIT Technologies Ltd	Technology	7.33	0.33	1.39	June25	10.18
Nippon India Nifty Midcap 150 Idx Dir Gr	INF204KB18Z7	KPIT Technologies Ltd	Technology	7.33	0.33	1.39	July25	9.19
Nippon India Nifty Midcap 150 Idx Dir Gr	INF204KB18Z7	KPIT Technologies Ltd	Technology	7.33	0.33	1.39	Aug25	8.13
Nippon India Nifty Midcap 150 Idx Dir Gr	INF204KB18Z7	Cochin Shipyard Ltd	Industrials	7.32	0.33	1.39	Oct24	5.55
Nippon India Nifty Midcap 150 Idx Dir Gr	INF204KB18Z7	Cochin Shipyard Ltd	Industrials	7.32	0.33	1.39	Nov24	7.52
Nippon India Nifty Midcap 150 Idx Dir Gr	INF204KB18Z7	Cochin Shipyard Ltd	Industrials	7.32	0.33	1.39	Dec24	3.56
Nippon India Nifty Midcap 150 Idx Dir Gr	INF204KB18Z7	Cochin Shipyard Ltd	Industrials	7.32	0.33	1.39	Jan25	5.32
Nippon India Nifty Midcap 150 Idx Dir Gr	INF204KB18Z7	Cochin Shipyard Ltd	Industrials	7.32	0.33	1.39	Feb25	5.59
Nippon India Nifty Midcap 150 Idx Dir Gr	INF204KB18Z7	Cochin Shipyard Ltd	Industrials	7.32	0.33	1.39	Mar25	15.51
Nippon India Nifty Midcap 150 Idx Dir Gr	INF204KB18Z7	Cochin Shipyard Ltd	Industrials	7.32	0.33	1.39	Mar25	15.51
Nippon India Nifty Midcap 150 Idx Dir Gr	INF204KB18Z7	Cochin Shipyard Ltd	Industrials	7.32	0.33	1.39	Apr25	12.51
Nippon India Nifty Midcap 150 Idx Dir Gr	INF204KB18Z7	Cochin Shipyard Ltd	Industrials	7.32	0.33	1.39	May25	11.15
Nippon India Nifty Midcap 150 Idx Dir Gr	INF204KB18Z7	Cochin Shipyard Ltd	Industrials	7.32	0.33	1.39	June25	10.18
Nippon India Nifty Midcap 150 Idx Dir Gr	INF204KB18Z7	Cochin Shipyard Ltd	Industrials	7.32	0.33	1.39	July25	9.19
Nippon India Nifty Midcap 150 Idx Dir Gr	INF204KB18Z7	Cochin Shipyard Ltd	Industrials	7.32	0.33	1.39	Aug25	8.13
Nippon India Nifty Midcap 150 Idx Dir Gr	INF204KB18Z7	Ajanta Pharma Ltd	Healthcare	7.32	0.33	1.39	Oct24	5.55
Nippon India Nifty Midcap 150 Idx Dir Gr	INF204KB18Z7	Ajanta Pharma Ltd	Healthcare	7.32	0.33	1.39	Nov24	7.52
Nippon India Nifty Midcap 150 Idx Dir Gr	INF204KB18Z7	Ajanta Pharma Ltd	Healthcare	7.32	0.33	1.39	Dec24	3.56
Nippon India Nifty Midcap 150 Idx Dir Gr	INF204KB18Z7	Ajanta Pharma Ltd	Healthcare	7.32	0.33	1.39	Jan25	5.32
Nippon India Nifty Midcap 150 Idx Dir Gr	INF204KB18Z7	Ajanta Pharma Ltd	Healthcare	7.32	0.33	1.39	Feb25	5.59
Nippon India Nifty Midcap 150 Idx Dir Gr	INF204KB18Z7	Ajanta Pharma Ltd	Healthcare	7.32	0.33	1.39	Mar25	15.51
Nippon India Nifty Midcap 150 Idx Dir Gr	INF204KB18Z7	Ajanta Pharma Ltd	Healthcare	7.32	0.33	1.39	Mar25	15.51
Nippon India Nifty Midcap 150 Idx Dir Gr	INF204KB18Z7	Ajanta Pharma Ltd	Healthcare	7.32	0.33	1.39	Apr25	12.51
Nippon India Nifty Midcap 150 Idx Dir Gr	INF204KB18Z7	Ajanta Pharma Ltd	Healthcare	7.32	0.33	1.39	May25	11.15
Nippon India Nifty Midcap 150 Idx Dir Gr	INF204KB18Z7	Ajanta Pharma Ltd	Healthcare	7.32	0.33	1.39	June25	10.18
Nippon India Nifty Midcap 150 Idx Dir Gr	INF204KB18Z7	Ajanta Pharma Ltd	Healthcare	7.32	0.33	1.39	July25	9.19
Nippon India Nifty Midcap 150 Idx Dir Gr	INF204KB18Z7	Ajanta Pharma Ltd	Healthcare	7.32	0.33	1.39	Aug25	8.13
Nippon India Nifty Midcap 150 Idx Dir Gr	INF204KB18Z7	Bharti Hexacom Ltd	Communication Services	7.01	0.32	1.39	Oct24	5.55
Nippon India Nifty Midcap 150 Idx Dir Gr	INF204KB18Z7	Bharti Hexacom Ltd	Communication Services	7.01	0.32	1.39	Nov24	7.52
Nippon India Nifty Midcap 150 Idx Dir Gr	INF204KB18Z7	Bharti Hexacom Ltd	Communication Services	7.01	0.32	1.39	Dec24	3.56
Nippon India Nifty Midcap 150 Idx Dir Gr	INF204KB18Z7	Bharti Hexacom Ltd	Communication Services	7.01	0.32	1.39	Jan25	5.32
Nippon India Nifty Midcap 150 Idx Dir Gr	INF204KB18Z7	Bharti Hexacom Ltd	Communication Services	7.01	0.32	1.39	Feb25	5.59
Nippon India Nifty Midcap 150 Idx Dir Gr	INF204KB18Z7	Bharti Hexacom Ltd	Communication Services	7.01	0.32	1.39	Mar25	15.51
Nippon India Nifty Midcap 150 Idx Dir Gr	INF204KB18Z7	Bharti Hexacom Ltd	Communication Services	7.01	0.32	1.39	Mar25	15.51
Nippon India Nifty Midcap 150 Idx Dir Gr	INF204KB18Z7	Bharti Hexacom Ltd	Communication Services	7.01	0.32	1.39	Apr25	12.51
Nippon India Nifty Midcap 150 Idx Dir Gr	INF204KB18Z7	Bharti Hexacom Ltd	Communication Services	7.01	0.32	1.39	May25	11.15
Nippon India Nifty Midcap 150 Idx Dir Gr	INF204KB18Z7	Bharti Hexacom Ltd	Communication Services	7.01	0.32	1.39	June25	10.18
Nippon India Nifty Midcap 150 Idx Dir Gr	INF204KB18Z7	Bharti Hexacom Ltd	Communication Services	7.01	0.32	1.39	July25	9.19
Nippon India Nifty Midcap 150 Idx Dir Gr	INF204KB18Z7	Bharti Hexacom Ltd	Communication Services	7.01	0.32	1.39	Aug25	8.13
Nippon India Nifty Midcap 150 Idx Dir Gr	INF204KB18Z7	Thermax Ltd	Industrials	7.01	0.32	1.39	Oct24	5.55
Nippon India Nifty Midcap 150 Idx Dir Gr	INF204KB18Z7	Thermax Ltd	Industrials	7.01	0.32	1.39	Nov24	7.52
Nippon India Nifty Midcap 150 Idx Dir Gr	INF204KB18Z7	Thermax Ltd	Industrials	7.01	0.32	1.39	Dec24	3.56
Nippon India Nifty Midcap 150 Idx Dir Gr	INF204KB18Z7	Thermax Ltd	Industrials	7.01	0.32	1.39	Jan25	5.32
Nippon India Nifty Midcap 150 Idx Dir Gr	INF204KB18Z7	Thermax Ltd	Industrials	7.01	0.32	1.39	Feb25	5.59
Nippon India Nifty Midcap 150 Idx Dir Gr	INF204KB18Z7	Thermax Ltd	Industrials	7.01	0.32	1.39	Mar25	15.51
Nippon India Nifty Midcap 150 Idx Dir Gr	INF204KB18Z7	Thermax Ltd	Industrials	7.01	0.32	1.39	Mar25	15.51
Nippon India Nifty Midcap 150 Idx Dir Gr	INF204KB18Z7	Thermax Ltd	Industrials	7.01	0.32	1.39	Apr25	12.51
Nippon India Nifty Midcap 150 Idx Dir Gr	INF204KB18Z7	Thermax Ltd	Industrials	7.01	0.32	1.39	May25	11.15
Nippon India Nifty Midcap 150 Idx Dir Gr	INF204KB18Z7	Thermax Ltd	Industrials	7.01	0.32	1.39	June25	10.18
Nippon India Nifty Midcap 150 Idx Dir Gr	INF204KB18Z7	Thermax Ltd	Industrials	7.01	0.32	1.39	July25	9.19
Nippon India Nifty Midcap 150 Idx Dir Gr	INF204KB18Z7	Thermax Ltd	Industrials	7.01	0.32	1.39	Aug25	8.13
Nippon India Nifty Midcap 150 Idx Dir Gr	INF204KB18Z7	Indraprastha Gas Ltd	Utilities	6.95	0.32	1.39	Oct24	5.55
Nippon India Nifty Midcap 150 Idx Dir Gr	INF204KB18Z7	Indraprastha Gas Ltd	Utilities	6.95	0.32	1.39	Nov24	7.52
Nippon India Nifty Midcap 150 Idx Dir Gr	INF204KB18Z7	Indraprastha Gas Ltd	Utilities	6.95	0.32	1.39	Dec24	3.56
Nippon India Nifty Midcap 150 Idx Dir Gr	INF204KB18Z7	Indraprastha Gas Ltd	Utilities	6.95	0.32	1.39	Jan25	5.32
Nippon India Nifty Midcap 150 Idx Dir Gr	INF204KB18Z7	Indraprastha Gas Ltd	Utilities	6.95	0.32	1.39	Feb25	5.59
Nippon India Nifty Midcap 150 Idx Dir Gr	INF204KB18Z7	Indraprastha Gas Ltd	Utilities	6.95	0.32	1.39	Mar25	15.51
Nippon India Nifty Midcap 150 Idx Dir Gr	INF204KB18Z7	Indraprastha Gas Ltd	Utilities	6.95	0.32	1.39	Mar25	15.51
Nippon India Nifty Midcap 150 Idx Dir Gr	INF204KB18Z7	Indraprastha Gas Ltd	Utilities	6.95	0.32	1.39	Apr25	12.51
Nippon India Nifty Midcap 150 Idx Dir Gr	INF204KB18Z7	Indraprastha Gas Ltd	Utilities	6.95	0.32	1.39	May25	11.15
Nippon India Nifty Midcap 150 Idx Dir Gr	INF204KB18Z7	Indraprastha Gas Ltd	Utilities	6.95	0.32	1.39	June25	10.18
Nippon India Nifty Midcap 150 Idx Dir Gr	INF204KB18Z7	Indraprastha Gas Ltd	Utilities	6.95	0.32	1.39	July25	9.19
Nippon India Nifty Midcap 150 Idx Dir Gr	INF204KB18Z7	Indraprastha Gas Ltd	Utilities	6.95	0.32	1.39	Aug25	8.13
Nippon India Nifty Midcap 150 Idx Dir Gr	INF204KB18Z7	General Insurance Corp of India	Financial Services	6.87	0.31	1.39	Oct24	5.55
Nippon India Nifty Midcap 150 Idx Dir Gr	INF204KB18Z7	General Insurance Corp of India	Financial Services	6.87	0.31	1.39	Nov24	7.52
Nippon India Nifty Midcap 150 Idx Dir Gr	INF204KB18Z7	General Insurance Corp of India	Financial Services	6.87	0.31	1.39	Dec24	3.56
Nippon India Nifty Midcap 150 Idx Dir Gr	INF204KB18Z7	General Insurance Corp of India	Financial Services	6.87	0.31	1.39	Jan25	5.32
Nippon India Nifty Midcap 150 Idx Dir Gr	INF204KB18Z7	General Insurance Corp of India	Financial Services	6.87	0.31	1.39	Feb25	5.59
Nippon India Nifty Midcap 150 Idx Dir Gr	INF204KB18Z7	General Insurance Corp of India	Financial Services	6.87	0.31	1.39	Mar25	15.51
Nippon India Nifty Midcap 150 Idx Dir Gr	INF204KB18Z7	General Insurance Corp of India	Financial Services	6.87	0.31	1.39	Mar25	15.51
Nippon India Nifty Midcap 150 Idx Dir Gr	INF204KB18Z7	General Insurance Corp of India	Financial Services	6.87	0.31	1.39	Apr25	12.51
Nippon India Nifty Midcap 150 Idx Dir Gr	INF204KB18Z7	General Insurance Corp of India	Financial Services	6.87	0.31	1.39	May25	11.15
Nippon India Nifty Midcap 150 Idx Dir Gr	INF204KB18Z7	General Insurance Corp of India	Financial Services	6.87	0.31	1.39	June25	10.18
Nippon India Nifty Midcap 150 Idx Dir Gr	INF204KB18Z7	General Insurance Corp of India	Financial Services	6.87	0.31	1.39	July25	9.19
Nippon India Nifty Midcap 150 Idx Dir Gr	INF204KB18Z7	General Insurance Corp of India	Financial Services	6.87	0.31	1.39	Aug25	8.13
Nippon India Nifty Midcap 150 Idx Dir Gr	INF204KB18Z7	Escorts Kubota Ltd	Industrials	6.78	0.31	1.39	Oct24	5.55
Nippon India Nifty Midcap 150 Idx Dir Gr	INF204KB18Z7	Escorts Kubota Ltd	Industrials	6.78	0.31	1.39	Nov24	7.52
Nippon India Nifty Midcap 150 Idx Dir Gr	INF204KB18Z7	Escorts Kubota Ltd	Industrials	6.78	0.31	1.39	Dec24	3.56
Nippon India Nifty Midcap 150 Idx Dir Gr	INF204KB18Z7	Escorts Kubota Ltd	Industrials	6.78	0.31	1.39	Jan25	5.32
Nippon India Nifty Midcap 150 Idx Dir Gr	INF204KB18Z7	Escorts Kubota Ltd	Industrials	6.78	0.31	1.39	Feb25	5.59
Nippon India Nifty Midcap 150 Idx Dir Gr	INF204KB18Z7	Escorts Kubota Ltd	Industrials	6.78	0.31	1.39	Mar25	15.51
Nippon India Nifty Midcap 150 Idx Dir Gr	INF204KB18Z7	Escorts Kubota Ltd	Industrials	6.78	0.31	1.39	Mar25	15.51
Nippon India Nifty Midcap 150 Idx Dir Gr	INF204KB18Z7	Escorts Kubota Ltd	Industrials	6.78	0.31	1.39	Apr25	12.51
Nippon India Nifty Midcap 150 Idx Dir Gr	INF204KB18Z7	Escorts Kubota Ltd	Industrials	6.78	0.31	1.39	May25	11.15
Nippon India Nifty Midcap 150 Idx Dir Gr	INF204KB18Z7	Escorts Kubota Ltd	Industrials	6.78	0.31	1.39	June25	10.18
Nippon India Nifty Midcap 150 Idx Dir Gr	INF204KB18Z7	Escorts Kubota Ltd	Industrials	6.78	0.31	1.39	July25	9.19
Nippon India Nifty Midcap 150 Idx Dir Gr	INF204KB18Z7	Escorts Kubota Ltd	Industrials	6.78	0.31	1.39	Aug25	8.13
Nippon India Nifty Midcap 150 Idx Dir Gr	INF204KB18Z7	Bharat Dynamics Ltd Ordinary Shares	Industrials	6.76	0.31	1.39	Oct24	5.55
Nippon India Nifty Midcap 150 Idx Dir Gr	INF204KB18Z7	Bharat Dynamics Ltd Ordinary Shares	Industrials	6.76	0.31	1.39	Nov24	7.52
Nippon India Nifty Midcap 150 Idx Dir Gr	INF204KB18Z7	Bharat Dynamics Ltd Ordinary Shares	Industrials	6.76	0.31	1.39	Dec24	3.56
Nippon India Nifty Midcap 150 Idx Dir Gr	INF204KB18Z7	Bharat Dynamics Ltd Ordinary Shares	Industrials	6.76	0.31	1.39	Jan25	5.32
Nippon India Nifty Midcap 150 Idx Dir Gr	INF204KB18Z7	Bharat Dynamics Ltd Ordinary Shares	Industrials	6.76	0.31	1.39	Feb25	5.59
Nippon India Nifty Midcap 150 Idx Dir Gr	INF204KB18Z7	Bharat Dynamics Ltd Ordinary Shares	Industrials	6.76	0.31	1.39	Mar25	15.51
Nippon India Nifty Midcap 150 Idx Dir Gr	INF204KB18Z7	Bharat Dynamics Ltd Ordinary Shares	Industrials	6.76	0.31	1.39	Mar25	15.51
Nippon India Nifty Midcap 150 Idx Dir Gr	INF204KB18Z7	Bharat Dynamics Ltd Ordinary Shares	Industrials	6.76	0.31	1.39	Apr25	12.51
Nippon India Nifty Midcap 150 Idx Dir Gr	INF204KB18Z7	Bharat Dynamics Ltd Ordinary Shares	Industrials	6.76	0.31	1.39	May25	11.15
Nippon India Nifty Midcap 150 Idx Dir Gr	INF204KB18Z7	Bharat Dynamics Ltd Ordinary Shares	Industrials	6.76	0.31	1.39	June25	10.18
Nippon India Nifty Midcap 150 Idx Dir Gr	INF204KB18Z7	Bharat Dynamics Ltd Ordinary Shares	Industrials	6.76	0.31	1.39	July25	9.19
Nippon India Nifty Midcap 150 Idx Dir Gr	INF204KB18Z7	Bharat Dynamics Ltd Ordinary Shares	Industrials	6.76	0.31	1.39	Aug25	8.13
Nippon India Nifty Midcap 150 Idx Dir Gr	INF204KB18Z7	United Breweries Ltd	Consumer Defensive	6.72	0.31	1.39	Oct24	5.55
Nippon India Nifty Midcap 150 Idx Dir Gr	INF204KB18Z7	United Breweries Ltd	Consumer Defensive	6.72	0.31	1.39	Nov24	7.52
Nippon India Nifty Midcap 150 Idx Dir Gr	INF204KB18Z7	United Breweries Ltd	Consumer Defensive	6.72	0.31	1.39	Dec24	3.56
Nippon India Nifty Midcap 150 Idx Dir Gr	INF204KB18Z7	United Breweries Ltd	Consumer Defensive	6.72	0.31	1.39	Jan25	5.32
Nippon India Nifty Midcap 150 Idx Dir Gr	INF204KB18Z7	United Breweries Ltd	Consumer Defensive	6.72	0.31	1.39	Feb25	5.59
Nippon India Nifty Midcap 150 Idx Dir Gr	INF204KB18Z7	United Breweries Ltd	Consumer Defensive	6.72	0.31	1.39	Mar25	15.51
Nippon India Nifty Midcap 150 Idx Dir Gr	INF204KB18Z7	United Breweries Ltd	Consumer Defensive	6.72	0.31	1.39	Mar25	15.51
Nippon India Nifty Midcap 150 Idx Dir Gr	INF204KB18Z7	United Breweries Ltd	Consumer Defensive	6.72	0.31	1.39	Apr25	12.51
Nippon India Nifty Midcap 150 Idx Dir Gr	INF204KB18Z7	United Breweries Ltd	Consumer Defensive	6.72	0.31	1.39	May25	11.15
Nippon India Nifty Midcap 150 Idx Dir Gr	INF204KB18Z7	United Breweries Ltd	Consumer Defensive	6.72	0.31	1.39	June25	10.18
Nippon India Nifty Midcap 150 Idx Dir Gr	INF204KB18Z7	United Breweries Ltd	Consumer Defensive	6.72	0.31	1.39	July25	9.19
Nippon India Nifty Midcap 150 Idx Dir Gr	INF204KB18Z7	United Breweries Ltd	Consumer Defensive	6.72	0.31	1.39	Aug25	8.13
Nippon India Nifty Midcap 150 Idx Dir Gr	INF204KB18Z7	Motilal Oswal Financial Services Ltd	Financial Services	6.52	0.30	1.39	Oct24	5.55
Nippon India Nifty Midcap 150 Idx Dir Gr	INF204KB18Z7	Motilal Oswal Financial Services Ltd	Financial Services	6.52	0.30	1.39	Nov24	7.52
Nippon India Nifty Midcap 150 Idx Dir Gr	INF204KB18Z7	Motilal Oswal Financial Services Ltd	Financial Services	6.52	0.30	1.39	Dec24	3.56
Nippon India Nifty Midcap 150 Idx Dir Gr	INF204KB18Z7	Motilal Oswal Financial Services Ltd	Financial Services	6.52	0.30	1.39	Jan25	5.32
Nippon India Nifty Midcap 150 Idx Dir Gr	INF204KB18Z7	Motilal Oswal Financial Services Ltd	Financial Services	6.52	0.30	1.39	Feb25	5.59
Nippon India Nifty Midcap 150 Idx Dir Gr	INF204KB18Z7	Motilal Oswal Financial Services Ltd	Financial Services	6.52	0.30	1.39	Mar25	15.51
Nippon India Nifty Midcap 150 Idx Dir Gr	INF204KB18Z7	Motilal Oswal Financial Services Ltd	Financial Services	6.52	0.30	1.39	Mar25	15.51
Nippon India Nifty Midcap 150 Idx Dir Gr	INF204KB18Z7	Motilal Oswal Financial Services Ltd	Financial Services	6.52	0.30	1.39	Apr25	12.51
Nippon India Nifty Midcap 150 Idx Dir Gr	INF204KB18Z7	Motilal Oswal Financial Services Ltd	Financial Services	6.52	0.30	1.39	May25	11.15
Nippon India Nifty Midcap 150 Idx Dir Gr	INF204KB18Z7	Motilal Oswal Financial Services Ltd	Financial Services	6.52	0.30	1.39	June25	10.18
Nippon India Nifty Midcap 150 Idx Dir Gr	INF204KB18Z7	Motilal Oswal Financial Services Ltd	Financial Services	6.52	0.30	1.39	July25	9.19
Nippon India Nifty Midcap 150 Idx Dir Gr	INF204KB18Z7	Motilal Oswal Financial Services Ltd	Financial Services	6.52	0.30	1.39	Aug25	8.13
Nippon India Nifty Midcap 150 Idx Dir Gr	INF204KB18Z7	Deepak Nitrite Ltd	Basic Materials	6.30	0.29	1.39	Oct24	5.55
Nippon India Nifty Midcap 150 Idx Dir Gr	INF204KB18Z7	Deepak Nitrite Ltd	Basic Materials	6.30	0.29	1.39	Nov24	7.52
Nippon India Nifty Midcap 150 Idx Dir Gr	INF204KB18Z7	Deepak Nitrite Ltd	Basic Materials	6.30	0.29	1.39	Dec24	3.56
Nippon India Nifty Midcap 150 Idx Dir Gr	INF204KB18Z7	Deepak Nitrite Ltd	Basic Materials	6.30	0.29	1.39	Jan25	5.32
Nippon India Nifty Midcap 150 Idx Dir Gr	INF204KB18Z7	Deepak Nitrite Ltd	Basic Materials	6.30	0.29	1.39	Feb25	5.59
Nippon India Nifty Midcap 150 Idx Dir Gr	INF204KB18Z7	Deepak Nitrite Ltd	Basic Materials	6.30	0.29	1.39	Mar25	15.51
Nippon India Nifty Midcap 150 Idx Dir Gr	INF204KB18Z7	Deepak Nitrite Ltd	Basic Materials	6.30	0.29	1.39	Mar25	15.51
Nippon India Nifty Midcap 150 Idx Dir Gr	INF204KB18Z7	Deepak Nitrite Ltd	Basic Materials	6.30	0.29	1.39	Apr25	12.51
Nippon India Nifty Midcap 150 Idx Dir Gr	INF204KB18Z7	Deepak Nitrite Ltd	Basic Materials	6.30	0.29	1.39	May25	11.15
Nippon India Nifty Midcap 150 Idx Dir Gr	INF204KB18Z7	Deepak Nitrite Ltd	Basic Materials	6.30	0.29	1.39	June25	10.18
Nippon India Nifty Midcap 150 Idx Dir Gr	INF204KB18Z7	Deepak Nitrite Ltd	Basic Materials	6.30	0.29	1.39	July25	9.19
Nippon India Nifty Midcap 150 Idx Dir Gr	INF204KB18Z7	Deepak Nitrite Ltd	Basic Materials	6.30	0.29	1.39	Aug25	8.13
Nippon India Nifty Midcap 150 Idx Dir Gr	INF204KB18Z7	Procter & Gamble Hygiene and Health Care Ltd	Consumer Defensive	6.23	0.28	1.39	Oct24	5.55
Nippon India Nifty Midcap 150 Idx Dir Gr	INF204KB18Z7	Procter & Gamble Hygiene and Health Care Ltd	Consumer Defensive	6.23	0.28	1.39	Nov24	7.52
Nippon India Nifty Midcap 150 Idx Dir Gr	INF204KB18Z7	Procter & Gamble Hygiene and Health Care Ltd	Consumer Defensive	6.23	0.28	1.39	Dec24	3.56
Nippon India Nifty Midcap 150 Idx Dir Gr	INF204KB18Z7	Procter & Gamble Hygiene and Health Care Ltd	Consumer Defensive	6.23	0.28	1.39	Jan25	5.32
Nippon India Nifty Midcap 150 Idx Dir Gr	INF204KB18Z7	Procter & Gamble Hygiene and Health Care Ltd	Consumer Defensive	6.23	0.28	1.39	Feb25	5.59
Nippon India Nifty Midcap 150 Idx Dir Gr	INF204KB18Z7	Procter & Gamble Hygiene and Health Care Ltd	Consumer Defensive	6.23	0.28	1.39	Mar25	15.51
Nippon India Nifty Midcap 150 Idx Dir Gr	INF204KB18Z7	Procter & Gamble Hygiene and Health Care Ltd	Consumer Defensive	6.23	0.28	1.39	Mar25	15.51
Nippon India Nifty Midcap 150 Idx Dir Gr	INF204KB18Z7	Procter & Gamble Hygiene and Health Care Ltd	Consumer Defensive	6.23	0.28	1.39	Apr25	12.51
Nippon India Nifty Midcap 150 Idx Dir Gr	INF204KB18Z7	Procter & Gamble Hygiene and Health Care Ltd	Consumer Defensive	6.23	0.28	1.39	May25	11.15
Nippon India Nifty Midcap 150 Idx Dir Gr	INF204KB18Z7	Procter & Gamble Hygiene and Health Care Ltd	Consumer Defensive	6.23	0.28	1.39	June25	10.18
Nippon India Nifty Midcap 150 Idx Dir Gr	INF204KB18Z7	Procter & Gamble Hygiene and Health Care Ltd	Consumer Defensive	6.23	0.28	1.39	July25	9.19
Nippon India Nifty Midcap 150 Idx Dir Gr	INF204KB18Z7	Procter & Gamble Hygiene and Health Care Ltd	Consumer Defensive	6.23	0.28	1.39	Aug25	8.13
Nippon India Nifty Midcap 150 Idx Dir Gr	INF204KB18Z7	CRISIL Ltd	Financial Services	6.19	0.28	1.39	Oct24	5.55
Nippon India Nifty Midcap 150 Idx Dir Gr	INF204KB18Z7	CRISIL Ltd	Financial Services	6.19	0.28	1.39	Nov24	7.52
Nippon India Nifty Midcap 150 Idx Dir Gr	INF204KB18Z7	CRISIL Ltd	Financial Services	6.19	0.28	1.39	Dec24	3.56
Nippon India Nifty Midcap 150 Idx Dir Gr	INF204KB18Z7	CRISIL Ltd	Financial Services	6.19	0.28	1.39	Jan25	5.32
Nippon India Nifty Midcap 150 Idx Dir Gr	INF204KB18Z7	CRISIL Ltd	Financial Services	6.19	0.28	1.39	Feb25	5.59
Nippon India Nifty Midcap 150 Idx Dir Gr	INF204KB18Z7	CRISIL Ltd	Financial Services	6.19	0.28	1.39	Mar25	15.51
Nippon India Nifty Midcap 150 Idx Dir Gr	INF204KB18Z7	CRISIL Ltd	Financial Services	6.19	0.28	1.39	Mar25	15.51
Nippon India Nifty Midcap 150 Idx Dir Gr	INF204KB18Z7	CRISIL Ltd	Financial Services	6.19	0.28	1.39	Apr25	12.51
Nippon India Nifty Midcap 150 Idx Dir Gr	INF204KB18Z7	CRISIL Ltd	Financial Services	6.19	0.28	1.39	May25	11.15
Nippon India Nifty Midcap 150 Idx Dir Gr	INF204KB18Z7	CRISIL Ltd	Financial Services	6.19	0.28	1.39	June25	10.18
Nippon India Nifty Midcap 150 Idx Dir Gr	INF204KB18Z7	CRISIL Ltd	Financial Services	6.19	0.28	1.39	July25	9.19
Nippon India Nifty Midcap 150 Idx Dir Gr	INF204KB18Z7	CRISIL Ltd	Financial Services	6.19	0.28	1.39	Aug25	8.13
Nippon India Nifty Midcap 150 Idx Dir Gr	INF204KB18Z7	GlaxoSmithKline Pharmaceuticals Ltd	Healthcare	6.17	0.28	1.39	Oct24	5.55
Nippon India Nifty Midcap 150 Idx Dir Gr	INF204KB18Z7	GlaxoSmithKline Pharmaceuticals Ltd	Healthcare	6.17	0.28	1.39	Nov24	7.52
Nippon India Nifty Midcap 150 Idx Dir Gr	INF204KB18Z7	GlaxoSmithKline Pharmaceuticals Ltd	Healthcare	6.17	0.28	1.39	Dec24	3.56
Nippon India Nifty Midcap 150 Idx Dir Gr	INF204KB18Z7	GlaxoSmithKline Pharmaceuticals Ltd	Healthcare	6.17	0.28	1.39	Jan25	5.32
Nippon India Nifty Midcap 150 Idx Dir Gr	INF204KB18Z7	GlaxoSmithKline Pharmaceuticals Ltd	Healthcare	6.17	0.28	1.39	Feb25	5.59
Nippon India Nifty Midcap 150 Idx Dir Gr	INF204KB18Z7	GlaxoSmithKline Pharmaceuticals Ltd	Healthcare	6.17	0.28	1.39	Mar25	15.51
Nippon India Nifty Midcap 150 Idx Dir Gr	INF204KB18Z7	GlaxoSmithKline Pharmaceuticals Ltd	Healthcare	6.17	0.28	1.39	Mar25	15.51
Nippon India Nifty Midcap 150 Idx Dir Gr	INF204KB18Z7	GlaxoSmithKline Pharmaceuticals Ltd	Healthcare	6.17	0.28	1.39	Apr25	12.51
Nippon India Nifty Midcap 150 Idx Dir Gr	INF204KB18Z7	GlaxoSmithKline Pharmaceuticals Ltd	Healthcare	6.17	0.28	1.39	May25	11.15
Nippon India Nifty Midcap 150 Idx Dir Gr	INF204KB18Z7	GlaxoSmithKline Pharmaceuticals Ltd	Healthcare	6.17	0.28	1.39	June25	10.18
Nippon India Nifty Midcap 150 Idx Dir Gr	INF204KB18Z7	GlaxoSmithKline Pharmaceuticals Ltd	Healthcare	6.17	0.28	1.39	July25	9.19
Nippon India Nifty Midcap 150 Idx Dir Gr	INF204KB18Z7	GlaxoSmithKline Pharmaceuticals Ltd	Healthcare	6.17	0.28	1.39	Aug25	8.13
Nippon India Nifty Midcap 150 Idx Dir Gr	INF204KB18Z7	3M India Ltd	Industrials	6.14	0.28	1.36	Oct24	5.55
Nippon India Nifty Midcap 150 Idx Dir Gr	INF204KB18Z7	3M India Ltd	Industrials	6.14	0.28	1.36	Nov24	7.52
Nippon India Nifty Midcap 150 Idx Dir Gr	INF204KB18Z7	3M India Ltd	Industrials	6.14	0.28	1.36	Dec24	3.56
Nippon India Nifty Midcap 150 Idx Dir Gr	INF204KB18Z7	3M India Ltd	Industrials	6.14	0.28	1.36	Jan25	5.32
Nippon India Nifty Midcap 150 Idx Dir Gr	INF204KB18Z7	3M India Ltd	Industrials	6.14	0.28	1.36	Feb25	5.59
Nippon India Nifty Midcap 150 Idx Dir Gr	INF204KB18Z7	3M India Ltd	Industrials	6.14	0.28	1.36	Mar25	15.51
Nippon India Nifty Midcap 150 Idx Dir Gr	INF204KB18Z7	3M India Ltd	Industrials	6.14	0.28	1.36	Mar25	15.51
Nippon India Nifty Midcap 150 Idx Dir Gr	INF204KB18Z7	3M India Ltd	Industrials	6.14	0.28	1.36	Apr25	12.51
Nippon India Nifty Midcap 150 Idx Dir Gr	INF204KB18Z7	3M India Ltd	Industrials	6.14	0.28	1.36	May25	11.15
Nippon India Nifty Midcap 150 Idx Dir Gr	INF204KB18Z7	3M India Ltd	Industrials	6.14	0.28	1.36	June25	10.18
Nippon India Nifty Midcap 150 Idx Dir Gr	INF204KB18Z7	3M India Ltd	Industrials	6.14	0.28	1.36	July25	9.19
Nippon India Nifty Midcap 150 Idx Dir Gr	INF204KB18Z7	3M India Ltd	Industrials	6.14	0.28	1.36	Aug25	8.13
Nippon India Nifty Midcap 150 Idx Dir Gr	INF204KB18Z7	K.P.R. Mill Ltd	Consumer Cyclical	6.01	0.27	1.39	Oct24	5.55
Nippon India Nifty Midcap 150 Idx Dir Gr	INF204KB18Z7	K.P.R. Mill Ltd	Consumer Cyclical	6.01	0.27	1.39	Nov24	7.52
Nippon India Nifty Midcap 150 Idx Dir Gr	INF204KB18Z7	K.P.R. Mill Ltd	Consumer Cyclical	6.01	0.27	1.39	Dec24	3.56
Nippon India Nifty Midcap 150 Idx Dir Gr	INF204KB18Z7	K.P.R. Mill Ltd	Consumer Cyclical	6.01	0.27	1.39	Jan25	5.32
Nippon India Nifty Midcap 150 Idx Dir Gr	INF204KB18Z7	K.P.R. Mill Ltd	Consumer Cyclical	6.01	0.27	1.39	Feb25	5.59
Nippon India Nifty Midcap 150 Idx Dir Gr	INF204KB18Z7	K.P.R. Mill Ltd	Consumer Cyclical	6.01	0.27	1.39	Mar25	15.51
Nippon India Nifty Midcap 150 Idx Dir Gr	INF204KB18Z7	K.P.R. Mill Ltd	Consumer Cyclical	6.01	0.27	1.39	Mar25	15.51
Nippon India Nifty Midcap 150 Idx Dir Gr	INF204KB18Z7	K.P.R. Mill Ltd	Consumer Cyclical	6.01	0.27	1.39	Apr25	12.51
Nippon India Nifty Midcap 150 Idx Dir Gr	INF204KB18Z7	K.P.R. Mill Ltd	Consumer Cyclical	6.01	0.27	1.39	May25	11.15
Nippon India Nifty Midcap 150 Idx Dir Gr	INF204KB18Z7	K.P.R. Mill Ltd	Consumer Cyclical	6.01	0.27	1.39	June25	10.18
Nippon India Nifty Midcap 150 Idx Dir Gr	INF204KB18Z7	K.P.R. Mill Ltd	Consumer Cyclical	6.01	0.27	1.39	July25	9.19
Nippon India Nifty Midcap 150 Idx Dir Gr	INF204KB18Z7	K.P.R. Mill Ltd	Consumer Cyclical	6.01	0.27	1.39	Aug25	8.13
Nippon India Nifty Midcap 150 Idx Dir Gr	INF204KB18Z7	Tata Technologies Ltd	Technology	5.83	0.27	1.39	Oct24	5.55
Nippon India Nifty Midcap 150 Idx Dir Gr	INF204KB18Z7	Tata Technologies Ltd	Technology	5.83	0.27	1.39	Nov24	7.52
Nippon India Nifty Midcap 150 Idx Dir Gr	INF204KB18Z7	Tata Technologies Ltd	Technology	5.83	0.27	1.39	Dec24	3.56
Nippon India Nifty Midcap 150 Idx Dir Gr	INF204KB18Z7	Tata Technologies Ltd	Technology	5.83	0.27	1.39	Jan25	5.32
Nippon India Nifty Midcap 150 Idx Dir Gr	INF204KB18Z7	Tata Technologies Ltd	Technology	5.83	0.27	1.39	Feb25	5.59
Nippon India Nifty Midcap 150 Idx Dir Gr	INF204KB18Z7	Tata Technologies Ltd	Technology	5.83	0.27	1.39	Mar25	15.51
Nippon India Nifty Midcap 150 Idx Dir Gr	INF204KB18Z7	Tata Technologies Ltd	Technology	5.83	0.27	1.39	Mar25	15.51
Nippon India Nifty Midcap 150 Idx Dir Gr	INF204KB18Z7	Tata Technologies Ltd	Technology	5.83	0.27	1.39	Apr25	12.51
Nippon India Nifty Midcap 150 Idx Dir Gr	INF204KB18Z7	Tata Technologies Ltd	Technology	5.83	0.27	1.39	May25	11.15
Nippon India Nifty Midcap 150 Idx Dir Gr	INF204KB18Z7	Tata Technologies Ltd	Technology	5.83	0.27	1.39	June25	10.18
Nippon India Nifty Midcap 150 Idx Dir Gr	INF204KB18Z7	Tata Technologies Ltd	Technology	5.83	0.27	1.39	July25	9.19
Nippon India Nifty Midcap 150 Idx Dir Gr	INF204KB18Z7	Tata Technologies Ltd	Technology	5.83	0.27	1.39	Aug25	8.13
Nippon India Nifty Midcap 150 Idx Dir Gr	INF204KB18Z7	Indian Renewable Energy Development Agency Ltd	Financial Services	5.64	0.26	1.39	Oct24	5.55
Nippon India Nifty Midcap 150 Idx Dir Gr	INF204KB18Z7	Indian Renewable Energy Development Agency Ltd	Financial Services	5.64	0.26	1.39	Nov24	7.52
Nippon India Nifty Midcap 150 Idx Dir Gr	INF204KB18Z7	Indian Renewable Energy Development Agency Ltd	Financial Services	5.64	0.26	1.39	Dec24	3.56
Nippon India Nifty Midcap 150 Idx Dir Gr	INF204KB18Z7	Indian Renewable Energy Development Agency Ltd	Financial Services	5.64	0.26	1.39	Jan25	5.32
Nippon India Nifty Midcap 150 Idx Dir Gr	INF204KB18Z7	Indian Renewable Energy Development Agency Ltd	Financial Services	5.64	0.26	1.39	Feb25	5.59
Nippon India Nifty Midcap 150 Idx Dir Gr	INF204KB18Z7	Indian Renewable Energy Development Agency Ltd	Financial Services	5.64	0.26	1.39	Mar25	15.51
Nippon India Nifty Midcap 150 Idx Dir Gr	INF204KB18Z7	Indian Renewable Energy Development Agency Ltd	Financial Services	5.64	0.26	1.39	Mar25	15.51
Nippon India Nifty Midcap 150 Idx Dir Gr	INF204KB18Z7	Indian Renewable Energy Development Agency Ltd	Financial Services	5.64	0.26	1.39	Apr25	12.51
Nippon India Nifty Midcap 150 Idx Dir Gr	INF204KB18Z7	Indian Renewable Energy Development Agency Ltd	Financial Services	5.64	0.26	1.39	May25	11.15
Nippon India Nifty Midcap 150 Idx Dir Gr	INF204KB18Z7	Indian Renewable Energy Development Agency Ltd	Financial Services	5.64	0.26	1.39	June25	10.18
Nippon India Nifty Midcap 150 Idx Dir Gr	INF204KB18Z7	Indian Renewable Energy Development Agency Ltd	Financial Services	5.64	0.26	1.39	July25	9.19
Nippon India Nifty Midcap 150 Idx Dir Gr	INF204KB18Z7	Indian Renewable Energy Development Agency Ltd	Financial Services	5.64	0.26	1.39	Aug25	8.13
Nippon India Nifty Midcap 150 Idx Dir Gr	INF204KB18Z7	ACC Ltd	Basic Materials	5.63	0.26	1.39	Oct24	5.55
Nippon India Nifty Midcap 150 Idx Dir Gr	INF204KB18Z7	ACC Ltd	Basic Materials	5.63	0.26	1.39	Nov24	7.52
Nippon India Nifty Midcap 150 Idx Dir Gr	INF204KB18Z7	ACC Ltd	Basic Materials	5.63	0.26	1.39	Dec24	3.56
Nippon India Nifty Midcap 150 Idx Dir Gr	INF204KB18Z7	ACC Ltd	Basic Materials	5.63	0.26	1.39	Jan25	5.32
Nippon India Nifty Midcap 150 Idx Dir Gr	INF204KB18Z7	ACC Ltd	Basic Materials	5.63	0.26	1.39	Feb25	5.59
Nippon India Nifty Midcap 150 Idx Dir Gr	INF204KB18Z7	ACC Ltd	Basic Materials	5.63	0.26	1.39	Mar25	15.51
Nippon India Nifty Midcap 150 Idx Dir Gr	INF204KB18Z7	ACC Ltd	Basic Materials	5.63	0.26	1.39	Mar25	15.51
Nippon India Nifty Midcap 150 Idx Dir Gr	INF204KB18Z7	ACC Ltd	Basic Materials	5.63	0.26	1.39	Apr25	12.51
Nippon India Nifty Midcap 150 Idx Dir Gr	INF204KB18Z7	ACC Ltd	Basic Materials	5.63	0.26	1.39	May25	11.15
Nippon India Nifty Midcap 150 Idx Dir Gr	INF204KB18Z7	ACC Ltd	Basic Materials	5.63	0.26	1.39	June25	10.18
Nippon India Nifty Midcap 150 Idx Dir Gr	INF204KB18Z7	ACC Ltd	Basic Materials	5.63	0.26	1.39	July25	9.19
Nippon India Nifty Midcap 150 Idx Dir Gr	INF204KB18Z7	ACC Ltd	Basic Materials	5.63	0.26	1.39	Aug25	8.13
Nippon India Nifty Midcap 150 Idx Dir Gr	INF204KB18Z7	L&T Technology Services Ltd	Technology	5.61	0.26	1.39	Oct24	5.55
Nippon India Nifty Midcap 150 Idx Dir Gr	INF204KB18Z7	L&T Technology Services Ltd	Technology	5.61	0.26	1.39	Nov24	7.52
Nippon India Nifty Midcap 150 Idx Dir Gr	INF204KB18Z7	L&T Technology Services Ltd	Technology	5.61	0.26	1.39	Dec24	3.56
Nippon India Nifty Midcap 150 Idx Dir Gr	INF204KB18Z7	L&T Technology Services Ltd	Technology	5.61	0.26	1.39	Jan25	5.32
Nippon India Nifty Midcap 150 Idx Dir Gr	INF204KB18Z7	L&T Technology Services Ltd	Technology	5.61	0.26	1.39	Feb25	5.59
Nippon India Nifty Midcap 150 Idx Dir Gr	INF204KB18Z7	L&T Technology Services Ltd	Technology	5.61	0.26	1.39	Mar25	15.51
Nippon India Nifty Midcap 150 Idx Dir Gr	INF204KB18Z7	L&T Technology Services Ltd	Technology	5.61	0.26	1.39	Mar25	15.51
Nippon India Nifty Midcap 150 Idx Dir Gr	INF204KB18Z7	L&T Technology Services Ltd	Technology	5.61	0.26	1.39	Apr25	12.51
Nippon India Nifty Midcap 150 Idx Dir Gr	INF204KB18Z7	L&T Technology Services Ltd	Technology	5.61	0.26	1.39	May25	11.15
Nippon India Nifty Midcap 150 Idx Dir Gr	INF204KB18Z7	L&T Technology Services Ltd	Technology	5.61	0.26	1.39	June25	10.18
Nippon India Nifty Midcap 150 Idx Dir Gr	INF204KB18Z7	L&T Technology Services Ltd	Technology	5.61	0.26	1.39	July25	9.19
Nippon India Nifty Midcap 150 Idx Dir Gr	INF204KB18Z7	L&T Technology Services Ltd	Technology	5.61	0.26	1.39	Aug25	8.13
Nippon India Nifty Midcap 150 Idx Dir Gr	INF204KB18Z7	Global Health Ltd	Healthcare	5.59	0.26	1.39	Oct24	5.55
Nippon India Nifty Midcap 150 Idx Dir Gr	INF204KB18Z7	Global Health Ltd	Healthcare	5.59	0.26	1.39	Nov24	7.52
Nippon India Nifty Midcap 150 Idx Dir Gr	INF204KB18Z7	Global Health Ltd	Healthcare	5.59	0.26	1.39	Dec24	3.56
Nippon India Nifty Midcap 150 Idx Dir Gr	INF204KB18Z7	Global Health Ltd	Healthcare	5.59	0.26	1.39	Jan25	5.32
Nippon India Nifty Midcap 150 Idx Dir Gr	INF204KB18Z7	Global Health Ltd	Healthcare	5.59	0.26	1.39	Feb25	5.59
Nippon India Nifty Midcap 150 Idx Dir Gr	INF204KB18Z7	Global Health Ltd	Healthcare	5.59	0.26	1.39	Mar25	15.51
Nippon India Nifty Midcap 150 Idx Dir Gr	INF204KB18Z7	Global Health Ltd	Healthcare	5.59	0.26	1.39	Mar25	15.51
Nippon India Nifty Midcap 150 Idx Dir Gr	INF204KB18Z7	Global Health Ltd	Healthcare	5.59	0.26	1.39	Apr25	12.51
Nippon India Nifty Midcap 150 Idx Dir Gr	INF204KB18Z7	Global Health Ltd	Healthcare	5.59	0.26	1.39	May25	11.15
Nippon India Nifty Midcap 150 Idx Dir Gr	INF204KB18Z7	Global Health Ltd	Healthcare	5.59	0.26	1.39	June25	10.18
Nippon India Nifty Midcap 150 Idx Dir Gr	INF204KB18Z7	Global Health Ltd	Healthcare	5.59	0.26	1.39	July25	9.19
Nippon India Nifty Midcap 150 Idx Dir Gr	INF204KB18Z7	Global Health Ltd	Healthcare	5.59	0.26	1.39	Aug25	8.13
Nippon India Nifty Midcap 150 Idx Dir Gr	INF204KB18Z7	Endurance Technologies Ltd	Consumer Cyclical	5.44	0.25	1.39	Oct24	5.55
Nippon India Nifty Midcap 150 Idx Dir Gr	INF204KB18Z7	Endurance Technologies Ltd	Consumer Cyclical	5.44	0.25	1.39	Nov24	7.52
Nippon India Nifty Midcap 150 Idx Dir Gr	INF204KB18Z7	Endurance Technologies Ltd	Consumer Cyclical	5.44	0.25	1.39	Dec24	3.56
Nippon India Nifty Midcap 150 Idx Dir Gr	INF204KB18Z7	Endurance Technologies Ltd	Consumer Cyclical	5.44	0.25	1.39	Jan25	5.32
Nippon India Nifty Midcap 150 Idx Dir Gr	INF204KB18Z7	Endurance Technologies Ltd	Consumer Cyclical	5.44	0.25	1.39	Feb25	5.59
Nippon India Nifty Midcap 150 Idx Dir Gr	INF204KB18Z7	Endurance Technologies Ltd	Consumer Cyclical	5.44	0.25	1.39	Mar25	15.51
Nippon India Nifty Midcap 150 Idx Dir Gr	INF204KB18Z7	Endurance Technologies Ltd	Consumer Cyclical	5.44	0.25	1.39	Mar25	15.51
Nippon India Nifty Midcap 150 Idx Dir Gr	INF204KB18Z7	Endurance Technologies Ltd	Consumer Cyclical	5.44	0.25	1.39	Apr25	12.51
Nippon India Nifty Midcap 150 Idx Dir Gr	INF204KB18Z7	Endurance Technologies Ltd	Consumer Cyclical	5.44	0.25	1.39	May25	11.15
Nippon India Nifty Midcap 150 Idx Dir Gr	INF204KB18Z7	Endurance Technologies Ltd	Consumer Cyclical	5.44	0.25	1.39	June25	10.18
Nippon India Nifty Midcap 150 Idx Dir Gr	INF204KB18Z7	Endurance Technologies Ltd	Consumer Cyclical	5.44	0.25	1.39	July25	9.19
Nippon India Nifty Midcap 150 Idx Dir Gr	INF204KB18Z7	Endurance Technologies Ltd	Consumer Cyclical	5.44	0.25	1.39	Aug25	8.13
Nippon India Nifty Midcap 150 Idx Dir Gr	INF204KB18Z7	Housing & Urban Development Corp Ltd	Financial Services	5.44	0.25	1.39	Oct24	5.55
Nippon India Nifty Midcap 150 Idx Dir Gr	INF204KB18Z7	Housing & Urban Development Corp Ltd	Financial Services	5.44	0.25	1.39	Nov24	7.52
Nippon India Nifty Midcap 150 Idx Dir Gr	INF204KB18Z7	Housing & Urban Development Corp Ltd	Financial Services	5.44	0.25	1.39	Dec24	3.56
Nippon India Nifty Midcap 150 Idx Dir Gr	INF204KB18Z7	Housing & Urban Development Corp Ltd	Financial Services	5.44	0.25	1.39	Jan25	5.32
Nippon India Nifty Midcap 150 Idx Dir Gr	INF204KB18Z7	Housing & Urban Development Corp Ltd	Financial Services	5.44	0.25	1.39	Feb25	5.59
Nippon India Nifty Midcap 150 Idx Dir Gr	INF204KB18Z7	Housing & Urban Development Corp Ltd	Financial Services	5.44	0.25	1.39	Mar25	15.51
Nippon India Nifty Midcap 150 Idx Dir Gr	INF204KB18Z7	Housing & Urban Development Corp Ltd	Financial Services	5.44	0.25	1.39	Mar25	15.51
Nippon India Nifty Midcap 150 Idx Dir Gr	INF204KB18Z7	Housing & Urban Development Corp Ltd	Financial Services	5.44	0.25	1.39	Apr25	12.51
Nippon India Nifty Midcap 150 Idx Dir Gr	INF204KB18Z7	Housing & Urban Development Corp Ltd	Financial Services	5.44	0.25	1.39	May25	11.15
Nippon India Nifty Midcap 150 Idx Dir Gr	INF204KB18Z7	Housing & Urban Development Corp Ltd	Financial Services	5.44	0.25	1.39	June25	10.18
Nippon India Nifty Midcap 150 Idx Dir Gr	INF204KB18Z7	Housing & Urban Development Corp Ltd	Financial Services	5.44	0.25	1.39	July25	9.19
Nippon India Nifty Midcap 150 Idx Dir Gr	INF204KB18Z7	Housing & Urban Development Corp Ltd	Financial Services	5.44	0.25	1.39	Aug25	8.13
Nippon India Nifty Midcap 150 Idx Dir Gr	INF204KB18Z7	AWL Agri Business Ltd	Consumer Defensive	5.11	0.23	1.39	Oct24	5.55
Nippon India Nifty Midcap 150 Idx Dir Gr	INF204KB18Z7	AWL Agri Business Ltd	Consumer Defensive	5.11	0.23	1.39	Nov24	7.52
Nippon India Nifty Midcap 150 Idx Dir Gr	INF204KB18Z7	AWL Agri Business Ltd	Consumer Defensive	5.11	0.23	1.39	Dec24	3.56
Nippon India Nifty Midcap 150 Idx Dir Gr	INF204KB18Z7	AWL Agri Business Ltd	Consumer Defensive	5.11	0.23	1.39	Jan25	5.32
Nippon India Nifty Midcap 150 Idx Dir Gr	INF204KB18Z7	AWL Agri Business Ltd	Consumer Defensive	5.11	0.23	1.39	Feb25	5.59
Nippon India Nifty Midcap 150 Idx Dir Gr	INF204KB18Z7	AWL Agri Business Ltd	Consumer Defensive	5.11	0.23	1.39	Mar25	15.51
Nippon India Nifty Midcap 150 Idx Dir Gr	INF204KB18Z7	AWL Agri Business Ltd	Consumer Defensive	5.11	0.23	1.39	Mar25	15.51
Nippon India Nifty Midcap 150 Idx Dir Gr	INF204KB18Z7	AWL Agri Business Ltd	Consumer Defensive	5.11	0.23	1.39	Apr25	12.51
Nippon India Nifty Midcap 150 Idx Dir Gr	INF204KB18Z7	AWL Agri Business Ltd	Consumer Defensive	5.11	0.23	1.39	May25	11.15
Nippon India Nifty Midcap 150 Idx Dir Gr	INF204KB18Z7	AWL Agri Business Ltd	Consumer Defensive	5.11	0.23	1.39	June25	10.18
Nippon India Nifty Midcap 150 Idx Dir Gr	INF204KB18Z7	AWL Agri Business Ltd	Consumer Defensive	5.11	0.23	1.39	July25	9.19
Nippon India Nifty Midcap 150 Idx Dir Gr	INF204KB18Z7	AWL Agri Business Ltd	Consumer Defensive	5.11	0.23	1.39	Aug25	8.13
Nippon India Nifty Midcap 150 Idx Dir Gr	INF204KB18Z7	Godfrey Phillips India Ltd	Consumer Defensive	5.00	0.23	1.39	Oct24	5.55
Nippon India Nifty Midcap 150 Idx Dir Gr	INF204KB18Z7	Godfrey Phillips India Ltd	Consumer Defensive	5.00	0.23	1.39	Nov24	7.52
Nippon India Nifty Midcap 150 Idx Dir Gr	INF204KB18Z7	Godfrey Phillips India Ltd	Consumer Defensive	5.00	0.23	1.39	Dec24	3.56
Nippon India Nifty Midcap 150 Idx Dir Gr	INF204KB18Z7	Godfrey Phillips India Ltd	Consumer Defensive	5.00	0.23	1.39	Jan25	5.32
Nippon India Nifty Midcap 150 Idx Dir Gr	INF204KB18Z7	Godfrey Phillips India Ltd	Consumer Defensive	5.00	0.23	1.39	Feb25	5.59
Nippon India Nifty Midcap 150 Idx Dir Gr	INF204KB18Z7	Godfrey Phillips India Ltd	Consumer Defensive	5.00	0.23	1.39	Mar25	15.51
Nippon India Nifty Midcap 150 Idx Dir Gr	INF204KB18Z7	Godfrey Phillips India Ltd	Consumer Defensive	5.00	0.23	1.39	Mar25	15.51
Nippon India Nifty Midcap 150 Idx Dir Gr	INF204KB18Z7	Godfrey Phillips India Ltd	Consumer Defensive	5.00	0.23	1.39	Apr25	12.51
Nippon India Nifty Midcap 150 Idx Dir Gr	INF204KB18Z7	Godfrey Phillips India Ltd	Consumer Defensive	5.00	0.23	1.39	May25	11.15
Nippon India Nifty Midcap 150 Idx Dir Gr	INF204KB18Z7	Godfrey Phillips India Ltd	Consumer Defensive	5.00	0.23	1.39	June25	10.18
Nippon India Nifty Midcap 150 Idx Dir Gr	INF204KB18Z7	Godfrey Phillips India Ltd	Consumer Defensive	5.00	0.23	1.39	July25	9.19
Nippon India Nifty Midcap 150 Idx Dir Gr	INF204KB18Z7	Godfrey Phillips India Ltd	Consumer Defensive	5.00	0.23	1.39	Aug25	8.13
Nippon India Nifty Midcap 150 Idx Dir Gr	INF204KB18Z7	Tata Investment Corp Ltd	Financial Services	4.97	0.23	1.39	Oct24	5.55
Nippon India Nifty Midcap 150 Idx Dir Gr	INF204KB18Z7	Tata Investment Corp Ltd	Financial Services	4.97	0.23	1.39	Nov24	7.52
Nippon India Nifty Midcap 150 Idx Dir Gr	INF204KB18Z7	Tata Investment Corp Ltd	Financial Services	4.97	0.23	1.39	Dec24	3.56
Nippon India Nifty Midcap 150 Idx Dir Gr	INF204KB18Z7	Tata Investment Corp Ltd	Financial Services	4.97	0.23	1.39	Jan25	5.32
Nippon India Nifty Midcap 150 Idx Dir Gr	INF204KB18Z7	Tata Investment Corp Ltd	Financial Services	4.97	0.23	1.39	Feb25	5.59
Nippon India Nifty Midcap 150 Idx Dir Gr	INF204KB18Z7	Tata Investment Corp Ltd	Financial Services	4.97	0.23	1.39	Mar25	15.51
Nippon India Nifty Midcap 150 Idx Dir Gr	INF204KB18Z7	Tata Investment Corp Ltd	Financial Services	4.97	0.23	1.39	Mar25	15.51
Nippon India Nifty Midcap 150 Idx Dir Gr	INF204KB18Z7	Tata Investment Corp Ltd	Financial Services	4.97	0.23	1.39	Apr25	12.51
Nippon India Nifty Midcap 150 Idx Dir Gr	INF204KB18Z7	Tata Investment Corp Ltd	Financial Services	4.97	0.23	1.39	May25	11.15
Nippon India Nifty Midcap 150 Idx Dir Gr	INF204KB18Z7	Tata Investment Corp Ltd	Financial Services	4.97	0.23	1.39	June25	10.18
Nippon India Nifty Midcap 150 Idx Dir Gr	INF204KB18Z7	Tata Investment Corp Ltd	Financial Services	4.97	0.23	1.39	July25	9.19
Nippon India Nifty Midcap 150 Idx Dir Gr	INF204KB18Z7	Tata Investment Corp Ltd	Financial Services	4.97	0.23	1.39	Aug25	8.13
Nippon India Nifty Midcap 150 Idx Dir Gr	INF204KB18Z7	NLC India Ltd	Utilities	4.92	0.22	1.39	Oct24	5.55
Nippon India Nifty Midcap 150 Idx Dir Gr	INF204KB18Z7	NLC India Ltd	Utilities	4.92	0.22	1.39	Nov24	7.52
Nippon India Nifty Midcap 150 Idx Dir Gr	INF204KB18Z7	NLC India Ltd	Utilities	4.92	0.22	1.39	Dec24	3.56
Nippon India Nifty Midcap 150 Idx Dir Gr	INF204KB18Z7	NLC India Ltd	Utilities	4.92	0.22	1.39	Jan25	5.32
Nippon India Nifty Midcap 150 Idx Dir Gr	INF204KB18Z7	NLC India Ltd	Utilities	4.92	0.22	1.39	Feb25	5.59
Nippon India Nifty Midcap 150 Idx Dir Gr	INF204KB18Z7	NLC India Ltd	Utilities	4.92	0.22	1.39	Mar25	15.51
Nippon India Nifty Midcap 150 Idx Dir Gr	INF204KB18Z7	NLC India Ltd	Utilities	4.92	0.22	1.39	Mar25	15.51
Nippon India Nifty Midcap 150 Idx Dir Gr	INF204KB18Z7	NLC India Ltd	Utilities	4.92	0.22	1.39	Apr25	12.51
Nippon India Nifty Midcap 150 Idx Dir Gr	INF204KB18Z7	NLC India Ltd	Utilities	4.92	0.22	1.39	May25	11.15
Nippon India Nifty Midcap 150 Idx Dir Gr	INF204KB18Z7	NLC India Ltd	Utilities	4.92	0.22	1.39	June25	10.18
Nippon India Nifty Midcap 150 Idx Dir Gr	INF204KB18Z7	NLC India Ltd	Utilities	4.92	0.22	1.39	July25	9.19
Nippon India Nifty Midcap 150 Idx Dir Gr	INF204KB18Z7	NLC India Ltd	Utilities	4.92	0.22	1.39	Aug25	8.13
Nippon India Nifty Midcap 150 Idx Dir Gr	INF204KB18Z7	Premier Energies Ltd	Technology	4.90	0.22	1.39	Oct24	5.55
Nippon India Nifty Midcap 150 Idx Dir Gr	INF204KB18Z7	Premier Energies Ltd	Technology	4.90	0.22	1.39	Nov24	7.52
Nippon India Nifty Midcap 150 Idx Dir Gr	INF204KB18Z7	Premier Energies Ltd	Technology	4.90	0.22	1.39	Dec24	3.56
Nippon India Nifty Midcap 150 Idx Dir Gr	INF204KB18Z7	Premier Energies Ltd	Technology	4.90	0.22	1.39	Jan25	5.32
Nippon India Nifty Midcap 150 Idx Dir Gr	INF204KB18Z7	Premier Energies Ltd	Technology	4.90	0.22	1.39	Feb25	5.59
Nippon India Nifty Midcap 150 Idx Dir Gr	INF204KB18Z7	Premier Energies Ltd	Technology	4.90	0.22	1.39	Mar25	15.51
Nippon India Nifty Midcap 150 Idx Dir Gr	INF204KB18Z7	Premier Energies Ltd	Technology	4.90	0.22	1.39	Mar25	15.51
Nippon India Nifty Midcap 150 Idx Dir Gr	INF204KB18Z7	Premier Energies Ltd	Technology	4.90	0.22	1.39	Apr25	12.51
Nippon India Nifty Midcap 150 Idx Dir Gr	INF204KB18Z7	Premier Energies Ltd	Technology	4.90	0.22	1.39	May25	11.15
Nippon India Nifty Midcap 150 Idx Dir Gr	INF204KB18Z7	Premier Energies Ltd	Technology	4.90	0.22	1.39	June25	10.18
Nippon India Nifty Midcap 150 Idx Dir Gr	INF204KB18Z7	Premier Energies Ltd	Technology	4.90	0.22	1.39	July25	9.19
Nippon India Nifty Midcap 150 Idx Dir Gr	INF204KB18Z7	Premier Energies Ltd	Technology	4.90	0.22	1.39	Aug25	8.13
Nippon India Nifty Midcap 150 Idx Dir Gr	INF204KB18Z7	NTPC Green Energy Ltd	Utilities	4.86	0.22	1.39	Oct24	5.55
Nippon India Nifty Midcap 150 Idx Dir Gr	INF204KB18Z7	NTPC Green Energy Ltd	Utilities	4.86	0.22	1.39	Nov24	7.52
Nippon India Nifty Midcap 150 Idx Dir Gr	INF204KB18Z7	NTPC Green Energy Ltd	Utilities	4.86	0.22	1.39	Dec24	3.56
Nippon India Nifty Midcap 150 Idx Dir Gr	INF204KB18Z7	NTPC Green Energy Ltd	Utilities	4.86	0.22	1.39	Jan25	5.32
Nippon India Nifty Midcap 150 Idx Dir Gr	INF204KB18Z7	NTPC Green Energy Ltd	Utilities	4.86	0.22	1.39	Feb25	5.59
Nippon India Nifty Midcap 150 Idx Dir Gr	INF204KB18Z7	NTPC Green Energy Ltd	Utilities	4.86	0.22	1.39	Mar25	15.51
Nippon India Nifty Midcap 150 Idx Dir Gr	INF204KB18Z7	NTPC Green Energy Ltd	Utilities	4.86	0.22	1.39	Mar25	15.51
Nippon India Nifty Midcap 150 Idx Dir Gr	INF204KB18Z7	NTPC Green Energy Ltd	Utilities	4.86	0.22	1.39	Apr25	12.51
Nippon India Nifty Midcap 150 Idx Dir Gr	INF204KB18Z7	NTPC Green Energy Ltd	Utilities	4.86	0.22	1.39	May25	11.15
Nippon India Nifty Midcap 150 Idx Dir Gr	INF204KB18Z7	NTPC Green Energy Ltd	Utilities	4.86	0.22	1.39	June25	10.18
Nippon India Nifty Midcap 150 Idx Dir Gr	INF204KB18Z7	NTPC Green Energy Ltd	Utilities	4.86	0.22	1.39	July25	9.19
Nippon India Nifty Midcap 150 Idx Dir Gr	INF204KB18Z7	NTPC Green Energy Ltd	Utilities	4.86	0.22	1.39	Aug25	8.13
Nippon India Nifty Midcap 150 Idx Dir Gr	INF204KB18Z7	IRB Infrastructure Developers Ltd	Industrials	4.80	0.22	1.39	Oct24	5.55
Nippon India Nifty Midcap 150 Idx Dir Gr	INF204KB18Z7	IRB Infrastructure Developers Ltd	Industrials	4.80	0.22	1.39	Nov24	7.52
Nippon India Nifty Midcap 150 Idx Dir Gr	INF204KB18Z7	IRB Infrastructure Developers Ltd	Industrials	4.80	0.22	1.39	Dec24	3.56
Nippon India Nifty Midcap 150 Idx Dir Gr	INF204KB18Z7	IRB Infrastructure Developers Ltd	Industrials	4.80	0.22	1.39	Jan25	5.32
Nippon India Nifty Midcap 150 Idx Dir Gr	INF204KB18Z7	IRB Infrastructure Developers Ltd	Industrials	4.80	0.22	1.39	Feb25	5.59
Nippon India Nifty Midcap 150 Idx Dir Gr	INF204KB18Z7	IRB Infrastructure Developers Ltd	Industrials	4.80	0.22	1.39	Mar25	15.51
Nippon India Nifty Midcap 150 Idx Dir Gr	INF204KB18Z7	IRB Infrastructure Developers Ltd	Industrials	4.80	0.22	1.39	Mar25	15.51
Nippon India Nifty Midcap 150 Idx Dir Gr	INF204KB18Z7	IRB Infrastructure Developers Ltd	Industrials	4.80	0.22	1.39	Apr25	12.51
Nippon India Nifty Midcap 150 Idx Dir Gr	INF204KB18Z7	IRB Infrastructure Developers Ltd	Industrials	4.80	0.22	1.39	May25	11.15
Nippon India Nifty Midcap 150 Idx Dir Gr	INF204KB18Z7	IRB Infrastructure Developers Ltd	Industrials	4.80	0.22	1.39	June25	10.18
Nippon India Nifty Midcap 150 Idx Dir Gr	INF204KB18Z7	IRB Infrastructure Developers Ltd	Industrials	4.80	0.22	1.39	July25	9.19
Nippon India Nifty Midcap 150 Idx Dir Gr	INF204KB18Z7	IRB Infrastructure Developers Ltd	Industrials	4.80	0.22	1.39	Aug25	8.13
Nippon India Nifty Midcap 150 Idx Dir Gr	INF204KB18Z7	JSW Infrastructure Ltd	Industrials	4.78	0.22	1.39	Oct24	5.55
Nippon India Nifty Midcap 150 Idx Dir Gr	INF204KB18Z7	JSW Infrastructure Ltd	Industrials	4.78	0.22	1.39	Nov24	7.52
Nippon India Nifty Midcap 150 Idx Dir Gr	INF204KB18Z7	JSW Infrastructure Ltd	Industrials	4.78	0.22	1.39	Dec24	3.56
Nippon India Nifty Midcap 150 Idx Dir Gr	INF204KB18Z7	JSW Infrastructure Ltd	Industrials	4.78	0.22	1.39	Jan25	5.32
Nippon India Nifty Midcap 150 Idx Dir Gr	INF204KB18Z7	JSW Infrastructure Ltd	Industrials	4.78	0.22	1.39	Feb25	5.59
Nippon India Nifty Midcap 150 Idx Dir Gr	INF204KB18Z7	JSW Infrastructure Ltd	Industrials	4.78	0.22	1.39	Mar25	15.51
Nippon India Nifty Midcap 150 Idx Dir Gr	INF204KB18Z7	JSW Infrastructure Ltd	Industrials	4.78	0.22	1.39	Mar25	15.51
Nippon India Nifty Midcap 150 Idx Dir Gr	INF204KB18Z7	JSW Infrastructure Ltd	Industrials	4.78	0.22	1.39	Apr25	12.51
Nippon India Nifty Midcap 150 Idx Dir Gr	INF204KB18Z7	JSW Infrastructure Ltd	Industrials	4.78	0.22	1.39	May25	11.15
Nippon India Nifty Midcap 150 Idx Dir Gr	INF204KB18Z7	JSW Infrastructure Ltd	Industrials	4.78	0.22	1.39	June25	10.18
Nippon India Nifty Midcap 150 Idx Dir Gr	INF204KB18Z7	JSW Infrastructure Ltd	Industrials	4.78	0.22	1.39	July25	9.19
Nippon India Nifty Midcap 150 Idx Dir Gr	INF204KB18Z7	JSW Infrastructure Ltd	Industrials	4.78	0.22	1.39	Aug25	8.13
Nippon India Nifty Midcap 150 Idx Dir Gr	INF204KB18Z7	Syngene International Ltd	Healthcare	4.65	0.21	1.39	Oct24	5.55
Nippon India Nifty Midcap 150 Idx Dir Gr	INF204KB18Z7	Syngene International Ltd	Healthcare	4.65	0.21	1.39	Nov24	7.52
Nippon India Nifty Midcap 150 Idx Dir Gr	INF204KB18Z7	Syngene International Ltd	Healthcare	4.65	0.21	1.39	Dec24	3.56
Nippon India Nifty Midcap 150 Idx Dir Gr	INF204KB18Z7	Syngene International Ltd	Healthcare	4.65	0.21	1.39	Jan25	5.32
Nippon India Nifty Midcap 150 Idx Dir Gr	INF204KB18Z7	Syngene International Ltd	Healthcare	4.65	0.21	1.39	Feb25	5.59
Nippon India Nifty Midcap 150 Idx Dir Gr	INF204KB18Z7	Syngene International Ltd	Healthcare	4.65	0.21	1.39	Mar25	15.51
Nippon India Nifty Midcap 150 Idx Dir Gr	INF204KB18Z7	Syngene International Ltd	Healthcare	4.65	0.21	1.39	Mar25	15.51
Nippon India Nifty Midcap 150 Idx Dir Gr	INF204KB18Z7	Syngene International Ltd	Healthcare	4.65	0.21	1.39	Apr25	12.51
Nippon India Nifty Midcap 150 Idx Dir Gr	INF204KB18Z7	Syngene International Ltd	Healthcare	4.65	0.21	1.39	May25	11.15
Nippon India Nifty Midcap 150 Idx Dir Gr	INF204KB18Z7	Syngene International Ltd	Healthcare	4.65	0.21	1.39	June25	10.18
Nippon India Nifty Midcap 150 Idx Dir Gr	INF204KB18Z7	Syngene International Ltd	Healthcare	4.65	0.21	1.39	July25	9.19
Nippon India Nifty Midcap 150 Idx Dir Gr	INF204KB18Z7	Syngene International Ltd	Healthcare	4.65	0.21	1.39	Aug25	8.13
Nippon India Nifty Midcap 150 Idx Dir Gr	INF204KB18Z7	Hexaware Technologies Ltd Ordinary Shares	Technology	4.08	0.19	1.39	Oct24	5.55
Nippon India Nifty Midcap 150 Idx Dir Gr	INF204KB18Z7	Hexaware Technologies Ltd Ordinary Shares	Technology	4.08	0.19	1.39	Nov24	7.52
Nippon India Nifty Midcap 150 Idx Dir Gr	INF204KB18Z7	Hexaware Technologies Ltd Ordinary Shares	Technology	4.08	0.19	1.39	Dec24	3.56
Nippon India Nifty Midcap 150 Idx Dir Gr	INF204KB18Z7	Hexaware Technologies Ltd Ordinary Shares	Technology	4.08	0.19	1.39	Jan25	5.32
Nippon India Nifty Midcap 150 Idx Dir Gr	INF204KB18Z7	Hexaware Technologies Ltd Ordinary Shares	Technology	4.08	0.19	1.39	Feb25	5.59
Nippon India Nifty Midcap 150 Idx Dir Gr	INF204KB18Z7	Hexaware Technologies Ltd Ordinary Shares	Technology	4.08	0.19	1.39	Mar25	15.51
Nippon India Nifty Midcap 150 Idx Dir Gr	INF204KB18Z7	Hexaware Technologies Ltd Ordinary Shares	Technology	4.08	0.19	1.39	Mar25	15.51
Nippon India Nifty Midcap 150 Idx Dir Gr	INF204KB18Z7	Hexaware Technologies Ltd Ordinary Shares	Technology	4.08	0.19	1.39	Apr25	12.51
Nippon India Nifty Midcap 150 Idx Dir Gr	INF204KB18Z7	Hexaware Technologies Ltd Ordinary Shares	Technology	4.08	0.19	1.39	May25	11.15
Nippon India Nifty Midcap 150 Idx Dir Gr	INF204KB18Z7	Hexaware Technologies Ltd Ordinary Shares	Technology	4.08	0.19	1.39	June25	10.18
Nippon India Nifty Midcap 150 Idx Dir Gr	INF204KB18Z7	Hexaware Technologies Ltd Ordinary Shares	Technology	4.08	0.19	1.39	July25	9.19
Nippon India Nifty Midcap 150 Idx Dir Gr	INF204KB18Z7	Hexaware Technologies Ltd Ordinary Shares	Technology	4.08	0.19	1.39	Aug25	8.13
Nippon India Nifty Midcap 150 Idx Dir Gr	INF204KB18Z7	Gujarat Gas Ltd	Utilities	4.08	0.19	1.39	Oct24	5.55
Nippon India Nifty Midcap 150 Idx Dir Gr	INF204KB18Z7	Gujarat Gas Ltd	Utilities	4.08	0.19	1.39	Nov24	7.52
Nippon India Nifty Midcap 150 Idx Dir Gr	INF204KB18Z7	Gujarat Gas Ltd	Utilities	4.08	0.19	1.39	Dec24	3.56
Nippon India Nifty Midcap 150 Idx Dir Gr	INF204KB18Z7	Gujarat Gas Ltd	Utilities	4.08	0.19	1.39	Jan25	5.32
Nippon India Nifty Midcap 150 Idx Dir Gr	INF204KB18Z7	Gujarat Gas Ltd	Utilities	4.08	0.19	1.39	Feb25	5.59
Nippon India Nifty Midcap 150 Idx Dir Gr	INF204KB18Z7	Gujarat Gas Ltd	Utilities	4.08	0.19	1.39	Mar25	15.51
Nippon India Nifty Midcap 150 Idx Dir Gr	INF204KB18Z7	Gujarat Gas Ltd	Utilities	4.08	0.19	1.39	Mar25	15.51
Nippon India Nifty Midcap 150 Idx Dir Gr	INF204KB18Z7	Gujarat Gas Ltd	Utilities	4.08	0.19	1.39	Apr25	12.51
Nippon India Nifty Midcap 150 Idx Dir Gr	INF204KB18Z7	Gujarat Gas Ltd	Utilities	4.08	0.19	1.39	May25	11.15
Nippon India Nifty Midcap 150 Idx Dir Gr	INF204KB18Z7	Gujarat Gas Ltd	Utilities	4.08	0.19	1.39	June25	10.18
Nippon India Nifty Midcap 150 Idx Dir Gr	INF204KB18Z7	Gujarat Gas Ltd	Utilities	4.08	0.19	1.39	July25	9.19
Nippon India Nifty Midcap 150 Idx Dir Gr	INF204KB18Z7	Gujarat Gas Ltd	Utilities	4.08	0.19	1.39	Aug25	8.13
Nippon India Nifty Midcap 150 Idx Dir Gr	INF204KB18Z7	Honeywell Automation India Ltd	Industrials	3.96	0.18	1.43	Oct24	5.55
Nippon India Nifty Midcap 150 Idx Dir Gr	INF204KB18Z7	Honeywell Automation India Ltd	Industrials	3.96	0.18	1.43	Nov24	7.52
Nippon India Nifty Midcap 150 Idx Dir Gr	INF204KB18Z7	Honeywell Automation India Ltd	Industrials	3.96	0.18	1.43	Dec24	3.56
Nippon India Nifty Midcap 150 Idx Dir Gr	INF204KB18Z7	Honeywell Automation India Ltd	Industrials	3.96	0.18	1.43	Jan25	5.32
Nippon India Nifty Midcap 150 Idx Dir Gr	INF204KB18Z7	Honeywell Automation India Ltd	Industrials	3.96	0.18	1.43	Feb25	5.59
Nippon India Nifty Midcap 150 Idx Dir Gr	INF204KB18Z7	Honeywell Automation India Ltd	Industrials	3.96	0.18	1.43	Mar25	15.51
Nippon India Nifty Midcap 150 Idx Dir Gr	INF204KB18Z7	Honeywell Automation India Ltd	Industrials	3.96	0.18	1.43	Mar25	15.51
Nippon India Nifty Midcap 150 Idx Dir Gr	INF204KB18Z7	Honeywell Automation India Ltd	Industrials	3.96	0.18	1.43	Apr25	12.51
Nippon India Nifty Midcap 150 Idx Dir Gr	INF204KB18Z7	Honeywell Automation India Ltd	Industrials	3.96	0.18	1.43	May25	11.15
Nippon India Nifty Midcap 150 Idx Dir Gr	INF204KB18Z7	Honeywell Automation India Ltd	Industrials	3.96	0.18	1.43	June25	10.18
Nippon India Nifty Midcap 150 Idx Dir Gr	INF204KB18Z7	Honeywell Automation India Ltd	Industrials	3.96	0.18	1.43	July25	9.19
Nippon India Nifty Midcap 150 Idx Dir Gr	INF204KB18Z7	Honeywell Automation India Ltd	Industrials	3.96	0.18	1.43	Aug25	8.13
Nippon India Nifty Midcap 150 Idx Dir Gr	INF204KB18Z7	IDBI Bank Ltd	Financial Services	3.77	0.17	1.39	Oct24	5.55
Nippon India Nifty Midcap 150 Idx Dir Gr	INF204KB18Z7	IDBI Bank Ltd	Financial Services	3.77	0.17	1.39	Nov24	7.52
Nippon India Nifty Midcap 150 Idx Dir Gr	INF204KB18Z7	IDBI Bank Ltd	Financial Services	3.77	0.17	1.39	Dec24	3.56
Nippon India Nifty Midcap 150 Idx Dir Gr	INF204KB18Z7	IDBI Bank Ltd	Financial Services	3.77	0.17	1.39	Jan25	5.32
Nippon India Nifty Midcap 150 Idx Dir Gr	INF204KB18Z7	IDBI Bank Ltd	Financial Services	3.77	0.17	1.39	Feb25	5.59
Nippon India Nifty Midcap 150 Idx Dir Gr	INF204KB18Z7	IDBI Bank Ltd	Financial Services	3.77	0.17	1.39	Mar25	15.51
Nippon India Nifty Midcap 150 Idx Dir Gr	INF204KB18Z7	IDBI Bank Ltd	Financial Services	3.77	0.17	1.39	Mar25	15.51
Nippon India Nifty Midcap 150 Idx Dir Gr	INF204KB18Z7	IDBI Bank Ltd	Financial Services	3.77	0.17	1.39	Apr25	12.51
Nippon India Nifty Midcap 150 Idx Dir Gr	INF204KB18Z7	IDBI Bank Ltd	Financial Services	3.77	0.17	1.39	May25	11.15
Nippon India Nifty Midcap 150 Idx Dir Gr	INF204KB18Z7	IDBI Bank Ltd	Financial Services	3.77	0.17	1.39	June25	10.18
Nippon India Nifty Midcap 150 Idx Dir Gr	INF204KB18Z7	IDBI Bank Ltd	Financial Services	3.77	0.17	1.39	July25	9.19
Nippon India Nifty Midcap 150 Idx Dir Gr	INF204KB18Z7	IDBI Bank Ltd	Financial Services	3.77	0.17	1.39	Aug25	8.13
Nippon India Nifty Midcap 150 Idx Dir Gr	INF204KB18Z7	Indian Overseas Bank	Financial Services	3.09	0.14	1.39	Oct24	5.55
Nippon India Nifty Midcap 150 Idx Dir Gr	INF204KB18Z7	Indian Overseas Bank	Financial Services	3.09	0.14	1.39	Nov24	7.52
Nippon India Nifty Midcap 150 Idx Dir Gr	INF204KB18Z7	Indian Overseas Bank	Financial Services	3.09	0.14	1.39	Dec24	3.56
Nippon India Nifty Midcap 150 Idx Dir Gr	INF204KB18Z7	Indian Overseas Bank	Financial Services	3.09	0.14	1.39	Jan25	5.32
Nippon India Nifty Midcap 150 Idx Dir Gr	INF204KB18Z7	Indian Overseas Bank	Financial Services	3.09	0.14	1.39	Feb25	5.59
Nippon India Nifty Midcap 150 Idx Dir Gr	INF204KB18Z7	Indian Overseas Bank	Financial Services	3.09	0.14	1.39	Mar25	15.51
Nippon India Nifty Midcap 150 Idx Dir Gr	INF204KB18Z7	Indian Overseas Bank	Financial Services	3.09	0.14	1.39	Mar25	15.51
Nippon India Nifty Midcap 150 Idx Dir Gr	INF204KB18Z7	Indian Overseas Bank	Financial Services	3.09	0.14	1.39	Apr25	12.51
Nippon India Nifty Midcap 150 Idx Dir Gr	INF204KB18Z7	Indian Overseas Bank	Financial Services	3.09	0.14	1.39	May25	11.15
Nippon India Nifty Midcap 150 Idx Dir Gr	INF204KB18Z7	Indian Overseas Bank	Financial Services	3.09	0.14	1.39	June25	10.18
Nippon India Nifty Midcap 150 Idx Dir Gr	INF204KB18Z7	Indian Overseas Bank	Financial Services	3.09	0.14	1.39	July25	9.19
Nippon India Nifty Midcap 150 Idx Dir Gr	INF204KB18Z7	Indian Overseas Bank	Financial Services	3.09	0.14	1.39	Aug25	8.13
Nippon India Nifty Midcap 150 Idx Dir Gr	INF204KB18Z7	SJVN Ltd	Utilities	3.03	0.14	1.39	Oct24	5.55
Nippon India Nifty Midcap 150 Idx Dir Gr	INF204KB18Z7	SJVN Ltd	Utilities	3.03	0.14	1.39	Nov24	7.52
Nippon India Nifty Midcap 150 Idx Dir Gr	INF204KB18Z7	SJVN Ltd	Utilities	3.03	0.14	1.39	Dec24	3.56
Nippon India Nifty Midcap 150 Idx Dir Gr	INF204KB18Z7	SJVN Ltd	Utilities	3.03	0.14	1.39	Jan25	5.32
Nippon India Nifty Midcap 150 Idx Dir Gr	INF204KB18Z7	SJVN Ltd	Utilities	3.03	0.14	1.39	Feb25	5.59
Nippon India Nifty Midcap 150 Idx Dir Gr	INF204KB18Z7	SJVN Ltd	Utilities	3.03	0.14	1.39	Mar25	15.51
Nippon India Nifty Midcap 150 Idx Dir Gr	INF204KB18Z7	SJVN Ltd	Utilities	3.03	0.14	1.39	Mar25	15.51
Nippon India Nifty Midcap 150 Idx Dir Gr	INF204KB18Z7	SJVN Ltd	Utilities	3.03	0.14	1.39	Apr25	12.51
Nippon India Nifty Midcap 150 Idx Dir Gr	INF204KB18Z7	SJVN Ltd	Utilities	3.03	0.14	1.39	May25	11.15
Nippon India Nifty Midcap 150 Idx Dir Gr	INF204KB18Z7	SJVN Ltd	Utilities	3.03	0.14	1.39	June25	10.18
Nippon India Nifty Midcap 150 Idx Dir Gr	INF204KB18Z7	SJVN Ltd	Utilities	3.03	0.14	1.39	July25	9.19
Nippon India Nifty Midcap 150 Idx Dir Gr	INF204KB18Z7	SJVN Ltd	Utilities	3.03	0.14	1.39	Aug25	8.13
Nippon India Nifty Midcap 150 Idx Dir Gr	INF204KB18Z7	The Fertilizers & Chemicals Travancore Ltd	Basic Materials	2.69	0.12	1.39	Oct24	5.55
Nippon India Nifty Midcap 150 Idx Dir Gr	INF204KB18Z7	The Fertilizers & Chemicals Travancore Ltd	Basic Materials	2.69	0.12	1.39	Nov24	7.52
Nippon India Nifty Midcap 150 Idx Dir Gr	INF204KB18Z7	The Fertilizers & Chemicals Travancore Ltd	Basic Materials	2.69	0.12	1.39	Dec24	3.56
Nippon India Nifty Midcap 150 Idx Dir Gr	INF204KB18Z7	The Fertilizers & Chemicals Travancore Ltd	Basic Materials	2.69	0.12	1.39	Jan25	5.32
Nippon India Nifty Midcap 150 Idx Dir Gr	INF204KB18Z7	The Fertilizers & Chemicals Travancore Ltd	Basic Materials	2.69	0.12	1.39	Feb25	5.59
Nippon India Nifty Midcap 150 Idx Dir Gr	INF204KB18Z7	The Fertilizers & Chemicals Travancore Ltd	Basic Materials	2.69	0.12	1.39	Mar25	15.51
Nippon India Nifty Midcap 150 Idx Dir Gr	INF204KB18Z7	The Fertilizers & Chemicals Travancore Ltd	Basic Materials	2.69	0.12	1.39	Mar25	15.51
Nippon India Nifty Midcap 150 Idx Dir Gr	INF204KB18Z7	The Fertilizers & Chemicals Travancore Ltd	Basic Materials	2.69	0.12	1.39	Apr25	12.51
Nippon India Nifty Midcap 150 Idx Dir Gr	INF204KB18Z7	The Fertilizers & Chemicals Travancore Ltd	Basic Materials	2.69	0.12	1.39	May25	11.15
Nippon India Nifty Midcap 150 Idx Dir Gr	INF204KB18Z7	The Fertilizers & Chemicals Travancore Ltd	Basic Materials	2.69	0.12	1.39	June25	10.18
Nippon India Nifty Midcap 150 Idx Dir Gr	INF204KB18Z7	The Fertilizers & Chemicals Travancore Ltd	Basic Materials	2.69	0.12	1.39	July25	9.19
Nippon India Nifty Midcap 150 Idx Dir Gr	INF204KB18Z7	The Fertilizers & Chemicals Travancore Ltd	Basic Materials	2.69	0.12	1.39	Aug25	8.13
Nippon India Nifty Midcap 150 Idx Dir Gr	INF204KB18Z7	Godrej Industries Ltd	Industrials	2.49	0.11	1.39	Oct24	5.55
Nippon India Nifty Midcap 150 Idx Dir Gr	INF204KB18Z7	Godrej Industries Ltd	Industrials	2.49	0.11	1.39	Nov24	7.52
Nippon India Nifty Midcap 150 Idx Dir Gr	INF204KB18Z7	Godrej Industries Ltd	Industrials	2.49	0.11	1.39	Dec24	3.56
Nippon India Nifty Midcap 150 Idx Dir Gr	INF204KB18Z7	Godrej Industries Ltd	Industrials	2.49	0.11	1.39	Jan25	5.32
Nippon India Nifty Midcap 150 Idx Dir Gr	INF204KB18Z7	Godrej Industries Ltd	Industrials	2.49	0.11	1.39	Feb25	5.59
Nippon India Nifty Midcap 150 Idx Dir Gr	INF204KB18Z7	Godrej Industries Ltd	Industrials	2.49	0.11	1.39	Mar25	15.51
Nippon India Nifty Midcap 150 Idx Dir Gr	INF204KB18Z7	Godrej Industries Ltd	Industrials	2.49	0.11	1.39	Mar25	15.51
Nippon India Nifty Midcap 150 Idx Dir Gr	INF204KB18Z7	Godrej Industries Ltd	Industrials	2.49	0.11	1.39	Apr25	12.51
Nippon India Nifty Midcap 150 Idx Dir Gr	INF204KB18Z7	Godrej Industries Ltd	Industrials	2.49	0.11	1.39	May25	11.15
Nippon India Nifty Midcap 150 Idx Dir Gr	INF204KB18Z7	Godrej Industries Ltd	Industrials	2.49	0.11	1.39	June25	10.18
Nippon India Nifty Midcap 150 Idx Dir Gr	INF204KB18Z7	Godrej Industries Ltd	Industrials	2.49	0.11	1.39	July25	9.19
Nippon India Nifty Midcap 150 Idx Dir Gr	INF204KB18Z7	Godrej Industries Ltd	Industrials	2.49	0.11	1.39	Aug25	8.13
Nippon India Nifty Midcap 150 Idx Dir Gr	INF204KB18Z7	The New India Assurance Co Ltd	Financial Services	2.06	0.09	1.39	Oct24	5.55
Nippon India Nifty Midcap 150 Idx Dir Gr	INF204KB18Z7	The New India Assurance Co Ltd	Financial Services	2.06	0.09	1.39	Nov24	7.52
Nippon India Nifty Midcap 150 Idx Dir Gr	INF204KB18Z7	The New India Assurance Co Ltd	Financial Services	2.06	0.09	1.39	Dec24	3.56
Nippon India Nifty Midcap 150 Idx Dir Gr	INF204KB18Z7	The New India Assurance Co Ltd	Financial Services	2.06	0.09	1.39	Jan25	5.32
Nippon India Nifty Midcap 150 Idx Dir Gr	INF204KB18Z7	The New India Assurance Co Ltd	Financial Services	2.06	0.09	1.39	Feb25	5.59
Nippon India Nifty Midcap 150 Idx Dir Gr	INF204KB18Z7	The New India Assurance Co Ltd	Financial Services	2.06	0.09	1.39	Mar25	15.51
Nippon India Nifty Midcap 150 Idx Dir Gr	INF204KB18Z7	The New India Assurance Co Ltd	Financial Services	2.06	0.09	1.39	Mar25	15.51
Nippon India Nifty Midcap 150 Idx Dir Gr	INF204KB18Z7	The New India Assurance Co Ltd	Financial Services	2.06	0.09	1.39	Apr25	12.51
Nippon India Nifty Midcap 150 Idx Dir Gr	INF204KB18Z7	The New India Assurance Co Ltd	Financial Services	2.06	0.09	1.39	May25	11.15
Nippon India Nifty Midcap 150 Idx Dir Gr	INF204KB18Z7	The New India Assurance Co Ltd	Financial Services	2.06	0.09	1.39	June25	10.18
Nippon India Nifty Midcap 150 Idx Dir Gr	INF204KB18Z7	The New India Assurance Co Ltd	Financial Services	2.06	0.09	1.39	July25	9.19
Nippon India Nifty Midcap 150 Idx Dir Gr	INF204KB18Z7	The New India Assurance Co Ltd	Financial Services	2.06	0.09	1.39	Aug25	8.13
Nippon India Nifty Midcap 150 Idx Dir Gr	INF204KB18Z7	UCO Bank	Financial Services	1.95	0.09	1.39	Oct24	5.55
Nippon India Nifty Midcap 150 Idx Dir Gr	INF204KB18Z7	UCO Bank	Financial Services	1.95	0.09	1.39	Nov24	7.52
Nippon India Nifty Midcap 150 Idx Dir Gr	INF204KB18Z7	UCO Bank	Financial Services	1.95	0.09	1.39	Dec24	3.56
Nippon India Nifty Midcap 150 Idx Dir Gr	INF204KB18Z7	UCO Bank	Financial Services	1.95	0.09	1.39	Jan25	5.32
Nippon India Nifty Midcap 150 Idx Dir Gr	INF204KB18Z7	UCO Bank	Financial Services	1.95	0.09	1.39	Feb25	5.59
Nippon India Nifty Midcap 150 Idx Dir Gr	INF204KB18Z7	UCO Bank	Financial Services	1.95	0.09	1.39	Mar25	15.51
Nippon India Nifty Midcap 150 Idx Dir Gr	INF204KB18Z7	UCO Bank	Financial Services	1.95	0.09	1.39	Mar25	15.51
Nippon India Nifty Midcap 150 Idx Dir Gr	INF204KB18Z7	UCO Bank	Financial Services	1.95	0.09	1.39	Apr25	12.51
Nippon India Nifty Midcap 150 Idx Dir Gr	INF204KB18Z7	UCO Bank	Financial Services	1.95	0.09	1.39	May25	11.15
Nippon India Nifty Midcap 150 Idx Dir Gr	INF204KB18Z7	UCO Bank	Financial Services	1.95	0.09	1.39	June25	10.18
Nippon India Nifty Midcap 150 Idx Dir Gr	INF204KB18Z7	UCO Bank	Financial Services	1.95	0.09	1.39	July25	9.19
Nippon India Nifty Midcap 150 Idx Dir Gr	INF204KB18Z7	UCO Bank	Financial Services	1.95	0.09	1.39	Aug25	8.13
Nippon India Nifty Midcap 150 Idx Dir Gr	INF204KB18Z7	Cash Margin - Ccil		0.10	0.00		Oct24	5.55
Nippon India Nifty Midcap 150 Idx Dir Gr	INF204KB18Z7	Cash Margin - Ccil		0.10	0.00		Nov24	7.52
Nippon India Nifty Midcap 150 Idx Dir Gr	INF204KB18Z7	Cash Margin - Ccil		0.10	0.00		Dec24	3.56
Nippon India Nifty Midcap 150 Idx Dir Gr	INF204KB18Z7	Cash Margin - Ccil		0.10	0.00		Jan25	5.32
Nippon India Nifty Midcap 150 Idx Dir Gr	INF204KB18Z7	Cash Margin - Ccil		0.10	0.00		Feb25	5.59
Nippon India Nifty Midcap 150 Idx Dir Gr	INF204KB18Z7	Cash Margin - Ccil		0.10	0.00		Mar25	15.51
Nippon India Nifty Midcap 150 Idx Dir Gr	INF204KB18Z7	Cash Margin - Ccil		0.10	0.00		Mar25	15.51
Nippon India Nifty Midcap 150 Idx Dir Gr	INF204KB18Z7	Cash Margin - Ccil		0.10	0.00		Apr25	12.51
Nippon India Nifty Midcap 150 Idx Dir Gr	INF204KB18Z7	Cash Margin - Ccil		0.10	0.00		May25	11.15
Nippon India Nifty Midcap 150 Idx Dir Gr	INF204KB18Z7	Cash Margin - Ccil		0.10	0.00		June25	10.18
Nippon India Nifty Midcap 150 Idx Dir Gr	INF204KB18Z7	Cash Margin - Ccil		0.10	0.00		July25	9.19
Nippon India Nifty Midcap 150 Idx Dir Gr	INF204KB18Z7	Cash Margin - Ccil		0.10	0.00		Aug25	8.13
Nippon India Nifty Midcap 150 Idx Dir Gr	INF204KB18Z7	Cash		0.00	0.00		Oct24	5.55
Nippon India Nifty Midcap 150 Idx Dir Gr	INF204KB18Z7	Cash		0.00	0.00		Nov24	7.52
Nippon India Nifty Midcap 150 Idx Dir Gr	INF204KB18Z7	Cash		0.00	0.00		Dec24	3.56
Nippon India Nifty Midcap 150 Idx Dir Gr	INF204KB18Z7	Cash		0.00	0.00		Jan25	5.32
Nippon India Nifty Midcap 150 Idx Dir Gr	INF204KB18Z7	Cash		0.00	0.00		Feb25	5.59
Nippon India Nifty Midcap 150 Idx Dir Gr	INF204KB18Z7	Cash		0.00	0.00		Mar25	15.51
Nippon India Nifty Midcap 150 Idx Dir Gr	INF204KB18Z7	Cash		0.00	0.00		Mar25	15.51
Nippon India Nifty Midcap 150 Idx Dir Gr	INF204KB18Z7	Cash		0.00	0.00		Apr25	12.51
Nippon India Nifty Midcap 150 Idx Dir Gr	INF204KB18Z7	Cash		0.00	0.00		May25	11.15
Nippon India Nifty Midcap 150 Idx Dir Gr	INF204KB18Z7	Cash		0.00	0.00		June25	10.18
Nippon India Nifty Midcap 150 Idx Dir Gr	INF204KB18Z7	Cash		0.00	0.00		July25	9.19
Nippon India Nifty Midcap 150 Idx Dir Gr	INF204KB18Z7	Cash		0.00	0.00		Aug25	8.13
