schemeName	isin	stock_name	sector	market_value	weight	change_1m	period	weightage
ICICI Pru MidCap Dir Gr	INF109K011N7	Jindal Steel Ltd	Basic Materials	346.69	4.76	0.00	Oct24	5.55
ICICI Pru MidCap Dir Gr	INF109K011N7	Jindal Steel Ltd	Basic Materials	346.69	4.76	0.00	Nov24	7.52
ICICI Pru MidCap Dir Gr	INF109K011N7	Jindal Steel Ltd	Basic Materials	346.69	4.76	0.00	Dec24	3.56
ICICI Pru MidCap Dir Gr	INF109K011N7	Jindal Steel Ltd	Basic Materials	346.69	4.76	0.00	Jan25	5.32
ICICI Pru MidCap Dir Gr	INF109K011N7	Jindal Steel Ltd	Basic Materials	346.69	4.76	0.00	Feb25	5.59
ICICI Pru MidCap Dir Gr	INF109K011N7	Jindal Steel Ltd	Basic Materials	346.69	4.76	0.00	Mar25	15.51
ICICI Pru MidCap Dir Gr	INF109K011N7	Jindal Steel Ltd	Basic Materials	346.69	4.76	0.00	Mar25	15.51
ICICI Pru MidCap Dir Gr	INF109K011N7	Jindal Steel Ltd	Basic Materials	346.69	4.76	0.00	Apr25	12.51
ICICI Pru MidCap Dir Gr	INF109K011N7	Jindal Steel Ltd	Basic Materials	346.69	4.76	0.00	May25	11.15
ICICI Pru MidCap Dir Gr	INF109K011N7	Jindal Steel Ltd	Basic Materials	346.69	4.76	0.00	June25	10.18
ICICI Pru MidCap Dir Gr	INF109K011N7	Jindal Steel Ltd	Basic Materials	346.69	4.76	0.00	July25	9.19
ICICI Pru MidCap Dir Gr	INF109K011N7	Jindal Steel Ltd	Basic Materials	346.69	4.76	0.00	Aug25	8.13
ICICI Pru MidCap Dir Gr	INF109K011N7	APL Apollo Tubes Ltd	Basic Materials	318.47	4.37	0.00	Oct24	5.55
ICICI Pru MidCap Dir Gr	INF109K011N7	APL Apollo Tubes Ltd	Basic Materials	318.47	4.37	0.00	Nov24	7.52
ICICI Pru MidCap Dir Gr	INF109K011N7	APL Apollo Tubes Ltd	Basic Materials	318.47	4.37	0.00	Dec24	3.56
ICICI Pru MidCap Dir Gr	INF109K011N7	APL Apollo Tubes Ltd	Basic Materials	318.47	4.37	0.00	Jan25	5.32
ICICI Pru MidCap Dir Gr	INF109K011N7	APL Apollo Tubes Ltd	Basic Materials	318.47	4.37	0.00	Feb25	5.59
ICICI Pru MidCap Dir Gr	INF109K011N7	APL Apollo Tubes Ltd	Basic Materials	318.47	4.37	0.00	Mar25	15.51
ICICI Pru MidCap Dir Gr	INF109K011N7	APL Apollo Tubes Ltd	Basic Materials	318.47	4.37	0.00	Mar25	15.51
ICICI Pru MidCap Dir Gr	INF109K011N7	APL Apollo Tubes Ltd	Basic Materials	318.47	4.37	0.00	Apr25	12.51
ICICI Pru MidCap Dir Gr	INF109K011N7	APL Apollo Tubes Ltd	Basic Materials	318.47	4.37	0.00	May25	11.15
ICICI Pru MidCap Dir Gr	INF109K011N7	APL Apollo Tubes Ltd	Basic Materials	318.47	4.37	0.00	June25	10.18
ICICI Pru MidCap Dir Gr	INF109K011N7	APL Apollo Tubes Ltd	Basic Materials	318.47	4.37	0.00	July25	9.19
ICICI Pru MidCap Dir Gr	INF109K011N7	APL Apollo Tubes Ltd	Basic Materials	318.47	4.37	0.00	Aug25	8.13
ICICI Pru MidCap Dir Gr	INF109K011N7	Multi Commodity Exchange of India Ltd	Financial Services	302.94	4.16	0.00	Oct24	5.55
ICICI Pru MidCap Dir Gr	INF109K011N7	Multi Commodity Exchange of India Ltd	Financial Services	302.94	4.16	0.00	Nov24	7.52
ICICI Pru MidCap Dir Gr	INF109K011N7	Multi Commodity Exchange of India Ltd	Financial Services	302.94	4.16	0.00	Dec24	3.56
ICICI Pru MidCap Dir Gr	INF109K011N7	Multi Commodity Exchange of India Ltd	Financial Services	302.94	4.16	0.00	Jan25	5.32
ICICI Pru MidCap Dir Gr	INF109K011N7	Multi Commodity Exchange of India Ltd	Financial Services	302.94	4.16	0.00	Feb25	5.59
ICICI Pru MidCap Dir Gr	INF109K011N7	Multi Commodity Exchange of India Ltd	Financial Services	302.94	4.16	0.00	Mar25	15.51
ICICI Pru MidCap Dir Gr	INF109K011N7	Multi Commodity Exchange of India Ltd	Financial Services	302.94	4.16	0.00	Mar25	15.51
ICICI Pru MidCap Dir Gr	INF109K011N7	Multi Commodity Exchange of India Ltd	Financial Services	302.94	4.16	0.00	Apr25	12.51
ICICI Pru MidCap Dir Gr	INF109K011N7	Multi Commodity Exchange of India Ltd	Financial Services	302.94	4.16	0.00	May25	11.15
ICICI Pru MidCap Dir Gr	INF109K011N7	Multi Commodity Exchange of India Ltd	Financial Services	302.94	4.16	0.00	June25	10.18
ICICI Pru MidCap Dir Gr	INF109K011N7	Multi Commodity Exchange of India Ltd	Financial Services	302.94	4.16	0.00	July25	9.19
ICICI Pru MidCap Dir Gr	INF109K011N7	Multi Commodity Exchange of India Ltd	Financial Services	302.94	4.16	0.00	Aug25	8.13
ICICI Pru MidCap Dir Gr	INF109K011N7	Apar Industries Ltd	Industrials	294.84	4.05	0.00	Oct24	5.55
ICICI Pru MidCap Dir Gr	INF109K011N7	Apar Industries Ltd	Industrials	294.84	4.05	0.00	Nov24	7.52
ICICI Pru MidCap Dir Gr	INF109K011N7	Apar Industries Ltd	Industrials	294.84	4.05	0.00	Dec24	3.56
ICICI Pru MidCap Dir Gr	INF109K011N7	Apar Industries Ltd	Industrials	294.84	4.05	0.00	Jan25	5.32
ICICI Pru MidCap Dir Gr	INF109K011N7	Apar Industries Ltd	Industrials	294.84	4.05	0.00	Feb25	5.59
ICICI Pru MidCap Dir Gr	INF109K011N7	Apar Industries Ltd	Industrials	294.84	4.05	0.00	Mar25	15.51
ICICI Pru MidCap Dir Gr	INF109K011N7	Apar Industries Ltd	Industrials	294.84	4.05	0.00	Mar25	15.51
ICICI Pru MidCap Dir Gr	INF109K011N7	Apar Industries Ltd	Industrials	294.84	4.05	0.00	Apr25	12.51
ICICI Pru MidCap Dir Gr	INF109K011N7	Apar Industries Ltd	Industrials	294.84	4.05	0.00	May25	11.15
ICICI Pru MidCap Dir Gr	INF109K011N7	Apar Industries Ltd	Industrials	294.84	4.05	0.00	June25	10.18
ICICI Pru MidCap Dir Gr	INF109K011N7	Apar Industries Ltd	Industrials	294.84	4.05	0.00	July25	9.19
ICICI Pru MidCap Dir Gr	INF109K011N7	Apar Industries Ltd	Industrials	294.84	4.05	0.00	Aug25	8.13
ICICI Pru MidCap Dir Gr	INF109K011N7	Muthoot Finance Ltd	Financial Services	276.50	3.80	0.00	Oct24	5.55
ICICI Pru MidCap Dir Gr	INF109K011N7	Muthoot Finance Ltd	Financial Services	276.50	3.80	0.00	Nov24	7.52
ICICI Pru MidCap Dir Gr	INF109K011N7	Muthoot Finance Ltd	Financial Services	276.50	3.80	0.00	Dec24	3.56
ICICI Pru MidCap Dir Gr	INF109K011N7	Muthoot Finance Ltd	Financial Services	276.50	3.80	0.00	Jan25	5.32
ICICI Pru MidCap Dir Gr	INF109K011N7	Muthoot Finance Ltd	Financial Services	276.50	3.80	0.00	Feb25	5.59
ICICI Pru MidCap Dir Gr	INF109K011N7	Muthoot Finance Ltd	Financial Services	276.50	3.80	0.00	Mar25	15.51
ICICI Pru MidCap Dir Gr	INF109K011N7	Muthoot Finance Ltd	Financial Services	276.50	3.80	0.00	Mar25	15.51
ICICI Pru MidCap Dir Gr	INF109K011N7	Muthoot Finance Ltd	Financial Services	276.50	3.80	0.00	Apr25	12.51
ICICI Pru MidCap Dir Gr	INF109K011N7	Muthoot Finance Ltd	Financial Services	276.50	3.80	0.00	May25	11.15
ICICI Pru MidCap Dir Gr	INF109K011N7	Muthoot Finance Ltd	Financial Services	276.50	3.80	0.00	June25	10.18
ICICI Pru MidCap Dir Gr	INF109K011N7	Muthoot Finance Ltd	Financial Services	276.50	3.80	0.00	July25	9.19
ICICI Pru MidCap Dir Gr	INF109K011N7	Muthoot Finance Ltd	Financial Services	276.50	3.80	0.00	Aug25	8.13
ICICI Pru MidCap Dir Gr	INF109K011N7	BSE Ltd	Financial Services	273.92	3.76	0.00	Oct24	5.55
ICICI Pru MidCap Dir Gr	INF109K011N7	BSE Ltd	Financial Services	273.92	3.76	0.00	Nov24	7.52
ICICI Pru MidCap Dir Gr	INF109K011N7	BSE Ltd	Financial Services	273.92	3.76	0.00	Dec24	3.56
ICICI Pru MidCap Dir Gr	INF109K011N7	BSE Ltd	Financial Services	273.92	3.76	0.00	Jan25	5.32
ICICI Pru MidCap Dir Gr	INF109K011N7	BSE Ltd	Financial Services	273.92	3.76	0.00	Feb25	5.59
ICICI Pru MidCap Dir Gr	INF109K011N7	BSE Ltd	Financial Services	273.92	3.76	0.00	Mar25	15.51
ICICI Pru MidCap Dir Gr	INF109K011N7	BSE Ltd	Financial Services	273.92	3.76	0.00	Mar25	15.51
ICICI Pru MidCap Dir Gr	INF109K011N7	BSE Ltd	Financial Services	273.92	3.76	0.00	Apr25	12.51
ICICI Pru MidCap Dir Gr	INF109K011N7	BSE Ltd	Financial Services	273.92	3.76	0.00	May25	11.15
ICICI Pru MidCap Dir Gr	INF109K011N7	BSE Ltd	Financial Services	273.92	3.76	0.00	June25	10.18
ICICI Pru MidCap Dir Gr	INF109K011N7	BSE Ltd	Financial Services	273.92	3.76	0.00	July25	9.19
ICICI Pru MidCap Dir Gr	INF109K011N7	BSE Ltd	Financial Services	273.92	3.76	0.00	Aug25	8.13
ICICI Pru MidCap Dir Gr	INF109K011N7	Jindal Stainless Ltd	Basic Materials	241.19	3.31	0.00	Oct24	5.55
ICICI Pru MidCap Dir Gr	INF109K011N7	Jindal Stainless Ltd	Basic Materials	241.19	3.31	0.00	Nov24	7.52
ICICI Pru MidCap Dir Gr	INF109K011N7	Jindal Stainless Ltd	Basic Materials	241.19	3.31	0.00	Dec24	3.56
ICICI Pru MidCap Dir Gr	INF109K011N7	Jindal Stainless Ltd	Basic Materials	241.19	3.31	0.00	Jan25	5.32
ICICI Pru MidCap Dir Gr	INF109K011N7	Jindal Stainless Ltd	Basic Materials	241.19	3.31	0.00	Feb25	5.59
ICICI Pru MidCap Dir Gr	INF109K011N7	Jindal Stainless Ltd	Basic Materials	241.19	3.31	0.00	Mar25	15.51
ICICI Pru MidCap Dir Gr	INF109K011N7	Jindal Stainless Ltd	Basic Materials	241.19	3.31	0.00	Mar25	15.51
ICICI Pru MidCap Dir Gr	INF109K011N7	Jindal Stainless Ltd	Basic Materials	241.19	3.31	0.00	Apr25	12.51
ICICI Pru MidCap Dir Gr	INF109K011N7	Jindal Stainless Ltd	Basic Materials	241.19	3.31	0.00	May25	11.15
ICICI Pru MidCap Dir Gr	INF109K011N7	Jindal Stainless Ltd	Basic Materials	241.19	3.31	0.00	June25	10.18
ICICI Pru MidCap Dir Gr	INF109K011N7	Jindal Stainless Ltd	Basic Materials	241.19	3.31	0.00	July25	9.19
ICICI Pru MidCap Dir Gr	INF109K011N7	Jindal Stainless Ltd	Basic Materials	241.19	3.31	0.00	Aug25	8.13
ICICI Pru MidCap Dir Gr	INF109K011N7	Vedanta Ltd	Basic Materials	224.75	3.09	0.00	Oct24	5.55
ICICI Pru MidCap Dir Gr	INF109K011N7	Vedanta Ltd	Basic Materials	224.75	3.09	0.00	Nov24	7.52
ICICI Pru MidCap Dir Gr	INF109K011N7	Vedanta Ltd	Basic Materials	224.75	3.09	0.00	Dec24	3.56
ICICI Pru MidCap Dir Gr	INF109K011N7	Vedanta Ltd	Basic Materials	224.75	3.09	0.00	Jan25	5.32
ICICI Pru MidCap Dir Gr	INF109K011N7	Vedanta Ltd	Basic Materials	224.75	3.09	0.00	Feb25	5.59
ICICI Pru MidCap Dir Gr	INF109K011N7	Vedanta Ltd	Basic Materials	224.75	3.09	0.00	Mar25	15.51
ICICI Pru MidCap Dir Gr	INF109K011N7	Vedanta Ltd	Basic Materials	224.75	3.09	0.00	Mar25	15.51
ICICI Pru MidCap Dir Gr	INF109K011N7	Vedanta Ltd	Basic Materials	224.75	3.09	0.00	Apr25	12.51
ICICI Pru MidCap Dir Gr	INF109K011N7	Vedanta Ltd	Basic Materials	224.75	3.09	0.00	May25	11.15
ICICI Pru MidCap Dir Gr	INF109K011N7	Vedanta Ltd	Basic Materials	224.75	3.09	0.00	June25	10.18
ICICI Pru MidCap Dir Gr	INF109K011N7	Vedanta Ltd	Basic Materials	224.75	3.09	0.00	July25	9.19
ICICI Pru MidCap Dir Gr	INF109K011N7	Vedanta Ltd	Basic Materials	224.75	3.09	0.00	Aug25	8.13
ICICI Pru MidCap Dir Gr	INF109K011N7	Bharat Forge Ltd	Consumer Cyclical	224.55	3.08	0.00	Oct24	5.55
ICICI Pru MidCap Dir Gr	INF109K011N7	Bharat Forge Ltd	Consumer Cyclical	224.55	3.08	0.00	Nov24	7.52
ICICI Pru MidCap Dir Gr	INF109K011N7	Bharat Forge Ltd	Consumer Cyclical	224.55	3.08	0.00	Dec24	3.56
ICICI Pru MidCap Dir Gr	INF109K011N7	Bharat Forge Ltd	Consumer Cyclical	224.55	3.08	0.00	Jan25	5.32
ICICI Pru MidCap Dir Gr	INF109K011N7	Bharat Forge Ltd	Consumer Cyclical	224.55	3.08	0.00	Feb25	5.59
ICICI Pru MidCap Dir Gr	INF109K011N7	Bharat Forge Ltd	Consumer Cyclical	224.55	3.08	0.00	Mar25	15.51
ICICI Pru MidCap Dir Gr	INF109K011N7	Bharat Forge Ltd	Consumer Cyclical	224.55	3.08	0.00	Mar25	15.51
ICICI Pru MidCap Dir Gr	INF109K011N7	Bharat Forge Ltd	Consumer Cyclical	224.55	3.08	0.00	Apr25	12.51
ICICI Pru MidCap Dir Gr	INF109K011N7	Bharat Forge Ltd	Consumer Cyclical	224.55	3.08	0.00	May25	11.15
ICICI Pru MidCap Dir Gr	INF109K011N7	Bharat Forge Ltd	Consumer Cyclical	224.55	3.08	0.00	June25	10.18
ICICI Pru MidCap Dir Gr	INF109K011N7	Bharat Forge Ltd	Consumer Cyclical	224.55	3.08	0.00	July25	9.19
ICICI Pru MidCap Dir Gr	INF109K011N7	Bharat Forge Ltd	Consumer Cyclical	224.55	3.08	0.00	Aug25	8.13
ICICI Pru MidCap Dir Gr	INF109K011N7	Bharti Hexacom Ltd	Communication Services	221.20	3.04	0.00	Oct24	5.55
ICICI Pru MidCap Dir Gr	INF109K011N7	Bharti Hexacom Ltd	Communication Services	221.20	3.04	0.00	Nov24	7.52
ICICI Pru MidCap Dir Gr	INF109K011N7	Bharti Hexacom Ltd	Communication Services	221.20	3.04	0.00	Dec24	3.56
ICICI Pru MidCap Dir Gr	INF109K011N7	Bharti Hexacom Ltd	Communication Services	221.20	3.04	0.00	Jan25	5.32
ICICI Pru MidCap Dir Gr	INF109K011N7	Bharti Hexacom Ltd	Communication Services	221.20	3.04	0.00	Feb25	5.59
ICICI Pru MidCap Dir Gr	INF109K011N7	Bharti Hexacom Ltd	Communication Services	221.20	3.04	0.00	Mar25	15.51
ICICI Pru MidCap Dir Gr	INF109K011N7	Bharti Hexacom Ltd	Communication Services	221.20	3.04	0.00	Mar25	15.51
ICICI Pru MidCap Dir Gr	INF109K011N7	Bharti Hexacom Ltd	Communication Services	221.20	3.04	0.00	Apr25	12.51
ICICI Pru MidCap Dir Gr	INF109K011N7	Bharti Hexacom Ltd	Communication Services	221.20	3.04	0.00	May25	11.15
ICICI Pru MidCap Dir Gr	INF109K011N7	Bharti Hexacom Ltd	Communication Services	221.20	3.04	0.00	June25	10.18
ICICI Pru MidCap Dir Gr	INF109K011N7	Bharti Hexacom Ltd	Communication Services	221.20	3.04	0.00	July25	9.19
ICICI Pru MidCap Dir Gr	INF109K011N7	Bharti Hexacom Ltd	Communication Services	221.20	3.04	0.00	Aug25	8.13
ICICI Pru MidCap Dir Gr	INF109K011N7	UPL Ltd	Basic Materials	220.89	3.03	0.00	Oct24	5.55
ICICI Pru MidCap Dir Gr	INF109K011N7	UPL Ltd	Basic Materials	220.89	3.03	0.00	Nov24	7.52
ICICI Pru MidCap Dir Gr	INF109K011N7	UPL Ltd	Basic Materials	220.89	3.03	0.00	Dec24	3.56
ICICI Pru MidCap Dir Gr	INF109K011N7	UPL Ltd	Basic Materials	220.89	3.03	0.00	Jan25	5.32
ICICI Pru MidCap Dir Gr	INF109K011N7	UPL Ltd	Basic Materials	220.89	3.03	0.00	Feb25	5.59
ICICI Pru MidCap Dir Gr	INF109K011N7	UPL Ltd	Basic Materials	220.89	3.03	0.00	Mar25	15.51
ICICI Pru MidCap Dir Gr	INF109K011N7	UPL Ltd	Basic Materials	220.89	3.03	0.00	Mar25	15.51
ICICI Pru MidCap Dir Gr	INF109K011N7	UPL Ltd	Basic Materials	220.89	3.03	0.00	Apr25	12.51
ICICI Pru MidCap Dir Gr	INF109K011N7	UPL Ltd	Basic Materials	220.89	3.03	0.00	May25	11.15
ICICI Pru MidCap Dir Gr	INF109K011N7	UPL Ltd	Basic Materials	220.89	3.03	0.00	June25	10.18
ICICI Pru MidCap Dir Gr	INF109K011N7	UPL Ltd	Basic Materials	220.89	3.03	0.00	July25	9.19
ICICI Pru MidCap Dir Gr	INF109K011N7	UPL Ltd	Basic Materials	220.89	3.03	0.00	Aug25	8.13
ICICI Pru MidCap Dir Gr	INF109K011N7	KEI Industries Ltd	Industrials	212.66	2.92	0.00	Oct24	5.55
ICICI Pru MidCap Dir Gr	INF109K011N7	KEI Industries Ltd	Industrials	212.66	2.92	0.00	Nov24	7.52
ICICI Pru MidCap Dir Gr	INF109K011N7	KEI Industries Ltd	Industrials	212.66	2.92	0.00	Dec24	3.56
ICICI Pru MidCap Dir Gr	INF109K011N7	KEI Industries Ltd	Industrials	212.66	2.92	0.00	Jan25	5.32
ICICI Pru MidCap Dir Gr	INF109K011N7	KEI Industries Ltd	Industrials	212.66	2.92	0.00	Feb25	5.59
ICICI Pru MidCap Dir Gr	INF109K011N7	KEI Industries Ltd	Industrials	212.66	2.92	0.00	Mar25	15.51
ICICI Pru MidCap Dir Gr	INF109K011N7	KEI Industries Ltd	Industrials	212.66	2.92	0.00	Mar25	15.51
ICICI Pru MidCap Dir Gr	INF109K011N7	KEI Industries Ltd	Industrials	212.66	2.92	0.00	Apr25	12.51
ICICI Pru MidCap Dir Gr	INF109K011N7	KEI Industries Ltd	Industrials	212.66	2.92	0.00	May25	11.15
ICICI Pru MidCap Dir Gr	INF109K011N7	KEI Industries Ltd	Industrials	212.66	2.92	0.00	June25	10.18
ICICI Pru MidCap Dir Gr	INF109K011N7	KEI Industries Ltd	Industrials	212.66	2.92	0.00	July25	9.19
ICICI Pru MidCap Dir Gr	INF109K011N7	KEI Industries Ltd	Industrials	212.66	2.92	0.00	Aug25	8.13
ICICI Pru MidCap Dir Gr	INF109K011N7	PB Fintech Ltd	Financial Services	208.70	2.87	7.64	Oct24	5.55
ICICI Pru MidCap Dir Gr	INF109K011N7	PB Fintech Ltd	Financial Services	208.70	2.87	7.64	Nov24	7.52
ICICI Pru MidCap Dir Gr	INF109K011N7	PB Fintech Ltd	Financial Services	208.70	2.87	7.64	Dec24	3.56
ICICI Pru MidCap Dir Gr	INF109K011N7	PB Fintech Ltd	Financial Services	208.70	2.87	7.64	Jan25	5.32
ICICI Pru MidCap Dir Gr	INF109K011N7	PB Fintech Ltd	Financial Services	208.70	2.87	7.64	Feb25	5.59
ICICI Pru MidCap Dir Gr	INF109K011N7	PB Fintech Ltd	Financial Services	208.70	2.87	7.64	Mar25	15.51
ICICI Pru MidCap Dir Gr	INF109K011N7	PB Fintech Ltd	Financial Services	208.70	2.87	7.64	Mar25	15.51
ICICI Pru MidCap Dir Gr	INF109K011N7	PB Fintech Ltd	Financial Services	208.70	2.87	7.64	Apr25	12.51
ICICI Pru MidCap Dir Gr	INF109K011N7	PB Fintech Ltd	Financial Services	208.70	2.87	7.64	May25	11.15
ICICI Pru MidCap Dir Gr	INF109K011N7	PB Fintech Ltd	Financial Services	208.70	2.87	7.64	June25	10.18
ICICI Pru MidCap Dir Gr	INF109K011N7	PB Fintech Ltd	Financial Services	208.70	2.87	7.64	July25	9.19
ICICI Pru MidCap Dir Gr	INF109K011N7	PB Fintech Ltd	Financial Services	208.70	2.87	7.64	Aug25	8.13
ICICI Pru MidCap Dir Gr	INF109K011N7	Prestige Estates Projects Ltd	Real Estate	197.53	2.71	0.00	Oct24	5.55
ICICI Pru MidCap Dir Gr	INF109K011N7	Prestige Estates Projects Ltd	Real Estate	197.53	2.71	0.00	Nov24	7.52
ICICI Pru MidCap Dir Gr	INF109K011N7	Prestige Estates Projects Ltd	Real Estate	197.53	2.71	0.00	Dec24	3.56
ICICI Pru MidCap Dir Gr	INF109K011N7	Prestige Estates Projects Ltd	Real Estate	197.53	2.71	0.00	Jan25	5.32
ICICI Pru MidCap Dir Gr	INF109K011N7	Prestige Estates Projects Ltd	Real Estate	197.53	2.71	0.00	Feb25	5.59
ICICI Pru MidCap Dir Gr	INF109K011N7	Prestige Estates Projects Ltd	Real Estate	197.53	2.71	0.00	Mar25	15.51
ICICI Pru MidCap Dir Gr	INF109K011N7	Prestige Estates Projects Ltd	Real Estate	197.53	2.71	0.00	Mar25	15.51
ICICI Pru MidCap Dir Gr	INF109K011N7	Prestige Estates Projects Ltd	Real Estate	197.53	2.71	0.00	Apr25	12.51
ICICI Pru MidCap Dir Gr	INF109K011N7	Prestige Estates Projects Ltd	Real Estate	197.53	2.71	0.00	May25	11.15
ICICI Pru MidCap Dir Gr	INF109K011N7	Prestige Estates Projects Ltd	Real Estate	197.53	2.71	0.00	June25	10.18
ICICI Pru MidCap Dir Gr	INF109K011N7	Prestige Estates Projects Ltd	Real Estate	197.53	2.71	0.00	July25	9.19
ICICI Pru MidCap Dir Gr	INF109K011N7	Prestige Estates Projects Ltd	Real Estate	197.53	2.71	0.00	Aug25	8.13
ICICI Pru MidCap Dir Gr	INF109K011N7	Nippon Life India Asset Management Ltd Ordinary Shares	Financial Services	153.17	2.10	0.00	Oct24	5.55
ICICI Pru MidCap Dir Gr	INF109K011N7	Nippon Life India Asset Management Ltd Ordinary Shares	Financial Services	153.17	2.10	0.00	Nov24	7.52
ICICI Pru MidCap Dir Gr	INF109K011N7	Nippon Life India Asset Management Ltd Ordinary Shares	Financial Services	153.17	2.10	0.00	Dec24	3.56
ICICI Pru MidCap Dir Gr	INF109K011N7	Nippon Life India Asset Management Ltd Ordinary Shares	Financial Services	153.17	2.10	0.00	Jan25	5.32
ICICI Pru MidCap Dir Gr	INF109K011N7	Nippon Life India Asset Management Ltd Ordinary Shares	Financial Services	153.17	2.10	0.00	Feb25	5.59
ICICI Pru MidCap Dir Gr	INF109K011N7	Nippon Life India Asset Management Ltd Ordinary Shares	Financial Services	153.17	2.10	0.00	Mar25	15.51
ICICI Pru MidCap Dir Gr	INF109K011N7	Nippon Life India Asset Management Ltd Ordinary Shares	Financial Services	153.17	2.10	0.00	Mar25	15.51
ICICI Pru MidCap Dir Gr	INF109K011N7	Nippon Life India Asset Management Ltd Ordinary Shares	Financial Services	153.17	2.10	0.00	Apr25	12.51
ICICI Pru MidCap Dir Gr	INF109K011N7	Nippon Life India Asset Management Ltd Ordinary Shares	Financial Services	153.17	2.10	0.00	May25	11.15
ICICI Pru MidCap Dir Gr	INF109K011N7	Nippon Life India Asset Management Ltd Ordinary Shares	Financial Services	153.17	2.10	0.00	June25	10.18
ICICI Pru MidCap Dir Gr	INF109K011N7	Nippon Life India Asset Management Ltd Ordinary Shares	Financial Services	153.17	2.10	0.00	July25	9.19
ICICI Pru MidCap Dir Gr	INF109K011N7	Nippon Life India Asset Management Ltd Ordinary Shares	Financial Services	153.17	2.10	0.00	Aug25	8.13
ICICI Pru MidCap Dir Gr	INF109K011N7	Escorts Kubota Ltd	Industrials	149.43	2.05	0.00	Oct24	5.55
ICICI Pru MidCap Dir Gr	INF109K011N7	Escorts Kubota Ltd	Industrials	149.43	2.05	0.00	Nov24	7.52
ICICI Pru MidCap Dir Gr	INF109K011N7	Escorts Kubota Ltd	Industrials	149.43	2.05	0.00	Dec24	3.56
ICICI Pru MidCap Dir Gr	INF109K011N7	Escorts Kubota Ltd	Industrials	149.43	2.05	0.00	Jan25	5.32
ICICI Pru MidCap Dir Gr	INF109K011N7	Escorts Kubota Ltd	Industrials	149.43	2.05	0.00	Feb25	5.59
ICICI Pru MidCap Dir Gr	INF109K011N7	Escorts Kubota Ltd	Industrials	149.43	2.05	0.00	Mar25	15.51
ICICI Pru MidCap Dir Gr	INF109K011N7	Escorts Kubota Ltd	Industrials	149.43	2.05	0.00	Mar25	15.51
ICICI Pru MidCap Dir Gr	INF109K011N7	Escorts Kubota Ltd	Industrials	149.43	2.05	0.00	Apr25	12.51
ICICI Pru MidCap Dir Gr	INF109K011N7	Escorts Kubota Ltd	Industrials	149.43	2.05	0.00	May25	11.15
ICICI Pru MidCap Dir Gr	INF109K011N7	Escorts Kubota Ltd	Industrials	149.43	2.05	0.00	June25	10.18
ICICI Pru MidCap Dir Gr	INF109K011N7	Escorts Kubota Ltd	Industrials	149.43	2.05	0.00	July25	9.19
ICICI Pru MidCap Dir Gr	INF109K011N7	Escorts Kubota Ltd	Industrials	149.43	2.05	0.00	Aug25	8.13
ICICI Pru MidCap Dir Gr	INF109K011N7	Cummins India Ltd	Industrials	145.67	2.00	0.00	Oct24	5.55
ICICI Pru MidCap Dir Gr	INF109K011N7	Cummins India Ltd	Industrials	145.67	2.00	0.00	Nov24	7.52
ICICI Pru MidCap Dir Gr	INF109K011N7	Cummins India Ltd	Industrials	145.67	2.00	0.00	Dec24	3.56
ICICI Pru MidCap Dir Gr	INF109K011N7	Cummins India Ltd	Industrials	145.67	2.00	0.00	Jan25	5.32
ICICI Pru MidCap Dir Gr	INF109K011N7	Cummins India Ltd	Industrials	145.67	2.00	0.00	Feb25	5.59
ICICI Pru MidCap Dir Gr	INF109K011N7	Cummins India Ltd	Industrials	145.67	2.00	0.00	Mar25	15.51
ICICI Pru MidCap Dir Gr	INF109K011N7	Cummins India Ltd	Industrials	145.67	2.00	0.00	Mar25	15.51
ICICI Pru MidCap Dir Gr	INF109K011N7	Cummins India Ltd	Industrials	145.67	2.00	0.00	Apr25	12.51
ICICI Pru MidCap Dir Gr	INF109K011N7	Cummins India Ltd	Industrials	145.67	2.00	0.00	May25	11.15
ICICI Pru MidCap Dir Gr	INF109K011N7	Cummins India Ltd	Industrials	145.67	2.00	0.00	June25	10.18
ICICI Pru MidCap Dir Gr	INF109K011N7	Cummins India Ltd	Industrials	145.67	2.00	0.00	July25	9.19
ICICI Pru MidCap Dir Gr	INF109K011N7	Cummins India Ltd	Industrials	145.67	2.00	0.00	Aug25	8.13
ICICI Pru MidCap Dir Gr	INF109K011N7	GE Vernova T&D India Ltd	Industrials	137.99	1.90	0.00	Oct24	5.55
ICICI Pru MidCap Dir Gr	INF109K011N7	GE Vernova T&D India Ltd	Industrials	137.99	1.90	0.00	Nov24	7.52
ICICI Pru MidCap Dir Gr	INF109K011N7	GE Vernova T&D India Ltd	Industrials	137.99	1.90	0.00	Dec24	3.56
ICICI Pru MidCap Dir Gr	INF109K011N7	GE Vernova T&D India Ltd	Industrials	137.99	1.90	0.00	Jan25	5.32
ICICI Pru MidCap Dir Gr	INF109K011N7	GE Vernova T&D India Ltd	Industrials	137.99	1.90	0.00	Feb25	5.59
ICICI Pru MidCap Dir Gr	INF109K011N7	GE Vernova T&D India Ltd	Industrials	137.99	1.90	0.00	Mar25	15.51
ICICI Pru MidCap Dir Gr	INF109K011N7	GE Vernova T&D India Ltd	Industrials	137.99	1.90	0.00	Mar25	15.51
ICICI Pru MidCap Dir Gr	INF109K011N7	GE Vernova T&D India Ltd	Industrials	137.99	1.90	0.00	Apr25	12.51
ICICI Pru MidCap Dir Gr	INF109K011N7	GE Vernova T&D India Ltd	Industrials	137.99	1.90	0.00	May25	11.15
ICICI Pru MidCap Dir Gr	INF109K011N7	GE Vernova T&D India Ltd	Industrials	137.99	1.90	0.00	June25	10.18
ICICI Pru MidCap Dir Gr	INF109K011N7	GE Vernova T&D India Ltd	Industrials	137.99	1.90	0.00	July25	9.19
ICICI Pru MidCap Dir Gr	INF109K011N7	GE Vernova T&D India Ltd	Industrials	137.99	1.90	0.00	Aug25	8.13
ICICI Pru MidCap Dir Gr	INF109K011N7	K.P.R. Mill Ltd	Consumer Cyclical	137.70	1.89	35.72	Oct24	5.55
ICICI Pru MidCap Dir Gr	INF109K011N7	K.P.R. Mill Ltd	Consumer Cyclical	137.70	1.89	35.72	Nov24	7.52
ICICI Pru MidCap Dir Gr	INF109K011N7	K.P.R. Mill Ltd	Consumer Cyclical	137.70	1.89	35.72	Dec24	3.56
ICICI Pru MidCap Dir Gr	INF109K011N7	K.P.R. Mill Ltd	Consumer Cyclical	137.70	1.89	35.72	Jan25	5.32
ICICI Pru MidCap Dir Gr	INF109K011N7	K.P.R. Mill Ltd	Consumer Cyclical	137.70	1.89	35.72	Feb25	5.59
ICICI Pru MidCap Dir Gr	INF109K011N7	K.P.R. Mill Ltd	Consumer Cyclical	137.70	1.89	35.72	Mar25	15.51
ICICI Pru MidCap Dir Gr	INF109K011N7	K.P.R. Mill Ltd	Consumer Cyclical	137.70	1.89	35.72	Mar25	15.51
ICICI Pru MidCap Dir Gr	INF109K011N7	K.P.R. Mill Ltd	Consumer Cyclical	137.70	1.89	35.72	Apr25	12.51
ICICI Pru MidCap Dir Gr	INF109K011N7	K.P.R. Mill Ltd	Consumer Cyclical	137.70	1.89	35.72	May25	11.15
ICICI Pru MidCap Dir Gr	INF109K011N7	K.P.R. Mill Ltd	Consumer Cyclical	137.70	1.89	35.72	June25	10.18
ICICI Pru MidCap Dir Gr	INF109K011N7	K.P.R. Mill Ltd	Consumer Cyclical	137.70	1.89	35.72	July25	9.19
ICICI Pru MidCap Dir Gr	INF109K011N7	K.P.R. Mill Ltd	Consumer Cyclical	137.70	1.89	35.72	Aug25	8.13
ICICI Pru MidCap Dir Gr	INF109K011N7	SRF Ltd	Industrials	130.83	1.80	0.00	Oct24	5.55
ICICI Pru MidCap Dir Gr	INF109K011N7	SRF Ltd	Industrials	130.83	1.80	0.00	Nov24	7.52
ICICI Pru MidCap Dir Gr	INF109K011N7	SRF Ltd	Industrials	130.83	1.80	0.00	Dec24	3.56
ICICI Pru MidCap Dir Gr	INF109K011N7	SRF Ltd	Industrials	130.83	1.80	0.00	Jan25	5.32
ICICI Pru MidCap Dir Gr	INF109K011N7	SRF Ltd	Industrials	130.83	1.80	0.00	Feb25	5.59
ICICI Pru MidCap Dir Gr	INF109K011N7	SRF Ltd	Industrials	130.83	1.80	0.00	Mar25	15.51
ICICI Pru MidCap Dir Gr	INF109K011N7	SRF Ltd	Industrials	130.83	1.80	0.00	Mar25	15.51
ICICI Pru MidCap Dir Gr	INF109K011N7	SRF Ltd	Industrials	130.83	1.80	0.00	Apr25	12.51
ICICI Pru MidCap Dir Gr	INF109K011N7	SRF Ltd	Industrials	130.83	1.80	0.00	May25	11.15
ICICI Pru MidCap Dir Gr	INF109K011N7	SRF Ltd	Industrials	130.83	1.80	0.00	June25	10.18
ICICI Pru MidCap Dir Gr	INF109K011N7	SRF Ltd	Industrials	130.83	1.80	0.00	July25	9.19
ICICI Pru MidCap Dir Gr	INF109K011N7	SRF Ltd	Industrials	130.83	1.80	0.00	Aug25	8.13
ICICI Pru MidCap Dir Gr	INF109K011N7	Godrej Properties Ltd	Real Estate	128.15	1.76	0.00	Oct24	5.55
ICICI Pru MidCap Dir Gr	INF109K011N7	Godrej Properties Ltd	Real Estate	128.15	1.76	0.00	Nov24	7.52
ICICI Pru MidCap Dir Gr	INF109K011N7	Godrej Properties Ltd	Real Estate	128.15	1.76	0.00	Dec24	3.56
ICICI Pru MidCap Dir Gr	INF109K011N7	Godrej Properties Ltd	Real Estate	128.15	1.76	0.00	Jan25	5.32
ICICI Pru MidCap Dir Gr	INF109K011N7	Godrej Properties Ltd	Real Estate	128.15	1.76	0.00	Feb25	5.59
ICICI Pru MidCap Dir Gr	INF109K011N7	Godrej Properties Ltd	Real Estate	128.15	1.76	0.00	Mar25	15.51
ICICI Pru MidCap Dir Gr	INF109K011N7	Godrej Properties Ltd	Real Estate	128.15	1.76	0.00	Mar25	15.51
ICICI Pru MidCap Dir Gr	INF109K011N7	Godrej Properties Ltd	Real Estate	128.15	1.76	0.00	Apr25	12.51
ICICI Pru MidCap Dir Gr	INF109K011N7	Godrej Properties Ltd	Real Estate	128.15	1.76	0.00	May25	11.15
ICICI Pru MidCap Dir Gr	INF109K011N7	Godrej Properties Ltd	Real Estate	128.15	1.76	0.00	June25	10.18
ICICI Pru MidCap Dir Gr	INF109K011N7	Godrej Properties Ltd	Real Estate	128.15	1.76	0.00	July25	9.19
ICICI Pru MidCap Dir Gr	INF109K011N7	Godrej Properties Ltd	Real Estate	128.15	1.76	0.00	Aug25	8.13
ICICI Pru MidCap Dir Gr	INF109K011N7	360 One Wam Ltd Ordinary Shares	Financial Services	125.24	1.72	0.00	Oct24	5.55
ICICI Pru MidCap Dir Gr	INF109K011N7	360 One Wam Ltd Ordinary Shares	Financial Services	125.24	1.72	0.00	Nov24	7.52
ICICI Pru MidCap Dir Gr	INF109K011N7	360 One Wam Ltd Ordinary Shares	Financial Services	125.24	1.72	0.00	Dec24	3.56
ICICI Pru MidCap Dir Gr	INF109K011N7	360 One Wam Ltd Ordinary Shares	Financial Services	125.24	1.72	0.00	Jan25	5.32
ICICI Pru MidCap Dir Gr	INF109K011N7	360 One Wam Ltd Ordinary Shares	Financial Services	125.24	1.72	0.00	Feb25	5.59
ICICI Pru MidCap Dir Gr	INF109K011N7	360 One Wam Ltd Ordinary Shares	Financial Services	125.24	1.72	0.00	Mar25	15.51
ICICI Pru MidCap Dir Gr	INF109K011N7	360 One Wam Ltd Ordinary Shares	Financial Services	125.24	1.72	0.00	Mar25	15.51
ICICI Pru MidCap Dir Gr	INF109K011N7	360 One Wam Ltd Ordinary Shares	Financial Services	125.24	1.72	0.00	Apr25	12.51
ICICI Pru MidCap Dir Gr	INF109K011N7	360 One Wam Ltd Ordinary Shares	Financial Services	125.24	1.72	0.00	May25	11.15
ICICI Pru MidCap Dir Gr	INF109K011N7	360 One Wam Ltd Ordinary Shares	Financial Services	125.24	1.72	0.00	June25	10.18
ICICI Pru MidCap Dir Gr	INF109K011N7	360 One Wam Ltd Ordinary Shares	Financial Services	125.24	1.72	0.00	July25	9.19
ICICI Pru MidCap Dir Gr	INF109K011N7	360 One Wam Ltd Ordinary Shares	Financial Services	125.24	1.72	0.00	Aug25	8.13
ICICI Pru MidCap Dir Gr	INF109K011N7	Schaeffler India Ltd	Consumer Cyclical	124.04	1.70	0.00	Oct24	5.55
ICICI Pru MidCap Dir Gr	INF109K011N7	Schaeffler India Ltd	Consumer Cyclical	124.04	1.70	0.00	Nov24	7.52
ICICI Pru MidCap Dir Gr	INF109K011N7	Schaeffler India Ltd	Consumer Cyclical	124.04	1.70	0.00	Dec24	3.56
ICICI Pru MidCap Dir Gr	INF109K011N7	Schaeffler India Ltd	Consumer Cyclical	124.04	1.70	0.00	Jan25	5.32
ICICI Pru MidCap Dir Gr	INF109K011N7	Schaeffler India Ltd	Consumer Cyclical	124.04	1.70	0.00	Feb25	5.59
ICICI Pru MidCap Dir Gr	INF109K011N7	Schaeffler India Ltd	Consumer Cyclical	124.04	1.70	0.00	Mar25	15.51
ICICI Pru MidCap Dir Gr	INF109K011N7	Schaeffler India Ltd	Consumer Cyclical	124.04	1.70	0.00	Mar25	15.51
ICICI Pru MidCap Dir Gr	INF109K011N7	Schaeffler India Ltd	Consumer Cyclical	124.04	1.70	0.00	Apr25	12.51
ICICI Pru MidCap Dir Gr	INF109K011N7	Schaeffler India Ltd	Consumer Cyclical	124.04	1.70	0.00	May25	11.15
ICICI Pru MidCap Dir Gr	INF109K011N7	Schaeffler India Ltd	Consumer Cyclical	124.04	1.70	0.00	June25	10.18
ICICI Pru MidCap Dir Gr	INF109K011N7	Schaeffler India Ltd	Consumer Cyclical	124.04	1.70	0.00	July25	9.19
ICICI Pru MidCap Dir Gr	INF109K011N7	Schaeffler India Ltd	Consumer Cyclical	124.04	1.70	0.00	Aug25	8.13
ICICI Pru MidCap Dir Gr	INF109K011N7	Navin Fluorine International Ltd	Basic Materials	119.37	1.64	0.00	Oct24	5.55
ICICI Pru MidCap Dir Gr	INF109K011N7	Navin Fluorine International Ltd	Basic Materials	119.37	1.64	0.00	Nov24	7.52
ICICI Pru MidCap Dir Gr	INF109K011N7	Navin Fluorine International Ltd	Basic Materials	119.37	1.64	0.00	Dec24	3.56
ICICI Pru MidCap Dir Gr	INF109K011N7	Navin Fluorine International Ltd	Basic Materials	119.37	1.64	0.00	Jan25	5.32
ICICI Pru MidCap Dir Gr	INF109K011N7	Navin Fluorine International Ltd	Basic Materials	119.37	1.64	0.00	Feb25	5.59
ICICI Pru MidCap Dir Gr	INF109K011N7	Navin Fluorine International Ltd	Basic Materials	119.37	1.64	0.00	Mar25	15.51
ICICI Pru MidCap Dir Gr	INF109K011N7	Navin Fluorine International Ltd	Basic Materials	119.37	1.64	0.00	Mar25	15.51
ICICI Pru MidCap Dir Gr	INF109K011N7	Navin Fluorine International Ltd	Basic Materials	119.37	1.64	0.00	Apr25	12.51
ICICI Pru MidCap Dir Gr	INF109K011N7	Navin Fluorine International Ltd	Basic Materials	119.37	1.64	0.00	May25	11.15
ICICI Pru MidCap Dir Gr	INF109K011N7	Navin Fluorine International Ltd	Basic Materials	119.37	1.64	0.00	June25	10.18
ICICI Pru MidCap Dir Gr	INF109K011N7	Navin Fluorine International Ltd	Basic Materials	119.37	1.64	0.00	July25	9.19
ICICI Pru MidCap Dir Gr	INF109K011N7	Navin Fluorine International Ltd	Basic Materials	119.37	1.64	0.00	Aug25	8.13
ICICI Pru MidCap Dir Gr	INF109K011N7	Hitachi Energy India Ltd Ordinary Shares	Industrials	118.21	1.62	0.00	Oct24	5.55
ICICI Pru MidCap Dir Gr	INF109K011N7	Hitachi Energy India Ltd Ordinary Shares	Industrials	118.21	1.62	0.00	Nov24	7.52
ICICI Pru MidCap Dir Gr	INF109K011N7	Hitachi Energy India Ltd Ordinary Shares	Industrials	118.21	1.62	0.00	Dec24	3.56
ICICI Pru MidCap Dir Gr	INF109K011N7	Hitachi Energy India Ltd Ordinary Shares	Industrials	118.21	1.62	0.00	Jan25	5.32
ICICI Pru MidCap Dir Gr	INF109K011N7	Hitachi Energy India Ltd Ordinary Shares	Industrials	118.21	1.62	0.00	Feb25	5.59
ICICI Pru MidCap Dir Gr	INF109K011N7	Hitachi Energy India Ltd Ordinary Shares	Industrials	118.21	1.62	0.00	Mar25	15.51
ICICI Pru MidCap Dir Gr	INF109K011N7	Hitachi Energy India Ltd Ordinary Shares	Industrials	118.21	1.62	0.00	Mar25	15.51
ICICI Pru MidCap Dir Gr	INF109K011N7	Hitachi Energy India Ltd Ordinary Shares	Industrials	118.21	1.62	0.00	Apr25	12.51
ICICI Pru MidCap Dir Gr	INF109K011N7	Hitachi Energy India Ltd Ordinary Shares	Industrials	118.21	1.62	0.00	May25	11.15
ICICI Pru MidCap Dir Gr	INF109K011N7	Hitachi Energy India Ltd Ordinary Shares	Industrials	118.21	1.62	0.00	June25	10.18
ICICI Pru MidCap Dir Gr	INF109K011N7	Hitachi Energy India Ltd Ordinary Shares	Industrials	118.21	1.62	0.00	July25	9.19
ICICI Pru MidCap Dir Gr	INF109K011N7	Hitachi Energy India Ltd Ordinary Shares	Industrials	118.21	1.62	0.00	Aug25	8.13
ICICI Pru MidCap Dir Gr	INF109K011N7	PI Industries Ltd	Basic Materials	110.50	1.52	0.00	Oct24	5.55
ICICI Pru MidCap Dir Gr	INF109K011N7	PI Industries Ltd	Basic Materials	110.50	1.52	0.00	Nov24	7.52
ICICI Pru MidCap Dir Gr	INF109K011N7	PI Industries Ltd	Basic Materials	110.50	1.52	0.00	Dec24	3.56
ICICI Pru MidCap Dir Gr	INF109K011N7	PI Industries Ltd	Basic Materials	110.50	1.52	0.00	Jan25	5.32
ICICI Pru MidCap Dir Gr	INF109K011N7	PI Industries Ltd	Basic Materials	110.50	1.52	0.00	Feb25	5.59
ICICI Pru MidCap Dir Gr	INF109K011N7	PI Industries Ltd	Basic Materials	110.50	1.52	0.00	Mar25	15.51
ICICI Pru MidCap Dir Gr	INF109K011N7	PI Industries Ltd	Basic Materials	110.50	1.52	0.00	Mar25	15.51
ICICI Pru MidCap Dir Gr	INF109K011N7	PI Industries Ltd	Basic Materials	110.50	1.52	0.00	Apr25	12.51
ICICI Pru MidCap Dir Gr	INF109K011N7	PI Industries Ltd	Basic Materials	110.50	1.52	0.00	May25	11.15
ICICI Pru MidCap Dir Gr	INF109K011N7	PI Industries Ltd	Basic Materials	110.50	1.52	0.00	June25	10.18
ICICI Pru MidCap Dir Gr	INF109K011N7	PI Industries Ltd	Basic Materials	110.50	1.52	0.00	July25	9.19
ICICI Pru MidCap Dir Gr	INF109K011N7	PI Industries Ltd	Basic Materials	110.50	1.52	0.00	Aug25	8.13
ICICI Pru MidCap Dir Gr	INF109K011N7	Treps		108.54	1.49		Oct24	5.55
ICICI Pru MidCap Dir Gr	INF109K011N7	Treps		108.54	1.49		Nov24	7.52
ICICI Pru MidCap Dir Gr	INF109K011N7	Treps		108.54	1.49		Dec24	3.56
ICICI Pru MidCap Dir Gr	INF109K011N7	Treps		108.54	1.49		Jan25	5.32
ICICI Pru MidCap Dir Gr	INF109K011N7	Treps		108.54	1.49		Feb25	5.59
ICICI Pru MidCap Dir Gr	INF109K011N7	Treps		108.54	1.49		Mar25	15.51
ICICI Pru MidCap Dir Gr	INF109K011N7	Treps		108.54	1.49		Mar25	15.51
ICICI Pru MidCap Dir Gr	INF109K011N7	Treps		108.54	1.49		Apr25	12.51
ICICI Pru MidCap Dir Gr	INF109K011N7	Treps		108.54	1.49		May25	11.15
ICICI Pru MidCap Dir Gr	INF109K011N7	Treps		108.54	1.49		June25	10.18
ICICI Pru MidCap Dir Gr	INF109K011N7	Treps		108.54	1.49		July25	9.19
ICICI Pru MidCap Dir Gr	INF109K011N7	Treps		108.54	1.49		Aug25	8.13
ICICI Pru MidCap Dir Gr	INF109K011N7	National Aluminium Co Ltd	Basic Materials	106.73	1.47	0.00	Oct24	5.55
ICICI Pru MidCap Dir Gr	INF109K011N7	National Aluminium Co Ltd	Basic Materials	106.73	1.47	0.00	Nov24	7.52
ICICI Pru MidCap Dir Gr	INF109K011N7	National Aluminium Co Ltd	Basic Materials	106.73	1.47	0.00	Dec24	3.56
ICICI Pru MidCap Dir Gr	INF109K011N7	National Aluminium Co Ltd	Basic Materials	106.73	1.47	0.00	Jan25	5.32
ICICI Pru MidCap Dir Gr	INF109K011N7	National Aluminium Co Ltd	Basic Materials	106.73	1.47	0.00	Feb25	5.59
ICICI Pru MidCap Dir Gr	INF109K011N7	National Aluminium Co Ltd	Basic Materials	106.73	1.47	0.00	Mar25	15.51
ICICI Pru MidCap Dir Gr	INF109K011N7	National Aluminium Co Ltd	Basic Materials	106.73	1.47	0.00	Mar25	15.51
ICICI Pru MidCap Dir Gr	INF109K011N7	National Aluminium Co Ltd	Basic Materials	106.73	1.47	0.00	Apr25	12.51
ICICI Pru MidCap Dir Gr	INF109K011N7	National Aluminium Co Ltd	Basic Materials	106.73	1.47	0.00	May25	11.15
ICICI Pru MidCap Dir Gr	INF109K011N7	National Aluminium Co Ltd	Basic Materials	106.73	1.47	0.00	June25	10.18
ICICI Pru MidCap Dir Gr	INF109K011N7	National Aluminium Co Ltd	Basic Materials	106.73	1.47	0.00	July25	9.19
ICICI Pru MidCap Dir Gr	INF109K011N7	National Aluminium Co Ltd	Basic Materials	106.73	1.47	0.00	Aug25	8.13
ICICI Pru MidCap Dir Gr	INF109K011N7	IndusInd Bank Ltd	Financial Services	105.24	1.45	0.00	Oct24	5.55
ICICI Pru MidCap Dir Gr	INF109K011N7	IndusInd Bank Ltd	Financial Services	105.24	1.45	0.00	Nov24	7.52
ICICI Pru MidCap Dir Gr	INF109K011N7	IndusInd Bank Ltd	Financial Services	105.24	1.45	0.00	Dec24	3.56
ICICI Pru MidCap Dir Gr	INF109K011N7	IndusInd Bank Ltd	Financial Services	105.24	1.45	0.00	Jan25	5.32
ICICI Pru MidCap Dir Gr	INF109K011N7	IndusInd Bank Ltd	Financial Services	105.24	1.45	0.00	Feb25	5.59
ICICI Pru MidCap Dir Gr	INF109K011N7	IndusInd Bank Ltd	Financial Services	105.24	1.45	0.00	Mar25	15.51
ICICI Pru MidCap Dir Gr	INF109K011N7	IndusInd Bank Ltd	Financial Services	105.24	1.45	0.00	Mar25	15.51
ICICI Pru MidCap Dir Gr	INF109K011N7	IndusInd Bank Ltd	Financial Services	105.24	1.45	0.00	Apr25	12.51
ICICI Pru MidCap Dir Gr	INF109K011N7	IndusInd Bank Ltd	Financial Services	105.24	1.45	0.00	May25	11.15
ICICI Pru MidCap Dir Gr	INF109K011N7	IndusInd Bank Ltd	Financial Services	105.24	1.45	0.00	June25	10.18
ICICI Pru MidCap Dir Gr	INF109K011N7	IndusInd Bank Ltd	Financial Services	105.24	1.45	0.00	July25	9.19
ICICI Pru MidCap Dir Gr	INF109K011N7	IndusInd Bank Ltd	Financial Services	105.24	1.45	0.00	Aug25	8.13
ICICI Pru MidCap Dir Gr	INF109K011N7	Info Edge (India) Ltd	Communication Services	103.53	1.42	0.00	Oct24	5.55
ICICI Pru MidCap Dir Gr	INF109K011N7	Info Edge (India) Ltd	Communication Services	103.53	1.42	0.00	Nov24	7.52
ICICI Pru MidCap Dir Gr	INF109K011N7	Info Edge (India) Ltd	Communication Services	103.53	1.42	0.00	Dec24	3.56
ICICI Pru MidCap Dir Gr	INF109K011N7	Info Edge (India) Ltd	Communication Services	103.53	1.42	0.00	Jan25	5.32
ICICI Pru MidCap Dir Gr	INF109K011N7	Info Edge (India) Ltd	Communication Services	103.53	1.42	0.00	Feb25	5.59
ICICI Pru MidCap Dir Gr	INF109K011N7	Info Edge (India) Ltd	Communication Services	103.53	1.42	0.00	Mar25	15.51
ICICI Pru MidCap Dir Gr	INF109K011N7	Info Edge (India) Ltd	Communication Services	103.53	1.42	0.00	Mar25	15.51
ICICI Pru MidCap Dir Gr	INF109K011N7	Info Edge (India) Ltd	Communication Services	103.53	1.42	0.00	Apr25	12.51
ICICI Pru MidCap Dir Gr	INF109K011N7	Info Edge (India) Ltd	Communication Services	103.53	1.42	0.00	May25	11.15
ICICI Pru MidCap Dir Gr	INF109K011N7	Info Edge (India) Ltd	Communication Services	103.53	1.42	0.00	June25	10.18
ICICI Pru MidCap Dir Gr	INF109K011N7	Info Edge (India) Ltd	Communication Services	103.53	1.42	0.00	July25	9.19
ICICI Pru MidCap Dir Gr	INF109K011N7	Info Edge (India) Ltd	Communication Services	103.53	1.42	0.00	Aug25	8.13
ICICI Pru MidCap Dir Gr	INF109K011N7	Supreme Industries Ltd	Industrials	101.87	1.40	0.00	Oct24	5.55
ICICI Pru MidCap Dir Gr	INF109K011N7	Supreme Industries Ltd	Industrials	101.87	1.40	0.00	Nov24	7.52
ICICI Pru MidCap Dir Gr	INF109K011N7	Supreme Industries Ltd	Industrials	101.87	1.40	0.00	Dec24	3.56
ICICI Pru MidCap Dir Gr	INF109K011N7	Supreme Industries Ltd	Industrials	101.87	1.40	0.00	Jan25	5.32
ICICI Pru MidCap Dir Gr	INF109K011N7	Supreme Industries Ltd	Industrials	101.87	1.40	0.00	Feb25	5.59
ICICI Pru MidCap Dir Gr	INF109K011N7	Supreme Industries Ltd	Industrials	101.87	1.40	0.00	Mar25	15.51
ICICI Pru MidCap Dir Gr	INF109K011N7	Supreme Industries Ltd	Industrials	101.87	1.40	0.00	Mar25	15.51
ICICI Pru MidCap Dir Gr	INF109K011N7	Supreme Industries Ltd	Industrials	101.87	1.40	0.00	Apr25	12.51
ICICI Pru MidCap Dir Gr	INF109K011N7	Supreme Industries Ltd	Industrials	101.87	1.40	0.00	May25	11.15
ICICI Pru MidCap Dir Gr	INF109K011N7	Supreme Industries Ltd	Industrials	101.87	1.40	0.00	June25	10.18
ICICI Pru MidCap Dir Gr	INF109K011N7	Supreme Industries Ltd	Industrials	101.87	1.40	0.00	July25	9.19
ICICI Pru MidCap Dir Gr	INF109K011N7	Supreme Industries Ltd	Industrials	101.87	1.40	0.00	Aug25	8.13
ICICI Pru MidCap Dir Gr	INF109K011N7	Sona BLW Precision Forgings Ltd	Consumer Cyclical	96.60	1.33	0.00	Oct24	5.55
ICICI Pru MidCap Dir Gr	INF109K011N7	Sona BLW Precision Forgings Ltd	Consumer Cyclical	96.60	1.33	0.00	Nov24	7.52
ICICI Pru MidCap Dir Gr	INF109K011N7	Sona BLW Precision Forgings Ltd	Consumer Cyclical	96.60	1.33	0.00	Dec24	3.56
ICICI Pru MidCap Dir Gr	INF109K011N7	Sona BLW Precision Forgings Ltd	Consumer Cyclical	96.60	1.33	0.00	Jan25	5.32
ICICI Pru MidCap Dir Gr	INF109K011N7	Sona BLW Precision Forgings Ltd	Consumer Cyclical	96.60	1.33	0.00	Feb25	5.59
ICICI Pru MidCap Dir Gr	INF109K011N7	Sona BLW Precision Forgings Ltd	Consumer Cyclical	96.60	1.33	0.00	Mar25	15.51
ICICI Pru MidCap Dir Gr	INF109K011N7	Sona BLW Precision Forgings Ltd	Consumer Cyclical	96.60	1.33	0.00	Mar25	15.51
ICICI Pru MidCap Dir Gr	INF109K011N7	Sona BLW Precision Forgings Ltd	Consumer Cyclical	96.60	1.33	0.00	Apr25	12.51
ICICI Pru MidCap Dir Gr	INF109K011N7	Sona BLW Precision Forgings Ltd	Consumer Cyclical	96.60	1.33	0.00	May25	11.15
ICICI Pru MidCap Dir Gr	INF109K011N7	Sona BLW Precision Forgings Ltd	Consumer Cyclical	96.60	1.33	0.00	June25	10.18
ICICI Pru MidCap Dir Gr	INF109K011N7	Sona BLW Precision Forgings Ltd	Consumer Cyclical	96.60	1.33	0.00	July25	9.19
ICICI Pru MidCap Dir Gr	INF109K011N7	Sona BLW Precision Forgings Ltd	Consumer Cyclical	96.60	1.33	0.00	Aug25	8.13
ICICI Pru MidCap Dir Gr	INF109K011N7	Voltas Ltd	Consumer Cyclical	91.98	1.26	0.00	Oct24	5.55
ICICI Pru MidCap Dir Gr	INF109K011N7	Voltas Ltd	Consumer Cyclical	91.98	1.26	0.00	Nov24	7.52
ICICI Pru MidCap Dir Gr	INF109K011N7	Voltas Ltd	Consumer Cyclical	91.98	1.26	0.00	Dec24	3.56
ICICI Pru MidCap Dir Gr	INF109K011N7	Voltas Ltd	Consumer Cyclical	91.98	1.26	0.00	Jan25	5.32
ICICI Pru MidCap Dir Gr	INF109K011N7	Voltas Ltd	Consumer Cyclical	91.98	1.26	0.00	Feb25	5.59
ICICI Pru MidCap Dir Gr	INF109K011N7	Voltas Ltd	Consumer Cyclical	91.98	1.26	0.00	Mar25	15.51
ICICI Pru MidCap Dir Gr	INF109K011N7	Voltas Ltd	Consumer Cyclical	91.98	1.26	0.00	Mar25	15.51
ICICI Pru MidCap Dir Gr	INF109K011N7	Voltas Ltd	Consumer Cyclical	91.98	1.26	0.00	Apr25	12.51
ICICI Pru MidCap Dir Gr	INF109K011N7	Voltas Ltd	Consumer Cyclical	91.98	1.26	0.00	May25	11.15
ICICI Pru MidCap Dir Gr	INF109K011N7	Voltas Ltd	Consumer Cyclical	91.98	1.26	0.00	June25	10.18
ICICI Pru MidCap Dir Gr	INF109K011N7	Voltas Ltd	Consumer Cyclical	91.98	1.26	0.00	July25	9.19
ICICI Pru MidCap Dir Gr	INF109K011N7	Voltas Ltd	Consumer Cyclical	91.98	1.26	0.00	Aug25	8.13
ICICI Pru MidCap Dir Gr	INF109K011N7	Affle 3i Ltd	Communication Services	91.92	1.26	-28.78	Oct24	5.55
ICICI Pru MidCap Dir Gr	INF109K011N7	Affle 3i Ltd	Communication Services	91.92	1.26	-28.78	Nov24	7.52
ICICI Pru MidCap Dir Gr	INF109K011N7	Affle 3i Ltd	Communication Services	91.92	1.26	-28.78	Dec24	3.56
ICICI Pru MidCap Dir Gr	INF109K011N7	Affle 3i Ltd	Communication Services	91.92	1.26	-28.78	Jan25	5.32
ICICI Pru MidCap Dir Gr	INF109K011N7	Affle 3i Ltd	Communication Services	91.92	1.26	-28.78	Feb25	5.59
ICICI Pru MidCap Dir Gr	INF109K011N7	Affle 3i Ltd	Communication Services	91.92	1.26	-28.78	Mar25	15.51
ICICI Pru MidCap Dir Gr	INF109K011N7	Affle 3i Ltd	Communication Services	91.92	1.26	-28.78	Mar25	15.51
ICICI Pru MidCap Dir Gr	INF109K011N7	Affle 3i Ltd	Communication Services	91.92	1.26	-28.78	Apr25	12.51
ICICI Pru MidCap Dir Gr	INF109K011N7	Affle 3i Ltd	Communication Services	91.92	1.26	-28.78	May25	11.15
ICICI Pru MidCap Dir Gr	INF109K011N7	Affle 3i Ltd	Communication Services	91.92	1.26	-28.78	June25	10.18
ICICI Pru MidCap Dir Gr	INF109K011N7	Affle 3i Ltd	Communication Services	91.92	1.26	-28.78	July25	9.19
ICICI Pru MidCap Dir Gr	INF109K011N7	Affle 3i Ltd	Communication Services	91.92	1.26	-28.78	Aug25	8.13
ICICI Pru MidCap Dir Gr	INF109K011N7	Samvardhana Motherson International Ltd	Consumer Cyclical	86.00	1.18	0.00	Oct24	5.55
ICICI Pru MidCap Dir Gr	INF109K011N7	Samvardhana Motherson International Ltd	Consumer Cyclical	86.00	1.18	0.00	Nov24	7.52
ICICI Pru MidCap Dir Gr	INF109K011N7	Samvardhana Motherson International Ltd	Consumer Cyclical	86.00	1.18	0.00	Dec24	3.56
ICICI Pru MidCap Dir Gr	INF109K011N7	Samvardhana Motherson International Ltd	Consumer Cyclical	86.00	1.18	0.00	Jan25	5.32
ICICI Pru MidCap Dir Gr	INF109K011N7	Samvardhana Motherson International Ltd	Consumer Cyclical	86.00	1.18	0.00	Feb25	5.59
ICICI Pru MidCap Dir Gr	INF109K011N7	Samvardhana Motherson International Ltd	Consumer Cyclical	86.00	1.18	0.00	Mar25	15.51
ICICI Pru MidCap Dir Gr	INF109K011N7	Samvardhana Motherson International Ltd	Consumer Cyclical	86.00	1.18	0.00	Mar25	15.51
ICICI Pru MidCap Dir Gr	INF109K011N7	Samvardhana Motherson International Ltd	Consumer Cyclical	86.00	1.18	0.00	Apr25	12.51
ICICI Pru MidCap Dir Gr	INF109K011N7	Samvardhana Motherson International Ltd	Consumer Cyclical	86.00	1.18	0.00	May25	11.15
ICICI Pru MidCap Dir Gr	INF109K011N7	Samvardhana Motherson International Ltd	Consumer Cyclical	86.00	1.18	0.00	June25	10.18
ICICI Pru MidCap Dir Gr	INF109K011N7	Samvardhana Motherson International Ltd	Consumer Cyclical	86.00	1.18	0.00	July25	9.19
ICICI Pru MidCap Dir Gr	INF109K011N7	Samvardhana Motherson International Ltd	Consumer Cyclical	86.00	1.18	0.00	Aug25	8.13
ICICI Pru MidCap Dir Gr	INF109K011N7	Polycab India Ltd	Industrials	82.84	1.14	0.00	Oct24	5.55
ICICI Pru MidCap Dir Gr	INF109K011N7	Polycab India Ltd	Industrials	82.84	1.14	0.00	Nov24	7.52
ICICI Pru MidCap Dir Gr	INF109K011N7	Polycab India Ltd	Industrials	82.84	1.14	0.00	Dec24	3.56
ICICI Pru MidCap Dir Gr	INF109K011N7	Polycab India Ltd	Industrials	82.84	1.14	0.00	Jan25	5.32
ICICI Pru MidCap Dir Gr	INF109K011N7	Polycab India Ltd	Industrials	82.84	1.14	0.00	Feb25	5.59
ICICI Pru MidCap Dir Gr	INF109K011N7	Polycab India Ltd	Industrials	82.84	1.14	0.00	Mar25	15.51
ICICI Pru MidCap Dir Gr	INF109K011N7	Polycab India Ltd	Industrials	82.84	1.14	0.00	Mar25	15.51
ICICI Pru MidCap Dir Gr	INF109K011N7	Polycab India Ltd	Industrials	82.84	1.14	0.00	Apr25	12.51
ICICI Pru MidCap Dir Gr	INF109K011N7	Polycab India Ltd	Industrials	82.84	1.14	0.00	May25	11.15
ICICI Pru MidCap Dir Gr	INF109K011N7	Polycab India Ltd	Industrials	82.84	1.14	0.00	June25	10.18
ICICI Pru MidCap Dir Gr	INF109K011N7	Polycab India Ltd	Industrials	82.84	1.14	0.00	July25	9.19
ICICI Pru MidCap Dir Gr	INF109K011N7	Polycab India Ltd	Industrials	82.84	1.14	0.00	Aug25	8.13
ICICI Pru MidCap Dir Gr	INF109K011N7	Astral Ltd	Industrials	70.61	0.97	0.00	Oct24	5.55
ICICI Pru MidCap Dir Gr	INF109K011N7	Astral Ltd	Industrials	70.61	0.97	0.00	Nov24	7.52
ICICI Pru MidCap Dir Gr	INF109K011N7	Astral Ltd	Industrials	70.61	0.97	0.00	Dec24	3.56
ICICI Pru MidCap Dir Gr	INF109K011N7	Astral Ltd	Industrials	70.61	0.97	0.00	Jan25	5.32
ICICI Pru MidCap Dir Gr	INF109K011N7	Astral Ltd	Industrials	70.61	0.97	0.00	Feb25	5.59
ICICI Pru MidCap Dir Gr	INF109K011N7	Astral Ltd	Industrials	70.61	0.97	0.00	Mar25	15.51
ICICI Pru MidCap Dir Gr	INF109K011N7	Astral Ltd	Industrials	70.61	0.97	0.00	Mar25	15.51
ICICI Pru MidCap Dir Gr	INF109K011N7	Astral Ltd	Industrials	70.61	0.97	0.00	Apr25	12.51
ICICI Pru MidCap Dir Gr	INF109K011N7	Astral Ltd	Industrials	70.61	0.97	0.00	May25	11.15
ICICI Pru MidCap Dir Gr	INF109K011N7	Astral Ltd	Industrials	70.61	0.97	0.00	June25	10.18
ICICI Pru MidCap Dir Gr	INF109K011N7	Astral Ltd	Industrials	70.61	0.97	0.00	July25	9.19
ICICI Pru MidCap Dir Gr	INF109K011N7	Astral Ltd	Industrials	70.61	0.97	0.00	Aug25	8.13
ICICI Pru MidCap Dir Gr	INF109K011N7	Oberoi Realty Ltd	Real Estate	69.15	0.95	0.00	Oct24	5.55
ICICI Pru MidCap Dir Gr	INF109K011N7	Oberoi Realty Ltd	Real Estate	69.15	0.95	0.00	Nov24	7.52
ICICI Pru MidCap Dir Gr	INF109K011N7	Oberoi Realty Ltd	Real Estate	69.15	0.95	0.00	Dec24	3.56
ICICI Pru MidCap Dir Gr	INF109K011N7	Oberoi Realty Ltd	Real Estate	69.15	0.95	0.00	Jan25	5.32
ICICI Pru MidCap Dir Gr	INF109K011N7	Oberoi Realty Ltd	Real Estate	69.15	0.95	0.00	Feb25	5.59
ICICI Pru MidCap Dir Gr	INF109K011N7	Oberoi Realty Ltd	Real Estate	69.15	0.95	0.00	Mar25	15.51
ICICI Pru MidCap Dir Gr	INF109K011N7	Oberoi Realty Ltd	Real Estate	69.15	0.95	0.00	Mar25	15.51
ICICI Pru MidCap Dir Gr	INF109K011N7	Oberoi Realty Ltd	Real Estate	69.15	0.95	0.00	Apr25	12.51
ICICI Pru MidCap Dir Gr	INF109K011N7	Oberoi Realty Ltd	Real Estate	69.15	0.95	0.00	May25	11.15
ICICI Pru MidCap Dir Gr	INF109K011N7	Oberoi Realty Ltd	Real Estate	69.15	0.95	0.00	June25	10.18
ICICI Pru MidCap Dir Gr	INF109K011N7	Oberoi Realty Ltd	Real Estate	69.15	0.95	0.00	July25	9.19
ICICI Pru MidCap Dir Gr	INF109K011N7	Oberoi Realty Ltd	Real Estate	69.15	0.95	0.00	Aug25	8.13
ICICI Pru MidCap Dir Gr	INF109K011N7	Blue Star Ltd	Industrials	67.18	0.92	0.00	Oct24	5.55
ICICI Pru MidCap Dir Gr	INF109K011N7	Blue Star Ltd	Industrials	67.18	0.92	0.00	Nov24	7.52
ICICI Pru MidCap Dir Gr	INF109K011N7	Blue Star Ltd	Industrials	67.18	0.92	0.00	Dec24	3.56
ICICI Pru MidCap Dir Gr	INF109K011N7	Blue Star Ltd	Industrials	67.18	0.92	0.00	Jan25	5.32
ICICI Pru MidCap Dir Gr	INF109K011N7	Blue Star Ltd	Industrials	67.18	0.92	0.00	Feb25	5.59
ICICI Pru MidCap Dir Gr	INF109K011N7	Blue Star Ltd	Industrials	67.18	0.92	0.00	Mar25	15.51
ICICI Pru MidCap Dir Gr	INF109K011N7	Blue Star Ltd	Industrials	67.18	0.92	0.00	Mar25	15.51
ICICI Pru MidCap Dir Gr	INF109K011N7	Blue Star Ltd	Industrials	67.18	0.92	0.00	Apr25	12.51
ICICI Pru MidCap Dir Gr	INF109K011N7	Blue Star Ltd	Industrials	67.18	0.92	0.00	May25	11.15
ICICI Pru MidCap Dir Gr	INF109K011N7	Blue Star Ltd	Industrials	67.18	0.92	0.00	June25	10.18
ICICI Pru MidCap Dir Gr	INF109K011N7	Blue Star Ltd	Industrials	67.18	0.92	0.00	July25	9.19
ICICI Pru MidCap Dir Gr	INF109K011N7	Blue Star Ltd	Industrials	67.18	0.92	0.00	Aug25	8.13
ICICI Pru MidCap Dir Gr	INF109K011N7	Ambuja Cements Ltd	Basic Materials	60.94	0.84	0.00	Oct24	5.55
ICICI Pru MidCap Dir Gr	INF109K011N7	Ambuja Cements Ltd	Basic Materials	60.94	0.84	0.00	Nov24	7.52
ICICI Pru MidCap Dir Gr	INF109K011N7	Ambuja Cements Ltd	Basic Materials	60.94	0.84	0.00	Dec24	3.56
ICICI Pru MidCap Dir Gr	INF109K011N7	Ambuja Cements Ltd	Basic Materials	60.94	0.84	0.00	Jan25	5.32
ICICI Pru MidCap Dir Gr	INF109K011N7	Ambuja Cements Ltd	Basic Materials	60.94	0.84	0.00	Feb25	5.59
ICICI Pru MidCap Dir Gr	INF109K011N7	Ambuja Cements Ltd	Basic Materials	60.94	0.84	0.00	Mar25	15.51
ICICI Pru MidCap Dir Gr	INF109K011N7	Ambuja Cements Ltd	Basic Materials	60.94	0.84	0.00	Mar25	15.51
ICICI Pru MidCap Dir Gr	INF109K011N7	Ambuja Cements Ltd	Basic Materials	60.94	0.84	0.00	Apr25	12.51
ICICI Pru MidCap Dir Gr	INF109K011N7	Ambuja Cements Ltd	Basic Materials	60.94	0.84	0.00	May25	11.15
ICICI Pru MidCap Dir Gr	INF109K011N7	Ambuja Cements Ltd	Basic Materials	60.94	0.84	0.00	June25	10.18
ICICI Pru MidCap Dir Gr	INF109K011N7	Ambuja Cements Ltd	Basic Materials	60.94	0.84	0.00	July25	9.19
ICICI Pru MidCap Dir Gr	INF109K011N7	Ambuja Cements Ltd	Basic Materials	60.94	0.84	0.00	Aug25	8.13
ICICI Pru MidCap Dir Gr	INF109K011N7	Biocon Ltd	Healthcare	56.53	0.78	0.00	Oct24	5.55
ICICI Pru MidCap Dir Gr	INF109K011N7	Biocon Ltd	Healthcare	56.53	0.78	0.00	Nov24	7.52
ICICI Pru MidCap Dir Gr	INF109K011N7	Biocon Ltd	Healthcare	56.53	0.78	0.00	Dec24	3.56
ICICI Pru MidCap Dir Gr	INF109K011N7	Biocon Ltd	Healthcare	56.53	0.78	0.00	Jan25	5.32
ICICI Pru MidCap Dir Gr	INF109K011N7	Biocon Ltd	Healthcare	56.53	0.78	0.00	Feb25	5.59
ICICI Pru MidCap Dir Gr	INF109K011N7	Biocon Ltd	Healthcare	56.53	0.78	0.00	Mar25	15.51
ICICI Pru MidCap Dir Gr	INF109K011N7	Biocon Ltd	Healthcare	56.53	0.78	0.00	Mar25	15.51
ICICI Pru MidCap Dir Gr	INF109K011N7	Biocon Ltd	Healthcare	56.53	0.78	0.00	Apr25	12.51
ICICI Pru MidCap Dir Gr	INF109K011N7	Biocon Ltd	Healthcare	56.53	0.78	0.00	May25	11.15
ICICI Pru MidCap Dir Gr	INF109K011N7	Biocon Ltd	Healthcare	56.53	0.78	0.00	June25	10.18
ICICI Pru MidCap Dir Gr	INF109K011N7	Biocon Ltd	Healthcare	56.53	0.78	0.00	July25	9.19
ICICI Pru MidCap Dir Gr	INF109K011N7	Biocon Ltd	Healthcare	56.53	0.78	0.00	Aug25	8.13
ICICI Pru MidCap Dir Gr	INF109K011N7	Deepak Nitrite Ltd	Basic Materials	50.35	0.69	0.00	Oct24	5.55
ICICI Pru MidCap Dir Gr	INF109K011N7	Deepak Nitrite Ltd	Basic Materials	50.35	0.69	0.00	Nov24	7.52
ICICI Pru MidCap Dir Gr	INF109K011N7	Deepak Nitrite Ltd	Basic Materials	50.35	0.69	0.00	Dec24	3.56
ICICI Pru MidCap Dir Gr	INF109K011N7	Deepak Nitrite Ltd	Basic Materials	50.35	0.69	0.00	Jan25	5.32
ICICI Pru MidCap Dir Gr	INF109K011N7	Deepak Nitrite Ltd	Basic Materials	50.35	0.69	0.00	Feb25	5.59
ICICI Pru MidCap Dir Gr	INF109K011N7	Deepak Nitrite Ltd	Basic Materials	50.35	0.69	0.00	Mar25	15.51
ICICI Pru MidCap Dir Gr	INF109K011N7	Deepak Nitrite Ltd	Basic Materials	50.35	0.69	0.00	Mar25	15.51
ICICI Pru MidCap Dir Gr	INF109K011N7	Deepak Nitrite Ltd	Basic Materials	50.35	0.69	0.00	Apr25	12.51
ICICI Pru MidCap Dir Gr	INF109K011N7	Deepak Nitrite Ltd	Basic Materials	50.35	0.69	0.00	May25	11.15
ICICI Pru MidCap Dir Gr	INF109K011N7	Deepak Nitrite Ltd	Basic Materials	50.35	0.69	0.00	June25	10.18
ICICI Pru MidCap Dir Gr	INF109K011N7	Deepak Nitrite Ltd	Basic Materials	50.35	0.69	0.00	July25	9.19
ICICI Pru MidCap Dir Gr	INF109K011N7	Deepak Nitrite Ltd	Basic Materials	50.35	0.69	0.00	Aug25	8.13
ICICI Pru MidCap Dir Gr	INF109K011N7	Grindwell Norton Ltd	Industrials	50.05	0.69	0.00	Oct24	5.55
ICICI Pru MidCap Dir Gr	INF109K011N7	Grindwell Norton Ltd	Industrials	50.05	0.69	0.00	Nov24	7.52
ICICI Pru MidCap Dir Gr	INF109K011N7	Grindwell Norton Ltd	Industrials	50.05	0.69	0.00	Dec24	3.56
ICICI Pru MidCap Dir Gr	INF109K011N7	Grindwell Norton Ltd	Industrials	50.05	0.69	0.00	Jan25	5.32
ICICI Pru MidCap Dir Gr	INF109K011N7	Grindwell Norton Ltd	Industrials	50.05	0.69	0.00	Feb25	5.59
ICICI Pru MidCap Dir Gr	INF109K011N7	Grindwell Norton Ltd	Industrials	50.05	0.69	0.00	Mar25	15.51
ICICI Pru MidCap Dir Gr	INF109K011N7	Grindwell Norton Ltd	Industrials	50.05	0.69	0.00	Mar25	15.51
ICICI Pru MidCap Dir Gr	INF109K011N7	Grindwell Norton Ltd	Industrials	50.05	0.69	0.00	Apr25	12.51
ICICI Pru MidCap Dir Gr	INF109K011N7	Grindwell Norton Ltd	Industrials	50.05	0.69	0.00	May25	11.15
ICICI Pru MidCap Dir Gr	INF109K011N7	Grindwell Norton Ltd	Industrials	50.05	0.69	0.00	June25	10.18
ICICI Pru MidCap Dir Gr	INF109K011N7	Grindwell Norton Ltd	Industrials	50.05	0.69	0.00	July25	9.19
ICICI Pru MidCap Dir Gr	INF109K011N7	Grindwell Norton Ltd	Industrials	50.05	0.69	0.00	Aug25	8.13
ICICI Pru MidCap Dir Gr	INF109K011N7	BEML Ltd	Industrials	46.47	0.64	0.00	Oct24	5.55
ICICI Pru MidCap Dir Gr	INF109K011N7	BEML Ltd	Industrials	46.47	0.64	0.00	Nov24	7.52
ICICI Pru MidCap Dir Gr	INF109K011N7	BEML Ltd	Industrials	46.47	0.64	0.00	Dec24	3.56
ICICI Pru MidCap Dir Gr	INF109K011N7	BEML Ltd	Industrials	46.47	0.64	0.00	Jan25	5.32
ICICI Pru MidCap Dir Gr	INF109K011N7	BEML Ltd	Industrials	46.47	0.64	0.00	Feb25	5.59
ICICI Pru MidCap Dir Gr	INF109K011N7	BEML Ltd	Industrials	46.47	0.64	0.00	Mar25	15.51
ICICI Pru MidCap Dir Gr	INF109K011N7	BEML Ltd	Industrials	46.47	0.64	0.00	Mar25	15.51
ICICI Pru MidCap Dir Gr	INF109K011N7	BEML Ltd	Industrials	46.47	0.64	0.00	Apr25	12.51
ICICI Pru MidCap Dir Gr	INF109K011N7	BEML Ltd	Industrials	46.47	0.64	0.00	May25	11.15
ICICI Pru MidCap Dir Gr	INF109K011N7	BEML Ltd	Industrials	46.47	0.64	0.00	June25	10.18
ICICI Pru MidCap Dir Gr	INF109K011N7	BEML Ltd	Industrials	46.47	0.64	0.00	July25	9.19
ICICI Pru MidCap Dir Gr	INF109K011N7	BEML Ltd	Industrials	46.47	0.64	0.00	Aug25	8.13
ICICI Pru MidCap Dir Gr	INF109K011N7	Sundaram Fasteners Ltd	Consumer Cyclical	46.14	0.63	-9.87	Oct24	5.55
ICICI Pru MidCap Dir Gr	INF109K011N7	Sundaram Fasteners Ltd	Consumer Cyclical	46.14	0.63	-9.87	Nov24	7.52
ICICI Pru MidCap Dir Gr	INF109K011N7	Sundaram Fasteners Ltd	Consumer Cyclical	46.14	0.63	-9.87	Dec24	3.56
ICICI Pru MidCap Dir Gr	INF109K011N7	Sundaram Fasteners Ltd	Consumer Cyclical	46.14	0.63	-9.87	Jan25	5.32
ICICI Pru MidCap Dir Gr	INF109K011N7	Sundaram Fasteners Ltd	Consumer Cyclical	46.14	0.63	-9.87	Feb25	5.59
ICICI Pru MidCap Dir Gr	INF109K011N7	Sundaram Fasteners Ltd	Consumer Cyclical	46.14	0.63	-9.87	Mar25	15.51
ICICI Pru MidCap Dir Gr	INF109K011N7	Sundaram Fasteners Ltd	Consumer Cyclical	46.14	0.63	-9.87	Mar25	15.51
ICICI Pru MidCap Dir Gr	INF109K011N7	Sundaram Fasteners Ltd	Consumer Cyclical	46.14	0.63	-9.87	Apr25	12.51
ICICI Pru MidCap Dir Gr	INF109K011N7	Sundaram Fasteners Ltd	Consumer Cyclical	46.14	0.63	-9.87	May25	11.15
ICICI Pru MidCap Dir Gr	INF109K011N7	Sundaram Fasteners Ltd	Consumer Cyclical	46.14	0.63	-9.87	June25	10.18
ICICI Pru MidCap Dir Gr	INF109K011N7	Sundaram Fasteners Ltd	Consumer Cyclical	46.14	0.63	-9.87	July25	9.19
ICICI Pru MidCap Dir Gr	INF109K011N7	Sundaram Fasteners Ltd	Consumer Cyclical	46.14	0.63	-9.87	Aug25	8.13
ICICI Pru MidCap Dir Gr	INF109K011N7	Jyoti CNC Automation Ltd	Industrials	44.24	0.61	0.00	Oct24	5.55
ICICI Pru MidCap Dir Gr	INF109K011N7	Jyoti CNC Automation Ltd	Industrials	44.24	0.61	0.00	Nov24	7.52
ICICI Pru MidCap Dir Gr	INF109K011N7	Jyoti CNC Automation Ltd	Industrials	44.24	0.61	0.00	Dec24	3.56
ICICI Pru MidCap Dir Gr	INF109K011N7	Jyoti CNC Automation Ltd	Industrials	44.24	0.61	0.00	Jan25	5.32
ICICI Pru MidCap Dir Gr	INF109K011N7	Jyoti CNC Automation Ltd	Industrials	44.24	0.61	0.00	Feb25	5.59
ICICI Pru MidCap Dir Gr	INF109K011N7	Jyoti CNC Automation Ltd	Industrials	44.24	0.61	0.00	Mar25	15.51
ICICI Pru MidCap Dir Gr	INF109K011N7	Jyoti CNC Automation Ltd	Industrials	44.24	0.61	0.00	Mar25	15.51
ICICI Pru MidCap Dir Gr	INF109K011N7	Jyoti CNC Automation Ltd	Industrials	44.24	0.61	0.00	Apr25	12.51
ICICI Pru MidCap Dir Gr	INF109K011N7	Jyoti CNC Automation Ltd	Industrials	44.24	0.61	0.00	May25	11.15
ICICI Pru MidCap Dir Gr	INF109K011N7	Jyoti CNC Automation Ltd	Industrials	44.24	0.61	0.00	June25	10.18
ICICI Pru MidCap Dir Gr	INF109K011N7	Jyoti CNC Automation Ltd	Industrials	44.24	0.61	0.00	July25	9.19
ICICI Pru MidCap Dir Gr	INF109K011N7	Jyoti CNC Automation Ltd	Industrials	44.24	0.61	0.00	Aug25	8.13
ICICI Pru MidCap Dir Gr	INF109K011N7	ACC Ltd	Basic Materials	43.77	0.60	-5.16	Oct24	5.55
ICICI Pru MidCap Dir Gr	INF109K011N7	ACC Ltd	Basic Materials	43.77	0.60	-5.16	Nov24	7.52
ICICI Pru MidCap Dir Gr	INF109K011N7	ACC Ltd	Basic Materials	43.77	0.60	-5.16	Dec24	3.56
ICICI Pru MidCap Dir Gr	INF109K011N7	ACC Ltd	Basic Materials	43.77	0.60	-5.16	Jan25	5.32
ICICI Pru MidCap Dir Gr	INF109K011N7	ACC Ltd	Basic Materials	43.77	0.60	-5.16	Feb25	5.59
ICICI Pru MidCap Dir Gr	INF109K011N7	ACC Ltd	Basic Materials	43.77	0.60	-5.16	Mar25	15.51
ICICI Pru MidCap Dir Gr	INF109K011N7	ACC Ltd	Basic Materials	43.77	0.60	-5.16	Mar25	15.51
ICICI Pru MidCap Dir Gr	INF109K011N7	ACC Ltd	Basic Materials	43.77	0.60	-5.16	Apr25	12.51
ICICI Pru MidCap Dir Gr	INF109K011N7	ACC Ltd	Basic Materials	43.77	0.60	-5.16	May25	11.15
ICICI Pru MidCap Dir Gr	INF109K011N7	ACC Ltd	Basic Materials	43.77	0.60	-5.16	June25	10.18
ICICI Pru MidCap Dir Gr	INF109K011N7	ACC Ltd	Basic Materials	43.77	0.60	-5.16	July25	9.19
ICICI Pru MidCap Dir Gr	INF109K011N7	ACC Ltd	Basic Materials	43.77	0.60	-5.16	Aug25	8.13
ICICI Pru MidCap Dir Gr	INF109K011N7	Hindalco Industries Ltd	Basic Materials	41.61	0.57	0.00	Oct24	5.55
ICICI Pru MidCap Dir Gr	INF109K011N7	Hindalco Industries Ltd	Basic Materials	41.61	0.57	0.00	Nov24	7.52
ICICI Pru MidCap Dir Gr	INF109K011N7	Hindalco Industries Ltd	Basic Materials	41.61	0.57	0.00	Dec24	3.56
ICICI Pru MidCap Dir Gr	INF109K011N7	Hindalco Industries Ltd	Basic Materials	41.61	0.57	0.00	Jan25	5.32
ICICI Pru MidCap Dir Gr	INF109K011N7	Hindalco Industries Ltd	Basic Materials	41.61	0.57	0.00	Feb25	5.59
ICICI Pru MidCap Dir Gr	INF109K011N7	Hindalco Industries Ltd	Basic Materials	41.61	0.57	0.00	Mar25	15.51
ICICI Pru MidCap Dir Gr	INF109K011N7	Hindalco Industries Ltd	Basic Materials	41.61	0.57	0.00	Mar25	15.51
ICICI Pru MidCap Dir Gr	INF109K011N7	Hindalco Industries Ltd	Basic Materials	41.61	0.57	0.00	Apr25	12.51
ICICI Pru MidCap Dir Gr	INF109K011N7	Hindalco Industries Ltd	Basic Materials	41.61	0.57	0.00	May25	11.15
ICICI Pru MidCap Dir Gr	INF109K011N7	Hindalco Industries Ltd	Basic Materials	41.61	0.57	0.00	June25	10.18
ICICI Pru MidCap Dir Gr	INF109K011N7	Hindalco Industries Ltd	Basic Materials	41.61	0.57	0.00	July25	9.19
ICICI Pru MidCap Dir Gr	INF109K011N7	Hindalco Industries Ltd	Basic Materials	41.61	0.57	0.00	Aug25	8.13
ICICI Pru MidCap Dir Gr	INF109K011N7	Indian Railway Catering And Tourism Corp Ltd	Consumer Cyclical	38.55	0.53	0.00	Oct24	5.55
ICICI Pru MidCap Dir Gr	INF109K011N7	Indian Railway Catering And Tourism Corp Ltd	Consumer Cyclical	38.55	0.53	0.00	Nov24	7.52
ICICI Pru MidCap Dir Gr	INF109K011N7	Indian Railway Catering And Tourism Corp Ltd	Consumer Cyclical	38.55	0.53	0.00	Dec24	3.56
ICICI Pru MidCap Dir Gr	INF109K011N7	Indian Railway Catering And Tourism Corp Ltd	Consumer Cyclical	38.55	0.53	0.00	Jan25	5.32
ICICI Pru MidCap Dir Gr	INF109K011N7	Indian Railway Catering And Tourism Corp Ltd	Consumer Cyclical	38.55	0.53	0.00	Feb25	5.59
ICICI Pru MidCap Dir Gr	INF109K011N7	Indian Railway Catering And Tourism Corp Ltd	Consumer Cyclical	38.55	0.53	0.00	Mar25	15.51
ICICI Pru MidCap Dir Gr	INF109K011N7	Indian Railway Catering And Tourism Corp Ltd	Consumer Cyclical	38.55	0.53	0.00	Mar25	15.51
ICICI Pru MidCap Dir Gr	INF109K011N7	Indian Railway Catering And Tourism Corp Ltd	Consumer Cyclical	38.55	0.53	0.00	Apr25	12.51
ICICI Pru MidCap Dir Gr	INF109K011N7	Indian Railway Catering And Tourism Corp Ltd	Consumer Cyclical	38.55	0.53	0.00	May25	11.15
ICICI Pru MidCap Dir Gr	INF109K011N7	Indian Railway Catering And Tourism Corp Ltd	Consumer Cyclical	38.55	0.53	0.00	June25	10.18
ICICI Pru MidCap Dir Gr	INF109K011N7	Indian Railway Catering And Tourism Corp Ltd	Consumer Cyclical	38.55	0.53	0.00	July25	9.19
ICICI Pru MidCap Dir Gr	INF109K011N7	Indian Railway Catering And Tourism Corp Ltd	Consumer Cyclical	38.55	0.53	0.00	Aug25	8.13
ICICI Pru MidCap Dir Gr	INF109K011N7	UNO Minda Ltd	Consumer Cyclical	37.04	0.51	0.00	Oct24	5.55
ICICI Pru MidCap Dir Gr	INF109K011N7	UNO Minda Ltd	Consumer Cyclical	37.04	0.51	0.00	Nov24	7.52
ICICI Pru MidCap Dir Gr	INF109K011N7	UNO Minda Ltd	Consumer Cyclical	37.04	0.51	0.00	Dec24	3.56
ICICI Pru MidCap Dir Gr	INF109K011N7	UNO Minda Ltd	Consumer Cyclical	37.04	0.51	0.00	Jan25	5.32
ICICI Pru MidCap Dir Gr	INF109K011N7	UNO Minda Ltd	Consumer Cyclical	37.04	0.51	0.00	Feb25	5.59
ICICI Pru MidCap Dir Gr	INF109K011N7	UNO Minda Ltd	Consumer Cyclical	37.04	0.51	0.00	Mar25	15.51
ICICI Pru MidCap Dir Gr	INF109K011N7	UNO Minda Ltd	Consumer Cyclical	37.04	0.51	0.00	Mar25	15.51
ICICI Pru MidCap Dir Gr	INF109K011N7	UNO Minda Ltd	Consumer Cyclical	37.04	0.51	0.00	Apr25	12.51
ICICI Pru MidCap Dir Gr	INF109K011N7	UNO Minda Ltd	Consumer Cyclical	37.04	0.51	0.00	May25	11.15
ICICI Pru MidCap Dir Gr	INF109K011N7	UNO Minda Ltd	Consumer Cyclical	37.04	0.51	0.00	June25	10.18
ICICI Pru MidCap Dir Gr	INF109K011N7	UNO Minda Ltd	Consumer Cyclical	37.04	0.51	0.00	July25	9.19
ICICI Pru MidCap Dir Gr	INF109K011N7	UNO Minda Ltd	Consumer Cyclical	37.04	0.51	0.00	Aug25	8.13
ICICI Pru MidCap Dir Gr	INF109K011N7	Crompton Greaves Consumer Electricals Ltd	Consumer Cyclical	34.74	0.48	0.00	Oct24	5.55
ICICI Pru MidCap Dir Gr	INF109K011N7	Crompton Greaves Consumer Electricals Ltd	Consumer Cyclical	34.74	0.48	0.00	Nov24	7.52
ICICI Pru MidCap Dir Gr	INF109K011N7	Crompton Greaves Consumer Electricals Ltd	Consumer Cyclical	34.74	0.48	0.00	Dec24	3.56
ICICI Pru MidCap Dir Gr	INF109K011N7	Crompton Greaves Consumer Electricals Ltd	Consumer Cyclical	34.74	0.48	0.00	Jan25	5.32
ICICI Pru MidCap Dir Gr	INF109K011N7	Crompton Greaves Consumer Electricals Ltd	Consumer Cyclical	34.74	0.48	0.00	Feb25	5.59
ICICI Pru MidCap Dir Gr	INF109K011N7	Crompton Greaves Consumer Electricals Ltd	Consumer Cyclical	34.74	0.48	0.00	Mar25	15.51
ICICI Pru MidCap Dir Gr	INF109K011N7	Crompton Greaves Consumer Electricals Ltd	Consumer Cyclical	34.74	0.48	0.00	Mar25	15.51
ICICI Pru MidCap Dir Gr	INF109K011N7	Crompton Greaves Consumer Electricals Ltd	Consumer Cyclical	34.74	0.48	0.00	Apr25	12.51
ICICI Pru MidCap Dir Gr	INF109K011N7	Crompton Greaves Consumer Electricals Ltd	Consumer Cyclical	34.74	0.48	0.00	May25	11.15
ICICI Pru MidCap Dir Gr	INF109K011N7	Crompton Greaves Consumer Electricals Ltd	Consumer Cyclical	34.74	0.48	0.00	June25	10.18
ICICI Pru MidCap Dir Gr	INF109K011N7	Crompton Greaves Consumer Electricals Ltd	Consumer Cyclical	34.74	0.48	0.00	July25	9.19
ICICI Pru MidCap Dir Gr	INF109K011N7	Crompton Greaves Consumer Electricals Ltd	Consumer Cyclical	34.74	0.48	0.00	Aug25	8.13
ICICI Pru MidCap Dir Gr	INF109K011N7	Dixon Technologies (India) Ltd	Technology	32.45	0.45		Oct24	5.55
ICICI Pru MidCap Dir Gr	INF109K011N7	Dixon Technologies (India) Ltd	Technology	32.45	0.45		Nov24	7.52
ICICI Pru MidCap Dir Gr	INF109K011N7	Dixon Technologies (India) Ltd	Technology	32.45	0.45		Dec24	3.56
ICICI Pru MidCap Dir Gr	INF109K011N7	Dixon Technologies (India) Ltd	Technology	32.45	0.45		Jan25	5.32
ICICI Pru MidCap Dir Gr	INF109K011N7	Dixon Technologies (India) Ltd	Technology	32.45	0.45		Feb25	5.59
ICICI Pru MidCap Dir Gr	INF109K011N7	Dixon Technologies (India) Ltd	Technology	32.45	0.45		Mar25	15.51
ICICI Pru MidCap Dir Gr	INF109K011N7	Dixon Technologies (India) Ltd	Technology	32.45	0.45		Mar25	15.51
ICICI Pru MidCap Dir Gr	INF109K011N7	Dixon Technologies (India) Ltd	Technology	32.45	0.45		Apr25	12.51
ICICI Pru MidCap Dir Gr	INF109K011N7	Dixon Technologies (India) Ltd	Technology	32.45	0.45		May25	11.15
ICICI Pru MidCap Dir Gr	INF109K011N7	Dixon Technologies (India) Ltd	Technology	32.45	0.45		June25	10.18
ICICI Pru MidCap Dir Gr	INF109K011N7	Dixon Technologies (India) Ltd	Technology	32.45	0.45		July25	9.19
ICICI Pru MidCap Dir Gr	INF109K011N7	Dixon Technologies (India) Ltd	Technology	32.45	0.45		Aug25	8.13
ICICI Pru MidCap Dir Gr	INF109K011N7	Bandhan Bank Ltd	Financial Services	31.85	0.44	0.00	Oct24	5.55
ICICI Pru MidCap Dir Gr	INF109K011N7	Bandhan Bank Ltd	Financial Services	31.85	0.44	0.00	Nov24	7.52
ICICI Pru MidCap Dir Gr	INF109K011N7	Bandhan Bank Ltd	Financial Services	31.85	0.44	0.00	Dec24	3.56
ICICI Pru MidCap Dir Gr	INF109K011N7	Bandhan Bank Ltd	Financial Services	31.85	0.44	0.00	Jan25	5.32
ICICI Pru MidCap Dir Gr	INF109K011N7	Bandhan Bank Ltd	Financial Services	31.85	0.44	0.00	Feb25	5.59
ICICI Pru MidCap Dir Gr	INF109K011N7	Bandhan Bank Ltd	Financial Services	31.85	0.44	0.00	Mar25	15.51
ICICI Pru MidCap Dir Gr	INF109K011N7	Bandhan Bank Ltd	Financial Services	31.85	0.44	0.00	Mar25	15.51
ICICI Pru MidCap Dir Gr	INF109K011N7	Bandhan Bank Ltd	Financial Services	31.85	0.44	0.00	Apr25	12.51
ICICI Pru MidCap Dir Gr	INF109K011N7	Bandhan Bank Ltd	Financial Services	31.85	0.44	0.00	May25	11.15
ICICI Pru MidCap Dir Gr	INF109K011N7	Bandhan Bank Ltd	Financial Services	31.85	0.44	0.00	June25	10.18
ICICI Pru MidCap Dir Gr	INF109K011N7	Bandhan Bank Ltd	Financial Services	31.85	0.44	0.00	July25	9.19
ICICI Pru MidCap Dir Gr	INF109K011N7	Bandhan Bank Ltd	Financial Services	31.85	0.44	0.00	Aug25	8.13
ICICI Pru MidCap Dir Gr	INF109K011N7	Aarti Industries Ltd	Basic Materials	31.30	0.43	0.00	Oct24	5.55
ICICI Pru MidCap Dir Gr	INF109K011N7	Aarti Industries Ltd	Basic Materials	31.30	0.43	0.00	Nov24	7.52
ICICI Pru MidCap Dir Gr	INF109K011N7	Aarti Industries Ltd	Basic Materials	31.30	0.43	0.00	Dec24	3.56
ICICI Pru MidCap Dir Gr	INF109K011N7	Aarti Industries Ltd	Basic Materials	31.30	0.43	0.00	Jan25	5.32
ICICI Pru MidCap Dir Gr	INF109K011N7	Aarti Industries Ltd	Basic Materials	31.30	0.43	0.00	Feb25	5.59
ICICI Pru MidCap Dir Gr	INF109K011N7	Aarti Industries Ltd	Basic Materials	31.30	0.43	0.00	Mar25	15.51
ICICI Pru MidCap Dir Gr	INF109K011N7	Aarti Industries Ltd	Basic Materials	31.30	0.43	0.00	Mar25	15.51
ICICI Pru MidCap Dir Gr	INF109K011N7	Aarti Industries Ltd	Basic Materials	31.30	0.43	0.00	Apr25	12.51
ICICI Pru MidCap Dir Gr	INF109K011N7	Aarti Industries Ltd	Basic Materials	31.30	0.43	0.00	May25	11.15
ICICI Pru MidCap Dir Gr	INF109K011N7	Aarti Industries Ltd	Basic Materials	31.30	0.43	0.00	June25	10.18
ICICI Pru MidCap Dir Gr	INF109K011N7	Aarti Industries Ltd	Basic Materials	31.30	0.43	0.00	July25	9.19
ICICI Pru MidCap Dir Gr	INF109K011N7	Aarti Industries Ltd	Basic Materials	31.30	0.43	0.00	Aug25	8.13
ICICI Pru MidCap Dir Gr	INF109K011N7	IRB Infrastructure Developers Ltd	Industrials	29.10	0.40	0.00	Oct24	5.55
ICICI Pru MidCap Dir Gr	INF109K011N7	IRB Infrastructure Developers Ltd	Industrials	29.10	0.40	0.00	Nov24	7.52
ICICI Pru MidCap Dir Gr	INF109K011N7	IRB Infrastructure Developers Ltd	Industrials	29.10	0.40	0.00	Dec24	3.56
ICICI Pru MidCap Dir Gr	INF109K011N7	IRB Infrastructure Developers Ltd	Industrials	29.10	0.40	0.00	Jan25	5.32
ICICI Pru MidCap Dir Gr	INF109K011N7	IRB Infrastructure Developers Ltd	Industrials	29.10	0.40	0.00	Feb25	5.59
ICICI Pru MidCap Dir Gr	INF109K011N7	IRB Infrastructure Developers Ltd	Industrials	29.10	0.40	0.00	Mar25	15.51
ICICI Pru MidCap Dir Gr	INF109K011N7	IRB Infrastructure Developers Ltd	Industrials	29.10	0.40	0.00	Mar25	15.51
ICICI Pru MidCap Dir Gr	INF109K011N7	IRB Infrastructure Developers Ltd	Industrials	29.10	0.40	0.00	Apr25	12.51
ICICI Pru MidCap Dir Gr	INF109K011N7	IRB Infrastructure Developers Ltd	Industrials	29.10	0.40	0.00	May25	11.15
ICICI Pru MidCap Dir Gr	INF109K011N7	IRB Infrastructure Developers Ltd	Industrials	29.10	0.40	0.00	June25	10.18
ICICI Pru MidCap Dir Gr	INF109K011N7	IRB Infrastructure Developers Ltd	Industrials	29.10	0.40	0.00	July25	9.19
ICICI Pru MidCap Dir Gr	INF109K011N7	IRB Infrastructure Developers Ltd	Industrials	29.10	0.40	0.00	Aug25	8.13
ICICI Pru MidCap Dir Gr	INF109K011N7	Atul Ltd	Basic Materials	27.41	0.38	0.00	Oct24	5.55
ICICI Pru MidCap Dir Gr	INF109K011N7	Atul Ltd	Basic Materials	27.41	0.38	0.00	Nov24	7.52
ICICI Pru MidCap Dir Gr	INF109K011N7	Atul Ltd	Basic Materials	27.41	0.38	0.00	Dec24	3.56
ICICI Pru MidCap Dir Gr	INF109K011N7	Atul Ltd	Basic Materials	27.41	0.38	0.00	Jan25	5.32
ICICI Pru MidCap Dir Gr	INF109K011N7	Atul Ltd	Basic Materials	27.41	0.38	0.00	Feb25	5.59
ICICI Pru MidCap Dir Gr	INF109K011N7	Atul Ltd	Basic Materials	27.41	0.38	0.00	Mar25	15.51
ICICI Pru MidCap Dir Gr	INF109K011N7	Atul Ltd	Basic Materials	27.41	0.38	0.00	Mar25	15.51
ICICI Pru MidCap Dir Gr	INF109K011N7	Atul Ltd	Basic Materials	27.41	0.38	0.00	Apr25	12.51
ICICI Pru MidCap Dir Gr	INF109K011N7	Atul Ltd	Basic Materials	27.41	0.38	0.00	May25	11.15
ICICI Pru MidCap Dir Gr	INF109K011N7	Atul Ltd	Basic Materials	27.41	0.38	0.00	June25	10.18
ICICI Pru MidCap Dir Gr	INF109K011N7	Atul Ltd	Basic Materials	27.41	0.38	0.00	July25	9.19
ICICI Pru MidCap Dir Gr	INF109K011N7	Atul Ltd	Basic Materials	27.41	0.38	0.00	Aug25	8.13
ICICI Pru MidCap Dir Gr	INF109K011N7	SBI Cards and Payment Services Ltd Ordinary Shares	Financial Services	26.55	0.36	0.00	Oct24	5.55
ICICI Pru MidCap Dir Gr	INF109K011N7	SBI Cards and Payment Services Ltd Ordinary Shares	Financial Services	26.55	0.36	0.00	Nov24	7.52
ICICI Pru MidCap Dir Gr	INF109K011N7	SBI Cards and Payment Services Ltd Ordinary Shares	Financial Services	26.55	0.36	0.00	Dec24	3.56
ICICI Pru MidCap Dir Gr	INF109K011N7	SBI Cards and Payment Services Ltd Ordinary Shares	Financial Services	26.55	0.36	0.00	Jan25	5.32
ICICI Pru MidCap Dir Gr	INF109K011N7	SBI Cards and Payment Services Ltd Ordinary Shares	Financial Services	26.55	0.36	0.00	Feb25	5.59
ICICI Pru MidCap Dir Gr	INF109K011N7	SBI Cards and Payment Services Ltd Ordinary Shares	Financial Services	26.55	0.36	0.00	Mar25	15.51
ICICI Pru MidCap Dir Gr	INF109K011N7	SBI Cards and Payment Services Ltd Ordinary Shares	Financial Services	26.55	0.36	0.00	Mar25	15.51
ICICI Pru MidCap Dir Gr	INF109K011N7	SBI Cards and Payment Services Ltd Ordinary Shares	Financial Services	26.55	0.36	0.00	Apr25	12.51
ICICI Pru MidCap Dir Gr	INF109K011N7	SBI Cards and Payment Services Ltd Ordinary Shares	Financial Services	26.55	0.36	0.00	May25	11.15
ICICI Pru MidCap Dir Gr	INF109K011N7	SBI Cards and Payment Services Ltd Ordinary Shares	Financial Services	26.55	0.36	0.00	June25	10.18
ICICI Pru MidCap Dir Gr	INF109K011N7	SBI Cards and Payment Services Ltd Ordinary Shares	Financial Services	26.55	0.36	0.00	July25	9.19
ICICI Pru MidCap Dir Gr	INF109K011N7	SBI Cards and Payment Services Ltd Ordinary Shares	Financial Services	26.55	0.36	0.00	Aug25	8.13
ICICI Pru MidCap Dir Gr	INF109K011N7	Cash Margin - Derivatives		19.00	0.26		Oct24	5.55
ICICI Pru MidCap Dir Gr	INF109K011N7	Cash Margin - Derivatives		19.00	0.26		Nov24	7.52
ICICI Pru MidCap Dir Gr	INF109K011N7	Cash Margin - Derivatives		19.00	0.26		Dec24	3.56
ICICI Pru MidCap Dir Gr	INF109K011N7	Cash Margin - Derivatives		19.00	0.26		Jan25	5.32
ICICI Pru MidCap Dir Gr	INF109K011N7	Cash Margin - Derivatives		19.00	0.26		Feb25	5.59
ICICI Pru MidCap Dir Gr	INF109K011N7	Cash Margin - Derivatives		19.00	0.26		Mar25	15.51
ICICI Pru MidCap Dir Gr	INF109K011N7	Cash Margin - Derivatives		19.00	0.26		Mar25	15.51
ICICI Pru MidCap Dir Gr	INF109K011N7	Cash Margin - Derivatives		19.00	0.26		Apr25	12.51
ICICI Pru MidCap Dir Gr	INF109K011N7	Cash Margin - Derivatives		19.00	0.26		May25	11.15
ICICI Pru MidCap Dir Gr	INF109K011N7	Cash Margin - Derivatives		19.00	0.26		June25	10.18
ICICI Pru MidCap Dir Gr	INF109K011N7	Cash Margin - Derivatives		19.00	0.26		July25	9.19
ICICI Pru MidCap Dir Gr	INF109K011N7	Cash Margin - Derivatives		19.00	0.26		Aug25	8.13
ICICI Pru MidCap Dir Gr	INF109K011N7	Gujarat Fluorochemicals Ltd Ordinary Shares	Basic Materials	17.62	0.24	0.00	Oct24	5.55
ICICI Pru MidCap Dir Gr	INF109K011N7	Gujarat Fluorochemicals Ltd Ordinary Shares	Basic Materials	17.62	0.24	0.00	Nov24	7.52
ICICI Pru MidCap Dir Gr	INF109K011N7	Gujarat Fluorochemicals Ltd Ordinary Shares	Basic Materials	17.62	0.24	0.00	Dec24	3.56
ICICI Pru MidCap Dir Gr	INF109K011N7	Gujarat Fluorochemicals Ltd Ordinary Shares	Basic Materials	17.62	0.24	0.00	Jan25	5.32
ICICI Pru MidCap Dir Gr	INF109K011N7	Gujarat Fluorochemicals Ltd Ordinary Shares	Basic Materials	17.62	0.24	0.00	Feb25	5.59
ICICI Pru MidCap Dir Gr	INF109K011N7	Gujarat Fluorochemicals Ltd Ordinary Shares	Basic Materials	17.62	0.24	0.00	Mar25	15.51
ICICI Pru MidCap Dir Gr	INF109K011N7	Gujarat Fluorochemicals Ltd Ordinary Shares	Basic Materials	17.62	0.24	0.00	Mar25	15.51
ICICI Pru MidCap Dir Gr	INF109K011N7	Gujarat Fluorochemicals Ltd Ordinary Shares	Basic Materials	17.62	0.24	0.00	Apr25	12.51
ICICI Pru MidCap Dir Gr	INF109K011N7	Gujarat Fluorochemicals Ltd Ordinary Shares	Basic Materials	17.62	0.24	0.00	May25	11.15
ICICI Pru MidCap Dir Gr	INF109K011N7	Gujarat Fluorochemicals Ltd Ordinary Shares	Basic Materials	17.62	0.24	0.00	June25	10.18
ICICI Pru MidCap Dir Gr	INF109K011N7	Gujarat Fluorochemicals Ltd Ordinary Shares	Basic Materials	17.62	0.24	0.00	July25	9.19
ICICI Pru MidCap Dir Gr	INF109K011N7	Gujarat Fluorochemicals Ltd Ordinary Shares	Basic Materials	17.62	0.24	0.00	Aug25	8.13
ICICI Pru MidCap Dir Gr	INF109K011N7	Syngene International Ltd	Healthcare	17.45	0.24	0.00	Oct24	5.55
ICICI Pru MidCap Dir Gr	INF109K011N7	Syngene International Ltd	Healthcare	17.45	0.24	0.00	Nov24	7.52
ICICI Pru MidCap Dir Gr	INF109K011N7	Syngene International Ltd	Healthcare	17.45	0.24	0.00	Dec24	3.56
ICICI Pru MidCap Dir Gr	INF109K011N7	Syngene International Ltd	Healthcare	17.45	0.24	0.00	Jan25	5.32
ICICI Pru MidCap Dir Gr	INF109K011N7	Syngene International Ltd	Healthcare	17.45	0.24	0.00	Feb25	5.59
ICICI Pru MidCap Dir Gr	INF109K011N7	Syngene International Ltd	Healthcare	17.45	0.24	0.00	Mar25	15.51
ICICI Pru MidCap Dir Gr	INF109K011N7	Syngene International Ltd	Healthcare	17.45	0.24	0.00	Mar25	15.51
ICICI Pru MidCap Dir Gr	INF109K011N7	Syngene International Ltd	Healthcare	17.45	0.24	0.00	Apr25	12.51
ICICI Pru MidCap Dir Gr	INF109K011N7	Syngene International Ltd	Healthcare	17.45	0.24	0.00	May25	11.15
ICICI Pru MidCap Dir Gr	INF109K011N7	Syngene International Ltd	Healthcare	17.45	0.24	0.00	June25	10.18
ICICI Pru MidCap Dir Gr	INF109K011N7	Syngene International Ltd	Healthcare	17.45	0.24	0.00	July25	9.19
ICICI Pru MidCap Dir Gr	INF109K011N7	Syngene International Ltd	Healthcare	17.45	0.24	0.00	Aug25	8.13
ICICI Pru MidCap Dir Gr	INF109K011N7	Piramal Pharma Ltd	Healthcare	17.04	0.23	0.00	Oct24	5.55
ICICI Pru MidCap Dir Gr	INF109K011N7	Piramal Pharma Ltd	Healthcare	17.04	0.23	0.00	Nov24	7.52
ICICI Pru MidCap Dir Gr	INF109K011N7	Piramal Pharma Ltd	Healthcare	17.04	0.23	0.00	Dec24	3.56
ICICI Pru MidCap Dir Gr	INF109K011N7	Piramal Pharma Ltd	Healthcare	17.04	0.23	0.00	Jan25	5.32
ICICI Pru MidCap Dir Gr	INF109K011N7	Piramal Pharma Ltd	Healthcare	17.04	0.23	0.00	Feb25	5.59
ICICI Pru MidCap Dir Gr	INF109K011N7	Piramal Pharma Ltd	Healthcare	17.04	0.23	0.00	Mar25	15.51
ICICI Pru MidCap Dir Gr	INF109K011N7	Piramal Pharma Ltd	Healthcare	17.04	0.23	0.00	Mar25	15.51
ICICI Pru MidCap Dir Gr	INF109K011N7	Piramal Pharma Ltd	Healthcare	17.04	0.23	0.00	Apr25	12.51
ICICI Pru MidCap Dir Gr	INF109K011N7	Piramal Pharma Ltd	Healthcare	17.04	0.23	0.00	May25	11.15
ICICI Pru MidCap Dir Gr	INF109K011N7	Piramal Pharma Ltd	Healthcare	17.04	0.23	0.00	June25	10.18
ICICI Pru MidCap Dir Gr	INF109K011N7	Piramal Pharma Ltd	Healthcare	17.04	0.23	0.00	July25	9.19
ICICI Pru MidCap Dir Gr	INF109K011N7	Piramal Pharma Ltd	Healthcare	17.04	0.23	0.00	Aug25	8.13
ICICI Pru MidCap Dir Gr	INF109K011N7	Endurance Technologies Ltd	Consumer Cyclical	15.39	0.21	0.00	Oct24	5.55
ICICI Pru MidCap Dir Gr	INF109K011N7	Endurance Technologies Ltd	Consumer Cyclical	15.39	0.21	0.00	Nov24	7.52
ICICI Pru MidCap Dir Gr	INF109K011N7	Endurance Technologies Ltd	Consumer Cyclical	15.39	0.21	0.00	Dec24	3.56
ICICI Pru MidCap Dir Gr	INF109K011N7	Endurance Technologies Ltd	Consumer Cyclical	15.39	0.21	0.00	Jan25	5.32
ICICI Pru MidCap Dir Gr	INF109K011N7	Endurance Technologies Ltd	Consumer Cyclical	15.39	0.21	0.00	Feb25	5.59
ICICI Pru MidCap Dir Gr	INF109K011N7	Endurance Technologies Ltd	Consumer Cyclical	15.39	0.21	0.00	Mar25	15.51
ICICI Pru MidCap Dir Gr	INF109K011N7	Endurance Technologies Ltd	Consumer Cyclical	15.39	0.21	0.00	Mar25	15.51
ICICI Pru MidCap Dir Gr	INF109K011N7	Endurance Technologies Ltd	Consumer Cyclical	15.39	0.21	0.00	Apr25	12.51
ICICI Pru MidCap Dir Gr	INF109K011N7	Endurance Technologies Ltd	Consumer Cyclical	15.39	0.21	0.00	May25	11.15
ICICI Pru MidCap Dir Gr	INF109K011N7	Endurance Technologies Ltd	Consumer Cyclical	15.39	0.21	0.00	June25	10.18
ICICI Pru MidCap Dir Gr	INF109K011N7	Endurance Technologies Ltd	Consumer Cyclical	15.39	0.21	0.00	July25	9.19
ICICI Pru MidCap Dir Gr	INF109K011N7	Endurance Technologies Ltd	Consumer Cyclical	15.39	0.21	0.00	Aug25	8.13
ICICI Pru MidCap Dir Gr	INF109K011N7	Ratnamani Metals & Tubes Ltd	Basic Materials	15.06	0.21	0.00	Oct24	5.55
ICICI Pru MidCap Dir Gr	INF109K011N7	Ratnamani Metals & Tubes Ltd	Basic Materials	15.06	0.21	0.00	Nov24	7.52
ICICI Pru MidCap Dir Gr	INF109K011N7	Ratnamani Metals & Tubes Ltd	Basic Materials	15.06	0.21	0.00	Dec24	3.56
ICICI Pru MidCap Dir Gr	INF109K011N7	Ratnamani Metals & Tubes Ltd	Basic Materials	15.06	0.21	0.00	Jan25	5.32
ICICI Pru MidCap Dir Gr	INF109K011N7	Ratnamani Metals & Tubes Ltd	Basic Materials	15.06	0.21	0.00	Feb25	5.59
ICICI Pru MidCap Dir Gr	INF109K011N7	Ratnamani Metals & Tubes Ltd	Basic Materials	15.06	0.21	0.00	Mar25	15.51
ICICI Pru MidCap Dir Gr	INF109K011N7	Ratnamani Metals & Tubes Ltd	Basic Materials	15.06	0.21	0.00	Mar25	15.51
ICICI Pru MidCap Dir Gr	INF109K011N7	Ratnamani Metals & Tubes Ltd	Basic Materials	15.06	0.21	0.00	Apr25	12.51
ICICI Pru MidCap Dir Gr	INF109K011N7	Ratnamani Metals & Tubes Ltd	Basic Materials	15.06	0.21	0.00	May25	11.15
ICICI Pru MidCap Dir Gr	INF109K011N7	Ratnamani Metals & Tubes Ltd	Basic Materials	15.06	0.21	0.00	June25	10.18
ICICI Pru MidCap Dir Gr	INF109K011N7	Ratnamani Metals & Tubes Ltd	Basic Materials	15.06	0.21	0.00	July25	9.19
ICICI Pru MidCap Dir Gr	INF109K011N7	Ratnamani Metals & Tubes Ltd	Basic Materials	15.06	0.21	0.00	Aug25	8.13
ICICI Pru MidCap Dir Gr	INF109K011N7	Krishna Institute of Medical Sciences Ltd	Healthcare	14.90	0.20	0.00	Oct24	5.55
ICICI Pru MidCap Dir Gr	INF109K011N7	Krishna Institute of Medical Sciences Ltd	Healthcare	14.90	0.20	0.00	Nov24	7.52
ICICI Pru MidCap Dir Gr	INF109K011N7	Krishna Institute of Medical Sciences Ltd	Healthcare	14.90	0.20	0.00	Dec24	3.56
ICICI Pru MidCap Dir Gr	INF109K011N7	Krishna Institute of Medical Sciences Ltd	Healthcare	14.90	0.20	0.00	Jan25	5.32
ICICI Pru MidCap Dir Gr	INF109K011N7	Krishna Institute of Medical Sciences Ltd	Healthcare	14.90	0.20	0.00	Feb25	5.59
ICICI Pru MidCap Dir Gr	INF109K011N7	Krishna Institute of Medical Sciences Ltd	Healthcare	14.90	0.20	0.00	Mar25	15.51
ICICI Pru MidCap Dir Gr	INF109K011N7	Krishna Institute of Medical Sciences Ltd	Healthcare	14.90	0.20	0.00	Mar25	15.51
ICICI Pru MidCap Dir Gr	INF109K011N7	Krishna Institute of Medical Sciences Ltd	Healthcare	14.90	0.20	0.00	Apr25	12.51
ICICI Pru MidCap Dir Gr	INF109K011N7	Krishna Institute of Medical Sciences Ltd	Healthcare	14.90	0.20	0.00	May25	11.15
ICICI Pru MidCap Dir Gr	INF109K011N7	Krishna Institute of Medical Sciences Ltd	Healthcare	14.90	0.20	0.00	June25	10.18
ICICI Pru MidCap Dir Gr	INF109K011N7	Krishna Institute of Medical Sciences Ltd	Healthcare	14.90	0.20	0.00	July25	9.19
ICICI Pru MidCap Dir Gr	INF109K011N7	Krishna Institute of Medical Sciences Ltd	Healthcare	14.90	0.20	0.00	Aug25	8.13
ICICI Pru MidCap Dir Gr	INF109K011N7	Lenskart Solutions Ltd	Healthcare	13.10	0.18		Oct24	5.55
ICICI Pru MidCap Dir Gr	INF109K011N7	Lenskart Solutions Ltd	Healthcare	13.10	0.18		Nov24	7.52
ICICI Pru MidCap Dir Gr	INF109K011N7	Lenskart Solutions Ltd	Healthcare	13.10	0.18		Dec24	3.56
ICICI Pru MidCap Dir Gr	INF109K011N7	Lenskart Solutions Ltd	Healthcare	13.10	0.18		Jan25	5.32
ICICI Pru MidCap Dir Gr	INF109K011N7	Lenskart Solutions Ltd	Healthcare	13.10	0.18		Feb25	5.59
ICICI Pru MidCap Dir Gr	INF109K011N7	Lenskart Solutions Ltd	Healthcare	13.10	0.18		Mar25	15.51
ICICI Pru MidCap Dir Gr	INF109K011N7	Lenskart Solutions Ltd	Healthcare	13.10	0.18		Mar25	15.51
ICICI Pru MidCap Dir Gr	INF109K011N7	Lenskart Solutions Ltd	Healthcare	13.10	0.18		Apr25	12.51
ICICI Pru MidCap Dir Gr	INF109K011N7	Lenskart Solutions Ltd	Healthcare	13.10	0.18		May25	11.15
ICICI Pru MidCap Dir Gr	INF109K011N7	Lenskart Solutions Ltd	Healthcare	13.10	0.18		June25	10.18
ICICI Pru MidCap Dir Gr	INF109K011N7	Lenskart Solutions Ltd	Healthcare	13.10	0.18		July25	9.19
ICICI Pru MidCap Dir Gr	INF109K011N7	Lenskart Solutions Ltd	Healthcare	13.10	0.18		Aug25	8.13
ICICI Pru MidCap Dir Gr	INF109K011N7	HDFC Asset Management Co Ltd	Financial Services	12.19	0.17	0.00	Oct24	5.55
ICICI Pru MidCap Dir Gr	INF109K011N7	HDFC Asset Management Co Ltd	Financial Services	12.19	0.17	0.00	Nov24	7.52
ICICI Pru MidCap Dir Gr	INF109K011N7	HDFC Asset Management Co Ltd	Financial Services	12.19	0.17	0.00	Dec24	3.56
ICICI Pru MidCap Dir Gr	INF109K011N7	HDFC Asset Management Co Ltd	Financial Services	12.19	0.17	0.00	Jan25	5.32
ICICI Pru MidCap Dir Gr	INF109K011N7	HDFC Asset Management Co Ltd	Financial Services	12.19	0.17	0.00	Feb25	5.59
ICICI Pru MidCap Dir Gr	INF109K011N7	HDFC Asset Management Co Ltd	Financial Services	12.19	0.17	0.00	Mar25	15.51
ICICI Pru MidCap Dir Gr	INF109K011N7	HDFC Asset Management Co Ltd	Financial Services	12.19	0.17	0.00	Mar25	15.51
ICICI Pru MidCap Dir Gr	INF109K011N7	HDFC Asset Management Co Ltd	Financial Services	12.19	0.17	0.00	Apr25	12.51
ICICI Pru MidCap Dir Gr	INF109K011N7	HDFC Asset Management Co Ltd	Financial Services	12.19	0.17	0.00	May25	11.15
ICICI Pru MidCap Dir Gr	INF109K011N7	HDFC Asset Management Co Ltd	Financial Services	12.19	0.17	0.00	June25	10.18
ICICI Pru MidCap Dir Gr	INF109K011N7	HDFC Asset Management Co Ltd	Financial Services	12.19	0.17	0.00	July25	9.19
ICICI Pru MidCap Dir Gr	INF109K011N7	HDFC Asset Management Co Ltd	Financial Services	12.19	0.17	0.00	Aug25	8.13
ICICI Pru MidCap Dir Gr	INF109K011N7	Honeywell Automation India Ltd	Industrials	10.44	0.14	0.00	Oct24	5.55
ICICI Pru MidCap Dir Gr	INF109K011N7	Honeywell Automation India Ltd	Industrials	10.44	0.14	0.00	Nov24	7.52
ICICI Pru MidCap Dir Gr	INF109K011N7	Honeywell Automation India Ltd	Industrials	10.44	0.14	0.00	Dec24	3.56
ICICI Pru MidCap Dir Gr	INF109K011N7	Honeywell Automation India Ltd	Industrials	10.44	0.14	0.00	Jan25	5.32
ICICI Pru MidCap Dir Gr	INF109K011N7	Honeywell Automation India Ltd	Industrials	10.44	0.14	0.00	Feb25	5.59
ICICI Pru MidCap Dir Gr	INF109K011N7	Honeywell Automation India Ltd	Industrials	10.44	0.14	0.00	Mar25	15.51
ICICI Pru MidCap Dir Gr	INF109K011N7	Honeywell Automation India Ltd	Industrials	10.44	0.14	0.00	Mar25	15.51
ICICI Pru MidCap Dir Gr	INF109K011N7	Honeywell Automation India Ltd	Industrials	10.44	0.14	0.00	Apr25	12.51
ICICI Pru MidCap Dir Gr	INF109K011N7	Honeywell Automation India Ltd	Industrials	10.44	0.14	0.00	May25	11.15
ICICI Pru MidCap Dir Gr	INF109K011N7	Honeywell Automation India Ltd	Industrials	10.44	0.14	0.00	June25	10.18
ICICI Pru MidCap Dir Gr	INF109K011N7	Honeywell Automation India Ltd	Industrials	10.44	0.14	0.00	July25	9.19
ICICI Pru MidCap Dir Gr	INF109K011N7	Honeywell Automation India Ltd	Industrials	10.44	0.14	0.00	Aug25	8.13
ICICI Pru MidCap Dir Gr	INF109K011N7	InterGlobe Aviation Ltd	Industrials	9.65	0.13	0.00	Oct24	5.55
ICICI Pru MidCap Dir Gr	INF109K011N7	InterGlobe Aviation Ltd	Industrials	9.65	0.13	0.00	Nov24	7.52
ICICI Pru MidCap Dir Gr	INF109K011N7	InterGlobe Aviation Ltd	Industrials	9.65	0.13	0.00	Dec24	3.56
ICICI Pru MidCap Dir Gr	INF109K011N7	InterGlobe Aviation Ltd	Industrials	9.65	0.13	0.00	Jan25	5.32
ICICI Pru MidCap Dir Gr	INF109K011N7	InterGlobe Aviation Ltd	Industrials	9.65	0.13	0.00	Feb25	5.59
ICICI Pru MidCap Dir Gr	INF109K011N7	InterGlobe Aviation Ltd	Industrials	9.65	0.13	0.00	Mar25	15.51
ICICI Pru MidCap Dir Gr	INF109K011N7	InterGlobe Aviation Ltd	Industrials	9.65	0.13	0.00	Mar25	15.51
ICICI Pru MidCap Dir Gr	INF109K011N7	InterGlobe Aviation Ltd	Industrials	9.65	0.13	0.00	Apr25	12.51
ICICI Pru MidCap Dir Gr	INF109K011N7	InterGlobe Aviation Ltd	Industrials	9.65	0.13	0.00	May25	11.15
ICICI Pru MidCap Dir Gr	INF109K011N7	InterGlobe Aviation Ltd	Industrials	9.65	0.13	0.00	June25	10.18
ICICI Pru MidCap Dir Gr	INF109K011N7	InterGlobe Aviation Ltd	Industrials	9.65	0.13	0.00	July25	9.19
ICICI Pru MidCap Dir Gr	INF109K011N7	InterGlobe Aviation Ltd	Industrials	9.65	0.13	0.00	Aug25	8.13
ICICI Pru MidCap Dir Gr	INF109K011N7	JK Cement Ltd	Basic Materials	8.32	0.11	0.00	Oct24	5.55
ICICI Pru MidCap Dir Gr	INF109K011N7	JK Cement Ltd	Basic Materials	8.32	0.11	0.00	Nov24	7.52
ICICI Pru MidCap Dir Gr	INF109K011N7	JK Cement Ltd	Basic Materials	8.32	0.11	0.00	Dec24	3.56
ICICI Pru MidCap Dir Gr	INF109K011N7	JK Cement Ltd	Basic Materials	8.32	0.11	0.00	Jan25	5.32
ICICI Pru MidCap Dir Gr	INF109K011N7	JK Cement Ltd	Basic Materials	8.32	0.11	0.00	Feb25	5.59
ICICI Pru MidCap Dir Gr	INF109K011N7	JK Cement Ltd	Basic Materials	8.32	0.11	0.00	Mar25	15.51
ICICI Pru MidCap Dir Gr	INF109K011N7	JK Cement Ltd	Basic Materials	8.32	0.11	0.00	Mar25	15.51
ICICI Pru MidCap Dir Gr	INF109K011N7	JK Cement Ltd	Basic Materials	8.32	0.11	0.00	Apr25	12.51
ICICI Pru MidCap Dir Gr	INF109K011N7	JK Cement Ltd	Basic Materials	8.32	0.11	0.00	May25	11.15
ICICI Pru MidCap Dir Gr	INF109K011N7	JK Cement Ltd	Basic Materials	8.32	0.11	0.00	June25	10.18
ICICI Pru MidCap Dir Gr	INF109K011N7	JK Cement Ltd	Basic Materials	8.32	0.11	0.00	July25	9.19
ICICI Pru MidCap Dir Gr	INF109K011N7	JK Cement Ltd	Basic Materials	8.32	0.11	0.00	Aug25	8.13
ICICI Pru MidCap Dir Gr	INF109K011N7	Torrent Power Ltd	Utilities	7.83	0.11	0.00	Oct24	5.55
ICICI Pru MidCap Dir Gr	INF109K011N7	Torrent Power Ltd	Utilities	7.83	0.11	0.00	Nov24	7.52
ICICI Pru MidCap Dir Gr	INF109K011N7	Torrent Power Ltd	Utilities	7.83	0.11	0.00	Dec24	3.56
ICICI Pru MidCap Dir Gr	INF109K011N7	Torrent Power Ltd	Utilities	7.83	0.11	0.00	Jan25	5.32
ICICI Pru MidCap Dir Gr	INF109K011N7	Torrent Power Ltd	Utilities	7.83	0.11	0.00	Feb25	5.59
ICICI Pru MidCap Dir Gr	INF109K011N7	Torrent Power Ltd	Utilities	7.83	0.11	0.00	Mar25	15.51
ICICI Pru MidCap Dir Gr	INF109K011N7	Torrent Power Ltd	Utilities	7.83	0.11	0.00	Mar25	15.51
ICICI Pru MidCap Dir Gr	INF109K011N7	Torrent Power Ltd	Utilities	7.83	0.11	0.00	Apr25	12.51
ICICI Pru MidCap Dir Gr	INF109K011N7	Torrent Power Ltd	Utilities	7.83	0.11	0.00	May25	11.15
ICICI Pru MidCap Dir Gr	INF109K011N7	Torrent Power Ltd	Utilities	7.83	0.11	0.00	June25	10.18
ICICI Pru MidCap Dir Gr	INF109K011N7	Torrent Power Ltd	Utilities	7.83	0.11	0.00	July25	9.19
ICICI Pru MidCap Dir Gr	INF109K011N7	Torrent Power Ltd	Utilities	7.83	0.11	0.00	Aug25	8.13
ICICI Pru MidCap Dir Gr	INF109K011N7	Hindustan Zinc Ltd	Basic Materials	7.75	0.11	0.00	Oct24	5.55
ICICI Pru MidCap Dir Gr	INF109K011N7	Hindustan Zinc Ltd	Basic Materials	7.75	0.11	0.00	Nov24	7.52
ICICI Pru MidCap Dir Gr	INF109K011N7	Hindustan Zinc Ltd	Basic Materials	7.75	0.11	0.00	Dec24	3.56
ICICI Pru MidCap Dir Gr	INF109K011N7	Hindustan Zinc Ltd	Basic Materials	7.75	0.11	0.00	Jan25	5.32
ICICI Pru MidCap Dir Gr	INF109K011N7	Hindustan Zinc Ltd	Basic Materials	7.75	0.11	0.00	Feb25	5.59
ICICI Pru MidCap Dir Gr	INF109K011N7	Hindustan Zinc Ltd	Basic Materials	7.75	0.11	0.00	Mar25	15.51
ICICI Pru MidCap Dir Gr	INF109K011N7	Hindustan Zinc Ltd	Basic Materials	7.75	0.11	0.00	Mar25	15.51
ICICI Pru MidCap Dir Gr	INF109K011N7	Hindustan Zinc Ltd	Basic Materials	7.75	0.11	0.00	Apr25	12.51
ICICI Pru MidCap Dir Gr	INF109K011N7	Hindustan Zinc Ltd	Basic Materials	7.75	0.11	0.00	May25	11.15
ICICI Pru MidCap Dir Gr	INF109K011N7	Hindustan Zinc Ltd	Basic Materials	7.75	0.11	0.00	June25	10.18
ICICI Pru MidCap Dir Gr	INF109K011N7	Hindustan Zinc Ltd	Basic Materials	7.75	0.11	0.00	July25	9.19
ICICI Pru MidCap Dir Gr	INF109K011N7	Hindustan Zinc Ltd	Basic Materials	7.75	0.11	0.00	Aug25	8.13
ICICI Pru MidCap Dir Gr	INF109K011N7	Carborundum Universal Ltd	Industrials	7.51	0.10	0.00	Oct24	5.55
ICICI Pru MidCap Dir Gr	INF109K011N7	Carborundum Universal Ltd	Industrials	7.51	0.10	0.00	Nov24	7.52
ICICI Pru MidCap Dir Gr	INF109K011N7	Carborundum Universal Ltd	Industrials	7.51	0.10	0.00	Dec24	3.56
ICICI Pru MidCap Dir Gr	INF109K011N7	Carborundum Universal Ltd	Industrials	7.51	0.10	0.00	Jan25	5.32
ICICI Pru MidCap Dir Gr	INF109K011N7	Carborundum Universal Ltd	Industrials	7.51	0.10	0.00	Feb25	5.59
ICICI Pru MidCap Dir Gr	INF109K011N7	Carborundum Universal Ltd	Industrials	7.51	0.10	0.00	Mar25	15.51
ICICI Pru MidCap Dir Gr	INF109K011N7	Carborundum Universal Ltd	Industrials	7.51	0.10	0.00	Mar25	15.51
ICICI Pru MidCap Dir Gr	INF109K011N7	Carborundum Universal Ltd	Industrials	7.51	0.10	0.00	Apr25	12.51
ICICI Pru MidCap Dir Gr	INF109K011N7	Carborundum Universal Ltd	Industrials	7.51	0.10	0.00	May25	11.15
ICICI Pru MidCap Dir Gr	INF109K011N7	Carborundum Universal Ltd	Industrials	7.51	0.10	0.00	June25	10.18
ICICI Pru MidCap Dir Gr	INF109K011N7	Carborundum Universal Ltd	Industrials	7.51	0.10	0.00	July25	9.19
ICICI Pru MidCap Dir Gr	INF109K011N7	Carborundum Universal Ltd	Industrials	7.51	0.10	0.00	Aug25	8.13
ICICI Pru MidCap Dir Gr	INF109K011N7	Coromandel International Ltd	Basic Materials	6.66	0.09	0.00	Oct24	5.55
ICICI Pru MidCap Dir Gr	INF109K011N7	Coromandel International Ltd	Basic Materials	6.66	0.09	0.00	Nov24	7.52
ICICI Pru MidCap Dir Gr	INF109K011N7	Coromandel International Ltd	Basic Materials	6.66	0.09	0.00	Dec24	3.56
ICICI Pru MidCap Dir Gr	INF109K011N7	Coromandel International Ltd	Basic Materials	6.66	0.09	0.00	Jan25	5.32
ICICI Pru MidCap Dir Gr	INF109K011N7	Coromandel International Ltd	Basic Materials	6.66	0.09	0.00	Feb25	5.59
ICICI Pru MidCap Dir Gr	INF109K011N7	Coromandel International Ltd	Basic Materials	6.66	0.09	0.00	Mar25	15.51
ICICI Pru MidCap Dir Gr	INF109K011N7	Coromandel International Ltd	Basic Materials	6.66	0.09	0.00	Mar25	15.51
ICICI Pru MidCap Dir Gr	INF109K011N7	Coromandel International Ltd	Basic Materials	6.66	0.09	0.00	Apr25	12.51
ICICI Pru MidCap Dir Gr	INF109K011N7	Coromandel International Ltd	Basic Materials	6.66	0.09	0.00	May25	11.15
ICICI Pru MidCap Dir Gr	INF109K011N7	Coromandel International Ltd	Basic Materials	6.66	0.09	0.00	June25	10.18
ICICI Pru MidCap Dir Gr	INF109K011N7	Coromandel International Ltd	Basic Materials	6.66	0.09	0.00	July25	9.19
ICICI Pru MidCap Dir Gr	INF109K011N7	Coromandel International Ltd	Basic Materials	6.66	0.09	0.00	Aug25	8.13
ICICI Pru MidCap Dir Gr	INF109K011N7	Rainbow Childrens Medicare Ltd	Healthcare	5.95	0.08	0.00	Oct24	5.55
ICICI Pru MidCap Dir Gr	INF109K011N7	Rainbow Childrens Medicare Ltd	Healthcare	5.95	0.08	0.00	Nov24	7.52
ICICI Pru MidCap Dir Gr	INF109K011N7	Rainbow Childrens Medicare Ltd	Healthcare	5.95	0.08	0.00	Dec24	3.56
ICICI Pru MidCap Dir Gr	INF109K011N7	Rainbow Childrens Medicare Ltd	Healthcare	5.95	0.08	0.00	Jan25	5.32
ICICI Pru MidCap Dir Gr	INF109K011N7	Rainbow Childrens Medicare Ltd	Healthcare	5.95	0.08	0.00	Feb25	5.59
ICICI Pru MidCap Dir Gr	INF109K011N7	Rainbow Childrens Medicare Ltd	Healthcare	5.95	0.08	0.00	Mar25	15.51
ICICI Pru MidCap Dir Gr	INF109K011N7	Rainbow Childrens Medicare Ltd	Healthcare	5.95	0.08	0.00	Mar25	15.51
ICICI Pru MidCap Dir Gr	INF109K011N7	Rainbow Childrens Medicare Ltd	Healthcare	5.95	0.08	0.00	Apr25	12.51
ICICI Pru MidCap Dir Gr	INF109K011N7	Rainbow Childrens Medicare Ltd	Healthcare	5.95	0.08	0.00	May25	11.15
ICICI Pru MidCap Dir Gr	INF109K011N7	Rainbow Childrens Medicare Ltd	Healthcare	5.95	0.08	0.00	June25	10.18
ICICI Pru MidCap Dir Gr	INF109K011N7	Rainbow Childrens Medicare Ltd	Healthcare	5.95	0.08	0.00	July25	9.19
ICICI Pru MidCap Dir Gr	INF109K011N7	Rainbow Childrens Medicare Ltd	Healthcare	5.95	0.08	0.00	Aug25	8.13
ICICI Pru MidCap Dir Gr	INF109K011N7	AstraZeneca Pharma India Ltd	Healthcare	5.88	0.08	0.00	Oct24	5.55
ICICI Pru MidCap Dir Gr	INF109K011N7	AstraZeneca Pharma India Ltd	Healthcare	5.88	0.08	0.00	Nov24	7.52
ICICI Pru MidCap Dir Gr	INF109K011N7	AstraZeneca Pharma India Ltd	Healthcare	5.88	0.08	0.00	Dec24	3.56
ICICI Pru MidCap Dir Gr	INF109K011N7	AstraZeneca Pharma India Ltd	Healthcare	5.88	0.08	0.00	Jan25	5.32
ICICI Pru MidCap Dir Gr	INF109K011N7	AstraZeneca Pharma India Ltd	Healthcare	5.88	0.08	0.00	Feb25	5.59
ICICI Pru MidCap Dir Gr	INF109K011N7	AstraZeneca Pharma India Ltd	Healthcare	5.88	0.08	0.00	Mar25	15.51
ICICI Pru MidCap Dir Gr	INF109K011N7	AstraZeneca Pharma India Ltd	Healthcare	5.88	0.08	0.00	Mar25	15.51
ICICI Pru MidCap Dir Gr	INF109K011N7	AstraZeneca Pharma India Ltd	Healthcare	5.88	0.08	0.00	Apr25	12.51
ICICI Pru MidCap Dir Gr	INF109K011N7	AstraZeneca Pharma India Ltd	Healthcare	5.88	0.08	0.00	May25	11.15
ICICI Pru MidCap Dir Gr	INF109K011N7	AstraZeneca Pharma India Ltd	Healthcare	5.88	0.08	0.00	June25	10.18
ICICI Pru MidCap Dir Gr	INF109K011N7	AstraZeneca Pharma India Ltd	Healthcare	5.88	0.08	0.00	July25	9.19
ICICI Pru MidCap Dir Gr	INF109K011N7	AstraZeneca Pharma India Ltd	Healthcare	5.88	0.08	0.00	Aug25	8.13
ICICI Pru MidCap Dir Gr	INF109K011N7	Chemplast Sanmar Ltd	Basic Materials	4.60	0.06	0.00	Oct24	5.55
ICICI Pru MidCap Dir Gr	INF109K011N7	Chemplast Sanmar Ltd	Basic Materials	4.60	0.06	0.00	Nov24	7.52
ICICI Pru MidCap Dir Gr	INF109K011N7	Chemplast Sanmar Ltd	Basic Materials	4.60	0.06	0.00	Dec24	3.56
ICICI Pru MidCap Dir Gr	INF109K011N7	Chemplast Sanmar Ltd	Basic Materials	4.60	0.06	0.00	Jan25	5.32
ICICI Pru MidCap Dir Gr	INF109K011N7	Chemplast Sanmar Ltd	Basic Materials	4.60	0.06	0.00	Feb25	5.59
ICICI Pru MidCap Dir Gr	INF109K011N7	Chemplast Sanmar Ltd	Basic Materials	4.60	0.06	0.00	Mar25	15.51
ICICI Pru MidCap Dir Gr	INF109K011N7	Chemplast Sanmar Ltd	Basic Materials	4.60	0.06	0.00	Mar25	15.51
ICICI Pru MidCap Dir Gr	INF109K011N7	Chemplast Sanmar Ltd	Basic Materials	4.60	0.06	0.00	Apr25	12.51
ICICI Pru MidCap Dir Gr	INF109K011N7	Chemplast Sanmar Ltd	Basic Materials	4.60	0.06	0.00	May25	11.15
ICICI Pru MidCap Dir Gr	INF109K011N7	Chemplast Sanmar Ltd	Basic Materials	4.60	0.06	0.00	June25	10.18
ICICI Pru MidCap Dir Gr	INF109K011N7	Chemplast Sanmar Ltd	Basic Materials	4.60	0.06	0.00	July25	9.19
ICICI Pru MidCap Dir Gr	INF109K011N7	Chemplast Sanmar Ltd	Basic Materials	4.60	0.06	0.00	Aug25	8.13
ICICI Pru MidCap Dir Gr	INF109K011N7	Net Current Assets		-4.25	0.06		Oct24	5.55
ICICI Pru MidCap Dir Gr	INF109K011N7	Net Current Assets		-4.25	0.06		Nov24	7.52
ICICI Pru MidCap Dir Gr	INF109K011N7	Net Current Assets		-4.25	0.06		Dec24	3.56
ICICI Pru MidCap Dir Gr	INF109K011N7	Net Current Assets		-4.25	0.06		Jan25	5.32
ICICI Pru MidCap Dir Gr	INF109K011N7	Net Current Assets		-4.25	0.06		Feb25	5.59
ICICI Pru MidCap Dir Gr	INF109K011N7	Net Current Assets		-4.25	0.06		Mar25	15.51
ICICI Pru MidCap Dir Gr	INF109K011N7	Net Current Assets		-4.25	0.06		Mar25	15.51
ICICI Pru MidCap Dir Gr	INF109K011N7	Net Current Assets		-4.25	0.06		Apr25	12.51
ICICI Pru MidCap Dir Gr	INF109K011N7	Net Current Assets		-4.25	0.06		May25	11.15
ICICI Pru MidCap Dir Gr	INF109K011N7	Net Current Assets		-4.25	0.06		June25	10.18
ICICI Pru MidCap Dir Gr	INF109K011N7	Net Current Assets		-4.25	0.06		July25	9.19
ICICI Pru MidCap Dir Gr	INF109K011N7	Net Current Assets		-4.25	0.06		Aug25	8.13
ICICI Pru MidCap Dir Gr	INF109K011N7	Vardhman Textiles Ltd	Consumer Cyclical	3.64	0.05	0.00	Oct24	5.55
ICICI Pru MidCap Dir Gr	INF109K011N7	Vardhman Textiles Ltd	Consumer Cyclical	3.64	0.05	0.00	Nov24	7.52
ICICI Pru MidCap Dir Gr	INF109K011N7	Vardhman Textiles Ltd	Consumer Cyclical	3.64	0.05	0.00	Dec24	3.56
ICICI Pru MidCap Dir Gr	INF109K011N7	Vardhman Textiles Ltd	Consumer Cyclical	3.64	0.05	0.00	Jan25	5.32
ICICI Pru MidCap Dir Gr	INF109K011N7	Vardhman Textiles Ltd	Consumer Cyclical	3.64	0.05	0.00	Feb25	5.59
ICICI Pru MidCap Dir Gr	INF109K011N7	Vardhman Textiles Ltd	Consumer Cyclical	3.64	0.05	0.00	Mar25	15.51
ICICI Pru MidCap Dir Gr	INF109K011N7	Vardhman Textiles Ltd	Consumer Cyclical	3.64	0.05	0.00	Mar25	15.51
ICICI Pru MidCap Dir Gr	INF109K011N7	Vardhman Textiles Ltd	Consumer Cyclical	3.64	0.05	0.00	Apr25	12.51
ICICI Pru MidCap Dir Gr	INF109K011N7	Vardhman Textiles Ltd	Consumer Cyclical	3.64	0.05	0.00	May25	11.15
ICICI Pru MidCap Dir Gr	INF109K011N7	Vardhman Textiles Ltd	Consumer Cyclical	3.64	0.05	0.00	June25	10.18
ICICI Pru MidCap Dir Gr	INF109K011N7	Vardhman Textiles Ltd	Consumer Cyclical	3.64	0.05	0.00	July25	9.19
ICICI Pru MidCap Dir Gr	INF109K011N7	Vardhman Textiles Ltd	Consumer Cyclical	3.64	0.05	0.00	Aug25	8.13
ICICI Pru MidCap Dir Gr	INF109K011N7	Kajaria Ceramics Ltd	Industrials	1.72	0.02	-21.25	Oct24	5.55
ICICI Pru MidCap Dir Gr	INF109K011N7	Kajaria Ceramics Ltd	Industrials	1.72	0.02	-21.25	Nov24	7.52
ICICI Pru MidCap Dir Gr	INF109K011N7	Kajaria Ceramics Ltd	Industrials	1.72	0.02	-21.25	Dec24	3.56
ICICI Pru MidCap Dir Gr	INF109K011N7	Kajaria Ceramics Ltd	Industrials	1.72	0.02	-21.25	Jan25	5.32
ICICI Pru MidCap Dir Gr	INF109K011N7	Kajaria Ceramics Ltd	Industrials	1.72	0.02	-21.25	Feb25	5.59
ICICI Pru MidCap Dir Gr	INF109K011N7	Kajaria Ceramics Ltd	Industrials	1.72	0.02	-21.25	Mar25	15.51
ICICI Pru MidCap Dir Gr	INF109K011N7	Kajaria Ceramics Ltd	Industrials	1.72	0.02	-21.25	Mar25	15.51
ICICI Pru MidCap Dir Gr	INF109K011N7	Kajaria Ceramics Ltd	Industrials	1.72	0.02	-21.25	Apr25	12.51
ICICI Pru MidCap Dir Gr	INF109K011N7	Kajaria Ceramics Ltd	Industrials	1.72	0.02	-21.25	May25	11.15
ICICI Pru MidCap Dir Gr	INF109K011N7	Kajaria Ceramics Ltd	Industrials	1.72	0.02	-21.25	June25	10.18
ICICI Pru MidCap Dir Gr	INF109K011N7	Kajaria Ceramics Ltd	Industrials	1.72	0.02	-21.25	July25	9.19
ICICI Pru MidCap Dir Gr	INF109K011N7	Kajaria Ceramics Ltd	Industrials	1.72	0.02	-21.25	Aug25	8.13
ICICI Pru MidCap Dir Gr	INF109K011N7	Gujarat Gas Ltd	Utilities	1.45	0.02	-35.09	Oct24	5.55
ICICI Pru MidCap Dir Gr	INF109K011N7	Gujarat Gas Ltd	Utilities	1.45	0.02	-35.09	Nov24	7.52
ICICI Pru MidCap Dir Gr	INF109K011N7	Gujarat Gas Ltd	Utilities	1.45	0.02	-35.09	Dec24	3.56
ICICI Pru MidCap Dir Gr	INF109K011N7	Gujarat Gas Ltd	Utilities	1.45	0.02	-35.09	Jan25	5.32
ICICI Pru MidCap Dir Gr	INF109K011N7	Gujarat Gas Ltd	Utilities	1.45	0.02	-35.09	Feb25	5.59
ICICI Pru MidCap Dir Gr	INF109K011N7	Gujarat Gas Ltd	Utilities	1.45	0.02	-35.09	Mar25	15.51
ICICI Pru MidCap Dir Gr	INF109K011N7	Gujarat Gas Ltd	Utilities	1.45	0.02	-35.09	Mar25	15.51
ICICI Pru MidCap Dir Gr	INF109K011N7	Gujarat Gas Ltd	Utilities	1.45	0.02	-35.09	Apr25	12.51
ICICI Pru MidCap Dir Gr	INF109K011N7	Gujarat Gas Ltd	Utilities	1.45	0.02	-35.09	May25	11.15
ICICI Pru MidCap Dir Gr	INF109K011N7	Gujarat Gas Ltd	Utilities	1.45	0.02	-35.09	June25	10.18
ICICI Pru MidCap Dir Gr	INF109K011N7	Gujarat Gas Ltd	Utilities	1.45	0.02	-35.09	July25	9.19
ICICI Pru MidCap Dir Gr	INF109K011N7	Gujarat Gas Ltd	Utilities	1.45	0.02	-35.09	Aug25	8.13
ICICI Pru MidCap Dir Gr	INF109K011N7	JSW Energy Ltd	Utilities	1.39	0.02	0.00	Oct24	5.55
ICICI Pru MidCap Dir Gr	INF109K011N7	JSW Energy Ltd	Utilities	1.39	0.02	0.00	Nov24	7.52
ICICI Pru MidCap Dir Gr	INF109K011N7	JSW Energy Ltd	Utilities	1.39	0.02	0.00	Dec24	3.56
ICICI Pru MidCap Dir Gr	INF109K011N7	JSW Energy Ltd	Utilities	1.39	0.02	0.00	Jan25	5.32
ICICI Pru MidCap Dir Gr	INF109K011N7	JSW Energy Ltd	Utilities	1.39	0.02	0.00	Feb25	5.59
ICICI Pru MidCap Dir Gr	INF109K011N7	JSW Energy Ltd	Utilities	1.39	0.02	0.00	Mar25	15.51
ICICI Pru MidCap Dir Gr	INF109K011N7	JSW Energy Ltd	Utilities	1.39	0.02	0.00	Mar25	15.51
ICICI Pru MidCap Dir Gr	INF109K011N7	JSW Energy Ltd	Utilities	1.39	0.02	0.00	Apr25	12.51
ICICI Pru MidCap Dir Gr	INF109K011N7	JSW Energy Ltd	Utilities	1.39	0.02	0.00	May25	11.15
ICICI Pru MidCap Dir Gr	INF109K011N7	JSW Energy Ltd	Utilities	1.39	0.02	0.00	June25	10.18
ICICI Pru MidCap Dir Gr	INF109K011N7	JSW Energy Ltd	Utilities	1.39	0.02	0.00	July25	9.19
ICICI Pru MidCap Dir Gr	INF109K011N7	JSW Energy Ltd	Utilities	1.39	0.02	0.00	Aug25	8.13
ICICI Pru MidCap Dir Gr	INF109K011N7	Camlin Fine Sciences Ltd	Basic Materials	1.22	0.02	0.00	Oct24	5.55
ICICI Pru MidCap Dir Gr	INF109K011N7	Camlin Fine Sciences Ltd	Basic Materials	1.22	0.02	0.00	Nov24	7.52
ICICI Pru MidCap Dir Gr	INF109K011N7	Camlin Fine Sciences Ltd	Basic Materials	1.22	0.02	0.00	Dec24	3.56
ICICI Pru MidCap Dir Gr	INF109K011N7	Camlin Fine Sciences Ltd	Basic Materials	1.22	0.02	0.00	Jan25	5.32
ICICI Pru MidCap Dir Gr	INF109K011N7	Camlin Fine Sciences Ltd	Basic Materials	1.22	0.02	0.00	Feb25	5.59
ICICI Pru MidCap Dir Gr	INF109K011N7	Camlin Fine Sciences Ltd	Basic Materials	1.22	0.02	0.00	Mar25	15.51
ICICI Pru MidCap Dir Gr	INF109K011N7	Camlin Fine Sciences Ltd	Basic Materials	1.22	0.02	0.00	Mar25	15.51
ICICI Pru MidCap Dir Gr	INF109K011N7	Camlin Fine Sciences Ltd	Basic Materials	1.22	0.02	0.00	Apr25	12.51
ICICI Pru MidCap Dir Gr	INF109K011N7	Camlin Fine Sciences Ltd	Basic Materials	1.22	0.02	0.00	May25	11.15
ICICI Pru MidCap Dir Gr	INF109K011N7	Camlin Fine Sciences Ltd	Basic Materials	1.22	0.02	0.00	June25	10.18
ICICI Pru MidCap Dir Gr	INF109K011N7	Camlin Fine Sciences Ltd	Basic Materials	1.22	0.02	0.00	July25	9.19
ICICI Pru MidCap Dir Gr	INF109K011N7	Camlin Fine Sciences Ltd	Basic Materials	1.22	0.02	0.00	Aug25	8.13
ICICI Pru MidCap Dir Gr	INF109K011N7	Astec Lifesciences Ltd	Basic Materials	1.13	0.02	0.00	Oct24	5.55
ICICI Pru MidCap Dir Gr	INF109K011N7	Astec Lifesciences Ltd	Basic Materials	1.13	0.02	0.00	Nov24	7.52
ICICI Pru MidCap Dir Gr	INF109K011N7	Astec Lifesciences Ltd	Basic Materials	1.13	0.02	0.00	Dec24	3.56
ICICI Pru MidCap Dir Gr	INF109K011N7	Astec Lifesciences Ltd	Basic Materials	1.13	0.02	0.00	Jan25	5.32
ICICI Pru MidCap Dir Gr	INF109K011N7	Astec Lifesciences Ltd	Basic Materials	1.13	0.02	0.00	Feb25	5.59
ICICI Pru MidCap Dir Gr	INF109K011N7	Astec Lifesciences Ltd	Basic Materials	1.13	0.02	0.00	Mar25	15.51
ICICI Pru MidCap Dir Gr	INF109K011N7	Astec Lifesciences Ltd	Basic Materials	1.13	0.02	0.00	Mar25	15.51
ICICI Pru MidCap Dir Gr	INF109K011N7	Astec Lifesciences Ltd	Basic Materials	1.13	0.02	0.00	Apr25	12.51
ICICI Pru MidCap Dir Gr	INF109K011N7	Astec Lifesciences Ltd	Basic Materials	1.13	0.02	0.00	May25	11.15
ICICI Pru MidCap Dir Gr	INF109K011N7	Astec Lifesciences Ltd	Basic Materials	1.13	0.02	0.00	June25	10.18
ICICI Pru MidCap Dir Gr	INF109K011N7	Astec Lifesciences Ltd	Basic Materials	1.13	0.02	0.00	July25	9.19
ICICI Pru MidCap Dir Gr	INF109K011N7	Astec Lifesciences Ltd	Basic Materials	1.13	0.02	0.00	Aug25	8.13
ICICI Pru MidCap Dir Gr	INF109K011N7	Astra Microwave Products Ltd	Technology	1.02	0.01	0.00	Oct24	5.55
ICICI Pru MidCap Dir Gr	INF109K011N7	Astra Microwave Products Ltd	Technology	1.02	0.01	0.00	Nov24	7.52
ICICI Pru MidCap Dir Gr	INF109K011N7	Astra Microwave Products Ltd	Technology	1.02	0.01	0.00	Dec24	3.56
ICICI Pru MidCap Dir Gr	INF109K011N7	Astra Microwave Products Ltd	Technology	1.02	0.01	0.00	Jan25	5.32
ICICI Pru MidCap Dir Gr	INF109K011N7	Astra Microwave Products Ltd	Technology	1.02	0.01	0.00	Feb25	5.59
ICICI Pru MidCap Dir Gr	INF109K011N7	Astra Microwave Products Ltd	Technology	1.02	0.01	0.00	Mar25	15.51
ICICI Pru MidCap Dir Gr	INF109K011N7	Astra Microwave Products Ltd	Technology	1.02	0.01	0.00	Mar25	15.51
ICICI Pru MidCap Dir Gr	INF109K011N7	Astra Microwave Products Ltd	Technology	1.02	0.01	0.00	Apr25	12.51
ICICI Pru MidCap Dir Gr	INF109K011N7	Astra Microwave Products Ltd	Technology	1.02	0.01	0.00	May25	11.15
ICICI Pru MidCap Dir Gr	INF109K011N7	Astra Microwave Products Ltd	Technology	1.02	0.01	0.00	June25	10.18
ICICI Pru MidCap Dir Gr	INF109K011N7	Astra Microwave Products Ltd	Technology	1.02	0.01	0.00	July25	9.19
ICICI Pru MidCap Dir Gr	INF109K011N7	Astra Microwave Products Ltd	Technology	1.02	0.01	0.00	Aug25	8.13
ICICI Pru MidCap Dir Gr	INF109K011N7	CRISIL Ltd	Financial Services	0.31	0.00	0.00	Oct24	5.55
ICICI Pru MidCap Dir Gr	INF109K011N7	CRISIL Ltd	Financial Services	0.31	0.00	0.00	Nov24	7.52
ICICI Pru MidCap Dir Gr	INF109K011N7	CRISIL Ltd	Financial Services	0.31	0.00	0.00	Dec24	3.56
ICICI Pru MidCap Dir Gr	INF109K011N7	CRISIL Ltd	Financial Services	0.31	0.00	0.00	Jan25	5.32
ICICI Pru MidCap Dir Gr	INF109K011N7	CRISIL Ltd	Financial Services	0.31	0.00	0.00	Feb25	5.59
ICICI Pru MidCap Dir Gr	INF109K011N7	CRISIL Ltd	Financial Services	0.31	0.00	0.00	Mar25	15.51
ICICI Pru MidCap Dir Gr	INF109K011N7	CRISIL Ltd	Financial Services	0.31	0.00	0.00	Mar25	15.51
ICICI Pru MidCap Dir Gr	INF109K011N7	CRISIL Ltd	Financial Services	0.31	0.00	0.00	Apr25	12.51
ICICI Pru MidCap Dir Gr	INF109K011N7	CRISIL Ltd	Financial Services	0.31	0.00	0.00	May25	11.15
ICICI Pru MidCap Dir Gr	INF109K011N7	CRISIL Ltd	Financial Services	0.31	0.00	0.00	June25	10.18
ICICI Pru MidCap Dir Gr	INF109K011N7	CRISIL Ltd	Financial Services	0.31	0.00	0.00	July25	9.19
ICICI Pru MidCap Dir Gr	INF109K011N7	CRISIL Ltd	Financial Services	0.31	0.00	0.00	Aug25	8.13
ICICI Pru MidCap Dir Gr	INF109K011N7	Godrej Industries Ltd		0.00	0.00	-100.00	Oct24	5.55
ICICI Pru MidCap Dir Gr	INF109K011N7	Godrej Industries Ltd		0.00	0.00	-100.00	Nov24	7.52
ICICI Pru MidCap Dir Gr	INF109K011N7	Godrej Industries Ltd		0.00	0.00	-100.00	Dec24	3.56
ICICI Pru MidCap Dir Gr	INF109K011N7	Godrej Industries Ltd		0.00	0.00	-100.00	Jan25	5.32
ICICI Pru MidCap Dir Gr	INF109K011N7	Godrej Industries Ltd		0.00	0.00	-100.00	Feb25	5.59
ICICI Pru MidCap Dir Gr	INF109K011N7	Godrej Industries Ltd		0.00	0.00	-100.00	Mar25	15.51
ICICI Pru MidCap Dir Gr	INF109K011N7	Godrej Industries Ltd		0.00	0.00	-100.00	Mar25	15.51
ICICI Pru MidCap Dir Gr	INF109K011N7	Godrej Industries Ltd		0.00	0.00	-100.00	Apr25	12.51
ICICI Pru MidCap Dir Gr	INF109K011N7	Godrej Industries Ltd		0.00	0.00	-100.00	May25	11.15
ICICI Pru MidCap Dir Gr	INF109K011N7	Godrej Industries Ltd		0.00	0.00	-100.00	June25	10.18
ICICI Pru MidCap Dir Gr	INF109K011N7	Godrej Industries Ltd		0.00	0.00	-100.00	July25	9.19
ICICI Pru MidCap Dir Gr	INF109K011N7	Godrej Industries Ltd		0.00	0.00	-100.00	Aug25	8.13
ICICI Pru MidCap Dir Gr	INF109K011N7	Mahindra & Mahindra Ltd		0.00	0.00	-100.00	Oct24	5.55
ICICI Pru MidCap Dir Gr	INF109K011N7	Mahindra & Mahindra Ltd		0.00	0.00	-100.00	Nov24	7.52
ICICI Pru MidCap Dir Gr	INF109K011N7	Mahindra & Mahindra Ltd		0.00	0.00	-100.00	Dec24	3.56
ICICI Pru MidCap Dir Gr	INF109K011N7	Mahindra & Mahindra Ltd		0.00	0.00	-100.00	Jan25	5.32
ICICI Pru MidCap Dir Gr	INF109K011N7	Mahindra & Mahindra Ltd		0.00	0.00	-100.00	Feb25	5.59
ICICI Pru MidCap Dir Gr	INF109K011N7	Mahindra & Mahindra Ltd		0.00	0.00	-100.00	Mar25	15.51
ICICI Pru MidCap Dir Gr	INF109K011N7	Mahindra & Mahindra Ltd		0.00	0.00	-100.00	Mar25	15.51
ICICI Pru MidCap Dir Gr	INF109K011N7	Mahindra & Mahindra Ltd		0.00	0.00	-100.00	Apr25	12.51
ICICI Pru MidCap Dir Gr	INF109K011N7	Mahindra & Mahindra Ltd		0.00	0.00	-100.00	May25	11.15
ICICI Pru MidCap Dir Gr	INF109K011N7	Mahindra & Mahindra Ltd		0.00	0.00	-100.00	June25	10.18
ICICI Pru MidCap Dir Gr	INF109K011N7	Mahindra & Mahindra Ltd		0.00	0.00	-100.00	July25	9.19
ICICI Pru MidCap Dir Gr	INF109K011N7	Mahindra & Mahindra Ltd		0.00	0.00	-100.00	Aug25	8.13
ICICI Pru MidCap Dir Gr	INF109K011N7	Mphasis Ltd		0.00	0.00	-100.00	Oct24	5.55
ICICI Pru MidCap Dir Gr	INF109K011N7	Mphasis Ltd		0.00	0.00	-100.00	Nov24	7.52
ICICI Pru MidCap Dir Gr	INF109K011N7	Mphasis Ltd		0.00	0.00	-100.00	Dec24	3.56
ICICI Pru MidCap Dir Gr	INF109K011N7	Mphasis Ltd		0.00	0.00	-100.00	Jan25	5.32
ICICI Pru MidCap Dir Gr	INF109K011N7	Mphasis Ltd		0.00	0.00	-100.00	Feb25	5.59
ICICI Pru MidCap Dir Gr	INF109K011N7	Mphasis Ltd		0.00	0.00	-100.00	Mar25	15.51
ICICI Pru MidCap Dir Gr	INF109K011N7	Mphasis Ltd		0.00	0.00	-100.00	Mar25	15.51
ICICI Pru MidCap Dir Gr	INF109K011N7	Mphasis Ltd		0.00	0.00	-100.00	Apr25	12.51
ICICI Pru MidCap Dir Gr	INF109K011N7	Mphasis Ltd		0.00	0.00	-100.00	May25	11.15
ICICI Pru MidCap Dir Gr	INF109K011N7	Mphasis Ltd		0.00	0.00	-100.00	June25	10.18
ICICI Pru MidCap Dir Gr	INF109K011N7	Mphasis Ltd		0.00	0.00	-100.00	July25	9.19
ICICI Pru MidCap Dir Gr	INF109K011N7	Mphasis Ltd		0.00	0.00	-100.00	Aug25	8.13
ICICI Pru MidCap Dir Gr	INF109K011N7	ICICI Prudential Life Insurance Co Ltd		0.00	0.00	-100.00	Oct24	5.55
ICICI Pru MidCap Dir Gr	INF109K011N7	ICICI Prudential Life Insurance Co Ltd		0.00	0.00	-100.00	Nov24	7.52
ICICI Pru MidCap Dir Gr	INF109K011N7	ICICI Prudential Life Insurance Co Ltd		0.00	0.00	-100.00	Dec24	3.56
ICICI Pru MidCap Dir Gr	INF109K011N7	ICICI Prudential Life Insurance Co Ltd		0.00	0.00	-100.00	Jan25	5.32
ICICI Pru MidCap Dir Gr	INF109K011N7	ICICI Prudential Life Insurance Co Ltd		0.00	0.00	-100.00	Feb25	5.59
ICICI Pru MidCap Dir Gr	INF109K011N7	ICICI Prudential Life Insurance Co Ltd		0.00	0.00	-100.00	Mar25	15.51
ICICI Pru MidCap Dir Gr	INF109K011N7	ICICI Prudential Life Insurance Co Ltd		0.00	0.00	-100.00	Mar25	15.51
ICICI Pru MidCap Dir Gr	INF109K011N7	ICICI Prudential Life Insurance Co Ltd		0.00	0.00	-100.00	Apr25	12.51
ICICI Pru MidCap Dir Gr	INF109K011N7	ICICI Prudential Life Insurance Co Ltd		0.00	0.00	-100.00	May25	11.15
ICICI Pru MidCap Dir Gr	INF109K011N7	ICICI Prudential Life Insurance Co Ltd		0.00	0.00	-100.00	June25	10.18
ICICI Pru MidCap Dir Gr	INF109K011N7	ICICI Prudential Life Insurance Co Ltd		0.00	0.00	-100.00	July25	9.19
ICICI Pru MidCap Dir Gr	INF109K011N7	ICICI Prudential Life Insurance Co Ltd		0.00	0.00	-100.00	Aug25	8.13
