schemeName	isin	stock_name	sector	market_value	weight	change_1m	period	weightage
Mahindra Manulife Multi Cap Dir Gr	INF174V01341	Triparty Repo		294.27	4.77		Oct24	5.55
Mahindra Manulife Multi Cap Dir Gr	INF174V01341	Triparty Repo		294.27	4.77		Nov24	7.52
Mahindra Manulife Multi Cap Dir Gr	INF174V01341	Triparty Repo		294.27	4.77		Dec24	3.56
Mahindra Manulife Multi Cap Dir Gr	INF174V01341	Triparty Repo		294.27	4.77		Jan25	5.32
Mahindra Manulife Multi Cap Dir Gr	INF174V01341	Triparty Repo		294.27	4.77		Feb25	5.59
Mahindra Manulife Multi Cap Dir Gr	INF174V01341	Triparty Repo		294.27	4.77		Mar25	15.51
Mahindra Manulife Multi Cap Dir Gr	INF174V01341	Triparty Repo		294.27	4.77		Mar25	15.51
Mahindra Manulife Multi Cap Dir Gr	INF174V01341	Triparty Repo		294.27	4.77		Apr25	12.51
Mahindra Manulife Multi Cap Dir Gr	INF174V01341	Triparty Repo		294.27	4.77		May25	11.15
Mahindra Manulife Multi Cap Dir Gr	INF174V01341	Triparty Repo		294.27	4.77		June25	10.18
Mahindra Manulife Multi Cap Dir Gr	INF174V01341	Triparty Repo		294.27	4.77		July25	9.19
Mahindra Manulife Multi Cap Dir Gr	INF174V01341	Triparty Repo		294.27	4.77		Aug25	8.13
Mahindra Manulife Multi Cap Dir Gr	INF174V01341	ICICI Bank Ltd	Financial Services	234.83	3.80	0.00	Oct24	5.55
Mahindra Manulife Multi Cap Dir Gr	INF174V01341	ICICI Bank Ltd	Financial Services	234.83	3.80	0.00	Nov24	7.52
Mahindra Manulife Multi Cap Dir Gr	INF174V01341	ICICI Bank Ltd	Financial Services	234.83	3.80	0.00	Dec24	3.56
Mahindra Manulife Multi Cap Dir Gr	INF174V01341	ICICI Bank Ltd	Financial Services	234.83	3.80	0.00	Jan25	5.32
Mahindra Manulife Multi Cap Dir Gr	INF174V01341	ICICI Bank Ltd	Financial Services	234.83	3.80	0.00	Feb25	5.59
Mahindra Manulife Multi Cap Dir Gr	INF174V01341	ICICI Bank Ltd	Financial Services	234.83	3.80	0.00	Mar25	15.51
Mahindra Manulife Multi Cap Dir Gr	INF174V01341	ICICI Bank Ltd	Financial Services	234.83	3.80	0.00	Mar25	15.51
Mahindra Manulife Multi Cap Dir Gr	INF174V01341	ICICI Bank Ltd	Financial Services	234.83	3.80	0.00	Apr25	12.51
Mahindra Manulife Multi Cap Dir Gr	INF174V01341	ICICI Bank Ltd	Financial Services	234.83	3.80	0.00	May25	11.15
Mahindra Manulife Multi Cap Dir Gr	INF174V01341	ICICI Bank Ltd	Financial Services	234.83	3.80	0.00	June25	10.18
Mahindra Manulife Multi Cap Dir Gr	INF174V01341	ICICI Bank Ltd	Financial Services	234.83	3.80	0.00	July25	9.19
Mahindra Manulife Multi Cap Dir Gr	INF174V01341	ICICI Bank Ltd	Financial Services	234.83	3.80	0.00	Aug25	8.13
Mahindra Manulife Multi Cap Dir Gr	INF174V01341	Glenmark Pharmaceuticals Ltd	Healthcare	211.32	3.42	0.00	Oct24	5.55
Mahindra Manulife Multi Cap Dir Gr	INF174V01341	Glenmark Pharmaceuticals Ltd	Healthcare	211.32	3.42	0.00	Nov24	7.52
Mahindra Manulife Multi Cap Dir Gr	INF174V01341	Glenmark Pharmaceuticals Ltd	Healthcare	211.32	3.42	0.00	Dec24	3.56
Mahindra Manulife Multi Cap Dir Gr	INF174V01341	Glenmark Pharmaceuticals Ltd	Healthcare	211.32	3.42	0.00	Jan25	5.32
Mahindra Manulife Multi Cap Dir Gr	INF174V01341	Glenmark Pharmaceuticals Ltd	Healthcare	211.32	3.42	0.00	Feb25	5.59
Mahindra Manulife Multi Cap Dir Gr	INF174V01341	Glenmark Pharmaceuticals Ltd	Healthcare	211.32	3.42	0.00	Mar25	15.51
Mahindra Manulife Multi Cap Dir Gr	INF174V01341	Glenmark Pharmaceuticals Ltd	Healthcare	211.32	3.42	0.00	Mar25	15.51
Mahindra Manulife Multi Cap Dir Gr	INF174V01341	Glenmark Pharmaceuticals Ltd	Healthcare	211.32	3.42	0.00	Apr25	12.51
Mahindra Manulife Multi Cap Dir Gr	INF174V01341	Glenmark Pharmaceuticals Ltd	Healthcare	211.32	3.42	0.00	May25	11.15
Mahindra Manulife Multi Cap Dir Gr	INF174V01341	Glenmark Pharmaceuticals Ltd	Healthcare	211.32	3.42	0.00	June25	10.18
Mahindra Manulife Multi Cap Dir Gr	INF174V01341	Glenmark Pharmaceuticals Ltd	Healthcare	211.32	3.42	0.00	July25	9.19
Mahindra Manulife Multi Cap Dir Gr	INF174V01341	Glenmark Pharmaceuticals Ltd	Healthcare	211.32	3.42	0.00	Aug25	8.13
Mahindra Manulife Multi Cap Dir Gr	INF174V01341	Indus Towers Ltd Ordinary Shares	Communication Services	201.54	3.26	-1.34	Oct24	5.55
Mahindra Manulife Multi Cap Dir Gr	INF174V01341	Indus Towers Ltd Ordinary Shares	Communication Services	201.54	3.26	-1.34	Nov24	7.52
Mahindra Manulife Multi Cap Dir Gr	INF174V01341	Indus Towers Ltd Ordinary Shares	Communication Services	201.54	3.26	-1.34	Dec24	3.56
Mahindra Manulife Multi Cap Dir Gr	INF174V01341	Indus Towers Ltd Ordinary Shares	Communication Services	201.54	3.26	-1.34	Jan25	5.32
Mahindra Manulife Multi Cap Dir Gr	INF174V01341	Indus Towers Ltd Ordinary Shares	Communication Services	201.54	3.26	-1.34	Feb25	5.59
Mahindra Manulife Multi Cap Dir Gr	INF174V01341	Indus Towers Ltd Ordinary Shares	Communication Services	201.54	3.26	-1.34	Mar25	15.51
Mahindra Manulife Multi Cap Dir Gr	INF174V01341	Indus Towers Ltd Ordinary Shares	Communication Services	201.54	3.26	-1.34	Mar25	15.51
Mahindra Manulife Multi Cap Dir Gr	INF174V01341	Indus Towers Ltd Ordinary Shares	Communication Services	201.54	3.26	-1.34	Apr25	12.51
Mahindra Manulife Multi Cap Dir Gr	INF174V01341	Indus Towers Ltd Ordinary Shares	Communication Services	201.54	3.26	-1.34	May25	11.15
Mahindra Manulife Multi Cap Dir Gr	INF174V01341	Indus Towers Ltd Ordinary Shares	Communication Services	201.54	3.26	-1.34	June25	10.18
Mahindra Manulife Multi Cap Dir Gr	INF174V01341	Indus Towers Ltd Ordinary Shares	Communication Services	201.54	3.26	-1.34	July25	9.19
Mahindra Manulife Multi Cap Dir Gr	INF174V01341	Indus Towers Ltd Ordinary Shares	Communication Services	201.54	3.26	-1.34	Aug25	8.13
Mahindra Manulife Multi Cap Dir Gr	INF174V01341	Larsen & Toubro Ltd	Industrials	185.78	3.01	107.54	Oct24	5.55
Mahindra Manulife Multi Cap Dir Gr	INF174V01341	Larsen & Toubro Ltd	Industrials	185.78	3.01	107.54	Nov24	7.52
Mahindra Manulife Multi Cap Dir Gr	INF174V01341	Larsen & Toubro Ltd	Industrials	185.78	3.01	107.54	Dec24	3.56
Mahindra Manulife Multi Cap Dir Gr	INF174V01341	Larsen & Toubro Ltd	Industrials	185.78	3.01	107.54	Jan25	5.32
Mahindra Manulife Multi Cap Dir Gr	INF174V01341	Larsen & Toubro Ltd	Industrials	185.78	3.01	107.54	Feb25	5.59
Mahindra Manulife Multi Cap Dir Gr	INF174V01341	Larsen & Toubro Ltd	Industrials	185.78	3.01	107.54	Mar25	15.51
Mahindra Manulife Multi Cap Dir Gr	INF174V01341	Larsen & Toubro Ltd	Industrials	185.78	3.01	107.54	Mar25	15.51
Mahindra Manulife Multi Cap Dir Gr	INF174V01341	Larsen & Toubro Ltd	Industrials	185.78	3.01	107.54	Apr25	12.51
Mahindra Manulife Multi Cap Dir Gr	INF174V01341	Larsen & Toubro Ltd	Industrials	185.78	3.01	107.54	May25	11.15
Mahindra Manulife Multi Cap Dir Gr	INF174V01341	Larsen & Toubro Ltd	Industrials	185.78	3.01	107.54	June25	10.18
Mahindra Manulife Multi Cap Dir Gr	INF174V01341	Larsen & Toubro Ltd	Industrials	185.78	3.01	107.54	July25	9.19
Mahindra Manulife Multi Cap Dir Gr	INF174V01341	Larsen & Toubro Ltd	Industrials	185.78	3.01	107.54	Aug25	8.13
Mahindra Manulife Multi Cap Dir Gr	INF174V01341	Divi's Laboratories Ltd	Healthcare	182.64	2.96	0.00	Oct24	5.55
Mahindra Manulife Multi Cap Dir Gr	INF174V01341	Divi's Laboratories Ltd	Healthcare	182.64	2.96	0.00	Nov24	7.52
Mahindra Manulife Multi Cap Dir Gr	INF174V01341	Divi's Laboratories Ltd	Healthcare	182.64	2.96	0.00	Dec24	3.56
Mahindra Manulife Multi Cap Dir Gr	INF174V01341	Divi's Laboratories Ltd	Healthcare	182.64	2.96	0.00	Jan25	5.32
Mahindra Manulife Multi Cap Dir Gr	INF174V01341	Divi's Laboratories Ltd	Healthcare	182.64	2.96	0.00	Feb25	5.59
Mahindra Manulife Multi Cap Dir Gr	INF174V01341	Divi's Laboratories Ltd	Healthcare	182.64	2.96	0.00	Mar25	15.51
Mahindra Manulife Multi Cap Dir Gr	INF174V01341	Divi's Laboratories Ltd	Healthcare	182.64	2.96	0.00	Mar25	15.51
Mahindra Manulife Multi Cap Dir Gr	INF174V01341	Divi's Laboratories Ltd	Healthcare	182.64	2.96	0.00	Apr25	12.51
Mahindra Manulife Multi Cap Dir Gr	INF174V01341	Divi's Laboratories Ltd	Healthcare	182.64	2.96	0.00	May25	11.15
Mahindra Manulife Multi Cap Dir Gr	INF174V01341	Divi's Laboratories Ltd	Healthcare	182.64	2.96	0.00	June25	10.18
Mahindra Manulife Multi Cap Dir Gr	INF174V01341	Divi's Laboratories Ltd	Healthcare	182.64	2.96	0.00	July25	9.19
Mahindra Manulife Multi Cap Dir Gr	INF174V01341	Divi's Laboratories Ltd	Healthcare	182.64	2.96	0.00	Aug25	8.13
Mahindra Manulife Multi Cap Dir Gr	INF174V01341	Polycab India Ltd	Industrials	166.18	2.69	0.00	Oct24	5.55
Mahindra Manulife Multi Cap Dir Gr	INF174V01341	Polycab India Ltd	Industrials	166.18	2.69	0.00	Nov24	7.52
Mahindra Manulife Multi Cap Dir Gr	INF174V01341	Polycab India Ltd	Industrials	166.18	2.69	0.00	Dec24	3.56
Mahindra Manulife Multi Cap Dir Gr	INF174V01341	Polycab India Ltd	Industrials	166.18	2.69	0.00	Jan25	5.32
Mahindra Manulife Multi Cap Dir Gr	INF174V01341	Polycab India Ltd	Industrials	166.18	2.69	0.00	Feb25	5.59
Mahindra Manulife Multi Cap Dir Gr	INF174V01341	Polycab India Ltd	Industrials	166.18	2.69	0.00	Mar25	15.51
Mahindra Manulife Multi Cap Dir Gr	INF174V01341	Polycab India Ltd	Industrials	166.18	2.69	0.00	Mar25	15.51
Mahindra Manulife Multi Cap Dir Gr	INF174V01341	Polycab India Ltd	Industrials	166.18	2.69	0.00	Apr25	12.51
Mahindra Manulife Multi Cap Dir Gr	INF174V01341	Polycab India Ltd	Industrials	166.18	2.69	0.00	May25	11.15
Mahindra Manulife Multi Cap Dir Gr	INF174V01341	Polycab India Ltd	Industrials	166.18	2.69	0.00	June25	10.18
Mahindra Manulife Multi Cap Dir Gr	INF174V01341	Polycab India Ltd	Industrials	166.18	2.69	0.00	July25	9.19
Mahindra Manulife Multi Cap Dir Gr	INF174V01341	Polycab India Ltd	Industrials	166.18	2.69	0.00	Aug25	8.13
Mahindra Manulife Multi Cap Dir Gr	INF174V01341	UltraTech Cement Ltd	Basic Materials	158.46	2.57	0.00	Oct24	5.55
Mahindra Manulife Multi Cap Dir Gr	INF174V01341	UltraTech Cement Ltd	Basic Materials	158.46	2.57	0.00	Nov24	7.52
Mahindra Manulife Multi Cap Dir Gr	INF174V01341	UltraTech Cement Ltd	Basic Materials	158.46	2.57	0.00	Dec24	3.56
Mahindra Manulife Multi Cap Dir Gr	INF174V01341	UltraTech Cement Ltd	Basic Materials	158.46	2.57	0.00	Jan25	5.32
Mahindra Manulife Multi Cap Dir Gr	INF174V01341	UltraTech Cement Ltd	Basic Materials	158.46	2.57	0.00	Feb25	5.59
Mahindra Manulife Multi Cap Dir Gr	INF174V01341	UltraTech Cement Ltd	Basic Materials	158.46	2.57	0.00	Mar25	15.51
Mahindra Manulife Multi Cap Dir Gr	INF174V01341	UltraTech Cement Ltd	Basic Materials	158.46	2.57	0.00	Mar25	15.51
Mahindra Manulife Multi Cap Dir Gr	INF174V01341	UltraTech Cement Ltd	Basic Materials	158.46	2.57	0.00	Apr25	12.51
Mahindra Manulife Multi Cap Dir Gr	INF174V01341	UltraTech Cement Ltd	Basic Materials	158.46	2.57	0.00	May25	11.15
Mahindra Manulife Multi Cap Dir Gr	INF174V01341	UltraTech Cement Ltd	Basic Materials	158.46	2.57	0.00	June25	10.18
Mahindra Manulife Multi Cap Dir Gr	INF174V01341	UltraTech Cement Ltd	Basic Materials	158.46	2.57	0.00	July25	9.19
Mahindra Manulife Multi Cap Dir Gr	INF174V01341	UltraTech Cement Ltd	Basic Materials	158.46	2.57	0.00	Aug25	8.13
Mahindra Manulife Multi Cap Dir Gr	INF174V01341	Multi Commodity Exchange of India Ltd	Financial Services	138.05	2.24	0.00	Oct24	5.55
Mahindra Manulife Multi Cap Dir Gr	INF174V01341	Multi Commodity Exchange of India Ltd	Financial Services	138.05	2.24	0.00	Nov24	7.52
Mahindra Manulife Multi Cap Dir Gr	INF174V01341	Multi Commodity Exchange of India Ltd	Financial Services	138.05	2.24	0.00	Dec24	3.56
Mahindra Manulife Multi Cap Dir Gr	INF174V01341	Multi Commodity Exchange of India Ltd	Financial Services	138.05	2.24	0.00	Jan25	5.32
Mahindra Manulife Multi Cap Dir Gr	INF174V01341	Multi Commodity Exchange of India Ltd	Financial Services	138.05	2.24	0.00	Feb25	5.59
Mahindra Manulife Multi Cap Dir Gr	INF174V01341	Multi Commodity Exchange of India Ltd	Financial Services	138.05	2.24	0.00	Mar25	15.51
Mahindra Manulife Multi Cap Dir Gr	INF174V01341	Multi Commodity Exchange of India Ltd	Financial Services	138.05	2.24	0.00	Mar25	15.51
Mahindra Manulife Multi Cap Dir Gr	INF174V01341	Multi Commodity Exchange of India Ltd	Financial Services	138.05	2.24	0.00	Apr25	12.51
Mahindra Manulife Multi Cap Dir Gr	INF174V01341	Multi Commodity Exchange of India Ltd	Financial Services	138.05	2.24	0.00	May25	11.15
Mahindra Manulife Multi Cap Dir Gr	INF174V01341	Multi Commodity Exchange of India Ltd	Financial Services	138.05	2.24	0.00	June25	10.18
Mahindra Manulife Multi Cap Dir Gr	INF174V01341	Multi Commodity Exchange of India Ltd	Financial Services	138.05	2.24	0.00	July25	9.19
Mahindra Manulife Multi Cap Dir Gr	INF174V01341	Multi Commodity Exchange of India Ltd	Financial Services	138.05	2.24	0.00	Aug25	8.13
Mahindra Manulife Multi Cap Dir Gr	INF174V01341	Piramal Finance Ltd	Financial Services	132.89	2.15	0.00	Oct24	5.55
Mahindra Manulife Multi Cap Dir Gr	INF174V01341	Piramal Finance Ltd	Financial Services	132.89	2.15	0.00	Nov24	7.52
Mahindra Manulife Multi Cap Dir Gr	INF174V01341	Piramal Finance Ltd	Financial Services	132.89	2.15	0.00	Dec24	3.56
Mahindra Manulife Multi Cap Dir Gr	INF174V01341	Piramal Finance Ltd	Financial Services	132.89	2.15	0.00	Jan25	5.32
Mahindra Manulife Multi Cap Dir Gr	INF174V01341	Piramal Finance Ltd	Financial Services	132.89	2.15	0.00	Feb25	5.59
Mahindra Manulife Multi Cap Dir Gr	INF174V01341	Piramal Finance Ltd	Financial Services	132.89	2.15	0.00	Mar25	15.51
Mahindra Manulife Multi Cap Dir Gr	INF174V01341	Piramal Finance Ltd	Financial Services	132.89	2.15	0.00	Mar25	15.51
Mahindra Manulife Multi Cap Dir Gr	INF174V01341	Piramal Finance Ltd	Financial Services	132.89	2.15	0.00	Apr25	12.51
Mahindra Manulife Multi Cap Dir Gr	INF174V01341	Piramal Finance Ltd	Financial Services	132.89	2.15	0.00	May25	11.15
Mahindra Manulife Multi Cap Dir Gr	INF174V01341	Piramal Finance Ltd	Financial Services	132.89	2.15	0.00	June25	10.18
Mahindra Manulife Multi Cap Dir Gr	INF174V01341	Piramal Finance Ltd	Financial Services	132.89	2.15	0.00	July25	9.19
Mahindra Manulife Multi Cap Dir Gr	INF174V01341	Piramal Finance Ltd	Financial Services	132.89	2.15	0.00	Aug25	8.13
Mahindra Manulife Multi Cap Dir Gr	INF174V01341	Laurus Labs Ltd	Healthcare	118.34	1.92	0.00	Oct24	5.55
Mahindra Manulife Multi Cap Dir Gr	INF174V01341	Laurus Labs Ltd	Healthcare	118.34	1.92	0.00	Nov24	7.52
Mahindra Manulife Multi Cap Dir Gr	INF174V01341	Laurus Labs Ltd	Healthcare	118.34	1.92	0.00	Dec24	3.56
Mahindra Manulife Multi Cap Dir Gr	INF174V01341	Laurus Labs Ltd	Healthcare	118.34	1.92	0.00	Jan25	5.32
Mahindra Manulife Multi Cap Dir Gr	INF174V01341	Laurus Labs Ltd	Healthcare	118.34	1.92	0.00	Feb25	5.59
Mahindra Manulife Multi Cap Dir Gr	INF174V01341	Laurus Labs Ltd	Healthcare	118.34	1.92	0.00	Mar25	15.51
Mahindra Manulife Multi Cap Dir Gr	INF174V01341	Laurus Labs Ltd	Healthcare	118.34	1.92	0.00	Mar25	15.51
Mahindra Manulife Multi Cap Dir Gr	INF174V01341	Laurus Labs Ltd	Healthcare	118.34	1.92	0.00	Apr25	12.51
Mahindra Manulife Multi Cap Dir Gr	INF174V01341	Laurus Labs Ltd	Healthcare	118.34	1.92	0.00	May25	11.15
Mahindra Manulife Multi Cap Dir Gr	INF174V01341	Laurus Labs Ltd	Healthcare	118.34	1.92	0.00	June25	10.18
Mahindra Manulife Multi Cap Dir Gr	INF174V01341	Laurus Labs Ltd	Healthcare	118.34	1.92	0.00	July25	9.19
Mahindra Manulife Multi Cap Dir Gr	INF174V01341	Laurus Labs Ltd	Healthcare	118.34	1.92	0.00	Aug25	8.13
Mahindra Manulife Multi Cap Dir Gr	INF174V01341	Reliance Industries Ltd	Energy	115.00	1.86	0.00	Oct24	5.55
Mahindra Manulife Multi Cap Dir Gr	INF174V01341	Reliance Industries Ltd	Energy	115.00	1.86	0.00	Nov24	7.52
Mahindra Manulife Multi Cap Dir Gr	INF174V01341	Reliance Industries Ltd	Energy	115.00	1.86	0.00	Dec24	3.56
Mahindra Manulife Multi Cap Dir Gr	INF174V01341	Reliance Industries Ltd	Energy	115.00	1.86	0.00	Jan25	5.32
Mahindra Manulife Multi Cap Dir Gr	INF174V01341	Reliance Industries Ltd	Energy	115.00	1.86	0.00	Feb25	5.59
Mahindra Manulife Multi Cap Dir Gr	INF174V01341	Reliance Industries Ltd	Energy	115.00	1.86	0.00	Mar25	15.51
Mahindra Manulife Multi Cap Dir Gr	INF174V01341	Reliance Industries Ltd	Energy	115.00	1.86	0.00	Mar25	15.51
Mahindra Manulife Multi Cap Dir Gr	INF174V01341	Reliance Industries Ltd	Energy	115.00	1.86	0.00	Apr25	12.51
Mahindra Manulife Multi Cap Dir Gr	INF174V01341	Reliance Industries Ltd	Energy	115.00	1.86	0.00	May25	11.15
Mahindra Manulife Multi Cap Dir Gr	INF174V01341	Reliance Industries Ltd	Energy	115.00	1.86	0.00	June25	10.18
Mahindra Manulife Multi Cap Dir Gr	INF174V01341	Reliance Industries Ltd	Energy	115.00	1.86	0.00	July25	9.19
Mahindra Manulife Multi Cap Dir Gr	INF174V01341	Reliance Industries Ltd	Energy	115.00	1.86	0.00	Aug25	8.13
Mahindra Manulife Multi Cap Dir Gr	INF174V01341	Bajaj Auto Ltd	Consumer Cyclical	112.69	1.83	0.00	Oct24	5.55
Mahindra Manulife Multi Cap Dir Gr	INF174V01341	Bajaj Auto Ltd	Consumer Cyclical	112.69	1.83	0.00	Nov24	7.52
Mahindra Manulife Multi Cap Dir Gr	INF174V01341	Bajaj Auto Ltd	Consumer Cyclical	112.69	1.83	0.00	Dec24	3.56
Mahindra Manulife Multi Cap Dir Gr	INF174V01341	Bajaj Auto Ltd	Consumer Cyclical	112.69	1.83	0.00	Jan25	5.32
Mahindra Manulife Multi Cap Dir Gr	INF174V01341	Bajaj Auto Ltd	Consumer Cyclical	112.69	1.83	0.00	Feb25	5.59
Mahindra Manulife Multi Cap Dir Gr	INF174V01341	Bajaj Auto Ltd	Consumer Cyclical	112.69	1.83	0.00	Mar25	15.51
Mahindra Manulife Multi Cap Dir Gr	INF174V01341	Bajaj Auto Ltd	Consumer Cyclical	112.69	1.83	0.00	Mar25	15.51
Mahindra Manulife Multi Cap Dir Gr	INF174V01341	Bajaj Auto Ltd	Consumer Cyclical	112.69	1.83	0.00	Apr25	12.51
Mahindra Manulife Multi Cap Dir Gr	INF174V01341	Bajaj Auto Ltd	Consumer Cyclical	112.69	1.83	0.00	May25	11.15
Mahindra Manulife Multi Cap Dir Gr	INF174V01341	Bajaj Auto Ltd	Consumer Cyclical	112.69	1.83	0.00	June25	10.18
Mahindra Manulife Multi Cap Dir Gr	INF174V01341	Bajaj Auto Ltd	Consumer Cyclical	112.69	1.83	0.00	July25	9.19
Mahindra Manulife Multi Cap Dir Gr	INF174V01341	Bajaj Auto Ltd	Consumer Cyclical	112.69	1.83	0.00	Aug25	8.13
Mahindra Manulife Multi Cap Dir Gr	INF174V01341	PTC Industries Ltd	Industrials	111.55	1.81	0.00	Oct24	5.55
Mahindra Manulife Multi Cap Dir Gr	INF174V01341	PTC Industries Ltd	Industrials	111.55	1.81	0.00	Nov24	7.52
Mahindra Manulife Multi Cap Dir Gr	INF174V01341	PTC Industries Ltd	Industrials	111.55	1.81	0.00	Dec24	3.56
Mahindra Manulife Multi Cap Dir Gr	INF174V01341	PTC Industries Ltd	Industrials	111.55	1.81	0.00	Jan25	5.32
Mahindra Manulife Multi Cap Dir Gr	INF174V01341	PTC Industries Ltd	Industrials	111.55	1.81	0.00	Feb25	5.59
Mahindra Manulife Multi Cap Dir Gr	INF174V01341	PTC Industries Ltd	Industrials	111.55	1.81	0.00	Mar25	15.51
Mahindra Manulife Multi Cap Dir Gr	INF174V01341	PTC Industries Ltd	Industrials	111.55	1.81	0.00	Mar25	15.51
Mahindra Manulife Multi Cap Dir Gr	INF174V01341	PTC Industries Ltd	Industrials	111.55	1.81	0.00	Apr25	12.51
Mahindra Manulife Multi Cap Dir Gr	INF174V01341	PTC Industries Ltd	Industrials	111.55	1.81	0.00	May25	11.15
Mahindra Manulife Multi Cap Dir Gr	INF174V01341	PTC Industries Ltd	Industrials	111.55	1.81	0.00	June25	10.18
Mahindra Manulife Multi Cap Dir Gr	INF174V01341	PTC Industries Ltd	Industrials	111.55	1.81	0.00	July25	9.19
Mahindra Manulife Multi Cap Dir Gr	INF174V01341	PTC Industries Ltd	Industrials	111.55	1.81	0.00	Aug25	8.13
Mahindra Manulife Multi Cap Dir Gr	INF174V01341	Maruti Suzuki India Ltd	Consumer Cyclical	108.75	1.76	0.00	Oct24	5.55
Mahindra Manulife Multi Cap Dir Gr	INF174V01341	Maruti Suzuki India Ltd	Consumer Cyclical	108.75	1.76	0.00	Nov24	7.52
Mahindra Manulife Multi Cap Dir Gr	INF174V01341	Maruti Suzuki India Ltd	Consumer Cyclical	108.75	1.76	0.00	Dec24	3.56
Mahindra Manulife Multi Cap Dir Gr	INF174V01341	Maruti Suzuki India Ltd	Consumer Cyclical	108.75	1.76	0.00	Jan25	5.32
Mahindra Manulife Multi Cap Dir Gr	INF174V01341	Maruti Suzuki India Ltd	Consumer Cyclical	108.75	1.76	0.00	Feb25	5.59
Mahindra Manulife Multi Cap Dir Gr	INF174V01341	Maruti Suzuki India Ltd	Consumer Cyclical	108.75	1.76	0.00	Mar25	15.51
Mahindra Manulife Multi Cap Dir Gr	INF174V01341	Maruti Suzuki India Ltd	Consumer Cyclical	108.75	1.76	0.00	Mar25	15.51
Mahindra Manulife Multi Cap Dir Gr	INF174V01341	Maruti Suzuki India Ltd	Consumer Cyclical	108.75	1.76	0.00	Apr25	12.51
Mahindra Manulife Multi Cap Dir Gr	INF174V01341	Maruti Suzuki India Ltd	Consumer Cyclical	108.75	1.76	0.00	May25	11.15
Mahindra Manulife Multi Cap Dir Gr	INF174V01341	Maruti Suzuki India Ltd	Consumer Cyclical	108.75	1.76	0.00	June25	10.18
Mahindra Manulife Multi Cap Dir Gr	INF174V01341	Maruti Suzuki India Ltd	Consumer Cyclical	108.75	1.76	0.00	July25	9.19
Mahindra Manulife Multi Cap Dir Gr	INF174V01341	Maruti Suzuki India Ltd	Consumer Cyclical	108.75	1.76	0.00	Aug25	8.13
Mahindra Manulife Multi Cap Dir Gr	INF174V01341	ICICI Prudential Asset Management Co Ltd	Financial Services	106.22	1.72	0.00	Oct24	5.55
Mahindra Manulife Multi Cap Dir Gr	INF174V01341	ICICI Prudential Asset Management Co Ltd	Financial Services	106.22	1.72	0.00	Nov24	7.52
Mahindra Manulife Multi Cap Dir Gr	INF174V01341	ICICI Prudential Asset Management Co Ltd	Financial Services	106.22	1.72	0.00	Dec24	3.56
Mahindra Manulife Multi Cap Dir Gr	INF174V01341	ICICI Prudential Asset Management Co Ltd	Financial Services	106.22	1.72	0.00	Jan25	5.32
Mahindra Manulife Multi Cap Dir Gr	INF174V01341	ICICI Prudential Asset Management Co Ltd	Financial Services	106.22	1.72	0.00	Feb25	5.59
Mahindra Manulife Multi Cap Dir Gr	INF174V01341	ICICI Prudential Asset Management Co Ltd	Financial Services	106.22	1.72	0.00	Mar25	15.51
Mahindra Manulife Multi Cap Dir Gr	INF174V01341	ICICI Prudential Asset Management Co Ltd	Financial Services	106.22	1.72	0.00	Mar25	15.51
Mahindra Manulife Multi Cap Dir Gr	INF174V01341	ICICI Prudential Asset Management Co Ltd	Financial Services	106.22	1.72	0.00	Apr25	12.51
Mahindra Manulife Multi Cap Dir Gr	INF174V01341	ICICI Prudential Asset Management Co Ltd	Financial Services	106.22	1.72	0.00	May25	11.15
Mahindra Manulife Multi Cap Dir Gr	INF174V01341	ICICI Prudential Asset Management Co Ltd	Financial Services	106.22	1.72	0.00	June25	10.18
Mahindra Manulife Multi Cap Dir Gr	INF174V01341	ICICI Prudential Asset Management Co Ltd	Financial Services	106.22	1.72	0.00	July25	9.19
Mahindra Manulife Multi Cap Dir Gr	INF174V01341	ICICI Prudential Asset Management Co Ltd	Financial Services	106.22	1.72	0.00	Aug25	8.13
Mahindra Manulife Multi Cap Dir Gr	INF174V01341	Bajaj Finserv Ltd	Financial Services	97.68	1.58	0.00	Oct24	5.55
Mahindra Manulife Multi Cap Dir Gr	INF174V01341	Bajaj Finserv Ltd	Financial Services	97.68	1.58	0.00	Nov24	7.52
Mahindra Manulife Multi Cap Dir Gr	INF174V01341	Bajaj Finserv Ltd	Financial Services	97.68	1.58	0.00	Dec24	3.56
Mahindra Manulife Multi Cap Dir Gr	INF174V01341	Bajaj Finserv Ltd	Financial Services	97.68	1.58	0.00	Jan25	5.32
Mahindra Manulife Multi Cap Dir Gr	INF174V01341	Bajaj Finserv Ltd	Financial Services	97.68	1.58	0.00	Feb25	5.59
Mahindra Manulife Multi Cap Dir Gr	INF174V01341	Bajaj Finserv Ltd	Financial Services	97.68	1.58	0.00	Mar25	15.51
Mahindra Manulife Multi Cap Dir Gr	INF174V01341	Bajaj Finserv Ltd	Financial Services	97.68	1.58	0.00	Mar25	15.51
Mahindra Manulife Multi Cap Dir Gr	INF174V01341	Bajaj Finserv Ltd	Financial Services	97.68	1.58	0.00	Apr25	12.51
Mahindra Manulife Multi Cap Dir Gr	INF174V01341	Bajaj Finserv Ltd	Financial Services	97.68	1.58	0.00	May25	11.15
Mahindra Manulife Multi Cap Dir Gr	INF174V01341	Bajaj Finserv Ltd	Financial Services	97.68	1.58	0.00	June25	10.18
Mahindra Manulife Multi Cap Dir Gr	INF174V01341	Bajaj Finserv Ltd	Financial Services	97.68	1.58	0.00	July25	9.19
Mahindra Manulife Multi Cap Dir Gr	INF174V01341	Bajaj Finserv Ltd	Financial Services	97.68	1.58	0.00	Aug25	8.13
Mahindra Manulife Multi Cap Dir Gr	INF174V01341	Axis Bank Ltd	Financial Services	96.87	1.57	-33.33	Oct24	5.55
Mahindra Manulife Multi Cap Dir Gr	INF174V01341	Axis Bank Ltd	Financial Services	96.87	1.57	-33.33	Nov24	7.52
Mahindra Manulife Multi Cap Dir Gr	INF174V01341	Axis Bank Ltd	Financial Services	96.87	1.57	-33.33	Dec24	3.56
Mahindra Manulife Multi Cap Dir Gr	INF174V01341	Axis Bank Ltd	Financial Services	96.87	1.57	-33.33	Jan25	5.32
Mahindra Manulife Multi Cap Dir Gr	INF174V01341	Axis Bank Ltd	Financial Services	96.87	1.57	-33.33	Feb25	5.59
Mahindra Manulife Multi Cap Dir Gr	INF174V01341	Axis Bank Ltd	Financial Services	96.87	1.57	-33.33	Mar25	15.51
Mahindra Manulife Multi Cap Dir Gr	INF174V01341	Axis Bank Ltd	Financial Services	96.87	1.57	-33.33	Mar25	15.51
Mahindra Manulife Multi Cap Dir Gr	INF174V01341	Axis Bank Ltd	Financial Services	96.87	1.57	-33.33	Apr25	12.51
Mahindra Manulife Multi Cap Dir Gr	INF174V01341	Axis Bank Ltd	Financial Services	96.87	1.57	-33.33	May25	11.15
Mahindra Manulife Multi Cap Dir Gr	INF174V01341	Axis Bank Ltd	Financial Services	96.87	1.57	-33.33	June25	10.18
Mahindra Manulife Multi Cap Dir Gr	INF174V01341	Axis Bank Ltd	Financial Services	96.87	1.57	-33.33	July25	9.19
Mahindra Manulife Multi Cap Dir Gr	INF174V01341	Axis Bank Ltd	Financial Services	96.87	1.57	-33.33	Aug25	8.13
Mahindra Manulife Multi Cap Dir Gr	INF174V01341	Max Healthcare Institute Ltd Ordinary Shares	Healthcare	94.87	1.54		Oct24	5.55
Mahindra Manulife Multi Cap Dir Gr	INF174V01341	Max Healthcare Institute Ltd Ordinary Shares	Healthcare	94.87	1.54		Nov24	7.52
Mahindra Manulife Multi Cap Dir Gr	INF174V01341	Max Healthcare Institute Ltd Ordinary Shares	Healthcare	94.87	1.54		Dec24	3.56
Mahindra Manulife Multi Cap Dir Gr	INF174V01341	Max Healthcare Institute Ltd Ordinary Shares	Healthcare	94.87	1.54		Jan25	5.32
Mahindra Manulife Multi Cap Dir Gr	INF174V01341	Max Healthcare Institute Ltd Ordinary Shares	Healthcare	94.87	1.54		Feb25	5.59
Mahindra Manulife Multi Cap Dir Gr	INF174V01341	Max Healthcare Institute Ltd Ordinary Shares	Healthcare	94.87	1.54		Mar25	15.51
Mahindra Manulife Multi Cap Dir Gr	INF174V01341	Max Healthcare Institute Ltd Ordinary Shares	Healthcare	94.87	1.54		Mar25	15.51
Mahindra Manulife Multi Cap Dir Gr	INF174V01341	Max Healthcare Institute Ltd Ordinary Shares	Healthcare	94.87	1.54		Apr25	12.51
Mahindra Manulife Multi Cap Dir Gr	INF174V01341	Max Healthcare Institute Ltd Ordinary Shares	Healthcare	94.87	1.54		May25	11.15
Mahindra Manulife Multi Cap Dir Gr	INF174V01341	Max Healthcare Institute Ltd Ordinary Shares	Healthcare	94.87	1.54		June25	10.18
Mahindra Manulife Multi Cap Dir Gr	INF174V01341	Max Healthcare Institute Ltd Ordinary Shares	Healthcare	94.87	1.54		July25	9.19
Mahindra Manulife Multi Cap Dir Gr	INF174V01341	Max Healthcare Institute Ltd Ordinary Shares	Healthcare	94.87	1.54		Aug25	8.13
Mahindra Manulife Multi Cap Dir Gr	INF174V01341	Neuland Laboratories Ltd	Healthcare	93.91	1.52	0.00	Oct24	5.55
Mahindra Manulife Multi Cap Dir Gr	INF174V01341	Neuland Laboratories Ltd	Healthcare	93.91	1.52	0.00	Nov24	7.52
Mahindra Manulife Multi Cap Dir Gr	INF174V01341	Neuland Laboratories Ltd	Healthcare	93.91	1.52	0.00	Dec24	3.56
Mahindra Manulife Multi Cap Dir Gr	INF174V01341	Neuland Laboratories Ltd	Healthcare	93.91	1.52	0.00	Jan25	5.32
Mahindra Manulife Multi Cap Dir Gr	INF174V01341	Neuland Laboratories Ltd	Healthcare	93.91	1.52	0.00	Feb25	5.59
Mahindra Manulife Multi Cap Dir Gr	INF174V01341	Neuland Laboratories Ltd	Healthcare	93.91	1.52	0.00	Mar25	15.51
Mahindra Manulife Multi Cap Dir Gr	INF174V01341	Neuland Laboratories Ltd	Healthcare	93.91	1.52	0.00	Mar25	15.51
Mahindra Manulife Multi Cap Dir Gr	INF174V01341	Neuland Laboratories Ltd	Healthcare	93.91	1.52	0.00	Apr25	12.51
Mahindra Manulife Multi Cap Dir Gr	INF174V01341	Neuland Laboratories Ltd	Healthcare	93.91	1.52	0.00	May25	11.15
Mahindra Manulife Multi Cap Dir Gr	INF174V01341	Neuland Laboratories Ltd	Healthcare	93.91	1.52	0.00	June25	10.18
Mahindra Manulife Multi Cap Dir Gr	INF174V01341	Neuland Laboratories Ltd	Healthcare	93.91	1.52	0.00	July25	9.19
Mahindra Manulife Multi Cap Dir Gr	INF174V01341	Neuland Laboratories Ltd	Healthcare	93.91	1.52	0.00	Aug25	8.13
Mahindra Manulife Multi Cap Dir Gr	INF174V01341	Ramco Cements Ltd	Basic Materials	90.47	1.47	0.00	Oct24	5.55
Mahindra Manulife Multi Cap Dir Gr	INF174V01341	Ramco Cements Ltd	Basic Materials	90.47	1.47	0.00	Nov24	7.52
Mahindra Manulife Multi Cap Dir Gr	INF174V01341	Ramco Cements Ltd	Basic Materials	90.47	1.47	0.00	Dec24	3.56
Mahindra Manulife Multi Cap Dir Gr	INF174V01341	Ramco Cements Ltd	Basic Materials	90.47	1.47	0.00	Jan25	5.32
Mahindra Manulife Multi Cap Dir Gr	INF174V01341	Ramco Cements Ltd	Basic Materials	90.47	1.47	0.00	Feb25	5.59
Mahindra Manulife Multi Cap Dir Gr	INF174V01341	Ramco Cements Ltd	Basic Materials	90.47	1.47	0.00	Mar25	15.51
Mahindra Manulife Multi Cap Dir Gr	INF174V01341	Ramco Cements Ltd	Basic Materials	90.47	1.47	0.00	Mar25	15.51
Mahindra Manulife Multi Cap Dir Gr	INF174V01341	Ramco Cements Ltd	Basic Materials	90.47	1.47	0.00	Apr25	12.51
Mahindra Manulife Multi Cap Dir Gr	INF174V01341	Ramco Cements Ltd	Basic Materials	90.47	1.47	0.00	May25	11.15
Mahindra Manulife Multi Cap Dir Gr	INF174V01341	Ramco Cements Ltd	Basic Materials	90.47	1.47	0.00	June25	10.18
Mahindra Manulife Multi Cap Dir Gr	INF174V01341	Ramco Cements Ltd	Basic Materials	90.47	1.47	0.00	July25	9.19
Mahindra Manulife Multi Cap Dir Gr	INF174V01341	Ramco Cements Ltd	Basic Materials	90.47	1.47	0.00	Aug25	8.13
Mahindra Manulife Multi Cap Dir Gr	INF174V01341	State Bank of India	Financial Services	90.13	1.46	-35.06	Oct24	5.55
Mahindra Manulife Multi Cap Dir Gr	INF174V01341	State Bank of India	Financial Services	90.13	1.46	-35.06	Nov24	7.52
Mahindra Manulife Multi Cap Dir Gr	INF174V01341	State Bank of India	Financial Services	90.13	1.46	-35.06	Dec24	3.56
Mahindra Manulife Multi Cap Dir Gr	INF174V01341	State Bank of India	Financial Services	90.13	1.46	-35.06	Jan25	5.32
Mahindra Manulife Multi Cap Dir Gr	INF174V01341	State Bank of India	Financial Services	90.13	1.46	-35.06	Feb25	5.59
Mahindra Manulife Multi Cap Dir Gr	INF174V01341	State Bank of India	Financial Services	90.13	1.46	-35.06	Mar25	15.51
Mahindra Manulife Multi Cap Dir Gr	INF174V01341	State Bank of India	Financial Services	90.13	1.46	-35.06	Mar25	15.51
Mahindra Manulife Multi Cap Dir Gr	INF174V01341	State Bank of India	Financial Services	90.13	1.46	-35.06	Apr25	12.51
Mahindra Manulife Multi Cap Dir Gr	INF174V01341	State Bank of India	Financial Services	90.13	1.46	-35.06	May25	11.15
Mahindra Manulife Multi Cap Dir Gr	INF174V01341	State Bank of India	Financial Services	90.13	1.46	-35.06	June25	10.18
Mahindra Manulife Multi Cap Dir Gr	INF174V01341	State Bank of India	Financial Services	90.13	1.46	-35.06	July25	9.19
Mahindra Manulife Multi Cap Dir Gr	INF174V01341	State Bank of India	Financial Services	90.13	1.46	-35.06	Aug25	8.13
Mahindra Manulife Multi Cap Dir Gr	INF174V01341	Manappuram Finance Ltd	Financial Services	86.74	1.41	0.00	Oct24	5.55
Mahindra Manulife Multi Cap Dir Gr	INF174V01341	Manappuram Finance Ltd	Financial Services	86.74	1.41	0.00	Nov24	7.52
Mahindra Manulife Multi Cap Dir Gr	INF174V01341	Manappuram Finance Ltd	Financial Services	86.74	1.41	0.00	Dec24	3.56
Mahindra Manulife Multi Cap Dir Gr	INF174V01341	Manappuram Finance Ltd	Financial Services	86.74	1.41	0.00	Jan25	5.32
Mahindra Manulife Multi Cap Dir Gr	INF174V01341	Manappuram Finance Ltd	Financial Services	86.74	1.41	0.00	Feb25	5.59
Mahindra Manulife Multi Cap Dir Gr	INF174V01341	Manappuram Finance Ltd	Financial Services	86.74	1.41	0.00	Mar25	15.51
Mahindra Manulife Multi Cap Dir Gr	INF174V01341	Manappuram Finance Ltd	Financial Services	86.74	1.41	0.00	Mar25	15.51
Mahindra Manulife Multi Cap Dir Gr	INF174V01341	Manappuram Finance Ltd	Financial Services	86.74	1.41	0.00	Apr25	12.51
Mahindra Manulife Multi Cap Dir Gr	INF174V01341	Manappuram Finance Ltd	Financial Services	86.74	1.41	0.00	May25	11.15
Mahindra Manulife Multi Cap Dir Gr	INF174V01341	Manappuram Finance Ltd	Financial Services	86.74	1.41	0.00	June25	10.18
Mahindra Manulife Multi Cap Dir Gr	INF174V01341	Manappuram Finance Ltd	Financial Services	86.74	1.41	0.00	July25	9.19
Mahindra Manulife Multi Cap Dir Gr	INF174V01341	Manappuram Finance Ltd	Financial Services	86.74	1.41	0.00	Aug25	8.13
Mahindra Manulife Multi Cap Dir Gr	INF174V01341	Shriram Finance Ltd	Financial Services	86.35	1.40	-42.86	Oct24	5.55
Mahindra Manulife Multi Cap Dir Gr	INF174V01341	Shriram Finance Ltd	Financial Services	86.35	1.40	-42.86	Nov24	7.52
Mahindra Manulife Multi Cap Dir Gr	INF174V01341	Shriram Finance Ltd	Financial Services	86.35	1.40	-42.86	Dec24	3.56
Mahindra Manulife Multi Cap Dir Gr	INF174V01341	Shriram Finance Ltd	Financial Services	86.35	1.40	-42.86	Jan25	5.32
Mahindra Manulife Multi Cap Dir Gr	INF174V01341	Shriram Finance Ltd	Financial Services	86.35	1.40	-42.86	Feb25	5.59
Mahindra Manulife Multi Cap Dir Gr	INF174V01341	Shriram Finance Ltd	Financial Services	86.35	1.40	-42.86	Mar25	15.51
Mahindra Manulife Multi Cap Dir Gr	INF174V01341	Shriram Finance Ltd	Financial Services	86.35	1.40	-42.86	Mar25	15.51
Mahindra Manulife Multi Cap Dir Gr	INF174V01341	Shriram Finance Ltd	Financial Services	86.35	1.40	-42.86	Apr25	12.51
Mahindra Manulife Multi Cap Dir Gr	INF174V01341	Shriram Finance Ltd	Financial Services	86.35	1.40	-42.86	May25	11.15
Mahindra Manulife Multi Cap Dir Gr	INF174V01341	Shriram Finance Ltd	Financial Services	86.35	1.40	-42.86	June25	10.18
Mahindra Manulife Multi Cap Dir Gr	INF174V01341	Shriram Finance Ltd	Financial Services	86.35	1.40	-42.86	July25	9.19
Mahindra Manulife Multi Cap Dir Gr	INF174V01341	Shriram Finance Ltd	Financial Services	86.35	1.40	-42.86	Aug25	8.13
Mahindra Manulife Multi Cap Dir Gr	INF174V01341	Voltamp Transformers Ltd	Industrials	86.25	1.40	0.00	Oct24	5.55
Mahindra Manulife Multi Cap Dir Gr	INF174V01341	Voltamp Transformers Ltd	Industrials	86.25	1.40	0.00	Nov24	7.52
Mahindra Manulife Multi Cap Dir Gr	INF174V01341	Voltamp Transformers Ltd	Industrials	86.25	1.40	0.00	Dec24	3.56
Mahindra Manulife Multi Cap Dir Gr	INF174V01341	Voltamp Transformers Ltd	Industrials	86.25	1.40	0.00	Jan25	5.32
Mahindra Manulife Multi Cap Dir Gr	INF174V01341	Voltamp Transformers Ltd	Industrials	86.25	1.40	0.00	Feb25	5.59
Mahindra Manulife Multi Cap Dir Gr	INF174V01341	Voltamp Transformers Ltd	Industrials	86.25	1.40	0.00	Mar25	15.51
Mahindra Manulife Multi Cap Dir Gr	INF174V01341	Voltamp Transformers Ltd	Industrials	86.25	1.40	0.00	Mar25	15.51
Mahindra Manulife Multi Cap Dir Gr	INF174V01341	Voltamp Transformers Ltd	Industrials	86.25	1.40	0.00	Apr25	12.51
Mahindra Manulife Multi Cap Dir Gr	INF174V01341	Voltamp Transformers Ltd	Industrials	86.25	1.40	0.00	May25	11.15
Mahindra Manulife Multi Cap Dir Gr	INF174V01341	Voltamp Transformers Ltd	Industrials	86.25	1.40	0.00	June25	10.18
Mahindra Manulife Multi Cap Dir Gr	INF174V01341	Voltamp Transformers Ltd	Industrials	86.25	1.40	0.00	July25	9.19
Mahindra Manulife Multi Cap Dir Gr	INF174V01341	Voltamp Transformers Ltd	Industrials	86.25	1.40	0.00	Aug25	8.13
Mahindra Manulife Multi Cap Dir Gr	INF174V01341	LTIMindtree Ltd	Technology	85.67	1.39	0.00	Oct24	5.55
Mahindra Manulife Multi Cap Dir Gr	INF174V01341	LTIMindtree Ltd	Technology	85.67	1.39	0.00	Nov24	7.52
Mahindra Manulife Multi Cap Dir Gr	INF174V01341	LTIMindtree Ltd	Technology	85.67	1.39	0.00	Dec24	3.56
Mahindra Manulife Multi Cap Dir Gr	INF174V01341	LTIMindtree Ltd	Technology	85.67	1.39	0.00	Jan25	5.32
Mahindra Manulife Multi Cap Dir Gr	INF174V01341	LTIMindtree Ltd	Technology	85.67	1.39	0.00	Feb25	5.59
Mahindra Manulife Multi Cap Dir Gr	INF174V01341	LTIMindtree Ltd	Technology	85.67	1.39	0.00	Mar25	15.51
Mahindra Manulife Multi Cap Dir Gr	INF174V01341	LTIMindtree Ltd	Technology	85.67	1.39	0.00	Mar25	15.51
Mahindra Manulife Multi Cap Dir Gr	INF174V01341	LTIMindtree Ltd	Technology	85.67	1.39	0.00	Apr25	12.51
Mahindra Manulife Multi Cap Dir Gr	INF174V01341	LTIMindtree Ltd	Technology	85.67	1.39	0.00	May25	11.15
Mahindra Manulife Multi Cap Dir Gr	INF174V01341	LTIMindtree Ltd	Technology	85.67	1.39	0.00	June25	10.18
Mahindra Manulife Multi Cap Dir Gr	INF174V01341	LTIMindtree Ltd	Technology	85.67	1.39	0.00	July25	9.19
Mahindra Manulife Multi Cap Dir Gr	INF174V01341	LTIMindtree Ltd	Technology	85.67	1.39	0.00	Aug25	8.13
Mahindra Manulife Multi Cap Dir Gr	INF174V01341	Mahindra & Mahindra Ltd	Consumer Cyclical	84.94	1.38	0.00	Oct24	5.55
Mahindra Manulife Multi Cap Dir Gr	INF174V01341	Mahindra & Mahindra Ltd	Consumer Cyclical	84.94	1.38	0.00	Nov24	7.52
Mahindra Manulife Multi Cap Dir Gr	INF174V01341	Mahindra & Mahindra Ltd	Consumer Cyclical	84.94	1.38	0.00	Dec24	3.56
Mahindra Manulife Multi Cap Dir Gr	INF174V01341	Mahindra & Mahindra Ltd	Consumer Cyclical	84.94	1.38	0.00	Jan25	5.32
Mahindra Manulife Multi Cap Dir Gr	INF174V01341	Mahindra & Mahindra Ltd	Consumer Cyclical	84.94	1.38	0.00	Feb25	5.59
Mahindra Manulife Multi Cap Dir Gr	INF174V01341	Mahindra & Mahindra Ltd	Consumer Cyclical	84.94	1.38	0.00	Mar25	15.51
Mahindra Manulife Multi Cap Dir Gr	INF174V01341	Mahindra & Mahindra Ltd	Consumer Cyclical	84.94	1.38	0.00	Mar25	15.51
Mahindra Manulife Multi Cap Dir Gr	INF174V01341	Mahindra & Mahindra Ltd	Consumer Cyclical	84.94	1.38	0.00	Apr25	12.51
Mahindra Manulife Multi Cap Dir Gr	INF174V01341	Mahindra & Mahindra Ltd	Consumer Cyclical	84.94	1.38	0.00	May25	11.15
Mahindra Manulife Multi Cap Dir Gr	INF174V01341	Mahindra & Mahindra Ltd	Consumer Cyclical	84.94	1.38	0.00	June25	10.18
Mahindra Manulife Multi Cap Dir Gr	INF174V01341	Mahindra & Mahindra Ltd	Consumer Cyclical	84.94	1.38	0.00	July25	9.19
Mahindra Manulife Multi Cap Dir Gr	INF174V01341	Mahindra & Mahindra Ltd	Consumer Cyclical	84.94	1.38	0.00	Aug25	8.13
Mahindra Manulife Multi Cap Dir Gr	INF174V01341	Sai Life Sciences Ltd	Healthcare	82.80	1.34	-20.33	Oct24	5.55
Mahindra Manulife Multi Cap Dir Gr	INF174V01341	Sai Life Sciences Ltd	Healthcare	82.80	1.34	-20.33	Nov24	7.52
Mahindra Manulife Multi Cap Dir Gr	INF174V01341	Sai Life Sciences Ltd	Healthcare	82.80	1.34	-20.33	Dec24	3.56
Mahindra Manulife Multi Cap Dir Gr	INF174V01341	Sai Life Sciences Ltd	Healthcare	82.80	1.34	-20.33	Jan25	5.32
Mahindra Manulife Multi Cap Dir Gr	INF174V01341	Sai Life Sciences Ltd	Healthcare	82.80	1.34	-20.33	Feb25	5.59
Mahindra Manulife Multi Cap Dir Gr	INF174V01341	Sai Life Sciences Ltd	Healthcare	82.80	1.34	-20.33	Mar25	15.51
Mahindra Manulife Multi Cap Dir Gr	INF174V01341	Sai Life Sciences Ltd	Healthcare	82.80	1.34	-20.33	Mar25	15.51
Mahindra Manulife Multi Cap Dir Gr	INF174V01341	Sai Life Sciences Ltd	Healthcare	82.80	1.34	-20.33	Apr25	12.51
Mahindra Manulife Multi Cap Dir Gr	INF174V01341	Sai Life Sciences Ltd	Healthcare	82.80	1.34	-20.33	May25	11.15
Mahindra Manulife Multi Cap Dir Gr	INF174V01341	Sai Life Sciences Ltd	Healthcare	82.80	1.34	-20.33	June25	10.18
Mahindra Manulife Multi Cap Dir Gr	INF174V01341	Sai Life Sciences Ltd	Healthcare	82.80	1.34	-20.33	July25	9.19
Mahindra Manulife Multi Cap Dir Gr	INF174V01341	Sai Life Sciences Ltd	Healthcare	82.80	1.34	-20.33	Aug25	8.13
Mahindra Manulife Multi Cap Dir Gr	INF174V01341	Belrise Industries Ltd	Consumer Cyclical	80.72	1.31	0.00	Oct24	5.55
Mahindra Manulife Multi Cap Dir Gr	INF174V01341	Belrise Industries Ltd	Consumer Cyclical	80.72	1.31	0.00	Nov24	7.52
Mahindra Manulife Multi Cap Dir Gr	INF174V01341	Belrise Industries Ltd	Consumer Cyclical	80.72	1.31	0.00	Dec24	3.56
Mahindra Manulife Multi Cap Dir Gr	INF174V01341	Belrise Industries Ltd	Consumer Cyclical	80.72	1.31	0.00	Jan25	5.32
Mahindra Manulife Multi Cap Dir Gr	INF174V01341	Belrise Industries Ltd	Consumer Cyclical	80.72	1.31	0.00	Feb25	5.59
Mahindra Manulife Multi Cap Dir Gr	INF174V01341	Belrise Industries Ltd	Consumer Cyclical	80.72	1.31	0.00	Mar25	15.51
Mahindra Manulife Multi Cap Dir Gr	INF174V01341	Belrise Industries Ltd	Consumer Cyclical	80.72	1.31	0.00	Mar25	15.51
Mahindra Manulife Multi Cap Dir Gr	INF174V01341	Belrise Industries Ltd	Consumer Cyclical	80.72	1.31	0.00	Apr25	12.51
Mahindra Manulife Multi Cap Dir Gr	INF174V01341	Belrise Industries Ltd	Consumer Cyclical	80.72	1.31	0.00	May25	11.15
Mahindra Manulife Multi Cap Dir Gr	INF174V01341	Belrise Industries Ltd	Consumer Cyclical	80.72	1.31	0.00	June25	10.18
Mahindra Manulife Multi Cap Dir Gr	INF174V01341	Belrise Industries Ltd	Consumer Cyclical	80.72	1.31	0.00	July25	9.19
Mahindra Manulife Multi Cap Dir Gr	INF174V01341	Belrise Industries Ltd	Consumer Cyclical	80.72	1.31	0.00	Aug25	8.13
Mahindra Manulife Multi Cap Dir Gr	INF174V01341	Mphasis Ltd	Technology	80.38	1.30	0.00	Oct24	5.55
Mahindra Manulife Multi Cap Dir Gr	INF174V01341	Mphasis Ltd	Technology	80.38	1.30	0.00	Nov24	7.52
Mahindra Manulife Multi Cap Dir Gr	INF174V01341	Mphasis Ltd	Technology	80.38	1.30	0.00	Dec24	3.56
Mahindra Manulife Multi Cap Dir Gr	INF174V01341	Mphasis Ltd	Technology	80.38	1.30	0.00	Jan25	5.32
Mahindra Manulife Multi Cap Dir Gr	INF174V01341	Mphasis Ltd	Technology	80.38	1.30	0.00	Feb25	5.59
Mahindra Manulife Multi Cap Dir Gr	INF174V01341	Mphasis Ltd	Technology	80.38	1.30	0.00	Mar25	15.51
Mahindra Manulife Multi Cap Dir Gr	INF174V01341	Mphasis Ltd	Technology	80.38	1.30	0.00	Mar25	15.51
Mahindra Manulife Multi Cap Dir Gr	INF174V01341	Mphasis Ltd	Technology	80.38	1.30	0.00	Apr25	12.51
Mahindra Manulife Multi Cap Dir Gr	INF174V01341	Mphasis Ltd	Technology	80.38	1.30	0.00	May25	11.15
Mahindra Manulife Multi Cap Dir Gr	INF174V01341	Mphasis Ltd	Technology	80.38	1.30	0.00	June25	10.18
Mahindra Manulife Multi Cap Dir Gr	INF174V01341	Mphasis Ltd	Technology	80.38	1.30	0.00	July25	9.19
Mahindra Manulife Multi Cap Dir Gr	INF174V01341	Mphasis Ltd	Technology	80.38	1.30	0.00	Aug25	8.13
Mahindra Manulife Multi Cap Dir Gr	INF174V01341	Net Receivables / (Payables)		79.43	1.29		Oct24	5.55
Mahindra Manulife Multi Cap Dir Gr	INF174V01341	Net Receivables / (Payables)		79.43	1.29		Nov24	7.52
Mahindra Manulife Multi Cap Dir Gr	INF174V01341	Net Receivables / (Payables)		79.43	1.29		Dec24	3.56
Mahindra Manulife Multi Cap Dir Gr	INF174V01341	Net Receivables / (Payables)		79.43	1.29		Jan25	5.32
Mahindra Manulife Multi Cap Dir Gr	INF174V01341	Net Receivables / (Payables)		79.43	1.29		Feb25	5.59
Mahindra Manulife Multi Cap Dir Gr	INF174V01341	Net Receivables / (Payables)		79.43	1.29		Mar25	15.51
Mahindra Manulife Multi Cap Dir Gr	INF174V01341	Net Receivables / (Payables)		79.43	1.29		Mar25	15.51
Mahindra Manulife Multi Cap Dir Gr	INF174V01341	Net Receivables / (Payables)		79.43	1.29		Apr25	12.51
Mahindra Manulife Multi Cap Dir Gr	INF174V01341	Net Receivables / (Payables)		79.43	1.29		May25	11.15
Mahindra Manulife Multi Cap Dir Gr	INF174V01341	Net Receivables / (Payables)		79.43	1.29		June25	10.18
Mahindra Manulife Multi Cap Dir Gr	INF174V01341	Net Receivables / (Payables)		79.43	1.29		July25	9.19
Mahindra Manulife Multi Cap Dir Gr	INF174V01341	Net Receivables / (Payables)		79.43	1.29		Aug25	8.13
Mahindra Manulife Multi Cap Dir Gr	INF174V01341	SRF Ltd	Industrials	76.82	1.24	0.00	Oct24	5.55
Mahindra Manulife Multi Cap Dir Gr	INF174V01341	SRF Ltd	Industrials	76.82	1.24	0.00	Nov24	7.52
Mahindra Manulife Multi Cap Dir Gr	INF174V01341	SRF Ltd	Industrials	76.82	1.24	0.00	Dec24	3.56
Mahindra Manulife Multi Cap Dir Gr	INF174V01341	SRF Ltd	Industrials	76.82	1.24	0.00	Jan25	5.32
Mahindra Manulife Multi Cap Dir Gr	INF174V01341	SRF Ltd	Industrials	76.82	1.24	0.00	Feb25	5.59
Mahindra Manulife Multi Cap Dir Gr	INF174V01341	SRF Ltd	Industrials	76.82	1.24	0.00	Mar25	15.51
Mahindra Manulife Multi Cap Dir Gr	INF174V01341	SRF Ltd	Industrials	76.82	1.24	0.00	Mar25	15.51
Mahindra Manulife Multi Cap Dir Gr	INF174V01341	SRF Ltd	Industrials	76.82	1.24	0.00	Apr25	12.51
Mahindra Manulife Multi Cap Dir Gr	INF174V01341	SRF Ltd	Industrials	76.82	1.24	0.00	May25	11.15
Mahindra Manulife Multi Cap Dir Gr	INF174V01341	SRF Ltd	Industrials	76.82	1.24	0.00	June25	10.18
Mahindra Manulife Multi Cap Dir Gr	INF174V01341	SRF Ltd	Industrials	76.82	1.24	0.00	July25	9.19
Mahindra Manulife Multi Cap Dir Gr	INF174V01341	SRF Ltd	Industrials	76.82	1.24	0.00	Aug25	8.13
Mahindra Manulife Multi Cap Dir Gr	INF174V01341	Ujjivan Small Finance Bank Ltd Ordinary Shares	Financial Services	76.74	1.24	89.16	Oct24	5.55
Mahindra Manulife Multi Cap Dir Gr	INF174V01341	Ujjivan Small Finance Bank Ltd Ordinary Shares	Financial Services	76.74	1.24	89.16	Nov24	7.52
Mahindra Manulife Multi Cap Dir Gr	INF174V01341	Ujjivan Small Finance Bank Ltd Ordinary Shares	Financial Services	76.74	1.24	89.16	Dec24	3.56
Mahindra Manulife Multi Cap Dir Gr	INF174V01341	Ujjivan Small Finance Bank Ltd Ordinary Shares	Financial Services	76.74	1.24	89.16	Jan25	5.32
Mahindra Manulife Multi Cap Dir Gr	INF174V01341	Ujjivan Small Finance Bank Ltd Ordinary Shares	Financial Services	76.74	1.24	89.16	Feb25	5.59
Mahindra Manulife Multi Cap Dir Gr	INF174V01341	Ujjivan Small Finance Bank Ltd Ordinary Shares	Financial Services	76.74	1.24	89.16	Mar25	15.51
Mahindra Manulife Multi Cap Dir Gr	INF174V01341	Ujjivan Small Finance Bank Ltd Ordinary Shares	Financial Services	76.74	1.24	89.16	Mar25	15.51
Mahindra Manulife Multi Cap Dir Gr	INF174V01341	Ujjivan Small Finance Bank Ltd Ordinary Shares	Financial Services	76.74	1.24	89.16	Apr25	12.51
Mahindra Manulife Multi Cap Dir Gr	INF174V01341	Ujjivan Small Finance Bank Ltd Ordinary Shares	Financial Services	76.74	1.24	89.16	May25	11.15
Mahindra Manulife Multi Cap Dir Gr	INF174V01341	Ujjivan Small Finance Bank Ltd Ordinary Shares	Financial Services	76.74	1.24	89.16	June25	10.18
Mahindra Manulife Multi Cap Dir Gr	INF174V01341	Ujjivan Small Finance Bank Ltd Ordinary Shares	Financial Services	76.74	1.24	89.16	July25	9.19
Mahindra Manulife Multi Cap Dir Gr	INF174V01341	Ujjivan Small Finance Bank Ltd Ordinary Shares	Financial Services	76.74	1.24	89.16	Aug25	8.13
Mahindra Manulife Multi Cap Dir Gr	INF174V01341	Vedanta Ltd	Basic Materials	75.43	1.22	0.00	Oct24	5.55
Mahindra Manulife Multi Cap Dir Gr	INF174V01341	Vedanta Ltd	Basic Materials	75.43	1.22	0.00	Nov24	7.52
Mahindra Manulife Multi Cap Dir Gr	INF174V01341	Vedanta Ltd	Basic Materials	75.43	1.22	0.00	Dec24	3.56
Mahindra Manulife Multi Cap Dir Gr	INF174V01341	Vedanta Ltd	Basic Materials	75.43	1.22	0.00	Jan25	5.32
Mahindra Manulife Multi Cap Dir Gr	INF174V01341	Vedanta Ltd	Basic Materials	75.43	1.22	0.00	Feb25	5.59
Mahindra Manulife Multi Cap Dir Gr	INF174V01341	Vedanta Ltd	Basic Materials	75.43	1.22	0.00	Mar25	15.51
Mahindra Manulife Multi Cap Dir Gr	INF174V01341	Vedanta Ltd	Basic Materials	75.43	1.22	0.00	Mar25	15.51
Mahindra Manulife Multi Cap Dir Gr	INF174V01341	Vedanta Ltd	Basic Materials	75.43	1.22	0.00	Apr25	12.51
Mahindra Manulife Multi Cap Dir Gr	INF174V01341	Vedanta Ltd	Basic Materials	75.43	1.22	0.00	May25	11.15
Mahindra Manulife Multi Cap Dir Gr	INF174V01341	Vedanta Ltd	Basic Materials	75.43	1.22	0.00	June25	10.18
Mahindra Manulife Multi Cap Dir Gr	INF174V01341	Vedanta Ltd	Basic Materials	75.43	1.22	0.00	July25	9.19
Mahindra Manulife Multi Cap Dir Gr	INF174V01341	Vedanta Ltd	Basic Materials	75.43	1.22	0.00	Aug25	8.13
Mahindra Manulife Multi Cap Dir Gr	INF174V01341	IIFL Finance Ltd	Financial Services	75.42	1.22	0.00	Oct24	5.55
Mahindra Manulife Multi Cap Dir Gr	INF174V01341	IIFL Finance Ltd	Financial Services	75.42	1.22	0.00	Nov24	7.52
Mahindra Manulife Multi Cap Dir Gr	INF174V01341	IIFL Finance Ltd	Financial Services	75.42	1.22	0.00	Dec24	3.56
Mahindra Manulife Multi Cap Dir Gr	INF174V01341	IIFL Finance Ltd	Financial Services	75.42	1.22	0.00	Jan25	5.32
Mahindra Manulife Multi Cap Dir Gr	INF174V01341	IIFL Finance Ltd	Financial Services	75.42	1.22	0.00	Feb25	5.59
Mahindra Manulife Multi Cap Dir Gr	INF174V01341	IIFL Finance Ltd	Financial Services	75.42	1.22	0.00	Mar25	15.51
Mahindra Manulife Multi Cap Dir Gr	INF174V01341	IIFL Finance Ltd	Financial Services	75.42	1.22	0.00	Mar25	15.51
Mahindra Manulife Multi Cap Dir Gr	INF174V01341	IIFL Finance Ltd	Financial Services	75.42	1.22	0.00	Apr25	12.51
Mahindra Manulife Multi Cap Dir Gr	INF174V01341	IIFL Finance Ltd	Financial Services	75.42	1.22	0.00	May25	11.15
Mahindra Manulife Multi Cap Dir Gr	INF174V01341	IIFL Finance Ltd	Financial Services	75.42	1.22	0.00	June25	10.18
Mahindra Manulife Multi Cap Dir Gr	INF174V01341	IIFL Finance Ltd	Financial Services	75.42	1.22	0.00	July25	9.19
Mahindra Manulife Multi Cap Dir Gr	INF174V01341	IIFL Finance Ltd	Financial Services	75.42	1.22	0.00	Aug25	8.13
Mahindra Manulife Multi Cap Dir Gr	INF174V01341	ITC Ltd	Consumer Defensive	75.26	1.22		Oct24	5.55
Mahindra Manulife Multi Cap Dir Gr	INF174V01341	ITC Ltd	Consumer Defensive	75.26	1.22		Nov24	7.52
Mahindra Manulife Multi Cap Dir Gr	INF174V01341	ITC Ltd	Consumer Defensive	75.26	1.22		Dec24	3.56
Mahindra Manulife Multi Cap Dir Gr	INF174V01341	ITC Ltd	Consumer Defensive	75.26	1.22		Jan25	5.32
Mahindra Manulife Multi Cap Dir Gr	INF174V01341	ITC Ltd	Consumer Defensive	75.26	1.22		Feb25	5.59
Mahindra Manulife Multi Cap Dir Gr	INF174V01341	ITC Ltd	Consumer Defensive	75.26	1.22		Mar25	15.51
Mahindra Manulife Multi Cap Dir Gr	INF174V01341	ITC Ltd	Consumer Defensive	75.26	1.22		Mar25	15.51
Mahindra Manulife Multi Cap Dir Gr	INF174V01341	ITC Ltd	Consumer Defensive	75.26	1.22		Apr25	12.51
Mahindra Manulife Multi Cap Dir Gr	INF174V01341	ITC Ltd	Consumer Defensive	75.26	1.22		May25	11.15
Mahindra Manulife Multi Cap Dir Gr	INF174V01341	ITC Ltd	Consumer Defensive	75.26	1.22		June25	10.18
Mahindra Manulife Multi Cap Dir Gr	INF174V01341	ITC Ltd	Consumer Defensive	75.26	1.22		July25	9.19
Mahindra Manulife Multi Cap Dir Gr	INF174V01341	ITC Ltd	Consumer Defensive	75.26	1.22		Aug25	8.13
Mahindra Manulife Multi Cap Dir Gr	INF174V01341	Bandhan Bank Ltd	Financial Services	75.07	1.22	10.00	Oct24	5.55
Mahindra Manulife Multi Cap Dir Gr	INF174V01341	Bandhan Bank Ltd	Financial Services	75.07	1.22	10.00	Nov24	7.52
Mahindra Manulife Multi Cap Dir Gr	INF174V01341	Bandhan Bank Ltd	Financial Services	75.07	1.22	10.00	Dec24	3.56
Mahindra Manulife Multi Cap Dir Gr	INF174V01341	Bandhan Bank Ltd	Financial Services	75.07	1.22	10.00	Jan25	5.32
Mahindra Manulife Multi Cap Dir Gr	INF174V01341	Bandhan Bank Ltd	Financial Services	75.07	1.22	10.00	Feb25	5.59
Mahindra Manulife Multi Cap Dir Gr	INF174V01341	Bandhan Bank Ltd	Financial Services	75.07	1.22	10.00	Mar25	15.51
Mahindra Manulife Multi Cap Dir Gr	INF174V01341	Bandhan Bank Ltd	Financial Services	75.07	1.22	10.00	Mar25	15.51
Mahindra Manulife Multi Cap Dir Gr	INF174V01341	Bandhan Bank Ltd	Financial Services	75.07	1.22	10.00	Apr25	12.51
Mahindra Manulife Multi Cap Dir Gr	INF174V01341	Bandhan Bank Ltd	Financial Services	75.07	1.22	10.00	May25	11.15
Mahindra Manulife Multi Cap Dir Gr	INF174V01341	Bandhan Bank Ltd	Financial Services	75.07	1.22	10.00	June25	10.18
Mahindra Manulife Multi Cap Dir Gr	INF174V01341	Bandhan Bank Ltd	Financial Services	75.07	1.22	10.00	July25	9.19
Mahindra Manulife Multi Cap Dir Gr	INF174V01341	Bandhan Bank Ltd	Financial Services	75.07	1.22	10.00	Aug25	8.13
Mahindra Manulife Multi Cap Dir Gr	INF174V01341	PB Fintech Ltd	Financial Services	66.27	1.07		Oct24	5.55
Mahindra Manulife Multi Cap Dir Gr	INF174V01341	PB Fintech Ltd	Financial Services	66.27	1.07		Nov24	7.52
Mahindra Manulife Multi Cap Dir Gr	INF174V01341	PB Fintech Ltd	Financial Services	66.27	1.07		Dec24	3.56
Mahindra Manulife Multi Cap Dir Gr	INF174V01341	PB Fintech Ltd	Financial Services	66.27	1.07		Jan25	5.32
Mahindra Manulife Multi Cap Dir Gr	INF174V01341	PB Fintech Ltd	Financial Services	66.27	1.07		Feb25	5.59
Mahindra Manulife Multi Cap Dir Gr	INF174V01341	PB Fintech Ltd	Financial Services	66.27	1.07		Mar25	15.51
Mahindra Manulife Multi Cap Dir Gr	INF174V01341	PB Fintech Ltd	Financial Services	66.27	1.07		Mar25	15.51
Mahindra Manulife Multi Cap Dir Gr	INF174V01341	PB Fintech Ltd	Financial Services	66.27	1.07		Apr25	12.51
Mahindra Manulife Multi Cap Dir Gr	INF174V01341	PB Fintech Ltd	Financial Services	66.27	1.07		May25	11.15
Mahindra Manulife Multi Cap Dir Gr	INF174V01341	PB Fintech Ltd	Financial Services	66.27	1.07		June25	10.18
Mahindra Manulife Multi Cap Dir Gr	INF174V01341	PB Fintech Ltd	Financial Services	66.27	1.07		July25	9.19
Mahindra Manulife Multi Cap Dir Gr	INF174V01341	PB Fintech Ltd	Financial Services	66.27	1.07		Aug25	8.13
Mahindra Manulife Multi Cap Dir Gr	INF174V01341	Blue Star Ltd	Industrials	65.42	1.06	0.00	Oct24	5.55
Mahindra Manulife Multi Cap Dir Gr	INF174V01341	Blue Star Ltd	Industrials	65.42	1.06	0.00	Nov24	7.52
Mahindra Manulife Multi Cap Dir Gr	INF174V01341	Blue Star Ltd	Industrials	65.42	1.06	0.00	Dec24	3.56
Mahindra Manulife Multi Cap Dir Gr	INF174V01341	Blue Star Ltd	Industrials	65.42	1.06	0.00	Jan25	5.32
Mahindra Manulife Multi Cap Dir Gr	INF174V01341	Blue Star Ltd	Industrials	65.42	1.06	0.00	Feb25	5.59
Mahindra Manulife Multi Cap Dir Gr	INF174V01341	Blue Star Ltd	Industrials	65.42	1.06	0.00	Mar25	15.51
Mahindra Manulife Multi Cap Dir Gr	INF174V01341	Blue Star Ltd	Industrials	65.42	1.06	0.00	Mar25	15.51
Mahindra Manulife Multi Cap Dir Gr	INF174V01341	Blue Star Ltd	Industrials	65.42	1.06	0.00	Apr25	12.51
Mahindra Manulife Multi Cap Dir Gr	INF174V01341	Blue Star Ltd	Industrials	65.42	1.06	0.00	May25	11.15
Mahindra Manulife Multi Cap Dir Gr	INF174V01341	Blue Star Ltd	Industrials	65.42	1.06	0.00	June25	10.18
Mahindra Manulife Multi Cap Dir Gr	INF174V01341	Blue Star Ltd	Industrials	65.42	1.06	0.00	July25	9.19
Mahindra Manulife Multi Cap Dir Gr	INF174V01341	Blue Star Ltd	Industrials	65.42	1.06	0.00	Aug25	8.13
Mahindra Manulife Multi Cap Dir Gr	INF174V01341	Dalmia Bharat Ltd	Basic Materials	65.29	1.06	0.00	Oct24	5.55
Mahindra Manulife Multi Cap Dir Gr	INF174V01341	Dalmia Bharat Ltd	Basic Materials	65.29	1.06	0.00	Nov24	7.52
Mahindra Manulife Multi Cap Dir Gr	INF174V01341	Dalmia Bharat Ltd	Basic Materials	65.29	1.06	0.00	Dec24	3.56
Mahindra Manulife Multi Cap Dir Gr	INF174V01341	Dalmia Bharat Ltd	Basic Materials	65.29	1.06	0.00	Jan25	5.32
Mahindra Manulife Multi Cap Dir Gr	INF174V01341	Dalmia Bharat Ltd	Basic Materials	65.29	1.06	0.00	Feb25	5.59
Mahindra Manulife Multi Cap Dir Gr	INF174V01341	Dalmia Bharat Ltd	Basic Materials	65.29	1.06	0.00	Mar25	15.51
Mahindra Manulife Multi Cap Dir Gr	INF174V01341	Dalmia Bharat Ltd	Basic Materials	65.29	1.06	0.00	Mar25	15.51
Mahindra Manulife Multi Cap Dir Gr	INF174V01341	Dalmia Bharat Ltd	Basic Materials	65.29	1.06	0.00	Apr25	12.51
Mahindra Manulife Multi Cap Dir Gr	INF174V01341	Dalmia Bharat Ltd	Basic Materials	65.29	1.06	0.00	May25	11.15
Mahindra Manulife Multi Cap Dir Gr	INF174V01341	Dalmia Bharat Ltd	Basic Materials	65.29	1.06	0.00	June25	10.18
Mahindra Manulife Multi Cap Dir Gr	INF174V01341	Dalmia Bharat Ltd	Basic Materials	65.29	1.06	0.00	July25	9.19
Mahindra Manulife Multi Cap Dir Gr	INF174V01341	Dalmia Bharat Ltd	Basic Materials	65.29	1.06	0.00	Aug25	8.13
Mahindra Manulife Multi Cap Dir Gr	INF174V01341	Vodafone Idea Ltd	Communication Services	65.13	1.05		Oct24	5.55
Mahindra Manulife Multi Cap Dir Gr	INF174V01341	Vodafone Idea Ltd	Communication Services	65.13	1.05		Nov24	7.52
Mahindra Manulife Multi Cap Dir Gr	INF174V01341	Vodafone Idea Ltd	Communication Services	65.13	1.05		Dec24	3.56
Mahindra Manulife Multi Cap Dir Gr	INF174V01341	Vodafone Idea Ltd	Communication Services	65.13	1.05		Jan25	5.32
Mahindra Manulife Multi Cap Dir Gr	INF174V01341	Vodafone Idea Ltd	Communication Services	65.13	1.05		Feb25	5.59
Mahindra Manulife Multi Cap Dir Gr	INF174V01341	Vodafone Idea Ltd	Communication Services	65.13	1.05		Mar25	15.51
Mahindra Manulife Multi Cap Dir Gr	INF174V01341	Vodafone Idea Ltd	Communication Services	65.13	1.05		Mar25	15.51
Mahindra Manulife Multi Cap Dir Gr	INF174V01341	Vodafone Idea Ltd	Communication Services	65.13	1.05		Apr25	12.51
Mahindra Manulife Multi Cap Dir Gr	INF174V01341	Vodafone Idea Ltd	Communication Services	65.13	1.05		May25	11.15
Mahindra Manulife Multi Cap Dir Gr	INF174V01341	Vodafone Idea Ltd	Communication Services	65.13	1.05		June25	10.18
Mahindra Manulife Multi Cap Dir Gr	INF174V01341	Vodafone Idea Ltd	Communication Services	65.13	1.05		July25	9.19
Mahindra Manulife Multi Cap Dir Gr	INF174V01341	Vodafone Idea Ltd	Communication Services	65.13	1.05		Aug25	8.13
Mahindra Manulife Multi Cap Dir Gr	INF174V01341	Oil & Natural Gas Corp Ltd	Energy	64.33	1.04	35.29	Oct24	5.55
Mahindra Manulife Multi Cap Dir Gr	INF174V01341	Oil & Natural Gas Corp Ltd	Energy	64.33	1.04	35.29	Nov24	7.52
Mahindra Manulife Multi Cap Dir Gr	INF174V01341	Oil & Natural Gas Corp Ltd	Energy	64.33	1.04	35.29	Dec24	3.56
Mahindra Manulife Multi Cap Dir Gr	INF174V01341	Oil & Natural Gas Corp Ltd	Energy	64.33	1.04	35.29	Jan25	5.32
Mahindra Manulife Multi Cap Dir Gr	INF174V01341	Oil & Natural Gas Corp Ltd	Energy	64.33	1.04	35.29	Feb25	5.59
Mahindra Manulife Multi Cap Dir Gr	INF174V01341	Oil & Natural Gas Corp Ltd	Energy	64.33	1.04	35.29	Mar25	15.51
Mahindra Manulife Multi Cap Dir Gr	INF174V01341	Oil & Natural Gas Corp Ltd	Energy	64.33	1.04	35.29	Mar25	15.51
Mahindra Manulife Multi Cap Dir Gr	INF174V01341	Oil & Natural Gas Corp Ltd	Energy	64.33	1.04	35.29	Apr25	12.51
Mahindra Manulife Multi Cap Dir Gr	INF174V01341	Oil & Natural Gas Corp Ltd	Energy	64.33	1.04	35.29	May25	11.15
Mahindra Manulife Multi Cap Dir Gr	INF174V01341	Oil & Natural Gas Corp Ltd	Energy	64.33	1.04	35.29	June25	10.18
Mahindra Manulife Multi Cap Dir Gr	INF174V01341	Oil & Natural Gas Corp Ltd	Energy	64.33	1.04	35.29	July25	9.19
Mahindra Manulife Multi Cap Dir Gr	INF174V01341	Oil & Natural Gas Corp Ltd	Energy	64.33	1.04	35.29	Aug25	8.13
Mahindra Manulife Multi Cap Dir Gr	INF174V01341	Aarti Industries Ltd	Basic Materials	63.71	1.03	33.16	Oct24	5.55
Mahindra Manulife Multi Cap Dir Gr	INF174V01341	Aarti Industries Ltd	Basic Materials	63.71	1.03	33.16	Nov24	7.52
Mahindra Manulife Multi Cap Dir Gr	INF174V01341	Aarti Industries Ltd	Basic Materials	63.71	1.03	33.16	Dec24	3.56
Mahindra Manulife Multi Cap Dir Gr	INF174V01341	Aarti Industries Ltd	Basic Materials	63.71	1.03	33.16	Jan25	5.32
Mahindra Manulife Multi Cap Dir Gr	INF174V01341	Aarti Industries Ltd	Basic Materials	63.71	1.03	33.16	Feb25	5.59
Mahindra Manulife Multi Cap Dir Gr	INF174V01341	Aarti Industries Ltd	Basic Materials	63.71	1.03	33.16	Mar25	15.51
Mahindra Manulife Multi Cap Dir Gr	INF174V01341	Aarti Industries Ltd	Basic Materials	63.71	1.03	33.16	Mar25	15.51
Mahindra Manulife Multi Cap Dir Gr	INF174V01341	Aarti Industries Ltd	Basic Materials	63.71	1.03	33.16	Apr25	12.51
Mahindra Manulife Multi Cap Dir Gr	INF174V01341	Aarti Industries Ltd	Basic Materials	63.71	1.03	33.16	May25	11.15
Mahindra Manulife Multi Cap Dir Gr	INF174V01341	Aarti Industries Ltd	Basic Materials	63.71	1.03	33.16	June25	10.18
Mahindra Manulife Multi Cap Dir Gr	INF174V01341	Aarti Industries Ltd	Basic Materials	63.71	1.03	33.16	July25	9.19
Mahindra Manulife Multi Cap Dir Gr	INF174V01341	Aarti Industries Ltd	Basic Materials	63.71	1.03	33.16	Aug25	8.13
Mahindra Manulife Multi Cap Dir Gr	INF174V01341	Kajaria Ceramics Ltd	Industrials	63.65	1.03	0.00	Oct24	5.55
Mahindra Manulife Multi Cap Dir Gr	INF174V01341	Kajaria Ceramics Ltd	Industrials	63.65	1.03	0.00	Nov24	7.52
Mahindra Manulife Multi Cap Dir Gr	INF174V01341	Kajaria Ceramics Ltd	Industrials	63.65	1.03	0.00	Dec24	3.56
Mahindra Manulife Multi Cap Dir Gr	INF174V01341	Kajaria Ceramics Ltd	Industrials	63.65	1.03	0.00	Jan25	5.32
Mahindra Manulife Multi Cap Dir Gr	INF174V01341	Kajaria Ceramics Ltd	Industrials	63.65	1.03	0.00	Feb25	5.59
Mahindra Manulife Multi Cap Dir Gr	INF174V01341	Kajaria Ceramics Ltd	Industrials	63.65	1.03	0.00	Mar25	15.51
Mahindra Manulife Multi Cap Dir Gr	INF174V01341	Kajaria Ceramics Ltd	Industrials	63.65	1.03	0.00	Mar25	15.51
Mahindra Manulife Multi Cap Dir Gr	INF174V01341	Kajaria Ceramics Ltd	Industrials	63.65	1.03	0.00	Apr25	12.51
Mahindra Manulife Multi Cap Dir Gr	INF174V01341	Kajaria Ceramics Ltd	Industrials	63.65	1.03	0.00	May25	11.15
Mahindra Manulife Multi Cap Dir Gr	INF174V01341	Kajaria Ceramics Ltd	Industrials	63.65	1.03	0.00	June25	10.18
Mahindra Manulife Multi Cap Dir Gr	INF174V01341	Kajaria Ceramics Ltd	Industrials	63.65	1.03	0.00	July25	9.19
Mahindra Manulife Multi Cap Dir Gr	INF174V01341	Kajaria Ceramics Ltd	Industrials	63.65	1.03	0.00	Aug25	8.13
Mahindra Manulife Multi Cap Dir Gr	INF174V01341	DCB Bank Ltd	Financial Services	63.18	1.02	5.61	Oct24	5.55
Mahindra Manulife Multi Cap Dir Gr	INF174V01341	DCB Bank Ltd	Financial Services	63.18	1.02	5.61	Nov24	7.52
Mahindra Manulife Multi Cap Dir Gr	INF174V01341	DCB Bank Ltd	Financial Services	63.18	1.02	5.61	Dec24	3.56
Mahindra Manulife Multi Cap Dir Gr	INF174V01341	DCB Bank Ltd	Financial Services	63.18	1.02	5.61	Jan25	5.32
Mahindra Manulife Multi Cap Dir Gr	INF174V01341	DCB Bank Ltd	Financial Services	63.18	1.02	5.61	Feb25	5.59
Mahindra Manulife Multi Cap Dir Gr	INF174V01341	DCB Bank Ltd	Financial Services	63.18	1.02	5.61	Mar25	15.51
Mahindra Manulife Multi Cap Dir Gr	INF174V01341	DCB Bank Ltd	Financial Services	63.18	1.02	5.61	Mar25	15.51
Mahindra Manulife Multi Cap Dir Gr	INF174V01341	DCB Bank Ltd	Financial Services	63.18	1.02	5.61	Apr25	12.51
Mahindra Manulife Multi Cap Dir Gr	INF174V01341	DCB Bank Ltd	Financial Services	63.18	1.02	5.61	May25	11.15
Mahindra Manulife Multi Cap Dir Gr	INF174V01341	DCB Bank Ltd	Financial Services	63.18	1.02	5.61	June25	10.18
Mahindra Manulife Multi Cap Dir Gr	INF174V01341	DCB Bank Ltd	Financial Services	63.18	1.02	5.61	July25	9.19
Mahindra Manulife Multi Cap Dir Gr	INF174V01341	DCB Bank Ltd	Financial Services	63.18	1.02	5.61	Aug25	8.13
Mahindra Manulife Multi Cap Dir Gr	INF174V01341	IndusInd Bank Ltd	Financial Services	62.19	1.01	0.00	Oct24	5.55
Mahindra Manulife Multi Cap Dir Gr	INF174V01341	IndusInd Bank Ltd	Financial Services	62.19	1.01	0.00	Nov24	7.52
Mahindra Manulife Multi Cap Dir Gr	INF174V01341	IndusInd Bank Ltd	Financial Services	62.19	1.01	0.00	Dec24	3.56
Mahindra Manulife Multi Cap Dir Gr	INF174V01341	IndusInd Bank Ltd	Financial Services	62.19	1.01	0.00	Jan25	5.32
Mahindra Manulife Multi Cap Dir Gr	INF174V01341	IndusInd Bank Ltd	Financial Services	62.19	1.01	0.00	Feb25	5.59
Mahindra Manulife Multi Cap Dir Gr	INF174V01341	IndusInd Bank Ltd	Financial Services	62.19	1.01	0.00	Mar25	15.51
Mahindra Manulife Multi Cap Dir Gr	INF174V01341	IndusInd Bank Ltd	Financial Services	62.19	1.01	0.00	Mar25	15.51
Mahindra Manulife Multi Cap Dir Gr	INF174V01341	IndusInd Bank Ltd	Financial Services	62.19	1.01	0.00	Apr25	12.51
Mahindra Manulife Multi Cap Dir Gr	INF174V01341	IndusInd Bank Ltd	Financial Services	62.19	1.01	0.00	May25	11.15
Mahindra Manulife Multi Cap Dir Gr	INF174V01341	IndusInd Bank Ltd	Financial Services	62.19	1.01	0.00	June25	10.18
Mahindra Manulife Multi Cap Dir Gr	INF174V01341	IndusInd Bank Ltd	Financial Services	62.19	1.01	0.00	July25	9.19
Mahindra Manulife Multi Cap Dir Gr	INF174V01341	IndusInd Bank Ltd	Financial Services	62.19	1.01	0.00	Aug25	8.13
Mahindra Manulife Multi Cap Dir Gr	INF174V01341	Aditya Vision Ltd	Consumer Cyclical	59.84	0.97	30.99	Oct24	5.55
Mahindra Manulife Multi Cap Dir Gr	INF174V01341	Aditya Vision Ltd	Consumer Cyclical	59.84	0.97	30.99	Nov24	7.52
Mahindra Manulife Multi Cap Dir Gr	INF174V01341	Aditya Vision Ltd	Consumer Cyclical	59.84	0.97	30.99	Dec24	3.56
Mahindra Manulife Multi Cap Dir Gr	INF174V01341	Aditya Vision Ltd	Consumer Cyclical	59.84	0.97	30.99	Jan25	5.32
Mahindra Manulife Multi Cap Dir Gr	INF174V01341	Aditya Vision Ltd	Consumer Cyclical	59.84	0.97	30.99	Feb25	5.59
Mahindra Manulife Multi Cap Dir Gr	INF174V01341	Aditya Vision Ltd	Consumer Cyclical	59.84	0.97	30.99	Mar25	15.51
Mahindra Manulife Multi Cap Dir Gr	INF174V01341	Aditya Vision Ltd	Consumer Cyclical	59.84	0.97	30.99	Mar25	15.51
Mahindra Manulife Multi Cap Dir Gr	INF174V01341	Aditya Vision Ltd	Consumer Cyclical	59.84	0.97	30.99	Apr25	12.51
Mahindra Manulife Multi Cap Dir Gr	INF174V01341	Aditya Vision Ltd	Consumer Cyclical	59.84	0.97	30.99	May25	11.15
Mahindra Manulife Multi Cap Dir Gr	INF174V01341	Aditya Vision Ltd	Consumer Cyclical	59.84	0.97	30.99	June25	10.18
Mahindra Manulife Multi Cap Dir Gr	INF174V01341	Aditya Vision Ltd	Consumer Cyclical	59.84	0.97	30.99	July25	9.19
Mahindra Manulife Multi Cap Dir Gr	INF174V01341	Aditya Vision Ltd	Consumer Cyclical	59.84	0.97	30.99	Aug25	8.13
Mahindra Manulife Multi Cap Dir Gr	INF174V01341	Jindal Saw Ltd	Basic Materials	59.23	0.96		Oct24	5.55
Mahindra Manulife Multi Cap Dir Gr	INF174V01341	Jindal Saw Ltd	Basic Materials	59.23	0.96		Nov24	7.52
Mahindra Manulife Multi Cap Dir Gr	INF174V01341	Jindal Saw Ltd	Basic Materials	59.23	0.96		Dec24	3.56
Mahindra Manulife Multi Cap Dir Gr	INF174V01341	Jindal Saw Ltd	Basic Materials	59.23	0.96		Jan25	5.32
Mahindra Manulife Multi Cap Dir Gr	INF174V01341	Jindal Saw Ltd	Basic Materials	59.23	0.96		Feb25	5.59
Mahindra Manulife Multi Cap Dir Gr	INF174V01341	Jindal Saw Ltd	Basic Materials	59.23	0.96		Mar25	15.51
Mahindra Manulife Multi Cap Dir Gr	INF174V01341	Jindal Saw Ltd	Basic Materials	59.23	0.96		Mar25	15.51
Mahindra Manulife Multi Cap Dir Gr	INF174V01341	Jindal Saw Ltd	Basic Materials	59.23	0.96		Apr25	12.51
Mahindra Manulife Multi Cap Dir Gr	INF174V01341	Jindal Saw Ltd	Basic Materials	59.23	0.96		May25	11.15
Mahindra Manulife Multi Cap Dir Gr	INF174V01341	Jindal Saw Ltd	Basic Materials	59.23	0.96		June25	10.18
Mahindra Manulife Multi Cap Dir Gr	INF174V01341	Jindal Saw Ltd	Basic Materials	59.23	0.96		July25	9.19
Mahindra Manulife Multi Cap Dir Gr	INF174V01341	Jindal Saw Ltd	Basic Materials	59.23	0.96		Aug25	8.13
Mahindra Manulife Multi Cap Dir Gr	INF174V01341	Eternal Ltd	Consumer Cyclical	59.11	0.96		Oct24	5.55
Mahindra Manulife Multi Cap Dir Gr	INF174V01341	Eternal Ltd	Consumer Cyclical	59.11	0.96		Nov24	7.52
Mahindra Manulife Multi Cap Dir Gr	INF174V01341	Eternal Ltd	Consumer Cyclical	59.11	0.96		Dec24	3.56
Mahindra Manulife Multi Cap Dir Gr	INF174V01341	Eternal Ltd	Consumer Cyclical	59.11	0.96		Jan25	5.32
Mahindra Manulife Multi Cap Dir Gr	INF174V01341	Eternal Ltd	Consumer Cyclical	59.11	0.96		Feb25	5.59
Mahindra Manulife Multi Cap Dir Gr	INF174V01341	Eternal Ltd	Consumer Cyclical	59.11	0.96		Mar25	15.51
Mahindra Manulife Multi Cap Dir Gr	INF174V01341	Eternal Ltd	Consumer Cyclical	59.11	0.96		Mar25	15.51
Mahindra Manulife Multi Cap Dir Gr	INF174V01341	Eternal Ltd	Consumer Cyclical	59.11	0.96		Apr25	12.51
Mahindra Manulife Multi Cap Dir Gr	INF174V01341	Eternal Ltd	Consumer Cyclical	59.11	0.96		May25	11.15
Mahindra Manulife Multi Cap Dir Gr	INF174V01341	Eternal Ltd	Consumer Cyclical	59.11	0.96		June25	10.18
Mahindra Manulife Multi Cap Dir Gr	INF174V01341	Eternal Ltd	Consumer Cyclical	59.11	0.96		July25	9.19
Mahindra Manulife Multi Cap Dir Gr	INF174V01341	Eternal Ltd	Consumer Cyclical	59.11	0.96		Aug25	8.13
Mahindra Manulife Multi Cap Dir Gr	INF174V01341	JK Cement Ltd	Basic Materials	58.59	0.95	0.00	Oct24	5.55
Mahindra Manulife Multi Cap Dir Gr	INF174V01341	JK Cement Ltd	Basic Materials	58.59	0.95	0.00	Nov24	7.52
Mahindra Manulife Multi Cap Dir Gr	INF174V01341	JK Cement Ltd	Basic Materials	58.59	0.95	0.00	Dec24	3.56
Mahindra Manulife Multi Cap Dir Gr	INF174V01341	JK Cement Ltd	Basic Materials	58.59	0.95	0.00	Jan25	5.32
Mahindra Manulife Multi Cap Dir Gr	INF174V01341	JK Cement Ltd	Basic Materials	58.59	0.95	0.00	Feb25	5.59
Mahindra Manulife Multi Cap Dir Gr	INF174V01341	JK Cement Ltd	Basic Materials	58.59	0.95	0.00	Mar25	15.51
Mahindra Manulife Multi Cap Dir Gr	INF174V01341	JK Cement Ltd	Basic Materials	58.59	0.95	0.00	Mar25	15.51
Mahindra Manulife Multi Cap Dir Gr	INF174V01341	JK Cement Ltd	Basic Materials	58.59	0.95	0.00	Apr25	12.51
Mahindra Manulife Multi Cap Dir Gr	INF174V01341	JK Cement Ltd	Basic Materials	58.59	0.95	0.00	May25	11.15
Mahindra Manulife Multi Cap Dir Gr	INF174V01341	JK Cement Ltd	Basic Materials	58.59	0.95	0.00	June25	10.18
Mahindra Manulife Multi Cap Dir Gr	INF174V01341	JK Cement Ltd	Basic Materials	58.59	0.95	0.00	July25	9.19
Mahindra Manulife Multi Cap Dir Gr	INF174V01341	JK Cement Ltd	Basic Materials	58.59	0.95	0.00	Aug25	8.13
Mahindra Manulife Multi Cap Dir Gr	INF174V01341	Astral Ltd	Industrials	58.38	0.95	0.00	Oct24	5.55
Mahindra Manulife Multi Cap Dir Gr	INF174V01341	Astral Ltd	Industrials	58.38	0.95	0.00	Nov24	7.52
Mahindra Manulife Multi Cap Dir Gr	INF174V01341	Astral Ltd	Industrials	58.38	0.95	0.00	Dec24	3.56
Mahindra Manulife Multi Cap Dir Gr	INF174V01341	Astral Ltd	Industrials	58.38	0.95	0.00	Jan25	5.32
Mahindra Manulife Multi Cap Dir Gr	INF174V01341	Astral Ltd	Industrials	58.38	0.95	0.00	Feb25	5.59
Mahindra Manulife Multi Cap Dir Gr	INF174V01341	Astral Ltd	Industrials	58.38	0.95	0.00	Mar25	15.51
Mahindra Manulife Multi Cap Dir Gr	INF174V01341	Astral Ltd	Industrials	58.38	0.95	0.00	Mar25	15.51
Mahindra Manulife Multi Cap Dir Gr	INF174V01341	Astral Ltd	Industrials	58.38	0.95	0.00	Apr25	12.51
Mahindra Manulife Multi Cap Dir Gr	INF174V01341	Astral Ltd	Industrials	58.38	0.95	0.00	May25	11.15
Mahindra Manulife Multi Cap Dir Gr	INF174V01341	Astral Ltd	Industrials	58.38	0.95	0.00	June25	10.18
Mahindra Manulife Multi Cap Dir Gr	INF174V01341	Astral Ltd	Industrials	58.38	0.95	0.00	July25	9.19
Mahindra Manulife Multi Cap Dir Gr	INF174V01341	Astral Ltd	Industrials	58.38	0.95	0.00	Aug25	8.13
Mahindra Manulife Multi Cap Dir Gr	INF174V01341	Oracle Financial Services Software Ltd	Technology	55.46	0.90	0.00	Oct24	5.55
Mahindra Manulife Multi Cap Dir Gr	INF174V01341	Oracle Financial Services Software Ltd	Technology	55.46	0.90	0.00	Nov24	7.52
Mahindra Manulife Multi Cap Dir Gr	INF174V01341	Oracle Financial Services Software Ltd	Technology	55.46	0.90	0.00	Dec24	3.56
Mahindra Manulife Multi Cap Dir Gr	INF174V01341	Oracle Financial Services Software Ltd	Technology	55.46	0.90	0.00	Jan25	5.32
Mahindra Manulife Multi Cap Dir Gr	INF174V01341	Oracle Financial Services Software Ltd	Technology	55.46	0.90	0.00	Feb25	5.59
Mahindra Manulife Multi Cap Dir Gr	INF174V01341	Oracle Financial Services Software Ltd	Technology	55.46	0.90	0.00	Mar25	15.51
Mahindra Manulife Multi Cap Dir Gr	INF174V01341	Oracle Financial Services Software Ltd	Technology	55.46	0.90	0.00	Mar25	15.51
Mahindra Manulife Multi Cap Dir Gr	INF174V01341	Oracle Financial Services Software Ltd	Technology	55.46	0.90	0.00	Apr25	12.51
Mahindra Manulife Multi Cap Dir Gr	INF174V01341	Oracle Financial Services Software Ltd	Technology	55.46	0.90	0.00	May25	11.15
Mahindra Manulife Multi Cap Dir Gr	INF174V01341	Oracle Financial Services Software Ltd	Technology	55.46	0.90	0.00	June25	10.18
Mahindra Manulife Multi Cap Dir Gr	INF174V01341	Oracle Financial Services Software Ltd	Technology	55.46	0.90	0.00	July25	9.19
Mahindra Manulife Multi Cap Dir Gr	INF174V01341	Oracle Financial Services Software Ltd	Technology	55.46	0.90	0.00	Aug25	8.13
Mahindra Manulife Multi Cap Dir Gr	INF174V01341	Bharti Airtel Ltd	Communication Services	55.44	0.90	0.00	Oct24	5.55
Mahindra Manulife Multi Cap Dir Gr	INF174V01341	Bharti Airtel Ltd	Communication Services	55.44	0.90	0.00	Nov24	7.52
Mahindra Manulife Multi Cap Dir Gr	INF174V01341	Bharti Airtel Ltd	Communication Services	55.44	0.90	0.00	Dec24	3.56
Mahindra Manulife Multi Cap Dir Gr	INF174V01341	Bharti Airtel Ltd	Communication Services	55.44	0.90	0.00	Jan25	5.32
Mahindra Manulife Multi Cap Dir Gr	INF174V01341	Bharti Airtel Ltd	Communication Services	55.44	0.90	0.00	Feb25	5.59
Mahindra Manulife Multi Cap Dir Gr	INF174V01341	Bharti Airtel Ltd	Communication Services	55.44	0.90	0.00	Mar25	15.51
Mahindra Manulife Multi Cap Dir Gr	INF174V01341	Bharti Airtel Ltd	Communication Services	55.44	0.90	0.00	Mar25	15.51
Mahindra Manulife Multi Cap Dir Gr	INF174V01341	Bharti Airtel Ltd	Communication Services	55.44	0.90	0.00	Apr25	12.51
Mahindra Manulife Multi Cap Dir Gr	INF174V01341	Bharti Airtel Ltd	Communication Services	55.44	0.90	0.00	May25	11.15
Mahindra Manulife Multi Cap Dir Gr	INF174V01341	Bharti Airtel Ltd	Communication Services	55.44	0.90	0.00	June25	10.18
Mahindra Manulife Multi Cap Dir Gr	INF174V01341	Bharti Airtel Ltd	Communication Services	55.44	0.90	0.00	July25	9.19
Mahindra Manulife Multi Cap Dir Gr	INF174V01341	Bharti Airtel Ltd	Communication Services	55.44	0.90	0.00	Aug25	8.13
Mahindra Manulife Multi Cap Dir Gr	INF174V01341	Cholamandalam Financial Holdings Ltd	Financial Services	53.94	0.87	0.00	Oct24	5.55
Mahindra Manulife Multi Cap Dir Gr	INF174V01341	Cholamandalam Financial Holdings Ltd	Financial Services	53.94	0.87	0.00	Nov24	7.52
Mahindra Manulife Multi Cap Dir Gr	INF174V01341	Cholamandalam Financial Holdings Ltd	Financial Services	53.94	0.87	0.00	Dec24	3.56
Mahindra Manulife Multi Cap Dir Gr	INF174V01341	Cholamandalam Financial Holdings Ltd	Financial Services	53.94	0.87	0.00	Jan25	5.32
Mahindra Manulife Multi Cap Dir Gr	INF174V01341	Cholamandalam Financial Holdings Ltd	Financial Services	53.94	0.87	0.00	Feb25	5.59
Mahindra Manulife Multi Cap Dir Gr	INF174V01341	Cholamandalam Financial Holdings Ltd	Financial Services	53.94	0.87	0.00	Mar25	15.51
Mahindra Manulife Multi Cap Dir Gr	INF174V01341	Cholamandalam Financial Holdings Ltd	Financial Services	53.94	0.87	0.00	Mar25	15.51
Mahindra Manulife Multi Cap Dir Gr	INF174V01341	Cholamandalam Financial Holdings Ltd	Financial Services	53.94	0.87	0.00	Apr25	12.51
Mahindra Manulife Multi Cap Dir Gr	INF174V01341	Cholamandalam Financial Holdings Ltd	Financial Services	53.94	0.87	0.00	May25	11.15
Mahindra Manulife Multi Cap Dir Gr	INF174V01341	Cholamandalam Financial Holdings Ltd	Financial Services	53.94	0.87	0.00	June25	10.18
Mahindra Manulife Multi Cap Dir Gr	INF174V01341	Cholamandalam Financial Holdings Ltd	Financial Services	53.94	0.87	0.00	July25	9.19
Mahindra Manulife Multi Cap Dir Gr	INF174V01341	Cholamandalam Financial Holdings Ltd	Financial Services	53.94	0.87	0.00	Aug25	8.13
Mahindra Manulife Multi Cap Dir Gr	INF174V01341	IDFC First Bank Ltd	Financial Services	53.16	0.86	-40.87	Oct24	5.55
Mahindra Manulife Multi Cap Dir Gr	INF174V01341	IDFC First Bank Ltd	Financial Services	53.16	0.86	-40.87	Nov24	7.52
Mahindra Manulife Multi Cap Dir Gr	INF174V01341	IDFC First Bank Ltd	Financial Services	53.16	0.86	-40.87	Dec24	3.56
Mahindra Manulife Multi Cap Dir Gr	INF174V01341	IDFC First Bank Ltd	Financial Services	53.16	0.86	-40.87	Jan25	5.32
Mahindra Manulife Multi Cap Dir Gr	INF174V01341	IDFC First Bank Ltd	Financial Services	53.16	0.86	-40.87	Feb25	5.59
Mahindra Manulife Multi Cap Dir Gr	INF174V01341	IDFC First Bank Ltd	Financial Services	53.16	0.86	-40.87	Mar25	15.51
Mahindra Manulife Multi Cap Dir Gr	INF174V01341	IDFC First Bank Ltd	Financial Services	53.16	0.86	-40.87	Mar25	15.51
Mahindra Manulife Multi Cap Dir Gr	INF174V01341	IDFC First Bank Ltd	Financial Services	53.16	0.86	-40.87	Apr25	12.51
Mahindra Manulife Multi Cap Dir Gr	INF174V01341	IDFC First Bank Ltd	Financial Services	53.16	0.86	-40.87	May25	11.15
Mahindra Manulife Multi Cap Dir Gr	INF174V01341	IDFC First Bank Ltd	Financial Services	53.16	0.86	-40.87	June25	10.18
Mahindra Manulife Multi Cap Dir Gr	INF174V01341	IDFC First Bank Ltd	Financial Services	53.16	0.86	-40.87	July25	9.19
Mahindra Manulife Multi Cap Dir Gr	INF174V01341	IDFC First Bank Ltd	Financial Services	53.16	0.86	-40.87	Aug25	8.13
Mahindra Manulife Multi Cap Dir Gr	INF174V01341	Infosys Ltd	Technology	50.55	0.82	0.00	Oct24	5.55
Mahindra Manulife Multi Cap Dir Gr	INF174V01341	Infosys Ltd	Technology	50.55	0.82	0.00	Nov24	7.52
Mahindra Manulife Multi Cap Dir Gr	INF174V01341	Infosys Ltd	Technology	50.55	0.82	0.00	Dec24	3.56
Mahindra Manulife Multi Cap Dir Gr	INF174V01341	Infosys Ltd	Technology	50.55	0.82	0.00	Jan25	5.32
Mahindra Manulife Multi Cap Dir Gr	INF174V01341	Infosys Ltd	Technology	50.55	0.82	0.00	Feb25	5.59
Mahindra Manulife Multi Cap Dir Gr	INF174V01341	Infosys Ltd	Technology	50.55	0.82	0.00	Mar25	15.51
Mahindra Manulife Multi Cap Dir Gr	INF174V01341	Infosys Ltd	Technology	50.55	0.82	0.00	Mar25	15.51
Mahindra Manulife Multi Cap Dir Gr	INF174V01341	Infosys Ltd	Technology	50.55	0.82	0.00	Apr25	12.51
Mahindra Manulife Multi Cap Dir Gr	INF174V01341	Infosys Ltd	Technology	50.55	0.82	0.00	May25	11.15
Mahindra Manulife Multi Cap Dir Gr	INF174V01341	Infosys Ltd	Technology	50.55	0.82	0.00	June25	10.18
Mahindra Manulife Multi Cap Dir Gr	INF174V01341	Infosys Ltd	Technology	50.55	0.82	0.00	July25	9.19
Mahindra Manulife Multi Cap Dir Gr	INF174V01341	Infosys Ltd	Technology	50.55	0.82	0.00	Aug25	8.13
Mahindra Manulife Multi Cap Dir Gr	INF174V01341	Sagility Ltd	Healthcare	49.85	0.81	0.00	Oct24	5.55
Mahindra Manulife Multi Cap Dir Gr	INF174V01341	Sagility Ltd	Healthcare	49.85	0.81	0.00	Nov24	7.52
Mahindra Manulife Multi Cap Dir Gr	INF174V01341	Sagility Ltd	Healthcare	49.85	0.81	0.00	Dec24	3.56
Mahindra Manulife Multi Cap Dir Gr	INF174V01341	Sagility Ltd	Healthcare	49.85	0.81	0.00	Jan25	5.32
Mahindra Manulife Multi Cap Dir Gr	INF174V01341	Sagility Ltd	Healthcare	49.85	0.81	0.00	Feb25	5.59
Mahindra Manulife Multi Cap Dir Gr	INF174V01341	Sagility Ltd	Healthcare	49.85	0.81	0.00	Mar25	15.51
Mahindra Manulife Multi Cap Dir Gr	INF174V01341	Sagility Ltd	Healthcare	49.85	0.81	0.00	Mar25	15.51
Mahindra Manulife Multi Cap Dir Gr	INF174V01341	Sagility Ltd	Healthcare	49.85	0.81	0.00	Apr25	12.51
Mahindra Manulife Multi Cap Dir Gr	INF174V01341	Sagility Ltd	Healthcare	49.85	0.81	0.00	May25	11.15
Mahindra Manulife Multi Cap Dir Gr	INF174V01341	Sagility Ltd	Healthcare	49.85	0.81	0.00	June25	10.18
Mahindra Manulife Multi Cap Dir Gr	INF174V01341	Sagility Ltd	Healthcare	49.85	0.81	0.00	July25	9.19
Mahindra Manulife Multi Cap Dir Gr	INF174V01341	Sagility Ltd	Healthcare	49.85	0.81	0.00	Aug25	8.13
Mahindra Manulife Multi Cap Dir Gr	INF174V01341	CRISIL Ltd	Financial Services	49.16	0.80	0.00	Oct24	5.55
Mahindra Manulife Multi Cap Dir Gr	INF174V01341	CRISIL Ltd	Financial Services	49.16	0.80	0.00	Nov24	7.52
Mahindra Manulife Multi Cap Dir Gr	INF174V01341	CRISIL Ltd	Financial Services	49.16	0.80	0.00	Dec24	3.56
Mahindra Manulife Multi Cap Dir Gr	INF174V01341	CRISIL Ltd	Financial Services	49.16	0.80	0.00	Jan25	5.32
Mahindra Manulife Multi Cap Dir Gr	INF174V01341	CRISIL Ltd	Financial Services	49.16	0.80	0.00	Feb25	5.59
Mahindra Manulife Multi Cap Dir Gr	INF174V01341	CRISIL Ltd	Financial Services	49.16	0.80	0.00	Mar25	15.51
Mahindra Manulife Multi Cap Dir Gr	INF174V01341	CRISIL Ltd	Financial Services	49.16	0.80	0.00	Mar25	15.51
Mahindra Manulife Multi Cap Dir Gr	INF174V01341	CRISIL Ltd	Financial Services	49.16	0.80	0.00	Apr25	12.51
Mahindra Manulife Multi Cap Dir Gr	INF174V01341	CRISIL Ltd	Financial Services	49.16	0.80	0.00	May25	11.15
Mahindra Manulife Multi Cap Dir Gr	INF174V01341	CRISIL Ltd	Financial Services	49.16	0.80	0.00	June25	10.18
Mahindra Manulife Multi Cap Dir Gr	INF174V01341	CRISIL Ltd	Financial Services	49.16	0.80	0.00	July25	9.19
Mahindra Manulife Multi Cap Dir Gr	INF174V01341	CRISIL Ltd	Financial Services	49.16	0.80	0.00	Aug25	8.13
Mahindra Manulife Multi Cap Dir Gr	INF174V01341	Union Bank of India	Financial Services	48.54	0.79	33.33	Oct24	5.55
Mahindra Manulife Multi Cap Dir Gr	INF174V01341	Union Bank of India	Financial Services	48.54	0.79	33.33	Nov24	7.52
Mahindra Manulife Multi Cap Dir Gr	INF174V01341	Union Bank of India	Financial Services	48.54	0.79	33.33	Dec24	3.56
Mahindra Manulife Multi Cap Dir Gr	INF174V01341	Union Bank of India	Financial Services	48.54	0.79	33.33	Jan25	5.32
Mahindra Manulife Multi Cap Dir Gr	INF174V01341	Union Bank of India	Financial Services	48.54	0.79	33.33	Feb25	5.59
Mahindra Manulife Multi Cap Dir Gr	INF174V01341	Union Bank of India	Financial Services	48.54	0.79	33.33	Mar25	15.51
Mahindra Manulife Multi Cap Dir Gr	INF174V01341	Union Bank of India	Financial Services	48.54	0.79	33.33	Mar25	15.51
Mahindra Manulife Multi Cap Dir Gr	INF174V01341	Union Bank of India	Financial Services	48.54	0.79	33.33	Apr25	12.51
Mahindra Manulife Multi Cap Dir Gr	INF174V01341	Union Bank of India	Financial Services	48.54	0.79	33.33	May25	11.15
Mahindra Manulife Multi Cap Dir Gr	INF174V01341	Union Bank of India	Financial Services	48.54	0.79	33.33	June25	10.18
Mahindra Manulife Multi Cap Dir Gr	INF174V01341	Union Bank of India	Financial Services	48.54	0.79	33.33	July25	9.19
Mahindra Manulife Multi Cap Dir Gr	INF174V01341	Union Bank of India	Financial Services	48.54	0.79	33.33	Aug25	8.13
Mahindra Manulife Multi Cap Dir Gr	INF174V01341	Bajaj Finance Ltd	Financial Services	42.33	0.69	0.00	Oct24	5.55
Mahindra Manulife Multi Cap Dir Gr	INF174V01341	Bajaj Finance Ltd	Financial Services	42.33	0.69	0.00	Nov24	7.52
Mahindra Manulife Multi Cap Dir Gr	INF174V01341	Bajaj Finance Ltd	Financial Services	42.33	0.69	0.00	Dec24	3.56
Mahindra Manulife Multi Cap Dir Gr	INF174V01341	Bajaj Finance Ltd	Financial Services	42.33	0.69	0.00	Jan25	5.32
Mahindra Manulife Multi Cap Dir Gr	INF174V01341	Bajaj Finance Ltd	Financial Services	42.33	0.69	0.00	Feb25	5.59
Mahindra Manulife Multi Cap Dir Gr	INF174V01341	Bajaj Finance Ltd	Financial Services	42.33	0.69	0.00	Mar25	15.51
Mahindra Manulife Multi Cap Dir Gr	INF174V01341	Bajaj Finance Ltd	Financial Services	42.33	0.69	0.00	Mar25	15.51
Mahindra Manulife Multi Cap Dir Gr	INF174V01341	Bajaj Finance Ltd	Financial Services	42.33	0.69	0.00	Apr25	12.51
Mahindra Manulife Multi Cap Dir Gr	INF174V01341	Bajaj Finance Ltd	Financial Services	42.33	0.69	0.00	May25	11.15
Mahindra Manulife Multi Cap Dir Gr	INF174V01341	Bajaj Finance Ltd	Financial Services	42.33	0.69	0.00	June25	10.18
Mahindra Manulife Multi Cap Dir Gr	INF174V01341	Bajaj Finance Ltd	Financial Services	42.33	0.69	0.00	July25	9.19
Mahindra Manulife Multi Cap Dir Gr	INF174V01341	Bajaj Finance Ltd	Financial Services	42.33	0.69	0.00	Aug25	8.13
Mahindra Manulife Multi Cap Dir Gr	INF174V01341	Gokaldas Exports Ltd	Consumer Cyclical	41.35	0.67	0.00	Oct24	5.55
Mahindra Manulife Multi Cap Dir Gr	INF174V01341	Gokaldas Exports Ltd	Consumer Cyclical	41.35	0.67	0.00	Nov24	7.52
Mahindra Manulife Multi Cap Dir Gr	INF174V01341	Gokaldas Exports Ltd	Consumer Cyclical	41.35	0.67	0.00	Dec24	3.56
Mahindra Manulife Multi Cap Dir Gr	INF174V01341	Gokaldas Exports Ltd	Consumer Cyclical	41.35	0.67	0.00	Jan25	5.32
Mahindra Manulife Multi Cap Dir Gr	INF174V01341	Gokaldas Exports Ltd	Consumer Cyclical	41.35	0.67	0.00	Feb25	5.59
Mahindra Manulife Multi Cap Dir Gr	INF174V01341	Gokaldas Exports Ltd	Consumer Cyclical	41.35	0.67	0.00	Mar25	15.51
Mahindra Manulife Multi Cap Dir Gr	INF174V01341	Gokaldas Exports Ltd	Consumer Cyclical	41.35	0.67	0.00	Mar25	15.51
Mahindra Manulife Multi Cap Dir Gr	INF174V01341	Gokaldas Exports Ltd	Consumer Cyclical	41.35	0.67	0.00	Apr25	12.51
Mahindra Manulife Multi Cap Dir Gr	INF174V01341	Gokaldas Exports Ltd	Consumer Cyclical	41.35	0.67	0.00	May25	11.15
Mahindra Manulife Multi Cap Dir Gr	INF174V01341	Gokaldas Exports Ltd	Consumer Cyclical	41.35	0.67	0.00	June25	10.18
Mahindra Manulife Multi Cap Dir Gr	INF174V01341	Gokaldas Exports Ltd	Consumer Cyclical	41.35	0.67	0.00	July25	9.19
Mahindra Manulife Multi Cap Dir Gr	INF174V01341	Gokaldas Exports Ltd	Consumer Cyclical	41.35	0.67	0.00	Aug25	8.13
Mahindra Manulife Multi Cap Dir Gr	INF174V01341	CreditAccess Grameen Ltd Ordinary Shares	Financial Services	40.47	0.66	0.00	Oct24	5.55
Mahindra Manulife Multi Cap Dir Gr	INF174V01341	CreditAccess Grameen Ltd Ordinary Shares	Financial Services	40.47	0.66	0.00	Nov24	7.52
Mahindra Manulife Multi Cap Dir Gr	INF174V01341	CreditAccess Grameen Ltd Ordinary Shares	Financial Services	40.47	0.66	0.00	Dec24	3.56
Mahindra Manulife Multi Cap Dir Gr	INF174V01341	CreditAccess Grameen Ltd Ordinary Shares	Financial Services	40.47	0.66	0.00	Jan25	5.32
Mahindra Manulife Multi Cap Dir Gr	INF174V01341	CreditAccess Grameen Ltd Ordinary Shares	Financial Services	40.47	0.66	0.00	Feb25	5.59
Mahindra Manulife Multi Cap Dir Gr	INF174V01341	CreditAccess Grameen Ltd Ordinary Shares	Financial Services	40.47	0.66	0.00	Mar25	15.51
Mahindra Manulife Multi Cap Dir Gr	INF174V01341	CreditAccess Grameen Ltd Ordinary Shares	Financial Services	40.47	0.66	0.00	Mar25	15.51
Mahindra Manulife Multi Cap Dir Gr	INF174V01341	CreditAccess Grameen Ltd Ordinary Shares	Financial Services	40.47	0.66	0.00	Apr25	12.51
Mahindra Manulife Multi Cap Dir Gr	INF174V01341	CreditAccess Grameen Ltd Ordinary Shares	Financial Services	40.47	0.66	0.00	May25	11.15
Mahindra Manulife Multi Cap Dir Gr	INF174V01341	CreditAccess Grameen Ltd Ordinary Shares	Financial Services	40.47	0.66	0.00	June25	10.18
Mahindra Manulife Multi Cap Dir Gr	INF174V01341	CreditAccess Grameen Ltd Ordinary Shares	Financial Services	40.47	0.66	0.00	July25	9.19
Mahindra Manulife Multi Cap Dir Gr	INF174V01341	CreditAccess Grameen Ltd Ordinary Shares	Financial Services	40.47	0.66	0.00	Aug25	8.13
Mahindra Manulife Multi Cap Dir Gr	INF174V01341	ICICI Prudential Life Insurance Co Ltd	Financial Services	39.27	0.64	0.00	Oct24	5.55
Mahindra Manulife Multi Cap Dir Gr	INF174V01341	ICICI Prudential Life Insurance Co Ltd	Financial Services	39.27	0.64	0.00	Nov24	7.52
Mahindra Manulife Multi Cap Dir Gr	INF174V01341	ICICI Prudential Life Insurance Co Ltd	Financial Services	39.27	0.64	0.00	Dec24	3.56
Mahindra Manulife Multi Cap Dir Gr	INF174V01341	ICICI Prudential Life Insurance Co Ltd	Financial Services	39.27	0.64	0.00	Jan25	5.32
Mahindra Manulife Multi Cap Dir Gr	INF174V01341	ICICI Prudential Life Insurance Co Ltd	Financial Services	39.27	0.64	0.00	Feb25	5.59
Mahindra Manulife Multi Cap Dir Gr	INF174V01341	ICICI Prudential Life Insurance Co Ltd	Financial Services	39.27	0.64	0.00	Mar25	15.51
Mahindra Manulife Multi Cap Dir Gr	INF174V01341	ICICI Prudential Life Insurance Co Ltd	Financial Services	39.27	0.64	0.00	Mar25	15.51
Mahindra Manulife Multi Cap Dir Gr	INF174V01341	ICICI Prudential Life Insurance Co Ltd	Financial Services	39.27	0.64	0.00	Apr25	12.51
Mahindra Manulife Multi Cap Dir Gr	INF174V01341	ICICI Prudential Life Insurance Co Ltd	Financial Services	39.27	0.64	0.00	May25	11.15
Mahindra Manulife Multi Cap Dir Gr	INF174V01341	ICICI Prudential Life Insurance Co Ltd	Financial Services	39.27	0.64	0.00	June25	10.18
Mahindra Manulife Multi Cap Dir Gr	INF174V01341	ICICI Prudential Life Insurance Co Ltd	Financial Services	39.27	0.64	0.00	July25	9.19
Mahindra Manulife Multi Cap Dir Gr	INF174V01341	ICICI Prudential Life Insurance Co Ltd	Financial Services	39.27	0.64	0.00	Aug25	8.13
Mahindra Manulife Multi Cap Dir Gr	INF174V01341	Tega Industries Ltd	Industrials	36.46	0.59	0.00	Oct24	5.55
Mahindra Manulife Multi Cap Dir Gr	INF174V01341	Tega Industries Ltd	Industrials	36.46	0.59	0.00	Nov24	7.52
Mahindra Manulife Multi Cap Dir Gr	INF174V01341	Tega Industries Ltd	Industrials	36.46	0.59	0.00	Dec24	3.56
Mahindra Manulife Multi Cap Dir Gr	INF174V01341	Tega Industries Ltd	Industrials	36.46	0.59	0.00	Jan25	5.32
Mahindra Manulife Multi Cap Dir Gr	INF174V01341	Tega Industries Ltd	Industrials	36.46	0.59	0.00	Feb25	5.59
Mahindra Manulife Multi Cap Dir Gr	INF174V01341	Tega Industries Ltd	Industrials	36.46	0.59	0.00	Mar25	15.51
Mahindra Manulife Multi Cap Dir Gr	INF174V01341	Tega Industries Ltd	Industrials	36.46	0.59	0.00	Mar25	15.51
Mahindra Manulife Multi Cap Dir Gr	INF174V01341	Tega Industries Ltd	Industrials	36.46	0.59	0.00	Apr25	12.51
Mahindra Manulife Multi Cap Dir Gr	INF174V01341	Tega Industries Ltd	Industrials	36.46	0.59	0.00	May25	11.15
Mahindra Manulife Multi Cap Dir Gr	INF174V01341	Tega Industries Ltd	Industrials	36.46	0.59	0.00	June25	10.18
Mahindra Manulife Multi Cap Dir Gr	INF174V01341	Tega Industries Ltd	Industrials	36.46	0.59	0.00	July25	9.19
Mahindra Manulife Multi Cap Dir Gr	INF174V01341	Tega Industries Ltd	Industrials	36.46	0.59	0.00	Aug25	8.13
Mahindra Manulife Multi Cap Dir Gr	INF174V01341	Arvind Fashions Ltd	Consumer Cyclical	35.68	0.58	0.00	Oct24	5.55
Mahindra Manulife Multi Cap Dir Gr	INF174V01341	Arvind Fashions Ltd	Consumer Cyclical	35.68	0.58	0.00	Nov24	7.52
Mahindra Manulife Multi Cap Dir Gr	INF174V01341	Arvind Fashions Ltd	Consumer Cyclical	35.68	0.58	0.00	Dec24	3.56
Mahindra Manulife Multi Cap Dir Gr	INF174V01341	Arvind Fashions Ltd	Consumer Cyclical	35.68	0.58	0.00	Jan25	5.32
Mahindra Manulife Multi Cap Dir Gr	INF174V01341	Arvind Fashions Ltd	Consumer Cyclical	35.68	0.58	0.00	Feb25	5.59
Mahindra Manulife Multi Cap Dir Gr	INF174V01341	Arvind Fashions Ltd	Consumer Cyclical	35.68	0.58	0.00	Mar25	15.51
Mahindra Manulife Multi Cap Dir Gr	INF174V01341	Arvind Fashions Ltd	Consumer Cyclical	35.68	0.58	0.00	Mar25	15.51
Mahindra Manulife Multi Cap Dir Gr	INF174V01341	Arvind Fashions Ltd	Consumer Cyclical	35.68	0.58	0.00	Apr25	12.51
Mahindra Manulife Multi Cap Dir Gr	INF174V01341	Arvind Fashions Ltd	Consumer Cyclical	35.68	0.58	0.00	May25	11.15
Mahindra Manulife Multi Cap Dir Gr	INF174V01341	Arvind Fashions Ltd	Consumer Cyclical	35.68	0.58	0.00	June25	10.18
Mahindra Manulife Multi Cap Dir Gr	INF174V01341	Arvind Fashions Ltd	Consumer Cyclical	35.68	0.58	0.00	July25	9.19
Mahindra Manulife Multi Cap Dir Gr	INF174V01341	Arvind Fashions Ltd	Consumer Cyclical	35.68	0.58	0.00	Aug25	8.13
Mahindra Manulife Multi Cap Dir Gr	INF174V01341	National Aluminium Co Ltd	Basic Materials	35.46	0.57		Oct24	5.55
Mahindra Manulife Multi Cap Dir Gr	INF174V01341	National Aluminium Co Ltd	Basic Materials	35.46	0.57		Nov24	7.52
Mahindra Manulife Multi Cap Dir Gr	INF174V01341	National Aluminium Co Ltd	Basic Materials	35.46	0.57		Dec24	3.56
Mahindra Manulife Multi Cap Dir Gr	INF174V01341	National Aluminium Co Ltd	Basic Materials	35.46	0.57		Jan25	5.32
Mahindra Manulife Multi Cap Dir Gr	INF174V01341	National Aluminium Co Ltd	Basic Materials	35.46	0.57		Feb25	5.59
Mahindra Manulife Multi Cap Dir Gr	INF174V01341	National Aluminium Co Ltd	Basic Materials	35.46	0.57		Mar25	15.51
Mahindra Manulife Multi Cap Dir Gr	INF174V01341	National Aluminium Co Ltd	Basic Materials	35.46	0.57		Mar25	15.51
Mahindra Manulife Multi Cap Dir Gr	INF174V01341	National Aluminium Co Ltd	Basic Materials	35.46	0.57		Apr25	12.51
Mahindra Manulife Multi Cap Dir Gr	INF174V01341	National Aluminium Co Ltd	Basic Materials	35.46	0.57		May25	11.15
Mahindra Manulife Multi Cap Dir Gr	INF174V01341	National Aluminium Co Ltd	Basic Materials	35.46	0.57		June25	10.18
Mahindra Manulife Multi Cap Dir Gr	INF174V01341	National Aluminium Co Ltd	Basic Materials	35.46	0.57		July25	9.19
Mahindra Manulife Multi Cap Dir Gr	INF174V01341	National Aluminium Co Ltd	Basic Materials	35.46	0.57		Aug25	8.13
Mahindra Manulife Multi Cap Dir Gr	INF174V01341	Tata Steel Ltd	Basic Materials	31.85	0.52	0.00	Oct24	5.55
Mahindra Manulife Multi Cap Dir Gr	INF174V01341	Tata Steel Ltd	Basic Materials	31.85	0.52	0.00	Nov24	7.52
Mahindra Manulife Multi Cap Dir Gr	INF174V01341	Tata Steel Ltd	Basic Materials	31.85	0.52	0.00	Dec24	3.56
Mahindra Manulife Multi Cap Dir Gr	INF174V01341	Tata Steel Ltd	Basic Materials	31.85	0.52	0.00	Jan25	5.32
Mahindra Manulife Multi Cap Dir Gr	INF174V01341	Tata Steel Ltd	Basic Materials	31.85	0.52	0.00	Feb25	5.59
Mahindra Manulife Multi Cap Dir Gr	INF174V01341	Tata Steel Ltd	Basic Materials	31.85	0.52	0.00	Mar25	15.51
Mahindra Manulife Multi Cap Dir Gr	INF174V01341	Tata Steel Ltd	Basic Materials	31.85	0.52	0.00	Mar25	15.51
Mahindra Manulife Multi Cap Dir Gr	INF174V01341	Tata Steel Ltd	Basic Materials	31.85	0.52	0.00	Apr25	12.51
Mahindra Manulife Multi Cap Dir Gr	INF174V01341	Tata Steel Ltd	Basic Materials	31.85	0.52	0.00	May25	11.15
Mahindra Manulife Multi Cap Dir Gr	INF174V01341	Tata Steel Ltd	Basic Materials	31.85	0.52	0.00	June25	10.18
Mahindra Manulife Multi Cap Dir Gr	INF174V01341	Tata Steel Ltd	Basic Materials	31.85	0.52	0.00	July25	9.19
Mahindra Manulife Multi Cap Dir Gr	INF174V01341	Tata Steel Ltd	Basic Materials	31.85	0.52	0.00	Aug25	8.13
Mahindra Manulife Multi Cap Dir Gr	INF174V01341	Nitin Spinners Ltd	Consumer Cyclical	29.68	0.48	0.00	Oct24	5.55
Mahindra Manulife Multi Cap Dir Gr	INF174V01341	Nitin Spinners Ltd	Consumer Cyclical	29.68	0.48	0.00	Nov24	7.52
Mahindra Manulife Multi Cap Dir Gr	INF174V01341	Nitin Spinners Ltd	Consumer Cyclical	29.68	0.48	0.00	Dec24	3.56
Mahindra Manulife Multi Cap Dir Gr	INF174V01341	Nitin Spinners Ltd	Consumer Cyclical	29.68	0.48	0.00	Jan25	5.32
Mahindra Manulife Multi Cap Dir Gr	INF174V01341	Nitin Spinners Ltd	Consumer Cyclical	29.68	0.48	0.00	Feb25	5.59
Mahindra Manulife Multi Cap Dir Gr	INF174V01341	Nitin Spinners Ltd	Consumer Cyclical	29.68	0.48	0.00	Mar25	15.51
Mahindra Manulife Multi Cap Dir Gr	INF174V01341	Nitin Spinners Ltd	Consumer Cyclical	29.68	0.48	0.00	Mar25	15.51
Mahindra Manulife Multi Cap Dir Gr	INF174V01341	Nitin Spinners Ltd	Consumer Cyclical	29.68	0.48	0.00	Apr25	12.51
Mahindra Manulife Multi Cap Dir Gr	INF174V01341	Nitin Spinners Ltd	Consumer Cyclical	29.68	0.48	0.00	May25	11.15
Mahindra Manulife Multi Cap Dir Gr	INF174V01341	Nitin Spinners Ltd	Consumer Cyclical	29.68	0.48	0.00	June25	10.18
Mahindra Manulife Multi Cap Dir Gr	INF174V01341	Nitin Spinners Ltd	Consumer Cyclical	29.68	0.48	0.00	July25	9.19
Mahindra Manulife Multi Cap Dir Gr	INF174V01341	Nitin Spinners Ltd	Consumer Cyclical	29.68	0.48	0.00	Aug25	8.13
Mahindra Manulife Multi Cap Dir Gr	INF174V01341	Navin Fluorine International Ltd	Basic Materials	27.53	0.45	0.00	Oct24	5.55
Mahindra Manulife Multi Cap Dir Gr	INF174V01341	Navin Fluorine International Ltd	Basic Materials	27.53	0.45	0.00	Nov24	7.52
Mahindra Manulife Multi Cap Dir Gr	INF174V01341	Navin Fluorine International Ltd	Basic Materials	27.53	0.45	0.00	Dec24	3.56
Mahindra Manulife Multi Cap Dir Gr	INF174V01341	Navin Fluorine International Ltd	Basic Materials	27.53	0.45	0.00	Jan25	5.32
Mahindra Manulife Multi Cap Dir Gr	INF174V01341	Navin Fluorine International Ltd	Basic Materials	27.53	0.45	0.00	Feb25	5.59
Mahindra Manulife Multi Cap Dir Gr	INF174V01341	Navin Fluorine International Ltd	Basic Materials	27.53	0.45	0.00	Mar25	15.51
Mahindra Manulife Multi Cap Dir Gr	INF174V01341	Navin Fluorine International Ltd	Basic Materials	27.53	0.45	0.00	Mar25	15.51
Mahindra Manulife Multi Cap Dir Gr	INF174V01341	Navin Fluorine International Ltd	Basic Materials	27.53	0.45	0.00	Apr25	12.51
Mahindra Manulife Multi Cap Dir Gr	INF174V01341	Navin Fluorine International Ltd	Basic Materials	27.53	0.45	0.00	May25	11.15
Mahindra Manulife Multi Cap Dir Gr	INF174V01341	Navin Fluorine International Ltd	Basic Materials	27.53	0.45	0.00	June25	10.18
Mahindra Manulife Multi Cap Dir Gr	INF174V01341	Navin Fluorine International Ltd	Basic Materials	27.53	0.45	0.00	July25	9.19
Mahindra Manulife Multi Cap Dir Gr	INF174V01341	Navin Fluorine International Ltd	Basic Materials	27.53	0.45	0.00	Aug25	8.13
Mahindra Manulife Multi Cap Dir Gr	INF174V01341	Tech Mahindra Ltd	Technology	27.16	0.44	0.00	Oct24	5.55
Mahindra Manulife Multi Cap Dir Gr	INF174V01341	Tech Mahindra Ltd	Technology	27.16	0.44	0.00	Nov24	7.52
Mahindra Manulife Multi Cap Dir Gr	INF174V01341	Tech Mahindra Ltd	Technology	27.16	0.44	0.00	Dec24	3.56
Mahindra Manulife Multi Cap Dir Gr	INF174V01341	Tech Mahindra Ltd	Technology	27.16	0.44	0.00	Jan25	5.32
Mahindra Manulife Multi Cap Dir Gr	INF174V01341	Tech Mahindra Ltd	Technology	27.16	0.44	0.00	Feb25	5.59
Mahindra Manulife Multi Cap Dir Gr	INF174V01341	Tech Mahindra Ltd	Technology	27.16	0.44	0.00	Mar25	15.51
Mahindra Manulife Multi Cap Dir Gr	INF174V01341	Tech Mahindra Ltd	Technology	27.16	0.44	0.00	Mar25	15.51
Mahindra Manulife Multi Cap Dir Gr	INF174V01341	Tech Mahindra Ltd	Technology	27.16	0.44	0.00	Apr25	12.51
Mahindra Manulife Multi Cap Dir Gr	INF174V01341	Tech Mahindra Ltd	Technology	27.16	0.44	0.00	May25	11.15
Mahindra Manulife Multi Cap Dir Gr	INF174V01341	Tech Mahindra Ltd	Technology	27.16	0.44	0.00	June25	10.18
Mahindra Manulife Multi Cap Dir Gr	INF174V01341	Tech Mahindra Ltd	Technology	27.16	0.44	0.00	July25	9.19
Mahindra Manulife Multi Cap Dir Gr	INF174V01341	Tech Mahindra Ltd	Technology	27.16	0.44	0.00	Aug25	8.13
Mahindra Manulife Multi Cap Dir Gr	INF174V01341	Stylam Industries Ltd	Consumer Cyclical	25.91	0.42	-15.33	Oct24	5.55
Mahindra Manulife Multi Cap Dir Gr	INF174V01341	Stylam Industries Ltd	Consumer Cyclical	25.91	0.42	-15.33	Nov24	7.52
Mahindra Manulife Multi Cap Dir Gr	INF174V01341	Stylam Industries Ltd	Consumer Cyclical	25.91	0.42	-15.33	Dec24	3.56
Mahindra Manulife Multi Cap Dir Gr	INF174V01341	Stylam Industries Ltd	Consumer Cyclical	25.91	0.42	-15.33	Jan25	5.32
Mahindra Manulife Multi Cap Dir Gr	INF174V01341	Stylam Industries Ltd	Consumer Cyclical	25.91	0.42	-15.33	Feb25	5.59
Mahindra Manulife Multi Cap Dir Gr	INF174V01341	Stylam Industries Ltd	Consumer Cyclical	25.91	0.42	-15.33	Mar25	15.51
Mahindra Manulife Multi Cap Dir Gr	INF174V01341	Stylam Industries Ltd	Consumer Cyclical	25.91	0.42	-15.33	Mar25	15.51
Mahindra Manulife Multi Cap Dir Gr	INF174V01341	Stylam Industries Ltd	Consumer Cyclical	25.91	0.42	-15.33	Apr25	12.51
Mahindra Manulife Multi Cap Dir Gr	INF174V01341	Stylam Industries Ltd	Consumer Cyclical	25.91	0.42	-15.33	May25	11.15
Mahindra Manulife Multi Cap Dir Gr	INF174V01341	Stylam Industries Ltd	Consumer Cyclical	25.91	0.42	-15.33	June25	10.18
Mahindra Manulife Multi Cap Dir Gr	INF174V01341	Stylam Industries Ltd	Consumer Cyclical	25.91	0.42	-15.33	July25	9.19
Mahindra Manulife Multi Cap Dir Gr	INF174V01341	Stylam Industries Ltd	Consumer Cyclical	25.91	0.42	-15.33	Aug25	8.13
Mahindra Manulife Multi Cap Dir Gr	INF174V01341	DOMS Industries Ltd	Industrials	25.65	0.42	-0.34	Oct24	5.55
Mahindra Manulife Multi Cap Dir Gr	INF174V01341	DOMS Industries Ltd	Industrials	25.65	0.42	-0.34	Nov24	7.52
Mahindra Manulife Multi Cap Dir Gr	INF174V01341	DOMS Industries Ltd	Industrials	25.65	0.42	-0.34	Dec24	3.56
Mahindra Manulife Multi Cap Dir Gr	INF174V01341	DOMS Industries Ltd	Industrials	25.65	0.42	-0.34	Jan25	5.32
Mahindra Manulife Multi Cap Dir Gr	INF174V01341	DOMS Industries Ltd	Industrials	25.65	0.42	-0.34	Feb25	5.59
Mahindra Manulife Multi Cap Dir Gr	INF174V01341	DOMS Industries Ltd	Industrials	25.65	0.42	-0.34	Mar25	15.51
Mahindra Manulife Multi Cap Dir Gr	INF174V01341	DOMS Industries Ltd	Industrials	25.65	0.42	-0.34	Mar25	15.51
Mahindra Manulife Multi Cap Dir Gr	INF174V01341	DOMS Industries Ltd	Industrials	25.65	0.42	-0.34	Apr25	12.51
Mahindra Manulife Multi Cap Dir Gr	INF174V01341	DOMS Industries Ltd	Industrials	25.65	0.42	-0.34	May25	11.15
Mahindra Manulife Multi Cap Dir Gr	INF174V01341	DOMS Industries Ltd	Industrials	25.65	0.42	-0.34	June25	10.18
Mahindra Manulife Multi Cap Dir Gr	INF174V01341	DOMS Industries Ltd	Industrials	25.65	0.42	-0.34	July25	9.19
Mahindra Manulife Multi Cap Dir Gr	INF174V01341	DOMS Industries Ltd	Industrials	25.65	0.42	-0.34	Aug25	8.13
Mahindra Manulife Multi Cap Dir Gr	INF174V01341	JSW Steel Ltd	Basic Materials	24.90	0.40	0.00	Oct24	5.55
Mahindra Manulife Multi Cap Dir Gr	INF174V01341	JSW Steel Ltd	Basic Materials	24.90	0.40	0.00	Nov24	7.52
Mahindra Manulife Multi Cap Dir Gr	INF174V01341	JSW Steel Ltd	Basic Materials	24.90	0.40	0.00	Dec24	3.56
Mahindra Manulife Multi Cap Dir Gr	INF174V01341	JSW Steel Ltd	Basic Materials	24.90	0.40	0.00	Jan25	5.32
Mahindra Manulife Multi Cap Dir Gr	INF174V01341	JSW Steel Ltd	Basic Materials	24.90	0.40	0.00	Feb25	5.59
Mahindra Manulife Multi Cap Dir Gr	INF174V01341	JSW Steel Ltd	Basic Materials	24.90	0.40	0.00	Mar25	15.51
Mahindra Manulife Multi Cap Dir Gr	INF174V01341	JSW Steel Ltd	Basic Materials	24.90	0.40	0.00	Mar25	15.51
Mahindra Manulife Multi Cap Dir Gr	INF174V01341	JSW Steel Ltd	Basic Materials	24.90	0.40	0.00	Apr25	12.51
Mahindra Manulife Multi Cap Dir Gr	INF174V01341	JSW Steel Ltd	Basic Materials	24.90	0.40	0.00	May25	11.15
Mahindra Manulife Multi Cap Dir Gr	INF174V01341	JSW Steel Ltd	Basic Materials	24.90	0.40	0.00	June25	10.18
Mahindra Manulife Multi Cap Dir Gr	INF174V01341	JSW Steel Ltd	Basic Materials	24.90	0.40	0.00	July25	9.19
Mahindra Manulife Multi Cap Dir Gr	INF174V01341	JSW Steel Ltd	Basic Materials	24.90	0.40	0.00	Aug25	8.13
Mahindra Manulife Multi Cap Dir Gr	INF174V01341	Oswal Pumps Ltd	Industrials	23.26	0.38	0.00	Oct24	5.55
Mahindra Manulife Multi Cap Dir Gr	INF174V01341	Oswal Pumps Ltd	Industrials	23.26	0.38	0.00	Nov24	7.52
Mahindra Manulife Multi Cap Dir Gr	INF174V01341	Oswal Pumps Ltd	Industrials	23.26	0.38	0.00	Dec24	3.56
Mahindra Manulife Multi Cap Dir Gr	INF174V01341	Oswal Pumps Ltd	Industrials	23.26	0.38	0.00	Jan25	5.32
Mahindra Manulife Multi Cap Dir Gr	INF174V01341	Oswal Pumps Ltd	Industrials	23.26	0.38	0.00	Feb25	5.59
Mahindra Manulife Multi Cap Dir Gr	INF174V01341	Oswal Pumps Ltd	Industrials	23.26	0.38	0.00	Mar25	15.51
Mahindra Manulife Multi Cap Dir Gr	INF174V01341	Oswal Pumps Ltd	Industrials	23.26	0.38	0.00	Mar25	15.51
Mahindra Manulife Multi Cap Dir Gr	INF174V01341	Oswal Pumps Ltd	Industrials	23.26	0.38	0.00	Apr25	12.51
Mahindra Manulife Multi Cap Dir Gr	INF174V01341	Oswal Pumps Ltd	Industrials	23.26	0.38	0.00	May25	11.15
Mahindra Manulife Multi Cap Dir Gr	INF174V01341	Oswal Pumps Ltd	Industrials	23.26	0.38	0.00	June25	10.18
Mahindra Manulife Multi Cap Dir Gr	INF174V01341	Oswal Pumps Ltd	Industrials	23.26	0.38	0.00	July25	9.19
Mahindra Manulife Multi Cap Dir Gr	INF174V01341	Oswal Pumps Ltd	Industrials	23.26	0.38	0.00	Aug25	8.13
Mahindra Manulife Multi Cap Dir Gr	INF174V01341	Angel One Ltd Ordinary Shares	Financial Services	21.37	0.35	-69.50	Oct24	5.55
Mahindra Manulife Multi Cap Dir Gr	INF174V01341	Angel One Ltd Ordinary Shares	Financial Services	21.37	0.35	-69.50	Nov24	7.52
Mahindra Manulife Multi Cap Dir Gr	INF174V01341	Angel One Ltd Ordinary Shares	Financial Services	21.37	0.35	-69.50	Dec24	3.56
Mahindra Manulife Multi Cap Dir Gr	INF174V01341	Angel One Ltd Ordinary Shares	Financial Services	21.37	0.35	-69.50	Jan25	5.32
Mahindra Manulife Multi Cap Dir Gr	INF174V01341	Angel One Ltd Ordinary Shares	Financial Services	21.37	0.35	-69.50	Feb25	5.59
Mahindra Manulife Multi Cap Dir Gr	INF174V01341	Angel One Ltd Ordinary Shares	Financial Services	21.37	0.35	-69.50	Mar25	15.51
Mahindra Manulife Multi Cap Dir Gr	INF174V01341	Angel One Ltd Ordinary Shares	Financial Services	21.37	0.35	-69.50	Mar25	15.51
Mahindra Manulife Multi Cap Dir Gr	INF174V01341	Angel One Ltd Ordinary Shares	Financial Services	21.37	0.35	-69.50	Apr25	12.51
Mahindra Manulife Multi Cap Dir Gr	INF174V01341	Angel One Ltd Ordinary Shares	Financial Services	21.37	0.35	-69.50	May25	11.15
Mahindra Manulife Multi Cap Dir Gr	INF174V01341	Angel One Ltd Ordinary Shares	Financial Services	21.37	0.35	-69.50	June25	10.18
Mahindra Manulife Multi Cap Dir Gr	INF174V01341	Angel One Ltd Ordinary Shares	Financial Services	21.37	0.35	-69.50	July25	9.19
Mahindra Manulife Multi Cap Dir Gr	INF174V01341	Angel One Ltd Ordinary Shares	Financial Services	21.37	0.35	-69.50	Aug25	8.13
Mahindra Manulife Multi Cap Dir Gr	INF174V01341	SAMHI Hotels Ltd	Consumer Cyclical	13.91	0.23	-70.36	Oct24	5.55
Mahindra Manulife Multi Cap Dir Gr	INF174V01341	SAMHI Hotels Ltd	Consumer Cyclical	13.91	0.23	-70.36	Nov24	7.52
Mahindra Manulife Multi Cap Dir Gr	INF174V01341	SAMHI Hotels Ltd	Consumer Cyclical	13.91	0.23	-70.36	Dec24	3.56
Mahindra Manulife Multi Cap Dir Gr	INF174V01341	SAMHI Hotels Ltd	Consumer Cyclical	13.91	0.23	-70.36	Jan25	5.32
Mahindra Manulife Multi Cap Dir Gr	INF174V01341	SAMHI Hotels Ltd	Consumer Cyclical	13.91	0.23	-70.36	Feb25	5.59
Mahindra Manulife Multi Cap Dir Gr	INF174V01341	SAMHI Hotels Ltd	Consumer Cyclical	13.91	0.23	-70.36	Mar25	15.51
Mahindra Manulife Multi Cap Dir Gr	INF174V01341	SAMHI Hotels Ltd	Consumer Cyclical	13.91	0.23	-70.36	Mar25	15.51
Mahindra Manulife Multi Cap Dir Gr	INF174V01341	SAMHI Hotels Ltd	Consumer Cyclical	13.91	0.23	-70.36	Apr25	12.51
Mahindra Manulife Multi Cap Dir Gr	INF174V01341	SAMHI Hotels Ltd	Consumer Cyclical	13.91	0.23	-70.36	May25	11.15
Mahindra Manulife Multi Cap Dir Gr	INF174V01341	SAMHI Hotels Ltd	Consumer Cyclical	13.91	0.23	-70.36	June25	10.18
Mahindra Manulife Multi Cap Dir Gr	INF174V01341	SAMHI Hotels Ltd	Consumer Cyclical	13.91	0.23	-70.36	July25	9.19
Mahindra Manulife Multi Cap Dir Gr	INF174V01341	SAMHI Hotels Ltd	Consumer Cyclical	13.91	0.23	-70.36	Aug25	8.13
Mahindra Manulife Multi Cap Dir Gr	INF174V01341	Tilaknagar Industries Ltd	Consumer Defensive	10.64	0.17	0.00	Oct24	5.55
Mahindra Manulife Multi Cap Dir Gr	INF174V01341	Tilaknagar Industries Ltd	Consumer Defensive	10.64	0.17	0.00	Nov24	7.52
Mahindra Manulife Multi Cap Dir Gr	INF174V01341	Tilaknagar Industries Ltd	Consumer Defensive	10.64	0.17	0.00	Dec24	3.56
Mahindra Manulife Multi Cap Dir Gr	INF174V01341	Tilaknagar Industries Ltd	Consumer Defensive	10.64	0.17	0.00	Jan25	5.32
Mahindra Manulife Multi Cap Dir Gr	INF174V01341	Tilaknagar Industries Ltd	Consumer Defensive	10.64	0.17	0.00	Feb25	5.59
Mahindra Manulife Multi Cap Dir Gr	INF174V01341	Tilaknagar Industries Ltd	Consumer Defensive	10.64	0.17	0.00	Mar25	15.51
Mahindra Manulife Multi Cap Dir Gr	INF174V01341	Tilaknagar Industries Ltd	Consumer Defensive	10.64	0.17	0.00	Mar25	15.51
Mahindra Manulife Multi Cap Dir Gr	INF174V01341	Tilaknagar Industries Ltd	Consumer Defensive	10.64	0.17	0.00	Apr25	12.51
Mahindra Manulife Multi Cap Dir Gr	INF174V01341	Tilaknagar Industries Ltd	Consumer Defensive	10.64	0.17	0.00	May25	11.15
Mahindra Manulife Multi Cap Dir Gr	INF174V01341	Tilaknagar Industries Ltd	Consumer Defensive	10.64	0.17	0.00	June25	10.18
Mahindra Manulife Multi Cap Dir Gr	INF174V01341	Tilaknagar Industries Ltd	Consumer Defensive	10.64	0.17	0.00	July25	9.19
Mahindra Manulife Multi Cap Dir Gr	INF174V01341	Tilaknagar Industries Ltd	Consumer Defensive	10.64	0.17	0.00	Aug25	8.13
Mahindra Manulife Multi Cap Dir Gr	INF174V01341	Whirlpool of India Ltd		0.00	0.00	-100.00	Oct24	5.55
Mahindra Manulife Multi Cap Dir Gr	INF174V01341	Whirlpool of India Ltd		0.00	0.00	-100.00	Nov24	7.52
Mahindra Manulife Multi Cap Dir Gr	INF174V01341	Whirlpool of India Ltd		0.00	0.00	-100.00	Dec24	3.56
Mahindra Manulife Multi Cap Dir Gr	INF174V01341	Whirlpool of India Ltd		0.00	0.00	-100.00	Jan25	5.32
Mahindra Manulife Multi Cap Dir Gr	INF174V01341	Whirlpool of India Ltd		0.00	0.00	-100.00	Feb25	5.59
Mahindra Manulife Multi Cap Dir Gr	INF174V01341	Whirlpool of India Ltd		0.00	0.00	-100.00	Mar25	15.51
Mahindra Manulife Multi Cap Dir Gr	INF174V01341	Whirlpool of India Ltd		0.00	0.00	-100.00	Mar25	15.51
Mahindra Manulife Multi Cap Dir Gr	INF174V01341	Whirlpool of India Ltd		0.00	0.00	-100.00	Apr25	12.51
Mahindra Manulife Multi Cap Dir Gr	INF174V01341	Whirlpool of India Ltd		0.00	0.00	-100.00	May25	11.15
Mahindra Manulife Multi Cap Dir Gr	INF174V01341	Whirlpool of India Ltd		0.00	0.00	-100.00	June25	10.18
Mahindra Manulife Multi Cap Dir Gr	INF174V01341	Whirlpool of India Ltd		0.00	0.00	-100.00	July25	9.19
Mahindra Manulife Multi Cap Dir Gr	INF174V01341	Whirlpool of India Ltd		0.00	0.00	-100.00	Aug25	8.13
Mahindra Manulife Multi Cap Dir Gr	INF174V01341	Nippon Life India Asset Management Ltd Ordinary Shares		0.00	0.00	-100.00	Oct24	5.55
Mahindra Manulife Multi Cap Dir Gr	INF174V01341	Nippon Life India Asset Management Ltd Ordinary Shares		0.00	0.00	-100.00	Nov24	7.52
Mahindra Manulife Multi Cap Dir Gr	INF174V01341	Nippon Life India Asset Management Ltd Ordinary Shares		0.00	0.00	-100.00	Dec24	3.56
Mahindra Manulife Multi Cap Dir Gr	INF174V01341	Nippon Life India Asset Management Ltd Ordinary Shares		0.00	0.00	-100.00	Jan25	5.32
Mahindra Manulife Multi Cap Dir Gr	INF174V01341	Nippon Life India Asset Management Ltd Ordinary Shares		0.00	0.00	-100.00	Feb25	5.59
Mahindra Manulife Multi Cap Dir Gr	INF174V01341	Nippon Life India Asset Management Ltd Ordinary Shares		0.00	0.00	-100.00	Mar25	15.51
Mahindra Manulife Multi Cap Dir Gr	INF174V01341	Nippon Life India Asset Management Ltd Ordinary Shares		0.00	0.00	-100.00	Mar25	15.51
Mahindra Manulife Multi Cap Dir Gr	INF174V01341	Nippon Life India Asset Management Ltd Ordinary Shares		0.00	0.00	-100.00	Apr25	12.51
Mahindra Manulife Multi Cap Dir Gr	INF174V01341	Nippon Life India Asset Management Ltd Ordinary Shares		0.00	0.00	-100.00	May25	11.15
Mahindra Manulife Multi Cap Dir Gr	INF174V01341	Nippon Life India Asset Management Ltd Ordinary Shares		0.00	0.00	-100.00	June25	10.18
Mahindra Manulife Multi Cap Dir Gr	INF174V01341	Nippon Life India Asset Management Ltd Ordinary Shares		0.00	0.00	-100.00	July25	9.19
Mahindra Manulife Multi Cap Dir Gr	INF174V01341	Nippon Life India Asset Management Ltd Ordinary Shares		0.00	0.00	-100.00	Aug25	8.13
Mahindra Manulife Multi Cap Dir Gr	INF174V01341	ICICI Lombard General Insurance Co Ltd		0.00	0.00	-100.00	Oct24	5.55
Mahindra Manulife Multi Cap Dir Gr	INF174V01341	ICICI Lombard General Insurance Co Ltd		0.00	0.00	-100.00	Nov24	7.52
Mahindra Manulife Multi Cap Dir Gr	INF174V01341	ICICI Lombard General Insurance Co Ltd		0.00	0.00	-100.00	Dec24	3.56
Mahindra Manulife Multi Cap Dir Gr	INF174V01341	ICICI Lombard General Insurance Co Ltd		0.00	0.00	-100.00	Jan25	5.32
Mahindra Manulife Multi Cap Dir Gr	INF174V01341	ICICI Lombard General Insurance Co Ltd		0.00	0.00	-100.00	Feb25	5.59
Mahindra Manulife Multi Cap Dir Gr	INF174V01341	ICICI Lombard General Insurance Co Ltd		0.00	0.00	-100.00	Mar25	15.51
Mahindra Manulife Multi Cap Dir Gr	INF174V01341	ICICI Lombard General Insurance Co Ltd		0.00	0.00	-100.00	Mar25	15.51
Mahindra Manulife Multi Cap Dir Gr	INF174V01341	ICICI Lombard General Insurance Co Ltd		0.00	0.00	-100.00	Apr25	12.51
Mahindra Manulife Multi Cap Dir Gr	INF174V01341	ICICI Lombard General Insurance Co Ltd		0.00	0.00	-100.00	May25	11.15
Mahindra Manulife Multi Cap Dir Gr	INF174V01341	ICICI Lombard General Insurance Co Ltd		0.00	0.00	-100.00	June25	10.18
Mahindra Manulife Multi Cap Dir Gr	INF174V01341	ICICI Lombard General Insurance Co Ltd		0.00	0.00	-100.00	July25	9.19
Mahindra Manulife Multi Cap Dir Gr	INF174V01341	ICICI Lombard General Insurance Co Ltd		0.00	0.00	-100.00	Aug25	8.13
Mahindra Manulife Multi Cap Dir Gr	INF174V01341	Bank of Baroda		0.00	0.00	-100.00	Oct24	5.55
Mahindra Manulife Multi Cap Dir Gr	INF174V01341	Bank of Baroda		0.00	0.00	-100.00	Nov24	7.52
Mahindra Manulife Multi Cap Dir Gr	INF174V01341	Bank of Baroda		0.00	0.00	-100.00	Dec24	3.56
Mahindra Manulife Multi Cap Dir Gr	INF174V01341	Bank of Baroda		0.00	0.00	-100.00	Jan25	5.32
Mahindra Manulife Multi Cap Dir Gr	INF174V01341	Bank of Baroda		0.00	0.00	-100.00	Feb25	5.59
Mahindra Manulife Multi Cap Dir Gr	INF174V01341	Bank of Baroda		0.00	0.00	-100.00	Mar25	15.51
Mahindra Manulife Multi Cap Dir Gr	INF174V01341	Bank of Baroda		0.00	0.00	-100.00	Mar25	15.51
Mahindra Manulife Multi Cap Dir Gr	INF174V01341	Bank of Baroda		0.00	0.00	-100.00	Apr25	12.51
Mahindra Manulife Multi Cap Dir Gr	INF174V01341	Bank of Baroda		0.00	0.00	-100.00	May25	11.15
Mahindra Manulife Multi Cap Dir Gr	INF174V01341	Bank of Baroda		0.00	0.00	-100.00	June25	10.18
Mahindra Manulife Multi Cap Dir Gr	INF174V01341	Bank of Baroda		0.00	0.00	-100.00	July25	9.19
Mahindra Manulife Multi Cap Dir Gr	INF174V01341	Bank of Baroda		0.00	0.00	-100.00	Aug25	8.13
Mahindra Manulife Multi Cap Dir Gr	INF174V01341	Sri Lotus Developers And Realty Ltd		0.00	0.00	-100.00	Oct24	5.55
Mahindra Manulife Multi Cap Dir Gr	INF174V01341	Sri Lotus Developers And Realty Ltd		0.00	0.00	-100.00	Nov24	7.52
Mahindra Manulife Multi Cap Dir Gr	INF174V01341	Sri Lotus Developers And Realty Ltd		0.00	0.00	-100.00	Dec24	3.56
Mahindra Manulife Multi Cap Dir Gr	INF174V01341	Sri Lotus Developers And Realty Ltd		0.00	0.00	-100.00	Jan25	5.32
Mahindra Manulife Multi Cap Dir Gr	INF174V01341	Sri Lotus Developers And Realty Ltd		0.00	0.00	-100.00	Feb25	5.59
Mahindra Manulife Multi Cap Dir Gr	INF174V01341	Sri Lotus Developers And Realty Ltd		0.00	0.00	-100.00	Mar25	15.51
Mahindra Manulife Multi Cap Dir Gr	INF174V01341	Sri Lotus Developers And Realty Ltd		0.00	0.00	-100.00	Mar25	15.51
Mahindra Manulife Multi Cap Dir Gr	INF174V01341	Sri Lotus Developers And Realty Ltd		0.00	0.00	-100.00	Apr25	12.51
Mahindra Manulife Multi Cap Dir Gr	INF174V01341	Sri Lotus Developers And Realty Ltd		0.00	0.00	-100.00	May25	11.15
Mahindra Manulife Multi Cap Dir Gr	INF174V01341	Sri Lotus Developers And Realty Ltd		0.00	0.00	-100.00	June25	10.18
Mahindra Manulife Multi Cap Dir Gr	INF174V01341	Sri Lotus Developers And Realty Ltd		0.00	0.00	-100.00	July25	9.19
Mahindra Manulife Multi Cap Dir Gr	INF174V01341	Sri Lotus Developers And Realty Ltd		0.00	0.00	-100.00	Aug25	8.13
Mahindra Manulife Multi Cap Dir Gr	INF174V01341	Aurobindo Pharma Ltd		0.00	0.00	-100.00	Oct24	5.55
Mahindra Manulife Multi Cap Dir Gr	INF174V01341	Aurobindo Pharma Ltd		0.00	0.00	-100.00	Nov24	7.52
Mahindra Manulife Multi Cap Dir Gr	INF174V01341	Aurobindo Pharma Ltd		0.00	0.00	-100.00	Dec24	3.56
Mahindra Manulife Multi Cap Dir Gr	INF174V01341	Aurobindo Pharma Ltd		0.00	0.00	-100.00	Jan25	5.32
Mahindra Manulife Multi Cap Dir Gr	INF174V01341	Aurobindo Pharma Ltd		0.00	0.00	-100.00	Feb25	5.59
Mahindra Manulife Multi Cap Dir Gr	INF174V01341	Aurobindo Pharma Ltd		0.00	0.00	-100.00	Mar25	15.51
Mahindra Manulife Multi Cap Dir Gr	INF174V01341	Aurobindo Pharma Ltd		0.00	0.00	-100.00	Mar25	15.51
Mahindra Manulife Multi Cap Dir Gr	INF174V01341	Aurobindo Pharma Ltd		0.00	0.00	-100.00	Apr25	12.51
Mahindra Manulife Multi Cap Dir Gr	INF174V01341	Aurobindo Pharma Ltd		0.00	0.00	-100.00	May25	11.15
Mahindra Manulife Multi Cap Dir Gr	INF174V01341	Aurobindo Pharma Ltd		0.00	0.00	-100.00	June25	10.18
Mahindra Manulife Multi Cap Dir Gr	INF174V01341	Aurobindo Pharma Ltd		0.00	0.00	-100.00	July25	9.19
Mahindra Manulife Multi Cap Dir Gr	INF174V01341	Aurobindo Pharma Ltd		0.00	0.00	-100.00	Aug25	8.13
Mahindra Manulife Multi Cap Dir Gr	INF174V01341	Jamna Auto Industries Ltd		0.00	0.00	-100.00	Oct24	5.55
Mahindra Manulife Multi Cap Dir Gr	INF174V01341	Jamna Auto Industries Ltd		0.00	0.00	-100.00	Nov24	7.52
Mahindra Manulife Multi Cap Dir Gr	INF174V01341	Jamna Auto Industries Ltd		0.00	0.00	-100.00	Dec24	3.56
Mahindra Manulife Multi Cap Dir Gr	INF174V01341	Jamna Auto Industries Ltd		0.00	0.00	-100.00	Jan25	5.32
Mahindra Manulife Multi Cap Dir Gr	INF174V01341	Jamna Auto Industries Ltd		0.00	0.00	-100.00	Feb25	5.59
Mahindra Manulife Multi Cap Dir Gr	INF174V01341	Jamna Auto Industries Ltd		0.00	0.00	-100.00	Mar25	15.51
Mahindra Manulife Multi Cap Dir Gr	INF174V01341	Jamna Auto Industries Ltd		0.00	0.00	-100.00	Mar25	15.51
Mahindra Manulife Multi Cap Dir Gr	INF174V01341	Jamna Auto Industries Ltd		0.00	0.00	-100.00	Apr25	12.51
Mahindra Manulife Multi Cap Dir Gr	INF174V01341	Jamna Auto Industries Ltd		0.00	0.00	-100.00	May25	11.15
Mahindra Manulife Multi Cap Dir Gr	INF174V01341	Jamna Auto Industries Ltd		0.00	0.00	-100.00	June25	10.18
Mahindra Manulife Multi Cap Dir Gr	INF174V01341	Jamna Auto Industries Ltd		0.00	0.00	-100.00	July25	9.19
Mahindra Manulife Multi Cap Dir Gr	INF174V01341	Jamna Auto Industries Ltd		0.00	0.00	-100.00	Aug25	8.13
Mahindra Manulife Multi Cap Dir Gr	INF174V01341	Ashok Leyland Ltd		0.00	0.00	-100.00	Oct24	5.55
Mahindra Manulife Multi Cap Dir Gr	INF174V01341	Ashok Leyland Ltd		0.00	0.00	-100.00	Nov24	7.52
Mahindra Manulife Multi Cap Dir Gr	INF174V01341	Ashok Leyland Ltd		0.00	0.00	-100.00	Dec24	3.56
Mahindra Manulife Multi Cap Dir Gr	INF174V01341	Ashok Leyland Ltd		0.00	0.00	-100.00	Jan25	5.32
Mahindra Manulife Multi Cap Dir Gr	INF174V01341	Ashok Leyland Ltd		0.00	0.00	-100.00	Feb25	5.59
Mahindra Manulife Multi Cap Dir Gr	INF174V01341	Ashok Leyland Ltd		0.00	0.00	-100.00	Mar25	15.51
Mahindra Manulife Multi Cap Dir Gr	INF174V01341	Ashok Leyland Ltd		0.00	0.00	-100.00	Mar25	15.51
Mahindra Manulife Multi Cap Dir Gr	INF174V01341	Ashok Leyland Ltd		0.00	0.00	-100.00	Apr25	12.51
Mahindra Manulife Multi Cap Dir Gr	INF174V01341	Ashok Leyland Ltd		0.00	0.00	-100.00	May25	11.15
Mahindra Manulife Multi Cap Dir Gr	INF174V01341	Ashok Leyland Ltd		0.00	0.00	-100.00	June25	10.18
Mahindra Manulife Multi Cap Dir Gr	INF174V01341	Ashok Leyland Ltd		0.00	0.00	-100.00	July25	9.19
Mahindra Manulife Multi Cap Dir Gr	INF174V01341	Ashok Leyland Ltd		0.00	0.00	-100.00	Aug25	8.13
Mahindra Manulife Multi Cap Dir Gr	INF174V01341	Great Eastern Shipping Co Ltd		0.00	0.00	-100.00	Oct24	5.55
Mahindra Manulife Multi Cap Dir Gr	INF174V01341	Great Eastern Shipping Co Ltd		0.00	0.00	-100.00	Nov24	7.52
Mahindra Manulife Multi Cap Dir Gr	INF174V01341	Great Eastern Shipping Co Ltd		0.00	0.00	-100.00	Dec24	3.56
Mahindra Manulife Multi Cap Dir Gr	INF174V01341	Great Eastern Shipping Co Ltd		0.00	0.00	-100.00	Jan25	5.32
Mahindra Manulife Multi Cap Dir Gr	INF174V01341	Great Eastern Shipping Co Ltd		0.00	0.00	-100.00	Feb25	5.59
Mahindra Manulife Multi Cap Dir Gr	INF174V01341	Great Eastern Shipping Co Ltd		0.00	0.00	-100.00	Mar25	15.51
Mahindra Manulife Multi Cap Dir Gr	INF174V01341	Great Eastern Shipping Co Ltd		0.00	0.00	-100.00	Mar25	15.51
Mahindra Manulife Multi Cap Dir Gr	INF174V01341	Great Eastern Shipping Co Ltd		0.00	0.00	-100.00	Apr25	12.51
Mahindra Manulife Multi Cap Dir Gr	INF174V01341	Great Eastern Shipping Co Ltd		0.00	0.00	-100.00	May25	11.15
Mahindra Manulife Multi Cap Dir Gr	INF174V01341	Great Eastern Shipping Co Ltd		0.00	0.00	-100.00	June25	10.18
Mahindra Manulife Multi Cap Dir Gr	INF174V01341	Great Eastern Shipping Co Ltd		0.00	0.00	-100.00	July25	9.19
Mahindra Manulife Multi Cap Dir Gr	INF174V01341	Great Eastern Shipping Co Ltd		0.00	0.00	-100.00	Aug25	8.13
