schemeName	isin	stock_name	sector	market_value	weight	change_1m	period	weightage
Edelweiss Flexi Cap Dir Gr	INF843K01KK1	HDFC Bank Ltd	Financial Services	194.49	6.07	0.00	Oct24	5.55
Edelweiss Flexi Cap Dir Gr	INF843K01KK1	HDFC Bank Ltd	Financial Services	194.49	6.07	0.00	Nov24	7.52
Edelweiss Flexi Cap Dir Gr	INF843K01KK1	HDFC Bank Ltd	Financial Services	194.49	6.07	0.00	Dec24	3.56
Edelweiss Flexi Cap Dir Gr	INF843K01KK1	HDFC Bank Ltd	Financial Services	194.49	6.07	0.00	Jan25	5.32
Edelweiss Flexi Cap Dir Gr	INF843K01KK1	HDFC Bank Ltd	Financial Services	194.49	6.07	0.00	Feb25	5.59
Edelweiss Flexi Cap Dir Gr	INF843K01KK1	HDFC Bank Ltd	Financial Services	194.49	6.07	0.00	Mar25	15.51
Edelweiss Flexi Cap Dir Gr	INF843K01KK1	HDFC Bank Ltd	Financial Services	194.49	6.07	0.00	Mar25	15.51
Edelweiss Flexi Cap Dir Gr	INF843K01KK1	HDFC Bank Ltd	Financial Services	194.49	6.07	0.00	Apr25	12.51
Edelweiss Flexi Cap Dir Gr	INF843K01KK1	HDFC Bank Ltd	Financial Services	194.49	6.07	0.00	May25	11.15
Edelweiss Flexi Cap Dir Gr	INF843K01KK1	HDFC Bank Ltd	Financial Services	194.49	6.07	0.00	June25	10.18
Edelweiss Flexi Cap Dir Gr	INF843K01KK1	HDFC Bank Ltd	Financial Services	194.49	6.07	0.00	July25	9.19
Edelweiss Flexi Cap Dir Gr	INF843K01KK1	HDFC Bank Ltd	Financial Services	194.49	6.07	0.00	Aug25	8.13
Edelweiss Flexi Cap Dir Gr	INF843K01KK1	ICICI Bank Ltd	Financial Services	155.10	4.84	0.00	Oct24	5.55
Edelweiss Flexi Cap Dir Gr	INF843K01KK1	ICICI Bank Ltd	Financial Services	155.10	4.84	0.00	Nov24	7.52
Edelweiss Flexi Cap Dir Gr	INF843K01KK1	ICICI Bank Ltd	Financial Services	155.10	4.84	0.00	Dec24	3.56
Edelweiss Flexi Cap Dir Gr	INF843K01KK1	ICICI Bank Ltd	Financial Services	155.10	4.84	0.00	Jan25	5.32
Edelweiss Flexi Cap Dir Gr	INF843K01KK1	ICICI Bank Ltd	Financial Services	155.10	4.84	0.00	Feb25	5.59
Edelweiss Flexi Cap Dir Gr	INF843K01KK1	ICICI Bank Ltd	Financial Services	155.10	4.84	0.00	Mar25	15.51
Edelweiss Flexi Cap Dir Gr	INF843K01KK1	ICICI Bank Ltd	Financial Services	155.10	4.84	0.00	Mar25	15.51
Edelweiss Flexi Cap Dir Gr	INF843K01KK1	ICICI Bank Ltd	Financial Services	155.10	4.84	0.00	Apr25	12.51
Edelweiss Flexi Cap Dir Gr	INF843K01KK1	ICICI Bank Ltd	Financial Services	155.10	4.84	0.00	May25	11.15
Edelweiss Flexi Cap Dir Gr	INF843K01KK1	ICICI Bank Ltd	Financial Services	155.10	4.84	0.00	June25	10.18
Edelweiss Flexi Cap Dir Gr	INF843K01KK1	ICICI Bank Ltd	Financial Services	155.10	4.84	0.00	July25	9.19
Edelweiss Flexi Cap Dir Gr	INF843K01KK1	ICICI Bank Ltd	Financial Services	155.10	4.84	0.00	Aug25	8.13
Edelweiss Flexi Cap Dir Gr	INF843K01KK1	Clearing Corporation Of India Ltd.		114.61	3.58		Oct24	5.55
Edelweiss Flexi Cap Dir Gr	INF843K01KK1	Clearing Corporation Of India Ltd.		114.61	3.58		Nov24	7.52
Edelweiss Flexi Cap Dir Gr	INF843K01KK1	Clearing Corporation Of India Ltd.		114.61	3.58		Dec24	3.56
Edelweiss Flexi Cap Dir Gr	INF843K01KK1	Clearing Corporation Of India Ltd.		114.61	3.58		Jan25	5.32
Edelweiss Flexi Cap Dir Gr	INF843K01KK1	Clearing Corporation Of India Ltd.		114.61	3.58		Feb25	5.59
Edelweiss Flexi Cap Dir Gr	INF843K01KK1	Clearing Corporation Of India Ltd.		114.61	3.58		Mar25	15.51
Edelweiss Flexi Cap Dir Gr	INF843K01KK1	Clearing Corporation Of India Ltd.		114.61	3.58		Mar25	15.51
Edelweiss Flexi Cap Dir Gr	INF843K01KK1	Clearing Corporation Of India Ltd.		114.61	3.58		Apr25	12.51
Edelweiss Flexi Cap Dir Gr	INF843K01KK1	Clearing Corporation Of India Ltd.		114.61	3.58		May25	11.15
Edelweiss Flexi Cap Dir Gr	INF843K01KK1	Clearing Corporation Of India Ltd.		114.61	3.58		June25	10.18
Edelweiss Flexi Cap Dir Gr	INF843K01KK1	Clearing Corporation Of India Ltd.		114.61	3.58		July25	9.19
Edelweiss Flexi Cap Dir Gr	INF843K01KK1	Clearing Corporation Of India Ltd.		114.61	3.58		Aug25	8.13
Edelweiss Flexi Cap Dir Gr	INF843K01KK1	State Bank of India	Financial Services	111.31	3.48	0.00	Oct24	5.55
Edelweiss Flexi Cap Dir Gr	INF843K01KK1	State Bank of India	Financial Services	111.31	3.48	0.00	Nov24	7.52
Edelweiss Flexi Cap Dir Gr	INF843K01KK1	State Bank of India	Financial Services	111.31	3.48	0.00	Dec24	3.56
Edelweiss Flexi Cap Dir Gr	INF843K01KK1	State Bank of India	Financial Services	111.31	3.48	0.00	Jan25	5.32
Edelweiss Flexi Cap Dir Gr	INF843K01KK1	State Bank of India	Financial Services	111.31	3.48	0.00	Feb25	5.59
Edelweiss Flexi Cap Dir Gr	INF843K01KK1	State Bank of India	Financial Services	111.31	3.48	0.00	Mar25	15.51
Edelweiss Flexi Cap Dir Gr	INF843K01KK1	State Bank of India	Financial Services	111.31	3.48	0.00	Mar25	15.51
Edelweiss Flexi Cap Dir Gr	INF843K01KK1	State Bank of India	Financial Services	111.31	3.48	0.00	Apr25	12.51
Edelweiss Flexi Cap Dir Gr	INF843K01KK1	State Bank of India	Financial Services	111.31	3.48	0.00	May25	11.15
Edelweiss Flexi Cap Dir Gr	INF843K01KK1	State Bank of India	Financial Services	111.31	3.48	0.00	June25	10.18
Edelweiss Flexi Cap Dir Gr	INF843K01KK1	State Bank of India	Financial Services	111.31	3.48	0.00	July25	9.19
Edelweiss Flexi Cap Dir Gr	INF843K01KK1	State Bank of India	Financial Services	111.31	3.48	0.00	Aug25	8.13
Edelweiss Flexi Cap Dir Gr	INF843K01KK1	Reliance Industries Ltd	Energy	110.79	3.46	0.00	Oct24	5.55
Edelweiss Flexi Cap Dir Gr	INF843K01KK1	Reliance Industries Ltd	Energy	110.79	3.46	0.00	Nov24	7.52
Edelweiss Flexi Cap Dir Gr	INF843K01KK1	Reliance Industries Ltd	Energy	110.79	3.46	0.00	Dec24	3.56
Edelweiss Flexi Cap Dir Gr	INF843K01KK1	Reliance Industries Ltd	Energy	110.79	3.46	0.00	Jan25	5.32
Edelweiss Flexi Cap Dir Gr	INF843K01KK1	Reliance Industries Ltd	Energy	110.79	3.46	0.00	Feb25	5.59
Edelweiss Flexi Cap Dir Gr	INF843K01KK1	Reliance Industries Ltd	Energy	110.79	3.46	0.00	Mar25	15.51
Edelweiss Flexi Cap Dir Gr	INF843K01KK1	Reliance Industries Ltd	Energy	110.79	3.46	0.00	Mar25	15.51
Edelweiss Flexi Cap Dir Gr	INF843K01KK1	Reliance Industries Ltd	Energy	110.79	3.46	0.00	Apr25	12.51
Edelweiss Flexi Cap Dir Gr	INF843K01KK1	Reliance Industries Ltd	Energy	110.79	3.46	0.00	May25	11.15
Edelweiss Flexi Cap Dir Gr	INF843K01KK1	Reliance Industries Ltd	Energy	110.79	3.46	0.00	June25	10.18
Edelweiss Flexi Cap Dir Gr	INF843K01KK1	Reliance Industries Ltd	Energy	110.79	3.46	0.00	July25	9.19
Edelweiss Flexi Cap Dir Gr	INF843K01KK1	Reliance Industries Ltd	Energy	110.79	3.46	0.00	Aug25	8.13
Edelweiss Flexi Cap Dir Gr	INF843K01KK1	NTPC Ltd	Utilities	109.02	3.40	29.21	Oct24	5.55
Edelweiss Flexi Cap Dir Gr	INF843K01KK1	NTPC Ltd	Utilities	109.02	3.40	29.21	Nov24	7.52
Edelweiss Flexi Cap Dir Gr	INF843K01KK1	NTPC Ltd	Utilities	109.02	3.40	29.21	Dec24	3.56
Edelweiss Flexi Cap Dir Gr	INF843K01KK1	NTPC Ltd	Utilities	109.02	3.40	29.21	Jan25	5.32
Edelweiss Flexi Cap Dir Gr	INF843K01KK1	NTPC Ltd	Utilities	109.02	3.40	29.21	Feb25	5.59
Edelweiss Flexi Cap Dir Gr	INF843K01KK1	NTPC Ltd	Utilities	109.02	3.40	29.21	Mar25	15.51
Edelweiss Flexi Cap Dir Gr	INF843K01KK1	NTPC Ltd	Utilities	109.02	3.40	29.21	Mar25	15.51
Edelweiss Flexi Cap Dir Gr	INF843K01KK1	NTPC Ltd	Utilities	109.02	3.40	29.21	Apr25	12.51
Edelweiss Flexi Cap Dir Gr	INF843K01KK1	NTPC Ltd	Utilities	109.02	3.40	29.21	May25	11.15
Edelweiss Flexi Cap Dir Gr	INF843K01KK1	NTPC Ltd	Utilities	109.02	3.40	29.21	June25	10.18
Edelweiss Flexi Cap Dir Gr	INF843K01KK1	NTPC Ltd	Utilities	109.02	3.40	29.21	July25	9.19
Edelweiss Flexi Cap Dir Gr	INF843K01KK1	NTPC Ltd	Utilities	109.02	3.40	29.21	Aug25	8.13
Edelweiss Flexi Cap Dir Gr	INF843K01KK1	Larsen & Toubro Ltd	Industrials	103.37	3.23	0.00	Oct24	5.55
Edelweiss Flexi Cap Dir Gr	INF843K01KK1	Larsen & Toubro Ltd	Industrials	103.37	3.23	0.00	Nov24	7.52
Edelweiss Flexi Cap Dir Gr	INF843K01KK1	Larsen & Toubro Ltd	Industrials	103.37	3.23	0.00	Dec24	3.56
Edelweiss Flexi Cap Dir Gr	INF843K01KK1	Larsen & Toubro Ltd	Industrials	103.37	3.23	0.00	Jan25	5.32
Edelweiss Flexi Cap Dir Gr	INF843K01KK1	Larsen & Toubro Ltd	Industrials	103.37	3.23	0.00	Feb25	5.59
Edelweiss Flexi Cap Dir Gr	INF843K01KK1	Larsen & Toubro Ltd	Industrials	103.37	3.23	0.00	Mar25	15.51
Edelweiss Flexi Cap Dir Gr	INF843K01KK1	Larsen & Toubro Ltd	Industrials	103.37	3.23	0.00	Mar25	15.51
Edelweiss Flexi Cap Dir Gr	INF843K01KK1	Larsen & Toubro Ltd	Industrials	103.37	3.23	0.00	Apr25	12.51
Edelweiss Flexi Cap Dir Gr	INF843K01KK1	Larsen & Toubro Ltd	Industrials	103.37	3.23	0.00	May25	11.15
Edelweiss Flexi Cap Dir Gr	INF843K01KK1	Larsen & Toubro Ltd	Industrials	103.37	3.23	0.00	June25	10.18
Edelweiss Flexi Cap Dir Gr	INF843K01KK1	Larsen & Toubro Ltd	Industrials	103.37	3.23	0.00	July25	9.19
Edelweiss Flexi Cap Dir Gr	INF843K01KK1	Larsen & Toubro Ltd	Industrials	103.37	3.23	0.00	Aug25	8.13
Edelweiss Flexi Cap Dir Gr	INF843K01KK1	Tata Steel Ltd	Basic Materials	84.04	2.62	13.32	Oct24	5.55
Edelweiss Flexi Cap Dir Gr	INF843K01KK1	Tata Steel Ltd	Basic Materials	84.04	2.62	13.32	Nov24	7.52
Edelweiss Flexi Cap Dir Gr	INF843K01KK1	Tata Steel Ltd	Basic Materials	84.04	2.62	13.32	Dec24	3.56
Edelweiss Flexi Cap Dir Gr	INF843K01KK1	Tata Steel Ltd	Basic Materials	84.04	2.62	13.32	Jan25	5.32
Edelweiss Flexi Cap Dir Gr	INF843K01KK1	Tata Steel Ltd	Basic Materials	84.04	2.62	13.32	Feb25	5.59
Edelweiss Flexi Cap Dir Gr	INF843K01KK1	Tata Steel Ltd	Basic Materials	84.04	2.62	13.32	Mar25	15.51
Edelweiss Flexi Cap Dir Gr	INF843K01KK1	Tata Steel Ltd	Basic Materials	84.04	2.62	13.32	Mar25	15.51
Edelweiss Flexi Cap Dir Gr	INF843K01KK1	Tata Steel Ltd	Basic Materials	84.04	2.62	13.32	Apr25	12.51
Edelweiss Flexi Cap Dir Gr	INF843K01KK1	Tata Steel Ltd	Basic Materials	84.04	2.62	13.32	May25	11.15
Edelweiss Flexi Cap Dir Gr	INF843K01KK1	Tata Steel Ltd	Basic Materials	84.04	2.62	13.32	June25	10.18
Edelweiss Flexi Cap Dir Gr	INF843K01KK1	Tata Steel Ltd	Basic Materials	84.04	2.62	13.32	July25	9.19
Edelweiss Flexi Cap Dir Gr	INF843K01KK1	Tata Steel Ltd	Basic Materials	84.04	2.62	13.32	Aug25	8.13
Edelweiss Flexi Cap Dir Gr	INF843K01KK1	Bharti Airtel Ltd	Communication Services	70.52	2.20	0.00	Oct24	5.55
Edelweiss Flexi Cap Dir Gr	INF843K01KK1	Bharti Airtel Ltd	Communication Services	70.52	2.20	0.00	Nov24	7.52
Edelweiss Flexi Cap Dir Gr	INF843K01KK1	Bharti Airtel Ltd	Communication Services	70.52	2.20	0.00	Dec24	3.56
Edelweiss Flexi Cap Dir Gr	INF843K01KK1	Bharti Airtel Ltd	Communication Services	70.52	2.20	0.00	Jan25	5.32
Edelweiss Flexi Cap Dir Gr	INF843K01KK1	Bharti Airtel Ltd	Communication Services	70.52	2.20	0.00	Feb25	5.59
Edelweiss Flexi Cap Dir Gr	INF843K01KK1	Bharti Airtel Ltd	Communication Services	70.52	2.20	0.00	Mar25	15.51
Edelweiss Flexi Cap Dir Gr	INF843K01KK1	Bharti Airtel Ltd	Communication Services	70.52	2.20	0.00	Mar25	15.51
Edelweiss Flexi Cap Dir Gr	INF843K01KK1	Bharti Airtel Ltd	Communication Services	70.52	2.20	0.00	Apr25	12.51
Edelweiss Flexi Cap Dir Gr	INF843K01KK1	Bharti Airtel Ltd	Communication Services	70.52	2.20	0.00	May25	11.15
Edelweiss Flexi Cap Dir Gr	INF843K01KK1	Bharti Airtel Ltd	Communication Services	70.52	2.20	0.00	June25	10.18
Edelweiss Flexi Cap Dir Gr	INF843K01KK1	Bharti Airtel Ltd	Communication Services	70.52	2.20	0.00	July25	9.19
Edelweiss Flexi Cap Dir Gr	INF843K01KK1	Bharti Airtel Ltd	Communication Services	70.52	2.20	0.00	Aug25	8.13
Edelweiss Flexi Cap Dir Gr	INF843K01KK1	Infosys Ltd	Technology	69.29	2.16	0.00	Oct24	5.55
Edelweiss Flexi Cap Dir Gr	INF843K01KK1	Infosys Ltd	Technology	69.29	2.16	0.00	Nov24	7.52
Edelweiss Flexi Cap Dir Gr	INF843K01KK1	Infosys Ltd	Technology	69.29	2.16	0.00	Dec24	3.56
Edelweiss Flexi Cap Dir Gr	INF843K01KK1	Infosys Ltd	Technology	69.29	2.16	0.00	Jan25	5.32
Edelweiss Flexi Cap Dir Gr	INF843K01KK1	Infosys Ltd	Technology	69.29	2.16	0.00	Feb25	5.59
Edelweiss Flexi Cap Dir Gr	INF843K01KK1	Infosys Ltd	Technology	69.29	2.16	0.00	Mar25	15.51
Edelweiss Flexi Cap Dir Gr	INF843K01KK1	Infosys Ltd	Technology	69.29	2.16	0.00	Mar25	15.51
Edelweiss Flexi Cap Dir Gr	INF843K01KK1	Infosys Ltd	Technology	69.29	2.16	0.00	Apr25	12.51
Edelweiss Flexi Cap Dir Gr	INF843K01KK1	Infosys Ltd	Technology	69.29	2.16	0.00	May25	11.15
Edelweiss Flexi Cap Dir Gr	INF843K01KK1	Infosys Ltd	Technology	69.29	2.16	0.00	June25	10.18
Edelweiss Flexi Cap Dir Gr	INF843K01KK1	Infosys Ltd	Technology	69.29	2.16	0.00	July25	9.19
Edelweiss Flexi Cap Dir Gr	INF843K01KK1	Infosys Ltd	Technology	69.29	2.16	0.00	Aug25	8.13
Edelweiss Flexi Cap Dir Gr	INF843K01KK1	UltraTech Cement Ltd	Basic Materials	68.04	2.12	0.00	Oct24	5.55
Edelweiss Flexi Cap Dir Gr	INF843K01KK1	UltraTech Cement Ltd	Basic Materials	68.04	2.12	0.00	Nov24	7.52
Edelweiss Flexi Cap Dir Gr	INF843K01KK1	UltraTech Cement Ltd	Basic Materials	68.04	2.12	0.00	Dec24	3.56
Edelweiss Flexi Cap Dir Gr	INF843K01KK1	UltraTech Cement Ltd	Basic Materials	68.04	2.12	0.00	Jan25	5.32
Edelweiss Flexi Cap Dir Gr	INF843K01KK1	UltraTech Cement Ltd	Basic Materials	68.04	2.12	0.00	Feb25	5.59
Edelweiss Flexi Cap Dir Gr	INF843K01KK1	UltraTech Cement Ltd	Basic Materials	68.04	2.12	0.00	Mar25	15.51
Edelweiss Flexi Cap Dir Gr	INF843K01KK1	UltraTech Cement Ltd	Basic Materials	68.04	2.12	0.00	Mar25	15.51
Edelweiss Flexi Cap Dir Gr	INF843K01KK1	UltraTech Cement Ltd	Basic Materials	68.04	2.12	0.00	Apr25	12.51
Edelweiss Flexi Cap Dir Gr	INF843K01KK1	UltraTech Cement Ltd	Basic Materials	68.04	2.12	0.00	May25	11.15
Edelweiss Flexi Cap Dir Gr	INF843K01KK1	UltraTech Cement Ltd	Basic Materials	68.04	2.12	0.00	June25	10.18
Edelweiss Flexi Cap Dir Gr	INF843K01KK1	UltraTech Cement Ltd	Basic Materials	68.04	2.12	0.00	July25	9.19
Edelweiss Flexi Cap Dir Gr	INF843K01KK1	UltraTech Cement Ltd	Basic Materials	68.04	2.12	0.00	Aug25	8.13
Edelweiss Flexi Cap Dir Gr	INF843K01KK1	Bajaj Finance Ltd	Financial Services	63.11	1.97	0.00	Oct24	5.55
Edelweiss Flexi Cap Dir Gr	INF843K01KK1	Bajaj Finance Ltd	Financial Services	63.11	1.97	0.00	Nov24	7.52
Edelweiss Flexi Cap Dir Gr	INF843K01KK1	Bajaj Finance Ltd	Financial Services	63.11	1.97	0.00	Dec24	3.56
Edelweiss Flexi Cap Dir Gr	INF843K01KK1	Bajaj Finance Ltd	Financial Services	63.11	1.97	0.00	Jan25	5.32
Edelweiss Flexi Cap Dir Gr	INF843K01KK1	Bajaj Finance Ltd	Financial Services	63.11	1.97	0.00	Feb25	5.59
Edelweiss Flexi Cap Dir Gr	INF843K01KK1	Bajaj Finance Ltd	Financial Services	63.11	1.97	0.00	Mar25	15.51
Edelweiss Flexi Cap Dir Gr	INF843K01KK1	Bajaj Finance Ltd	Financial Services	63.11	1.97	0.00	Mar25	15.51
Edelweiss Flexi Cap Dir Gr	INF843K01KK1	Bajaj Finance Ltd	Financial Services	63.11	1.97	0.00	Apr25	12.51
Edelweiss Flexi Cap Dir Gr	INF843K01KK1	Bajaj Finance Ltd	Financial Services	63.11	1.97	0.00	May25	11.15
Edelweiss Flexi Cap Dir Gr	INF843K01KK1	Bajaj Finance Ltd	Financial Services	63.11	1.97	0.00	June25	10.18
Edelweiss Flexi Cap Dir Gr	INF843K01KK1	Bajaj Finance Ltd	Financial Services	63.11	1.97	0.00	July25	9.19
Edelweiss Flexi Cap Dir Gr	INF843K01KK1	Bajaj Finance Ltd	Financial Services	63.11	1.97	0.00	Aug25	8.13
Edelweiss Flexi Cap Dir Gr	INF843K01KK1	Mahindra & Mahindra Ltd	Consumer Cyclical	59.08	1.84	0.00	Oct24	5.55
Edelweiss Flexi Cap Dir Gr	INF843K01KK1	Mahindra & Mahindra Ltd	Consumer Cyclical	59.08	1.84	0.00	Nov24	7.52
Edelweiss Flexi Cap Dir Gr	INF843K01KK1	Mahindra & Mahindra Ltd	Consumer Cyclical	59.08	1.84	0.00	Dec24	3.56
Edelweiss Flexi Cap Dir Gr	INF843K01KK1	Mahindra & Mahindra Ltd	Consumer Cyclical	59.08	1.84	0.00	Jan25	5.32
Edelweiss Flexi Cap Dir Gr	INF843K01KK1	Mahindra & Mahindra Ltd	Consumer Cyclical	59.08	1.84	0.00	Feb25	5.59
Edelweiss Flexi Cap Dir Gr	INF843K01KK1	Mahindra & Mahindra Ltd	Consumer Cyclical	59.08	1.84	0.00	Mar25	15.51
Edelweiss Flexi Cap Dir Gr	INF843K01KK1	Mahindra & Mahindra Ltd	Consumer Cyclical	59.08	1.84	0.00	Mar25	15.51
Edelweiss Flexi Cap Dir Gr	INF843K01KK1	Mahindra & Mahindra Ltd	Consumer Cyclical	59.08	1.84	0.00	Apr25	12.51
Edelweiss Flexi Cap Dir Gr	INF843K01KK1	Mahindra & Mahindra Ltd	Consumer Cyclical	59.08	1.84	0.00	May25	11.15
Edelweiss Flexi Cap Dir Gr	INF843K01KK1	Mahindra & Mahindra Ltd	Consumer Cyclical	59.08	1.84	0.00	June25	10.18
Edelweiss Flexi Cap Dir Gr	INF843K01KK1	Mahindra & Mahindra Ltd	Consumer Cyclical	59.08	1.84	0.00	July25	9.19
Edelweiss Flexi Cap Dir Gr	INF843K01KK1	Mahindra & Mahindra Ltd	Consumer Cyclical	59.08	1.84	0.00	Aug25	8.13
Edelweiss Flexi Cap Dir Gr	INF843K01KK1	Multi Commodity Exchange of India Ltd	Financial Services	58.86	1.84	0.00	Oct24	5.55
Edelweiss Flexi Cap Dir Gr	INF843K01KK1	Multi Commodity Exchange of India Ltd	Financial Services	58.86	1.84	0.00	Nov24	7.52
Edelweiss Flexi Cap Dir Gr	INF843K01KK1	Multi Commodity Exchange of India Ltd	Financial Services	58.86	1.84	0.00	Dec24	3.56
Edelweiss Flexi Cap Dir Gr	INF843K01KK1	Multi Commodity Exchange of India Ltd	Financial Services	58.86	1.84	0.00	Jan25	5.32
Edelweiss Flexi Cap Dir Gr	INF843K01KK1	Multi Commodity Exchange of India Ltd	Financial Services	58.86	1.84	0.00	Feb25	5.59
Edelweiss Flexi Cap Dir Gr	INF843K01KK1	Multi Commodity Exchange of India Ltd	Financial Services	58.86	1.84	0.00	Mar25	15.51
Edelweiss Flexi Cap Dir Gr	INF843K01KK1	Multi Commodity Exchange of India Ltd	Financial Services	58.86	1.84	0.00	Mar25	15.51
Edelweiss Flexi Cap Dir Gr	INF843K01KK1	Multi Commodity Exchange of India Ltd	Financial Services	58.86	1.84	0.00	Apr25	12.51
Edelweiss Flexi Cap Dir Gr	INF843K01KK1	Multi Commodity Exchange of India Ltd	Financial Services	58.86	1.84	0.00	May25	11.15
Edelweiss Flexi Cap Dir Gr	INF843K01KK1	Multi Commodity Exchange of India Ltd	Financial Services	58.86	1.84	0.00	June25	10.18
Edelweiss Flexi Cap Dir Gr	INF843K01KK1	Multi Commodity Exchange of India Ltd	Financial Services	58.86	1.84	0.00	July25	9.19
Edelweiss Flexi Cap Dir Gr	INF843K01KK1	Multi Commodity Exchange of India Ltd	Financial Services	58.86	1.84	0.00	Aug25	8.13
Edelweiss Flexi Cap Dir Gr	INF843K01KK1	Oil India Ltd	Energy	57.04	1.78	20.45	Oct24	5.55
Edelweiss Flexi Cap Dir Gr	INF843K01KK1	Oil India Ltd	Energy	57.04	1.78	20.45	Nov24	7.52
Edelweiss Flexi Cap Dir Gr	INF843K01KK1	Oil India Ltd	Energy	57.04	1.78	20.45	Dec24	3.56
Edelweiss Flexi Cap Dir Gr	INF843K01KK1	Oil India Ltd	Energy	57.04	1.78	20.45	Jan25	5.32
Edelweiss Flexi Cap Dir Gr	INF843K01KK1	Oil India Ltd	Energy	57.04	1.78	20.45	Feb25	5.59
Edelweiss Flexi Cap Dir Gr	INF843K01KK1	Oil India Ltd	Energy	57.04	1.78	20.45	Mar25	15.51
Edelweiss Flexi Cap Dir Gr	INF843K01KK1	Oil India Ltd	Energy	57.04	1.78	20.45	Mar25	15.51
Edelweiss Flexi Cap Dir Gr	INF843K01KK1	Oil India Ltd	Energy	57.04	1.78	20.45	Apr25	12.51
Edelweiss Flexi Cap Dir Gr	INF843K01KK1	Oil India Ltd	Energy	57.04	1.78	20.45	May25	11.15
Edelweiss Flexi Cap Dir Gr	INF843K01KK1	Oil India Ltd	Energy	57.04	1.78	20.45	June25	10.18
Edelweiss Flexi Cap Dir Gr	INF843K01KK1	Oil India Ltd	Energy	57.04	1.78	20.45	July25	9.19
Edelweiss Flexi Cap Dir Gr	INF843K01KK1	Oil India Ltd	Energy	57.04	1.78	20.45	Aug25	8.13
Edelweiss Flexi Cap Dir Gr	INF843K01KK1	Shriram Finance Ltd	Financial Services	56.08	1.75	0.00	Oct24	5.55
Edelweiss Flexi Cap Dir Gr	INF843K01KK1	Shriram Finance Ltd	Financial Services	56.08	1.75	0.00	Nov24	7.52
Edelweiss Flexi Cap Dir Gr	INF843K01KK1	Shriram Finance Ltd	Financial Services	56.08	1.75	0.00	Dec24	3.56
Edelweiss Flexi Cap Dir Gr	INF843K01KK1	Shriram Finance Ltd	Financial Services	56.08	1.75	0.00	Jan25	5.32
Edelweiss Flexi Cap Dir Gr	INF843K01KK1	Shriram Finance Ltd	Financial Services	56.08	1.75	0.00	Feb25	5.59
Edelweiss Flexi Cap Dir Gr	INF843K01KK1	Shriram Finance Ltd	Financial Services	56.08	1.75	0.00	Mar25	15.51
Edelweiss Flexi Cap Dir Gr	INF843K01KK1	Shriram Finance Ltd	Financial Services	56.08	1.75	0.00	Mar25	15.51
Edelweiss Flexi Cap Dir Gr	INF843K01KK1	Shriram Finance Ltd	Financial Services	56.08	1.75	0.00	Apr25	12.51
Edelweiss Flexi Cap Dir Gr	INF843K01KK1	Shriram Finance Ltd	Financial Services	56.08	1.75	0.00	May25	11.15
Edelweiss Flexi Cap Dir Gr	INF843K01KK1	Shriram Finance Ltd	Financial Services	56.08	1.75	0.00	June25	10.18
Edelweiss Flexi Cap Dir Gr	INF843K01KK1	Shriram Finance Ltd	Financial Services	56.08	1.75	0.00	July25	9.19
Edelweiss Flexi Cap Dir Gr	INF843K01KK1	Shriram Finance Ltd	Financial Services	56.08	1.75	0.00	Aug25	8.13
Edelweiss Flexi Cap Dir Gr	INF843K01KK1	Titan Co Ltd	Consumer Cyclical	54.82	1.71	0.00	Oct24	5.55
Edelweiss Flexi Cap Dir Gr	INF843K01KK1	Titan Co Ltd	Consumer Cyclical	54.82	1.71	0.00	Nov24	7.52
Edelweiss Flexi Cap Dir Gr	INF843K01KK1	Titan Co Ltd	Consumer Cyclical	54.82	1.71	0.00	Dec24	3.56
Edelweiss Flexi Cap Dir Gr	INF843K01KK1	Titan Co Ltd	Consumer Cyclical	54.82	1.71	0.00	Jan25	5.32
Edelweiss Flexi Cap Dir Gr	INF843K01KK1	Titan Co Ltd	Consumer Cyclical	54.82	1.71	0.00	Feb25	5.59
Edelweiss Flexi Cap Dir Gr	INF843K01KK1	Titan Co Ltd	Consumer Cyclical	54.82	1.71	0.00	Mar25	15.51
Edelweiss Flexi Cap Dir Gr	INF843K01KK1	Titan Co Ltd	Consumer Cyclical	54.82	1.71	0.00	Mar25	15.51
Edelweiss Flexi Cap Dir Gr	INF843K01KK1	Titan Co Ltd	Consumer Cyclical	54.82	1.71	0.00	Apr25	12.51
Edelweiss Flexi Cap Dir Gr	INF843K01KK1	Titan Co Ltd	Consumer Cyclical	54.82	1.71	0.00	May25	11.15
Edelweiss Flexi Cap Dir Gr	INF843K01KK1	Titan Co Ltd	Consumer Cyclical	54.82	1.71	0.00	June25	10.18
Edelweiss Flexi Cap Dir Gr	INF843K01KK1	Titan Co Ltd	Consumer Cyclical	54.82	1.71	0.00	July25	9.19
Edelweiss Flexi Cap Dir Gr	INF843K01KK1	Titan Co Ltd	Consumer Cyclical	54.82	1.71	0.00	Aug25	8.13
Edelweiss Flexi Cap Dir Gr	INF843K01KK1	Fortis Healthcare Ltd	Healthcare	48.77	1.52	0.00	Oct24	5.55
Edelweiss Flexi Cap Dir Gr	INF843K01KK1	Fortis Healthcare Ltd	Healthcare	48.77	1.52	0.00	Nov24	7.52
Edelweiss Flexi Cap Dir Gr	INF843K01KK1	Fortis Healthcare Ltd	Healthcare	48.77	1.52	0.00	Dec24	3.56
Edelweiss Flexi Cap Dir Gr	INF843K01KK1	Fortis Healthcare Ltd	Healthcare	48.77	1.52	0.00	Jan25	5.32
Edelweiss Flexi Cap Dir Gr	INF843K01KK1	Fortis Healthcare Ltd	Healthcare	48.77	1.52	0.00	Feb25	5.59
Edelweiss Flexi Cap Dir Gr	INF843K01KK1	Fortis Healthcare Ltd	Healthcare	48.77	1.52	0.00	Mar25	15.51
Edelweiss Flexi Cap Dir Gr	INF843K01KK1	Fortis Healthcare Ltd	Healthcare	48.77	1.52	0.00	Mar25	15.51
Edelweiss Flexi Cap Dir Gr	INF843K01KK1	Fortis Healthcare Ltd	Healthcare	48.77	1.52	0.00	Apr25	12.51
Edelweiss Flexi Cap Dir Gr	INF843K01KK1	Fortis Healthcare Ltd	Healthcare	48.77	1.52	0.00	May25	11.15
Edelweiss Flexi Cap Dir Gr	INF843K01KK1	Fortis Healthcare Ltd	Healthcare	48.77	1.52	0.00	June25	10.18
Edelweiss Flexi Cap Dir Gr	INF843K01KK1	Fortis Healthcare Ltd	Healthcare	48.77	1.52	0.00	July25	9.19
Edelweiss Flexi Cap Dir Gr	INF843K01KK1	Fortis Healthcare Ltd	Healthcare	48.77	1.52	0.00	Aug25	8.13
Edelweiss Flexi Cap Dir Gr	INF843K01KK1	Kotak Mahindra Bank Ltd	Financial Services	48.56	1.52	0.00	Oct24	5.55
Edelweiss Flexi Cap Dir Gr	INF843K01KK1	Kotak Mahindra Bank Ltd	Financial Services	48.56	1.52	0.00	Nov24	7.52
Edelweiss Flexi Cap Dir Gr	INF843K01KK1	Kotak Mahindra Bank Ltd	Financial Services	48.56	1.52	0.00	Dec24	3.56
Edelweiss Flexi Cap Dir Gr	INF843K01KK1	Kotak Mahindra Bank Ltd	Financial Services	48.56	1.52	0.00	Jan25	5.32
Edelweiss Flexi Cap Dir Gr	INF843K01KK1	Kotak Mahindra Bank Ltd	Financial Services	48.56	1.52	0.00	Feb25	5.59
Edelweiss Flexi Cap Dir Gr	INF843K01KK1	Kotak Mahindra Bank Ltd	Financial Services	48.56	1.52	0.00	Mar25	15.51
Edelweiss Flexi Cap Dir Gr	INF843K01KK1	Kotak Mahindra Bank Ltd	Financial Services	48.56	1.52	0.00	Mar25	15.51
Edelweiss Flexi Cap Dir Gr	INF843K01KK1	Kotak Mahindra Bank Ltd	Financial Services	48.56	1.52	0.00	Apr25	12.51
Edelweiss Flexi Cap Dir Gr	INF843K01KK1	Kotak Mahindra Bank Ltd	Financial Services	48.56	1.52	0.00	May25	11.15
Edelweiss Flexi Cap Dir Gr	INF843K01KK1	Kotak Mahindra Bank Ltd	Financial Services	48.56	1.52	0.00	June25	10.18
Edelweiss Flexi Cap Dir Gr	INF843K01KK1	Kotak Mahindra Bank Ltd	Financial Services	48.56	1.52	0.00	July25	9.19
Edelweiss Flexi Cap Dir Gr	INF843K01KK1	Kotak Mahindra Bank Ltd	Financial Services	48.56	1.52	0.00	Aug25	8.13
Edelweiss Flexi Cap Dir Gr	INF843K01KK1	Divi's Laboratories Ltd	Healthcare	47.69	1.49	0.00	Oct24	5.55
Edelweiss Flexi Cap Dir Gr	INF843K01KK1	Divi's Laboratories Ltd	Healthcare	47.69	1.49	0.00	Nov24	7.52
Edelweiss Flexi Cap Dir Gr	INF843K01KK1	Divi's Laboratories Ltd	Healthcare	47.69	1.49	0.00	Dec24	3.56
Edelweiss Flexi Cap Dir Gr	INF843K01KK1	Divi's Laboratories Ltd	Healthcare	47.69	1.49	0.00	Jan25	5.32
Edelweiss Flexi Cap Dir Gr	INF843K01KK1	Divi's Laboratories Ltd	Healthcare	47.69	1.49	0.00	Feb25	5.59
Edelweiss Flexi Cap Dir Gr	INF843K01KK1	Divi's Laboratories Ltd	Healthcare	47.69	1.49	0.00	Mar25	15.51
Edelweiss Flexi Cap Dir Gr	INF843K01KK1	Divi's Laboratories Ltd	Healthcare	47.69	1.49	0.00	Mar25	15.51
Edelweiss Flexi Cap Dir Gr	INF843K01KK1	Divi's Laboratories Ltd	Healthcare	47.69	1.49	0.00	Apr25	12.51
Edelweiss Flexi Cap Dir Gr	INF843K01KK1	Divi's Laboratories Ltd	Healthcare	47.69	1.49	0.00	May25	11.15
Edelweiss Flexi Cap Dir Gr	INF843K01KK1	Divi's Laboratories Ltd	Healthcare	47.69	1.49	0.00	June25	10.18
Edelweiss Flexi Cap Dir Gr	INF843K01KK1	Divi's Laboratories Ltd	Healthcare	47.69	1.49	0.00	July25	9.19
Edelweiss Flexi Cap Dir Gr	INF843K01KK1	Divi's Laboratories Ltd	Healthcare	47.69	1.49	0.00	Aug25	8.13
Edelweiss Flexi Cap Dir Gr	INF843K01KK1	Marico Ltd	Consumer Defensive	42.99	1.34	0.00	Oct24	5.55
Edelweiss Flexi Cap Dir Gr	INF843K01KK1	Marico Ltd	Consumer Defensive	42.99	1.34	0.00	Nov24	7.52
Edelweiss Flexi Cap Dir Gr	INF843K01KK1	Marico Ltd	Consumer Defensive	42.99	1.34	0.00	Dec24	3.56
Edelweiss Flexi Cap Dir Gr	INF843K01KK1	Marico Ltd	Consumer Defensive	42.99	1.34	0.00	Jan25	5.32
Edelweiss Flexi Cap Dir Gr	INF843K01KK1	Marico Ltd	Consumer Defensive	42.99	1.34	0.00	Feb25	5.59
Edelweiss Flexi Cap Dir Gr	INF843K01KK1	Marico Ltd	Consumer Defensive	42.99	1.34	0.00	Mar25	15.51
Edelweiss Flexi Cap Dir Gr	INF843K01KK1	Marico Ltd	Consumer Defensive	42.99	1.34	0.00	Mar25	15.51
Edelweiss Flexi Cap Dir Gr	INF843K01KK1	Marico Ltd	Consumer Defensive	42.99	1.34	0.00	Apr25	12.51
Edelweiss Flexi Cap Dir Gr	INF843K01KK1	Marico Ltd	Consumer Defensive	42.99	1.34	0.00	May25	11.15
Edelweiss Flexi Cap Dir Gr	INF843K01KK1	Marico Ltd	Consumer Defensive	42.99	1.34	0.00	June25	10.18
Edelweiss Flexi Cap Dir Gr	INF843K01KK1	Marico Ltd	Consumer Defensive	42.99	1.34	0.00	July25	9.19
Edelweiss Flexi Cap Dir Gr	INF843K01KK1	Marico Ltd	Consumer Defensive	42.99	1.34	0.00	Aug25	8.13
Edelweiss Flexi Cap Dir Gr	INF843K01KK1	L&T Finance Ltd	Financial Services	39.39	1.23	4.68	Oct24	5.55
Edelweiss Flexi Cap Dir Gr	INF843K01KK1	L&T Finance Ltd	Financial Services	39.39	1.23	4.68	Nov24	7.52
Edelweiss Flexi Cap Dir Gr	INF843K01KK1	L&T Finance Ltd	Financial Services	39.39	1.23	4.68	Dec24	3.56
Edelweiss Flexi Cap Dir Gr	INF843K01KK1	L&T Finance Ltd	Financial Services	39.39	1.23	4.68	Jan25	5.32
Edelweiss Flexi Cap Dir Gr	INF843K01KK1	L&T Finance Ltd	Financial Services	39.39	1.23	4.68	Feb25	5.59
Edelweiss Flexi Cap Dir Gr	INF843K01KK1	L&T Finance Ltd	Financial Services	39.39	1.23	4.68	Mar25	15.51
Edelweiss Flexi Cap Dir Gr	INF843K01KK1	L&T Finance Ltd	Financial Services	39.39	1.23	4.68	Mar25	15.51
Edelweiss Flexi Cap Dir Gr	INF843K01KK1	L&T Finance Ltd	Financial Services	39.39	1.23	4.68	Apr25	12.51
Edelweiss Flexi Cap Dir Gr	INF843K01KK1	L&T Finance Ltd	Financial Services	39.39	1.23	4.68	May25	11.15
Edelweiss Flexi Cap Dir Gr	INF843K01KK1	L&T Finance Ltd	Financial Services	39.39	1.23	4.68	June25	10.18
Edelweiss Flexi Cap Dir Gr	INF843K01KK1	L&T Finance Ltd	Financial Services	39.39	1.23	4.68	July25	9.19
Edelweiss Flexi Cap Dir Gr	INF843K01KK1	L&T Finance Ltd	Financial Services	39.39	1.23	4.68	Aug25	8.13
Edelweiss Flexi Cap Dir Gr	INF843K01KK1	AU Small Finance Bank Ltd	Financial Services	38.27	1.19	24.85	Oct24	5.55
Edelweiss Flexi Cap Dir Gr	INF843K01KK1	AU Small Finance Bank Ltd	Financial Services	38.27	1.19	24.85	Nov24	7.52
Edelweiss Flexi Cap Dir Gr	INF843K01KK1	AU Small Finance Bank Ltd	Financial Services	38.27	1.19	24.85	Dec24	3.56
Edelweiss Flexi Cap Dir Gr	INF843K01KK1	AU Small Finance Bank Ltd	Financial Services	38.27	1.19	24.85	Jan25	5.32
Edelweiss Flexi Cap Dir Gr	INF843K01KK1	AU Small Finance Bank Ltd	Financial Services	38.27	1.19	24.85	Feb25	5.59
Edelweiss Flexi Cap Dir Gr	INF843K01KK1	AU Small Finance Bank Ltd	Financial Services	38.27	1.19	24.85	Mar25	15.51
Edelweiss Flexi Cap Dir Gr	INF843K01KK1	AU Small Finance Bank Ltd	Financial Services	38.27	1.19	24.85	Mar25	15.51
Edelweiss Flexi Cap Dir Gr	INF843K01KK1	AU Small Finance Bank Ltd	Financial Services	38.27	1.19	24.85	Apr25	12.51
Edelweiss Flexi Cap Dir Gr	INF843K01KK1	AU Small Finance Bank Ltd	Financial Services	38.27	1.19	24.85	May25	11.15
Edelweiss Flexi Cap Dir Gr	INF843K01KK1	AU Small Finance Bank Ltd	Financial Services	38.27	1.19	24.85	June25	10.18
Edelweiss Flexi Cap Dir Gr	INF843K01KK1	AU Small Finance Bank Ltd	Financial Services	38.27	1.19	24.85	July25	9.19
Edelweiss Flexi Cap Dir Gr	INF843K01KK1	AU Small Finance Bank Ltd	Financial Services	38.27	1.19	24.85	Aug25	8.13
Edelweiss Flexi Cap Dir Gr	INF843K01KK1	KEI Industries Ltd	Industrials	37.73	1.18	0.00	Oct24	5.55
Edelweiss Flexi Cap Dir Gr	INF843K01KK1	KEI Industries Ltd	Industrials	37.73	1.18	0.00	Nov24	7.52
Edelweiss Flexi Cap Dir Gr	INF843K01KK1	KEI Industries Ltd	Industrials	37.73	1.18	0.00	Dec24	3.56
Edelweiss Flexi Cap Dir Gr	INF843K01KK1	KEI Industries Ltd	Industrials	37.73	1.18	0.00	Jan25	5.32
Edelweiss Flexi Cap Dir Gr	INF843K01KK1	KEI Industries Ltd	Industrials	37.73	1.18	0.00	Feb25	5.59
Edelweiss Flexi Cap Dir Gr	INF843K01KK1	KEI Industries Ltd	Industrials	37.73	1.18	0.00	Mar25	15.51
Edelweiss Flexi Cap Dir Gr	INF843K01KK1	KEI Industries Ltd	Industrials	37.73	1.18	0.00	Mar25	15.51
Edelweiss Flexi Cap Dir Gr	INF843K01KK1	KEI Industries Ltd	Industrials	37.73	1.18	0.00	Apr25	12.51
Edelweiss Flexi Cap Dir Gr	INF843K01KK1	KEI Industries Ltd	Industrials	37.73	1.18	0.00	May25	11.15
Edelweiss Flexi Cap Dir Gr	INF843K01KK1	KEI Industries Ltd	Industrials	37.73	1.18	0.00	June25	10.18
Edelweiss Flexi Cap Dir Gr	INF843K01KK1	KEI Industries Ltd	Industrials	37.73	1.18	0.00	July25	9.19
Edelweiss Flexi Cap Dir Gr	INF843K01KK1	KEI Industries Ltd	Industrials	37.73	1.18	0.00	Aug25	8.13
Edelweiss Flexi Cap Dir Gr	INF843K01KK1	Bharat Electronics Ltd	Industrials	36.80	1.15	0.00	Oct24	5.55
Edelweiss Flexi Cap Dir Gr	INF843K01KK1	Bharat Electronics Ltd	Industrials	36.80	1.15	0.00	Nov24	7.52
Edelweiss Flexi Cap Dir Gr	INF843K01KK1	Bharat Electronics Ltd	Industrials	36.80	1.15	0.00	Dec24	3.56
Edelweiss Flexi Cap Dir Gr	INF843K01KK1	Bharat Electronics Ltd	Industrials	36.80	1.15	0.00	Jan25	5.32
Edelweiss Flexi Cap Dir Gr	INF843K01KK1	Bharat Electronics Ltd	Industrials	36.80	1.15	0.00	Feb25	5.59
Edelweiss Flexi Cap Dir Gr	INF843K01KK1	Bharat Electronics Ltd	Industrials	36.80	1.15	0.00	Mar25	15.51
Edelweiss Flexi Cap Dir Gr	INF843K01KK1	Bharat Electronics Ltd	Industrials	36.80	1.15	0.00	Mar25	15.51
Edelweiss Flexi Cap Dir Gr	INF843K01KK1	Bharat Electronics Ltd	Industrials	36.80	1.15	0.00	Apr25	12.51
Edelweiss Flexi Cap Dir Gr	INF843K01KK1	Bharat Electronics Ltd	Industrials	36.80	1.15	0.00	May25	11.15
Edelweiss Flexi Cap Dir Gr	INF843K01KK1	Bharat Electronics Ltd	Industrials	36.80	1.15	0.00	June25	10.18
Edelweiss Flexi Cap Dir Gr	INF843K01KK1	Bharat Electronics Ltd	Industrials	36.80	1.15	0.00	July25	9.19
Edelweiss Flexi Cap Dir Gr	INF843K01KK1	Bharat Electronics Ltd	Industrials	36.80	1.15	0.00	Aug25	8.13
Edelweiss Flexi Cap Dir Gr	INF843K01KK1	Muthoot Finance Ltd	Financial Services	36.68	1.15	0.00	Oct24	5.55
Edelweiss Flexi Cap Dir Gr	INF843K01KK1	Muthoot Finance Ltd	Financial Services	36.68	1.15	0.00	Nov24	7.52
Edelweiss Flexi Cap Dir Gr	INF843K01KK1	Muthoot Finance Ltd	Financial Services	36.68	1.15	0.00	Dec24	3.56
Edelweiss Flexi Cap Dir Gr	INF843K01KK1	Muthoot Finance Ltd	Financial Services	36.68	1.15	0.00	Jan25	5.32
Edelweiss Flexi Cap Dir Gr	INF843K01KK1	Muthoot Finance Ltd	Financial Services	36.68	1.15	0.00	Feb25	5.59
Edelweiss Flexi Cap Dir Gr	INF843K01KK1	Muthoot Finance Ltd	Financial Services	36.68	1.15	0.00	Mar25	15.51
Edelweiss Flexi Cap Dir Gr	INF843K01KK1	Muthoot Finance Ltd	Financial Services	36.68	1.15	0.00	Mar25	15.51
Edelweiss Flexi Cap Dir Gr	INF843K01KK1	Muthoot Finance Ltd	Financial Services	36.68	1.15	0.00	Apr25	12.51
Edelweiss Flexi Cap Dir Gr	INF843K01KK1	Muthoot Finance Ltd	Financial Services	36.68	1.15	0.00	May25	11.15
Edelweiss Flexi Cap Dir Gr	INF843K01KK1	Muthoot Finance Ltd	Financial Services	36.68	1.15	0.00	June25	10.18
Edelweiss Flexi Cap Dir Gr	INF843K01KK1	Muthoot Finance Ltd	Financial Services	36.68	1.15	0.00	July25	9.19
Edelweiss Flexi Cap Dir Gr	INF843K01KK1	Muthoot Finance Ltd	Financial Services	36.68	1.15	0.00	Aug25	8.13
Edelweiss Flexi Cap Dir Gr	INF843K01KK1	Tata Consumer Products Ltd	Consumer Defensive	35.32	1.10	0.00	Oct24	5.55
Edelweiss Flexi Cap Dir Gr	INF843K01KK1	Tata Consumer Products Ltd	Consumer Defensive	35.32	1.10	0.00	Nov24	7.52
Edelweiss Flexi Cap Dir Gr	INF843K01KK1	Tata Consumer Products Ltd	Consumer Defensive	35.32	1.10	0.00	Dec24	3.56
Edelweiss Flexi Cap Dir Gr	INF843K01KK1	Tata Consumer Products Ltd	Consumer Defensive	35.32	1.10	0.00	Jan25	5.32
Edelweiss Flexi Cap Dir Gr	INF843K01KK1	Tata Consumer Products Ltd	Consumer Defensive	35.32	1.10	0.00	Feb25	5.59
Edelweiss Flexi Cap Dir Gr	INF843K01KK1	Tata Consumer Products Ltd	Consumer Defensive	35.32	1.10	0.00	Mar25	15.51
Edelweiss Flexi Cap Dir Gr	INF843K01KK1	Tata Consumer Products Ltd	Consumer Defensive	35.32	1.10	0.00	Mar25	15.51
Edelweiss Flexi Cap Dir Gr	INF843K01KK1	Tata Consumer Products Ltd	Consumer Defensive	35.32	1.10	0.00	Apr25	12.51
Edelweiss Flexi Cap Dir Gr	INF843K01KK1	Tata Consumer Products Ltd	Consumer Defensive	35.32	1.10	0.00	May25	11.15
Edelweiss Flexi Cap Dir Gr	INF843K01KK1	Tata Consumer Products Ltd	Consumer Defensive	35.32	1.10	0.00	June25	10.18
Edelweiss Flexi Cap Dir Gr	INF843K01KK1	Tata Consumer Products Ltd	Consumer Defensive	35.32	1.10	0.00	July25	9.19
Edelweiss Flexi Cap Dir Gr	INF843K01KK1	Tata Consumer Products Ltd	Consumer Defensive	35.32	1.10	0.00	Aug25	8.13
Edelweiss Flexi Cap Dir Gr	INF843K01KK1	IDFC First Bank Ltd	Financial Services	34.17	1.07	22.67	Oct24	5.55
Edelweiss Flexi Cap Dir Gr	INF843K01KK1	IDFC First Bank Ltd	Financial Services	34.17	1.07	22.67	Nov24	7.52
Edelweiss Flexi Cap Dir Gr	INF843K01KK1	IDFC First Bank Ltd	Financial Services	34.17	1.07	22.67	Dec24	3.56
Edelweiss Flexi Cap Dir Gr	INF843K01KK1	IDFC First Bank Ltd	Financial Services	34.17	1.07	22.67	Jan25	5.32
Edelweiss Flexi Cap Dir Gr	INF843K01KK1	IDFC First Bank Ltd	Financial Services	34.17	1.07	22.67	Feb25	5.59
Edelweiss Flexi Cap Dir Gr	INF843K01KK1	IDFC First Bank Ltd	Financial Services	34.17	1.07	22.67	Mar25	15.51
Edelweiss Flexi Cap Dir Gr	INF843K01KK1	IDFC First Bank Ltd	Financial Services	34.17	1.07	22.67	Mar25	15.51
Edelweiss Flexi Cap Dir Gr	INF843K01KK1	IDFC First Bank Ltd	Financial Services	34.17	1.07	22.67	Apr25	12.51
Edelweiss Flexi Cap Dir Gr	INF843K01KK1	IDFC First Bank Ltd	Financial Services	34.17	1.07	22.67	May25	11.15
Edelweiss Flexi Cap Dir Gr	INF843K01KK1	IDFC First Bank Ltd	Financial Services	34.17	1.07	22.67	June25	10.18
Edelweiss Flexi Cap Dir Gr	INF843K01KK1	IDFC First Bank Ltd	Financial Services	34.17	1.07	22.67	July25	9.19
Edelweiss Flexi Cap Dir Gr	INF843K01KK1	IDFC First Bank Ltd	Financial Services	34.17	1.07	22.67	Aug25	8.13
Edelweiss Flexi Cap Dir Gr	INF843K01KK1	TVS Motor Co Ltd	Consumer Cyclical	34.15	1.07	0.00	Oct24	5.55
Edelweiss Flexi Cap Dir Gr	INF843K01KK1	TVS Motor Co Ltd	Consumer Cyclical	34.15	1.07	0.00	Nov24	7.52
Edelweiss Flexi Cap Dir Gr	INF843K01KK1	TVS Motor Co Ltd	Consumer Cyclical	34.15	1.07	0.00	Dec24	3.56
Edelweiss Flexi Cap Dir Gr	INF843K01KK1	TVS Motor Co Ltd	Consumer Cyclical	34.15	1.07	0.00	Jan25	5.32
Edelweiss Flexi Cap Dir Gr	INF843K01KK1	TVS Motor Co Ltd	Consumer Cyclical	34.15	1.07	0.00	Feb25	5.59
Edelweiss Flexi Cap Dir Gr	INF843K01KK1	TVS Motor Co Ltd	Consumer Cyclical	34.15	1.07	0.00	Mar25	15.51
Edelweiss Flexi Cap Dir Gr	INF843K01KK1	TVS Motor Co Ltd	Consumer Cyclical	34.15	1.07	0.00	Mar25	15.51
Edelweiss Flexi Cap Dir Gr	INF843K01KK1	TVS Motor Co Ltd	Consumer Cyclical	34.15	1.07	0.00	Apr25	12.51
Edelweiss Flexi Cap Dir Gr	INF843K01KK1	TVS Motor Co Ltd	Consumer Cyclical	34.15	1.07	0.00	May25	11.15
Edelweiss Flexi Cap Dir Gr	INF843K01KK1	TVS Motor Co Ltd	Consumer Cyclical	34.15	1.07	0.00	June25	10.18
Edelweiss Flexi Cap Dir Gr	INF843K01KK1	TVS Motor Co Ltd	Consumer Cyclical	34.15	1.07	0.00	July25	9.19
Edelweiss Flexi Cap Dir Gr	INF843K01KK1	TVS Motor Co Ltd	Consumer Cyclical	34.15	1.07	0.00	Aug25	8.13
Edelweiss Flexi Cap Dir Gr	INF843K01KK1	Britannia Industries Ltd	Consumer Defensive	34.03	1.06	0.00	Oct24	5.55
Edelweiss Flexi Cap Dir Gr	INF843K01KK1	Britannia Industries Ltd	Consumer Defensive	34.03	1.06	0.00	Nov24	7.52
Edelweiss Flexi Cap Dir Gr	INF843K01KK1	Britannia Industries Ltd	Consumer Defensive	34.03	1.06	0.00	Dec24	3.56
Edelweiss Flexi Cap Dir Gr	INF843K01KK1	Britannia Industries Ltd	Consumer Defensive	34.03	1.06	0.00	Jan25	5.32
Edelweiss Flexi Cap Dir Gr	INF843K01KK1	Britannia Industries Ltd	Consumer Defensive	34.03	1.06	0.00	Feb25	5.59
Edelweiss Flexi Cap Dir Gr	INF843K01KK1	Britannia Industries Ltd	Consumer Defensive	34.03	1.06	0.00	Mar25	15.51
Edelweiss Flexi Cap Dir Gr	INF843K01KK1	Britannia Industries Ltd	Consumer Defensive	34.03	1.06	0.00	Mar25	15.51
Edelweiss Flexi Cap Dir Gr	INF843K01KK1	Britannia Industries Ltd	Consumer Defensive	34.03	1.06	0.00	Apr25	12.51
Edelweiss Flexi Cap Dir Gr	INF843K01KK1	Britannia Industries Ltd	Consumer Defensive	34.03	1.06	0.00	May25	11.15
Edelweiss Flexi Cap Dir Gr	INF843K01KK1	Britannia Industries Ltd	Consumer Defensive	34.03	1.06	0.00	June25	10.18
Edelweiss Flexi Cap Dir Gr	INF843K01KK1	Britannia Industries Ltd	Consumer Defensive	34.03	1.06	0.00	July25	9.19
Edelweiss Flexi Cap Dir Gr	INF843K01KK1	Britannia Industries Ltd	Consumer Defensive	34.03	1.06	0.00	Aug25	8.13
Edelweiss Flexi Cap Dir Gr	INF843K01KK1	Karur Vysya Bank Ltd	Financial Services	33.98	1.06	58.53	Oct24	5.55
Edelweiss Flexi Cap Dir Gr	INF843K01KK1	Karur Vysya Bank Ltd	Financial Services	33.98	1.06	58.53	Nov24	7.52
Edelweiss Flexi Cap Dir Gr	INF843K01KK1	Karur Vysya Bank Ltd	Financial Services	33.98	1.06	58.53	Dec24	3.56
Edelweiss Flexi Cap Dir Gr	INF843K01KK1	Karur Vysya Bank Ltd	Financial Services	33.98	1.06	58.53	Jan25	5.32
Edelweiss Flexi Cap Dir Gr	INF843K01KK1	Karur Vysya Bank Ltd	Financial Services	33.98	1.06	58.53	Feb25	5.59
Edelweiss Flexi Cap Dir Gr	INF843K01KK1	Karur Vysya Bank Ltd	Financial Services	33.98	1.06	58.53	Mar25	15.51
Edelweiss Flexi Cap Dir Gr	INF843K01KK1	Karur Vysya Bank Ltd	Financial Services	33.98	1.06	58.53	Mar25	15.51
Edelweiss Flexi Cap Dir Gr	INF843K01KK1	Karur Vysya Bank Ltd	Financial Services	33.98	1.06	58.53	Apr25	12.51
Edelweiss Flexi Cap Dir Gr	INF843K01KK1	Karur Vysya Bank Ltd	Financial Services	33.98	1.06	58.53	May25	11.15
Edelweiss Flexi Cap Dir Gr	INF843K01KK1	Karur Vysya Bank Ltd	Financial Services	33.98	1.06	58.53	June25	10.18
Edelweiss Flexi Cap Dir Gr	INF843K01KK1	Karur Vysya Bank Ltd	Financial Services	33.98	1.06	58.53	July25	9.19
Edelweiss Flexi Cap Dir Gr	INF843K01KK1	Karur Vysya Bank Ltd	Financial Services	33.98	1.06	58.53	Aug25	8.13
Edelweiss Flexi Cap Dir Gr	INF843K01KK1	City Union Bank Ltd	Financial Services	33.79	1.05	0.00	Oct24	5.55
Edelweiss Flexi Cap Dir Gr	INF843K01KK1	City Union Bank Ltd	Financial Services	33.79	1.05	0.00	Nov24	7.52
Edelweiss Flexi Cap Dir Gr	INF843K01KK1	City Union Bank Ltd	Financial Services	33.79	1.05	0.00	Dec24	3.56
Edelweiss Flexi Cap Dir Gr	INF843K01KK1	City Union Bank Ltd	Financial Services	33.79	1.05	0.00	Jan25	5.32
Edelweiss Flexi Cap Dir Gr	INF843K01KK1	City Union Bank Ltd	Financial Services	33.79	1.05	0.00	Feb25	5.59
Edelweiss Flexi Cap Dir Gr	INF843K01KK1	City Union Bank Ltd	Financial Services	33.79	1.05	0.00	Mar25	15.51
Edelweiss Flexi Cap Dir Gr	INF843K01KK1	City Union Bank Ltd	Financial Services	33.79	1.05	0.00	Mar25	15.51
Edelweiss Flexi Cap Dir Gr	INF843K01KK1	City Union Bank Ltd	Financial Services	33.79	1.05	0.00	Apr25	12.51
Edelweiss Flexi Cap Dir Gr	INF843K01KK1	City Union Bank Ltd	Financial Services	33.79	1.05	0.00	May25	11.15
Edelweiss Flexi Cap Dir Gr	INF843K01KK1	City Union Bank Ltd	Financial Services	33.79	1.05	0.00	June25	10.18
Edelweiss Flexi Cap Dir Gr	INF843K01KK1	City Union Bank Ltd	Financial Services	33.79	1.05	0.00	July25	9.19
Edelweiss Flexi Cap Dir Gr	INF843K01KK1	City Union Bank Ltd	Financial Services	33.79	1.05	0.00	Aug25	8.13
Edelweiss Flexi Cap Dir Gr	INF843K01KK1	Canara Bank	Financial Services	33.44	1.04	0.00	Oct24	5.55
Edelweiss Flexi Cap Dir Gr	INF843K01KK1	Canara Bank	Financial Services	33.44	1.04	0.00	Nov24	7.52
Edelweiss Flexi Cap Dir Gr	INF843K01KK1	Canara Bank	Financial Services	33.44	1.04	0.00	Dec24	3.56
Edelweiss Flexi Cap Dir Gr	INF843K01KK1	Canara Bank	Financial Services	33.44	1.04	0.00	Jan25	5.32
Edelweiss Flexi Cap Dir Gr	INF843K01KK1	Canara Bank	Financial Services	33.44	1.04	0.00	Feb25	5.59
Edelweiss Flexi Cap Dir Gr	INF843K01KK1	Canara Bank	Financial Services	33.44	1.04	0.00	Mar25	15.51
Edelweiss Flexi Cap Dir Gr	INF843K01KK1	Canara Bank	Financial Services	33.44	1.04	0.00	Mar25	15.51
Edelweiss Flexi Cap Dir Gr	INF843K01KK1	Canara Bank	Financial Services	33.44	1.04	0.00	Apr25	12.51
Edelweiss Flexi Cap Dir Gr	INF843K01KK1	Canara Bank	Financial Services	33.44	1.04	0.00	May25	11.15
Edelweiss Flexi Cap Dir Gr	INF843K01KK1	Canara Bank	Financial Services	33.44	1.04	0.00	June25	10.18
Edelweiss Flexi Cap Dir Gr	INF843K01KK1	Canara Bank	Financial Services	33.44	1.04	0.00	July25	9.19
Edelweiss Flexi Cap Dir Gr	INF843K01KK1	Canara Bank	Financial Services	33.44	1.04	0.00	Aug25	8.13
Edelweiss Flexi Cap Dir Gr	INF843K01KK1	LG Electronics India Ltd	Technology	33.36	1.04	48.04	Oct24	5.55
Edelweiss Flexi Cap Dir Gr	INF843K01KK1	LG Electronics India Ltd	Technology	33.36	1.04	48.04	Nov24	7.52
Edelweiss Flexi Cap Dir Gr	INF843K01KK1	LG Electronics India Ltd	Technology	33.36	1.04	48.04	Dec24	3.56
Edelweiss Flexi Cap Dir Gr	INF843K01KK1	LG Electronics India Ltd	Technology	33.36	1.04	48.04	Jan25	5.32
Edelweiss Flexi Cap Dir Gr	INF843K01KK1	LG Electronics India Ltd	Technology	33.36	1.04	48.04	Feb25	5.59
Edelweiss Flexi Cap Dir Gr	INF843K01KK1	LG Electronics India Ltd	Technology	33.36	1.04	48.04	Mar25	15.51
Edelweiss Flexi Cap Dir Gr	INF843K01KK1	LG Electronics India Ltd	Technology	33.36	1.04	48.04	Mar25	15.51
Edelweiss Flexi Cap Dir Gr	INF843K01KK1	LG Electronics India Ltd	Technology	33.36	1.04	48.04	Apr25	12.51
Edelweiss Flexi Cap Dir Gr	INF843K01KK1	LG Electronics India Ltd	Technology	33.36	1.04	48.04	May25	11.15
Edelweiss Flexi Cap Dir Gr	INF843K01KK1	LG Electronics India Ltd	Technology	33.36	1.04	48.04	June25	10.18
Edelweiss Flexi Cap Dir Gr	INF843K01KK1	LG Electronics India Ltd	Technology	33.36	1.04	48.04	July25	9.19
Edelweiss Flexi Cap Dir Gr	INF843K01KK1	LG Electronics India Ltd	Technology	33.36	1.04	48.04	Aug25	8.13
Edelweiss Flexi Cap Dir Gr	INF843K01KK1	Max Healthcare Institute Ltd Ordinary Shares	Healthcare	32.82	1.02	0.00	Oct24	5.55
Edelweiss Flexi Cap Dir Gr	INF843K01KK1	Max Healthcare Institute Ltd Ordinary Shares	Healthcare	32.82	1.02	0.00	Nov24	7.52
Edelweiss Flexi Cap Dir Gr	INF843K01KK1	Max Healthcare Institute Ltd Ordinary Shares	Healthcare	32.82	1.02	0.00	Dec24	3.56
Edelweiss Flexi Cap Dir Gr	INF843K01KK1	Max Healthcare Institute Ltd Ordinary Shares	Healthcare	32.82	1.02	0.00	Jan25	5.32
Edelweiss Flexi Cap Dir Gr	INF843K01KK1	Max Healthcare Institute Ltd Ordinary Shares	Healthcare	32.82	1.02	0.00	Feb25	5.59
Edelweiss Flexi Cap Dir Gr	INF843K01KK1	Max Healthcare Institute Ltd Ordinary Shares	Healthcare	32.82	1.02	0.00	Mar25	15.51
Edelweiss Flexi Cap Dir Gr	INF843K01KK1	Max Healthcare Institute Ltd Ordinary Shares	Healthcare	32.82	1.02	0.00	Mar25	15.51
Edelweiss Flexi Cap Dir Gr	INF843K01KK1	Max Healthcare Institute Ltd Ordinary Shares	Healthcare	32.82	1.02	0.00	Apr25	12.51
Edelweiss Flexi Cap Dir Gr	INF843K01KK1	Max Healthcare Institute Ltd Ordinary Shares	Healthcare	32.82	1.02	0.00	May25	11.15
Edelweiss Flexi Cap Dir Gr	INF843K01KK1	Max Healthcare Institute Ltd Ordinary Shares	Healthcare	32.82	1.02	0.00	June25	10.18
Edelweiss Flexi Cap Dir Gr	INF843K01KK1	Max Healthcare Institute Ltd Ordinary Shares	Healthcare	32.82	1.02	0.00	July25	9.19
Edelweiss Flexi Cap Dir Gr	INF843K01KK1	Max Healthcare Institute Ltd Ordinary Shares	Healthcare	32.82	1.02	0.00	Aug25	8.13
Edelweiss Flexi Cap Dir Gr	INF843K01KK1	Mahindra & Mahindra Financial Services Ltd	Financial Services	32.67	1.02	105.28	Oct24	5.55
Edelweiss Flexi Cap Dir Gr	INF843K01KK1	Mahindra & Mahindra Financial Services Ltd	Financial Services	32.67	1.02	105.28	Nov24	7.52
Edelweiss Flexi Cap Dir Gr	INF843K01KK1	Mahindra & Mahindra Financial Services Ltd	Financial Services	32.67	1.02	105.28	Dec24	3.56
Edelweiss Flexi Cap Dir Gr	INF843K01KK1	Mahindra & Mahindra Financial Services Ltd	Financial Services	32.67	1.02	105.28	Jan25	5.32
Edelweiss Flexi Cap Dir Gr	INF843K01KK1	Mahindra & Mahindra Financial Services Ltd	Financial Services	32.67	1.02	105.28	Feb25	5.59
Edelweiss Flexi Cap Dir Gr	INF843K01KK1	Mahindra & Mahindra Financial Services Ltd	Financial Services	32.67	1.02	105.28	Mar25	15.51
Edelweiss Flexi Cap Dir Gr	INF843K01KK1	Mahindra & Mahindra Financial Services Ltd	Financial Services	32.67	1.02	105.28	Mar25	15.51
Edelweiss Flexi Cap Dir Gr	INF843K01KK1	Mahindra & Mahindra Financial Services Ltd	Financial Services	32.67	1.02	105.28	Apr25	12.51
Edelweiss Flexi Cap Dir Gr	INF843K01KK1	Mahindra & Mahindra Financial Services Ltd	Financial Services	32.67	1.02	105.28	May25	11.15
Edelweiss Flexi Cap Dir Gr	INF843K01KK1	Mahindra & Mahindra Financial Services Ltd	Financial Services	32.67	1.02	105.28	June25	10.18
Edelweiss Flexi Cap Dir Gr	INF843K01KK1	Mahindra & Mahindra Financial Services Ltd	Financial Services	32.67	1.02	105.28	July25	9.19
Edelweiss Flexi Cap Dir Gr	INF843K01KK1	Mahindra & Mahindra Financial Services Ltd	Financial Services	32.67	1.02	105.28	Aug25	8.13
Edelweiss Flexi Cap Dir Gr	INF843K01KK1	Sun Pharmaceuticals Industries Ltd	Healthcare	32.54	1.02	0.00	Oct24	5.55
Edelweiss Flexi Cap Dir Gr	INF843K01KK1	Sun Pharmaceuticals Industries Ltd	Healthcare	32.54	1.02	0.00	Nov24	7.52
Edelweiss Flexi Cap Dir Gr	INF843K01KK1	Sun Pharmaceuticals Industries Ltd	Healthcare	32.54	1.02	0.00	Dec24	3.56
Edelweiss Flexi Cap Dir Gr	INF843K01KK1	Sun Pharmaceuticals Industries Ltd	Healthcare	32.54	1.02	0.00	Jan25	5.32
Edelweiss Flexi Cap Dir Gr	INF843K01KK1	Sun Pharmaceuticals Industries Ltd	Healthcare	32.54	1.02	0.00	Feb25	5.59
Edelweiss Flexi Cap Dir Gr	INF843K01KK1	Sun Pharmaceuticals Industries Ltd	Healthcare	32.54	1.02	0.00	Mar25	15.51
Edelweiss Flexi Cap Dir Gr	INF843K01KK1	Sun Pharmaceuticals Industries Ltd	Healthcare	32.54	1.02	0.00	Mar25	15.51
Edelweiss Flexi Cap Dir Gr	INF843K01KK1	Sun Pharmaceuticals Industries Ltd	Healthcare	32.54	1.02	0.00	Apr25	12.51
Edelweiss Flexi Cap Dir Gr	INF843K01KK1	Sun Pharmaceuticals Industries Ltd	Healthcare	32.54	1.02	0.00	May25	11.15
Edelweiss Flexi Cap Dir Gr	INF843K01KK1	Sun Pharmaceuticals Industries Ltd	Healthcare	32.54	1.02	0.00	June25	10.18
Edelweiss Flexi Cap Dir Gr	INF843K01KK1	Sun Pharmaceuticals Industries Ltd	Healthcare	32.54	1.02	0.00	July25	9.19
Edelweiss Flexi Cap Dir Gr	INF843K01KK1	Sun Pharmaceuticals Industries Ltd	Healthcare	32.54	1.02	0.00	Aug25	8.13
Edelweiss Flexi Cap Dir Gr	INF843K01KK1	Hindustan Unilever Ltd	Consumer Defensive	31.64	0.99	0.00	Oct24	5.55
Edelweiss Flexi Cap Dir Gr	INF843K01KK1	Hindustan Unilever Ltd	Consumer Defensive	31.64	0.99	0.00	Nov24	7.52
Edelweiss Flexi Cap Dir Gr	INF843K01KK1	Hindustan Unilever Ltd	Consumer Defensive	31.64	0.99	0.00	Dec24	3.56
Edelweiss Flexi Cap Dir Gr	INF843K01KK1	Hindustan Unilever Ltd	Consumer Defensive	31.64	0.99	0.00	Jan25	5.32
Edelweiss Flexi Cap Dir Gr	INF843K01KK1	Hindustan Unilever Ltd	Consumer Defensive	31.64	0.99	0.00	Feb25	5.59
Edelweiss Flexi Cap Dir Gr	INF843K01KK1	Hindustan Unilever Ltd	Consumer Defensive	31.64	0.99	0.00	Mar25	15.51
Edelweiss Flexi Cap Dir Gr	INF843K01KK1	Hindustan Unilever Ltd	Consumer Defensive	31.64	0.99	0.00	Mar25	15.51
Edelweiss Flexi Cap Dir Gr	INF843K01KK1	Hindustan Unilever Ltd	Consumer Defensive	31.64	0.99	0.00	Apr25	12.51
Edelweiss Flexi Cap Dir Gr	INF843K01KK1	Hindustan Unilever Ltd	Consumer Defensive	31.64	0.99	0.00	May25	11.15
Edelweiss Flexi Cap Dir Gr	INF843K01KK1	Hindustan Unilever Ltd	Consumer Defensive	31.64	0.99	0.00	June25	10.18
Edelweiss Flexi Cap Dir Gr	INF843K01KK1	Hindustan Unilever Ltd	Consumer Defensive	31.64	0.99	0.00	July25	9.19
Edelweiss Flexi Cap Dir Gr	INF843K01KK1	Hindustan Unilever Ltd	Consumer Defensive	31.64	0.99	0.00	Aug25	8.13
Edelweiss Flexi Cap Dir Gr	INF843K01KK1	Indian Bank	Financial Services	31.59	0.99	0.00	Oct24	5.55
Edelweiss Flexi Cap Dir Gr	INF843K01KK1	Indian Bank	Financial Services	31.59	0.99	0.00	Nov24	7.52
Edelweiss Flexi Cap Dir Gr	INF843K01KK1	Indian Bank	Financial Services	31.59	0.99	0.00	Dec24	3.56
Edelweiss Flexi Cap Dir Gr	INF843K01KK1	Indian Bank	Financial Services	31.59	0.99	0.00	Jan25	5.32
Edelweiss Flexi Cap Dir Gr	INF843K01KK1	Indian Bank	Financial Services	31.59	0.99	0.00	Feb25	5.59
Edelweiss Flexi Cap Dir Gr	INF843K01KK1	Indian Bank	Financial Services	31.59	0.99	0.00	Mar25	15.51
Edelweiss Flexi Cap Dir Gr	INF843K01KK1	Indian Bank	Financial Services	31.59	0.99	0.00	Mar25	15.51
Edelweiss Flexi Cap Dir Gr	INF843K01KK1	Indian Bank	Financial Services	31.59	0.99	0.00	Apr25	12.51
Edelweiss Flexi Cap Dir Gr	INF843K01KK1	Indian Bank	Financial Services	31.59	0.99	0.00	May25	11.15
Edelweiss Flexi Cap Dir Gr	INF843K01KK1	Indian Bank	Financial Services	31.59	0.99	0.00	June25	10.18
Edelweiss Flexi Cap Dir Gr	INF843K01KK1	Indian Bank	Financial Services	31.59	0.99	0.00	July25	9.19
Edelweiss Flexi Cap Dir Gr	INF843K01KK1	Indian Bank	Financial Services	31.59	0.99	0.00	Aug25	8.13
Edelweiss Flexi Cap Dir Gr	INF843K01KK1	Phoenix Mills Ltd	Real Estate	30.03	0.94	0.00	Oct24	5.55
Edelweiss Flexi Cap Dir Gr	INF843K01KK1	Phoenix Mills Ltd	Real Estate	30.03	0.94	0.00	Nov24	7.52
Edelweiss Flexi Cap Dir Gr	INF843K01KK1	Phoenix Mills Ltd	Real Estate	30.03	0.94	0.00	Dec24	3.56
Edelweiss Flexi Cap Dir Gr	INF843K01KK1	Phoenix Mills Ltd	Real Estate	30.03	0.94	0.00	Jan25	5.32
Edelweiss Flexi Cap Dir Gr	INF843K01KK1	Phoenix Mills Ltd	Real Estate	30.03	0.94	0.00	Feb25	5.59
Edelweiss Flexi Cap Dir Gr	INF843K01KK1	Phoenix Mills Ltd	Real Estate	30.03	0.94	0.00	Mar25	15.51
Edelweiss Flexi Cap Dir Gr	INF843K01KK1	Phoenix Mills Ltd	Real Estate	30.03	0.94	0.00	Mar25	15.51
Edelweiss Flexi Cap Dir Gr	INF843K01KK1	Phoenix Mills Ltd	Real Estate	30.03	0.94	0.00	Apr25	12.51
Edelweiss Flexi Cap Dir Gr	INF843K01KK1	Phoenix Mills Ltd	Real Estate	30.03	0.94	0.00	May25	11.15
Edelweiss Flexi Cap Dir Gr	INF843K01KK1	Phoenix Mills Ltd	Real Estate	30.03	0.94	0.00	June25	10.18
Edelweiss Flexi Cap Dir Gr	INF843K01KK1	Phoenix Mills Ltd	Real Estate	30.03	0.94	0.00	July25	9.19
Edelweiss Flexi Cap Dir Gr	INF843K01KK1	Phoenix Mills Ltd	Real Estate	30.03	0.94	0.00	Aug25	8.13
Edelweiss Flexi Cap Dir Gr	INF843K01KK1	Vishal Mega Mart Ltd	Consumer Cyclical	29.90	0.93	9.00	Oct24	5.55
Edelweiss Flexi Cap Dir Gr	INF843K01KK1	Vishal Mega Mart Ltd	Consumer Cyclical	29.90	0.93	9.00	Nov24	7.52
Edelweiss Flexi Cap Dir Gr	INF843K01KK1	Vishal Mega Mart Ltd	Consumer Cyclical	29.90	0.93	9.00	Dec24	3.56
Edelweiss Flexi Cap Dir Gr	INF843K01KK1	Vishal Mega Mart Ltd	Consumer Cyclical	29.90	0.93	9.00	Jan25	5.32
Edelweiss Flexi Cap Dir Gr	INF843K01KK1	Vishal Mega Mart Ltd	Consumer Cyclical	29.90	0.93	9.00	Feb25	5.59
Edelweiss Flexi Cap Dir Gr	INF843K01KK1	Vishal Mega Mart Ltd	Consumer Cyclical	29.90	0.93	9.00	Mar25	15.51
Edelweiss Flexi Cap Dir Gr	INF843K01KK1	Vishal Mega Mart Ltd	Consumer Cyclical	29.90	0.93	9.00	Mar25	15.51
Edelweiss Flexi Cap Dir Gr	INF843K01KK1	Vishal Mega Mart Ltd	Consumer Cyclical	29.90	0.93	9.00	Apr25	12.51
Edelweiss Flexi Cap Dir Gr	INF843K01KK1	Vishal Mega Mart Ltd	Consumer Cyclical	29.90	0.93	9.00	May25	11.15
Edelweiss Flexi Cap Dir Gr	INF843K01KK1	Vishal Mega Mart Ltd	Consumer Cyclical	29.90	0.93	9.00	June25	10.18
Edelweiss Flexi Cap Dir Gr	INF843K01KK1	Vishal Mega Mart Ltd	Consumer Cyclical	29.90	0.93	9.00	July25	9.19
Edelweiss Flexi Cap Dir Gr	INF843K01KK1	Vishal Mega Mart Ltd	Consumer Cyclical	29.90	0.93	9.00	Aug25	8.13
Edelweiss Flexi Cap Dir Gr	INF843K01KK1	Maruti Suzuki India Ltd	Consumer Cyclical	29.36	0.92	0.00	Oct24	5.55
Edelweiss Flexi Cap Dir Gr	INF843K01KK1	Maruti Suzuki India Ltd	Consumer Cyclical	29.36	0.92	0.00	Nov24	7.52
Edelweiss Flexi Cap Dir Gr	INF843K01KK1	Maruti Suzuki India Ltd	Consumer Cyclical	29.36	0.92	0.00	Dec24	3.56
Edelweiss Flexi Cap Dir Gr	INF843K01KK1	Maruti Suzuki India Ltd	Consumer Cyclical	29.36	0.92	0.00	Jan25	5.32
Edelweiss Flexi Cap Dir Gr	INF843K01KK1	Maruti Suzuki India Ltd	Consumer Cyclical	29.36	0.92	0.00	Feb25	5.59
Edelweiss Flexi Cap Dir Gr	INF843K01KK1	Maruti Suzuki India Ltd	Consumer Cyclical	29.36	0.92	0.00	Mar25	15.51
Edelweiss Flexi Cap Dir Gr	INF843K01KK1	Maruti Suzuki India Ltd	Consumer Cyclical	29.36	0.92	0.00	Mar25	15.51
Edelweiss Flexi Cap Dir Gr	INF843K01KK1	Maruti Suzuki India Ltd	Consumer Cyclical	29.36	0.92	0.00	Apr25	12.51
Edelweiss Flexi Cap Dir Gr	INF843K01KK1	Maruti Suzuki India Ltd	Consumer Cyclical	29.36	0.92	0.00	May25	11.15
Edelweiss Flexi Cap Dir Gr	INF843K01KK1	Maruti Suzuki India Ltd	Consumer Cyclical	29.36	0.92	0.00	June25	10.18
Edelweiss Flexi Cap Dir Gr	INF843K01KK1	Maruti Suzuki India Ltd	Consumer Cyclical	29.36	0.92	0.00	July25	9.19
Edelweiss Flexi Cap Dir Gr	INF843K01KK1	Maruti Suzuki India Ltd	Consumer Cyclical	29.36	0.92	0.00	Aug25	8.13
Edelweiss Flexi Cap Dir Gr	INF843K01KK1	Hindalco Industries Ltd	Basic Materials	29.28	0.91	-25.31	Oct24	5.55
Edelweiss Flexi Cap Dir Gr	INF843K01KK1	Hindalco Industries Ltd	Basic Materials	29.28	0.91	-25.31	Nov24	7.52
Edelweiss Flexi Cap Dir Gr	INF843K01KK1	Hindalco Industries Ltd	Basic Materials	29.28	0.91	-25.31	Dec24	3.56
Edelweiss Flexi Cap Dir Gr	INF843K01KK1	Hindalco Industries Ltd	Basic Materials	29.28	0.91	-25.31	Jan25	5.32
Edelweiss Flexi Cap Dir Gr	INF843K01KK1	Hindalco Industries Ltd	Basic Materials	29.28	0.91	-25.31	Feb25	5.59
Edelweiss Flexi Cap Dir Gr	INF843K01KK1	Hindalco Industries Ltd	Basic Materials	29.28	0.91	-25.31	Mar25	15.51
Edelweiss Flexi Cap Dir Gr	INF843K01KK1	Hindalco Industries Ltd	Basic Materials	29.28	0.91	-25.31	Mar25	15.51
Edelweiss Flexi Cap Dir Gr	INF843K01KK1	Hindalco Industries Ltd	Basic Materials	29.28	0.91	-25.31	Apr25	12.51
Edelweiss Flexi Cap Dir Gr	INF843K01KK1	Hindalco Industries Ltd	Basic Materials	29.28	0.91	-25.31	May25	11.15
Edelweiss Flexi Cap Dir Gr	INF843K01KK1	Hindalco Industries Ltd	Basic Materials	29.28	0.91	-25.31	June25	10.18
Edelweiss Flexi Cap Dir Gr	INF843K01KK1	Hindalco Industries Ltd	Basic Materials	29.28	0.91	-25.31	July25	9.19
Edelweiss Flexi Cap Dir Gr	INF843K01KK1	Hindalco Industries Ltd	Basic Materials	29.28	0.91	-25.31	Aug25	8.13
Edelweiss Flexi Cap Dir Gr	INF843K01KK1	Jindal Stainless Ltd	Basic Materials	28.48	0.89	0.00	Oct24	5.55
Edelweiss Flexi Cap Dir Gr	INF843K01KK1	Jindal Stainless Ltd	Basic Materials	28.48	0.89	0.00	Nov24	7.52
Edelweiss Flexi Cap Dir Gr	INF843K01KK1	Jindal Stainless Ltd	Basic Materials	28.48	0.89	0.00	Dec24	3.56
Edelweiss Flexi Cap Dir Gr	INF843K01KK1	Jindal Stainless Ltd	Basic Materials	28.48	0.89	0.00	Jan25	5.32
Edelweiss Flexi Cap Dir Gr	INF843K01KK1	Jindal Stainless Ltd	Basic Materials	28.48	0.89	0.00	Feb25	5.59
Edelweiss Flexi Cap Dir Gr	INF843K01KK1	Jindal Stainless Ltd	Basic Materials	28.48	0.89	0.00	Mar25	15.51
Edelweiss Flexi Cap Dir Gr	INF843K01KK1	Jindal Stainless Ltd	Basic Materials	28.48	0.89	0.00	Mar25	15.51
Edelweiss Flexi Cap Dir Gr	INF843K01KK1	Jindal Stainless Ltd	Basic Materials	28.48	0.89	0.00	Apr25	12.51
Edelweiss Flexi Cap Dir Gr	INF843K01KK1	Jindal Stainless Ltd	Basic Materials	28.48	0.89	0.00	May25	11.15
Edelweiss Flexi Cap Dir Gr	INF843K01KK1	Jindal Stainless Ltd	Basic Materials	28.48	0.89	0.00	June25	10.18
Edelweiss Flexi Cap Dir Gr	INF843K01KK1	Jindal Stainless Ltd	Basic Materials	28.48	0.89	0.00	July25	9.19
Edelweiss Flexi Cap Dir Gr	INF843K01KK1	Jindal Stainless Ltd	Basic Materials	28.48	0.89	0.00	Aug25	8.13
Edelweiss Flexi Cap Dir Gr	INF843K01KK1	CreditAccess Grameen Ltd Ordinary Shares	Financial Services	28.30	0.88	0.00	Oct24	5.55
Edelweiss Flexi Cap Dir Gr	INF843K01KK1	CreditAccess Grameen Ltd Ordinary Shares	Financial Services	28.30	0.88	0.00	Nov24	7.52
Edelweiss Flexi Cap Dir Gr	INF843K01KK1	CreditAccess Grameen Ltd Ordinary Shares	Financial Services	28.30	0.88	0.00	Dec24	3.56
Edelweiss Flexi Cap Dir Gr	INF843K01KK1	CreditAccess Grameen Ltd Ordinary Shares	Financial Services	28.30	0.88	0.00	Jan25	5.32
Edelweiss Flexi Cap Dir Gr	INF843K01KK1	CreditAccess Grameen Ltd Ordinary Shares	Financial Services	28.30	0.88	0.00	Feb25	5.59
Edelweiss Flexi Cap Dir Gr	INF843K01KK1	CreditAccess Grameen Ltd Ordinary Shares	Financial Services	28.30	0.88	0.00	Mar25	15.51
Edelweiss Flexi Cap Dir Gr	INF843K01KK1	CreditAccess Grameen Ltd Ordinary Shares	Financial Services	28.30	0.88	0.00	Mar25	15.51
Edelweiss Flexi Cap Dir Gr	INF843K01KK1	CreditAccess Grameen Ltd Ordinary Shares	Financial Services	28.30	0.88	0.00	Apr25	12.51
Edelweiss Flexi Cap Dir Gr	INF843K01KK1	CreditAccess Grameen Ltd Ordinary Shares	Financial Services	28.30	0.88	0.00	May25	11.15
Edelweiss Flexi Cap Dir Gr	INF843K01KK1	CreditAccess Grameen Ltd Ordinary Shares	Financial Services	28.30	0.88	0.00	June25	10.18
Edelweiss Flexi Cap Dir Gr	INF843K01KK1	CreditAccess Grameen Ltd Ordinary Shares	Financial Services	28.30	0.88	0.00	July25	9.19
Edelweiss Flexi Cap Dir Gr	INF843K01KK1	CreditAccess Grameen Ltd Ordinary Shares	Financial Services	28.30	0.88	0.00	Aug25	8.13
Edelweiss Flexi Cap Dir Gr	INF843K01KK1	SRF Ltd	Industrials	28.18	0.88	115.90	Oct24	5.55
Edelweiss Flexi Cap Dir Gr	INF843K01KK1	SRF Ltd	Industrials	28.18	0.88	115.90	Nov24	7.52
Edelweiss Flexi Cap Dir Gr	INF843K01KK1	SRF Ltd	Industrials	28.18	0.88	115.90	Dec24	3.56
Edelweiss Flexi Cap Dir Gr	INF843K01KK1	SRF Ltd	Industrials	28.18	0.88	115.90	Jan25	5.32
Edelweiss Flexi Cap Dir Gr	INF843K01KK1	SRF Ltd	Industrials	28.18	0.88	115.90	Feb25	5.59
Edelweiss Flexi Cap Dir Gr	INF843K01KK1	SRF Ltd	Industrials	28.18	0.88	115.90	Mar25	15.51
Edelweiss Flexi Cap Dir Gr	INF843K01KK1	SRF Ltd	Industrials	28.18	0.88	115.90	Mar25	15.51
Edelweiss Flexi Cap Dir Gr	INF843K01KK1	SRF Ltd	Industrials	28.18	0.88	115.90	Apr25	12.51
Edelweiss Flexi Cap Dir Gr	INF843K01KK1	SRF Ltd	Industrials	28.18	0.88	115.90	May25	11.15
Edelweiss Flexi Cap Dir Gr	INF843K01KK1	SRF Ltd	Industrials	28.18	0.88	115.90	June25	10.18
Edelweiss Flexi Cap Dir Gr	INF843K01KK1	SRF Ltd	Industrials	28.18	0.88	115.90	July25	9.19
Edelweiss Flexi Cap Dir Gr	INF843K01KK1	SRF Ltd	Industrials	28.18	0.88	115.90	Aug25	8.13
Edelweiss Flexi Cap Dir Gr	INF843K01KK1	Axis Bank Ltd	Financial Services	27.98	0.87	0.00	Oct24	5.55
Edelweiss Flexi Cap Dir Gr	INF843K01KK1	Axis Bank Ltd	Financial Services	27.98	0.87	0.00	Nov24	7.52
Edelweiss Flexi Cap Dir Gr	INF843K01KK1	Axis Bank Ltd	Financial Services	27.98	0.87	0.00	Dec24	3.56
Edelweiss Flexi Cap Dir Gr	INF843K01KK1	Axis Bank Ltd	Financial Services	27.98	0.87	0.00	Jan25	5.32
Edelweiss Flexi Cap Dir Gr	INF843K01KK1	Axis Bank Ltd	Financial Services	27.98	0.87	0.00	Feb25	5.59
Edelweiss Flexi Cap Dir Gr	INF843K01KK1	Axis Bank Ltd	Financial Services	27.98	0.87	0.00	Mar25	15.51
Edelweiss Flexi Cap Dir Gr	INF843K01KK1	Axis Bank Ltd	Financial Services	27.98	0.87	0.00	Mar25	15.51
Edelweiss Flexi Cap Dir Gr	INF843K01KK1	Axis Bank Ltd	Financial Services	27.98	0.87	0.00	Apr25	12.51
Edelweiss Flexi Cap Dir Gr	INF843K01KK1	Axis Bank Ltd	Financial Services	27.98	0.87	0.00	May25	11.15
Edelweiss Flexi Cap Dir Gr	INF843K01KK1	Axis Bank Ltd	Financial Services	27.98	0.87	0.00	June25	10.18
Edelweiss Flexi Cap Dir Gr	INF843K01KK1	Axis Bank Ltd	Financial Services	27.98	0.87	0.00	July25	9.19
Edelweiss Flexi Cap Dir Gr	INF843K01KK1	Axis Bank Ltd	Financial Services	27.98	0.87	0.00	Aug25	8.13
Edelweiss Flexi Cap Dir Gr	INF843K01KK1	Radico Khaitan Ltd	Consumer Defensive	27.74	0.87	0.00	Oct24	5.55
Edelweiss Flexi Cap Dir Gr	INF843K01KK1	Radico Khaitan Ltd	Consumer Defensive	27.74	0.87	0.00	Nov24	7.52
Edelweiss Flexi Cap Dir Gr	INF843K01KK1	Radico Khaitan Ltd	Consumer Defensive	27.74	0.87	0.00	Dec24	3.56
Edelweiss Flexi Cap Dir Gr	INF843K01KK1	Radico Khaitan Ltd	Consumer Defensive	27.74	0.87	0.00	Jan25	5.32
Edelweiss Flexi Cap Dir Gr	INF843K01KK1	Radico Khaitan Ltd	Consumer Defensive	27.74	0.87	0.00	Feb25	5.59
Edelweiss Flexi Cap Dir Gr	INF843K01KK1	Radico Khaitan Ltd	Consumer Defensive	27.74	0.87	0.00	Mar25	15.51
Edelweiss Flexi Cap Dir Gr	INF843K01KK1	Radico Khaitan Ltd	Consumer Defensive	27.74	0.87	0.00	Mar25	15.51
Edelweiss Flexi Cap Dir Gr	INF843K01KK1	Radico Khaitan Ltd	Consumer Defensive	27.74	0.87	0.00	Apr25	12.51
Edelweiss Flexi Cap Dir Gr	INF843K01KK1	Radico Khaitan Ltd	Consumer Defensive	27.74	0.87	0.00	May25	11.15
Edelweiss Flexi Cap Dir Gr	INF843K01KK1	Radico Khaitan Ltd	Consumer Defensive	27.74	0.87	0.00	June25	10.18
Edelweiss Flexi Cap Dir Gr	INF843K01KK1	Radico Khaitan Ltd	Consumer Defensive	27.74	0.87	0.00	July25	9.19
Edelweiss Flexi Cap Dir Gr	INF843K01KK1	Radico Khaitan Ltd	Consumer Defensive	27.74	0.87	0.00	Aug25	8.13
Edelweiss Flexi Cap Dir Gr	INF843K01KK1	Ipca Laboratories Ltd	Healthcare	26.05	0.81	0.00	Oct24	5.55
Edelweiss Flexi Cap Dir Gr	INF843K01KK1	Ipca Laboratories Ltd	Healthcare	26.05	0.81	0.00	Nov24	7.52
Edelweiss Flexi Cap Dir Gr	INF843K01KK1	Ipca Laboratories Ltd	Healthcare	26.05	0.81	0.00	Dec24	3.56
Edelweiss Flexi Cap Dir Gr	INF843K01KK1	Ipca Laboratories Ltd	Healthcare	26.05	0.81	0.00	Jan25	5.32
Edelweiss Flexi Cap Dir Gr	INF843K01KK1	Ipca Laboratories Ltd	Healthcare	26.05	0.81	0.00	Feb25	5.59
Edelweiss Flexi Cap Dir Gr	INF843K01KK1	Ipca Laboratories Ltd	Healthcare	26.05	0.81	0.00	Mar25	15.51
Edelweiss Flexi Cap Dir Gr	INF843K01KK1	Ipca Laboratories Ltd	Healthcare	26.05	0.81	0.00	Mar25	15.51
Edelweiss Flexi Cap Dir Gr	INF843K01KK1	Ipca Laboratories Ltd	Healthcare	26.05	0.81	0.00	Apr25	12.51
Edelweiss Flexi Cap Dir Gr	INF843K01KK1	Ipca Laboratories Ltd	Healthcare	26.05	0.81	0.00	May25	11.15
Edelweiss Flexi Cap Dir Gr	INF843K01KK1	Ipca Laboratories Ltd	Healthcare	26.05	0.81	0.00	June25	10.18
Edelweiss Flexi Cap Dir Gr	INF843K01KK1	Ipca Laboratories Ltd	Healthcare	26.05	0.81	0.00	July25	9.19
Edelweiss Flexi Cap Dir Gr	INF843K01KK1	Ipca Laboratories Ltd	Healthcare	26.05	0.81	0.00	Aug25	8.13
Edelweiss Flexi Cap Dir Gr	INF843K01KK1	Indian Hotels Co Ltd	Consumer Cyclical	24.95	0.78	0.00	Oct24	5.55
Edelweiss Flexi Cap Dir Gr	INF843K01KK1	Indian Hotels Co Ltd	Consumer Cyclical	24.95	0.78	0.00	Nov24	7.52
Edelweiss Flexi Cap Dir Gr	INF843K01KK1	Indian Hotels Co Ltd	Consumer Cyclical	24.95	0.78	0.00	Dec24	3.56
Edelweiss Flexi Cap Dir Gr	INF843K01KK1	Indian Hotels Co Ltd	Consumer Cyclical	24.95	0.78	0.00	Jan25	5.32
Edelweiss Flexi Cap Dir Gr	INF843K01KK1	Indian Hotels Co Ltd	Consumer Cyclical	24.95	0.78	0.00	Feb25	5.59
Edelweiss Flexi Cap Dir Gr	INF843K01KK1	Indian Hotels Co Ltd	Consumer Cyclical	24.95	0.78	0.00	Mar25	15.51
Edelweiss Flexi Cap Dir Gr	INF843K01KK1	Indian Hotels Co Ltd	Consumer Cyclical	24.95	0.78	0.00	Mar25	15.51
Edelweiss Flexi Cap Dir Gr	INF843K01KK1	Indian Hotels Co Ltd	Consumer Cyclical	24.95	0.78	0.00	Apr25	12.51
Edelweiss Flexi Cap Dir Gr	INF843K01KK1	Indian Hotels Co Ltd	Consumer Cyclical	24.95	0.78	0.00	May25	11.15
Edelweiss Flexi Cap Dir Gr	INF843K01KK1	Indian Hotels Co Ltd	Consumer Cyclical	24.95	0.78	0.00	June25	10.18
Edelweiss Flexi Cap Dir Gr	INF843K01KK1	Indian Hotels Co Ltd	Consumer Cyclical	24.95	0.78	0.00	July25	9.19
Edelweiss Flexi Cap Dir Gr	INF843K01KK1	Indian Hotels Co Ltd	Consumer Cyclical	24.95	0.78	0.00	Aug25	8.13
Edelweiss Flexi Cap Dir Gr	INF843K01KK1	Eternal Ltd	Consumer Cyclical	24.78	0.77	0.00	Oct24	5.55
Edelweiss Flexi Cap Dir Gr	INF843K01KK1	Eternal Ltd	Consumer Cyclical	24.78	0.77	0.00	Nov24	7.52
Edelweiss Flexi Cap Dir Gr	INF843K01KK1	Eternal Ltd	Consumer Cyclical	24.78	0.77	0.00	Dec24	3.56
Edelweiss Flexi Cap Dir Gr	INF843K01KK1	Eternal Ltd	Consumer Cyclical	24.78	0.77	0.00	Jan25	5.32
Edelweiss Flexi Cap Dir Gr	INF843K01KK1	Eternal Ltd	Consumer Cyclical	24.78	0.77	0.00	Feb25	5.59
Edelweiss Flexi Cap Dir Gr	INF843K01KK1	Eternal Ltd	Consumer Cyclical	24.78	0.77	0.00	Mar25	15.51
Edelweiss Flexi Cap Dir Gr	INF843K01KK1	Eternal Ltd	Consumer Cyclical	24.78	0.77	0.00	Mar25	15.51
Edelweiss Flexi Cap Dir Gr	INF843K01KK1	Eternal Ltd	Consumer Cyclical	24.78	0.77	0.00	Apr25	12.51
Edelweiss Flexi Cap Dir Gr	INF843K01KK1	Eternal Ltd	Consumer Cyclical	24.78	0.77	0.00	May25	11.15
Edelweiss Flexi Cap Dir Gr	INF843K01KK1	Eternal Ltd	Consumer Cyclical	24.78	0.77	0.00	June25	10.18
Edelweiss Flexi Cap Dir Gr	INF843K01KK1	Eternal Ltd	Consumer Cyclical	24.78	0.77	0.00	July25	9.19
Edelweiss Flexi Cap Dir Gr	INF843K01KK1	Eternal Ltd	Consumer Cyclical	24.78	0.77	0.00	Aug25	8.13
Edelweiss Flexi Cap Dir Gr	INF843K01KK1	Cholamandalam Investment and Finance Co Ltd	Financial Services	23.66	0.74	0.00	Oct24	5.55
Edelweiss Flexi Cap Dir Gr	INF843K01KK1	Cholamandalam Investment and Finance Co Ltd	Financial Services	23.66	0.74	0.00	Nov24	7.52
Edelweiss Flexi Cap Dir Gr	INF843K01KK1	Cholamandalam Investment and Finance Co Ltd	Financial Services	23.66	0.74	0.00	Dec24	3.56
Edelweiss Flexi Cap Dir Gr	INF843K01KK1	Cholamandalam Investment and Finance Co Ltd	Financial Services	23.66	0.74	0.00	Jan25	5.32
Edelweiss Flexi Cap Dir Gr	INF843K01KK1	Cholamandalam Investment and Finance Co Ltd	Financial Services	23.66	0.74	0.00	Feb25	5.59
Edelweiss Flexi Cap Dir Gr	INF843K01KK1	Cholamandalam Investment and Finance Co Ltd	Financial Services	23.66	0.74	0.00	Mar25	15.51
Edelweiss Flexi Cap Dir Gr	INF843K01KK1	Cholamandalam Investment and Finance Co Ltd	Financial Services	23.66	0.74	0.00	Mar25	15.51
Edelweiss Flexi Cap Dir Gr	INF843K01KK1	Cholamandalam Investment and Finance Co Ltd	Financial Services	23.66	0.74	0.00	Apr25	12.51
Edelweiss Flexi Cap Dir Gr	INF843K01KK1	Cholamandalam Investment and Finance Co Ltd	Financial Services	23.66	0.74	0.00	May25	11.15
Edelweiss Flexi Cap Dir Gr	INF843K01KK1	Cholamandalam Investment and Finance Co Ltd	Financial Services	23.66	0.74	0.00	June25	10.18
Edelweiss Flexi Cap Dir Gr	INF843K01KK1	Cholamandalam Investment and Finance Co Ltd	Financial Services	23.66	0.74	0.00	July25	9.19
Edelweiss Flexi Cap Dir Gr	INF843K01KK1	Cholamandalam Investment and Finance Co Ltd	Financial Services	23.66	0.74	0.00	Aug25	8.13
Edelweiss Flexi Cap Dir Gr	INF843K01KK1	Edelweiss Liquid Dir Gr		23.38	0.73	0.00	Oct24	5.55
Edelweiss Flexi Cap Dir Gr	INF843K01KK1	Edelweiss Liquid Dir Gr		23.38	0.73	0.00	Nov24	7.52
Edelweiss Flexi Cap Dir Gr	INF843K01KK1	Edelweiss Liquid Dir Gr		23.38	0.73	0.00	Dec24	3.56
Edelweiss Flexi Cap Dir Gr	INF843K01KK1	Edelweiss Liquid Dir Gr		23.38	0.73	0.00	Jan25	5.32
Edelweiss Flexi Cap Dir Gr	INF843K01KK1	Edelweiss Liquid Dir Gr		23.38	0.73	0.00	Feb25	5.59
Edelweiss Flexi Cap Dir Gr	INF843K01KK1	Edelweiss Liquid Dir Gr		23.38	0.73	0.00	Mar25	15.51
Edelweiss Flexi Cap Dir Gr	INF843K01KK1	Edelweiss Liquid Dir Gr		23.38	0.73	0.00	Mar25	15.51
Edelweiss Flexi Cap Dir Gr	INF843K01KK1	Edelweiss Liquid Dir Gr		23.38	0.73	0.00	Apr25	12.51
Edelweiss Flexi Cap Dir Gr	INF843K01KK1	Edelweiss Liquid Dir Gr		23.38	0.73	0.00	May25	11.15
Edelweiss Flexi Cap Dir Gr	INF843K01KK1	Edelweiss Liquid Dir Gr		23.38	0.73	0.00	June25	10.18
Edelweiss Flexi Cap Dir Gr	INF843K01KK1	Edelweiss Liquid Dir Gr		23.38	0.73	0.00	July25	9.19
Edelweiss Flexi Cap Dir Gr	INF843K01KK1	Edelweiss Liquid Dir Gr		23.38	0.73	0.00	Aug25	8.13
Edelweiss Flexi Cap Dir Gr	INF843K01KK1	Hindustan Petroleum Corp Ltd	Energy	22.60	0.71	0.00	Oct24	5.55
Edelweiss Flexi Cap Dir Gr	INF843K01KK1	Hindustan Petroleum Corp Ltd	Energy	22.60	0.71	0.00	Nov24	7.52
Edelweiss Flexi Cap Dir Gr	INF843K01KK1	Hindustan Petroleum Corp Ltd	Energy	22.60	0.71	0.00	Dec24	3.56
Edelweiss Flexi Cap Dir Gr	INF843K01KK1	Hindustan Petroleum Corp Ltd	Energy	22.60	0.71	0.00	Jan25	5.32
Edelweiss Flexi Cap Dir Gr	INF843K01KK1	Hindustan Petroleum Corp Ltd	Energy	22.60	0.71	0.00	Feb25	5.59
Edelweiss Flexi Cap Dir Gr	INF843K01KK1	Hindustan Petroleum Corp Ltd	Energy	22.60	0.71	0.00	Mar25	15.51
Edelweiss Flexi Cap Dir Gr	INF843K01KK1	Hindustan Petroleum Corp Ltd	Energy	22.60	0.71	0.00	Mar25	15.51
Edelweiss Flexi Cap Dir Gr	INF843K01KK1	Hindustan Petroleum Corp Ltd	Energy	22.60	0.71	0.00	Apr25	12.51
Edelweiss Flexi Cap Dir Gr	INF843K01KK1	Hindustan Petroleum Corp Ltd	Energy	22.60	0.71	0.00	May25	11.15
Edelweiss Flexi Cap Dir Gr	INF843K01KK1	Hindustan Petroleum Corp Ltd	Energy	22.60	0.71	0.00	June25	10.18
Edelweiss Flexi Cap Dir Gr	INF843K01KK1	Hindustan Petroleum Corp Ltd	Energy	22.60	0.71	0.00	July25	9.19
Edelweiss Flexi Cap Dir Gr	INF843K01KK1	Hindustan Petroleum Corp Ltd	Energy	22.60	0.71	0.00	Aug25	8.13
Edelweiss Flexi Cap Dir Gr	INF843K01KK1	UNO Minda Ltd	Consumer Cyclical	22.43	0.70	0.00	Oct24	5.55
Edelweiss Flexi Cap Dir Gr	INF843K01KK1	UNO Minda Ltd	Consumer Cyclical	22.43	0.70	0.00	Nov24	7.52
Edelweiss Flexi Cap Dir Gr	INF843K01KK1	UNO Minda Ltd	Consumer Cyclical	22.43	0.70	0.00	Dec24	3.56
Edelweiss Flexi Cap Dir Gr	INF843K01KK1	UNO Minda Ltd	Consumer Cyclical	22.43	0.70	0.00	Jan25	5.32
Edelweiss Flexi Cap Dir Gr	INF843K01KK1	UNO Minda Ltd	Consumer Cyclical	22.43	0.70	0.00	Feb25	5.59
Edelweiss Flexi Cap Dir Gr	INF843K01KK1	UNO Minda Ltd	Consumer Cyclical	22.43	0.70	0.00	Mar25	15.51
Edelweiss Flexi Cap Dir Gr	INF843K01KK1	UNO Minda Ltd	Consumer Cyclical	22.43	0.70	0.00	Mar25	15.51
Edelweiss Flexi Cap Dir Gr	INF843K01KK1	UNO Minda Ltd	Consumer Cyclical	22.43	0.70	0.00	Apr25	12.51
Edelweiss Flexi Cap Dir Gr	INF843K01KK1	UNO Minda Ltd	Consumer Cyclical	22.43	0.70	0.00	May25	11.15
Edelweiss Flexi Cap Dir Gr	INF843K01KK1	UNO Minda Ltd	Consumer Cyclical	22.43	0.70	0.00	June25	10.18
Edelweiss Flexi Cap Dir Gr	INF843K01KK1	UNO Minda Ltd	Consumer Cyclical	22.43	0.70	0.00	July25	9.19
Edelweiss Flexi Cap Dir Gr	INF843K01KK1	UNO Minda Ltd	Consumer Cyclical	22.43	0.70	0.00	Aug25	8.13
Edelweiss Flexi Cap Dir Gr	INF843K01KK1	HCL Technologies Ltd	Technology	22.09	0.69	0.00	Oct24	5.55
Edelweiss Flexi Cap Dir Gr	INF843K01KK1	HCL Technologies Ltd	Technology	22.09	0.69	0.00	Nov24	7.52
Edelweiss Flexi Cap Dir Gr	INF843K01KK1	HCL Technologies Ltd	Technology	22.09	0.69	0.00	Dec24	3.56
Edelweiss Flexi Cap Dir Gr	INF843K01KK1	HCL Technologies Ltd	Technology	22.09	0.69	0.00	Jan25	5.32
Edelweiss Flexi Cap Dir Gr	INF843K01KK1	HCL Technologies Ltd	Technology	22.09	0.69	0.00	Feb25	5.59
Edelweiss Flexi Cap Dir Gr	INF843K01KK1	HCL Technologies Ltd	Technology	22.09	0.69	0.00	Mar25	15.51
Edelweiss Flexi Cap Dir Gr	INF843K01KK1	HCL Technologies Ltd	Technology	22.09	0.69	0.00	Mar25	15.51
Edelweiss Flexi Cap Dir Gr	INF843K01KK1	HCL Technologies Ltd	Technology	22.09	0.69	0.00	Apr25	12.51
Edelweiss Flexi Cap Dir Gr	INF843K01KK1	HCL Technologies Ltd	Technology	22.09	0.69	0.00	May25	11.15
Edelweiss Flexi Cap Dir Gr	INF843K01KK1	HCL Technologies Ltd	Technology	22.09	0.69	0.00	June25	10.18
Edelweiss Flexi Cap Dir Gr	INF843K01KK1	HCL Technologies Ltd	Technology	22.09	0.69	0.00	July25	9.19
Edelweiss Flexi Cap Dir Gr	INF843K01KK1	HCL Technologies Ltd	Technology	22.09	0.69	0.00	Aug25	8.13
Edelweiss Flexi Cap Dir Gr	INF843K01KK1	Coforge Ltd	Technology	22.09	0.69	-16.20	Oct24	5.55
Edelweiss Flexi Cap Dir Gr	INF843K01KK1	Coforge Ltd	Technology	22.09	0.69	-16.20	Nov24	7.52
Edelweiss Flexi Cap Dir Gr	INF843K01KK1	Coforge Ltd	Technology	22.09	0.69	-16.20	Dec24	3.56
Edelweiss Flexi Cap Dir Gr	INF843K01KK1	Coforge Ltd	Technology	22.09	0.69	-16.20	Jan25	5.32
Edelweiss Flexi Cap Dir Gr	INF843K01KK1	Coforge Ltd	Technology	22.09	0.69	-16.20	Feb25	5.59
Edelweiss Flexi Cap Dir Gr	INF843K01KK1	Coforge Ltd	Technology	22.09	0.69	-16.20	Mar25	15.51
Edelweiss Flexi Cap Dir Gr	INF843K01KK1	Coforge Ltd	Technology	22.09	0.69	-16.20	Mar25	15.51
Edelweiss Flexi Cap Dir Gr	INF843K01KK1	Coforge Ltd	Technology	22.09	0.69	-16.20	Apr25	12.51
Edelweiss Flexi Cap Dir Gr	INF843K01KK1	Coforge Ltd	Technology	22.09	0.69	-16.20	May25	11.15
Edelweiss Flexi Cap Dir Gr	INF843K01KK1	Coforge Ltd	Technology	22.09	0.69	-16.20	June25	10.18
Edelweiss Flexi Cap Dir Gr	INF843K01KK1	Coforge Ltd	Technology	22.09	0.69	-16.20	July25	9.19
Edelweiss Flexi Cap Dir Gr	INF843K01KK1	Coforge Ltd	Technology	22.09	0.69	-16.20	Aug25	8.13
Edelweiss Flexi Cap Dir Gr	INF843K01KK1	Persistent Systems Ltd	Technology	21.67	0.68	-39.79	Oct24	5.55
Edelweiss Flexi Cap Dir Gr	INF843K01KK1	Persistent Systems Ltd	Technology	21.67	0.68	-39.79	Nov24	7.52
Edelweiss Flexi Cap Dir Gr	INF843K01KK1	Persistent Systems Ltd	Technology	21.67	0.68	-39.79	Dec24	3.56
Edelweiss Flexi Cap Dir Gr	INF843K01KK1	Persistent Systems Ltd	Technology	21.67	0.68	-39.79	Jan25	5.32
Edelweiss Flexi Cap Dir Gr	INF843K01KK1	Persistent Systems Ltd	Technology	21.67	0.68	-39.79	Feb25	5.59
Edelweiss Flexi Cap Dir Gr	INF843K01KK1	Persistent Systems Ltd	Technology	21.67	0.68	-39.79	Mar25	15.51
Edelweiss Flexi Cap Dir Gr	INF843K01KK1	Persistent Systems Ltd	Technology	21.67	0.68	-39.79	Mar25	15.51
Edelweiss Flexi Cap Dir Gr	INF843K01KK1	Persistent Systems Ltd	Technology	21.67	0.68	-39.79	Apr25	12.51
Edelweiss Flexi Cap Dir Gr	INF843K01KK1	Persistent Systems Ltd	Technology	21.67	0.68	-39.79	May25	11.15
Edelweiss Flexi Cap Dir Gr	INF843K01KK1	Persistent Systems Ltd	Technology	21.67	0.68	-39.79	June25	10.18
Edelweiss Flexi Cap Dir Gr	INF843K01KK1	Persistent Systems Ltd	Technology	21.67	0.68	-39.79	July25	9.19
Edelweiss Flexi Cap Dir Gr	INF843K01KK1	Persistent Systems Ltd	Technology	21.67	0.68	-39.79	Aug25	8.13
Edelweiss Flexi Cap Dir Gr	INF843K01KK1	GE Vernova T&D India Ltd	Industrials	21.31	0.67	0.00	Oct24	5.55
Edelweiss Flexi Cap Dir Gr	INF843K01KK1	GE Vernova T&D India Ltd	Industrials	21.31	0.67	0.00	Nov24	7.52
Edelweiss Flexi Cap Dir Gr	INF843K01KK1	GE Vernova T&D India Ltd	Industrials	21.31	0.67	0.00	Dec24	3.56
Edelweiss Flexi Cap Dir Gr	INF843K01KK1	GE Vernova T&D India Ltd	Industrials	21.31	0.67	0.00	Jan25	5.32
Edelweiss Flexi Cap Dir Gr	INF843K01KK1	GE Vernova T&D India Ltd	Industrials	21.31	0.67	0.00	Feb25	5.59
Edelweiss Flexi Cap Dir Gr	INF843K01KK1	GE Vernova T&D India Ltd	Industrials	21.31	0.67	0.00	Mar25	15.51
Edelweiss Flexi Cap Dir Gr	INF843K01KK1	GE Vernova T&D India Ltd	Industrials	21.31	0.67	0.00	Mar25	15.51
Edelweiss Flexi Cap Dir Gr	INF843K01KK1	GE Vernova T&D India Ltd	Industrials	21.31	0.67	0.00	Apr25	12.51
Edelweiss Flexi Cap Dir Gr	INF843K01KK1	GE Vernova T&D India Ltd	Industrials	21.31	0.67	0.00	May25	11.15
Edelweiss Flexi Cap Dir Gr	INF843K01KK1	GE Vernova T&D India Ltd	Industrials	21.31	0.67	0.00	June25	10.18
Edelweiss Flexi Cap Dir Gr	INF843K01KK1	GE Vernova T&D India Ltd	Industrials	21.31	0.67	0.00	July25	9.19
Edelweiss Flexi Cap Dir Gr	INF843K01KK1	GE Vernova T&D India Ltd	Industrials	21.31	0.67	0.00	Aug25	8.13
Edelweiss Flexi Cap Dir Gr	INF843K01KK1	Tata Motors Ltd	Consumer Cyclical	20.69	0.65	17.96	Oct24	5.55
Edelweiss Flexi Cap Dir Gr	INF843K01KK1	Tata Motors Ltd	Consumer Cyclical	20.69	0.65	17.96	Nov24	7.52
Edelweiss Flexi Cap Dir Gr	INF843K01KK1	Tata Motors Ltd	Consumer Cyclical	20.69	0.65	17.96	Dec24	3.56
Edelweiss Flexi Cap Dir Gr	INF843K01KK1	Tata Motors Ltd	Consumer Cyclical	20.69	0.65	17.96	Jan25	5.32
Edelweiss Flexi Cap Dir Gr	INF843K01KK1	Tata Motors Ltd	Consumer Cyclical	20.69	0.65	17.96	Feb25	5.59
Edelweiss Flexi Cap Dir Gr	INF843K01KK1	Tata Motors Ltd	Consumer Cyclical	20.69	0.65	17.96	Mar25	15.51
Edelweiss Flexi Cap Dir Gr	INF843K01KK1	Tata Motors Ltd	Consumer Cyclical	20.69	0.65	17.96	Mar25	15.51
Edelweiss Flexi Cap Dir Gr	INF843K01KK1	Tata Motors Ltd	Consumer Cyclical	20.69	0.65	17.96	Apr25	12.51
Edelweiss Flexi Cap Dir Gr	INF843K01KK1	Tata Motors Ltd	Consumer Cyclical	20.69	0.65	17.96	May25	11.15
Edelweiss Flexi Cap Dir Gr	INF843K01KK1	Tata Motors Ltd	Consumer Cyclical	20.69	0.65	17.96	June25	10.18
Edelweiss Flexi Cap Dir Gr	INF843K01KK1	Tata Motors Ltd	Consumer Cyclical	20.69	0.65	17.96	July25	9.19
Edelweiss Flexi Cap Dir Gr	INF843K01KK1	Tata Motors Ltd	Consumer Cyclical	20.69	0.65	17.96	Aug25	8.13
Edelweiss Flexi Cap Dir Gr	INF843K01KK1	Endurance Technologies Ltd	Consumer Cyclical	20.36	0.64	0.00	Oct24	5.55
Edelweiss Flexi Cap Dir Gr	INF843K01KK1	Endurance Technologies Ltd	Consumer Cyclical	20.36	0.64	0.00	Nov24	7.52
Edelweiss Flexi Cap Dir Gr	INF843K01KK1	Endurance Technologies Ltd	Consumer Cyclical	20.36	0.64	0.00	Dec24	3.56
Edelweiss Flexi Cap Dir Gr	INF843K01KK1	Endurance Technologies Ltd	Consumer Cyclical	20.36	0.64	0.00	Jan25	5.32
Edelweiss Flexi Cap Dir Gr	INF843K01KK1	Endurance Technologies Ltd	Consumer Cyclical	20.36	0.64	0.00	Feb25	5.59
Edelweiss Flexi Cap Dir Gr	INF843K01KK1	Endurance Technologies Ltd	Consumer Cyclical	20.36	0.64	0.00	Mar25	15.51
Edelweiss Flexi Cap Dir Gr	INF843K01KK1	Endurance Technologies Ltd	Consumer Cyclical	20.36	0.64	0.00	Mar25	15.51
Edelweiss Flexi Cap Dir Gr	INF843K01KK1	Endurance Technologies Ltd	Consumer Cyclical	20.36	0.64	0.00	Apr25	12.51
Edelweiss Flexi Cap Dir Gr	INF843K01KK1	Endurance Technologies Ltd	Consumer Cyclical	20.36	0.64	0.00	May25	11.15
Edelweiss Flexi Cap Dir Gr	INF843K01KK1	Endurance Technologies Ltd	Consumer Cyclical	20.36	0.64	0.00	June25	10.18
Edelweiss Flexi Cap Dir Gr	INF843K01KK1	Endurance Technologies Ltd	Consumer Cyclical	20.36	0.64	0.00	July25	9.19
Edelweiss Flexi Cap Dir Gr	INF843K01KK1	Endurance Technologies Ltd	Consumer Cyclical	20.36	0.64	0.00	Aug25	8.13
Edelweiss Flexi Cap Dir Gr	INF843K01KK1	Lupin Ltd	Healthcare	19.53	0.61	0.00	Oct24	5.55
Edelweiss Flexi Cap Dir Gr	INF843K01KK1	Lupin Ltd	Healthcare	19.53	0.61	0.00	Nov24	7.52
Edelweiss Flexi Cap Dir Gr	INF843K01KK1	Lupin Ltd	Healthcare	19.53	0.61	0.00	Dec24	3.56
Edelweiss Flexi Cap Dir Gr	INF843K01KK1	Lupin Ltd	Healthcare	19.53	0.61	0.00	Jan25	5.32
Edelweiss Flexi Cap Dir Gr	INF843K01KK1	Lupin Ltd	Healthcare	19.53	0.61	0.00	Feb25	5.59
Edelweiss Flexi Cap Dir Gr	INF843K01KK1	Lupin Ltd	Healthcare	19.53	0.61	0.00	Mar25	15.51
Edelweiss Flexi Cap Dir Gr	INF843K01KK1	Lupin Ltd	Healthcare	19.53	0.61	0.00	Mar25	15.51
Edelweiss Flexi Cap Dir Gr	INF843K01KK1	Lupin Ltd	Healthcare	19.53	0.61	0.00	Apr25	12.51
Edelweiss Flexi Cap Dir Gr	INF843K01KK1	Lupin Ltd	Healthcare	19.53	0.61	0.00	May25	11.15
Edelweiss Flexi Cap Dir Gr	INF843K01KK1	Lupin Ltd	Healthcare	19.53	0.61	0.00	June25	10.18
Edelweiss Flexi Cap Dir Gr	INF843K01KK1	Lupin Ltd	Healthcare	19.53	0.61	0.00	July25	9.19
Edelweiss Flexi Cap Dir Gr	INF843K01KK1	Lupin Ltd	Healthcare	19.53	0.61	0.00	Aug25	8.13
Edelweiss Flexi Cap Dir Gr	INF843K01KK1	CG Power & Industrial Solutions Ltd	Industrials	19.22	0.60	0.00	Oct24	5.55
Edelweiss Flexi Cap Dir Gr	INF843K01KK1	CG Power & Industrial Solutions Ltd	Industrials	19.22	0.60	0.00	Nov24	7.52
Edelweiss Flexi Cap Dir Gr	INF843K01KK1	CG Power & Industrial Solutions Ltd	Industrials	19.22	0.60	0.00	Dec24	3.56
Edelweiss Flexi Cap Dir Gr	INF843K01KK1	CG Power & Industrial Solutions Ltd	Industrials	19.22	0.60	0.00	Jan25	5.32
Edelweiss Flexi Cap Dir Gr	INF843K01KK1	CG Power & Industrial Solutions Ltd	Industrials	19.22	0.60	0.00	Feb25	5.59
Edelweiss Flexi Cap Dir Gr	INF843K01KK1	CG Power & Industrial Solutions Ltd	Industrials	19.22	0.60	0.00	Mar25	15.51
Edelweiss Flexi Cap Dir Gr	INF843K01KK1	CG Power & Industrial Solutions Ltd	Industrials	19.22	0.60	0.00	Mar25	15.51
Edelweiss Flexi Cap Dir Gr	INF843K01KK1	CG Power & Industrial Solutions Ltd	Industrials	19.22	0.60	0.00	Apr25	12.51
Edelweiss Flexi Cap Dir Gr	INF843K01KK1	CG Power & Industrial Solutions Ltd	Industrials	19.22	0.60	0.00	May25	11.15
Edelweiss Flexi Cap Dir Gr	INF843K01KK1	CG Power & Industrial Solutions Ltd	Industrials	19.22	0.60	0.00	June25	10.18
Edelweiss Flexi Cap Dir Gr	INF843K01KK1	CG Power & Industrial Solutions Ltd	Industrials	19.22	0.60	0.00	July25	9.19
Edelweiss Flexi Cap Dir Gr	INF843K01KK1	CG Power & Industrial Solutions Ltd	Industrials	19.22	0.60	0.00	Aug25	8.13
Edelweiss Flexi Cap Dir Gr	INF843K01KK1	Bikaji Foods International Ltd	Consumer Defensive	18.11	0.57	0.00	Oct24	5.55
Edelweiss Flexi Cap Dir Gr	INF843K01KK1	Bikaji Foods International Ltd	Consumer Defensive	18.11	0.57	0.00	Nov24	7.52
Edelweiss Flexi Cap Dir Gr	INF843K01KK1	Bikaji Foods International Ltd	Consumer Defensive	18.11	0.57	0.00	Dec24	3.56
Edelweiss Flexi Cap Dir Gr	INF843K01KK1	Bikaji Foods International Ltd	Consumer Defensive	18.11	0.57	0.00	Jan25	5.32
Edelweiss Flexi Cap Dir Gr	INF843K01KK1	Bikaji Foods International Ltd	Consumer Defensive	18.11	0.57	0.00	Feb25	5.59
Edelweiss Flexi Cap Dir Gr	INF843K01KK1	Bikaji Foods International Ltd	Consumer Defensive	18.11	0.57	0.00	Mar25	15.51
Edelweiss Flexi Cap Dir Gr	INF843K01KK1	Bikaji Foods International Ltd	Consumer Defensive	18.11	0.57	0.00	Mar25	15.51
Edelweiss Flexi Cap Dir Gr	INF843K01KK1	Bikaji Foods International Ltd	Consumer Defensive	18.11	0.57	0.00	Apr25	12.51
Edelweiss Flexi Cap Dir Gr	INF843K01KK1	Bikaji Foods International Ltd	Consumer Defensive	18.11	0.57	0.00	May25	11.15
Edelweiss Flexi Cap Dir Gr	INF843K01KK1	Bikaji Foods International Ltd	Consumer Defensive	18.11	0.57	0.00	June25	10.18
Edelweiss Flexi Cap Dir Gr	INF843K01KK1	Bikaji Foods International Ltd	Consumer Defensive	18.11	0.57	0.00	July25	9.19
Edelweiss Flexi Cap Dir Gr	INF843K01KK1	Bikaji Foods International Ltd	Consumer Defensive	18.11	0.57	0.00	Aug25	8.13
Edelweiss Flexi Cap Dir Gr	INF843K01KK1	Tech Mahindra Ltd	Technology	18.02	0.56	0.00	Oct24	5.55
Edelweiss Flexi Cap Dir Gr	INF843K01KK1	Tech Mahindra Ltd	Technology	18.02	0.56	0.00	Nov24	7.52
Edelweiss Flexi Cap Dir Gr	INF843K01KK1	Tech Mahindra Ltd	Technology	18.02	0.56	0.00	Dec24	3.56
Edelweiss Flexi Cap Dir Gr	INF843K01KK1	Tech Mahindra Ltd	Technology	18.02	0.56	0.00	Jan25	5.32
Edelweiss Flexi Cap Dir Gr	INF843K01KK1	Tech Mahindra Ltd	Technology	18.02	0.56	0.00	Feb25	5.59
Edelweiss Flexi Cap Dir Gr	INF843K01KK1	Tech Mahindra Ltd	Technology	18.02	0.56	0.00	Mar25	15.51
Edelweiss Flexi Cap Dir Gr	INF843K01KK1	Tech Mahindra Ltd	Technology	18.02	0.56	0.00	Mar25	15.51
Edelweiss Flexi Cap Dir Gr	INF843K01KK1	Tech Mahindra Ltd	Technology	18.02	0.56	0.00	Apr25	12.51
Edelweiss Flexi Cap Dir Gr	INF843K01KK1	Tech Mahindra Ltd	Technology	18.02	0.56	0.00	May25	11.15
Edelweiss Flexi Cap Dir Gr	INF843K01KK1	Tech Mahindra Ltd	Technology	18.02	0.56	0.00	June25	10.18
Edelweiss Flexi Cap Dir Gr	INF843K01KK1	Tech Mahindra Ltd	Technology	18.02	0.56	0.00	July25	9.19
Edelweiss Flexi Cap Dir Gr	INF843K01KK1	Tech Mahindra Ltd	Technology	18.02	0.56	0.00	Aug25	8.13
Edelweiss Flexi Cap Dir Gr	INF843K01KK1	LTIMindtree Ltd	Technology	17.60	0.55	0.00	Oct24	5.55
Edelweiss Flexi Cap Dir Gr	INF843K01KK1	LTIMindtree Ltd	Technology	17.60	0.55	0.00	Nov24	7.52
Edelweiss Flexi Cap Dir Gr	INF843K01KK1	LTIMindtree Ltd	Technology	17.60	0.55	0.00	Dec24	3.56
Edelweiss Flexi Cap Dir Gr	INF843K01KK1	LTIMindtree Ltd	Technology	17.60	0.55	0.00	Jan25	5.32
Edelweiss Flexi Cap Dir Gr	INF843K01KK1	LTIMindtree Ltd	Technology	17.60	0.55	0.00	Feb25	5.59
Edelweiss Flexi Cap Dir Gr	INF843K01KK1	LTIMindtree Ltd	Technology	17.60	0.55	0.00	Mar25	15.51
Edelweiss Flexi Cap Dir Gr	INF843K01KK1	LTIMindtree Ltd	Technology	17.60	0.55	0.00	Mar25	15.51
Edelweiss Flexi Cap Dir Gr	INF843K01KK1	LTIMindtree Ltd	Technology	17.60	0.55	0.00	Apr25	12.51
Edelweiss Flexi Cap Dir Gr	INF843K01KK1	LTIMindtree Ltd	Technology	17.60	0.55	0.00	May25	11.15
Edelweiss Flexi Cap Dir Gr	INF843K01KK1	LTIMindtree Ltd	Technology	17.60	0.55	0.00	June25	10.18
Edelweiss Flexi Cap Dir Gr	INF843K01KK1	LTIMindtree Ltd	Technology	17.60	0.55	0.00	July25	9.19
Edelweiss Flexi Cap Dir Gr	INF843K01KK1	LTIMindtree Ltd	Technology	17.60	0.55	0.00	Aug25	8.13
Edelweiss Flexi Cap Dir Gr	INF843K01KK1	Eicher Motors Ltd	Consumer Cyclical	17.56	0.55	0.00	Oct24	5.55
Edelweiss Flexi Cap Dir Gr	INF843K01KK1	Eicher Motors Ltd	Consumer Cyclical	17.56	0.55	0.00	Nov24	7.52
Edelweiss Flexi Cap Dir Gr	INF843K01KK1	Eicher Motors Ltd	Consumer Cyclical	17.56	0.55	0.00	Dec24	3.56
Edelweiss Flexi Cap Dir Gr	INF843K01KK1	Eicher Motors Ltd	Consumer Cyclical	17.56	0.55	0.00	Jan25	5.32
Edelweiss Flexi Cap Dir Gr	INF843K01KK1	Eicher Motors Ltd	Consumer Cyclical	17.56	0.55	0.00	Feb25	5.59
Edelweiss Flexi Cap Dir Gr	INF843K01KK1	Eicher Motors Ltd	Consumer Cyclical	17.56	0.55	0.00	Mar25	15.51
Edelweiss Flexi Cap Dir Gr	INF843K01KK1	Eicher Motors Ltd	Consumer Cyclical	17.56	0.55	0.00	Mar25	15.51
Edelweiss Flexi Cap Dir Gr	INF843K01KK1	Eicher Motors Ltd	Consumer Cyclical	17.56	0.55	0.00	Apr25	12.51
Edelweiss Flexi Cap Dir Gr	INF843K01KK1	Eicher Motors Ltd	Consumer Cyclical	17.56	0.55	0.00	May25	11.15
Edelweiss Flexi Cap Dir Gr	INF843K01KK1	Eicher Motors Ltd	Consumer Cyclical	17.56	0.55	0.00	June25	10.18
Edelweiss Flexi Cap Dir Gr	INF843K01KK1	Eicher Motors Ltd	Consumer Cyclical	17.56	0.55	0.00	July25	9.19
Edelweiss Flexi Cap Dir Gr	INF843K01KK1	Eicher Motors Ltd	Consumer Cyclical	17.56	0.55	0.00	Aug25	8.13
Edelweiss Flexi Cap Dir Gr	INF843K01KK1	Asian Paints Ltd	Basic Materials	17.50	0.55	-39.78	Oct24	5.55
Edelweiss Flexi Cap Dir Gr	INF843K01KK1	Asian Paints Ltd	Basic Materials	17.50	0.55	-39.78	Nov24	7.52
Edelweiss Flexi Cap Dir Gr	INF843K01KK1	Asian Paints Ltd	Basic Materials	17.50	0.55	-39.78	Dec24	3.56
Edelweiss Flexi Cap Dir Gr	INF843K01KK1	Asian Paints Ltd	Basic Materials	17.50	0.55	-39.78	Jan25	5.32
Edelweiss Flexi Cap Dir Gr	INF843K01KK1	Asian Paints Ltd	Basic Materials	17.50	0.55	-39.78	Feb25	5.59
Edelweiss Flexi Cap Dir Gr	INF843K01KK1	Asian Paints Ltd	Basic Materials	17.50	0.55	-39.78	Mar25	15.51
Edelweiss Flexi Cap Dir Gr	INF843K01KK1	Asian Paints Ltd	Basic Materials	17.50	0.55	-39.78	Mar25	15.51
Edelweiss Flexi Cap Dir Gr	INF843K01KK1	Asian Paints Ltd	Basic Materials	17.50	0.55	-39.78	Apr25	12.51
Edelweiss Flexi Cap Dir Gr	INF843K01KK1	Asian Paints Ltd	Basic Materials	17.50	0.55	-39.78	May25	11.15
Edelweiss Flexi Cap Dir Gr	INF843K01KK1	Asian Paints Ltd	Basic Materials	17.50	0.55	-39.78	June25	10.18
Edelweiss Flexi Cap Dir Gr	INF843K01KK1	Asian Paints Ltd	Basic Materials	17.50	0.55	-39.78	July25	9.19
Edelweiss Flexi Cap Dir Gr	INF843K01KK1	Asian Paints Ltd	Basic Materials	17.50	0.55	-39.78	Aug25	8.13
Edelweiss Flexi Cap Dir Gr	INF843K01KK1	Craftsman Automation Ltd	Consumer Cyclical	17.26	0.54	0.00	Oct24	5.55
Edelweiss Flexi Cap Dir Gr	INF843K01KK1	Craftsman Automation Ltd	Consumer Cyclical	17.26	0.54	0.00	Nov24	7.52
Edelweiss Flexi Cap Dir Gr	INF843K01KK1	Craftsman Automation Ltd	Consumer Cyclical	17.26	0.54	0.00	Dec24	3.56
Edelweiss Flexi Cap Dir Gr	INF843K01KK1	Craftsman Automation Ltd	Consumer Cyclical	17.26	0.54	0.00	Jan25	5.32
Edelweiss Flexi Cap Dir Gr	INF843K01KK1	Craftsman Automation Ltd	Consumer Cyclical	17.26	0.54	0.00	Feb25	5.59
Edelweiss Flexi Cap Dir Gr	INF843K01KK1	Craftsman Automation Ltd	Consumer Cyclical	17.26	0.54	0.00	Mar25	15.51
Edelweiss Flexi Cap Dir Gr	INF843K01KK1	Craftsman Automation Ltd	Consumer Cyclical	17.26	0.54	0.00	Mar25	15.51
Edelweiss Flexi Cap Dir Gr	INF843K01KK1	Craftsman Automation Ltd	Consumer Cyclical	17.26	0.54	0.00	Apr25	12.51
Edelweiss Flexi Cap Dir Gr	INF843K01KK1	Craftsman Automation Ltd	Consumer Cyclical	17.26	0.54	0.00	May25	11.15
Edelweiss Flexi Cap Dir Gr	INF843K01KK1	Craftsman Automation Ltd	Consumer Cyclical	17.26	0.54	0.00	June25	10.18
Edelweiss Flexi Cap Dir Gr	INF843K01KK1	Craftsman Automation Ltd	Consumer Cyclical	17.26	0.54	0.00	July25	9.19
Edelweiss Flexi Cap Dir Gr	INF843K01KK1	Craftsman Automation Ltd	Consumer Cyclical	17.26	0.54	0.00	Aug25	8.13
Edelweiss Flexi Cap Dir Gr	INF843K01KK1	Ashok Leyland Ltd	Industrials	16.53	0.52	0.00	Oct24	5.55
Edelweiss Flexi Cap Dir Gr	INF843K01KK1	Ashok Leyland Ltd	Industrials	16.53	0.52	0.00	Nov24	7.52
Edelweiss Flexi Cap Dir Gr	INF843K01KK1	Ashok Leyland Ltd	Industrials	16.53	0.52	0.00	Dec24	3.56
Edelweiss Flexi Cap Dir Gr	INF843K01KK1	Ashok Leyland Ltd	Industrials	16.53	0.52	0.00	Jan25	5.32
Edelweiss Flexi Cap Dir Gr	INF843K01KK1	Ashok Leyland Ltd	Industrials	16.53	0.52	0.00	Feb25	5.59
Edelweiss Flexi Cap Dir Gr	INF843K01KK1	Ashok Leyland Ltd	Industrials	16.53	0.52	0.00	Mar25	15.51
Edelweiss Flexi Cap Dir Gr	INF843K01KK1	Ashok Leyland Ltd	Industrials	16.53	0.52	0.00	Mar25	15.51
Edelweiss Flexi Cap Dir Gr	INF843K01KK1	Ashok Leyland Ltd	Industrials	16.53	0.52	0.00	Apr25	12.51
Edelweiss Flexi Cap Dir Gr	INF843K01KK1	Ashok Leyland Ltd	Industrials	16.53	0.52	0.00	May25	11.15
Edelweiss Flexi Cap Dir Gr	INF843K01KK1	Ashok Leyland Ltd	Industrials	16.53	0.52	0.00	June25	10.18
Edelweiss Flexi Cap Dir Gr	INF843K01KK1	Ashok Leyland Ltd	Industrials	16.53	0.52	0.00	July25	9.19
Edelweiss Flexi Cap Dir Gr	INF843K01KK1	Ashok Leyland Ltd	Industrials	16.53	0.52	0.00	Aug25	8.13
Edelweiss Flexi Cap Dir Gr	INF843K01KK1	PB Fintech Ltd	Financial Services	16.37	0.51	-40.46	Oct24	5.55
Edelweiss Flexi Cap Dir Gr	INF843K01KK1	PB Fintech Ltd	Financial Services	16.37	0.51	-40.46	Nov24	7.52
Edelweiss Flexi Cap Dir Gr	INF843K01KK1	PB Fintech Ltd	Financial Services	16.37	0.51	-40.46	Dec24	3.56
Edelweiss Flexi Cap Dir Gr	INF843K01KK1	PB Fintech Ltd	Financial Services	16.37	0.51	-40.46	Jan25	5.32
Edelweiss Flexi Cap Dir Gr	INF843K01KK1	PB Fintech Ltd	Financial Services	16.37	0.51	-40.46	Feb25	5.59
Edelweiss Flexi Cap Dir Gr	INF843K01KK1	PB Fintech Ltd	Financial Services	16.37	0.51	-40.46	Mar25	15.51
Edelweiss Flexi Cap Dir Gr	INF843K01KK1	PB Fintech Ltd	Financial Services	16.37	0.51	-40.46	Mar25	15.51
Edelweiss Flexi Cap Dir Gr	INF843K01KK1	PB Fintech Ltd	Financial Services	16.37	0.51	-40.46	Apr25	12.51
Edelweiss Flexi Cap Dir Gr	INF843K01KK1	PB Fintech Ltd	Financial Services	16.37	0.51	-40.46	May25	11.15
Edelweiss Flexi Cap Dir Gr	INF843K01KK1	PB Fintech Ltd	Financial Services	16.37	0.51	-40.46	June25	10.18
Edelweiss Flexi Cap Dir Gr	INF843K01KK1	PB Fintech Ltd	Financial Services	16.37	0.51	-40.46	July25	9.19
Edelweiss Flexi Cap Dir Gr	INF843K01KK1	PB Fintech Ltd	Financial Services	16.37	0.51	-40.46	Aug25	8.13
Edelweiss Flexi Cap Dir Gr	INF843K01KK1	Navin Fluorine International Ltd	Basic Materials	15.20	0.47	-20.81	Oct24	5.55
Edelweiss Flexi Cap Dir Gr	INF843K01KK1	Navin Fluorine International Ltd	Basic Materials	15.20	0.47	-20.81	Nov24	7.52
Edelweiss Flexi Cap Dir Gr	INF843K01KK1	Navin Fluorine International Ltd	Basic Materials	15.20	0.47	-20.81	Dec24	3.56
Edelweiss Flexi Cap Dir Gr	INF843K01KK1	Navin Fluorine International Ltd	Basic Materials	15.20	0.47	-20.81	Jan25	5.32
Edelweiss Flexi Cap Dir Gr	INF843K01KK1	Navin Fluorine International Ltd	Basic Materials	15.20	0.47	-20.81	Feb25	5.59
Edelweiss Flexi Cap Dir Gr	INF843K01KK1	Navin Fluorine International Ltd	Basic Materials	15.20	0.47	-20.81	Mar25	15.51
Edelweiss Flexi Cap Dir Gr	INF843K01KK1	Navin Fluorine International Ltd	Basic Materials	15.20	0.47	-20.81	Mar25	15.51
Edelweiss Flexi Cap Dir Gr	INF843K01KK1	Navin Fluorine International Ltd	Basic Materials	15.20	0.47	-20.81	Apr25	12.51
Edelweiss Flexi Cap Dir Gr	INF843K01KK1	Navin Fluorine International Ltd	Basic Materials	15.20	0.47	-20.81	May25	11.15
Edelweiss Flexi Cap Dir Gr	INF843K01KK1	Navin Fluorine International Ltd	Basic Materials	15.20	0.47	-20.81	June25	10.18
Edelweiss Flexi Cap Dir Gr	INF843K01KK1	Navin Fluorine International Ltd	Basic Materials	15.20	0.47	-20.81	July25	9.19
Edelweiss Flexi Cap Dir Gr	INF843K01KK1	Navin Fluorine International Ltd	Basic Materials	15.20	0.47	-20.81	Aug25	8.13
Edelweiss Flexi Cap Dir Gr	INF843K01KK1	Ashok Leyland Ltd.30/03/2026		14.79	0.46		Oct24	5.55
Edelweiss Flexi Cap Dir Gr	INF843K01KK1	Ashok Leyland Ltd.30/03/2026		14.79	0.46		Nov24	7.52
Edelweiss Flexi Cap Dir Gr	INF843K01KK1	Ashok Leyland Ltd.30/03/2026		14.79	0.46		Dec24	3.56
Edelweiss Flexi Cap Dir Gr	INF843K01KK1	Ashok Leyland Ltd.30/03/2026		14.79	0.46		Jan25	5.32
Edelweiss Flexi Cap Dir Gr	INF843K01KK1	Ashok Leyland Ltd.30/03/2026		14.79	0.46		Feb25	5.59
Edelweiss Flexi Cap Dir Gr	INF843K01KK1	Ashok Leyland Ltd.30/03/2026		14.79	0.46		Mar25	15.51
Edelweiss Flexi Cap Dir Gr	INF843K01KK1	Ashok Leyland Ltd.30/03/2026		14.79	0.46		Mar25	15.51
Edelweiss Flexi Cap Dir Gr	INF843K01KK1	Ashok Leyland Ltd.30/03/2026		14.79	0.46		Apr25	12.51
Edelweiss Flexi Cap Dir Gr	INF843K01KK1	Ashok Leyland Ltd.30/03/2026		14.79	0.46		May25	11.15
Edelweiss Flexi Cap Dir Gr	INF843K01KK1	Ashok Leyland Ltd.30/03/2026		14.79	0.46		June25	10.18
Edelweiss Flexi Cap Dir Gr	INF843K01KK1	Ashok Leyland Ltd.30/03/2026		14.79	0.46		July25	9.19
Edelweiss Flexi Cap Dir Gr	INF843K01KK1	Ashok Leyland Ltd.30/03/2026		14.79	0.46		Aug25	8.13
Edelweiss Flexi Cap Dir Gr	INF843K01KK1	Cash Offset For Derivatives		-14.79	0.46	8.43	Oct24	5.55
Edelweiss Flexi Cap Dir Gr	INF843K01KK1	Cash Offset For Derivatives		-14.79	0.46	8.43	Nov24	7.52
Edelweiss Flexi Cap Dir Gr	INF843K01KK1	Cash Offset For Derivatives		-14.79	0.46	8.43	Dec24	3.56
Edelweiss Flexi Cap Dir Gr	INF843K01KK1	Cash Offset For Derivatives		-14.79	0.46	8.43	Jan25	5.32
Edelweiss Flexi Cap Dir Gr	INF843K01KK1	Cash Offset For Derivatives		-14.79	0.46	8.43	Feb25	5.59
Edelweiss Flexi Cap Dir Gr	INF843K01KK1	Cash Offset For Derivatives		-14.79	0.46	8.43	Mar25	15.51
Edelweiss Flexi Cap Dir Gr	INF843K01KK1	Cash Offset For Derivatives		-14.79	0.46	8.43	Mar25	15.51
Edelweiss Flexi Cap Dir Gr	INF843K01KK1	Cash Offset For Derivatives		-14.79	0.46	8.43	Apr25	12.51
Edelweiss Flexi Cap Dir Gr	INF843K01KK1	Cash Offset For Derivatives		-14.79	0.46	8.43	May25	11.15
Edelweiss Flexi Cap Dir Gr	INF843K01KK1	Cash Offset For Derivatives		-14.79	0.46	8.43	June25	10.18
Edelweiss Flexi Cap Dir Gr	INF843K01KK1	Cash Offset For Derivatives		-14.79	0.46	8.43	July25	9.19
Edelweiss Flexi Cap Dir Gr	INF843K01KK1	Cash Offset For Derivatives		-14.79	0.46	8.43	Aug25	8.13
Edelweiss Flexi Cap Dir Gr	INF843K01KK1	Bharat Forge Ltd	Consumer Cyclical	14.07	0.44	0.00	Oct24	5.55
Edelweiss Flexi Cap Dir Gr	INF843K01KK1	Bharat Forge Ltd	Consumer Cyclical	14.07	0.44	0.00	Nov24	7.52
Edelweiss Flexi Cap Dir Gr	INF843K01KK1	Bharat Forge Ltd	Consumer Cyclical	14.07	0.44	0.00	Dec24	3.56
Edelweiss Flexi Cap Dir Gr	INF843K01KK1	Bharat Forge Ltd	Consumer Cyclical	14.07	0.44	0.00	Jan25	5.32
Edelweiss Flexi Cap Dir Gr	INF843K01KK1	Bharat Forge Ltd	Consumer Cyclical	14.07	0.44	0.00	Feb25	5.59
Edelweiss Flexi Cap Dir Gr	INF843K01KK1	Bharat Forge Ltd	Consumer Cyclical	14.07	0.44	0.00	Mar25	15.51
Edelweiss Flexi Cap Dir Gr	INF843K01KK1	Bharat Forge Ltd	Consumer Cyclical	14.07	0.44	0.00	Mar25	15.51
Edelweiss Flexi Cap Dir Gr	INF843K01KK1	Bharat Forge Ltd	Consumer Cyclical	14.07	0.44	0.00	Apr25	12.51
Edelweiss Flexi Cap Dir Gr	INF843K01KK1	Bharat Forge Ltd	Consumer Cyclical	14.07	0.44	0.00	May25	11.15
Edelweiss Flexi Cap Dir Gr	INF843K01KK1	Bharat Forge Ltd	Consumer Cyclical	14.07	0.44	0.00	June25	10.18
Edelweiss Flexi Cap Dir Gr	INF843K01KK1	Bharat Forge Ltd	Consumer Cyclical	14.07	0.44	0.00	July25	9.19
Edelweiss Flexi Cap Dir Gr	INF843K01KK1	Bharat Forge Ltd	Consumer Cyclical	14.07	0.44	0.00	Aug25	8.13
Edelweiss Flexi Cap Dir Gr	INF843K01KK1	Bharat Dynamics Ltd Ordinary Shares	Industrials	13.36	0.42	0.00	Oct24	5.55
Edelweiss Flexi Cap Dir Gr	INF843K01KK1	Bharat Dynamics Ltd Ordinary Shares	Industrials	13.36	0.42	0.00	Nov24	7.52
Edelweiss Flexi Cap Dir Gr	INF843K01KK1	Bharat Dynamics Ltd Ordinary Shares	Industrials	13.36	0.42	0.00	Dec24	3.56
Edelweiss Flexi Cap Dir Gr	INF843K01KK1	Bharat Dynamics Ltd Ordinary Shares	Industrials	13.36	0.42	0.00	Jan25	5.32
Edelweiss Flexi Cap Dir Gr	INF843K01KK1	Bharat Dynamics Ltd Ordinary Shares	Industrials	13.36	0.42	0.00	Feb25	5.59
Edelweiss Flexi Cap Dir Gr	INF843K01KK1	Bharat Dynamics Ltd Ordinary Shares	Industrials	13.36	0.42	0.00	Mar25	15.51
Edelweiss Flexi Cap Dir Gr	INF843K01KK1	Bharat Dynamics Ltd Ordinary Shares	Industrials	13.36	0.42	0.00	Mar25	15.51
Edelweiss Flexi Cap Dir Gr	INF843K01KK1	Bharat Dynamics Ltd Ordinary Shares	Industrials	13.36	0.42	0.00	Apr25	12.51
Edelweiss Flexi Cap Dir Gr	INF843K01KK1	Bharat Dynamics Ltd Ordinary Shares	Industrials	13.36	0.42	0.00	May25	11.15
Edelweiss Flexi Cap Dir Gr	INF843K01KK1	Bharat Dynamics Ltd Ordinary Shares	Industrials	13.36	0.42	0.00	June25	10.18
Edelweiss Flexi Cap Dir Gr	INF843K01KK1	Bharat Dynamics Ltd Ordinary Shares	Industrials	13.36	0.42	0.00	July25	9.19
Edelweiss Flexi Cap Dir Gr	INF843K01KK1	Bharat Dynamics Ltd Ordinary Shares	Industrials	13.36	0.42	0.00	Aug25	8.13
Edelweiss Flexi Cap Dir Gr	INF843K01KK1	Sundaram Finance Ltd	Financial Services	12.83	0.40	-58.62	Oct24	5.55
Edelweiss Flexi Cap Dir Gr	INF843K01KK1	Sundaram Finance Ltd	Financial Services	12.83	0.40	-58.62	Nov24	7.52
Edelweiss Flexi Cap Dir Gr	INF843K01KK1	Sundaram Finance Ltd	Financial Services	12.83	0.40	-58.62	Dec24	3.56
Edelweiss Flexi Cap Dir Gr	INF843K01KK1	Sundaram Finance Ltd	Financial Services	12.83	0.40	-58.62	Jan25	5.32
Edelweiss Flexi Cap Dir Gr	INF843K01KK1	Sundaram Finance Ltd	Financial Services	12.83	0.40	-58.62	Feb25	5.59
Edelweiss Flexi Cap Dir Gr	INF843K01KK1	Sundaram Finance Ltd	Financial Services	12.83	0.40	-58.62	Mar25	15.51
Edelweiss Flexi Cap Dir Gr	INF843K01KK1	Sundaram Finance Ltd	Financial Services	12.83	0.40	-58.62	Mar25	15.51
Edelweiss Flexi Cap Dir Gr	INF843K01KK1	Sundaram Finance Ltd	Financial Services	12.83	0.40	-58.62	Apr25	12.51
Edelweiss Flexi Cap Dir Gr	INF843K01KK1	Sundaram Finance Ltd	Financial Services	12.83	0.40	-58.62	May25	11.15
Edelweiss Flexi Cap Dir Gr	INF843K01KK1	Sundaram Finance Ltd	Financial Services	12.83	0.40	-58.62	June25	10.18
Edelweiss Flexi Cap Dir Gr	INF843K01KK1	Sundaram Finance Ltd	Financial Services	12.83	0.40	-58.62	July25	9.19
Edelweiss Flexi Cap Dir Gr	INF843K01KK1	Sundaram Finance Ltd	Financial Services	12.83	0.40	-58.62	Aug25	8.13
Edelweiss Flexi Cap Dir Gr	INF843K01KK1	ICICI Prudential Asset Management Co Ltd	Financial Services	12.24	0.38	0.00	Oct24	5.55
Edelweiss Flexi Cap Dir Gr	INF843K01KK1	ICICI Prudential Asset Management Co Ltd	Financial Services	12.24	0.38	0.00	Nov24	7.52
Edelweiss Flexi Cap Dir Gr	INF843K01KK1	ICICI Prudential Asset Management Co Ltd	Financial Services	12.24	0.38	0.00	Dec24	3.56
Edelweiss Flexi Cap Dir Gr	INF843K01KK1	ICICI Prudential Asset Management Co Ltd	Financial Services	12.24	0.38	0.00	Jan25	5.32
Edelweiss Flexi Cap Dir Gr	INF843K01KK1	ICICI Prudential Asset Management Co Ltd	Financial Services	12.24	0.38	0.00	Feb25	5.59
Edelweiss Flexi Cap Dir Gr	INF843K01KK1	ICICI Prudential Asset Management Co Ltd	Financial Services	12.24	0.38	0.00	Mar25	15.51
Edelweiss Flexi Cap Dir Gr	INF843K01KK1	ICICI Prudential Asset Management Co Ltd	Financial Services	12.24	0.38	0.00	Mar25	15.51
Edelweiss Flexi Cap Dir Gr	INF843K01KK1	ICICI Prudential Asset Management Co Ltd	Financial Services	12.24	0.38	0.00	Apr25	12.51
Edelweiss Flexi Cap Dir Gr	INF843K01KK1	ICICI Prudential Asset Management Co Ltd	Financial Services	12.24	0.38	0.00	May25	11.15
Edelweiss Flexi Cap Dir Gr	INF843K01KK1	ICICI Prudential Asset Management Co Ltd	Financial Services	12.24	0.38	0.00	June25	10.18
Edelweiss Flexi Cap Dir Gr	INF843K01KK1	ICICI Prudential Asset Management Co Ltd	Financial Services	12.24	0.38	0.00	July25	9.19
Edelweiss Flexi Cap Dir Gr	INF843K01KK1	ICICI Prudential Asset Management Co Ltd	Financial Services	12.24	0.38	0.00	Aug25	8.13
Edelweiss Flexi Cap Dir Gr	INF843K01KK1	BSE Ltd	Financial Services	11.97	0.37		Oct24	5.55
Edelweiss Flexi Cap Dir Gr	INF843K01KK1	BSE Ltd	Financial Services	11.97	0.37		Nov24	7.52
Edelweiss Flexi Cap Dir Gr	INF843K01KK1	BSE Ltd	Financial Services	11.97	0.37		Dec24	3.56
Edelweiss Flexi Cap Dir Gr	INF843K01KK1	BSE Ltd	Financial Services	11.97	0.37		Jan25	5.32
Edelweiss Flexi Cap Dir Gr	INF843K01KK1	BSE Ltd	Financial Services	11.97	0.37		Feb25	5.59
Edelweiss Flexi Cap Dir Gr	INF843K01KK1	BSE Ltd	Financial Services	11.97	0.37		Mar25	15.51
Edelweiss Flexi Cap Dir Gr	INF843K01KK1	BSE Ltd	Financial Services	11.97	0.37		Mar25	15.51
Edelweiss Flexi Cap Dir Gr	INF843K01KK1	BSE Ltd	Financial Services	11.97	0.37		Apr25	12.51
Edelweiss Flexi Cap Dir Gr	INF843K01KK1	BSE Ltd	Financial Services	11.97	0.37		May25	11.15
Edelweiss Flexi Cap Dir Gr	INF843K01KK1	BSE Ltd	Financial Services	11.97	0.37		June25	10.18
Edelweiss Flexi Cap Dir Gr	INF843K01KK1	BSE Ltd	Financial Services	11.97	0.37		July25	9.19
Edelweiss Flexi Cap Dir Gr	INF843K01KK1	BSE Ltd	Financial Services	11.97	0.37		Aug25	8.13
Edelweiss Flexi Cap Dir Gr	INF843K01KK1	Hindustan Aeronautics Ltd Ordinary Shares	Industrials	11.07	0.35	-58.23	Oct24	5.55
Edelweiss Flexi Cap Dir Gr	INF843K01KK1	Hindustan Aeronautics Ltd Ordinary Shares	Industrials	11.07	0.35	-58.23	Nov24	7.52
Edelweiss Flexi Cap Dir Gr	INF843K01KK1	Hindustan Aeronautics Ltd Ordinary Shares	Industrials	11.07	0.35	-58.23	Dec24	3.56
Edelweiss Flexi Cap Dir Gr	INF843K01KK1	Hindustan Aeronautics Ltd Ordinary Shares	Industrials	11.07	0.35	-58.23	Jan25	5.32
Edelweiss Flexi Cap Dir Gr	INF843K01KK1	Hindustan Aeronautics Ltd Ordinary Shares	Industrials	11.07	0.35	-58.23	Feb25	5.59
Edelweiss Flexi Cap Dir Gr	INF843K01KK1	Hindustan Aeronautics Ltd Ordinary Shares	Industrials	11.07	0.35	-58.23	Mar25	15.51
Edelweiss Flexi Cap Dir Gr	INF843K01KK1	Hindustan Aeronautics Ltd Ordinary Shares	Industrials	11.07	0.35	-58.23	Mar25	15.51
Edelweiss Flexi Cap Dir Gr	INF843K01KK1	Hindustan Aeronautics Ltd Ordinary Shares	Industrials	11.07	0.35	-58.23	Apr25	12.51
Edelweiss Flexi Cap Dir Gr	INF843K01KK1	Hindustan Aeronautics Ltd Ordinary Shares	Industrials	11.07	0.35	-58.23	May25	11.15
Edelweiss Flexi Cap Dir Gr	INF843K01KK1	Hindustan Aeronautics Ltd Ordinary Shares	Industrials	11.07	0.35	-58.23	June25	10.18
Edelweiss Flexi Cap Dir Gr	INF843K01KK1	Hindustan Aeronautics Ltd Ordinary Shares	Industrials	11.07	0.35	-58.23	July25	9.19
Edelweiss Flexi Cap Dir Gr	INF843K01KK1	Hindustan Aeronautics Ltd Ordinary Shares	Industrials	11.07	0.35	-58.23	Aug25	8.13
Edelweiss Flexi Cap Dir Gr	INF843K01KK1	Cummins India Ltd	Industrials	10.76	0.34	0.00	Oct24	5.55
Edelweiss Flexi Cap Dir Gr	INF843K01KK1	Cummins India Ltd	Industrials	10.76	0.34	0.00	Nov24	7.52
Edelweiss Flexi Cap Dir Gr	INF843K01KK1	Cummins India Ltd	Industrials	10.76	0.34	0.00	Dec24	3.56
Edelweiss Flexi Cap Dir Gr	INF843K01KK1	Cummins India Ltd	Industrials	10.76	0.34	0.00	Jan25	5.32
Edelweiss Flexi Cap Dir Gr	INF843K01KK1	Cummins India Ltd	Industrials	10.76	0.34	0.00	Feb25	5.59
Edelweiss Flexi Cap Dir Gr	INF843K01KK1	Cummins India Ltd	Industrials	10.76	0.34	0.00	Mar25	15.51
Edelweiss Flexi Cap Dir Gr	INF843K01KK1	Cummins India Ltd	Industrials	10.76	0.34	0.00	Mar25	15.51
Edelweiss Flexi Cap Dir Gr	INF843K01KK1	Cummins India Ltd	Industrials	10.76	0.34	0.00	Apr25	12.51
Edelweiss Flexi Cap Dir Gr	INF843K01KK1	Cummins India Ltd	Industrials	10.76	0.34	0.00	May25	11.15
Edelweiss Flexi Cap Dir Gr	INF843K01KK1	Cummins India Ltd	Industrials	10.76	0.34	0.00	June25	10.18
Edelweiss Flexi Cap Dir Gr	INF843K01KK1	Cummins India Ltd	Industrials	10.76	0.34	0.00	July25	9.19
Edelweiss Flexi Cap Dir Gr	INF843K01KK1	Cummins India Ltd	Industrials	10.76	0.34	0.00	Aug25	8.13
Edelweiss Flexi Cap Dir Gr	INF843K01KK1	KFin Technologies Ltd	Technology	8.81	0.27	-64.85	Oct24	5.55
Edelweiss Flexi Cap Dir Gr	INF843K01KK1	KFin Technologies Ltd	Technology	8.81	0.27	-64.85	Nov24	7.52
Edelweiss Flexi Cap Dir Gr	INF843K01KK1	KFin Technologies Ltd	Technology	8.81	0.27	-64.85	Dec24	3.56
Edelweiss Flexi Cap Dir Gr	INF843K01KK1	KFin Technologies Ltd	Technology	8.81	0.27	-64.85	Jan25	5.32
Edelweiss Flexi Cap Dir Gr	INF843K01KK1	KFin Technologies Ltd	Technology	8.81	0.27	-64.85	Feb25	5.59
Edelweiss Flexi Cap Dir Gr	INF843K01KK1	KFin Technologies Ltd	Technology	8.81	0.27	-64.85	Mar25	15.51
Edelweiss Flexi Cap Dir Gr	INF843K01KK1	KFin Technologies Ltd	Technology	8.81	0.27	-64.85	Mar25	15.51
Edelweiss Flexi Cap Dir Gr	INF843K01KK1	KFin Technologies Ltd	Technology	8.81	0.27	-64.85	Apr25	12.51
Edelweiss Flexi Cap Dir Gr	INF843K01KK1	KFin Technologies Ltd	Technology	8.81	0.27	-64.85	May25	11.15
Edelweiss Flexi Cap Dir Gr	INF843K01KK1	KFin Technologies Ltd	Technology	8.81	0.27	-64.85	June25	10.18
Edelweiss Flexi Cap Dir Gr	INF843K01KK1	KFin Technologies Ltd	Technology	8.81	0.27	-64.85	July25	9.19
Edelweiss Flexi Cap Dir Gr	INF843K01KK1	KFin Technologies Ltd	Technology	8.81	0.27	-64.85	Aug25	8.13
Edelweiss Flexi Cap Dir Gr	INF843K01KK1	Net Receivables/(Payables)		-8.75	0.27		Oct24	5.55
Edelweiss Flexi Cap Dir Gr	INF843K01KK1	Net Receivables/(Payables)		-8.75	0.27		Nov24	7.52
Edelweiss Flexi Cap Dir Gr	INF843K01KK1	Net Receivables/(Payables)		-8.75	0.27		Dec24	3.56
Edelweiss Flexi Cap Dir Gr	INF843K01KK1	Net Receivables/(Payables)		-8.75	0.27		Jan25	5.32
Edelweiss Flexi Cap Dir Gr	INF843K01KK1	Net Receivables/(Payables)		-8.75	0.27		Feb25	5.59
Edelweiss Flexi Cap Dir Gr	INF843K01KK1	Net Receivables/(Payables)		-8.75	0.27		Mar25	15.51
Edelweiss Flexi Cap Dir Gr	INF843K01KK1	Net Receivables/(Payables)		-8.75	0.27		Mar25	15.51
Edelweiss Flexi Cap Dir Gr	INF843K01KK1	Net Receivables/(Payables)		-8.75	0.27		Apr25	12.51
Edelweiss Flexi Cap Dir Gr	INF843K01KK1	Net Receivables/(Payables)		-8.75	0.27		May25	11.15
Edelweiss Flexi Cap Dir Gr	INF843K01KK1	Net Receivables/(Payables)		-8.75	0.27		June25	10.18
Edelweiss Flexi Cap Dir Gr	INF843K01KK1	Net Receivables/(Payables)		-8.75	0.27		July25	9.19
Edelweiss Flexi Cap Dir Gr	INF843K01KK1	Net Receivables/(Payables)		-8.75	0.27		Aug25	8.13
Edelweiss Flexi Cap Dir Gr	INF843K01KK1	Prestige Estates Projects Ltd	Real Estate	8.28	0.26	0.00	Oct24	5.55
Edelweiss Flexi Cap Dir Gr	INF843K01KK1	Prestige Estates Projects Ltd	Real Estate	8.28	0.26	0.00	Nov24	7.52
Edelweiss Flexi Cap Dir Gr	INF843K01KK1	Prestige Estates Projects Ltd	Real Estate	8.28	0.26	0.00	Dec24	3.56
Edelweiss Flexi Cap Dir Gr	INF843K01KK1	Prestige Estates Projects Ltd	Real Estate	8.28	0.26	0.00	Jan25	5.32
Edelweiss Flexi Cap Dir Gr	INF843K01KK1	Prestige Estates Projects Ltd	Real Estate	8.28	0.26	0.00	Feb25	5.59
Edelweiss Flexi Cap Dir Gr	INF843K01KK1	Prestige Estates Projects Ltd	Real Estate	8.28	0.26	0.00	Mar25	15.51
Edelweiss Flexi Cap Dir Gr	INF843K01KK1	Prestige Estates Projects Ltd	Real Estate	8.28	0.26	0.00	Mar25	15.51
Edelweiss Flexi Cap Dir Gr	INF843K01KK1	Prestige Estates Projects Ltd	Real Estate	8.28	0.26	0.00	Apr25	12.51
Edelweiss Flexi Cap Dir Gr	INF843K01KK1	Prestige Estates Projects Ltd	Real Estate	8.28	0.26	0.00	May25	11.15
Edelweiss Flexi Cap Dir Gr	INF843K01KK1	Prestige Estates Projects Ltd	Real Estate	8.28	0.26	0.00	June25	10.18
Edelweiss Flexi Cap Dir Gr	INF843K01KK1	Prestige Estates Projects Ltd	Real Estate	8.28	0.26	0.00	July25	9.19
Edelweiss Flexi Cap Dir Gr	INF843K01KK1	Prestige Estates Projects Ltd	Real Estate	8.28	0.26	0.00	Aug25	8.13
Edelweiss Flexi Cap Dir Gr	INF843K01KK1	Firstsource Solutions Ltd	Technology	6.46	0.20	0.00	Oct24	5.55
Edelweiss Flexi Cap Dir Gr	INF843K01KK1	Firstsource Solutions Ltd	Technology	6.46	0.20	0.00	Nov24	7.52
Edelweiss Flexi Cap Dir Gr	INF843K01KK1	Firstsource Solutions Ltd	Technology	6.46	0.20	0.00	Dec24	3.56
Edelweiss Flexi Cap Dir Gr	INF843K01KK1	Firstsource Solutions Ltd	Technology	6.46	0.20	0.00	Jan25	5.32
Edelweiss Flexi Cap Dir Gr	INF843K01KK1	Firstsource Solutions Ltd	Technology	6.46	0.20	0.00	Feb25	5.59
Edelweiss Flexi Cap Dir Gr	INF843K01KK1	Firstsource Solutions Ltd	Technology	6.46	0.20	0.00	Mar25	15.51
Edelweiss Flexi Cap Dir Gr	INF843K01KK1	Firstsource Solutions Ltd	Technology	6.46	0.20	0.00	Mar25	15.51
Edelweiss Flexi Cap Dir Gr	INF843K01KK1	Firstsource Solutions Ltd	Technology	6.46	0.20	0.00	Apr25	12.51
Edelweiss Flexi Cap Dir Gr	INF843K01KK1	Firstsource Solutions Ltd	Technology	6.46	0.20	0.00	May25	11.15
Edelweiss Flexi Cap Dir Gr	INF843K01KK1	Firstsource Solutions Ltd	Technology	6.46	0.20	0.00	June25	10.18
Edelweiss Flexi Cap Dir Gr	INF843K01KK1	Firstsource Solutions Ltd	Technology	6.46	0.20	0.00	July25	9.19
Edelweiss Flexi Cap Dir Gr	INF843K01KK1	Firstsource Solutions Ltd	Technology	6.46	0.20	0.00	Aug25	8.13
Edelweiss Flexi Cap Dir Gr	INF843K01KK1	Dixon Technologies (India) Ltd	Technology	2.65	0.08	0.00	Oct24	5.55
Edelweiss Flexi Cap Dir Gr	INF843K01KK1	Dixon Technologies (India) Ltd	Technology	2.65	0.08	0.00	Nov24	7.52
Edelweiss Flexi Cap Dir Gr	INF843K01KK1	Dixon Technologies (India) Ltd	Technology	2.65	0.08	0.00	Dec24	3.56
Edelweiss Flexi Cap Dir Gr	INF843K01KK1	Dixon Technologies (India) Ltd	Technology	2.65	0.08	0.00	Jan25	5.32
Edelweiss Flexi Cap Dir Gr	INF843K01KK1	Dixon Technologies (India) Ltd	Technology	2.65	0.08	0.00	Feb25	5.59
Edelweiss Flexi Cap Dir Gr	INF843K01KK1	Dixon Technologies (India) Ltd	Technology	2.65	0.08	0.00	Mar25	15.51
Edelweiss Flexi Cap Dir Gr	INF843K01KK1	Dixon Technologies (India) Ltd	Technology	2.65	0.08	0.00	Mar25	15.51
Edelweiss Flexi Cap Dir Gr	INF843K01KK1	Dixon Technologies (India) Ltd	Technology	2.65	0.08	0.00	Apr25	12.51
Edelweiss Flexi Cap Dir Gr	INF843K01KK1	Dixon Technologies (India) Ltd	Technology	2.65	0.08	0.00	May25	11.15
Edelweiss Flexi Cap Dir Gr	INF843K01KK1	Dixon Technologies (India) Ltd	Technology	2.65	0.08	0.00	June25	10.18
Edelweiss Flexi Cap Dir Gr	INF843K01KK1	Dixon Technologies (India) Ltd	Technology	2.65	0.08	0.00	July25	9.19
Edelweiss Flexi Cap Dir Gr	INF843K01KK1	Dixon Technologies (India) Ltd	Technology	2.65	0.08	0.00	Aug25	8.13
Edelweiss Flexi Cap Dir Gr	INF843K01KK1	Tvs Motor Company Limited		0.47	0.01	0.00	Oct24	5.55
Edelweiss Flexi Cap Dir Gr	INF843K01KK1	Tvs Motor Company Limited		0.47	0.01	0.00	Nov24	7.52
Edelweiss Flexi Cap Dir Gr	INF843K01KK1	Tvs Motor Company Limited		0.47	0.01	0.00	Dec24	3.56
Edelweiss Flexi Cap Dir Gr	INF843K01KK1	Tvs Motor Company Limited		0.47	0.01	0.00	Jan25	5.32
Edelweiss Flexi Cap Dir Gr	INF843K01KK1	Tvs Motor Company Limited		0.47	0.01	0.00	Feb25	5.59
Edelweiss Flexi Cap Dir Gr	INF843K01KK1	Tvs Motor Company Limited		0.47	0.01	0.00	Mar25	15.51
Edelweiss Flexi Cap Dir Gr	INF843K01KK1	Tvs Motor Company Limited		0.47	0.01	0.00	Mar25	15.51
Edelweiss Flexi Cap Dir Gr	INF843K01KK1	Tvs Motor Company Limited		0.47	0.01	0.00	Apr25	12.51
Edelweiss Flexi Cap Dir Gr	INF843K01KK1	Tvs Motor Company Limited		0.47	0.01	0.00	May25	11.15
Edelweiss Flexi Cap Dir Gr	INF843K01KK1	Tvs Motor Company Limited		0.47	0.01	0.00	June25	10.18
Edelweiss Flexi Cap Dir Gr	INF843K01KK1	Tvs Motor Company Limited		0.47	0.01	0.00	July25	9.19
Edelweiss Flexi Cap Dir Gr	INF843K01KK1	Tvs Motor Company Limited		0.47	0.01	0.00	Aug25	8.13
Edelweiss Flexi Cap Dir Gr	INF843K01KK1	Kwality Walls India Ltd	Consumer Defensive	0.32	0.01		Oct24	5.55
Edelweiss Flexi Cap Dir Gr	INF843K01KK1	Kwality Walls India Ltd	Consumer Defensive	0.32	0.01		Nov24	7.52
Edelweiss Flexi Cap Dir Gr	INF843K01KK1	Kwality Walls India Ltd	Consumer Defensive	0.32	0.01		Dec24	3.56
Edelweiss Flexi Cap Dir Gr	INF843K01KK1	Kwality Walls India Ltd	Consumer Defensive	0.32	0.01		Jan25	5.32
Edelweiss Flexi Cap Dir Gr	INF843K01KK1	Kwality Walls India Ltd	Consumer Defensive	0.32	0.01		Feb25	5.59
Edelweiss Flexi Cap Dir Gr	INF843K01KK1	Kwality Walls India Ltd	Consumer Defensive	0.32	0.01		Mar25	15.51
Edelweiss Flexi Cap Dir Gr	INF843K01KK1	Kwality Walls India Ltd	Consumer Defensive	0.32	0.01		Mar25	15.51
Edelweiss Flexi Cap Dir Gr	INF843K01KK1	Kwality Walls India Ltd	Consumer Defensive	0.32	0.01		Apr25	12.51
Edelweiss Flexi Cap Dir Gr	INF843K01KK1	Kwality Walls India Ltd	Consumer Defensive	0.32	0.01		May25	11.15
Edelweiss Flexi Cap Dir Gr	INF843K01KK1	Kwality Walls India Ltd	Consumer Defensive	0.32	0.01		June25	10.18
Edelweiss Flexi Cap Dir Gr	INF843K01KK1	Kwality Walls India Ltd	Consumer Defensive	0.32	0.01		July25	9.19
Edelweiss Flexi Cap Dir Gr	INF843K01KK1	Kwality Walls India Ltd	Consumer Defensive	0.32	0.01		Aug25	8.13
Edelweiss Flexi Cap Dir Gr	INF843K01KK1	Accrued Interest		0.03	0.00		Oct24	5.55
Edelweiss Flexi Cap Dir Gr	INF843K01KK1	Accrued Interest		0.03	0.00		Nov24	7.52
Edelweiss Flexi Cap Dir Gr	INF843K01KK1	Accrued Interest		0.03	0.00		Dec24	3.56
Edelweiss Flexi Cap Dir Gr	INF843K01KK1	Accrued Interest		0.03	0.00		Jan25	5.32
Edelweiss Flexi Cap Dir Gr	INF843K01KK1	Accrued Interest		0.03	0.00		Feb25	5.59
Edelweiss Flexi Cap Dir Gr	INF843K01KK1	Accrued Interest		0.03	0.00		Mar25	15.51
Edelweiss Flexi Cap Dir Gr	INF843K01KK1	Accrued Interest		0.03	0.00		Mar25	15.51
Edelweiss Flexi Cap Dir Gr	INF843K01KK1	Accrued Interest		0.03	0.00		Apr25	12.51
Edelweiss Flexi Cap Dir Gr	INF843K01KK1	Accrued Interest		0.03	0.00		May25	11.15
Edelweiss Flexi Cap Dir Gr	INF843K01KK1	Accrued Interest		0.03	0.00		June25	10.18
Edelweiss Flexi Cap Dir Gr	INF843K01KK1	Accrued Interest		0.03	0.00		July25	9.19
Edelweiss Flexi Cap Dir Gr	INF843K01KK1	Accrued Interest		0.03	0.00		Aug25	8.13
