schemeName	isin	stock_name	sector	market_value	weight	change_1m	period	weightage
ICICI Prudential Large Cap Dir Gr	INF109K016L0	ICICI Bank Ltd	Financial Services	7,298.10	9.42	11.60	Oct24	5.55
ICICI Prudential Large Cap Dir Gr	INF109K016L0	ICICI Bank Ltd	Financial Services	7,298.10	9.42	11.60	Nov24	7.52
ICICI Prudential Large Cap Dir Gr	INF109K016L0	ICICI Bank Ltd	Financial Services	7,298.10	9.42	11.60	Dec24	3.56
ICICI Prudential Large Cap Dir Gr	INF109K016L0	ICICI Bank Ltd	Financial Services	7,298.10	9.42	11.60	Jan25	5.32
ICICI Prudential Large Cap Dir Gr	INF109K016L0	ICICI Bank Ltd	Financial Services	7,298.10	9.42	11.60	Feb25	5.59
ICICI Prudential Large Cap Dir Gr	INF109K016L0	ICICI Bank Ltd	Financial Services	7,298.10	9.42	11.60	Mar25	15.51
ICICI Prudential Large Cap Dir Gr	INF109K016L0	ICICI Bank Ltd	Financial Services	7,298.10	9.42	11.60	Mar25	15.51
ICICI Prudential Large Cap Dir Gr	INF109K016L0	ICICI Bank Ltd	Financial Services	7,298.10	9.42	11.60	Apr25	12.51
ICICI Prudential Large Cap Dir Gr	INF109K016L0	ICICI Bank Ltd	Financial Services	7,298.10	9.42	11.60	May25	11.15
ICICI Prudential Large Cap Dir Gr	INF109K016L0	ICICI Bank Ltd	Financial Services	7,298.10	9.42	11.60	June25	10.18
ICICI Prudential Large Cap Dir Gr	INF109K016L0	ICICI Bank Ltd	Financial Services	7,298.10	9.42	11.60	July25	9.19
ICICI Prudential Large Cap Dir Gr	INF109K016L0	ICICI Bank Ltd	Financial Services	7,298.10	9.42	11.60	Aug25	8.13
ICICI Prudential Large Cap Dir Gr	INF109K016L0	HDFC Bank Ltd	Financial Services	7,091.30	9.16	0.00	Oct24	5.55
ICICI Prudential Large Cap Dir Gr	INF109K016L0	HDFC Bank Ltd	Financial Services	7,091.30	9.16	0.00	Nov24	7.52
ICICI Prudential Large Cap Dir Gr	INF109K016L0	HDFC Bank Ltd	Financial Services	7,091.30	9.16	0.00	Dec24	3.56
ICICI Prudential Large Cap Dir Gr	INF109K016L0	HDFC Bank Ltd	Financial Services	7,091.30	9.16	0.00	Jan25	5.32
ICICI Prudential Large Cap Dir Gr	INF109K016L0	HDFC Bank Ltd	Financial Services	7,091.30	9.16	0.00	Feb25	5.59
ICICI Prudential Large Cap Dir Gr	INF109K016L0	HDFC Bank Ltd	Financial Services	7,091.30	9.16	0.00	Mar25	15.51
ICICI Prudential Large Cap Dir Gr	INF109K016L0	HDFC Bank Ltd	Financial Services	7,091.30	9.16	0.00	Mar25	15.51
ICICI Prudential Large Cap Dir Gr	INF109K016L0	HDFC Bank Ltd	Financial Services	7,091.30	9.16	0.00	Apr25	12.51
ICICI Prudential Large Cap Dir Gr	INF109K016L0	HDFC Bank Ltd	Financial Services	7,091.30	9.16	0.00	May25	11.15
ICICI Prudential Large Cap Dir Gr	INF109K016L0	HDFC Bank Ltd	Financial Services	7,091.30	9.16	0.00	June25	10.18
ICICI Prudential Large Cap Dir Gr	INF109K016L0	HDFC Bank Ltd	Financial Services	7,091.30	9.16	0.00	July25	9.19
ICICI Prudential Large Cap Dir Gr	INF109K016L0	HDFC Bank Ltd	Financial Services	7,091.30	9.16	0.00	Aug25	8.13
ICICI Prudential Large Cap Dir Gr	INF109K016L0	Larsen & Toubro Ltd	Industrials	4,908.44	6.34	-8.76	Oct24	5.55
ICICI Prudential Large Cap Dir Gr	INF109K016L0	Larsen & Toubro Ltd	Industrials	4,908.44	6.34	-8.76	Nov24	7.52
ICICI Prudential Large Cap Dir Gr	INF109K016L0	Larsen & Toubro Ltd	Industrials	4,908.44	6.34	-8.76	Dec24	3.56
ICICI Prudential Large Cap Dir Gr	INF109K016L0	Larsen & Toubro Ltd	Industrials	4,908.44	6.34	-8.76	Jan25	5.32
ICICI Prudential Large Cap Dir Gr	INF109K016L0	Larsen & Toubro Ltd	Industrials	4,908.44	6.34	-8.76	Feb25	5.59
ICICI Prudential Large Cap Dir Gr	INF109K016L0	Larsen & Toubro Ltd	Industrials	4,908.44	6.34	-8.76	Mar25	15.51
ICICI Prudential Large Cap Dir Gr	INF109K016L0	Larsen & Toubro Ltd	Industrials	4,908.44	6.34	-8.76	Mar25	15.51
ICICI Prudential Large Cap Dir Gr	INF109K016L0	Larsen & Toubro Ltd	Industrials	4,908.44	6.34	-8.76	Apr25	12.51
ICICI Prudential Large Cap Dir Gr	INF109K016L0	Larsen & Toubro Ltd	Industrials	4,908.44	6.34	-8.76	May25	11.15
ICICI Prudential Large Cap Dir Gr	INF109K016L0	Larsen & Toubro Ltd	Industrials	4,908.44	6.34	-8.76	June25	10.18
ICICI Prudential Large Cap Dir Gr	INF109K016L0	Larsen & Toubro Ltd	Industrials	4,908.44	6.34	-8.76	July25	9.19
ICICI Prudential Large Cap Dir Gr	INF109K016L0	Larsen & Toubro Ltd	Industrials	4,908.44	6.34	-8.76	Aug25	8.13
ICICI Prudential Large Cap Dir Gr	INF109K016L0	Reliance Industries Ltd	Energy	4,630.61	5.98	-6.30	Oct24	5.55
ICICI Prudential Large Cap Dir Gr	INF109K016L0	Reliance Industries Ltd	Energy	4,630.61	5.98	-6.30	Nov24	7.52
ICICI Prudential Large Cap Dir Gr	INF109K016L0	Reliance Industries Ltd	Energy	4,630.61	5.98	-6.30	Dec24	3.56
ICICI Prudential Large Cap Dir Gr	INF109K016L0	Reliance Industries Ltd	Energy	4,630.61	5.98	-6.30	Jan25	5.32
ICICI Prudential Large Cap Dir Gr	INF109K016L0	Reliance Industries Ltd	Energy	4,630.61	5.98	-6.30	Feb25	5.59
ICICI Prudential Large Cap Dir Gr	INF109K016L0	Reliance Industries Ltd	Energy	4,630.61	5.98	-6.30	Mar25	15.51
ICICI Prudential Large Cap Dir Gr	INF109K016L0	Reliance Industries Ltd	Energy	4,630.61	5.98	-6.30	Mar25	15.51
ICICI Prudential Large Cap Dir Gr	INF109K016L0	Reliance Industries Ltd	Energy	4,630.61	5.98	-6.30	Apr25	12.51
ICICI Prudential Large Cap Dir Gr	INF109K016L0	Reliance Industries Ltd	Energy	4,630.61	5.98	-6.30	May25	11.15
ICICI Prudential Large Cap Dir Gr	INF109K016L0	Reliance Industries Ltd	Energy	4,630.61	5.98	-6.30	June25	10.18
ICICI Prudential Large Cap Dir Gr	INF109K016L0	Reliance Industries Ltd	Energy	4,630.61	5.98	-6.30	July25	9.19
ICICI Prudential Large Cap Dir Gr	INF109K016L0	Reliance Industries Ltd	Energy	4,630.61	5.98	-6.30	Aug25	8.13
ICICI Prudential Large Cap Dir Gr	INF109K016L0	Treps		3,747.89	4.84		Oct24	5.55
ICICI Prudential Large Cap Dir Gr	INF109K016L0	Treps		3,747.89	4.84		Nov24	7.52
ICICI Prudential Large Cap Dir Gr	INF109K016L0	Treps		3,747.89	4.84		Dec24	3.56
ICICI Prudential Large Cap Dir Gr	INF109K016L0	Treps		3,747.89	4.84		Jan25	5.32
ICICI Prudential Large Cap Dir Gr	INF109K016L0	Treps		3,747.89	4.84		Feb25	5.59
ICICI Prudential Large Cap Dir Gr	INF109K016L0	Treps		3,747.89	4.84		Mar25	15.51
ICICI Prudential Large Cap Dir Gr	INF109K016L0	Treps		3,747.89	4.84		Mar25	15.51
ICICI Prudential Large Cap Dir Gr	INF109K016L0	Treps		3,747.89	4.84		Apr25	12.51
ICICI Prudential Large Cap Dir Gr	INF109K016L0	Treps		3,747.89	4.84		May25	11.15
ICICI Prudential Large Cap Dir Gr	INF109K016L0	Treps		3,747.89	4.84		June25	10.18
ICICI Prudential Large Cap Dir Gr	INF109K016L0	Treps		3,747.89	4.84		July25	9.19
ICICI Prudential Large Cap Dir Gr	INF109K016L0	Treps		3,747.89	4.84		Aug25	8.13
ICICI Prudential Large Cap Dir Gr	INF109K016L0	Axis Bank Ltd	Financial Services	3,568.95	4.61	0.00	Oct24	5.55
ICICI Prudential Large Cap Dir Gr	INF109K016L0	Axis Bank Ltd	Financial Services	3,568.95	4.61	0.00	Nov24	7.52
ICICI Prudential Large Cap Dir Gr	INF109K016L0	Axis Bank Ltd	Financial Services	3,568.95	4.61	0.00	Dec24	3.56
ICICI Prudential Large Cap Dir Gr	INF109K016L0	Axis Bank Ltd	Financial Services	3,568.95	4.61	0.00	Jan25	5.32
ICICI Prudential Large Cap Dir Gr	INF109K016L0	Axis Bank Ltd	Financial Services	3,568.95	4.61	0.00	Feb25	5.59
ICICI Prudential Large Cap Dir Gr	INF109K016L0	Axis Bank Ltd	Financial Services	3,568.95	4.61	0.00	Mar25	15.51
ICICI Prudential Large Cap Dir Gr	INF109K016L0	Axis Bank Ltd	Financial Services	3,568.95	4.61	0.00	Mar25	15.51
ICICI Prudential Large Cap Dir Gr	INF109K016L0	Axis Bank Ltd	Financial Services	3,568.95	4.61	0.00	Apr25	12.51
ICICI Prudential Large Cap Dir Gr	INF109K016L0	Axis Bank Ltd	Financial Services	3,568.95	4.61	0.00	May25	11.15
ICICI Prudential Large Cap Dir Gr	INF109K016L0	Axis Bank Ltd	Financial Services	3,568.95	4.61	0.00	June25	10.18
ICICI Prudential Large Cap Dir Gr	INF109K016L0	Axis Bank Ltd	Financial Services	3,568.95	4.61	0.00	July25	9.19
ICICI Prudential Large Cap Dir Gr	INF109K016L0	Axis Bank Ltd	Financial Services	3,568.95	4.61	0.00	Aug25	8.13
ICICI Prudential Large Cap Dir Gr	INF109K016L0	Bharti Airtel Ltd	Communication Services	3,185.61	4.11	0.00	Oct24	5.55
ICICI Prudential Large Cap Dir Gr	INF109K016L0	Bharti Airtel Ltd	Communication Services	3,185.61	4.11	0.00	Nov24	7.52
ICICI Prudential Large Cap Dir Gr	INF109K016L0	Bharti Airtel Ltd	Communication Services	3,185.61	4.11	0.00	Dec24	3.56
ICICI Prudential Large Cap Dir Gr	INF109K016L0	Bharti Airtel Ltd	Communication Services	3,185.61	4.11	0.00	Jan25	5.32
ICICI Prudential Large Cap Dir Gr	INF109K016L0	Bharti Airtel Ltd	Communication Services	3,185.61	4.11	0.00	Feb25	5.59
ICICI Prudential Large Cap Dir Gr	INF109K016L0	Bharti Airtel Ltd	Communication Services	3,185.61	4.11	0.00	Mar25	15.51
ICICI Prudential Large Cap Dir Gr	INF109K016L0	Bharti Airtel Ltd	Communication Services	3,185.61	4.11	0.00	Mar25	15.51
ICICI Prudential Large Cap Dir Gr	INF109K016L0	Bharti Airtel Ltd	Communication Services	3,185.61	4.11	0.00	Apr25	12.51
ICICI Prudential Large Cap Dir Gr	INF109K016L0	Bharti Airtel Ltd	Communication Services	3,185.61	4.11	0.00	May25	11.15
ICICI Prudential Large Cap Dir Gr	INF109K016L0	Bharti Airtel Ltd	Communication Services	3,185.61	4.11	0.00	June25	10.18
ICICI Prudential Large Cap Dir Gr	INF109K016L0	Bharti Airtel Ltd	Communication Services	3,185.61	4.11	0.00	July25	9.19
ICICI Prudential Large Cap Dir Gr	INF109K016L0	Bharti Airtel Ltd	Communication Services	3,185.61	4.11	0.00	Aug25	8.13
ICICI Prudential Large Cap Dir Gr	INF109K016L0	Maruti Suzuki India Ltd	Consumer Cyclical	3,009.53	3.89	0.00	Oct24	5.55
ICICI Prudential Large Cap Dir Gr	INF109K016L0	Maruti Suzuki India Ltd	Consumer Cyclical	3,009.53	3.89	0.00	Nov24	7.52
ICICI Prudential Large Cap Dir Gr	INF109K016L0	Maruti Suzuki India Ltd	Consumer Cyclical	3,009.53	3.89	0.00	Dec24	3.56
ICICI Prudential Large Cap Dir Gr	INF109K016L0	Maruti Suzuki India Ltd	Consumer Cyclical	3,009.53	3.89	0.00	Jan25	5.32
ICICI Prudential Large Cap Dir Gr	INF109K016L0	Maruti Suzuki India Ltd	Consumer Cyclical	3,009.53	3.89	0.00	Feb25	5.59
ICICI Prudential Large Cap Dir Gr	INF109K016L0	Maruti Suzuki India Ltd	Consumer Cyclical	3,009.53	3.89	0.00	Mar25	15.51
ICICI Prudential Large Cap Dir Gr	INF109K016L0	Maruti Suzuki India Ltd	Consumer Cyclical	3,009.53	3.89	0.00	Mar25	15.51
ICICI Prudential Large Cap Dir Gr	INF109K016L0	Maruti Suzuki India Ltd	Consumer Cyclical	3,009.53	3.89	0.00	Apr25	12.51
ICICI Prudential Large Cap Dir Gr	INF109K016L0	Maruti Suzuki India Ltd	Consumer Cyclical	3,009.53	3.89	0.00	May25	11.15
ICICI Prudential Large Cap Dir Gr	INF109K016L0	Maruti Suzuki India Ltd	Consumer Cyclical	3,009.53	3.89	0.00	June25	10.18
ICICI Prudential Large Cap Dir Gr	INF109K016L0	Maruti Suzuki India Ltd	Consumer Cyclical	3,009.53	3.89	0.00	July25	9.19
ICICI Prudential Large Cap Dir Gr	INF109K016L0	Maruti Suzuki India Ltd	Consumer Cyclical	3,009.53	3.89	0.00	Aug25	8.13
ICICI Prudential Large Cap Dir Gr	INF109K016L0	Infosys Ltd	Technology	2,717.95	3.51	28.66	Oct24	5.55
ICICI Prudential Large Cap Dir Gr	INF109K016L0	Infosys Ltd	Technology	2,717.95	3.51	28.66	Nov24	7.52
ICICI Prudential Large Cap Dir Gr	INF109K016L0	Infosys Ltd	Technology	2,717.95	3.51	28.66	Dec24	3.56
ICICI Prudential Large Cap Dir Gr	INF109K016L0	Infosys Ltd	Technology	2,717.95	3.51	28.66	Jan25	5.32
ICICI Prudential Large Cap Dir Gr	INF109K016L0	Infosys Ltd	Technology	2,717.95	3.51	28.66	Feb25	5.59
ICICI Prudential Large Cap Dir Gr	INF109K016L0	Infosys Ltd	Technology	2,717.95	3.51	28.66	Mar25	15.51
ICICI Prudential Large Cap Dir Gr	INF109K016L0	Infosys Ltd	Technology	2,717.95	3.51	28.66	Mar25	15.51
ICICI Prudential Large Cap Dir Gr	INF109K016L0	Infosys Ltd	Technology	2,717.95	3.51	28.66	Apr25	12.51
ICICI Prudential Large Cap Dir Gr	INF109K016L0	Infosys Ltd	Technology	2,717.95	3.51	28.66	May25	11.15
ICICI Prudential Large Cap Dir Gr	INF109K016L0	Infosys Ltd	Technology	2,717.95	3.51	28.66	June25	10.18
ICICI Prudential Large Cap Dir Gr	INF109K016L0	Infosys Ltd	Technology	2,717.95	3.51	28.66	July25	9.19
ICICI Prudential Large Cap Dir Gr	INF109K016L0	Infosys Ltd	Technology	2,717.95	3.51	28.66	Aug25	8.13
ICICI Prudential Large Cap Dir Gr	INF109K016L0	UltraTech Cement Ltd	Basic Materials	2,643.49	3.41	-1.08	Oct24	5.55
ICICI Prudential Large Cap Dir Gr	INF109K016L0	UltraTech Cement Ltd	Basic Materials	2,643.49	3.41	-1.08	Nov24	7.52
ICICI Prudential Large Cap Dir Gr	INF109K016L0	UltraTech Cement Ltd	Basic Materials	2,643.49	3.41	-1.08	Dec24	3.56
ICICI Prudential Large Cap Dir Gr	INF109K016L0	UltraTech Cement Ltd	Basic Materials	2,643.49	3.41	-1.08	Jan25	5.32
ICICI Prudential Large Cap Dir Gr	INF109K016L0	UltraTech Cement Ltd	Basic Materials	2,643.49	3.41	-1.08	Feb25	5.59
ICICI Prudential Large Cap Dir Gr	INF109K016L0	UltraTech Cement Ltd	Basic Materials	2,643.49	3.41	-1.08	Mar25	15.51
ICICI Prudential Large Cap Dir Gr	INF109K016L0	UltraTech Cement Ltd	Basic Materials	2,643.49	3.41	-1.08	Mar25	15.51
ICICI Prudential Large Cap Dir Gr	INF109K016L0	UltraTech Cement Ltd	Basic Materials	2,643.49	3.41	-1.08	Apr25	12.51
ICICI Prudential Large Cap Dir Gr	INF109K016L0	UltraTech Cement Ltd	Basic Materials	2,643.49	3.41	-1.08	May25	11.15
ICICI Prudential Large Cap Dir Gr	INF109K016L0	UltraTech Cement Ltd	Basic Materials	2,643.49	3.41	-1.08	June25	10.18
ICICI Prudential Large Cap Dir Gr	INF109K016L0	UltraTech Cement Ltd	Basic Materials	2,643.49	3.41	-1.08	July25	9.19
ICICI Prudential Large Cap Dir Gr	INF109K016L0	UltraTech Cement Ltd	Basic Materials	2,643.49	3.41	-1.08	Aug25	8.13
ICICI Prudential Large Cap Dir Gr	INF109K016L0	Cash Offset For Derivatives		-2,367.08	3.06	-25.29	Oct24	5.55
ICICI Prudential Large Cap Dir Gr	INF109K016L0	Cash Offset For Derivatives		-2,367.08	3.06	-25.29	Nov24	7.52
ICICI Prudential Large Cap Dir Gr	INF109K016L0	Cash Offset For Derivatives		-2,367.08	3.06	-25.29	Dec24	3.56
ICICI Prudential Large Cap Dir Gr	INF109K016L0	Cash Offset For Derivatives		-2,367.08	3.06	-25.29	Jan25	5.32
ICICI Prudential Large Cap Dir Gr	INF109K016L0	Cash Offset For Derivatives		-2,367.08	3.06	-25.29	Feb25	5.59
ICICI Prudential Large Cap Dir Gr	INF109K016L0	Cash Offset For Derivatives		-2,367.08	3.06	-25.29	Mar25	15.51
ICICI Prudential Large Cap Dir Gr	INF109K016L0	Cash Offset For Derivatives		-2,367.08	3.06	-25.29	Mar25	15.51
ICICI Prudential Large Cap Dir Gr	INF109K016L0	Cash Offset For Derivatives		-2,367.08	3.06	-25.29	Apr25	12.51
ICICI Prudential Large Cap Dir Gr	INF109K016L0	Cash Offset For Derivatives		-2,367.08	3.06	-25.29	May25	11.15
ICICI Prudential Large Cap Dir Gr	INF109K016L0	Cash Offset For Derivatives		-2,367.08	3.06	-25.29	June25	10.18
ICICI Prudential Large Cap Dir Gr	INF109K016L0	Cash Offset For Derivatives		-2,367.08	3.06	-25.29	July25	9.19
ICICI Prudential Large Cap Dir Gr	INF109K016L0	Cash Offset For Derivatives		-2,367.08	3.06	-25.29	Aug25	8.13
ICICI Prudential Large Cap Dir Gr	INF109K016L0	Nifty 50 Index		2,367.08	3.06	-24.69	Oct24	5.55
ICICI Prudential Large Cap Dir Gr	INF109K016L0	Nifty 50 Index		2,367.08	3.06	-24.69	Nov24	7.52
ICICI Prudential Large Cap Dir Gr	INF109K016L0	Nifty 50 Index		2,367.08	3.06	-24.69	Dec24	3.56
ICICI Prudential Large Cap Dir Gr	INF109K016L0	Nifty 50 Index		2,367.08	3.06	-24.69	Jan25	5.32
ICICI Prudential Large Cap Dir Gr	INF109K016L0	Nifty 50 Index		2,367.08	3.06	-24.69	Feb25	5.59
ICICI Prudential Large Cap Dir Gr	INF109K016L0	Nifty 50 Index		2,367.08	3.06	-24.69	Mar25	15.51
ICICI Prudential Large Cap Dir Gr	INF109K016L0	Nifty 50 Index		2,367.08	3.06	-24.69	Mar25	15.51
ICICI Prudential Large Cap Dir Gr	INF109K016L0	Nifty 50 Index		2,367.08	3.06	-24.69	Apr25	12.51
ICICI Prudential Large Cap Dir Gr	INF109K016L0	Nifty 50 Index		2,367.08	3.06	-24.69	May25	11.15
ICICI Prudential Large Cap Dir Gr	INF109K016L0	Nifty 50 Index		2,367.08	3.06	-24.69	June25	10.18
ICICI Prudential Large Cap Dir Gr	INF109K016L0	Nifty 50 Index		2,367.08	3.06	-24.69	July25	9.19
ICICI Prudential Large Cap Dir Gr	INF109K016L0	Nifty 50 Index		2,367.08	3.06	-24.69	Aug25	8.13
ICICI Prudential Large Cap Dir Gr	INF109K016L0	NTPC Ltd	Utilities	1,974.71	2.55	-12.15	Oct24	5.55
ICICI Prudential Large Cap Dir Gr	INF109K016L0	NTPC Ltd	Utilities	1,974.71	2.55	-12.15	Nov24	7.52
ICICI Prudential Large Cap Dir Gr	INF109K016L0	NTPC Ltd	Utilities	1,974.71	2.55	-12.15	Dec24	3.56
ICICI Prudential Large Cap Dir Gr	INF109K016L0	NTPC Ltd	Utilities	1,974.71	2.55	-12.15	Jan25	5.32
ICICI Prudential Large Cap Dir Gr	INF109K016L0	NTPC Ltd	Utilities	1,974.71	2.55	-12.15	Feb25	5.59
ICICI Prudential Large Cap Dir Gr	INF109K016L0	NTPC Ltd	Utilities	1,974.71	2.55	-12.15	Mar25	15.51
ICICI Prudential Large Cap Dir Gr	INF109K016L0	NTPC Ltd	Utilities	1,974.71	2.55	-12.15	Mar25	15.51
ICICI Prudential Large Cap Dir Gr	INF109K016L0	NTPC Ltd	Utilities	1,974.71	2.55	-12.15	Apr25	12.51
ICICI Prudential Large Cap Dir Gr	INF109K016L0	NTPC Ltd	Utilities	1,974.71	2.55	-12.15	May25	11.15
ICICI Prudential Large Cap Dir Gr	INF109K016L0	NTPC Ltd	Utilities	1,974.71	2.55	-12.15	June25	10.18
ICICI Prudential Large Cap Dir Gr	INF109K016L0	NTPC Ltd	Utilities	1,974.71	2.55	-12.15	July25	9.19
ICICI Prudential Large Cap Dir Gr	INF109K016L0	NTPC Ltd	Utilities	1,974.71	2.55	-12.15	Aug25	8.13
ICICI Prudential Large Cap Dir Gr	INF109K016L0	Sun Pharmaceuticals Industries Ltd	Healthcare	1,937.38	2.50	-7.85	Oct24	5.55
ICICI Prudential Large Cap Dir Gr	INF109K016L0	Sun Pharmaceuticals Industries Ltd	Healthcare	1,937.38	2.50	-7.85	Nov24	7.52
ICICI Prudential Large Cap Dir Gr	INF109K016L0	Sun Pharmaceuticals Industries Ltd	Healthcare	1,937.38	2.50	-7.85	Dec24	3.56
ICICI Prudential Large Cap Dir Gr	INF109K016L0	Sun Pharmaceuticals Industries Ltd	Healthcare	1,937.38	2.50	-7.85	Jan25	5.32
ICICI Prudential Large Cap Dir Gr	INF109K016L0	Sun Pharmaceuticals Industries Ltd	Healthcare	1,937.38	2.50	-7.85	Feb25	5.59
ICICI Prudential Large Cap Dir Gr	INF109K016L0	Sun Pharmaceuticals Industries Ltd	Healthcare	1,937.38	2.50	-7.85	Mar25	15.51
ICICI Prudential Large Cap Dir Gr	INF109K016L0	Sun Pharmaceuticals Industries Ltd	Healthcare	1,937.38	2.50	-7.85	Mar25	15.51
ICICI Prudential Large Cap Dir Gr	INF109K016L0	Sun Pharmaceuticals Industries Ltd	Healthcare	1,937.38	2.50	-7.85	Apr25	12.51
ICICI Prudential Large Cap Dir Gr	INF109K016L0	Sun Pharmaceuticals Industries Ltd	Healthcare	1,937.38	2.50	-7.85	May25	11.15
ICICI Prudential Large Cap Dir Gr	INF109K016L0	Sun Pharmaceuticals Industries Ltd	Healthcare	1,937.38	2.50	-7.85	June25	10.18
ICICI Prudential Large Cap Dir Gr	INF109K016L0	Sun Pharmaceuticals Industries Ltd	Healthcare	1,937.38	2.50	-7.85	July25	9.19
ICICI Prudential Large Cap Dir Gr	INF109K016L0	Sun Pharmaceuticals Industries Ltd	Healthcare	1,937.38	2.50	-7.85	Aug25	8.13
ICICI Prudential Large Cap Dir Gr	INF109K016L0	Mahindra & Mahindra Ltd	Consumer Cyclical	1,920.31	2.48	-1.74	Oct24	5.55
ICICI Prudential Large Cap Dir Gr	INF109K016L0	Mahindra & Mahindra Ltd	Consumer Cyclical	1,920.31	2.48	-1.74	Nov24	7.52
ICICI Prudential Large Cap Dir Gr	INF109K016L0	Mahindra & Mahindra Ltd	Consumer Cyclical	1,920.31	2.48	-1.74	Dec24	3.56
ICICI Prudential Large Cap Dir Gr	INF109K016L0	Mahindra & Mahindra Ltd	Consumer Cyclical	1,920.31	2.48	-1.74	Jan25	5.32
ICICI Prudential Large Cap Dir Gr	INF109K016L0	Mahindra & Mahindra Ltd	Consumer Cyclical	1,920.31	2.48	-1.74	Feb25	5.59
ICICI Prudential Large Cap Dir Gr	INF109K016L0	Mahindra & Mahindra Ltd	Consumer Cyclical	1,920.31	2.48	-1.74	Mar25	15.51
ICICI Prudential Large Cap Dir Gr	INF109K016L0	Mahindra & Mahindra Ltd	Consumer Cyclical	1,920.31	2.48	-1.74	Mar25	15.51
ICICI Prudential Large Cap Dir Gr	INF109K016L0	Mahindra & Mahindra Ltd	Consumer Cyclical	1,920.31	2.48	-1.74	Apr25	12.51
ICICI Prudential Large Cap Dir Gr	INF109K016L0	Mahindra & Mahindra Ltd	Consumer Cyclical	1,920.31	2.48	-1.74	May25	11.15
ICICI Prudential Large Cap Dir Gr	INF109K016L0	Mahindra & Mahindra Ltd	Consumer Cyclical	1,920.31	2.48	-1.74	June25	10.18
ICICI Prudential Large Cap Dir Gr	INF109K016L0	Mahindra & Mahindra Ltd	Consumer Cyclical	1,920.31	2.48	-1.74	July25	9.19
ICICI Prudential Large Cap Dir Gr	INF109K016L0	Mahindra & Mahindra Ltd	Consumer Cyclical	1,920.31	2.48	-1.74	Aug25	8.13
ICICI Prudential Large Cap Dir Gr	INF109K016L0	Hero MotoCorp Ltd	Consumer Cyclical	1,571.54	2.03	-2.69	Oct24	5.55
ICICI Prudential Large Cap Dir Gr	INF109K016L0	Hero MotoCorp Ltd	Consumer Cyclical	1,571.54	2.03	-2.69	Nov24	7.52
ICICI Prudential Large Cap Dir Gr	INF109K016L0	Hero MotoCorp Ltd	Consumer Cyclical	1,571.54	2.03	-2.69	Dec24	3.56
ICICI Prudential Large Cap Dir Gr	INF109K016L0	Hero MotoCorp Ltd	Consumer Cyclical	1,571.54	2.03	-2.69	Jan25	5.32
ICICI Prudential Large Cap Dir Gr	INF109K016L0	Hero MotoCorp Ltd	Consumer Cyclical	1,571.54	2.03	-2.69	Feb25	5.59
ICICI Prudential Large Cap Dir Gr	INF109K016L0	Hero MotoCorp Ltd	Consumer Cyclical	1,571.54	2.03	-2.69	Mar25	15.51
ICICI Prudential Large Cap Dir Gr	INF109K016L0	Hero MotoCorp Ltd	Consumer Cyclical	1,571.54	2.03	-2.69	Mar25	15.51
ICICI Prudential Large Cap Dir Gr	INF109K016L0	Hero MotoCorp Ltd	Consumer Cyclical	1,571.54	2.03	-2.69	Apr25	12.51
ICICI Prudential Large Cap Dir Gr	INF109K016L0	Hero MotoCorp Ltd	Consumer Cyclical	1,571.54	2.03	-2.69	May25	11.15
ICICI Prudential Large Cap Dir Gr	INF109K016L0	Hero MotoCorp Ltd	Consumer Cyclical	1,571.54	2.03	-2.69	June25	10.18
ICICI Prudential Large Cap Dir Gr	INF109K016L0	Hero MotoCorp Ltd	Consumer Cyclical	1,571.54	2.03	-2.69	July25	9.19
ICICI Prudential Large Cap Dir Gr	INF109K016L0	Hero MotoCorp Ltd	Consumer Cyclical	1,571.54	2.03	-2.69	Aug25	8.13
ICICI Prudential Large Cap Dir Gr	INF109K016L0	Asian Paints Ltd	Basic Materials	1,492.89	1.93	0.00	Oct24	5.55
ICICI Prudential Large Cap Dir Gr	INF109K016L0	Asian Paints Ltd	Basic Materials	1,492.89	1.93	0.00	Nov24	7.52
ICICI Prudential Large Cap Dir Gr	INF109K016L0	Asian Paints Ltd	Basic Materials	1,492.89	1.93	0.00	Dec24	3.56
ICICI Prudential Large Cap Dir Gr	INF109K016L0	Asian Paints Ltd	Basic Materials	1,492.89	1.93	0.00	Jan25	5.32
ICICI Prudential Large Cap Dir Gr	INF109K016L0	Asian Paints Ltd	Basic Materials	1,492.89	1.93	0.00	Feb25	5.59
ICICI Prudential Large Cap Dir Gr	INF109K016L0	Asian Paints Ltd	Basic Materials	1,492.89	1.93	0.00	Mar25	15.51
ICICI Prudential Large Cap Dir Gr	INF109K016L0	Asian Paints Ltd	Basic Materials	1,492.89	1.93	0.00	Mar25	15.51
ICICI Prudential Large Cap Dir Gr	INF109K016L0	Asian Paints Ltd	Basic Materials	1,492.89	1.93	0.00	Apr25	12.51
ICICI Prudential Large Cap Dir Gr	INF109K016L0	Asian Paints Ltd	Basic Materials	1,492.89	1.93	0.00	May25	11.15
ICICI Prudential Large Cap Dir Gr	INF109K016L0	Asian Paints Ltd	Basic Materials	1,492.89	1.93	0.00	June25	10.18
ICICI Prudential Large Cap Dir Gr	INF109K016L0	Asian Paints Ltd	Basic Materials	1,492.89	1.93	0.00	July25	9.19
ICICI Prudential Large Cap Dir Gr	INF109K016L0	Asian Paints Ltd	Basic Materials	1,492.89	1.93	0.00	Aug25	8.13
ICICI Prudential Large Cap Dir Gr	INF109K016L0	InterGlobe Aviation Ltd	Industrials	1,457.25	1.88	0.00	Oct24	5.55
ICICI Prudential Large Cap Dir Gr	INF109K016L0	InterGlobe Aviation Ltd	Industrials	1,457.25	1.88	0.00	Nov24	7.52
ICICI Prudential Large Cap Dir Gr	INF109K016L0	InterGlobe Aviation Ltd	Industrials	1,457.25	1.88	0.00	Dec24	3.56
ICICI Prudential Large Cap Dir Gr	INF109K016L0	InterGlobe Aviation Ltd	Industrials	1,457.25	1.88	0.00	Jan25	5.32
ICICI Prudential Large Cap Dir Gr	INF109K016L0	InterGlobe Aviation Ltd	Industrials	1,457.25	1.88	0.00	Feb25	5.59
ICICI Prudential Large Cap Dir Gr	INF109K016L0	InterGlobe Aviation Ltd	Industrials	1,457.25	1.88	0.00	Mar25	15.51
ICICI Prudential Large Cap Dir Gr	INF109K016L0	InterGlobe Aviation Ltd	Industrials	1,457.25	1.88	0.00	Mar25	15.51
ICICI Prudential Large Cap Dir Gr	INF109K016L0	InterGlobe Aviation Ltd	Industrials	1,457.25	1.88	0.00	Apr25	12.51
ICICI Prudential Large Cap Dir Gr	INF109K016L0	InterGlobe Aviation Ltd	Industrials	1,457.25	1.88	0.00	May25	11.15
ICICI Prudential Large Cap Dir Gr	INF109K016L0	InterGlobe Aviation Ltd	Industrials	1,457.25	1.88	0.00	June25	10.18
ICICI Prudential Large Cap Dir Gr	INF109K016L0	InterGlobe Aviation Ltd	Industrials	1,457.25	1.88	0.00	July25	9.19
ICICI Prudential Large Cap Dir Gr	INF109K016L0	InterGlobe Aviation Ltd	Industrials	1,457.25	1.88	0.00	Aug25	8.13
ICICI Prudential Large Cap Dir Gr	INF109K016L0	Power Grid Corp Of India Ltd	Utilities	1,097.42	1.42	-18.39	Oct24	5.55
ICICI Prudential Large Cap Dir Gr	INF109K016L0	Power Grid Corp Of India Ltd	Utilities	1,097.42	1.42	-18.39	Nov24	7.52
ICICI Prudential Large Cap Dir Gr	INF109K016L0	Power Grid Corp Of India Ltd	Utilities	1,097.42	1.42	-18.39	Dec24	3.56
ICICI Prudential Large Cap Dir Gr	INF109K016L0	Power Grid Corp Of India Ltd	Utilities	1,097.42	1.42	-18.39	Jan25	5.32
ICICI Prudential Large Cap Dir Gr	INF109K016L0	Power Grid Corp Of India Ltd	Utilities	1,097.42	1.42	-18.39	Feb25	5.59
ICICI Prudential Large Cap Dir Gr	INF109K016L0	Power Grid Corp Of India Ltd	Utilities	1,097.42	1.42	-18.39	Mar25	15.51
ICICI Prudential Large Cap Dir Gr	INF109K016L0	Power Grid Corp Of India Ltd	Utilities	1,097.42	1.42	-18.39	Mar25	15.51
ICICI Prudential Large Cap Dir Gr	INF109K016L0	Power Grid Corp Of India Ltd	Utilities	1,097.42	1.42	-18.39	Apr25	12.51
ICICI Prudential Large Cap Dir Gr	INF109K016L0	Power Grid Corp Of India Ltd	Utilities	1,097.42	1.42	-18.39	May25	11.15
ICICI Prudential Large Cap Dir Gr	INF109K016L0	Power Grid Corp Of India Ltd	Utilities	1,097.42	1.42	-18.39	June25	10.18
ICICI Prudential Large Cap Dir Gr	INF109K016L0	Power Grid Corp Of India Ltd	Utilities	1,097.42	1.42	-18.39	July25	9.19
ICICI Prudential Large Cap Dir Gr	INF109K016L0	Power Grid Corp Of India Ltd	Utilities	1,097.42	1.42	-18.39	Aug25	8.13
ICICI Prudential Large Cap Dir Gr	INF109K016L0	ICICI Prudential Life Insurance Co Ltd	Financial Services	1,069.59	1.38	0.00	Oct24	5.55
ICICI Prudential Large Cap Dir Gr	INF109K016L0	ICICI Prudential Life Insurance Co Ltd	Financial Services	1,069.59	1.38	0.00	Nov24	7.52
ICICI Prudential Large Cap Dir Gr	INF109K016L0	ICICI Prudential Life Insurance Co Ltd	Financial Services	1,069.59	1.38	0.00	Dec24	3.56
ICICI Prudential Large Cap Dir Gr	INF109K016L0	ICICI Prudential Life Insurance Co Ltd	Financial Services	1,069.59	1.38	0.00	Jan25	5.32
ICICI Prudential Large Cap Dir Gr	INF109K016L0	ICICI Prudential Life Insurance Co Ltd	Financial Services	1,069.59	1.38	0.00	Feb25	5.59
ICICI Prudential Large Cap Dir Gr	INF109K016L0	ICICI Prudential Life Insurance Co Ltd	Financial Services	1,069.59	1.38	0.00	Mar25	15.51
ICICI Prudential Large Cap Dir Gr	INF109K016L0	ICICI Prudential Life Insurance Co Ltd	Financial Services	1,069.59	1.38	0.00	Mar25	15.51
ICICI Prudential Large Cap Dir Gr	INF109K016L0	ICICI Prudential Life Insurance Co Ltd	Financial Services	1,069.59	1.38	0.00	Apr25	12.51
ICICI Prudential Large Cap Dir Gr	INF109K016L0	ICICI Prudential Life Insurance Co Ltd	Financial Services	1,069.59	1.38	0.00	May25	11.15
ICICI Prudential Large Cap Dir Gr	INF109K016L0	ICICI Prudential Life Insurance Co Ltd	Financial Services	1,069.59	1.38	0.00	June25	10.18
ICICI Prudential Large Cap Dir Gr	INF109K016L0	ICICI Prudential Life Insurance Co Ltd	Financial Services	1,069.59	1.38	0.00	July25	9.19
ICICI Prudential Large Cap Dir Gr	INF109K016L0	ICICI Prudential Life Insurance Co Ltd	Financial Services	1,069.59	1.38	0.00	Aug25	8.13
ICICI Prudential Large Cap Dir Gr	INF109K016L0	SBI Life Insurance Co Ltd	Financial Services	1,026.38	1.33	-11.05	Oct24	5.55
ICICI Prudential Large Cap Dir Gr	INF109K016L0	SBI Life Insurance Co Ltd	Financial Services	1,026.38	1.33	-11.05	Nov24	7.52
ICICI Prudential Large Cap Dir Gr	INF109K016L0	SBI Life Insurance Co Ltd	Financial Services	1,026.38	1.33	-11.05	Dec24	3.56
ICICI Prudential Large Cap Dir Gr	INF109K016L0	SBI Life Insurance Co Ltd	Financial Services	1,026.38	1.33	-11.05	Jan25	5.32
ICICI Prudential Large Cap Dir Gr	INF109K016L0	SBI Life Insurance Co Ltd	Financial Services	1,026.38	1.33	-11.05	Feb25	5.59
ICICI Prudential Large Cap Dir Gr	INF109K016L0	SBI Life Insurance Co Ltd	Financial Services	1,026.38	1.33	-11.05	Mar25	15.51
ICICI Prudential Large Cap Dir Gr	INF109K016L0	SBI Life Insurance Co Ltd	Financial Services	1,026.38	1.33	-11.05	Mar25	15.51
ICICI Prudential Large Cap Dir Gr	INF109K016L0	SBI Life Insurance Co Ltd	Financial Services	1,026.38	1.33	-11.05	Apr25	12.51
ICICI Prudential Large Cap Dir Gr	INF109K016L0	SBI Life Insurance Co Ltd	Financial Services	1,026.38	1.33	-11.05	May25	11.15
ICICI Prudential Large Cap Dir Gr	INF109K016L0	SBI Life Insurance Co Ltd	Financial Services	1,026.38	1.33	-11.05	June25	10.18
ICICI Prudential Large Cap Dir Gr	INF109K016L0	SBI Life Insurance Co Ltd	Financial Services	1,026.38	1.33	-11.05	July25	9.19
ICICI Prudential Large Cap Dir Gr	INF109K016L0	SBI Life Insurance Co Ltd	Financial Services	1,026.38	1.33	-11.05	Aug25	8.13
ICICI Prudential Large Cap Dir Gr	INF109K016L0	HDFC Life Insurance Co Ltd	Financial Services	908.28	1.17	0.00	Oct24	5.55
ICICI Prudential Large Cap Dir Gr	INF109K016L0	HDFC Life Insurance Co Ltd	Financial Services	908.28	1.17	0.00	Nov24	7.52
ICICI Prudential Large Cap Dir Gr	INF109K016L0	HDFC Life Insurance Co Ltd	Financial Services	908.28	1.17	0.00	Dec24	3.56
ICICI Prudential Large Cap Dir Gr	INF109K016L0	HDFC Life Insurance Co Ltd	Financial Services	908.28	1.17	0.00	Jan25	5.32
ICICI Prudential Large Cap Dir Gr	INF109K016L0	HDFC Life Insurance Co Ltd	Financial Services	908.28	1.17	0.00	Feb25	5.59
ICICI Prudential Large Cap Dir Gr	INF109K016L0	HDFC Life Insurance Co Ltd	Financial Services	908.28	1.17	0.00	Mar25	15.51
ICICI Prudential Large Cap Dir Gr	INF109K016L0	HDFC Life Insurance Co Ltd	Financial Services	908.28	1.17	0.00	Mar25	15.51
ICICI Prudential Large Cap Dir Gr	INF109K016L0	HDFC Life Insurance Co Ltd	Financial Services	908.28	1.17	0.00	Apr25	12.51
ICICI Prudential Large Cap Dir Gr	INF109K016L0	HDFC Life Insurance Co Ltd	Financial Services	908.28	1.17	0.00	May25	11.15
ICICI Prudential Large Cap Dir Gr	INF109K016L0	HDFC Life Insurance Co Ltd	Financial Services	908.28	1.17	0.00	June25	10.18
ICICI Prudential Large Cap Dir Gr	INF109K016L0	HDFC Life Insurance Co Ltd	Financial Services	908.28	1.17	0.00	July25	9.19
ICICI Prudential Large Cap Dir Gr	INF109K016L0	HDFC Life Insurance Co Ltd	Financial Services	908.28	1.17	0.00	Aug25	8.13
ICICI Prudential Large Cap Dir Gr	INF109K016L0	DLF Ltd	Real Estate	898.47	1.16	1.54	Oct24	5.55
ICICI Prudential Large Cap Dir Gr	INF109K016L0	DLF Ltd	Real Estate	898.47	1.16	1.54	Nov24	7.52
ICICI Prudential Large Cap Dir Gr	INF109K016L0	DLF Ltd	Real Estate	898.47	1.16	1.54	Dec24	3.56
ICICI Prudential Large Cap Dir Gr	INF109K016L0	DLF Ltd	Real Estate	898.47	1.16	1.54	Jan25	5.32
ICICI Prudential Large Cap Dir Gr	INF109K016L0	DLF Ltd	Real Estate	898.47	1.16	1.54	Feb25	5.59
ICICI Prudential Large Cap Dir Gr	INF109K016L0	DLF Ltd	Real Estate	898.47	1.16	1.54	Mar25	15.51
ICICI Prudential Large Cap Dir Gr	INF109K016L0	DLF Ltd	Real Estate	898.47	1.16	1.54	Mar25	15.51
ICICI Prudential Large Cap Dir Gr	INF109K016L0	DLF Ltd	Real Estate	898.47	1.16	1.54	Apr25	12.51
ICICI Prudential Large Cap Dir Gr	INF109K016L0	DLF Ltd	Real Estate	898.47	1.16	1.54	May25	11.15
ICICI Prudential Large Cap Dir Gr	INF109K016L0	DLF Ltd	Real Estate	898.47	1.16	1.54	June25	10.18
ICICI Prudential Large Cap Dir Gr	INF109K016L0	DLF Ltd	Real Estate	898.47	1.16	1.54	July25	9.19
ICICI Prudential Large Cap Dir Gr	INF109K016L0	DLF Ltd	Real Estate	898.47	1.16	1.54	Aug25	8.13
ICICI Prudential Large Cap Dir Gr	INF109K016L0	Oil & Natural Gas Corp Ltd	Energy	862.12	1.11	-24.86	Oct24	5.55
ICICI Prudential Large Cap Dir Gr	INF109K016L0	Oil & Natural Gas Corp Ltd	Energy	862.12	1.11	-24.86	Nov24	7.52
ICICI Prudential Large Cap Dir Gr	INF109K016L0	Oil & Natural Gas Corp Ltd	Energy	862.12	1.11	-24.86	Dec24	3.56
ICICI Prudential Large Cap Dir Gr	INF109K016L0	Oil & Natural Gas Corp Ltd	Energy	862.12	1.11	-24.86	Jan25	5.32
ICICI Prudential Large Cap Dir Gr	INF109K016L0	Oil & Natural Gas Corp Ltd	Energy	862.12	1.11	-24.86	Feb25	5.59
ICICI Prudential Large Cap Dir Gr	INF109K016L0	Oil & Natural Gas Corp Ltd	Energy	862.12	1.11	-24.86	Mar25	15.51
ICICI Prudential Large Cap Dir Gr	INF109K016L0	Oil & Natural Gas Corp Ltd	Energy	862.12	1.11	-24.86	Mar25	15.51
ICICI Prudential Large Cap Dir Gr	INF109K016L0	Oil & Natural Gas Corp Ltd	Energy	862.12	1.11	-24.86	Apr25	12.51
ICICI Prudential Large Cap Dir Gr	INF109K016L0	Oil & Natural Gas Corp Ltd	Energy	862.12	1.11	-24.86	May25	11.15
ICICI Prudential Large Cap Dir Gr	INF109K016L0	Oil & Natural Gas Corp Ltd	Energy	862.12	1.11	-24.86	June25	10.18
ICICI Prudential Large Cap Dir Gr	INF109K016L0	Oil & Natural Gas Corp Ltd	Energy	862.12	1.11	-24.86	July25	9.19
ICICI Prudential Large Cap Dir Gr	INF109K016L0	Oil & Natural Gas Corp Ltd	Energy	862.12	1.11	-24.86	Aug25	8.13
ICICI Prudential Large Cap Dir Gr	INF109K016L0	ITC Ltd	Consumer Defensive	782.52	1.01	0.00	Oct24	5.55
ICICI Prudential Large Cap Dir Gr	INF109K016L0	ITC Ltd	Consumer Defensive	782.52	1.01	0.00	Nov24	7.52
ICICI Prudential Large Cap Dir Gr	INF109K016L0	ITC Ltd	Consumer Defensive	782.52	1.01	0.00	Dec24	3.56
ICICI Prudential Large Cap Dir Gr	INF109K016L0	ITC Ltd	Consumer Defensive	782.52	1.01	0.00	Jan25	5.32
ICICI Prudential Large Cap Dir Gr	INF109K016L0	ITC Ltd	Consumer Defensive	782.52	1.01	0.00	Feb25	5.59
ICICI Prudential Large Cap Dir Gr	INF109K016L0	ITC Ltd	Consumer Defensive	782.52	1.01	0.00	Mar25	15.51
ICICI Prudential Large Cap Dir Gr	INF109K016L0	ITC Ltd	Consumer Defensive	782.52	1.01	0.00	Mar25	15.51
ICICI Prudential Large Cap Dir Gr	INF109K016L0	ITC Ltd	Consumer Defensive	782.52	1.01	0.00	Apr25	12.51
ICICI Prudential Large Cap Dir Gr	INF109K016L0	ITC Ltd	Consumer Defensive	782.52	1.01	0.00	May25	11.15
ICICI Prudential Large Cap Dir Gr	INF109K016L0	ITC Ltd	Consumer Defensive	782.52	1.01	0.00	June25	10.18
ICICI Prudential Large Cap Dir Gr	INF109K016L0	ITC Ltd	Consumer Defensive	782.52	1.01	0.00	July25	9.19
ICICI Prudential Large Cap Dir Gr	INF109K016L0	ITC Ltd	Consumer Defensive	782.52	1.01	0.00	Aug25	8.13
ICICI Prudential Large Cap Dir Gr	INF109K016L0	Hindustan Aeronautics Ltd Ordinary Shares	Industrials	768.90	0.99	21.31	Oct24	5.55
ICICI Prudential Large Cap Dir Gr	INF109K016L0	Hindustan Aeronautics Ltd Ordinary Shares	Industrials	768.90	0.99	21.31	Nov24	7.52
ICICI Prudential Large Cap Dir Gr	INF109K016L0	Hindustan Aeronautics Ltd Ordinary Shares	Industrials	768.90	0.99	21.31	Dec24	3.56
ICICI Prudential Large Cap Dir Gr	INF109K016L0	Hindustan Aeronautics Ltd Ordinary Shares	Industrials	768.90	0.99	21.31	Jan25	5.32
ICICI Prudential Large Cap Dir Gr	INF109K016L0	Hindustan Aeronautics Ltd Ordinary Shares	Industrials	768.90	0.99	21.31	Feb25	5.59
ICICI Prudential Large Cap Dir Gr	INF109K016L0	Hindustan Aeronautics Ltd Ordinary Shares	Industrials	768.90	0.99	21.31	Mar25	15.51
ICICI Prudential Large Cap Dir Gr	INF109K016L0	Hindustan Aeronautics Ltd Ordinary Shares	Industrials	768.90	0.99	21.31	Mar25	15.51
ICICI Prudential Large Cap Dir Gr	INF109K016L0	Hindustan Aeronautics Ltd Ordinary Shares	Industrials	768.90	0.99	21.31	Apr25	12.51
ICICI Prudential Large Cap Dir Gr	INF109K016L0	Hindustan Aeronautics Ltd Ordinary Shares	Industrials	768.90	0.99	21.31	May25	11.15
ICICI Prudential Large Cap Dir Gr	INF109K016L0	Hindustan Aeronautics Ltd Ordinary Shares	Industrials	768.90	0.99	21.31	June25	10.18
ICICI Prudential Large Cap Dir Gr	INF109K016L0	Hindustan Aeronautics Ltd Ordinary Shares	Industrials	768.90	0.99	21.31	July25	9.19
ICICI Prudential Large Cap Dir Gr	INF109K016L0	Hindustan Aeronautics Ltd Ordinary Shares	Industrials	768.90	0.99	21.31	Aug25	8.13
ICICI Prudential Large Cap Dir Gr	INF109K016L0	Wipro Ltd	Technology	715.88	0.92	129.20	Oct24	5.55
ICICI Prudential Large Cap Dir Gr	INF109K016L0	Wipro Ltd	Technology	715.88	0.92	129.20	Nov24	7.52
ICICI Prudential Large Cap Dir Gr	INF109K016L0	Wipro Ltd	Technology	715.88	0.92	129.20	Dec24	3.56
ICICI Prudential Large Cap Dir Gr	INF109K016L0	Wipro Ltd	Technology	715.88	0.92	129.20	Jan25	5.32
ICICI Prudential Large Cap Dir Gr	INF109K016L0	Wipro Ltd	Technology	715.88	0.92	129.20	Feb25	5.59
ICICI Prudential Large Cap Dir Gr	INF109K016L0	Wipro Ltd	Technology	715.88	0.92	129.20	Mar25	15.51
ICICI Prudential Large Cap Dir Gr	INF109K016L0	Wipro Ltd	Technology	715.88	0.92	129.20	Mar25	15.51
ICICI Prudential Large Cap Dir Gr	INF109K016L0	Wipro Ltd	Technology	715.88	0.92	129.20	Apr25	12.51
ICICI Prudential Large Cap Dir Gr	INF109K016L0	Wipro Ltd	Technology	715.88	0.92	129.20	May25	11.15
ICICI Prudential Large Cap Dir Gr	INF109K016L0	Wipro Ltd	Technology	715.88	0.92	129.20	June25	10.18
ICICI Prudential Large Cap Dir Gr	INF109K016L0	Wipro Ltd	Technology	715.88	0.92	129.20	July25	9.19
ICICI Prudential Large Cap Dir Gr	INF109K016L0	Wipro Ltd	Technology	715.88	0.92	129.20	Aug25	8.13
ICICI Prudential Large Cap Dir Gr	INF109K016L0	Hyundai Motor India Ltd	Consumer Cyclical	625.28	0.81	2.46	Oct24	5.55
ICICI Prudential Large Cap Dir Gr	INF109K016L0	Hyundai Motor India Ltd	Consumer Cyclical	625.28	0.81	2.46	Nov24	7.52
ICICI Prudential Large Cap Dir Gr	INF109K016L0	Hyundai Motor India Ltd	Consumer Cyclical	625.28	0.81	2.46	Dec24	3.56
ICICI Prudential Large Cap Dir Gr	INF109K016L0	Hyundai Motor India Ltd	Consumer Cyclical	625.28	0.81	2.46	Jan25	5.32
ICICI Prudential Large Cap Dir Gr	INF109K016L0	Hyundai Motor India Ltd	Consumer Cyclical	625.28	0.81	2.46	Feb25	5.59
ICICI Prudential Large Cap Dir Gr	INF109K016L0	Hyundai Motor India Ltd	Consumer Cyclical	625.28	0.81	2.46	Mar25	15.51
ICICI Prudential Large Cap Dir Gr	INF109K016L0	Hyundai Motor India Ltd	Consumer Cyclical	625.28	0.81	2.46	Mar25	15.51
ICICI Prudential Large Cap Dir Gr	INF109K016L0	Hyundai Motor India Ltd	Consumer Cyclical	625.28	0.81	2.46	Apr25	12.51
ICICI Prudential Large Cap Dir Gr	INF109K016L0	Hyundai Motor India Ltd	Consumer Cyclical	625.28	0.81	2.46	May25	11.15
ICICI Prudential Large Cap Dir Gr	INF109K016L0	Hyundai Motor India Ltd	Consumer Cyclical	625.28	0.81	2.46	June25	10.18
ICICI Prudential Large Cap Dir Gr	INF109K016L0	Hyundai Motor India Ltd	Consumer Cyclical	625.28	0.81	2.46	July25	9.19
ICICI Prudential Large Cap Dir Gr	INF109K016L0	Hyundai Motor India Ltd	Consumer Cyclical	625.28	0.81	2.46	Aug25	8.13
ICICI Prudential Large Cap Dir Gr	INF109K016L0	Shree Cement Ltd	Basic Materials	606.58	0.78	0.00	Oct24	5.55
ICICI Prudential Large Cap Dir Gr	INF109K016L0	Shree Cement Ltd	Basic Materials	606.58	0.78	0.00	Nov24	7.52
ICICI Prudential Large Cap Dir Gr	INF109K016L0	Shree Cement Ltd	Basic Materials	606.58	0.78	0.00	Dec24	3.56
ICICI Prudential Large Cap Dir Gr	INF109K016L0	Shree Cement Ltd	Basic Materials	606.58	0.78	0.00	Jan25	5.32
ICICI Prudential Large Cap Dir Gr	INF109K016L0	Shree Cement Ltd	Basic Materials	606.58	0.78	0.00	Feb25	5.59
ICICI Prudential Large Cap Dir Gr	INF109K016L0	Shree Cement Ltd	Basic Materials	606.58	0.78	0.00	Mar25	15.51
ICICI Prudential Large Cap Dir Gr	INF109K016L0	Shree Cement Ltd	Basic Materials	606.58	0.78	0.00	Mar25	15.51
ICICI Prudential Large Cap Dir Gr	INF109K016L0	Shree Cement Ltd	Basic Materials	606.58	0.78	0.00	Apr25	12.51
ICICI Prudential Large Cap Dir Gr	INF109K016L0	Shree Cement Ltd	Basic Materials	606.58	0.78	0.00	May25	11.15
ICICI Prudential Large Cap Dir Gr	INF109K016L0	Shree Cement Ltd	Basic Materials	606.58	0.78	0.00	June25	10.18
ICICI Prudential Large Cap Dir Gr	INF109K016L0	Shree Cement Ltd	Basic Materials	606.58	0.78	0.00	July25	9.19
ICICI Prudential Large Cap Dir Gr	INF109K016L0	Shree Cement Ltd	Basic Materials	606.58	0.78	0.00	Aug25	8.13
ICICI Prudential Large Cap Dir Gr	INF109K016L0	Procter & Gamble Hygiene and Health Care Ltd	Consumer Defensive	603.93	0.78	0.00	Oct24	5.55
ICICI Prudential Large Cap Dir Gr	INF109K016L0	Procter & Gamble Hygiene and Health Care Ltd	Consumer Defensive	603.93	0.78	0.00	Nov24	7.52
ICICI Prudential Large Cap Dir Gr	INF109K016L0	Procter & Gamble Hygiene and Health Care Ltd	Consumer Defensive	603.93	0.78	0.00	Dec24	3.56
ICICI Prudential Large Cap Dir Gr	INF109K016L0	Procter & Gamble Hygiene and Health Care Ltd	Consumer Defensive	603.93	0.78	0.00	Jan25	5.32
ICICI Prudential Large Cap Dir Gr	INF109K016L0	Procter & Gamble Hygiene and Health Care Ltd	Consumer Defensive	603.93	0.78	0.00	Feb25	5.59
ICICI Prudential Large Cap Dir Gr	INF109K016L0	Procter & Gamble Hygiene and Health Care Ltd	Consumer Defensive	603.93	0.78	0.00	Mar25	15.51
ICICI Prudential Large Cap Dir Gr	INF109K016L0	Procter & Gamble Hygiene and Health Care Ltd	Consumer Defensive	603.93	0.78	0.00	Mar25	15.51
ICICI Prudential Large Cap Dir Gr	INF109K016L0	Procter & Gamble Hygiene and Health Care Ltd	Consumer Defensive	603.93	0.78	0.00	Apr25	12.51
ICICI Prudential Large Cap Dir Gr	INF109K016L0	Procter & Gamble Hygiene and Health Care Ltd	Consumer Defensive	603.93	0.78	0.00	May25	11.15
ICICI Prudential Large Cap Dir Gr	INF109K016L0	Procter & Gamble Hygiene and Health Care Ltd	Consumer Defensive	603.93	0.78	0.00	June25	10.18
ICICI Prudential Large Cap Dir Gr	INF109K016L0	Procter & Gamble Hygiene and Health Care Ltd	Consumer Defensive	603.93	0.78	0.00	July25	9.19
ICICI Prudential Large Cap Dir Gr	INF109K016L0	Procter & Gamble Hygiene and Health Care Ltd	Consumer Defensive	603.93	0.78	0.00	Aug25	8.13
ICICI Prudential Large Cap Dir Gr	INF109K016L0	Tbill		593.04	0.77	72.05	Oct24	5.55
ICICI Prudential Large Cap Dir Gr	INF109K016L0	Tbill		593.04	0.77	72.05	Nov24	7.52
ICICI Prudential Large Cap Dir Gr	INF109K016L0	Tbill		593.04	0.77	72.05	Dec24	3.56
ICICI Prudential Large Cap Dir Gr	INF109K016L0	Tbill		593.04	0.77	72.05	Jan25	5.32
ICICI Prudential Large Cap Dir Gr	INF109K016L0	Tbill		593.04	0.77	72.05	Feb25	5.59
ICICI Prudential Large Cap Dir Gr	INF109K016L0	Tbill		593.04	0.77	72.05	Mar25	15.51
ICICI Prudential Large Cap Dir Gr	INF109K016L0	Tbill		593.04	0.77	72.05	Mar25	15.51
ICICI Prudential Large Cap Dir Gr	INF109K016L0	Tbill		593.04	0.77	72.05	Apr25	12.51
ICICI Prudential Large Cap Dir Gr	INF109K016L0	Tbill		593.04	0.77	72.05	May25	11.15
ICICI Prudential Large Cap Dir Gr	INF109K016L0	Tbill		593.04	0.77	72.05	June25	10.18
ICICI Prudential Large Cap Dir Gr	INF109K016L0	Tbill		593.04	0.77	72.05	July25	9.19
ICICI Prudential Large Cap Dir Gr	INF109K016L0	Tbill		593.04	0.77	72.05	Aug25	8.13
ICICI Prudential Large Cap Dir Gr	INF109K016L0	Cummins India Ltd	Industrials	575.75	0.74	-18.41	Oct24	5.55
ICICI Prudential Large Cap Dir Gr	INF109K016L0	Cummins India Ltd	Industrials	575.75	0.74	-18.41	Nov24	7.52
ICICI Prudential Large Cap Dir Gr	INF109K016L0	Cummins India Ltd	Industrials	575.75	0.74	-18.41	Dec24	3.56
ICICI Prudential Large Cap Dir Gr	INF109K016L0	Cummins India Ltd	Industrials	575.75	0.74	-18.41	Jan25	5.32
ICICI Prudential Large Cap Dir Gr	INF109K016L0	Cummins India Ltd	Industrials	575.75	0.74	-18.41	Feb25	5.59
ICICI Prudential Large Cap Dir Gr	INF109K016L0	Cummins India Ltd	Industrials	575.75	0.74	-18.41	Mar25	15.51
ICICI Prudential Large Cap Dir Gr	INF109K016L0	Cummins India Ltd	Industrials	575.75	0.74	-18.41	Mar25	15.51
ICICI Prudential Large Cap Dir Gr	INF109K016L0	Cummins India Ltd	Industrials	575.75	0.74	-18.41	Apr25	12.51
ICICI Prudential Large Cap Dir Gr	INF109K016L0	Cummins India Ltd	Industrials	575.75	0.74	-18.41	May25	11.15
ICICI Prudential Large Cap Dir Gr	INF109K016L0	Cummins India Ltd	Industrials	575.75	0.74	-18.41	June25	10.18
ICICI Prudential Large Cap Dir Gr	INF109K016L0	Cummins India Ltd	Industrials	575.75	0.74	-18.41	July25	9.19
ICICI Prudential Large Cap Dir Gr	INF109K016L0	Cummins India Ltd	Industrials	575.75	0.74	-18.41	Aug25	8.13
ICICI Prudential Large Cap Dir Gr	INF109K016L0	Siemens Ltd	Industrials	533.61	0.69	0.00	Oct24	5.55
ICICI Prudential Large Cap Dir Gr	INF109K016L0	Siemens Ltd	Industrials	533.61	0.69	0.00	Nov24	7.52
ICICI Prudential Large Cap Dir Gr	INF109K016L0	Siemens Ltd	Industrials	533.61	0.69	0.00	Dec24	3.56
ICICI Prudential Large Cap Dir Gr	INF109K016L0	Siemens Ltd	Industrials	533.61	0.69	0.00	Jan25	5.32
ICICI Prudential Large Cap Dir Gr	INF109K016L0	Siemens Ltd	Industrials	533.61	0.69	0.00	Feb25	5.59
ICICI Prudential Large Cap Dir Gr	INF109K016L0	Siemens Ltd	Industrials	533.61	0.69	0.00	Mar25	15.51
ICICI Prudential Large Cap Dir Gr	INF109K016L0	Siemens Ltd	Industrials	533.61	0.69	0.00	Mar25	15.51
ICICI Prudential Large Cap Dir Gr	INF109K016L0	Siemens Ltd	Industrials	533.61	0.69	0.00	Apr25	12.51
ICICI Prudential Large Cap Dir Gr	INF109K016L0	Siemens Ltd	Industrials	533.61	0.69	0.00	May25	11.15
ICICI Prudential Large Cap Dir Gr	INF109K016L0	Siemens Ltd	Industrials	533.61	0.69	0.00	June25	10.18
ICICI Prudential Large Cap Dir Gr	INF109K016L0	Siemens Ltd	Industrials	533.61	0.69	0.00	July25	9.19
ICICI Prudential Large Cap Dir Gr	INF109K016L0	Siemens Ltd	Industrials	533.61	0.69	0.00	Aug25	8.13
ICICI Prudential Large Cap Dir Gr	INF109K016L0	Bharat Petroleum Corp Ltd	Energy	512.96	0.66	0.00	Oct24	5.55
ICICI Prudential Large Cap Dir Gr	INF109K016L0	Bharat Petroleum Corp Ltd	Energy	512.96	0.66	0.00	Nov24	7.52
ICICI Prudential Large Cap Dir Gr	INF109K016L0	Bharat Petroleum Corp Ltd	Energy	512.96	0.66	0.00	Dec24	3.56
ICICI Prudential Large Cap Dir Gr	INF109K016L0	Bharat Petroleum Corp Ltd	Energy	512.96	0.66	0.00	Jan25	5.32
ICICI Prudential Large Cap Dir Gr	INF109K016L0	Bharat Petroleum Corp Ltd	Energy	512.96	0.66	0.00	Feb25	5.59
ICICI Prudential Large Cap Dir Gr	INF109K016L0	Bharat Petroleum Corp Ltd	Energy	512.96	0.66	0.00	Mar25	15.51
ICICI Prudential Large Cap Dir Gr	INF109K016L0	Bharat Petroleum Corp Ltd	Energy	512.96	0.66	0.00	Mar25	15.51
ICICI Prudential Large Cap Dir Gr	INF109K016L0	Bharat Petroleum Corp Ltd	Energy	512.96	0.66	0.00	Apr25	12.51
ICICI Prudential Large Cap Dir Gr	INF109K016L0	Bharat Petroleum Corp Ltd	Energy	512.96	0.66	0.00	May25	11.15
ICICI Prudential Large Cap Dir Gr	INF109K016L0	Bharat Petroleum Corp Ltd	Energy	512.96	0.66	0.00	June25	10.18
ICICI Prudential Large Cap Dir Gr	INF109K016L0	Bharat Petroleum Corp Ltd	Energy	512.96	0.66	0.00	July25	9.19
ICICI Prudential Large Cap Dir Gr	INF109K016L0	Bharat Petroleum Corp Ltd	Energy	512.96	0.66	0.00	Aug25	8.13
ICICI Prudential Large Cap Dir Gr	INF109K016L0	HDFC Asset Management Co Ltd	Financial Services	510.49	0.66	-2.55	Oct24	5.55
ICICI Prudential Large Cap Dir Gr	INF109K016L0	HDFC Asset Management Co Ltd	Financial Services	510.49	0.66	-2.55	Nov24	7.52
ICICI Prudential Large Cap Dir Gr	INF109K016L0	HDFC Asset Management Co Ltd	Financial Services	510.49	0.66	-2.55	Dec24	3.56
ICICI Prudential Large Cap Dir Gr	INF109K016L0	HDFC Asset Management Co Ltd	Financial Services	510.49	0.66	-2.55	Jan25	5.32
ICICI Prudential Large Cap Dir Gr	INF109K016L0	HDFC Asset Management Co Ltd	Financial Services	510.49	0.66	-2.55	Feb25	5.59
ICICI Prudential Large Cap Dir Gr	INF109K016L0	HDFC Asset Management Co Ltd	Financial Services	510.49	0.66	-2.55	Mar25	15.51
ICICI Prudential Large Cap Dir Gr	INF109K016L0	HDFC Asset Management Co Ltd	Financial Services	510.49	0.66	-2.55	Mar25	15.51
ICICI Prudential Large Cap Dir Gr	INF109K016L0	HDFC Asset Management Co Ltd	Financial Services	510.49	0.66	-2.55	Apr25	12.51
ICICI Prudential Large Cap Dir Gr	INF109K016L0	HDFC Asset Management Co Ltd	Financial Services	510.49	0.66	-2.55	May25	11.15
ICICI Prudential Large Cap Dir Gr	INF109K016L0	HDFC Asset Management Co Ltd	Financial Services	510.49	0.66	-2.55	June25	10.18
ICICI Prudential Large Cap Dir Gr	INF109K016L0	HDFC Asset Management Co Ltd	Financial Services	510.49	0.66	-2.55	July25	9.19
ICICI Prudential Large Cap Dir Gr	INF109K016L0	HDFC Asset Management Co Ltd	Financial Services	510.49	0.66	-2.55	Aug25	8.13
ICICI Prudential Large Cap Dir Gr	INF109K016L0	HCL Technologies Ltd	Technology	479.71	0.62	36.80	Oct24	5.55
ICICI Prudential Large Cap Dir Gr	INF109K016L0	HCL Technologies Ltd	Technology	479.71	0.62	36.80	Nov24	7.52
ICICI Prudential Large Cap Dir Gr	INF109K016L0	HCL Technologies Ltd	Technology	479.71	0.62	36.80	Dec24	3.56
ICICI Prudential Large Cap Dir Gr	INF109K016L0	HCL Technologies Ltd	Technology	479.71	0.62	36.80	Jan25	5.32
ICICI Prudential Large Cap Dir Gr	INF109K016L0	HCL Technologies Ltd	Technology	479.71	0.62	36.80	Feb25	5.59
ICICI Prudential Large Cap Dir Gr	INF109K016L0	HCL Technologies Ltd	Technology	479.71	0.62	36.80	Mar25	15.51
ICICI Prudential Large Cap Dir Gr	INF109K016L0	HCL Technologies Ltd	Technology	479.71	0.62	36.80	Mar25	15.51
ICICI Prudential Large Cap Dir Gr	INF109K016L0	HCL Technologies Ltd	Technology	479.71	0.62	36.80	Apr25	12.51
ICICI Prudential Large Cap Dir Gr	INF109K016L0	HCL Technologies Ltd	Technology	479.71	0.62	36.80	May25	11.15
ICICI Prudential Large Cap Dir Gr	INF109K016L0	HCL Technologies Ltd	Technology	479.71	0.62	36.80	June25	10.18
ICICI Prudential Large Cap Dir Gr	INF109K016L0	HCL Technologies Ltd	Technology	479.71	0.62	36.80	July25	9.19
ICICI Prudential Large Cap Dir Gr	INF109K016L0	HCL Technologies Ltd	Technology	479.71	0.62	36.80	Aug25	8.13
ICICI Prudential Large Cap Dir Gr	INF109K016L0	Dr Reddy's Laboratories Ltd	Healthcare	470.23	0.61	0.00	Oct24	5.55
ICICI Prudential Large Cap Dir Gr	INF109K016L0	Dr Reddy's Laboratories Ltd	Healthcare	470.23	0.61	0.00	Nov24	7.52
ICICI Prudential Large Cap Dir Gr	INF109K016L0	Dr Reddy's Laboratories Ltd	Healthcare	470.23	0.61	0.00	Dec24	3.56
ICICI Prudential Large Cap Dir Gr	INF109K016L0	Dr Reddy's Laboratories Ltd	Healthcare	470.23	0.61	0.00	Jan25	5.32
ICICI Prudential Large Cap Dir Gr	INF109K016L0	Dr Reddy's Laboratories Ltd	Healthcare	470.23	0.61	0.00	Feb25	5.59
ICICI Prudential Large Cap Dir Gr	INF109K016L0	Dr Reddy's Laboratories Ltd	Healthcare	470.23	0.61	0.00	Mar25	15.51
ICICI Prudential Large Cap Dir Gr	INF109K016L0	Dr Reddy's Laboratories Ltd	Healthcare	470.23	0.61	0.00	Mar25	15.51
ICICI Prudential Large Cap Dir Gr	INF109K016L0	Dr Reddy's Laboratories Ltd	Healthcare	470.23	0.61	0.00	Apr25	12.51
ICICI Prudential Large Cap Dir Gr	INF109K016L0	Dr Reddy's Laboratories Ltd	Healthcare	470.23	0.61	0.00	May25	11.15
ICICI Prudential Large Cap Dir Gr	INF109K016L0	Dr Reddy's Laboratories Ltd	Healthcare	470.23	0.61	0.00	June25	10.18
ICICI Prudential Large Cap Dir Gr	INF109K016L0	Dr Reddy's Laboratories Ltd	Healthcare	470.23	0.61	0.00	July25	9.19
ICICI Prudential Large Cap Dir Gr	INF109K016L0	Dr Reddy's Laboratories Ltd	Healthcare	470.23	0.61	0.00	Aug25	8.13
ICICI Prudential Large Cap Dir Gr	INF109K016L0	United Spirits Ltd	Consumer Defensive	469.44	0.61	0.00	Oct24	5.55
ICICI Prudential Large Cap Dir Gr	INF109K016L0	United Spirits Ltd	Consumer Defensive	469.44	0.61	0.00	Nov24	7.52
ICICI Prudential Large Cap Dir Gr	INF109K016L0	United Spirits Ltd	Consumer Defensive	469.44	0.61	0.00	Dec24	3.56
ICICI Prudential Large Cap Dir Gr	INF109K016L0	United Spirits Ltd	Consumer Defensive	469.44	0.61	0.00	Jan25	5.32
ICICI Prudential Large Cap Dir Gr	INF109K016L0	United Spirits Ltd	Consumer Defensive	469.44	0.61	0.00	Feb25	5.59
ICICI Prudential Large Cap Dir Gr	INF109K016L0	United Spirits Ltd	Consumer Defensive	469.44	0.61	0.00	Mar25	15.51
ICICI Prudential Large Cap Dir Gr	INF109K016L0	United Spirits Ltd	Consumer Defensive	469.44	0.61	0.00	Mar25	15.51
ICICI Prudential Large Cap Dir Gr	INF109K016L0	United Spirits Ltd	Consumer Defensive	469.44	0.61	0.00	Apr25	12.51
ICICI Prudential Large Cap Dir Gr	INF109K016L0	United Spirits Ltd	Consumer Defensive	469.44	0.61	0.00	May25	11.15
ICICI Prudential Large Cap Dir Gr	INF109K016L0	United Spirits Ltd	Consumer Defensive	469.44	0.61	0.00	June25	10.18
ICICI Prudential Large Cap Dir Gr	INF109K016L0	United Spirits Ltd	Consumer Defensive	469.44	0.61	0.00	July25	9.19
ICICI Prudential Large Cap Dir Gr	INF109K016L0	United Spirits Ltd	Consumer Defensive	469.44	0.61	0.00	Aug25	8.13
ICICI Prudential Large Cap Dir Gr	INF109K016L0	ABB India Ltd	Industrials	469.38	0.61	-12.71	Oct24	5.55
ICICI Prudential Large Cap Dir Gr	INF109K016L0	ABB India Ltd	Industrials	469.38	0.61	-12.71	Nov24	7.52
ICICI Prudential Large Cap Dir Gr	INF109K016L0	ABB India Ltd	Industrials	469.38	0.61	-12.71	Dec24	3.56
ICICI Prudential Large Cap Dir Gr	INF109K016L0	ABB India Ltd	Industrials	469.38	0.61	-12.71	Jan25	5.32
ICICI Prudential Large Cap Dir Gr	INF109K016L0	ABB India Ltd	Industrials	469.38	0.61	-12.71	Feb25	5.59
ICICI Prudential Large Cap Dir Gr	INF109K016L0	ABB India Ltd	Industrials	469.38	0.61	-12.71	Mar25	15.51
ICICI Prudential Large Cap Dir Gr	INF109K016L0	ABB India Ltd	Industrials	469.38	0.61	-12.71	Mar25	15.51
ICICI Prudential Large Cap Dir Gr	INF109K016L0	ABB India Ltd	Industrials	469.38	0.61	-12.71	Apr25	12.51
ICICI Prudential Large Cap Dir Gr	INF109K016L0	ABB India Ltd	Industrials	469.38	0.61	-12.71	May25	11.15
ICICI Prudential Large Cap Dir Gr	INF109K016L0	ABB India Ltd	Industrials	469.38	0.61	-12.71	June25	10.18
ICICI Prudential Large Cap Dir Gr	INF109K016L0	ABB India Ltd	Industrials	469.38	0.61	-12.71	July25	9.19
ICICI Prudential Large Cap Dir Gr	INF109K016L0	ABB India Ltd	Industrials	469.38	0.61	-12.71	Aug25	8.13
ICICI Prudential Large Cap Dir Gr	INF109K016L0	Tata Power Co Ltd	Utilities	463.60	0.60	41.89	Oct24	5.55
ICICI Prudential Large Cap Dir Gr	INF109K016L0	Tata Power Co Ltd	Utilities	463.60	0.60	41.89	Nov24	7.52
ICICI Prudential Large Cap Dir Gr	INF109K016L0	Tata Power Co Ltd	Utilities	463.60	0.60	41.89	Dec24	3.56
ICICI Prudential Large Cap Dir Gr	INF109K016L0	Tata Power Co Ltd	Utilities	463.60	0.60	41.89	Jan25	5.32
ICICI Prudential Large Cap Dir Gr	INF109K016L0	Tata Power Co Ltd	Utilities	463.60	0.60	41.89	Feb25	5.59
ICICI Prudential Large Cap Dir Gr	INF109K016L0	Tata Power Co Ltd	Utilities	463.60	0.60	41.89	Mar25	15.51
ICICI Prudential Large Cap Dir Gr	INF109K016L0	Tata Power Co Ltd	Utilities	463.60	0.60	41.89	Mar25	15.51
ICICI Prudential Large Cap Dir Gr	INF109K016L0	Tata Power Co Ltd	Utilities	463.60	0.60	41.89	Apr25	12.51
ICICI Prudential Large Cap Dir Gr	INF109K016L0	Tata Power Co Ltd	Utilities	463.60	0.60	41.89	May25	11.15
ICICI Prudential Large Cap Dir Gr	INF109K016L0	Tata Power Co Ltd	Utilities	463.60	0.60	41.89	June25	10.18
ICICI Prudential Large Cap Dir Gr	INF109K016L0	Tata Power Co Ltd	Utilities	463.60	0.60	41.89	July25	9.19
ICICI Prudential Large Cap Dir Gr	INF109K016L0	Tata Power Co Ltd	Utilities	463.60	0.60	41.89	Aug25	8.13
ICICI Prudential Large Cap Dir Gr	INF109K016L0	Bank of Baroda	Financial Services	459.98	0.59	-6.66	Oct24	5.55
ICICI Prudential Large Cap Dir Gr	INF109K016L0	Bank of Baroda	Financial Services	459.98	0.59	-6.66	Nov24	7.52
ICICI Prudential Large Cap Dir Gr	INF109K016L0	Bank of Baroda	Financial Services	459.98	0.59	-6.66	Dec24	3.56
ICICI Prudential Large Cap Dir Gr	INF109K016L0	Bank of Baroda	Financial Services	459.98	0.59	-6.66	Jan25	5.32
ICICI Prudential Large Cap Dir Gr	INF109K016L0	Bank of Baroda	Financial Services	459.98	0.59	-6.66	Feb25	5.59
ICICI Prudential Large Cap Dir Gr	INF109K016L0	Bank of Baroda	Financial Services	459.98	0.59	-6.66	Mar25	15.51
ICICI Prudential Large Cap Dir Gr	INF109K016L0	Bank of Baroda	Financial Services	459.98	0.59	-6.66	Mar25	15.51
ICICI Prudential Large Cap Dir Gr	INF109K016L0	Bank of Baroda	Financial Services	459.98	0.59	-6.66	Apr25	12.51
ICICI Prudential Large Cap Dir Gr	INF109K016L0	Bank of Baroda	Financial Services	459.98	0.59	-6.66	May25	11.15
ICICI Prudential Large Cap Dir Gr	INF109K016L0	Bank of Baroda	Financial Services	459.98	0.59	-6.66	June25	10.18
ICICI Prudential Large Cap Dir Gr	INF109K016L0	Bank of Baroda	Financial Services	459.98	0.59	-6.66	July25	9.19
ICICI Prudential Large Cap Dir Gr	INF109K016L0	Bank of Baroda	Financial Services	459.98	0.59	-6.66	Aug25	8.13
ICICI Prudential Large Cap Dir Gr	INF109K016L0	Bajaj Auto Ltd	Consumer Cyclical	457.11	0.59	4.56	Oct24	5.55
ICICI Prudential Large Cap Dir Gr	INF109K016L0	Bajaj Auto Ltd	Consumer Cyclical	457.11	0.59	4.56	Nov24	7.52
ICICI Prudential Large Cap Dir Gr	INF109K016L0	Bajaj Auto Ltd	Consumer Cyclical	457.11	0.59	4.56	Dec24	3.56
ICICI Prudential Large Cap Dir Gr	INF109K016L0	Bajaj Auto Ltd	Consumer Cyclical	457.11	0.59	4.56	Jan25	5.32
ICICI Prudential Large Cap Dir Gr	INF109K016L0	Bajaj Auto Ltd	Consumer Cyclical	457.11	0.59	4.56	Feb25	5.59
ICICI Prudential Large Cap Dir Gr	INF109K016L0	Bajaj Auto Ltd	Consumer Cyclical	457.11	0.59	4.56	Mar25	15.51
ICICI Prudential Large Cap Dir Gr	INF109K016L0	Bajaj Auto Ltd	Consumer Cyclical	457.11	0.59	4.56	Mar25	15.51
ICICI Prudential Large Cap Dir Gr	INF109K016L0	Bajaj Auto Ltd	Consumer Cyclical	457.11	0.59	4.56	Apr25	12.51
ICICI Prudential Large Cap Dir Gr	INF109K016L0	Bajaj Auto Ltd	Consumer Cyclical	457.11	0.59	4.56	May25	11.15
ICICI Prudential Large Cap Dir Gr	INF109K016L0	Bajaj Auto Ltd	Consumer Cyclical	457.11	0.59	4.56	June25	10.18
ICICI Prudential Large Cap Dir Gr	INF109K016L0	Bajaj Auto Ltd	Consumer Cyclical	457.11	0.59	4.56	July25	9.19
ICICI Prudential Large Cap Dir Gr	INF109K016L0	Bajaj Auto Ltd	Consumer Cyclical	457.11	0.59	4.56	Aug25	8.13
ICICI Prudential Large Cap Dir Gr	INF109K016L0	Eternal Ltd	Consumer Cyclical	433.02	0.56		Oct24	5.55
ICICI Prudential Large Cap Dir Gr	INF109K016L0	Eternal Ltd	Consumer Cyclical	433.02	0.56		Nov24	7.52
ICICI Prudential Large Cap Dir Gr	INF109K016L0	Eternal Ltd	Consumer Cyclical	433.02	0.56		Dec24	3.56
ICICI Prudential Large Cap Dir Gr	INF109K016L0	Eternal Ltd	Consumer Cyclical	433.02	0.56		Jan25	5.32
ICICI Prudential Large Cap Dir Gr	INF109K016L0	Eternal Ltd	Consumer Cyclical	433.02	0.56		Feb25	5.59
ICICI Prudential Large Cap Dir Gr	INF109K016L0	Eternal Ltd	Consumer Cyclical	433.02	0.56		Mar25	15.51
ICICI Prudential Large Cap Dir Gr	INF109K016L0	Eternal Ltd	Consumer Cyclical	433.02	0.56		Mar25	15.51
ICICI Prudential Large Cap Dir Gr	INF109K016L0	Eternal Ltd	Consumer Cyclical	433.02	0.56		Apr25	12.51
ICICI Prudential Large Cap Dir Gr	INF109K016L0	Eternal Ltd	Consumer Cyclical	433.02	0.56		May25	11.15
ICICI Prudential Large Cap Dir Gr	INF109K016L0	Eternal Ltd	Consumer Cyclical	433.02	0.56		June25	10.18
ICICI Prudential Large Cap Dir Gr	INF109K016L0	Eternal Ltd	Consumer Cyclical	433.02	0.56		July25	9.19
ICICI Prudential Large Cap Dir Gr	INF109K016L0	Eternal Ltd	Consumer Cyclical	433.02	0.56		Aug25	8.13
ICICI Prudential Large Cap Dir Gr	INF109K016L0	Vedanta Ltd	Basic Materials	418.27	0.54	20.74	Oct24	5.55
ICICI Prudential Large Cap Dir Gr	INF109K016L0	Vedanta Ltd	Basic Materials	418.27	0.54	20.74	Nov24	7.52
ICICI Prudential Large Cap Dir Gr	INF109K016L0	Vedanta Ltd	Basic Materials	418.27	0.54	20.74	Dec24	3.56
ICICI Prudential Large Cap Dir Gr	INF109K016L0	Vedanta Ltd	Basic Materials	418.27	0.54	20.74	Jan25	5.32
ICICI Prudential Large Cap Dir Gr	INF109K016L0	Vedanta Ltd	Basic Materials	418.27	0.54	20.74	Feb25	5.59
ICICI Prudential Large Cap Dir Gr	INF109K016L0	Vedanta Ltd	Basic Materials	418.27	0.54	20.74	Mar25	15.51
ICICI Prudential Large Cap Dir Gr	INF109K016L0	Vedanta Ltd	Basic Materials	418.27	0.54	20.74	Mar25	15.51
ICICI Prudential Large Cap Dir Gr	INF109K016L0	Vedanta Ltd	Basic Materials	418.27	0.54	20.74	Apr25	12.51
ICICI Prudential Large Cap Dir Gr	INF109K016L0	Vedanta Ltd	Basic Materials	418.27	0.54	20.74	May25	11.15
ICICI Prudential Large Cap Dir Gr	INF109K016L0	Vedanta Ltd	Basic Materials	418.27	0.54	20.74	June25	10.18
ICICI Prudential Large Cap Dir Gr	INF109K016L0	Vedanta Ltd	Basic Materials	418.27	0.54	20.74	July25	9.19
ICICI Prudential Large Cap Dir Gr	INF109K016L0	Vedanta Ltd	Basic Materials	418.27	0.54	20.74	Aug25	8.13
ICICI Prudential Large Cap Dir Gr	INF109K016L0	Page Industries Ltd	Consumer Cyclical	394.80	0.51	0.00	Oct24	5.55
ICICI Prudential Large Cap Dir Gr	INF109K016L0	Page Industries Ltd	Consumer Cyclical	394.80	0.51	0.00	Nov24	7.52
ICICI Prudential Large Cap Dir Gr	INF109K016L0	Page Industries Ltd	Consumer Cyclical	394.80	0.51	0.00	Dec24	3.56
ICICI Prudential Large Cap Dir Gr	INF109K016L0	Page Industries Ltd	Consumer Cyclical	394.80	0.51	0.00	Jan25	5.32
ICICI Prudential Large Cap Dir Gr	INF109K016L0	Page Industries Ltd	Consumer Cyclical	394.80	0.51	0.00	Feb25	5.59
ICICI Prudential Large Cap Dir Gr	INF109K016L0	Page Industries Ltd	Consumer Cyclical	394.80	0.51	0.00	Mar25	15.51
ICICI Prudential Large Cap Dir Gr	INF109K016L0	Page Industries Ltd	Consumer Cyclical	394.80	0.51	0.00	Mar25	15.51
ICICI Prudential Large Cap Dir Gr	INF109K016L0	Page Industries Ltd	Consumer Cyclical	394.80	0.51	0.00	Apr25	12.51
ICICI Prudential Large Cap Dir Gr	INF109K016L0	Page Industries Ltd	Consumer Cyclical	394.80	0.51	0.00	May25	11.15
ICICI Prudential Large Cap Dir Gr	INF109K016L0	Page Industries Ltd	Consumer Cyclical	394.80	0.51	0.00	June25	10.18
ICICI Prudential Large Cap Dir Gr	INF109K016L0	Page Industries Ltd	Consumer Cyclical	394.80	0.51	0.00	July25	9.19
ICICI Prudential Large Cap Dir Gr	INF109K016L0	Page Industries Ltd	Consumer Cyclical	394.80	0.51	0.00	Aug25	8.13
ICICI Prudential Large Cap Dir Gr	INF109K016L0	Trent Ltd	Consumer Cyclical	393.74	0.51	0.00	Oct24	5.55
ICICI Prudential Large Cap Dir Gr	INF109K016L0	Trent Ltd	Consumer Cyclical	393.74	0.51	0.00	Nov24	7.52
ICICI Prudential Large Cap Dir Gr	INF109K016L0	Trent Ltd	Consumer Cyclical	393.74	0.51	0.00	Dec24	3.56
ICICI Prudential Large Cap Dir Gr	INF109K016L0	Trent Ltd	Consumer Cyclical	393.74	0.51	0.00	Jan25	5.32
ICICI Prudential Large Cap Dir Gr	INF109K016L0	Trent Ltd	Consumer Cyclical	393.74	0.51	0.00	Feb25	5.59
ICICI Prudential Large Cap Dir Gr	INF109K016L0	Trent Ltd	Consumer Cyclical	393.74	0.51	0.00	Mar25	15.51
ICICI Prudential Large Cap Dir Gr	INF109K016L0	Trent Ltd	Consumer Cyclical	393.74	0.51	0.00	Mar25	15.51
ICICI Prudential Large Cap Dir Gr	INF109K016L0	Trent Ltd	Consumer Cyclical	393.74	0.51	0.00	Apr25	12.51
ICICI Prudential Large Cap Dir Gr	INF109K016L0	Trent Ltd	Consumer Cyclical	393.74	0.51	0.00	May25	11.15
ICICI Prudential Large Cap Dir Gr	INF109K016L0	Trent Ltd	Consumer Cyclical	393.74	0.51	0.00	June25	10.18
ICICI Prudential Large Cap Dir Gr	INF109K016L0	Trent Ltd	Consumer Cyclical	393.74	0.51	0.00	July25	9.19
ICICI Prudential Large Cap Dir Gr	INF109K016L0	Trent Ltd	Consumer Cyclical	393.74	0.51	0.00	Aug25	8.13
ICICI Prudential Large Cap Dir Gr	INF109K016L0	United Breweries Ltd	Consumer Defensive	375.52	0.48	0.00	Oct24	5.55
ICICI Prudential Large Cap Dir Gr	INF109K016L0	United Breweries Ltd	Consumer Defensive	375.52	0.48	0.00	Nov24	7.52
ICICI Prudential Large Cap Dir Gr	INF109K016L0	United Breweries Ltd	Consumer Defensive	375.52	0.48	0.00	Dec24	3.56
ICICI Prudential Large Cap Dir Gr	INF109K016L0	United Breweries Ltd	Consumer Defensive	375.52	0.48	0.00	Jan25	5.32
ICICI Prudential Large Cap Dir Gr	INF109K016L0	United Breweries Ltd	Consumer Defensive	375.52	0.48	0.00	Feb25	5.59
ICICI Prudential Large Cap Dir Gr	INF109K016L0	United Breweries Ltd	Consumer Defensive	375.52	0.48	0.00	Mar25	15.51
ICICI Prudential Large Cap Dir Gr	INF109K016L0	United Breweries Ltd	Consumer Defensive	375.52	0.48	0.00	Mar25	15.51
ICICI Prudential Large Cap Dir Gr	INF109K016L0	United Breweries Ltd	Consumer Defensive	375.52	0.48	0.00	Apr25	12.51
ICICI Prudential Large Cap Dir Gr	INF109K016L0	United Breweries Ltd	Consumer Defensive	375.52	0.48	0.00	May25	11.15
ICICI Prudential Large Cap Dir Gr	INF109K016L0	United Breweries Ltd	Consumer Defensive	375.52	0.48	0.00	June25	10.18
ICICI Prudential Large Cap Dir Gr	INF109K016L0	United Breweries Ltd	Consumer Defensive	375.52	0.48	0.00	July25	9.19
ICICI Prudential Large Cap Dir Gr	INF109K016L0	United Breweries Ltd	Consumer Defensive	375.52	0.48	0.00	Aug25	8.13
ICICI Prudential Large Cap Dir Gr	INF109K016L0	State Bank Of India		373.52	0.48	0.00	Oct24	5.55
ICICI Prudential Large Cap Dir Gr	INF109K016L0	State Bank Of India		373.52	0.48	0.00	Nov24	7.52
ICICI Prudential Large Cap Dir Gr	INF109K016L0	State Bank Of India		373.52	0.48	0.00	Dec24	3.56
ICICI Prudential Large Cap Dir Gr	INF109K016L0	State Bank Of India		373.52	0.48	0.00	Jan25	5.32
ICICI Prudential Large Cap Dir Gr	INF109K016L0	State Bank Of India		373.52	0.48	0.00	Feb25	5.59
ICICI Prudential Large Cap Dir Gr	INF109K016L0	State Bank Of India		373.52	0.48	0.00	Mar25	15.51
ICICI Prudential Large Cap Dir Gr	INF109K016L0	State Bank Of India		373.52	0.48	0.00	Mar25	15.51
ICICI Prudential Large Cap Dir Gr	INF109K016L0	State Bank Of India		373.52	0.48	0.00	Apr25	12.51
ICICI Prudential Large Cap Dir Gr	INF109K016L0	State Bank Of India		373.52	0.48	0.00	May25	11.15
ICICI Prudential Large Cap Dir Gr	INF109K016L0	State Bank Of India		373.52	0.48	0.00	June25	10.18
ICICI Prudential Large Cap Dir Gr	INF109K016L0	State Bank Of India		373.52	0.48	0.00	July25	9.19
ICICI Prudential Large Cap Dir Gr	INF109K016L0	State Bank Of India		373.52	0.48	0.00	Aug25	8.13
ICICI Prudential Large Cap Dir Gr	INF109K016L0	Tech Mahindra Ltd	Technology	364.81	0.47	8.04	Oct24	5.55
ICICI Prudential Large Cap Dir Gr	INF109K016L0	Tech Mahindra Ltd	Technology	364.81	0.47	8.04	Nov24	7.52
ICICI Prudential Large Cap Dir Gr	INF109K016L0	Tech Mahindra Ltd	Technology	364.81	0.47	8.04	Dec24	3.56
ICICI Prudential Large Cap Dir Gr	INF109K016L0	Tech Mahindra Ltd	Technology	364.81	0.47	8.04	Jan25	5.32
ICICI Prudential Large Cap Dir Gr	INF109K016L0	Tech Mahindra Ltd	Technology	364.81	0.47	8.04	Feb25	5.59
ICICI Prudential Large Cap Dir Gr	INF109K016L0	Tech Mahindra Ltd	Technology	364.81	0.47	8.04	Mar25	15.51
ICICI Prudential Large Cap Dir Gr	INF109K016L0	Tech Mahindra Ltd	Technology	364.81	0.47	8.04	Mar25	15.51
ICICI Prudential Large Cap Dir Gr	INF109K016L0	Tech Mahindra Ltd	Technology	364.81	0.47	8.04	Apr25	12.51
ICICI Prudential Large Cap Dir Gr	INF109K016L0	Tech Mahindra Ltd	Technology	364.81	0.47	8.04	May25	11.15
ICICI Prudential Large Cap Dir Gr	INF109K016L0	Tech Mahindra Ltd	Technology	364.81	0.47	8.04	June25	10.18
ICICI Prudential Large Cap Dir Gr	INF109K016L0	Tech Mahindra Ltd	Technology	364.81	0.47	8.04	July25	9.19
ICICI Prudential Large Cap Dir Gr	INF109K016L0	Tech Mahindra Ltd	Technology	364.81	0.47	8.04	Aug25	8.13
ICICI Prudential Large Cap Dir Gr	INF109K016L0	Info Edge (India) Ltd	Communication Services	359.59	0.46	31.72	Oct24	5.55
ICICI Prudential Large Cap Dir Gr	INF109K016L0	Info Edge (India) Ltd	Communication Services	359.59	0.46	31.72	Nov24	7.52
ICICI Prudential Large Cap Dir Gr	INF109K016L0	Info Edge (India) Ltd	Communication Services	359.59	0.46	31.72	Dec24	3.56
ICICI Prudential Large Cap Dir Gr	INF109K016L0	Info Edge (India) Ltd	Communication Services	359.59	0.46	31.72	Jan25	5.32
ICICI Prudential Large Cap Dir Gr	INF109K016L0	Info Edge (India) Ltd	Communication Services	359.59	0.46	31.72	Feb25	5.59
ICICI Prudential Large Cap Dir Gr	INF109K016L0	Info Edge (India) Ltd	Communication Services	359.59	0.46	31.72	Mar25	15.51
ICICI Prudential Large Cap Dir Gr	INF109K016L0	Info Edge (India) Ltd	Communication Services	359.59	0.46	31.72	Mar25	15.51
ICICI Prudential Large Cap Dir Gr	INF109K016L0	Info Edge (India) Ltd	Communication Services	359.59	0.46	31.72	Apr25	12.51
ICICI Prudential Large Cap Dir Gr	INF109K016L0	Info Edge (India) Ltd	Communication Services	359.59	0.46	31.72	May25	11.15
ICICI Prudential Large Cap Dir Gr	INF109K016L0	Info Edge (India) Ltd	Communication Services	359.59	0.46	31.72	June25	10.18
ICICI Prudential Large Cap Dir Gr	INF109K016L0	Info Edge (India) Ltd	Communication Services	359.59	0.46	31.72	July25	9.19
ICICI Prudential Large Cap Dir Gr	INF109K016L0	Info Edge (India) Ltd	Communication Services	359.59	0.46	31.72	Aug25	8.13
ICICI Prudential Large Cap Dir Gr	INF109K016L0	Avenue Supermarts Ltd	Consumer Defensive	358.87	0.46	0.00	Oct24	5.55
ICICI Prudential Large Cap Dir Gr	INF109K016L0	Avenue Supermarts Ltd	Consumer Defensive	358.87	0.46	0.00	Nov24	7.52
ICICI Prudential Large Cap Dir Gr	INF109K016L0	Avenue Supermarts Ltd	Consumer Defensive	358.87	0.46	0.00	Dec24	3.56
ICICI Prudential Large Cap Dir Gr	INF109K016L0	Avenue Supermarts Ltd	Consumer Defensive	358.87	0.46	0.00	Jan25	5.32
ICICI Prudential Large Cap Dir Gr	INF109K016L0	Avenue Supermarts Ltd	Consumer Defensive	358.87	0.46	0.00	Feb25	5.59
ICICI Prudential Large Cap Dir Gr	INF109K016L0	Avenue Supermarts Ltd	Consumer Defensive	358.87	0.46	0.00	Mar25	15.51
ICICI Prudential Large Cap Dir Gr	INF109K016L0	Avenue Supermarts Ltd	Consumer Defensive	358.87	0.46	0.00	Mar25	15.51
ICICI Prudential Large Cap Dir Gr	INF109K016L0	Avenue Supermarts Ltd	Consumer Defensive	358.87	0.46	0.00	Apr25	12.51
ICICI Prudential Large Cap Dir Gr	INF109K016L0	Avenue Supermarts Ltd	Consumer Defensive	358.87	0.46	0.00	May25	11.15
ICICI Prudential Large Cap Dir Gr	INF109K016L0	Avenue Supermarts Ltd	Consumer Defensive	358.87	0.46	0.00	June25	10.18
ICICI Prudential Large Cap Dir Gr	INF109K016L0	Avenue Supermarts Ltd	Consumer Defensive	358.87	0.46	0.00	July25	9.19
ICICI Prudential Large Cap Dir Gr	INF109K016L0	Avenue Supermarts Ltd	Consumer Defensive	358.87	0.46	0.00	Aug25	8.13
ICICI Prudential Large Cap Dir Gr	INF109K016L0	Tata Motors Passenger Vehicles Ltd	Consumer Cyclical	351.54	0.45	4.82	Oct24	5.55
ICICI Prudential Large Cap Dir Gr	INF109K016L0	Tata Motors Passenger Vehicles Ltd	Consumer Cyclical	351.54	0.45	4.82	Nov24	7.52
ICICI Prudential Large Cap Dir Gr	INF109K016L0	Tata Motors Passenger Vehicles Ltd	Consumer Cyclical	351.54	0.45	4.82	Dec24	3.56
ICICI Prudential Large Cap Dir Gr	INF109K016L0	Tata Motors Passenger Vehicles Ltd	Consumer Cyclical	351.54	0.45	4.82	Jan25	5.32
ICICI Prudential Large Cap Dir Gr	INF109K016L0	Tata Motors Passenger Vehicles Ltd	Consumer Cyclical	351.54	0.45	4.82	Feb25	5.59
ICICI Prudential Large Cap Dir Gr	INF109K016L0	Tata Motors Passenger Vehicles Ltd	Consumer Cyclical	351.54	0.45	4.82	Mar25	15.51
ICICI Prudential Large Cap Dir Gr	INF109K016L0	Tata Motors Passenger Vehicles Ltd	Consumer Cyclical	351.54	0.45	4.82	Mar25	15.51
ICICI Prudential Large Cap Dir Gr	INF109K016L0	Tata Motors Passenger Vehicles Ltd	Consumer Cyclical	351.54	0.45	4.82	Apr25	12.51
ICICI Prudential Large Cap Dir Gr	INF109K016L0	Tata Motors Passenger Vehicles Ltd	Consumer Cyclical	351.54	0.45	4.82	May25	11.15
ICICI Prudential Large Cap Dir Gr	INF109K016L0	Tata Motors Passenger Vehicles Ltd	Consumer Cyclical	351.54	0.45	4.82	June25	10.18
ICICI Prudential Large Cap Dir Gr	INF109K016L0	Tata Motors Passenger Vehicles Ltd	Consumer Cyclical	351.54	0.45	4.82	July25	9.19
ICICI Prudential Large Cap Dir Gr	INF109K016L0	Tata Motors Passenger Vehicles Ltd	Consumer Cyclical	351.54	0.45	4.82	Aug25	8.13
ICICI Prudential Large Cap Dir Gr	INF109K016L0	Tata Motors Ltd	Consumer Cyclical	310.31	0.40	-19.97	Oct24	5.55
ICICI Prudential Large Cap Dir Gr	INF109K016L0	Tata Motors Ltd	Consumer Cyclical	310.31	0.40	-19.97	Nov24	7.52
ICICI Prudential Large Cap Dir Gr	INF109K016L0	Tata Motors Ltd	Consumer Cyclical	310.31	0.40	-19.97	Dec24	3.56
ICICI Prudential Large Cap Dir Gr	INF109K016L0	Tata Motors Ltd	Consumer Cyclical	310.31	0.40	-19.97	Jan25	5.32
ICICI Prudential Large Cap Dir Gr	INF109K016L0	Tata Motors Ltd	Consumer Cyclical	310.31	0.40	-19.97	Feb25	5.59
ICICI Prudential Large Cap Dir Gr	INF109K016L0	Tata Motors Ltd	Consumer Cyclical	310.31	0.40	-19.97	Mar25	15.51
ICICI Prudential Large Cap Dir Gr	INF109K016L0	Tata Motors Ltd	Consumer Cyclical	310.31	0.40	-19.97	Mar25	15.51
ICICI Prudential Large Cap Dir Gr	INF109K016L0	Tata Motors Ltd	Consumer Cyclical	310.31	0.40	-19.97	Apr25	12.51
ICICI Prudential Large Cap Dir Gr	INF109K016L0	Tata Motors Ltd	Consumer Cyclical	310.31	0.40	-19.97	May25	11.15
ICICI Prudential Large Cap Dir Gr	INF109K016L0	Tata Motors Ltd	Consumer Cyclical	310.31	0.40	-19.97	June25	10.18
ICICI Prudential Large Cap Dir Gr	INF109K016L0	Tata Motors Ltd	Consumer Cyclical	310.31	0.40	-19.97	July25	9.19
ICICI Prudential Large Cap Dir Gr	INF109K016L0	Tata Motors Ltd	Consumer Cyclical	310.31	0.40	-19.97	Aug25	8.13
ICICI Prudential Large Cap Dir Gr	INF109K016L0	Zydus Lifesciences Ltd	Healthcare	297.54	0.38	0.00	Oct24	5.55
ICICI Prudential Large Cap Dir Gr	INF109K016L0	Zydus Lifesciences Ltd	Healthcare	297.54	0.38	0.00	Nov24	7.52
ICICI Prudential Large Cap Dir Gr	INF109K016L0	Zydus Lifesciences Ltd	Healthcare	297.54	0.38	0.00	Dec24	3.56
ICICI Prudential Large Cap Dir Gr	INF109K016L0	Zydus Lifesciences Ltd	Healthcare	297.54	0.38	0.00	Jan25	5.32
ICICI Prudential Large Cap Dir Gr	INF109K016L0	Zydus Lifesciences Ltd	Healthcare	297.54	0.38	0.00	Feb25	5.59
ICICI Prudential Large Cap Dir Gr	INF109K016L0	Zydus Lifesciences Ltd	Healthcare	297.54	0.38	0.00	Mar25	15.51
ICICI Prudential Large Cap Dir Gr	INF109K016L0	Zydus Lifesciences Ltd	Healthcare	297.54	0.38	0.00	Mar25	15.51
ICICI Prudential Large Cap Dir Gr	INF109K016L0	Zydus Lifesciences Ltd	Healthcare	297.54	0.38	0.00	Apr25	12.51
ICICI Prudential Large Cap Dir Gr	INF109K016L0	Zydus Lifesciences Ltd	Healthcare	297.54	0.38	0.00	May25	11.15
ICICI Prudential Large Cap Dir Gr	INF109K016L0	Zydus Lifesciences Ltd	Healthcare	297.54	0.38	0.00	June25	10.18
ICICI Prudential Large Cap Dir Gr	INF109K016L0	Zydus Lifesciences Ltd	Healthcare	297.54	0.38	0.00	July25	9.19
ICICI Prudential Large Cap Dir Gr	INF109K016L0	Zydus Lifesciences Ltd	Healthcare	297.54	0.38	0.00	Aug25	8.13
ICICI Prudential Large Cap Dir Gr	INF109K016L0	Lupin Ltd	Healthcare	297.22	0.38	-30.02	Oct24	5.55
ICICI Prudential Large Cap Dir Gr	INF109K016L0	Lupin Ltd	Healthcare	297.22	0.38	-30.02	Nov24	7.52
ICICI Prudential Large Cap Dir Gr	INF109K016L0	Lupin Ltd	Healthcare	297.22	0.38	-30.02	Dec24	3.56
ICICI Prudential Large Cap Dir Gr	INF109K016L0	Lupin Ltd	Healthcare	297.22	0.38	-30.02	Jan25	5.32
ICICI Prudential Large Cap Dir Gr	INF109K016L0	Lupin Ltd	Healthcare	297.22	0.38	-30.02	Feb25	5.59
ICICI Prudential Large Cap Dir Gr	INF109K016L0	Lupin Ltd	Healthcare	297.22	0.38	-30.02	Mar25	15.51
ICICI Prudential Large Cap Dir Gr	INF109K016L0	Lupin Ltd	Healthcare	297.22	0.38	-30.02	Mar25	15.51
ICICI Prudential Large Cap Dir Gr	INF109K016L0	Lupin Ltd	Healthcare	297.22	0.38	-30.02	Apr25	12.51
ICICI Prudential Large Cap Dir Gr	INF109K016L0	Lupin Ltd	Healthcare	297.22	0.38	-30.02	May25	11.15
ICICI Prudential Large Cap Dir Gr	INF109K016L0	Lupin Ltd	Healthcare	297.22	0.38	-30.02	June25	10.18
ICICI Prudential Large Cap Dir Gr	INF109K016L0	Lupin Ltd	Healthcare	297.22	0.38	-30.02	July25	9.19
ICICI Prudential Large Cap Dir Gr	INF109K016L0	Lupin Ltd	Healthcare	297.22	0.38	-30.02	Aug25	8.13
ICICI Prudential Large Cap Dir Gr	INF109K016L0	Swiggy Ltd	Consumer Cyclical	266.15	0.34	20.49	Oct24	5.55
ICICI Prudential Large Cap Dir Gr	INF109K016L0	Swiggy Ltd	Consumer Cyclical	266.15	0.34	20.49	Nov24	7.52
ICICI Prudential Large Cap Dir Gr	INF109K016L0	Swiggy Ltd	Consumer Cyclical	266.15	0.34	20.49	Dec24	3.56
ICICI Prudential Large Cap Dir Gr	INF109K016L0	Swiggy Ltd	Consumer Cyclical	266.15	0.34	20.49	Jan25	5.32
ICICI Prudential Large Cap Dir Gr	INF109K016L0	Swiggy Ltd	Consumer Cyclical	266.15	0.34	20.49	Feb25	5.59
ICICI Prudential Large Cap Dir Gr	INF109K016L0	Swiggy Ltd	Consumer Cyclical	266.15	0.34	20.49	Mar25	15.51
ICICI Prudential Large Cap Dir Gr	INF109K016L0	Swiggy Ltd	Consumer Cyclical	266.15	0.34	20.49	Mar25	15.51
ICICI Prudential Large Cap Dir Gr	INF109K016L0	Swiggy Ltd	Consumer Cyclical	266.15	0.34	20.49	Apr25	12.51
ICICI Prudential Large Cap Dir Gr	INF109K016L0	Swiggy Ltd	Consumer Cyclical	266.15	0.34	20.49	May25	11.15
ICICI Prudential Large Cap Dir Gr	INF109K016L0	Swiggy Ltd	Consumer Cyclical	266.15	0.34	20.49	June25	10.18
ICICI Prudential Large Cap Dir Gr	INF109K016L0	Swiggy Ltd	Consumer Cyclical	266.15	0.34	20.49	July25	9.19
ICICI Prudential Large Cap Dir Gr	INF109K016L0	Swiggy Ltd	Consumer Cyclical	266.15	0.34	20.49	Aug25	8.13
ICICI Prudential Large Cap Dir Gr	INF109K016L0	HDFC Bank Limited		249.36	0.32	-44.44	Oct24	5.55
ICICI Prudential Large Cap Dir Gr	INF109K016L0	HDFC Bank Limited		249.36	0.32	-44.44	Nov24	7.52
ICICI Prudential Large Cap Dir Gr	INF109K016L0	HDFC Bank Limited		249.36	0.32	-44.44	Dec24	3.56
ICICI Prudential Large Cap Dir Gr	INF109K016L0	HDFC Bank Limited		249.36	0.32	-44.44	Jan25	5.32
ICICI Prudential Large Cap Dir Gr	INF109K016L0	HDFC Bank Limited		249.36	0.32	-44.44	Feb25	5.59
ICICI Prudential Large Cap Dir Gr	INF109K016L0	HDFC Bank Limited		249.36	0.32	-44.44	Mar25	15.51
ICICI Prudential Large Cap Dir Gr	INF109K016L0	HDFC Bank Limited		249.36	0.32	-44.44	Mar25	15.51
ICICI Prudential Large Cap Dir Gr	INF109K016L0	HDFC Bank Limited		249.36	0.32	-44.44	Apr25	12.51
ICICI Prudential Large Cap Dir Gr	INF109K016L0	HDFC Bank Limited		249.36	0.32	-44.44	May25	11.15
ICICI Prudential Large Cap Dir Gr	INF109K016L0	HDFC Bank Limited		249.36	0.32	-44.44	June25	10.18
ICICI Prudential Large Cap Dir Gr	INF109K016L0	HDFC Bank Limited		249.36	0.32	-44.44	July25	9.19
ICICI Prudential Large Cap Dir Gr	INF109K016L0	HDFC Bank Limited		249.36	0.32	-44.44	Aug25	8.13
ICICI Prudential Large Cap Dir Gr	INF109K016L0	ICICI Lombard General Insurance Co Ltd	Financial Services	238.88	0.31	161.02	Oct24	5.55
ICICI Prudential Large Cap Dir Gr	INF109K016L0	ICICI Lombard General Insurance Co Ltd	Financial Services	238.88	0.31	161.02	Nov24	7.52
ICICI Prudential Large Cap Dir Gr	INF109K016L0	ICICI Lombard General Insurance Co Ltd	Financial Services	238.88	0.31	161.02	Dec24	3.56
ICICI Prudential Large Cap Dir Gr	INF109K016L0	ICICI Lombard General Insurance Co Ltd	Financial Services	238.88	0.31	161.02	Jan25	5.32
ICICI Prudential Large Cap Dir Gr	INF109K016L0	ICICI Lombard General Insurance Co Ltd	Financial Services	238.88	0.31	161.02	Feb25	5.59
ICICI Prudential Large Cap Dir Gr	INF109K016L0	ICICI Lombard General Insurance Co Ltd	Financial Services	238.88	0.31	161.02	Mar25	15.51
ICICI Prudential Large Cap Dir Gr	INF109K016L0	ICICI Lombard General Insurance Co Ltd	Financial Services	238.88	0.31	161.02	Mar25	15.51
ICICI Prudential Large Cap Dir Gr	INF109K016L0	ICICI Lombard General Insurance Co Ltd	Financial Services	238.88	0.31	161.02	Apr25	12.51
ICICI Prudential Large Cap Dir Gr	INF109K016L0	ICICI Lombard General Insurance Co Ltd	Financial Services	238.88	0.31	161.02	May25	11.15
ICICI Prudential Large Cap Dir Gr	INF109K016L0	ICICI Lombard General Insurance Co Ltd	Financial Services	238.88	0.31	161.02	June25	10.18
ICICI Prudential Large Cap Dir Gr	INF109K016L0	ICICI Lombard General Insurance Co Ltd	Financial Services	238.88	0.31	161.02	July25	9.19
ICICI Prudential Large Cap Dir Gr	INF109K016L0	ICICI Lombard General Insurance Co Ltd	Financial Services	238.88	0.31	161.02	Aug25	8.13
ICICI Prudential Large Cap Dir Gr	INF109K016L0	Union Bank Of India		199.72	0.26		Oct24	5.55
ICICI Prudential Large Cap Dir Gr	INF109K016L0	Union Bank Of India		199.72	0.26		Nov24	7.52
ICICI Prudential Large Cap Dir Gr	INF109K016L0	Union Bank Of India		199.72	0.26		Dec24	3.56
ICICI Prudential Large Cap Dir Gr	INF109K016L0	Union Bank Of India		199.72	0.26		Jan25	5.32
ICICI Prudential Large Cap Dir Gr	INF109K016L0	Union Bank Of India		199.72	0.26		Feb25	5.59
ICICI Prudential Large Cap Dir Gr	INF109K016L0	Union Bank Of India		199.72	0.26		Mar25	15.51
ICICI Prudential Large Cap Dir Gr	INF109K016L0	Union Bank Of India		199.72	0.26		Mar25	15.51
ICICI Prudential Large Cap Dir Gr	INF109K016L0	Union Bank Of India		199.72	0.26		Apr25	12.51
ICICI Prudential Large Cap Dir Gr	INF109K016L0	Union Bank Of India		199.72	0.26		May25	11.15
ICICI Prudential Large Cap Dir Gr	INF109K016L0	Union Bank Of India		199.72	0.26		June25	10.18
ICICI Prudential Large Cap Dir Gr	INF109K016L0	Union Bank Of India		199.72	0.26		July25	9.19
ICICI Prudential Large Cap Dir Gr	INF109K016L0	Union Bank Of India		199.72	0.26		Aug25	8.13
ICICI Prudential Large Cap Dir Gr	INF109K016L0	08/05/2026 Maturing 182 DTB		198.07	0.26		Oct24	5.55
ICICI Prudential Large Cap Dir Gr	INF109K016L0	08/05/2026 Maturing 182 DTB		198.07	0.26		Nov24	7.52
ICICI Prudential Large Cap Dir Gr	INF109K016L0	08/05/2026 Maturing 182 DTB		198.07	0.26		Dec24	3.56
ICICI Prudential Large Cap Dir Gr	INF109K016L0	08/05/2026 Maturing 182 DTB		198.07	0.26		Jan25	5.32
ICICI Prudential Large Cap Dir Gr	INF109K016L0	08/05/2026 Maturing 182 DTB		198.07	0.26		Feb25	5.59
ICICI Prudential Large Cap Dir Gr	INF109K016L0	08/05/2026 Maturing 182 DTB		198.07	0.26		Mar25	15.51
ICICI Prudential Large Cap Dir Gr	INF109K016L0	08/05/2026 Maturing 182 DTB		198.07	0.26		Mar25	15.51
ICICI Prudential Large Cap Dir Gr	INF109K016L0	08/05/2026 Maturing 182 DTB		198.07	0.26		Apr25	12.51
ICICI Prudential Large Cap Dir Gr	INF109K016L0	08/05/2026 Maturing 182 DTB		198.07	0.26		May25	11.15
ICICI Prudential Large Cap Dir Gr	INF109K016L0	08/05/2026 Maturing 182 DTB		198.07	0.26		June25	10.18
ICICI Prudential Large Cap Dir Gr	INF109K016L0	08/05/2026 Maturing 182 DTB		198.07	0.26		July25	9.19
ICICI Prudential Large Cap Dir Gr	INF109K016L0	08/05/2026 Maturing 182 DTB		198.07	0.26		Aug25	8.13
ICICI Prudential Large Cap Dir Gr	INF109K016L0	Indian Oil Corp Ltd	Energy	195.55	0.25	0.00	Oct24	5.55
ICICI Prudential Large Cap Dir Gr	INF109K016L0	Indian Oil Corp Ltd	Energy	195.55	0.25	0.00	Nov24	7.52
ICICI Prudential Large Cap Dir Gr	INF109K016L0	Indian Oil Corp Ltd	Energy	195.55	0.25	0.00	Dec24	3.56
ICICI Prudential Large Cap Dir Gr	INF109K016L0	Indian Oil Corp Ltd	Energy	195.55	0.25	0.00	Jan25	5.32
ICICI Prudential Large Cap Dir Gr	INF109K016L0	Indian Oil Corp Ltd	Energy	195.55	0.25	0.00	Feb25	5.59
ICICI Prudential Large Cap Dir Gr	INF109K016L0	Indian Oil Corp Ltd	Energy	195.55	0.25	0.00	Mar25	15.51
ICICI Prudential Large Cap Dir Gr	INF109K016L0	Indian Oil Corp Ltd	Energy	195.55	0.25	0.00	Mar25	15.51
ICICI Prudential Large Cap Dir Gr	INF109K016L0	Indian Oil Corp Ltd	Energy	195.55	0.25	0.00	Apr25	12.51
ICICI Prudential Large Cap Dir Gr	INF109K016L0	Indian Oil Corp Ltd	Energy	195.55	0.25	0.00	May25	11.15
ICICI Prudential Large Cap Dir Gr	INF109K016L0	Indian Oil Corp Ltd	Energy	195.55	0.25	0.00	June25	10.18
ICICI Prudential Large Cap Dir Gr	INF109K016L0	Indian Oil Corp Ltd	Energy	195.55	0.25	0.00	July25	9.19
ICICI Prudential Large Cap Dir Gr	INF109K016L0	Indian Oil Corp Ltd	Energy	195.55	0.25	0.00	Aug25	8.13
ICICI Prudential Large Cap Dir Gr	INF109K016L0	Life Insurance Corporation of India	Financial Services	194.77	0.25	0.00	Oct24	5.55
ICICI Prudential Large Cap Dir Gr	INF109K016L0	Life Insurance Corporation of India	Financial Services	194.77	0.25	0.00	Nov24	7.52
ICICI Prudential Large Cap Dir Gr	INF109K016L0	Life Insurance Corporation of India	Financial Services	194.77	0.25	0.00	Dec24	3.56
ICICI Prudential Large Cap Dir Gr	INF109K016L0	Life Insurance Corporation of India	Financial Services	194.77	0.25	0.00	Jan25	5.32
ICICI Prudential Large Cap Dir Gr	INF109K016L0	Life Insurance Corporation of India	Financial Services	194.77	0.25	0.00	Feb25	5.59
ICICI Prudential Large Cap Dir Gr	INF109K016L0	Life Insurance Corporation of India	Financial Services	194.77	0.25	0.00	Mar25	15.51
ICICI Prudential Large Cap Dir Gr	INF109K016L0	Life Insurance Corporation of India	Financial Services	194.77	0.25	0.00	Mar25	15.51
ICICI Prudential Large Cap Dir Gr	INF109K016L0	Life Insurance Corporation of India	Financial Services	194.77	0.25	0.00	Apr25	12.51
ICICI Prudential Large Cap Dir Gr	INF109K016L0	Life Insurance Corporation of India	Financial Services	194.77	0.25	0.00	May25	11.15
ICICI Prudential Large Cap Dir Gr	INF109K016L0	Life Insurance Corporation of India	Financial Services	194.77	0.25	0.00	June25	10.18
ICICI Prudential Large Cap Dir Gr	INF109K016L0	Life Insurance Corporation of India	Financial Services	194.77	0.25	0.00	July25	9.19
ICICI Prudential Large Cap Dir Gr	INF109K016L0	Life Insurance Corporation of India	Financial Services	194.77	0.25	0.00	Aug25	8.13
ICICI Prudential Large Cap Dir Gr	INF109K016L0	NHPC Ltd	Utilities	193.81	0.25	0.00	Oct24	5.55
ICICI Prudential Large Cap Dir Gr	INF109K016L0	NHPC Ltd	Utilities	193.81	0.25	0.00	Nov24	7.52
ICICI Prudential Large Cap Dir Gr	INF109K016L0	NHPC Ltd	Utilities	193.81	0.25	0.00	Dec24	3.56
ICICI Prudential Large Cap Dir Gr	INF109K016L0	NHPC Ltd	Utilities	193.81	0.25	0.00	Jan25	5.32
ICICI Prudential Large Cap Dir Gr	INF109K016L0	NHPC Ltd	Utilities	193.81	0.25	0.00	Feb25	5.59
ICICI Prudential Large Cap Dir Gr	INF109K016L0	NHPC Ltd	Utilities	193.81	0.25	0.00	Mar25	15.51
ICICI Prudential Large Cap Dir Gr	INF109K016L0	NHPC Ltd	Utilities	193.81	0.25	0.00	Mar25	15.51
ICICI Prudential Large Cap Dir Gr	INF109K016L0	NHPC Ltd	Utilities	193.81	0.25	0.00	Apr25	12.51
ICICI Prudential Large Cap Dir Gr	INF109K016L0	NHPC Ltd	Utilities	193.81	0.25	0.00	May25	11.15
ICICI Prudential Large Cap Dir Gr	INF109K016L0	NHPC Ltd	Utilities	193.81	0.25	0.00	June25	10.18
ICICI Prudential Large Cap Dir Gr	INF109K016L0	NHPC Ltd	Utilities	193.81	0.25	0.00	July25	9.19
ICICI Prudential Large Cap Dir Gr	INF109K016L0	NHPC Ltd	Utilities	193.81	0.25	0.00	Aug25	8.13
ICICI Prudential Large Cap Dir Gr	INF109K016L0	Cipla Ltd	Healthcare	190.91	0.25	0.00	Oct24	5.55
ICICI Prudential Large Cap Dir Gr	INF109K016L0	Cipla Ltd	Healthcare	190.91	0.25	0.00	Nov24	7.52
ICICI Prudential Large Cap Dir Gr	INF109K016L0	Cipla Ltd	Healthcare	190.91	0.25	0.00	Dec24	3.56
ICICI Prudential Large Cap Dir Gr	INF109K016L0	Cipla Ltd	Healthcare	190.91	0.25	0.00	Jan25	5.32
ICICI Prudential Large Cap Dir Gr	INF109K016L0	Cipla Ltd	Healthcare	190.91	0.25	0.00	Feb25	5.59
ICICI Prudential Large Cap Dir Gr	INF109K016L0	Cipla Ltd	Healthcare	190.91	0.25	0.00	Mar25	15.51
ICICI Prudential Large Cap Dir Gr	INF109K016L0	Cipla Ltd	Healthcare	190.91	0.25	0.00	Mar25	15.51
ICICI Prudential Large Cap Dir Gr	INF109K016L0	Cipla Ltd	Healthcare	190.91	0.25	0.00	Apr25	12.51
ICICI Prudential Large Cap Dir Gr	INF109K016L0	Cipla Ltd	Healthcare	190.91	0.25	0.00	May25	11.15
ICICI Prudential Large Cap Dir Gr	INF109K016L0	Cipla Ltd	Healthcare	190.91	0.25	0.00	June25	10.18
ICICI Prudential Large Cap Dir Gr	INF109K016L0	Cipla Ltd	Healthcare	190.91	0.25	0.00	July25	9.19
ICICI Prudential Large Cap Dir Gr	INF109K016L0	Cipla Ltd	Healthcare	190.91	0.25	0.00	Aug25	8.13
ICICI Prudential Large Cap Dir Gr	INF109K016L0	Supreme Industries Ltd	Industrials	179.93	0.23	0.00	Oct24	5.55
ICICI Prudential Large Cap Dir Gr	INF109K016L0	Supreme Industries Ltd	Industrials	179.93	0.23	0.00	Nov24	7.52
ICICI Prudential Large Cap Dir Gr	INF109K016L0	Supreme Industries Ltd	Industrials	179.93	0.23	0.00	Dec24	3.56
ICICI Prudential Large Cap Dir Gr	INF109K016L0	Supreme Industries Ltd	Industrials	179.93	0.23	0.00	Jan25	5.32
ICICI Prudential Large Cap Dir Gr	INF109K016L0	Supreme Industries Ltd	Industrials	179.93	0.23	0.00	Feb25	5.59
ICICI Prudential Large Cap Dir Gr	INF109K016L0	Supreme Industries Ltd	Industrials	179.93	0.23	0.00	Mar25	15.51
ICICI Prudential Large Cap Dir Gr	INF109K016L0	Supreme Industries Ltd	Industrials	179.93	0.23	0.00	Mar25	15.51
ICICI Prudential Large Cap Dir Gr	INF109K016L0	Supreme Industries Ltd	Industrials	179.93	0.23	0.00	Apr25	12.51
ICICI Prudential Large Cap Dir Gr	INF109K016L0	Supreme Industries Ltd	Industrials	179.93	0.23	0.00	May25	11.15
ICICI Prudential Large Cap Dir Gr	INF109K016L0	Supreme Industries Ltd	Industrials	179.93	0.23	0.00	June25	10.18
ICICI Prudential Large Cap Dir Gr	INF109K016L0	Supreme Industries Ltd	Industrials	179.93	0.23	0.00	July25	9.19
ICICI Prudential Large Cap Dir Gr	INF109K016L0	Supreme Industries Ltd	Industrials	179.93	0.23	0.00	Aug25	8.13
ICICI Prudential Large Cap Dir Gr	INF109K016L0	05/03/2026 Maturing 364 DTB		149.92	0.19	0.00	Oct24	5.55
ICICI Prudential Large Cap Dir Gr	INF109K016L0	05/03/2026 Maturing 364 DTB		149.92	0.19	0.00	Nov24	7.52
ICICI Prudential Large Cap Dir Gr	INF109K016L0	05/03/2026 Maturing 364 DTB		149.92	0.19	0.00	Dec24	3.56
ICICI Prudential Large Cap Dir Gr	INF109K016L0	05/03/2026 Maturing 364 DTB		149.92	0.19	0.00	Jan25	5.32
ICICI Prudential Large Cap Dir Gr	INF109K016L0	05/03/2026 Maturing 364 DTB		149.92	0.19	0.00	Feb25	5.59
ICICI Prudential Large Cap Dir Gr	INF109K016L0	05/03/2026 Maturing 364 DTB		149.92	0.19	0.00	Mar25	15.51
ICICI Prudential Large Cap Dir Gr	INF109K016L0	05/03/2026 Maturing 364 DTB		149.92	0.19	0.00	Mar25	15.51
ICICI Prudential Large Cap Dir Gr	INF109K016L0	05/03/2026 Maturing 364 DTB		149.92	0.19	0.00	Apr25	12.51
ICICI Prudential Large Cap Dir Gr	INF109K016L0	05/03/2026 Maturing 364 DTB		149.92	0.19	0.00	May25	11.15
ICICI Prudential Large Cap Dir Gr	INF109K016L0	05/03/2026 Maturing 364 DTB		149.92	0.19	0.00	June25	10.18
ICICI Prudential Large Cap Dir Gr	INF109K016L0	05/03/2026 Maturing 364 DTB		149.92	0.19	0.00	July25	9.19
ICICI Prudential Large Cap Dir Gr	INF109K016L0	05/03/2026 Maturing 364 DTB		149.92	0.19	0.00	Aug25	8.13
ICICI Prudential Large Cap Dir Gr	INF109K016L0	Hindustan Unilever Ltd	Consumer Defensive	143.81	0.19		Oct24	5.55
ICICI Prudential Large Cap Dir Gr	INF109K016L0	Hindustan Unilever Ltd	Consumer Defensive	143.81	0.19		Nov24	7.52
ICICI Prudential Large Cap Dir Gr	INF109K016L0	Hindustan Unilever Ltd	Consumer Defensive	143.81	0.19		Dec24	3.56
ICICI Prudential Large Cap Dir Gr	INF109K016L0	Hindustan Unilever Ltd	Consumer Defensive	143.81	0.19		Jan25	5.32
ICICI Prudential Large Cap Dir Gr	INF109K016L0	Hindustan Unilever Ltd	Consumer Defensive	143.81	0.19		Feb25	5.59
ICICI Prudential Large Cap Dir Gr	INF109K016L0	Hindustan Unilever Ltd	Consumer Defensive	143.81	0.19		Mar25	15.51
ICICI Prudential Large Cap Dir Gr	INF109K016L0	Hindustan Unilever Ltd	Consumer Defensive	143.81	0.19		Mar25	15.51
ICICI Prudential Large Cap Dir Gr	INF109K016L0	Hindustan Unilever Ltd	Consumer Defensive	143.81	0.19		Apr25	12.51
ICICI Prudential Large Cap Dir Gr	INF109K016L0	Hindustan Unilever Ltd	Consumer Defensive	143.81	0.19		May25	11.15
ICICI Prudential Large Cap Dir Gr	INF109K016L0	Hindustan Unilever Ltd	Consumer Defensive	143.81	0.19		June25	10.18
ICICI Prudential Large Cap Dir Gr	INF109K016L0	Hindustan Unilever Ltd	Consumer Defensive	143.81	0.19		July25	9.19
ICICI Prudential Large Cap Dir Gr	INF109K016L0	Hindustan Unilever Ltd	Consumer Defensive	143.81	0.19		Aug25	8.13
ICICI Prudential Large Cap Dir Gr	INF109K016L0	Aurobindo Pharma Ltd	Healthcare	140.88	0.18	-7.97	Oct24	5.55
ICICI Prudential Large Cap Dir Gr	INF109K016L0	Aurobindo Pharma Ltd	Healthcare	140.88	0.18	-7.97	Nov24	7.52
ICICI Prudential Large Cap Dir Gr	INF109K016L0	Aurobindo Pharma Ltd	Healthcare	140.88	0.18	-7.97	Dec24	3.56
ICICI Prudential Large Cap Dir Gr	INF109K016L0	Aurobindo Pharma Ltd	Healthcare	140.88	0.18	-7.97	Jan25	5.32
ICICI Prudential Large Cap Dir Gr	INF109K016L0	Aurobindo Pharma Ltd	Healthcare	140.88	0.18	-7.97	Feb25	5.59
ICICI Prudential Large Cap Dir Gr	INF109K016L0	Aurobindo Pharma Ltd	Healthcare	140.88	0.18	-7.97	Mar25	15.51
ICICI Prudential Large Cap Dir Gr	INF109K016L0	Aurobindo Pharma Ltd	Healthcare	140.88	0.18	-7.97	Mar25	15.51
ICICI Prudential Large Cap Dir Gr	INF109K016L0	Aurobindo Pharma Ltd	Healthcare	140.88	0.18	-7.97	Apr25	12.51
ICICI Prudential Large Cap Dir Gr	INF109K016L0	Aurobindo Pharma Ltd	Healthcare	140.88	0.18	-7.97	May25	11.15
ICICI Prudential Large Cap Dir Gr	INF109K016L0	Aurobindo Pharma Ltd	Healthcare	140.88	0.18	-7.97	June25	10.18
ICICI Prudential Large Cap Dir Gr	INF109K016L0	Aurobindo Pharma Ltd	Healthcare	140.88	0.18	-7.97	July25	9.19
ICICI Prudential Large Cap Dir Gr	INF109K016L0	Aurobindo Pharma Ltd	Healthcare	140.88	0.18	-7.97	Aug25	8.13
ICICI Prudential Large Cap Dir Gr	INF109K016L0	National Bank For Agriculture And Rural Development		130.07	0.17	225.00	Oct24	5.55
ICICI Prudential Large Cap Dir Gr	INF109K016L0	National Bank For Agriculture And Rural Development		130.07	0.17	225.00	Nov24	7.52
ICICI Prudential Large Cap Dir Gr	INF109K016L0	National Bank For Agriculture And Rural Development		130.07	0.17	225.00	Dec24	3.56
ICICI Prudential Large Cap Dir Gr	INF109K016L0	National Bank For Agriculture And Rural Development		130.07	0.17	225.00	Jan25	5.32
ICICI Prudential Large Cap Dir Gr	INF109K016L0	National Bank For Agriculture And Rural Development		130.07	0.17	225.00	Feb25	5.59
ICICI Prudential Large Cap Dir Gr	INF109K016L0	National Bank For Agriculture And Rural Development		130.07	0.17	225.00	Mar25	15.51
ICICI Prudential Large Cap Dir Gr	INF109K016L0	National Bank For Agriculture And Rural Development		130.07	0.17	225.00	Mar25	15.51
ICICI Prudential Large Cap Dir Gr	INF109K016L0	National Bank For Agriculture And Rural Development		130.07	0.17	225.00	Apr25	12.51
ICICI Prudential Large Cap Dir Gr	INF109K016L0	National Bank For Agriculture And Rural Development		130.07	0.17	225.00	May25	11.15
ICICI Prudential Large Cap Dir Gr	INF109K016L0	National Bank For Agriculture And Rural Development		130.07	0.17	225.00	June25	10.18
ICICI Prudential Large Cap Dir Gr	INF109K016L0	National Bank For Agriculture And Rural Development		130.07	0.17	225.00	July25	9.19
ICICI Prudential Large Cap Dir Gr	INF109K016L0	National Bank For Agriculture And Rural Development		130.07	0.17	225.00	Aug25	8.13
ICICI Prudential Large Cap Dir Gr	INF109K016L0	Ashok Leyland Ltd	Industrials	104.03	0.13	-9.21	Oct24	5.55
ICICI Prudential Large Cap Dir Gr	INF109K016L0	Ashok Leyland Ltd	Industrials	104.03	0.13	-9.21	Nov24	7.52
ICICI Prudential Large Cap Dir Gr	INF109K016L0	Ashok Leyland Ltd	Industrials	104.03	0.13	-9.21	Dec24	3.56
ICICI Prudential Large Cap Dir Gr	INF109K016L0	Ashok Leyland Ltd	Industrials	104.03	0.13	-9.21	Jan25	5.32
ICICI Prudential Large Cap Dir Gr	INF109K016L0	Ashok Leyland Ltd	Industrials	104.03	0.13	-9.21	Feb25	5.59
ICICI Prudential Large Cap Dir Gr	INF109K016L0	Ashok Leyland Ltd	Industrials	104.03	0.13	-9.21	Mar25	15.51
ICICI Prudential Large Cap Dir Gr	INF109K016L0	Ashok Leyland Ltd	Industrials	104.03	0.13	-9.21	Mar25	15.51
ICICI Prudential Large Cap Dir Gr	INF109K016L0	Ashok Leyland Ltd	Industrials	104.03	0.13	-9.21	Apr25	12.51
ICICI Prudential Large Cap Dir Gr	INF109K016L0	Ashok Leyland Ltd	Industrials	104.03	0.13	-9.21	May25	11.15
ICICI Prudential Large Cap Dir Gr	INF109K016L0	Ashok Leyland Ltd	Industrials	104.03	0.13	-9.21	June25	10.18
ICICI Prudential Large Cap Dir Gr	INF109K016L0	Ashok Leyland Ltd	Industrials	104.03	0.13	-9.21	July25	9.19
ICICI Prudential Large Cap Dir Gr	INF109K016L0	Ashok Leyland Ltd	Industrials	104.03	0.13	-9.21	Aug25	8.13
ICICI Prudential Large Cap Dir Gr	INF109K016L0	Deutsche Investments India Private Limited		99.74	0.13		Oct24	5.55
ICICI Prudential Large Cap Dir Gr	INF109K016L0	Deutsche Investments India Private Limited		99.74	0.13		Nov24	7.52
ICICI Prudential Large Cap Dir Gr	INF109K016L0	Deutsche Investments India Private Limited		99.74	0.13		Dec24	3.56
ICICI Prudential Large Cap Dir Gr	INF109K016L0	Deutsche Investments India Private Limited		99.74	0.13		Jan25	5.32
ICICI Prudential Large Cap Dir Gr	INF109K016L0	Deutsche Investments India Private Limited		99.74	0.13		Feb25	5.59
ICICI Prudential Large Cap Dir Gr	INF109K016L0	Deutsche Investments India Private Limited		99.74	0.13		Mar25	15.51
ICICI Prudential Large Cap Dir Gr	INF109K016L0	Deutsche Investments India Private Limited		99.74	0.13		Mar25	15.51
ICICI Prudential Large Cap Dir Gr	INF109K016L0	Deutsche Investments India Private Limited		99.74	0.13		Apr25	12.51
ICICI Prudential Large Cap Dir Gr	INF109K016L0	Deutsche Investments India Private Limited		99.74	0.13		May25	11.15
ICICI Prudential Large Cap Dir Gr	INF109K016L0	Deutsche Investments India Private Limited		99.74	0.13		June25	10.18
ICICI Prudential Large Cap Dir Gr	INF109K016L0	Deutsche Investments India Private Limited		99.74	0.13		July25	9.19
ICICI Prudential Large Cap Dir Gr	INF109K016L0	Deutsche Investments India Private Limited		99.74	0.13		Aug25	8.13
ICICI Prudential Large Cap Dir Gr	INF109K016L0	Cash Margin - Derivatives		92.35	0.12		Oct24	5.55
ICICI Prudential Large Cap Dir Gr	INF109K016L0	Cash Margin - Derivatives		92.35	0.12		Nov24	7.52
ICICI Prudential Large Cap Dir Gr	INF109K016L0	Cash Margin - Derivatives		92.35	0.12		Dec24	3.56
ICICI Prudential Large Cap Dir Gr	INF109K016L0	Cash Margin - Derivatives		92.35	0.12		Jan25	5.32
ICICI Prudential Large Cap Dir Gr	INF109K016L0	Cash Margin - Derivatives		92.35	0.12		Feb25	5.59
ICICI Prudential Large Cap Dir Gr	INF109K016L0	Cash Margin - Derivatives		92.35	0.12		Mar25	15.51
ICICI Prudential Large Cap Dir Gr	INF109K016L0	Cash Margin - Derivatives		92.35	0.12		Mar25	15.51
ICICI Prudential Large Cap Dir Gr	INF109K016L0	Cash Margin - Derivatives		92.35	0.12		Apr25	12.51
ICICI Prudential Large Cap Dir Gr	INF109K016L0	Cash Margin - Derivatives		92.35	0.12		May25	11.15
ICICI Prudential Large Cap Dir Gr	INF109K016L0	Cash Margin - Derivatives		92.35	0.12		June25	10.18
ICICI Prudential Large Cap Dir Gr	INF109K016L0	Cash Margin - Derivatives		92.35	0.12		July25	9.19
ICICI Prudential Large Cap Dir Gr	INF109K016L0	Cash Margin - Derivatives		92.35	0.12		Aug25	8.13
ICICI Prudential Large Cap Dir Gr	INF109K016L0	Oil India Ltd	Energy	76.58	0.10	-31.53	Oct24	5.55
ICICI Prudential Large Cap Dir Gr	INF109K016L0	Oil India Ltd	Energy	76.58	0.10	-31.53	Nov24	7.52
ICICI Prudential Large Cap Dir Gr	INF109K016L0	Oil India Ltd	Energy	76.58	0.10	-31.53	Dec24	3.56
ICICI Prudential Large Cap Dir Gr	INF109K016L0	Oil India Ltd	Energy	76.58	0.10	-31.53	Jan25	5.32
ICICI Prudential Large Cap Dir Gr	INF109K016L0	Oil India Ltd	Energy	76.58	0.10	-31.53	Feb25	5.59
ICICI Prudential Large Cap Dir Gr	INF109K016L0	Oil India Ltd	Energy	76.58	0.10	-31.53	Mar25	15.51
ICICI Prudential Large Cap Dir Gr	INF109K016L0	Oil India Ltd	Energy	76.58	0.10	-31.53	Mar25	15.51
ICICI Prudential Large Cap Dir Gr	INF109K016L0	Oil India Ltd	Energy	76.58	0.10	-31.53	Apr25	12.51
ICICI Prudential Large Cap Dir Gr	INF109K016L0	Oil India Ltd	Energy	76.58	0.10	-31.53	May25	11.15
ICICI Prudential Large Cap Dir Gr	INF109K016L0	Oil India Ltd	Energy	76.58	0.10	-31.53	June25	10.18
ICICI Prudential Large Cap Dir Gr	INF109K016L0	Oil India Ltd	Energy	76.58	0.10	-31.53	July25	9.19
ICICI Prudential Large Cap Dir Gr	INF109K016L0	Oil India Ltd	Energy	76.58	0.10	-31.53	Aug25	8.13
ICICI Prudential Large Cap Dir Gr	INF109K016L0	Bharti Airtel Ltd (Partly Paid Rs.1.25)	Communication Services	71.37	0.09	0.00	Oct24	5.55
ICICI Prudential Large Cap Dir Gr	INF109K016L0	Bharti Airtel Ltd (Partly Paid Rs.1.25)	Communication Services	71.37	0.09	0.00	Nov24	7.52
ICICI Prudential Large Cap Dir Gr	INF109K016L0	Bharti Airtel Ltd (Partly Paid Rs.1.25)	Communication Services	71.37	0.09	0.00	Dec24	3.56
ICICI Prudential Large Cap Dir Gr	INF109K016L0	Bharti Airtel Ltd (Partly Paid Rs.1.25)	Communication Services	71.37	0.09	0.00	Jan25	5.32
ICICI Prudential Large Cap Dir Gr	INF109K016L0	Bharti Airtel Ltd (Partly Paid Rs.1.25)	Communication Services	71.37	0.09	0.00	Feb25	5.59
ICICI Prudential Large Cap Dir Gr	INF109K016L0	Bharti Airtel Ltd (Partly Paid Rs.1.25)	Communication Services	71.37	0.09	0.00	Mar25	15.51
ICICI Prudential Large Cap Dir Gr	INF109K016L0	Bharti Airtel Ltd (Partly Paid Rs.1.25)	Communication Services	71.37	0.09	0.00	Mar25	15.51
ICICI Prudential Large Cap Dir Gr	INF109K016L0	Bharti Airtel Ltd (Partly Paid Rs.1.25)	Communication Services	71.37	0.09	0.00	Apr25	12.51
ICICI Prudential Large Cap Dir Gr	INF109K016L0	Bharti Airtel Ltd (Partly Paid Rs.1.25)	Communication Services	71.37	0.09	0.00	May25	11.15
ICICI Prudential Large Cap Dir Gr	INF109K016L0	Bharti Airtel Ltd (Partly Paid Rs.1.25)	Communication Services	71.37	0.09	0.00	June25	10.18
ICICI Prudential Large Cap Dir Gr	INF109K016L0	Bharti Airtel Ltd (Partly Paid Rs.1.25)	Communication Services	71.37	0.09	0.00	July25	9.19
ICICI Prudential Large Cap Dir Gr	INF109K016L0	Bharti Airtel Ltd (Partly Paid Rs.1.25)	Communication Services	71.37	0.09	0.00	Aug25	8.13
ICICI Prudential Large Cap Dir Gr	INF109K016L0	09/04/2026 Maturing 182 DTB		68.62	0.09	0.00	Oct24	5.55
ICICI Prudential Large Cap Dir Gr	INF109K016L0	09/04/2026 Maturing 182 DTB		68.62	0.09	0.00	Nov24	7.52
ICICI Prudential Large Cap Dir Gr	INF109K016L0	09/04/2026 Maturing 182 DTB		68.62	0.09	0.00	Dec24	3.56
ICICI Prudential Large Cap Dir Gr	INF109K016L0	09/04/2026 Maturing 182 DTB		68.62	0.09	0.00	Jan25	5.32
ICICI Prudential Large Cap Dir Gr	INF109K016L0	09/04/2026 Maturing 182 DTB		68.62	0.09	0.00	Feb25	5.59
ICICI Prudential Large Cap Dir Gr	INF109K016L0	09/04/2026 Maturing 182 DTB		68.62	0.09	0.00	Mar25	15.51
ICICI Prudential Large Cap Dir Gr	INF109K016L0	09/04/2026 Maturing 182 DTB		68.62	0.09	0.00	Mar25	15.51
ICICI Prudential Large Cap Dir Gr	INF109K016L0	09/04/2026 Maturing 182 DTB		68.62	0.09	0.00	Apr25	12.51
ICICI Prudential Large Cap Dir Gr	INF109K016L0	09/04/2026 Maturing 182 DTB		68.62	0.09	0.00	May25	11.15
ICICI Prudential Large Cap Dir Gr	INF109K016L0	09/04/2026 Maturing 182 DTB		68.62	0.09	0.00	June25	10.18
ICICI Prudential Large Cap Dir Gr	INF109K016L0	09/04/2026 Maturing 182 DTB		68.62	0.09	0.00	July25	9.19
ICICI Prudential Large Cap Dir Gr	INF109K016L0	09/04/2026 Maturing 182 DTB		68.62	0.09	0.00	Aug25	8.13
ICICI Prudential Large Cap Dir Gr	INF109K016L0	Gillette India Ltd	Consumer Defensive	61.42	0.08	0.00	Oct24	5.55
ICICI Prudential Large Cap Dir Gr	INF109K016L0	Gillette India Ltd	Consumer Defensive	61.42	0.08	0.00	Nov24	7.52
ICICI Prudential Large Cap Dir Gr	INF109K016L0	Gillette India Ltd	Consumer Defensive	61.42	0.08	0.00	Dec24	3.56
ICICI Prudential Large Cap Dir Gr	INF109K016L0	Gillette India Ltd	Consumer Defensive	61.42	0.08	0.00	Jan25	5.32
ICICI Prudential Large Cap Dir Gr	INF109K016L0	Gillette India Ltd	Consumer Defensive	61.42	0.08	0.00	Feb25	5.59
ICICI Prudential Large Cap Dir Gr	INF109K016L0	Gillette India Ltd	Consumer Defensive	61.42	0.08	0.00	Mar25	15.51
ICICI Prudential Large Cap Dir Gr	INF109K016L0	Gillette India Ltd	Consumer Defensive	61.42	0.08	0.00	Mar25	15.51
ICICI Prudential Large Cap Dir Gr	INF109K016L0	Gillette India Ltd	Consumer Defensive	61.42	0.08	0.00	Apr25	12.51
ICICI Prudential Large Cap Dir Gr	INF109K016L0	Gillette India Ltd	Consumer Defensive	61.42	0.08	0.00	May25	11.15
ICICI Prudential Large Cap Dir Gr	INF109K016L0	Gillette India Ltd	Consumer Defensive	61.42	0.08	0.00	June25	10.18
ICICI Prudential Large Cap Dir Gr	INF109K016L0	Gillette India Ltd	Consumer Defensive	61.42	0.08	0.00	July25	9.19
ICICI Prudential Large Cap Dir Gr	INF109K016L0	Gillette India Ltd	Consumer Defensive	61.42	0.08	0.00	Aug25	8.13
ICICI Prudential Large Cap Dir Gr	INF109K016L0	Tata Steel Ltd	Basic Materials	56.71	0.07	-65.18	Oct24	5.55
ICICI Prudential Large Cap Dir Gr	INF109K016L0	Tata Steel Ltd	Basic Materials	56.71	0.07	-65.18	Nov24	7.52
ICICI Prudential Large Cap Dir Gr	INF109K016L0	Tata Steel Ltd	Basic Materials	56.71	0.07	-65.18	Dec24	3.56
ICICI Prudential Large Cap Dir Gr	INF109K016L0	Tata Steel Ltd	Basic Materials	56.71	0.07	-65.18	Jan25	5.32
ICICI Prudential Large Cap Dir Gr	INF109K016L0	Tata Steel Ltd	Basic Materials	56.71	0.07	-65.18	Feb25	5.59
ICICI Prudential Large Cap Dir Gr	INF109K016L0	Tata Steel Ltd	Basic Materials	56.71	0.07	-65.18	Mar25	15.51
ICICI Prudential Large Cap Dir Gr	INF109K016L0	Tata Steel Ltd	Basic Materials	56.71	0.07	-65.18	Mar25	15.51
ICICI Prudential Large Cap Dir Gr	INF109K016L0	Tata Steel Ltd	Basic Materials	56.71	0.07	-65.18	Apr25	12.51
ICICI Prudential Large Cap Dir Gr	INF109K016L0	Tata Steel Ltd	Basic Materials	56.71	0.07	-65.18	May25	11.15
ICICI Prudential Large Cap Dir Gr	INF109K016L0	Tata Steel Ltd	Basic Materials	56.71	0.07	-65.18	June25	10.18
ICICI Prudential Large Cap Dir Gr	INF109K016L0	Tata Steel Ltd	Basic Materials	56.71	0.07	-65.18	July25	9.19
ICICI Prudential Large Cap Dir Gr	INF109K016L0	Tata Steel Ltd	Basic Materials	56.71	0.07	-65.18	Aug25	8.13
ICICI Prudential Large Cap Dir Gr	INF109K016L0	Apollo Hospitals Enterprise Ltd	Healthcare	56.43	0.07	0.00	Oct24	5.55
ICICI Prudential Large Cap Dir Gr	INF109K016L0	Apollo Hospitals Enterprise Ltd	Healthcare	56.43	0.07	0.00	Nov24	7.52
ICICI Prudential Large Cap Dir Gr	INF109K016L0	Apollo Hospitals Enterprise Ltd	Healthcare	56.43	0.07	0.00	Dec24	3.56
ICICI Prudential Large Cap Dir Gr	INF109K016L0	Apollo Hospitals Enterprise Ltd	Healthcare	56.43	0.07	0.00	Jan25	5.32
ICICI Prudential Large Cap Dir Gr	INF109K016L0	Apollo Hospitals Enterprise Ltd	Healthcare	56.43	0.07	0.00	Feb25	5.59
ICICI Prudential Large Cap Dir Gr	INF109K016L0	Apollo Hospitals Enterprise Ltd	Healthcare	56.43	0.07	0.00	Mar25	15.51
ICICI Prudential Large Cap Dir Gr	INF109K016L0	Apollo Hospitals Enterprise Ltd	Healthcare	56.43	0.07	0.00	Mar25	15.51
ICICI Prudential Large Cap Dir Gr	INF109K016L0	Apollo Hospitals Enterprise Ltd	Healthcare	56.43	0.07	0.00	Apr25	12.51
ICICI Prudential Large Cap Dir Gr	INF109K016L0	Apollo Hospitals Enterprise Ltd	Healthcare	56.43	0.07	0.00	May25	11.15
ICICI Prudential Large Cap Dir Gr	INF109K016L0	Apollo Hospitals Enterprise Ltd	Healthcare	56.43	0.07	0.00	June25	10.18
ICICI Prudential Large Cap Dir Gr	INF109K016L0	Apollo Hospitals Enterprise Ltd	Healthcare	56.43	0.07	0.00	July25	9.19
ICICI Prudential Large Cap Dir Gr	INF109K016L0	Apollo Hospitals Enterprise Ltd	Healthcare	56.43	0.07	0.00	Aug25	8.13
ICICI Prudential Large Cap Dir Gr	INF109K016L0	GAIL (India) Ltd	Utilities	53.17	0.07	0.00	Oct24	5.55
ICICI Prudential Large Cap Dir Gr	INF109K016L0	GAIL (India) Ltd	Utilities	53.17	0.07	0.00	Nov24	7.52
ICICI Prudential Large Cap Dir Gr	INF109K016L0	GAIL (India) Ltd	Utilities	53.17	0.07	0.00	Dec24	3.56
ICICI Prudential Large Cap Dir Gr	INF109K016L0	GAIL (India) Ltd	Utilities	53.17	0.07	0.00	Jan25	5.32
ICICI Prudential Large Cap Dir Gr	INF109K016L0	GAIL (India) Ltd	Utilities	53.17	0.07	0.00	Feb25	5.59
ICICI Prudential Large Cap Dir Gr	INF109K016L0	GAIL (India) Ltd	Utilities	53.17	0.07	0.00	Mar25	15.51
ICICI Prudential Large Cap Dir Gr	INF109K016L0	GAIL (India) Ltd	Utilities	53.17	0.07	0.00	Mar25	15.51
ICICI Prudential Large Cap Dir Gr	INF109K016L0	GAIL (India) Ltd	Utilities	53.17	0.07	0.00	Apr25	12.51
ICICI Prudential Large Cap Dir Gr	INF109K016L0	GAIL (India) Ltd	Utilities	53.17	0.07	0.00	May25	11.15
ICICI Prudential Large Cap Dir Gr	INF109K016L0	GAIL (India) Ltd	Utilities	53.17	0.07	0.00	June25	10.18
ICICI Prudential Large Cap Dir Gr	INF109K016L0	GAIL (India) Ltd	Utilities	53.17	0.07	0.00	July25	9.19
ICICI Prudential Large Cap Dir Gr	INF109K016L0	GAIL (India) Ltd	Utilities	53.17	0.07	0.00	Aug25	8.13
ICICI Prudential Large Cap Dir Gr	INF109K016L0	Hexaware Technologies Ltd Ordinary Shares	Technology	51.07	0.07		Oct24	5.55
ICICI Prudential Large Cap Dir Gr	INF109K016L0	Hexaware Technologies Ltd Ordinary Shares	Technology	51.07	0.07		Nov24	7.52
ICICI Prudential Large Cap Dir Gr	INF109K016L0	Hexaware Technologies Ltd Ordinary Shares	Technology	51.07	0.07		Dec24	3.56
ICICI Prudential Large Cap Dir Gr	INF109K016L0	Hexaware Technologies Ltd Ordinary Shares	Technology	51.07	0.07		Jan25	5.32
ICICI Prudential Large Cap Dir Gr	INF109K016L0	Hexaware Technologies Ltd Ordinary Shares	Technology	51.07	0.07		Feb25	5.59
ICICI Prudential Large Cap Dir Gr	INF109K016L0	Hexaware Technologies Ltd Ordinary Shares	Technology	51.07	0.07		Mar25	15.51
ICICI Prudential Large Cap Dir Gr	INF109K016L0	Hexaware Technologies Ltd Ordinary Shares	Technology	51.07	0.07		Mar25	15.51
ICICI Prudential Large Cap Dir Gr	INF109K016L0	Hexaware Technologies Ltd Ordinary Shares	Technology	51.07	0.07		Apr25	12.51
ICICI Prudential Large Cap Dir Gr	INF109K016L0	Hexaware Technologies Ltd Ordinary Shares	Technology	51.07	0.07		May25	11.15
ICICI Prudential Large Cap Dir Gr	INF109K016L0	Hexaware Technologies Ltd Ordinary Shares	Technology	51.07	0.07		June25	10.18
ICICI Prudential Large Cap Dir Gr	INF109K016L0	Hexaware Technologies Ltd Ordinary Shares	Technology	51.07	0.07		July25	9.19
ICICI Prudential Large Cap Dir Gr	INF109K016L0	Hexaware Technologies Ltd Ordinary Shares	Technology	51.07	0.07		Aug25	8.13
ICICI Prudential Large Cap Dir Gr	INF109K016L0	16/04/2026 Maturing 364 DTB		49.67	0.06	0.00	Oct24	5.55
ICICI Prudential Large Cap Dir Gr	INF109K016L0	16/04/2026 Maturing 364 DTB		49.67	0.06	0.00	Nov24	7.52
ICICI Prudential Large Cap Dir Gr	INF109K016L0	16/04/2026 Maturing 364 DTB		49.67	0.06	0.00	Dec24	3.56
ICICI Prudential Large Cap Dir Gr	INF109K016L0	16/04/2026 Maturing 364 DTB		49.67	0.06	0.00	Jan25	5.32
ICICI Prudential Large Cap Dir Gr	INF109K016L0	16/04/2026 Maturing 364 DTB		49.67	0.06	0.00	Feb25	5.59
ICICI Prudential Large Cap Dir Gr	INF109K016L0	16/04/2026 Maturing 364 DTB		49.67	0.06	0.00	Mar25	15.51
ICICI Prudential Large Cap Dir Gr	INF109K016L0	16/04/2026 Maturing 364 DTB		49.67	0.06	0.00	Mar25	15.51
ICICI Prudential Large Cap Dir Gr	INF109K016L0	16/04/2026 Maturing 364 DTB		49.67	0.06	0.00	Apr25	12.51
ICICI Prudential Large Cap Dir Gr	INF109K016L0	16/04/2026 Maturing 364 DTB		49.67	0.06	0.00	May25	11.15
ICICI Prudential Large Cap Dir Gr	INF109K016L0	16/04/2026 Maturing 364 DTB		49.67	0.06	0.00	June25	10.18
ICICI Prudential Large Cap Dir Gr	INF109K016L0	16/04/2026 Maturing 364 DTB		49.67	0.06	0.00	July25	9.19
ICICI Prudential Large Cap Dir Gr	INF109K016L0	16/04/2026 Maturing 364 DTB		49.67	0.06	0.00	Aug25	8.13
ICICI Prudential Large Cap Dir Gr	INF109K016L0	Gujarat Pipavav Port Ltd	Industrials	45.78	0.06	0.00	Oct24	5.55
ICICI Prudential Large Cap Dir Gr	INF109K016L0	Gujarat Pipavav Port Ltd	Industrials	45.78	0.06	0.00	Nov24	7.52
ICICI Prudential Large Cap Dir Gr	INF109K016L0	Gujarat Pipavav Port Ltd	Industrials	45.78	0.06	0.00	Dec24	3.56
ICICI Prudential Large Cap Dir Gr	INF109K016L0	Gujarat Pipavav Port Ltd	Industrials	45.78	0.06	0.00	Jan25	5.32
ICICI Prudential Large Cap Dir Gr	INF109K016L0	Gujarat Pipavav Port Ltd	Industrials	45.78	0.06	0.00	Feb25	5.59
ICICI Prudential Large Cap Dir Gr	INF109K016L0	Gujarat Pipavav Port Ltd	Industrials	45.78	0.06	0.00	Mar25	15.51
ICICI Prudential Large Cap Dir Gr	INF109K016L0	Gujarat Pipavav Port Ltd	Industrials	45.78	0.06	0.00	Mar25	15.51
ICICI Prudential Large Cap Dir Gr	INF109K016L0	Gujarat Pipavav Port Ltd	Industrials	45.78	0.06	0.00	Apr25	12.51
ICICI Prudential Large Cap Dir Gr	INF109K016L0	Gujarat Pipavav Port Ltd	Industrials	45.78	0.06	0.00	May25	11.15
ICICI Prudential Large Cap Dir Gr	INF109K016L0	Gujarat Pipavav Port Ltd	Industrials	45.78	0.06	0.00	June25	10.18
ICICI Prudential Large Cap Dir Gr	INF109K016L0	Gujarat Pipavav Port Ltd	Industrials	45.78	0.06	0.00	July25	9.19
ICICI Prudential Large Cap Dir Gr	INF109K016L0	Gujarat Pipavav Port Ltd	Industrials	45.78	0.06	0.00	Aug25	8.13
ICICI Prudential Large Cap Dir Gr	INF109K016L0	19/03/2026 Maturing 364 DTB		29.93	0.04	0.00	Oct24	5.55
ICICI Prudential Large Cap Dir Gr	INF109K016L0	19/03/2026 Maturing 364 DTB		29.93	0.04	0.00	Nov24	7.52
ICICI Prudential Large Cap Dir Gr	INF109K016L0	19/03/2026 Maturing 364 DTB		29.93	0.04	0.00	Dec24	3.56
ICICI Prudential Large Cap Dir Gr	INF109K016L0	19/03/2026 Maturing 364 DTB		29.93	0.04	0.00	Jan25	5.32
ICICI Prudential Large Cap Dir Gr	INF109K016L0	19/03/2026 Maturing 364 DTB		29.93	0.04	0.00	Feb25	5.59
ICICI Prudential Large Cap Dir Gr	INF109K016L0	19/03/2026 Maturing 364 DTB		29.93	0.04	0.00	Mar25	15.51
ICICI Prudential Large Cap Dir Gr	INF109K016L0	19/03/2026 Maturing 364 DTB		29.93	0.04	0.00	Mar25	15.51
ICICI Prudential Large Cap Dir Gr	INF109K016L0	19/03/2026 Maturing 364 DTB		29.93	0.04	0.00	Apr25	12.51
ICICI Prudential Large Cap Dir Gr	INF109K016L0	19/03/2026 Maturing 364 DTB		29.93	0.04	0.00	May25	11.15
ICICI Prudential Large Cap Dir Gr	INF109K016L0	19/03/2026 Maturing 364 DTB		29.93	0.04	0.00	June25	10.18
ICICI Prudential Large Cap Dir Gr	INF109K016L0	19/03/2026 Maturing 364 DTB		29.93	0.04	0.00	July25	9.19
ICICI Prudential Large Cap Dir Gr	INF109K016L0	19/03/2026 Maturing 364 DTB		29.93	0.04	0.00	Aug25	8.13
ICICI Prudential Large Cap Dir Gr	INF109K016L0	L&T Finance Limited		24.96	0.03		Oct24	5.55
ICICI Prudential Large Cap Dir Gr	INF109K016L0	L&T Finance Limited		24.96	0.03		Nov24	7.52
ICICI Prudential Large Cap Dir Gr	INF109K016L0	L&T Finance Limited		24.96	0.03		Dec24	3.56
ICICI Prudential Large Cap Dir Gr	INF109K016L0	L&T Finance Limited		24.96	0.03		Jan25	5.32
ICICI Prudential Large Cap Dir Gr	INF109K016L0	L&T Finance Limited		24.96	0.03		Feb25	5.59
ICICI Prudential Large Cap Dir Gr	INF109K016L0	L&T Finance Limited		24.96	0.03		Mar25	15.51
ICICI Prudential Large Cap Dir Gr	INF109K016L0	L&T Finance Limited		24.96	0.03		Mar25	15.51
ICICI Prudential Large Cap Dir Gr	INF109K016L0	L&T Finance Limited		24.96	0.03		Apr25	12.51
ICICI Prudential Large Cap Dir Gr	INF109K016L0	L&T Finance Limited		24.96	0.03		May25	11.15
ICICI Prudential Large Cap Dir Gr	INF109K016L0	L&T Finance Limited		24.96	0.03		June25	10.18
ICICI Prudential Large Cap Dir Gr	INF109K016L0	L&T Finance Limited		24.96	0.03		July25	9.19
ICICI Prudential Large Cap Dir Gr	INF109K016L0	L&T Finance Limited		24.96	0.03		Aug25	8.13
ICICI Prudential Large Cap Dir Gr	INF109K016L0	Net Current Assets		-8.56	0.01		Oct24	5.55
ICICI Prudential Large Cap Dir Gr	INF109K016L0	Net Current Assets		-8.56	0.01		Nov24	7.52
ICICI Prudential Large Cap Dir Gr	INF109K016L0	Net Current Assets		-8.56	0.01		Dec24	3.56
ICICI Prudential Large Cap Dir Gr	INF109K016L0	Net Current Assets		-8.56	0.01		Jan25	5.32
ICICI Prudential Large Cap Dir Gr	INF109K016L0	Net Current Assets		-8.56	0.01		Feb25	5.59
ICICI Prudential Large Cap Dir Gr	INF109K016L0	Net Current Assets		-8.56	0.01		Mar25	15.51
ICICI Prudential Large Cap Dir Gr	INF109K016L0	Net Current Assets		-8.56	0.01		Mar25	15.51
ICICI Prudential Large Cap Dir Gr	INF109K016L0	Net Current Assets		-8.56	0.01		Apr25	12.51
ICICI Prudential Large Cap Dir Gr	INF109K016L0	Net Current Assets		-8.56	0.01		May25	11.15
ICICI Prudential Large Cap Dir Gr	INF109K016L0	Net Current Assets		-8.56	0.01		June25	10.18
ICICI Prudential Large Cap Dir Gr	INF109K016L0	Net Current Assets		-8.56	0.01		July25	9.19
ICICI Prudential Large Cap Dir Gr	INF109K016L0	Net Current Assets		-8.56	0.01		Aug25	8.13
ICICI Prudential Large Cap Dir Gr	INF109K016L0	Tvs Motor Company Limited		1.10	0.00	0.00	Oct24	5.55
ICICI Prudential Large Cap Dir Gr	INF109K016L0	Tvs Motor Company Limited		1.10	0.00	0.00	Nov24	7.52
ICICI Prudential Large Cap Dir Gr	INF109K016L0	Tvs Motor Company Limited		1.10	0.00	0.00	Dec24	3.56
ICICI Prudential Large Cap Dir Gr	INF109K016L0	Tvs Motor Company Limited		1.10	0.00	0.00	Jan25	5.32
ICICI Prudential Large Cap Dir Gr	INF109K016L0	Tvs Motor Company Limited		1.10	0.00	0.00	Feb25	5.59
ICICI Prudential Large Cap Dir Gr	INF109K016L0	Tvs Motor Company Limited		1.10	0.00	0.00	Mar25	15.51
ICICI Prudential Large Cap Dir Gr	INF109K016L0	Tvs Motor Company Limited		1.10	0.00	0.00	Mar25	15.51
ICICI Prudential Large Cap Dir Gr	INF109K016L0	Tvs Motor Company Limited		1.10	0.00	0.00	Apr25	12.51
ICICI Prudential Large Cap Dir Gr	INF109K016L0	Tvs Motor Company Limited		1.10	0.00	0.00	May25	11.15
ICICI Prudential Large Cap Dir Gr	INF109K016L0	Tvs Motor Company Limited		1.10	0.00	0.00	June25	10.18
ICICI Prudential Large Cap Dir Gr	INF109K016L0	Tvs Motor Company Limited		1.10	0.00	0.00	July25	9.19
ICICI Prudential Large Cap Dir Gr	INF109K016L0	Tvs Motor Company Limited		1.10	0.00	0.00	Aug25	8.13
ICICI Prudential Large Cap Dir Gr	INF109K016L0	Union Bank of India		0.00	0.00	-100.00	Oct24	5.55
ICICI Prudential Large Cap Dir Gr	INF109K016L0	Union Bank of India		0.00	0.00	-100.00	Nov24	7.52
ICICI Prudential Large Cap Dir Gr	INF109K016L0	Union Bank of India		0.00	0.00	-100.00	Dec24	3.56
ICICI Prudential Large Cap Dir Gr	INF109K016L0	Union Bank of India		0.00	0.00	-100.00	Jan25	5.32
ICICI Prudential Large Cap Dir Gr	INF109K016L0	Union Bank of India		0.00	0.00	-100.00	Feb25	5.59
ICICI Prudential Large Cap Dir Gr	INF109K016L0	Union Bank of India		0.00	0.00	-100.00	Mar25	15.51
ICICI Prudential Large Cap Dir Gr	INF109K016L0	Union Bank of India		0.00	0.00	-100.00	Mar25	15.51
ICICI Prudential Large Cap Dir Gr	INF109K016L0	Union Bank of India		0.00	0.00	-100.00	Apr25	12.51
ICICI Prudential Large Cap Dir Gr	INF109K016L0	Union Bank of India		0.00	0.00	-100.00	May25	11.15
ICICI Prudential Large Cap Dir Gr	INF109K016L0	Union Bank of India		0.00	0.00	-100.00	June25	10.18
ICICI Prudential Large Cap Dir Gr	INF109K016L0	Union Bank of India		0.00	0.00	-100.00	July25	9.19
ICICI Prudential Large Cap Dir Gr	INF109K016L0	Union Bank of India		0.00	0.00	-100.00	Aug25	8.13
ICICI Prudential Large Cap Dir Gr	INF109K016L0	Tata Consultancy Services Ltd		0.00	0.00	-100.00	Oct24	5.55
ICICI Prudential Large Cap Dir Gr	INF109K016L0	Tata Consultancy Services Ltd		0.00	0.00	-100.00	Nov24	7.52
ICICI Prudential Large Cap Dir Gr	INF109K016L0	Tata Consultancy Services Ltd		0.00	0.00	-100.00	Dec24	3.56
ICICI Prudential Large Cap Dir Gr	INF109K016L0	Tata Consultancy Services Ltd		0.00	0.00	-100.00	Jan25	5.32
ICICI Prudential Large Cap Dir Gr	INF109K016L0	Tata Consultancy Services Ltd		0.00	0.00	-100.00	Feb25	5.59
ICICI Prudential Large Cap Dir Gr	INF109K016L0	Tata Consultancy Services Ltd		0.00	0.00	-100.00	Mar25	15.51
ICICI Prudential Large Cap Dir Gr	INF109K016L0	Tata Consultancy Services Ltd		0.00	0.00	-100.00	Mar25	15.51
ICICI Prudential Large Cap Dir Gr	INF109K016L0	Tata Consultancy Services Ltd		0.00	0.00	-100.00	Apr25	12.51
ICICI Prudential Large Cap Dir Gr	INF109K016L0	Tata Consultancy Services Ltd		0.00	0.00	-100.00	May25	11.15
ICICI Prudential Large Cap Dir Gr	INF109K016L0	Tata Consultancy Services Ltd		0.00	0.00	-100.00	June25	10.18
ICICI Prudential Large Cap Dir Gr	INF109K016L0	Tata Consultancy Services Ltd		0.00	0.00	-100.00	July25	9.19
ICICI Prudential Large Cap Dir Gr	INF109K016L0	Tata Consultancy Services Ltd		0.00	0.00	-100.00	Aug25	8.13
ICICI Prudential Large Cap Dir Gr	INF109K016L0	Birla Group Holdings Private Limited		0.00	0.00	-100.00	Oct24	5.55
ICICI Prudential Large Cap Dir Gr	INF109K016L0	Birla Group Holdings Private Limited		0.00	0.00	-100.00	Nov24	7.52
ICICI Prudential Large Cap Dir Gr	INF109K016L0	Birla Group Holdings Private Limited		0.00	0.00	-100.00	Dec24	3.56
ICICI Prudential Large Cap Dir Gr	INF109K016L0	Birla Group Holdings Private Limited		0.00	0.00	-100.00	Jan25	5.32
ICICI Prudential Large Cap Dir Gr	INF109K016L0	Birla Group Holdings Private Limited		0.00	0.00	-100.00	Feb25	5.59
ICICI Prudential Large Cap Dir Gr	INF109K016L0	Birla Group Holdings Private Limited		0.00	0.00	-100.00	Mar25	15.51
ICICI Prudential Large Cap Dir Gr	INF109K016L0	Birla Group Holdings Private Limited		0.00	0.00	-100.00	Mar25	15.51
ICICI Prudential Large Cap Dir Gr	INF109K016L0	Birla Group Holdings Private Limited		0.00	0.00	-100.00	Apr25	12.51
ICICI Prudential Large Cap Dir Gr	INF109K016L0	Birla Group Holdings Private Limited		0.00	0.00	-100.00	May25	11.15
ICICI Prudential Large Cap Dir Gr	INF109K016L0	Birla Group Holdings Private Limited		0.00	0.00	-100.00	June25	10.18
ICICI Prudential Large Cap Dir Gr	INF109K016L0	Birla Group Holdings Private Limited		0.00	0.00	-100.00	July25	9.19
ICICI Prudential Large Cap Dir Gr	INF109K016L0	Birla Group Holdings Private Limited		0.00	0.00	-100.00	Aug25	8.13
ICICI Prudential Large Cap Dir Gr	INF109K016L0	Punjab National Bank		0.00	0.00	-100.00	Oct24	5.55
ICICI Prudential Large Cap Dir Gr	INF109K016L0	Punjab National Bank		0.00	0.00	-100.00	Nov24	7.52
ICICI Prudential Large Cap Dir Gr	INF109K016L0	Punjab National Bank		0.00	0.00	-100.00	Dec24	3.56
ICICI Prudential Large Cap Dir Gr	INF109K016L0	Punjab National Bank		0.00	0.00	-100.00	Jan25	5.32
ICICI Prudential Large Cap Dir Gr	INF109K016L0	Punjab National Bank		0.00	0.00	-100.00	Feb25	5.59
ICICI Prudential Large Cap Dir Gr	INF109K016L0	Punjab National Bank		0.00	0.00	-100.00	Mar25	15.51
ICICI Prudential Large Cap Dir Gr	INF109K016L0	Punjab National Bank		0.00	0.00	-100.00	Mar25	15.51
ICICI Prudential Large Cap Dir Gr	INF109K016L0	Punjab National Bank		0.00	0.00	-100.00	Apr25	12.51
ICICI Prudential Large Cap Dir Gr	INF109K016L0	Punjab National Bank		0.00	0.00	-100.00	May25	11.15
ICICI Prudential Large Cap Dir Gr	INF109K016L0	Punjab National Bank		0.00	0.00	-100.00	June25	10.18
ICICI Prudential Large Cap Dir Gr	INF109K016L0	Punjab National Bank		0.00	0.00	-100.00	July25	9.19
ICICI Prudential Large Cap Dir Gr	INF109K016L0	Punjab National Bank		0.00	0.00	-100.00	Aug25	8.13
ICICI Prudential Large Cap Dir Gr	INF109K016L0	27/02/2026 Maturing 182 DTB		0.00	0.00	-100.00	Oct24	5.55
ICICI Prudential Large Cap Dir Gr	INF109K016L0	27/02/2026 Maturing 182 DTB		0.00	0.00	-100.00	Nov24	7.52
ICICI Prudential Large Cap Dir Gr	INF109K016L0	27/02/2026 Maturing 182 DTB		0.00	0.00	-100.00	Dec24	3.56
ICICI Prudential Large Cap Dir Gr	INF109K016L0	27/02/2026 Maturing 182 DTB		0.00	0.00	-100.00	Jan25	5.32
ICICI Prudential Large Cap Dir Gr	INF109K016L0	27/02/2026 Maturing 182 DTB		0.00	0.00	-100.00	Feb25	5.59
ICICI Prudential Large Cap Dir Gr	INF109K016L0	27/02/2026 Maturing 182 DTB		0.00	0.00	-100.00	Mar25	15.51
ICICI Prudential Large Cap Dir Gr	INF109K016L0	27/02/2026 Maturing 182 DTB		0.00	0.00	-100.00	Mar25	15.51
ICICI Prudential Large Cap Dir Gr	INF109K016L0	27/02/2026 Maturing 182 DTB		0.00	0.00	-100.00	Apr25	12.51
ICICI Prudential Large Cap Dir Gr	INF109K016L0	27/02/2026 Maturing 182 DTB		0.00	0.00	-100.00	May25	11.15
ICICI Prudential Large Cap Dir Gr	INF109K016L0	27/02/2026 Maturing 182 DTB		0.00	0.00	-100.00	June25	10.18
ICICI Prudential Large Cap Dir Gr	INF109K016L0	27/02/2026 Maturing 182 DTB		0.00	0.00	-100.00	July25	9.19
ICICI Prudential Large Cap Dir Gr	INF109K016L0	27/02/2026 Maturing 182 DTB		0.00	0.00	-100.00	Aug25	8.13
