schemeName	isin	stock_name	sector	market_value	weight	change_1m	period	weightage
Parag Parikh Flexi Cap Dir Gr	INF879O01027	HDFC Bank Ltd	Financial Services	10,379.18	7.73	0.86	Oct24	5.55
Parag Parikh Flexi Cap Dir Gr	INF879O01027	HDFC Bank Ltd	Financial Services	10,379.18	7.73	0.86	Nov24	7.52
Parag Parikh Flexi Cap Dir Gr	INF879O01027	HDFC Bank Ltd	Financial Services	10,379.18	7.73	0.86	Dec24	3.56
Parag Parikh Flexi Cap Dir Gr	INF879O01027	HDFC Bank Ltd	Financial Services	10,379.18	7.73	0.86	Jan25	5.32
Parag Parikh Flexi Cap Dir Gr	INF879O01027	HDFC Bank Ltd	Financial Services	10,379.18	7.73	0.86	Feb25	5.59
Parag Parikh Flexi Cap Dir Gr	INF879O01027	HDFC Bank Ltd	Financial Services	10,379.18	7.73	0.86	Mar25	15.51
Parag Parikh Flexi Cap Dir Gr	INF879O01027	HDFC Bank Ltd	Financial Services	10,379.18	7.73	0.86	Mar25	15.51
Parag Parikh Flexi Cap Dir Gr	INF879O01027	HDFC Bank Ltd	Financial Services	10,379.18	7.73	0.86	Apr25	12.51
Parag Parikh Flexi Cap Dir Gr	INF879O01027	HDFC Bank Ltd	Financial Services	10,379.18	7.73	0.86	May25	11.15
Parag Parikh Flexi Cap Dir Gr	INF879O01027	HDFC Bank Ltd	Financial Services	10,379.18	7.73	0.86	June25	10.18
Parag Parikh Flexi Cap Dir Gr	INF879O01027	HDFC Bank Ltd	Financial Services	10,379.18	7.73	0.86	July25	9.19
Parag Parikh Flexi Cap Dir Gr	INF879O01027	HDFC Bank Ltd	Financial Services	10,379.18	7.73	0.86	Aug25	8.13
Parag Parikh Flexi Cap Dir Gr	INF879O01027	Power Grid Corp Of India Ltd	Utilities	9,291.42	6.92	-0.72	Oct24	5.55
Parag Parikh Flexi Cap Dir Gr	INF879O01027	Power Grid Corp Of India Ltd	Utilities	9,291.42	6.92	-0.72	Nov24	7.52
Parag Parikh Flexi Cap Dir Gr	INF879O01027	Power Grid Corp Of India Ltd	Utilities	9,291.42	6.92	-0.72	Dec24	3.56
Parag Parikh Flexi Cap Dir Gr	INF879O01027	Power Grid Corp Of India Ltd	Utilities	9,291.42	6.92	-0.72	Jan25	5.32
Parag Parikh Flexi Cap Dir Gr	INF879O01027	Power Grid Corp Of India Ltd	Utilities	9,291.42	6.92	-0.72	Feb25	5.59
Parag Parikh Flexi Cap Dir Gr	INF879O01027	Power Grid Corp Of India Ltd	Utilities	9,291.42	6.92	-0.72	Mar25	15.51
Parag Parikh Flexi Cap Dir Gr	INF879O01027	Power Grid Corp Of India Ltd	Utilities	9,291.42	6.92	-0.72	Mar25	15.51
Parag Parikh Flexi Cap Dir Gr	INF879O01027	Power Grid Corp Of India Ltd	Utilities	9,291.42	6.92	-0.72	Apr25	12.51
Parag Parikh Flexi Cap Dir Gr	INF879O01027	Power Grid Corp Of India Ltd	Utilities	9,291.42	6.92	-0.72	May25	11.15
Parag Parikh Flexi Cap Dir Gr	INF879O01027	Power Grid Corp Of India Ltd	Utilities	9,291.42	6.92	-0.72	June25	10.18
Parag Parikh Flexi Cap Dir Gr	INF879O01027	Power Grid Corp Of India Ltd	Utilities	9,291.42	6.92	-0.72	July25	9.19
Parag Parikh Flexi Cap Dir Gr	INF879O01027	Power Grid Corp Of India Ltd	Utilities	9,291.42	6.92	-0.72	Aug25	8.13
Parag Parikh Flexi Cap Dir Gr	INF879O01027	Coal India Ltd	Energy	6,951.71	5.18	1.00	Oct24	5.55
Parag Parikh Flexi Cap Dir Gr	INF879O01027	Coal India Ltd	Energy	6,951.71	5.18	1.00	Nov24	7.52
Parag Parikh Flexi Cap Dir Gr	INF879O01027	Coal India Ltd	Energy	6,951.71	5.18	1.00	Dec24	3.56
Parag Parikh Flexi Cap Dir Gr	INF879O01027	Coal India Ltd	Energy	6,951.71	5.18	1.00	Jan25	5.32
Parag Parikh Flexi Cap Dir Gr	INF879O01027	Coal India Ltd	Energy	6,951.71	5.18	1.00	Feb25	5.59
Parag Parikh Flexi Cap Dir Gr	INF879O01027	Coal India Ltd	Energy	6,951.71	5.18	1.00	Mar25	15.51
Parag Parikh Flexi Cap Dir Gr	INF879O01027	Coal India Ltd	Energy	6,951.71	5.18	1.00	Mar25	15.51
Parag Parikh Flexi Cap Dir Gr	INF879O01027	Coal India Ltd	Energy	6,951.71	5.18	1.00	Apr25	12.51
Parag Parikh Flexi Cap Dir Gr	INF879O01027	Coal India Ltd	Energy	6,951.71	5.18	1.00	May25	11.15
Parag Parikh Flexi Cap Dir Gr	INF879O01027	Coal India Ltd	Energy	6,951.71	5.18	1.00	June25	10.18
Parag Parikh Flexi Cap Dir Gr	INF879O01027	Coal India Ltd	Energy	6,951.71	5.18	1.00	July25	9.19
Parag Parikh Flexi Cap Dir Gr	INF879O01027	Coal India Ltd	Energy	6,951.71	5.18	1.00	Aug25	8.13
Parag Parikh Flexi Cap Dir Gr	INF879O01027	ICICI Bank Ltd	Financial Services	6,801.46	5.07	0.00	Oct24	5.55
Parag Parikh Flexi Cap Dir Gr	INF879O01027	ICICI Bank Ltd	Financial Services	6,801.46	5.07	0.00	Nov24	7.52
Parag Parikh Flexi Cap Dir Gr	INF879O01027	ICICI Bank Ltd	Financial Services	6,801.46	5.07	0.00	Dec24	3.56
Parag Parikh Flexi Cap Dir Gr	INF879O01027	ICICI Bank Ltd	Financial Services	6,801.46	5.07	0.00	Jan25	5.32
Parag Parikh Flexi Cap Dir Gr	INF879O01027	ICICI Bank Ltd	Financial Services	6,801.46	5.07	0.00	Feb25	5.59
Parag Parikh Flexi Cap Dir Gr	INF879O01027	ICICI Bank Ltd	Financial Services	6,801.46	5.07	0.00	Mar25	15.51
Parag Parikh Flexi Cap Dir Gr	INF879O01027	ICICI Bank Ltd	Financial Services	6,801.46	5.07	0.00	Mar25	15.51
Parag Parikh Flexi Cap Dir Gr	INF879O01027	ICICI Bank Ltd	Financial Services	6,801.46	5.07	0.00	Apr25	12.51
Parag Parikh Flexi Cap Dir Gr	INF879O01027	ICICI Bank Ltd	Financial Services	6,801.46	5.07	0.00	May25	11.15
Parag Parikh Flexi Cap Dir Gr	INF879O01027	ICICI Bank Ltd	Financial Services	6,801.46	5.07	0.00	June25	10.18
Parag Parikh Flexi Cap Dir Gr	INF879O01027	ICICI Bank Ltd	Financial Services	6,801.46	5.07	0.00	July25	9.19
Parag Parikh Flexi Cap Dir Gr	INF879O01027	ICICI Bank Ltd	Financial Services	6,801.46	5.07	0.00	Aug25	8.13
Parag Parikh Flexi Cap Dir Gr	INF879O01027	ITC Ltd	Consumer Defensive	6,761.03	5.04	2.71	Oct24	5.55
Parag Parikh Flexi Cap Dir Gr	INF879O01027	ITC Ltd	Consumer Defensive	6,761.03	5.04	2.71	Nov24	7.52
Parag Parikh Flexi Cap Dir Gr	INF879O01027	ITC Ltd	Consumer Defensive	6,761.03	5.04	2.71	Dec24	3.56
Parag Parikh Flexi Cap Dir Gr	INF879O01027	ITC Ltd	Consumer Defensive	6,761.03	5.04	2.71	Jan25	5.32
Parag Parikh Flexi Cap Dir Gr	INF879O01027	ITC Ltd	Consumer Defensive	6,761.03	5.04	2.71	Feb25	5.59
Parag Parikh Flexi Cap Dir Gr	INF879O01027	ITC Ltd	Consumer Defensive	6,761.03	5.04	2.71	Mar25	15.51
Parag Parikh Flexi Cap Dir Gr	INF879O01027	ITC Ltd	Consumer Defensive	6,761.03	5.04	2.71	Mar25	15.51
Parag Parikh Flexi Cap Dir Gr	INF879O01027	ITC Ltd	Consumer Defensive	6,761.03	5.04	2.71	Apr25	12.51
Parag Parikh Flexi Cap Dir Gr	INF879O01027	ITC Ltd	Consumer Defensive	6,761.03	5.04	2.71	May25	11.15
Parag Parikh Flexi Cap Dir Gr	INF879O01027	ITC Ltd	Consumer Defensive	6,761.03	5.04	2.71	June25	10.18
Parag Parikh Flexi Cap Dir Gr	INF879O01027	ITC Ltd	Consumer Defensive	6,761.03	5.04	2.71	July25	9.19
Parag Parikh Flexi Cap Dir Gr	INF879O01027	ITC Ltd	Consumer Defensive	6,761.03	5.04	2.71	Aug25	8.13
Parag Parikh Flexi Cap Dir Gr	INF879O01027	Bajaj Holdings and Investment Ltd	Financial Services	6,511.39	4.85	0.80	Oct24	5.55
Parag Parikh Flexi Cap Dir Gr	INF879O01027	Bajaj Holdings and Investment Ltd	Financial Services	6,511.39	4.85	0.80	Nov24	7.52
Parag Parikh Flexi Cap Dir Gr	INF879O01027	Bajaj Holdings and Investment Ltd	Financial Services	6,511.39	4.85	0.80	Dec24	3.56
Parag Parikh Flexi Cap Dir Gr	INF879O01027	Bajaj Holdings and Investment Ltd	Financial Services	6,511.39	4.85	0.80	Jan25	5.32
Parag Parikh Flexi Cap Dir Gr	INF879O01027	Bajaj Holdings and Investment Ltd	Financial Services	6,511.39	4.85	0.80	Feb25	5.59
Parag Parikh Flexi Cap Dir Gr	INF879O01027	Bajaj Holdings and Investment Ltd	Financial Services	6,511.39	4.85	0.80	Mar25	15.51
Parag Parikh Flexi Cap Dir Gr	INF879O01027	Bajaj Holdings and Investment Ltd	Financial Services	6,511.39	4.85	0.80	Mar25	15.51
Parag Parikh Flexi Cap Dir Gr	INF879O01027	Bajaj Holdings and Investment Ltd	Financial Services	6,511.39	4.85	0.80	Apr25	12.51
Parag Parikh Flexi Cap Dir Gr	INF879O01027	Bajaj Holdings and Investment Ltd	Financial Services	6,511.39	4.85	0.80	May25	11.15
Parag Parikh Flexi Cap Dir Gr	INF879O01027	Bajaj Holdings and Investment Ltd	Financial Services	6,511.39	4.85	0.80	June25	10.18
Parag Parikh Flexi Cap Dir Gr	INF879O01027	Bajaj Holdings and Investment Ltd	Financial Services	6,511.39	4.85	0.80	July25	9.19
Parag Parikh Flexi Cap Dir Gr	INF879O01027	Bajaj Holdings and Investment Ltd	Financial Services	6,511.39	4.85	0.80	Aug25	8.13
Parag Parikh Flexi Cap Dir Gr	INF879O01027	Alphabet Inc Class A	Communication Services	5,359.68	3.99	0.00	Oct24	5.55
Parag Parikh Flexi Cap Dir Gr	INF879O01027	Alphabet Inc Class A	Communication Services	5,359.68	3.99	0.00	Nov24	7.52
Parag Parikh Flexi Cap Dir Gr	INF879O01027	Alphabet Inc Class A	Communication Services	5,359.68	3.99	0.00	Dec24	3.56
Parag Parikh Flexi Cap Dir Gr	INF879O01027	Alphabet Inc Class A	Communication Services	5,359.68	3.99	0.00	Jan25	5.32
Parag Parikh Flexi Cap Dir Gr	INF879O01027	Alphabet Inc Class A	Communication Services	5,359.68	3.99	0.00	Feb25	5.59
Parag Parikh Flexi Cap Dir Gr	INF879O01027	Alphabet Inc Class A	Communication Services	5,359.68	3.99	0.00	Mar25	15.51
Parag Parikh Flexi Cap Dir Gr	INF879O01027	Alphabet Inc Class A	Communication Services	5,359.68	3.99	0.00	Mar25	15.51
Parag Parikh Flexi Cap Dir Gr	INF879O01027	Alphabet Inc Class A	Communication Services	5,359.68	3.99	0.00	Apr25	12.51
Parag Parikh Flexi Cap Dir Gr	INF879O01027	Alphabet Inc Class A	Communication Services	5,359.68	3.99	0.00	May25	11.15
Parag Parikh Flexi Cap Dir Gr	INF879O01027	Alphabet Inc Class A	Communication Services	5,359.68	3.99	0.00	June25	10.18
Parag Parikh Flexi Cap Dir Gr	INF879O01027	Alphabet Inc Class A	Communication Services	5,359.68	3.99	0.00	July25	9.19
Parag Parikh Flexi Cap Dir Gr	INF879O01027	Alphabet Inc Class A	Communication Services	5,359.68	3.99	0.00	Aug25	8.13
Parag Parikh Flexi Cap Dir Gr	INF879O01027	Kotak Mahindra Bank Ltd	Financial Services	5,111.44	3.81	0.00	Oct24	5.55
Parag Parikh Flexi Cap Dir Gr	INF879O01027	Kotak Mahindra Bank Ltd	Financial Services	5,111.44	3.81	0.00	Nov24	7.52
Parag Parikh Flexi Cap Dir Gr	INF879O01027	Kotak Mahindra Bank Ltd	Financial Services	5,111.44	3.81	0.00	Dec24	3.56
Parag Parikh Flexi Cap Dir Gr	INF879O01027	Kotak Mahindra Bank Ltd	Financial Services	5,111.44	3.81	0.00	Jan25	5.32
Parag Parikh Flexi Cap Dir Gr	INF879O01027	Kotak Mahindra Bank Ltd	Financial Services	5,111.44	3.81	0.00	Feb25	5.59
Parag Parikh Flexi Cap Dir Gr	INF879O01027	Kotak Mahindra Bank Ltd	Financial Services	5,111.44	3.81	0.00	Mar25	15.51
Parag Parikh Flexi Cap Dir Gr	INF879O01027	Kotak Mahindra Bank Ltd	Financial Services	5,111.44	3.81	0.00	Mar25	15.51
Parag Parikh Flexi Cap Dir Gr	INF879O01027	Kotak Mahindra Bank Ltd	Financial Services	5,111.44	3.81	0.00	Apr25	12.51
Parag Parikh Flexi Cap Dir Gr	INF879O01027	Kotak Mahindra Bank Ltd	Financial Services	5,111.44	3.81	0.00	May25	11.15
Parag Parikh Flexi Cap Dir Gr	INF879O01027	Kotak Mahindra Bank Ltd	Financial Services	5,111.44	3.81	0.00	June25	10.18
Parag Parikh Flexi Cap Dir Gr	INF879O01027	Kotak Mahindra Bank Ltd	Financial Services	5,111.44	3.81	0.00	July25	9.19
Parag Parikh Flexi Cap Dir Gr	INF879O01027	Kotak Mahindra Bank Ltd	Financial Services	5,111.44	3.81	0.00	Aug25	8.13
Parag Parikh Flexi Cap Dir Gr	INF879O01027	Trp_020326		4,875.19	3.63		Oct24	5.55
Parag Parikh Flexi Cap Dir Gr	INF879O01027	Trp_020326		4,875.19	3.63		Nov24	7.52
Parag Parikh Flexi Cap Dir Gr	INF879O01027	Trp_020326		4,875.19	3.63		Dec24	3.56
Parag Parikh Flexi Cap Dir Gr	INF879O01027	Trp_020326		4,875.19	3.63		Jan25	5.32
Parag Parikh Flexi Cap Dir Gr	INF879O01027	Trp_020326		4,875.19	3.63		Feb25	5.59
Parag Parikh Flexi Cap Dir Gr	INF879O01027	Trp_020326		4,875.19	3.63		Mar25	15.51
Parag Parikh Flexi Cap Dir Gr	INF879O01027	Trp_020326		4,875.19	3.63		Mar25	15.51
Parag Parikh Flexi Cap Dir Gr	INF879O01027	Trp_020326		4,875.19	3.63		Apr25	12.51
Parag Parikh Flexi Cap Dir Gr	INF879O01027	Trp_020326		4,875.19	3.63		May25	11.15
Parag Parikh Flexi Cap Dir Gr	INF879O01027	Trp_020326		4,875.19	3.63		June25	10.18
Parag Parikh Flexi Cap Dir Gr	INF879O01027	Trp_020326		4,875.19	3.63		July25	9.19
Parag Parikh Flexi Cap Dir Gr	INF879O01027	Trp_020326		4,875.19	3.63		Aug25	8.13
Parag Parikh Flexi Cap Dir Gr	INF879O01027	Mahindra & Mahindra Ltd	Consumer Cyclical	4,747.77	3.54	0.00	Oct24	5.55
Parag Parikh Flexi Cap Dir Gr	INF879O01027	Mahindra & Mahindra Ltd	Consumer Cyclical	4,747.77	3.54	0.00	Nov24	7.52
Parag Parikh Flexi Cap Dir Gr	INF879O01027	Mahindra & Mahindra Ltd	Consumer Cyclical	4,747.77	3.54	0.00	Dec24	3.56
Parag Parikh Flexi Cap Dir Gr	INF879O01027	Mahindra & Mahindra Ltd	Consumer Cyclical	4,747.77	3.54	0.00	Jan25	5.32
Parag Parikh Flexi Cap Dir Gr	INF879O01027	Mahindra & Mahindra Ltd	Consumer Cyclical	4,747.77	3.54	0.00	Feb25	5.59
Parag Parikh Flexi Cap Dir Gr	INF879O01027	Mahindra & Mahindra Ltd	Consumer Cyclical	4,747.77	3.54	0.00	Mar25	15.51
Parag Parikh Flexi Cap Dir Gr	INF879O01027	Mahindra & Mahindra Ltd	Consumer Cyclical	4,747.77	3.54	0.00	Mar25	15.51
Parag Parikh Flexi Cap Dir Gr	INF879O01027	Mahindra & Mahindra Ltd	Consumer Cyclical	4,747.77	3.54	0.00	Apr25	12.51
Parag Parikh Flexi Cap Dir Gr	INF879O01027	Mahindra & Mahindra Ltd	Consumer Cyclical	4,747.77	3.54	0.00	May25	11.15
Parag Parikh Flexi Cap Dir Gr	INF879O01027	Mahindra & Mahindra Ltd	Consumer Cyclical	4,747.77	3.54	0.00	June25	10.18
Parag Parikh Flexi Cap Dir Gr	INF879O01027	Mahindra & Mahindra Ltd	Consumer Cyclical	4,747.77	3.54	0.00	July25	9.19
Parag Parikh Flexi Cap Dir Gr	INF879O01027	Mahindra & Mahindra Ltd	Consumer Cyclical	4,747.77	3.54	0.00	Aug25	8.13
Parag Parikh Flexi Cap Dir Gr	INF879O01027	Axis Bank Ltd	Financial Services	4,600.76	3.43	0.00	Oct24	5.55
Parag Parikh Flexi Cap Dir Gr	INF879O01027	Axis Bank Ltd	Financial Services	4,600.76	3.43	0.00	Nov24	7.52
Parag Parikh Flexi Cap Dir Gr	INF879O01027	Axis Bank Ltd	Financial Services	4,600.76	3.43	0.00	Dec24	3.56
Parag Parikh Flexi Cap Dir Gr	INF879O01027	Axis Bank Ltd	Financial Services	4,600.76	3.43	0.00	Jan25	5.32
Parag Parikh Flexi Cap Dir Gr	INF879O01027	Axis Bank Ltd	Financial Services	4,600.76	3.43	0.00	Feb25	5.59
Parag Parikh Flexi Cap Dir Gr	INF879O01027	Axis Bank Ltd	Financial Services	4,600.76	3.43	0.00	Mar25	15.51
Parag Parikh Flexi Cap Dir Gr	INF879O01027	Axis Bank Ltd	Financial Services	4,600.76	3.43	0.00	Mar25	15.51
Parag Parikh Flexi Cap Dir Gr	INF879O01027	Axis Bank Ltd	Financial Services	4,600.76	3.43	0.00	Apr25	12.51
Parag Parikh Flexi Cap Dir Gr	INF879O01027	Axis Bank Ltd	Financial Services	4,600.76	3.43	0.00	May25	11.15
Parag Parikh Flexi Cap Dir Gr	INF879O01027	Axis Bank Ltd	Financial Services	4,600.76	3.43	0.00	June25	10.18
Parag Parikh Flexi Cap Dir Gr	INF879O01027	Axis Bank Ltd	Financial Services	4,600.76	3.43	0.00	July25	9.19
Parag Parikh Flexi Cap Dir Gr	INF879O01027	Axis Bank Ltd	Financial Services	4,600.76	3.43	0.00	Aug25	8.13
Parag Parikh Flexi Cap Dir Gr	INF879O01027	Maruti Suzuki India Ltd	Consumer Cyclical	4,250.65	3.17	2.90	Oct24	5.55
Parag Parikh Flexi Cap Dir Gr	INF879O01027	Maruti Suzuki India Ltd	Consumer Cyclical	4,250.65	3.17	2.90	Nov24	7.52
Parag Parikh Flexi Cap Dir Gr	INF879O01027	Maruti Suzuki India Ltd	Consumer Cyclical	4,250.65	3.17	2.90	Dec24	3.56
Parag Parikh Flexi Cap Dir Gr	INF879O01027	Maruti Suzuki India Ltd	Consumer Cyclical	4,250.65	3.17	2.90	Jan25	5.32
Parag Parikh Flexi Cap Dir Gr	INF879O01027	Maruti Suzuki India Ltd	Consumer Cyclical	4,250.65	3.17	2.90	Feb25	5.59
Parag Parikh Flexi Cap Dir Gr	INF879O01027	Maruti Suzuki India Ltd	Consumer Cyclical	4,250.65	3.17	2.90	Mar25	15.51
Parag Parikh Flexi Cap Dir Gr	INF879O01027	Maruti Suzuki India Ltd	Consumer Cyclical	4,250.65	3.17	2.90	Mar25	15.51
Parag Parikh Flexi Cap Dir Gr	INF879O01027	Maruti Suzuki India Ltd	Consumer Cyclical	4,250.65	3.17	2.90	Apr25	12.51
Parag Parikh Flexi Cap Dir Gr	INF879O01027	Maruti Suzuki India Ltd	Consumer Cyclical	4,250.65	3.17	2.90	May25	11.15
Parag Parikh Flexi Cap Dir Gr	INF879O01027	Maruti Suzuki India Ltd	Consumer Cyclical	4,250.65	3.17	2.90	June25	10.18
Parag Parikh Flexi Cap Dir Gr	INF879O01027	Maruti Suzuki India Ltd	Consumer Cyclical	4,250.65	3.17	2.90	July25	9.19
Parag Parikh Flexi Cap Dir Gr	INF879O01027	Maruti Suzuki India Ltd	Consumer Cyclical	4,250.65	3.17	2.90	Aug25	8.13
Parag Parikh Flexi Cap Dir Gr	INF879O01027	Bharti Airtel Ltd	Communication Services	3,977.92	2.96	0.95	Oct24	5.55
Parag Parikh Flexi Cap Dir Gr	INF879O01027	Bharti Airtel Ltd	Communication Services	3,977.92	2.96	0.95	Nov24	7.52
Parag Parikh Flexi Cap Dir Gr	INF879O01027	Bharti Airtel Ltd	Communication Services	3,977.92	2.96	0.95	Dec24	3.56
Parag Parikh Flexi Cap Dir Gr	INF879O01027	Bharti Airtel Ltd	Communication Services	3,977.92	2.96	0.95	Jan25	5.32
Parag Parikh Flexi Cap Dir Gr	INF879O01027	Bharti Airtel Ltd	Communication Services	3,977.92	2.96	0.95	Feb25	5.59
Parag Parikh Flexi Cap Dir Gr	INF879O01027	Bharti Airtel Ltd	Communication Services	3,977.92	2.96	0.95	Mar25	15.51
Parag Parikh Flexi Cap Dir Gr	INF879O01027	Bharti Airtel Ltd	Communication Services	3,977.92	2.96	0.95	Mar25	15.51
Parag Parikh Flexi Cap Dir Gr	INF879O01027	Bharti Airtel Ltd	Communication Services	3,977.92	2.96	0.95	Apr25	12.51
Parag Parikh Flexi Cap Dir Gr	INF879O01027	Bharti Airtel Ltd	Communication Services	3,977.92	2.96	0.95	May25	11.15
Parag Parikh Flexi Cap Dir Gr	INF879O01027	Bharti Airtel Ltd	Communication Services	3,977.92	2.96	0.95	June25	10.18
Parag Parikh Flexi Cap Dir Gr	INF879O01027	Bharti Airtel Ltd	Communication Services	3,977.92	2.96	0.95	July25	9.19
Parag Parikh Flexi Cap Dir Gr	INF879O01027	Bharti Airtel Ltd	Communication Services	3,977.92	2.96	0.95	Aug25	8.13
Parag Parikh Flexi Cap Dir Gr	INF879O01027	HCL Technologies Ltd	Technology	3,857.76	2.87	18.38	Oct24	5.55
Parag Parikh Flexi Cap Dir Gr	INF879O01027	HCL Technologies Ltd	Technology	3,857.76	2.87	18.38	Nov24	7.52
Parag Parikh Flexi Cap Dir Gr	INF879O01027	HCL Technologies Ltd	Technology	3,857.76	2.87	18.38	Dec24	3.56
Parag Parikh Flexi Cap Dir Gr	INF879O01027	HCL Technologies Ltd	Technology	3,857.76	2.87	18.38	Jan25	5.32
Parag Parikh Flexi Cap Dir Gr	INF879O01027	HCL Technologies Ltd	Technology	3,857.76	2.87	18.38	Feb25	5.59
Parag Parikh Flexi Cap Dir Gr	INF879O01027	HCL Technologies Ltd	Technology	3,857.76	2.87	18.38	Mar25	15.51
Parag Parikh Flexi Cap Dir Gr	INF879O01027	HCL Technologies Ltd	Technology	3,857.76	2.87	18.38	Mar25	15.51
Parag Parikh Flexi Cap Dir Gr	INF879O01027	HCL Technologies Ltd	Technology	3,857.76	2.87	18.38	Apr25	12.51
Parag Parikh Flexi Cap Dir Gr	INF879O01027	HCL Technologies Ltd	Technology	3,857.76	2.87	18.38	May25	11.15
Parag Parikh Flexi Cap Dir Gr	INF879O01027	HCL Technologies Ltd	Technology	3,857.76	2.87	18.38	June25	10.18
Parag Parikh Flexi Cap Dir Gr	INF879O01027	HCL Technologies Ltd	Technology	3,857.76	2.87	18.38	July25	9.19
Parag Parikh Flexi Cap Dir Gr	INF879O01027	HCL Technologies Ltd	Technology	3,857.76	2.87	18.38	Aug25	8.13
Parag Parikh Flexi Cap Dir Gr	INF879O01027	Meta Platforms Inc Class A	Communication Services	3,485.27	2.60	0.00	Oct24	5.55
Parag Parikh Flexi Cap Dir Gr	INF879O01027	Meta Platforms Inc Class A	Communication Services	3,485.27	2.60	0.00	Nov24	7.52
Parag Parikh Flexi Cap Dir Gr	INF879O01027	Meta Platforms Inc Class A	Communication Services	3,485.27	2.60	0.00	Dec24	3.56
Parag Parikh Flexi Cap Dir Gr	INF879O01027	Meta Platforms Inc Class A	Communication Services	3,485.27	2.60	0.00	Jan25	5.32
Parag Parikh Flexi Cap Dir Gr	INF879O01027	Meta Platforms Inc Class A	Communication Services	3,485.27	2.60	0.00	Feb25	5.59
Parag Parikh Flexi Cap Dir Gr	INF879O01027	Meta Platforms Inc Class A	Communication Services	3,485.27	2.60	0.00	Mar25	15.51
Parag Parikh Flexi Cap Dir Gr	INF879O01027	Meta Platforms Inc Class A	Communication Services	3,485.27	2.60	0.00	Mar25	15.51
Parag Parikh Flexi Cap Dir Gr	INF879O01027	Meta Platforms Inc Class A	Communication Services	3,485.27	2.60	0.00	Apr25	12.51
Parag Parikh Flexi Cap Dir Gr	INF879O01027	Meta Platforms Inc Class A	Communication Services	3,485.27	2.60	0.00	May25	11.15
Parag Parikh Flexi Cap Dir Gr	INF879O01027	Meta Platforms Inc Class A	Communication Services	3,485.27	2.60	0.00	June25	10.18
Parag Parikh Flexi Cap Dir Gr	INF879O01027	Meta Platforms Inc Class A	Communication Services	3,485.27	2.60	0.00	July25	9.19
Parag Parikh Flexi Cap Dir Gr	INF879O01027	Meta Platforms Inc Class A	Communication Services	3,485.27	2.60	0.00	Aug25	8.13
Parag Parikh Flexi Cap Dir Gr	INF879O01027	Embassy Office Parks REIT	Real Estate	3,214.60	2.39	291.51	Oct24	5.55
Parag Parikh Flexi Cap Dir Gr	INF879O01027	Embassy Office Parks REIT	Real Estate	3,214.60	2.39	291.51	Nov24	7.52
Parag Parikh Flexi Cap Dir Gr	INF879O01027	Embassy Office Parks REIT	Real Estate	3,214.60	2.39	291.51	Dec24	3.56
Parag Parikh Flexi Cap Dir Gr	INF879O01027	Embassy Office Parks REIT	Real Estate	3,214.60	2.39	291.51	Jan25	5.32
Parag Parikh Flexi Cap Dir Gr	INF879O01027	Embassy Office Parks REIT	Real Estate	3,214.60	2.39	291.51	Feb25	5.59
Parag Parikh Flexi Cap Dir Gr	INF879O01027	Embassy Office Parks REIT	Real Estate	3,214.60	2.39	291.51	Mar25	15.51
Parag Parikh Flexi Cap Dir Gr	INF879O01027	Embassy Office Parks REIT	Real Estate	3,214.60	2.39	291.51	Mar25	15.51
Parag Parikh Flexi Cap Dir Gr	INF879O01027	Embassy Office Parks REIT	Real Estate	3,214.60	2.39	291.51	Apr25	12.51
Parag Parikh Flexi Cap Dir Gr	INF879O01027	Embassy Office Parks REIT	Real Estate	3,214.60	2.39	291.51	May25	11.15
Parag Parikh Flexi Cap Dir Gr	INF879O01027	Embassy Office Parks REIT	Real Estate	3,214.60	2.39	291.51	June25	10.18
Parag Parikh Flexi Cap Dir Gr	INF879O01027	Embassy Office Parks REIT	Real Estate	3,214.60	2.39	291.51	July25	9.19
Parag Parikh Flexi Cap Dir Gr	INF879O01027	Embassy Office Parks REIT	Real Estate	3,214.60	2.39	291.51	Aug25	8.13
Parag Parikh Flexi Cap Dir Gr	INF879O01027	Tata Consultancy Services Ltd	Technology	2,737.11	2.04	22.59	Oct24	5.55
Parag Parikh Flexi Cap Dir Gr	INF879O01027	Tata Consultancy Services Ltd	Technology	2,737.11	2.04	22.59	Nov24	7.52
Parag Parikh Flexi Cap Dir Gr	INF879O01027	Tata Consultancy Services Ltd	Technology	2,737.11	2.04	22.59	Dec24	3.56
Parag Parikh Flexi Cap Dir Gr	INF879O01027	Tata Consultancy Services Ltd	Technology	2,737.11	2.04	22.59	Jan25	5.32
Parag Parikh Flexi Cap Dir Gr	INF879O01027	Tata Consultancy Services Ltd	Technology	2,737.11	2.04	22.59	Feb25	5.59
Parag Parikh Flexi Cap Dir Gr	INF879O01027	Tata Consultancy Services Ltd	Technology	2,737.11	2.04	22.59	Mar25	15.51
Parag Parikh Flexi Cap Dir Gr	INF879O01027	Tata Consultancy Services Ltd	Technology	2,737.11	2.04	22.59	Mar25	15.51
Parag Parikh Flexi Cap Dir Gr	INF879O01027	Tata Consultancy Services Ltd	Technology	2,737.11	2.04	22.59	Apr25	12.51
Parag Parikh Flexi Cap Dir Gr	INF879O01027	Tata Consultancy Services Ltd	Technology	2,737.11	2.04	22.59	May25	11.15
Parag Parikh Flexi Cap Dir Gr	INF879O01027	Tata Consultancy Services Ltd	Technology	2,737.11	2.04	22.59	June25	10.18
Parag Parikh Flexi Cap Dir Gr	INF879O01027	Tata Consultancy Services Ltd	Technology	2,737.11	2.04	22.59	July25	9.19
Parag Parikh Flexi Cap Dir Gr	INF879O01027	Tata Consultancy Services Ltd	Technology	2,737.11	2.04	22.59	Aug25	8.13
Parag Parikh Flexi Cap Dir Gr	INF879O01027	Infosys Ltd	Technology	2,690.39	2.00	25.34	Oct24	5.55
Parag Parikh Flexi Cap Dir Gr	INF879O01027	Infosys Ltd	Technology	2,690.39	2.00	25.34	Nov24	7.52
Parag Parikh Flexi Cap Dir Gr	INF879O01027	Infosys Ltd	Technology	2,690.39	2.00	25.34	Dec24	3.56
Parag Parikh Flexi Cap Dir Gr	INF879O01027	Infosys Ltd	Technology	2,690.39	2.00	25.34	Jan25	5.32
Parag Parikh Flexi Cap Dir Gr	INF879O01027	Infosys Ltd	Technology	2,690.39	2.00	25.34	Feb25	5.59
Parag Parikh Flexi Cap Dir Gr	INF879O01027	Infosys Ltd	Technology	2,690.39	2.00	25.34	Mar25	15.51
Parag Parikh Flexi Cap Dir Gr	INF879O01027	Infosys Ltd	Technology	2,690.39	2.00	25.34	Mar25	15.51
Parag Parikh Flexi Cap Dir Gr	INF879O01027	Infosys Ltd	Technology	2,690.39	2.00	25.34	Apr25	12.51
Parag Parikh Flexi Cap Dir Gr	INF879O01027	Infosys Ltd	Technology	2,690.39	2.00	25.34	May25	11.15
Parag Parikh Flexi Cap Dir Gr	INF879O01027	Infosys Ltd	Technology	2,690.39	2.00	25.34	June25	10.18
Parag Parikh Flexi Cap Dir Gr	INF879O01027	Infosys Ltd	Technology	2,690.39	2.00	25.34	July25	9.19
Parag Parikh Flexi Cap Dir Gr	INF879O01027	Infosys Ltd	Technology	2,690.39	2.00	25.34	Aug25	8.13
Parag Parikh Flexi Cap Dir Gr	INF879O01027	Amazon.com Inc	Consumer Cyclical	2,640.71	1.97	0.00	Oct24	5.55
Parag Parikh Flexi Cap Dir Gr	INF879O01027	Amazon.com Inc	Consumer Cyclical	2,640.71	1.97	0.00	Nov24	7.52
Parag Parikh Flexi Cap Dir Gr	INF879O01027	Amazon.com Inc	Consumer Cyclical	2,640.71	1.97	0.00	Dec24	3.56
Parag Parikh Flexi Cap Dir Gr	INF879O01027	Amazon.com Inc	Consumer Cyclical	2,640.71	1.97	0.00	Jan25	5.32
Parag Parikh Flexi Cap Dir Gr	INF879O01027	Amazon.com Inc	Consumer Cyclical	2,640.71	1.97	0.00	Feb25	5.59
Parag Parikh Flexi Cap Dir Gr	INF879O01027	Amazon.com Inc	Consumer Cyclical	2,640.71	1.97	0.00	Mar25	15.51
Parag Parikh Flexi Cap Dir Gr	INF879O01027	Amazon.com Inc	Consumer Cyclical	2,640.71	1.97	0.00	Mar25	15.51
Parag Parikh Flexi Cap Dir Gr	INF879O01027	Amazon.com Inc	Consumer Cyclical	2,640.71	1.97	0.00	Apr25	12.51
Parag Parikh Flexi Cap Dir Gr	INF879O01027	Amazon.com Inc	Consumer Cyclical	2,640.71	1.97	0.00	May25	11.15
Parag Parikh Flexi Cap Dir Gr	INF879O01027	Amazon.com Inc	Consumer Cyclical	2,640.71	1.97	0.00	June25	10.18
Parag Parikh Flexi Cap Dir Gr	INF879O01027	Amazon.com Inc	Consumer Cyclical	2,640.71	1.97	0.00	July25	9.19
Parag Parikh Flexi Cap Dir Gr	INF879O01027	Amazon.com Inc	Consumer Cyclical	2,640.71	1.97	0.00	Aug25	8.13
Parag Parikh Flexi Cap Dir Gr	INF879O01027	Microsoft Corp	Technology	2,618.98	1.95	0.00	Oct24	5.55
Parag Parikh Flexi Cap Dir Gr	INF879O01027	Microsoft Corp	Technology	2,618.98	1.95	0.00	Nov24	7.52
Parag Parikh Flexi Cap Dir Gr	INF879O01027	Microsoft Corp	Technology	2,618.98	1.95	0.00	Dec24	3.56
Parag Parikh Flexi Cap Dir Gr	INF879O01027	Microsoft Corp	Technology	2,618.98	1.95	0.00	Jan25	5.32
Parag Parikh Flexi Cap Dir Gr	INF879O01027	Microsoft Corp	Technology	2,618.98	1.95	0.00	Feb25	5.59
Parag Parikh Flexi Cap Dir Gr	INF879O01027	Microsoft Corp	Technology	2,618.98	1.95	0.00	Mar25	15.51
Parag Parikh Flexi Cap Dir Gr	INF879O01027	Microsoft Corp	Technology	2,618.98	1.95	0.00	Mar25	15.51
Parag Parikh Flexi Cap Dir Gr	INF879O01027	Microsoft Corp	Technology	2,618.98	1.95	0.00	Apr25	12.51
Parag Parikh Flexi Cap Dir Gr	INF879O01027	Microsoft Corp	Technology	2,618.98	1.95	0.00	May25	11.15
Parag Parikh Flexi Cap Dir Gr	INF879O01027	Microsoft Corp	Technology	2,618.98	1.95	0.00	June25	10.18
Parag Parikh Flexi Cap Dir Gr	INF879O01027	Microsoft Corp	Technology	2,618.98	1.95	0.00	July25	9.19
Parag Parikh Flexi Cap Dir Gr	INF879O01027	Microsoft Corp	Technology	2,618.98	1.95	0.00	Aug25	8.13
Parag Parikh Flexi Cap Dir Gr	INF879O01027	Cash Offset For Derivatives		2,575.68	1.92	-24.00	Oct24	5.55
Parag Parikh Flexi Cap Dir Gr	INF879O01027	Cash Offset For Derivatives		2,575.68	1.92	-24.00	Nov24	7.52
Parag Parikh Flexi Cap Dir Gr	INF879O01027	Cash Offset For Derivatives		2,575.68	1.92	-24.00	Dec24	3.56
Parag Parikh Flexi Cap Dir Gr	INF879O01027	Cash Offset For Derivatives		2,575.68	1.92	-24.00	Jan25	5.32
Parag Parikh Flexi Cap Dir Gr	INF879O01027	Cash Offset For Derivatives		2,575.68	1.92	-24.00	Feb25	5.59
Parag Parikh Flexi Cap Dir Gr	INF879O01027	Cash Offset For Derivatives		2,575.68	1.92	-24.00	Mar25	15.51
Parag Parikh Flexi Cap Dir Gr	INF879O01027	Cash Offset For Derivatives		2,575.68	1.92	-24.00	Mar25	15.51
Parag Parikh Flexi Cap Dir Gr	INF879O01027	Cash Offset For Derivatives		2,575.68	1.92	-24.00	Apr25	12.51
Parag Parikh Flexi Cap Dir Gr	INF879O01027	Cash Offset For Derivatives		2,575.68	1.92	-24.00	May25	11.15
Parag Parikh Flexi Cap Dir Gr	INF879O01027	Cash Offset For Derivatives		2,575.68	1.92	-24.00	June25	10.18
Parag Parikh Flexi Cap Dir Gr	INF879O01027	Cash Offset For Derivatives		2,575.68	1.92	-24.00	July25	9.19
Parag Parikh Flexi Cap Dir Gr	INF879O01027	Cash Offset For Derivatives		2,575.68	1.92	-24.00	Aug25	8.13
Parag Parikh Flexi Cap Dir Gr	INF879O01027	Dr Reddy's Laboratories Ltd	Healthcare	1,771.22	1.32	-2.22	Oct24	5.55
Parag Parikh Flexi Cap Dir Gr	INF879O01027	Dr Reddy's Laboratories Ltd	Healthcare	1,771.22	1.32	-2.22	Nov24	7.52
Parag Parikh Flexi Cap Dir Gr	INF879O01027	Dr Reddy's Laboratories Ltd	Healthcare	1,771.22	1.32	-2.22	Dec24	3.56
Parag Parikh Flexi Cap Dir Gr	INF879O01027	Dr Reddy's Laboratories Ltd	Healthcare	1,771.22	1.32	-2.22	Jan25	5.32
Parag Parikh Flexi Cap Dir Gr	INF879O01027	Dr Reddy's Laboratories Ltd	Healthcare	1,771.22	1.32	-2.22	Feb25	5.59
Parag Parikh Flexi Cap Dir Gr	INF879O01027	Dr Reddy's Laboratories Ltd	Healthcare	1,771.22	1.32	-2.22	Mar25	15.51
Parag Parikh Flexi Cap Dir Gr	INF879O01027	Dr Reddy's Laboratories Ltd	Healthcare	1,771.22	1.32	-2.22	Mar25	15.51
Parag Parikh Flexi Cap Dir Gr	INF879O01027	Dr Reddy's Laboratories Ltd	Healthcare	1,771.22	1.32	-2.22	Apr25	12.51
Parag Parikh Flexi Cap Dir Gr	INF879O01027	Dr Reddy's Laboratories Ltd	Healthcare	1,771.22	1.32	-2.22	May25	11.15
Parag Parikh Flexi Cap Dir Gr	INF879O01027	Dr Reddy's Laboratories Ltd	Healthcare	1,771.22	1.32	-2.22	June25	10.18
Parag Parikh Flexi Cap Dir Gr	INF879O01027	Dr Reddy's Laboratories Ltd	Healthcare	1,771.22	1.32	-2.22	July25	9.19
Parag Parikh Flexi Cap Dir Gr	INF879O01027	Dr Reddy's Laboratories Ltd	Healthcare	1,771.22	1.32	-2.22	Aug25	8.13
Parag Parikh Flexi Cap Dir Gr	INF879O01027	Zydus Lifesciences Ltd	Healthcare	1,737.74	1.29	0.55	Oct24	5.55
Parag Parikh Flexi Cap Dir Gr	INF879O01027	Zydus Lifesciences Ltd	Healthcare	1,737.74	1.29	0.55	Nov24	7.52
Parag Parikh Flexi Cap Dir Gr	INF879O01027	Zydus Lifesciences Ltd	Healthcare	1,737.74	1.29	0.55	Dec24	3.56
Parag Parikh Flexi Cap Dir Gr	INF879O01027	Zydus Lifesciences Ltd	Healthcare	1,737.74	1.29	0.55	Jan25	5.32
Parag Parikh Flexi Cap Dir Gr	INF879O01027	Zydus Lifesciences Ltd	Healthcare	1,737.74	1.29	0.55	Feb25	5.59
Parag Parikh Flexi Cap Dir Gr	INF879O01027	Zydus Lifesciences Ltd	Healthcare	1,737.74	1.29	0.55	Mar25	15.51
Parag Parikh Flexi Cap Dir Gr	INF879O01027	Zydus Lifesciences Ltd	Healthcare	1,737.74	1.29	0.55	Mar25	15.51
Parag Parikh Flexi Cap Dir Gr	INF879O01027	Zydus Lifesciences Ltd	Healthcare	1,737.74	1.29	0.55	Apr25	12.51
Parag Parikh Flexi Cap Dir Gr	INF879O01027	Zydus Lifesciences Ltd	Healthcare	1,737.74	1.29	0.55	May25	11.15
Parag Parikh Flexi Cap Dir Gr	INF879O01027	Zydus Lifesciences Ltd	Healthcare	1,737.74	1.29	0.55	June25	10.18
Parag Parikh Flexi Cap Dir Gr	INF879O01027	Zydus Lifesciences Ltd	Healthcare	1,737.74	1.29	0.55	July25	9.19
Parag Parikh Flexi Cap Dir Gr	INF879O01027	Zydus Lifesciences Ltd	Healthcare	1,737.74	1.29	0.55	Aug25	8.13
Parag Parikh Flexi Cap Dir Gr	INF879O01027	Cipla Ltd	Healthcare	1,736.66	1.29	2.04	Oct24	5.55
Parag Parikh Flexi Cap Dir Gr	INF879O01027	Cipla Ltd	Healthcare	1,736.66	1.29	2.04	Nov24	7.52
Parag Parikh Flexi Cap Dir Gr	INF879O01027	Cipla Ltd	Healthcare	1,736.66	1.29	2.04	Dec24	3.56
Parag Parikh Flexi Cap Dir Gr	INF879O01027	Cipla Ltd	Healthcare	1,736.66	1.29	2.04	Jan25	5.32
Parag Parikh Flexi Cap Dir Gr	INF879O01027	Cipla Ltd	Healthcare	1,736.66	1.29	2.04	Feb25	5.59
Parag Parikh Flexi Cap Dir Gr	INF879O01027	Cipla Ltd	Healthcare	1,736.66	1.29	2.04	Mar25	15.51
Parag Parikh Flexi Cap Dir Gr	INF879O01027	Cipla Ltd	Healthcare	1,736.66	1.29	2.04	Mar25	15.51
Parag Parikh Flexi Cap Dir Gr	INF879O01027	Cipla Ltd	Healthcare	1,736.66	1.29	2.04	Apr25	12.51
Parag Parikh Flexi Cap Dir Gr	INF879O01027	Cipla Ltd	Healthcare	1,736.66	1.29	2.04	May25	11.15
Parag Parikh Flexi Cap Dir Gr	INF879O01027	Cipla Ltd	Healthcare	1,736.66	1.29	2.04	June25	10.18
Parag Parikh Flexi Cap Dir Gr	INF879O01027	Cipla Ltd	Healthcare	1,736.66	1.29	2.04	July25	9.19
Parag Parikh Flexi Cap Dir Gr	INF879O01027	Cipla Ltd	Healthcare	1,736.66	1.29	2.04	Aug25	8.13
Parag Parikh Flexi Cap Dir Gr	INF879O01027	Canara Bank		1,682.97	1.25	6.06	Oct24	5.55
Parag Parikh Flexi Cap Dir Gr	INF879O01027	Canara Bank		1,682.97	1.25	6.06	Nov24	7.52
Parag Parikh Flexi Cap Dir Gr	INF879O01027	Canara Bank		1,682.97	1.25	6.06	Dec24	3.56
Parag Parikh Flexi Cap Dir Gr	INF879O01027	Canara Bank		1,682.97	1.25	6.06	Jan25	5.32
Parag Parikh Flexi Cap Dir Gr	INF879O01027	Canara Bank		1,682.97	1.25	6.06	Feb25	5.59
Parag Parikh Flexi Cap Dir Gr	INF879O01027	Canara Bank		1,682.97	1.25	6.06	Mar25	15.51
Parag Parikh Flexi Cap Dir Gr	INF879O01027	Canara Bank		1,682.97	1.25	6.06	Mar25	15.51
Parag Parikh Flexi Cap Dir Gr	INF879O01027	Canara Bank		1,682.97	1.25	6.06	Apr25	12.51
Parag Parikh Flexi Cap Dir Gr	INF879O01027	Canara Bank		1,682.97	1.25	6.06	May25	11.15
Parag Parikh Flexi Cap Dir Gr	INF879O01027	Canara Bank		1,682.97	1.25	6.06	June25	10.18
Parag Parikh Flexi Cap Dir Gr	INF879O01027	Canara Bank		1,682.97	1.25	6.06	July25	9.19
Parag Parikh Flexi Cap Dir Gr	INF879O01027	Canara Bank		1,682.97	1.25	6.06	Aug25	8.13
Parag Parikh Flexi Cap Dir Gr	INF879O01027	Indian Bank		1,622.36	1.21	1.52	Oct24	5.55
Parag Parikh Flexi Cap Dir Gr	INF879O01027	Indian Bank		1,622.36	1.21	1.52	Nov24	7.52
Parag Parikh Flexi Cap Dir Gr	INF879O01027	Indian Bank		1,622.36	1.21	1.52	Dec24	3.56
Parag Parikh Flexi Cap Dir Gr	INF879O01027	Indian Bank		1,622.36	1.21	1.52	Jan25	5.32
Parag Parikh Flexi Cap Dir Gr	INF879O01027	Indian Bank		1,622.36	1.21	1.52	Feb25	5.59
Parag Parikh Flexi Cap Dir Gr	INF879O01027	Indian Bank		1,622.36	1.21	1.52	Mar25	15.51
Parag Parikh Flexi Cap Dir Gr	INF879O01027	Indian Bank		1,622.36	1.21	1.52	Mar25	15.51
Parag Parikh Flexi Cap Dir Gr	INF879O01027	Indian Bank		1,622.36	1.21	1.52	Apr25	12.51
Parag Parikh Flexi Cap Dir Gr	INF879O01027	Indian Bank		1,622.36	1.21	1.52	May25	11.15
Parag Parikh Flexi Cap Dir Gr	INF879O01027	Indian Bank		1,622.36	1.21	1.52	June25	10.18
Parag Parikh Flexi Cap Dir Gr	INF879O01027	Indian Bank		1,622.36	1.21	1.52	July25	9.19
Parag Parikh Flexi Cap Dir Gr	INF879O01027	Indian Bank		1,622.36	1.21	1.52	Aug25	8.13
Parag Parikh Flexi Cap Dir Gr	INF879O01027	Axis Bank Limited		1,602.05	1.19	1.54	Oct24	5.55
Parag Parikh Flexi Cap Dir Gr	INF879O01027	Axis Bank Limited		1,602.05	1.19	1.54	Nov24	7.52
Parag Parikh Flexi Cap Dir Gr	INF879O01027	Axis Bank Limited		1,602.05	1.19	1.54	Dec24	3.56
Parag Parikh Flexi Cap Dir Gr	INF879O01027	Axis Bank Limited		1,602.05	1.19	1.54	Jan25	5.32
Parag Parikh Flexi Cap Dir Gr	INF879O01027	Axis Bank Limited		1,602.05	1.19	1.54	Feb25	5.59
Parag Parikh Flexi Cap Dir Gr	INF879O01027	Axis Bank Limited		1,602.05	1.19	1.54	Mar25	15.51
Parag Parikh Flexi Cap Dir Gr	INF879O01027	Axis Bank Limited		1,602.05	1.19	1.54	Mar25	15.51
Parag Parikh Flexi Cap Dir Gr	INF879O01027	Axis Bank Limited		1,602.05	1.19	1.54	Apr25	12.51
Parag Parikh Flexi Cap Dir Gr	INF879O01027	Axis Bank Limited		1,602.05	1.19	1.54	May25	11.15
Parag Parikh Flexi Cap Dir Gr	INF879O01027	Axis Bank Limited		1,602.05	1.19	1.54	June25	10.18
Parag Parikh Flexi Cap Dir Gr	INF879O01027	Axis Bank Limited		1,602.05	1.19	1.54	July25	9.19
Parag Parikh Flexi Cap Dir Gr	INF879O01027	Axis Bank Limited		1,602.05	1.19	1.54	Aug25	8.13
Parag Parikh Flexi Cap Dir Gr	INF879O01027	Brookfield India Real Estate Trust	Real Estate	1,482.42	1.10	58.78	Oct24	5.55
Parag Parikh Flexi Cap Dir Gr	INF879O01027	Brookfield India Real Estate Trust	Real Estate	1,482.42	1.10	58.78	Nov24	7.52
Parag Parikh Flexi Cap Dir Gr	INF879O01027	Brookfield India Real Estate Trust	Real Estate	1,482.42	1.10	58.78	Dec24	3.56
Parag Parikh Flexi Cap Dir Gr	INF879O01027	Brookfield India Real Estate Trust	Real Estate	1,482.42	1.10	58.78	Jan25	5.32
Parag Parikh Flexi Cap Dir Gr	INF879O01027	Brookfield India Real Estate Trust	Real Estate	1,482.42	1.10	58.78	Feb25	5.59
Parag Parikh Flexi Cap Dir Gr	INF879O01027	Brookfield India Real Estate Trust	Real Estate	1,482.42	1.10	58.78	Mar25	15.51
Parag Parikh Flexi Cap Dir Gr	INF879O01027	Brookfield India Real Estate Trust	Real Estate	1,482.42	1.10	58.78	Mar25	15.51
Parag Parikh Flexi Cap Dir Gr	INF879O01027	Brookfield India Real Estate Trust	Real Estate	1,482.42	1.10	58.78	Apr25	12.51
Parag Parikh Flexi Cap Dir Gr	INF879O01027	Brookfield India Real Estate Trust	Real Estate	1,482.42	1.10	58.78	May25	11.15
Parag Parikh Flexi Cap Dir Gr	INF879O01027	Brookfield India Real Estate Trust	Real Estate	1,482.42	1.10	58.78	June25	10.18
Parag Parikh Flexi Cap Dir Gr	INF879O01027	Brookfield India Real Estate Trust	Real Estate	1,482.42	1.10	58.78	July25	9.19
Parag Parikh Flexi Cap Dir Gr	INF879O01027	Brookfield India Real Estate Trust	Real Estate	1,482.42	1.10	58.78	Aug25	8.13
Parag Parikh Flexi Cap Dir Gr	INF879O01027	HDFC Bank Limited		1,382.00	1.03	0.00	Oct24	5.55
Parag Parikh Flexi Cap Dir Gr	INF879O01027	HDFC Bank Limited		1,382.00	1.03	0.00	Nov24	7.52
Parag Parikh Flexi Cap Dir Gr	INF879O01027	HDFC Bank Limited		1,382.00	1.03	0.00	Dec24	3.56
Parag Parikh Flexi Cap Dir Gr	INF879O01027	HDFC Bank Limited		1,382.00	1.03	0.00	Jan25	5.32
Parag Parikh Flexi Cap Dir Gr	INF879O01027	HDFC Bank Limited		1,382.00	1.03	0.00	Feb25	5.59
Parag Parikh Flexi Cap Dir Gr	INF879O01027	HDFC Bank Limited		1,382.00	1.03	0.00	Mar25	15.51
Parag Parikh Flexi Cap Dir Gr	INF879O01027	HDFC Bank Limited		1,382.00	1.03	0.00	Mar25	15.51
Parag Parikh Flexi Cap Dir Gr	INF879O01027	HDFC Bank Limited		1,382.00	1.03	0.00	Apr25	12.51
Parag Parikh Flexi Cap Dir Gr	INF879O01027	HDFC Bank Limited		1,382.00	1.03	0.00	May25	11.15
Parag Parikh Flexi Cap Dir Gr	INF879O01027	HDFC Bank Limited		1,382.00	1.03	0.00	June25	10.18
Parag Parikh Flexi Cap Dir Gr	INF879O01027	HDFC Bank Limited		1,382.00	1.03	0.00	July25	9.19
Parag Parikh Flexi Cap Dir Gr	INF879O01027	HDFC Bank Limited		1,382.00	1.03	0.00	Aug25	8.13
Parag Parikh Flexi Cap Dir Gr	INF879O01027	Indian Energy Exchange Ltd	Financial Services	1,014.61	0.76	0.00	Oct24	5.55
Parag Parikh Flexi Cap Dir Gr	INF879O01027	Indian Energy Exchange Ltd	Financial Services	1,014.61	0.76	0.00	Nov24	7.52
Parag Parikh Flexi Cap Dir Gr	INF879O01027	Indian Energy Exchange Ltd	Financial Services	1,014.61	0.76	0.00	Dec24	3.56
Parag Parikh Flexi Cap Dir Gr	INF879O01027	Indian Energy Exchange Ltd	Financial Services	1,014.61	0.76	0.00	Jan25	5.32
Parag Parikh Flexi Cap Dir Gr	INF879O01027	Indian Energy Exchange Ltd	Financial Services	1,014.61	0.76	0.00	Feb25	5.59
Parag Parikh Flexi Cap Dir Gr	INF879O01027	Indian Energy Exchange Ltd	Financial Services	1,014.61	0.76	0.00	Mar25	15.51
Parag Parikh Flexi Cap Dir Gr	INF879O01027	Indian Energy Exchange Ltd	Financial Services	1,014.61	0.76	0.00	Mar25	15.51
Parag Parikh Flexi Cap Dir Gr	INF879O01027	Indian Energy Exchange Ltd	Financial Services	1,014.61	0.76	0.00	Apr25	12.51
Parag Parikh Flexi Cap Dir Gr	INF879O01027	Indian Energy Exchange Ltd	Financial Services	1,014.61	0.76	0.00	May25	11.15
Parag Parikh Flexi Cap Dir Gr	INF879O01027	Indian Energy Exchange Ltd	Financial Services	1,014.61	0.76	0.00	June25	10.18
Parag Parikh Flexi Cap Dir Gr	INF879O01027	Indian Energy Exchange Ltd	Financial Services	1,014.61	0.76	0.00	July25	9.19
Parag Parikh Flexi Cap Dir Gr	INF879O01027	Indian Energy Exchange Ltd	Financial Services	1,014.61	0.76	0.00	Aug25	8.13
Parag Parikh Flexi Cap Dir Gr	INF879O01027	Union Bank Of India		994.81	0.74	17.14	Oct24	5.55
Parag Parikh Flexi Cap Dir Gr	INF879O01027	Union Bank Of India		994.81	0.74	17.14	Nov24	7.52
Parag Parikh Flexi Cap Dir Gr	INF879O01027	Union Bank Of India		994.81	0.74	17.14	Dec24	3.56
Parag Parikh Flexi Cap Dir Gr	INF879O01027	Union Bank Of India		994.81	0.74	17.14	Jan25	5.32
Parag Parikh Flexi Cap Dir Gr	INF879O01027	Union Bank Of India		994.81	0.74	17.14	Feb25	5.59
Parag Parikh Flexi Cap Dir Gr	INF879O01027	Union Bank Of India		994.81	0.74	17.14	Mar25	15.51
Parag Parikh Flexi Cap Dir Gr	INF879O01027	Union Bank Of India		994.81	0.74	17.14	Mar25	15.51
Parag Parikh Flexi Cap Dir Gr	INF879O01027	Union Bank Of India		994.81	0.74	17.14	Apr25	12.51
Parag Parikh Flexi Cap Dir Gr	INF879O01027	Union Bank Of India		994.81	0.74	17.14	May25	11.15
Parag Parikh Flexi Cap Dir Gr	INF879O01027	Union Bank Of India		994.81	0.74	17.14	June25	10.18
Parag Parikh Flexi Cap Dir Gr	INF879O01027	Union Bank Of India		994.81	0.74	17.14	July25	9.19
Parag Parikh Flexi Cap Dir Gr	INF879O01027	Union Bank Of India		994.81	0.74	17.14	Aug25	8.13
Parag Parikh Flexi Cap Dir Gr	INF879O01027	National Bank For Agriculture And Rural Development		934.14	0.70	0.00	Oct24	5.55
Parag Parikh Flexi Cap Dir Gr	INF879O01027	National Bank For Agriculture And Rural Development		934.14	0.70	0.00	Nov24	7.52
Parag Parikh Flexi Cap Dir Gr	INF879O01027	National Bank For Agriculture And Rural Development		934.14	0.70	0.00	Dec24	3.56
Parag Parikh Flexi Cap Dir Gr	INF879O01027	National Bank For Agriculture And Rural Development		934.14	0.70	0.00	Jan25	5.32
Parag Parikh Flexi Cap Dir Gr	INF879O01027	National Bank For Agriculture And Rural Development		934.14	0.70	0.00	Feb25	5.59
Parag Parikh Flexi Cap Dir Gr	INF879O01027	National Bank For Agriculture And Rural Development		934.14	0.70	0.00	Mar25	15.51
Parag Parikh Flexi Cap Dir Gr	INF879O01027	National Bank For Agriculture And Rural Development		934.14	0.70	0.00	Mar25	15.51
Parag Parikh Flexi Cap Dir Gr	INF879O01027	National Bank For Agriculture And Rural Development		934.14	0.70	0.00	Apr25	12.51
Parag Parikh Flexi Cap Dir Gr	INF879O01027	National Bank For Agriculture And Rural Development		934.14	0.70	0.00	May25	11.15
Parag Parikh Flexi Cap Dir Gr	INF879O01027	National Bank For Agriculture And Rural Development		934.14	0.70	0.00	June25	10.18
Parag Parikh Flexi Cap Dir Gr	INF879O01027	National Bank For Agriculture And Rural Development		934.14	0.70	0.00	July25	9.19
Parag Parikh Flexi Cap Dir Gr	INF879O01027	National Bank For Agriculture And Rural Development		934.14	0.70	0.00	Aug25	8.13
Parag Parikh Flexi Cap Dir Gr	INF879O01027	Reliance Industries Limited March 2026 Future		-925.13	0.69		Oct24	5.55
Parag Parikh Flexi Cap Dir Gr	INF879O01027	Reliance Industries Limited March 2026 Future		-925.13	0.69		Nov24	7.52
Parag Parikh Flexi Cap Dir Gr	INF879O01027	Reliance Industries Limited March 2026 Future		-925.13	0.69		Dec24	3.56
Parag Parikh Flexi Cap Dir Gr	INF879O01027	Reliance Industries Limited March 2026 Future		-925.13	0.69		Jan25	5.32
Parag Parikh Flexi Cap Dir Gr	INF879O01027	Reliance Industries Limited March 2026 Future		-925.13	0.69		Feb25	5.59
Parag Parikh Flexi Cap Dir Gr	INF879O01027	Reliance Industries Limited March 2026 Future		-925.13	0.69		Mar25	15.51
Parag Parikh Flexi Cap Dir Gr	INF879O01027	Reliance Industries Limited March 2026 Future		-925.13	0.69		Mar25	15.51
Parag Parikh Flexi Cap Dir Gr	INF879O01027	Reliance Industries Limited March 2026 Future		-925.13	0.69		Apr25	12.51
Parag Parikh Flexi Cap Dir Gr	INF879O01027	Reliance Industries Limited March 2026 Future		-925.13	0.69		May25	11.15
Parag Parikh Flexi Cap Dir Gr	INF879O01027	Reliance Industries Limited March 2026 Future		-925.13	0.69		June25	10.18
Parag Parikh Flexi Cap Dir Gr	INF879O01027	Reliance Industries Limited March 2026 Future		-925.13	0.69		July25	9.19
Parag Parikh Flexi Cap Dir Gr	INF879O01027	Reliance Industries Limited March 2026 Future		-925.13	0.69		Aug25	8.13
Parag Parikh Flexi Cap Dir Gr	INF879O01027	Reliance Industries Ltd	Energy	920.18	0.69	0.00	Oct24	5.55
Parag Parikh Flexi Cap Dir Gr	INF879O01027	Reliance Industries Ltd	Energy	920.18	0.69	0.00	Nov24	7.52
Parag Parikh Flexi Cap Dir Gr	INF879O01027	Reliance Industries Ltd	Energy	920.18	0.69	0.00	Dec24	3.56
Parag Parikh Flexi Cap Dir Gr	INF879O01027	Reliance Industries Ltd	Energy	920.18	0.69	0.00	Jan25	5.32
Parag Parikh Flexi Cap Dir Gr	INF879O01027	Reliance Industries Ltd	Energy	920.18	0.69	0.00	Feb25	5.59
Parag Parikh Flexi Cap Dir Gr	INF879O01027	Reliance Industries Ltd	Energy	920.18	0.69	0.00	Mar25	15.51
Parag Parikh Flexi Cap Dir Gr	INF879O01027	Reliance Industries Ltd	Energy	920.18	0.69	0.00	Mar25	15.51
Parag Parikh Flexi Cap Dir Gr	INF879O01027	Reliance Industries Ltd	Energy	920.18	0.69	0.00	Apr25	12.51
Parag Parikh Flexi Cap Dir Gr	INF879O01027	Reliance Industries Ltd	Energy	920.18	0.69	0.00	May25	11.15
Parag Parikh Flexi Cap Dir Gr	INF879O01027	Reliance Industries Ltd	Energy	920.18	0.69	0.00	June25	10.18
Parag Parikh Flexi Cap Dir Gr	INF879O01027	Reliance Industries Ltd	Energy	920.18	0.69	0.00	July25	9.19
Parag Parikh Flexi Cap Dir Gr	INF879O01027	Reliance Industries Ltd	Energy	920.18	0.69	0.00	Aug25	8.13
Parag Parikh Flexi Cap Dir Gr	INF879O01027	Punjab National Bank		895.57	0.67	-7.50	Oct24	5.55
Parag Parikh Flexi Cap Dir Gr	INF879O01027	Punjab National Bank		895.57	0.67	-7.50	Nov24	7.52
Parag Parikh Flexi Cap Dir Gr	INF879O01027	Punjab National Bank		895.57	0.67	-7.50	Dec24	3.56
Parag Parikh Flexi Cap Dir Gr	INF879O01027	Punjab National Bank		895.57	0.67	-7.50	Jan25	5.32
Parag Parikh Flexi Cap Dir Gr	INF879O01027	Punjab National Bank		895.57	0.67	-7.50	Feb25	5.59
Parag Parikh Flexi Cap Dir Gr	INF879O01027	Punjab National Bank		895.57	0.67	-7.50	Mar25	15.51
Parag Parikh Flexi Cap Dir Gr	INF879O01027	Punjab National Bank		895.57	0.67	-7.50	Mar25	15.51
Parag Parikh Flexi Cap Dir Gr	INF879O01027	Punjab National Bank		895.57	0.67	-7.50	Apr25	12.51
Parag Parikh Flexi Cap Dir Gr	INF879O01027	Punjab National Bank		895.57	0.67	-7.50	May25	11.15
Parag Parikh Flexi Cap Dir Gr	INF879O01027	Punjab National Bank		895.57	0.67	-7.50	June25	10.18
Parag Parikh Flexi Cap Dir Gr	INF879O01027	Punjab National Bank		895.57	0.67	-7.50	July25	9.19
Parag Parikh Flexi Cap Dir Gr	INF879O01027	Punjab National Bank		895.57	0.67	-7.50	Aug25	8.13
Parag Parikh Flexi Cap Dir Gr	INF879O01027	Zydus Wellness Ltd	Consumer Defensive	849.67	0.63	0.34	Oct24	5.55
Parag Parikh Flexi Cap Dir Gr	INF879O01027	Zydus Wellness Ltd	Consumer Defensive	849.67	0.63	0.34	Nov24	7.52
Parag Parikh Flexi Cap Dir Gr	INF879O01027	Zydus Wellness Ltd	Consumer Defensive	849.67	0.63	0.34	Dec24	3.56
Parag Parikh Flexi Cap Dir Gr	INF879O01027	Zydus Wellness Ltd	Consumer Defensive	849.67	0.63	0.34	Jan25	5.32
Parag Parikh Flexi Cap Dir Gr	INF879O01027	Zydus Wellness Ltd	Consumer Defensive	849.67	0.63	0.34	Feb25	5.59
Parag Parikh Flexi Cap Dir Gr	INF879O01027	Zydus Wellness Ltd	Consumer Defensive	849.67	0.63	0.34	Mar25	15.51
Parag Parikh Flexi Cap Dir Gr	INF879O01027	Zydus Wellness Ltd	Consumer Defensive	849.67	0.63	0.34	Mar25	15.51
Parag Parikh Flexi Cap Dir Gr	INF879O01027	Zydus Wellness Ltd	Consumer Defensive	849.67	0.63	0.34	Apr25	12.51
Parag Parikh Flexi Cap Dir Gr	INF879O01027	Zydus Wellness Ltd	Consumer Defensive	849.67	0.63	0.34	May25	11.15
Parag Parikh Flexi Cap Dir Gr	INF879O01027	Zydus Wellness Ltd	Consumer Defensive	849.67	0.63	0.34	June25	10.18
Parag Parikh Flexi Cap Dir Gr	INF879O01027	Zydus Wellness Ltd	Consumer Defensive	849.67	0.63	0.34	July25	9.19
Parag Parikh Flexi Cap Dir Gr	INF879O01027	Zydus Wellness Ltd	Consumer Defensive	849.67	0.63	0.34	Aug25	8.13
Parag Parikh Flexi Cap Dir Gr	INF879O01027	Bajaj Finance Limited		785.95	0.59	0.00	Oct24	5.55
Parag Parikh Flexi Cap Dir Gr	INF879O01027	Bajaj Finance Limited		785.95	0.59	0.00	Nov24	7.52
Parag Parikh Flexi Cap Dir Gr	INF879O01027	Bajaj Finance Limited		785.95	0.59	0.00	Dec24	3.56
Parag Parikh Flexi Cap Dir Gr	INF879O01027	Bajaj Finance Limited		785.95	0.59	0.00	Jan25	5.32
Parag Parikh Flexi Cap Dir Gr	INF879O01027	Bajaj Finance Limited		785.95	0.59	0.00	Feb25	5.59
Parag Parikh Flexi Cap Dir Gr	INF879O01027	Bajaj Finance Limited		785.95	0.59	0.00	Mar25	15.51
Parag Parikh Flexi Cap Dir Gr	INF879O01027	Bajaj Finance Limited		785.95	0.59	0.00	Mar25	15.51
Parag Parikh Flexi Cap Dir Gr	INF879O01027	Bajaj Finance Limited		785.95	0.59	0.00	Apr25	12.51
Parag Parikh Flexi Cap Dir Gr	INF879O01027	Bajaj Finance Limited		785.95	0.59	0.00	May25	11.15
Parag Parikh Flexi Cap Dir Gr	INF879O01027	Bajaj Finance Limited		785.95	0.59	0.00	June25	10.18
Parag Parikh Flexi Cap Dir Gr	INF879O01027	Bajaj Finance Limited		785.95	0.59	0.00	July25	9.19
Parag Parikh Flexi Cap Dir Gr	INF879O01027	Bajaj Finance Limited		785.95	0.59	0.00	Aug25	8.13
Parag Parikh Flexi Cap Dir Gr	INF879O01027	Parag Parikh Liquid Dir Gr		767.02	0.57	27.47	Oct24	5.55
Parag Parikh Flexi Cap Dir Gr	INF879O01027	Parag Parikh Liquid Dir Gr		767.02	0.57	27.47	Nov24	7.52
Parag Parikh Flexi Cap Dir Gr	INF879O01027	Parag Parikh Liquid Dir Gr		767.02	0.57	27.47	Dec24	3.56
Parag Parikh Flexi Cap Dir Gr	INF879O01027	Parag Parikh Liquid Dir Gr		767.02	0.57	27.47	Jan25	5.32
Parag Parikh Flexi Cap Dir Gr	INF879O01027	Parag Parikh Liquid Dir Gr		767.02	0.57	27.47	Feb25	5.59
Parag Parikh Flexi Cap Dir Gr	INF879O01027	Parag Parikh Liquid Dir Gr		767.02	0.57	27.47	Mar25	15.51
Parag Parikh Flexi Cap Dir Gr	INF879O01027	Parag Parikh Liquid Dir Gr		767.02	0.57	27.47	Mar25	15.51
Parag Parikh Flexi Cap Dir Gr	INF879O01027	Parag Parikh Liquid Dir Gr		767.02	0.57	27.47	Apr25	12.51
Parag Parikh Flexi Cap Dir Gr	INF879O01027	Parag Parikh Liquid Dir Gr		767.02	0.57	27.47	May25	11.15
Parag Parikh Flexi Cap Dir Gr	INF879O01027	Parag Parikh Liquid Dir Gr		767.02	0.57	27.47	June25	10.18
Parag Parikh Flexi Cap Dir Gr	INF879O01027	Parag Parikh Liquid Dir Gr		767.02	0.57	27.47	July25	9.19
Parag Parikh Flexi Cap Dir Gr	INF879O01027	Parag Parikh Liquid Dir Gr		767.02	0.57	27.47	Aug25	8.13
Parag Parikh Flexi Cap Dir Gr	INF879O01027	Balkrishna Industries Ltd	Consumer Cyclical	692.78	0.52	-30.63	Oct24	5.55
Parag Parikh Flexi Cap Dir Gr	INF879O01027	Balkrishna Industries Ltd	Consumer Cyclical	692.78	0.52	-30.63	Nov24	7.52
Parag Parikh Flexi Cap Dir Gr	INF879O01027	Balkrishna Industries Ltd	Consumer Cyclical	692.78	0.52	-30.63	Dec24	3.56
Parag Parikh Flexi Cap Dir Gr	INF879O01027	Balkrishna Industries Ltd	Consumer Cyclical	692.78	0.52	-30.63	Jan25	5.32
Parag Parikh Flexi Cap Dir Gr	INF879O01027	Balkrishna Industries Ltd	Consumer Cyclical	692.78	0.52	-30.63	Feb25	5.59
Parag Parikh Flexi Cap Dir Gr	INF879O01027	Balkrishna Industries Ltd	Consumer Cyclical	692.78	0.52	-30.63	Mar25	15.51
Parag Parikh Flexi Cap Dir Gr	INF879O01027	Balkrishna Industries Ltd	Consumer Cyclical	692.78	0.52	-30.63	Mar25	15.51
Parag Parikh Flexi Cap Dir Gr	INF879O01027	Balkrishna Industries Ltd	Consumer Cyclical	692.78	0.52	-30.63	Apr25	12.51
Parag Parikh Flexi Cap Dir Gr	INF879O01027	Balkrishna Industries Ltd	Consumer Cyclical	692.78	0.52	-30.63	May25	11.15
Parag Parikh Flexi Cap Dir Gr	INF879O01027	Balkrishna Industries Ltd	Consumer Cyclical	692.78	0.52	-30.63	June25	10.18
Parag Parikh Flexi Cap Dir Gr	INF879O01027	Balkrishna Industries Ltd	Consumer Cyclical	692.78	0.52	-30.63	July25	9.19
Parag Parikh Flexi Cap Dir Gr	INF879O01027	Balkrishna Industries Ltd	Consumer Cyclical	692.78	0.52	-30.63	Aug25	8.13
Parag Parikh Flexi Cap Dir Gr	INF879O01027	Kotak Mahindra Bank Limited (24/09/2026)		673.38	0.50	0.00	Oct24	5.55
Parag Parikh Flexi Cap Dir Gr	INF879O01027	Kotak Mahindra Bank Limited (24/09/2026)		673.38	0.50	0.00	Nov24	7.52
Parag Parikh Flexi Cap Dir Gr	INF879O01027	Kotak Mahindra Bank Limited (24/09/2026)		673.38	0.50	0.00	Dec24	3.56
Parag Parikh Flexi Cap Dir Gr	INF879O01027	Kotak Mahindra Bank Limited (24/09/2026)		673.38	0.50	0.00	Jan25	5.32
Parag Parikh Flexi Cap Dir Gr	INF879O01027	Kotak Mahindra Bank Limited (24/09/2026)		673.38	0.50	0.00	Feb25	5.59
Parag Parikh Flexi Cap Dir Gr	INF879O01027	Kotak Mahindra Bank Limited (24/09/2026)		673.38	0.50	0.00	Mar25	15.51
Parag Parikh Flexi Cap Dir Gr	INF879O01027	Kotak Mahindra Bank Limited (24/09/2026)		673.38	0.50	0.00	Mar25	15.51
Parag Parikh Flexi Cap Dir Gr	INF879O01027	Kotak Mahindra Bank Limited (24/09/2026)		673.38	0.50	0.00	Apr25	12.51
Parag Parikh Flexi Cap Dir Gr	INF879O01027	Kotak Mahindra Bank Limited (24/09/2026)		673.38	0.50	0.00	May25	11.15
Parag Parikh Flexi Cap Dir Gr	INF879O01027	Kotak Mahindra Bank Limited (24/09/2026)		673.38	0.50	0.00	June25	10.18
Parag Parikh Flexi Cap Dir Gr	INF879O01027	Kotak Mahindra Bank Limited (24/09/2026)		673.38	0.50	0.00	July25	9.19
Parag Parikh Flexi Cap Dir Gr	INF879O01027	Kotak Mahindra Bank Limited (24/09/2026)		673.38	0.50	0.00	Aug25	8.13
Parag Parikh Flexi Cap Dir Gr	INF879O01027	State Bank Of India		647.44	0.48	8.33	Oct24	5.55
Parag Parikh Flexi Cap Dir Gr	INF879O01027	State Bank Of India		647.44	0.48	8.33	Nov24	7.52
Parag Parikh Flexi Cap Dir Gr	INF879O01027	State Bank Of India		647.44	0.48	8.33	Dec24	3.56
Parag Parikh Flexi Cap Dir Gr	INF879O01027	State Bank Of India		647.44	0.48	8.33	Jan25	5.32
Parag Parikh Flexi Cap Dir Gr	INF879O01027	State Bank Of India		647.44	0.48	8.33	Feb25	5.59
Parag Parikh Flexi Cap Dir Gr	INF879O01027	State Bank Of India		647.44	0.48	8.33	Mar25	15.51
Parag Parikh Flexi Cap Dir Gr	INF879O01027	State Bank Of India		647.44	0.48	8.33	Mar25	15.51
Parag Parikh Flexi Cap Dir Gr	INF879O01027	State Bank Of India		647.44	0.48	8.33	Apr25	12.51
Parag Parikh Flexi Cap Dir Gr	INF879O01027	State Bank Of India		647.44	0.48	8.33	May25	11.15
Parag Parikh Flexi Cap Dir Gr	INF879O01027	State Bank Of India		647.44	0.48	8.33	June25	10.18
Parag Parikh Flexi Cap Dir Gr	INF879O01027	State Bank Of India		647.44	0.48	8.33	July25	9.19
Parag Parikh Flexi Cap Dir Gr	INF879O01027	State Bank Of India		647.44	0.48	8.33	Aug25	8.13
Parag Parikh Flexi Cap Dir Gr	INF879O01027	Union Bank of India		641.27	0.48	-13.33	Oct24	5.55
Parag Parikh Flexi Cap Dir Gr	INF879O01027	Union Bank of India		641.27	0.48	-13.33	Nov24	7.52
Parag Parikh Flexi Cap Dir Gr	INF879O01027	Union Bank of India		641.27	0.48	-13.33	Dec24	3.56
Parag Parikh Flexi Cap Dir Gr	INF879O01027	Union Bank of India		641.27	0.48	-13.33	Jan25	5.32
Parag Parikh Flexi Cap Dir Gr	INF879O01027	Union Bank of India		641.27	0.48	-13.33	Feb25	5.59
Parag Parikh Flexi Cap Dir Gr	INF879O01027	Union Bank of India		641.27	0.48	-13.33	Mar25	15.51
Parag Parikh Flexi Cap Dir Gr	INF879O01027	Union Bank of India		641.27	0.48	-13.33	Mar25	15.51
Parag Parikh Flexi Cap Dir Gr	INF879O01027	Union Bank of India		641.27	0.48	-13.33	Apr25	12.51
Parag Parikh Flexi Cap Dir Gr	INF879O01027	Union Bank of India		641.27	0.48	-13.33	May25	11.15
Parag Parikh Flexi Cap Dir Gr	INF879O01027	Union Bank of India		641.27	0.48	-13.33	June25	10.18
Parag Parikh Flexi Cap Dir Gr	INF879O01027	Union Bank of India		641.27	0.48	-13.33	July25	9.19
Parag Parikh Flexi Cap Dir Gr	INF879O01027	Union Bank of India		641.27	0.48	-13.33	Aug25	8.13
Parag Parikh Flexi Cap Dir Gr	INF879O01027	E I D Parry India Ltd	Basic Materials	639.77	0.48	0.43	Oct24	5.55
Parag Parikh Flexi Cap Dir Gr	INF879O01027	E I D Parry India Ltd	Basic Materials	639.77	0.48	0.43	Nov24	7.52
Parag Parikh Flexi Cap Dir Gr	INF879O01027	E I D Parry India Ltd	Basic Materials	639.77	0.48	0.43	Dec24	3.56
Parag Parikh Flexi Cap Dir Gr	INF879O01027	E I D Parry India Ltd	Basic Materials	639.77	0.48	0.43	Jan25	5.32
Parag Parikh Flexi Cap Dir Gr	INF879O01027	E I D Parry India Ltd	Basic Materials	639.77	0.48	0.43	Feb25	5.59
Parag Parikh Flexi Cap Dir Gr	INF879O01027	E I D Parry India Ltd	Basic Materials	639.77	0.48	0.43	Mar25	15.51
Parag Parikh Flexi Cap Dir Gr	INF879O01027	E I D Parry India Ltd	Basic Materials	639.77	0.48	0.43	Mar25	15.51
Parag Parikh Flexi Cap Dir Gr	INF879O01027	E I D Parry India Ltd	Basic Materials	639.77	0.48	0.43	Apr25	12.51
Parag Parikh Flexi Cap Dir Gr	INF879O01027	E I D Parry India Ltd	Basic Materials	639.77	0.48	0.43	May25	11.15
Parag Parikh Flexi Cap Dir Gr	INF879O01027	E I D Parry India Ltd	Basic Materials	639.77	0.48	0.43	June25	10.18
Parag Parikh Flexi Cap Dir Gr	INF879O01027	E I D Parry India Ltd	Basic Materials	639.77	0.48	0.43	July25	9.19
Parag Parikh Flexi Cap Dir Gr	INF879O01027	E I D Parry India Ltd	Basic Materials	639.77	0.48	0.43	Aug25	8.13
Parag Parikh Flexi Cap Dir Gr	INF879O01027	Bank Of Baroda (16/09/2026)		626.17	0.47	0.00	Oct24	5.55
Parag Parikh Flexi Cap Dir Gr	INF879O01027	Bank Of Baroda (16/09/2026)		626.17	0.47	0.00	Nov24	7.52
Parag Parikh Flexi Cap Dir Gr	INF879O01027	Bank Of Baroda (16/09/2026)		626.17	0.47	0.00	Dec24	3.56
Parag Parikh Flexi Cap Dir Gr	INF879O01027	Bank Of Baroda (16/09/2026)		626.17	0.47	0.00	Jan25	5.32
Parag Parikh Flexi Cap Dir Gr	INF879O01027	Bank Of Baroda (16/09/2026)		626.17	0.47	0.00	Feb25	5.59
Parag Parikh Flexi Cap Dir Gr	INF879O01027	Bank Of Baroda (16/09/2026)		626.17	0.47	0.00	Mar25	15.51
Parag Parikh Flexi Cap Dir Gr	INF879O01027	Bank Of Baroda (16/09/2026)		626.17	0.47	0.00	Mar25	15.51
Parag Parikh Flexi Cap Dir Gr	INF879O01027	Bank Of Baroda (16/09/2026)		626.17	0.47	0.00	Apr25	12.51
Parag Parikh Flexi Cap Dir Gr	INF879O01027	Bank Of Baroda (16/09/2026)		626.17	0.47	0.00	May25	11.15
Parag Parikh Flexi Cap Dir Gr	INF879O01027	Bank Of Baroda (16/09/2026)		626.17	0.47	0.00	June25	10.18
Parag Parikh Flexi Cap Dir Gr	INF879O01027	Bank Of Baroda (16/09/2026)		626.17	0.47	0.00	July25	9.19
Parag Parikh Flexi Cap Dir Gr	INF879O01027	Bank Of Baroda (16/09/2026)		626.17	0.47	0.00	Aug25	8.13
Parag Parikh Flexi Cap Dir Gr	INF879O01027	Small Industries Development Bank Of India		615.25	0.46	0.00	Oct24	5.55
Parag Parikh Flexi Cap Dir Gr	INF879O01027	Small Industries Development Bank Of India		615.25	0.46	0.00	Nov24	7.52
Parag Parikh Flexi Cap Dir Gr	INF879O01027	Small Industries Development Bank Of India		615.25	0.46	0.00	Dec24	3.56
Parag Parikh Flexi Cap Dir Gr	INF879O01027	Small Industries Development Bank Of India		615.25	0.46	0.00	Jan25	5.32
Parag Parikh Flexi Cap Dir Gr	INF879O01027	Small Industries Development Bank Of India		615.25	0.46	0.00	Feb25	5.59
Parag Parikh Flexi Cap Dir Gr	INF879O01027	Small Industries Development Bank Of India		615.25	0.46	0.00	Mar25	15.51
Parag Parikh Flexi Cap Dir Gr	INF879O01027	Small Industries Development Bank Of India		615.25	0.46	0.00	Mar25	15.51
Parag Parikh Flexi Cap Dir Gr	INF879O01027	Small Industries Development Bank Of India		615.25	0.46	0.00	Apr25	12.51
Parag Parikh Flexi Cap Dir Gr	INF879O01027	Small Industries Development Bank Of India		615.25	0.46	0.00	May25	11.15
Parag Parikh Flexi Cap Dir Gr	INF879O01027	Small Industries Development Bank Of India		615.25	0.46	0.00	June25	10.18
Parag Parikh Flexi Cap Dir Gr	INF879O01027	Small Industries Development Bank Of India		615.25	0.46	0.00	July25	9.19
Parag Parikh Flexi Cap Dir Gr	INF879O01027	Small Industries Development Bank Of India		615.25	0.46	0.00	Aug25	8.13
Parag Parikh Flexi Cap Dir Gr	INF879O01027	Bank of Baroda		604.31	0.45	0.00	Oct24	5.55
Parag Parikh Flexi Cap Dir Gr	INF879O01027	Bank of Baroda		604.31	0.45	0.00	Nov24	7.52
Parag Parikh Flexi Cap Dir Gr	INF879O01027	Bank of Baroda		604.31	0.45	0.00	Dec24	3.56
Parag Parikh Flexi Cap Dir Gr	INF879O01027	Bank of Baroda		604.31	0.45	0.00	Jan25	5.32
Parag Parikh Flexi Cap Dir Gr	INF879O01027	Bank of Baroda		604.31	0.45	0.00	Feb25	5.59
Parag Parikh Flexi Cap Dir Gr	INF879O01027	Bank of Baroda		604.31	0.45	0.00	Mar25	15.51
Parag Parikh Flexi Cap Dir Gr	INF879O01027	Bank of Baroda		604.31	0.45	0.00	Mar25	15.51
Parag Parikh Flexi Cap Dir Gr	INF879O01027	Bank of Baroda		604.31	0.45	0.00	Apr25	12.51
Parag Parikh Flexi Cap Dir Gr	INF879O01027	Bank of Baroda		604.31	0.45	0.00	May25	11.15
Parag Parikh Flexi Cap Dir Gr	INF879O01027	Bank of Baroda		604.31	0.45	0.00	June25	10.18
Parag Parikh Flexi Cap Dir Gr	INF879O01027	Bank of Baroda		604.31	0.45	0.00	July25	9.19
Parag Parikh Flexi Cap Dir Gr	INF879O01027	Bank of Baroda		604.31	0.45	0.00	Aug25	8.13
Parag Parikh Flexi Cap Dir Gr	INF879O01027	Small Industries Development Bank of India		536.40	0.40		Oct24	5.55
Parag Parikh Flexi Cap Dir Gr	INF879O01027	Small Industries Development Bank of India		536.40	0.40		Nov24	7.52
Parag Parikh Flexi Cap Dir Gr	INF879O01027	Small Industries Development Bank of India		536.40	0.40		Dec24	3.56
Parag Parikh Flexi Cap Dir Gr	INF879O01027	Small Industries Development Bank of India		536.40	0.40		Jan25	5.32
Parag Parikh Flexi Cap Dir Gr	INF879O01027	Small Industries Development Bank of India		536.40	0.40		Feb25	5.59
Parag Parikh Flexi Cap Dir Gr	INF879O01027	Small Industries Development Bank of India		536.40	0.40		Mar25	15.51
Parag Parikh Flexi Cap Dir Gr	INF879O01027	Small Industries Development Bank of India		536.40	0.40		Mar25	15.51
Parag Parikh Flexi Cap Dir Gr	INF879O01027	Small Industries Development Bank of India		536.40	0.40		Apr25	12.51
Parag Parikh Flexi Cap Dir Gr	INF879O01027	Small Industries Development Bank of India		536.40	0.40		May25	11.15
Parag Parikh Flexi Cap Dir Gr	INF879O01027	Small Industries Development Bank of India		536.40	0.40		June25	10.18
Parag Parikh Flexi Cap Dir Gr	INF879O01027	Small Industries Development Bank of India		536.40	0.40		July25	9.19
Parag Parikh Flexi Cap Dir Gr	INF879O01027	Small Industries Development Bank of India		536.40	0.40		Aug25	8.13
Parag Parikh Flexi Cap Dir Gr	INF879O01027	National Bank For Agriculture And Rural Development (18/09/2026)		481.24	0.36	0.00	Oct24	5.55
Parag Parikh Flexi Cap Dir Gr	INF879O01027	National Bank For Agriculture And Rural Development (18/09/2026)		481.24	0.36	0.00	Nov24	7.52
Parag Parikh Flexi Cap Dir Gr	INF879O01027	National Bank For Agriculture And Rural Development (18/09/2026)		481.24	0.36	0.00	Dec24	3.56
Parag Parikh Flexi Cap Dir Gr	INF879O01027	National Bank For Agriculture And Rural Development (18/09/2026)		481.24	0.36	0.00	Jan25	5.32
Parag Parikh Flexi Cap Dir Gr	INF879O01027	National Bank For Agriculture And Rural Development (18/09/2026)		481.24	0.36	0.00	Feb25	5.59
Parag Parikh Flexi Cap Dir Gr	INF879O01027	National Bank For Agriculture And Rural Development (18/09/2026)		481.24	0.36	0.00	Mar25	15.51
Parag Parikh Flexi Cap Dir Gr	INF879O01027	National Bank For Agriculture And Rural Development (18/09/2026)		481.24	0.36	0.00	Mar25	15.51
Parag Parikh Flexi Cap Dir Gr	INF879O01027	National Bank For Agriculture And Rural Development (18/09/2026)		481.24	0.36	0.00	Apr25	12.51
Parag Parikh Flexi Cap Dir Gr	INF879O01027	National Bank For Agriculture And Rural Development (18/09/2026)		481.24	0.36	0.00	May25	11.15
Parag Parikh Flexi Cap Dir Gr	INF879O01027	National Bank For Agriculture And Rural Development (18/09/2026)		481.24	0.36	0.00	June25	10.18
Parag Parikh Flexi Cap Dir Gr	INF879O01027	National Bank For Agriculture And Rural Development (18/09/2026)		481.24	0.36	0.00	July25	9.19
Parag Parikh Flexi Cap Dir Gr	INF879O01027	National Bank For Agriculture And Rural Development (18/09/2026)		481.24	0.36	0.00	Aug25	8.13
Parag Parikh Flexi Cap Dir Gr	INF879O01027	Kotak Mahindra Bank Ltd.		473.79	0.35	0.00	Oct24	5.55
Parag Parikh Flexi Cap Dir Gr	INF879O01027	Kotak Mahindra Bank Ltd.		473.79	0.35	0.00	Nov24	7.52
Parag Parikh Flexi Cap Dir Gr	INF879O01027	Kotak Mahindra Bank Ltd.		473.79	0.35	0.00	Dec24	3.56
Parag Parikh Flexi Cap Dir Gr	INF879O01027	Kotak Mahindra Bank Ltd.		473.79	0.35	0.00	Jan25	5.32
Parag Parikh Flexi Cap Dir Gr	INF879O01027	Kotak Mahindra Bank Ltd.		473.79	0.35	0.00	Feb25	5.59
Parag Parikh Flexi Cap Dir Gr	INF879O01027	Kotak Mahindra Bank Ltd.		473.79	0.35	0.00	Mar25	15.51
Parag Parikh Flexi Cap Dir Gr	INF879O01027	Kotak Mahindra Bank Ltd.		473.79	0.35	0.00	Mar25	15.51
Parag Parikh Flexi Cap Dir Gr	INF879O01027	Kotak Mahindra Bank Ltd.		473.79	0.35	0.00	Apr25	12.51
Parag Parikh Flexi Cap Dir Gr	INF879O01027	Kotak Mahindra Bank Ltd.		473.79	0.35	0.00	May25	11.15
Parag Parikh Flexi Cap Dir Gr	INF879O01027	Kotak Mahindra Bank Ltd.		473.79	0.35	0.00	June25	10.18
Parag Parikh Flexi Cap Dir Gr	INF879O01027	Kotak Mahindra Bank Ltd.		473.79	0.35	0.00	July25	9.19
Parag Parikh Flexi Cap Dir Gr	INF879O01027	Kotak Mahindra Bank Ltd.		473.79	0.35	0.00	Aug25	8.13
Parag Parikh Flexi Cap Dir Gr	INF879O01027	Narayana Hrudayalaya Ltd	Healthcare	365.43	0.27	0.00	Oct24	5.55
Parag Parikh Flexi Cap Dir Gr	INF879O01027	Narayana Hrudayalaya Ltd	Healthcare	365.43	0.27	0.00	Nov24	7.52
Parag Parikh Flexi Cap Dir Gr	INF879O01027	Narayana Hrudayalaya Ltd	Healthcare	365.43	0.27	0.00	Dec24	3.56
Parag Parikh Flexi Cap Dir Gr	INF879O01027	Narayana Hrudayalaya Ltd	Healthcare	365.43	0.27	0.00	Jan25	5.32
Parag Parikh Flexi Cap Dir Gr	INF879O01027	Narayana Hrudayalaya Ltd	Healthcare	365.43	0.27	0.00	Feb25	5.59
Parag Parikh Flexi Cap Dir Gr	INF879O01027	Narayana Hrudayalaya Ltd	Healthcare	365.43	0.27	0.00	Mar25	15.51
Parag Parikh Flexi Cap Dir Gr	INF879O01027	Narayana Hrudayalaya Ltd	Healthcare	365.43	0.27	0.00	Mar25	15.51
Parag Parikh Flexi Cap Dir Gr	INF879O01027	Narayana Hrudayalaya Ltd	Healthcare	365.43	0.27	0.00	Apr25	12.51
Parag Parikh Flexi Cap Dir Gr	INF879O01027	Narayana Hrudayalaya Ltd	Healthcare	365.43	0.27	0.00	May25	11.15
Parag Parikh Flexi Cap Dir Gr	INF879O01027	Narayana Hrudayalaya Ltd	Healthcare	365.43	0.27	0.00	June25	10.18
Parag Parikh Flexi Cap Dir Gr	INF879O01027	Narayana Hrudayalaya Ltd	Healthcare	365.43	0.27	0.00	July25	9.19
Parag Parikh Flexi Cap Dir Gr	INF879O01027	Narayana Hrudayalaya Ltd	Healthcare	365.43	0.27	0.00	Aug25	8.13
Parag Parikh Flexi Cap Dir Gr	INF879O01027	15/10/2026 Maturing 364 DTB		338.54	0.25	0.00	Oct24	5.55
Parag Parikh Flexi Cap Dir Gr	INF879O01027	15/10/2026 Maturing 364 DTB		338.54	0.25	0.00	Nov24	7.52
Parag Parikh Flexi Cap Dir Gr	INF879O01027	15/10/2026 Maturing 364 DTB		338.54	0.25	0.00	Dec24	3.56
Parag Parikh Flexi Cap Dir Gr	INF879O01027	15/10/2026 Maturing 364 DTB		338.54	0.25	0.00	Jan25	5.32
Parag Parikh Flexi Cap Dir Gr	INF879O01027	15/10/2026 Maturing 364 DTB		338.54	0.25	0.00	Feb25	5.59
Parag Parikh Flexi Cap Dir Gr	INF879O01027	15/10/2026 Maturing 364 DTB		338.54	0.25	0.00	Mar25	15.51
Parag Parikh Flexi Cap Dir Gr	INF879O01027	15/10/2026 Maturing 364 DTB		338.54	0.25	0.00	Mar25	15.51
Parag Parikh Flexi Cap Dir Gr	INF879O01027	15/10/2026 Maturing 364 DTB		338.54	0.25	0.00	Apr25	12.51
Parag Parikh Flexi Cap Dir Gr	INF879O01027	15/10/2026 Maturing 364 DTB		338.54	0.25	0.00	May25	11.15
Parag Parikh Flexi Cap Dir Gr	INF879O01027	15/10/2026 Maturing 364 DTB		338.54	0.25	0.00	June25	10.18
Parag Parikh Flexi Cap Dir Gr	INF879O01027	15/10/2026 Maturing 364 DTB		338.54	0.25	0.00	July25	9.19
Parag Parikh Flexi Cap Dir Gr	INF879O01027	15/10/2026 Maturing 364 DTB		338.54	0.25	0.00	Aug25	8.13
Parag Parikh Flexi Cap Dir Gr	INF879O01027	HDFC Bank Ltd.		295.52	0.22	9.09	Oct24	5.55
Parag Parikh Flexi Cap Dir Gr	INF879O01027	HDFC Bank Ltd.		295.52	0.22	9.09	Nov24	7.52
Parag Parikh Flexi Cap Dir Gr	INF879O01027	HDFC Bank Ltd.		295.52	0.22	9.09	Dec24	3.56
Parag Parikh Flexi Cap Dir Gr	INF879O01027	HDFC Bank Ltd.		295.52	0.22	9.09	Jan25	5.32
Parag Parikh Flexi Cap Dir Gr	INF879O01027	HDFC Bank Ltd.		295.52	0.22	9.09	Feb25	5.59
Parag Parikh Flexi Cap Dir Gr	INF879O01027	HDFC Bank Ltd.		295.52	0.22	9.09	Mar25	15.51
Parag Parikh Flexi Cap Dir Gr	INF879O01027	HDFC Bank Ltd.		295.52	0.22	9.09	Mar25	15.51
Parag Parikh Flexi Cap Dir Gr	INF879O01027	HDFC Bank Ltd.		295.52	0.22	9.09	Apr25	12.51
Parag Parikh Flexi Cap Dir Gr	INF879O01027	HDFC Bank Ltd.		295.52	0.22	9.09	May25	11.15
Parag Parikh Flexi Cap Dir Gr	INF879O01027	HDFC Bank Ltd.		295.52	0.22	9.09	June25	10.18
Parag Parikh Flexi Cap Dir Gr	INF879O01027	HDFC Bank Ltd.		295.52	0.22	9.09	July25	9.19
Parag Parikh Flexi Cap Dir Gr	INF879O01027	HDFC Bank Ltd.		295.52	0.22	9.09	Aug25	8.13
Parag Parikh Flexi Cap Dir Gr	INF879O01027	Great Eastern Shipping Co Ltd	Industrials	295.27	0.22	0.00	Oct24	5.55
Parag Parikh Flexi Cap Dir Gr	INF879O01027	Great Eastern Shipping Co Ltd	Industrials	295.27	0.22	0.00	Nov24	7.52
Parag Parikh Flexi Cap Dir Gr	INF879O01027	Great Eastern Shipping Co Ltd	Industrials	295.27	0.22	0.00	Dec24	3.56
Parag Parikh Flexi Cap Dir Gr	INF879O01027	Great Eastern Shipping Co Ltd	Industrials	295.27	0.22	0.00	Jan25	5.32
Parag Parikh Flexi Cap Dir Gr	INF879O01027	Great Eastern Shipping Co Ltd	Industrials	295.27	0.22	0.00	Feb25	5.59
Parag Parikh Flexi Cap Dir Gr	INF879O01027	Great Eastern Shipping Co Ltd	Industrials	295.27	0.22	0.00	Mar25	15.51
Parag Parikh Flexi Cap Dir Gr	INF879O01027	Great Eastern Shipping Co Ltd	Industrials	295.27	0.22	0.00	Mar25	15.51
Parag Parikh Flexi Cap Dir Gr	INF879O01027	Great Eastern Shipping Co Ltd	Industrials	295.27	0.22	0.00	Apr25	12.51
Parag Parikh Flexi Cap Dir Gr	INF879O01027	Great Eastern Shipping Co Ltd	Industrials	295.27	0.22	0.00	May25	11.15
Parag Parikh Flexi Cap Dir Gr	INF879O01027	Great Eastern Shipping Co Ltd	Industrials	295.27	0.22	0.00	June25	10.18
Parag Parikh Flexi Cap Dir Gr	INF879O01027	Great Eastern Shipping Co Ltd	Industrials	295.27	0.22	0.00	July25	9.19
Parag Parikh Flexi Cap Dir Gr	INF879O01027	Great Eastern Shipping Co Ltd	Industrials	295.27	0.22	0.00	Aug25	8.13
Parag Parikh Flexi Cap Dir Gr	INF879O01027	Small Industries Dev Bank Of India (24/09/2026)		288.40	0.21	0.00	Oct24	5.55
Parag Parikh Flexi Cap Dir Gr	INF879O01027	Small Industries Dev Bank Of India (24/09/2026)		288.40	0.21	0.00	Nov24	7.52
Parag Parikh Flexi Cap Dir Gr	INF879O01027	Small Industries Dev Bank Of India (24/09/2026)		288.40	0.21	0.00	Dec24	3.56
Parag Parikh Flexi Cap Dir Gr	INF879O01027	Small Industries Dev Bank Of India (24/09/2026)		288.40	0.21	0.00	Jan25	5.32
Parag Parikh Flexi Cap Dir Gr	INF879O01027	Small Industries Dev Bank Of India (24/09/2026)		288.40	0.21	0.00	Feb25	5.59
Parag Parikh Flexi Cap Dir Gr	INF879O01027	Small Industries Dev Bank Of India (24/09/2026)		288.40	0.21	0.00	Mar25	15.51
Parag Parikh Flexi Cap Dir Gr	INF879O01027	Small Industries Dev Bank Of India (24/09/2026)		288.40	0.21	0.00	Mar25	15.51
Parag Parikh Flexi Cap Dir Gr	INF879O01027	Small Industries Dev Bank Of India (24/09/2026)		288.40	0.21	0.00	Apr25	12.51
Parag Parikh Flexi Cap Dir Gr	INF879O01027	Small Industries Dev Bank Of India (24/09/2026)		288.40	0.21	0.00	May25	11.15
Parag Parikh Flexi Cap Dir Gr	INF879O01027	Small Industries Dev Bank Of India (24/09/2026)		288.40	0.21	0.00	June25	10.18
Parag Parikh Flexi Cap Dir Gr	INF879O01027	Small Industries Dev Bank Of India (24/09/2026)		288.40	0.21	0.00	July25	9.19
Parag Parikh Flexi Cap Dir Gr	INF879O01027	Small Industries Dev Bank Of India (24/09/2026)		288.40	0.21	0.00	Aug25	8.13
Parag Parikh Flexi Cap Dir Gr	INF879O01027	Central Depository Services (India) Ltd	Financial Services	288.10	0.21	0.00	Oct24	5.55
Parag Parikh Flexi Cap Dir Gr	INF879O01027	Central Depository Services (India) Ltd	Financial Services	288.10	0.21	0.00	Nov24	7.52
Parag Parikh Flexi Cap Dir Gr	INF879O01027	Central Depository Services (India) Ltd	Financial Services	288.10	0.21	0.00	Dec24	3.56
Parag Parikh Flexi Cap Dir Gr	INF879O01027	Central Depository Services (India) Ltd	Financial Services	288.10	0.21	0.00	Jan25	5.32
Parag Parikh Flexi Cap Dir Gr	INF879O01027	Central Depository Services (India) Ltd	Financial Services	288.10	0.21	0.00	Feb25	5.59
Parag Parikh Flexi Cap Dir Gr	INF879O01027	Central Depository Services (India) Ltd	Financial Services	288.10	0.21	0.00	Mar25	15.51
Parag Parikh Flexi Cap Dir Gr	INF879O01027	Central Depository Services (India) Ltd	Financial Services	288.10	0.21	0.00	Mar25	15.51
Parag Parikh Flexi Cap Dir Gr	INF879O01027	Central Depository Services (India) Ltd	Financial Services	288.10	0.21	0.00	Apr25	12.51
Parag Parikh Flexi Cap Dir Gr	INF879O01027	Central Depository Services (India) Ltd	Financial Services	288.10	0.21	0.00	May25	11.15
Parag Parikh Flexi Cap Dir Gr	INF879O01027	Central Depository Services (India) Ltd	Financial Services	288.10	0.21	0.00	June25	10.18
Parag Parikh Flexi Cap Dir Gr	INF879O01027	Central Depository Services (India) Ltd	Financial Services	288.10	0.21	0.00	July25	9.19
Parag Parikh Flexi Cap Dir Gr	INF879O01027	Central Depository Services (India) Ltd	Financial Services	288.10	0.21	0.00	Aug25	8.13
Parag Parikh Flexi Cap Dir Gr	INF879O01027	Axis Bank Ltd		246.80	0.18	400.00	Oct24	5.55
Parag Parikh Flexi Cap Dir Gr	INF879O01027	Axis Bank Ltd		246.80	0.18	400.00	Nov24	7.52
Parag Parikh Flexi Cap Dir Gr	INF879O01027	Axis Bank Ltd		246.80	0.18	400.00	Dec24	3.56
Parag Parikh Flexi Cap Dir Gr	INF879O01027	Axis Bank Ltd		246.80	0.18	400.00	Jan25	5.32
Parag Parikh Flexi Cap Dir Gr	INF879O01027	Axis Bank Ltd		246.80	0.18	400.00	Feb25	5.59
Parag Parikh Flexi Cap Dir Gr	INF879O01027	Axis Bank Ltd		246.80	0.18	400.00	Mar25	15.51
Parag Parikh Flexi Cap Dir Gr	INF879O01027	Axis Bank Ltd		246.80	0.18	400.00	Mar25	15.51
Parag Parikh Flexi Cap Dir Gr	INF879O01027	Axis Bank Ltd		246.80	0.18	400.00	Apr25	12.51
Parag Parikh Flexi Cap Dir Gr	INF879O01027	Axis Bank Ltd		246.80	0.18	400.00	May25	11.15
Parag Parikh Flexi Cap Dir Gr	INF879O01027	Axis Bank Ltd		246.80	0.18	400.00	June25	10.18
Parag Parikh Flexi Cap Dir Gr	INF879O01027	Axis Bank Ltd		246.80	0.18	400.00	July25	9.19
Parag Parikh Flexi Cap Dir Gr	INF879O01027	Axis Bank Ltd		246.80	0.18	400.00	Aug25	8.13
Parag Parikh Flexi Cap Dir Gr	INF879O01027	Bank Of Baroda (16/10/2026)		239.51	0.18	0.00	Oct24	5.55
Parag Parikh Flexi Cap Dir Gr	INF879O01027	Bank Of Baroda (16/10/2026)		239.51	0.18	0.00	Nov24	7.52
Parag Parikh Flexi Cap Dir Gr	INF879O01027	Bank Of Baroda (16/10/2026)		239.51	0.18	0.00	Dec24	3.56
Parag Parikh Flexi Cap Dir Gr	INF879O01027	Bank Of Baroda (16/10/2026)		239.51	0.18	0.00	Jan25	5.32
Parag Parikh Flexi Cap Dir Gr	INF879O01027	Bank Of Baroda (16/10/2026)		239.51	0.18	0.00	Feb25	5.59
Parag Parikh Flexi Cap Dir Gr	INF879O01027	Bank Of Baroda (16/10/2026)		239.51	0.18	0.00	Mar25	15.51
Parag Parikh Flexi Cap Dir Gr	INF879O01027	Bank Of Baroda (16/10/2026)		239.51	0.18	0.00	Mar25	15.51
Parag Parikh Flexi Cap Dir Gr	INF879O01027	Bank Of Baroda (16/10/2026)		239.51	0.18	0.00	Apr25	12.51
Parag Parikh Flexi Cap Dir Gr	INF879O01027	Bank Of Baroda (16/10/2026)		239.51	0.18	0.00	May25	11.15
Parag Parikh Flexi Cap Dir Gr	INF879O01027	Bank Of Baroda (16/10/2026)		239.51	0.18	0.00	June25	10.18
Parag Parikh Flexi Cap Dir Gr	INF879O01027	Bank Of Baroda (16/10/2026)		239.51	0.18	0.00	July25	9.19
Parag Parikh Flexi Cap Dir Gr	INF879O01027	Bank Of Baroda (16/10/2026)		239.51	0.18	0.00	Aug25	8.13
Parag Parikh Flexi Cap Dir Gr	INF879O01027	Nabard		235.30	0.18	0.00	Oct24	5.55
Parag Parikh Flexi Cap Dir Gr	INF879O01027	Nabard		235.30	0.18	0.00	Nov24	7.52
Parag Parikh Flexi Cap Dir Gr	INF879O01027	Nabard		235.30	0.18	0.00	Dec24	3.56
Parag Parikh Flexi Cap Dir Gr	INF879O01027	Nabard		235.30	0.18	0.00	Jan25	5.32
Parag Parikh Flexi Cap Dir Gr	INF879O01027	Nabard		235.30	0.18	0.00	Feb25	5.59
Parag Parikh Flexi Cap Dir Gr	INF879O01027	Nabard		235.30	0.18	0.00	Mar25	15.51
Parag Parikh Flexi Cap Dir Gr	INF879O01027	Nabard		235.30	0.18	0.00	Mar25	15.51
Parag Parikh Flexi Cap Dir Gr	INF879O01027	Nabard		235.30	0.18	0.00	Apr25	12.51
Parag Parikh Flexi Cap Dir Gr	INF879O01027	Nabard		235.30	0.18	0.00	May25	11.15
Parag Parikh Flexi Cap Dir Gr	INF879O01027	Nabard		235.30	0.18	0.00	June25	10.18
Parag Parikh Flexi Cap Dir Gr	INF879O01027	Nabard		235.30	0.18	0.00	July25	9.19
Parag Parikh Flexi Cap Dir Gr	INF879O01027	Nabard		235.30	0.18	0.00	Aug25	8.13
Parag Parikh Flexi Cap Dir Gr	INF879O01027	Bajaj Finance Limited March 2026 Future		-199.67	0.15		Oct24	5.55
Parag Parikh Flexi Cap Dir Gr	INF879O01027	Bajaj Finance Limited March 2026 Future		-199.67	0.15		Nov24	7.52
Parag Parikh Flexi Cap Dir Gr	INF879O01027	Bajaj Finance Limited March 2026 Future		-199.67	0.15		Dec24	3.56
Parag Parikh Flexi Cap Dir Gr	INF879O01027	Bajaj Finance Limited March 2026 Future		-199.67	0.15		Jan25	5.32
Parag Parikh Flexi Cap Dir Gr	INF879O01027	Bajaj Finance Limited March 2026 Future		-199.67	0.15		Feb25	5.59
Parag Parikh Flexi Cap Dir Gr	INF879O01027	Bajaj Finance Limited March 2026 Future		-199.67	0.15		Mar25	15.51
Parag Parikh Flexi Cap Dir Gr	INF879O01027	Bajaj Finance Limited March 2026 Future		-199.67	0.15		Mar25	15.51
Parag Parikh Flexi Cap Dir Gr	INF879O01027	Bajaj Finance Limited March 2026 Future		-199.67	0.15		Apr25	12.51
Parag Parikh Flexi Cap Dir Gr	INF879O01027	Bajaj Finance Limited March 2026 Future		-199.67	0.15		May25	11.15
Parag Parikh Flexi Cap Dir Gr	INF879O01027	Bajaj Finance Limited March 2026 Future		-199.67	0.15		June25	10.18
Parag Parikh Flexi Cap Dir Gr	INF879O01027	Bajaj Finance Limited March 2026 Future		-199.67	0.15		July25	9.19
Parag Parikh Flexi Cap Dir Gr	INF879O01027	Bajaj Finance Limited March 2026 Future		-199.67	0.15		Aug25	8.13
Parag Parikh Flexi Cap Dir Gr	INF879O01027	Bajaj Finance Ltd	Financial Services	198.61	0.15	-52.42	Oct24	5.55
Parag Parikh Flexi Cap Dir Gr	INF879O01027	Bajaj Finance Ltd	Financial Services	198.61	0.15	-52.42	Nov24	7.52
Parag Parikh Flexi Cap Dir Gr	INF879O01027	Bajaj Finance Ltd	Financial Services	198.61	0.15	-52.42	Dec24	3.56
Parag Parikh Flexi Cap Dir Gr	INF879O01027	Bajaj Finance Ltd	Financial Services	198.61	0.15	-52.42	Jan25	5.32
Parag Parikh Flexi Cap Dir Gr	INF879O01027	Bajaj Finance Ltd	Financial Services	198.61	0.15	-52.42	Feb25	5.59
Parag Parikh Flexi Cap Dir Gr	INF879O01027	Bajaj Finance Ltd	Financial Services	198.61	0.15	-52.42	Mar25	15.51
Parag Parikh Flexi Cap Dir Gr	INF879O01027	Bajaj Finance Ltd	Financial Services	198.61	0.15	-52.42	Mar25	15.51
Parag Parikh Flexi Cap Dir Gr	INF879O01027	Bajaj Finance Ltd	Financial Services	198.61	0.15	-52.42	Apr25	12.51
Parag Parikh Flexi Cap Dir Gr	INF879O01027	Bajaj Finance Ltd	Financial Services	198.61	0.15	-52.42	May25	11.15
Parag Parikh Flexi Cap Dir Gr	INF879O01027	Bajaj Finance Ltd	Financial Services	198.61	0.15	-52.42	June25	10.18
Parag Parikh Flexi Cap Dir Gr	INF879O01027	Bajaj Finance Ltd	Financial Services	198.61	0.15	-52.42	July25	9.19
Parag Parikh Flexi Cap Dir Gr	INF879O01027	Bajaj Finance Ltd	Financial Services	198.61	0.15	-52.42	Aug25	8.13
Parag Parikh Flexi Cap Dir Gr	INF879O01027	Tbill		195.55	0.15	0.00	Oct24	5.55
Parag Parikh Flexi Cap Dir Gr	INF879O01027	Tbill		195.55	0.15	0.00	Nov24	7.52
Parag Parikh Flexi Cap Dir Gr	INF879O01027	Tbill		195.55	0.15	0.00	Dec24	3.56
Parag Parikh Flexi Cap Dir Gr	INF879O01027	Tbill		195.55	0.15	0.00	Jan25	5.32
Parag Parikh Flexi Cap Dir Gr	INF879O01027	Tbill		195.55	0.15	0.00	Feb25	5.59
Parag Parikh Flexi Cap Dir Gr	INF879O01027	Tbill		195.55	0.15	0.00	Mar25	15.51
Parag Parikh Flexi Cap Dir Gr	INF879O01027	Tbill		195.55	0.15	0.00	Mar25	15.51
Parag Parikh Flexi Cap Dir Gr	INF879O01027	Tbill		195.55	0.15	0.00	Apr25	12.51
Parag Parikh Flexi Cap Dir Gr	INF879O01027	Tbill		195.55	0.15	0.00	May25	11.15
Parag Parikh Flexi Cap Dir Gr	INF879O01027	Tbill		195.55	0.15	0.00	June25	10.18
Parag Parikh Flexi Cap Dir Gr	INF879O01027	Tbill		195.55	0.15	0.00	July25	9.19
Parag Parikh Flexi Cap Dir Gr	INF879O01027	Tbill		195.55	0.15	0.00	Aug25	8.13
Parag Parikh Flexi Cap Dir Gr	INF879O01027	Kotak Mahindra Bank Limited		188.83	0.14	-50.00	Oct24	5.55
Parag Parikh Flexi Cap Dir Gr	INF879O01027	Kotak Mahindra Bank Limited		188.83	0.14	-50.00	Nov24	7.52
Parag Parikh Flexi Cap Dir Gr	INF879O01027	Kotak Mahindra Bank Limited		188.83	0.14	-50.00	Dec24	3.56
Parag Parikh Flexi Cap Dir Gr	INF879O01027	Kotak Mahindra Bank Limited		188.83	0.14	-50.00	Jan25	5.32
Parag Parikh Flexi Cap Dir Gr	INF879O01027	Kotak Mahindra Bank Limited		188.83	0.14	-50.00	Feb25	5.59
Parag Parikh Flexi Cap Dir Gr	INF879O01027	Kotak Mahindra Bank Limited		188.83	0.14	-50.00	Mar25	15.51
Parag Parikh Flexi Cap Dir Gr	INF879O01027	Kotak Mahindra Bank Limited		188.83	0.14	-50.00	Mar25	15.51
Parag Parikh Flexi Cap Dir Gr	INF879O01027	Kotak Mahindra Bank Limited		188.83	0.14	-50.00	Apr25	12.51
Parag Parikh Flexi Cap Dir Gr	INF879O01027	Kotak Mahindra Bank Limited		188.83	0.14	-50.00	May25	11.15
Parag Parikh Flexi Cap Dir Gr	INF879O01027	Kotak Mahindra Bank Limited		188.83	0.14	-50.00	June25	10.18
Parag Parikh Flexi Cap Dir Gr	INF879O01027	Kotak Mahindra Bank Limited		188.83	0.14	-50.00	July25	9.19
Parag Parikh Flexi Cap Dir Gr	INF879O01027	Kotak Mahindra Bank Limited		188.83	0.14	-50.00	Aug25	8.13
Parag Parikh Flexi Cap Dir Gr	INF879O01027	ICICI Bank Limited		188.25	0.14	0.00	Oct24	5.55
Parag Parikh Flexi Cap Dir Gr	INF879O01027	ICICI Bank Limited		188.25	0.14	0.00	Nov24	7.52
Parag Parikh Flexi Cap Dir Gr	INF879O01027	ICICI Bank Limited		188.25	0.14	0.00	Dec24	3.56
Parag Parikh Flexi Cap Dir Gr	INF879O01027	ICICI Bank Limited		188.25	0.14	0.00	Jan25	5.32
Parag Parikh Flexi Cap Dir Gr	INF879O01027	ICICI Bank Limited		188.25	0.14	0.00	Feb25	5.59
Parag Parikh Flexi Cap Dir Gr	INF879O01027	ICICI Bank Limited		188.25	0.14	0.00	Mar25	15.51
Parag Parikh Flexi Cap Dir Gr	INF879O01027	ICICI Bank Limited		188.25	0.14	0.00	Mar25	15.51
Parag Parikh Flexi Cap Dir Gr	INF879O01027	ICICI Bank Limited		188.25	0.14	0.00	Apr25	12.51
Parag Parikh Flexi Cap Dir Gr	INF879O01027	ICICI Bank Limited		188.25	0.14	0.00	May25	11.15
Parag Parikh Flexi Cap Dir Gr	INF879O01027	ICICI Bank Limited		188.25	0.14	0.00	June25	10.18
Parag Parikh Flexi Cap Dir Gr	INF879O01027	ICICI Bank Limited		188.25	0.14	0.00	July25	9.19
Parag Parikh Flexi Cap Dir Gr	INF879O01027	ICICI Bank Limited		188.25	0.14	0.00	Aug25	8.13
Parag Parikh Flexi Cap Dir Gr	INF879O01027	Bank Of Baroda		166.44	0.12	0.00	Oct24	5.55
Parag Parikh Flexi Cap Dir Gr	INF879O01027	Bank Of Baroda		166.44	0.12	0.00	Nov24	7.52
Parag Parikh Flexi Cap Dir Gr	INF879O01027	Bank Of Baroda		166.44	0.12	0.00	Dec24	3.56
Parag Parikh Flexi Cap Dir Gr	INF879O01027	Bank Of Baroda		166.44	0.12	0.00	Jan25	5.32
Parag Parikh Flexi Cap Dir Gr	INF879O01027	Bank Of Baroda		166.44	0.12	0.00	Feb25	5.59
Parag Parikh Flexi Cap Dir Gr	INF879O01027	Bank Of Baroda		166.44	0.12	0.00	Mar25	15.51
Parag Parikh Flexi Cap Dir Gr	INF879O01027	Bank Of Baroda		166.44	0.12	0.00	Mar25	15.51
Parag Parikh Flexi Cap Dir Gr	INF879O01027	Bank Of Baroda		166.44	0.12	0.00	Apr25	12.51
Parag Parikh Flexi Cap Dir Gr	INF879O01027	Bank Of Baroda		166.44	0.12	0.00	May25	11.15
Parag Parikh Flexi Cap Dir Gr	INF879O01027	Bank Of Baroda		166.44	0.12	0.00	June25	10.18
Parag Parikh Flexi Cap Dir Gr	INF879O01027	Bank Of Baroda		166.44	0.12	0.00	July25	9.19
Parag Parikh Flexi Cap Dir Gr	INF879O01027	Bank Of Baroda		166.44	0.12	0.00	Aug25	8.13
Parag Parikh Flexi Cap Dir Gr	INF879O01027	Small Industries Dev Bank Of India		165.75	0.12	0.00	Oct24	5.55
Parag Parikh Flexi Cap Dir Gr	INF879O01027	Small Industries Dev Bank Of India		165.75	0.12	0.00	Nov24	7.52
Parag Parikh Flexi Cap Dir Gr	INF879O01027	Small Industries Dev Bank Of India		165.75	0.12	0.00	Dec24	3.56
Parag Parikh Flexi Cap Dir Gr	INF879O01027	Small Industries Dev Bank Of India		165.75	0.12	0.00	Jan25	5.32
Parag Parikh Flexi Cap Dir Gr	INF879O01027	Small Industries Dev Bank Of India		165.75	0.12	0.00	Feb25	5.59
Parag Parikh Flexi Cap Dir Gr	INF879O01027	Small Industries Dev Bank Of India		165.75	0.12	0.00	Mar25	15.51
Parag Parikh Flexi Cap Dir Gr	INF879O01027	Small Industries Dev Bank Of India		165.75	0.12	0.00	Mar25	15.51
Parag Parikh Flexi Cap Dir Gr	INF879O01027	Small Industries Dev Bank Of India		165.75	0.12	0.00	Apr25	12.51
Parag Parikh Flexi Cap Dir Gr	INF879O01027	Small Industries Dev Bank Of India		165.75	0.12	0.00	May25	11.15
Parag Parikh Flexi Cap Dir Gr	INF879O01027	Small Industries Dev Bank Of India		165.75	0.12	0.00	June25	10.18
Parag Parikh Flexi Cap Dir Gr	INF879O01027	Small Industries Dev Bank Of India		165.75	0.12	0.00	July25	9.19
Parag Parikh Flexi Cap Dir Gr	INF879O01027	Small Industries Dev Bank Of India		165.75	0.12	0.00	Aug25	8.13
Parag Parikh Flexi Cap Dir Gr	INF879O01027	Eternal Limited March 2026 Future		-159.54	0.12		Oct24	5.55
Parag Parikh Flexi Cap Dir Gr	INF879O01027	Eternal Limited March 2026 Future		-159.54	0.12		Nov24	7.52
Parag Parikh Flexi Cap Dir Gr	INF879O01027	Eternal Limited March 2026 Future		-159.54	0.12		Dec24	3.56
Parag Parikh Flexi Cap Dir Gr	INF879O01027	Eternal Limited March 2026 Future		-159.54	0.12		Jan25	5.32
Parag Parikh Flexi Cap Dir Gr	INF879O01027	Eternal Limited March 2026 Future		-159.54	0.12		Feb25	5.59
Parag Parikh Flexi Cap Dir Gr	INF879O01027	Eternal Limited March 2026 Future		-159.54	0.12		Mar25	15.51
Parag Parikh Flexi Cap Dir Gr	INF879O01027	Eternal Limited March 2026 Future		-159.54	0.12		Mar25	15.51
Parag Parikh Flexi Cap Dir Gr	INF879O01027	Eternal Limited March 2026 Future		-159.54	0.12		Apr25	12.51
Parag Parikh Flexi Cap Dir Gr	INF879O01027	Eternal Limited March 2026 Future		-159.54	0.12		May25	11.15
Parag Parikh Flexi Cap Dir Gr	INF879O01027	Eternal Limited March 2026 Future		-159.54	0.12		June25	10.18
Parag Parikh Flexi Cap Dir Gr	INF879O01027	Eternal Limited March 2026 Future		-159.54	0.12		July25	9.19
Parag Parikh Flexi Cap Dir Gr	INF879O01027	Eternal Limited March 2026 Future		-159.54	0.12		Aug25	8.13
Parag Parikh Flexi Cap Dir Gr	INF879O01027	Eternal Ltd	Consumer Cyclical	159.00	0.12	0.00	Oct24	5.55
Parag Parikh Flexi Cap Dir Gr	INF879O01027	Eternal Ltd	Consumer Cyclical	159.00	0.12	0.00	Nov24	7.52
Parag Parikh Flexi Cap Dir Gr	INF879O01027	Eternal Ltd	Consumer Cyclical	159.00	0.12	0.00	Dec24	3.56
Parag Parikh Flexi Cap Dir Gr	INF879O01027	Eternal Ltd	Consumer Cyclical	159.00	0.12	0.00	Jan25	5.32
Parag Parikh Flexi Cap Dir Gr	INF879O01027	Eternal Ltd	Consumer Cyclical	159.00	0.12	0.00	Feb25	5.59
Parag Parikh Flexi Cap Dir Gr	INF879O01027	Eternal Ltd	Consumer Cyclical	159.00	0.12	0.00	Mar25	15.51
Parag Parikh Flexi Cap Dir Gr	INF879O01027	Eternal Ltd	Consumer Cyclical	159.00	0.12	0.00	Mar25	15.51
Parag Parikh Flexi Cap Dir Gr	INF879O01027	Eternal Ltd	Consumer Cyclical	159.00	0.12	0.00	Apr25	12.51
Parag Parikh Flexi Cap Dir Gr	INF879O01027	Eternal Ltd	Consumer Cyclical	159.00	0.12	0.00	May25	11.15
Parag Parikh Flexi Cap Dir Gr	INF879O01027	Eternal Ltd	Consumer Cyclical	159.00	0.12	0.00	June25	10.18
Parag Parikh Flexi Cap Dir Gr	INF879O01027	Eternal Ltd	Consumer Cyclical	159.00	0.12	0.00	July25	9.19
Parag Parikh Flexi Cap Dir Gr	INF879O01027	Eternal Ltd	Consumer Cyclical	159.00	0.12	0.00	Aug25	8.13
Parag Parikh Flexi Cap Dir Gr	INF879O01027	ICRA Ltd	Financial Services	158.96	0.12	0.00	Oct24	5.55
Parag Parikh Flexi Cap Dir Gr	INF879O01027	ICRA Ltd	Financial Services	158.96	0.12	0.00	Nov24	7.52
Parag Parikh Flexi Cap Dir Gr	INF879O01027	ICRA Ltd	Financial Services	158.96	0.12	0.00	Dec24	3.56
Parag Parikh Flexi Cap Dir Gr	INF879O01027	ICRA Ltd	Financial Services	158.96	0.12	0.00	Jan25	5.32
Parag Parikh Flexi Cap Dir Gr	INF879O01027	ICRA Ltd	Financial Services	158.96	0.12	0.00	Feb25	5.59
Parag Parikh Flexi Cap Dir Gr	INF879O01027	ICRA Ltd	Financial Services	158.96	0.12	0.00	Mar25	15.51
Parag Parikh Flexi Cap Dir Gr	INF879O01027	ICRA Ltd	Financial Services	158.96	0.12	0.00	Mar25	15.51
Parag Parikh Flexi Cap Dir Gr	INF879O01027	ICRA Ltd	Financial Services	158.96	0.12	0.00	Apr25	12.51
Parag Parikh Flexi Cap Dir Gr	INF879O01027	ICRA Ltd	Financial Services	158.96	0.12	0.00	May25	11.15
Parag Parikh Flexi Cap Dir Gr	INF879O01027	ICRA Ltd	Financial Services	158.96	0.12	0.00	June25	10.18
Parag Parikh Flexi Cap Dir Gr	INF879O01027	ICRA Ltd	Financial Services	158.96	0.12	0.00	July25	9.19
Parag Parikh Flexi Cap Dir Gr	INF879O01027	ICRA Ltd	Financial Services	158.96	0.12	0.00	Aug25	8.13
Parag Parikh Flexi Cap Dir Gr	INF879O01027	Jio Financial Services Limited March 2026 Future		-155.82	0.12		Oct24	5.55
Parag Parikh Flexi Cap Dir Gr	INF879O01027	Jio Financial Services Limited March 2026 Future		-155.82	0.12		Nov24	7.52
Parag Parikh Flexi Cap Dir Gr	INF879O01027	Jio Financial Services Limited March 2026 Future		-155.82	0.12		Dec24	3.56
Parag Parikh Flexi Cap Dir Gr	INF879O01027	Jio Financial Services Limited March 2026 Future		-155.82	0.12		Jan25	5.32
Parag Parikh Flexi Cap Dir Gr	INF879O01027	Jio Financial Services Limited March 2026 Future		-155.82	0.12		Feb25	5.59
Parag Parikh Flexi Cap Dir Gr	INF879O01027	Jio Financial Services Limited March 2026 Future		-155.82	0.12		Mar25	15.51
Parag Parikh Flexi Cap Dir Gr	INF879O01027	Jio Financial Services Limited March 2026 Future		-155.82	0.12		Mar25	15.51
Parag Parikh Flexi Cap Dir Gr	INF879O01027	Jio Financial Services Limited March 2026 Future		-155.82	0.12		Apr25	12.51
Parag Parikh Flexi Cap Dir Gr	INF879O01027	Jio Financial Services Limited March 2026 Future		-155.82	0.12		May25	11.15
Parag Parikh Flexi Cap Dir Gr	INF879O01027	Jio Financial Services Limited March 2026 Future		-155.82	0.12		June25	10.18
Parag Parikh Flexi Cap Dir Gr	INF879O01027	Jio Financial Services Limited March 2026 Future		-155.82	0.12		July25	9.19
Parag Parikh Flexi Cap Dir Gr	INF879O01027	Jio Financial Services Limited March 2026 Future		-155.82	0.12		Aug25	8.13
Parag Parikh Flexi Cap Dir Gr	INF879O01027	Jio Financial Services Ltd	Financial Services	155.15	0.12	0.00	Oct24	5.55
Parag Parikh Flexi Cap Dir Gr	INF879O01027	Jio Financial Services Ltd	Financial Services	155.15	0.12	0.00	Nov24	7.52
Parag Parikh Flexi Cap Dir Gr	INF879O01027	Jio Financial Services Ltd	Financial Services	155.15	0.12	0.00	Dec24	3.56
Parag Parikh Flexi Cap Dir Gr	INF879O01027	Jio Financial Services Ltd	Financial Services	155.15	0.12	0.00	Jan25	5.32
Parag Parikh Flexi Cap Dir Gr	INF879O01027	Jio Financial Services Ltd	Financial Services	155.15	0.12	0.00	Feb25	5.59
Parag Parikh Flexi Cap Dir Gr	INF879O01027	Jio Financial Services Ltd	Financial Services	155.15	0.12	0.00	Mar25	15.51
Parag Parikh Flexi Cap Dir Gr	INF879O01027	Jio Financial Services Ltd	Financial Services	155.15	0.12	0.00	Mar25	15.51
Parag Parikh Flexi Cap Dir Gr	INF879O01027	Jio Financial Services Ltd	Financial Services	155.15	0.12	0.00	Apr25	12.51
Parag Parikh Flexi Cap Dir Gr	INF879O01027	Jio Financial Services Ltd	Financial Services	155.15	0.12	0.00	May25	11.15
Parag Parikh Flexi Cap Dir Gr	INF879O01027	Jio Financial Services Ltd	Financial Services	155.15	0.12	0.00	June25	10.18
Parag Parikh Flexi Cap Dir Gr	INF879O01027	Jio Financial Services Ltd	Financial Services	155.15	0.12	0.00	July25	9.19
Parag Parikh Flexi Cap Dir Gr	INF879O01027	Jio Financial Services Ltd	Financial Services	155.15	0.12	0.00	Aug25	8.13
Parag Parikh Flexi Cap Dir Gr	INF879O01027	CMS Info Systems Ltd	Industrials	154.43	0.12	2446.38	Oct24	5.55
Parag Parikh Flexi Cap Dir Gr	INF879O01027	CMS Info Systems Ltd	Industrials	154.43	0.12	2446.38	Nov24	7.52
Parag Parikh Flexi Cap Dir Gr	INF879O01027	CMS Info Systems Ltd	Industrials	154.43	0.12	2446.38	Dec24	3.56
Parag Parikh Flexi Cap Dir Gr	INF879O01027	CMS Info Systems Ltd	Industrials	154.43	0.12	2446.38	Jan25	5.32
Parag Parikh Flexi Cap Dir Gr	INF879O01027	CMS Info Systems Ltd	Industrials	154.43	0.12	2446.38	Feb25	5.59
Parag Parikh Flexi Cap Dir Gr	INF879O01027	CMS Info Systems Ltd	Industrials	154.43	0.12	2446.38	Mar25	15.51
Parag Parikh Flexi Cap Dir Gr	INF879O01027	CMS Info Systems Ltd	Industrials	154.43	0.12	2446.38	Mar25	15.51
Parag Parikh Flexi Cap Dir Gr	INF879O01027	CMS Info Systems Ltd	Industrials	154.43	0.12	2446.38	Apr25	12.51
Parag Parikh Flexi Cap Dir Gr	INF879O01027	CMS Info Systems Ltd	Industrials	154.43	0.12	2446.38	May25	11.15
Parag Parikh Flexi Cap Dir Gr	INF879O01027	CMS Info Systems Ltd	Industrials	154.43	0.12	2446.38	June25	10.18
Parag Parikh Flexi Cap Dir Gr	INF879O01027	CMS Info Systems Ltd	Industrials	154.43	0.12	2446.38	July25	9.19
Parag Parikh Flexi Cap Dir Gr	INF879O01027	CMS Info Systems Ltd	Industrials	154.43	0.12	2446.38	Aug25	8.13
Parag Parikh Flexi Cap Dir Gr	INF879O01027	Kotak Securities Ltd		147.90	0.11		Oct24	5.55
Parag Parikh Flexi Cap Dir Gr	INF879O01027	Kotak Securities Ltd		147.90	0.11		Nov24	7.52
Parag Parikh Flexi Cap Dir Gr	INF879O01027	Kotak Securities Ltd		147.90	0.11		Dec24	3.56
Parag Parikh Flexi Cap Dir Gr	INF879O01027	Kotak Securities Ltd		147.90	0.11		Jan25	5.32
Parag Parikh Flexi Cap Dir Gr	INF879O01027	Kotak Securities Ltd		147.90	0.11		Feb25	5.59
Parag Parikh Flexi Cap Dir Gr	INF879O01027	Kotak Securities Ltd		147.90	0.11		Mar25	15.51
Parag Parikh Flexi Cap Dir Gr	INF879O01027	Kotak Securities Ltd		147.90	0.11		Mar25	15.51
Parag Parikh Flexi Cap Dir Gr	INF879O01027	Kotak Securities Ltd		147.90	0.11		Apr25	12.51
Parag Parikh Flexi Cap Dir Gr	INF879O01027	Kotak Securities Ltd		147.90	0.11		May25	11.15
Parag Parikh Flexi Cap Dir Gr	INF879O01027	Kotak Securities Ltd		147.90	0.11		June25	10.18
Parag Parikh Flexi Cap Dir Gr	INF879O01027	Kotak Securities Ltd		147.90	0.11		July25	9.19
Parag Parikh Flexi Cap Dir Gr	INF879O01027	Kotak Securities Ltd		147.90	0.11		Aug25	8.13
Parag Parikh Flexi Cap Dir Gr	INF879O01027	HDFC Securities Limited		147.67	0.11		Oct24	5.55
Parag Parikh Flexi Cap Dir Gr	INF879O01027	HDFC Securities Limited		147.67	0.11		Nov24	7.52
Parag Parikh Flexi Cap Dir Gr	INF879O01027	HDFC Securities Limited		147.67	0.11		Dec24	3.56
Parag Parikh Flexi Cap Dir Gr	INF879O01027	HDFC Securities Limited		147.67	0.11		Jan25	5.32
Parag Parikh Flexi Cap Dir Gr	INF879O01027	HDFC Securities Limited		147.67	0.11		Feb25	5.59
Parag Parikh Flexi Cap Dir Gr	INF879O01027	HDFC Securities Limited		147.67	0.11		Mar25	15.51
Parag Parikh Flexi Cap Dir Gr	INF879O01027	HDFC Securities Limited		147.67	0.11		Mar25	15.51
Parag Parikh Flexi Cap Dir Gr	INF879O01027	HDFC Securities Limited		147.67	0.11		Apr25	12.51
Parag Parikh Flexi Cap Dir Gr	INF879O01027	HDFC Securities Limited		147.67	0.11		May25	11.15
Parag Parikh Flexi Cap Dir Gr	INF879O01027	HDFC Securities Limited		147.67	0.11		June25	10.18
Parag Parikh Flexi Cap Dir Gr	INF879O01027	HDFC Securities Limited		147.67	0.11		July25	9.19
Parag Parikh Flexi Cap Dir Gr	INF879O01027	HDFC Securities Limited		147.67	0.11		Aug25	8.13
Parag Parikh Flexi Cap Dir Gr	INF879O01027	Tata Steel Limited March 2026 Future		-134.69	0.10		Oct24	5.55
Parag Parikh Flexi Cap Dir Gr	INF879O01027	Tata Steel Limited March 2026 Future		-134.69	0.10		Nov24	7.52
Parag Parikh Flexi Cap Dir Gr	INF879O01027	Tata Steel Limited March 2026 Future		-134.69	0.10		Dec24	3.56
Parag Parikh Flexi Cap Dir Gr	INF879O01027	Tata Steel Limited March 2026 Future		-134.69	0.10		Jan25	5.32
Parag Parikh Flexi Cap Dir Gr	INF879O01027	Tata Steel Limited March 2026 Future		-134.69	0.10		Feb25	5.59
Parag Parikh Flexi Cap Dir Gr	INF879O01027	Tata Steel Limited March 2026 Future		-134.69	0.10		Mar25	15.51
Parag Parikh Flexi Cap Dir Gr	INF879O01027	Tata Steel Limited March 2026 Future		-134.69	0.10		Mar25	15.51
Parag Parikh Flexi Cap Dir Gr	INF879O01027	Tata Steel Limited March 2026 Future		-134.69	0.10		Apr25	12.51
Parag Parikh Flexi Cap Dir Gr	INF879O01027	Tata Steel Limited March 2026 Future		-134.69	0.10		May25	11.15
Parag Parikh Flexi Cap Dir Gr	INF879O01027	Tata Steel Limited March 2026 Future		-134.69	0.10		June25	10.18
Parag Parikh Flexi Cap Dir Gr	INF879O01027	Tata Steel Limited March 2026 Future		-134.69	0.10		July25	9.19
Parag Parikh Flexi Cap Dir Gr	INF879O01027	Tata Steel Limited March 2026 Future		-134.69	0.10		Aug25	8.13
Parag Parikh Flexi Cap Dir Gr	INF879O01027	Tata Steel Ltd	Basic Materials	133.95	0.10	0.00	Oct24	5.55
Parag Parikh Flexi Cap Dir Gr	INF879O01027	Tata Steel Ltd	Basic Materials	133.95	0.10	0.00	Nov24	7.52
Parag Parikh Flexi Cap Dir Gr	INF879O01027	Tata Steel Ltd	Basic Materials	133.95	0.10	0.00	Dec24	3.56
Parag Parikh Flexi Cap Dir Gr	INF879O01027	Tata Steel Ltd	Basic Materials	133.95	0.10	0.00	Jan25	5.32
Parag Parikh Flexi Cap Dir Gr	INF879O01027	Tata Steel Ltd	Basic Materials	133.95	0.10	0.00	Feb25	5.59
Parag Parikh Flexi Cap Dir Gr	INF879O01027	Tata Steel Ltd	Basic Materials	133.95	0.10	0.00	Mar25	15.51
Parag Parikh Flexi Cap Dir Gr	INF879O01027	Tata Steel Ltd	Basic Materials	133.95	0.10	0.00	Mar25	15.51
Parag Parikh Flexi Cap Dir Gr	INF879O01027	Tata Steel Ltd	Basic Materials	133.95	0.10	0.00	Apr25	12.51
Parag Parikh Flexi Cap Dir Gr	INF879O01027	Tata Steel Ltd	Basic Materials	133.95	0.10	0.00	May25	11.15
Parag Parikh Flexi Cap Dir Gr	INF879O01027	Tata Steel Ltd	Basic Materials	133.95	0.10	0.00	June25	10.18
Parag Parikh Flexi Cap Dir Gr	INF879O01027	Tata Steel Ltd	Basic Materials	133.95	0.10	0.00	July25	9.19
Parag Parikh Flexi Cap Dir Gr	INF879O01027	Tata Steel Ltd	Basic Materials	133.95	0.10	0.00	Aug25	8.13
Parag Parikh Flexi Cap Dir Gr	INF879O01027	Larsen & Toubro Limited March 2026 Future		-131.35	0.10		Oct24	5.55
Parag Parikh Flexi Cap Dir Gr	INF879O01027	Larsen & Toubro Limited March 2026 Future		-131.35	0.10		Nov24	7.52
Parag Parikh Flexi Cap Dir Gr	INF879O01027	Larsen & Toubro Limited March 2026 Future		-131.35	0.10		Dec24	3.56
Parag Parikh Flexi Cap Dir Gr	INF879O01027	Larsen & Toubro Limited March 2026 Future		-131.35	0.10		Jan25	5.32
Parag Parikh Flexi Cap Dir Gr	INF879O01027	Larsen & Toubro Limited March 2026 Future		-131.35	0.10		Feb25	5.59
Parag Parikh Flexi Cap Dir Gr	INF879O01027	Larsen & Toubro Limited March 2026 Future		-131.35	0.10		Mar25	15.51
Parag Parikh Flexi Cap Dir Gr	INF879O01027	Larsen & Toubro Limited March 2026 Future		-131.35	0.10		Mar25	15.51
Parag Parikh Flexi Cap Dir Gr	INF879O01027	Larsen & Toubro Limited March 2026 Future		-131.35	0.10		Apr25	12.51
Parag Parikh Flexi Cap Dir Gr	INF879O01027	Larsen & Toubro Limited March 2026 Future		-131.35	0.10		May25	11.15
Parag Parikh Flexi Cap Dir Gr	INF879O01027	Larsen & Toubro Limited March 2026 Future		-131.35	0.10		June25	10.18
Parag Parikh Flexi Cap Dir Gr	INF879O01027	Larsen & Toubro Limited March 2026 Future		-131.35	0.10		July25	9.19
Parag Parikh Flexi Cap Dir Gr	INF879O01027	Larsen & Toubro Limited March 2026 Future		-131.35	0.10		Aug25	8.13
Parag Parikh Flexi Cap Dir Gr	INF879O01027	Larsen & Toubro Ltd	Industrials	130.80	0.10	0.00	Oct24	5.55
Parag Parikh Flexi Cap Dir Gr	INF879O01027	Larsen & Toubro Ltd	Industrials	130.80	0.10	0.00	Nov24	7.52
Parag Parikh Flexi Cap Dir Gr	INF879O01027	Larsen & Toubro Ltd	Industrials	130.80	0.10	0.00	Dec24	3.56
Parag Parikh Flexi Cap Dir Gr	INF879O01027	Larsen & Toubro Ltd	Industrials	130.80	0.10	0.00	Jan25	5.32
Parag Parikh Flexi Cap Dir Gr	INF879O01027	Larsen & Toubro Ltd	Industrials	130.80	0.10	0.00	Feb25	5.59
Parag Parikh Flexi Cap Dir Gr	INF879O01027	Larsen & Toubro Ltd	Industrials	130.80	0.10	0.00	Mar25	15.51
Parag Parikh Flexi Cap Dir Gr	INF879O01027	Larsen & Toubro Ltd	Industrials	130.80	0.10	0.00	Mar25	15.51
Parag Parikh Flexi Cap Dir Gr	INF879O01027	Larsen & Toubro Ltd	Industrials	130.80	0.10	0.00	Apr25	12.51
Parag Parikh Flexi Cap Dir Gr	INF879O01027	Larsen & Toubro Ltd	Industrials	130.80	0.10	0.00	May25	11.15
Parag Parikh Flexi Cap Dir Gr	INF879O01027	Larsen & Toubro Ltd	Industrials	130.80	0.10	0.00	June25	10.18
Parag Parikh Flexi Cap Dir Gr	INF879O01027	Larsen & Toubro Ltd	Industrials	130.80	0.10	0.00	July25	9.19
Parag Parikh Flexi Cap Dir Gr	INF879O01027	Larsen & Toubro Ltd	Industrials	130.80	0.10	0.00	Aug25	8.13
Parag Parikh Flexi Cap Dir Gr	INF879O01027	Titan Company Limited March 2026 Future		-130.31	0.10		Oct24	5.55
Parag Parikh Flexi Cap Dir Gr	INF879O01027	Titan Company Limited March 2026 Future		-130.31	0.10		Nov24	7.52
Parag Parikh Flexi Cap Dir Gr	INF879O01027	Titan Company Limited March 2026 Future		-130.31	0.10		Dec24	3.56
Parag Parikh Flexi Cap Dir Gr	INF879O01027	Titan Company Limited March 2026 Future		-130.31	0.10		Jan25	5.32
Parag Parikh Flexi Cap Dir Gr	INF879O01027	Titan Company Limited March 2026 Future		-130.31	0.10		Feb25	5.59
Parag Parikh Flexi Cap Dir Gr	INF879O01027	Titan Company Limited March 2026 Future		-130.31	0.10		Mar25	15.51
Parag Parikh Flexi Cap Dir Gr	INF879O01027	Titan Company Limited March 2026 Future		-130.31	0.10		Mar25	15.51
Parag Parikh Flexi Cap Dir Gr	INF879O01027	Titan Company Limited March 2026 Future		-130.31	0.10		Apr25	12.51
Parag Parikh Flexi Cap Dir Gr	INF879O01027	Titan Company Limited March 2026 Future		-130.31	0.10		May25	11.15
Parag Parikh Flexi Cap Dir Gr	INF879O01027	Titan Company Limited March 2026 Future		-130.31	0.10		June25	10.18
Parag Parikh Flexi Cap Dir Gr	INF879O01027	Titan Company Limited March 2026 Future		-130.31	0.10		July25	9.19
Parag Parikh Flexi Cap Dir Gr	INF879O01027	Titan Company Limited March 2026 Future		-130.31	0.10		Aug25	8.13
Parag Parikh Flexi Cap Dir Gr	INF879O01027	Titan Co Ltd	Consumer Cyclical	129.95	0.10	0.00	Oct24	5.55
Parag Parikh Flexi Cap Dir Gr	INF879O01027	Titan Co Ltd	Consumer Cyclical	129.95	0.10	0.00	Nov24	7.52
Parag Parikh Flexi Cap Dir Gr	INF879O01027	Titan Co Ltd	Consumer Cyclical	129.95	0.10	0.00	Dec24	3.56
Parag Parikh Flexi Cap Dir Gr	INF879O01027	Titan Co Ltd	Consumer Cyclical	129.95	0.10	0.00	Jan25	5.32
Parag Parikh Flexi Cap Dir Gr	INF879O01027	Titan Co Ltd	Consumer Cyclical	129.95	0.10	0.00	Feb25	5.59
Parag Parikh Flexi Cap Dir Gr	INF879O01027	Titan Co Ltd	Consumer Cyclical	129.95	0.10	0.00	Mar25	15.51
Parag Parikh Flexi Cap Dir Gr	INF879O01027	Titan Co Ltd	Consumer Cyclical	129.95	0.10	0.00	Mar25	15.51
Parag Parikh Flexi Cap Dir Gr	INF879O01027	Titan Co Ltd	Consumer Cyclical	129.95	0.10	0.00	Apr25	12.51
Parag Parikh Flexi Cap Dir Gr	INF879O01027	Titan Co Ltd	Consumer Cyclical	129.95	0.10	0.00	May25	11.15
Parag Parikh Flexi Cap Dir Gr	INF879O01027	Titan Co Ltd	Consumer Cyclical	129.95	0.10	0.00	June25	10.18
Parag Parikh Flexi Cap Dir Gr	INF879O01027	Titan Co Ltd	Consumer Cyclical	129.95	0.10	0.00	July25	9.19
Parag Parikh Flexi Cap Dir Gr	INF879O01027	Titan Co Ltd	Consumer Cyclical	129.95	0.10	0.00	Aug25	8.13
Parag Parikh Flexi Cap Dir Gr	INF879O01027	Sun Pharmaceutical Industries Limited March 2026 Future		-127.53	0.10		Oct24	5.55
Parag Parikh Flexi Cap Dir Gr	INF879O01027	Sun Pharmaceutical Industries Limited March 2026 Future		-127.53	0.10		Nov24	7.52
Parag Parikh Flexi Cap Dir Gr	INF879O01027	Sun Pharmaceutical Industries Limited March 2026 Future		-127.53	0.10		Dec24	3.56
Parag Parikh Flexi Cap Dir Gr	INF879O01027	Sun Pharmaceutical Industries Limited March 2026 Future		-127.53	0.10		Jan25	5.32
Parag Parikh Flexi Cap Dir Gr	INF879O01027	Sun Pharmaceutical Industries Limited March 2026 Future		-127.53	0.10		Feb25	5.59
Parag Parikh Flexi Cap Dir Gr	INF879O01027	Sun Pharmaceutical Industries Limited March 2026 Future		-127.53	0.10		Mar25	15.51
Parag Parikh Flexi Cap Dir Gr	INF879O01027	Sun Pharmaceutical Industries Limited March 2026 Future		-127.53	0.10		Mar25	15.51
Parag Parikh Flexi Cap Dir Gr	INF879O01027	Sun Pharmaceutical Industries Limited March 2026 Future		-127.53	0.10		Apr25	12.51
Parag Parikh Flexi Cap Dir Gr	INF879O01027	Sun Pharmaceutical Industries Limited March 2026 Future		-127.53	0.10		May25	11.15
Parag Parikh Flexi Cap Dir Gr	INF879O01027	Sun Pharmaceutical Industries Limited March 2026 Future		-127.53	0.10		June25	10.18
Parag Parikh Flexi Cap Dir Gr	INF879O01027	Sun Pharmaceutical Industries Limited March 2026 Future		-127.53	0.10		July25	9.19
Parag Parikh Flexi Cap Dir Gr	INF879O01027	Sun Pharmaceutical Industries Limited March 2026 Future		-127.53	0.10		Aug25	8.13
Parag Parikh Flexi Cap Dir Gr	INF879O01027	Sun Pharmaceuticals Industries Ltd	Healthcare	126.82	0.09	0.00	Oct24	5.55
Parag Parikh Flexi Cap Dir Gr	INF879O01027	Sun Pharmaceuticals Industries Ltd	Healthcare	126.82	0.09	0.00	Nov24	7.52
Parag Parikh Flexi Cap Dir Gr	INF879O01027	Sun Pharmaceuticals Industries Ltd	Healthcare	126.82	0.09	0.00	Dec24	3.56
Parag Parikh Flexi Cap Dir Gr	INF879O01027	Sun Pharmaceuticals Industries Ltd	Healthcare	126.82	0.09	0.00	Jan25	5.32
Parag Parikh Flexi Cap Dir Gr	INF879O01027	Sun Pharmaceuticals Industries Ltd	Healthcare	126.82	0.09	0.00	Feb25	5.59
Parag Parikh Flexi Cap Dir Gr	INF879O01027	Sun Pharmaceuticals Industries Ltd	Healthcare	126.82	0.09	0.00	Mar25	15.51
Parag Parikh Flexi Cap Dir Gr	INF879O01027	Sun Pharmaceuticals Industries Ltd	Healthcare	126.82	0.09	0.00	Mar25	15.51
Parag Parikh Flexi Cap Dir Gr	INF879O01027	Sun Pharmaceuticals Industries Ltd	Healthcare	126.82	0.09	0.00	Apr25	12.51
Parag Parikh Flexi Cap Dir Gr	INF879O01027	Sun Pharmaceuticals Industries Ltd	Healthcare	126.82	0.09	0.00	May25	11.15
Parag Parikh Flexi Cap Dir Gr	INF879O01027	Sun Pharmaceuticals Industries Ltd	Healthcare	126.82	0.09	0.00	June25	10.18
Parag Parikh Flexi Cap Dir Gr	INF879O01027	Sun Pharmaceuticals Industries Ltd	Healthcare	126.82	0.09	0.00	July25	9.19
Parag Parikh Flexi Cap Dir Gr	INF879O01027	Sun Pharmaceuticals Industries Ltd	Healthcare	126.82	0.09	0.00	Aug25	8.13
Parag Parikh Flexi Cap Dir Gr	INF879O01027	Icici Securities Limited		122.31	0.09	0.00	Oct24	5.55
Parag Parikh Flexi Cap Dir Gr	INF879O01027	Icici Securities Limited		122.31	0.09	0.00	Nov24	7.52
Parag Parikh Flexi Cap Dir Gr	INF879O01027	Icici Securities Limited		122.31	0.09	0.00	Dec24	3.56
Parag Parikh Flexi Cap Dir Gr	INF879O01027	Icici Securities Limited		122.31	0.09	0.00	Jan25	5.32
Parag Parikh Flexi Cap Dir Gr	INF879O01027	Icici Securities Limited		122.31	0.09	0.00	Feb25	5.59
Parag Parikh Flexi Cap Dir Gr	INF879O01027	Icici Securities Limited		122.31	0.09	0.00	Mar25	15.51
Parag Parikh Flexi Cap Dir Gr	INF879O01027	Icici Securities Limited		122.31	0.09	0.00	Mar25	15.51
Parag Parikh Flexi Cap Dir Gr	INF879O01027	Icici Securities Limited		122.31	0.09	0.00	Apr25	12.51
Parag Parikh Flexi Cap Dir Gr	INF879O01027	Icici Securities Limited		122.31	0.09	0.00	May25	11.15
Parag Parikh Flexi Cap Dir Gr	INF879O01027	Icici Securities Limited		122.31	0.09	0.00	June25	10.18
Parag Parikh Flexi Cap Dir Gr	INF879O01027	Icici Securities Limited		122.31	0.09	0.00	July25	9.19
Parag Parikh Flexi Cap Dir Gr	INF879O01027	Icici Securities Limited		122.31	0.09	0.00	Aug25	8.13
Parag Parikh Flexi Cap Dir Gr	INF879O01027	National Bank for Agriculture and Rural Development		121.68	0.09		Oct24	5.55
Parag Parikh Flexi Cap Dir Gr	INF879O01027	National Bank for Agriculture and Rural Development		121.68	0.09		Nov24	7.52
Parag Parikh Flexi Cap Dir Gr	INF879O01027	National Bank for Agriculture and Rural Development		121.68	0.09		Dec24	3.56
Parag Parikh Flexi Cap Dir Gr	INF879O01027	National Bank for Agriculture and Rural Development		121.68	0.09		Jan25	5.32
Parag Parikh Flexi Cap Dir Gr	INF879O01027	National Bank for Agriculture and Rural Development		121.68	0.09		Feb25	5.59
Parag Parikh Flexi Cap Dir Gr	INF879O01027	National Bank for Agriculture and Rural Development		121.68	0.09		Mar25	15.51
Parag Parikh Flexi Cap Dir Gr	INF879O01027	National Bank for Agriculture and Rural Development		121.68	0.09		Mar25	15.51
Parag Parikh Flexi Cap Dir Gr	INF879O01027	National Bank for Agriculture and Rural Development		121.68	0.09		Apr25	12.51
Parag Parikh Flexi Cap Dir Gr	INF879O01027	National Bank for Agriculture and Rural Development		121.68	0.09		May25	11.15
Parag Parikh Flexi Cap Dir Gr	INF879O01027	National Bank for Agriculture and Rural Development		121.68	0.09		June25	10.18
Parag Parikh Flexi Cap Dir Gr	INF879O01027	National Bank for Agriculture and Rural Development		121.68	0.09		July25	9.19
Parag Parikh Flexi Cap Dir Gr	INF879O01027	National Bank for Agriculture and Rural Development		121.68	0.09		Aug25	8.13
Parag Parikh Flexi Cap Dir Gr	INF879O01027	Hindalco Industries Limited March 2026 Future		-114.56	0.09		Oct24	5.55
Parag Parikh Flexi Cap Dir Gr	INF879O01027	Hindalco Industries Limited March 2026 Future		-114.56	0.09		Nov24	7.52
Parag Parikh Flexi Cap Dir Gr	INF879O01027	Hindalco Industries Limited March 2026 Future		-114.56	0.09		Dec24	3.56
Parag Parikh Flexi Cap Dir Gr	INF879O01027	Hindalco Industries Limited March 2026 Future		-114.56	0.09		Jan25	5.32
Parag Parikh Flexi Cap Dir Gr	INF879O01027	Hindalco Industries Limited March 2026 Future		-114.56	0.09		Feb25	5.59
Parag Parikh Flexi Cap Dir Gr	INF879O01027	Hindalco Industries Limited March 2026 Future		-114.56	0.09		Mar25	15.51
Parag Parikh Flexi Cap Dir Gr	INF879O01027	Hindalco Industries Limited March 2026 Future		-114.56	0.09		Mar25	15.51
Parag Parikh Flexi Cap Dir Gr	INF879O01027	Hindalco Industries Limited March 2026 Future		-114.56	0.09		Apr25	12.51
Parag Parikh Flexi Cap Dir Gr	INF879O01027	Hindalco Industries Limited March 2026 Future		-114.56	0.09		May25	11.15
Parag Parikh Flexi Cap Dir Gr	INF879O01027	Hindalco Industries Limited March 2026 Future		-114.56	0.09		June25	10.18
Parag Parikh Flexi Cap Dir Gr	INF879O01027	Hindalco Industries Limited March 2026 Future		-114.56	0.09		July25	9.19
Parag Parikh Flexi Cap Dir Gr	INF879O01027	Hindalco Industries Limited March 2026 Future		-114.56	0.09		Aug25	8.13
Parag Parikh Flexi Cap Dir Gr	INF879O01027	Hindalco Industries Ltd	Basic Materials	113.92	0.08	0.00	Oct24	5.55
Parag Parikh Flexi Cap Dir Gr	INF879O01027	Hindalco Industries Ltd	Basic Materials	113.92	0.08	0.00	Nov24	7.52
Parag Parikh Flexi Cap Dir Gr	INF879O01027	Hindalco Industries Ltd	Basic Materials	113.92	0.08	0.00	Dec24	3.56
Parag Parikh Flexi Cap Dir Gr	INF879O01027	Hindalco Industries Ltd	Basic Materials	113.92	0.08	0.00	Jan25	5.32
Parag Parikh Flexi Cap Dir Gr	INF879O01027	Hindalco Industries Ltd	Basic Materials	113.92	0.08	0.00	Feb25	5.59
Parag Parikh Flexi Cap Dir Gr	INF879O01027	Hindalco Industries Ltd	Basic Materials	113.92	0.08	0.00	Mar25	15.51
Parag Parikh Flexi Cap Dir Gr	INF879O01027	Hindalco Industries Ltd	Basic Materials	113.92	0.08	0.00	Mar25	15.51
Parag Parikh Flexi Cap Dir Gr	INF879O01027	Hindalco Industries Ltd	Basic Materials	113.92	0.08	0.00	Apr25	12.51
Parag Parikh Flexi Cap Dir Gr	INF879O01027	Hindalco Industries Ltd	Basic Materials	113.92	0.08	0.00	May25	11.15
Parag Parikh Flexi Cap Dir Gr	INF879O01027	Hindalco Industries Ltd	Basic Materials	113.92	0.08	0.00	June25	10.18
Parag Parikh Flexi Cap Dir Gr	INF879O01027	Hindalco Industries Ltd	Basic Materials	113.92	0.08	0.00	July25	9.19
Parag Parikh Flexi Cap Dir Gr	INF879O01027	Hindalco Industries Ltd	Basic Materials	113.92	0.08	0.00	Aug25	8.13
Parag Parikh Flexi Cap Dir Gr	INF879O01027	30/07/2026 Maturing 364 DTB		107.61	0.08	0.00	Oct24	5.55
Parag Parikh Flexi Cap Dir Gr	INF879O01027	30/07/2026 Maturing 364 DTB		107.61	0.08	0.00	Nov24	7.52
Parag Parikh Flexi Cap Dir Gr	INF879O01027	30/07/2026 Maturing 364 DTB		107.61	0.08	0.00	Dec24	3.56
Parag Parikh Flexi Cap Dir Gr	INF879O01027	30/07/2026 Maturing 364 DTB		107.61	0.08	0.00	Jan25	5.32
Parag Parikh Flexi Cap Dir Gr	INF879O01027	30/07/2026 Maturing 364 DTB		107.61	0.08	0.00	Feb25	5.59
Parag Parikh Flexi Cap Dir Gr	INF879O01027	30/07/2026 Maturing 364 DTB		107.61	0.08	0.00	Mar25	15.51
Parag Parikh Flexi Cap Dir Gr	INF879O01027	30/07/2026 Maturing 364 DTB		107.61	0.08	0.00	Mar25	15.51
Parag Parikh Flexi Cap Dir Gr	INF879O01027	30/07/2026 Maturing 364 DTB		107.61	0.08	0.00	Apr25	12.51
Parag Parikh Flexi Cap Dir Gr	INF879O01027	30/07/2026 Maturing 364 DTB		107.61	0.08	0.00	May25	11.15
Parag Parikh Flexi Cap Dir Gr	INF879O01027	30/07/2026 Maturing 364 DTB		107.61	0.08	0.00	June25	10.18
Parag Parikh Flexi Cap Dir Gr	INF879O01027	30/07/2026 Maturing 364 DTB		107.61	0.08	0.00	July25	9.19
Parag Parikh Flexi Cap Dir Gr	INF879O01027	30/07/2026 Maturing 364 DTB		107.61	0.08	0.00	Aug25	8.13
Parag Parikh Flexi Cap Dir Gr	INF879O01027	Maharashtra Scooters Ltd	Financial Services	106.82	0.08	0.02	Oct24	5.55
Parag Parikh Flexi Cap Dir Gr	INF879O01027	Maharashtra Scooters Ltd	Financial Services	106.82	0.08	0.02	Nov24	7.52
Parag Parikh Flexi Cap Dir Gr	INF879O01027	Maharashtra Scooters Ltd	Financial Services	106.82	0.08	0.02	Dec24	3.56
Parag Parikh Flexi Cap Dir Gr	INF879O01027	Maharashtra Scooters Ltd	Financial Services	106.82	0.08	0.02	Jan25	5.32
Parag Parikh Flexi Cap Dir Gr	INF879O01027	Maharashtra Scooters Ltd	Financial Services	106.82	0.08	0.02	Feb25	5.59
Parag Parikh Flexi Cap Dir Gr	INF879O01027	Maharashtra Scooters Ltd	Financial Services	106.82	0.08	0.02	Mar25	15.51
Parag Parikh Flexi Cap Dir Gr	INF879O01027	Maharashtra Scooters Ltd	Financial Services	106.82	0.08	0.02	Mar25	15.51
Parag Parikh Flexi Cap Dir Gr	INF879O01027	Maharashtra Scooters Ltd	Financial Services	106.82	0.08	0.02	Apr25	12.51
Parag Parikh Flexi Cap Dir Gr	INF879O01027	Maharashtra Scooters Ltd	Financial Services	106.82	0.08	0.02	May25	11.15
Parag Parikh Flexi Cap Dir Gr	INF879O01027	Maharashtra Scooters Ltd	Financial Services	106.82	0.08	0.02	June25	10.18
Parag Parikh Flexi Cap Dir Gr	INF879O01027	Maharashtra Scooters Ltd	Financial Services	106.82	0.08	0.02	July25	9.19
Parag Parikh Flexi Cap Dir Gr	INF879O01027	Maharashtra Scooters Ltd	Financial Services	106.82	0.08	0.02	Aug25	8.13
Parag Parikh Flexi Cap Dir Gr	INF879O01027	16/04/2026 Maturing 364 DTB		99.35	0.07	0.00	Oct24	5.55
Parag Parikh Flexi Cap Dir Gr	INF879O01027	16/04/2026 Maturing 364 DTB		99.35	0.07	0.00	Nov24	7.52
Parag Parikh Flexi Cap Dir Gr	INF879O01027	16/04/2026 Maturing 364 DTB		99.35	0.07	0.00	Dec24	3.56
Parag Parikh Flexi Cap Dir Gr	INF879O01027	16/04/2026 Maturing 364 DTB		99.35	0.07	0.00	Jan25	5.32
Parag Parikh Flexi Cap Dir Gr	INF879O01027	16/04/2026 Maturing 364 DTB		99.35	0.07	0.00	Feb25	5.59
Parag Parikh Flexi Cap Dir Gr	INF879O01027	16/04/2026 Maturing 364 DTB		99.35	0.07	0.00	Mar25	15.51
Parag Parikh Flexi Cap Dir Gr	INF879O01027	16/04/2026 Maturing 364 DTB		99.35	0.07	0.00	Mar25	15.51
Parag Parikh Flexi Cap Dir Gr	INF879O01027	16/04/2026 Maturing 364 DTB		99.35	0.07	0.00	Apr25	12.51
Parag Parikh Flexi Cap Dir Gr	INF879O01027	16/04/2026 Maturing 364 DTB		99.35	0.07	0.00	May25	11.15
Parag Parikh Flexi Cap Dir Gr	INF879O01027	16/04/2026 Maturing 364 DTB		99.35	0.07	0.00	June25	10.18
Parag Parikh Flexi Cap Dir Gr	INF879O01027	16/04/2026 Maturing 364 DTB		99.35	0.07	0.00	July25	9.19
Parag Parikh Flexi Cap Dir Gr	INF879O01027	16/04/2026 Maturing 364 DTB		99.35	0.07	0.00	Aug25	8.13
Parag Parikh Flexi Cap Dir Gr	INF879O01027	Export Import Bank Of India		98.35	0.07		Oct24	5.55
Parag Parikh Flexi Cap Dir Gr	INF879O01027	Export Import Bank Of India		98.35	0.07		Nov24	7.52
Parag Parikh Flexi Cap Dir Gr	INF879O01027	Export Import Bank Of India		98.35	0.07		Dec24	3.56
Parag Parikh Flexi Cap Dir Gr	INF879O01027	Export Import Bank Of India		98.35	0.07		Jan25	5.32
Parag Parikh Flexi Cap Dir Gr	INF879O01027	Export Import Bank Of India		98.35	0.07		Feb25	5.59
Parag Parikh Flexi Cap Dir Gr	INF879O01027	Export Import Bank Of India		98.35	0.07		Mar25	15.51
Parag Parikh Flexi Cap Dir Gr	INF879O01027	Export Import Bank Of India		98.35	0.07		Mar25	15.51
Parag Parikh Flexi Cap Dir Gr	INF879O01027	Export Import Bank Of India		98.35	0.07		Apr25	12.51
Parag Parikh Flexi Cap Dir Gr	INF879O01027	Export Import Bank Of India		98.35	0.07		May25	11.15
Parag Parikh Flexi Cap Dir Gr	INF879O01027	Export Import Bank Of India		98.35	0.07		June25	10.18
Parag Parikh Flexi Cap Dir Gr	INF879O01027	Export Import Bank Of India		98.35	0.07		July25	9.19
Parag Parikh Flexi Cap Dir Gr	INF879O01027	Export Import Bank Of India		98.35	0.07		Aug25	8.13
Parag Parikh Flexi Cap Dir Gr	INF879O01027	Sidbi		95.30	0.07	0.00	Oct24	5.55
Parag Parikh Flexi Cap Dir Gr	INF879O01027	Sidbi		95.30	0.07	0.00	Nov24	7.52
Parag Parikh Flexi Cap Dir Gr	INF879O01027	Sidbi		95.30	0.07	0.00	Dec24	3.56
Parag Parikh Flexi Cap Dir Gr	INF879O01027	Sidbi		95.30	0.07	0.00	Jan25	5.32
Parag Parikh Flexi Cap Dir Gr	INF879O01027	Sidbi		95.30	0.07	0.00	Feb25	5.59
Parag Parikh Flexi Cap Dir Gr	INF879O01027	Sidbi		95.30	0.07	0.00	Mar25	15.51
Parag Parikh Flexi Cap Dir Gr	INF879O01027	Sidbi		95.30	0.07	0.00	Mar25	15.51
Parag Parikh Flexi Cap Dir Gr	INF879O01027	Sidbi		95.30	0.07	0.00	Apr25	12.51
Parag Parikh Flexi Cap Dir Gr	INF879O01027	Sidbi		95.30	0.07	0.00	May25	11.15
Parag Parikh Flexi Cap Dir Gr	INF879O01027	Sidbi		95.30	0.07	0.00	June25	10.18
Parag Parikh Flexi Cap Dir Gr	INF879O01027	Sidbi		95.30	0.07	0.00	July25	9.19
Parag Parikh Flexi Cap Dir Gr	INF879O01027	Sidbi		95.30	0.07	0.00	Aug25	8.13
Parag Parikh Flexi Cap Dir Gr	INF879O01027	Future on BANK Index		-90.82	0.07	-56.66	Oct24	5.55
Parag Parikh Flexi Cap Dir Gr	INF879O01027	Future on BANK Index		-90.82	0.07	-56.66	Nov24	7.52
Parag Parikh Flexi Cap Dir Gr	INF879O01027	Future on BANK Index		-90.82	0.07	-56.66	Dec24	3.56
Parag Parikh Flexi Cap Dir Gr	INF879O01027	Future on BANK Index		-90.82	0.07	-56.66	Jan25	5.32
Parag Parikh Flexi Cap Dir Gr	INF879O01027	Future on BANK Index		-90.82	0.07	-56.66	Feb25	5.59
Parag Parikh Flexi Cap Dir Gr	INF879O01027	Future on BANK Index		-90.82	0.07	-56.66	Mar25	15.51
Parag Parikh Flexi Cap Dir Gr	INF879O01027	Future on BANK Index		-90.82	0.07	-56.66	Mar25	15.51
Parag Parikh Flexi Cap Dir Gr	INF879O01027	Future on BANK Index		-90.82	0.07	-56.66	Apr25	12.51
Parag Parikh Flexi Cap Dir Gr	INF879O01027	Future on BANK Index		-90.82	0.07	-56.66	May25	11.15
Parag Parikh Flexi Cap Dir Gr	INF879O01027	Future on BANK Index		-90.82	0.07	-56.66	June25	10.18
Parag Parikh Flexi Cap Dir Gr	INF879O01027	Future on BANK Index		-90.82	0.07	-56.66	July25	9.19
Parag Parikh Flexi Cap Dir Gr	INF879O01027	Future on BANK Index		-90.82	0.07	-56.66	Aug25	8.13
Parag Parikh Flexi Cap Dir Gr	INF879O01027	IndusInd Bank Ltd	Financial Services	79.90	0.06	-35.34	Oct24	5.55
Parag Parikh Flexi Cap Dir Gr	INF879O01027	IndusInd Bank Ltd	Financial Services	79.90	0.06	-35.34	Nov24	7.52
Parag Parikh Flexi Cap Dir Gr	INF879O01027	IndusInd Bank Ltd	Financial Services	79.90	0.06	-35.34	Dec24	3.56
Parag Parikh Flexi Cap Dir Gr	INF879O01027	IndusInd Bank Ltd	Financial Services	79.90	0.06	-35.34	Jan25	5.32
Parag Parikh Flexi Cap Dir Gr	INF879O01027	IndusInd Bank Ltd	Financial Services	79.90	0.06	-35.34	Feb25	5.59
Parag Parikh Flexi Cap Dir Gr	INF879O01027	IndusInd Bank Ltd	Financial Services	79.90	0.06	-35.34	Mar25	15.51
Parag Parikh Flexi Cap Dir Gr	INF879O01027	IndusInd Bank Ltd	Financial Services	79.90	0.06	-35.34	Mar25	15.51
Parag Parikh Flexi Cap Dir Gr	INF879O01027	IndusInd Bank Ltd	Financial Services	79.90	0.06	-35.34	Apr25	12.51
Parag Parikh Flexi Cap Dir Gr	INF879O01027	IndusInd Bank Ltd	Financial Services	79.90	0.06	-35.34	May25	11.15
Parag Parikh Flexi Cap Dir Gr	INF879O01027	IndusInd Bank Ltd	Financial Services	79.90	0.06	-35.34	June25	10.18
Parag Parikh Flexi Cap Dir Gr	INF879O01027	IndusInd Bank Ltd	Financial Services	79.90	0.06	-35.34	July25	9.19
Parag Parikh Flexi Cap Dir Gr	INF879O01027	IndusInd Bank Ltd	Financial Services	79.90	0.06	-35.34	Aug25	8.13
Parag Parikh Flexi Cap Dir Gr	INF879O01027	Net Receivables / (Payables)		-74.63	0.06		Oct24	5.55
Parag Parikh Flexi Cap Dir Gr	INF879O01027	Net Receivables / (Payables)		-74.63	0.06		Nov24	7.52
Parag Parikh Flexi Cap Dir Gr	INF879O01027	Net Receivables / (Payables)		-74.63	0.06		Dec24	3.56
Parag Parikh Flexi Cap Dir Gr	INF879O01027	Net Receivables / (Payables)		-74.63	0.06		Jan25	5.32
Parag Parikh Flexi Cap Dir Gr	INF879O01027	Net Receivables / (Payables)		-74.63	0.06		Feb25	5.59
Parag Parikh Flexi Cap Dir Gr	INF879O01027	Net Receivables / (Payables)		-74.63	0.06		Mar25	15.51
Parag Parikh Flexi Cap Dir Gr	INF879O01027	Net Receivables / (Payables)		-74.63	0.06		Mar25	15.51
Parag Parikh Flexi Cap Dir Gr	INF879O01027	Net Receivables / (Payables)		-74.63	0.06		Apr25	12.51
Parag Parikh Flexi Cap Dir Gr	INF879O01027	Net Receivables / (Payables)		-74.63	0.06		May25	11.15
Parag Parikh Flexi Cap Dir Gr	INF879O01027	Net Receivables / (Payables)		-74.63	0.06		June25	10.18
Parag Parikh Flexi Cap Dir Gr	INF879O01027	Net Receivables / (Payables)		-74.63	0.06		July25	9.19
Parag Parikh Flexi Cap Dir Gr	INF879O01027	Net Receivables / (Payables)		-74.63	0.06		Aug25	8.13
Parag Parikh Flexi Cap Dir Gr	INF879O01027	Bajaj Finserv Limited March 2026 Future		-63.78	0.05		Oct24	5.55
Parag Parikh Flexi Cap Dir Gr	INF879O01027	Bajaj Finserv Limited March 2026 Future		-63.78	0.05		Nov24	7.52
Parag Parikh Flexi Cap Dir Gr	INF879O01027	Bajaj Finserv Limited March 2026 Future		-63.78	0.05		Dec24	3.56
Parag Parikh Flexi Cap Dir Gr	INF879O01027	Bajaj Finserv Limited March 2026 Future		-63.78	0.05		Jan25	5.32
Parag Parikh Flexi Cap Dir Gr	INF879O01027	Bajaj Finserv Limited March 2026 Future		-63.78	0.05		Feb25	5.59
Parag Parikh Flexi Cap Dir Gr	INF879O01027	Bajaj Finserv Limited March 2026 Future		-63.78	0.05		Mar25	15.51
Parag Parikh Flexi Cap Dir Gr	INF879O01027	Bajaj Finserv Limited March 2026 Future		-63.78	0.05		Mar25	15.51
Parag Parikh Flexi Cap Dir Gr	INF879O01027	Bajaj Finserv Limited March 2026 Future		-63.78	0.05		Apr25	12.51
Parag Parikh Flexi Cap Dir Gr	INF879O01027	Bajaj Finserv Limited March 2026 Future		-63.78	0.05		May25	11.15
Parag Parikh Flexi Cap Dir Gr	INF879O01027	Bajaj Finserv Limited March 2026 Future		-63.78	0.05		June25	10.18
Parag Parikh Flexi Cap Dir Gr	INF879O01027	Bajaj Finserv Limited March 2026 Future		-63.78	0.05		July25	9.19
Parag Parikh Flexi Cap Dir Gr	INF879O01027	Bajaj Finserv Limited March 2026 Future		-63.78	0.05		Aug25	8.13
Parag Parikh Flexi Cap Dir Gr	INF879O01027	Bajaj Finserv Ltd	Financial Services	63.49	0.05	0.00	Oct24	5.55
Parag Parikh Flexi Cap Dir Gr	INF879O01027	Bajaj Finserv Ltd	Financial Services	63.49	0.05	0.00	Nov24	7.52
Parag Parikh Flexi Cap Dir Gr	INF879O01027	Bajaj Finserv Ltd	Financial Services	63.49	0.05	0.00	Dec24	3.56
Parag Parikh Flexi Cap Dir Gr	INF879O01027	Bajaj Finserv Ltd	Financial Services	63.49	0.05	0.00	Jan25	5.32
Parag Parikh Flexi Cap Dir Gr	INF879O01027	Bajaj Finserv Ltd	Financial Services	63.49	0.05	0.00	Feb25	5.59
Parag Parikh Flexi Cap Dir Gr	INF879O01027	Bajaj Finserv Ltd	Financial Services	63.49	0.05	0.00	Mar25	15.51
Parag Parikh Flexi Cap Dir Gr	INF879O01027	Bajaj Finserv Ltd	Financial Services	63.49	0.05	0.00	Mar25	15.51
Parag Parikh Flexi Cap Dir Gr	INF879O01027	Bajaj Finserv Ltd	Financial Services	63.49	0.05	0.00	Apr25	12.51
Parag Parikh Flexi Cap Dir Gr	INF879O01027	Bajaj Finserv Ltd	Financial Services	63.49	0.05	0.00	May25	11.15
Parag Parikh Flexi Cap Dir Gr	INF879O01027	Bajaj Finserv Ltd	Financial Services	63.49	0.05	0.00	June25	10.18
Parag Parikh Flexi Cap Dir Gr	INF879O01027	Bajaj Finserv Ltd	Financial Services	63.49	0.05	0.00	July25	9.19
Parag Parikh Flexi Cap Dir Gr	INF879O01027	Bajaj Finserv Ltd	Financial Services	63.49	0.05	0.00	Aug25	8.13
Parag Parikh Flexi Cap Dir Gr	INF879O01027	Punjab National Bank Future Mar 26		-54.26	0.04		Oct24	5.55
Parag Parikh Flexi Cap Dir Gr	INF879O01027	Punjab National Bank Future Mar 26		-54.26	0.04		Nov24	7.52
Parag Parikh Flexi Cap Dir Gr	INF879O01027	Punjab National Bank Future Mar 26		-54.26	0.04		Dec24	3.56
Parag Parikh Flexi Cap Dir Gr	INF879O01027	Punjab National Bank Future Mar 26		-54.26	0.04		Jan25	5.32
Parag Parikh Flexi Cap Dir Gr	INF879O01027	Punjab National Bank Future Mar 26		-54.26	0.04		Feb25	5.59
Parag Parikh Flexi Cap Dir Gr	INF879O01027	Punjab National Bank Future Mar 26		-54.26	0.04		Mar25	15.51
Parag Parikh Flexi Cap Dir Gr	INF879O01027	Punjab National Bank Future Mar 26		-54.26	0.04		Mar25	15.51
Parag Parikh Flexi Cap Dir Gr	INF879O01027	Punjab National Bank Future Mar 26		-54.26	0.04		Apr25	12.51
Parag Parikh Flexi Cap Dir Gr	INF879O01027	Punjab National Bank Future Mar 26		-54.26	0.04		May25	11.15
Parag Parikh Flexi Cap Dir Gr	INF879O01027	Punjab National Bank Future Mar 26		-54.26	0.04		June25	10.18
Parag Parikh Flexi Cap Dir Gr	INF879O01027	Punjab National Bank Future Mar 26		-54.26	0.04		July25	9.19
Parag Parikh Flexi Cap Dir Gr	INF879O01027	Punjab National Bank Future Mar 26		-54.26	0.04		Aug25	8.13
Parag Parikh Flexi Cap Dir Gr	INF879O01027	Punjab National Bank	Financial Services	54.05	0.04	-22.67	Oct24	5.55
Parag Parikh Flexi Cap Dir Gr	INF879O01027	Punjab National Bank	Financial Services	54.05	0.04	-22.67	Nov24	7.52
Parag Parikh Flexi Cap Dir Gr	INF879O01027	Punjab National Bank	Financial Services	54.05	0.04	-22.67	Dec24	3.56
Parag Parikh Flexi Cap Dir Gr	INF879O01027	Punjab National Bank	Financial Services	54.05	0.04	-22.67	Jan25	5.32
Parag Parikh Flexi Cap Dir Gr	INF879O01027	Punjab National Bank	Financial Services	54.05	0.04	-22.67	Feb25	5.59
Parag Parikh Flexi Cap Dir Gr	INF879O01027	Punjab National Bank	Financial Services	54.05	0.04	-22.67	Mar25	15.51
Parag Parikh Flexi Cap Dir Gr	INF879O01027	Punjab National Bank	Financial Services	54.05	0.04	-22.67	Mar25	15.51
Parag Parikh Flexi Cap Dir Gr	INF879O01027	Punjab National Bank	Financial Services	54.05	0.04	-22.67	Apr25	12.51
Parag Parikh Flexi Cap Dir Gr	INF879O01027	Punjab National Bank	Financial Services	54.05	0.04	-22.67	May25	11.15
Parag Parikh Flexi Cap Dir Gr	INF879O01027	Punjab National Bank	Financial Services	54.05	0.04	-22.67	June25	10.18
Parag Parikh Flexi Cap Dir Gr	INF879O01027	Punjab National Bank	Financial Services	54.05	0.04	-22.67	July25	9.19
Parag Parikh Flexi Cap Dir Gr	INF879O01027	Punjab National Bank	Financial Services	54.05	0.04	-22.67	Aug25	8.13
Parag Parikh Flexi Cap Dir Gr	INF879O01027	Mindspace Business Parks REIT Unit	Real Estate	40.24	0.03	0.00	Oct24	5.55
Parag Parikh Flexi Cap Dir Gr	INF879O01027	Mindspace Business Parks REIT Unit	Real Estate	40.24	0.03	0.00	Nov24	7.52
Parag Parikh Flexi Cap Dir Gr	INF879O01027	Mindspace Business Parks REIT Unit	Real Estate	40.24	0.03	0.00	Dec24	3.56
Parag Parikh Flexi Cap Dir Gr	INF879O01027	Mindspace Business Parks REIT Unit	Real Estate	40.24	0.03	0.00	Jan25	5.32
Parag Parikh Flexi Cap Dir Gr	INF879O01027	Mindspace Business Parks REIT Unit	Real Estate	40.24	0.03	0.00	Feb25	5.59
Parag Parikh Flexi Cap Dir Gr	INF879O01027	Mindspace Business Parks REIT Unit	Real Estate	40.24	0.03	0.00	Mar25	15.51
Parag Parikh Flexi Cap Dir Gr	INF879O01027	Mindspace Business Parks REIT Unit	Real Estate	40.24	0.03	0.00	Mar25	15.51
Parag Parikh Flexi Cap Dir Gr	INF879O01027	Mindspace Business Parks REIT Unit	Real Estate	40.24	0.03	0.00	Apr25	12.51
Parag Parikh Flexi Cap Dir Gr	INF879O01027	Mindspace Business Parks REIT Unit	Real Estate	40.24	0.03	0.00	May25	11.15
Parag Parikh Flexi Cap Dir Gr	INF879O01027	Mindspace Business Parks REIT Unit	Real Estate	40.24	0.03	0.00	June25	10.18
Parag Parikh Flexi Cap Dir Gr	INF879O01027	Mindspace Business Parks REIT Unit	Real Estate	40.24	0.03	0.00	July25	9.19
Parag Parikh Flexi Cap Dir Gr	INF879O01027	Mindspace Business Parks REIT Unit	Real Estate	40.24	0.03	0.00	Aug25	8.13
Parag Parikh Flexi Cap Dir Gr	INF879O01027	Bharti Airtel Limited March 2026 Future		-37.61	0.03		Oct24	5.55
Parag Parikh Flexi Cap Dir Gr	INF879O01027	Bharti Airtel Limited March 2026 Future		-37.61	0.03		Nov24	7.52
Parag Parikh Flexi Cap Dir Gr	INF879O01027	Bharti Airtel Limited March 2026 Future		-37.61	0.03		Dec24	3.56
Parag Parikh Flexi Cap Dir Gr	INF879O01027	Bharti Airtel Limited March 2026 Future		-37.61	0.03		Jan25	5.32
Parag Parikh Flexi Cap Dir Gr	INF879O01027	Bharti Airtel Limited March 2026 Future		-37.61	0.03		Feb25	5.59
Parag Parikh Flexi Cap Dir Gr	INF879O01027	Bharti Airtel Limited March 2026 Future		-37.61	0.03		Mar25	15.51
Parag Parikh Flexi Cap Dir Gr	INF879O01027	Bharti Airtel Limited March 2026 Future		-37.61	0.03		Mar25	15.51
Parag Parikh Flexi Cap Dir Gr	INF879O01027	Bharti Airtel Limited March 2026 Future		-37.61	0.03		Apr25	12.51
Parag Parikh Flexi Cap Dir Gr	INF879O01027	Bharti Airtel Limited March 2026 Future		-37.61	0.03		May25	11.15
Parag Parikh Flexi Cap Dir Gr	INF879O01027	Bharti Airtel Limited March 2026 Future		-37.61	0.03		June25	10.18
Parag Parikh Flexi Cap Dir Gr	INF879O01027	Bharti Airtel Limited March 2026 Future		-37.61	0.03		July25	9.19
Parag Parikh Flexi Cap Dir Gr	INF879O01027	Bharti Airtel Limited March 2026 Future		-37.61	0.03		Aug25	8.13
Parag Parikh Flexi Cap Dir Gr	INF879O01027	Indus Towers Ltd Ordinary Shares	Communication Services	32.34	0.02	0.00	Oct24	5.55
Parag Parikh Flexi Cap Dir Gr	INF879O01027	Indus Towers Ltd Ordinary Shares	Communication Services	32.34	0.02	0.00	Nov24	7.52
Parag Parikh Flexi Cap Dir Gr	INF879O01027	Indus Towers Ltd Ordinary Shares	Communication Services	32.34	0.02	0.00	Dec24	3.56
Parag Parikh Flexi Cap Dir Gr	INF879O01027	Indus Towers Ltd Ordinary Shares	Communication Services	32.34	0.02	0.00	Jan25	5.32
Parag Parikh Flexi Cap Dir Gr	INF879O01027	Indus Towers Ltd Ordinary Shares	Communication Services	32.34	0.02	0.00	Feb25	5.59
Parag Parikh Flexi Cap Dir Gr	INF879O01027	Indus Towers Ltd Ordinary Shares	Communication Services	32.34	0.02	0.00	Mar25	15.51
Parag Parikh Flexi Cap Dir Gr	INF879O01027	Indus Towers Ltd Ordinary Shares	Communication Services	32.34	0.02	0.00	Mar25	15.51
Parag Parikh Flexi Cap Dir Gr	INF879O01027	Indus Towers Ltd Ordinary Shares	Communication Services	32.34	0.02	0.00	Apr25	12.51
Parag Parikh Flexi Cap Dir Gr	INF879O01027	Indus Towers Ltd Ordinary Shares	Communication Services	32.34	0.02	0.00	May25	11.15
Parag Parikh Flexi Cap Dir Gr	INF879O01027	Indus Towers Ltd Ordinary Shares	Communication Services	32.34	0.02	0.00	June25	10.18
Parag Parikh Flexi Cap Dir Gr	INF879O01027	Indus Towers Ltd Ordinary Shares	Communication Services	32.34	0.02	0.00	July25	9.19
Parag Parikh Flexi Cap Dir Gr	INF879O01027	Indus Towers Ltd Ordinary Shares	Communication Services	32.34	0.02	0.00	Aug25	8.13
Parag Parikh Flexi Cap Dir Gr	INF879O01027	Bharti Airtel Ltd (Partly Paid Rs.1.25)	Communication Services	29.42	0.02	0.00	Oct24	5.55
Parag Parikh Flexi Cap Dir Gr	INF879O01027	Bharti Airtel Ltd (Partly Paid Rs.1.25)	Communication Services	29.42	0.02	0.00	Nov24	7.52
Parag Parikh Flexi Cap Dir Gr	INF879O01027	Bharti Airtel Ltd (Partly Paid Rs.1.25)	Communication Services	29.42	0.02	0.00	Dec24	3.56
Parag Parikh Flexi Cap Dir Gr	INF879O01027	Bharti Airtel Ltd (Partly Paid Rs.1.25)	Communication Services	29.42	0.02	0.00	Jan25	5.32
Parag Parikh Flexi Cap Dir Gr	INF879O01027	Bharti Airtel Ltd (Partly Paid Rs.1.25)	Communication Services	29.42	0.02	0.00	Feb25	5.59
Parag Parikh Flexi Cap Dir Gr	INF879O01027	Bharti Airtel Ltd (Partly Paid Rs.1.25)	Communication Services	29.42	0.02	0.00	Mar25	15.51
Parag Parikh Flexi Cap Dir Gr	INF879O01027	Bharti Airtel Ltd (Partly Paid Rs.1.25)	Communication Services	29.42	0.02	0.00	Mar25	15.51
Parag Parikh Flexi Cap Dir Gr	INF879O01027	Bharti Airtel Ltd (Partly Paid Rs.1.25)	Communication Services	29.42	0.02	0.00	Apr25	12.51
Parag Parikh Flexi Cap Dir Gr	INF879O01027	Bharti Airtel Ltd (Partly Paid Rs.1.25)	Communication Services	29.42	0.02	0.00	May25	11.15
Parag Parikh Flexi Cap Dir Gr	INF879O01027	Bharti Airtel Ltd (Partly Paid Rs.1.25)	Communication Services	29.42	0.02	0.00	June25	10.18
Parag Parikh Flexi Cap Dir Gr	INF879O01027	Bharti Airtel Ltd (Partly Paid Rs.1.25)	Communication Services	29.42	0.02	0.00	July25	9.19
Parag Parikh Flexi Cap Dir Gr	INF879O01027	Bharti Airtel Ltd (Partly Paid Rs.1.25)	Communication Services	29.42	0.02	0.00	Aug25	8.13
Parag Parikh Flexi Cap Dir Gr	INF879O01027	Jsw Steel Limited March 2026 Future		-26.44	0.02		Oct24	5.55
Parag Parikh Flexi Cap Dir Gr	INF879O01027	Jsw Steel Limited March 2026 Future		-26.44	0.02		Nov24	7.52
Parag Parikh Flexi Cap Dir Gr	INF879O01027	Jsw Steel Limited March 2026 Future		-26.44	0.02		Dec24	3.56
Parag Parikh Flexi Cap Dir Gr	INF879O01027	Jsw Steel Limited March 2026 Future		-26.44	0.02		Jan25	5.32
Parag Parikh Flexi Cap Dir Gr	INF879O01027	Jsw Steel Limited March 2026 Future		-26.44	0.02		Feb25	5.59
Parag Parikh Flexi Cap Dir Gr	INF879O01027	Jsw Steel Limited March 2026 Future		-26.44	0.02		Mar25	15.51
Parag Parikh Flexi Cap Dir Gr	INF879O01027	Jsw Steel Limited March 2026 Future		-26.44	0.02		Mar25	15.51
Parag Parikh Flexi Cap Dir Gr	INF879O01027	Jsw Steel Limited March 2026 Future		-26.44	0.02		Apr25	12.51
Parag Parikh Flexi Cap Dir Gr	INF879O01027	Jsw Steel Limited March 2026 Future		-26.44	0.02		May25	11.15
Parag Parikh Flexi Cap Dir Gr	INF879O01027	Jsw Steel Limited March 2026 Future		-26.44	0.02		June25	10.18
Parag Parikh Flexi Cap Dir Gr	INF879O01027	Jsw Steel Limited March 2026 Future		-26.44	0.02		July25	9.19
Parag Parikh Flexi Cap Dir Gr	INF879O01027	Jsw Steel Limited March 2026 Future		-26.44	0.02		Aug25	8.13
Parag Parikh Flexi Cap Dir Gr	INF879O01027	JSW Steel Ltd	Basic Materials	26.29	0.02	0.00	Oct24	5.55
Parag Parikh Flexi Cap Dir Gr	INF879O01027	JSW Steel Ltd	Basic Materials	26.29	0.02	0.00	Nov24	7.52
Parag Parikh Flexi Cap Dir Gr	INF879O01027	JSW Steel Ltd	Basic Materials	26.29	0.02	0.00	Dec24	3.56
Parag Parikh Flexi Cap Dir Gr	INF879O01027	JSW Steel Ltd	Basic Materials	26.29	0.02	0.00	Jan25	5.32
Parag Parikh Flexi Cap Dir Gr	INF879O01027	JSW Steel Ltd	Basic Materials	26.29	0.02	0.00	Feb25	5.59
Parag Parikh Flexi Cap Dir Gr	INF879O01027	JSW Steel Ltd	Basic Materials	26.29	0.02	0.00	Mar25	15.51
Parag Parikh Flexi Cap Dir Gr	INF879O01027	JSW Steel Ltd	Basic Materials	26.29	0.02	0.00	Mar25	15.51
Parag Parikh Flexi Cap Dir Gr	INF879O01027	JSW Steel Ltd	Basic Materials	26.29	0.02	0.00	Apr25	12.51
Parag Parikh Flexi Cap Dir Gr	INF879O01027	JSW Steel Ltd	Basic Materials	26.29	0.02	0.00	May25	11.15
Parag Parikh Flexi Cap Dir Gr	INF879O01027	JSW Steel Ltd	Basic Materials	26.29	0.02	0.00	June25	10.18
Parag Parikh Flexi Cap Dir Gr	INF879O01027	JSW Steel Ltd	Basic Materials	26.29	0.02	0.00	July25	9.19
Parag Parikh Flexi Cap Dir Gr	INF879O01027	JSW Steel Ltd	Basic Materials	26.29	0.02	0.00	Aug25	8.13
Parag Parikh Flexi Cap Dir Gr	INF879O01027	Future on Bank of Baroda		-24.93	0.02	0.00	Oct24	5.55
Parag Parikh Flexi Cap Dir Gr	INF879O01027	Future on Bank of Baroda		-24.93	0.02	0.00	Nov24	7.52
Parag Parikh Flexi Cap Dir Gr	INF879O01027	Future on Bank of Baroda		-24.93	0.02	0.00	Dec24	3.56
Parag Parikh Flexi Cap Dir Gr	INF879O01027	Future on Bank of Baroda		-24.93	0.02	0.00	Jan25	5.32
Parag Parikh Flexi Cap Dir Gr	INF879O01027	Future on Bank of Baroda		-24.93	0.02	0.00	Feb25	5.59
Parag Parikh Flexi Cap Dir Gr	INF879O01027	Future on Bank of Baroda		-24.93	0.02	0.00	Mar25	15.51
Parag Parikh Flexi Cap Dir Gr	INF879O01027	Future on Bank of Baroda		-24.93	0.02	0.00	Mar25	15.51
Parag Parikh Flexi Cap Dir Gr	INF879O01027	Future on Bank of Baroda		-24.93	0.02	0.00	Apr25	12.51
Parag Parikh Flexi Cap Dir Gr	INF879O01027	Future on Bank of Baroda		-24.93	0.02	0.00	May25	11.15
Parag Parikh Flexi Cap Dir Gr	INF879O01027	Future on Bank of Baroda		-24.93	0.02	0.00	June25	10.18
Parag Parikh Flexi Cap Dir Gr	INF879O01027	Future on Bank of Baroda		-24.93	0.02	0.00	July25	9.19
Parag Parikh Flexi Cap Dir Gr	INF879O01027	Future on Bank of Baroda		-24.93	0.02	0.00	Aug25	8.13
Parag Parikh Flexi Cap Dir Gr	INF879O01027	Icici Securities Limited (Earlier Icici Brokerage Services Limited)		24.94	0.02		Oct24	5.55
Parag Parikh Flexi Cap Dir Gr	INF879O01027	Icici Securities Limited (Earlier Icici Brokerage Services Limited)		24.94	0.02		Nov24	7.52
Parag Parikh Flexi Cap Dir Gr	INF879O01027	Icici Securities Limited (Earlier Icici Brokerage Services Limited)		24.94	0.02		Dec24	3.56
Parag Parikh Flexi Cap Dir Gr	INF879O01027	Icici Securities Limited (Earlier Icici Brokerage Services Limited)		24.94	0.02		Jan25	5.32
Parag Parikh Flexi Cap Dir Gr	INF879O01027	Icici Securities Limited (Earlier Icici Brokerage Services Limited)		24.94	0.02		Feb25	5.59
Parag Parikh Flexi Cap Dir Gr	INF879O01027	Icici Securities Limited (Earlier Icici Brokerage Services Limited)		24.94	0.02		Mar25	15.51
Parag Parikh Flexi Cap Dir Gr	INF879O01027	Icici Securities Limited (Earlier Icici Brokerage Services Limited)		24.94	0.02		Mar25	15.51
Parag Parikh Flexi Cap Dir Gr	INF879O01027	Icici Securities Limited (Earlier Icici Brokerage Services Limited)		24.94	0.02		Apr25	12.51
Parag Parikh Flexi Cap Dir Gr	INF879O01027	Icici Securities Limited (Earlier Icici Brokerage Services Limited)		24.94	0.02		May25	11.15
Parag Parikh Flexi Cap Dir Gr	INF879O01027	Icici Securities Limited (Earlier Icici Brokerage Services Limited)		24.94	0.02		June25	10.18
Parag Parikh Flexi Cap Dir Gr	INF879O01027	Icici Securities Limited (Earlier Icici Brokerage Services Limited)		24.94	0.02		July25	9.19
Parag Parikh Flexi Cap Dir Gr	INF879O01027	Icici Securities Limited (Earlier Icici Brokerage Services Limited)		24.94	0.02		Aug25	8.13
Parag Parikh Flexi Cap Dir Gr	INF879O01027	Grasim Industries Limited March 2026 Future		-24.91	0.02		Oct24	5.55
Parag Parikh Flexi Cap Dir Gr	INF879O01027	Grasim Industries Limited March 2026 Future		-24.91	0.02		Nov24	7.52
Parag Parikh Flexi Cap Dir Gr	INF879O01027	Grasim Industries Limited March 2026 Future		-24.91	0.02		Dec24	3.56
Parag Parikh Flexi Cap Dir Gr	INF879O01027	Grasim Industries Limited March 2026 Future		-24.91	0.02		Jan25	5.32
Parag Parikh Flexi Cap Dir Gr	INF879O01027	Grasim Industries Limited March 2026 Future		-24.91	0.02		Feb25	5.59
Parag Parikh Flexi Cap Dir Gr	INF879O01027	Grasim Industries Limited March 2026 Future		-24.91	0.02		Mar25	15.51
Parag Parikh Flexi Cap Dir Gr	INF879O01027	Grasim Industries Limited March 2026 Future		-24.91	0.02		Mar25	15.51
Parag Parikh Flexi Cap Dir Gr	INF879O01027	Grasim Industries Limited March 2026 Future		-24.91	0.02		Apr25	12.51
Parag Parikh Flexi Cap Dir Gr	INF879O01027	Grasim Industries Limited March 2026 Future		-24.91	0.02		May25	11.15
Parag Parikh Flexi Cap Dir Gr	INF879O01027	Grasim Industries Limited March 2026 Future		-24.91	0.02		June25	10.18
Parag Parikh Flexi Cap Dir Gr	INF879O01027	Grasim Industries Limited March 2026 Future		-24.91	0.02		July25	9.19
Parag Parikh Flexi Cap Dir Gr	INF879O01027	Grasim Industries Limited March 2026 Future		-24.91	0.02		Aug25	8.13
Parag Parikh Flexi Cap Dir Gr	INF879O01027	Bank of Baroda	Financial Services	24.86	0.02	0.00	Oct24	5.55
Parag Parikh Flexi Cap Dir Gr	INF879O01027	Bank of Baroda	Financial Services	24.86	0.02	0.00	Nov24	7.52
Parag Parikh Flexi Cap Dir Gr	INF879O01027	Bank of Baroda	Financial Services	24.86	0.02	0.00	Dec24	3.56
Parag Parikh Flexi Cap Dir Gr	INF879O01027	Bank of Baroda	Financial Services	24.86	0.02	0.00	Jan25	5.32
Parag Parikh Flexi Cap Dir Gr	INF879O01027	Bank of Baroda	Financial Services	24.86	0.02	0.00	Feb25	5.59
Parag Parikh Flexi Cap Dir Gr	INF879O01027	Bank of Baroda	Financial Services	24.86	0.02	0.00	Mar25	15.51
Parag Parikh Flexi Cap Dir Gr	INF879O01027	Bank of Baroda	Financial Services	24.86	0.02	0.00	Mar25	15.51
Parag Parikh Flexi Cap Dir Gr	INF879O01027	Bank of Baroda	Financial Services	24.86	0.02	0.00	Apr25	12.51
Parag Parikh Flexi Cap Dir Gr	INF879O01027	Bank of Baroda	Financial Services	24.86	0.02	0.00	May25	11.15
Parag Parikh Flexi Cap Dir Gr	INF879O01027	Bank of Baroda	Financial Services	24.86	0.02	0.00	June25	10.18
Parag Parikh Flexi Cap Dir Gr	INF879O01027	Bank of Baroda	Financial Services	24.86	0.02	0.00	July25	9.19
Parag Parikh Flexi Cap Dir Gr	INF879O01027	Bank of Baroda	Financial Services	24.86	0.02	0.00	Aug25	8.13
Parag Parikh Flexi Cap Dir Gr	INF879O01027	Grasim Industries Ltd	Basic Materials	24.78	0.02	-10.38	Oct24	5.55
Parag Parikh Flexi Cap Dir Gr	INF879O01027	Grasim Industries Ltd	Basic Materials	24.78	0.02	-10.38	Nov24	7.52
Parag Parikh Flexi Cap Dir Gr	INF879O01027	Grasim Industries Ltd	Basic Materials	24.78	0.02	-10.38	Dec24	3.56
Parag Parikh Flexi Cap Dir Gr	INF879O01027	Grasim Industries Ltd	Basic Materials	24.78	0.02	-10.38	Jan25	5.32
Parag Parikh Flexi Cap Dir Gr	INF879O01027	Grasim Industries Ltd	Basic Materials	24.78	0.02	-10.38	Feb25	5.59
Parag Parikh Flexi Cap Dir Gr	INF879O01027	Grasim Industries Ltd	Basic Materials	24.78	0.02	-10.38	Mar25	15.51
Parag Parikh Flexi Cap Dir Gr	INF879O01027	Grasim Industries Ltd	Basic Materials	24.78	0.02	-10.38	Mar25	15.51
Parag Parikh Flexi Cap Dir Gr	INF879O01027	Grasim Industries Ltd	Basic Materials	24.78	0.02	-10.38	Apr25	12.51
Parag Parikh Flexi Cap Dir Gr	INF879O01027	Grasim Industries Ltd	Basic Materials	24.78	0.02	-10.38	May25	11.15
Parag Parikh Flexi Cap Dir Gr	INF879O01027	Grasim Industries Ltd	Basic Materials	24.78	0.02	-10.38	June25	10.18
Parag Parikh Flexi Cap Dir Gr	INF879O01027	Grasim Industries Ltd	Basic Materials	24.78	0.02	-10.38	July25	9.19
Parag Parikh Flexi Cap Dir Gr	INF879O01027	Grasim Industries Ltd	Basic Materials	24.78	0.02	-10.38	Aug25	8.13
Parag Parikh Flexi Cap Dir Gr	INF879O01027	Nestle Future Mar 26		-22.92	0.02		Oct24	5.55
Parag Parikh Flexi Cap Dir Gr	INF879O01027	Nestle Future Mar 26		-22.92	0.02		Nov24	7.52
Parag Parikh Flexi Cap Dir Gr	INF879O01027	Nestle Future Mar 26		-22.92	0.02		Dec24	3.56
Parag Parikh Flexi Cap Dir Gr	INF879O01027	Nestle Future Mar 26		-22.92	0.02		Jan25	5.32
Parag Parikh Flexi Cap Dir Gr	INF879O01027	Nestle Future Mar 26		-22.92	0.02		Feb25	5.59
Parag Parikh Flexi Cap Dir Gr	INF879O01027	Nestle Future Mar 26		-22.92	0.02		Mar25	15.51
Parag Parikh Flexi Cap Dir Gr	INF879O01027	Nestle Future Mar 26		-22.92	0.02		Mar25	15.51
Parag Parikh Flexi Cap Dir Gr	INF879O01027	Nestle Future Mar 26		-22.92	0.02		Apr25	12.51
Parag Parikh Flexi Cap Dir Gr	INF879O01027	Nestle Future Mar 26		-22.92	0.02		May25	11.15
Parag Parikh Flexi Cap Dir Gr	INF879O01027	Nestle Future Mar 26		-22.92	0.02		June25	10.18
Parag Parikh Flexi Cap Dir Gr	INF879O01027	Nestle Future Mar 26		-22.92	0.02		July25	9.19
Parag Parikh Flexi Cap Dir Gr	INF879O01027	Nestle Future Mar 26		-22.92	0.02		Aug25	8.13
Parag Parikh Flexi Cap Dir Gr	INF879O01027	Nestle India Ltd	Consumer Defensive	22.80	0.02	-37.52	Oct24	5.55
Parag Parikh Flexi Cap Dir Gr	INF879O01027	Nestle India Ltd	Consumer Defensive	22.80	0.02	-37.52	Nov24	7.52
Parag Parikh Flexi Cap Dir Gr	INF879O01027	Nestle India Ltd	Consumer Defensive	22.80	0.02	-37.52	Dec24	3.56
Parag Parikh Flexi Cap Dir Gr	INF879O01027	Nestle India Ltd	Consumer Defensive	22.80	0.02	-37.52	Jan25	5.32
Parag Parikh Flexi Cap Dir Gr	INF879O01027	Nestle India Ltd	Consumer Defensive	22.80	0.02	-37.52	Feb25	5.59
Parag Parikh Flexi Cap Dir Gr	INF879O01027	Nestle India Ltd	Consumer Defensive	22.80	0.02	-37.52	Mar25	15.51
Parag Parikh Flexi Cap Dir Gr	INF879O01027	Nestle India Ltd	Consumer Defensive	22.80	0.02	-37.52	Mar25	15.51
Parag Parikh Flexi Cap Dir Gr	INF879O01027	Nestle India Ltd	Consumer Defensive	22.80	0.02	-37.52	Apr25	12.51
Parag Parikh Flexi Cap Dir Gr	INF879O01027	Nestle India Ltd	Consumer Defensive	22.80	0.02	-37.52	May25	11.15
Parag Parikh Flexi Cap Dir Gr	INF879O01027	Nestle India Ltd	Consumer Defensive	22.80	0.02	-37.52	June25	10.18
Parag Parikh Flexi Cap Dir Gr	INF879O01027	Nestle India Ltd	Consumer Defensive	22.80	0.02	-37.52	July25	9.19
Parag Parikh Flexi Cap Dir Gr	INF879O01027	Nestle India Ltd	Consumer Defensive	22.80	0.02	-37.52	Aug25	8.13
Parag Parikh Flexi Cap Dir Gr	INF879O01027	Dlf Limited March 2026 Future		-22.79	0.02		Oct24	5.55
Parag Parikh Flexi Cap Dir Gr	INF879O01027	Dlf Limited March 2026 Future		-22.79	0.02		Nov24	7.52
Parag Parikh Flexi Cap Dir Gr	INF879O01027	Dlf Limited March 2026 Future		-22.79	0.02		Dec24	3.56
Parag Parikh Flexi Cap Dir Gr	INF879O01027	Dlf Limited March 2026 Future		-22.79	0.02		Jan25	5.32
Parag Parikh Flexi Cap Dir Gr	INF879O01027	Dlf Limited March 2026 Future		-22.79	0.02		Feb25	5.59
Parag Parikh Flexi Cap Dir Gr	INF879O01027	Dlf Limited March 2026 Future		-22.79	0.02		Mar25	15.51
Parag Parikh Flexi Cap Dir Gr	INF879O01027	Dlf Limited March 2026 Future		-22.79	0.02		Mar25	15.51
Parag Parikh Flexi Cap Dir Gr	INF879O01027	Dlf Limited March 2026 Future		-22.79	0.02		Apr25	12.51
Parag Parikh Flexi Cap Dir Gr	INF879O01027	Dlf Limited March 2026 Future		-22.79	0.02		May25	11.15
Parag Parikh Flexi Cap Dir Gr	INF879O01027	Dlf Limited March 2026 Future		-22.79	0.02		June25	10.18
Parag Parikh Flexi Cap Dir Gr	INF879O01027	Dlf Limited March 2026 Future		-22.79	0.02		July25	9.19
Parag Parikh Flexi Cap Dir Gr	INF879O01027	Dlf Limited March 2026 Future		-22.79	0.02		Aug25	8.13
Parag Parikh Flexi Cap Dir Gr	INF879O01027	DLF Ltd	Real Estate	22.72	0.02	-66.37	Oct24	5.55
Parag Parikh Flexi Cap Dir Gr	INF879O01027	DLF Ltd	Real Estate	22.72	0.02	-66.37	Nov24	7.52
Parag Parikh Flexi Cap Dir Gr	INF879O01027	DLF Ltd	Real Estate	22.72	0.02	-66.37	Dec24	3.56
Parag Parikh Flexi Cap Dir Gr	INF879O01027	DLF Ltd	Real Estate	22.72	0.02	-66.37	Jan25	5.32
Parag Parikh Flexi Cap Dir Gr	INF879O01027	DLF Ltd	Real Estate	22.72	0.02	-66.37	Feb25	5.59
Parag Parikh Flexi Cap Dir Gr	INF879O01027	DLF Ltd	Real Estate	22.72	0.02	-66.37	Mar25	15.51
Parag Parikh Flexi Cap Dir Gr	INF879O01027	DLF Ltd	Real Estate	22.72	0.02	-66.37	Mar25	15.51
Parag Parikh Flexi Cap Dir Gr	INF879O01027	DLF Ltd	Real Estate	22.72	0.02	-66.37	Apr25	12.51
Parag Parikh Flexi Cap Dir Gr	INF879O01027	DLF Ltd	Real Estate	22.72	0.02	-66.37	May25	11.15
Parag Parikh Flexi Cap Dir Gr	INF879O01027	DLF Ltd	Real Estate	22.72	0.02	-66.37	June25	10.18
Parag Parikh Flexi Cap Dir Gr	INF879O01027	DLF Ltd	Real Estate	22.72	0.02	-66.37	July25	9.19
Parag Parikh Flexi Cap Dir Gr	INF879O01027	DLF Ltd	Real Estate	22.72	0.02	-66.37	Aug25	8.13
Parag Parikh Flexi Cap Dir Gr	INF879O01027	Divi's Laboratories Limited March 2026 Future		-22.48	0.02		Oct24	5.55
Parag Parikh Flexi Cap Dir Gr	INF879O01027	Divi's Laboratories Limited March 2026 Future		-22.48	0.02		Nov24	7.52
Parag Parikh Flexi Cap Dir Gr	INF879O01027	Divi's Laboratories Limited March 2026 Future		-22.48	0.02		Dec24	3.56
Parag Parikh Flexi Cap Dir Gr	INF879O01027	Divi's Laboratories Limited March 2026 Future		-22.48	0.02		Jan25	5.32
Parag Parikh Flexi Cap Dir Gr	INF879O01027	Divi's Laboratories Limited March 2026 Future		-22.48	0.02		Feb25	5.59
Parag Parikh Flexi Cap Dir Gr	INF879O01027	Divi's Laboratories Limited March 2026 Future		-22.48	0.02		Mar25	15.51
Parag Parikh Flexi Cap Dir Gr	INF879O01027	Divi's Laboratories Limited March 2026 Future		-22.48	0.02		Mar25	15.51
Parag Parikh Flexi Cap Dir Gr	INF879O01027	Divi's Laboratories Limited March 2026 Future		-22.48	0.02		Apr25	12.51
Parag Parikh Flexi Cap Dir Gr	INF879O01027	Divi's Laboratories Limited March 2026 Future		-22.48	0.02		May25	11.15
Parag Parikh Flexi Cap Dir Gr	INF879O01027	Divi's Laboratories Limited March 2026 Future		-22.48	0.02		June25	10.18
Parag Parikh Flexi Cap Dir Gr	INF879O01027	Divi's Laboratories Limited March 2026 Future		-22.48	0.02		July25	9.19
Parag Parikh Flexi Cap Dir Gr	INF879O01027	Divi's Laboratories Limited March 2026 Future		-22.48	0.02		Aug25	8.13
Parag Parikh Flexi Cap Dir Gr	INF879O01027	Divi's Laboratories Ltd	Healthcare	22.37	0.02	-11.87	Oct24	5.55
Parag Parikh Flexi Cap Dir Gr	INF879O01027	Divi's Laboratories Ltd	Healthcare	22.37	0.02	-11.87	Nov24	7.52
Parag Parikh Flexi Cap Dir Gr	INF879O01027	Divi's Laboratories Ltd	Healthcare	22.37	0.02	-11.87	Dec24	3.56
Parag Parikh Flexi Cap Dir Gr	INF879O01027	Divi's Laboratories Ltd	Healthcare	22.37	0.02	-11.87	Jan25	5.32
Parag Parikh Flexi Cap Dir Gr	INF879O01027	Divi's Laboratories Ltd	Healthcare	22.37	0.02	-11.87	Feb25	5.59
Parag Parikh Flexi Cap Dir Gr	INF879O01027	Divi's Laboratories Ltd	Healthcare	22.37	0.02	-11.87	Mar25	15.51
Parag Parikh Flexi Cap Dir Gr	INF879O01027	Divi's Laboratories Ltd	Healthcare	22.37	0.02	-11.87	Mar25	15.51
Parag Parikh Flexi Cap Dir Gr	INF879O01027	Divi's Laboratories Ltd	Healthcare	22.37	0.02	-11.87	Apr25	12.51
Parag Parikh Flexi Cap Dir Gr	INF879O01027	Divi's Laboratories Ltd	Healthcare	22.37	0.02	-11.87	May25	11.15
Parag Parikh Flexi Cap Dir Gr	INF879O01027	Divi's Laboratories Ltd	Healthcare	22.37	0.02	-11.87	June25	10.18
Parag Parikh Flexi Cap Dir Gr	INF879O01027	Divi's Laboratories Ltd	Healthcare	22.37	0.02	-11.87	July25	9.19
Parag Parikh Flexi Cap Dir Gr	INF879O01027	Divi's Laboratories Ltd	Healthcare	22.37	0.02	-11.87	Aug25	8.13
Parag Parikh Flexi Cap Dir Gr	INF879O01027	CIE Automotive India Ltd	Consumer Cyclical	21.89	0.02	0.43	Oct24	5.55
Parag Parikh Flexi Cap Dir Gr	INF879O01027	CIE Automotive India Ltd	Consumer Cyclical	21.89	0.02	0.43	Nov24	7.52
Parag Parikh Flexi Cap Dir Gr	INF879O01027	CIE Automotive India Ltd	Consumer Cyclical	21.89	0.02	0.43	Dec24	3.56
Parag Parikh Flexi Cap Dir Gr	INF879O01027	CIE Automotive India Ltd	Consumer Cyclical	21.89	0.02	0.43	Jan25	5.32
Parag Parikh Flexi Cap Dir Gr	INF879O01027	CIE Automotive India Ltd	Consumer Cyclical	21.89	0.02	0.43	Feb25	5.59
Parag Parikh Flexi Cap Dir Gr	INF879O01027	CIE Automotive India Ltd	Consumer Cyclical	21.89	0.02	0.43	Mar25	15.51
Parag Parikh Flexi Cap Dir Gr	INF879O01027	CIE Automotive India Ltd	Consumer Cyclical	21.89	0.02	0.43	Mar25	15.51
Parag Parikh Flexi Cap Dir Gr	INF879O01027	CIE Automotive India Ltd	Consumer Cyclical	21.89	0.02	0.43	Apr25	12.51
Parag Parikh Flexi Cap Dir Gr	INF879O01027	CIE Automotive India Ltd	Consumer Cyclical	21.89	0.02	0.43	May25	11.15
Parag Parikh Flexi Cap Dir Gr	INF879O01027	CIE Automotive India Ltd	Consumer Cyclical	21.89	0.02	0.43	June25	10.18
Parag Parikh Flexi Cap Dir Gr	INF879O01027	CIE Automotive India Ltd	Consumer Cyclical	21.89	0.02	0.43	July25	9.19
Parag Parikh Flexi Cap Dir Gr	INF879O01027	CIE Automotive India Ltd	Consumer Cyclical	21.89	0.02	0.43	Aug25	8.13
Parag Parikh Flexi Cap Dir Gr	INF879O01027	Tata Consumer Future Mar 26		-17.80	0.01		Oct24	5.55
Parag Parikh Flexi Cap Dir Gr	INF879O01027	Tata Consumer Future Mar 26		-17.80	0.01		Nov24	7.52
Parag Parikh Flexi Cap Dir Gr	INF879O01027	Tata Consumer Future Mar 26		-17.80	0.01		Dec24	3.56
Parag Parikh Flexi Cap Dir Gr	INF879O01027	Tata Consumer Future Mar 26		-17.80	0.01		Jan25	5.32
Parag Parikh Flexi Cap Dir Gr	INF879O01027	Tata Consumer Future Mar 26		-17.80	0.01		Feb25	5.59
Parag Parikh Flexi Cap Dir Gr	INF879O01027	Tata Consumer Future Mar 26		-17.80	0.01		Mar25	15.51
Parag Parikh Flexi Cap Dir Gr	INF879O01027	Tata Consumer Future Mar 26		-17.80	0.01		Mar25	15.51
Parag Parikh Flexi Cap Dir Gr	INF879O01027	Tata Consumer Future Mar 26		-17.80	0.01		Apr25	12.51
Parag Parikh Flexi Cap Dir Gr	INF879O01027	Tata Consumer Future Mar 26		-17.80	0.01		May25	11.15
Parag Parikh Flexi Cap Dir Gr	INF879O01027	Tata Consumer Future Mar 26		-17.80	0.01		June25	10.18
Parag Parikh Flexi Cap Dir Gr	INF879O01027	Tata Consumer Future Mar 26		-17.80	0.01		July25	9.19
Parag Parikh Flexi Cap Dir Gr	INF879O01027	Tata Consumer Future Mar 26		-17.80	0.01		Aug25	8.13
Parag Parikh Flexi Cap Dir Gr	INF879O01027	Tata Consumer Products Ltd	Consumer Defensive	17.70	0.01	0.00	Oct24	5.55
Parag Parikh Flexi Cap Dir Gr	INF879O01027	Tata Consumer Products Ltd	Consumer Defensive	17.70	0.01	0.00	Nov24	7.52
Parag Parikh Flexi Cap Dir Gr	INF879O01027	Tata Consumer Products Ltd	Consumer Defensive	17.70	0.01	0.00	Dec24	3.56
Parag Parikh Flexi Cap Dir Gr	INF879O01027	Tata Consumer Products Ltd	Consumer Defensive	17.70	0.01	0.00	Jan25	5.32
Parag Parikh Flexi Cap Dir Gr	INF879O01027	Tata Consumer Products Ltd	Consumer Defensive	17.70	0.01	0.00	Feb25	5.59
Parag Parikh Flexi Cap Dir Gr	INF879O01027	Tata Consumer Products Ltd	Consumer Defensive	17.70	0.01	0.00	Mar25	15.51
Parag Parikh Flexi Cap Dir Gr	INF879O01027	Tata Consumer Products Ltd	Consumer Defensive	17.70	0.01	0.00	Mar25	15.51
Parag Parikh Flexi Cap Dir Gr	INF879O01027	Tata Consumer Products Ltd	Consumer Defensive	17.70	0.01	0.00	Apr25	12.51
Parag Parikh Flexi Cap Dir Gr	INF879O01027	Tata Consumer Products Ltd	Consumer Defensive	17.70	0.01	0.00	May25	11.15
Parag Parikh Flexi Cap Dir Gr	INF879O01027	Tata Consumer Products Ltd	Consumer Defensive	17.70	0.01	0.00	June25	10.18
Parag Parikh Flexi Cap Dir Gr	INF879O01027	Tata Consumer Products Ltd	Consumer Defensive	17.70	0.01	0.00	July25	9.19
Parag Parikh Flexi Cap Dir Gr	INF879O01027	Tata Consumer Products Ltd	Consumer Defensive	17.70	0.01	0.00	Aug25	8.13
Parag Parikh Flexi Cap Dir Gr	INF879O01027	Eicher Motors Limited March 2026 Future		-17.23	0.01		Oct24	5.55
Parag Parikh Flexi Cap Dir Gr	INF879O01027	Eicher Motors Limited March 2026 Future		-17.23	0.01		Nov24	7.52
Parag Parikh Flexi Cap Dir Gr	INF879O01027	Eicher Motors Limited March 2026 Future		-17.23	0.01		Dec24	3.56
Parag Parikh Flexi Cap Dir Gr	INF879O01027	Eicher Motors Limited March 2026 Future		-17.23	0.01		Jan25	5.32
Parag Parikh Flexi Cap Dir Gr	INF879O01027	Eicher Motors Limited March 2026 Future		-17.23	0.01		Feb25	5.59
Parag Parikh Flexi Cap Dir Gr	INF879O01027	Eicher Motors Limited March 2026 Future		-17.23	0.01		Mar25	15.51
Parag Parikh Flexi Cap Dir Gr	INF879O01027	Eicher Motors Limited March 2026 Future		-17.23	0.01		Mar25	15.51
Parag Parikh Flexi Cap Dir Gr	INF879O01027	Eicher Motors Limited March 2026 Future		-17.23	0.01		Apr25	12.51
Parag Parikh Flexi Cap Dir Gr	INF879O01027	Eicher Motors Limited March 2026 Future		-17.23	0.01		May25	11.15
Parag Parikh Flexi Cap Dir Gr	INF879O01027	Eicher Motors Limited March 2026 Future		-17.23	0.01		June25	10.18
Parag Parikh Flexi Cap Dir Gr	INF879O01027	Eicher Motors Limited March 2026 Future		-17.23	0.01		July25	9.19
Parag Parikh Flexi Cap Dir Gr	INF879O01027	Eicher Motors Limited March 2026 Future		-17.23	0.01		Aug25	8.13
Parag Parikh Flexi Cap Dir Gr	INF879O01027	Eicher Motors Ltd	Consumer Cyclical	17.14	0.01	0.00	Oct24	5.55
Parag Parikh Flexi Cap Dir Gr	INF879O01027	Eicher Motors Ltd	Consumer Cyclical	17.14	0.01	0.00	Nov24	7.52
Parag Parikh Flexi Cap Dir Gr	INF879O01027	Eicher Motors Ltd	Consumer Cyclical	17.14	0.01	0.00	Dec24	3.56
Parag Parikh Flexi Cap Dir Gr	INF879O01027	Eicher Motors Ltd	Consumer Cyclical	17.14	0.01	0.00	Jan25	5.32
Parag Parikh Flexi Cap Dir Gr	INF879O01027	Eicher Motors Ltd	Consumer Cyclical	17.14	0.01	0.00	Feb25	5.59
Parag Parikh Flexi Cap Dir Gr	INF879O01027	Eicher Motors Ltd	Consumer Cyclical	17.14	0.01	0.00	Mar25	15.51
Parag Parikh Flexi Cap Dir Gr	INF879O01027	Eicher Motors Ltd	Consumer Cyclical	17.14	0.01	0.00	Mar25	15.51
Parag Parikh Flexi Cap Dir Gr	INF879O01027	Eicher Motors Ltd	Consumer Cyclical	17.14	0.01	0.00	Apr25	12.51
Parag Parikh Flexi Cap Dir Gr	INF879O01027	Eicher Motors Ltd	Consumer Cyclical	17.14	0.01	0.00	May25	11.15
Parag Parikh Flexi Cap Dir Gr	INF879O01027	Eicher Motors Ltd	Consumer Cyclical	17.14	0.01	0.00	June25	10.18
Parag Parikh Flexi Cap Dir Gr	INF879O01027	Eicher Motors Ltd	Consumer Cyclical	17.14	0.01	0.00	July25	9.19
Parag Parikh Flexi Cap Dir Gr	INF879O01027	Eicher Motors Ltd	Consumer Cyclical	17.14	0.01	0.00	Aug25	8.13
Parag Parikh Flexi Cap Dir Gr	INF879O01027	Nesco Ltd	Industrials	17.04	0.01	0.00	Oct24	5.55
Parag Parikh Flexi Cap Dir Gr	INF879O01027	Nesco Ltd	Industrials	17.04	0.01	0.00	Nov24	7.52
Parag Parikh Flexi Cap Dir Gr	INF879O01027	Nesco Ltd	Industrials	17.04	0.01	0.00	Dec24	3.56
Parag Parikh Flexi Cap Dir Gr	INF879O01027	Nesco Ltd	Industrials	17.04	0.01	0.00	Jan25	5.32
Parag Parikh Flexi Cap Dir Gr	INF879O01027	Nesco Ltd	Industrials	17.04	0.01	0.00	Feb25	5.59
Parag Parikh Flexi Cap Dir Gr	INF879O01027	Nesco Ltd	Industrials	17.04	0.01	0.00	Mar25	15.51
Parag Parikh Flexi Cap Dir Gr	INF879O01027	Nesco Ltd	Industrials	17.04	0.01	0.00	Mar25	15.51
Parag Parikh Flexi Cap Dir Gr	INF879O01027	Nesco Ltd	Industrials	17.04	0.01	0.00	Apr25	12.51
Parag Parikh Flexi Cap Dir Gr	INF879O01027	Nesco Ltd	Industrials	17.04	0.01	0.00	May25	11.15
Parag Parikh Flexi Cap Dir Gr	INF879O01027	Nesco Ltd	Industrials	17.04	0.01	0.00	June25	10.18
Parag Parikh Flexi Cap Dir Gr	INF879O01027	Nesco Ltd	Industrials	17.04	0.01	0.00	July25	9.19
Parag Parikh Flexi Cap Dir Gr	INF879O01027	Nesco Ltd	Industrials	17.04	0.01	0.00	Aug25	8.13
Parag Parikh Flexi Cap Dir Gr	INF879O01027	Swaraj Engines Ltd	Consumer Cyclical	17.00	0.01	0.00	Oct24	5.55
Parag Parikh Flexi Cap Dir Gr	INF879O01027	Swaraj Engines Ltd	Consumer Cyclical	17.00	0.01	0.00	Nov24	7.52
Parag Parikh Flexi Cap Dir Gr	INF879O01027	Swaraj Engines Ltd	Consumer Cyclical	17.00	0.01	0.00	Dec24	3.56
Parag Parikh Flexi Cap Dir Gr	INF879O01027	Swaraj Engines Ltd	Consumer Cyclical	17.00	0.01	0.00	Jan25	5.32
Parag Parikh Flexi Cap Dir Gr	INF879O01027	Swaraj Engines Ltd	Consumer Cyclical	17.00	0.01	0.00	Feb25	5.59
Parag Parikh Flexi Cap Dir Gr	INF879O01027	Swaraj Engines Ltd	Consumer Cyclical	17.00	0.01	0.00	Mar25	15.51
Parag Parikh Flexi Cap Dir Gr	INF879O01027	Swaraj Engines Ltd	Consumer Cyclical	17.00	0.01	0.00	Mar25	15.51
Parag Parikh Flexi Cap Dir Gr	INF879O01027	Swaraj Engines Ltd	Consumer Cyclical	17.00	0.01	0.00	Apr25	12.51
Parag Parikh Flexi Cap Dir Gr	INF879O01027	Swaraj Engines Ltd	Consumer Cyclical	17.00	0.01	0.00	May25	11.15
Parag Parikh Flexi Cap Dir Gr	INF879O01027	Swaraj Engines Ltd	Consumer Cyclical	17.00	0.01	0.00	June25	10.18
Parag Parikh Flexi Cap Dir Gr	INF879O01027	Swaraj Engines Ltd	Consumer Cyclical	17.00	0.01	0.00	July25	9.19
Parag Parikh Flexi Cap Dir Gr	INF879O01027	Swaraj Engines Ltd	Consumer Cyclical	17.00	0.01	0.00	Aug25	8.13
Parag Parikh Flexi Cap Dir Gr	INF879O01027	Lic Housing Finance Limited March 2026 Future		-16.99	0.01		Oct24	5.55
Parag Parikh Flexi Cap Dir Gr	INF879O01027	Lic Housing Finance Limited March 2026 Future		-16.99	0.01		Nov24	7.52
Parag Parikh Flexi Cap Dir Gr	INF879O01027	Lic Housing Finance Limited March 2026 Future		-16.99	0.01		Dec24	3.56
Parag Parikh Flexi Cap Dir Gr	INF879O01027	Lic Housing Finance Limited March 2026 Future		-16.99	0.01		Jan25	5.32
Parag Parikh Flexi Cap Dir Gr	INF879O01027	Lic Housing Finance Limited March 2026 Future		-16.99	0.01		Feb25	5.59
Parag Parikh Flexi Cap Dir Gr	INF879O01027	Lic Housing Finance Limited March 2026 Future		-16.99	0.01		Mar25	15.51
Parag Parikh Flexi Cap Dir Gr	INF879O01027	Lic Housing Finance Limited March 2026 Future		-16.99	0.01		Mar25	15.51
Parag Parikh Flexi Cap Dir Gr	INF879O01027	Lic Housing Finance Limited March 2026 Future		-16.99	0.01		Apr25	12.51
Parag Parikh Flexi Cap Dir Gr	INF879O01027	Lic Housing Finance Limited March 2026 Future		-16.99	0.01		May25	11.15
Parag Parikh Flexi Cap Dir Gr	INF879O01027	Lic Housing Finance Limited March 2026 Future		-16.99	0.01		June25	10.18
Parag Parikh Flexi Cap Dir Gr	INF879O01027	Lic Housing Finance Limited March 2026 Future		-16.99	0.01		July25	9.19
Parag Parikh Flexi Cap Dir Gr	INF879O01027	Lic Housing Finance Limited March 2026 Future		-16.99	0.01		Aug25	8.13
Parag Parikh Flexi Cap Dir Gr	INF879O01027	LIC Housing Finance Ltd	Financial Services	16.94	0.01	-46.70	Oct24	5.55
Parag Parikh Flexi Cap Dir Gr	INF879O01027	LIC Housing Finance Ltd	Financial Services	16.94	0.01	-46.70	Nov24	7.52
Parag Parikh Flexi Cap Dir Gr	INF879O01027	LIC Housing Finance Ltd	Financial Services	16.94	0.01	-46.70	Dec24	3.56
Parag Parikh Flexi Cap Dir Gr	INF879O01027	LIC Housing Finance Ltd	Financial Services	16.94	0.01	-46.70	Jan25	5.32
Parag Parikh Flexi Cap Dir Gr	INF879O01027	LIC Housing Finance Ltd	Financial Services	16.94	0.01	-46.70	Feb25	5.59
Parag Parikh Flexi Cap Dir Gr	INF879O01027	LIC Housing Finance Ltd	Financial Services	16.94	0.01	-46.70	Mar25	15.51
Parag Parikh Flexi Cap Dir Gr	INF879O01027	LIC Housing Finance Ltd	Financial Services	16.94	0.01	-46.70	Mar25	15.51
Parag Parikh Flexi Cap Dir Gr	INF879O01027	LIC Housing Finance Ltd	Financial Services	16.94	0.01	-46.70	Apr25	12.51
Parag Parikh Flexi Cap Dir Gr	INF879O01027	LIC Housing Finance Ltd	Financial Services	16.94	0.01	-46.70	May25	11.15
Parag Parikh Flexi Cap Dir Gr	INF879O01027	LIC Housing Finance Ltd	Financial Services	16.94	0.01	-46.70	June25	10.18
Parag Parikh Flexi Cap Dir Gr	INF879O01027	LIC Housing Finance Ltd	Financial Services	16.94	0.01	-46.70	July25	9.19
Parag Parikh Flexi Cap Dir Gr	INF879O01027	LIC Housing Finance Ltd	Financial Services	16.94	0.01	-46.70	Aug25	8.13
Parag Parikh Flexi Cap Dir Gr	INF879O01027	Lupin Future Mar 26		-11.30	0.01		Oct24	5.55
Parag Parikh Flexi Cap Dir Gr	INF879O01027	Lupin Future Mar 26		-11.30	0.01		Nov24	7.52
Parag Parikh Flexi Cap Dir Gr	INF879O01027	Lupin Future Mar 26		-11.30	0.01		Dec24	3.56
Parag Parikh Flexi Cap Dir Gr	INF879O01027	Lupin Future Mar 26		-11.30	0.01		Jan25	5.32
Parag Parikh Flexi Cap Dir Gr	INF879O01027	Lupin Future Mar 26		-11.30	0.01		Feb25	5.59
Parag Parikh Flexi Cap Dir Gr	INF879O01027	Lupin Future Mar 26		-11.30	0.01		Mar25	15.51
Parag Parikh Flexi Cap Dir Gr	INF879O01027	Lupin Future Mar 26		-11.30	0.01		Mar25	15.51
Parag Parikh Flexi Cap Dir Gr	INF879O01027	Lupin Future Mar 26		-11.30	0.01		Apr25	12.51
Parag Parikh Flexi Cap Dir Gr	INF879O01027	Lupin Future Mar 26		-11.30	0.01		May25	11.15
Parag Parikh Flexi Cap Dir Gr	INF879O01027	Lupin Future Mar 26		-11.30	0.01		June25	10.18
Parag Parikh Flexi Cap Dir Gr	INF879O01027	Lupin Future Mar 26		-11.30	0.01		July25	9.19
Parag Parikh Flexi Cap Dir Gr	INF879O01027	Lupin Future Mar 26		-11.30	0.01		Aug25	8.13
Parag Parikh Flexi Cap Dir Gr	INF879O01027	Lupin Ltd	Healthcare	11.25	0.01	0.00	Oct24	5.55
Parag Parikh Flexi Cap Dir Gr	INF879O01027	Lupin Ltd	Healthcare	11.25	0.01	0.00	Nov24	7.52
Parag Parikh Flexi Cap Dir Gr	INF879O01027	Lupin Ltd	Healthcare	11.25	0.01	0.00	Dec24	3.56
Parag Parikh Flexi Cap Dir Gr	INF879O01027	Lupin Ltd	Healthcare	11.25	0.01	0.00	Jan25	5.32
Parag Parikh Flexi Cap Dir Gr	INF879O01027	Lupin Ltd	Healthcare	11.25	0.01	0.00	Feb25	5.59
Parag Parikh Flexi Cap Dir Gr	INF879O01027	Lupin Ltd	Healthcare	11.25	0.01	0.00	Mar25	15.51
Parag Parikh Flexi Cap Dir Gr	INF879O01027	Lupin Ltd	Healthcare	11.25	0.01	0.00	Mar25	15.51
Parag Parikh Flexi Cap Dir Gr	INF879O01027	Lupin Ltd	Healthcare	11.25	0.01	0.00	Apr25	12.51
Parag Parikh Flexi Cap Dir Gr	INF879O01027	Lupin Ltd	Healthcare	11.25	0.01	0.00	May25	11.15
Parag Parikh Flexi Cap Dir Gr	INF879O01027	Lupin Ltd	Healthcare	11.25	0.01	0.00	June25	10.18
Parag Parikh Flexi Cap Dir Gr	INF879O01027	Lupin Ltd	Healthcare	11.25	0.01	0.00	July25	9.19
Parag Parikh Flexi Cap Dir Gr	INF879O01027	Lupin Ltd	Healthcare	11.25	0.01	0.00	Aug25	8.13
Parag Parikh Flexi Cap Dir Gr	INF879O01027	IDFC First Bank Ltd	Financial Services	10.90	0.01	-58.55	Oct24	5.55
Parag Parikh Flexi Cap Dir Gr	INF879O01027	IDFC First Bank Ltd	Financial Services	10.90	0.01	-58.55	Nov24	7.52
Parag Parikh Flexi Cap Dir Gr	INF879O01027	IDFC First Bank Ltd	Financial Services	10.90	0.01	-58.55	Dec24	3.56
Parag Parikh Flexi Cap Dir Gr	INF879O01027	IDFC First Bank Ltd	Financial Services	10.90	0.01	-58.55	Jan25	5.32
Parag Parikh Flexi Cap Dir Gr	INF879O01027	IDFC First Bank Ltd	Financial Services	10.90	0.01	-58.55	Feb25	5.59
Parag Parikh Flexi Cap Dir Gr	INF879O01027	IDFC First Bank Ltd	Financial Services	10.90	0.01	-58.55	Mar25	15.51
Parag Parikh Flexi Cap Dir Gr	INF879O01027	IDFC First Bank Ltd	Financial Services	10.90	0.01	-58.55	Mar25	15.51
Parag Parikh Flexi Cap Dir Gr	INF879O01027	IDFC First Bank Ltd	Financial Services	10.90	0.01	-58.55	Apr25	12.51
Parag Parikh Flexi Cap Dir Gr	INF879O01027	IDFC First Bank Ltd	Financial Services	10.90	0.01	-58.55	May25	11.15
Parag Parikh Flexi Cap Dir Gr	INF879O01027	IDFC First Bank Ltd	Financial Services	10.90	0.01	-58.55	June25	10.18
Parag Parikh Flexi Cap Dir Gr	INF879O01027	IDFC First Bank Ltd	Financial Services	10.90	0.01	-58.55	July25	9.19
Parag Parikh Flexi Cap Dir Gr	INF879O01027	IDFC First Bank Ltd	Financial Services	10.90	0.01	-58.55	Aug25	8.13
Parag Parikh Flexi Cap Dir Gr	INF879O01027	Hindustan Petroleum Corporation Limited March 2026 Future		-7.65	0.01		Oct24	5.55
Parag Parikh Flexi Cap Dir Gr	INF879O01027	Hindustan Petroleum Corporation Limited March 2026 Future		-7.65	0.01		Nov24	7.52
Parag Parikh Flexi Cap Dir Gr	INF879O01027	Hindustan Petroleum Corporation Limited March 2026 Future		-7.65	0.01		Dec24	3.56
Parag Parikh Flexi Cap Dir Gr	INF879O01027	Hindustan Petroleum Corporation Limited March 2026 Future		-7.65	0.01		Jan25	5.32
Parag Parikh Flexi Cap Dir Gr	INF879O01027	Hindustan Petroleum Corporation Limited March 2026 Future		-7.65	0.01		Feb25	5.59
Parag Parikh Flexi Cap Dir Gr	INF879O01027	Hindustan Petroleum Corporation Limited March 2026 Future		-7.65	0.01		Mar25	15.51
Parag Parikh Flexi Cap Dir Gr	INF879O01027	Hindustan Petroleum Corporation Limited March 2026 Future		-7.65	0.01		Mar25	15.51
Parag Parikh Flexi Cap Dir Gr	INF879O01027	Hindustan Petroleum Corporation Limited March 2026 Future		-7.65	0.01		Apr25	12.51
Parag Parikh Flexi Cap Dir Gr	INF879O01027	Hindustan Petroleum Corporation Limited March 2026 Future		-7.65	0.01		May25	11.15
Parag Parikh Flexi Cap Dir Gr	INF879O01027	Hindustan Petroleum Corporation Limited March 2026 Future		-7.65	0.01		June25	10.18
Parag Parikh Flexi Cap Dir Gr	INF879O01027	Hindustan Petroleum Corporation Limited March 2026 Future		-7.65	0.01		July25	9.19
Parag Parikh Flexi Cap Dir Gr	INF879O01027	Hindustan Petroleum Corporation Limited March 2026 Future		-7.65	0.01		Aug25	8.13
Parag Parikh Flexi Cap Dir Gr	INF879O01027	Hindustan Petroleum Corp Ltd	Energy	7.64	0.01	0.00	Oct24	5.55
Parag Parikh Flexi Cap Dir Gr	INF879O01027	Hindustan Petroleum Corp Ltd	Energy	7.64	0.01	0.00	Nov24	7.52
Parag Parikh Flexi Cap Dir Gr	INF879O01027	Hindustan Petroleum Corp Ltd	Energy	7.64	0.01	0.00	Dec24	3.56
Parag Parikh Flexi Cap Dir Gr	INF879O01027	Hindustan Petroleum Corp Ltd	Energy	7.64	0.01	0.00	Jan25	5.32
Parag Parikh Flexi Cap Dir Gr	INF879O01027	Hindustan Petroleum Corp Ltd	Energy	7.64	0.01	0.00	Feb25	5.59
Parag Parikh Flexi Cap Dir Gr	INF879O01027	Hindustan Petroleum Corp Ltd	Energy	7.64	0.01	0.00	Mar25	15.51
Parag Parikh Flexi Cap Dir Gr	INF879O01027	Hindustan Petroleum Corp Ltd	Energy	7.64	0.01	0.00	Mar25	15.51
Parag Parikh Flexi Cap Dir Gr	INF879O01027	Hindustan Petroleum Corp Ltd	Energy	7.64	0.01	0.00	Apr25	12.51
Parag Parikh Flexi Cap Dir Gr	INF879O01027	Hindustan Petroleum Corp Ltd	Energy	7.64	0.01	0.00	May25	11.15
Parag Parikh Flexi Cap Dir Gr	INF879O01027	Hindustan Petroleum Corp Ltd	Energy	7.64	0.01	0.00	June25	10.18
Parag Parikh Flexi Cap Dir Gr	INF879O01027	Hindustan Petroleum Corp Ltd	Energy	7.64	0.01	0.00	July25	9.19
Parag Parikh Flexi Cap Dir Gr	INF879O01027	Hindustan Petroleum Corp Ltd	Energy	7.64	0.01	0.00	Aug25	8.13
Parag Parikh Flexi Cap Dir Gr	INF879O01027	Nmdc Limited March 2026 Future		-6.70	0.00		Oct24	5.55
Parag Parikh Flexi Cap Dir Gr	INF879O01027	Nmdc Limited March 2026 Future		-6.70	0.00		Nov24	7.52
Parag Parikh Flexi Cap Dir Gr	INF879O01027	Nmdc Limited March 2026 Future		-6.70	0.00		Dec24	3.56
Parag Parikh Flexi Cap Dir Gr	INF879O01027	Nmdc Limited March 2026 Future		-6.70	0.00		Jan25	5.32
Parag Parikh Flexi Cap Dir Gr	INF879O01027	Nmdc Limited March 2026 Future		-6.70	0.00		Feb25	5.59
Parag Parikh Flexi Cap Dir Gr	INF879O01027	Nmdc Limited March 2026 Future		-6.70	0.00		Mar25	15.51
Parag Parikh Flexi Cap Dir Gr	INF879O01027	Nmdc Limited March 2026 Future		-6.70	0.00		Mar25	15.51
Parag Parikh Flexi Cap Dir Gr	INF879O01027	Nmdc Limited March 2026 Future		-6.70	0.00		Apr25	12.51
Parag Parikh Flexi Cap Dir Gr	INF879O01027	Nmdc Limited March 2026 Future		-6.70	0.00		May25	11.15
Parag Parikh Flexi Cap Dir Gr	INF879O01027	Nmdc Limited March 2026 Future		-6.70	0.00		June25	10.18
Parag Parikh Flexi Cap Dir Gr	INF879O01027	Nmdc Limited March 2026 Future		-6.70	0.00		July25	9.19
Parag Parikh Flexi Cap Dir Gr	INF879O01027	Nmdc Limited March 2026 Future		-6.70	0.00		Aug25	8.13
Parag Parikh Flexi Cap Dir Gr	INF879O01027	NMDC Ltd	Basic Materials	6.68	0.00	-45.50	Oct24	5.55
Parag Parikh Flexi Cap Dir Gr	INF879O01027	NMDC Ltd	Basic Materials	6.68	0.00	-45.50	Nov24	7.52
Parag Parikh Flexi Cap Dir Gr	INF879O01027	NMDC Ltd	Basic Materials	6.68	0.00	-45.50	Dec24	3.56
Parag Parikh Flexi Cap Dir Gr	INF879O01027	NMDC Ltd	Basic Materials	6.68	0.00	-45.50	Jan25	5.32
Parag Parikh Flexi Cap Dir Gr	INF879O01027	NMDC Ltd	Basic Materials	6.68	0.00	-45.50	Feb25	5.59
Parag Parikh Flexi Cap Dir Gr	INF879O01027	NMDC Ltd	Basic Materials	6.68	0.00	-45.50	Mar25	15.51
Parag Parikh Flexi Cap Dir Gr	INF879O01027	NMDC Ltd	Basic Materials	6.68	0.00	-45.50	Mar25	15.51
Parag Parikh Flexi Cap Dir Gr	INF879O01027	NMDC Ltd	Basic Materials	6.68	0.00	-45.50	Apr25	12.51
Parag Parikh Flexi Cap Dir Gr	INF879O01027	NMDC Ltd	Basic Materials	6.68	0.00	-45.50	May25	11.15
Parag Parikh Flexi Cap Dir Gr	INF879O01027	NMDC Ltd	Basic Materials	6.68	0.00	-45.50	June25	10.18
Parag Parikh Flexi Cap Dir Gr	INF879O01027	NMDC Ltd	Basic Materials	6.68	0.00	-45.50	July25	9.19
Parag Parikh Flexi Cap Dir Gr	INF879O01027	NMDC Ltd	Basic Materials	6.68	0.00	-45.50	Aug25	8.13
Parag Parikh Flexi Cap Dir Gr	INF879O01027	Shriram Finance Limited March 2026 Future		-6.62	0.00		Oct24	5.55
Parag Parikh Flexi Cap Dir Gr	INF879O01027	Shriram Finance Limited March 2026 Future		-6.62	0.00		Nov24	7.52
Parag Parikh Flexi Cap Dir Gr	INF879O01027	Shriram Finance Limited March 2026 Future		-6.62	0.00		Dec24	3.56
Parag Parikh Flexi Cap Dir Gr	INF879O01027	Shriram Finance Limited March 2026 Future		-6.62	0.00		Jan25	5.32
Parag Parikh Flexi Cap Dir Gr	INF879O01027	Shriram Finance Limited March 2026 Future		-6.62	0.00		Feb25	5.59
Parag Parikh Flexi Cap Dir Gr	INF879O01027	Shriram Finance Limited March 2026 Future		-6.62	0.00		Mar25	15.51
Parag Parikh Flexi Cap Dir Gr	INF879O01027	Shriram Finance Limited March 2026 Future		-6.62	0.00		Mar25	15.51
Parag Parikh Flexi Cap Dir Gr	INF879O01027	Shriram Finance Limited March 2026 Future		-6.62	0.00		Apr25	12.51
Parag Parikh Flexi Cap Dir Gr	INF879O01027	Shriram Finance Limited March 2026 Future		-6.62	0.00		May25	11.15
Parag Parikh Flexi Cap Dir Gr	INF879O01027	Shriram Finance Limited March 2026 Future		-6.62	0.00		June25	10.18
Parag Parikh Flexi Cap Dir Gr	INF879O01027	Shriram Finance Limited March 2026 Future		-6.62	0.00		July25	9.19
Parag Parikh Flexi Cap Dir Gr	INF879O01027	Shriram Finance Limited March 2026 Future		-6.62	0.00		Aug25	8.13
Parag Parikh Flexi Cap Dir Gr	INF879O01027	Shriram Finance Ltd	Financial Services	6.59	0.00	-51.95	Oct24	5.55
Parag Parikh Flexi Cap Dir Gr	INF879O01027	Shriram Finance Ltd	Financial Services	6.59	0.00	-51.95	Nov24	7.52
Parag Parikh Flexi Cap Dir Gr	INF879O01027	Shriram Finance Ltd	Financial Services	6.59	0.00	-51.95	Dec24	3.56
Parag Parikh Flexi Cap Dir Gr	INF879O01027	Shriram Finance Ltd	Financial Services	6.59	0.00	-51.95	Jan25	5.32
Parag Parikh Flexi Cap Dir Gr	INF879O01027	Shriram Finance Ltd	Financial Services	6.59	0.00	-51.95	Feb25	5.59
Parag Parikh Flexi Cap Dir Gr	INF879O01027	Shriram Finance Ltd	Financial Services	6.59	0.00	-51.95	Mar25	15.51
Parag Parikh Flexi Cap Dir Gr	INF879O01027	Shriram Finance Ltd	Financial Services	6.59	0.00	-51.95	Mar25	15.51
Parag Parikh Flexi Cap Dir Gr	INF879O01027	Shriram Finance Ltd	Financial Services	6.59	0.00	-51.95	Apr25	12.51
Parag Parikh Flexi Cap Dir Gr	INF879O01027	Shriram Finance Ltd	Financial Services	6.59	0.00	-51.95	May25	11.15
Parag Parikh Flexi Cap Dir Gr	INF879O01027	Shriram Finance Ltd	Financial Services	6.59	0.00	-51.95	June25	10.18
Parag Parikh Flexi Cap Dir Gr	INF879O01027	Shriram Finance Ltd	Financial Services	6.59	0.00	-51.95	July25	9.19
Parag Parikh Flexi Cap Dir Gr	INF879O01027	Shriram Finance Ltd	Financial Services	6.59	0.00	-51.95	Aug25	8.13
Parag Parikh Flexi Cap Dir Gr	INF879O01027	Pnb Housing Finance Limited March 2026 Future		-5.40	0.00		Oct24	5.55
Parag Parikh Flexi Cap Dir Gr	INF879O01027	Pnb Housing Finance Limited March 2026 Future		-5.40	0.00		Nov24	7.52
Parag Parikh Flexi Cap Dir Gr	INF879O01027	Pnb Housing Finance Limited March 2026 Future		-5.40	0.00		Dec24	3.56
Parag Parikh Flexi Cap Dir Gr	INF879O01027	Pnb Housing Finance Limited March 2026 Future		-5.40	0.00		Jan25	5.32
Parag Parikh Flexi Cap Dir Gr	INF879O01027	Pnb Housing Finance Limited March 2026 Future		-5.40	0.00		Feb25	5.59
Parag Parikh Flexi Cap Dir Gr	INF879O01027	Pnb Housing Finance Limited March 2026 Future		-5.40	0.00		Mar25	15.51
Parag Parikh Flexi Cap Dir Gr	INF879O01027	Pnb Housing Finance Limited March 2026 Future		-5.40	0.00		Mar25	15.51
Parag Parikh Flexi Cap Dir Gr	INF879O01027	Pnb Housing Finance Limited March 2026 Future		-5.40	0.00		Apr25	12.51
Parag Parikh Flexi Cap Dir Gr	INF879O01027	Pnb Housing Finance Limited March 2026 Future		-5.40	0.00		May25	11.15
Parag Parikh Flexi Cap Dir Gr	INF879O01027	Pnb Housing Finance Limited March 2026 Future		-5.40	0.00		June25	10.18
Parag Parikh Flexi Cap Dir Gr	INF879O01027	Pnb Housing Finance Limited March 2026 Future		-5.40	0.00		July25	9.19
Parag Parikh Flexi Cap Dir Gr	INF879O01027	Pnb Housing Finance Limited March 2026 Future		-5.40	0.00		Aug25	8.13
Parag Parikh Flexi Cap Dir Gr	INF879O01027	PNB Housing Finance Ltd	Financial Services	5.36	0.00	-4.76	Oct24	5.55
Parag Parikh Flexi Cap Dir Gr	INF879O01027	PNB Housing Finance Ltd	Financial Services	5.36	0.00	-4.76	Nov24	7.52
Parag Parikh Flexi Cap Dir Gr	INF879O01027	PNB Housing Finance Ltd	Financial Services	5.36	0.00	-4.76	Dec24	3.56
Parag Parikh Flexi Cap Dir Gr	INF879O01027	PNB Housing Finance Ltd	Financial Services	5.36	0.00	-4.76	Jan25	5.32
Parag Parikh Flexi Cap Dir Gr	INF879O01027	PNB Housing Finance Ltd	Financial Services	5.36	0.00	-4.76	Feb25	5.59
Parag Parikh Flexi Cap Dir Gr	INF879O01027	PNB Housing Finance Ltd	Financial Services	5.36	0.00	-4.76	Mar25	15.51
Parag Parikh Flexi Cap Dir Gr	INF879O01027	PNB Housing Finance Ltd	Financial Services	5.36	0.00	-4.76	Mar25	15.51
Parag Parikh Flexi Cap Dir Gr	INF879O01027	PNB Housing Finance Ltd	Financial Services	5.36	0.00	-4.76	Apr25	12.51
Parag Parikh Flexi Cap Dir Gr	INF879O01027	PNB Housing Finance Ltd	Financial Services	5.36	0.00	-4.76	May25	11.15
Parag Parikh Flexi Cap Dir Gr	INF879O01027	PNB Housing Finance Ltd	Financial Services	5.36	0.00	-4.76	June25	10.18
Parag Parikh Flexi Cap Dir Gr	INF879O01027	PNB Housing Finance Ltd	Financial Services	5.36	0.00	-4.76	July25	9.19
Parag Parikh Flexi Cap Dir Gr	INF879O01027	PNB Housing Finance Ltd	Financial Services	5.36	0.00	-4.76	Aug25	8.13
Parag Parikh Flexi Cap Dir Gr	INF879O01027	Indraprastha Gas Ltd	Utilities	4.89	0.00		Oct24	5.55
Parag Parikh Flexi Cap Dir Gr	INF879O01027	Indraprastha Gas Ltd	Utilities	4.89	0.00		Nov24	7.52
Parag Parikh Flexi Cap Dir Gr	INF879O01027	Indraprastha Gas Ltd	Utilities	4.89	0.00		Dec24	3.56
Parag Parikh Flexi Cap Dir Gr	INF879O01027	Indraprastha Gas Ltd	Utilities	4.89	0.00		Jan25	5.32
Parag Parikh Flexi Cap Dir Gr	INF879O01027	Indraprastha Gas Ltd	Utilities	4.89	0.00		Feb25	5.59
Parag Parikh Flexi Cap Dir Gr	INF879O01027	Indraprastha Gas Ltd	Utilities	4.89	0.00		Mar25	15.51
Parag Parikh Flexi Cap Dir Gr	INF879O01027	Indraprastha Gas Ltd	Utilities	4.89	0.00		Mar25	15.51
Parag Parikh Flexi Cap Dir Gr	INF879O01027	Indraprastha Gas Ltd	Utilities	4.89	0.00		Apr25	12.51
Parag Parikh Flexi Cap Dir Gr	INF879O01027	Indraprastha Gas Ltd	Utilities	4.89	0.00		May25	11.15
Parag Parikh Flexi Cap Dir Gr	INF879O01027	Indraprastha Gas Ltd	Utilities	4.89	0.00		June25	10.18
Parag Parikh Flexi Cap Dir Gr	INF879O01027	Indraprastha Gas Ltd	Utilities	4.89	0.00		July25	9.19
Parag Parikh Flexi Cap Dir Gr	INF879O01027	Indraprastha Gas Ltd	Utilities	4.89	0.00		Aug25	8.13
Parag Parikh Flexi Cap Dir Gr	INF879O01027	Aurobindo Pharma Limited March 2026 Future		-3.92	0.00		Oct24	5.55
Parag Parikh Flexi Cap Dir Gr	INF879O01027	Aurobindo Pharma Limited March 2026 Future		-3.92	0.00		Nov24	7.52
Parag Parikh Flexi Cap Dir Gr	INF879O01027	Aurobindo Pharma Limited March 2026 Future		-3.92	0.00		Dec24	3.56
Parag Parikh Flexi Cap Dir Gr	INF879O01027	Aurobindo Pharma Limited March 2026 Future		-3.92	0.00		Jan25	5.32
Parag Parikh Flexi Cap Dir Gr	INF879O01027	Aurobindo Pharma Limited March 2026 Future		-3.92	0.00		Feb25	5.59
Parag Parikh Flexi Cap Dir Gr	INF879O01027	Aurobindo Pharma Limited March 2026 Future		-3.92	0.00		Mar25	15.51
Parag Parikh Flexi Cap Dir Gr	INF879O01027	Aurobindo Pharma Limited March 2026 Future		-3.92	0.00		Mar25	15.51
Parag Parikh Flexi Cap Dir Gr	INF879O01027	Aurobindo Pharma Limited March 2026 Future		-3.92	0.00		Apr25	12.51
Parag Parikh Flexi Cap Dir Gr	INF879O01027	Aurobindo Pharma Limited March 2026 Future		-3.92	0.00		May25	11.15
Parag Parikh Flexi Cap Dir Gr	INF879O01027	Aurobindo Pharma Limited March 2026 Future		-3.92	0.00		June25	10.18
Parag Parikh Flexi Cap Dir Gr	INF879O01027	Aurobindo Pharma Limited March 2026 Future		-3.92	0.00		July25	9.19
Parag Parikh Flexi Cap Dir Gr	INF879O01027	Aurobindo Pharma Limited March 2026 Future		-3.92	0.00		Aug25	8.13
Parag Parikh Flexi Cap Dir Gr	INF879O01027	Aurobindo Pharma Ltd	Healthcare	3.89	0.00	0.00	Oct24	5.55
Parag Parikh Flexi Cap Dir Gr	INF879O01027	Aurobindo Pharma Ltd	Healthcare	3.89	0.00	0.00	Nov24	7.52
Parag Parikh Flexi Cap Dir Gr	INF879O01027	Aurobindo Pharma Ltd	Healthcare	3.89	0.00	0.00	Dec24	3.56
Parag Parikh Flexi Cap Dir Gr	INF879O01027	Aurobindo Pharma Ltd	Healthcare	3.89	0.00	0.00	Jan25	5.32
Parag Parikh Flexi Cap Dir Gr	INF879O01027	Aurobindo Pharma Ltd	Healthcare	3.89	0.00	0.00	Feb25	5.59
Parag Parikh Flexi Cap Dir Gr	INF879O01027	Aurobindo Pharma Ltd	Healthcare	3.89	0.00	0.00	Mar25	15.51
Parag Parikh Flexi Cap Dir Gr	INF879O01027	Aurobindo Pharma Ltd	Healthcare	3.89	0.00	0.00	Mar25	15.51
Parag Parikh Flexi Cap Dir Gr	INF879O01027	Aurobindo Pharma Ltd	Healthcare	3.89	0.00	0.00	Apr25	12.51
Parag Parikh Flexi Cap Dir Gr	INF879O01027	Aurobindo Pharma Ltd	Healthcare	3.89	0.00	0.00	May25	11.15
Parag Parikh Flexi Cap Dir Gr	INF879O01027	Aurobindo Pharma Ltd	Healthcare	3.89	0.00	0.00	June25	10.18
Parag Parikh Flexi Cap Dir Gr	INF879O01027	Aurobindo Pharma Ltd	Healthcare	3.89	0.00	0.00	July25	9.19
Parag Parikh Flexi Cap Dir Gr	INF879O01027	Aurobindo Pharma Ltd	Healthcare	3.89	0.00	0.00	Aug25	8.13
Parag Parikh Flexi Cap Dir Gr	INF879O01027	Dabur India Limited March 2026 Future		-2.74	0.00		Oct24	5.55
Parag Parikh Flexi Cap Dir Gr	INF879O01027	Dabur India Limited March 2026 Future		-2.74	0.00		Nov24	7.52
Parag Parikh Flexi Cap Dir Gr	INF879O01027	Dabur India Limited March 2026 Future		-2.74	0.00		Dec24	3.56
Parag Parikh Flexi Cap Dir Gr	INF879O01027	Dabur India Limited March 2026 Future		-2.74	0.00		Jan25	5.32
Parag Parikh Flexi Cap Dir Gr	INF879O01027	Dabur India Limited March 2026 Future		-2.74	0.00		Feb25	5.59
Parag Parikh Flexi Cap Dir Gr	INF879O01027	Dabur India Limited March 2026 Future		-2.74	0.00		Mar25	15.51
Parag Parikh Flexi Cap Dir Gr	INF879O01027	Dabur India Limited March 2026 Future		-2.74	0.00		Mar25	15.51
Parag Parikh Flexi Cap Dir Gr	INF879O01027	Dabur India Limited March 2026 Future		-2.74	0.00		Apr25	12.51
Parag Parikh Flexi Cap Dir Gr	INF879O01027	Dabur India Limited March 2026 Future		-2.74	0.00		May25	11.15
Parag Parikh Flexi Cap Dir Gr	INF879O01027	Dabur India Limited March 2026 Future		-2.74	0.00		June25	10.18
Parag Parikh Flexi Cap Dir Gr	INF879O01027	Dabur India Limited March 2026 Future		-2.74	0.00		July25	9.19
Parag Parikh Flexi Cap Dir Gr	INF879O01027	Dabur India Limited March 2026 Future		-2.74	0.00		Aug25	8.13
Parag Parikh Flexi Cap Dir Gr	INF879O01027	Dabur India Ltd	Consumer Defensive	2.72	0.00	0.00	Oct24	5.55
Parag Parikh Flexi Cap Dir Gr	INF879O01027	Dabur India Ltd	Consumer Defensive	2.72	0.00	0.00	Nov24	7.52
Parag Parikh Flexi Cap Dir Gr	INF879O01027	Dabur India Ltd	Consumer Defensive	2.72	0.00	0.00	Dec24	3.56
Parag Parikh Flexi Cap Dir Gr	INF879O01027	Dabur India Ltd	Consumer Defensive	2.72	0.00	0.00	Jan25	5.32
Parag Parikh Flexi Cap Dir Gr	INF879O01027	Dabur India Ltd	Consumer Defensive	2.72	0.00	0.00	Feb25	5.59
Parag Parikh Flexi Cap Dir Gr	INF879O01027	Dabur India Ltd	Consumer Defensive	2.72	0.00	0.00	Mar25	15.51
Parag Parikh Flexi Cap Dir Gr	INF879O01027	Dabur India Ltd	Consumer Defensive	2.72	0.00	0.00	Mar25	15.51
Parag Parikh Flexi Cap Dir Gr	INF879O01027	Dabur India Ltd	Consumer Defensive	2.72	0.00	0.00	Apr25	12.51
Parag Parikh Flexi Cap Dir Gr	INF879O01027	Dabur India Ltd	Consumer Defensive	2.72	0.00	0.00	May25	11.15
Parag Parikh Flexi Cap Dir Gr	INF879O01027	Dabur India Ltd	Consumer Defensive	2.72	0.00	0.00	June25	10.18
Parag Parikh Flexi Cap Dir Gr	INF879O01027	Dabur India Ltd	Consumer Defensive	2.72	0.00	0.00	July25	9.19
Parag Parikh Flexi Cap Dir Gr	INF879O01027	Dabur India Ltd	Consumer Defensive	2.72	0.00	0.00	Aug25	8.13
Parag Parikh Flexi Cap Dir Gr	INF879O01027	Polycab India Limited March 2026 Future		-2.27	0.00		Oct24	5.55
Parag Parikh Flexi Cap Dir Gr	INF879O01027	Polycab India Limited March 2026 Future		-2.27	0.00		Nov24	7.52
Parag Parikh Flexi Cap Dir Gr	INF879O01027	Polycab India Limited March 2026 Future		-2.27	0.00		Dec24	3.56
Parag Parikh Flexi Cap Dir Gr	INF879O01027	Polycab India Limited March 2026 Future		-2.27	0.00		Jan25	5.32
Parag Parikh Flexi Cap Dir Gr	INF879O01027	Polycab India Limited March 2026 Future		-2.27	0.00		Feb25	5.59
Parag Parikh Flexi Cap Dir Gr	INF879O01027	Polycab India Limited March 2026 Future		-2.27	0.00		Mar25	15.51
Parag Parikh Flexi Cap Dir Gr	INF879O01027	Polycab India Limited March 2026 Future		-2.27	0.00		Mar25	15.51
Parag Parikh Flexi Cap Dir Gr	INF879O01027	Polycab India Limited March 2026 Future		-2.27	0.00		Apr25	12.51
Parag Parikh Flexi Cap Dir Gr	INF879O01027	Polycab India Limited March 2026 Future		-2.27	0.00		May25	11.15
Parag Parikh Flexi Cap Dir Gr	INF879O01027	Polycab India Limited March 2026 Future		-2.27	0.00		June25	10.18
Parag Parikh Flexi Cap Dir Gr	INF879O01027	Polycab India Limited March 2026 Future		-2.27	0.00		July25	9.19
Parag Parikh Flexi Cap Dir Gr	INF879O01027	Polycab India Limited March 2026 Future		-2.27	0.00		Aug25	8.13
Parag Parikh Flexi Cap Dir Gr	INF879O01027	Polycab India Ltd	Industrials	2.26	0.00	-30.00	Oct24	5.55
Parag Parikh Flexi Cap Dir Gr	INF879O01027	Polycab India Ltd	Industrials	2.26	0.00	-30.00	Nov24	7.52
Parag Parikh Flexi Cap Dir Gr	INF879O01027	Polycab India Ltd	Industrials	2.26	0.00	-30.00	Dec24	3.56
Parag Parikh Flexi Cap Dir Gr	INF879O01027	Polycab India Ltd	Industrials	2.26	0.00	-30.00	Jan25	5.32
Parag Parikh Flexi Cap Dir Gr	INF879O01027	Polycab India Ltd	Industrials	2.26	0.00	-30.00	Feb25	5.59
Parag Parikh Flexi Cap Dir Gr	INF879O01027	Polycab India Ltd	Industrials	2.26	0.00	-30.00	Mar25	15.51
Parag Parikh Flexi Cap Dir Gr	INF879O01027	Polycab India Ltd	Industrials	2.26	0.00	-30.00	Mar25	15.51
Parag Parikh Flexi Cap Dir Gr	INF879O01027	Polycab India Ltd	Industrials	2.26	0.00	-30.00	Apr25	12.51
Parag Parikh Flexi Cap Dir Gr	INF879O01027	Polycab India Ltd	Industrials	2.26	0.00	-30.00	May25	11.15
Parag Parikh Flexi Cap Dir Gr	INF879O01027	Polycab India Ltd	Industrials	2.26	0.00	-30.00	June25	10.18
Parag Parikh Flexi Cap Dir Gr	INF879O01027	Polycab India Ltd	Industrials	2.26	0.00	-30.00	July25	9.19
Parag Parikh Flexi Cap Dir Gr	INF879O01027	Polycab India Ltd	Industrials	2.26	0.00	-30.00	Aug25	8.13
Parag Parikh Flexi Cap Dir Gr	INF879O01027	Bharat Electronics Limited April 2026 Future		-2.23	0.00		Oct24	5.55
Parag Parikh Flexi Cap Dir Gr	INF879O01027	Bharat Electronics Limited April 2026 Future		-2.23	0.00		Nov24	7.52
Parag Parikh Flexi Cap Dir Gr	INF879O01027	Bharat Electronics Limited April 2026 Future		-2.23	0.00		Dec24	3.56
Parag Parikh Flexi Cap Dir Gr	INF879O01027	Bharat Electronics Limited April 2026 Future		-2.23	0.00		Jan25	5.32
Parag Parikh Flexi Cap Dir Gr	INF879O01027	Bharat Electronics Limited April 2026 Future		-2.23	0.00		Feb25	5.59
Parag Parikh Flexi Cap Dir Gr	INF879O01027	Bharat Electronics Limited April 2026 Future		-2.23	0.00		Mar25	15.51
Parag Parikh Flexi Cap Dir Gr	INF879O01027	Bharat Electronics Limited April 2026 Future		-2.23	0.00		Mar25	15.51
Parag Parikh Flexi Cap Dir Gr	INF879O01027	Bharat Electronics Limited April 2026 Future		-2.23	0.00		Apr25	12.51
Parag Parikh Flexi Cap Dir Gr	INF879O01027	Bharat Electronics Limited April 2026 Future		-2.23	0.00		May25	11.15
Parag Parikh Flexi Cap Dir Gr	INF879O01027	Bharat Electronics Limited April 2026 Future		-2.23	0.00		June25	10.18
Parag Parikh Flexi Cap Dir Gr	INF879O01027	Bharat Electronics Limited April 2026 Future		-2.23	0.00		July25	9.19
Parag Parikh Flexi Cap Dir Gr	INF879O01027	Bharat Electronics Limited April 2026 Future		-2.23	0.00		Aug25	8.13
Parag Parikh Flexi Cap Dir Gr	INF879O01027	Bharat Electronics Ltd	Industrials	2.22	0.00	-98.37	Oct24	5.55
Parag Parikh Flexi Cap Dir Gr	INF879O01027	Bharat Electronics Ltd	Industrials	2.22	0.00	-98.37	Nov24	7.52
Parag Parikh Flexi Cap Dir Gr	INF879O01027	Bharat Electronics Ltd	Industrials	2.22	0.00	-98.37	Dec24	3.56
Parag Parikh Flexi Cap Dir Gr	INF879O01027	Bharat Electronics Ltd	Industrials	2.22	0.00	-98.37	Jan25	5.32
Parag Parikh Flexi Cap Dir Gr	INF879O01027	Bharat Electronics Ltd	Industrials	2.22	0.00	-98.37	Feb25	5.59
Parag Parikh Flexi Cap Dir Gr	INF879O01027	Bharat Electronics Ltd	Industrials	2.22	0.00	-98.37	Mar25	15.51
Parag Parikh Flexi Cap Dir Gr	INF879O01027	Bharat Electronics Ltd	Industrials	2.22	0.00	-98.37	Mar25	15.51
Parag Parikh Flexi Cap Dir Gr	INF879O01027	Bharat Electronics Ltd	Industrials	2.22	0.00	-98.37	Apr25	12.51
Parag Parikh Flexi Cap Dir Gr	INF879O01027	Bharat Electronics Ltd	Industrials	2.22	0.00	-98.37	May25	11.15
Parag Parikh Flexi Cap Dir Gr	INF879O01027	Bharat Electronics Ltd	Industrials	2.22	0.00	-98.37	June25	10.18
Parag Parikh Flexi Cap Dir Gr	INF879O01027	Bharat Electronics Ltd	Industrials	2.22	0.00	-98.37	July25	9.19
Parag Parikh Flexi Cap Dir Gr	INF879O01027	Bharat Electronics Ltd	Industrials	2.22	0.00	-98.37	Aug25	8.13
Parag Parikh Flexi Cap Dir Gr	INF879O01027	Bharat Heavy Electricals Limited March 2026 Future		-1.26	0.00		Oct24	5.55
Parag Parikh Flexi Cap Dir Gr	INF879O01027	Bharat Heavy Electricals Limited March 2026 Future		-1.26	0.00		Nov24	7.52
Parag Parikh Flexi Cap Dir Gr	INF879O01027	Bharat Heavy Electricals Limited March 2026 Future		-1.26	0.00		Dec24	3.56
Parag Parikh Flexi Cap Dir Gr	INF879O01027	Bharat Heavy Electricals Limited March 2026 Future		-1.26	0.00		Jan25	5.32
Parag Parikh Flexi Cap Dir Gr	INF879O01027	Bharat Heavy Electricals Limited March 2026 Future		-1.26	0.00		Feb25	5.59
Parag Parikh Flexi Cap Dir Gr	INF879O01027	Bharat Heavy Electricals Limited March 2026 Future		-1.26	0.00		Mar25	15.51
Parag Parikh Flexi Cap Dir Gr	INF879O01027	Bharat Heavy Electricals Limited March 2026 Future		-1.26	0.00		Mar25	15.51
Parag Parikh Flexi Cap Dir Gr	INF879O01027	Bharat Heavy Electricals Limited March 2026 Future		-1.26	0.00		Apr25	12.51
Parag Parikh Flexi Cap Dir Gr	INF879O01027	Bharat Heavy Electricals Limited March 2026 Future		-1.26	0.00		May25	11.15
Parag Parikh Flexi Cap Dir Gr	INF879O01027	Bharat Heavy Electricals Limited March 2026 Future		-1.26	0.00		June25	10.18
Parag Parikh Flexi Cap Dir Gr	INF879O01027	Bharat Heavy Electricals Limited March 2026 Future		-1.26	0.00		July25	9.19
Parag Parikh Flexi Cap Dir Gr	INF879O01027	Bharat Heavy Electricals Limited March 2026 Future		-1.26	0.00		Aug25	8.13
Parag Parikh Flexi Cap Dir Gr	INF879O01027	Bharat Heavy Electricals Ltd	Industrials	1.25	0.00	0.00	Oct24	5.55
Parag Parikh Flexi Cap Dir Gr	INF879O01027	Bharat Heavy Electricals Ltd	Industrials	1.25	0.00	0.00	Nov24	7.52
Parag Parikh Flexi Cap Dir Gr	INF879O01027	Bharat Heavy Electricals Ltd	Industrials	1.25	0.00	0.00	Dec24	3.56
Parag Parikh Flexi Cap Dir Gr	INF879O01027	Bharat Heavy Electricals Ltd	Industrials	1.25	0.00	0.00	Jan25	5.32
Parag Parikh Flexi Cap Dir Gr	INF879O01027	Bharat Heavy Electricals Ltd	Industrials	1.25	0.00	0.00	Feb25	5.59
Parag Parikh Flexi Cap Dir Gr	INF879O01027	Bharat Heavy Electricals Ltd	Industrials	1.25	0.00	0.00	Mar25	15.51
Parag Parikh Flexi Cap Dir Gr	INF879O01027	Bharat Heavy Electricals Ltd	Industrials	1.25	0.00	0.00	Mar25	15.51
Parag Parikh Flexi Cap Dir Gr	INF879O01027	Bharat Heavy Electricals Ltd	Industrials	1.25	0.00	0.00	Apr25	12.51
Parag Parikh Flexi Cap Dir Gr	INF879O01027	Bharat Heavy Electricals Ltd	Industrials	1.25	0.00	0.00	May25	11.15
Parag Parikh Flexi Cap Dir Gr	INF879O01027	Bharat Heavy Electricals Ltd	Industrials	1.25	0.00	0.00	June25	10.18
Parag Parikh Flexi Cap Dir Gr	INF879O01027	Bharat Heavy Electricals Ltd	Industrials	1.25	0.00	0.00	July25	9.19
Parag Parikh Flexi Cap Dir Gr	INF879O01027	Bharat Heavy Electricals Ltd	Industrials	1.25	0.00	0.00	Aug25	8.13
Parag Parikh Flexi Cap Dir Gr	INF879O01027	Steel Authority Of India Limited March 2026 Future		-0.94	0.00		Oct24	5.55
Parag Parikh Flexi Cap Dir Gr	INF879O01027	Steel Authority Of India Limited March 2026 Future		-0.94	0.00		Nov24	7.52
Parag Parikh Flexi Cap Dir Gr	INF879O01027	Steel Authority Of India Limited March 2026 Future		-0.94	0.00		Dec24	3.56
Parag Parikh Flexi Cap Dir Gr	INF879O01027	Steel Authority Of India Limited March 2026 Future		-0.94	0.00		Jan25	5.32
Parag Parikh Flexi Cap Dir Gr	INF879O01027	Steel Authority Of India Limited March 2026 Future		-0.94	0.00		Feb25	5.59
Parag Parikh Flexi Cap Dir Gr	INF879O01027	Steel Authority Of India Limited March 2026 Future		-0.94	0.00		Mar25	15.51
Parag Parikh Flexi Cap Dir Gr	INF879O01027	Steel Authority Of India Limited March 2026 Future		-0.94	0.00		Mar25	15.51
Parag Parikh Flexi Cap Dir Gr	INF879O01027	Steel Authority Of India Limited March 2026 Future		-0.94	0.00		Apr25	12.51
Parag Parikh Flexi Cap Dir Gr	INF879O01027	Steel Authority Of India Limited March 2026 Future		-0.94	0.00		May25	11.15
Parag Parikh Flexi Cap Dir Gr	INF879O01027	Steel Authority Of India Limited March 2026 Future		-0.94	0.00		June25	10.18
Parag Parikh Flexi Cap Dir Gr	INF879O01027	Steel Authority Of India Limited March 2026 Future		-0.94	0.00		July25	9.19
Parag Parikh Flexi Cap Dir Gr	INF879O01027	Steel Authority Of India Limited March 2026 Future		-0.94	0.00		Aug25	8.13
Parag Parikh Flexi Cap Dir Gr	INF879O01027	Steel Authority Of India Ltd	Basic Materials	0.93	0.00	0.00	Oct24	5.55
Parag Parikh Flexi Cap Dir Gr	INF879O01027	Steel Authority Of India Ltd	Basic Materials	0.93	0.00	0.00	Nov24	7.52
Parag Parikh Flexi Cap Dir Gr	INF879O01027	Steel Authority Of India Ltd	Basic Materials	0.93	0.00	0.00	Dec24	3.56
Parag Parikh Flexi Cap Dir Gr	INF879O01027	Steel Authority Of India Ltd	Basic Materials	0.93	0.00	0.00	Jan25	5.32
Parag Parikh Flexi Cap Dir Gr	INF879O01027	Steel Authority Of India Ltd	Basic Materials	0.93	0.00	0.00	Feb25	5.59
Parag Parikh Flexi Cap Dir Gr	INF879O01027	Steel Authority Of India Ltd	Basic Materials	0.93	0.00	0.00	Mar25	15.51
Parag Parikh Flexi Cap Dir Gr	INF879O01027	Steel Authority Of India Ltd	Basic Materials	0.93	0.00	0.00	Mar25	15.51
Parag Parikh Flexi Cap Dir Gr	INF879O01027	Steel Authority Of India Ltd	Basic Materials	0.93	0.00	0.00	Apr25	12.51
Parag Parikh Flexi Cap Dir Gr	INF879O01027	Steel Authority Of India Ltd	Basic Materials	0.93	0.00	0.00	May25	11.15
Parag Parikh Flexi Cap Dir Gr	INF879O01027	Steel Authority Of India Ltd	Basic Materials	0.93	0.00	0.00	June25	10.18
Parag Parikh Flexi Cap Dir Gr	INF879O01027	Steel Authority Of India Ltd	Basic Materials	0.93	0.00	0.00	July25	9.19
Parag Parikh Flexi Cap Dir Gr	INF879O01027	Steel Authority Of India Ltd	Basic Materials	0.93	0.00	0.00	Aug25	8.13
Parag Parikh Flexi Cap Dir Gr	INF879O01027	Cash		0.80	0.00		Oct24	5.55
Parag Parikh Flexi Cap Dir Gr	INF879O01027	Cash		0.80	0.00		Nov24	7.52
Parag Parikh Flexi Cap Dir Gr	INF879O01027	Cash		0.80	0.00		Dec24	3.56
Parag Parikh Flexi Cap Dir Gr	INF879O01027	Cash		0.80	0.00		Jan25	5.32
Parag Parikh Flexi Cap Dir Gr	INF879O01027	Cash		0.80	0.00		Feb25	5.59
Parag Parikh Flexi Cap Dir Gr	INF879O01027	Cash		0.80	0.00		Mar25	15.51
Parag Parikh Flexi Cap Dir Gr	INF879O01027	Cash		0.80	0.00		Mar25	15.51
Parag Parikh Flexi Cap Dir Gr	INF879O01027	Cash		0.80	0.00		Apr25	12.51
Parag Parikh Flexi Cap Dir Gr	INF879O01027	Cash		0.80	0.00		May25	11.15
Parag Parikh Flexi Cap Dir Gr	INF879O01027	Cash		0.80	0.00		June25	10.18
Parag Parikh Flexi Cap Dir Gr	INF879O01027	Cash		0.80	0.00		July25	9.19
Parag Parikh Flexi Cap Dir Gr	INF879O01027	Cash		0.80	0.00		Aug25	8.13
Parag Parikh Flexi Cap Dir Gr	INF879O01027	Godrej Properties Ltd	Real Estate	0.76	0.00	-46.67	Oct24	5.55
Parag Parikh Flexi Cap Dir Gr	INF879O01027	Godrej Properties Ltd	Real Estate	0.76	0.00	-46.67	Nov24	7.52
Parag Parikh Flexi Cap Dir Gr	INF879O01027	Godrej Properties Ltd	Real Estate	0.76	0.00	-46.67	Dec24	3.56
Parag Parikh Flexi Cap Dir Gr	INF879O01027	Godrej Properties Ltd	Real Estate	0.76	0.00	-46.67	Jan25	5.32
Parag Parikh Flexi Cap Dir Gr	INF879O01027	Godrej Properties Ltd	Real Estate	0.76	0.00	-46.67	Feb25	5.59
Parag Parikh Flexi Cap Dir Gr	INF879O01027	Godrej Properties Ltd	Real Estate	0.76	0.00	-46.67	Mar25	15.51
Parag Parikh Flexi Cap Dir Gr	INF879O01027	Godrej Properties Ltd	Real Estate	0.76	0.00	-46.67	Mar25	15.51
Parag Parikh Flexi Cap Dir Gr	INF879O01027	Godrej Properties Ltd	Real Estate	0.76	0.00	-46.67	Apr25	12.51
Parag Parikh Flexi Cap Dir Gr	INF879O01027	Godrej Properties Ltd	Real Estate	0.76	0.00	-46.67	May25	11.15
Parag Parikh Flexi Cap Dir Gr	INF879O01027	Godrej Properties Ltd	Real Estate	0.76	0.00	-46.67	June25	10.18
Parag Parikh Flexi Cap Dir Gr	INF879O01027	Godrej Properties Ltd	Real Estate	0.76	0.00	-46.67	July25	9.19
Parag Parikh Flexi Cap Dir Gr	INF879O01027	Godrej Properties Ltd	Real Estate	0.76	0.00	-46.67	Aug25	8.13
Parag Parikh Flexi Cap Dir Gr	INF879O01027	Godrej Properties Limited March 2026 Future		-0.77	0.00		Oct24	5.55
Parag Parikh Flexi Cap Dir Gr	INF879O01027	Godrej Properties Limited March 2026 Future		-0.77	0.00		Nov24	7.52
Parag Parikh Flexi Cap Dir Gr	INF879O01027	Godrej Properties Limited March 2026 Future		-0.77	0.00		Dec24	3.56
Parag Parikh Flexi Cap Dir Gr	INF879O01027	Godrej Properties Limited March 2026 Future		-0.77	0.00		Jan25	5.32
Parag Parikh Flexi Cap Dir Gr	INF879O01027	Godrej Properties Limited March 2026 Future		-0.77	0.00		Feb25	5.59
Parag Parikh Flexi Cap Dir Gr	INF879O01027	Godrej Properties Limited March 2026 Future		-0.77	0.00		Mar25	15.51
Parag Parikh Flexi Cap Dir Gr	INF879O01027	Godrej Properties Limited March 2026 Future		-0.77	0.00		Mar25	15.51
Parag Parikh Flexi Cap Dir Gr	INF879O01027	Godrej Properties Limited March 2026 Future		-0.77	0.00		Apr25	12.51
Parag Parikh Flexi Cap Dir Gr	INF879O01027	Godrej Properties Limited March 2026 Future		-0.77	0.00		May25	11.15
Parag Parikh Flexi Cap Dir Gr	INF879O01027	Godrej Properties Limited March 2026 Future		-0.77	0.00		June25	10.18
Parag Parikh Flexi Cap Dir Gr	INF879O01027	Godrej Properties Limited March 2026 Future		-0.77	0.00		July25	9.19
Parag Parikh Flexi Cap Dir Gr	INF879O01027	Godrej Properties Limited March 2026 Future		-0.77	0.00		Aug25	8.13
Parag Parikh Flexi Cap Dir Gr	INF879O01027	Gail (India) Limited March 2026 Future		-0.75	0.00		Oct24	5.55
Parag Parikh Flexi Cap Dir Gr	INF879O01027	Gail (India) Limited March 2026 Future		-0.75	0.00		Nov24	7.52
Parag Parikh Flexi Cap Dir Gr	INF879O01027	Gail (India) Limited March 2026 Future		-0.75	0.00		Dec24	3.56
Parag Parikh Flexi Cap Dir Gr	INF879O01027	Gail (India) Limited March 2026 Future		-0.75	0.00		Jan25	5.32
Parag Parikh Flexi Cap Dir Gr	INF879O01027	Gail (India) Limited March 2026 Future		-0.75	0.00		Feb25	5.59
Parag Parikh Flexi Cap Dir Gr	INF879O01027	Gail (India) Limited March 2026 Future		-0.75	0.00		Mar25	15.51
Parag Parikh Flexi Cap Dir Gr	INF879O01027	Gail (India) Limited March 2026 Future		-0.75	0.00		Mar25	15.51
Parag Parikh Flexi Cap Dir Gr	INF879O01027	Gail (India) Limited March 2026 Future		-0.75	0.00		Apr25	12.51
Parag Parikh Flexi Cap Dir Gr	INF879O01027	Gail (India) Limited March 2026 Future		-0.75	0.00		May25	11.15
Parag Parikh Flexi Cap Dir Gr	INF879O01027	Gail (India) Limited March 2026 Future		-0.75	0.00		June25	10.18
Parag Parikh Flexi Cap Dir Gr	INF879O01027	Gail (India) Limited March 2026 Future		-0.75	0.00		July25	9.19
Parag Parikh Flexi Cap Dir Gr	INF879O01027	Gail (India) Limited March 2026 Future		-0.75	0.00		Aug25	8.13
Parag Parikh Flexi Cap Dir Gr	INF879O01027	GAIL (India) Ltd	Utilities	0.75	0.00	0.00	Oct24	5.55
Parag Parikh Flexi Cap Dir Gr	INF879O01027	GAIL (India) Ltd	Utilities	0.75	0.00	0.00	Nov24	7.52
Parag Parikh Flexi Cap Dir Gr	INF879O01027	GAIL (India) Ltd	Utilities	0.75	0.00	0.00	Dec24	3.56
Parag Parikh Flexi Cap Dir Gr	INF879O01027	GAIL (India) Ltd	Utilities	0.75	0.00	0.00	Jan25	5.32
Parag Parikh Flexi Cap Dir Gr	INF879O01027	GAIL (India) Ltd	Utilities	0.75	0.00	0.00	Feb25	5.59
Parag Parikh Flexi Cap Dir Gr	INF879O01027	GAIL (India) Ltd	Utilities	0.75	0.00	0.00	Mar25	15.51
Parag Parikh Flexi Cap Dir Gr	INF879O01027	GAIL (India) Ltd	Utilities	0.75	0.00	0.00	Mar25	15.51
Parag Parikh Flexi Cap Dir Gr	INF879O01027	GAIL (India) Ltd	Utilities	0.75	0.00	0.00	Apr25	12.51
Parag Parikh Flexi Cap Dir Gr	INF879O01027	GAIL (India) Ltd	Utilities	0.75	0.00	0.00	May25	11.15
Parag Parikh Flexi Cap Dir Gr	INF879O01027	GAIL (India) Ltd	Utilities	0.75	0.00	0.00	June25	10.18
Parag Parikh Flexi Cap Dir Gr	INF879O01027	GAIL (India) Ltd	Utilities	0.75	0.00	0.00	July25	9.19
Parag Parikh Flexi Cap Dir Gr	INF879O01027	GAIL (India) Ltd	Utilities	0.75	0.00	0.00	Aug25	8.13
Parag Parikh Flexi Cap Dir Gr	INF879O01027	United Spirits Ltd	Consumer Defensive	0.50	0.00	-77.50	Oct24	5.55
Parag Parikh Flexi Cap Dir Gr	INF879O01027	United Spirits Ltd	Consumer Defensive	0.50	0.00	-77.50	Nov24	7.52
Parag Parikh Flexi Cap Dir Gr	INF879O01027	United Spirits Ltd	Consumer Defensive	0.50	0.00	-77.50	Dec24	3.56
Parag Parikh Flexi Cap Dir Gr	INF879O01027	United Spirits Ltd	Consumer Defensive	0.50	0.00	-77.50	Jan25	5.32
Parag Parikh Flexi Cap Dir Gr	INF879O01027	United Spirits Ltd	Consumer Defensive	0.50	0.00	-77.50	Feb25	5.59
Parag Parikh Flexi Cap Dir Gr	INF879O01027	United Spirits Ltd	Consumer Defensive	0.50	0.00	-77.50	Mar25	15.51
Parag Parikh Flexi Cap Dir Gr	INF879O01027	United Spirits Ltd	Consumer Defensive	0.50	0.00	-77.50	Mar25	15.51
Parag Parikh Flexi Cap Dir Gr	INF879O01027	United Spirits Ltd	Consumer Defensive	0.50	0.00	-77.50	Apr25	12.51
Parag Parikh Flexi Cap Dir Gr	INF879O01027	United Spirits Ltd	Consumer Defensive	0.50	0.00	-77.50	May25	11.15
Parag Parikh Flexi Cap Dir Gr	INF879O01027	United Spirits Ltd	Consumer Defensive	0.50	0.00	-77.50	June25	10.18
Parag Parikh Flexi Cap Dir Gr	INF879O01027	United Spirits Ltd	Consumer Defensive	0.50	0.00	-77.50	July25	9.19
Parag Parikh Flexi Cap Dir Gr	INF879O01027	United Spirits Ltd	Consumer Defensive	0.50	0.00	-77.50	Aug25	8.13
Parag Parikh Flexi Cap Dir Gr	INF879O01027	United Spirits Limited March 2026 Future		-0.50	0.00		Oct24	5.55
Parag Parikh Flexi Cap Dir Gr	INF879O01027	United Spirits Limited March 2026 Future		-0.50	0.00		Nov24	7.52
Parag Parikh Flexi Cap Dir Gr	INF879O01027	United Spirits Limited March 2026 Future		-0.50	0.00		Dec24	3.56
Parag Parikh Flexi Cap Dir Gr	INF879O01027	United Spirits Limited March 2026 Future		-0.50	0.00		Jan25	5.32
Parag Parikh Flexi Cap Dir Gr	INF879O01027	United Spirits Limited March 2026 Future		-0.50	0.00		Feb25	5.59
Parag Parikh Flexi Cap Dir Gr	INF879O01027	United Spirits Limited March 2026 Future		-0.50	0.00		Mar25	15.51
Parag Parikh Flexi Cap Dir Gr	INF879O01027	United Spirits Limited March 2026 Future		-0.50	0.00		Mar25	15.51
Parag Parikh Flexi Cap Dir Gr	INF879O01027	United Spirits Limited March 2026 Future		-0.50	0.00		Apr25	12.51
Parag Parikh Flexi Cap Dir Gr	INF879O01027	United Spirits Limited March 2026 Future		-0.50	0.00		May25	11.15
Parag Parikh Flexi Cap Dir Gr	INF879O01027	United Spirits Limited March 2026 Future		-0.50	0.00		June25	10.18
Parag Parikh Flexi Cap Dir Gr	INF879O01027	United Spirits Limited March 2026 Future		-0.50	0.00		July25	9.19
Parag Parikh Flexi Cap Dir Gr	INF879O01027	United Spirits Limited March 2026 Future		-0.50	0.00		Aug25	8.13
Parag Parikh Flexi Cap Dir Gr	INF879O01027	Lodha Developers Limited March 2026 Future		-0.45	0.00		Oct24	5.55
Parag Parikh Flexi Cap Dir Gr	INF879O01027	Lodha Developers Limited March 2026 Future		-0.45	0.00		Nov24	7.52
Parag Parikh Flexi Cap Dir Gr	INF879O01027	Lodha Developers Limited March 2026 Future		-0.45	0.00		Dec24	3.56
Parag Parikh Flexi Cap Dir Gr	INF879O01027	Lodha Developers Limited March 2026 Future		-0.45	0.00		Jan25	5.32
Parag Parikh Flexi Cap Dir Gr	INF879O01027	Lodha Developers Limited March 2026 Future		-0.45	0.00		Feb25	5.59
Parag Parikh Flexi Cap Dir Gr	INF879O01027	Lodha Developers Limited March 2026 Future		-0.45	0.00		Mar25	15.51
Parag Parikh Flexi Cap Dir Gr	INF879O01027	Lodha Developers Limited March 2026 Future		-0.45	0.00		Mar25	15.51
Parag Parikh Flexi Cap Dir Gr	INF879O01027	Lodha Developers Limited March 2026 Future		-0.45	0.00		Apr25	12.51
Parag Parikh Flexi Cap Dir Gr	INF879O01027	Lodha Developers Limited March 2026 Future		-0.45	0.00		May25	11.15
Parag Parikh Flexi Cap Dir Gr	INF879O01027	Lodha Developers Limited March 2026 Future		-0.45	0.00		June25	10.18
Parag Parikh Flexi Cap Dir Gr	INF879O01027	Lodha Developers Limited March 2026 Future		-0.45	0.00		July25	9.19
Parag Parikh Flexi Cap Dir Gr	INF879O01027	Lodha Developers Limited March 2026 Future		-0.45	0.00		Aug25	8.13
Parag Parikh Flexi Cap Dir Gr	INF879O01027	Lodha Developers Ltd	Real Estate	0.44	0.00	0.00	Oct24	5.55
Parag Parikh Flexi Cap Dir Gr	INF879O01027	Lodha Developers Ltd	Real Estate	0.44	0.00	0.00	Nov24	7.52
Parag Parikh Flexi Cap Dir Gr	INF879O01027	Lodha Developers Ltd	Real Estate	0.44	0.00	0.00	Dec24	3.56
Parag Parikh Flexi Cap Dir Gr	INF879O01027	Lodha Developers Ltd	Real Estate	0.44	0.00	0.00	Jan25	5.32
Parag Parikh Flexi Cap Dir Gr	INF879O01027	Lodha Developers Ltd	Real Estate	0.44	0.00	0.00	Feb25	5.59
Parag Parikh Flexi Cap Dir Gr	INF879O01027	Lodha Developers Ltd	Real Estate	0.44	0.00	0.00	Mar25	15.51
Parag Parikh Flexi Cap Dir Gr	INF879O01027	Lodha Developers Ltd	Real Estate	0.44	0.00	0.00	Mar25	15.51
Parag Parikh Flexi Cap Dir Gr	INF879O01027	Lodha Developers Ltd	Real Estate	0.44	0.00	0.00	Apr25	12.51
Parag Parikh Flexi Cap Dir Gr	INF879O01027	Lodha Developers Ltd	Real Estate	0.44	0.00	0.00	May25	11.15
Parag Parikh Flexi Cap Dir Gr	INF879O01027	Lodha Developers Ltd	Real Estate	0.44	0.00	0.00	June25	10.18
Parag Parikh Flexi Cap Dir Gr	INF879O01027	Lodha Developers Ltd	Real Estate	0.44	0.00	0.00	July25	9.19
Parag Parikh Flexi Cap Dir Gr	INF879O01027	Lodha Developers Ltd	Real Estate	0.44	0.00	0.00	Aug25	8.13
Parag Parikh Flexi Cap Dir Gr	INF879O01027	Mahanagar Gas Ltd	Utilities	0.37	0.00		Oct24	5.55
Parag Parikh Flexi Cap Dir Gr	INF879O01027	Mahanagar Gas Ltd	Utilities	0.37	0.00		Nov24	7.52
Parag Parikh Flexi Cap Dir Gr	INF879O01027	Mahanagar Gas Ltd	Utilities	0.37	0.00		Dec24	3.56
Parag Parikh Flexi Cap Dir Gr	INF879O01027	Mahanagar Gas Ltd	Utilities	0.37	0.00		Jan25	5.32
Parag Parikh Flexi Cap Dir Gr	INF879O01027	Mahanagar Gas Ltd	Utilities	0.37	0.00		Feb25	5.59
Parag Parikh Flexi Cap Dir Gr	INF879O01027	Mahanagar Gas Ltd	Utilities	0.37	0.00		Mar25	15.51
Parag Parikh Flexi Cap Dir Gr	INF879O01027	Mahanagar Gas Ltd	Utilities	0.37	0.00		Mar25	15.51
Parag Parikh Flexi Cap Dir Gr	INF879O01027	Mahanagar Gas Ltd	Utilities	0.37	0.00		Apr25	12.51
Parag Parikh Flexi Cap Dir Gr	INF879O01027	Mahanagar Gas Ltd	Utilities	0.37	0.00		May25	11.15
Parag Parikh Flexi Cap Dir Gr	INF879O01027	Mahanagar Gas Ltd	Utilities	0.37	0.00		June25	10.18
Parag Parikh Flexi Cap Dir Gr	INF879O01027	Mahanagar Gas Ltd	Utilities	0.37	0.00		July25	9.19
Parag Parikh Flexi Cap Dir Gr	INF879O01027	Mahanagar Gas Ltd	Utilities	0.37	0.00		Aug25	8.13
Parag Parikh Flexi Cap Dir Gr	INF879O01027	Asian Paints Limited March 2026 Future		-0.36	0.00		Oct24	5.55
Parag Parikh Flexi Cap Dir Gr	INF879O01027	Asian Paints Limited March 2026 Future		-0.36	0.00		Nov24	7.52
Parag Parikh Flexi Cap Dir Gr	INF879O01027	Asian Paints Limited March 2026 Future		-0.36	0.00		Dec24	3.56
Parag Parikh Flexi Cap Dir Gr	INF879O01027	Asian Paints Limited March 2026 Future		-0.36	0.00		Jan25	5.32
Parag Parikh Flexi Cap Dir Gr	INF879O01027	Asian Paints Limited March 2026 Future		-0.36	0.00		Feb25	5.59
Parag Parikh Flexi Cap Dir Gr	INF879O01027	Asian Paints Limited March 2026 Future		-0.36	0.00		Mar25	15.51
Parag Parikh Flexi Cap Dir Gr	INF879O01027	Asian Paints Limited March 2026 Future		-0.36	0.00		Mar25	15.51
Parag Parikh Flexi Cap Dir Gr	INF879O01027	Asian Paints Limited March 2026 Future		-0.36	0.00		Apr25	12.51
Parag Parikh Flexi Cap Dir Gr	INF879O01027	Asian Paints Limited March 2026 Future		-0.36	0.00		May25	11.15
Parag Parikh Flexi Cap Dir Gr	INF879O01027	Asian Paints Limited March 2026 Future		-0.36	0.00		June25	10.18
Parag Parikh Flexi Cap Dir Gr	INF879O01027	Asian Paints Limited March 2026 Future		-0.36	0.00		July25	9.19
Parag Parikh Flexi Cap Dir Gr	INF879O01027	Asian Paints Limited March 2026 Future		-0.36	0.00		Aug25	8.13
Parag Parikh Flexi Cap Dir Gr	INF879O01027	Asian Paints Ltd	Basic Materials	0.36	0.00	0.00	Oct24	5.55
Parag Parikh Flexi Cap Dir Gr	INF879O01027	Asian Paints Ltd	Basic Materials	0.36	0.00	0.00	Nov24	7.52
Parag Parikh Flexi Cap Dir Gr	INF879O01027	Asian Paints Ltd	Basic Materials	0.36	0.00	0.00	Dec24	3.56
Parag Parikh Flexi Cap Dir Gr	INF879O01027	Asian Paints Ltd	Basic Materials	0.36	0.00	0.00	Jan25	5.32
Parag Parikh Flexi Cap Dir Gr	INF879O01027	Asian Paints Ltd	Basic Materials	0.36	0.00	0.00	Feb25	5.59
Parag Parikh Flexi Cap Dir Gr	INF879O01027	Asian Paints Ltd	Basic Materials	0.36	0.00	0.00	Mar25	15.51
Parag Parikh Flexi Cap Dir Gr	INF879O01027	Asian Paints Ltd	Basic Materials	0.36	0.00	0.00	Mar25	15.51
Parag Parikh Flexi Cap Dir Gr	INF879O01027	Asian Paints Ltd	Basic Materials	0.36	0.00	0.00	Apr25	12.51
Parag Parikh Flexi Cap Dir Gr	INF879O01027	Asian Paints Ltd	Basic Materials	0.36	0.00	0.00	May25	11.15
Parag Parikh Flexi Cap Dir Gr	INF879O01027	Asian Paints Ltd	Basic Materials	0.36	0.00	0.00	June25	10.18
Parag Parikh Flexi Cap Dir Gr	INF879O01027	Asian Paints Ltd	Basic Materials	0.36	0.00	0.00	July25	9.19
Parag Parikh Flexi Cap Dir Gr	INF879O01027	Asian Paints Ltd	Basic Materials	0.36	0.00	0.00	Aug25	8.13
Parag Parikh Flexi Cap Dir Gr	INF879O01027	Hcl Technologies Limited 1500 Call March 2026 Option		-0.20	0.00		Oct24	5.55
Parag Parikh Flexi Cap Dir Gr	INF879O01027	Hcl Technologies Limited 1500 Call March 2026 Option		-0.20	0.00		Nov24	7.52
Parag Parikh Flexi Cap Dir Gr	INF879O01027	Hcl Technologies Limited 1500 Call March 2026 Option		-0.20	0.00		Dec24	3.56
Parag Parikh Flexi Cap Dir Gr	INF879O01027	Hcl Technologies Limited 1500 Call March 2026 Option		-0.20	0.00		Jan25	5.32
Parag Parikh Flexi Cap Dir Gr	INF879O01027	Hcl Technologies Limited 1500 Call March 2026 Option		-0.20	0.00		Feb25	5.59
Parag Parikh Flexi Cap Dir Gr	INF879O01027	Hcl Technologies Limited 1500 Call March 2026 Option		-0.20	0.00		Mar25	15.51
Parag Parikh Flexi Cap Dir Gr	INF879O01027	Hcl Technologies Limited 1500 Call March 2026 Option		-0.20	0.00		Mar25	15.51
Parag Parikh Flexi Cap Dir Gr	INF879O01027	Hcl Technologies Limited 1500 Call March 2026 Option		-0.20	0.00		Apr25	12.51
Parag Parikh Flexi Cap Dir Gr	INF879O01027	Hcl Technologies Limited 1500 Call March 2026 Option		-0.20	0.00		May25	11.15
Parag Parikh Flexi Cap Dir Gr	INF879O01027	Hcl Technologies Limited 1500 Call March 2026 Option		-0.20	0.00		June25	10.18
Parag Parikh Flexi Cap Dir Gr	INF879O01027	Hcl Technologies Limited 1500 Call March 2026 Option		-0.20	0.00		July25	9.19
Parag Parikh Flexi Cap Dir Gr	INF879O01027	Hcl Technologies Limited 1500 Call March 2026 Option		-0.20	0.00		Aug25	8.13
Parag Parikh Flexi Cap Dir Gr	INF879O01027	Infosys Limited 1440 Call March 2026 Option		-0.20	0.00		Oct24	5.55
Parag Parikh Flexi Cap Dir Gr	INF879O01027	Infosys Limited 1440 Call March 2026 Option		-0.20	0.00		Nov24	7.52
Parag Parikh Flexi Cap Dir Gr	INF879O01027	Infosys Limited 1440 Call March 2026 Option		-0.20	0.00		Dec24	3.56
Parag Parikh Flexi Cap Dir Gr	INF879O01027	Infosys Limited 1440 Call March 2026 Option		-0.20	0.00		Jan25	5.32
Parag Parikh Flexi Cap Dir Gr	INF879O01027	Infosys Limited 1440 Call March 2026 Option		-0.20	0.00		Feb25	5.59
Parag Parikh Flexi Cap Dir Gr	INF879O01027	Infosys Limited 1440 Call March 2026 Option		-0.20	0.00		Mar25	15.51
Parag Parikh Flexi Cap Dir Gr	INF879O01027	Infosys Limited 1440 Call March 2026 Option		-0.20	0.00		Mar25	15.51
Parag Parikh Flexi Cap Dir Gr	INF879O01027	Infosys Limited 1440 Call March 2026 Option		-0.20	0.00		Apr25	12.51
Parag Parikh Flexi Cap Dir Gr	INF879O01027	Infosys Limited 1440 Call March 2026 Option		-0.20	0.00		May25	11.15
Parag Parikh Flexi Cap Dir Gr	INF879O01027	Infosys Limited 1440 Call March 2026 Option		-0.20	0.00		June25	10.18
Parag Parikh Flexi Cap Dir Gr	INF879O01027	Infosys Limited 1440 Call March 2026 Option		-0.20	0.00		July25	9.19
Parag Parikh Flexi Cap Dir Gr	INF879O01027	Infosys Limited 1440 Call March 2026 Option		-0.20	0.00		Aug25	8.13
Parag Parikh Flexi Cap Dir Gr	INF879O01027	Coal India Limited 460 Call March 2026 Option		-0.19	0.00		Oct24	5.55
Parag Parikh Flexi Cap Dir Gr	INF879O01027	Coal India Limited 460 Call March 2026 Option		-0.19	0.00		Nov24	7.52
Parag Parikh Flexi Cap Dir Gr	INF879O01027	Coal India Limited 460 Call March 2026 Option		-0.19	0.00		Dec24	3.56
Parag Parikh Flexi Cap Dir Gr	INF879O01027	Coal India Limited 460 Call March 2026 Option		-0.19	0.00		Jan25	5.32
Parag Parikh Flexi Cap Dir Gr	INF879O01027	Coal India Limited 460 Call March 2026 Option		-0.19	0.00		Feb25	5.59
Parag Parikh Flexi Cap Dir Gr	INF879O01027	Coal India Limited 460 Call March 2026 Option		-0.19	0.00		Mar25	15.51
Parag Parikh Flexi Cap Dir Gr	INF879O01027	Coal India Limited 460 Call March 2026 Option		-0.19	0.00		Mar25	15.51
Parag Parikh Flexi Cap Dir Gr	INF879O01027	Coal India Limited 460 Call March 2026 Option		-0.19	0.00		Apr25	12.51
Parag Parikh Flexi Cap Dir Gr	INF879O01027	Coal India Limited 460 Call March 2026 Option		-0.19	0.00		May25	11.15
Parag Parikh Flexi Cap Dir Gr	INF879O01027	Coal India Limited 460 Call March 2026 Option		-0.19	0.00		June25	10.18
Parag Parikh Flexi Cap Dir Gr	INF879O01027	Coal India Limited 460 Call March 2026 Option		-0.19	0.00		July25	9.19
Parag Parikh Flexi Cap Dir Gr	INF879O01027	Coal India Limited 460 Call March 2026 Option		-0.19	0.00		Aug25	8.13
Parag Parikh Flexi Cap Dir Gr	INF879O01027	Trent Ltd	Consumer Cyclical	0.16	0.00	-98.43	Oct24	5.55
Parag Parikh Flexi Cap Dir Gr	INF879O01027	Trent Ltd	Consumer Cyclical	0.16	0.00	-98.43	Nov24	7.52
Parag Parikh Flexi Cap Dir Gr	INF879O01027	Trent Ltd	Consumer Cyclical	0.16	0.00	-98.43	Dec24	3.56
Parag Parikh Flexi Cap Dir Gr	INF879O01027	Trent Ltd	Consumer Cyclical	0.16	0.00	-98.43	Jan25	5.32
Parag Parikh Flexi Cap Dir Gr	INF879O01027	Trent Ltd	Consumer Cyclical	0.16	0.00	-98.43	Feb25	5.59
Parag Parikh Flexi Cap Dir Gr	INF879O01027	Trent Ltd	Consumer Cyclical	0.16	0.00	-98.43	Mar25	15.51
Parag Parikh Flexi Cap Dir Gr	INF879O01027	Trent Ltd	Consumer Cyclical	0.16	0.00	-98.43	Mar25	15.51
Parag Parikh Flexi Cap Dir Gr	INF879O01027	Trent Ltd	Consumer Cyclical	0.16	0.00	-98.43	Apr25	12.51
Parag Parikh Flexi Cap Dir Gr	INF879O01027	Trent Ltd	Consumer Cyclical	0.16	0.00	-98.43	May25	11.15
Parag Parikh Flexi Cap Dir Gr	INF879O01027	Trent Ltd	Consumer Cyclical	0.16	0.00	-98.43	June25	10.18
Parag Parikh Flexi Cap Dir Gr	INF879O01027	Trent Ltd	Consumer Cyclical	0.16	0.00	-98.43	July25	9.19
Parag Parikh Flexi Cap Dir Gr	INF879O01027	Trent Ltd	Consumer Cyclical	0.16	0.00	-98.43	Aug25	8.13
Parag Parikh Flexi Cap Dir Gr	INF879O01027	Trent Limited March 2026 Future		-0.16	0.00		Oct24	5.55
Parag Parikh Flexi Cap Dir Gr	INF879O01027	Trent Limited March 2026 Future		-0.16	0.00		Nov24	7.52
Parag Parikh Flexi Cap Dir Gr	INF879O01027	Trent Limited March 2026 Future		-0.16	0.00		Dec24	3.56
Parag Parikh Flexi Cap Dir Gr	INF879O01027	Trent Limited March 2026 Future		-0.16	0.00		Jan25	5.32
Parag Parikh Flexi Cap Dir Gr	INF879O01027	Trent Limited March 2026 Future		-0.16	0.00		Feb25	5.59
Parag Parikh Flexi Cap Dir Gr	INF879O01027	Trent Limited March 2026 Future		-0.16	0.00		Mar25	15.51
Parag Parikh Flexi Cap Dir Gr	INF879O01027	Trent Limited March 2026 Future		-0.16	0.00		Mar25	15.51
Parag Parikh Flexi Cap Dir Gr	INF879O01027	Trent Limited March 2026 Future		-0.16	0.00		Apr25	12.51
Parag Parikh Flexi Cap Dir Gr	INF879O01027	Trent Limited March 2026 Future		-0.16	0.00		May25	11.15
Parag Parikh Flexi Cap Dir Gr	INF879O01027	Trent Limited March 2026 Future		-0.16	0.00		June25	10.18
Parag Parikh Flexi Cap Dir Gr	INF879O01027	Trent Limited March 2026 Future		-0.16	0.00		July25	9.19
Parag Parikh Flexi Cap Dir Gr	INF879O01027	Trent Limited March 2026 Future		-0.16	0.00		Aug25	8.13
Parag Parikh Flexi Cap Dir Gr	INF879O01027	Mahindra & Mahindra Limited 3750 Call March 2026 Option		-0.12	0.00		Oct24	5.55
Parag Parikh Flexi Cap Dir Gr	INF879O01027	Mahindra & Mahindra Limited 3750 Call March 2026 Option		-0.12	0.00		Nov24	7.52
Parag Parikh Flexi Cap Dir Gr	INF879O01027	Mahindra & Mahindra Limited 3750 Call March 2026 Option		-0.12	0.00		Dec24	3.56
Parag Parikh Flexi Cap Dir Gr	INF879O01027	Mahindra & Mahindra Limited 3750 Call March 2026 Option		-0.12	0.00		Jan25	5.32
Parag Parikh Flexi Cap Dir Gr	INF879O01027	Mahindra & Mahindra Limited 3750 Call March 2026 Option		-0.12	0.00		Feb25	5.59
Parag Parikh Flexi Cap Dir Gr	INF879O01027	Mahindra & Mahindra Limited 3750 Call March 2026 Option		-0.12	0.00		Mar25	15.51
Parag Parikh Flexi Cap Dir Gr	INF879O01027	Mahindra & Mahindra Limited 3750 Call March 2026 Option		-0.12	0.00		Mar25	15.51
Parag Parikh Flexi Cap Dir Gr	INF879O01027	Mahindra & Mahindra Limited 3750 Call March 2026 Option		-0.12	0.00		Apr25	12.51
Parag Parikh Flexi Cap Dir Gr	INF879O01027	Mahindra & Mahindra Limited 3750 Call March 2026 Option		-0.12	0.00		May25	11.15
Parag Parikh Flexi Cap Dir Gr	INF879O01027	Mahindra & Mahindra Limited 3750 Call March 2026 Option		-0.12	0.00		June25	10.18
Parag Parikh Flexi Cap Dir Gr	INF879O01027	Mahindra & Mahindra Limited 3750 Call March 2026 Option		-0.12	0.00		July25	9.19
Parag Parikh Flexi Cap Dir Gr	INF879O01027	Mahindra & Mahindra Limited 3750 Call March 2026 Option		-0.12	0.00		Aug25	8.13
Parag Parikh Flexi Cap Dir Gr	INF879O01027	Hindustan Aeronautics Limited March 2026 Future		-0.12	0.00		Oct24	5.55
Parag Parikh Flexi Cap Dir Gr	INF879O01027	Hindustan Aeronautics Limited March 2026 Future		-0.12	0.00		Nov24	7.52
Parag Parikh Flexi Cap Dir Gr	INF879O01027	Hindustan Aeronautics Limited March 2026 Future		-0.12	0.00		Dec24	3.56
Parag Parikh Flexi Cap Dir Gr	INF879O01027	Hindustan Aeronautics Limited March 2026 Future		-0.12	0.00		Jan25	5.32
Parag Parikh Flexi Cap Dir Gr	INF879O01027	Hindustan Aeronautics Limited March 2026 Future		-0.12	0.00		Feb25	5.59
Parag Parikh Flexi Cap Dir Gr	INF879O01027	Hindustan Aeronautics Limited March 2026 Future		-0.12	0.00		Mar25	15.51
Parag Parikh Flexi Cap Dir Gr	INF879O01027	Hindustan Aeronautics Limited March 2026 Future		-0.12	0.00		Mar25	15.51
Parag Parikh Flexi Cap Dir Gr	INF879O01027	Hindustan Aeronautics Limited March 2026 Future		-0.12	0.00		Apr25	12.51
Parag Parikh Flexi Cap Dir Gr	INF879O01027	Hindustan Aeronautics Limited March 2026 Future		-0.12	0.00		May25	11.15
Parag Parikh Flexi Cap Dir Gr	INF879O01027	Hindustan Aeronautics Limited March 2026 Future		-0.12	0.00		June25	10.18
Parag Parikh Flexi Cap Dir Gr	INF879O01027	Hindustan Aeronautics Limited March 2026 Future		-0.12	0.00		July25	9.19
Parag Parikh Flexi Cap Dir Gr	INF879O01027	Hindustan Aeronautics Limited March 2026 Future		-0.12	0.00		Aug25	8.13
Parag Parikh Flexi Cap Dir Gr	INF879O01027	Hindustan Aeronautics Ltd Ordinary Shares	Industrials	0.12	0.00	-99.76	Oct24	5.55
Parag Parikh Flexi Cap Dir Gr	INF879O01027	Hindustan Aeronautics Ltd Ordinary Shares	Industrials	0.12	0.00	-99.76	Nov24	7.52
Parag Parikh Flexi Cap Dir Gr	INF879O01027	Hindustan Aeronautics Ltd Ordinary Shares	Industrials	0.12	0.00	-99.76	Dec24	3.56
Parag Parikh Flexi Cap Dir Gr	INF879O01027	Hindustan Aeronautics Ltd Ordinary Shares	Industrials	0.12	0.00	-99.76	Jan25	5.32
Parag Parikh Flexi Cap Dir Gr	INF879O01027	Hindustan Aeronautics Ltd Ordinary Shares	Industrials	0.12	0.00	-99.76	Feb25	5.59
Parag Parikh Flexi Cap Dir Gr	INF879O01027	Hindustan Aeronautics Ltd Ordinary Shares	Industrials	0.12	0.00	-99.76	Mar25	15.51
Parag Parikh Flexi Cap Dir Gr	INF879O01027	Hindustan Aeronautics Ltd Ordinary Shares	Industrials	0.12	0.00	-99.76	Mar25	15.51
Parag Parikh Flexi Cap Dir Gr	INF879O01027	Hindustan Aeronautics Ltd Ordinary Shares	Industrials	0.12	0.00	-99.76	Apr25	12.51
Parag Parikh Flexi Cap Dir Gr	INF879O01027	Hindustan Aeronautics Ltd Ordinary Shares	Industrials	0.12	0.00	-99.76	May25	11.15
Parag Parikh Flexi Cap Dir Gr	INF879O01027	Hindustan Aeronautics Ltd Ordinary Shares	Industrials	0.12	0.00	-99.76	June25	10.18
Parag Parikh Flexi Cap Dir Gr	INF879O01027	Hindustan Aeronautics Ltd Ordinary Shares	Industrials	0.12	0.00	-99.76	July25	9.19
Parag Parikh Flexi Cap Dir Gr	INF879O01027	Hindustan Aeronautics Ltd Ordinary Shares	Industrials	0.12	0.00	-99.76	Aug25	8.13
Parag Parikh Flexi Cap Dir Gr	INF879O01027	Power Grid Corporation Of India Limited 320 Call March 2026 Option		-0.06	0.00		Oct24	5.55
Parag Parikh Flexi Cap Dir Gr	INF879O01027	Power Grid Corporation Of India Limited 320 Call March 2026 Option		-0.06	0.00		Nov24	7.52
Parag Parikh Flexi Cap Dir Gr	INF879O01027	Power Grid Corporation Of India Limited 320 Call March 2026 Option		-0.06	0.00		Dec24	3.56
Parag Parikh Flexi Cap Dir Gr	INF879O01027	Power Grid Corporation Of India Limited 320 Call March 2026 Option		-0.06	0.00		Jan25	5.32
Parag Parikh Flexi Cap Dir Gr	INF879O01027	Power Grid Corporation Of India Limited 320 Call March 2026 Option		-0.06	0.00		Feb25	5.59
Parag Parikh Flexi Cap Dir Gr	INF879O01027	Power Grid Corporation Of India Limited 320 Call March 2026 Option		-0.06	0.00		Mar25	15.51
Parag Parikh Flexi Cap Dir Gr	INF879O01027	Power Grid Corporation Of India Limited 320 Call March 2026 Option		-0.06	0.00		Mar25	15.51
Parag Parikh Flexi Cap Dir Gr	INF879O01027	Power Grid Corporation Of India Limited 320 Call March 2026 Option		-0.06	0.00		Apr25	12.51
Parag Parikh Flexi Cap Dir Gr	INF879O01027	Power Grid Corporation Of India Limited 320 Call March 2026 Option		-0.06	0.00		May25	11.15
Parag Parikh Flexi Cap Dir Gr	INF879O01027	Power Grid Corporation Of India Limited 320 Call March 2026 Option		-0.06	0.00		June25	10.18
Parag Parikh Flexi Cap Dir Gr	INF879O01027	Power Grid Corporation Of India Limited 320 Call March 2026 Option		-0.06	0.00		July25	9.19
Parag Parikh Flexi Cap Dir Gr	INF879O01027	Power Grid Corporation Of India Limited 320 Call March 2026 Option		-0.06	0.00		Aug25	8.13
Parag Parikh Flexi Cap Dir Gr	INF879O01027	Dr. Reddy's Laboratories Limited 1380 Call March 2026 Option		-0.03	0.00		Oct24	5.55
Parag Parikh Flexi Cap Dir Gr	INF879O01027	Dr. Reddy's Laboratories Limited 1380 Call March 2026 Option		-0.03	0.00		Nov24	7.52
Parag Parikh Flexi Cap Dir Gr	INF879O01027	Dr. Reddy's Laboratories Limited 1380 Call March 2026 Option		-0.03	0.00		Dec24	3.56
Parag Parikh Flexi Cap Dir Gr	INF879O01027	Dr. Reddy's Laboratories Limited 1380 Call March 2026 Option		-0.03	0.00		Jan25	5.32
Parag Parikh Flexi Cap Dir Gr	INF879O01027	Dr. Reddy's Laboratories Limited 1380 Call March 2026 Option		-0.03	0.00		Feb25	5.59
Parag Parikh Flexi Cap Dir Gr	INF879O01027	Dr. Reddy's Laboratories Limited 1380 Call March 2026 Option		-0.03	0.00		Mar25	15.51
Parag Parikh Flexi Cap Dir Gr	INF879O01027	Dr. Reddy's Laboratories Limited 1380 Call March 2026 Option		-0.03	0.00		Mar25	15.51
Parag Parikh Flexi Cap Dir Gr	INF879O01027	Dr. Reddy's Laboratories Limited 1380 Call March 2026 Option		-0.03	0.00		Apr25	12.51
Parag Parikh Flexi Cap Dir Gr	INF879O01027	Dr. Reddy's Laboratories Limited 1380 Call March 2026 Option		-0.03	0.00		May25	11.15
Parag Parikh Flexi Cap Dir Gr	INF879O01027	Dr. Reddy's Laboratories Limited 1380 Call March 2026 Option		-0.03	0.00		June25	10.18
Parag Parikh Flexi Cap Dir Gr	INF879O01027	Dr. Reddy's Laboratories Limited 1380 Call March 2026 Option		-0.03	0.00		July25	9.19
Parag Parikh Flexi Cap Dir Gr	INF879O01027	Dr. Reddy's Laboratories Limited 1380 Call March 2026 Option		-0.03	0.00		Aug25	8.13
Parag Parikh Flexi Cap Dir Gr	INF879O01027	Biocon Ltd		0.00	0.00	-100.00	Oct24	5.55
Parag Parikh Flexi Cap Dir Gr	INF879O01027	Biocon Ltd		0.00	0.00	-100.00	Nov24	7.52
Parag Parikh Flexi Cap Dir Gr	INF879O01027	Biocon Ltd		0.00	0.00	-100.00	Dec24	3.56
Parag Parikh Flexi Cap Dir Gr	INF879O01027	Biocon Ltd		0.00	0.00	-100.00	Jan25	5.32
Parag Parikh Flexi Cap Dir Gr	INF879O01027	Biocon Ltd		0.00	0.00	-100.00	Feb25	5.59
Parag Parikh Flexi Cap Dir Gr	INF879O01027	Biocon Ltd		0.00	0.00	-100.00	Mar25	15.51
Parag Parikh Flexi Cap Dir Gr	INF879O01027	Biocon Ltd		0.00	0.00	-100.00	Mar25	15.51
Parag Parikh Flexi Cap Dir Gr	INF879O01027	Biocon Ltd		0.00	0.00	-100.00	Apr25	12.51
Parag Parikh Flexi Cap Dir Gr	INF879O01027	Biocon Ltd		0.00	0.00	-100.00	May25	11.15
Parag Parikh Flexi Cap Dir Gr	INF879O01027	Biocon Ltd		0.00	0.00	-100.00	June25	10.18
Parag Parikh Flexi Cap Dir Gr	INF879O01027	Biocon Ltd		0.00	0.00	-100.00	July25	9.19
Parag Parikh Flexi Cap Dir Gr	INF879O01027	Biocon Ltd		0.00	0.00	-100.00	Aug25	8.13
Parag Parikh Flexi Cap Dir Gr	INF879O01027	Tata Power Co Ltd		0.00	0.00	-100.00	Oct24	5.55
Parag Parikh Flexi Cap Dir Gr	INF879O01027	Tata Power Co Ltd		0.00	0.00	-100.00	Nov24	7.52
Parag Parikh Flexi Cap Dir Gr	INF879O01027	Tata Power Co Ltd		0.00	0.00	-100.00	Dec24	3.56
Parag Parikh Flexi Cap Dir Gr	INF879O01027	Tata Power Co Ltd		0.00	0.00	-100.00	Jan25	5.32
Parag Parikh Flexi Cap Dir Gr	INF879O01027	Tata Power Co Ltd		0.00	0.00	-100.00	Feb25	5.59
Parag Parikh Flexi Cap Dir Gr	INF879O01027	Tata Power Co Ltd		0.00	0.00	-100.00	Mar25	15.51
Parag Parikh Flexi Cap Dir Gr	INF879O01027	Tata Power Co Ltd		0.00	0.00	-100.00	Mar25	15.51
Parag Parikh Flexi Cap Dir Gr	INF879O01027	Tata Power Co Ltd		0.00	0.00	-100.00	Apr25	12.51
Parag Parikh Flexi Cap Dir Gr	INF879O01027	Tata Power Co Ltd		0.00	0.00	-100.00	May25	11.15
Parag Parikh Flexi Cap Dir Gr	INF879O01027	Tata Power Co Ltd		0.00	0.00	-100.00	June25	10.18
Parag Parikh Flexi Cap Dir Gr	INF879O01027	Tata Power Co Ltd		0.00	0.00	-100.00	July25	9.19
Parag Parikh Flexi Cap Dir Gr	INF879O01027	Tata Power Co Ltd		0.00	0.00	-100.00	Aug25	8.13
Parag Parikh Flexi Cap Dir Gr	INF879O01027	Multi Commodity Exchange of India Ltd		0.00	0.00	-100.00	Oct24	5.55
Parag Parikh Flexi Cap Dir Gr	INF879O01027	Multi Commodity Exchange of India Ltd		0.00	0.00	-100.00	Nov24	7.52
Parag Parikh Flexi Cap Dir Gr	INF879O01027	Multi Commodity Exchange of India Ltd		0.00	0.00	-100.00	Dec24	3.56
Parag Parikh Flexi Cap Dir Gr	INF879O01027	Multi Commodity Exchange of India Ltd		0.00	0.00	-100.00	Jan25	5.32
Parag Parikh Flexi Cap Dir Gr	INF879O01027	Multi Commodity Exchange of India Ltd		0.00	0.00	-100.00	Feb25	5.59
Parag Parikh Flexi Cap Dir Gr	INF879O01027	Multi Commodity Exchange of India Ltd		0.00	0.00	-100.00	Mar25	15.51
Parag Parikh Flexi Cap Dir Gr	INF879O01027	Multi Commodity Exchange of India Ltd		0.00	0.00	-100.00	Mar25	15.51
Parag Parikh Flexi Cap Dir Gr	INF879O01027	Multi Commodity Exchange of India Ltd		0.00	0.00	-100.00	Apr25	12.51
Parag Parikh Flexi Cap Dir Gr	INF879O01027	Multi Commodity Exchange of India Ltd		0.00	0.00	-100.00	May25	11.15
Parag Parikh Flexi Cap Dir Gr	INF879O01027	Multi Commodity Exchange of India Ltd		0.00	0.00	-100.00	June25	10.18
Parag Parikh Flexi Cap Dir Gr	INF879O01027	Multi Commodity Exchange of India Ltd		0.00	0.00	-100.00	July25	9.19
Parag Parikh Flexi Cap Dir Gr	INF879O01027	Multi Commodity Exchange of India Ltd		0.00	0.00	-100.00	Aug25	8.13
Parag Parikh Flexi Cap Dir Gr	INF879O01027	Kotak Securities Limited		0.00	0.00	-100.00	Oct24	5.55
Parag Parikh Flexi Cap Dir Gr	INF879O01027	Kotak Securities Limited		0.00	0.00	-100.00	Nov24	7.52
Parag Parikh Flexi Cap Dir Gr	INF879O01027	Kotak Securities Limited		0.00	0.00	-100.00	Dec24	3.56
Parag Parikh Flexi Cap Dir Gr	INF879O01027	Kotak Securities Limited		0.00	0.00	-100.00	Jan25	5.32
Parag Parikh Flexi Cap Dir Gr	INF879O01027	Kotak Securities Limited		0.00	0.00	-100.00	Feb25	5.59
Parag Parikh Flexi Cap Dir Gr	INF879O01027	Kotak Securities Limited		0.00	0.00	-100.00	Mar25	15.51
Parag Parikh Flexi Cap Dir Gr	INF879O01027	Kotak Securities Limited		0.00	0.00	-100.00	Mar25	15.51
Parag Parikh Flexi Cap Dir Gr	INF879O01027	Kotak Securities Limited		0.00	0.00	-100.00	Apr25	12.51
Parag Parikh Flexi Cap Dir Gr	INF879O01027	Kotak Securities Limited		0.00	0.00	-100.00	May25	11.15
Parag Parikh Flexi Cap Dir Gr	INF879O01027	Kotak Securities Limited		0.00	0.00	-100.00	June25	10.18
Parag Parikh Flexi Cap Dir Gr	INF879O01027	Kotak Securities Limited		0.00	0.00	-100.00	July25	9.19
Parag Parikh Flexi Cap Dir Gr	INF879O01027	Kotak Securities Limited		0.00	0.00	-100.00	Aug25	8.13
Parag Parikh Flexi Cap Dir Gr	INF879O01027	Punjab National Bank (18/03/2026)		0.00	0.00	-100.00	Oct24	5.55
Parag Parikh Flexi Cap Dir Gr	INF879O01027	Punjab National Bank (18/03/2026)		0.00	0.00	-100.00	Nov24	7.52
Parag Parikh Flexi Cap Dir Gr	INF879O01027	Punjab National Bank (18/03/2026)		0.00	0.00	-100.00	Dec24	3.56
Parag Parikh Flexi Cap Dir Gr	INF879O01027	Punjab National Bank (18/03/2026)		0.00	0.00	-100.00	Jan25	5.32
Parag Parikh Flexi Cap Dir Gr	INF879O01027	Punjab National Bank (18/03/2026)		0.00	0.00	-100.00	Feb25	5.59
Parag Parikh Flexi Cap Dir Gr	INF879O01027	Punjab National Bank (18/03/2026)		0.00	0.00	-100.00	Mar25	15.51
Parag Parikh Flexi Cap Dir Gr	INF879O01027	Punjab National Bank (18/03/2026)		0.00	0.00	-100.00	Mar25	15.51
Parag Parikh Flexi Cap Dir Gr	INF879O01027	Punjab National Bank (18/03/2026)		0.00	0.00	-100.00	Apr25	12.51
Parag Parikh Flexi Cap Dir Gr	INF879O01027	Punjab National Bank (18/03/2026)		0.00	0.00	-100.00	May25	11.15
Parag Parikh Flexi Cap Dir Gr	INF879O01027	Punjab National Bank (18/03/2026)		0.00	0.00	-100.00	June25	10.18
Parag Parikh Flexi Cap Dir Gr	INF879O01027	Punjab National Bank (18/03/2026)		0.00	0.00	-100.00	July25	9.19
Parag Parikh Flexi Cap Dir Gr	INF879O01027	Punjab National Bank (18/03/2026)		0.00	0.00	-100.00	Aug25	8.13
Parag Parikh Flexi Cap Dir Gr	INF879O01027	GMR Airports Ltd		0.00	0.00	-100.00	Oct24	5.55
Parag Parikh Flexi Cap Dir Gr	INF879O01027	GMR Airports Ltd		0.00	0.00	-100.00	Nov24	7.52
Parag Parikh Flexi Cap Dir Gr	INF879O01027	GMR Airports Ltd		0.00	0.00	-100.00	Dec24	3.56
Parag Parikh Flexi Cap Dir Gr	INF879O01027	GMR Airports Ltd		0.00	0.00	-100.00	Jan25	5.32
Parag Parikh Flexi Cap Dir Gr	INF879O01027	GMR Airports Ltd		0.00	0.00	-100.00	Feb25	5.59
Parag Parikh Flexi Cap Dir Gr	INF879O01027	GMR Airports Ltd		0.00	0.00	-100.00	Mar25	15.51
Parag Parikh Flexi Cap Dir Gr	INF879O01027	GMR Airports Ltd		0.00	0.00	-100.00	Mar25	15.51
Parag Parikh Flexi Cap Dir Gr	INF879O01027	GMR Airports Ltd		0.00	0.00	-100.00	Apr25	12.51
Parag Parikh Flexi Cap Dir Gr	INF879O01027	GMR Airports Ltd		0.00	0.00	-100.00	May25	11.15
Parag Parikh Flexi Cap Dir Gr	INF879O01027	GMR Airports Ltd		0.00	0.00	-100.00	June25	10.18
Parag Parikh Flexi Cap Dir Gr	INF879O01027	GMR Airports Ltd		0.00	0.00	-100.00	July25	9.19
Parag Parikh Flexi Cap Dir Gr	INF879O01027	GMR Airports Ltd		0.00	0.00	-100.00	Aug25	8.13
Parag Parikh Flexi Cap Dir Gr	INF879O01027	State Bank of India		0.00	0.00	-100.00	Oct24	5.55
Parag Parikh Flexi Cap Dir Gr	INF879O01027	State Bank of India		0.00	0.00	-100.00	Nov24	7.52
Parag Parikh Flexi Cap Dir Gr	INF879O01027	State Bank of India		0.00	0.00	-100.00	Dec24	3.56
Parag Parikh Flexi Cap Dir Gr	INF879O01027	State Bank of India		0.00	0.00	-100.00	Jan25	5.32
Parag Parikh Flexi Cap Dir Gr	INF879O01027	State Bank of India		0.00	0.00	-100.00	Feb25	5.59
Parag Parikh Flexi Cap Dir Gr	INF879O01027	State Bank of India		0.00	0.00	-100.00	Mar25	15.51
Parag Parikh Flexi Cap Dir Gr	INF879O01027	State Bank of India		0.00	0.00	-100.00	Mar25	15.51
Parag Parikh Flexi Cap Dir Gr	INF879O01027	State Bank of India		0.00	0.00	-100.00	Apr25	12.51
Parag Parikh Flexi Cap Dir Gr	INF879O01027	State Bank of India		0.00	0.00	-100.00	May25	11.15
Parag Parikh Flexi Cap Dir Gr	INF879O01027	State Bank of India		0.00	0.00	-100.00	June25	10.18
Parag Parikh Flexi Cap Dir Gr	INF879O01027	State Bank of India		0.00	0.00	-100.00	July25	9.19
Parag Parikh Flexi Cap Dir Gr	INF879O01027	State Bank of India		0.00	0.00	-100.00	Aug25	8.13
Parag Parikh Flexi Cap Dir Gr	INF879O01027	Varun Beverages Ltd		0.00	0.00	-100.00	Oct24	5.55
Parag Parikh Flexi Cap Dir Gr	INF879O01027	Varun Beverages Ltd		0.00	0.00	-100.00	Nov24	7.52
Parag Parikh Flexi Cap Dir Gr	INF879O01027	Varun Beverages Ltd		0.00	0.00	-100.00	Dec24	3.56
Parag Parikh Flexi Cap Dir Gr	INF879O01027	Varun Beverages Ltd		0.00	0.00	-100.00	Jan25	5.32
Parag Parikh Flexi Cap Dir Gr	INF879O01027	Varun Beverages Ltd		0.00	0.00	-100.00	Feb25	5.59
Parag Parikh Flexi Cap Dir Gr	INF879O01027	Varun Beverages Ltd		0.00	0.00	-100.00	Mar25	15.51
Parag Parikh Flexi Cap Dir Gr	INF879O01027	Varun Beverages Ltd		0.00	0.00	-100.00	Mar25	15.51
Parag Parikh Flexi Cap Dir Gr	INF879O01027	Varun Beverages Ltd		0.00	0.00	-100.00	Apr25	12.51
Parag Parikh Flexi Cap Dir Gr	INF879O01027	Varun Beverages Ltd		0.00	0.00	-100.00	May25	11.15
Parag Parikh Flexi Cap Dir Gr	INF879O01027	Varun Beverages Ltd		0.00	0.00	-100.00	June25	10.18
Parag Parikh Flexi Cap Dir Gr	INF879O01027	Varun Beverages Ltd		0.00	0.00	-100.00	July25	9.19
Parag Parikh Flexi Cap Dir Gr	INF879O01027	Varun Beverages Ltd		0.00	0.00	-100.00	Aug25	8.13
Parag Parikh Flexi Cap Dir Gr	INF879O01027	Vedanta Ltd		0.00	0.00	-100.00	Oct24	5.55
Parag Parikh Flexi Cap Dir Gr	INF879O01027	Vedanta Ltd		0.00	0.00	-100.00	Nov24	7.52
Parag Parikh Flexi Cap Dir Gr	INF879O01027	Vedanta Ltd		0.00	0.00	-100.00	Dec24	3.56
Parag Parikh Flexi Cap Dir Gr	INF879O01027	Vedanta Ltd		0.00	0.00	-100.00	Jan25	5.32
Parag Parikh Flexi Cap Dir Gr	INF879O01027	Vedanta Ltd		0.00	0.00	-100.00	Feb25	5.59
Parag Parikh Flexi Cap Dir Gr	INF879O01027	Vedanta Ltd		0.00	0.00	-100.00	Mar25	15.51
Parag Parikh Flexi Cap Dir Gr	INF879O01027	Vedanta Ltd		0.00	0.00	-100.00	Mar25	15.51
Parag Parikh Flexi Cap Dir Gr	INF879O01027	Vedanta Ltd		0.00	0.00	-100.00	Apr25	12.51
Parag Parikh Flexi Cap Dir Gr	INF879O01027	Vedanta Ltd		0.00	0.00	-100.00	May25	11.15
Parag Parikh Flexi Cap Dir Gr	INF879O01027	Vedanta Ltd		0.00	0.00	-100.00	June25	10.18
Parag Parikh Flexi Cap Dir Gr	INF879O01027	Vedanta Ltd		0.00	0.00	-100.00	July25	9.19
Parag Parikh Flexi Cap Dir Gr	INF879O01027	Vedanta Ltd		0.00	0.00	-100.00	Aug25	8.13
Parag Parikh Flexi Cap Dir Gr	INF879O01027	Indian Hotels Co Ltd		0.00	0.00	-100.00	Oct24	5.55
Parag Parikh Flexi Cap Dir Gr	INF879O01027	Indian Hotels Co Ltd		0.00	0.00	-100.00	Nov24	7.52
Parag Parikh Flexi Cap Dir Gr	INF879O01027	Indian Hotels Co Ltd		0.00	0.00	-100.00	Dec24	3.56
Parag Parikh Flexi Cap Dir Gr	INF879O01027	Indian Hotels Co Ltd		0.00	0.00	-100.00	Jan25	5.32
Parag Parikh Flexi Cap Dir Gr	INF879O01027	Indian Hotels Co Ltd		0.00	0.00	-100.00	Feb25	5.59
Parag Parikh Flexi Cap Dir Gr	INF879O01027	Indian Hotels Co Ltd		0.00	0.00	-100.00	Mar25	15.51
Parag Parikh Flexi Cap Dir Gr	INF879O01027	Indian Hotels Co Ltd		0.00	0.00	-100.00	Mar25	15.51
Parag Parikh Flexi Cap Dir Gr	INF879O01027	Indian Hotels Co Ltd		0.00	0.00	-100.00	Apr25	12.51
Parag Parikh Flexi Cap Dir Gr	INF879O01027	Indian Hotels Co Ltd		0.00	0.00	-100.00	May25	11.15
Parag Parikh Flexi Cap Dir Gr	INF879O01027	Indian Hotels Co Ltd		0.00	0.00	-100.00	June25	10.18
Parag Parikh Flexi Cap Dir Gr	INF879O01027	Indian Hotels Co Ltd		0.00	0.00	-100.00	July25	9.19
Parag Parikh Flexi Cap Dir Gr	INF879O01027	Indian Hotels Co Ltd		0.00	0.00	-100.00	Aug25	8.13
Parag Parikh Flexi Cap Dir Gr	INF879O01027	Jindal Steel Ltd		0.00	0.00	-100.00	Oct24	5.55
Parag Parikh Flexi Cap Dir Gr	INF879O01027	Jindal Steel Ltd		0.00	0.00	-100.00	Nov24	7.52
Parag Parikh Flexi Cap Dir Gr	INF879O01027	Jindal Steel Ltd		0.00	0.00	-100.00	Dec24	3.56
Parag Parikh Flexi Cap Dir Gr	INF879O01027	Jindal Steel Ltd		0.00	0.00	-100.00	Jan25	5.32
Parag Parikh Flexi Cap Dir Gr	INF879O01027	Jindal Steel Ltd		0.00	0.00	-100.00	Feb25	5.59
Parag Parikh Flexi Cap Dir Gr	INF879O01027	Jindal Steel Ltd		0.00	0.00	-100.00	Mar25	15.51
Parag Parikh Flexi Cap Dir Gr	INF879O01027	Jindal Steel Ltd		0.00	0.00	-100.00	Mar25	15.51
Parag Parikh Flexi Cap Dir Gr	INF879O01027	Jindal Steel Ltd		0.00	0.00	-100.00	Apr25	12.51
Parag Parikh Flexi Cap Dir Gr	INF879O01027	Jindal Steel Ltd		0.00	0.00	-100.00	May25	11.15
Parag Parikh Flexi Cap Dir Gr	INF879O01027	Jindal Steel Ltd		0.00	0.00	-100.00	June25	10.18
Parag Parikh Flexi Cap Dir Gr	INF879O01027	Jindal Steel Ltd		0.00	0.00	-100.00	July25	9.19
Parag Parikh Flexi Cap Dir Gr	INF879O01027	Jindal Steel Ltd		0.00	0.00	-100.00	Aug25	8.13
Parag Parikh Flexi Cap Dir Gr	INF879O01027	Bandhan Bank Ltd		0.00	0.00	-100.00	Oct24	5.55
Parag Parikh Flexi Cap Dir Gr	INF879O01027	Bandhan Bank Ltd		0.00	0.00	-100.00	Nov24	7.52
Parag Parikh Flexi Cap Dir Gr	INF879O01027	Bandhan Bank Ltd		0.00	0.00	-100.00	Dec24	3.56
Parag Parikh Flexi Cap Dir Gr	INF879O01027	Bandhan Bank Ltd		0.00	0.00	-100.00	Jan25	5.32
Parag Parikh Flexi Cap Dir Gr	INF879O01027	Bandhan Bank Ltd		0.00	0.00	-100.00	Feb25	5.59
Parag Parikh Flexi Cap Dir Gr	INF879O01027	Bandhan Bank Ltd		0.00	0.00	-100.00	Mar25	15.51
Parag Parikh Flexi Cap Dir Gr	INF879O01027	Bandhan Bank Ltd		0.00	0.00	-100.00	Mar25	15.51
Parag Parikh Flexi Cap Dir Gr	INF879O01027	Bandhan Bank Ltd		0.00	0.00	-100.00	Apr25	12.51
Parag Parikh Flexi Cap Dir Gr	INF879O01027	Bandhan Bank Ltd		0.00	0.00	-100.00	May25	11.15
Parag Parikh Flexi Cap Dir Gr	INF879O01027	Bandhan Bank Ltd		0.00	0.00	-100.00	June25	10.18
Parag Parikh Flexi Cap Dir Gr	INF879O01027	Bandhan Bank Ltd		0.00	0.00	-100.00	July25	9.19
Parag Parikh Flexi Cap Dir Gr	INF879O01027	Bandhan Bank Ltd		0.00	0.00	-100.00	Aug25	8.13
Parag Parikh Flexi Cap Dir Gr	INF879O01027	Tech Mahindra Ltd		0.00	0.00	-100.00	Oct24	5.55
Parag Parikh Flexi Cap Dir Gr	INF879O01027	Tech Mahindra Ltd		0.00	0.00	-100.00	Nov24	7.52
Parag Parikh Flexi Cap Dir Gr	INF879O01027	Tech Mahindra Ltd		0.00	0.00	-100.00	Dec24	3.56
Parag Parikh Flexi Cap Dir Gr	INF879O01027	Tech Mahindra Ltd		0.00	0.00	-100.00	Jan25	5.32
Parag Parikh Flexi Cap Dir Gr	INF879O01027	Tech Mahindra Ltd		0.00	0.00	-100.00	Feb25	5.59
Parag Parikh Flexi Cap Dir Gr	INF879O01027	Tech Mahindra Ltd		0.00	0.00	-100.00	Mar25	15.51
Parag Parikh Flexi Cap Dir Gr	INF879O01027	Tech Mahindra Ltd		0.00	0.00	-100.00	Mar25	15.51
Parag Parikh Flexi Cap Dir Gr	INF879O01027	Tech Mahindra Ltd		0.00	0.00	-100.00	Apr25	12.51
Parag Parikh Flexi Cap Dir Gr	INF879O01027	Tech Mahindra Ltd		0.00	0.00	-100.00	May25	11.15
Parag Parikh Flexi Cap Dir Gr	INF879O01027	Tech Mahindra Ltd		0.00	0.00	-100.00	June25	10.18
Parag Parikh Flexi Cap Dir Gr	INF879O01027	Tech Mahindra Ltd		0.00	0.00	-100.00	July25	9.19
Parag Parikh Flexi Cap Dir Gr	INF879O01027	Tech Mahindra Ltd		0.00	0.00	-100.00	Aug25	8.13
