schemeName	isin	stock_name	sector	market_value	weight	change_1m	period	weightage
Nippon India Power & Infra Dir Gr	INF204K01I92	Reliance Industries Ltd	Energy	649.56	9.11	0.00	Oct24	5.55
Nippon India Power & Infra Dir Gr	INF204K01I92	Reliance Industries Ltd	Energy	649.56	9.11	0.00	Nov24	7.52
Nippon India Power & Infra Dir Gr	INF204K01I92	Reliance Industries Ltd	Energy	649.56	9.11	0.00	Dec24	3.56
Nippon India Power & Infra Dir Gr	INF204K01I92	Reliance Industries Ltd	Energy	649.56	9.11	0.00	Jan25	5.32
Nippon India Power & Infra Dir Gr	INF204K01I92	Reliance Industries Ltd	Energy	649.56	9.11	0.00	Feb25	5.59
Nippon India Power & Infra Dir Gr	INF204K01I92	Reliance Industries Ltd	Energy	649.56	9.11	0.00	Mar25	15.51
Nippon India Power & Infra Dir Gr	INF204K01I92	Reliance Industries Ltd	Energy	649.56	9.11	0.00	Mar25	15.51
Nippon India Power & Infra Dir Gr	INF204K01I92	Reliance Industries Ltd	Energy	649.56	9.11	0.00	Apr25	12.51
Nippon India Power & Infra Dir Gr	INF204K01I92	Reliance Industries Ltd	Energy	649.56	9.11	0.00	May25	11.15
Nippon India Power & Infra Dir Gr	INF204K01I92	Reliance Industries Ltd	Energy	649.56	9.11	0.00	June25	10.18
Nippon India Power & Infra Dir Gr	INF204K01I92	Reliance Industries Ltd	Energy	649.56	9.11	0.00	July25	9.19
Nippon India Power & Infra Dir Gr	INF204K01I92	Reliance Industries Ltd	Energy	649.56	9.11	0.00	Aug25	8.13
Nippon India Power & Infra Dir Gr	INF204K01I92	NTPC Ltd	Utilities	591.95	8.30	-8.82	Oct24	5.55
Nippon India Power & Infra Dir Gr	INF204K01I92	NTPC Ltd	Utilities	591.95	8.30	-8.82	Nov24	7.52
Nippon India Power & Infra Dir Gr	INF204K01I92	NTPC Ltd	Utilities	591.95	8.30	-8.82	Dec24	3.56
Nippon India Power & Infra Dir Gr	INF204K01I92	NTPC Ltd	Utilities	591.95	8.30	-8.82	Jan25	5.32
Nippon India Power & Infra Dir Gr	INF204K01I92	NTPC Ltd	Utilities	591.95	8.30	-8.82	Feb25	5.59
Nippon India Power & Infra Dir Gr	INF204K01I92	NTPC Ltd	Utilities	591.95	8.30	-8.82	Mar25	15.51
Nippon India Power & Infra Dir Gr	INF204K01I92	NTPC Ltd	Utilities	591.95	8.30	-8.82	Mar25	15.51
Nippon India Power & Infra Dir Gr	INF204K01I92	NTPC Ltd	Utilities	591.95	8.30	-8.82	Apr25	12.51
Nippon India Power & Infra Dir Gr	INF204K01I92	NTPC Ltd	Utilities	591.95	8.30	-8.82	May25	11.15
Nippon India Power & Infra Dir Gr	INF204K01I92	NTPC Ltd	Utilities	591.95	8.30	-8.82	June25	10.18
Nippon India Power & Infra Dir Gr	INF204K01I92	NTPC Ltd	Utilities	591.95	8.30	-8.82	July25	9.19
Nippon India Power & Infra Dir Gr	INF204K01I92	NTPC Ltd	Utilities	591.95	8.30	-8.82	Aug25	8.13
Nippon India Power & Infra Dir Gr	INF204K01I92	Larsen & Toubro Ltd	Industrials	423.27	5.94	0.00	Oct24	5.55
Nippon India Power & Infra Dir Gr	INF204K01I92	Larsen & Toubro Ltd	Industrials	423.27	5.94	0.00	Nov24	7.52
Nippon India Power & Infra Dir Gr	INF204K01I92	Larsen & Toubro Ltd	Industrials	423.27	5.94	0.00	Dec24	3.56
Nippon India Power & Infra Dir Gr	INF204K01I92	Larsen & Toubro Ltd	Industrials	423.27	5.94	0.00	Jan25	5.32
Nippon India Power & Infra Dir Gr	INF204K01I92	Larsen & Toubro Ltd	Industrials	423.27	5.94	0.00	Feb25	5.59
Nippon India Power & Infra Dir Gr	INF204K01I92	Larsen & Toubro Ltd	Industrials	423.27	5.94	0.00	Mar25	15.51
Nippon India Power & Infra Dir Gr	INF204K01I92	Larsen & Toubro Ltd	Industrials	423.27	5.94	0.00	Mar25	15.51
Nippon India Power & Infra Dir Gr	INF204K01I92	Larsen & Toubro Ltd	Industrials	423.27	5.94	0.00	Apr25	12.51
Nippon India Power & Infra Dir Gr	INF204K01I92	Larsen & Toubro Ltd	Industrials	423.27	5.94	0.00	May25	11.15
Nippon India Power & Infra Dir Gr	INF204K01I92	Larsen & Toubro Ltd	Industrials	423.27	5.94	0.00	June25	10.18
Nippon India Power & Infra Dir Gr	INF204K01I92	Larsen & Toubro Ltd	Industrials	423.27	5.94	0.00	July25	9.19
Nippon India Power & Infra Dir Gr	INF204K01I92	Larsen & Toubro Ltd	Industrials	423.27	5.94	0.00	Aug25	8.13
Nippon India Power & Infra Dir Gr	INF204K01I92	Tata Power Co Ltd	Utilities	298.29	4.18	0.00	Oct24	5.55
Nippon India Power & Infra Dir Gr	INF204K01I92	Tata Power Co Ltd	Utilities	298.29	4.18	0.00	Nov24	7.52
Nippon India Power & Infra Dir Gr	INF204K01I92	Tata Power Co Ltd	Utilities	298.29	4.18	0.00	Dec24	3.56
Nippon India Power & Infra Dir Gr	INF204K01I92	Tata Power Co Ltd	Utilities	298.29	4.18	0.00	Jan25	5.32
Nippon India Power & Infra Dir Gr	INF204K01I92	Tata Power Co Ltd	Utilities	298.29	4.18	0.00	Feb25	5.59
Nippon India Power & Infra Dir Gr	INF204K01I92	Tata Power Co Ltd	Utilities	298.29	4.18	0.00	Mar25	15.51
Nippon India Power & Infra Dir Gr	INF204K01I92	Tata Power Co Ltd	Utilities	298.29	4.18	0.00	Mar25	15.51
Nippon India Power & Infra Dir Gr	INF204K01I92	Tata Power Co Ltd	Utilities	298.29	4.18	0.00	Apr25	12.51
Nippon India Power & Infra Dir Gr	INF204K01I92	Tata Power Co Ltd	Utilities	298.29	4.18	0.00	May25	11.15
Nippon India Power & Infra Dir Gr	INF204K01I92	Tata Power Co Ltd	Utilities	298.29	4.18	0.00	June25	10.18
Nippon India Power & Infra Dir Gr	INF204K01I92	Tata Power Co Ltd	Utilities	298.29	4.18	0.00	July25	9.19
Nippon India Power & Infra Dir Gr	INF204K01I92	Tata Power Co Ltd	Utilities	298.29	4.18	0.00	Aug25	8.13
Nippon India Power & Infra Dir Gr	INF204K01I92	NTPC Green Energy Ltd	Utilities	203.46	2.85	22.95	Oct24	5.55
Nippon India Power & Infra Dir Gr	INF204K01I92	NTPC Green Energy Ltd	Utilities	203.46	2.85	22.95	Nov24	7.52
Nippon India Power & Infra Dir Gr	INF204K01I92	NTPC Green Energy Ltd	Utilities	203.46	2.85	22.95	Dec24	3.56
Nippon India Power & Infra Dir Gr	INF204K01I92	NTPC Green Energy Ltd	Utilities	203.46	2.85	22.95	Jan25	5.32
Nippon India Power & Infra Dir Gr	INF204K01I92	NTPC Green Energy Ltd	Utilities	203.46	2.85	22.95	Feb25	5.59
Nippon India Power & Infra Dir Gr	INF204K01I92	NTPC Green Energy Ltd	Utilities	203.46	2.85	22.95	Mar25	15.51
Nippon India Power & Infra Dir Gr	INF204K01I92	NTPC Green Energy Ltd	Utilities	203.46	2.85	22.95	Mar25	15.51
Nippon India Power & Infra Dir Gr	INF204K01I92	NTPC Green Energy Ltd	Utilities	203.46	2.85	22.95	Apr25	12.51
Nippon India Power & Infra Dir Gr	INF204K01I92	NTPC Green Energy Ltd	Utilities	203.46	2.85	22.95	May25	11.15
Nippon India Power & Infra Dir Gr	INF204K01I92	NTPC Green Energy Ltd	Utilities	203.46	2.85	22.95	June25	10.18
Nippon India Power & Infra Dir Gr	INF204K01I92	NTPC Green Energy Ltd	Utilities	203.46	2.85	22.95	July25	9.19
Nippon India Power & Infra Dir Gr	INF204K01I92	NTPC Green Energy Ltd	Utilities	203.46	2.85	22.95	Aug25	8.13
Nippon India Power & Infra Dir Gr	INF204K01I92	CG Power & Industrial Solutions Ltd	Industrials	197.26	2.77	-9.93	Oct24	5.55
Nippon India Power & Infra Dir Gr	INF204K01I92	CG Power & Industrial Solutions Ltd	Industrials	197.26	2.77	-9.93	Nov24	7.52
Nippon India Power & Infra Dir Gr	INF204K01I92	CG Power & Industrial Solutions Ltd	Industrials	197.26	2.77	-9.93	Dec24	3.56
Nippon India Power & Infra Dir Gr	INF204K01I92	CG Power & Industrial Solutions Ltd	Industrials	197.26	2.77	-9.93	Jan25	5.32
Nippon India Power & Infra Dir Gr	INF204K01I92	CG Power & Industrial Solutions Ltd	Industrials	197.26	2.77	-9.93	Feb25	5.59
Nippon India Power & Infra Dir Gr	INF204K01I92	CG Power & Industrial Solutions Ltd	Industrials	197.26	2.77	-9.93	Mar25	15.51
Nippon India Power & Infra Dir Gr	INF204K01I92	CG Power & Industrial Solutions Ltd	Industrials	197.26	2.77	-9.93	Mar25	15.51
Nippon India Power & Infra Dir Gr	INF204K01I92	CG Power & Industrial Solutions Ltd	Industrials	197.26	2.77	-9.93	Apr25	12.51
Nippon India Power & Infra Dir Gr	INF204K01I92	CG Power & Industrial Solutions Ltd	Industrials	197.26	2.77	-9.93	May25	11.15
Nippon India Power & Infra Dir Gr	INF204K01I92	CG Power & Industrial Solutions Ltd	Industrials	197.26	2.77	-9.93	June25	10.18
Nippon India Power & Infra Dir Gr	INF204K01I92	CG Power & Industrial Solutions Ltd	Industrials	197.26	2.77	-9.93	July25	9.19
Nippon India Power & Infra Dir Gr	INF204K01I92	CG Power & Industrial Solutions Ltd	Industrials	197.26	2.77	-9.93	Aug25	8.13
Nippon India Power & Infra Dir Gr	INF204K01I92	UltraTech Cement Ltd	Basic Materials	190.16	2.67	-6.25	Oct24	5.55
Nippon India Power & Infra Dir Gr	INF204K01I92	UltraTech Cement Ltd	Basic Materials	190.16	2.67	-6.25	Nov24	7.52
Nippon India Power & Infra Dir Gr	INF204K01I92	UltraTech Cement Ltd	Basic Materials	190.16	2.67	-6.25	Dec24	3.56
Nippon India Power & Infra Dir Gr	INF204K01I92	UltraTech Cement Ltd	Basic Materials	190.16	2.67	-6.25	Jan25	5.32
Nippon India Power & Infra Dir Gr	INF204K01I92	UltraTech Cement Ltd	Basic Materials	190.16	2.67	-6.25	Feb25	5.59
Nippon India Power & Infra Dir Gr	INF204K01I92	UltraTech Cement Ltd	Basic Materials	190.16	2.67	-6.25	Mar25	15.51
Nippon India Power & Infra Dir Gr	INF204K01I92	UltraTech Cement Ltd	Basic Materials	190.16	2.67	-6.25	Mar25	15.51
Nippon India Power & Infra Dir Gr	INF204K01I92	UltraTech Cement Ltd	Basic Materials	190.16	2.67	-6.25	Apr25	12.51
Nippon India Power & Infra Dir Gr	INF204K01I92	UltraTech Cement Ltd	Basic Materials	190.16	2.67	-6.25	May25	11.15
Nippon India Power & Infra Dir Gr	INF204K01I92	UltraTech Cement Ltd	Basic Materials	190.16	2.67	-6.25	June25	10.18
Nippon India Power & Infra Dir Gr	INF204K01I92	UltraTech Cement Ltd	Basic Materials	190.16	2.67	-6.25	July25	9.19
Nippon India Power & Infra Dir Gr	INF204K01I92	UltraTech Cement Ltd	Basic Materials	190.16	2.67	-6.25	Aug25	8.13
Nippon India Power & Infra Dir Gr	INF204K01I92	Bharat Heavy Electricals Ltd	Industrials	182.82	2.56	6.15	Oct24	5.55
Nippon India Power & Infra Dir Gr	INF204K01I92	Bharat Heavy Electricals Ltd	Industrials	182.82	2.56	6.15	Nov24	7.52
Nippon India Power & Infra Dir Gr	INF204K01I92	Bharat Heavy Electricals Ltd	Industrials	182.82	2.56	6.15	Dec24	3.56
Nippon India Power & Infra Dir Gr	INF204K01I92	Bharat Heavy Electricals Ltd	Industrials	182.82	2.56	6.15	Jan25	5.32
Nippon India Power & Infra Dir Gr	INF204K01I92	Bharat Heavy Electricals Ltd	Industrials	182.82	2.56	6.15	Feb25	5.59
Nippon India Power & Infra Dir Gr	INF204K01I92	Bharat Heavy Electricals Ltd	Industrials	182.82	2.56	6.15	Mar25	15.51
Nippon India Power & Infra Dir Gr	INF204K01I92	Bharat Heavy Electricals Ltd	Industrials	182.82	2.56	6.15	Mar25	15.51
Nippon India Power & Infra Dir Gr	INF204K01I92	Bharat Heavy Electricals Ltd	Industrials	182.82	2.56	6.15	Apr25	12.51
Nippon India Power & Infra Dir Gr	INF204K01I92	Bharat Heavy Electricals Ltd	Industrials	182.82	2.56	6.15	May25	11.15
Nippon India Power & Infra Dir Gr	INF204K01I92	Bharat Heavy Electricals Ltd	Industrials	182.82	2.56	6.15	June25	10.18
Nippon India Power & Infra Dir Gr	INF204K01I92	Bharat Heavy Electricals Ltd	Industrials	182.82	2.56	6.15	July25	9.19
Nippon India Power & Infra Dir Gr	INF204K01I92	Bharat Heavy Electricals Ltd	Industrials	182.82	2.56	6.15	Aug25	8.13
Nippon India Power & Infra Dir Gr	INF204K01I92	Apollo Hospitals Enterprise Ltd	Healthcare	164.25	2.30	0.00	Oct24	5.55
Nippon India Power & Infra Dir Gr	INF204K01I92	Apollo Hospitals Enterprise Ltd	Healthcare	164.25	2.30	0.00	Nov24	7.52
Nippon India Power & Infra Dir Gr	INF204K01I92	Apollo Hospitals Enterprise Ltd	Healthcare	164.25	2.30	0.00	Dec24	3.56
Nippon India Power & Infra Dir Gr	INF204K01I92	Apollo Hospitals Enterprise Ltd	Healthcare	164.25	2.30	0.00	Jan25	5.32
Nippon India Power & Infra Dir Gr	INF204K01I92	Apollo Hospitals Enterprise Ltd	Healthcare	164.25	2.30	0.00	Feb25	5.59
Nippon India Power & Infra Dir Gr	INF204K01I92	Apollo Hospitals Enterprise Ltd	Healthcare	164.25	2.30	0.00	Mar25	15.51
Nippon India Power & Infra Dir Gr	INF204K01I92	Apollo Hospitals Enterprise Ltd	Healthcare	164.25	2.30	0.00	Mar25	15.51
Nippon India Power & Infra Dir Gr	INF204K01I92	Apollo Hospitals Enterprise Ltd	Healthcare	164.25	2.30	0.00	Apr25	12.51
Nippon India Power & Infra Dir Gr	INF204K01I92	Apollo Hospitals Enterprise Ltd	Healthcare	164.25	2.30	0.00	May25	11.15
Nippon India Power & Infra Dir Gr	INF204K01I92	Apollo Hospitals Enterprise Ltd	Healthcare	164.25	2.30	0.00	June25	10.18
Nippon India Power & Infra Dir Gr	INF204K01I92	Apollo Hospitals Enterprise Ltd	Healthcare	164.25	2.30	0.00	July25	9.19
Nippon India Power & Infra Dir Gr	INF204K01I92	Apollo Hospitals Enterprise Ltd	Healthcare	164.25	2.30	0.00	Aug25	8.13
Nippon India Power & Infra Dir Gr	INF204K01I92	Bharti Airtel Ltd	Communication Services	146.59	2.06	-25.71	Oct24	5.55
Nippon India Power & Infra Dir Gr	INF204K01I92	Bharti Airtel Ltd	Communication Services	146.59	2.06	-25.71	Nov24	7.52
Nippon India Power & Infra Dir Gr	INF204K01I92	Bharti Airtel Ltd	Communication Services	146.59	2.06	-25.71	Dec24	3.56
Nippon India Power & Infra Dir Gr	INF204K01I92	Bharti Airtel Ltd	Communication Services	146.59	2.06	-25.71	Jan25	5.32
Nippon India Power & Infra Dir Gr	INF204K01I92	Bharti Airtel Ltd	Communication Services	146.59	2.06	-25.71	Feb25	5.59
Nippon India Power & Infra Dir Gr	INF204K01I92	Bharti Airtel Ltd	Communication Services	146.59	2.06	-25.71	Mar25	15.51
Nippon India Power & Infra Dir Gr	INF204K01I92	Bharti Airtel Ltd	Communication Services	146.59	2.06	-25.71	Mar25	15.51
Nippon India Power & Infra Dir Gr	INF204K01I92	Bharti Airtel Ltd	Communication Services	146.59	2.06	-25.71	Apr25	12.51
Nippon India Power & Infra Dir Gr	INF204K01I92	Bharti Airtel Ltd	Communication Services	146.59	2.06	-25.71	May25	11.15
Nippon India Power & Infra Dir Gr	INF204K01I92	Bharti Airtel Ltd	Communication Services	146.59	2.06	-25.71	June25	10.18
Nippon India Power & Infra Dir Gr	INF204K01I92	Bharti Airtel Ltd	Communication Services	146.59	2.06	-25.71	July25	9.19
Nippon India Power & Infra Dir Gr	INF204K01I92	Bharti Airtel Ltd	Communication Services	146.59	2.06	-25.71	Aug25	8.13
Nippon India Power & Infra Dir Gr	INF204K01I92	Triveni Turbine Ltd	Industrials	146.42	2.05	68.58	Oct24	5.55
Nippon India Power & Infra Dir Gr	INF204K01I92	Triveni Turbine Ltd	Industrials	146.42	2.05	68.58	Nov24	7.52
Nippon India Power & Infra Dir Gr	INF204K01I92	Triveni Turbine Ltd	Industrials	146.42	2.05	68.58	Dec24	3.56
Nippon India Power & Infra Dir Gr	INF204K01I92	Triveni Turbine Ltd	Industrials	146.42	2.05	68.58	Jan25	5.32
Nippon India Power & Infra Dir Gr	INF204K01I92	Triveni Turbine Ltd	Industrials	146.42	2.05	68.58	Feb25	5.59
Nippon India Power & Infra Dir Gr	INF204K01I92	Triveni Turbine Ltd	Industrials	146.42	2.05	68.58	Mar25	15.51
Nippon India Power & Infra Dir Gr	INF204K01I92	Triveni Turbine Ltd	Industrials	146.42	2.05	68.58	Mar25	15.51
Nippon India Power & Infra Dir Gr	INF204K01I92	Triveni Turbine Ltd	Industrials	146.42	2.05	68.58	Apr25	12.51
Nippon India Power & Infra Dir Gr	INF204K01I92	Triveni Turbine Ltd	Industrials	146.42	2.05	68.58	May25	11.15
Nippon India Power & Infra Dir Gr	INF204K01I92	Triveni Turbine Ltd	Industrials	146.42	2.05	68.58	June25	10.18
Nippon India Power & Infra Dir Gr	INF204K01I92	Triveni Turbine Ltd	Industrials	146.42	2.05	68.58	July25	9.19
Nippon India Power & Infra Dir Gr	INF204K01I92	Triveni Turbine Ltd	Industrials	146.42	2.05	68.58	Aug25	8.13
Nippon India Power & Infra Dir Gr	INF204K01I92	NLC India Ltd	Utilities	143.86	2.02	-5.14	Oct24	5.55
Nippon India Power & Infra Dir Gr	INF204K01I92	NLC India Ltd	Utilities	143.86	2.02	-5.14	Nov24	7.52
Nippon India Power & Infra Dir Gr	INF204K01I92	NLC India Ltd	Utilities	143.86	2.02	-5.14	Dec24	3.56
Nippon India Power & Infra Dir Gr	INF204K01I92	NLC India Ltd	Utilities	143.86	2.02	-5.14	Jan25	5.32
Nippon India Power & Infra Dir Gr	INF204K01I92	NLC India Ltd	Utilities	143.86	2.02	-5.14	Feb25	5.59
Nippon India Power & Infra Dir Gr	INF204K01I92	NLC India Ltd	Utilities	143.86	2.02	-5.14	Mar25	15.51
Nippon India Power & Infra Dir Gr	INF204K01I92	NLC India Ltd	Utilities	143.86	2.02	-5.14	Mar25	15.51
Nippon India Power & Infra Dir Gr	INF204K01I92	NLC India Ltd	Utilities	143.86	2.02	-5.14	Apr25	12.51
Nippon India Power & Infra Dir Gr	INF204K01I92	NLC India Ltd	Utilities	143.86	2.02	-5.14	May25	11.15
Nippon India Power & Infra Dir Gr	INF204K01I92	NLC India Ltd	Utilities	143.86	2.02	-5.14	June25	10.18
Nippon India Power & Infra Dir Gr	INF204K01I92	NLC India Ltd	Utilities	143.86	2.02	-5.14	July25	9.19
Nippon India Power & Infra Dir Gr	INF204K01I92	NLC India Ltd	Utilities	143.86	2.02	-5.14	Aug25	8.13
Nippon India Power & Infra Dir Gr	INF204K01I92	Power Finance Corp Ltd	Financial Services	142.76	2.00	6.15	Oct24	5.55
Nippon India Power & Infra Dir Gr	INF204K01I92	Power Finance Corp Ltd	Financial Services	142.76	2.00	6.15	Nov24	7.52
Nippon India Power & Infra Dir Gr	INF204K01I92	Power Finance Corp Ltd	Financial Services	142.76	2.00	6.15	Dec24	3.56
Nippon India Power & Infra Dir Gr	INF204K01I92	Power Finance Corp Ltd	Financial Services	142.76	2.00	6.15	Jan25	5.32
Nippon India Power & Infra Dir Gr	INF204K01I92	Power Finance Corp Ltd	Financial Services	142.76	2.00	6.15	Feb25	5.59
Nippon India Power & Infra Dir Gr	INF204K01I92	Power Finance Corp Ltd	Financial Services	142.76	2.00	6.15	Mar25	15.51
Nippon India Power & Infra Dir Gr	INF204K01I92	Power Finance Corp Ltd	Financial Services	142.76	2.00	6.15	Mar25	15.51
Nippon India Power & Infra Dir Gr	INF204K01I92	Power Finance Corp Ltd	Financial Services	142.76	2.00	6.15	Apr25	12.51
Nippon India Power & Infra Dir Gr	INF204K01I92	Power Finance Corp Ltd	Financial Services	142.76	2.00	6.15	May25	11.15
Nippon India Power & Infra Dir Gr	INF204K01I92	Power Finance Corp Ltd	Financial Services	142.76	2.00	6.15	June25	10.18
Nippon India Power & Infra Dir Gr	INF204K01I92	Power Finance Corp Ltd	Financial Services	142.76	2.00	6.15	July25	9.19
Nippon India Power & Infra Dir Gr	INF204K01I92	Power Finance Corp Ltd	Financial Services	142.76	2.00	6.15	Aug25	8.13
Nippon India Power & Infra Dir Gr	INF204K01I92	Voltas Ltd	Consumer Cyclical	138.15	1.94	0.00	Oct24	5.55
Nippon India Power & Infra Dir Gr	INF204K01I92	Voltas Ltd	Consumer Cyclical	138.15	1.94	0.00	Nov24	7.52
Nippon India Power & Infra Dir Gr	INF204K01I92	Voltas Ltd	Consumer Cyclical	138.15	1.94	0.00	Dec24	3.56
Nippon India Power & Infra Dir Gr	INF204K01I92	Voltas Ltd	Consumer Cyclical	138.15	1.94	0.00	Jan25	5.32
Nippon India Power & Infra Dir Gr	INF204K01I92	Voltas Ltd	Consumer Cyclical	138.15	1.94	0.00	Feb25	5.59
Nippon India Power & Infra Dir Gr	INF204K01I92	Voltas Ltd	Consumer Cyclical	138.15	1.94	0.00	Mar25	15.51
Nippon India Power & Infra Dir Gr	INF204K01I92	Voltas Ltd	Consumer Cyclical	138.15	1.94	0.00	Mar25	15.51
Nippon India Power & Infra Dir Gr	INF204K01I92	Voltas Ltd	Consumer Cyclical	138.15	1.94	0.00	Apr25	12.51
Nippon India Power & Infra Dir Gr	INF204K01I92	Voltas Ltd	Consumer Cyclical	138.15	1.94	0.00	May25	11.15
Nippon India Power & Infra Dir Gr	INF204K01I92	Voltas Ltd	Consumer Cyclical	138.15	1.94	0.00	June25	10.18
Nippon India Power & Infra Dir Gr	INF204K01I92	Voltas Ltd	Consumer Cyclical	138.15	1.94	0.00	July25	9.19
Nippon India Power & Infra Dir Gr	INF204K01I92	Voltas Ltd	Consumer Cyclical	138.15	1.94	0.00	Aug25	8.13
Nippon India Power & Infra Dir Gr	INF204K01I92	Hindustan Aeronautics Ltd Ordinary Shares	Industrials	136.96	1.92	20.69	Oct24	5.55
Nippon India Power & Infra Dir Gr	INF204K01I92	Hindustan Aeronautics Ltd Ordinary Shares	Industrials	136.96	1.92	20.69	Nov24	7.52
Nippon India Power & Infra Dir Gr	INF204K01I92	Hindustan Aeronautics Ltd Ordinary Shares	Industrials	136.96	1.92	20.69	Dec24	3.56
Nippon India Power & Infra Dir Gr	INF204K01I92	Hindustan Aeronautics Ltd Ordinary Shares	Industrials	136.96	1.92	20.69	Jan25	5.32
Nippon India Power & Infra Dir Gr	INF204K01I92	Hindustan Aeronautics Ltd Ordinary Shares	Industrials	136.96	1.92	20.69	Feb25	5.59
Nippon India Power & Infra Dir Gr	INF204K01I92	Hindustan Aeronautics Ltd Ordinary Shares	Industrials	136.96	1.92	20.69	Mar25	15.51
Nippon India Power & Infra Dir Gr	INF204K01I92	Hindustan Aeronautics Ltd Ordinary Shares	Industrials	136.96	1.92	20.69	Mar25	15.51
Nippon India Power & Infra Dir Gr	INF204K01I92	Hindustan Aeronautics Ltd Ordinary Shares	Industrials	136.96	1.92	20.69	Apr25	12.51
Nippon India Power & Infra Dir Gr	INF204K01I92	Hindustan Aeronautics Ltd Ordinary Shares	Industrials	136.96	1.92	20.69	May25	11.15
Nippon India Power & Infra Dir Gr	INF204K01I92	Hindustan Aeronautics Ltd Ordinary Shares	Industrials	136.96	1.92	20.69	June25	10.18
Nippon India Power & Infra Dir Gr	INF204K01I92	Hindustan Aeronautics Ltd Ordinary Shares	Industrials	136.96	1.92	20.69	July25	9.19
Nippon India Power & Infra Dir Gr	INF204K01I92	Hindustan Aeronautics Ltd Ordinary Shares	Industrials	136.96	1.92	20.69	Aug25	8.13
Nippon India Power & Infra Dir Gr	INF204K01I92	Bharat Forge Ltd	Consumer Cyclical	136.65	1.92	-39.39	Oct24	5.55
Nippon India Power & Infra Dir Gr	INF204K01I92	Bharat Forge Ltd	Consumer Cyclical	136.65	1.92	-39.39	Nov24	7.52
Nippon India Power & Infra Dir Gr	INF204K01I92	Bharat Forge Ltd	Consumer Cyclical	136.65	1.92	-39.39	Dec24	3.56
Nippon India Power & Infra Dir Gr	INF204K01I92	Bharat Forge Ltd	Consumer Cyclical	136.65	1.92	-39.39	Jan25	5.32
Nippon India Power & Infra Dir Gr	INF204K01I92	Bharat Forge Ltd	Consumer Cyclical	136.65	1.92	-39.39	Feb25	5.59
Nippon India Power & Infra Dir Gr	INF204K01I92	Bharat Forge Ltd	Consumer Cyclical	136.65	1.92	-39.39	Mar25	15.51
Nippon India Power & Infra Dir Gr	INF204K01I92	Bharat Forge Ltd	Consumer Cyclical	136.65	1.92	-39.39	Mar25	15.51
Nippon India Power & Infra Dir Gr	INF204K01I92	Bharat Forge Ltd	Consumer Cyclical	136.65	1.92	-39.39	Apr25	12.51
Nippon India Power & Infra Dir Gr	INF204K01I92	Bharat Forge Ltd	Consumer Cyclical	136.65	1.92	-39.39	May25	11.15
Nippon India Power & Infra Dir Gr	INF204K01I92	Bharat Forge Ltd	Consumer Cyclical	136.65	1.92	-39.39	June25	10.18
Nippon India Power & Infra Dir Gr	INF204K01I92	Bharat Forge Ltd	Consumer Cyclical	136.65	1.92	-39.39	July25	9.19
Nippon India Power & Infra Dir Gr	INF204K01I92	Bharat Forge Ltd	Consumer Cyclical	136.65	1.92	-39.39	Aug25	8.13
Nippon India Power & Infra Dir Gr	INF204K01I92	Samvardhana Motherson International Ltd	Consumer Cyclical	134.34	1.88	0.00	Oct24	5.55
Nippon India Power & Infra Dir Gr	INF204K01I92	Samvardhana Motherson International Ltd	Consumer Cyclical	134.34	1.88	0.00	Nov24	7.52
Nippon India Power & Infra Dir Gr	INF204K01I92	Samvardhana Motherson International Ltd	Consumer Cyclical	134.34	1.88	0.00	Dec24	3.56
Nippon India Power & Infra Dir Gr	INF204K01I92	Samvardhana Motherson International Ltd	Consumer Cyclical	134.34	1.88	0.00	Jan25	5.32
Nippon India Power & Infra Dir Gr	INF204K01I92	Samvardhana Motherson International Ltd	Consumer Cyclical	134.34	1.88	0.00	Feb25	5.59
Nippon India Power & Infra Dir Gr	INF204K01I92	Samvardhana Motherson International Ltd	Consumer Cyclical	134.34	1.88	0.00	Mar25	15.51
Nippon India Power & Infra Dir Gr	INF204K01I92	Samvardhana Motherson International Ltd	Consumer Cyclical	134.34	1.88	0.00	Mar25	15.51
Nippon India Power & Infra Dir Gr	INF204K01I92	Samvardhana Motherson International Ltd	Consumer Cyclical	134.34	1.88	0.00	Apr25	12.51
Nippon India Power & Infra Dir Gr	INF204K01I92	Samvardhana Motherson International Ltd	Consumer Cyclical	134.34	1.88	0.00	May25	11.15
Nippon India Power & Infra Dir Gr	INF204K01I92	Samvardhana Motherson International Ltd	Consumer Cyclical	134.34	1.88	0.00	June25	10.18
Nippon India Power & Infra Dir Gr	INF204K01I92	Samvardhana Motherson International Ltd	Consumer Cyclical	134.34	1.88	0.00	July25	9.19
Nippon India Power & Infra Dir Gr	INF204K01I92	Samvardhana Motherson International Ltd	Consumer Cyclical	134.34	1.88	0.00	Aug25	8.13
Nippon India Power & Infra Dir Gr	INF204K01I92	Carborundum Universal Ltd	Industrials	123.61	1.73	-11.75	Oct24	5.55
Nippon India Power & Infra Dir Gr	INF204K01I92	Carborundum Universal Ltd	Industrials	123.61	1.73	-11.75	Nov24	7.52
Nippon India Power & Infra Dir Gr	INF204K01I92	Carborundum Universal Ltd	Industrials	123.61	1.73	-11.75	Dec24	3.56
Nippon India Power & Infra Dir Gr	INF204K01I92	Carborundum Universal Ltd	Industrials	123.61	1.73	-11.75	Jan25	5.32
Nippon India Power & Infra Dir Gr	INF204K01I92	Carborundum Universal Ltd	Industrials	123.61	1.73	-11.75	Feb25	5.59
Nippon India Power & Infra Dir Gr	INF204K01I92	Carborundum Universal Ltd	Industrials	123.61	1.73	-11.75	Mar25	15.51
Nippon India Power & Infra Dir Gr	INF204K01I92	Carborundum Universal Ltd	Industrials	123.61	1.73	-11.75	Mar25	15.51
Nippon India Power & Infra Dir Gr	INF204K01I92	Carborundum Universal Ltd	Industrials	123.61	1.73	-11.75	Apr25	12.51
Nippon India Power & Infra Dir Gr	INF204K01I92	Carborundum Universal Ltd	Industrials	123.61	1.73	-11.75	May25	11.15
Nippon India Power & Infra Dir Gr	INF204K01I92	Carborundum Universal Ltd	Industrials	123.61	1.73	-11.75	June25	10.18
Nippon India Power & Infra Dir Gr	INF204K01I92	Carborundum Universal Ltd	Industrials	123.61	1.73	-11.75	July25	9.19
Nippon India Power & Infra Dir Gr	INF204K01I92	Carborundum Universal Ltd	Industrials	123.61	1.73	-11.75	Aug25	8.13
Nippon India Power & Infra Dir Gr	INF204K01I92	Kaynes Technology India Ltd	Technology	123.45	1.73	0.00	Oct24	5.55
Nippon India Power & Infra Dir Gr	INF204K01I92	Kaynes Technology India Ltd	Technology	123.45	1.73	0.00	Nov24	7.52
Nippon India Power & Infra Dir Gr	INF204K01I92	Kaynes Technology India Ltd	Technology	123.45	1.73	0.00	Dec24	3.56
Nippon India Power & Infra Dir Gr	INF204K01I92	Kaynes Technology India Ltd	Technology	123.45	1.73	0.00	Jan25	5.32
Nippon India Power & Infra Dir Gr	INF204K01I92	Kaynes Technology India Ltd	Technology	123.45	1.73	0.00	Feb25	5.59
Nippon India Power & Infra Dir Gr	INF204K01I92	Kaynes Technology India Ltd	Technology	123.45	1.73	0.00	Mar25	15.51
Nippon India Power & Infra Dir Gr	INF204K01I92	Kaynes Technology India Ltd	Technology	123.45	1.73	0.00	Mar25	15.51
Nippon India Power & Infra Dir Gr	INF204K01I92	Kaynes Technology India Ltd	Technology	123.45	1.73	0.00	Apr25	12.51
Nippon India Power & Infra Dir Gr	INF204K01I92	Kaynes Technology India Ltd	Technology	123.45	1.73	0.00	May25	11.15
Nippon India Power & Infra Dir Gr	INF204K01I92	Kaynes Technology India Ltd	Technology	123.45	1.73	0.00	June25	10.18
Nippon India Power & Infra Dir Gr	INF204K01I92	Kaynes Technology India Ltd	Technology	123.45	1.73	0.00	July25	9.19
Nippon India Power & Infra Dir Gr	INF204K01I92	Kaynes Technology India Ltd	Technology	123.45	1.73	0.00	Aug25	8.13
Nippon India Power & Infra Dir Gr	INF204K01I92	CESC Ltd	Utilities	112.29	1.58	0.00	Oct24	5.55
Nippon India Power & Infra Dir Gr	INF204K01I92	CESC Ltd	Utilities	112.29	1.58	0.00	Nov24	7.52
Nippon India Power & Infra Dir Gr	INF204K01I92	CESC Ltd	Utilities	112.29	1.58	0.00	Dec24	3.56
Nippon India Power & Infra Dir Gr	INF204K01I92	CESC Ltd	Utilities	112.29	1.58	0.00	Jan25	5.32
Nippon India Power & Infra Dir Gr	INF204K01I92	CESC Ltd	Utilities	112.29	1.58	0.00	Feb25	5.59
Nippon India Power & Infra Dir Gr	INF204K01I92	CESC Ltd	Utilities	112.29	1.58	0.00	Mar25	15.51
Nippon India Power & Infra Dir Gr	INF204K01I92	CESC Ltd	Utilities	112.29	1.58	0.00	Mar25	15.51
Nippon India Power & Infra Dir Gr	INF204K01I92	CESC Ltd	Utilities	112.29	1.58	0.00	Apr25	12.51
Nippon India Power & Infra Dir Gr	INF204K01I92	CESC Ltd	Utilities	112.29	1.58	0.00	May25	11.15
Nippon India Power & Infra Dir Gr	INF204K01I92	CESC Ltd	Utilities	112.29	1.58	0.00	June25	10.18
Nippon India Power & Infra Dir Gr	INF204K01I92	CESC Ltd	Utilities	112.29	1.58	0.00	July25	9.19
Nippon India Power & Infra Dir Gr	INF204K01I92	CESC Ltd	Utilities	112.29	1.58	0.00	Aug25	8.13
Nippon India Power & Infra Dir Gr	INF204K01I92	Amber Enterprises India Ltd Ordinary Shares	Consumer Cyclical	109.90	1.54	0.00	Oct24	5.55
Nippon India Power & Infra Dir Gr	INF204K01I92	Amber Enterprises India Ltd Ordinary Shares	Consumer Cyclical	109.90	1.54	0.00	Nov24	7.52
Nippon India Power & Infra Dir Gr	INF204K01I92	Amber Enterprises India Ltd Ordinary Shares	Consumer Cyclical	109.90	1.54	0.00	Dec24	3.56
Nippon India Power & Infra Dir Gr	INF204K01I92	Amber Enterprises India Ltd Ordinary Shares	Consumer Cyclical	109.90	1.54	0.00	Jan25	5.32
Nippon India Power & Infra Dir Gr	INF204K01I92	Amber Enterprises India Ltd Ordinary Shares	Consumer Cyclical	109.90	1.54	0.00	Feb25	5.59
Nippon India Power & Infra Dir Gr	INF204K01I92	Amber Enterprises India Ltd Ordinary Shares	Consumer Cyclical	109.90	1.54	0.00	Mar25	15.51
Nippon India Power & Infra Dir Gr	INF204K01I92	Amber Enterprises India Ltd Ordinary Shares	Consumer Cyclical	109.90	1.54	0.00	Mar25	15.51
Nippon India Power & Infra Dir Gr	INF204K01I92	Amber Enterprises India Ltd Ordinary Shares	Consumer Cyclical	109.90	1.54	0.00	Apr25	12.51
Nippon India Power & Infra Dir Gr	INF204K01I92	Amber Enterprises India Ltd Ordinary Shares	Consumer Cyclical	109.90	1.54	0.00	May25	11.15
Nippon India Power & Infra Dir Gr	INF204K01I92	Amber Enterprises India Ltd Ordinary Shares	Consumer Cyclical	109.90	1.54	0.00	June25	10.18
Nippon India Power & Infra Dir Gr	INF204K01I92	Amber Enterprises India Ltd Ordinary Shares	Consumer Cyclical	109.90	1.54	0.00	July25	9.19
Nippon India Power & Infra Dir Gr	INF204K01I92	Amber Enterprises India Ltd Ordinary Shares	Consumer Cyclical	109.90	1.54	0.00	Aug25	8.13
Nippon India Power & Infra Dir Gr	INF204K01I92	Cummins India Ltd	Industrials	109.90	1.54	-4.48	Oct24	5.55
Nippon India Power & Infra Dir Gr	INF204K01I92	Cummins India Ltd	Industrials	109.90	1.54	-4.48	Nov24	7.52
Nippon India Power & Infra Dir Gr	INF204K01I92	Cummins India Ltd	Industrials	109.90	1.54	-4.48	Dec24	3.56
Nippon India Power & Infra Dir Gr	INF204K01I92	Cummins India Ltd	Industrials	109.90	1.54	-4.48	Jan25	5.32
Nippon India Power & Infra Dir Gr	INF204K01I92	Cummins India Ltd	Industrials	109.90	1.54	-4.48	Feb25	5.59
Nippon India Power & Infra Dir Gr	INF204K01I92	Cummins India Ltd	Industrials	109.90	1.54	-4.48	Mar25	15.51
Nippon India Power & Infra Dir Gr	INF204K01I92	Cummins India Ltd	Industrials	109.90	1.54	-4.48	Mar25	15.51
Nippon India Power & Infra Dir Gr	INF204K01I92	Cummins India Ltd	Industrials	109.90	1.54	-4.48	Apr25	12.51
Nippon India Power & Infra Dir Gr	INF204K01I92	Cummins India Ltd	Industrials	109.90	1.54	-4.48	May25	11.15
Nippon India Power & Infra Dir Gr	INF204K01I92	Cummins India Ltd	Industrials	109.90	1.54	-4.48	June25	10.18
Nippon India Power & Infra Dir Gr	INF204K01I92	Cummins India Ltd	Industrials	109.90	1.54	-4.48	July25	9.19
Nippon India Power & Infra Dir Gr	INF204K01I92	Cummins India Ltd	Industrials	109.90	1.54	-4.48	Aug25	8.13
Nippon India Power & Infra Dir Gr	INF204K01I92	Siemens Ltd	Industrials	81.08	1.14	0.00	Oct24	5.55
Nippon India Power & Infra Dir Gr	INF204K01I92	Siemens Ltd	Industrials	81.08	1.14	0.00	Nov24	7.52
Nippon India Power & Infra Dir Gr	INF204K01I92	Siemens Ltd	Industrials	81.08	1.14	0.00	Dec24	3.56
Nippon India Power & Infra Dir Gr	INF204K01I92	Siemens Ltd	Industrials	81.08	1.14	0.00	Jan25	5.32
Nippon India Power & Infra Dir Gr	INF204K01I92	Siemens Ltd	Industrials	81.08	1.14	0.00	Feb25	5.59
Nippon India Power & Infra Dir Gr	INF204K01I92	Siemens Ltd	Industrials	81.08	1.14	0.00	Mar25	15.51
Nippon India Power & Infra Dir Gr	INF204K01I92	Siemens Ltd	Industrials	81.08	1.14	0.00	Mar25	15.51
Nippon India Power & Infra Dir Gr	INF204K01I92	Siemens Ltd	Industrials	81.08	1.14	0.00	Apr25	12.51
Nippon India Power & Infra Dir Gr	INF204K01I92	Siemens Ltd	Industrials	81.08	1.14	0.00	May25	11.15
Nippon India Power & Infra Dir Gr	INF204K01I92	Siemens Ltd	Industrials	81.08	1.14	0.00	June25	10.18
Nippon India Power & Infra Dir Gr	INF204K01I92	Siemens Ltd	Industrials	81.08	1.14	0.00	July25	9.19
Nippon India Power & Infra Dir Gr	INF204K01I92	Siemens Ltd	Industrials	81.08	1.14	0.00	Aug25	8.13
Nippon India Power & Infra Dir Gr	INF204K01I92	Astral Ltd	Industrials	80.06	1.12	-4.00	Oct24	5.55
Nippon India Power & Infra Dir Gr	INF204K01I92	Astral Ltd	Industrials	80.06	1.12	-4.00	Nov24	7.52
Nippon India Power & Infra Dir Gr	INF204K01I92	Astral Ltd	Industrials	80.06	1.12	-4.00	Dec24	3.56
Nippon India Power & Infra Dir Gr	INF204K01I92	Astral Ltd	Industrials	80.06	1.12	-4.00	Jan25	5.32
Nippon India Power & Infra Dir Gr	INF204K01I92	Astral Ltd	Industrials	80.06	1.12	-4.00	Feb25	5.59
Nippon India Power & Infra Dir Gr	INF204K01I92	Astral Ltd	Industrials	80.06	1.12	-4.00	Mar25	15.51
Nippon India Power & Infra Dir Gr	INF204K01I92	Astral Ltd	Industrials	80.06	1.12	-4.00	Mar25	15.51
Nippon India Power & Infra Dir Gr	INF204K01I92	Astral Ltd	Industrials	80.06	1.12	-4.00	Apr25	12.51
Nippon India Power & Infra Dir Gr	INF204K01I92	Astral Ltd	Industrials	80.06	1.12	-4.00	May25	11.15
Nippon India Power & Infra Dir Gr	INF204K01I92	Astral Ltd	Industrials	80.06	1.12	-4.00	June25	10.18
Nippon India Power & Infra Dir Gr	INF204K01I92	Astral Ltd	Industrials	80.06	1.12	-4.00	July25	9.19
Nippon India Power & Infra Dir Gr	INF204K01I92	Astral Ltd	Industrials	80.06	1.12	-4.00	Aug25	8.13
Nippon India Power & Infra Dir Gr	INF204K01I92	Siemens Energy India Ltd	Utilities	76.29	1.07	0.00	Oct24	5.55
Nippon India Power & Infra Dir Gr	INF204K01I92	Siemens Energy India Ltd	Utilities	76.29	1.07	0.00	Nov24	7.52
Nippon India Power & Infra Dir Gr	INF204K01I92	Siemens Energy India Ltd	Utilities	76.29	1.07	0.00	Dec24	3.56
Nippon India Power & Infra Dir Gr	INF204K01I92	Siemens Energy India Ltd	Utilities	76.29	1.07	0.00	Jan25	5.32
Nippon India Power & Infra Dir Gr	INF204K01I92	Siemens Energy India Ltd	Utilities	76.29	1.07	0.00	Feb25	5.59
Nippon India Power & Infra Dir Gr	INF204K01I92	Siemens Energy India Ltd	Utilities	76.29	1.07	0.00	Mar25	15.51
Nippon India Power & Infra Dir Gr	INF204K01I92	Siemens Energy India Ltd	Utilities	76.29	1.07	0.00	Mar25	15.51
Nippon India Power & Infra Dir Gr	INF204K01I92	Siemens Energy India Ltd	Utilities	76.29	1.07	0.00	Apr25	12.51
Nippon India Power & Infra Dir Gr	INF204K01I92	Siemens Energy India Ltd	Utilities	76.29	1.07	0.00	May25	11.15
Nippon India Power & Infra Dir Gr	INF204K01I92	Siemens Energy India Ltd	Utilities	76.29	1.07	0.00	June25	10.18
Nippon India Power & Infra Dir Gr	INF204K01I92	Siemens Energy India Ltd	Utilities	76.29	1.07	0.00	July25	9.19
Nippon India Power & Infra Dir Gr	INF204K01I92	Siemens Energy India Ltd	Utilities	76.29	1.07	0.00	Aug25	8.13
Nippon India Power & Infra Dir Gr	INF204K01I92	Tube Investments of India Ltd Ordinary Shares	Industrials	72.50	1.02	17.91	Oct24	5.55
Nippon India Power & Infra Dir Gr	INF204K01I92	Tube Investments of India Ltd Ordinary Shares	Industrials	72.50	1.02	17.91	Nov24	7.52
Nippon India Power & Infra Dir Gr	INF204K01I92	Tube Investments of India Ltd Ordinary Shares	Industrials	72.50	1.02	17.91	Dec24	3.56
Nippon India Power & Infra Dir Gr	INF204K01I92	Tube Investments of India Ltd Ordinary Shares	Industrials	72.50	1.02	17.91	Jan25	5.32
Nippon India Power & Infra Dir Gr	INF204K01I92	Tube Investments of India Ltd Ordinary Shares	Industrials	72.50	1.02	17.91	Feb25	5.59
Nippon India Power & Infra Dir Gr	INF204K01I92	Tube Investments of India Ltd Ordinary Shares	Industrials	72.50	1.02	17.91	Mar25	15.51
Nippon India Power & Infra Dir Gr	INF204K01I92	Tube Investments of India Ltd Ordinary Shares	Industrials	72.50	1.02	17.91	Mar25	15.51
Nippon India Power & Infra Dir Gr	INF204K01I92	Tube Investments of India Ltd Ordinary Shares	Industrials	72.50	1.02	17.91	Apr25	12.51
Nippon India Power & Infra Dir Gr	INF204K01I92	Tube Investments of India Ltd Ordinary Shares	Industrials	72.50	1.02	17.91	May25	11.15
Nippon India Power & Infra Dir Gr	INF204K01I92	Tube Investments of India Ltd Ordinary Shares	Industrials	72.50	1.02	17.91	June25	10.18
Nippon India Power & Infra Dir Gr	INF204K01I92	Tube Investments of India Ltd Ordinary Shares	Industrials	72.50	1.02	17.91	July25	9.19
Nippon India Power & Infra Dir Gr	INF204K01I92	Tube Investments of India Ltd Ordinary Shares	Industrials	72.50	1.02	17.91	Aug25	8.13
Nippon India Power & Infra Dir Gr	INF204K01I92	JSW Cement Ltd	Basic Materials	70.90	0.99	0.00	Oct24	5.55
Nippon India Power & Infra Dir Gr	INF204K01I92	JSW Cement Ltd	Basic Materials	70.90	0.99	0.00	Nov24	7.52
Nippon India Power & Infra Dir Gr	INF204K01I92	JSW Cement Ltd	Basic Materials	70.90	0.99	0.00	Dec24	3.56
Nippon India Power & Infra Dir Gr	INF204K01I92	JSW Cement Ltd	Basic Materials	70.90	0.99	0.00	Jan25	5.32
Nippon India Power & Infra Dir Gr	INF204K01I92	JSW Cement Ltd	Basic Materials	70.90	0.99	0.00	Feb25	5.59
Nippon India Power & Infra Dir Gr	INF204K01I92	JSW Cement Ltd	Basic Materials	70.90	0.99	0.00	Mar25	15.51
Nippon India Power & Infra Dir Gr	INF204K01I92	JSW Cement Ltd	Basic Materials	70.90	0.99	0.00	Mar25	15.51
Nippon India Power & Infra Dir Gr	INF204K01I92	JSW Cement Ltd	Basic Materials	70.90	0.99	0.00	Apr25	12.51
Nippon India Power & Infra Dir Gr	INF204K01I92	JSW Cement Ltd	Basic Materials	70.90	0.99	0.00	May25	11.15
Nippon India Power & Infra Dir Gr	INF204K01I92	JSW Cement Ltd	Basic Materials	70.90	0.99	0.00	June25	10.18
Nippon India Power & Infra Dir Gr	INF204K01I92	JSW Cement Ltd	Basic Materials	70.90	0.99	0.00	July25	9.19
Nippon India Power & Infra Dir Gr	INF204K01I92	JSW Cement Ltd	Basic Materials	70.90	0.99	0.00	Aug25	8.13
Nippon India Power & Infra Dir Gr	INF204K01I92	MTAR Technologies Ltd	Industrials	66.06	0.93	0.00	Oct24	5.55
Nippon India Power & Infra Dir Gr	INF204K01I92	MTAR Technologies Ltd	Industrials	66.06	0.93	0.00	Nov24	7.52
Nippon India Power & Infra Dir Gr	INF204K01I92	MTAR Technologies Ltd	Industrials	66.06	0.93	0.00	Dec24	3.56
Nippon India Power & Infra Dir Gr	INF204K01I92	MTAR Technologies Ltd	Industrials	66.06	0.93	0.00	Jan25	5.32
Nippon India Power & Infra Dir Gr	INF204K01I92	MTAR Technologies Ltd	Industrials	66.06	0.93	0.00	Feb25	5.59
Nippon India Power & Infra Dir Gr	INF204K01I92	MTAR Technologies Ltd	Industrials	66.06	0.93	0.00	Mar25	15.51
Nippon India Power & Infra Dir Gr	INF204K01I92	MTAR Technologies Ltd	Industrials	66.06	0.93	0.00	Mar25	15.51
Nippon India Power & Infra Dir Gr	INF204K01I92	MTAR Technologies Ltd	Industrials	66.06	0.93	0.00	Apr25	12.51
Nippon India Power & Infra Dir Gr	INF204K01I92	MTAR Technologies Ltd	Industrials	66.06	0.93	0.00	May25	11.15
Nippon India Power & Infra Dir Gr	INF204K01I92	MTAR Technologies Ltd	Industrials	66.06	0.93	0.00	June25	10.18
Nippon India Power & Infra Dir Gr	INF204K01I92	MTAR Technologies Ltd	Industrials	66.06	0.93	0.00	July25	9.19
Nippon India Power & Infra Dir Gr	INF204K01I92	MTAR Technologies Ltd	Industrials	66.06	0.93	0.00	Aug25	8.13
Nippon India Power & Infra Dir Gr	INF204K01I92	PTC India Ltd	Utilities	64.30	0.90	20.47	Oct24	5.55
Nippon India Power & Infra Dir Gr	INF204K01I92	PTC India Ltd	Utilities	64.30	0.90	20.47	Nov24	7.52
Nippon India Power & Infra Dir Gr	INF204K01I92	PTC India Ltd	Utilities	64.30	0.90	20.47	Dec24	3.56
Nippon India Power & Infra Dir Gr	INF204K01I92	PTC India Ltd	Utilities	64.30	0.90	20.47	Jan25	5.32
Nippon India Power & Infra Dir Gr	INF204K01I92	PTC India Ltd	Utilities	64.30	0.90	20.47	Feb25	5.59
Nippon India Power & Infra Dir Gr	INF204K01I92	PTC India Ltd	Utilities	64.30	0.90	20.47	Mar25	15.51
Nippon India Power & Infra Dir Gr	INF204K01I92	PTC India Ltd	Utilities	64.30	0.90	20.47	Mar25	15.51
Nippon India Power & Infra Dir Gr	INF204K01I92	PTC India Ltd	Utilities	64.30	0.90	20.47	Apr25	12.51
Nippon India Power & Infra Dir Gr	INF204K01I92	PTC India Ltd	Utilities	64.30	0.90	20.47	May25	11.15
Nippon India Power & Infra Dir Gr	INF204K01I92	PTC India Ltd	Utilities	64.30	0.90	20.47	June25	10.18
Nippon India Power & Infra Dir Gr	INF204K01I92	PTC India Ltd	Utilities	64.30	0.90	20.47	July25	9.19
Nippon India Power & Infra Dir Gr	INF204K01I92	PTC India Ltd	Utilities	64.30	0.90	20.47	Aug25	8.13
Nippon India Power & Infra Dir Gr	INF204K01I92	Triparty Repo		60.64	0.85		Oct24	5.55
Nippon India Power & Infra Dir Gr	INF204K01I92	Triparty Repo		60.64	0.85		Nov24	7.52
Nippon India Power & Infra Dir Gr	INF204K01I92	Triparty Repo		60.64	0.85		Dec24	3.56
Nippon India Power & Infra Dir Gr	INF204K01I92	Triparty Repo		60.64	0.85		Jan25	5.32
Nippon India Power & Infra Dir Gr	INF204K01I92	Triparty Repo		60.64	0.85		Feb25	5.59
Nippon India Power & Infra Dir Gr	INF204K01I92	Triparty Repo		60.64	0.85		Mar25	15.51
Nippon India Power & Infra Dir Gr	INF204K01I92	Triparty Repo		60.64	0.85		Mar25	15.51
Nippon India Power & Infra Dir Gr	INF204K01I92	Triparty Repo		60.64	0.85		Apr25	12.51
Nippon India Power & Infra Dir Gr	INF204K01I92	Triparty Repo		60.64	0.85		May25	11.15
Nippon India Power & Infra Dir Gr	INF204K01I92	Triparty Repo		60.64	0.85		June25	10.18
Nippon India Power & Infra Dir Gr	INF204K01I92	Triparty Repo		60.64	0.85		July25	9.19
Nippon India Power & Infra Dir Gr	INF204K01I92	Triparty Repo		60.64	0.85		Aug25	8.13
Nippon India Power & Infra Dir Gr	INF204K01I92	Phoenix Mills Ltd	Real Estate	59.48	0.83	0.00	Oct24	5.55
Nippon India Power & Infra Dir Gr	INF204K01I92	Phoenix Mills Ltd	Real Estate	59.48	0.83	0.00	Nov24	7.52
Nippon India Power & Infra Dir Gr	INF204K01I92	Phoenix Mills Ltd	Real Estate	59.48	0.83	0.00	Dec24	3.56
Nippon India Power & Infra Dir Gr	INF204K01I92	Phoenix Mills Ltd	Real Estate	59.48	0.83	0.00	Jan25	5.32
Nippon India Power & Infra Dir Gr	INF204K01I92	Phoenix Mills Ltd	Real Estate	59.48	0.83	0.00	Feb25	5.59
Nippon India Power & Infra Dir Gr	INF204K01I92	Phoenix Mills Ltd	Real Estate	59.48	0.83	0.00	Mar25	15.51
Nippon India Power & Infra Dir Gr	INF204K01I92	Phoenix Mills Ltd	Real Estate	59.48	0.83	0.00	Mar25	15.51
Nippon India Power & Infra Dir Gr	INF204K01I92	Phoenix Mills Ltd	Real Estate	59.48	0.83	0.00	Apr25	12.51
Nippon India Power & Infra Dir Gr	INF204K01I92	Phoenix Mills Ltd	Real Estate	59.48	0.83	0.00	May25	11.15
Nippon India Power & Infra Dir Gr	INF204K01I92	Phoenix Mills Ltd	Real Estate	59.48	0.83	0.00	June25	10.18
Nippon India Power & Infra Dir Gr	INF204K01I92	Phoenix Mills Ltd	Real Estate	59.48	0.83	0.00	July25	9.19
Nippon India Power & Infra Dir Gr	INF204K01I92	Phoenix Mills Ltd	Real Estate	59.48	0.83	0.00	Aug25	8.13
Nippon India Power & Infra Dir Gr	INF204K01I92	Apar Industries Ltd	Industrials	58.04	0.81	-26.31	Oct24	5.55
Nippon India Power & Infra Dir Gr	INF204K01I92	Apar Industries Ltd	Industrials	58.04	0.81	-26.31	Nov24	7.52
Nippon India Power & Infra Dir Gr	INF204K01I92	Apar Industries Ltd	Industrials	58.04	0.81	-26.31	Dec24	3.56
Nippon India Power & Infra Dir Gr	INF204K01I92	Apar Industries Ltd	Industrials	58.04	0.81	-26.31	Jan25	5.32
Nippon India Power & Infra Dir Gr	INF204K01I92	Apar Industries Ltd	Industrials	58.04	0.81	-26.31	Feb25	5.59
Nippon India Power & Infra Dir Gr	INF204K01I92	Apar Industries Ltd	Industrials	58.04	0.81	-26.31	Mar25	15.51
Nippon India Power & Infra Dir Gr	INF204K01I92	Apar Industries Ltd	Industrials	58.04	0.81	-26.31	Mar25	15.51
Nippon India Power & Infra Dir Gr	INF204K01I92	Apar Industries Ltd	Industrials	58.04	0.81	-26.31	Apr25	12.51
Nippon India Power & Infra Dir Gr	INF204K01I92	Apar Industries Ltd	Industrials	58.04	0.81	-26.31	May25	11.15
Nippon India Power & Infra Dir Gr	INF204K01I92	Apar Industries Ltd	Industrials	58.04	0.81	-26.31	June25	10.18
Nippon India Power & Infra Dir Gr	INF204K01I92	Apar Industries Ltd	Industrials	58.04	0.81	-26.31	July25	9.19
Nippon India Power & Infra Dir Gr	INF204K01I92	Apar Industries Ltd	Industrials	58.04	0.81	-26.31	Aug25	8.13
Nippon India Power & Infra Dir Gr	INF204K01I92	Container Corporation of India Ltd	Industrials	57.62	0.81	0.00	Oct24	5.55
Nippon India Power & Infra Dir Gr	INF204K01I92	Container Corporation of India Ltd	Industrials	57.62	0.81	0.00	Nov24	7.52
Nippon India Power & Infra Dir Gr	INF204K01I92	Container Corporation of India Ltd	Industrials	57.62	0.81	0.00	Dec24	3.56
Nippon India Power & Infra Dir Gr	INF204K01I92	Container Corporation of India Ltd	Industrials	57.62	0.81	0.00	Jan25	5.32
Nippon India Power & Infra Dir Gr	INF204K01I92	Container Corporation of India Ltd	Industrials	57.62	0.81	0.00	Feb25	5.59
Nippon India Power & Infra Dir Gr	INF204K01I92	Container Corporation of India Ltd	Industrials	57.62	0.81	0.00	Mar25	15.51
Nippon India Power & Infra Dir Gr	INF204K01I92	Container Corporation of India Ltd	Industrials	57.62	0.81	0.00	Mar25	15.51
Nippon India Power & Infra Dir Gr	INF204K01I92	Container Corporation of India Ltd	Industrials	57.62	0.81	0.00	Apr25	12.51
Nippon India Power & Infra Dir Gr	INF204K01I92	Container Corporation of India Ltd	Industrials	57.62	0.81	0.00	May25	11.15
Nippon India Power & Infra Dir Gr	INF204K01I92	Container Corporation of India Ltd	Industrials	57.62	0.81	0.00	June25	10.18
Nippon India Power & Infra Dir Gr	INF204K01I92	Container Corporation of India Ltd	Industrials	57.62	0.81	0.00	July25	9.19
Nippon India Power & Infra Dir Gr	INF204K01I92	Container Corporation of India Ltd	Industrials	57.62	0.81	0.00	Aug25	8.13
Nippon India Power & Infra Dir Gr	INF204K01I92	ZF Commercial Vehicle Control Systems India Ltd	Consumer Cyclical	57.47	0.81	1.34	Oct24	5.55
Nippon India Power & Infra Dir Gr	INF204K01I92	ZF Commercial Vehicle Control Systems India Ltd	Consumer Cyclical	57.47	0.81	1.34	Nov24	7.52
Nippon India Power & Infra Dir Gr	INF204K01I92	ZF Commercial Vehicle Control Systems India Ltd	Consumer Cyclical	57.47	0.81	1.34	Dec24	3.56
Nippon India Power & Infra Dir Gr	INF204K01I92	ZF Commercial Vehicle Control Systems India Ltd	Consumer Cyclical	57.47	0.81	1.34	Jan25	5.32
Nippon India Power & Infra Dir Gr	INF204K01I92	ZF Commercial Vehicle Control Systems India Ltd	Consumer Cyclical	57.47	0.81	1.34	Feb25	5.59
Nippon India Power & Infra Dir Gr	INF204K01I92	ZF Commercial Vehicle Control Systems India Ltd	Consumer Cyclical	57.47	0.81	1.34	Mar25	15.51
Nippon India Power & Infra Dir Gr	INF204K01I92	ZF Commercial Vehicle Control Systems India Ltd	Consumer Cyclical	57.47	0.81	1.34	Mar25	15.51
Nippon India Power & Infra Dir Gr	INF204K01I92	ZF Commercial Vehicle Control Systems India Ltd	Consumer Cyclical	57.47	0.81	1.34	Apr25	12.51
Nippon India Power & Infra Dir Gr	INF204K01I92	ZF Commercial Vehicle Control Systems India Ltd	Consumer Cyclical	57.47	0.81	1.34	May25	11.15
Nippon India Power & Infra Dir Gr	INF204K01I92	ZF Commercial Vehicle Control Systems India Ltd	Consumer Cyclical	57.47	0.81	1.34	June25	10.18
Nippon India Power & Infra Dir Gr	INF204K01I92	ZF Commercial Vehicle Control Systems India Ltd	Consumer Cyclical	57.47	0.81	1.34	July25	9.19
Nippon India Power & Infra Dir Gr	INF204K01I92	ZF Commercial Vehicle Control Systems India Ltd	Consumer Cyclical	57.47	0.81	1.34	Aug25	8.13
Nippon India Power & Infra Dir Gr	INF204K01I92	Bajel Projects Ltd	Utilities	57.46	0.81	2.81	Oct24	5.55
Nippon India Power & Infra Dir Gr	INF204K01I92	Bajel Projects Ltd	Utilities	57.46	0.81	2.81	Nov24	7.52
Nippon India Power & Infra Dir Gr	INF204K01I92	Bajel Projects Ltd	Utilities	57.46	0.81	2.81	Dec24	3.56
Nippon India Power & Infra Dir Gr	INF204K01I92	Bajel Projects Ltd	Utilities	57.46	0.81	2.81	Jan25	5.32
Nippon India Power & Infra Dir Gr	INF204K01I92	Bajel Projects Ltd	Utilities	57.46	0.81	2.81	Feb25	5.59
Nippon India Power & Infra Dir Gr	INF204K01I92	Bajel Projects Ltd	Utilities	57.46	0.81	2.81	Mar25	15.51
Nippon India Power & Infra Dir Gr	INF204K01I92	Bajel Projects Ltd	Utilities	57.46	0.81	2.81	Mar25	15.51
Nippon India Power & Infra Dir Gr	INF204K01I92	Bajel Projects Ltd	Utilities	57.46	0.81	2.81	Apr25	12.51
Nippon India Power & Infra Dir Gr	INF204K01I92	Bajel Projects Ltd	Utilities	57.46	0.81	2.81	May25	11.15
Nippon India Power & Infra Dir Gr	INF204K01I92	Bajel Projects Ltd	Utilities	57.46	0.81	2.81	June25	10.18
Nippon India Power & Infra Dir Gr	INF204K01I92	Bajel Projects Ltd	Utilities	57.46	0.81	2.81	July25	9.19
Nippon India Power & Infra Dir Gr	INF204K01I92	Bajel Projects Ltd	Utilities	57.46	0.81	2.81	Aug25	8.13
Nippon India Power & Infra Dir Gr	INF204K01I92	Bharat Dynamics Ltd Ordinary Shares	Industrials	56.87	0.80	47.62	Oct24	5.55
Nippon India Power & Infra Dir Gr	INF204K01I92	Bharat Dynamics Ltd Ordinary Shares	Industrials	56.87	0.80	47.62	Nov24	7.52
Nippon India Power & Infra Dir Gr	INF204K01I92	Bharat Dynamics Ltd Ordinary Shares	Industrials	56.87	0.80	47.62	Dec24	3.56
Nippon India Power & Infra Dir Gr	INF204K01I92	Bharat Dynamics Ltd Ordinary Shares	Industrials	56.87	0.80	47.62	Jan25	5.32
Nippon India Power & Infra Dir Gr	INF204K01I92	Bharat Dynamics Ltd Ordinary Shares	Industrials	56.87	0.80	47.62	Feb25	5.59
Nippon India Power & Infra Dir Gr	INF204K01I92	Bharat Dynamics Ltd Ordinary Shares	Industrials	56.87	0.80	47.62	Mar25	15.51
Nippon India Power & Infra Dir Gr	INF204K01I92	Bharat Dynamics Ltd Ordinary Shares	Industrials	56.87	0.80	47.62	Mar25	15.51
Nippon India Power & Infra Dir Gr	INF204K01I92	Bharat Dynamics Ltd Ordinary Shares	Industrials	56.87	0.80	47.62	Apr25	12.51
Nippon India Power & Infra Dir Gr	INF204K01I92	Bharat Dynamics Ltd Ordinary Shares	Industrials	56.87	0.80	47.62	May25	11.15
Nippon India Power & Infra Dir Gr	INF204K01I92	Bharat Dynamics Ltd Ordinary Shares	Industrials	56.87	0.80	47.62	June25	10.18
Nippon India Power & Infra Dir Gr	INF204K01I92	Bharat Dynamics Ltd Ordinary Shares	Industrials	56.87	0.80	47.62	July25	9.19
Nippon India Power & Infra Dir Gr	INF204K01I92	Bharat Dynamics Ltd Ordinary Shares	Industrials	56.87	0.80	47.62	Aug25	8.13
Nippon India Power & Infra Dir Gr	INF204K01I92	Brigade Enterprises Ltd	Real Estate	56.20	0.79	-10.99	Oct24	5.55
Nippon India Power & Infra Dir Gr	INF204K01I92	Brigade Enterprises Ltd	Real Estate	56.20	0.79	-10.99	Nov24	7.52
Nippon India Power & Infra Dir Gr	INF204K01I92	Brigade Enterprises Ltd	Real Estate	56.20	0.79	-10.99	Dec24	3.56
Nippon India Power & Infra Dir Gr	INF204K01I92	Brigade Enterprises Ltd	Real Estate	56.20	0.79	-10.99	Jan25	5.32
Nippon India Power & Infra Dir Gr	INF204K01I92	Brigade Enterprises Ltd	Real Estate	56.20	0.79	-10.99	Feb25	5.59
Nippon India Power & Infra Dir Gr	INF204K01I92	Brigade Enterprises Ltd	Real Estate	56.20	0.79	-10.99	Mar25	15.51
Nippon India Power & Infra Dir Gr	INF204K01I92	Brigade Enterprises Ltd	Real Estate	56.20	0.79	-10.99	Mar25	15.51
Nippon India Power & Infra Dir Gr	INF204K01I92	Brigade Enterprises Ltd	Real Estate	56.20	0.79	-10.99	Apr25	12.51
Nippon India Power & Infra Dir Gr	INF204K01I92	Brigade Enterprises Ltd	Real Estate	56.20	0.79	-10.99	May25	11.15
Nippon India Power & Infra Dir Gr	INF204K01I92	Brigade Enterprises Ltd	Real Estate	56.20	0.79	-10.99	June25	10.18
Nippon India Power & Infra Dir Gr	INF204K01I92	Brigade Enterprises Ltd	Real Estate	56.20	0.79	-10.99	July25	9.19
Nippon India Power & Infra Dir Gr	INF204K01I92	Brigade Enterprises Ltd	Real Estate	56.20	0.79	-10.99	Aug25	8.13
Nippon India Power & Infra Dir Gr	INF204K01I92	Oil & Natural Gas Corp Ltd	Energy	55.94	0.78	0.00	Oct24	5.55
Nippon India Power & Infra Dir Gr	INF204K01I92	Oil & Natural Gas Corp Ltd	Energy	55.94	0.78	0.00	Nov24	7.52
Nippon India Power & Infra Dir Gr	INF204K01I92	Oil & Natural Gas Corp Ltd	Energy	55.94	0.78	0.00	Dec24	3.56
Nippon India Power & Infra Dir Gr	INF204K01I92	Oil & Natural Gas Corp Ltd	Energy	55.94	0.78	0.00	Jan25	5.32
Nippon India Power & Infra Dir Gr	INF204K01I92	Oil & Natural Gas Corp Ltd	Energy	55.94	0.78	0.00	Feb25	5.59
Nippon India Power & Infra Dir Gr	INF204K01I92	Oil & Natural Gas Corp Ltd	Energy	55.94	0.78	0.00	Mar25	15.51
Nippon India Power & Infra Dir Gr	INF204K01I92	Oil & Natural Gas Corp Ltd	Energy	55.94	0.78	0.00	Mar25	15.51
Nippon India Power & Infra Dir Gr	INF204K01I92	Oil & Natural Gas Corp Ltd	Energy	55.94	0.78	0.00	Apr25	12.51
Nippon India Power & Infra Dir Gr	INF204K01I92	Oil & Natural Gas Corp Ltd	Energy	55.94	0.78	0.00	May25	11.15
Nippon India Power & Infra Dir Gr	INF204K01I92	Oil & Natural Gas Corp Ltd	Energy	55.94	0.78	0.00	June25	10.18
Nippon India Power & Infra Dir Gr	INF204K01I92	Oil & Natural Gas Corp Ltd	Energy	55.94	0.78	0.00	July25	9.19
Nippon India Power & Infra Dir Gr	INF204K01I92	Oil & Natural Gas Corp Ltd	Energy	55.94	0.78	0.00	Aug25	8.13
Nippon India Power & Infra Dir Gr	INF204K01I92	InterGlobe Aviation Ltd	Industrials	53.42	0.75	0.00	Oct24	5.55
Nippon India Power & Infra Dir Gr	INF204K01I92	InterGlobe Aviation Ltd	Industrials	53.42	0.75	0.00	Nov24	7.52
Nippon India Power & Infra Dir Gr	INF204K01I92	InterGlobe Aviation Ltd	Industrials	53.42	0.75	0.00	Dec24	3.56
Nippon India Power & Infra Dir Gr	INF204K01I92	InterGlobe Aviation Ltd	Industrials	53.42	0.75	0.00	Jan25	5.32
Nippon India Power & Infra Dir Gr	INF204K01I92	InterGlobe Aviation Ltd	Industrials	53.42	0.75	0.00	Feb25	5.59
Nippon India Power & Infra Dir Gr	INF204K01I92	InterGlobe Aviation Ltd	Industrials	53.42	0.75	0.00	Mar25	15.51
Nippon India Power & Infra Dir Gr	INF204K01I92	InterGlobe Aviation Ltd	Industrials	53.42	0.75	0.00	Mar25	15.51
Nippon India Power & Infra Dir Gr	INF204K01I92	InterGlobe Aviation Ltd	Industrials	53.42	0.75	0.00	Apr25	12.51
Nippon India Power & Infra Dir Gr	INF204K01I92	InterGlobe Aviation Ltd	Industrials	53.42	0.75	0.00	May25	11.15
Nippon India Power & Infra Dir Gr	INF204K01I92	InterGlobe Aviation Ltd	Industrials	53.42	0.75	0.00	June25	10.18
Nippon India Power & Infra Dir Gr	INF204K01I92	InterGlobe Aviation Ltd	Industrials	53.42	0.75	0.00	July25	9.19
Nippon India Power & Infra Dir Gr	INF204K01I92	InterGlobe Aviation Ltd	Industrials	53.42	0.75	0.00	Aug25	8.13
Nippon India Power & Infra Dir Gr	INF204K01I92	Saatvik Green Energy Ltd	Technology	52.42	0.74	1.61	Oct24	5.55
Nippon India Power & Infra Dir Gr	INF204K01I92	Saatvik Green Energy Ltd	Technology	52.42	0.74	1.61	Nov24	7.52
Nippon India Power & Infra Dir Gr	INF204K01I92	Saatvik Green Energy Ltd	Technology	52.42	0.74	1.61	Dec24	3.56
Nippon India Power & Infra Dir Gr	INF204K01I92	Saatvik Green Energy Ltd	Technology	52.42	0.74	1.61	Jan25	5.32
Nippon India Power & Infra Dir Gr	INF204K01I92	Saatvik Green Energy Ltd	Technology	52.42	0.74	1.61	Feb25	5.59
Nippon India Power & Infra Dir Gr	INF204K01I92	Saatvik Green Energy Ltd	Technology	52.42	0.74	1.61	Mar25	15.51
Nippon India Power & Infra Dir Gr	INF204K01I92	Saatvik Green Energy Ltd	Technology	52.42	0.74	1.61	Mar25	15.51
Nippon India Power & Infra Dir Gr	INF204K01I92	Saatvik Green Energy Ltd	Technology	52.42	0.74	1.61	Apr25	12.51
Nippon India Power & Infra Dir Gr	INF204K01I92	Saatvik Green Energy Ltd	Technology	52.42	0.74	1.61	May25	11.15
Nippon India Power & Infra Dir Gr	INF204K01I92	Saatvik Green Energy Ltd	Technology	52.42	0.74	1.61	June25	10.18
Nippon India Power & Infra Dir Gr	INF204K01I92	Saatvik Green Energy Ltd	Technology	52.42	0.74	1.61	July25	9.19
Nippon India Power & Infra Dir Gr	INF204K01I92	Saatvik Green Energy Ltd	Technology	52.42	0.74	1.61	Aug25	8.13
Nippon India Power & Infra Dir Gr	INF204K01I92	ABB India Ltd	Industrials	52.04	0.73	0.00	Oct24	5.55
Nippon India Power & Infra Dir Gr	INF204K01I92	ABB India Ltd	Industrials	52.04	0.73	0.00	Nov24	7.52
Nippon India Power & Infra Dir Gr	INF204K01I92	ABB India Ltd	Industrials	52.04	0.73	0.00	Dec24	3.56
Nippon India Power & Infra Dir Gr	INF204K01I92	ABB India Ltd	Industrials	52.04	0.73	0.00	Jan25	5.32
Nippon India Power & Infra Dir Gr	INF204K01I92	ABB India Ltd	Industrials	52.04	0.73	0.00	Feb25	5.59
Nippon India Power & Infra Dir Gr	INF204K01I92	ABB India Ltd	Industrials	52.04	0.73	0.00	Mar25	15.51
Nippon India Power & Infra Dir Gr	INF204K01I92	ABB India Ltd	Industrials	52.04	0.73	0.00	Mar25	15.51
Nippon India Power & Infra Dir Gr	INF204K01I92	ABB India Ltd	Industrials	52.04	0.73	0.00	Apr25	12.51
Nippon India Power & Infra Dir Gr	INF204K01I92	ABB India Ltd	Industrials	52.04	0.73	0.00	May25	11.15
Nippon India Power & Infra Dir Gr	INF204K01I92	ABB India Ltd	Industrials	52.04	0.73	0.00	June25	10.18
Nippon India Power & Infra Dir Gr	INF204K01I92	ABB India Ltd	Industrials	52.04	0.73	0.00	July25	9.19
Nippon India Power & Infra Dir Gr	INF204K01I92	ABB India Ltd	Industrials	52.04	0.73	0.00	Aug25	8.13
Nippon India Power & Infra Dir Gr	INF204K01I92	Cyient DLM Ltd	Technology	51.97	0.73	-0.72	Oct24	5.55
Nippon India Power & Infra Dir Gr	INF204K01I92	Cyient DLM Ltd	Technology	51.97	0.73	-0.72	Nov24	7.52
Nippon India Power & Infra Dir Gr	INF204K01I92	Cyient DLM Ltd	Technology	51.97	0.73	-0.72	Dec24	3.56
Nippon India Power & Infra Dir Gr	INF204K01I92	Cyient DLM Ltd	Technology	51.97	0.73	-0.72	Jan25	5.32
Nippon India Power & Infra Dir Gr	INF204K01I92	Cyient DLM Ltd	Technology	51.97	0.73	-0.72	Feb25	5.59
Nippon India Power & Infra Dir Gr	INF204K01I92	Cyient DLM Ltd	Technology	51.97	0.73	-0.72	Mar25	15.51
Nippon India Power & Infra Dir Gr	INF204K01I92	Cyient DLM Ltd	Technology	51.97	0.73	-0.72	Mar25	15.51
Nippon India Power & Infra Dir Gr	INF204K01I92	Cyient DLM Ltd	Technology	51.97	0.73	-0.72	Apr25	12.51
Nippon India Power & Infra Dir Gr	INF204K01I92	Cyient DLM Ltd	Technology	51.97	0.73	-0.72	May25	11.15
Nippon India Power & Infra Dir Gr	INF204K01I92	Cyient DLM Ltd	Technology	51.97	0.73	-0.72	June25	10.18
Nippon India Power & Infra Dir Gr	INF204K01I92	Cyient DLM Ltd	Technology	51.97	0.73	-0.72	July25	9.19
Nippon India Power & Infra Dir Gr	INF204K01I92	Cyient DLM Ltd	Technology	51.97	0.73	-0.72	Aug25	8.13
Nippon India Power & Infra Dir Gr	INF204K01I92	Adani Ports & Special Economic Zone Ltd	Industrials	51.46	0.72		Oct24	5.55
Nippon India Power & Infra Dir Gr	INF204K01I92	Adani Ports & Special Economic Zone Ltd	Industrials	51.46	0.72		Nov24	7.52
Nippon India Power & Infra Dir Gr	INF204K01I92	Adani Ports & Special Economic Zone Ltd	Industrials	51.46	0.72		Dec24	3.56
Nippon India Power & Infra Dir Gr	INF204K01I92	Adani Ports & Special Economic Zone Ltd	Industrials	51.46	0.72		Jan25	5.32
Nippon India Power & Infra Dir Gr	INF204K01I92	Adani Ports & Special Economic Zone Ltd	Industrials	51.46	0.72		Feb25	5.59
Nippon India Power & Infra Dir Gr	INF204K01I92	Adani Ports & Special Economic Zone Ltd	Industrials	51.46	0.72		Mar25	15.51
Nippon India Power & Infra Dir Gr	INF204K01I92	Adani Ports & Special Economic Zone Ltd	Industrials	51.46	0.72		Mar25	15.51
Nippon India Power & Infra Dir Gr	INF204K01I92	Adani Ports & Special Economic Zone Ltd	Industrials	51.46	0.72		Apr25	12.51
Nippon India Power & Infra Dir Gr	INF204K01I92	Adani Ports & Special Economic Zone Ltd	Industrials	51.46	0.72		May25	11.15
Nippon India Power & Infra Dir Gr	INF204K01I92	Adani Ports & Special Economic Zone Ltd	Industrials	51.46	0.72		June25	10.18
Nippon India Power & Infra Dir Gr	INF204K01I92	Adani Ports & Special Economic Zone Ltd	Industrials	51.46	0.72		July25	9.19
Nippon India Power & Infra Dir Gr	INF204K01I92	Adani Ports & Special Economic Zone Ltd	Industrials	51.46	0.72		Aug25	8.13
Nippon India Power & Infra Dir Gr	INF204K01I92	Indian Hotels Co Ltd	Consumer Cyclical	49.99	0.70	7.15	Oct24	5.55
Nippon India Power & Infra Dir Gr	INF204K01I92	Indian Hotels Co Ltd	Consumer Cyclical	49.99	0.70	7.15	Nov24	7.52
Nippon India Power & Infra Dir Gr	INF204K01I92	Indian Hotels Co Ltd	Consumer Cyclical	49.99	0.70	7.15	Dec24	3.56
Nippon India Power & Infra Dir Gr	INF204K01I92	Indian Hotels Co Ltd	Consumer Cyclical	49.99	0.70	7.15	Jan25	5.32
Nippon India Power & Infra Dir Gr	INF204K01I92	Indian Hotels Co Ltd	Consumer Cyclical	49.99	0.70	7.15	Feb25	5.59
Nippon India Power & Infra Dir Gr	INF204K01I92	Indian Hotels Co Ltd	Consumer Cyclical	49.99	0.70	7.15	Mar25	15.51
Nippon India Power & Infra Dir Gr	INF204K01I92	Indian Hotels Co Ltd	Consumer Cyclical	49.99	0.70	7.15	Mar25	15.51
Nippon India Power & Infra Dir Gr	INF204K01I92	Indian Hotels Co Ltd	Consumer Cyclical	49.99	0.70	7.15	Apr25	12.51
Nippon India Power & Infra Dir Gr	INF204K01I92	Indian Hotels Co Ltd	Consumer Cyclical	49.99	0.70	7.15	May25	11.15
Nippon India Power & Infra Dir Gr	INF204K01I92	Indian Hotels Co Ltd	Consumer Cyclical	49.99	0.70	7.15	June25	10.18
Nippon India Power & Infra Dir Gr	INF204K01I92	Indian Hotels Co Ltd	Consumer Cyclical	49.99	0.70	7.15	July25	9.19
Nippon India Power & Infra Dir Gr	INF204K01I92	Indian Hotels Co Ltd	Consumer Cyclical	49.99	0.70	7.15	Aug25	8.13
Nippon India Power & Infra Dir Gr	INF204K01I92	Indraprastha Gas Ltd	Utilities	48.64	0.68	-7.72	Oct24	5.55
Nippon India Power & Infra Dir Gr	INF204K01I92	Indraprastha Gas Ltd	Utilities	48.64	0.68	-7.72	Nov24	7.52
Nippon India Power & Infra Dir Gr	INF204K01I92	Indraprastha Gas Ltd	Utilities	48.64	0.68	-7.72	Dec24	3.56
Nippon India Power & Infra Dir Gr	INF204K01I92	Indraprastha Gas Ltd	Utilities	48.64	0.68	-7.72	Jan25	5.32
Nippon India Power & Infra Dir Gr	INF204K01I92	Indraprastha Gas Ltd	Utilities	48.64	0.68	-7.72	Feb25	5.59
Nippon India Power & Infra Dir Gr	INF204K01I92	Indraprastha Gas Ltd	Utilities	48.64	0.68	-7.72	Mar25	15.51
Nippon India Power & Infra Dir Gr	INF204K01I92	Indraprastha Gas Ltd	Utilities	48.64	0.68	-7.72	Mar25	15.51
Nippon India Power & Infra Dir Gr	INF204K01I92	Indraprastha Gas Ltd	Utilities	48.64	0.68	-7.72	Apr25	12.51
Nippon India Power & Infra Dir Gr	INF204K01I92	Indraprastha Gas Ltd	Utilities	48.64	0.68	-7.72	May25	11.15
Nippon India Power & Infra Dir Gr	INF204K01I92	Indraprastha Gas Ltd	Utilities	48.64	0.68	-7.72	June25	10.18
Nippon India Power & Infra Dir Gr	INF204K01I92	Indraprastha Gas Ltd	Utilities	48.64	0.68	-7.72	July25	9.19
Nippon India Power & Infra Dir Gr	INF204K01I92	Indraprastha Gas Ltd	Utilities	48.64	0.68	-7.72	Aug25	8.13
Nippon India Power & Infra Dir Gr	INF204K01I92	Tata Motors Passenger Vehicles Ltd	Consumer Cyclical	47.84	0.67	13.63	Oct24	5.55
Nippon India Power & Infra Dir Gr	INF204K01I92	Tata Motors Passenger Vehicles Ltd	Consumer Cyclical	47.84	0.67	13.63	Nov24	7.52
Nippon India Power & Infra Dir Gr	INF204K01I92	Tata Motors Passenger Vehicles Ltd	Consumer Cyclical	47.84	0.67	13.63	Dec24	3.56
Nippon India Power & Infra Dir Gr	INF204K01I92	Tata Motors Passenger Vehicles Ltd	Consumer Cyclical	47.84	0.67	13.63	Jan25	5.32
Nippon India Power & Infra Dir Gr	INF204K01I92	Tata Motors Passenger Vehicles Ltd	Consumer Cyclical	47.84	0.67	13.63	Feb25	5.59
Nippon India Power & Infra Dir Gr	INF204K01I92	Tata Motors Passenger Vehicles Ltd	Consumer Cyclical	47.84	0.67	13.63	Mar25	15.51
Nippon India Power & Infra Dir Gr	INF204K01I92	Tata Motors Passenger Vehicles Ltd	Consumer Cyclical	47.84	0.67	13.63	Mar25	15.51
Nippon India Power & Infra Dir Gr	INF204K01I92	Tata Motors Passenger Vehicles Ltd	Consumer Cyclical	47.84	0.67	13.63	Apr25	12.51
Nippon India Power & Infra Dir Gr	INF204K01I92	Tata Motors Passenger Vehicles Ltd	Consumer Cyclical	47.84	0.67	13.63	May25	11.15
Nippon India Power & Infra Dir Gr	INF204K01I92	Tata Motors Passenger Vehicles Ltd	Consumer Cyclical	47.84	0.67	13.63	June25	10.18
Nippon India Power & Infra Dir Gr	INF204K01I92	Tata Motors Passenger Vehicles Ltd	Consumer Cyclical	47.84	0.67	13.63	July25	9.19
Nippon India Power & Infra Dir Gr	INF204K01I92	Tata Motors Passenger Vehicles Ltd	Consumer Cyclical	47.84	0.67	13.63	Aug25	8.13
Nippon India Power & Infra Dir Gr	INF204K01I92	Praj Industries Ltd	Industrials	47.69	0.67	0.00	Oct24	5.55
Nippon India Power & Infra Dir Gr	INF204K01I92	Praj Industries Ltd	Industrials	47.69	0.67	0.00	Nov24	7.52
Nippon India Power & Infra Dir Gr	INF204K01I92	Praj Industries Ltd	Industrials	47.69	0.67	0.00	Dec24	3.56
Nippon India Power & Infra Dir Gr	INF204K01I92	Praj Industries Ltd	Industrials	47.69	0.67	0.00	Jan25	5.32
Nippon India Power & Infra Dir Gr	INF204K01I92	Praj Industries Ltd	Industrials	47.69	0.67	0.00	Feb25	5.59
Nippon India Power & Infra Dir Gr	INF204K01I92	Praj Industries Ltd	Industrials	47.69	0.67	0.00	Mar25	15.51
Nippon India Power & Infra Dir Gr	INF204K01I92	Praj Industries Ltd	Industrials	47.69	0.67	0.00	Mar25	15.51
Nippon India Power & Infra Dir Gr	INF204K01I92	Praj Industries Ltd	Industrials	47.69	0.67	0.00	Apr25	12.51
Nippon India Power & Infra Dir Gr	INF204K01I92	Praj Industries Ltd	Industrials	47.69	0.67	0.00	May25	11.15
Nippon India Power & Infra Dir Gr	INF204K01I92	Praj Industries Ltd	Industrials	47.69	0.67	0.00	June25	10.18
Nippon India Power & Infra Dir Gr	INF204K01I92	Praj Industries Ltd	Industrials	47.69	0.67	0.00	July25	9.19
Nippon India Power & Infra Dir Gr	INF204K01I92	Praj Industries Ltd	Industrials	47.69	0.67	0.00	Aug25	8.13
Nippon India Power & Infra Dir Gr	INF204K01I92	Shree Cement Ltd	Basic Materials	46.94	0.66	0.00	Oct24	5.55
Nippon India Power & Infra Dir Gr	INF204K01I92	Shree Cement Ltd	Basic Materials	46.94	0.66	0.00	Nov24	7.52
Nippon India Power & Infra Dir Gr	INF204K01I92	Shree Cement Ltd	Basic Materials	46.94	0.66	0.00	Dec24	3.56
Nippon India Power & Infra Dir Gr	INF204K01I92	Shree Cement Ltd	Basic Materials	46.94	0.66	0.00	Jan25	5.32
Nippon India Power & Infra Dir Gr	INF204K01I92	Shree Cement Ltd	Basic Materials	46.94	0.66	0.00	Feb25	5.59
Nippon India Power & Infra Dir Gr	INF204K01I92	Shree Cement Ltd	Basic Materials	46.94	0.66	0.00	Mar25	15.51
Nippon India Power & Infra Dir Gr	INF204K01I92	Shree Cement Ltd	Basic Materials	46.94	0.66	0.00	Mar25	15.51
Nippon India Power & Infra Dir Gr	INF204K01I92	Shree Cement Ltd	Basic Materials	46.94	0.66	0.00	Apr25	12.51
Nippon India Power & Infra Dir Gr	INF204K01I92	Shree Cement Ltd	Basic Materials	46.94	0.66	0.00	May25	11.15
Nippon India Power & Infra Dir Gr	INF204K01I92	Shree Cement Ltd	Basic Materials	46.94	0.66	0.00	June25	10.18
Nippon India Power & Infra Dir Gr	INF204K01I92	Shree Cement Ltd	Basic Materials	46.94	0.66	0.00	July25	9.19
Nippon India Power & Infra Dir Gr	INF204K01I92	Shree Cement Ltd	Basic Materials	46.94	0.66	0.00	Aug25	8.13
Nippon India Power & Infra Dir Gr	INF204K01I92	Kirloskar Oil Engines Ltd	Industrials	44.71	0.63	-31.85	Oct24	5.55
Nippon India Power & Infra Dir Gr	INF204K01I92	Kirloskar Oil Engines Ltd	Industrials	44.71	0.63	-31.85	Nov24	7.52
Nippon India Power & Infra Dir Gr	INF204K01I92	Kirloskar Oil Engines Ltd	Industrials	44.71	0.63	-31.85	Dec24	3.56
Nippon India Power & Infra Dir Gr	INF204K01I92	Kirloskar Oil Engines Ltd	Industrials	44.71	0.63	-31.85	Jan25	5.32
Nippon India Power & Infra Dir Gr	INF204K01I92	Kirloskar Oil Engines Ltd	Industrials	44.71	0.63	-31.85	Feb25	5.59
Nippon India Power & Infra Dir Gr	INF204K01I92	Kirloskar Oil Engines Ltd	Industrials	44.71	0.63	-31.85	Mar25	15.51
Nippon India Power & Infra Dir Gr	INF204K01I92	Kirloskar Oil Engines Ltd	Industrials	44.71	0.63	-31.85	Mar25	15.51
Nippon India Power & Infra Dir Gr	INF204K01I92	Kirloskar Oil Engines Ltd	Industrials	44.71	0.63	-31.85	Apr25	12.51
Nippon India Power & Infra Dir Gr	INF204K01I92	Kirloskar Oil Engines Ltd	Industrials	44.71	0.63	-31.85	May25	11.15
Nippon India Power & Infra Dir Gr	INF204K01I92	Kirloskar Oil Engines Ltd	Industrials	44.71	0.63	-31.85	June25	10.18
Nippon India Power & Infra Dir Gr	INF204K01I92	Kirloskar Oil Engines Ltd	Industrials	44.71	0.63	-31.85	July25	9.19
Nippon India Power & Infra Dir Gr	INF204K01I92	Kirloskar Oil Engines Ltd	Industrials	44.71	0.63	-31.85	Aug25	8.13
Nippon India Power & Infra Dir Gr	INF204K01I92	Bharat Electronics Ltd	Industrials	44.47	0.62	0.00	Oct24	5.55
Nippon India Power & Infra Dir Gr	INF204K01I92	Bharat Electronics Ltd	Industrials	44.47	0.62	0.00	Nov24	7.52
Nippon India Power & Infra Dir Gr	INF204K01I92	Bharat Electronics Ltd	Industrials	44.47	0.62	0.00	Dec24	3.56
Nippon India Power & Infra Dir Gr	INF204K01I92	Bharat Electronics Ltd	Industrials	44.47	0.62	0.00	Jan25	5.32
Nippon India Power & Infra Dir Gr	INF204K01I92	Bharat Electronics Ltd	Industrials	44.47	0.62	0.00	Feb25	5.59
Nippon India Power & Infra Dir Gr	INF204K01I92	Bharat Electronics Ltd	Industrials	44.47	0.62	0.00	Mar25	15.51
Nippon India Power & Infra Dir Gr	INF204K01I92	Bharat Electronics Ltd	Industrials	44.47	0.62	0.00	Mar25	15.51
Nippon India Power & Infra Dir Gr	INF204K01I92	Bharat Electronics Ltd	Industrials	44.47	0.62	0.00	Apr25	12.51
Nippon India Power & Infra Dir Gr	INF204K01I92	Bharat Electronics Ltd	Industrials	44.47	0.62	0.00	May25	11.15
Nippon India Power & Infra Dir Gr	INF204K01I92	Bharat Electronics Ltd	Industrials	44.47	0.62	0.00	June25	10.18
Nippon India Power & Infra Dir Gr	INF204K01I92	Bharat Electronics Ltd	Industrials	44.47	0.62	0.00	July25	9.19
Nippon India Power & Infra Dir Gr	INF204K01I92	Bharat Electronics Ltd	Industrials	44.47	0.62	0.00	Aug25	8.13
Nippon India Power & Infra Dir Gr	INF204K01I92	Bharat Coking Coal Ltd	Basic Materials	44.20	0.62	-9.31	Oct24	5.55
Nippon India Power & Infra Dir Gr	INF204K01I92	Bharat Coking Coal Ltd	Basic Materials	44.20	0.62	-9.31	Nov24	7.52
Nippon India Power & Infra Dir Gr	INF204K01I92	Bharat Coking Coal Ltd	Basic Materials	44.20	0.62	-9.31	Dec24	3.56
Nippon India Power & Infra Dir Gr	INF204K01I92	Bharat Coking Coal Ltd	Basic Materials	44.20	0.62	-9.31	Jan25	5.32
Nippon India Power & Infra Dir Gr	INF204K01I92	Bharat Coking Coal Ltd	Basic Materials	44.20	0.62	-9.31	Feb25	5.59
Nippon India Power & Infra Dir Gr	INF204K01I92	Bharat Coking Coal Ltd	Basic Materials	44.20	0.62	-9.31	Mar25	15.51
Nippon India Power & Infra Dir Gr	INF204K01I92	Bharat Coking Coal Ltd	Basic Materials	44.20	0.62	-9.31	Mar25	15.51
Nippon India Power & Infra Dir Gr	INF204K01I92	Bharat Coking Coal Ltd	Basic Materials	44.20	0.62	-9.31	Apr25	12.51
Nippon India Power & Infra Dir Gr	INF204K01I92	Bharat Coking Coal Ltd	Basic Materials	44.20	0.62	-9.31	May25	11.15
Nippon India Power & Infra Dir Gr	INF204K01I92	Bharat Coking Coal Ltd	Basic Materials	44.20	0.62	-9.31	June25	10.18
Nippon India Power & Infra Dir Gr	INF204K01I92	Bharat Coking Coal Ltd	Basic Materials	44.20	0.62	-9.31	July25	9.19
Nippon India Power & Infra Dir Gr	INF204K01I92	Bharat Coking Coal Ltd	Basic Materials	44.20	0.62	-9.31	Aug25	8.13
Nippon India Power & Infra Dir Gr	INF204K01I92	ITC Hotels Ltd	Consumer Cyclical	44.00	0.62	25.01	Oct24	5.55
Nippon India Power & Infra Dir Gr	INF204K01I92	ITC Hotels Ltd	Consumer Cyclical	44.00	0.62	25.01	Nov24	7.52
Nippon India Power & Infra Dir Gr	INF204K01I92	ITC Hotels Ltd	Consumer Cyclical	44.00	0.62	25.01	Dec24	3.56
Nippon India Power & Infra Dir Gr	INF204K01I92	ITC Hotels Ltd	Consumer Cyclical	44.00	0.62	25.01	Jan25	5.32
Nippon India Power & Infra Dir Gr	INF204K01I92	ITC Hotels Ltd	Consumer Cyclical	44.00	0.62	25.01	Feb25	5.59
Nippon India Power & Infra Dir Gr	INF204K01I92	ITC Hotels Ltd	Consumer Cyclical	44.00	0.62	25.01	Mar25	15.51
Nippon India Power & Infra Dir Gr	INF204K01I92	ITC Hotels Ltd	Consumer Cyclical	44.00	0.62	25.01	Mar25	15.51
Nippon India Power & Infra Dir Gr	INF204K01I92	ITC Hotels Ltd	Consumer Cyclical	44.00	0.62	25.01	Apr25	12.51
Nippon India Power & Infra Dir Gr	INF204K01I92	ITC Hotels Ltd	Consumer Cyclical	44.00	0.62	25.01	May25	11.15
Nippon India Power & Infra Dir Gr	INF204K01I92	ITC Hotels Ltd	Consumer Cyclical	44.00	0.62	25.01	June25	10.18
Nippon India Power & Infra Dir Gr	INF204K01I92	ITC Hotels Ltd	Consumer Cyclical	44.00	0.62	25.01	July25	9.19
Nippon India Power & Infra Dir Gr	INF204K01I92	ITC Hotels Ltd	Consumer Cyclical	44.00	0.62	25.01	Aug25	8.13
Nippon India Power & Infra Dir Gr	INF204K01I92	ACME Solar Holdings Ltd	Utilities	43.97	0.62	0.00	Oct24	5.55
Nippon India Power & Infra Dir Gr	INF204K01I92	ACME Solar Holdings Ltd	Utilities	43.97	0.62	0.00	Nov24	7.52
Nippon India Power & Infra Dir Gr	INF204K01I92	ACME Solar Holdings Ltd	Utilities	43.97	0.62	0.00	Dec24	3.56
Nippon India Power & Infra Dir Gr	INF204K01I92	ACME Solar Holdings Ltd	Utilities	43.97	0.62	0.00	Jan25	5.32
Nippon India Power & Infra Dir Gr	INF204K01I92	ACME Solar Holdings Ltd	Utilities	43.97	0.62	0.00	Feb25	5.59
Nippon India Power & Infra Dir Gr	INF204K01I92	ACME Solar Holdings Ltd	Utilities	43.97	0.62	0.00	Mar25	15.51
Nippon India Power & Infra Dir Gr	INF204K01I92	ACME Solar Holdings Ltd	Utilities	43.97	0.62	0.00	Mar25	15.51
Nippon India Power & Infra Dir Gr	INF204K01I92	ACME Solar Holdings Ltd	Utilities	43.97	0.62	0.00	Apr25	12.51
Nippon India Power & Infra Dir Gr	INF204K01I92	ACME Solar Holdings Ltd	Utilities	43.97	0.62	0.00	May25	11.15
Nippon India Power & Infra Dir Gr	INF204K01I92	ACME Solar Holdings Ltd	Utilities	43.97	0.62	0.00	June25	10.18
Nippon India Power & Infra Dir Gr	INF204K01I92	ACME Solar Holdings Ltd	Utilities	43.97	0.62	0.00	July25	9.19
Nippon India Power & Infra Dir Gr	INF204K01I92	ACME Solar Holdings Ltd	Utilities	43.97	0.62	0.00	Aug25	8.13
Nippon India Power & Infra Dir Gr	INF204K01I92	JSW Infrastructure Ltd	Industrials	43.32	0.61	0.00	Oct24	5.55
Nippon India Power & Infra Dir Gr	INF204K01I92	JSW Infrastructure Ltd	Industrials	43.32	0.61	0.00	Nov24	7.52
Nippon India Power & Infra Dir Gr	INF204K01I92	JSW Infrastructure Ltd	Industrials	43.32	0.61	0.00	Dec24	3.56
Nippon India Power & Infra Dir Gr	INF204K01I92	JSW Infrastructure Ltd	Industrials	43.32	0.61	0.00	Jan25	5.32
Nippon India Power & Infra Dir Gr	INF204K01I92	JSW Infrastructure Ltd	Industrials	43.32	0.61	0.00	Feb25	5.59
Nippon India Power & Infra Dir Gr	INF204K01I92	JSW Infrastructure Ltd	Industrials	43.32	0.61	0.00	Mar25	15.51
Nippon India Power & Infra Dir Gr	INF204K01I92	JSW Infrastructure Ltd	Industrials	43.32	0.61	0.00	Mar25	15.51
Nippon India Power & Infra Dir Gr	INF204K01I92	JSW Infrastructure Ltd	Industrials	43.32	0.61	0.00	Apr25	12.51
Nippon India Power & Infra Dir Gr	INF204K01I92	JSW Infrastructure Ltd	Industrials	43.32	0.61	0.00	May25	11.15
Nippon India Power & Infra Dir Gr	INF204K01I92	JSW Infrastructure Ltd	Industrials	43.32	0.61	0.00	June25	10.18
Nippon India Power & Infra Dir Gr	INF204K01I92	JSW Infrastructure Ltd	Industrials	43.32	0.61	0.00	July25	9.19
Nippon India Power & Infra Dir Gr	INF204K01I92	JSW Infrastructure Ltd	Industrials	43.32	0.61	0.00	Aug25	8.13
Nippon India Power & Infra Dir Gr	INF204K01I92	GE Vernova T&D India Ltd	Industrials	42.54	0.60	-60.07	Oct24	5.55
Nippon India Power & Infra Dir Gr	INF204K01I92	GE Vernova T&D India Ltd	Industrials	42.54	0.60	-60.07	Nov24	7.52
Nippon India Power & Infra Dir Gr	INF204K01I92	GE Vernova T&D India Ltd	Industrials	42.54	0.60	-60.07	Dec24	3.56
Nippon India Power & Infra Dir Gr	INF204K01I92	GE Vernova T&D India Ltd	Industrials	42.54	0.60	-60.07	Jan25	5.32
Nippon India Power & Infra Dir Gr	INF204K01I92	GE Vernova T&D India Ltd	Industrials	42.54	0.60	-60.07	Feb25	5.59
Nippon India Power & Infra Dir Gr	INF204K01I92	GE Vernova T&D India Ltd	Industrials	42.54	0.60	-60.07	Mar25	15.51
Nippon India Power & Infra Dir Gr	INF204K01I92	GE Vernova T&D India Ltd	Industrials	42.54	0.60	-60.07	Mar25	15.51
Nippon India Power & Infra Dir Gr	INF204K01I92	GE Vernova T&D India Ltd	Industrials	42.54	0.60	-60.07	Apr25	12.51
Nippon India Power & Infra Dir Gr	INF204K01I92	GE Vernova T&D India Ltd	Industrials	42.54	0.60	-60.07	May25	11.15
Nippon India Power & Infra Dir Gr	INF204K01I92	GE Vernova T&D India Ltd	Industrials	42.54	0.60	-60.07	June25	10.18
Nippon India Power & Infra Dir Gr	INF204K01I92	GE Vernova T&D India Ltd	Industrials	42.54	0.60	-60.07	July25	9.19
Nippon India Power & Infra Dir Gr	INF204K01I92	GE Vernova T&D India Ltd	Industrials	42.54	0.60	-60.07	Aug25	8.13
Nippon India Power & Infra Dir Gr	INF204K01I92	Tata Steel Ltd	Basic Materials	42.47	0.60	33.33	Oct24	5.55
Nippon India Power & Infra Dir Gr	INF204K01I92	Tata Steel Ltd	Basic Materials	42.47	0.60	33.33	Nov24	7.52
Nippon India Power & Infra Dir Gr	INF204K01I92	Tata Steel Ltd	Basic Materials	42.47	0.60	33.33	Dec24	3.56
Nippon India Power & Infra Dir Gr	INF204K01I92	Tata Steel Ltd	Basic Materials	42.47	0.60	33.33	Jan25	5.32
Nippon India Power & Infra Dir Gr	INF204K01I92	Tata Steel Ltd	Basic Materials	42.47	0.60	33.33	Feb25	5.59
Nippon India Power & Infra Dir Gr	INF204K01I92	Tata Steel Ltd	Basic Materials	42.47	0.60	33.33	Mar25	15.51
Nippon India Power & Infra Dir Gr	INF204K01I92	Tata Steel Ltd	Basic Materials	42.47	0.60	33.33	Mar25	15.51
Nippon India Power & Infra Dir Gr	INF204K01I92	Tata Steel Ltd	Basic Materials	42.47	0.60	33.33	Apr25	12.51
Nippon India Power & Infra Dir Gr	INF204K01I92	Tata Steel Ltd	Basic Materials	42.47	0.60	33.33	May25	11.15
Nippon India Power & Infra Dir Gr	INF204K01I92	Tata Steel Ltd	Basic Materials	42.47	0.60	33.33	June25	10.18
Nippon India Power & Infra Dir Gr	INF204K01I92	Tata Steel Ltd	Basic Materials	42.47	0.60	33.33	July25	9.19
Nippon India Power & Infra Dir Gr	INF204K01I92	Tata Steel Ltd	Basic Materials	42.47	0.60	33.33	Aug25	8.13
Nippon India Power & Infra Dir Gr	INF204K01I92	Schaeffler India Ltd	Consumer Cyclical	42.24	0.59	5.44	Oct24	5.55
Nippon India Power & Infra Dir Gr	INF204K01I92	Schaeffler India Ltd	Consumer Cyclical	42.24	0.59	5.44	Nov24	7.52
Nippon India Power & Infra Dir Gr	INF204K01I92	Schaeffler India Ltd	Consumer Cyclical	42.24	0.59	5.44	Dec24	3.56
Nippon India Power & Infra Dir Gr	INF204K01I92	Schaeffler India Ltd	Consumer Cyclical	42.24	0.59	5.44	Jan25	5.32
Nippon India Power & Infra Dir Gr	INF204K01I92	Schaeffler India Ltd	Consumer Cyclical	42.24	0.59	5.44	Feb25	5.59
Nippon India Power & Infra Dir Gr	INF204K01I92	Schaeffler India Ltd	Consumer Cyclical	42.24	0.59	5.44	Mar25	15.51
Nippon India Power & Infra Dir Gr	INF204K01I92	Schaeffler India Ltd	Consumer Cyclical	42.24	0.59	5.44	Mar25	15.51
Nippon India Power & Infra Dir Gr	INF204K01I92	Schaeffler India Ltd	Consumer Cyclical	42.24	0.59	5.44	Apr25	12.51
Nippon India Power & Infra Dir Gr	INF204K01I92	Schaeffler India Ltd	Consumer Cyclical	42.24	0.59	5.44	May25	11.15
Nippon India Power & Infra Dir Gr	INF204K01I92	Schaeffler India Ltd	Consumer Cyclical	42.24	0.59	5.44	June25	10.18
Nippon India Power & Infra Dir Gr	INF204K01I92	Schaeffler India Ltd	Consumer Cyclical	42.24	0.59	5.44	July25	9.19
Nippon India Power & Infra Dir Gr	INF204K01I92	Schaeffler India Ltd	Consumer Cyclical	42.24	0.59	5.44	Aug25	8.13
Nippon India Power & Infra Dir Gr	INF204K01I92	Can Fin Homes Ltd	Financial Services	38.02	0.53	0.00	Oct24	5.55
Nippon India Power & Infra Dir Gr	INF204K01I92	Can Fin Homes Ltd	Financial Services	38.02	0.53	0.00	Nov24	7.52
Nippon India Power & Infra Dir Gr	INF204K01I92	Can Fin Homes Ltd	Financial Services	38.02	0.53	0.00	Dec24	3.56
Nippon India Power & Infra Dir Gr	INF204K01I92	Can Fin Homes Ltd	Financial Services	38.02	0.53	0.00	Jan25	5.32
Nippon India Power & Infra Dir Gr	INF204K01I92	Can Fin Homes Ltd	Financial Services	38.02	0.53	0.00	Feb25	5.59
Nippon India Power & Infra Dir Gr	INF204K01I92	Can Fin Homes Ltd	Financial Services	38.02	0.53	0.00	Mar25	15.51
Nippon India Power & Infra Dir Gr	INF204K01I92	Can Fin Homes Ltd	Financial Services	38.02	0.53	0.00	Mar25	15.51
Nippon India Power & Infra Dir Gr	INF204K01I92	Can Fin Homes Ltd	Financial Services	38.02	0.53	0.00	Apr25	12.51
Nippon India Power & Infra Dir Gr	INF204K01I92	Can Fin Homes Ltd	Financial Services	38.02	0.53	0.00	May25	11.15
Nippon India Power & Infra Dir Gr	INF204K01I92	Can Fin Homes Ltd	Financial Services	38.02	0.53	0.00	June25	10.18
Nippon India Power & Infra Dir Gr	INF204K01I92	Can Fin Homes Ltd	Financial Services	38.02	0.53	0.00	July25	9.19
Nippon India Power & Infra Dir Gr	INF204K01I92	Can Fin Homes Ltd	Financial Services	38.02	0.53	0.00	Aug25	8.13
Nippon India Power & Infra Dir Gr	INF204K01I92	Data Patterns (India) Ltd	Industrials	37.31	0.52	157.16	Oct24	5.55
Nippon India Power & Infra Dir Gr	INF204K01I92	Data Patterns (India) Ltd	Industrials	37.31	0.52	157.16	Nov24	7.52
Nippon India Power & Infra Dir Gr	INF204K01I92	Data Patterns (India) Ltd	Industrials	37.31	0.52	157.16	Dec24	3.56
Nippon India Power & Infra Dir Gr	INF204K01I92	Data Patterns (India) Ltd	Industrials	37.31	0.52	157.16	Jan25	5.32
Nippon India Power & Infra Dir Gr	INF204K01I92	Data Patterns (India) Ltd	Industrials	37.31	0.52	157.16	Feb25	5.59
Nippon India Power & Infra Dir Gr	INF204K01I92	Data Patterns (India) Ltd	Industrials	37.31	0.52	157.16	Mar25	15.51
Nippon India Power & Infra Dir Gr	INF204K01I92	Data Patterns (India) Ltd	Industrials	37.31	0.52	157.16	Mar25	15.51
Nippon India Power & Infra Dir Gr	INF204K01I92	Data Patterns (India) Ltd	Industrials	37.31	0.52	157.16	Apr25	12.51
Nippon India Power & Infra Dir Gr	INF204K01I92	Data Patterns (India) Ltd	Industrials	37.31	0.52	157.16	May25	11.15
Nippon India Power & Infra Dir Gr	INF204K01I92	Data Patterns (India) Ltd	Industrials	37.31	0.52	157.16	June25	10.18
Nippon India Power & Infra Dir Gr	INF204K01I92	Data Patterns (India) Ltd	Industrials	37.31	0.52	157.16	July25	9.19
Nippon India Power & Infra Dir Gr	INF204K01I92	Data Patterns (India) Ltd	Industrials	37.31	0.52	157.16	Aug25	8.13
Nippon India Power & Infra Dir Gr	INF204K01I92	Afcons Infrastructure Ltd	Industrials	36.90	0.52	0.00	Oct24	5.55
Nippon India Power & Infra Dir Gr	INF204K01I92	Afcons Infrastructure Ltd	Industrials	36.90	0.52	0.00	Nov24	7.52
Nippon India Power & Infra Dir Gr	INF204K01I92	Afcons Infrastructure Ltd	Industrials	36.90	0.52	0.00	Dec24	3.56
Nippon India Power & Infra Dir Gr	INF204K01I92	Afcons Infrastructure Ltd	Industrials	36.90	0.52	0.00	Jan25	5.32
Nippon India Power & Infra Dir Gr	INF204K01I92	Afcons Infrastructure Ltd	Industrials	36.90	0.52	0.00	Feb25	5.59
Nippon India Power & Infra Dir Gr	INF204K01I92	Afcons Infrastructure Ltd	Industrials	36.90	0.52	0.00	Mar25	15.51
Nippon India Power & Infra Dir Gr	INF204K01I92	Afcons Infrastructure Ltd	Industrials	36.90	0.52	0.00	Mar25	15.51
Nippon India Power & Infra Dir Gr	INF204K01I92	Afcons Infrastructure Ltd	Industrials	36.90	0.52	0.00	Apr25	12.51
Nippon India Power & Infra Dir Gr	INF204K01I92	Afcons Infrastructure Ltd	Industrials	36.90	0.52	0.00	May25	11.15
Nippon India Power & Infra Dir Gr	INF204K01I92	Afcons Infrastructure Ltd	Industrials	36.90	0.52	0.00	June25	10.18
Nippon India Power & Infra Dir Gr	INF204K01I92	Afcons Infrastructure Ltd	Industrials	36.90	0.52	0.00	July25	9.19
Nippon India Power & Infra Dir Gr	INF204K01I92	Afcons Infrastructure Ltd	Industrials	36.90	0.52	0.00	Aug25	8.13
Nippon India Power & Infra Dir Gr	INF204K01I92	Dixon Technologies (India) Ltd	Technology	36.85	0.52		Oct24	5.55
Nippon India Power & Infra Dir Gr	INF204K01I92	Dixon Technologies (India) Ltd	Technology	36.85	0.52		Nov24	7.52
Nippon India Power & Infra Dir Gr	INF204K01I92	Dixon Technologies (India) Ltd	Technology	36.85	0.52		Dec24	3.56
Nippon India Power & Infra Dir Gr	INF204K01I92	Dixon Technologies (India) Ltd	Technology	36.85	0.52		Jan25	5.32
Nippon India Power & Infra Dir Gr	INF204K01I92	Dixon Technologies (India) Ltd	Technology	36.85	0.52		Feb25	5.59
Nippon India Power & Infra Dir Gr	INF204K01I92	Dixon Technologies (India) Ltd	Technology	36.85	0.52		Mar25	15.51
Nippon India Power & Infra Dir Gr	INF204K01I92	Dixon Technologies (India) Ltd	Technology	36.85	0.52		Mar25	15.51
Nippon India Power & Infra Dir Gr	INF204K01I92	Dixon Technologies (India) Ltd	Technology	36.85	0.52		Apr25	12.51
Nippon India Power & Infra Dir Gr	INF204K01I92	Dixon Technologies (India) Ltd	Technology	36.85	0.52		May25	11.15
Nippon India Power & Infra Dir Gr	INF204K01I92	Dixon Technologies (India) Ltd	Technology	36.85	0.52		June25	10.18
Nippon India Power & Infra Dir Gr	INF204K01I92	Dixon Technologies (India) Ltd	Technology	36.85	0.52		July25	9.19
Nippon India Power & Infra Dir Gr	INF204K01I92	Dixon Technologies (India) Ltd	Technology	36.85	0.52		Aug25	8.13
Nippon India Power & Infra Dir Gr	INF204K01I92	Grasim Industries Ltd	Basic Materials	36.53	0.51	-46.41	Oct24	5.55
Nippon India Power & Infra Dir Gr	INF204K01I92	Grasim Industries Ltd	Basic Materials	36.53	0.51	-46.41	Nov24	7.52
Nippon India Power & Infra Dir Gr	INF204K01I92	Grasim Industries Ltd	Basic Materials	36.53	0.51	-46.41	Dec24	3.56
Nippon India Power & Infra Dir Gr	INF204K01I92	Grasim Industries Ltd	Basic Materials	36.53	0.51	-46.41	Jan25	5.32
Nippon India Power & Infra Dir Gr	INF204K01I92	Grasim Industries Ltd	Basic Materials	36.53	0.51	-46.41	Feb25	5.59
Nippon India Power & Infra Dir Gr	INF204K01I92	Grasim Industries Ltd	Basic Materials	36.53	0.51	-46.41	Mar25	15.51
Nippon India Power & Infra Dir Gr	INF204K01I92	Grasim Industries Ltd	Basic Materials	36.53	0.51	-46.41	Mar25	15.51
Nippon India Power & Infra Dir Gr	INF204K01I92	Grasim Industries Ltd	Basic Materials	36.53	0.51	-46.41	Apr25	12.51
Nippon India Power & Infra Dir Gr	INF204K01I92	Grasim Industries Ltd	Basic Materials	36.53	0.51	-46.41	May25	11.15
Nippon India Power & Infra Dir Gr	INF204K01I92	Grasim Industries Ltd	Basic Materials	36.53	0.51	-46.41	June25	10.18
Nippon India Power & Infra Dir Gr	INF204K01I92	Grasim Industries Ltd	Basic Materials	36.53	0.51	-46.41	July25	9.19
Nippon India Power & Infra Dir Gr	INF204K01I92	Grasim Industries Ltd	Basic Materials	36.53	0.51	-46.41	Aug25	8.13
Nippon India Power & Infra Dir Gr	INF204K01I92	Tata Motors Ltd	Consumer Cyclical	35.37	0.50	-22.22	Oct24	5.55
Nippon India Power & Infra Dir Gr	INF204K01I92	Tata Motors Ltd	Consumer Cyclical	35.37	0.50	-22.22	Nov24	7.52
Nippon India Power & Infra Dir Gr	INF204K01I92	Tata Motors Ltd	Consumer Cyclical	35.37	0.50	-22.22	Dec24	3.56
Nippon India Power & Infra Dir Gr	INF204K01I92	Tata Motors Ltd	Consumer Cyclical	35.37	0.50	-22.22	Jan25	5.32
Nippon India Power & Infra Dir Gr	INF204K01I92	Tata Motors Ltd	Consumer Cyclical	35.37	0.50	-22.22	Feb25	5.59
Nippon India Power & Infra Dir Gr	INF204K01I92	Tata Motors Ltd	Consumer Cyclical	35.37	0.50	-22.22	Mar25	15.51
Nippon India Power & Infra Dir Gr	INF204K01I92	Tata Motors Ltd	Consumer Cyclical	35.37	0.50	-22.22	Mar25	15.51
Nippon India Power & Infra Dir Gr	INF204K01I92	Tata Motors Ltd	Consumer Cyclical	35.37	0.50	-22.22	Apr25	12.51
Nippon India Power & Infra Dir Gr	INF204K01I92	Tata Motors Ltd	Consumer Cyclical	35.37	0.50	-22.22	May25	11.15
Nippon India Power & Infra Dir Gr	INF204K01I92	Tata Motors Ltd	Consumer Cyclical	35.37	0.50	-22.22	June25	10.18
Nippon India Power & Infra Dir Gr	INF204K01I92	Tata Motors Ltd	Consumer Cyclical	35.37	0.50	-22.22	July25	9.19
Nippon India Power & Infra Dir Gr	INF204K01I92	Tata Motors Ltd	Consumer Cyclical	35.37	0.50	-22.22	Aug25	8.13
Nippon India Power & Infra Dir Gr	INF204K01I92	Torrent Power Ltd	Utilities	34.74	0.49	0.00	Oct24	5.55
Nippon India Power & Infra Dir Gr	INF204K01I92	Torrent Power Ltd	Utilities	34.74	0.49	0.00	Nov24	7.52
Nippon India Power & Infra Dir Gr	INF204K01I92	Torrent Power Ltd	Utilities	34.74	0.49	0.00	Dec24	3.56
Nippon India Power & Infra Dir Gr	INF204K01I92	Torrent Power Ltd	Utilities	34.74	0.49	0.00	Jan25	5.32
Nippon India Power & Infra Dir Gr	INF204K01I92	Torrent Power Ltd	Utilities	34.74	0.49	0.00	Feb25	5.59
Nippon India Power & Infra Dir Gr	INF204K01I92	Torrent Power Ltd	Utilities	34.74	0.49	0.00	Mar25	15.51
Nippon India Power & Infra Dir Gr	INF204K01I92	Torrent Power Ltd	Utilities	34.74	0.49	0.00	Mar25	15.51
Nippon India Power & Infra Dir Gr	INF204K01I92	Torrent Power Ltd	Utilities	34.74	0.49	0.00	Apr25	12.51
Nippon India Power & Infra Dir Gr	INF204K01I92	Torrent Power Ltd	Utilities	34.74	0.49	0.00	May25	11.15
Nippon India Power & Infra Dir Gr	INF204K01I92	Torrent Power Ltd	Utilities	34.74	0.49	0.00	June25	10.18
Nippon India Power & Infra Dir Gr	INF204K01I92	Torrent Power Ltd	Utilities	34.74	0.49	0.00	July25	9.19
Nippon India Power & Infra Dir Gr	INF204K01I92	Torrent Power Ltd	Utilities	34.74	0.49	0.00	Aug25	8.13
Nippon India Power & Infra Dir Gr	INF204K01I92	Fujiyama Power Systems Ltd	Technology	32.73	0.46	0.00	Oct24	5.55
Nippon India Power & Infra Dir Gr	INF204K01I92	Fujiyama Power Systems Ltd	Technology	32.73	0.46	0.00	Nov24	7.52
Nippon India Power & Infra Dir Gr	INF204K01I92	Fujiyama Power Systems Ltd	Technology	32.73	0.46	0.00	Dec24	3.56
Nippon India Power & Infra Dir Gr	INF204K01I92	Fujiyama Power Systems Ltd	Technology	32.73	0.46	0.00	Jan25	5.32
Nippon India Power & Infra Dir Gr	INF204K01I92	Fujiyama Power Systems Ltd	Technology	32.73	0.46	0.00	Feb25	5.59
Nippon India Power & Infra Dir Gr	INF204K01I92	Fujiyama Power Systems Ltd	Technology	32.73	0.46	0.00	Mar25	15.51
Nippon India Power & Infra Dir Gr	INF204K01I92	Fujiyama Power Systems Ltd	Technology	32.73	0.46	0.00	Mar25	15.51
Nippon India Power & Infra Dir Gr	INF204K01I92	Fujiyama Power Systems Ltd	Technology	32.73	0.46	0.00	Apr25	12.51
Nippon India Power & Infra Dir Gr	INF204K01I92	Fujiyama Power Systems Ltd	Technology	32.73	0.46	0.00	May25	11.15
Nippon India Power & Infra Dir Gr	INF204K01I92	Fujiyama Power Systems Ltd	Technology	32.73	0.46	0.00	June25	10.18
Nippon India Power & Infra Dir Gr	INF204K01I92	Fujiyama Power Systems Ltd	Technology	32.73	0.46	0.00	July25	9.19
Nippon India Power & Infra Dir Gr	INF204K01I92	Fujiyama Power Systems Ltd	Technology	32.73	0.46	0.00	Aug25	8.13
Nippon India Power & Infra Dir Gr	INF204K01I92	KEC International Ltd	Industrials	31.80	0.45	0.00	Oct24	5.55
Nippon India Power & Infra Dir Gr	INF204K01I92	KEC International Ltd	Industrials	31.80	0.45	0.00	Nov24	7.52
Nippon India Power & Infra Dir Gr	INF204K01I92	KEC International Ltd	Industrials	31.80	0.45	0.00	Dec24	3.56
Nippon India Power & Infra Dir Gr	INF204K01I92	KEC International Ltd	Industrials	31.80	0.45	0.00	Jan25	5.32
Nippon India Power & Infra Dir Gr	INF204K01I92	KEC International Ltd	Industrials	31.80	0.45	0.00	Feb25	5.59
Nippon India Power & Infra Dir Gr	INF204K01I92	KEC International Ltd	Industrials	31.80	0.45	0.00	Mar25	15.51
Nippon India Power & Infra Dir Gr	INF204K01I92	KEC International Ltd	Industrials	31.80	0.45	0.00	Mar25	15.51
Nippon India Power & Infra Dir Gr	INF204K01I92	KEC International Ltd	Industrials	31.80	0.45	0.00	Apr25	12.51
Nippon India Power & Infra Dir Gr	INF204K01I92	KEC International Ltd	Industrials	31.80	0.45	0.00	May25	11.15
Nippon India Power & Infra Dir Gr	INF204K01I92	KEC International Ltd	Industrials	31.80	0.45	0.00	June25	10.18
Nippon India Power & Infra Dir Gr	INF204K01I92	KEC International Ltd	Industrials	31.80	0.45	0.00	July25	9.19
Nippon India Power & Infra Dir Gr	INF204K01I92	KEC International Ltd	Industrials	31.80	0.45	0.00	Aug25	8.13
Nippon India Power & Infra Dir Gr	INF204K01I92	JSW Energy Ltd	Utilities	31.26	0.44	0.00	Oct24	5.55
Nippon India Power & Infra Dir Gr	INF204K01I92	JSW Energy Ltd	Utilities	31.26	0.44	0.00	Nov24	7.52
Nippon India Power & Infra Dir Gr	INF204K01I92	JSW Energy Ltd	Utilities	31.26	0.44	0.00	Dec24	3.56
Nippon India Power & Infra Dir Gr	INF204K01I92	JSW Energy Ltd	Utilities	31.26	0.44	0.00	Jan25	5.32
Nippon India Power & Infra Dir Gr	INF204K01I92	JSW Energy Ltd	Utilities	31.26	0.44	0.00	Feb25	5.59
Nippon India Power & Infra Dir Gr	INF204K01I92	JSW Energy Ltd	Utilities	31.26	0.44	0.00	Mar25	15.51
Nippon India Power & Infra Dir Gr	INF204K01I92	JSW Energy Ltd	Utilities	31.26	0.44	0.00	Mar25	15.51
Nippon India Power & Infra Dir Gr	INF204K01I92	JSW Energy Ltd	Utilities	31.26	0.44	0.00	Apr25	12.51
Nippon India Power & Infra Dir Gr	INF204K01I92	JSW Energy Ltd	Utilities	31.26	0.44	0.00	May25	11.15
Nippon India Power & Infra Dir Gr	INF204K01I92	JSW Energy Ltd	Utilities	31.26	0.44	0.00	June25	10.18
Nippon India Power & Infra Dir Gr	INF204K01I92	JSW Energy Ltd	Utilities	31.26	0.44	0.00	July25	9.19
Nippon India Power & Infra Dir Gr	INF204K01I92	JSW Energy Ltd	Utilities	31.26	0.44	0.00	Aug25	8.13
Nippon India Power & Infra Dir Gr	INF204K01I92	KEI Industries Ltd	Industrials	30.48	0.43	-40.00	Oct24	5.55
Nippon India Power & Infra Dir Gr	INF204K01I92	KEI Industries Ltd	Industrials	30.48	0.43	-40.00	Nov24	7.52
Nippon India Power & Infra Dir Gr	INF204K01I92	KEI Industries Ltd	Industrials	30.48	0.43	-40.00	Dec24	3.56
Nippon India Power & Infra Dir Gr	INF204K01I92	KEI Industries Ltd	Industrials	30.48	0.43	-40.00	Jan25	5.32
Nippon India Power & Infra Dir Gr	INF204K01I92	KEI Industries Ltd	Industrials	30.48	0.43	-40.00	Feb25	5.59
Nippon India Power & Infra Dir Gr	INF204K01I92	KEI Industries Ltd	Industrials	30.48	0.43	-40.00	Mar25	15.51
Nippon India Power & Infra Dir Gr	INF204K01I92	KEI Industries Ltd	Industrials	30.48	0.43	-40.00	Mar25	15.51
Nippon India Power & Infra Dir Gr	INF204K01I92	KEI Industries Ltd	Industrials	30.48	0.43	-40.00	Apr25	12.51
Nippon India Power & Infra Dir Gr	INF204K01I92	KEI Industries Ltd	Industrials	30.48	0.43	-40.00	May25	11.15
Nippon India Power & Infra Dir Gr	INF204K01I92	KEI Industries Ltd	Industrials	30.48	0.43	-40.00	June25	10.18
Nippon India Power & Infra Dir Gr	INF204K01I92	KEI Industries Ltd	Industrials	30.48	0.43	-40.00	July25	9.19
Nippon India Power & Infra Dir Gr	INF204K01I92	KEI Industries Ltd	Industrials	30.48	0.43	-40.00	Aug25	8.13
Nippon India Power & Infra Dir Gr	INF204K01I92	Aequs Ltd	Industrials	28.21	0.40	17.71	Oct24	5.55
Nippon India Power & Infra Dir Gr	INF204K01I92	Aequs Ltd	Industrials	28.21	0.40	17.71	Nov24	7.52
Nippon India Power & Infra Dir Gr	INF204K01I92	Aequs Ltd	Industrials	28.21	0.40	17.71	Dec24	3.56
Nippon India Power & Infra Dir Gr	INF204K01I92	Aequs Ltd	Industrials	28.21	0.40	17.71	Jan25	5.32
Nippon India Power & Infra Dir Gr	INF204K01I92	Aequs Ltd	Industrials	28.21	0.40	17.71	Feb25	5.59
Nippon India Power & Infra Dir Gr	INF204K01I92	Aequs Ltd	Industrials	28.21	0.40	17.71	Mar25	15.51
Nippon India Power & Infra Dir Gr	INF204K01I92	Aequs Ltd	Industrials	28.21	0.40	17.71	Mar25	15.51
Nippon India Power & Infra Dir Gr	INF204K01I92	Aequs Ltd	Industrials	28.21	0.40	17.71	Apr25	12.51
Nippon India Power & Infra Dir Gr	INF204K01I92	Aequs Ltd	Industrials	28.21	0.40	17.71	May25	11.15
Nippon India Power & Infra Dir Gr	INF204K01I92	Aequs Ltd	Industrials	28.21	0.40	17.71	June25	10.18
Nippon India Power & Infra Dir Gr	INF204K01I92	Aequs Ltd	Industrials	28.21	0.40	17.71	July25	9.19
Nippon India Power & Infra Dir Gr	INF204K01I92	Aequs Ltd	Industrials	28.21	0.40	17.71	Aug25	8.13
Nippon India Power & Infra Dir Gr	INF204K01I92	Shriram Finance Ltd	Financial Services	26.99	0.38	0.00	Oct24	5.55
Nippon India Power & Infra Dir Gr	INF204K01I92	Shriram Finance Ltd	Financial Services	26.99	0.38	0.00	Nov24	7.52
Nippon India Power & Infra Dir Gr	INF204K01I92	Shriram Finance Ltd	Financial Services	26.99	0.38	0.00	Dec24	3.56
Nippon India Power & Infra Dir Gr	INF204K01I92	Shriram Finance Ltd	Financial Services	26.99	0.38	0.00	Jan25	5.32
Nippon India Power & Infra Dir Gr	INF204K01I92	Shriram Finance Ltd	Financial Services	26.99	0.38	0.00	Feb25	5.59
Nippon India Power & Infra Dir Gr	INF204K01I92	Shriram Finance Ltd	Financial Services	26.99	0.38	0.00	Mar25	15.51
Nippon India Power & Infra Dir Gr	INF204K01I92	Shriram Finance Ltd	Financial Services	26.99	0.38	0.00	Mar25	15.51
Nippon India Power & Infra Dir Gr	INF204K01I92	Shriram Finance Ltd	Financial Services	26.99	0.38	0.00	Apr25	12.51
Nippon India Power & Infra Dir Gr	INF204K01I92	Shriram Finance Ltd	Financial Services	26.99	0.38	0.00	May25	11.15
Nippon India Power & Infra Dir Gr	INF204K01I92	Shriram Finance Ltd	Financial Services	26.99	0.38	0.00	June25	10.18
Nippon India Power & Infra Dir Gr	INF204K01I92	Shriram Finance Ltd	Financial Services	26.99	0.38	0.00	July25	9.19
Nippon India Power & Infra Dir Gr	INF204K01I92	Shriram Finance Ltd	Financial Services	26.99	0.38	0.00	Aug25	8.13
Nippon India Power & Infra Dir Gr	INF204K01I92	Crompton Greaves Consumer Electricals Ltd	Consumer Cyclical	25.79	0.36	0.00	Oct24	5.55
Nippon India Power & Infra Dir Gr	INF204K01I92	Crompton Greaves Consumer Electricals Ltd	Consumer Cyclical	25.79	0.36	0.00	Nov24	7.52
Nippon India Power & Infra Dir Gr	INF204K01I92	Crompton Greaves Consumer Electricals Ltd	Consumer Cyclical	25.79	0.36	0.00	Dec24	3.56
Nippon India Power & Infra Dir Gr	INF204K01I92	Crompton Greaves Consumer Electricals Ltd	Consumer Cyclical	25.79	0.36	0.00	Jan25	5.32
Nippon India Power & Infra Dir Gr	INF204K01I92	Crompton Greaves Consumer Electricals Ltd	Consumer Cyclical	25.79	0.36	0.00	Feb25	5.59
Nippon India Power & Infra Dir Gr	INF204K01I92	Crompton Greaves Consumer Electricals Ltd	Consumer Cyclical	25.79	0.36	0.00	Mar25	15.51
Nippon India Power & Infra Dir Gr	INF204K01I92	Crompton Greaves Consumer Electricals Ltd	Consumer Cyclical	25.79	0.36	0.00	Mar25	15.51
Nippon India Power & Infra Dir Gr	INF204K01I92	Crompton Greaves Consumer Electricals Ltd	Consumer Cyclical	25.79	0.36	0.00	Apr25	12.51
Nippon India Power & Infra Dir Gr	INF204K01I92	Crompton Greaves Consumer Electricals Ltd	Consumer Cyclical	25.79	0.36	0.00	May25	11.15
Nippon India Power & Infra Dir Gr	INF204K01I92	Crompton Greaves Consumer Electricals Ltd	Consumer Cyclical	25.79	0.36	0.00	June25	10.18
Nippon India Power & Infra Dir Gr	INF204K01I92	Crompton Greaves Consumer Electricals Ltd	Consumer Cyclical	25.79	0.36	0.00	July25	9.19
Nippon India Power & Infra Dir Gr	INF204K01I92	Crompton Greaves Consumer Electricals Ltd	Consumer Cyclical	25.79	0.36	0.00	Aug25	8.13
Nippon India Power & Infra Dir Gr	INF204K01I92	Steel Authority Of India Ltd	Basic Materials	24.86	0.35	0.00	Oct24	5.55
Nippon India Power & Infra Dir Gr	INF204K01I92	Steel Authority Of India Ltd	Basic Materials	24.86	0.35	0.00	Nov24	7.52
Nippon India Power & Infra Dir Gr	INF204K01I92	Steel Authority Of India Ltd	Basic Materials	24.86	0.35	0.00	Dec24	3.56
Nippon India Power & Infra Dir Gr	INF204K01I92	Steel Authority Of India Ltd	Basic Materials	24.86	0.35	0.00	Jan25	5.32
Nippon India Power & Infra Dir Gr	INF204K01I92	Steel Authority Of India Ltd	Basic Materials	24.86	0.35	0.00	Feb25	5.59
Nippon India Power & Infra Dir Gr	INF204K01I92	Steel Authority Of India Ltd	Basic Materials	24.86	0.35	0.00	Mar25	15.51
Nippon India Power & Infra Dir Gr	INF204K01I92	Steel Authority Of India Ltd	Basic Materials	24.86	0.35	0.00	Mar25	15.51
Nippon India Power & Infra Dir Gr	INF204K01I92	Steel Authority Of India Ltd	Basic Materials	24.86	0.35	0.00	Apr25	12.51
Nippon India Power & Infra Dir Gr	INF204K01I92	Steel Authority Of India Ltd	Basic Materials	24.86	0.35	0.00	May25	11.15
Nippon India Power & Infra Dir Gr	INF204K01I92	Steel Authority Of India Ltd	Basic Materials	24.86	0.35	0.00	June25	10.18
Nippon India Power & Infra Dir Gr	INF204K01I92	Steel Authority Of India Ltd	Basic Materials	24.86	0.35	0.00	July25	9.19
Nippon India Power & Infra Dir Gr	INF204K01I92	Steel Authority Of India Ltd	Basic Materials	24.86	0.35	0.00	Aug25	8.13
Nippon India Power & Infra Dir Gr	INF204K01I92	Coal India Ltd	Energy	24.36	0.34	0.00	Oct24	5.55
Nippon India Power & Infra Dir Gr	INF204K01I92	Coal India Ltd	Energy	24.36	0.34	0.00	Nov24	7.52
Nippon India Power & Infra Dir Gr	INF204K01I92	Coal India Ltd	Energy	24.36	0.34	0.00	Dec24	3.56
Nippon India Power & Infra Dir Gr	INF204K01I92	Coal India Ltd	Energy	24.36	0.34	0.00	Jan25	5.32
Nippon India Power & Infra Dir Gr	INF204K01I92	Coal India Ltd	Energy	24.36	0.34	0.00	Feb25	5.59
Nippon India Power & Infra Dir Gr	INF204K01I92	Coal India Ltd	Energy	24.36	0.34	0.00	Mar25	15.51
Nippon India Power & Infra Dir Gr	INF204K01I92	Coal India Ltd	Energy	24.36	0.34	0.00	Mar25	15.51
Nippon India Power & Infra Dir Gr	INF204K01I92	Coal India Ltd	Energy	24.36	0.34	0.00	Apr25	12.51
Nippon India Power & Infra Dir Gr	INF204K01I92	Coal India Ltd	Energy	24.36	0.34	0.00	May25	11.15
Nippon India Power & Infra Dir Gr	INF204K01I92	Coal India Ltd	Energy	24.36	0.34	0.00	June25	10.18
Nippon India Power & Infra Dir Gr	INF204K01I92	Coal India Ltd	Energy	24.36	0.34	0.00	July25	9.19
Nippon India Power & Infra Dir Gr	INF204K01I92	Coal India Ltd	Energy	24.36	0.34	0.00	Aug25	8.13
Nippon India Power & Infra Dir Gr	INF204K01I92	ISGEC Heavy Engineering Ltd	Industrials	23.35	0.33	0.00	Oct24	5.55
Nippon India Power & Infra Dir Gr	INF204K01I92	ISGEC Heavy Engineering Ltd	Industrials	23.35	0.33	0.00	Nov24	7.52
Nippon India Power & Infra Dir Gr	INF204K01I92	ISGEC Heavy Engineering Ltd	Industrials	23.35	0.33	0.00	Dec24	3.56
Nippon India Power & Infra Dir Gr	INF204K01I92	ISGEC Heavy Engineering Ltd	Industrials	23.35	0.33	0.00	Jan25	5.32
Nippon India Power & Infra Dir Gr	INF204K01I92	ISGEC Heavy Engineering Ltd	Industrials	23.35	0.33	0.00	Feb25	5.59
Nippon India Power & Infra Dir Gr	INF204K01I92	ISGEC Heavy Engineering Ltd	Industrials	23.35	0.33	0.00	Mar25	15.51
Nippon India Power & Infra Dir Gr	INF204K01I92	ISGEC Heavy Engineering Ltd	Industrials	23.35	0.33	0.00	Mar25	15.51
Nippon India Power & Infra Dir Gr	INF204K01I92	ISGEC Heavy Engineering Ltd	Industrials	23.35	0.33	0.00	Apr25	12.51
Nippon India Power & Infra Dir Gr	INF204K01I92	ISGEC Heavy Engineering Ltd	Industrials	23.35	0.33	0.00	May25	11.15
Nippon India Power & Infra Dir Gr	INF204K01I92	ISGEC Heavy Engineering Ltd	Industrials	23.35	0.33	0.00	June25	10.18
Nippon India Power & Infra Dir Gr	INF204K01I92	ISGEC Heavy Engineering Ltd	Industrials	23.35	0.33	0.00	July25	9.19
Nippon India Power & Infra Dir Gr	INF204K01I92	ISGEC Heavy Engineering Ltd	Industrials	23.35	0.33	0.00	Aug25	8.13
Nippon India Power & Infra Dir Gr	INF204K01I92	Mishra Dhatu Nigam Ltd Ordinary Shares	Basic Materials	22.67	0.32	0.00	Oct24	5.55
Nippon India Power & Infra Dir Gr	INF204K01I92	Mishra Dhatu Nigam Ltd Ordinary Shares	Basic Materials	22.67	0.32	0.00	Nov24	7.52
Nippon India Power & Infra Dir Gr	INF204K01I92	Mishra Dhatu Nigam Ltd Ordinary Shares	Basic Materials	22.67	0.32	0.00	Dec24	3.56
Nippon India Power & Infra Dir Gr	INF204K01I92	Mishra Dhatu Nigam Ltd Ordinary Shares	Basic Materials	22.67	0.32	0.00	Jan25	5.32
Nippon India Power & Infra Dir Gr	INF204K01I92	Mishra Dhatu Nigam Ltd Ordinary Shares	Basic Materials	22.67	0.32	0.00	Feb25	5.59
Nippon India Power & Infra Dir Gr	INF204K01I92	Mishra Dhatu Nigam Ltd Ordinary Shares	Basic Materials	22.67	0.32	0.00	Mar25	15.51
Nippon India Power & Infra Dir Gr	INF204K01I92	Mishra Dhatu Nigam Ltd Ordinary Shares	Basic Materials	22.67	0.32	0.00	Mar25	15.51
Nippon India Power & Infra Dir Gr	INF204K01I92	Mishra Dhatu Nigam Ltd Ordinary Shares	Basic Materials	22.67	0.32	0.00	Apr25	12.51
Nippon India Power & Infra Dir Gr	INF204K01I92	Mishra Dhatu Nigam Ltd Ordinary Shares	Basic Materials	22.67	0.32	0.00	May25	11.15
Nippon India Power & Infra Dir Gr	INF204K01I92	Mishra Dhatu Nigam Ltd Ordinary Shares	Basic Materials	22.67	0.32	0.00	June25	10.18
Nippon India Power & Infra Dir Gr	INF204K01I92	Mishra Dhatu Nigam Ltd Ordinary Shares	Basic Materials	22.67	0.32	0.00	July25	9.19
Nippon India Power & Infra Dir Gr	INF204K01I92	Mishra Dhatu Nigam Ltd Ordinary Shares	Basic Materials	22.67	0.32	0.00	Aug25	8.13
Nippon India Power & Infra Dir Gr	INF204K01I92	Ellenbarrie Industrial Gases Ltd	Basic Materials	14.26	0.20	0.00	Oct24	5.55
Nippon India Power & Infra Dir Gr	INF204K01I92	Ellenbarrie Industrial Gases Ltd	Basic Materials	14.26	0.20	0.00	Nov24	7.52
Nippon India Power & Infra Dir Gr	INF204K01I92	Ellenbarrie Industrial Gases Ltd	Basic Materials	14.26	0.20	0.00	Dec24	3.56
Nippon India Power & Infra Dir Gr	INF204K01I92	Ellenbarrie Industrial Gases Ltd	Basic Materials	14.26	0.20	0.00	Jan25	5.32
Nippon India Power & Infra Dir Gr	INF204K01I92	Ellenbarrie Industrial Gases Ltd	Basic Materials	14.26	0.20	0.00	Feb25	5.59
Nippon India Power & Infra Dir Gr	INF204K01I92	Ellenbarrie Industrial Gases Ltd	Basic Materials	14.26	0.20	0.00	Mar25	15.51
Nippon India Power & Infra Dir Gr	INF204K01I92	Ellenbarrie Industrial Gases Ltd	Basic Materials	14.26	0.20	0.00	Mar25	15.51
Nippon India Power & Infra Dir Gr	INF204K01I92	Ellenbarrie Industrial Gases Ltd	Basic Materials	14.26	0.20	0.00	Apr25	12.51
Nippon India Power & Infra Dir Gr	INF204K01I92	Ellenbarrie Industrial Gases Ltd	Basic Materials	14.26	0.20	0.00	May25	11.15
Nippon India Power & Infra Dir Gr	INF204K01I92	Ellenbarrie Industrial Gases Ltd	Basic Materials	14.26	0.20	0.00	June25	10.18
Nippon India Power & Infra Dir Gr	INF204K01I92	Ellenbarrie Industrial Gases Ltd	Basic Materials	14.26	0.20	0.00	July25	9.19
Nippon India Power & Infra Dir Gr	INF204K01I92	Ellenbarrie Industrial Gases Ltd	Basic Materials	14.26	0.20	0.00	Aug25	8.13
Nippon India Power & Infra Dir Gr	INF204K01I92	Vikram Solar Ltd	Technology	10.48	0.15	0.00	Oct24	5.55
Nippon India Power & Infra Dir Gr	INF204K01I92	Vikram Solar Ltd	Technology	10.48	0.15	0.00	Nov24	7.52
Nippon India Power & Infra Dir Gr	INF204K01I92	Vikram Solar Ltd	Technology	10.48	0.15	0.00	Dec24	3.56
Nippon India Power & Infra Dir Gr	INF204K01I92	Vikram Solar Ltd	Technology	10.48	0.15	0.00	Jan25	5.32
Nippon India Power & Infra Dir Gr	INF204K01I92	Vikram Solar Ltd	Technology	10.48	0.15	0.00	Feb25	5.59
Nippon India Power & Infra Dir Gr	INF204K01I92	Vikram Solar Ltd	Technology	10.48	0.15	0.00	Mar25	15.51
Nippon India Power & Infra Dir Gr	INF204K01I92	Vikram Solar Ltd	Technology	10.48	0.15	0.00	Mar25	15.51
Nippon India Power & Infra Dir Gr	INF204K01I92	Vikram Solar Ltd	Technology	10.48	0.15	0.00	Apr25	12.51
Nippon India Power & Infra Dir Gr	INF204K01I92	Vikram Solar Ltd	Technology	10.48	0.15	0.00	May25	11.15
Nippon India Power & Infra Dir Gr	INF204K01I92	Vikram Solar Ltd	Technology	10.48	0.15	0.00	June25	10.18
Nippon India Power & Infra Dir Gr	INF204K01I92	Vikram Solar Ltd	Technology	10.48	0.15	0.00	July25	9.19
Nippon India Power & Infra Dir Gr	INF204K01I92	Vikram Solar Ltd	Technology	10.48	0.15	0.00	Aug25	8.13
Nippon India Power & Infra Dir Gr	INF204K01I92	Omnitech Engineering Ltd	Industrials	10.00	0.14		Oct24	5.55
Nippon India Power & Infra Dir Gr	INF204K01I92	Omnitech Engineering Ltd	Industrials	10.00	0.14		Nov24	7.52
Nippon India Power & Infra Dir Gr	INF204K01I92	Omnitech Engineering Ltd	Industrials	10.00	0.14		Dec24	3.56
Nippon India Power & Infra Dir Gr	INF204K01I92	Omnitech Engineering Ltd	Industrials	10.00	0.14		Jan25	5.32
Nippon India Power & Infra Dir Gr	INF204K01I92	Omnitech Engineering Ltd	Industrials	10.00	0.14		Feb25	5.59
Nippon India Power & Infra Dir Gr	INF204K01I92	Omnitech Engineering Ltd	Industrials	10.00	0.14		Mar25	15.51
Nippon India Power & Infra Dir Gr	INF204K01I92	Omnitech Engineering Ltd	Industrials	10.00	0.14		Mar25	15.51
Nippon India Power & Infra Dir Gr	INF204K01I92	Omnitech Engineering Ltd	Industrials	10.00	0.14		Apr25	12.51
Nippon India Power & Infra Dir Gr	INF204K01I92	Omnitech Engineering Ltd	Industrials	10.00	0.14		May25	11.15
Nippon India Power & Infra Dir Gr	INF204K01I92	Omnitech Engineering Ltd	Industrials	10.00	0.14		June25	10.18
Nippon India Power & Infra Dir Gr	INF204K01I92	Omnitech Engineering Ltd	Industrials	10.00	0.14		July25	9.19
Nippon India Power & Infra Dir Gr	INF204K01I92	Omnitech Engineering Ltd	Industrials	10.00	0.14		Aug25	8.13
Nippon India Power & Infra Dir Gr	INF204K01I92	Shadowfax Technologies Ltd	Industrials	9.07	0.13		Oct24	5.55
Nippon India Power & Infra Dir Gr	INF204K01I92	Shadowfax Technologies Ltd	Industrials	9.07	0.13		Nov24	7.52
Nippon India Power & Infra Dir Gr	INF204K01I92	Shadowfax Technologies Ltd	Industrials	9.07	0.13		Dec24	3.56
Nippon India Power & Infra Dir Gr	INF204K01I92	Shadowfax Technologies Ltd	Industrials	9.07	0.13		Jan25	5.32
Nippon India Power & Infra Dir Gr	INF204K01I92	Shadowfax Technologies Ltd	Industrials	9.07	0.13		Feb25	5.59
Nippon India Power & Infra Dir Gr	INF204K01I92	Shadowfax Technologies Ltd	Industrials	9.07	0.13		Mar25	15.51
Nippon India Power & Infra Dir Gr	INF204K01I92	Shadowfax Technologies Ltd	Industrials	9.07	0.13		Mar25	15.51
Nippon India Power & Infra Dir Gr	INF204K01I92	Shadowfax Technologies Ltd	Industrials	9.07	0.13		Apr25	12.51
Nippon India Power & Infra Dir Gr	INF204K01I92	Shadowfax Technologies Ltd	Industrials	9.07	0.13		May25	11.15
Nippon India Power & Infra Dir Gr	INF204K01I92	Shadowfax Technologies Ltd	Industrials	9.07	0.13		June25	10.18
Nippon India Power & Infra Dir Gr	INF204K01I92	Shadowfax Technologies Ltd	Industrials	9.07	0.13		July25	9.19
Nippon India Power & Infra Dir Gr	INF204K01I92	Shadowfax Technologies Ltd	Industrials	9.07	0.13		Aug25	8.13
Nippon India Power & Infra Dir Gr	INF204K01I92	Net Current Assets		-5.56	0.08		Oct24	5.55
Nippon India Power & Infra Dir Gr	INF204K01I92	Net Current Assets		-5.56	0.08		Nov24	7.52
Nippon India Power & Infra Dir Gr	INF204K01I92	Net Current Assets		-5.56	0.08		Dec24	3.56
Nippon India Power & Infra Dir Gr	INF204K01I92	Net Current Assets		-5.56	0.08		Jan25	5.32
Nippon India Power & Infra Dir Gr	INF204K01I92	Net Current Assets		-5.56	0.08		Feb25	5.59
Nippon India Power & Infra Dir Gr	INF204K01I92	Net Current Assets		-5.56	0.08		Mar25	15.51
Nippon India Power & Infra Dir Gr	INF204K01I92	Net Current Assets		-5.56	0.08		Mar25	15.51
Nippon India Power & Infra Dir Gr	INF204K01I92	Net Current Assets		-5.56	0.08		Apr25	12.51
Nippon India Power & Infra Dir Gr	INF204K01I92	Net Current Assets		-5.56	0.08		May25	11.15
Nippon India Power & Infra Dir Gr	INF204K01I92	Net Current Assets		-5.56	0.08		June25	10.18
Nippon India Power & Infra Dir Gr	INF204K01I92	Net Current Assets		-5.56	0.08		July25	9.19
Nippon India Power & Infra Dir Gr	INF204K01I92	Net Current Assets		-5.56	0.08		Aug25	8.13
Nippon India Power & Infra Dir Gr	INF204K01I92	Cash Margin - Ccil		0.36	0.01		Oct24	5.55
Nippon India Power & Infra Dir Gr	INF204K01I92	Cash Margin - Ccil		0.36	0.01		Nov24	7.52
Nippon India Power & Infra Dir Gr	INF204K01I92	Cash Margin - Ccil		0.36	0.01		Dec24	3.56
Nippon India Power & Infra Dir Gr	INF204K01I92	Cash Margin - Ccil		0.36	0.01		Jan25	5.32
Nippon India Power & Infra Dir Gr	INF204K01I92	Cash Margin - Ccil		0.36	0.01		Feb25	5.59
Nippon India Power & Infra Dir Gr	INF204K01I92	Cash Margin - Ccil		0.36	0.01		Mar25	15.51
Nippon India Power & Infra Dir Gr	INF204K01I92	Cash Margin - Ccil		0.36	0.01		Mar25	15.51
Nippon India Power & Infra Dir Gr	INF204K01I92	Cash Margin - Ccil		0.36	0.01		Apr25	12.51
Nippon India Power & Infra Dir Gr	INF204K01I92	Cash Margin - Ccil		0.36	0.01		May25	11.15
Nippon India Power & Infra Dir Gr	INF204K01I92	Cash Margin - Ccil		0.36	0.01		June25	10.18
Nippon India Power & Infra Dir Gr	INF204K01I92	Cash Margin - Ccil		0.36	0.01		July25	9.19
Nippon India Power & Infra Dir Gr	INF204K01I92	Cash Margin - Ccil		0.36	0.01		Aug25	8.13
Nippon India Power & Infra Dir Gr	INF204K01I92	Cash		0.00	0.00		Oct24	5.55
Nippon India Power & Infra Dir Gr	INF204K01I92	Cash		0.00	0.00		Nov24	7.52
Nippon India Power & Infra Dir Gr	INF204K01I92	Cash		0.00	0.00		Dec24	3.56
Nippon India Power & Infra Dir Gr	INF204K01I92	Cash		0.00	0.00		Jan25	5.32
Nippon India Power & Infra Dir Gr	INF204K01I92	Cash		0.00	0.00		Feb25	5.59
Nippon India Power & Infra Dir Gr	INF204K01I92	Cash		0.00	0.00		Mar25	15.51
Nippon India Power & Infra Dir Gr	INF204K01I92	Cash		0.00	0.00		Mar25	15.51
Nippon India Power & Infra Dir Gr	INF204K01I92	Cash		0.00	0.00		Apr25	12.51
Nippon India Power & Infra Dir Gr	INF204K01I92	Cash		0.00	0.00		May25	11.15
Nippon India Power & Infra Dir Gr	INF204K01I92	Cash		0.00	0.00		June25	10.18
Nippon India Power & Infra Dir Gr	INF204K01I92	Cash		0.00	0.00		July25	9.19
Nippon India Power & Infra Dir Gr	INF204K01I92	Cash		0.00	0.00		Aug25	8.13
