schemeName	isin	stock_name	sector	market_value	weight	change_1m	period	weightage
Nippon India Multi Cap Dir Gr	INF204K01XF9	HDFC Bank Ltd	Financial Services	2,891.38	5.69	3.17	Oct24	5.55
Nippon India Multi Cap Dir Gr	INF204K01XF9	HDFC Bank Ltd	Financial Services	2,891.38	5.69	3.17	Nov24	7.52
Nippon India Multi Cap Dir Gr	INF204K01XF9	HDFC Bank Ltd	Financial Services	2,891.38	5.69	3.17	Dec24	3.56
Nippon India Multi Cap Dir Gr	INF204K01XF9	HDFC Bank Ltd	Financial Services	2,891.38	5.69	3.17	Jan25	5.32
Nippon India Multi Cap Dir Gr	INF204K01XF9	HDFC Bank Ltd	Financial Services	2,891.38	5.69	3.17	Feb25	5.59
Nippon India Multi Cap Dir Gr	INF204K01XF9	HDFC Bank Ltd	Financial Services	2,891.38	5.69	3.17	Mar25	15.51
Nippon India Multi Cap Dir Gr	INF204K01XF9	HDFC Bank Ltd	Financial Services	2,891.38	5.69	3.17	Mar25	15.51
Nippon India Multi Cap Dir Gr	INF204K01XF9	HDFC Bank Ltd	Financial Services	2,891.38	5.69	3.17	Apr25	12.51
Nippon India Multi Cap Dir Gr	INF204K01XF9	HDFC Bank Ltd	Financial Services	2,891.38	5.69	3.17	May25	11.15
Nippon India Multi Cap Dir Gr	INF204K01XF9	HDFC Bank Ltd	Financial Services	2,891.38	5.69	3.17	June25	10.18
Nippon India Multi Cap Dir Gr	INF204K01XF9	HDFC Bank Ltd	Financial Services	2,891.38	5.69	3.17	July25	9.19
Nippon India Multi Cap Dir Gr	INF204K01XF9	HDFC Bank Ltd	Financial Services	2,891.38	5.69	3.17	Aug25	8.13
Nippon India Multi Cap Dir Gr	INF204K01XF9	ICICI Bank Ltd	Financial Services	2,219.11	4.37	11.81	Oct24	5.55
Nippon India Multi Cap Dir Gr	INF204K01XF9	ICICI Bank Ltd	Financial Services	2,219.11	4.37	11.81	Nov24	7.52
Nippon India Multi Cap Dir Gr	INF204K01XF9	ICICI Bank Ltd	Financial Services	2,219.11	4.37	11.81	Dec24	3.56
Nippon India Multi Cap Dir Gr	INF204K01XF9	ICICI Bank Ltd	Financial Services	2,219.11	4.37	11.81	Jan25	5.32
Nippon India Multi Cap Dir Gr	INF204K01XF9	ICICI Bank Ltd	Financial Services	2,219.11	4.37	11.81	Feb25	5.59
Nippon India Multi Cap Dir Gr	INF204K01XF9	ICICI Bank Ltd	Financial Services	2,219.11	4.37	11.81	Mar25	15.51
Nippon India Multi Cap Dir Gr	INF204K01XF9	ICICI Bank Ltd	Financial Services	2,219.11	4.37	11.81	Mar25	15.51
Nippon India Multi Cap Dir Gr	INF204K01XF9	ICICI Bank Ltd	Financial Services	2,219.11	4.37	11.81	Apr25	12.51
Nippon India Multi Cap Dir Gr	INF204K01XF9	ICICI Bank Ltd	Financial Services	2,219.11	4.37	11.81	May25	11.15
Nippon India Multi Cap Dir Gr	INF204K01XF9	ICICI Bank Ltd	Financial Services	2,219.11	4.37	11.81	June25	10.18
Nippon India Multi Cap Dir Gr	INF204K01XF9	ICICI Bank Ltd	Financial Services	2,219.11	4.37	11.81	July25	9.19
Nippon India Multi Cap Dir Gr	INF204K01XF9	ICICI Bank Ltd	Financial Services	2,219.11	4.37	11.81	Aug25	8.13
Nippon India Multi Cap Dir Gr	INF204K01XF9	Axis Bank Ltd	Financial Services	1,956.88	3.85	0.00	Oct24	5.55
Nippon India Multi Cap Dir Gr	INF204K01XF9	Axis Bank Ltd	Financial Services	1,956.88	3.85	0.00	Nov24	7.52
Nippon India Multi Cap Dir Gr	INF204K01XF9	Axis Bank Ltd	Financial Services	1,956.88	3.85	0.00	Dec24	3.56
Nippon India Multi Cap Dir Gr	INF204K01XF9	Axis Bank Ltd	Financial Services	1,956.88	3.85	0.00	Jan25	5.32
Nippon India Multi Cap Dir Gr	INF204K01XF9	Axis Bank Ltd	Financial Services	1,956.88	3.85	0.00	Feb25	5.59
Nippon India Multi Cap Dir Gr	INF204K01XF9	Axis Bank Ltd	Financial Services	1,956.88	3.85	0.00	Mar25	15.51
Nippon India Multi Cap Dir Gr	INF204K01XF9	Axis Bank Ltd	Financial Services	1,956.88	3.85	0.00	Mar25	15.51
Nippon India Multi Cap Dir Gr	INF204K01XF9	Axis Bank Ltd	Financial Services	1,956.88	3.85	0.00	Apr25	12.51
Nippon India Multi Cap Dir Gr	INF204K01XF9	Axis Bank Ltd	Financial Services	1,956.88	3.85	0.00	May25	11.15
Nippon India Multi Cap Dir Gr	INF204K01XF9	Axis Bank Ltd	Financial Services	1,956.88	3.85	0.00	June25	10.18
Nippon India Multi Cap Dir Gr	INF204K01XF9	Axis Bank Ltd	Financial Services	1,956.88	3.85	0.00	July25	9.19
Nippon India Multi Cap Dir Gr	INF204K01XF9	Axis Bank Ltd	Financial Services	1,956.88	3.85	0.00	Aug25	8.13
Nippon India Multi Cap Dir Gr	INF204K01XF9	GE Vernova T&D India Ltd	Industrials	1,544.85	3.04	-2.03	Oct24	5.55
Nippon India Multi Cap Dir Gr	INF204K01XF9	GE Vernova T&D India Ltd	Industrials	1,544.85	3.04	-2.03	Nov24	7.52
Nippon India Multi Cap Dir Gr	INF204K01XF9	GE Vernova T&D India Ltd	Industrials	1,544.85	3.04	-2.03	Dec24	3.56
Nippon India Multi Cap Dir Gr	INF204K01XF9	GE Vernova T&D India Ltd	Industrials	1,544.85	3.04	-2.03	Jan25	5.32
Nippon India Multi Cap Dir Gr	INF204K01XF9	GE Vernova T&D India Ltd	Industrials	1,544.85	3.04	-2.03	Feb25	5.59
Nippon India Multi Cap Dir Gr	INF204K01XF9	GE Vernova T&D India Ltd	Industrials	1,544.85	3.04	-2.03	Mar25	15.51
Nippon India Multi Cap Dir Gr	INF204K01XF9	GE Vernova T&D India Ltd	Industrials	1,544.85	3.04	-2.03	Mar25	15.51
Nippon India Multi Cap Dir Gr	INF204K01XF9	GE Vernova T&D India Ltd	Industrials	1,544.85	3.04	-2.03	Apr25	12.51
Nippon India Multi Cap Dir Gr	INF204K01XF9	GE Vernova T&D India Ltd	Industrials	1,544.85	3.04	-2.03	May25	11.15
Nippon India Multi Cap Dir Gr	INF204K01XF9	GE Vernova T&D India Ltd	Industrials	1,544.85	3.04	-2.03	June25	10.18
Nippon India Multi Cap Dir Gr	INF204K01XF9	GE Vernova T&D India Ltd	Industrials	1,544.85	3.04	-2.03	July25	9.19
Nippon India Multi Cap Dir Gr	INF204K01XF9	GE Vernova T&D India Ltd	Industrials	1,544.85	3.04	-2.03	Aug25	8.13
Nippon India Multi Cap Dir Gr	INF204K01XF9	Infosys Ltd	Technology	1,292.26	2.54	11.19	Oct24	5.55
Nippon India Multi Cap Dir Gr	INF204K01XF9	Infosys Ltd	Technology	1,292.26	2.54	11.19	Nov24	7.52
Nippon India Multi Cap Dir Gr	INF204K01XF9	Infosys Ltd	Technology	1,292.26	2.54	11.19	Dec24	3.56
Nippon India Multi Cap Dir Gr	INF204K01XF9	Infosys Ltd	Technology	1,292.26	2.54	11.19	Jan25	5.32
Nippon India Multi Cap Dir Gr	INF204K01XF9	Infosys Ltd	Technology	1,292.26	2.54	11.19	Feb25	5.59
Nippon India Multi Cap Dir Gr	INF204K01XF9	Infosys Ltd	Technology	1,292.26	2.54	11.19	Mar25	15.51
Nippon India Multi Cap Dir Gr	INF204K01XF9	Infosys Ltd	Technology	1,292.26	2.54	11.19	Mar25	15.51
Nippon India Multi Cap Dir Gr	INF204K01XF9	Infosys Ltd	Technology	1,292.26	2.54	11.19	Apr25	12.51
Nippon India Multi Cap Dir Gr	INF204K01XF9	Infosys Ltd	Technology	1,292.26	2.54	11.19	May25	11.15
Nippon India Multi Cap Dir Gr	INF204K01XF9	Infosys Ltd	Technology	1,292.26	2.54	11.19	June25	10.18
Nippon India Multi Cap Dir Gr	INF204K01XF9	Infosys Ltd	Technology	1,292.26	2.54	11.19	July25	9.19
Nippon India Multi Cap Dir Gr	INF204K01XF9	Infosys Ltd	Technology	1,292.26	2.54	11.19	Aug25	8.13
Nippon India Multi Cap Dir Gr	INF204K01XF9	Max Financial Services Ltd	Financial Services	1,260.88	2.48	0.00	Oct24	5.55
Nippon India Multi Cap Dir Gr	INF204K01XF9	Max Financial Services Ltd	Financial Services	1,260.88	2.48	0.00	Nov24	7.52
Nippon India Multi Cap Dir Gr	INF204K01XF9	Max Financial Services Ltd	Financial Services	1,260.88	2.48	0.00	Dec24	3.56
Nippon India Multi Cap Dir Gr	INF204K01XF9	Max Financial Services Ltd	Financial Services	1,260.88	2.48	0.00	Jan25	5.32
Nippon India Multi Cap Dir Gr	INF204K01XF9	Max Financial Services Ltd	Financial Services	1,260.88	2.48	0.00	Feb25	5.59
Nippon India Multi Cap Dir Gr	INF204K01XF9	Max Financial Services Ltd	Financial Services	1,260.88	2.48	0.00	Mar25	15.51
Nippon India Multi Cap Dir Gr	INF204K01XF9	Max Financial Services Ltd	Financial Services	1,260.88	2.48	0.00	Mar25	15.51
Nippon India Multi Cap Dir Gr	INF204K01XF9	Max Financial Services Ltd	Financial Services	1,260.88	2.48	0.00	Apr25	12.51
Nippon India Multi Cap Dir Gr	INF204K01XF9	Max Financial Services Ltd	Financial Services	1,260.88	2.48	0.00	May25	11.15
Nippon India Multi Cap Dir Gr	INF204K01XF9	Max Financial Services Ltd	Financial Services	1,260.88	2.48	0.00	June25	10.18
Nippon India Multi Cap Dir Gr	INF204K01XF9	Max Financial Services Ltd	Financial Services	1,260.88	2.48	0.00	July25	9.19
Nippon India Multi Cap Dir Gr	INF204K01XF9	Max Financial Services Ltd	Financial Services	1,260.88	2.48	0.00	Aug25	8.13
Nippon India Multi Cap Dir Gr	INF204K01XF9	NTPC Ltd	Utilities	1,136.63	2.24	0.00	Oct24	5.55
Nippon India Multi Cap Dir Gr	INF204K01XF9	NTPC Ltd	Utilities	1,136.63	2.24	0.00	Nov24	7.52
Nippon India Multi Cap Dir Gr	INF204K01XF9	NTPC Ltd	Utilities	1,136.63	2.24	0.00	Dec24	3.56
Nippon India Multi Cap Dir Gr	INF204K01XF9	NTPC Ltd	Utilities	1,136.63	2.24	0.00	Jan25	5.32
Nippon India Multi Cap Dir Gr	INF204K01XF9	NTPC Ltd	Utilities	1,136.63	2.24	0.00	Feb25	5.59
Nippon India Multi Cap Dir Gr	INF204K01XF9	NTPC Ltd	Utilities	1,136.63	2.24	0.00	Mar25	15.51
Nippon India Multi Cap Dir Gr	INF204K01XF9	NTPC Ltd	Utilities	1,136.63	2.24	0.00	Mar25	15.51
Nippon India Multi Cap Dir Gr	INF204K01XF9	NTPC Ltd	Utilities	1,136.63	2.24	0.00	Apr25	12.51
Nippon India Multi Cap Dir Gr	INF204K01XF9	NTPC Ltd	Utilities	1,136.63	2.24	0.00	May25	11.15
Nippon India Multi Cap Dir Gr	INF204K01XF9	NTPC Ltd	Utilities	1,136.63	2.24	0.00	June25	10.18
Nippon India Multi Cap Dir Gr	INF204K01XF9	NTPC Ltd	Utilities	1,136.63	2.24	0.00	July25	9.19
Nippon India Multi Cap Dir Gr	INF204K01XF9	NTPC Ltd	Utilities	1,136.63	2.24	0.00	Aug25	8.13
Nippon India Multi Cap Dir Gr	INF204K01XF9	Reliance Industries Ltd	Energy	1,124.73	2.21	0.00	Oct24	5.55
Nippon India Multi Cap Dir Gr	INF204K01XF9	Reliance Industries Ltd	Energy	1,124.73	2.21	0.00	Nov24	7.52
Nippon India Multi Cap Dir Gr	INF204K01XF9	Reliance Industries Ltd	Energy	1,124.73	2.21	0.00	Dec24	3.56
Nippon India Multi Cap Dir Gr	INF204K01XF9	Reliance Industries Ltd	Energy	1,124.73	2.21	0.00	Jan25	5.32
Nippon India Multi Cap Dir Gr	INF204K01XF9	Reliance Industries Ltd	Energy	1,124.73	2.21	0.00	Feb25	5.59
Nippon India Multi Cap Dir Gr	INF204K01XF9	Reliance Industries Ltd	Energy	1,124.73	2.21	0.00	Mar25	15.51
Nippon India Multi Cap Dir Gr	INF204K01XF9	Reliance Industries Ltd	Energy	1,124.73	2.21	0.00	Mar25	15.51
Nippon India Multi Cap Dir Gr	INF204K01XF9	Reliance Industries Ltd	Energy	1,124.73	2.21	0.00	Apr25	12.51
Nippon India Multi Cap Dir Gr	INF204K01XF9	Reliance Industries Ltd	Energy	1,124.73	2.21	0.00	May25	11.15
Nippon India Multi Cap Dir Gr	INF204K01XF9	Reliance Industries Ltd	Energy	1,124.73	2.21	0.00	June25	10.18
Nippon India Multi Cap Dir Gr	INF204K01XF9	Reliance Industries Ltd	Energy	1,124.73	2.21	0.00	July25	9.19
Nippon India Multi Cap Dir Gr	INF204K01XF9	Reliance Industries Ltd	Energy	1,124.73	2.21	0.00	Aug25	8.13
Nippon India Multi Cap Dir Gr	INF204K01XF9	Linde India Ltd	Basic Materials	1,026.01	2.02	0.00	Oct24	5.55
Nippon India Multi Cap Dir Gr	INF204K01XF9	Linde India Ltd	Basic Materials	1,026.01	2.02	0.00	Nov24	7.52
Nippon India Multi Cap Dir Gr	INF204K01XF9	Linde India Ltd	Basic Materials	1,026.01	2.02	0.00	Dec24	3.56
Nippon India Multi Cap Dir Gr	INF204K01XF9	Linde India Ltd	Basic Materials	1,026.01	2.02	0.00	Jan25	5.32
Nippon India Multi Cap Dir Gr	INF204K01XF9	Linde India Ltd	Basic Materials	1,026.01	2.02	0.00	Feb25	5.59
Nippon India Multi Cap Dir Gr	INF204K01XF9	Linde India Ltd	Basic Materials	1,026.01	2.02	0.00	Mar25	15.51
Nippon India Multi Cap Dir Gr	INF204K01XF9	Linde India Ltd	Basic Materials	1,026.01	2.02	0.00	Mar25	15.51
Nippon India Multi Cap Dir Gr	INF204K01XF9	Linde India Ltd	Basic Materials	1,026.01	2.02	0.00	Apr25	12.51
Nippon India Multi Cap Dir Gr	INF204K01XF9	Linde India Ltd	Basic Materials	1,026.01	2.02	0.00	May25	11.15
Nippon India Multi Cap Dir Gr	INF204K01XF9	Linde India Ltd	Basic Materials	1,026.01	2.02	0.00	June25	10.18
Nippon India Multi Cap Dir Gr	INF204K01XF9	Linde India Ltd	Basic Materials	1,026.01	2.02	0.00	July25	9.19
Nippon India Multi Cap Dir Gr	INF204K01XF9	Linde India Ltd	Basic Materials	1,026.01	2.02	0.00	Aug25	8.13
Nippon India Multi Cap Dir Gr	INF204K01XF9	Larsen & Toubro Ltd	Industrials	981.64	1.93	0.00	Oct24	5.55
Nippon India Multi Cap Dir Gr	INF204K01XF9	Larsen & Toubro Ltd	Industrials	981.64	1.93	0.00	Nov24	7.52
Nippon India Multi Cap Dir Gr	INF204K01XF9	Larsen & Toubro Ltd	Industrials	981.64	1.93	0.00	Dec24	3.56
Nippon India Multi Cap Dir Gr	INF204K01XF9	Larsen & Toubro Ltd	Industrials	981.64	1.93	0.00	Jan25	5.32
Nippon India Multi Cap Dir Gr	INF204K01XF9	Larsen & Toubro Ltd	Industrials	981.64	1.93	0.00	Feb25	5.59
Nippon India Multi Cap Dir Gr	INF204K01XF9	Larsen & Toubro Ltd	Industrials	981.64	1.93	0.00	Mar25	15.51
Nippon India Multi Cap Dir Gr	INF204K01XF9	Larsen & Toubro Ltd	Industrials	981.64	1.93	0.00	Mar25	15.51
Nippon India Multi Cap Dir Gr	INF204K01XF9	Larsen & Toubro Ltd	Industrials	981.64	1.93	0.00	Apr25	12.51
Nippon India Multi Cap Dir Gr	INF204K01XF9	Larsen & Toubro Ltd	Industrials	981.64	1.93	0.00	May25	11.15
Nippon India Multi Cap Dir Gr	INF204K01XF9	Larsen & Toubro Ltd	Industrials	981.64	1.93	0.00	June25	10.18
Nippon India Multi Cap Dir Gr	INF204K01XF9	Larsen & Toubro Ltd	Industrials	981.64	1.93	0.00	July25	9.19
Nippon India Multi Cap Dir Gr	INF204K01XF9	Larsen & Toubro Ltd	Industrials	981.64	1.93	0.00	Aug25	8.13
Nippon India Multi Cap Dir Gr	INF204K01XF9	State Bank of India	Financial Services	961.36	1.89	-11.11	Oct24	5.55
Nippon India Multi Cap Dir Gr	INF204K01XF9	State Bank of India	Financial Services	961.36	1.89	-11.11	Nov24	7.52
Nippon India Multi Cap Dir Gr	INF204K01XF9	State Bank of India	Financial Services	961.36	1.89	-11.11	Dec24	3.56
Nippon India Multi Cap Dir Gr	INF204K01XF9	State Bank of India	Financial Services	961.36	1.89	-11.11	Jan25	5.32
Nippon India Multi Cap Dir Gr	INF204K01XF9	State Bank of India	Financial Services	961.36	1.89	-11.11	Feb25	5.59
Nippon India Multi Cap Dir Gr	INF204K01XF9	State Bank of India	Financial Services	961.36	1.89	-11.11	Mar25	15.51
Nippon India Multi Cap Dir Gr	INF204K01XF9	State Bank of India	Financial Services	961.36	1.89	-11.11	Mar25	15.51
Nippon India Multi Cap Dir Gr	INF204K01XF9	State Bank of India	Financial Services	961.36	1.89	-11.11	Apr25	12.51
Nippon India Multi Cap Dir Gr	INF204K01XF9	State Bank of India	Financial Services	961.36	1.89	-11.11	May25	11.15
Nippon India Multi Cap Dir Gr	INF204K01XF9	State Bank of India	Financial Services	961.36	1.89	-11.11	June25	10.18
Nippon India Multi Cap Dir Gr	INF204K01XF9	State Bank of India	Financial Services	961.36	1.89	-11.11	July25	9.19
Nippon India Multi Cap Dir Gr	INF204K01XF9	State Bank of India	Financial Services	961.36	1.89	-11.11	Aug25	8.13
Nippon India Multi Cap Dir Gr	INF204K01XF9	ITC Ltd	Consumer Defensive	878.51	1.73	0.00	Oct24	5.55
Nippon India Multi Cap Dir Gr	INF204K01XF9	ITC Ltd	Consumer Defensive	878.51	1.73	0.00	Nov24	7.52
Nippon India Multi Cap Dir Gr	INF204K01XF9	ITC Ltd	Consumer Defensive	878.51	1.73	0.00	Dec24	3.56
Nippon India Multi Cap Dir Gr	INF204K01XF9	ITC Ltd	Consumer Defensive	878.51	1.73	0.00	Jan25	5.32
Nippon India Multi Cap Dir Gr	INF204K01XF9	ITC Ltd	Consumer Defensive	878.51	1.73	0.00	Feb25	5.59
Nippon India Multi Cap Dir Gr	INF204K01XF9	ITC Ltd	Consumer Defensive	878.51	1.73	0.00	Mar25	15.51
Nippon India Multi Cap Dir Gr	INF204K01XF9	ITC Ltd	Consumer Defensive	878.51	1.73	0.00	Mar25	15.51
Nippon India Multi Cap Dir Gr	INF204K01XF9	ITC Ltd	Consumer Defensive	878.51	1.73	0.00	Apr25	12.51
Nippon India Multi Cap Dir Gr	INF204K01XF9	ITC Ltd	Consumer Defensive	878.51	1.73	0.00	May25	11.15
Nippon India Multi Cap Dir Gr	INF204K01XF9	ITC Ltd	Consumer Defensive	878.51	1.73	0.00	June25	10.18
Nippon India Multi Cap Dir Gr	INF204K01XF9	ITC Ltd	Consumer Defensive	878.51	1.73	0.00	July25	9.19
Nippon India Multi Cap Dir Gr	INF204K01XF9	ITC Ltd	Consumer Defensive	878.51	1.73	0.00	Aug25	8.13
Nippon India Multi Cap Dir Gr	INF204K01XF9	Samvardhana Motherson International Ltd	Consumer Cyclical	872.06	1.72	0.00	Oct24	5.55
Nippon India Multi Cap Dir Gr	INF204K01XF9	Samvardhana Motherson International Ltd	Consumer Cyclical	872.06	1.72	0.00	Nov24	7.52
Nippon India Multi Cap Dir Gr	INF204K01XF9	Samvardhana Motherson International Ltd	Consumer Cyclical	872.06	1.72	0.00	Dec24	3.56
Nippon India Multi Cap Dir Gr	INF204K01XF9	Samvardhana Motherson International Ltd	Consumer Cyclical	872.06	1.72	0.00	Jan25	5.32
Nippon India Multi Cap Dir Gr	INF204K01XF9	Samvardhana Motherson International Ltd	Consumer Cyclical	872.06	1.72	0.00	Feb25	5.59
Nippon India Multi Cap Dir Gr	INF204K01XF9	Samvardhana Motherson International Ltd	Consumer Cyclical	872.06	1.72	0.00	Mar25	15.51
Nippon India Multi Cap Dir Gr	INF204K01XF9	Samvardhana Motherson International Ltd	Consumer Cyclical	872.06	1.72	0.00	Mar25	15.51
Nippon India Multi Cap Dir Gr	INF204K01XF9	Samvardhana Motherson International Ltd	Consumer Cyclical	872.06	1.72	0.00	Apr25	12.51
Nippon India Multi Cap Dir Gr	INF204K01XF9	Samvardhana Motherson International Ltd	Consumer Cyclical	872.06	1.72	0.00	May25	11.15
Nippon India Multi Cap Dir Gr	INF204K01XF9	Samvardhana Motherson International Ltd	Consumer Cyclical	872.06	1.72	0.00	June25	10.18
Nippon India Multi Cap Dir Gr	INF204K01XF9	Samvardhana Motherson International Ltd	Consumer Cyclical	872.06	1.72	0.00	July25	9.19
Nippon India Multi Cap Dir Gr	INF204K01XF9	Samvardhana Motherson International Ltd	Consumer Cyclical	872.06	1.72	0.00	Aug25	8.13
Nippon India Multi Cap Dir Gr	INF204K01XF9	Bajaj Finance Ltd	Financial Services	834.76	1.64	0.00	Oct24	5.55
Nippon India Multi Cap Dir Gr	INF204K01XF9	Bajaj Finance Ltd	Financial Services	834.76	1.64	0.00	Nov24	7.52
Nippon India Multi Cap Dir Gr	INF204K01XF9	Bajaj Finance Ltd	Financial Services	834.76	1.64	0.00	Dec24	3.56
Nippon India Multi Cap Dir Gr	INF204K01XF9	Bajaj Finance Ltd	Financial Services	834.76	1.64	0.00	Jan25	5.32
Nippon India Multi Cap Dir Gr	INF204K01XF9	Bajaj Finance Ltd	Financial Services	834.76	1.64	0.00	Feb25	5.59
Nippon India Multi Cap Dir Gr	INF204K01XF9	Bajaj Finance Ltd	Financial Services	834.76	1.64	0.00	Mar25	15.51
Nippon India Multi Cap Dir Gr	INF204K01XF9	Bajaj Finance Ltd	Financial Services	834.76	1.64	0.00	Mar25	15.51
Nippon India Multi Cap Dir Gr	INF204K01XF9	Bajaj Finance Ltd	Financial Services	834.76	1.64	0.00	Apr25	12.51
Nippon India Multi Cap Dir Gr	INF204K01XF9	Bajaj Finance Ltd	Financial Services	834.76	1.64	0.00	May25	11.15
Nippon India Multi Cap Dir Gr	INF204K01XF9	Bajaj Finance Ltd	Financial Services	834.76	1.64	0.00	June25	10.18
Nippon India Multi Cap Dir Gr	INF204K01XF9	Bajaj Finance Ltd	Financial Services	834.76	1.64	0.00	July25	9.19
Nippon India Multi Cap Dir Gr	INF204K01XF9	Bajaj Finance Ltd	Financial Services	834.76	1.64	0.00	Aug25	8.13
Nippon India Multi Cap Dir Gr	INF204K01XF9	FSN E-Commerce Ventures Ltd	Consumer Cyclical	796.78	1.57	0.00	Oct24	5.55
Nippon India Multi Cap Dir Gr	INF204K01XF9	FSN E-Commerce Ventures Ltd	Consumer Cyclical	796.78	1.57	0.00	Nov24	7.52
Nippon India Multi Cap Dir Gr	INF204K01XF9	FSN E-Commerce Ventures Ltd	Consumer Cyclical	796.78	1.57	0.00	Dec24	3.56
Nippon India Multi Cap Dir Gr	INF204K01XF9	FSN E-Commerce Ventures Ltd	Consumer Cyclical	796.78	1.57	0.00	Jan25	5.32
Nippon India Multi Cap Dir Gr	INF204K01XF9	FSN E-Commerce Ventures Ltd	Consumer Cyclical	796.78	1.57	0.00	Feb25	5.59
Nippon India Multi Cap Dir Gr	INF204K01XF9	FSN E-Commerce Ventures Ltd	Consumer Cyclical	796.78	1.57	0.00	Mar25	15.51
Nippon India Multi Cap Dir Gr	INF204K01XF9	FSN E-Commerce Ventures Ltd	Consumer Cyclical	796.78	1.57	0.00	Mar25	15.51
Nippon India Multi Cap Dir Gr	INF204K01XF9	FSN E-Commerce Ventures Ltd	Consumer Cyclical	796.78	1.57	0.00	Apr25	12.51
Nippon India Multi Cap Dir Gr	INF204K01XF9	FSN E-Commerce Ventures Ltd	Consumer Cyclical	796.78	1.57	0.00	May25	11.15
Nippon India Multi Cap Dir Gr	INF204K01XF9	FSN E-Commerce Ventures Ltd	Consumer Cyclical	796.78	1.57	0.00	June25	10.18
Nippon India Multi Cap Dir Gr	INF204K01XF9	FSN E-Commerce Ventures Ltd	Consumer Cyclical	796.78	1.57	0.00	July25	9.19
Nippon India Multi Cap Dir Gr	INF204K01XF9	FSN E-Commerce Ventures Ltd	Consumer Cyclical	796.78	1.57	0.00	Aug25	8.13
Nippon India Multi Cap Dir Gr	INF204K01XF9	Vesuvius India Ltd	Industrials	754.54	1.48	0.00	Oct24	5.55
Nippon India Multi Cap Dir Gr	INF204K01XF9	Vesuvius India Ltd	Industrials	754.54	1.48	0.00	Nov24	7.52
Nippon India Multi Cap Dir Gr	INF204K01XF9	Vesuvius India Ltd	Industrials	754.54	1.48	0.00	Dec24	3.56
Nippon India Multi Cap Dir Gr	INF204K01XF9	Vesuvius India Ltd	Industrials	754.54	1.48	0.00	Jan25	5.32
Nippon India Multi Cap Dir Gr	INF204K01XF9	Vesuvius India Ltd	Industrials	754.54	1.48	0.00	Feb25	5.59
Nippon India Multi Cap Dir Gr	INF204K01XF9	Vesuvius India Ltd	Industrials	754.54	1.48	0.00	Mar25	15.51
Nippon India Multi Cap Dir Gr	INF204K01XF9	Vesuvius India Ltd	Industrials	754.54	1.48	0.00	Mar25	15.51
Nippon India Multi Cap Dir Gr	INF204K01XF9	Vesuvius India Ltd	Industrials	754.54	1.48	0.00	Apr25	12.51
Nippon India Multi Cap Dir Gr	INF204K01XF9	Vesuvius India Ltd	Industrials	754.54	1.48	0.00	May25	11.15
Nippon India Multi Cap Dir Gr	INF204K01XF9	Vesuvius India Ltd	Industrials	754.54	1.48	0.00	June25	10.18
Nippon India Multi Cap Dir Gr	INF204K01XF9	Vesuvius India Ltd	Industrials	754.54	1.48	0.00	July25	9.19
Nippon India Multi Cap Dir Gr	INF204K01XF9	Vesuvius India Ltd	Industrials	754.54	1.48	0.00	Aug25	8.13
Nippon India Multi Cap Dir Gr	INF204K01XF9	Tata Power Co Ltd	Utilities	742.49	1.46	0.00	Oct24	5.55
Nippon India Multi Cap Dir Gr	INF204K01XF9	Tata Power Co Ltd	Utilities	742.49	1.46	0.00	Nov24	7.52
Nippon India Multi Cap Dir Gr	INF204K01XF9	Tata Power Co Ltd	Utilities	742.49	1.46	0.00	Dec24	3.56
Nippon India Multi Cap Dir Gr	INF204K01XF9	Tata Power Co Ltd	Utilities	742.49	1.46	0.00	Jan25	5.32
Nippon India Multi Cap Dir Gr	INF204K01XF9	Tata Power Co Ltd	Utilities	742.49	1.46	0.00	Feb25	5.59
Nippon India Multi Cap Dir Gr	INF204K01XF9	Tata Power Co Ltd	Utilities	742.49	1.46	0.00	Mar25	15.51
Nippon India Multi Cap Dir Gr	INF204K01XF9	Tata Power Co Ltd	Utilities	742.49	1.46	0.00	Mar25	15.51
Nippon India Multi Cap Dir Gr	INF204K01XF9	Tata Power Co Ltd	Utilities	742.49	1.46	0.00	Apr25	12.51
Nippon India Multi Cap Dir Gr	INF204K01XF9	Tata Power Co Ltd	Utilities	742.49	1.46	0.00	May25	11.15
Nippon India Multi Cap Dir Gr	INF204K01XF9	Tata Power Co Ltd	Utilities	742.49	1.46	0.00	June25	10.18
Nippon India Multi Cap Dir Gr	INF204K01XF9	Tata Power Co Ltd	Utilities	742.49	1.46	0.00	July25	9.19
Nippon India Multi Cap Dir Gr	INF204K01XF9	Tata Power Co Ltd	Utilities	742.49	1.46	0.00	Aug25	8.13
Nippon India Multi Cap Dir Gr	INF204K01XF9	Swiggy Ltd	Consumer Cyclical	673.01	1.32	14.85	Oct24	5.55
Nippon India Multi Cap Dir Gr	INF204K01XF9	Swiggy Ltd	Consumer Cyclical	673.01	1.32	14.85	Nov24	7.52
Nippon India Multi Cap Dir Gr	INF204K01XF9	Swiggy Ltd	Consumer Cyclical	673.01	1.32	14.85	Dec24	3.56
Nippon India Multi Cap Dir Gr	INF204K01XF9	Swiggy Ltd	Consumer Cyclical	673.01	1.32	14.85	Jan25	5.32
Nippon India Multi Cap Dir Gr	INF204K01XF9	Swiggy Ltd	Consumer Cyclical	673.01	1.32	14.85	Feb25	5.59
Nippon India Multi Cap Dir Gr	INF204K01XF9	Swiggy Ltd	Consumer Cyclical	673.01	1.32	14.85	Mar25	15.51
Nippon India Multi Cap Dir Gr	INF204K01XF9	Swiggy Ltd	Consumer Cyclical	673.01	1.32	14.85	Mar25	15.51
Nippon India Multi Cap Dir Gr	INF204K01XF9	Swiggy Ltd	Consumer Cyclical	673.01	1.32	14.85	Apr25	12.51
Nippon India Multi Cap Dir Gr	INF204K01XF9	Swiggy Ltd	Consumer Cyclical	673.01	1.32	14.85	May25	11.15
Nippon India Multi Cap Dir Gr	INF204K01XF9	Swiggy Ltd	Consumer Cyclical	673.01	1.32	14.85	June25	10.18
Nippon India Multi Cap Dir Gr	INF204K01XF9	Swiggy Ltd	Consumer Cyclical	673.01	1.32	14.85	July25	9.19
Nippon India Multi Cap Dir Gr	INF204K01XF9	Swiggy Ltd	Consumer Cyclical	673.01	1.32	14.85	Aug25	8.13
Nippon India Multi Cap Dir Gr	INF204K01XF9	EIH Ltd	Consumer Cyclical	667.25	1.31	0.00	Oct24	5.55
Nippon India Multi Cap Dir Gr	INF204K01XF9	EIH Ltd	Consumer Cyclical	667.25	1.31	0.00	Nov24	7.52
Nippon India Multi Cap Dir Gr	INF204K01XF9	EIH Ltd	Consumer Cyclical	667.25	1.31	0.00	Dec24	3.56
Nippon India Multi Cap Dir Gr	INF204K01XF9	EIH Ltd	Consumer Cyclical	667.25	1.31	0.00	Jan25	5.32
Nippon India Multi Cap Dir Gr	INF204K01XF9	EIH Ltd	Consumer Cyclical	667.25	1.31	0.00	Feb25	5.59
Nippon India Multi Cap Dir Gr	INF204K01XF9	EIH Ltd	Consumer Cyclical	667.25	1.31	0.00	Mar25	15.51
Nippon India Multi Cap Dir Gr	INF204K01XF9	EIH Ltd	Consumer Cyclical	667.25	1.31	0.00	Mar25	15.51
Nippon India Multi Cap Dir Gr	INF204K01XF9	EIH Ltd	Consumer Cyclical	667.25	1.31	0.00	Apr25	12.51
Nippon India Multi Cap Dir Gr	INF204K01XF9	EIH Ltd	Consumer Cyclical	667.25	1.31	0.00	May25	11.15
Nippon India Multi Cap Dir Gr	INF204K01XF9	EIH Ltd	Consumer Cyclical	667.25	1.31	0.00	June25	10.18
Nippon India Multi Cap Dir Gr	INF204K01XF9	EIH Ltd	Consumer Cyclical	667.25	1.31	0.00	July25	9.19
Nippon India Multi Cap Dir Gr	INF204K01XF9	EIH Ltd	Consumer Cyclical	667.25	1.31	0.00	Aug25	8.13
Nippon India Multi Cap Dir Gr	INF204K01XF9	SBI Cards and Payment Services Ltd Ordinary Shares	Financial Services	639.09	1.26	0.00	Oct24	5.55
Nippon India Multi Cap Dir Gr	INF204K01XF9	SBI Cards and Payment Services Ltd Ordinary Shares	Financial Services	639.09	1.26	0.00	Nov24	7.52
Nippon India Multi Cap Dir Gr	INF204K01XF9	SBI Cards and Payment Services Ltd Ordinary Shares	Financial Services	639.09	1.26	0.00	Dec24	3.56
Nippon India Multi Cap Dir Gr	INF204K01XF9	SBI Cards and Payment Services Ltd Ordinary Shares	Financial Services	639.09	1.26	0.00	Jan25	5.32
Nippon India Multi Cap Dir Gr	INF204K01XF9	SBI Cards and Payment Services Ltd Ordinary Shares	Financial Services	639.09	1.26	0.00	Feb25	5.59
Nippon India Multi Cap Dir Gr	INF204K01XF9	SBI Cards and Payment Services Ltd Ordinary Shares	Financial Services	639.09	1.26	0.00	Mar25	15.51
Nippon India Multi Cap Dir Gr	INF204K01XF9	SBI Cards and Payment Services Ltd Ordinary Shares	Financial Services	639.09	1.26	0.00	Mar25	15.51
Nippon India Multi Cap Dir Gr	INF204K01XF9	SBI Cards and Payment Services Ltd Ordinary Shares	Financial Services	639.09	1.26	0.00	Apr25	12.51
Nippon India Multi Cap Dir Gr	INF204K01XF9	SBI Cards and Payment Services Ltd Ordinary Shares	Financial Services	639.09	1.26	0.00	May25	11.15
Nippon India Multi Cap Dir Gr	INF204K01XF9	SBI Cards and Payment Services Ltd Ordinary Shares	Financial Services	639.09	1.26	0.00	June25	10.18
Nippon India Multi Cap Dir Gr	INF204K01XF9	SBI Cards and Payment Services Ltd Ordinary Shares	Financial Services	639.09	1.26	0.00	July25	9.19
Nippon India Multi Cap Dir Gr	INF204K01XF9	SBI Cards and Payment Services Ltd Ordinary Shares	Financial Services	639.09	1.26	0.00	Aug25	8.13
Nippon India Multi Cap Dir Gr	INF204K01XF9	Indian Hotels Co Ltd	Consumer Cyclical	600.35	1.18	0.00	Oct24	5.55
Nippon India Multi Cap Dir Gr	INF204K01XF9	Indian Hotels Co Ltd	Consumer Cyclical	600.35	1.18	0.00	Nov24	7.52
Nippon India Multi Cap Dir Gr	INF204K01XF9	Indian Hotels Co Ltd	Consumer Cyclical	600.35	1.18	0.00	Dec24	3.56
Nippon India Multi Cap Dir Gr	INF204K01XF9	Indian Hotels Co Ltd	Consumer Cyclical	600.35	1.18	0.00	Jan25	5.32
Nippon India Multi Cap Dir Gr	INF204K01XF9	Indian Hotels Co Ltd	Consumer Cyclical	600.35	1.18	0.00	Feb25	5.59
Nippon India Multi Cap Dir Gr	INF204K01XF9	Indian Hotels Co Ltd	Consumer Cyclical	600.35	1.18	0.00	Mar25	15.51
Nippon India Multi Cap Dir Gr	INF204K01XF9	Indian Hotels Co Ltd	Consumer Cyclical	600.35	1.18	0.00	Mar25	15.51
Nippon India Multi Cap Dir Gr	INF204K01XF9	Indian Hotels Co Ltd	Consumer Cyclical	600.35	1.18	0.00	Apr25	12.51
Nippon India Multi Cap Dir Gr	INF204K01XF9	Indian Hotels Co Ltd	Consumer Cyclical	600.35	1.18	0.00	May25	11.15
Nippon India Multi Cap Dir Gr	INF204K01XF9	Indian Hotels Co Ltd	Consumer Cyclical	600.35	1.18	0.00	June25	10.18
Nippon India Multi Cap Dir Gr	INF204K01XF9	Indian Hotels Co Ltd	Consumer Cyclical	600.35	1.18	0.00	July25	9.19
Nippon India Multi Cap Dir Gr	INF204K01XF9	Indian Hotels Co Ltd	Consumer Cyclical	600.35	1.18	0.00	Aug25	8.13
Nippon India Multi Cap Dir Gr	INF204K01XF9	Mahindra & Mahindra Ltd	Consumer Cyclical	589.14	1.16	0.00	Oct24	5.55
Nippon India Multi Cap Dir Gr	INF204K01XF9	Mahindra & Mahindra Ltd	Consumer Cyclical	589.14	1.16	0.00	Nov24	7.52
Nippon India Multi Cap Dir Gr	INF204K01XF9	Mahindra & Mahindra Ltd	Consumer Cyclical	589.14	1.16	0.00	Dec24	3.56
Nippon India Multi Cap Dir Gr	INF204K01XF9	Mahindra & Mahindra Ltd	Consumer Cyclical	589.14	1.16	0.00	Jan25	5.32
Nippon India Multi Cap Dir Gr	INF204K01XF9	Mahindra & Mahindra Ltd	Consumer Cyclical	589.14	1.16	0.00	Feb25	5.59
Nippon India Multi Cap Dir Gr	INF204K01XF9	Mahindra & Mahindra Ltd	Consumer Cyclical	589.14	1.16	0.00	Mar25	15.51
Nippon India Multi Cap Dir Gr	INF204K01XF9	Mahindra & Mahindra Ltd	Consumer Cyclical	589.14	1.16	0.00	Mar25	15.51
Nippon India Multi Cap Dir Gr	INF204K01XF9	Mahindra & Mahindra Ltd	Consumer Cyclical	589.14	1.16	0.00	Apr25	12.51
Nippon India Multi Cap Dir Gr	INF204K01XF9	Mahindra & Mahindra Ltd	Consumer Cyclical	589.14	1.16	0.00	May25	11.15
Nippon India Multi Cap Dir Gr	INF204K01XF9	Mahindra & Mahindra Ltd	Consumer Cyclical	589.14	1.16	0.00	June25	10.18
Nippon India Multi Cap Dir Gr	INF204K01XF9	Mahindra & Mahindra Ltd	Consumer Cyclical	589.14	1.16	0.00	July25	9.19
Nippon India Multi Cap Dir Gr	INF204K01XF9	Mahindra & Mahindra Ltd	Consumer Cyclical	589.14	1.16	0.00	Aug25	8.13
Nippon India Multi Cap Dir Gr	INF204K01XF9	Lupin Ltd	Healthcare	580.09	1.14	0.00	Oct24	5.55
Nippon India Multi Cap Dir Gr	INF204K01XF9	Lupin Ltd	Healthcare	580.09	1.14	0.00	Nov24	7.52
Nippon India Multi Cap Dir Gr	INF204K01XF9	Lupin Ltd	Healthcare	580.09	1.14	0.00	Dec24	3.56
Nippon India Multi Cap Dir Gr	INF204K01XF9	Lupin Ltd	Healthcare	580.09	1.14	0.00	Jan25	5.32
Nippon India Multi Cap Dir Gr	INF204K01XF9	Lupin Ltd	Healthcare	580.09	1.14	0.00	Feb25	5.59
Nippon India Multi Cap Dir Gr	INF204K01XF9	Lupin Ltd	Healthcare	580.09	1.14	0.00	Mar25	15.51
Nippon India Multi Cap Dir Gr	INF204K01XF9	Lupin Ltd	Healthcare	580.09	1.14	0.00	Mar25	15.51
Nippon India Multi Cap Dir Gr	INF204K01XF9	Lupin Ltd	Healthcare	580.09	1.14	0.00	Apr25	12.51
Nippon India Multi Cap Dir Gr	INF204K01XF9	Lupin Ltd	Healthcare	580.09	1.14	0.00	May25	11.15
Nippon India Multi Cap Dir Gr	INF204K01XF9	Lupin Ltd	Healthcare	580.09	1.14	0.00	June25	10.18
Nippon India Multi Cap Dir Gr	INF204K01XF9	Lupin Ltd	Healthcare	580.09	1.14	0.00	July25	9.19
Nippon India Multi Cap Dir Gr	INF204K01XF9	Lupin Ltd	Healthcare	580.09	1.14	0.00	Aug25	8.13
Nippon India Multi Cap Dir Gr	INF204K01XF9	Hitachi Energy India Ltd Ordinary Shares	Industrials	551.11	1.08	0.00	Oct24	5.55
Nippon India Multi Cap Dir Gr	INF204K01XF9	Hitachi Energy India Ltd Ordinary Shares	Industrials	551.11	1.08	0.00	Nov24	7.52
Nippon India Multi Cap Dir Gr	INF204K01XF9	Hitachi Energy India Ltd Ordinary Shares	Industrials	551.11	1.08	0.00	Dec24	3.56
Nippon India Multi Cap Dir Gr	INF204K01XF9	Hitachi Energy India Ltd Ordinary Shares	Industrials	551.11	1.08	0.00	Jan25	5.32
Nippon India Multi Cap Dir Gr	INF204K01XF9	Hitachi Energy India Ltd Ordinary Shares	Industrials	551.11	1.08	0.00	Feb25	5.59
Nippon India Multi Cap Dir Gr	INF204K01XF9	Hitachi Energy India Ltd Ordinary Shares	Industrials	551.11	1.08	0.00	Mar25	15.51
Nippon India Multi Cap Dir Gr	INF204K01XF9	Hitachi Energy India Ltd Ordinary Shares	Industrials	551.11	1.08	0.00	Mar25	15.51
Nippon India Multi Cap Dir Gr	INF204K01XF9	Hitachi Energy India Ltd Ordinary Shares	Industrials	551.11	1.08	0.00	Apr25	12.51
Nippon India Multi Cap Dir Gr	INF204K01XF9	Hitachi Energy India Ltd Ordinary Shares	Industrials	551.11	1.08	0.00	May25	11.15
Nippon India Multi Cap Dir Gr	INF204K01XF9	Hitachi Energy India Ltd Ordinary Shares	Industrials	551.11	1.08	0.00	June25	10.18
Nippon India Multi Cap Dir Gr	INF204K01XF9	Hitachi Energy India Ltd Ordinary Shares	Industrials	551.11	1.08	0.00	July25	9.19
Nippon India Multi Cap Dir Gr	INF204K01XF9	Hitachi Energy India Ltd Ordinary Shares	Industrials	551.11	1.08	0.00	Aug25	8.13
Nippon India Multi Cap Dir Gr	INF204K01XF9	Voltas Ltd	Consumer Cyclical	541.26	1.07	0.00	Oct24	5.55
Nippon India Multi Cap Dir Gr	INF204K01XF9	Voltas Ltd	Consumer Cyclical	541.26	1.07	0.00	Nov24	7.52
Nippon India Multi Cap Dir Gr	INF204K01XF9	Voltas Ltd	Consumer Cyclical	541.26	1.07	0.00	Dec24	3.56
Nippon India Multi Cap Dir Gr	INF204K01XF9	Voltas Ltd	Consumer Cyclical	541.26	1.07	0.00	Jan25	5.32
Nippon India Multi Cap Dir Gr	INF204K01XF9	Voltas Ltd	Consumer Cyclical	541.26	1.07	0.00	Feb25	5.59
Nippon India Multi Cap Dir Gr	INF204K01XF9	Voltas Ltd	Consumer Cyclical	541.26	1.07	0.00	Mar25	15.51
Nippon India Multi Cap Dir Gr	INF204K01XF9	Voltas Ltd	Consumer Cyclical	541.26	1.07	0.00	Mar25	15.51
Nippon India Multi Cap Dir Gr	INF204K01XF9	Voltas Ltd	Consumer Cyclical	541.26	1.07	0.00	Apr25	12.51
Nippon India Multi Cap Dir Gr	INF204K01XF9	Voltas Ltd	Consumer Cyclical	541.26	1.07	0.00	May25	11.15
Nippon India Multi Cap Dir Gr	INF204K01XF9	Voltas Ltd	Consumer Cyclical	541.26	1.07	0.00	June25	10.18
Nippon India Multi Cap Dir Gr	INF204K01XF9	Voltas Ltd	Consumer Cyclical	541.26	1.07	0.00	July25	9.19
Nippon India Multi Cap Dir Gr	INF204K01XF9	Voltas Ltd	Consumer Cyclical	541.26	1.07	0.00	Aug25	8.13
Nippon India Multi Cap Dir Gr	INF204K01XF9	Siemens Energy India Ltd	Utilities	533.81	1.05	-5.75	Oct24	5.55
Nippon India Multi Cap Dir Gr	INF204K01XF9	Siemens Energy India Ltd	Utilities	533.81	1.05	-5.75	Nov24	7.52
Nippon India Multi Cap Dir Gr	INF204K01XF9	Siemens Energy India Ltd	Utilities	533.81	1.05	-5.75	Dec24	3.56
Nippon India Multi Cap Dir Gr	INF204K01XF9	Siemens Energy India Ltd	Utilities	533.81	1.05	-5.75	Jan25	5.32
Nippon India Multi Cap Dir Gr	INF204K01XF9	Siemens Energy India Ltd	Utilities	533.81	1.05	-5.75	Feb25	5.59
Nippon India Multi Cap Dir Gr	INF204K01XF9	Siemens Energy India Ltd	Utilities	533.81	1.05	-5.75	Mar25	15.51
Nippon India Multi Cap Dir Gr	INF204K01XF9	Siemens Energy India Ltd	Utilities	533.81	1.05	-5.75	Mar25	15.51
Nippon India Multi Cap Dir Gr	INF204K01XF9	Siemens Energy India Ltd	Utilities	533.81	1.05	-5.75	Apr25	12.51
Nippon India Multi Cap Dir Gr	INF204K01XF9	Siemens Energy India Ltd	Utilities	533.81	1.05	-5.75	May25	11.15
Nippon India Multi Cap Dir Gr	INF204K01XF9	Siemens Energy India Ltd	Utilities	533.81	1.05	-5.75	June25	10.18
Nippon India Multi Cap Dir Gr	INF204K01XF9	Siemens Energy India Ltd	Utilities	533.81	1.05	-5.75	July25	9.19
Nippon India Multi Cap Dir Gr	INF204K01XF9	Siemens Energy India Ltd	Utilities	533.81	1.05	-5.75	Aug25	8.13
Nippon India Multi Cap Dir Gr	INF204K01XF9	Maruti Suzuki India Ltd	Consumer Cyclical	520.69	1.02	0.00	Oct24	5.55
Nippon India Multi Cap Dir Gr	INF204K01XF9	Maruti Suzuki India Ltd	Consumer Cyclical	520.69	1.02	0.00	Nov24	7.52
Nippon India Multi Cap Dir Gr	INF204K01XF9	Maruti Suzuki India Ltd	Consumer Cyclical	520.69	1.02	0.00	Dec24	3.56
Nippon India Multi Cap Dir Gr	INF204K01XF9	Maruti Suzuki India Ltd	Consumer Cyclical	520.69	1.02	0.00	Jan25	5.32
Nippon India Multi Cap Dir Gr	INF204K01XF9	Maruti Suzuki India Ltd	Consumer Cyclical	520.69	1.02	0.00	Feb25	5.59
Nippon India Multi Cap Dir Gr	INF204K01XF9	Maruti Suzuki India Ltd	Consumer Cyclical	520.69	1.02	0.00	Mar25	15.51
Nippon India Multi Cap Dir Gr	INF204K01XF9	Maruti Suzuki India Ltd	Consumer Cyclical	520.69	1.02	0.00	Mar25	15.51
Nippon India Multi Cap Dir Gr	INF204K01XF9	Maruti Suzuki India Ltd	Consumer Cyclical	520.69	1.02	0.00	Apr25	12.51
Nippon India Multi Cap Dir Gr	INF204K01XF9	Maruti Suzuki India Ltd	Consumer Cyclical	520.69	1.02	0.00	May25	11.15
Nippon India Multi Cap Dir Gr	INF204K01XF9	Maruti Suzuki India Ltd	Consumer Cyclical	520.69	1.02	0.00	June25	10.18
Nippon India Multi Cap Dir Gr	INF204K01XF9	Maruti Suzuki India Ltd	Consumer Cyclical	520.69	1.02	0.00	July25	9.19
Nippon India Multi Cap Dir Gr	INF204K01XF9	Maruti Suzuki India Ltd	Consumer Cyclical	520.69	1.02	0.00	Aug25	8.13
Nippon India Multi Cap Dir Gr	INF204K01XF9	Aditya Birla Sun Life AMC Ltd	Financial Services	483.29	0.95	0.00	Oct24	5.55
Nippon India Multi Cap Dir Gr	INF204K01XF9	Aditya Birla Sun Life AMC Ltd	Financial Services	483.29	0.95	0.00	Nov24	7.52
Nippon India Multi Cap Dir Gr	INF204K01XF9	Aditya Birla Sun Life AMC Ltd	Financial Services	483.29	0.95	0.00	Dec24	3.56
Nippon India Multi Cap Dir Gr	INF204K01XF9	Aditya Birla Sun Life AMC Ltd	Financial Services	483.29	0.95	0.00	Jan25	5.32
Nippon India Multi Cap Dir Gr	INF204K01XF9	Aditya Birla Sun Life AMC Ltd	Financial Services	483.29	0.95	0.00	Feb25	5.59
Nippon India Multi Cap Dir Gr	INF204K01XF9	Aditya Birla Sun Life AMC Ltd	Financial Services	483.29	0.95	0.00	Mar25	15.51
Nippon India Multi Cap Dir Gr	INF204K01XF9	Aditya Birla Sun Life AMC Ltd	Financial Services	483.29	0.95	0.00	Mar25	15.51
Nippon India Multi Cap Dir Gr	INF204K01XF9	Aditya Birla Sun Life AMC Ltd	Financial Services	483.29	0.95	0.00	Apr25	12.51
Nippon India Multi Cap Dir Gr	INF204K01XF9	Aditya Birla Sun Life AMC Ltd	Financial Services	483.29	0.95	0.00	May25	11.15
Nippon India Multi Cap Dir Gr	INF204K01XF9	Aditya Birla Sun Life AMC Ltd	Financial Services	483.29	0.95	0.00	June25	10.18
Nippon India Multi Cap Dir Gr	INF204K01XF9	Aditya Birla Sun Life AMC Ltd	Financial Services	483.29	0.95	0.00	July25	9.19
Nippon India Multi Cap Dir Gr	INF204K01XF9	Aditya Birla Sun Life AMC Ltd	Financial Services	483.29	0.95	0.00	Aug25	8.13
Nippon India Multi Cap Dir Gr	INF204K01XF9	Dixon Technologies (India) Ltd	Technology	474.46	0.93	80.27	Oct24	5.55
Nippon India Multi Cap Dir Gr	INF204K01XF9	Dixon Technologies (India) Ltd	Technology	474.46	0.93	80.27	Nov24	7.52
Nippon India Multi Cap Dir Gr	INF204K01XF9	Dixon Technologies (India) Ltd	Technology	474.46	0.93	80.27	Dec24	3.56
Nippon India Multi Cap Dir Gr	INF204K01XF9	Dixon Technologies (India) Ltd	Technology	474.46	0.93	80.27	Jan25	5.32
Nippon India Multi Cap Dir Gr	INF204K01XF9	Dixon Technologies (India) Ltd	Technology	474.46	0.93	80.27	Feb25	5.59
Nippon India Multi Cap Dir Gr	INF204K01XF9	Dixon Technologies (India) Ltd	Technology	474.46	0.93	80.27	Mar25	15.51
Nippon India Multi Cap Dir Gr	INF204K01XF9	Dixon Technologies (India) Ltd	Technology	474.46	0.93	80.27	Mar25	15.51
Nippon India Multi Cap Dir Gr	INF204K01XF9	Dixon Technologies (India) Ltd	Technology	474.46	0.93	80.27	Apr25	12.51
Nippon India Multi Cap Dir Gr	INF204K01XF9	Dixon Technologies (India) Ltd	Technology	474.46	0.93	80.27	May25	11.15
Nippon India Multi Cap Dir Gr	INF204K01XF9	Dixon Technologies (India) Ltd	Technology	474.46	0.93	80.27	June25	10.18
Nippon India Multi Cap Dir Gr	INF204K01XF9	Dixon Technologies (India) Ltd	Technology	474.46	0.93	80.27	July25	9.19
Nippon India Multi Cap Dir Gr	INF204K01XF9	Dixon Technologies (India) Ltd	Technology	474.46	0.93	80.27	Aug25	8.13
Nippon India Multi Cap Dir Gr	INF204K01XF9	Kennametal India Ltd	Industrials	473.02	0.93	0.00	Oct24	5.55
Nippon India Multi Cap Dir Gr	INF204K01XF9	Kennametal India Ltd	Industrials	473.02	0.93	0.00	Nov24	7.52
Nippon India Multi Cap Dir Gr	INF204K01XF9	Kennametal India Ltd	Industrials	473.02	0.93	0.00	Dec24	3.56
Nippon India Multi Cap Dir Gr	INF204K01XF9	Kennametal India Ltd	Industrials	473.02	0.93	0.00	Jan25	5.32
Nippon India Multi Cap Dir Gr	INF204K01XF9	Kennametal India Ltd	Industrials	473.02	0.93	0.00	Feb25	5.59
Nippon India Multi Cap Dir Gr	INF204K01XF9	Kennametal India Ltd	Industrials	473.02	0.93	0.00	Mar25	15.51
Nippon India Multi Cap Dir Gr	INF204K01XF9	Kennametal India Ltd	Industrials	473.02	0.93	0.00	Mar25	15.51
Nippon India Multi Cap Dir Gr	INF204K01XF9	Kennametal India Ltd	Industrials	473.02	0.93	0.00	Apr25	12.51
Nippon India Multi Cap Dir Gr	INF204K01XF9	Kennametal India Ltd	Industrials	473.02	0.93	0.00	May25	11.15
Nippon India Multi Cap Dir Gr	INF204K01XF9	Kennametal India Ltd	Industrials	473.02	0.93	0.00	June25	10.18
Nippon India Multi Cap Dir Gr	INF204K01XF9	Kennametal India Ltd	Industrials	473.02	0.93	0.00	July25	9.19
Nippon India Multi Cap Dir Gr	INF204K01XF9	Kennametal India Ltd	Industrials	473.02	0.93	0.00	Aug25	8.13
Nippon India Multi Cap Dir Gr	INF204K01XF9	Crompton Greaves Consumer Electricals Ltd	Consumer Cyclical	465.04	0.92	0.00	Oct24	5.55
Nippon India Multi Cap Dir Gr	INF204K01XF9	Crompton Greaves Consumer Electricals Ltd	Consumer Cyclical	465.04	0.92	0.00	Nov24	7.52
Nippon India Multi Cap Dir Gr	INF204K01XF9	Crompton Greaves Consumer Electricals Ltd	Consumer Cyclical	465.04	0.92	0.00	Dec24	3.56
Nippon India Multi Cap Dir Gr	INF204K01XF9	Crompton Greaves Consumer Electricals Ltd	Consumer Cyclical	465.04	0.92	0.00	Jan25	5.32
Nippon India Multi Cap Dir Gr	INF204K01XF9	Crompton Greaves Consumer Electricals Ltd	Consumer Cyclical	465.04	0.92	0.00	Feb25	5.59
Nippon India Multi Cap Dir Gr	INF204K01XF9	Crompton Greaves Consumer Electricals Ltd	Consumer Cyclical	465.04	0.92	0.00	Mar25	15.51
Nippon India Multi Cap Dir Gr	INF204K01XF9	Crompton Greaves Consumer Electricals Ltd	Consumer Cyclical	465.04	0.92	0.00	Mar25	15.51
Nippon India Multi Cap Dir Gr	INF204K01XF9	Crompton Greaves Consumer Electricals Ltd	Consumer Cyclical	465.04	0.92	0.00	Apr25	12.51
Nippon India Multi Cap Dir Gr	INF204K01XF9	Crompton Greaves Consumer Electricals Ltd	Consumer Cyclical	465.04	0.92	0.00	May25	11.15
Nippon India Multi Cap Dir Gr	INF204K01XF9	Crompton Greaves Consumer Electricals Ltd	Consumer Cyclical	465.04	0.92	0.00	June25	10.18
Nippon India Multi Cap Dir Gr	INF204K01XF9	Crompton Greaves Consumer Electricals Ltd	Consumer Cyclical	465.04	0.92	0.00	July25	9.19
Nippon India Multi Cap Dir Gr	INF204K01XF9	Crompton Greaves Consumer Electricals Ltd	Consumer Cyclical	465.04	0.92	0.00	Aug25	8.13
Nippon India Multi Cap Dir Gr	INF204K01XF9	Jubilant Foodworks Ltd	Consumer Cyclical	460.48	0.91	0.00	Oct24	5.55
Nippon India Multi Cap Dir Gr	INF204K01XF9	Jubilant Foodworks Ltd	Consumer Cyclical	460.48	0.91	0.00	Nov24	7.52
Nippon India Multi Cap Dir Gr	INF204K01XF9	Jubilant Foodworks Ltd	Consumer Cyclical	460.48	0.91	0.00	Dec24	3.56
Nippon India Multi Cap Dir Gr	INF204K01XF9	Jubilant Foodworks Ltd	Consumer Cyclical	460.48	0.91	0.00	Jan25	5.32
Nippon India Multi Cap Dir Gr	INF204K01XF9	Jubilant Foodworks Ltd	Consumer Cyclical	460.48	0.91	0.00	Feb25	5.59
Nippon India Multi Cap Dir Gr	INF204K01XF9	Jubilant Foodworks Ltd	Consumer Cyclical	460.48	0.91	0.00	Mar25	15.51
Nippon India Multi Cap Dir Gr	INF204K01XF9	Jubilant Foodworks Ltd	Consumer Cyclical	460.48	0.91	0.00	Mar25	15.51
Nippon India Multi Cap Dir Gr	INF204K01XF9	Jubilant Foodworks Ltd	Consumer Cyclical	460.48	0.91	0.00	Apr25	12.51
Nippon India Multi Cap Dir Gr	INF204K01XF9	Jubilant Foodworks Ltd	Consumer Cyclical	460.48	0.91	0.00	May25	11.15
Nippon India Multi Cap Dir Gr	INF204K01XF9	Jubilant Foodworks Ltd	Consumer Cyclical	460.48	0.91	0.00	June25	10.18
Nippon India Multi Cap Dir Gr	INF204K01XF9	Jubilant Foodworks Ltd	Consumer Cyclical	460.48	0.91	0.00	July25	9.19
Nippon India Multi Cap Dir Gr	INF204K01XF9	Jubilant Foodworks Ltd	Consumer Cyclical	460.48	0.91	0.00	Aug25	8.13
Nippon India Multi Cap Dir Gr	INF204K01XF9	HCL Technologies Ltd	Technology	458.40	0.90	0.00	Oct24	5.55
Nippon India Multi Cap Dir Gr	INF204K01XF9	HCL Technologies Ltd	Technology	458.40	0.90	0.00	Nov24	7.52
Nippon India Multi Cap Dir Gr	INF204K01XF9	HCL Technologies Ltd	Technology	458.40	0.90	0.00	Dec24	3.56
Nippon India Multi Cap Dir Gr	INF204K01XF9	HCL Technologies Ltd	Technology	458.40	0.90	0.00	Jan25	5.32
Nippon India Multi Cap Dir Gr	INF204K01XF9	HCL Technologies Ltd	Technology	458.40	0.90	0.00	Feb25	5.59
Nippon India Multi Cap Dir Gr	INF204K01XF9	HCL Technologies Ltd	Technology	458.40	0.90	0.00	Mar25	15.51
Nippon India Multi Cap Dir Gr	INF204K01XF9	HCL Technologies Ltd	Technology	458.40	0.90	0.00	Mar25	15.51
Nippon India Multi Cap Dir Gr	INF204K01XF9	HCL Technologies Ltd	Technology	458.40	0.90	0.00	Apr25	12.51
Nippon India Multi Cap Dir Gr	INF204K01XF9	HCL Technologies Ltd	Technology	458.40	0.90	0.00	May25	11.15
Nippon India Multi Cap Dir Gr	INF204K01XF9	HCL Technologies Ltd	Technology	458.40	0.90	0.00	June25	10.18
Nippon India Multi Cap Dir Gr	INF204K01XF9	HCL Technologies Ltd	Technology	458.40	0.90	0.00	July25	9.19
Nippon India Multi Cap Dir Gr	INF204K01XF9	HCL Technologies Ltd	Technology	458.40	0.90	0.00	Aug25	8.13
Nippon India Multi Cap Dir Gr	INF204K01XF9	CG Power & Industrial Solutions Ltd	Industrials	435.82	0.86	13.18	Oct24	5.55
Nippon India Multi Cap Dir Gr	INF204K01XF9	CG Power & Industrial Solutions Ltd	Industrials	435.82	0.86	13.18	Nov24	7.52
Nippon India Multi Cap Dir Gr	INF204K01XF9	CG Power & Industrial Solutions Ltd	Industrials	435.82	0.86	13.18	Dec24	3.56
Nippon India Multi Cap Dir Gr	INF204K01XF9	CG Power & Industrial Solutions Ltd	Industrials	435.82	0.86	13.18	Jan25	5.32
Nippon India Multi Cap Dir Gr	INF204K01XF9	CG Power & Industrial Solutions Ltd	Industrials	435.82	0.86	13.18	Feb25	5.59
Nippon India Multi Cap Dir Gr	INF204K01XF9	CG Power & Industrial Solutions Ltd	Industrials	435.82	0.86	13.18	Mar25	15.51
Nippon India Multi Cap Dir Gr	INF204K01XF9	CG Power & Industrial Solutions Ltd	Industrials	435.82	0.86	13.18	Mar25	15.51
Nippon India Multi Cap Dir Gr	INF204K01XF9	CG Power & Industrial Solutions Ltd	Industrials	435.82	0.86	13.18	Apr25	12.51
Nippon India Multi Cap Dir Gr	INF204K01XF9	CG Power & Industrial Solutions Ltd	Industrials	435.82	0.86	13.18	May25	11.15
Nippon India Multi Cap Dir Gr	INF204K01XF9	CG Power & Industrial Solutions Ltd	Industrials	435.82	0.86	13.18	June25	10.18
Nippon India Multi Cap Dir Gr	INF204K01XF9	CG Power & Industrial Solutions Ltd	Industrials	435.82	0.86	13.18	July25	9.19
Nippon India Multi Cap Dir Gr	INF204K01XF9	CG Power & Industrial Solutions Ltd	Industrials	435.82	0.86	13.18	Aug25	8.13
Nippon India Multi Cap Dir Gr	INF204K01XF9	Divi's Laboratories Ltd	Healthcare	427.84	0.84	0.00	Oct24	5.55
Nippon India Multi Cap Dir Gr	INF204K01XF9	Divi's Laboratories Ltd	Healthcare	427.84	0.84	0.00	Nov24	7.52
Nippon India Multi Cap Dir Gr	INF204K01XF9	Divi's Laboratories Ltd	Healthcare	427.84	0.84	0.00	Dec24	3.56
Nippon India Multi Cap Dir Gr	INF204K01XF9	Divi's Laboratories Ltd	Healthcare	427.84	0.84	0.00	Jan25	5.32
Nippon India Multi Cap Dir Gr	INF204K01XF9	Divi's Laboratories Ltd	Healthcare	427.84	0.84	0.00	Feb25	5.59
Nippon India Multi Cap Dir Gr	INF204K01XF9	Divi's Laboratories Ltd	Healthcare	427.84	0.84	0.00	Mar25	15.51
Nippon India Multi Cap Dir Gr	INF204K01XF9	Divi's Laboratories Ltd	Healthcare	427.84	0.84	0.00	Mar25	15.51
Nippon India Multi Cap Dir Gr	INF204K01XF9	Divi's Laboratories Ltd	Healthcare	427.84	0.84	0.00	Apr25	12.51
Nippon India Multi Cap Dir Gr	INF204K01XF9	Divi's Laboratories Ltd	Healthcare	427.84	0.84	0.00	May25	11.15
Nippon India Multi Cap Dir Gr	INF204K01XF9	Divi's Laboratories Ltd	Healthcare	427.84	0.84	0.00	June25	10.18
Nippon India Multi Cap Dir Gr	INF204K01XF9	Divi's Laboratories Ltd	Healthcare	427.84	0.84	0.00	July25	9.19
Nippon India Multi Cap Dir Gr	INF204K01XF9	Divi's Laboratories Ltd	Healthcare	427.84	0.84	0.00	Aug25	8.13
Nippon India Multi Cap Dir Gr	INF204K01XF9	Vijaya Diagnostic Centre Ltd	Healthcare	416.95	0.82	2.09	Oct24	5.55
Nippon India Multi Cap Dir Gr	INF204K01XF9	Vijaya Diagnostic Centre Ltd	Healthcare	416.95	0.82	2.09	Nov24	7.52
Nippon India Multi Cap Dir Gr	INF204K01XF9	Vijaya Diagnostic Centre Ltd	Healthcare	416.95	0.82	2.09	Dec24	3.56
Nippon India Multi Cap Dir Gr	INF204K01XF9	Vijaya Diagnostic Centre Ltd	Healthcare	416.95	0.82	2.09	Jan25	5.32
Nippon India Multi Cap Dir Gr	INF204K01XF9	Vijaya Diagnostic Centre Ltd	Healthcare	416.95	0.82	2.09	Feb25	5.59
Nippon India Multi Cap Dir Gr	INF204K01XF9	Vijaya Diagnostic Centre Ltd	Healthcare	416.95	0.82	2.09	Mar25	15.51
Nippon India Multi Cap Dir Gr	INF204K01XF9	Vijaya Diagnostic Centre Ltd	Healthcare	416.95	0.82	2.09	Mar25	15.51
Nippon India Multi Cap Dir Gr	INF204K01XF9	Vijaya Diagnostic Centre Ltd	Healthcare	416.95	0.82	2.09	Apr25	12.51
Nippon India Multi Cap Dir Gr	INF204K01XF9	Vijaya Diagnostic Centre Ltd	Healthcare	416.95	0.82	2.09	May25	11.15
Nippon India Multi Cap Dir Gr	INF204K01XF9	Vijaya Diagnostic Centre Ltd	Healthcare	416.95	0.82	2.09	June25	10.18
Nippon India Multi Cap Dir Gr	INF204K01XF9	Vijaya Diagnostic Centre Ltd	Healthcare	416.95	0.82	2.09	July25	9.19
Nippon India Multi Cap Dir Gr	INF204K01XF9	Vijaya Diagnostic Centre Ltd	Healthcare	416.95	0.82	2.09	Aug25	8.13
Nippon India Multi Cap Dir Gr	INF204K01XF9	Tata Steel Ltd	Basic Materials	416.21	0.82	0.00	Oct24	5.55
Nippon India Multi Cap Dir Gr	INF204K01XF9	Tata Steel Ltd	Basic Materials	416.21	0.82	0.00	Nov24	7.52
Nippon India Multi Cap Dir Gr	INF204K01XF9	Tata Steel Ltd	Basic Materials	416.21	0.82	0.00	Dec24	3.56
Nippon India Multi Cap Dir Gr	INF204K01XF9	Tata Steel Ltd	Basic Materials	416.21	0.82	0.00	Jan25	5.32
Nippon India Multi Cap Dir Gr	INF204K01XF9	Tata Steel Ltd	Basic Materials	416.21	0.82	0.00	Feb25	5.59
Nippon India Multi Cap Dir Gr	INF204K01XF9	Tata Steel Ltd	Basic Materials	416.21	0.82	0.00	Mar25	15.51
Nippon India Multi Cap Dir Gr	INF204K01XF9	Tata Steel Ltd	Basic Materials	416.21	0.82	0.00	Mar25	15.51
Nippon India Multi Cap Dir Gr	INF204K01XF9	Tata Steel Ltd	Basic Materials	416.21	0.82	0.00	Apr25	12.51
Nippon India Multi Cap Dir Gr	INF204K01XF9	Tata Steel Ltd	Basic Materials	416.21	0.82	0.00	May25	11.15
Nippon India Multi Cap Dir Gr	INF204K01XF9	Tata Steel Ltd	Basic Materials	416.21	0.82	0.00	June25	10.18
Nippon India Multi Cap Dir Gr	INF204K01XF9	Tata Steel Ltd	Basic Materials	416.21	0.82	0.00	July25	9.19
Nippon India Multi Cap Dir Gr	INF204K01XF9	Tata Steel Ltd	Basic Materials	416.21	0.82	0.00	Aug25	8.13
Nippon India Multi Cap Dir Gr	INF204K01XF9	Vishal Mega Mart Ltd	Consumer Cyclical	413.23	0.81	0.00	Oct24	5.55
Nippon India Multi Cap Dir Gr	INF204K01XF9	Vishal Mega Mart Ltd	Consumer Cyclical	413.23	0.81	0.00	Nov24	7.52
Nippon India Multi Cap Dir Gr	INF204K01XF9	Vishal Mega Mart Ltd	Consumer Cyclical	413.23	0.81	0.00	Dec24	3.56
Nippon India Multi Cap Dir Gr	INF204K01XF9	Vishal Mega Mart Ltd	Consumer Cyclical	413.23	0.81	0.00	Jan25	5.32
Nippon India Multi Cap Dir Gr	INF204K01XF9	Vishal Mega Mart Ltd	Consumer Cyclical	413.23	0.81	0.00	Feb25	5.59
Nippon India Multi Cap Dir Gr	INF204K01XF9	Vishal Mega Mart Ltd	Consumer Cyclical	413.23	0.81	0.00	Mar25	15.51
Nippon India Multi Cap Dir Gr	INF204K01XF9	Vishal Mega Mart Ltd	Consumer Cyclical	413.23	0.81	0.00	Mar25	15.51
Nippon India Multi Cap Dir Gr	INF204K01XF9	Vishal Mega Mart Ltd	Consumer Cyclical	413.23	0.81	0.00	Apr25	12.51
Nippon India Multi Cap Dir Gr	INF204K01XF9	Vishal Mega Mart Ltd	Consumer Cyclical	413.23	0.81	0.00	May25	11.15
Nippon India Multi Cap Dir Gr	INF204K01XF9	Vishal Mega Mart Ltd	Consumer Cyclical	413.23	0.81	0.00	June25	10.18
Nippon India Multi Cap Dir Gr	INF204K01XF9	Vishal Mega Mart Ltd	Consumer Cyclical	413.23	0.81	0.00	July25	9.19
Nippon India Multi Cap Dir Gr	INF204K01XF9	Vishal Mega Mart Ltd	Consumer Cyclical	413.23	0.81	0.00	Aug25	8.13
Nippon India Multi Cap Dir Gr	INF204K01XF9	Colgate-Palmolive (India) Ltd	Consumer Defensive	381.61	0.75	0.00	Oct24	5.55
Nippon India Multi Cap Dir Gr	INF204K01XF9	Colgate-Palmolive (India) Ltd	Consumer Defensive	381.61	0.75	0.00	Nov24	7.52
Nippon India Multi Cap Dir Gr	INF204K01XF9	Colgate-Palmolive (India) Ltd	Consumer Defensive	381.61	0.75	0.00	Dec24	3.56
Nippon India Multi Cap Dir Gr	INF204K01XF9	Colgate-Palmolive (India) Ltd	Consumer Defensive	381.61	0.75	0.00	Jan25	5.32
Nippon India Multi Cap Dir Gr	INF204K01XF9	Colgate-Palmolive (India) Ltd	Consumer Defensive	381.61	0.75	0.00	Feb25	5.59
Nippon India Multi Cap Dir Gr	INF204K01XF9	Colgate-Palmolive (India) Ltd	Consumer Defensive	381.61	0.75	0.00	Mar25	15.51
Nippon India Multi Cap Dir Gr	INF204K01XF9	Colgate-Palmolive (India) Ltd	Consumer Defensive	381.61	0.75	0.00	Mar25	15.51
Nippon India Multi Cap Dir Gr	INF204K01XF9	Colgate-Palmolive (India) Ltd	Consumer Defensive	381.61	0.75	0.00	Apr25	12.51
Nippon India Multi Cap Dir Gr	INF204K01XF9	Colgate-Palmolive (India) Ltd	Consumer Defensive	381.61	0.75	0.00	May25	11.15
Nippon India Multi Cap Dir Gr	INF204K01XF9	Colgate-Palmolive (India) Ltd	Consumer Defensive	381.61	0.75	0.00	June25	10.18
Nippon India Multi Cap Dir Gr	INF204K01XF9	Colgate-Palmolive (India) Ltd	Consumer Defensive	381.61	0.75	0.00	July25	9.19
Nippon India Multi Cap Dir Gr	INF204K01XF9	Colgate-Palmolive (India) Ltd	Consumer Defensive	381.61	0.75	0.00	Aug25	8.13
Nippon India Multi Cap Dir Gr	INF204K01XF9	ABB India Ltd	Industrials	379.66	0.75	0.00	Oct24	5.55
Nippon India Multi Cap Dir Gr	INF204K01XF9	ABB India Ltd	Industrials	379.66	0.75	0.00	Nov24	7.52
Nippon India Multi Cap Dir Gr	INF204K01XF9	ABB India Ltd	Industrials	379.66	0.75	0.00	Dec24	3.56
Nippon India Multi Cap Dir Gr	INF204K01XF9	ABB India Ltd	Industrials	379.66	0.75	0.00	Jan25	5.32
Nippon India Multi Cap Dir Gr	INF204K01XF9	ABB India Ltd	Industrials	379.66	0.75	0.00	Feb25	5.59
Nippon India Multi Cap Dir Gr	INF204K01XF9	ABB India Ltd	Industrials	379.66	0.75	0.00	Mar25	15.51
Nippon India Multi Cap Dir Gr	INF204K01XF9	ABB India Ltd	Industrials	379.66	0.75	0.00	Mar25	15.51
Nippon India Multi Cap Dir Gr	INF204K01XF9	ABB India Ltd	Industrials	379.66	0.75	0.00	Apr25	12.51
Nippon India Multi Cap Dir Gr	INF204K01XF9	ABB India Ltd	Industrials	379.66	0.75	0.00	May25	11.15
Nippon India Multi Cap Dir Gr	INF204K01XF9	ABB India Ltd	Industrials	379.66	0.75	0.00	June25	10.18
Nippon India Multi Cap Dir Gr	INF204K01XF9	ABB India Ltd	Industrials	379.66	0.75	0.00	July25	9.19
Nippon India Multi Cap Dir Gr	INF204K01XF9	ABB India Ltd	Industrials	379.66	0.75	0.00	Aug25	8.13
Nippon India Multi Cap Dir Gr	INF204K01XF9	Emami Ltd	Consumer Defensive	374.82	0.74	9.77	Oct24	5.55
Nippon India Multi Cap Dir Gr	INF204K01XF9	Emami Ltd	Consumer Defensive	374.82	0.74	9.77	Nov24	7.52
Nippon India Multi Cap Dir Gr	INF204K01XF9	Emami Ltd	Consumer Defensive	374.82	0.74	9.77	Dec24	3.56
Nippon India Multi Cap Dir Gr	INF204K01XF9	Emami Ltd	Consumer Defensive	374.82	0.74	9.77	Jan25	5.32
Nippon India Multi Cap Dir Gr	INF204K01XF9	Emami Ltd	Consumer Defensive	374.82	0.74	9.77	Feb25	5.59
Nippon India Multi Cap Dir Gr	INF204K01XF9	Emami Ltd	Consumer Defensive	374.82	0.74	9.77	Mar25	15.51
Nippon India Multi Cap Dir Gr	INF204K01XF9	Emami Ltd	Consumer Defensive	374.82	0.74	9.77	Mar25	15.51
Nippon India Multi Cap Dir Gr	INF204K01XF9	Emami Ltd	Consumer Defensive	374.82	0.74	9.77	Apr25	12.51
Nippon India Multi Cap Dir Gr	INF204K01XF9	Emami Ltd	Consumer Defensive	374.82	0.74	9.77	May25	11.15
Nippon India Multi Cap Dir Gr	INF204K01XF9	Emami Ltd	Consumer Defensive	374.82	0.74	9.77	June25	10.18
Nippon India Multi Cap Dir Gr	INF204K01XF9	Emami Ltd	Consumer Defensive	374.82	0.74	9.77	July25	9.19
Nippon India Multi Cap Dir Gr	INF204K01XF9	Emami Ltd	Consumer Defensive	374.82	0.74	9.77	Aug25	8.13
Nippon India Multi Cap Dir Gr	INF204K01XF9	Triparty Repo		371.67	0.73		Oct24	5.55
Nippon India Multi Cap Dir Gr	INF204K01XF9	Triparty Repo		371.67	0.73		Nov24	7.52
Nippon India Multi Cap Dir Gr	INF204K01XF9	Triparty Repo		371.67	0.73		Dec24	3.56
Nippon India Multi Cap Dir Gr	INF204K01XF9	Triparty Repo		371.67	0.73		Jan25	5.32
Nippon India Multi Cap Dir Gr	INF204K01XF9	Triparty Repo		371.67	0.73		Feb25	5.59
Nippon India Multi Cap Dir Gr	INF204K01XF9	Triparty Repo		371.67	0.73		Mar25	15.51
Nippon India Multi Cap Dir Gr	INF204K01XF9	Triparty Repo		371.67	0.73		Mar25	15.51
Nippon India Multi Cap Dir Gr	INF204K01XF9	Triparty Repo		371.67	0.73		Apr25	12.51
Nippon India Multi Cap Dir Gr	INF204K01XF9	Triparty Repo		371.67	0.73		May25	11.15
Nippon India Multi Cap Dir Gr	INF204K01XF9	Triparty Repo		371.67	0.73		June25	10.18
Nippon India Multi Cap Dir Gr	INF204K01XF9	Triparty Repo		371.67	0.73		July25	9.19
Nippon India Multi Cap Dir Gr	INF204K01XF9	Triparty Repo		371.67	0.73		Aug25	8.13
Nippon India Multi Cap Dir Gr	INF204K01XF9	Devyani International Ltd	Consumer Cyclical	366.33	0.72	0.00	Oct24	5.55
Nippon India Multi Cap Dir Gr	INF204K01XF9	Devyani International Ltd	Consumer Cyclical	366.33	0.72	0.00	Nov24	7.52
Nippon India Multi Cap Dir Gr	INF204K01XF9	Devyani International Ltd	Consumer Cyclical	366.33	0.72	0.00	Dec24	3.56
Nippon India Multi Cap Dir Gr	INF204K01XF9	Devyani International Ltd	Consumer Cyclical	366.33	0.72	0.00	Jan25	5.32
Nippon India Multi Cap Dir Gr	INF204K01XF9	Devyani International Ltd	Consumer Cyclical	366.33	0.72	0.00	Feb25	5.59
Nippon India Multi Cap Dir Gr	INF204K01XF9	Devyani International Ltd	Consumer Cyclical	366.33	0.72	0.00	Mar25	15.51
Nippon India Multi Cap Dir Gr	INF204K01XF9	Devyani International Ltd	Consumer Cyclical	366.33	0.72	0.00	Mar25	15.51
Nippon India Multi Cap Dir Gr	INF204K01XF9	Devyani International Ltd	Consumer Cyclical	366.33	0.72	0.00	Apr25	12.51
Nippon India Multi Cap Dir Gr	INF204K01XF9	Devyani International Ltd	Consumer Cyclical	366.33	0.72	0.00	May25	11.15
Nippon India Multi Cap Dir Gr	INF204K01XF9	Devyani International Ltd	Consumer Cyclical	366.33	0.72	0.00	June25	10.18
Nippon India Multi Cap Dir Gr	INF204K01XF9	Devyani International Ltd	Consumer Cyclical	366.33	0.72	0.00	July25	9.19
Nippon India Multi Cap Dir Gr	INF204K01XF9	Devyani International Ltd	Consumer Cyclical	366.33	0.72	0.00	Aug25	8.13
Nippon India Multi Cap Dir Gr	INF204K01XF9	NTPC Green Energy Ltd	Utilities	364.55	0.72	2.86	Oct24	5.55
Nippon India Multi Cap Dir Gr	INF204K01XF9	NTPC Green Energy Ltd	Utilities	364.55	0.72	2.86	Nov24	7.52
Nippon India Multi Cap Dir Gr	INF204K01XF9	NTPC Green Energy Ltd	Utilities	364.55	0.72	2.86	Dec24	3.56
Nippon India Multi Cap Dir Gr	INF204K01XF9	NTPC Green Energy Ltd	Utilities	364.55	0.72	2.86	Jan25	5.32
Nippon India Multi Cap Dir Gr	INF204K01XF9	NTPC Green Energy Ltd	Utilities	364.55	0.72	2.86	Feb25	5.59
Nippon India Multi Cap Dir Gr	INF204K01XF9	NTPC Green Energy Ltd	Utilities	364.55	0.72	2.86	Mar25	15.51
Nippon India Multi Cap Dir Gr	INF204K01XF9	NTPC Green Energy Ltd	Utilities	364.55	0.72	2.86	Mar25	15.51
Nippon India Multi Cap Dir Gr	INF204K01XF9	NTPC Green Energy Ltd	Utilities	364.55	0.72	2.86	Apr25	12.51
Nippon India Multi Cap Dir Gr	INF204K01XF9	NTPC Green Energy Ltd	Utilities	364.55	0.72	2.86	May25	11.15
Nippon India Multi Cap Dir Gr	INF204K01XF9	NTPC Green Energy Ltd	Utilities	364.55	0.72	2.86	June25	10.18
Nippon India Multi Cap Dir Gr	INF204K01XF9	NTPC Green Energy Ltd	Utilities	364.55	0.72	2.86	July25	9.19
Nippon India Multi Cap Dir Gr	INF204K01XF9	NTPC Green Energy Ltd	Utilities	364.55	0.72	2.86	Aug25	8.13
Nippon India Multi Cap Dir Gr	INF204K01XF9	PB Fintech Ltd	Financial Services	364.39	0.72	123.70	Oct24	5.55
Nippon India Multi Cap Dir Gr	INF204K01XF9	PB Fintech Ltd	Financial Services	364.39	0.72	123.70	Nov24	7.52
Nippon India Multi Cap Dir Gr	INF204K01XF9	PB Fintech Ltd	Financial Services	364.39	0.72	123.70	Dec24	3.56
Nippon India Multi Cap Dir Gr	INF204K01XF9	PB Fintech Ltd	Financial Services	364.39	0.72	123.70	Jan25	5.32
Nippon India Multi Cap Dir Gr	INF204K01XF9	PB Fintech Ltd	Financial Services	364.39	0.72	123.70	Feb25	5.59
Nippon India Multi Cap Dir Gr	INF204K01XF9	PB Fintech Ltd	Financial Services	364.39	0.72	123.70	Mar25	15.51
Nippon India Multi Cap Dir Gr	INF204K01XF9	PB Fintech Ltd	Financial Services	364.39	0.72	123.70	Mar25	15.51
Nippon India Multi Cap Dir Gr	INF204K01XF9	PB Fintech Ltd	Financial Services	364.39	0.72	123.70	Apr25	12.51
Nippon India Multi Cap Dir Gr	INF204K01XF9	PB Fintech Ltd	Financial Services	364.39	0.72	123.70	May25	11.15
Nippon India Multi Cap Dir Gr	INF204K01XF9	PB Fintech Ltd	Financial Services	364.39	0.72	123.70	June25	10.18
Nippon India Multi Cap Dir Gr	INF204K01XF9	PB Fintech Ltd	Financial Services	364.39	0.72	123.70	July25	9.19
Nippon India Multi Cap Dir Gr	INF204K01XF9	PB Fintech Ltd	Financial Services	364.39	0.72	123.70	Aug25	8.13
Nippon India Multi Cap Dir Gr	INF204K01XF9	KEC International Ltd	Industrials	361.73	0.71	0.00	Oct24	5.55
Nippon India Multi Cap Dir Gr	INF204K01XF9	KEC International Ltd	Industrials	361.73	0.71	0.00	Nov24	7.52
Nippon India Multi Cap Dir Gr	INF204K01XF9	KEC International Ltd	Industrials	361.73	0.71	0.00	Dec24	3.56
Nippon India Multi Cap Dir Gr	INF204K01XF9	KEC International Ltd	Industrials	361.73	0.71	0.00	Jan25	5.32
Nippon India Multi Cap Dir Gr	INF204K01XF9	KEC International Ltd	Industrials	361.73	0.71	0.00	Feb25	5.59
Nippon India Multi Cap Dir Gr	INF204K01XF9	KEC International Ltd	Industrials	361.73	0.71	0.00	Mar25	15.51
Nippon India Multi Cap Dir Gr	INF204K01XF9	KEC International Ltd	Industrials	361.73	0.71	0.00	Mar25	15.51
Nippon India Multi Cap Dir Gr	INF204K01XF9	KEC International Ltd	Industrials	361.73	0.71	0.00	Apr25	12.51
Nippon India Multi Cap Dir Gr	INF204K01XF9	KEC International Ltd	Industrials	361.73	0.71	0.00	May25	11.15
Nippon India Multi Cap Dir Gr	INF204K01XF9	KEC International Ltd	Industrials	361.73	0.71	0.00	June25	10.18
Nippon India Multi Cap Dir Gr	INF204K01XF9	KEC International Ltd	Industrials	361.73	0.71	0.00	July25	9.19
Nippon India Multi Cap Dir Gr	INF204K01XF9	KEC International Ltd	Industrials	361.73	0.71	0.00	Aug25	8.13
Nippon India Multi Cap Dir Gr	INF204K01XF9	Delhivery Ltd	Industrials	359.77	0.71	0.00	Oct24	5.55
Nippon India Multi Cap Dir Gr	INF204K01XF9	Delhivery Ltd	Industrials	359.77	0.71	0.00	Nov24	7.52
Nippon India Multi Cap Dir Gr	INF204K01XF9	Delhivery Ltd	Industrials	359.77	0.71	0.00	Dec24	3.56
Nippon India Multi Cap Dir Gr	INF204K01XF9	Delhivery Ltd	Industrials	359.77	0.71	0.00	Jan25	5.32
Nippon India Multi Cap Dir Gr	INF204K01XF9	Delhivery Ltd	Industrials	359.77	0.71	0.00	Feb25	5.59
Nippon India Multi Cap Dir Gr	INF204K01XF9	Delhivery Ltd	Industrials	359.77	0.71	0.00	Mar25	15.51
Nippon India Multi Cap Dir Gr	INF204K01XF9	Delhivery Ltd	Industrials	359.77	0.71	0.00	Mar25	15.51
Nippon India Multi Cap Dir Gr	INF204K01XF9	Delhivery Ltd	Industrials	359.77	0.71	0.00	Apr25	12.51
Nippon India Multi Cap Dir Gr	INF204K01XF9	Delhivery Ltd	Industrials	359.77	0.71	0.00	May25	11.15
Nippon India Multi Cap Dir Gr	INF204K01XF9	Delhivery Ltd	Industrials	359.77	0.71	0.00	June25	10.18
Nippon India Multi Cap Dir Gr	INF204K01XF9	Delhivery Ltd	Industrials	359.77	0.71	0.00	July25	9.19
Nippon India Multi Cap Dir Gr	INF204K01XF9	Delhivery Ltd	Industrials	359.77	0.71	0.00	Aug25	8.13
Nippon India Multi Cap Dir Gr	INF204K01XF9	Page Industries Ltd	Consumer Cyclical	348.38	0.69	0.00	Oct24	5.55
Nippon India Multi Cap Dir Gr	INF204K01XF9	Page Industries Ltd	Consumer Cyclical	348.38	0.69	0.00	Nov24	7.52
Nippon India Multi Cap Dir Gr	INF204K01XF9	Page Industries Ltd	Consumer Cyclical	348.38	0.69	0.00	Dec24	3.56
Nippon India Multi Cap Dir Gr	INF204K01XF9	Page Industries Ltd	Consumer Cyclical	348.38	0.69	0.00	Jan25	5.32
Nippon India Multi Cap Dir Gr	INF204K01XF9	Page Industries Ltd	Consumer Cyclical	348.38	0.69	0.00	Feb25	5.59
Nippon India Multi Cap Dir Gr	INF204K01XF9	Page Industries Ltd	Consumer Cyclical	348.38	0.69	0.00	Mar25	15.51
Nippon India Multi Cap Dir Gr	INF204K01XF9	Page Industries Ltd	Consumer Cyclical	348.38	0.69	0.00	Mar25	15.51
Nippon India Multi Cap Dir Gr	INF204K01XF9	Page Industries Ltd	Consumer Cyclical	348.38	0.69	0.00	Apr25	12.51
Nippon India Multi Cap Dir Gr	INF204K01XF9	Page Industries Ltd	Consumer Cyclical	348.38	0.69	0.00	May25	11.15
Nippon India Multi Cap Dir Gr	INF204K01XF9	Page Industries Ltd	Consumer Cyclical	348.38	0.69	0.00	June25	10.18
Nippon India Multi Cap Dir Gr	INF204K01XF9	Page Industries Ltd	Consumer Cyclical	348.38	0.69	0.00	July25	9.19
Nippon India Multi Cap Dir Gr	INF204K01XF9	Page Industries Ltd	Consumer Cyclical	348.38	0.69	0.00	Aug25	8.13
Nippon India Multi Cap Dir Gr	INF204K01XF9	Container Corporation of India Ltd	Industrials	347.00	0.68	0.00	Oct24	5.55
Nippon India Multi Cap Dir Gr	INF204K01XF9	Container Corporation of India Ltd	Industrials	347.00	0.68	0.00	Nov24	7.52
Nippon India Multi Cap Dir Gr	INF204K01XF9	Container Corporation of India Ltd	Industrials	347.00	0.68	0.00	Dec24	3.56
Nippon India Multi Cap Dir Gr	INF204K01XF9	Container Corporation of India Ltd	Industrials	347.00	0.68	0.00	Jan25	5.32
Nippon India Multi Cap Dir Gr	INF204K01XF9	Container Corporation of India Ltd	Industrials	347.00	0.68	0.00	Feb25	5.59
Nippon India Multi Cap Dir Gr	INF204K01XF9	Container Corporation of India Ltd	Industrials	347.00	0.68	0.00	Mar25	15.51
Nippon India Multi Cap Dir Gr	INF204K01XF9	Container Corporation of India Ltd	Industrials	347.00	0.68	0.00	Mar25	15.51
Nippon India Multi Cap Dir Gr	INF204K01XF9	Container Corporation of India Ltd	Industrials	347.00	0.68	0.00	Apr25	12.51
Nippon India Multi Cap Dir Gr	INF204K01XF9	Container Corporation of India Ltd	Industrials	347.00	0.68	0.00	May25	11.15
Nippon India Multi Cap Dir Gr	INF204K01XF9	Container Corporation of India Ltd	Industrials	347.00	0.68	0.00	June25	10.18
Nippon India Multi Cap Dir Gr	INF204K01XF9	Container Corporation of India Ltd	Industrials	347.00	0.68	0.00	July25	9.19
Nippon India Multi Cap Dir Gr	INF204K01XF9	Container Corporation of India Ltd	Industrials	347.00	0.68	0.00	Aug25	8.13
Nippon India Multi Cap Dir Gr	INF204K01XF9	Sai Life Sciences Ltd	Healthcare	346.21	0.68	6.96	Oct24	5.55
Nippon India Multi Cap Dir Gr	INF204K01XF9	Sai Life Sciences Ltd	Healthcare	346.21	0.68	6.96	Nov24	7.52
Nippon India Multi Cap Dir Gr	INF204K01XF9	Sai Life Sciences Ltd	Healthcare	346.21	0.68	6.96	Dec24	3.56
Nippon India Multi Cap Dir Gr	INF204K01XF9	Sai Life Sciences Ltd	Healthcare	346.21	0.68	6.96	Jan25	5.32
Nippon India Multi Cap Dir Gr	INF204K01XF9	Sai Life Sciences Ltd	Healthcare	346.21	0.68	6.96	Feb25	5.59
Nippon India Multi Cap Dir Gr	INF204K01XF9	Sai Life Sciences Ltd	Healthcare	346.21	0.68	6.96	Mar25	15.51
Nippon India Multi Cap Dir Gr	INF204K01XF9	Sai Life Sciences Ltd	Healthcare	346.21	0.68	6.96	Mar25	15.51
Nippon India Multi Cap Dir Gr	INF204K01XF9	Sai Life Sciences Ltd	Healthcare	346.21	0.68	6.96	Apr25	12.51
Nippon India Multi Cap Dir Gr	INF204K01XF9	Sai Life Sciences Ltd	Healthcare	346.21	0.68	6.96	May25	11.15
Nippon India Multi Cap Dir Gr	INF204K01XF9	Sai Life Sciences Ltd	Healthcare	346.21	0.68	6.96	June25	10.18
Nippon India Multi Cap Dir Gr	INF204K01XF9	Sai Life Sciences Ltd	Healthcare	346.21	0.68	6.96	July25	9.19
Nippon India Multi Cap Dir Gr	INF204K01XF9	Sai Life Sciences Ltd	Healthcare	346.21	0.68	6.96	Aug25	8.13
Nippon India Multi Cap Dir Gr	INF204K01XF9	PVR INOX Ltd	Communication Services	337.50	0.66	0.00	Oct24	5.55
Nippon India Multi Cap Dir Gr	INF204K01XF9	PVR INOX Ltd	Communication Services	337.50	0.66	0.00	Nov24	7.52
Nippon India Multi Cap Dir Gr	INF204K01XF9	PVR INOX Ltd	Communication Services	337.50	0.66	0.00	Dec24	3.56
Nippon India Multi Cap Dir Gr	INF204K01XF9	PVR INOX Ltd	Communication Services	337.50	0.66	0.00	Jan25	5.32
Nippon India Multi Cap Dir Gr	INF204K01XF9	PVR INOX Ltd	Communication Services	337.50	0.66	0.00	Feb25	5.59
Nippon India Multi Cap Dir Gr	INF204K01XF9	PVR INOX Ltd	Communication Services	337.50	0.66	0.00	Mar25	15.51
Nippon India Multi Cap Dir Gr	INF204K01XF9	PVR INOX Ltd	Communication Services	337.50	0.66	0.00	Mar25	15.51
Nippon India Multi Cap Dir Gr	INF204K01XF9	PVR INOX Ltd	Communication Services	337.50	0.66	0.00	Apr25	12.51
Nippon India Multi Cap Dir Gr	INF204K01XF9	PVR INOX Ltd	Communication Services	337.50	0.66	0.00	May25	11.15
Nippon India Multi Cap Dir Gr	INF204K01XF9	PVR INOX Ltd	Communication Services	337.50	0.66	0.00	June25	10.18
Nippon India Multi Cap Dir Gr	INF204K01XF9	PVR INOX Ltd	Communication Services	337.50	0.66	0.00	July25	9.19
Nippon India Multi Cap Dir Gr	INF204K01XF9	PVR INOX Ltd	Communication Services	337.50	0.66	0.00	Aug25	8.13
Nippon India Multi Cap Dir Gr	INF204K01XF9	ZF Commercial Vehicle Control Systems India Ltd	Consumer Cyclical	328.26	0.65	0.00	Oct24	5.55
Nippon India Multi Cap Dir Gr	INF204K01XF9	ZF Commercial Vehicle Control Systems India Ltd	Consumer Cyclical	328.26	0.65	0.00	Nov24	7.52
Nippon India Multi Cap Dir Gr	INF204K01XF9	ZF Commercial Vehicle Control Systems India Ltd	Consumer Cyclical	328.26	0.65	0.00	Dec24	3.56
Nippon India Multi Cap Dir Gr	INF204K01XF9	ZF Commercial Vehicle Control Systems India Ltd	Consumer Cyclical	328.26	0.65	0.00	Jan25	5.32
Nippon India Multi Cap Dir Gr	INF204K01XF9	ZF Commercial Vehicle Control Systems India Ltd	Consumer Cyclical	328.26	0.65	0.00	Feb25	5.59
Nippon India Multi Cap Dir Gr	INF204K01XF9	ZF Commercial Vehicle Control Systems India Ltd	Consumer Cyclical	328.26	0.65	0.00	Mar25	15.51
Nippon India Multi Cap Dir Gr	INF204K01XF9	ZF Commercial Vehicle Control Systems India Ltd	Consumer Cyclical	328.26	0.65	0.00	Mar25	15.51
Nippon India Multi Cap Dir Gr	INF204K01XF9	ZF Commercial Vehicle Control Systems India Ltd	Consumer Cyclical	328.26	0.65	0.00	Apr25	12.51
Nippon India Multi Cap Dir Gr	INF204K01XF9	ZF Commercial Vehicle Control Systems India Ltd	Consumer Cyclical	328.26	0.65	0.00	May25	11.15
Nippon India Multi Cap Dir Gr	INF204K01XF9	ZF Commercial Vehicle Control Systems India Ltd	Consumer Cyclical	328.26	0.65	0.00	June25	10.18
Nippon India Multi Cap Dir Gr	INF204K01XF9	ZF Commercial Vehicle Control Systems India Ltd	Consumer Cyclical	328.26	0.65	0.00	July25	9.19
Nippon India Multi Cap Dir Gr	INF204K01XF9	ZF Commercial Vehicle Control Systems India Ltd	Consumer Cyclical	328.26	0.65	0.00	Aug25	8.13
Nippon India Multi Cap Dir Gr	INF204K01XF9	Kansai Nerolac Paints Ltd	Basic Materials	325.85	0.64	52.31	Oct24	5.55
Nippon India Multi Cap Dir Gr	INF204K01XF9	Kansai Nerolac Paints Ltd	Basic Materials	325.85	0.64	52.31	Nov24	7.52
Nippon India Multi Cap Dir Gr	INF204K01XF9	Kansai Nerolac Paints Ltd	Basic Materials	325.85	0.64	52.31	Dec24	3.56
Nippon India Multi Cap Dir Gr	INF204K01XF9	Kansai Nerolac Paints Ltd	Basic Materials	325.85	0.64	52.31	Jan25	5.32
Nippon India Multi Cap Dir Gr	INF204K01XF9	Kansai Nerolac Paints Ltd	Basic Materials	325.85	0.64	52.31	Feb25	5.59
Nippon India Multi Cap Dir Gr	INF204K01XF9	Kansai Nerolac Paints Ltd	Basic Materials	325.85	0.64	52.31	Mar25	15.51
Nippon India Multi Cap Dir Gr	INF204K01XF9	Kansai Nerolac Paints Ltd	Basic Materials	325.85	0.64	52.31	Mar25	15.51
Nippon India Multi Cap Dir Gr	INF204K01XF9	Kansai Nerolac Paints Ltd	Basic Materials	325.85	0.64	52.31	Apr25	12.51
Nippon India Multi Cap Dir Gr	INF204K01XF9	Kansai Nerolac Paints Ltd	Basic Materials	325.85	0.64	52.31	May25	11.15
Nippon India Multi Cap Dir Gr	INF204K01XF9	Kansai Nerolac Paints Ltd	Basic Materials	325.85	0.64	52.31	June25	10.18
Nippon India Multi Cap Dir Gr	INF204K01XF9	Kansai Nerolac Paints Ltd	Basic Materials	325.85	0.64	52.31	July25	9.19
Nippon India Multi Cap Dir Gr	INF204K01XF9	Kansai Nerolac Paints Ltd	Basic Materials	325.85	0.64	52.31	Aug25	8.13
Nippon India Multi Cap Dir Gr	INF204K01XF9	Cipla Ltd	Healthcare	320.16	0.63	0.00	Oct24	5.55
Nippon India Multi Cap Dir Gr	INF204K01XF9	Cipla Ltd	Healthcare	320.16	0.63	0.00	Nov24	7.52
Nippon India Multi Cap Dir Gr	INF204K01XF9	Cipla Ltd	Healthcare	320.16	0.63	0.00	Dec24	3.56
Nippon India Multi Cap Dir Gr	INF204K01XF9	Cipla Ltd	Healthcare	320.16	0.63	0.00	Jan25	5.32
Nippon India Multi Cap Dir Gr	INF204K01XF9	Cipla Ltd	Healthcare	320.16	0.63	0.00	Feb25	5.59
Nippon India Multi Cap Dir Gr	INF204K01XF9	Cipla Ltd	Healthcare	320.16	0.63	0.00	Mar25	15.51
Nippon India Multi Cap Dir Gr	INF204K01XF9	Cipla Ltd	Healthcare	320.16	0.63	0.00	Mar25	15.51
Nippon India Multi Cap Dir Gr	INF204K01XF9	Cipla Ltd	Healthcare	320.16	0.63	0.00	Apr25	12.51
Nippon India Multi Cap Dir Gr	INF204K01XF9	Cipla Ltd	Healthcare	320.16	0.63	0.00	May25	11.15
Nippon India Multi Cap Dir Gr	INF204K01XF9	Cipla Ltd	Healthcare	320.16	0.63	0.00	June25	10.18
Nippon India Multi Cap Dir Gr	INF204K01XF9	Cipla Ltd	Healthcare	320.16	0.63	0.00	July25	9.19
Nippon India Multi Cap Dir Gr	INF204K01XF9	Cipla Ltd	Healthcare	320.16	0.63	0.00	Aug25	8.13
Nippon India Multi Cap Dir Gr	INF204K01XF9	Tube Investments of India Ltd Ordinary Shares	Industrials	316.64	0.62		Oct24	5.55
Nippon India Multi Cap Dir Gr	INF204K01XF9	Tube Investments of India Ltd Ordinary Shares	Industrials	316.64	0.62		Nov24	7.52
Nippon India Multi Cap Dir Gr	INF204K01XF9	Tube Investments of India Ltd Ordinary Shares	Industrials	316.64	0.62		Dec24	3.56
Nippon India Multi Cap Dir Gr	INF204K01XF9	Tube Investments of India Ltd Ordinary Shares	Industrials	316.64	0.62		Jan25	5.32
Nippon India Multi Cap Dir Gr	INF204K01XF9	Tube Investments of India Ltd Ordinary Shares	Industrials	316.64	0.62		Feb25	5.59
Nippon India Multi Cap Dir Gr	INF204K01XF9	Tube Investments of India Ltd Ordinary Shares	Industrials	316.64	0.62		Mar25	15.51
Nippon India Multi Cap Dir Gr	INF204K01XF9	Tube Investments of India Ltd Ordinary Shares	Industrials	316.64	0.62		Mar25	15.51
Nippon India Multi Cap Dir Gr	INF204K01XF9	Tube Investments of India Ltd Ordinary Shares	Industrials	316.64	0.62		Apr25	12.51
Nippon India Multi Cap Dir Gr	INF204K01XF9	Tube Investments of India Ltd Ordinary Shares	Industrials	316.64	0.62		May25	11.15
Nippon India Multi Cap Dir Gr	INF204K01XF9	Tube Investments of India Ltd Ordinary Shares	Industrials	316.64	0.62		June25	10.18
Nippon India Multi Cap Dir Gr	INF204K01XF9	Tube Investments of India Ltd Ordinary Shares	Industrials	316.64	0.62		July25	9.19
Nippon India Multi Cap Dir Gr	INF204K01XF9	Tube Investments of India Ltd Ordinary Shares	Industrials	316.64	0.62		Aug25	8.13
Nippon India Multi Cap Dir Gr	INF204K01XF9	Avenue Supermarts Ltd	Consumer Defensive	311.89	0.61	0.00	Oct24	5.55
Nippon India Multi Cap Dir Gr	INF204K01XF9	Avenue Supermarts Ltd	Consumer Defensive	311.89	0.61	0.00	Nov24	7.52
Nippon India Multi Cap Dir Gr	INF204K01XF9	Avenue Supermarts Ltd	Consumer Defensive	311.89	0.61	0.00	Dec24	3.56
Nippon India Multi Cap Dir Gr	INF204K01XF9	Avenue Supermarts Ltd	Consumer Defensive	311.89	0.61	0.00	Jan25	5.32
Nippon India Multi Cap Dir Gr	INF204K01XF9	Avenue Supermarts Ltd	Consumer Defensive	311.89	0.61	0.00	Feb25	5.59
Nippon India Multi Cap Dir Gr	INF204K01XF9	Avenue Supermarts Ltd	Consumer Defensive	311.89	0.61	0.00	Mar25	15.51
Nippon India Multi Cap Dir Gr	INF204K01XF9	Avenue Supermarts Ltd	Consumer Defensive	311.89	0.61	0.00	Mar25	15.51
Nippon India Multi Cap Dir Gr	INF204K01XF9	Avenue Supermarts Ltd	Consumer Defensive	311.89	0.61	0.00	Apr25	12.51
Nippon India Multi Cap Dir Gr	INF204K01XF9	Avenue Supermarts Ltd	Consumer Defensive	311.89	0.61	0.00	May25	11.15
Nippon India Multi Cap Dir Gr	INF204K01XF9	Avenue Supermarts Ltd	Consumer Defensive	311.89	0.61	0.00	June25	10.18
Nippon India Multi Cap Dir Gr	INF204K01XF9	Avenue Supermarts Ltd	Consumer Defensive	311.89	0.61	0.00	July25	9.19
Nippon India Multi Cap Dir Gr	INF204K01XF9	Avenue Supermarts Ltd	Consumer Defensive	311.89	0.61	0.00	Aug25	8.13
Nippon India Multi Cap Dir Gr	INF204K01XF9	Emcure Pharmaceuticals Ltd	Healthcare	311.57	0.61	0.00	Oct24	5.55
Nippon India Multi Cap Dir Gr	INF204K01XF9	Emcure Pharmaceuticals Ltd	Healthcare	311.57	0.61	0.00	Nov24	7.52
Nippon India Multi Cap Dir Gr	INF204K01XF9	Emcure Pharmaceuticals Ltd	Healthcare	311.57	0.61	0.00	Dec24	3.56
Nippon India Multi Cap Dir Gr	INF204K01XF9	Emcure Pharmaceuticals Ltd	Healthcare	311.57	0.61	0.00	Jan25	5.32
Nippon India Multi Cap Dir Gr	INF204K01XF9	Emcure Pharmaceuticals Ltd	Healthcare	311.57	0.61	0.00	Feb25	5.59
Nippon India Multi Cap Dir Gr	INF204K01XF9	Emcure Pharmaceuticals Ltd	Healthcare	311.57	0.61	0.00	Mar25	15.51
Nippon India Multi Cap Dir Gr	INF204K01XF9	Emcure Pharmaceuticals Ltd	Healthcare	311.57	0.61	0.00	Mar25	15.51
Nippon India Multi Cap Dir Gr	INF204K01XF9	Emcure Pharmaceuticals Ltd	Healthcare	311.57	0.61	0.00	Apr25	12.51
Nippon India Multi Cap Dir Gr	INF204K01XF9	Emcure Pharmaceuticals Ltd	Healthcare	311.57	0.61	0.00	May25	11.15
Nippon India Multi Cap Dir Gr	INF204K01XF9	Emcure Pharmaceuticals Ltd	Healthcare	311.57	0.61	0.00	June25	10.18
Nippon India Multi Cap Dir Gr	INF204K01XF9	Emcure Pharmaceuticals Ltd	Healthcare	311.57	0.61	0.00	July25	9.19
Nippon India Multi Cap Dir Gr	INF204K01XF9	Emcure Pharmaceuticals Ltd	Healthcare	311.57	0.61	0.00	Aug25	8.13
Nippon India Multi Cap Dir Gr	INF204K01XF9	United Breweries Ltd	Consumer Defensive	298.13	0.59	0.00	Oct24	5.55
Nippon India Multi Cap Dir Gr	INF204K01XF9	United Breweries Ltd	Consumer Defensive	298.13	0.59	0.00	Nov24	7.52
Nippon India Multi Cap Dir Gr	INF204K01XF9	United Breweries Ltd	Consumer Defensive	298.13	0.59	0.00	Dec24	3.56
Nippon India Multi Cap Dir Gr	INF204K01XF9	United Breweries Ltd	Consumer Defensive	298.13	0.59	0.00	Jan25	5.32
Nippon India Multi Cap Dir Gr	INF204K01XF9	United Breweries Ltd	Consumer Defensive	298.13	0.59	0.00	Feb25	5.59
Nippon India Multi Cap Dir Gr	INF204K01XF9	United Breweries Ltd	Consumer Defensive	298.13	0.59	0.00	Mar25	15.51
Nippon India Multi Cap Dir Gr	INF204K01XF9	United Breweries Ltd	Consumer Defensive	298.13	0.59	0.00	Mar25	15.51
Nippon India Multi Cap Dir Gr	INF204K01XF9	United Breweries Ltd	Consumer Defensive	298.13	0.59	0.00	Apr25	12.51
Nippon India Multi Cap Dir Gr	INF204K01XF9	United Breweries Ltd	Consumer Defensive	298.13	0.59	0.00	May25	11.15
Nippon India Multi Cap Dir Gr	INF204K01XF9	United Breweries Ltd	Consumer Defensive	298.13	0.59	0.00	June25	10.18
Nippon India Multi Cap Dir Gr	INF204K01XF9	United Breweries Ltd	Consumer Defensive	298.13	0.59	0.00	July25	9.19
Nippon India Multi Cap Dir Gr	INF204K01XF9	United Breweries Ltd	Consumer Defensive	298.13	0.59	0.00	Aug25	8.13
Nippon India Multi Cap Dir Gr	INF204K01XF9	Eternal Ltd	Consumer Cyclical	297.07	0.58	-14.22	Oct24	5.55
Nippon India Multi Cap Dir Gr	INF204K01XF9	Eternal Ltd	Consumer Cyclical	297.07	0.58	-14.22	Nov24	7.52
Nippon India Multi Cap Dir Gr	INF204K01XF9	Eternal Ltd	Consumer Cyclical	297.07	0.58	-14.22	Dec24	3.56
Nippon India Multi Cap Dir Gr	INF204K01XF9	Eternal Ltd	Consumer Cyclical	297.07	0.58	-14.22	Jan25	5.32
Nippon India Multi Cap Dir Gr	INF204K01XF9	Eternal Ltd	Consumer Cyclical	297.07	0.58	-14.22	Feb25	5.59
Nippon India Multi Cap Dir Gr	INF204K01XF9	Eternal Ltd	Consumer Cyclical	297.07	0.58	-14.22	Mar25	15.51
Nippon India Multi Cap Dir Gr	INF204K01XF9	Eternal Ltd	Consumer Cyclical	297.07	0.58	-14.22	Mar25	15.51
Nippon India Multi Cap Dir Gr	INF204K01XF9	Eternal Ltd	Consumer Cyclical	297.07	0.58	-14.22	Apr25	12.51
Nippon India Multi Cap Dir Gr	INF204K01XF9	Eternal Ltd	Consumer Cyclical	297.07	0.58	-14.22	May25	11.15
Nippon India Multi Cap Dir Gr	INF204K01XF9	Eternal Ltd	Consumer Cyclical	297.07	0.58	-14.22	June25	10.18
Nippon India Multi Cap Dir Gr	INF204K01XF9	Eternal Ltd	Consumer Cyclical	297.07	0.58	-14.22	July25	9.19
Nippon India Multi Cap Dir Gr	INF204K01XF9	Eternal Ltd	Consumer Cyclical	297.07	0.58	-14.22	Aug25	8.13
Nippon India Multi Cap Dir Gr	INF204K01XF9	Berger Paints India Ltd	Basic Materials	296.16	0.58	0.00	Oct24	5.55
Nippon India Multi Cap Dir Gr	INF204K01XF9	Berger Paints India Ltd	Basic Materials	296.16	0.58	0.00	Nov24	7.52
Nippon India Multi Cap Dir Gr	INF204K01XF9	Berger Paints India Ltd	Basic Materials	296.16	0.58	0.00	Dec24	3.56
Nippon India Multi Cap Dir Gr	INF204K01XF9	Berger Paints India Ltd	Basic Materials	296.16	0.58	0.00	Jan25	5.32
Nippon India Multi Cap Dir Gr	INF204K01XF9	Berger Paints India Ltd	Basic Materials	296.16	0.58	0.00	Feb25	5.59
Nippon India Multi Cap Dir Gr	INF204K01XF9	Berger Paints India Ltd	Basic Materials	296.16	0.58	0.00	Mar25	15.51
Nippon India Multi Cap Dir Gr	INF204K01XF9	Berger Paints India Ltd	Basic Materials	296.16	0.58	0.00	Mar25	15.51
Nippon India Multi Cap Dir Gr	INF204K01XF9	Berger Paints India Ltd	Basic Materials	296.16	0.58	0.00	Apr25	12.51
Nippon India Multi Cap Dir Gr	INF204K01XF9	Berger Paints India Ltd	Basic Materials	296.16	0.58	0.00	May25	11.15
Nippon India Multi Cap Dir Gr	INF204K01XF9	Berger Paints India Ltd	Basic Materials	296.16	0.58	0.00	June25	10.18
Nippon India Multi Cap Dir Gr	INF204K01XF9	Berger Paints India Ltd	Basic Materials	296.16	0.58	0.00	July25	9.19
Nippon India Multi Cap Dir Gr	INF204K01XF9	Berger Paints India Ltd	Basic Materials	296.16	0.58	0.00	Aug25	8.13
Nippon India Multi Cap Dir Gr	INF204K01XF9	Abbott India Ltd	Healthcare	291.71	0.57	0.00	Oct24	5.55
Nippon India Multi Cap Dir Gr	INF204K01XF9	Abbott India Ltd	Healthcare	291.71	0.57	0.00	Nov24	7.52
Nippon India Multi Cap Dir Gr	INF204K01XF9	Abbott India Ltd	Healthcare	291.71	0.57	0.00	Dec24	3.56
Nippon India Multi Cap Dir Gr	INF204K01XF9	Abbott India Ltd	Healthcare	291.71	0.57	0.00	Jan25	5.32
Nippon India Multi Cap Dir Gr	INF204K01XF9	Abbott India Ltd	Healthcare	291.71	0.57	0.00	Feb25	5.59
Nippon India Multi Cap Dir Gr	INF204K01XF9	Abbott India Ltd	Healthcare	291.71	0.57	0.00	Mar25	15.51
Nippon India Multi Cap Dir Gr	INF204K01XF9	Abbott India Ltd	Healthcare	291.71	0.57	0.00	Mar25	15.51
Nippon India Multi Cap Dir Gr	INF204K01XF9	Abbott India Ltd	Healthcare	291.71	0.57	0.00	Apr25	12.51
Nippon India Multi Cap Dir Gr	INF204K01XF9	Abbott India Ltd	Healthcare	291.71	0.57	0.00	May25	11.15
Nippon India Multi Cap Dir Gr	INF204K01XF9	Abbott India Ltd	Healthcare	291.71	0.57	0.00	June25	10.18
Nippon India Multi Cap Dir Gr	INF204K01XF9	Abbott India Ltd	Healthcare	291.71	0.57	0.00	July25	9.19
Nippon India Multi Cap Dir Gr	INF204K01XF9	Abbott India Ltd	Healthcare	291.71	0.57	0.00	Aug25	8.13
Nippon India Multi Cap Dir Gr	INF204K01XF9	Varun Beverages Ltd	Consumer Defensive	285.88	0.56	12.80	Oct24	5.55
Nippon India Multi Cap Dir Gr	INF204K01XF9	Varun Beverages Ltd	Consumer Defensive	285.88	0.56	12.80	Nov24	7.52
Nippon India Multi Cap Dir Gr	INF204K01XF9	Varun Beverages Ltd	Consumer Defensive	285.88	0.56	12.80	Dec24	3.56
Nippon India Multi Cap Dir Gr	INF204K01XF9	Varun Beverages Ltd	Consumer Defensive	285.88	0.56	12.80	Jan25	5.32
Nippon India Multi Cap Dir Gr	INF204K01XF9	Varun Beverages Ltd	Consumer Defensive	285.88	0.56	12.80	Feb25	5.59
Nippon India Multi Cap Dir Gr	INF204K01XF9	Varun Beverages Ltd	Consumer Defensive	285.88	0.56	12.80	Mar25	15.51
Nippon India Multi Cap Dir Gr	INF204K01XF9	Varun Beverages Ltd	Consumer Defensive	285.88	0.56	12.80	Mar25	15.51
Nippon India Multi Cap Dir Gr	INF204K01XF9	Varun Beverages Ltd	Consumer Defensive	285.88	0.56	12.80	Apr25	12.51
Nippon India Multi Cap Dir Gr	INF204K01XF9	Varun Beverages Ltd	Consumer Defensive	285.88	0.56	12.80	May25	11.15
Nippon India Multi Cap Dir Gr	INF204K01XF9	Varun Beverages Ltd	Consumer Defensive	285.88	0.56	12.80	June25	10.18
Nippon India Multi Cap Dir Gr	INF204K01XF9	Varun Beverages Ltd	Consumer Defensive	285.88	0.56	12.80	July25	9.19
Nippon India Multi Cap Dir Gr	INF204K01XF9	Varun Beverages Ltd	Consumer Defensive	285.88	0.56	12.80	Aug25	8.13
Nippon India Multi Cap Dir Gr	INF204K01XF9	Gillette India Ltd	Consumer Defensive	271.99	0.54	0.00	Oct24	5.55
Nippon India Multi Cap Dir Gr	INF204K01XF9	Gillette India Ltd	Consumer Defensive	271.99	0.54	0.00	Nov24	7.52
Nippon India Multi Cap Dir Gr	INF204K01XF9	Gillette India Ltd	Consumer Defensive	271.99	0.54	0.00	Dec24	3.56
Nippon India Multi Cap Dir Gr	INF204K01XF9	Gillette India Ltd	Consumer Defensive	271.99	0.54	0.00	Jan25	5.32
Nippon India Multi Cap Dir Gr	INF204K01XF9	Gillette India Ltd	Consumer Defensive	271.99	0.54	0.00	Feb25	5.59
Nippon India Multi Cap Dir Gr	INF204K01XF9	Gillette India Ltd	Consumer Defensive	271.99	0.54	0.00	Mar25	15.51
Nippon India Multi Cap Dir Gr	INF204K01XF9	Gillette India Ltd	Consumer Defensive	271.99	0.54	0.00	Mar25	15.51
Nippon India Multi Cap Dir Gr	INF204K01XF9	Gillette India Ltd	Consumer Defensive	271.99	0.54	0.00	Apr25	12.51
Nippon India Multi Cap Dir Gr	INF204K01XF9	Gillette India Ltd	Consumer Defensive	271.99	0.54	0.00	May25	11.15
Nippon India Multi Cap Dir Gr	INF204K01XF9	Gillette India Ltd	Consumer Defensive	271.99	0.54	0.00	June25	10.18
Nippon India Multi Cap Dir Gr	INF204K01XF9	Gillette India Ltd	Consumer Defensive	271.99	0.54	0.00	July25	9.19
Nippon India Multi Cap Dir Gr	INF204K01XF9	Gillette India Ltd	Consumer Defensive	271.99	0.54	0.00	Aug25	8.13
Nippon India Multi Cap Dir Gr	INF204K01XF9	Akzo Nobel India Ltd	Basic Materials	267.55	0.53	0.00	Oct24	5.55
Nippon India Multi Cap Dir Gr	INF204K01XF9	Akzo Nobel India Ltd	Basic Materials	267.55	0.53	0.00	Nov24	7.52
Nippon India Multi Cap Dir Gr	INF204K01XF9	Akzo Nobel India Ltd	Basic Materials	267.55	0.53	0.00	Dec24	3.56
Nippon India Multi Cap Dir Gr	INF204K01XF9	Akzo Nobel India Ltd	Basic Materials	267.55	0.53	0.00	Jan25	5.32
Nippon India Multi Cap Dir Gr	INF204K01XF9	Akzo Nobel India Ltd	Basic Materials	267.55	0.53	0.00	Feb25	5.59
Nippon India Multi Cap Dir Gr	INF204K01XF9	Akzo Nobel India Ltd	Basic Materials	267.55	0.53	0.00	Mar25	15.51
Nippon India Multi Cap Dir Gr	INF204K01XF9	Akzo Nobel India Ltd	Basic Materials	267.55	0.53	0.00	Mar25	15.51
Nippon India Multi Cap Dir Gr	INF204K01XF9	Akzo Nobel India Ltd	Basic Materials	267.55	0.53	0.00	Apr25	12.51
Nippon India Multi Cap Dir Gr	INF204K01XF9	Akzo Nobel India Ltd	Basic Materials	267.55	0.53	0.00	May25	11.15
Nippon India Multi Cap Dir Gr	INF204K01XF9	Akzo Nobel India Ltd	Basic Materials	267.55	0.53	0.00	June25	10.18
Nippon India Multi Cap Dir Gr	INF204K01XF9	Akzo Nobel India Ltd	Basic Materials	267.55	0.53	0.00	July25	9.19
Nippon India Multi Cap Dir Gr	INF204K01XF9	Akzo Nobel India Ltd	Basic Materials	267.55	0.53	0.00	Aug25	8.13
Nippon India Multi Cap Dir Gr	INF204K01XF9	Gland Pharma Ltd	Healthcare	267.21	0.53	0.00	Oct24	5.55
Nippon India Multi Cap Dir Gr	INF204K01XF9	Gland Pharma Ltd	Healthcare	267.21	0.53	0.00	Nov24	7.52
Nippon India Multi Cap Dir Gr	INF204K01XF9	Gland Pharma Ltd	Healthcare	267.21	0.53	0.00	Dec24	3.56
Nippon India Multi Cap Dir Gr	INF204K01XF9	Gland Pharma Ltd	Healthcare	267.21	0.53	0.00	Jan25	5.32
Nippon India Multi Cap Dir Gr	INF204K01XF9	Gland Pharma Ltd	Healthcare	267.21	0.53	0.00	Feb25	5.59
Nippon India Multi Cap Dir Gr	INF204K01XF9	Gland Pharma Ltd	Healthcare	267.21	0.53	0.00	Mar25	15.51
Nippon India Multi Cap Dir Gr	INF204K01XF9	Gland Pharma Ltd	Healthcare	267.21	0.53	0.00	Mar25	15.51
Nippon India Multi Cap Dir Gr	INF204K01XF9	Gland Pharma Ltd	Healthcare	267.21	0.53	0.00	Apr25	12.51
Nippon India Multi Cap Dir Gr	INF204K01XF9	Gland Pharma Ltd	Healthcare	267.21	0.53	0.00	May25	11.15
Nippon India Multi Cap Dir Gr	INF204K01XF9	Gland Pharma Ltd	Healthcare	267.21	0.53	0.00	June25	10.18
Nippon India Multi Cap Dir Gr	INF204K01XF9	Gland Pharma Ltd	Healthcare	267.21	0.53	0.00	July25	9.19
Nippon India Multi Cap Dir Gr	INF204K01XF9	Gland Pharma Ltd	Healthcare	267.21	0.53	0.00	Aug25	8.13
Nippon India Multi Cap Dir Gr	INF204K01XF9	Timken India Ltd	Industrials	265.78	0.52	0.00	Oct24	5.55
Nippon India Multi Cap Dir Gr	INF204K01XF9	Timken India Ltd	Industrials	265.78	0.52	0.00	Nov24	7.52
Nippon India Multi Cap Dir Gr	INF204K01XF9	Timken India Ltd	Industrials	265.78	0.52	0.00	Dec24	3.56
Nippon India Multi Cap Dir Gr	INF204K01XF9	Timken India Ltd	Industrials	265.78	0.52	0.00	Jan25	5.32
Nippon India Multi Cap Dir Gr	INF204K01XF9	Timken India Ltd	Industrials	265.78	0.52	0.00	Feb25	5.59
Nippon India Multi Cap Dir Gr	INF204K01XF9	Timken India Ltd	Industrials	265.78	0.52	0.00	Mar25	15.51
Nippon India Multi Cap Dir Gr	INF204K01XF9	Timken India Ltd	Industrials	265.78	0.52	0.00	Mar25	15.51
Nippon India Multi Cap Dir Gr	INF204K01XF9	Timken India Ltd	Industrials	265.78	0.52	0.00	Apr25	12.51
Nippon India Multi Cap Dir Gr	INF204K01XF9	Timken India Ltd	Industrials	265.78	0.52	0.00	May25	11.15
Nippon India Multi Cap Dir Gr	INF204K01XF9	Timken India Ltd	Industrials	265.78	0.52	0.00	June25	10.18
Nippon India Multi Cap Dir Gr	INF204K01XF9	Timken India Ltd	Industrials	265.78	0.52	0.00	July25	9.19
Nippon India Multi Cap Dir Gr	INF204K01XF9	Timken India Ltd	Industrials	265.78	0.52	0.00	Aug25	8.13
Nippon India Multi Cap Dir Gr	INF204K01XF9	Info Edge (India) Ltd	Communication Services	265.04	0.52	0.00	Oct24	5.55
Nippon India Multi Cap Dir Gr	INF204K01XF9	Info Edge (India) Ltd	Communication Services	265.04	0.52	0.00	Nov24	7.52
Nippon India Multi Cap Dir Gr	INF204K01XF9	Info Edge (India) Ltd	Communication Services	265.04	0.52	0.00	Dec24	3.56
Nippon India Multi Cap Dir Gr	INF204K01XF9	Info Edge (India) Ltd	Communication Services	265.04	0.52	0.00	Jan25	5.32
Nippon India Multi Cap Dir Gr	INF204K01XF9	Info Edge (India) Ltd	Communication Services	265.04	0.52	0.00	Feb25	5.59
Nippon India Multi Cap Dir Gr	INF204K01XF9	Info Edge (India) Ltd	Communication Services	265.04	0.52	0.00	Mar25	15.51
Nippon India Multi Cap Dir Gr	INF204K01XF9	Info Edge (India) Ltd	Communication Services	265.04	0.52	0.00	Mar25	15.51
Nippon India Multi Cap Dir Gr	INF204K01XF9	Info Edge (India) Ltd	Communication Services	265.04	0.52	0.00	Apr25	12.51
Nippon India Multi Cap Dir Gr	INF204K01XF9	Info Edge (India) Ltd	Communication Services	265.04	0.52	0.00	May25	11.15
Nippon India Multi Cap Dir Gr	INF204K01XF9	Info Edge (India) Ltd	Communication Services	265.04	0.52	0.00	June25	10.18
Nippon India Multi Cap Dir Gr	INF204K01XF9	Info Edge (India) Ltd	Communication Services	265.04	0.52	0.00	July25	9.19
Nippon India Multi Cap Dir Gr	INF204K01XF9	Info Edge (India) Ltd	Communication Services	265.04	0.52	0.00	Aug25	8.13
Nippon India Multi Cap Dir Gr	INF204K01XF9	Billionbrains Garage Ventures Ltd	Financial Services	261.56	0.51	0.00	Oct24	5.55
Nippon India Multi Cap Dir Gr	INF204K01XF9	Billionbrains Garage Ventures Ltd	Financial Services	261.56	0.51	0.00	Nov24	7.52
Nippon India Multi Cap Dir Gr	INF204K01XF9	Billionbrains Garage Ventures Ltd	Financial Services	261.56	0.51	0.00	Dec24	3.56
Nippon India Multi Cap Dir Gr	INF204K01XF9	Billionbrains Garage Ventures Ltd	Financial Services	261.56	0.51	0.00	Jan25	5.32
Nippon India Multi Cap Dir Gr	INF204K01XF9	Billionbrains Garage Ventures Ltd	Financial Services	261.56	0.51	0.00	Feb25	5.59
Nippon India Multi Cap Dir Gr	INF204K01XF9	Billionbrains Garage Ventures Ltd	Financial Services	261.56	0.51	0.00	Mar25	15.51
Nippon India Multi Cap Dir Gr	INF204K01XF9	Billionbrains Garage Ventures Ltd	Financial Services	261.56	0.51	0.00	Mar25	15.51
Nippon India Multi Cap Dir Gr	INF204K01XF9	Billionbrains Garage Ventures Ltd	Financial Services	261.56	0.51	0.00	Apr25	12.51
Nippon India Multi Cap Dir Gr	INF204K01XF9	Billionbrains Garage Ventures Ltd	Financial Services	261.56	0.51	0.00	May25	11.15
Nippon India Multi Cap Dir Gr	INF204K01XF9	Billionbrains Garage Ventures Ltd	Financial Services	261.56	0.51	0.00	June25	10.18
Nippon India Multi Cap Dir Gr	INF204K01XF9	Billionbrains Garage Ventures Ltd	Financial Services	261.56	0.51	0.00	July25	9.19
Nippon India Multi Cap Dir Gr	INF204K01XF9	Billionbrains Garage Ventures Ltd	Financial Services	261.56	0.51	0.00	Aug25	8.13
Nippon India Multi Cap Dir Gr	INF204K01XF9	Schneider Electric Infrastructure Ltd	Industrials	260.90	0.51	0.00	Oct24	5.55
Nippon India Multi Cap Dir Gr	INF204K01XF9	Schneider Electric Infrastructure Ltd	Industrials	260.90	0.51	0.00	Nov24	7.52
Nippon India Multi Cap Dir Gr	INF204K01XF9	Schneider Electric Infrastructure Ltd	Industrials	260.90	0.51	0.00	Dec24	3.56
Nippon India Multi Cap Dir Gr	INF204K01XF9	Schneider Electric Infrastructure Ltd	Industrials	260.90	0.51	0.00	Jan25	5.32
Nippon India Multi Cap Dir Gr	INF204K01XF9	Schneider Electric Infrastructure Ltd	Industrials	260.90	0.51	0.00	Feb25	5.59
Nippon India Multi Cap Dir Gr	INF204K01XF9	Schneider Electric Infrastructure Ltd	Industrials	260.90	0.51	0.00	Mar25	15.51
Nippon India Multi Cap Dir Gr	INF204K01XF9	Schneider Electric Infrastructure Ltd	Industrials	260.90	0.51	0.00	Mar25	15.51
Nippon India Multi Cap Dir Gr	INF204K01XF9	Schneider Electric Infrastructure Ltd	Industrials	260.90	0.51	0.00	Apr25	12.51
Nippon India Multi Cap Dir Gr	INF204K01XF9	Schneider Electric Infrastructure Ltd	Industrials	260.90	0.51	0.00	May25	11.15
Nippon India Multi Cap Dir Gr	INF204K01XF9	Schneider Electric Infrastructure Ltd	Industrials	260.90	0.51	0.00	June25	10.18
Nippon India Multi Cap Dir Gr	INF204K01XF9	Schneider Electric Infrastructure Ltd	Industrials	260.90	0.51	0.00	July25	9.19
Nippon India Multi Cap Dir Gr	INF204K01XF9	Schneider Electric Infrastructure Ltd	Industrials	260.90	0.51	0.00	Aug25	8.13
Nippon India Multi Cap Dir Gr	INF204K01XF9	Trent Ltd	Consumer Cyclical	254.96	0.50	0.00	Oct24	5.55
Nippon India Multi Cap Dir Gr	INF204K01XF9	Trent Ltd	Consumer Cyclical	254.96	0.50	0.00	Nov24	7.52
Nippon India Multi Cap Dir Gr	INF204K01XF9	Trent Ltd	Consumer Cyclical	254.96	0.50	0.00	Dec24	3.56
Nippon India Multi Cap Dir Gr	INF204K01XF9	Trent Ltd	Consumer Cyclical	254.96	0.50	0.00	Jan25	5.32
Nippon India Multi Cap Dir Gr	INF204K01XF9	Trent Ltd	Consumer Cyclical	254.96	0.50	0.00	Feb25	5.59
Nippon India Multi Cap Dir Gr	INF204K01XF9	Trent Ltd	Consumer Cyclical	254.96	0.50	0.00	Mar25	15.51
Nippon India Multi Cap Dir Gr	INF204K01XF9	Trent Ltd	Consumer Cyclical	254.96	0.50	0.00	Mar25	15.51
Nippon India Multi Cap Dir Gr	INF204K01XF9	Trent Ltd	Consumer Cyclical	254.96	0.50	0.00	Apr25	12.51
Nippon India Multi Cap Dir Gr	INF204K01XF9	Trent Ltd	Consumer Cyclical	254.96	0.50	0.00	May25	11.15
Nippon India Multi Cap Dir Gr	INF204K01XF9	Trent Ltd	Consumer Cyclical	254.96	0.50	0.00	June25	10.18
Nippon India Multi Cap Dir Gr	INF204K01XF9	Trent Ltd	Consumer Cyclical	254.96	0.50	0.00	July25	9.19
Nippon India Multi Cap Dir Gr	INF204K01XF9	Trent Ltd	Consumer Cyclical	254.96	0.50	0.00	Aug25	8.13
Nippon India Multi Cap Dir Gr	INF204K01XF9	JK Cement Ltd	Basic Materials	253.18	0.50	0.00	Oct24	5.55
Nippon India Multi Cap Dir Gr	INF204K01XF9	JK Cement Ltd	Basic Materials	253.18	0.50	0.00	Nov24	7.52
Nippon India Multi Cap Dir Gr	INF204K01XF9	JK Cement Ltd	Basic Materials	253.18	0.50	0.00	Dec24	3.56
Nippon India Multi Cap Dir Gr	INF204K01XF9	JK Cement Ltd	Basic Materials	253.18	0.50	0.00	Jan25	5.32
Nippon India Multi Cap Dir Gr	INF204K01XF9	JK Cement Ltd	Basic Materials	253.18	0.50	0.00	Feb25	5.59
Nippon India Multi Cap Dir Gr	INF204K01XF9	JK Cement Ltd	Basic Materials	253.18	0.50	0.00	Mar25	15.51
Nippon India Multi Cap Dir Gr	INF204K01XF9	JK Cement Ltd	Basic Materials	253.18	0.50	0.00	Mar25	15.51
Nippon India Multi Cap Dir Gr	INF204K01XF9	JK Cement Ltd	Basic Materials	253.18	0.50	0.00	Apr25	12.51
Nippon India Multi Cap Dir Gr	INF204K01XF9	JK Cement Ltd	Basic Materials	253.18	0.50	0.00	May25	11.15
Nippon India Multi Cap Dir Gr	INF204K01XF9	JK Cement Ltd	Basic Materials	253.18	0.50	0.00	June25	10.18
Nippon India Multi Cap Dir Gr	INF204K01XF9	JK Cement Ltd	Basic Materials	253.18	0.50	0.00	July25	9.19
Nippon India Multi Cap Dir Gr	INF204K01XF9	JK Cement Ltd	Basic Materials	253.18	0.50	0.00	Aug25	8.13
Nippon India Multi Cap Dir Gr	INF204K01XF9	HDFC Life Insurance Co Ltd	Financial Services	250.36	0.49	-22.22	Oct24	5.55
Nippon India Multi Cap Dir Gr	INF204K01XF9	HDFC Life Insurance Co Ltd	Financial Services	250.36	0.49	-22.22	Nov24	7.52
Nippon India Multi Cap Dir Gr	INF204K01XF9	HDFC Life Insurance Co Ltd	Financial Services	250.36	0.49	-22.22	Dec24	3.56
Nippon India Multi Cap Dir Gr	INF204K01XF9	HDFC Life Insurance Co Ltd	Financial Services	250.36	0.49	-22.22	Jan25	5.32
Nippon India Multi Cap Dir Gr	INF204K01XF9	HDFC Life Insurance Co Ltd	Financial Services	250.36	0.49	-22.22	Feb25	5.59
Nippon India Multi Cap Dir Gr	INF204K01XF9	HDFC Life Insurance Co Ltd	Financial Services	250.36	0.49	-22.22	Mar25	15.51
Nippon India Multi Cap Dir Gr	INF204K01XF9	HDFC Life Insurance Co Ltd	Financial Services	250.36	0.49	-22.22	Mar25	15.51
Nippon India Multi Cap Dir Gr	INF204K01XF9	HDFC Life Insurance Co Ltd	Financial Services	250.36	0.49	-22.22	Apr25	12.51
Nippon India Multi Cap Dir Gr	INF204K01XF9	HDFC Life Insurance Co Ltd	Financial Services	250.36	0.49	-22.22	May25	11.15
Nippon India Multi Cap Dir Gr	INF204K01XF9	HDFC Life Insurance Co Ltd	Financial Services	250.36	0.49	-22.22	June25	10.18
Nippon India Multi Cap Dir Gr	INF204K01XF9	HDFC Life Insurance Co Ltd	Financial Services	250.36	0.49	-22.22	July25	9.19
Nippon India Multi Cap Dir Gr	INF204K01XF9	HDFC Life Insurance Co Ltd	Financial Services	250.36	0.49	-22.22	Aug25	8.13
Nippon India Multi Cap Dir Gr	INF204K01XF9	Niva Bupa Health Insurance Co Ltd	Financial Services	247.10	0.49	0.00	Oct24	5.55
Nippon India Multi Cap Dir Gr	INF204K01XF9	Niva Bupa Health Insurance Co Ltd	Financial Services	247.10	0.49	0.00	Nov24	7.52
Nippon India Multi Cap Dir Gr	INF204K01XF9	Niva Bupa Health Insurance Co Ltd	Financial Services	247.10	0.49	0.00	Dec24	3.56
Nippon India Multi Cap Dir Gr	INF204K01XF9	Niva Bupa Health Insurance Co Ltd	Financial Services	247.10	0.49	0.00	Jan25	5.32
Nippon India Multi Cap Dir Gr	INF204K01XF9	Niva Bupa Health Insurance Co Ltd	Financial Services	247.10	0.49	0.00	Feb25	5.59
Nippon India Multi Cap Dir Gr	INF204K01XF9	Niva Bupa Health Insurance Co Ltd	Financial Services	247.10	0.49	0.00	Mar25	15.51
Nippon India Multi Cap Dir Gr	INF204K01XF9	Niva Bupa Health Insurance Co Ltd	Financial Services	247.10	0.49	0.00	Mar25	15.51
Nippon India Multi Cap Dir Gr	INF204K01XF9	Niva Bupa Health Insurance Co Ltd	Financial Services	247.10	0.49	0.00	Apr25	12.51
Nippon India Multi Cap Dir Gr	INF204K01XF9	Niva Bupa Health Insurance Co Ltd	Financial Services	247.10	0.49	0.00	May25	11.15
Nippon India Multi Cap Dir Gr	INF204K01XF9	Niva Bupa Health Insurance Co Ltd	Financial Services	247.10	0.49	0.00	June25	10.18
Nippon India Multi Cap Dir Gr	INF204K01XF9	Niva Bupa Health Insurance Co Ltd	Financial Services	247.10	0.49	0.00	July25	9.19
Nippon India Multi Cap Dir Gr	INF204K01XF9	Niva Bupa Health Insurance Co Ltd	Financial Services	247.10	0.49	0.00	Aug25	8.13
Nippon India Multi Cap Dir Gr	INF204K01XF9	Ajanta Pharma Ltd	Healthcare	241.75	0.48	0.00	Oct24	5.55
Nippon India Multi Cap Dir Gr	INF204K01XF9	Ajanta Pharma Ltd	Healthcare	241.75	0.48	0.00	Nov24	7.52
Nippon India Multi Cap Dir Gr	INF204K01XF9	Ajanta Pharma Ltd	Healthcare	241.75	0.48	0.00	Dec24	3.56
Nippon India Multi Cap Dir Gr	INF204K01XF9	Ajanta Pharma Ltd	Healthcare	241.75	0.48	0.00	Jan25	5.32
Nippon India Multi Cap Dir Gr	INF204K01XF9	Ajanta Pharma Ltd	Healthcare	241.75	0.48	0.00	Feb25	5.59
Nippon India Multi Cap Dir Gr	INF204K01XF9	Ajanta Pharma Ltd	Healthcare	241.75	0.48	0.00	Mar25	15.51
Nippon India Multi Cap Dir Gr	INF204K01XF9	Ajanta Pharma Ltd	Healthcare	241.75	0.48	0.00	Mar25	15.51
Nippon India Multi Cap Dir Gr	INF204K01XF9	Ajanta Pharma Ltd	Healthcare	241.75	0.48	0.00	Apr25	12.51
Nippon India Multi Cap Dir Gr	INF204K01XF9	Ajanta Pharma Ltd	Healthcare	241.75	0.48	0.00	May25	11.15
Nippon India Multi Cap Dir Gr	INF204K01XF9	Ajanta Pharma Ltd	Healthcare	241.75	0.48	0.00	June25	10.18
Nippon India Multi Cap Dir Gr	INF204K01XF9	Ajanta Pharma Ltd	Healthcare	241.75	0.48	0.00	July25	9.19
Nippon India Multi Cap Dir Gr	INF204K01XF9	Ajanta Pharma Ltd	Healthcare	241.75	0.48	0.00	Aug25	8.13
Nippon India Multi Cap Dir Gr	INF204K01XF9	Alkem Laboratories Ltd	Healthcare	236.06	0.46	0.00	Oct24	5.55
Nippon India Multi Cap Dir Gr	INF204K01XF9	Alkem Laboratories Ltd	Healthcare	236.06	0.46	0.00	Nov24	7.52
Nippon India Multi Cap Dir Gr	INF204K01XF9	Alkem Laboratories Ltd	Healthcare	236.06	0.46	0.00	Dec24	3.56
Nippon India Multi Cap Dir Gr	INF204K01XF9	Alkem Laboratories Ltd	Healthcare	236.06	0.46	0.00	Jan25	5.32
Nippon India Multi Cap Dir Gr	INF204K01XF9	Alkem Laboratories Ltd	Healthcare	236.06	0.46	0.00	Feb25	5.59
Nippon India Multi Cap Dir Gr	INF204K01XF9	Alkem Laboratories Ltd	Healthcare	236.06	0.46	0.00	Mar25	15.51
Nippon India Multi Cap Dir Gr	INF204K01XF9	Alkem Laboratories Ltd	Healthcare	236.06	0.46	0.00	Mar25	15.51
Nippon India Multi Cap Dir Gr	INF204K01XF9	Alkem Laboratories Ltd	Healthcare	236.06	0.46	0.00	Apr25	12.51
Nippon India Multi Cap Dir Gr	INF204K01XF9	Alkem Laboratories Ltd	Healthcare	236.06	0.46	0.00	May25	11.15
Nippon India Multi Cap Dir Gr	INF204K01XF9	Alkem Laboratories Ltd	Healthcare	236.06	0.46	0.00	June25	10.18
Nippon India Multi Cap Dir Gr	INF204K01XF9	Alkem Laboratories Ltd	Healthcare	236.06	0.46	0.00	July25	9.19
Nippon India Multi Cap Dir Gr	INF204K01XF9	Alkem Laboratories Ltd	Healthcare	236.06	0.46	0.00	Aug25	8.13
Nippon India Multi Cap Dir Gr	INF204K01XF9	Biocon Ltd	Healthcare	234.93	0.46	0.00	Oct24	5.55
Nippon India Multi Cap Dir Gr	INF204K01XF9	Biocon Ltd	Healthcare	234.93	0.46	0.00	Nov24	7.52
Nippon India Multi Cap Dir Gr	INF204K01XF9	Biocon Ltd	Healthcare	234.93	0.46	0.00	Dec24	3.56
Nippon India Multi Cap Dir Gr	INF204K01XF9	Biocon Ltd	Healthcare	234.93	0.46	0.00	Jan25	5.32
Nippon India Multi Cap Dir Gr	INF204K01XF9	Biocon Ltd	Healthcare	234.93	0.46	0.00	Feb25	5.59
Nippon India Multi Cap Dir Gr	INF204K01XF9	Biocon Ltd	Healthcare	234.93	0.46	0.00	Mar25	15.51
Nippon India Multi Cap Dir Gr	INF204K01XF9	Biocon Ltd	Healthcare	234.93	0.46	0.00	Mar25	15.51
Nippon India Multi Cap Dir Gr	INF204K01XF9	Biocon Ltd	Healthcare	234.93	0.46	0.00	Apr25	12.51
Nippon India Multi Cap Dir Gr	INF204K01XF9	Biocon Ltd	Healthcare	234.93	0.46	0.00	May25	11.15
Nippon India Multi Cap Dir Gr	INF204K01XF9	Biocon Ltd	Healthcare	234.93	0.46	0.00	June25	10.18
Nippon India Multi Cap Dir Gr	INF204K01XF9	Biocon Ltd	Healthcare	234.93	0.46	0.00	July25	9.19
Nippon India Multi Cap Dir Gr	INF204K01XF9	Biocon Ltd	Healthcare	234.93	0.46	0.00	Aug25	8.13
Nippon India Multi Cap Dir Gr	INF204K01XF9	ITC Hotels Ltd	Consumer Cyclical	234.73	0.46	0.00	Oct24	5.55
Nippon India Multi Cap Dir Gr	INF204K01XF9	ITC Hotels Ltd	Consumer Cyclical	234.73	0.46	0.00	Nov24	7.52
Nippon India Multi Cap Dir Gr	INF204K01XF9	ITC Hotels Ltd	Consumer Cyclical	234.73	0.46	0.00	Dec24	3.56
Nippon India Multi Cap Dir Gr	INF204K01XF9	ITC Hotels Ltd	Consumer Cyclical	234.73	0.46	0.00	Jan25	5.32
Nippon India Multi Cap Dir Gr	INF204K01XF9	ITC Hotels Ltd	Consumer Cyclical	234.73	0.46	0.00	Feb25	5.59
Nippon India Multi Cap Dir Gr	INF204K01XF9	ITC Hotels Ltd	Consumer Cyclical	234.73	0.46	0.00	Mar25	15.51
Nippon India Multi Cap Dir Gr	INF204K01XF9	ITC Hotels Ltd	Consumer Cyclical	234.73	0.46	0.00	Mar25	15.51
Nippon India Multi Cap Dir Gr	INF204K01XF9	ITC Hotels Ltd	Consumer Cyclical	234.73	0.46	0.00	Apr25	12.51
Nippon India Multi Cap Dir Gr	INF204K01XF9	ITC Hotels Ltd	Consumer Cyclical	234.73	0.46	0.00	May25	11.15
Nippon India Multi Cap Dir Gr	INF204K01XF9	ITC Hotels Ltd	Consumer Cyclical	234.73	0.46	0.00	June25	10.18
Nippon India Multi Cap Dir Gr	INF204K01XF9	ITC Hotels Ltd	Consumer Cyclical	234.73	0.46	0.00	July25	9.19
Nippon India Multi Cap Dir Gr	INF204K01XF9	ITC Hotels Ltd	Consumer Cyclical	234.73	0.46	0.00	Aug25	8.13
Nippon India Multi Cap Dir Gr	INF204K01XF9	Exide Industries Ltd	Consumer Cyclical	225.06	0.44	0.00	Oct24	5.55
Nippon India Multi Cap Dir Gr	INF204K01XF9	Exide Industries Ltd	Consumer Cyclical	225.06	0.44	0.00	Nov24	7.52
Nippon India Multi Cap Dir Gr	INF204K01XF9	Exide Industries Ltd	Consumer Cyclical	225.06	0.44	0.00	Dec24	3.56
Nippon India Multi Cap Dir Gr	INF204K01XF9	Exide Industries Ltd	Consumer Cyclical	225.06	0.44	0.00	Jan25	5.32
Nippon India Multi Cap Dir Gr	INF204K01XF9	Exide Industries Ltd	Consumer Cyclical	225.06	0.44	0.00	Feb25	5.59
Nippon India Multi Cap Dir Gr	INF204K01XF9	Exide Industries Ltd	Consumer Cyclical	225.06	0.44	0.00	Mar25	15.51
Nippon India Multi Cap Dir Gr	INF204K01XF9	Exide Industries Ltd	Consumer Cyclical	225.06	0.44	0.00	Mar25	15.51
Nippon India Multi Cap Dir Gr	INF204K01XF9	Exide Industries Ltd	Consumer Cyclical	225.06	0.44	0.00	Apr25	12.51
Nippon India Multi Cap Dir Gr	INF204K01XF9	Exide Industries Ltd	Consumer Cyclical	225.06	0.44	0.00	May25	11.15
Nippon India Multi Cap Dir Gr	INF204K01XF9	Exide Industries Ltd	Consumer Cyclical	225.06	0.44	0.00	June25	10.18
Nippon India Multi Cap Dir Gr	INF204K01XF9	Exide Industries Ltd	Consumer Cyclical	225.06	0.44	0.00	July25	9.19
Nippon India Multi Cap Dir Gr	INF204K01XF9	Exide Industries Ltd	Consumer Cyclical	225.06	0.44	0.00	Aug25	8.13
Nippon India Multi Cap Dir Gr	INF204K01XF9	Mahindra Logistics Ltd	Industrials	223.47	0.44	0.00	Oct24	5.55
Nippon India Multi Cap Dir Gr	INF204K01XF9	Mahindra Logistics Ltd	Industrials	223.47	0.44	0.00	Nov24	7.52
Nippon India Multi Cap Dir Gr	INF204K01XF9	Mahindra Logistics Ltd	Industrials	223.47	0.44	0.00	Dec24	3.56
Nippon India Multi Cap Dir Gr	INF204K01XF9	Mahindra Logistics Ltd	Industrials	223.47	0.44	0.00	Jan25	5.32
Nippon India Multi Cap Dir Gr	INF204K01XF9	Mahindra Logistics Ltd	Industrials	223.47	0.44	0.00	Feb25	5.59
Nippon India Multi Cap Dir Gr	INF204K01XF9	Mahindra Logistics Ltd	Industrials	223.47	0.44	0.00	Mar25	15.51
Nippon India Multi Cap Dir Gr	INF204K01XF9	Mahindra Logistics Ltd	Industrials	223.47	0.44	0.00	Mar25	15.51
Nippon India Multi Cap Dir Gr	INF204K01XF9	Mahindra Logistics Ltd	Industrials	223.47	0.44	0.00	Apr25	12.51
Nippon India Multi Cap Dir Gr	INF204K01XF9	Mahindra Logistics Ltd	Industrials	223.47	0.44	0.00	May25	11.15
Nippon India Multi Cap Dir Gr	INF204K01XF9	Mahindra Logistics Ltd	Industrials	223.47	0.44	0.00	June25	10.18
Nippon India Multi Cap Dir Gr	INF204K01XF9	Mahindra Logistics Ltd	Industrials	223.47	0.44	0.00	July25	9.19
Nippon India Multi Cap Dir Gr	INF204K01XF9	Mahindra Logistics Ltd	Industrials	223.47	0.44	0.00	Aug25	8.13
Nippon India Multi Cap Dir Gr	INF204K01XF9	Triveni Turbine Ltd	Industrials	221.38	0.44	40.31	Oct24	5.55
Nippon India Multi Cap Dir Gr	INF204K01XF9	Triveni Turbine Ltd	Industrials	221.38	0.44	40.31	Nov24	7.52
Nippon India Multi Cap Dir Gr	INF204K01XF9	Triveni Turbine Ltd	Industrials	221.38	0.44	40.31	Dec24	3.56
Nippon India Multi Cap Dir Gr	INF204K01XF9	Triveni Turbine Ltd	Industrials	221.38	0.44	40.31	Jan25	5.32
Nippon India Multi Cap Dir Gr	INF204K01XF9	Triveni Turbine Ltd	Industrials	221.38	0.44	40.31	Feb25	5.59
Nippon India Multi Cap Dir Gr	INF204K01XF9	Triveni Turbine Ltd	Industrials	221.38	0.44	40.31	Mar25	15.51
Nippon India Multi Cap Dir Gr	INF204K01XF9	Triveni Turbine Ltd	Industrials	221.38	0.44	40.31	Mar25	15.51
Nippon India Multi Cap Dir Gr	INF204K01XF9	Triveni Turbine Ltd	Industrials	221.38	0.44	40.31	Apr25	12.51
Nippon India Multi Cap Dir Gr	INF204K01XF9	Triveni Turbine Ltd	Industrials	221.38	0.44	40.31	May25	11.15
Nippon India Multi Cap Dir Gr	INF204K01XF9	Triveni Turbine Ltd	Industrials	221.38	0.44	40.31	June25	10.18
Nippon India Multi Cap Dir Gr	INF204K01XF9	Triveni Turbine Ltd	Industrials	221.38	0.44	40.31	July25	9.19
Nippon India Multi Cap Dir Gr	INF204K01XF9	Triveni Turbine Ltd	Industrials	221.38	0.44	40.31	Aug25	8.13
Nippon India Multi Cap Dir Gr	INF204K01XF9	Medplus Health Services Ltd	Healthcare	214.27	0.42	0.00	Oct24	5.55
Nippon India Multi Cap Dir Gr	INF204K01XF9	Medplus Health Services Ltd	Healthcare	214.27	0.42	0.00	Nov24	7.52
Nippon India Multi Cap Dir Gr	INF204K01XF9	Medplus Health Services Ltd	Healthcare	214.27	0.42	0.00	Dec24	3.56
Nippon India Multi Cap Dir Gr	INF204K01XF9	Medplus Health Services Ltd	Healthcare	214.27	0.42	0.00	Jan25	5.32
Nippon India Multi Cap Dir Gr	INF204K01XF9	Medplus Health Services Ltd	Healthcare	214.27	0.42	0.00	Feb25	5.59
Nippon India Multi Cap Dir Gr	INF204K01XF9	Medplus Health Services Ltd	Healthcare	214.27	0.42	0.00	Mar25	15.51
Nippon India Multi Cap Dir Gr	INF204K01XF9	Medplus Health Services Ltd	Healthcare	214.27	0.42	0.00	Mar25	15.51
Nippon India Multi Cap Dir Gr	INF204K01XF9	Medplus Health Services Ltd	Healthcare	214.27	0.42	0.00	Apr25	12.51
Nippon India Multi Cap Dir Gr	INF204K01XF9	Medplus Health Services Ltd	Healthcare	214.27	0.42	0.00	May25	11.15
Nippon India Multi Cap Dir Gr	INF204K01XF9	Medplus Health Services Ltd	Healthcare	214.27	0.42	0.00	June25	10.18
Nippon India Multi Cap Dir Gr	INF204K01XF9	Medplus Health Services Ltd	Healthcare	214.27	0.42	0.00	July25	9.19
Nippon India Multi Cap Dir Gr	INF204K01XF9	Medplus Health Services Ltd	Healthcare	214.27	0.42	0.00	Aug25	8.13
Nippon India Multi Cap Dir Gr	INF204K01XF9	SBI Life Insurance Co Ltd	Financial Services	213.23	0.42	0.00	Oct24	5.55
Nippon India Multi Cap Dir Gr	INF204K01XF9	SBI Life Insurance Co Ltd	Financial Services	213.23	0.42	0.00	Nov24	7.52
Nippon India Multi Cap Dir Gr	INF204K01XF9	SBI Life Insurance Co Ltd	Financial Services	213.23	0.42	0.00	Dec24	3.56
Nippon India Multi Cap Dir Gr	INF204K01XF9	SBI Life Insurance Co Ltd	Financial Services	213.23	0.42	0.00	Jan25	5.32
Nippon India Multi Cap Dir Gr	INF204K01XF9	SBI Life Insurance Co Ltd	Financial Services	213.23	0.42	0.00	Feb25	5.59
Nippon India Multi Cap Dir Gr	INF204K01XF9	SBI Life Insurance Co Ltd	Financial Services	213.23	0.42	0.00	Mar25	15.51
Nippon India Multi Cap Dir Gr	INF204K01XF9	SBI Life Insurance Co Ltd	Financial Services	213.23	0.42	0.00	Mar25	15.51
Nippon India Multi Cap Dir Gr	INF204K01XF9	SBI Life Insurance Co Ltd	Financial Services	213.23	0.42	0.00	Apr25	12.51
Nippon India Multi Cap Dir Gr	INF204K01XF9	SBI Life Insurance Co Ltd	Financial Services	213.23	0.42	0.00	May25	11.15
Nippon India Multi Cap Dir Gr	INF204K01XF9	SBI Life Insurance Co Ltd	Financial Services	213.23	0.42	0.00	June25	10.18
Nippon India Multi Cap Dir Gr	INF204K01XF9	SBI Life Insurance Co Ltd	Financial Services	213.23	0.42	0.00	July25	9.19
Nippon India Multi Cap Dir Gr	INF204K01XF9	SBI Life Insurance Co Ltd	Financial Services	213.23	0.42	0.00	Aug25	8.13
Nippon India Multi Cap Dir Gr	INF204K01XF9	3M India Ltd	Industrials	210.28	0.41	0.00	Oct24	5.55
Nippon India Multi Cap Dir Gr	INF204K01XF9	3M India Ltd	Industrials	210.28	0.41	0.00	Nov24	7.52
Nippon India Multi Cap Dir Gr	INF204K01XF9	3M India Ltd	Industrials	210.28	0.41	0.00	Dec24	3.56
Nippon India Multi Cap Dir Gr	INF204K01XF9	3M India Ltd	Industrials	210.28	0.41	0.00	Jan25	5.32
Nippon India Multi Cap Dir Gr	INF204K01XF9	3M India Ltd	Industrials	210.28	0.41	0.00	Feb25	5.59
Nippon India Multi Cap Dir Gr	INF204K01XF9	3M India Ltd	Industrials	210.28	0.41	0.00	Mar25	15.51
Nippon India Multi Cap Dir Gr	INF204K01XF9	3M India Ltd	Industrials	210.28	0.41	0.00	Mar25	15.51
Nippon India Multi Cap Dir Gr	INF204K01XF9	3M India Ltd	Industrials	210.28	0.41	0.00	Apr25	12.51
Nippon India Multi Cap Dir Gr	INF204K01XF9	3M India Ltd	Industrials	210.28	0.41	0.00	May25	11.15
Nippon India Multi Cap Dir Gr	INF204K01XF9	3M India Ltd	Industrials	210.28	0.41	0.00	June25	10.18
Nippon India Multi Cap Dir Gr	INF204K01XF9	3M India Ltd	Industrials	210.28	0.41	0.00	July25	9.19
Nippon India Multi Cap Dir Gr	INF204K01XF9	3M India Ltd	Industrials	210.28	0.41	0.00	Aug25	8.13
Nippon India Multi Cap Dir Gr	INF204K01XF9	Aditya Birla Lifestyle Brands Ltd	Consumer Cyclical	208.91	0.41	0.00	Oct24	5.55
Nippon India Multi Cap Dir Gr	INF204K01XF9	Aditya Birla Lifestyle Brands Ltd	Consumer Cyclical	208.91	0.41	0.00	Nov24	7.52
Nippon India Multi Cap Dir Gr	INF204K01XF9	Aditya Birla Lifestyle Brands Ltd	Consumer Cyclical	208.91	0.41	0.00	Dec24	3.56
Nippon India Multi Cap Dir Gr	INF204K01XF9	Aditya Birla Lifestyle Brands Ltd	Consumer Cyclical	208.91	0.41	0.00	Jan25	5.32
Nippon India Multi Cap Dir Gr	INF204K01XF9	Aditya Birla Lifestyle Brands Ltd	Consumer Cyclical	208.91	0.41	0.00	Feb25	5.59
Nippon India Multi Cap Dir Gr	INF204K01XF9	Aditya Birla Lifestyle Brands Ltd	Consumer Cyclical	208.91	0.41	0.00	Mar25	15.51
Nippon India Multi Cap Dir Gr	INF204K01XF9	Aditya Birla Lifestyle Brands Ltd	Consumer Cyclical	208.91	0.41	0.00	Mar25	15.51
Nippon India Multi Cap Dir Gr	INF204K01XF9	Aditya Birla Lifestyle Brands Ltd	Consumer Cyclical	208.91	0.41	0.00	Apr25	12.51
Nippon India Multi Cap Dir Gr	INF204K01XF9	Aditya Birla Lifestyle Brands Ltd	Consumer Cyclical	208.91	0.41	0.00	May25	11.15
Nippon India Multi Cap Dir Gr	INF204K01XF9	Aditya Birla Lifestyle Brands Ltd	Consumer Cyclical	208.91	0.41	0.00	June25	10.18
Nippon India Multi Cap Dir Gr	INF204K01XF9	Aditya Birla Lifestyle Brands Ltd	Consumer Cyclical	208.91	0.41	0.00	July25	9.19
Nippon India Multi Cap Dir Gr	INF204K01XF9	Aditya Birla Lifestyle Brands Ltd	Consumer Cyclical	208.91	0.41	0.00	Aug25	8.13
Nippon India Multi Cap Dir Gr	INF204K01XF9	Westlife Foodworld Ltd	Consumer Cyclical	203.42	0.40	10.53	Oct24	5.55
Nippon India Multi Cap Dir Gr	INF204K01XF9	Westlife Foodworld Ltd	Consumer Cyclical	203.42	0.40	10.53	Nov24	7.52
Nippon India Multi Cap Dir Gr	INF204K01XF9	Westlife Foodworld Ltd	Consumer Cyclical	203.42	0.40	10.53	Dec24	3.56
Nippon India Multi Cap Dir Gr	INF204K01XF9	Westlife Foodworld Ltd	Consumer Cyclical	203.42	0.40	10.53	Jan25	5.32
Nippon India Multi Cap Dir Gr	INF204K01XF9	Westlife Foodworld Ltd	Consumer Cyclical	203.42	0.40	10.53	Feb25	5.59
Nippon India Multi Cap Dir Gr	INF204K01XF9	Westlife Foodworld Ltd	Consumer Cyclical	203.42	0.40	10.53	Mar25	15.51
Nippon India Multi Cap Dir Gr	INF204K01XF9	Westlife Foodworld Ltd	Consumer Cyclical	203.42	0.40	10.53	Mar25	15.51
Nippon India Multi Cap Dir Gr	INF204K01XF9	Westlife Foodworld Ltd	Consumer Cyclical	203.42	0.40	10.53	Apr25	12.51
Nippon India Multi Cap Dir Gr	INF204K01XF9	Westlife Foodworld Ltd	Consumer Cyclical	203.42	0.40	10.53	May25	11.15
Nippon India Multi Cap Dir Gr	INF204K01XF9	Westlife Foodworld Ltd	Consumer Cyclical	203.42	0.40	10.53	June25	10.18
Nippon India Multi Cap Dir Gr	INF204K01XF9	Westlife Foodworld Ltd	Consumer Cyclical	203.42	0.40	10.53	July25	9.19
Nippon India Multi Cap Dir Gr	INF204K01XF9	Westlife Foodworld Ltd	Consumer Cyclical	203.42	0.40	10.53	Aug25	8.13
Nippon India Multi Cap Dir Gr	INF204K01XF9	Sheela Foam Ltd	Consumer Cyclical	202.18	0.40	0.00	Oct24	5.55
Nippon India Multi Cap Dir Gr	INF204K01XF9	Sheela Foam Ltd	Consumer Cyclical	202.18	0.40	0.00	Nov24	7.52
Nippon India Multi Cap Dir Gr	INF204K01XF9	Sheela Foam Ltd	Consumer Cyclical	202.18	0.40	0.00	Dec24	3.56
Nippon India Multi Cap Dir Gr	INF204K01XF9	Sheela Foam Ltd	Consumer Cyclical	202.18	0.40	0.00	Jan25	5.32
Nippon India Multi Cap Dir Gr	INF204K01XF9	Sheela Foam Ltd	Consumer Cyclical	202.18	0.40	0.00	Feb25	5.59
Nippon India Multi Cap Dir Gr	INF204K01XF9	Sheela Foam Ltd	Consumer Cyclical	202.18	0.40	0.00	Mar25	15.51
Nippon India Multi Cap Dir Gr	INF204K01XF9	Sheela Foam Ltd	Consumer Cyclical	202.18	0.40	0.00	Mar25	15.51
Nippon India Multi Cap Dir Gr	INF204K01XF9	Sheela Foam Ltd	Consumer Cyclical	202.18	0.40	0.00	Apr25	12.51
Nippon India Multi Cap Dir Gr	INF204K01XF9	Sheela Foam Ltd	Consumer Cyclical	202.18	0.40	0.00	May25	11.15
Nippon India Multi Cap Dir Gr	INF204K01XF9	Sheela Foam Ltd	Consumer Cyclical	202.18	0.40	0.00	June25	10.18
Nippon India Multi Cap Dir Gr	INF204K01XF9	Sheela Foam Ltd	Consumer Cyclical	202.18	0.40	0.00	July25	9.19
Nippon India Multi Cap Dir Gr	INF204K01XF9	Sheela Foam Ltd	Consumer Cyclical	202.18	0.40	0.00	Aug25	8.13
Nippon India Multi Cap Dir Gr	INF204K01XF9	Ipca Laboratories Ltd	Healthcare	199.65	0.39	0.00	Oct24	5.55
Nippon India Multi Cap Dir Gr	INF204K01XF9	Ipca Laboratories Ltd	Healthcare	199.65	0.39	0.00	Nov24	7.52
Nippon India Multi Cap Dir Gr	INF204K01XF9	Ipca Laboratories Ltd	Healthcare	199.65	0.39	0.00	Dec24	3.56
Nippon India Multi Cap Dir Gr	INF204K01XF9	Ipca Laboratories Ltd	Healthcare	199.65	0.39	0.00	Jan25	5.32
Nippon India Multi Cap Dir Gr	INF204K01XF9	Ipca Laboratories Ltd	Healthcare	199.65	0.39	0.00	Feb25	5.59
Nippon India Multi Cap Dir Gr	INF204K01XF9	Ipca Laboratories Ltd	Healthcare	199.65	0.39	0.00	Mar25	15.51
Nippon India Multi Cap Dir Gr	INF204K01XF9	Ipca Laboratories Ltd	Healthcare	199.65	0.39	0.00	Mar25	15.51
Nippon India Multi Cap Dir Gr	INF204K01XF9	Ipca Laboratories Ltd	Healthcare	199.65	0.39	0.00	Apr25	12.51
Nippon India Multi Cap Dir Gr	INF204K01XF9	Ipca Laboratories Ltd	Healthcare	199.65	0.39	0.00	May25	11.15
Nippon India Multi Cap Dir Gr	INF204K01XF9	Ipca Laboratories Ltd	Healthcare	199.65	0.39	0.00	June25	10.18
Nippon India Multi Cap Dir Gr	INF204K01XF9	Ipca Laboratories Ltd	Healthcare	199.65	0.39	0.00	July25	9.19
Nippon India Multi Cap Dir Gr	INF204K01XF9	Ipca Laboratories Ltd	Healthcare	199.65	0.39	0.00	Aug25	8.13
Nippon India Multi Cap Dir Gr	INF204K01XF9	Dr. Lal PathLabs Ltd	Healthcare	198.29	0.39	0.00	Oct24	5.55
Nippon India Multi Cap Dir Gr	INF204K01XF9	Dr. Lal PathLabs Ltd	Healthcare	198.29	0.39	0.00	Nov24	7.52
Nippon India Multi Cap Dir Gr	INF204K01XF9	Dr. Lal PathLabs Ltd	Healthcare	198.29	0.39	0.00	Dec24	3.56
Nippon India Multi Cap Dir Gr	INF204K01XF9	Dr. Lal PathLabs Ltd	Healthcare	198.29	0.39	0.00	Jan25	5.32
Nippon India Multi Cap Dir Gr	INF204K01XF9	Dr. Lal PathLabs Ltd	Healthcare	198.29	0.39	0.00	Feb25	5.59
Nippon India Multi Cap Dir Gr	INF204K01XF9	Dr. Lal PathLabs Ltd	Healthcare	198.29	0.39	0.00	Mar25	15.51
Nippon India Multi Cap Dir Gr	INF204K01XF9	Dr. Lal PathLabs Ltd	Healthcare	198.29	0.39	0.00	Mar25	15.51
Nippon India Multi Cap Dir Gr	INF204K01XF9	Dr. Lal PathLabs Ltd	Healthcare	198.29	0.39	0.00	Apr25	12.51
Nippon India Multi Cap Dir Gr	INF204K01XF9	Dr. Lal PathLabs Ltd	Healthcare	198.29	0.39	0.00	May25	11.15
Nippon India Multi Cap Dir Gr	INF204K01XF9	Dr. Lal PathLabs Ltd	Healthcare	198.29	0.39	0.00	June25	10.18
Nippon India Multi Cap Dir Gr	INF204K01XF9	Dr. Lal PathLabs Ltd	Healthcare	198.29	0.39	0.00	July25	9.19
Nippon India Multi Cap Dir Gr	INF204K01XF9	Dr. Lal PathLabs Ltd	Healthcare	198.29	0.39	0.00	Aug25	8.13
Nippon India Multi Cap Dir Gr	INF204K01XF9	Sansera Engineering Ltd	Consumer Cyclical	196.77	0.39	2.21	Oct24	5.55
Nippon India Multi Cap Dir Gr	INF204K01XF9	Sansera Engineering Ltd	Consumer Cyclical	196.77	0.39	2.21	Nov24	7.52
Nippon India Multi Cap Dir Gr	INF204K01XF9	Sansera Engineering Ltd	Consumer Cyclical	196.77	0.39	2.21	Dec24	3.56
Nippon India Multi Cap Dir Gr	INF204K01XF9	Sansera Engineering Ltd	Consumer Cyclical	196.77	0.39	2.21	Jan25	5.32
Nippon India Multi Cap Dir Gr	INF204K01XF9	Sansera Engineering Ltd	Consumer Cyclical	196.77	0.39	2.21	Feb25	5.59
Nippon India Multi Cap Dir Gr	INF204K01XF9	Sansera Engineering Ltd	Consumer Cyclical	196.77	0.39	2.21	Mar25	15.51
Nippon India Multi Cap Dir Gr	INF204K01XF9	Sansera Engineering Ltd	Consumer Cyclical	196.77	0.39	2.21	Mar25	15.51
Nippon India Multi Cap Dir Gr	INF204K01XF9	Sansera Engineering Ltd	Consumer Cyclical	196.77	0.39	2.21	Apr25	12.51
Nippon India Multi Cap Dir Gr	INF204K01XF9	Sansera Engineering Ltd	Consumer Cyclical	196.77	0.39	2.21	May25	11.15
Nippon India Multi Cap Dir Gr	INF204K01XF9	Sansera Engineering Ltd	Consumer Cyclical	196.77	0.39	2.21	June25	10.18
Nippon India Multi Cap Dir Gr	INF204K01XF9	Sansera Engineering Ltd	Consumer Cyclical	196.77	0.39	2.21	July25	9.19
Nippon India Multi Cap Dir Gr	INF204K01XF9	Sansera Engineering Ltd	Consumer Cyclical	196.77	0.39	2.21	Aug25	8.13
Nippon India Multi Cap Dir Gr	INF204K01XF9	Syngene International Ltd	Healthcare	195.14	0.38	79.40	Oct24	5.55
Nippon India Multi Cap Dir Gr	INF204K01XF9	Syngene International Ltd	Healthcare	195.14	0.38	79.40	Nov24	7.52
Nippon India Multi Cap Dir Gr	INF204K01XF9	Syngene International Ltd	Healthcare	195.14	0.38	79.40	Dec24	3.56
Nippon India Multi Cap Dir Gr	INF204K01XF9	Syngene International Ltd	Healthcare	195.14	0.38	79.40	Jan25	5.32
Nippon India Multi Cap Dir Gr	INF204K01XF9	Syngene International Ltd	Healthcare	195.14	0.38	79.40	Feb25	5.59
Nippon India Multi Cap Dir Gr	INF204K01XF9	Syngene International Ltd	Healthcare	195.14	0.38	79.40	Mar25	15.51
Nippon India Multi Cap Dir Gr	INF204K01XF9	Syngene International Ltd	Healthcare	195.14	0.38	79.40	Mar25	15.51
Nippon India Multi Cap Dir Gr	INF204K01XF9	Syngene International Ltd	Healthcare	195.14	0.38	79.40	Apr25	12.51
Nippon India Multi Cap Dir Gr	INF204K01XF9	Syngene International Ltd	Healthcare	195.14	0.38	79.40	May25	11.15
Nippon India Multi Cap Dir Gr	INF204K01XF9	Syngene International Ltd	Healthcare	195.14	0.38	79.40	June25	10.18
Nippon India Multi Cap Dir Gr	INF204K01XF9	Syngene International Ltd	Healthcare	195.14	0.38	79.40	July25	9.19
Nippon India Multi Cap Dir Gr	INF204K01XF9	Syngene International Ltd	Healthcare	195.14	0.38	79.40	Aug25	8.13
Nippon India Multi Cap Dir Gr	INF204K01XF9	CESC Ltd	Utilities	188.37	0.37	0.00	Oct24	5.55
Nippon India Multi Cap Dir Gr	INF204K01XF9	CESC Ltd	Utilities	188.37	0.37	0.00	Nov24	7.52
Nippon India Multi Cap Dir Gr	INF204K01XF9	CESC Ltd	Utilities	188.37	0.37	0.00	Dec24	3.56
Nippon India Multi Cap Dir Gr	INF204K01XF9	CESC Ltd	Utilities	188.37	0.37	0.00	Jan25	5.32
Nippon India Multi Cap Dir Gr	INF204K01XF9	CESC Ltd	Utilities	188.37	0.37	0.00	Feb25	5.59
Nippon India Multi Cap Dir Gr	INF204K01XF9	CESC Ltd	Utilities	188.37	0.37	0.00	Mar25	15.51
Nippon India Multi Cap Dir Gr	INF204K01XF9	CESC Ltd	Utilities	188.37	0.37	0.00	Mar25	15.51
Nippon India Multi Cap Dir Gr	INF204K01XF9	CESC Ltd	Utilities	188.37	0.37	0.00	Apr25	12.51
Nippon India Multi Cap Dir Gr	INF204K01XF9	CESC Ltd	Utilities	188.37	0.37	0.00	May25	11.15
Nippon India Multi Cap Dir Gr	INF204K01XF9	CESC Ltd	Utilities	188.37	0.37	0.00	June25	10.18
Nippon India Multi Cap Dir Gr	INF204K01XF9	CESC Ltd	Utilities	188.37	0.37	0.00	July25	9.19
Nippon India Multi Cap Dir Gr	INF204K01XF9	CESC Ltd	Utilities	188.37	0.37	0.00	Aug25	8.13
Nippon India Multi Cap Dir Gr	INF204K01XF9	Siemens Ltd	Industrials	183.82	0.36	0.00	Oct24	5.55
Nippon India Multi Cap Dir Gr	INF204K01XF9	Siemens Ltd	Industrials	183.82	0.36	0.00	Nov24	7.52
Nippon India Multi Cap Dir Gr	INF204K01XF9	Siemens Ltd	Industrials	183.82	0.36	0.00	Dec24	3.56
Nippon India Multi Cap Dir Gr	INF204K01XF9	Siemens Ltd	Industrials	183.82	0.36	0.00	Jan25	5.32
Nippon India Multi Cap Dir Gr	INF204K01XF9	Siemens Ltd	Industrials	183.82	0.36	0.00	Feb25	5.59
Nippon India Multi Cap Dir Gr	INF204K01XF9	Siemens Ltd	Industrials	183.82	0.36	0.00	Mar25	15.51
Nippon India Multi Cap Dir Gr	INF204K01XF9	Siemens Ltd	Industrials	183.82	0.36	0.00	Mar25	15.51
Nippon India Multi Cap Dir Gr	INF204K01XF9	Siemens Ltd	Industrials	183.82	0.36	0.00	Apr25	12.51
Nippon India Multi Cap Dir Gr	INF204K01XF9	Siemens Ltd	Industrials	183.82	0.36	0.00	May25	11.15
Nippon India Multi Cap Dir Gr	INF204K01XF9	Siemens Ltd	Industrials	183.82	0.36	0.00	June25	10.18
Nippon India Multi Cap Dir Gr	INF204K01XF9	Siemens Ltd	Industrials	183.82	0.36	0.00	July25	9.19
Nippon India Multi Cap Dir Gr	INF204K01XF9	Siemens Ltd	Industrials	183.82	0.36	0.00	Aug25	8.13
Nippon India Multi Cap Dir Gr	INF204K01XF9	NLC India Ltd	Utilities	183.17	0.36	0.00	Oct24	5.55
Nippon India Multi Cap Dir Gr	INF204K01XF9	NLC India Ltd	Utilities	183.17	0.36	0.00	Nov24	7.52
Nippon India Multi Cap Dir Gr	INF204K01XF9	NLC India Ltd	Utilities	183.17	0.36	0.00	Dec24	3.56
Nippon India Multi Cap Dir Gr	INF204K01XF9	NLC India Ltd	Utilities	183.17	0.36	0.00	Jan25	5.32
Nippon India Multi Cap Dir Gr	INF204K01XF9	NLC India Ltd	Utilities	183.17	0.36	0.00	Feb25	5.59
Nippon India Multi Cap Dir Gr	INF204K01XF9	NLC India Ltd	Utilities	183.17	0.36	0.00	Mar25	15.51
Nippon India Multi Cap Dir Gr	INF204K01XF9	NLC India Ltd	Utilities	183.17	0.36	0.00	Mar25	15.51
Nippon India Multi Cap Dir Gr	INF204K01XF9	NLC India Ltd	Utilities	183.17	0.36	0.00	Apr25	12.51
Nippon India Multi Cap Dir Gr	INF204K01XF9	NLC India Ltd	Utilities	183.17	0.36	0.00	May25	11.15
Nippon India Multi Cap Dir Gr	INF204K01XF9	NLC India Ltd	Utilities	183.17	0.36	0.00	June25	10.18
Nippon India Multi Cap Dir Gr	INF204K01XF9	NLC India Ltd	Utilities	183.17	0.36	0.00	July25	9.19
Nippon India Multi Cap Dir Gr	INF204K01XF9	NLC India Ltd	Utilities	183.17	0.36	0.00	Aug25	8.13
Nippon India Multi Cap Dir Gr	INF204K01XF9	SRF Ltd	Industrials	181.60	0.36	0.00	Oct24	5.55
Nippon India Multi Cap Dir Gr	INF204K01XF9	SRF Ltd	Industrials	181.60	0.36	0.00	Nov24	7.52
Nippon India Multi Cap Dir Gr	INF204K01XF9	SRF Ltd	Industrials	181.60	0.36	0.00	Dec24	3.56
Nippon India Multi Cap Dir Gr	INF204K01XF9	SRF Ltd	Industrials	181.60	0.36	0.00	Jan25	5.32
Nippon India Multi Cap Dir Gr	INF204K01XF9	SRF Ltd	Industrials	181.60	0.36	0.00	Feb25	5.59
Nippon India Multi Cap Dir Gr	INF204K01XF9	SRF Ltd	Industrials	181.60	0.36	0.00	Mar25	15.51
Nippon India Multi Cap Dir Gr	INF204K01XF9	SRF Ltd	Industrials	181.60	0.36	0.00	Mar25	15.51
Nippon India Multi Cap Dir Gr	INF204K01XF9	SRF Ltd	Industrials	181.60	0.36	0.00	Apr25	12.51
Nippon India Multi Cap Dir Gr	INF204K01XF9	SRF Ltd	Industrials	181.60	0.36	0.00	May25	11.15
Nippon India Multi Cap Dir Gr	INF204K01XF9	SRF Ltd	Industrials	181.60	0.36	0.00	June25	10.18
Nippon India Multi Cap Dir Gr	INF204K01XF9	SRF Ltd	Industrials	181.60	0.36	0.00	July25	9.19
Nippon India Multi Cap Dir Gr	INF204K01XF9	SRF Ltd	Industrials	181.60	0.36	0.00	Aug25	8.13
Nippon India Multi Cap Dir Gr	INF204K01XF9	Pfizer Ltd	Healthcare	180.46	0.36	-0.61	Oct24	5.55
Nippon India Multi Cap Dir Gr	INF204K01XF9	Pfizer Ltd	Healthcare	180.46	0.36	-0.61	Nov24	7.52
Nippon India Multi Cap Dir Gr	INF204K01XF9	Pfizer Ltd	Healthcare	180.46	0.36	-0.61	Dec24	3.56
Nippon India Multi Cap Dir Gr	INF204K01XF9	Pfizer Ltd	Healthcare	180.46	0.36	-0.61	Jan25	5.32
Nippon India Multi Cap Dir Gr	INF204K01XF9	Pfizer Ltd	Healthcare	180.46	0.36	-0.61	Feb25	5.59
Nippon India Multi Cap Dir Gr	INF204K01XF9	Pfizer Ltd	Healthcare	180.46	0.36	-0.61	Mar25	15.51
Nippon India Multi Cap Dir Gr	INF204K01XF9	Pfizer Ltd	Healthcare	180.46	0.36	-0.61	Mar25	15.51
Nippon India Multi Cap Dir Gr	INF204K01XF9	Pfizer Ltd	Healthcare	180.46	0.36	-0.61	Apr25	12.51
Nippon India Multi Cap Dir Gr	INF204K01XF9	Pfizer Ltd	Healthcare	180.46	0.36	-0.61	May25	11.15
Nippon India Multi Cap Dir Gr	INF204K01XF9	Pfizer Ltd	Healthcare	180.46	0.36	-0.61	June25	10.18
Nippon India Multi Cap Dir Gr	INF204K01XF9	Pfizer Ltd	Healthcare	180.46	0.36	-0.61	July25	9.19
Nippon India Multi Cap Dir Gr	INF204K01XF9	Pfizer Ltd	Healthcare	180.46	0.36	-0.61	Aug25	8.13
Nippon India Multi Cap Dir Gr	INF204K01XF9	Whirlpool of India Ltd	Consumer Cyclical	172.86	0.34	0.00	Oct24	5.55
Nippon India Multi Cap Dir Gr	INF204K01XF9	Whirlpool of India Ltd	Consumer Cyclical	172.86	0.34	0.00	Nov24	7.52
Nippon India Multi Cap Dir Gr	INF204K01XF9	Whirlpool of India Ltd	Consumer Cyclical	172.86	0.34	0.00	Dec24	3.56
Nippon India Multi Cap Dir Gr	INF204K01XF9	Whirlpool of India Ltd	Consumer Cyclical	172.86	0.34	0.00	Jan25	5.32
Nippon India Multi Cap Dir Gr	INF204K01XF9	Whirlpool of India Ltd	Consumer Cyclical	172.86	0.34	0.00	Feb25	5.59
Nippon India Multi Cap Dir Gr	INF204K01XF9	Whirlpool of India Ltd	Consumer Cyclical	172.86	0.34	0.00	Mar25	15.51
Nippon India Multi Cap Dir Gr	INF204K01XF9	Whirlpool of India Ltd	Consumer Cyclical	172.86	0.34	0.00	Mar25	15.51
Nippon India Multi Cap Dir Gr	INF204K01XF9	Whirlpool of India Ltd	Consumer Cyclical	172.86	0.34	0.00	Apr25	12.51
Nippon India Multi Cap Dir Gr	INF204K01XF9	Whirlpool of India Ltd	Consumer Cyclical	172.86	0.34	0.00	May25	11.15
Nippon India Multi Cap Dir Gr	INF204K01XF9	Whirlpool of India Ltd	Consumer Cyclical	172.86	0.34	0.00	June25	10.18
Nippon India Multi Cap Dir Gr	INF204K01XF9	Whirlpool of India Ltd	Consumer Cyclical	172.86	0.34	0.00	July25	9.19
Nippon India Multi Cap Dir Gr	INF204K01XF9	Whirlpool of India Ltd	Consumer Cyclical	172.86	0.34	0.00	Aug25	8.13
Nippon India Multi Cap Dir Gr	INF204K01XF9	CIE Automotive India Ltd	Consumer Cyclical	170.38	0.34	-16.26	Oct24	5.55
Nippon India Multi Cap Dir Gr	INF204K01XF9	CIE Automotive India Ltd	Consumer Cyclical	170.38	0.34	-16.26	Nov24	7.52
Nippon India Multi Cap Dir Gr	INF204K01XF9	CIE Automotive India Ltd	Consumer Cyclical	170.38	0.34	-16.26	Dec24	3.56
Nippon India Multi Cap Dir Gr	INF204K01XF9	CIE Automotive India Ltd	Consumer Cyclical	170.38	0.34	-16.26	Jan25	5.32
Nippon India Multi Cap Dir Gr	INF204K01XF9	CIE Automotive India Ltd	Consumer Cyclical	170.38	0.34	-16.26	Feb25	5.59
Nippon India Multi Cap Dir Gr	INF204K01XF9	CIE Automotive India Ltd	Consumer Cyclical	170.38	0.34	-16.26	Mar25	15.51
Nippon India Multi Cap Dir Gr	INF204K01XF9	CIE Automotive India Ltd	Consumer Cyclical	170.38	0.34	-16.26	Mar25	15.51
Nippon India Multi Cap Dir Gr	INF204K01XF9	CIE Automotive India Ltd	Consumer Cyclical	170.38	0.34	-16.26	Apr25	12.51
Nippon India Multi Cap Dir Gr	INF204K01XF9	CIE Automotive India Ltd	Consumer Cyclical	170.38	0.34	-16.26	May25	11.15
Nippon India Multi Cap Dir Gr	INF204K01XF9	CIE Automotive India Ltd	Consumer Cyclical	170.38	0.34	-16.26	June25	10.18
Nippon India Multi Cap Dir Gr	INF204K01XF9	CIE Automotive India Ltd	Consumer Cyclical	170.38	0.34	-16.26	July25	9.19
Nippon India Multi Cap Dir Gr	INF204K01XF9	CIE Automotive India Ltd	Consumer Cyclical	170.38	0.34	-16.26	Aug25	8.13
Nippon India Multi Cap Dir Gr	INF204K01XF9	UTI Asset Management Co Ltd	Financial Services	167.27	0.33	0.00	Oct24	5.55
Nippon India Multi Cap Dir Gr	INF204K01XF9	UTI Asset Management Co Ltd	Financial Services	167.27	0.33	0.00	Nov24	7.52
Nippon India Multi Cap Dir Gr	INF204K01XF9	UTI Asset Management Co Ltd	Financial Services	167.27	0.33	0.00	Dec24	3.56
Nippon India Multi Cap Dir Gr	INF204K01XF9	UTI Asset Management Co Ltd	Financial Services	167.27	0.33	0.00	Jan25	5.32
Nippon India Multi Cap Dir Gr	INF204K01XF9	UTI Asset Management Co Ltd	Financial Services	167.27	0.33	0.00	Feb25	5.59
Nippon India Multi Cap Dir Gr	INF204K01XF9	UTI Asset Management Co Ltd	Financial Services	167.27	0.33	0.00	Mar25	15.51
Nippon India Multi Cap Dir Gr	INF204K01XF9	UTI Asset Management Co Ltd	Financial Services	167.27	0.33	0.00	Mar25	15.51
Nippon India Multi Cap Dir Gr	INF204K01XF9	UTI Asset Management Co Ltd	Financial Services	167.27	0.33	0.00	Apr25	12.51
Nippon India Multi Cap Dir Gr	INF204K01XF9	UTI Asset Management Co Ltd	Financial Services	167.27	0.33	0.00	May25	11.15
Nippon India Multi Cap Dir Gr	INF204K01XF9	UTI Asset Management Co Ltd	Financial Services	167.27	0.33	0.00	June25	10.18
Nippon India Multi Cap Dir Gr	INF204K01XF9	UTI Asset Management Co Ltd	Financial Services	167.27	0.33	0.00	July25	9.19
Nippon India Multi Cap Dir Gr	INF204K01XF9	UTI Asset Management Co Ltd	Financial Services	167.27	0.33	0.00	Aug25	8.13
Nippon India Multi Cap Dir Gr	INF204K01XF9	Craftsman Automation Ltd	Consumer Cyclical	166.10	0.33	0.00	Oct24	5.55
Nippon India Multi Cap Dir Gr	INF204K01XF9	Craftsman Automation Ltd	Consumer Cyclical	166.10	0.33	0.00	Nov24	7.52
Nippon India Multi Cap Dir Gr	INF204K01XF9	Craftsman Automation Ltd	Consumer Cyclical	166.10	0.33	0.00	Dec24	3.56
Nippon India Multi Cap Dir Gr	INF204K01XF9	Craftsman Automation Ltd	Consumer Cyclical	166.10	0.33	0.00	Jan25	5.32
Nippon India Multi Cap Dir Gr	INF204K01XF9	Craftsman Automation Ltd	Consumer Cyclical	166.10	0.33	0.00	Feb25	5.59
Nippon India Multi Cap Dir Gr	INF204K01XF9	Craftsman Automation Ltd	Consumer Cyclical	166.10	0.33	0.00	Mar25	15.51
Nippon India Multi Cap Dir Gr	INF204K01XF9	Craftsman Automation Ltd	Consumer Cyclical	166.10	0.33	0.00	Mar25	15.51
Nippon India Multi Cap Dir Gr	INF204K01XF9	Craftsman Automation Ltd	Consumer Cyclical	166.10	0.33	0.00	Apr25	12.51
Nippon India Multi Cap Dir Gr	INF204K01XF9	Craftsman Automation Ltd	Consumer Cyclical	166.10	0.33	0.00	May25	11.15
Nippon India Multi Cap Dir Gr	INF204K01XF9	Craftsman Automation Ltd	Consumer Cyclical	166.10	0.33	0.00	June25	10.18
Nippon India Multi Cap Dir Gr	INF204K01XF9	Craftsman Automation Ltd	Consumer Cyclical	166.10	0.33	0.00	July25	9.19
Nippon India Multi Cap Dir Gr	INF204K01XF9	Craftsman Automation Ltd	Consumer Cyclical	166.10	0.33	0.00	Aug25	8.13
Nippon India Multi Cap Dir Gr	INF204K01XF9	Hyundai Motor India Ltd	Consumer Cyclical	161.35	0.32	-7.79	Oct24	5.55
Nippon India Multi Cap Dir Gr	INF204K01XF9	Hyundai Motor India Ltd	Consumer Cyclical	161.35	0.32	-7.79	Nov24	7.52
Nippon India Multi Cap Dir Gr	INF204K01XF9	Hyundai Motor India Ltd	Consumer Cyclical	161.35	0.32	-7.79	Dec24	3.56
Nippon India Multi Cap Dir Gr	INF204K01XF9	Hyundai Motor India Ltd	Consumer Cyclical	161.35	0.32	-7.79	Jan25	5.32
Nippon India Multi Cap Dir Gr	INF204K01XF9	Hyundai Motor India Ltd	Consumer Cyclical	161.35	0.32	-7.79	Feb25	5.59
Nippon India Multi Cap Dir Gr	INF204K01XF9	Hyundai Motor India Ltd	Consumer Cyclical	161.35	0.32	-7.79	Mar25	15.51
Nippon India Multi Cap Dir Gr	INF204K01XF9	Hyundai Motor India Ltd	Consumer Cyclical	161.35	0.32	-7.79	Mar25	15.51
Nippon India Multi Cap Dir Gr	INF204K01XF9	Hyundai Motor India Ltd	Consumer Cyclical	161.35	0.32	-7.79	Apr25	12.51
Nippon India Multi Cap Dir Gr	INF204K01XF9	Hyundai Motor India Ltd	Consumer Cyclical	161.35	0.32	-7.79	May25	11.15
Nippon India Multi Cap Dir Gr	INF204K01XF9	Hyundai Motor India Ltd	Consumer Cyclical	161.35	0.32	-7.79	June25	10.18
Nippon India Multi Cap Dir Gr	INF204K01XF9	Hyundai Motor India Ltd	Consumer Cyclical	161.35	0.32	-7.79	July25	9.19
Nippon India Multi Cap Dir Gr	INF204K01XF9	Hyundai Motor India Ltd	Consumer Cyclical	161.35	0.32	-7.79	Aug25	8.13
Nippon India Multi Cap Dir Gr	INF204K01XF9	Kaynes Technology India Ltd	Technology	157.75	0.31	0.00	Oct24	5.55
Nippon India Multi Cap Dir Gr	INF204K01XF9	Kaynes Technology India Ltd	Technology	157.75	0.31	0.00	Nov24	7.52
Nippon India Multi Cap Dir Gr	INF204K01XF9	Kaynes Technology India Ltd	Technology	157.75	0.31	0.00	Dec24	3.56
Nippon India Multi Cap Dir Gr	INF204K01XF9	Kaynes Technology India Ltd	Technology	157.75	0.31	0.00	Jan25	5.32
Nippon India Multi Cap Dir Gr	INF204K01XF9	Kaynes Technology India Ltd	Technology	157.75	0.31	0.00	Feb25	5.59
Nippon India Multi Cap Dir Gr	INF204K01XF9	Kaynes Technology India Ltd	Technology	157.75	0.31	0.00	Mar25	15.51
Nippon India Multi Cap Dir Gr	INF204K01XF9	Kaynes Technology India Ltd	Technology	157.75	0.31	0.00	Mar25	15.51
Nippon India Multi Cap Dir Gr	INF204K01XF9	Kaynes Technology India Ltd	Technology	157.75	0.31	0.00	Apr25	12.51
Nippon India Multi Cap Dir Gr	INF204K01XF9	Kaynes Technology India Ltd	Technology	157.75	0.31	0.00	May25	11.15
Nippon India Multi Cap Dir Gr	INF204K01XF9	Kaynes Technology India Ltd	Technology	157.75	0.31	0.00	June25	10.18
Nippon India Multi Cap Dir Gr	INF204K01XF9	Kaynes Technology India Ltd	Technology	157.75	0.31	0.00	July25	9.19
Nippon India Multi Cap Dir Gr	INF204K01XF9	Kaynes Technology India Ltd	Technology	157.75	0.31	0.00	Aug25	8.13
Nippon India Multi Cap Dir Gr	INF204K01XF9	VRL Logistics Ltd	Industrials	150.96	0.30	0.00	Oct24	5.55
Nippon India Multi Cap Dir Gr	INF204K01XF9	VRL Logistics Ltd	Industrials	150.96	0.30	0.00	Nov24	7.52
Nippon India Multi Cap Dir Gr	INF204K01XF9	VRL Logistics Ltd	Industrials	150.96	0.30	0.00	Dec24	3.56
Nippon India Multi Cap Dir Gr	INF204K01XF9	VRL Logistics Ltd	Industrials	150.96	0.30	0.00	Jan25	5.32
Nippon India Multi Cap Dir Gr	INF204K01XF9	VRL Logistics Ltd	Industrials	150.96	0.30	0.00	Feb25	5.59
Nippon India Multi Cap Dir Gr	INF204K01XF9	VRL Logistics Ltd	Industrials	150.96	0.30	0.00	Mar25	15.51
Nippon India Multi Cap Dir Gr	INF204K01XF9	VRL Logistics Ltd	Industrials	150.96	0.30	0.00	Mar25	15.51
Nippon India Multi Cap Dir Gr	INF204K01XF9	VRL Logistics Ltd	Industrials	150.96	0.30	0.00	Apr25	12.51
Nippon India Multi Cap Dir Gr	INF204K01XF9	VRL Logistics Ltd	Industrials	150.96	0.30	0.00	May25	11.15
Nippon India Multi Cap Dir Gr	INF204K01XF9	VRL Logistics Ltd	Industrials	150.96	0.30	0.00	June25	10.18
Nippon India Multi Cap Dir Gr	INF204K01XF9	VRL Logistics Ltd	Industrials	150.96	0.30	0.00	July25	9.19
Nippon India Multi Cap Dir Gr	INF204K01XF9	VRL Logistics Ltd	Industrials	150.96	0.30	0.00	Aug25	8.13
Nippon India Multi Cap Dir Gr	INF204K01XF9	InterGlobe Aviation Ltd	Industrials	147.33	0.29	0.00	Oct24	5.55
Nippon India Multi Cap Dir Gr	INF204K01XF9	InterGlobe Aviation Ltd	Industrials	147.33	0.29	0.00	Nov24	7.52
Nippon India Multi Cap Dir Gr	INF204K01XF9	InterGlobe Aviation Ltd	Industrials	147.33	0.29	0.00	Dec24	3.56
Nippon India Multi Cap Dir Gr	INF204K01XF9	InterGlobe Aviation Ltd	Industrials	147.33	0.29	0.00	Jan25	5.32
Nippon India Multi Cap Dir Gr	INF204K01XF9	InterGlobe Aviation Ltd	Industrials	147.33	0.29	0.00	Feb25	5.59
Nippon India Multi Cap Dir Gr	INF204K01XF9	InterGlobe Aviation Ltd	Industrials	147.33	0.29	0.00	Mar25	15.51
Nippon India Multi Cap Dir Gr	INF204K01XF9	InterGlobe Aviation Ltd	Industrials	147.33	0.29	0.00	Mar25	15.51
Nippon India Multi Cap Dir Gr	INF204K01XF9	InterGlobe Aviation Ltd	Industrials	147.33	0.29	0.00	Apr25	12.51
Nippon India Multi Cap Dir Gr	INF204K01XF9	InterGlobe Aviation Ltd	Industrials	147.33	0.29	0.00	May25	11.15
Nippon India Multi Cap Dir Gr	INF204K01XF9	InterGlobe Aviation Ltd	Industrials	147.33	0.29	0.00	June25	10.18
Nippon India Multi Cap Dir Gr	INF204K01XF9	InterGlobe Aviation Ltd	Industrials	147.33	0.29	0.00	July25	9.19
Nippon India Multi Cap Dir Gr	INF204K01XF9	InterGlobe Aviation Ltd	Industrials	147.33	0.29	0.00	Aug25	8.13
Nippon India Multi Cap Dir Gr	INF204K01XF9	CARE Ratings Ltd	Financial Services	147.26	0.29	0.00	Oct24	5.55
Nippon India Multi Cap Dir Gr	INF204K01XF9	CARE Ratings Ltd	Financial Services	147.26	0.29	0.00	Nov24	7.52
Nippon India Multi Cap Dir Gr	INF204K01XF9	CARE Ratings Ltd	Financial Services	147.26	0.29	0.00	Dec24	3.56
Nippon India Multi Cap Dir Gr	INF204K01XF9	CARE Ratings Ltd	Financial Services	147.26	0.29	0.00	Jan25	5.32
Nippon India Multi Cap Dir Gr	INF204K01XF9	CARE Ratings Ltd	Financial Services	147.26	0.29	0.00	Feb25	5.59
Nippon India Multi Cap Dir Gr	INF204K01XF9	CARE Ratings Ltd	Financial Services	147.26	0.29	0.00	Mar25	15.51
Nippon India Multi Cap Dir Gr	INF204K01XF9	CARE Ratings Ltd	Financial Services	147.26	0.29	0.00	Mar25	15.51
Nippon India Multi Cap Dir Gr	INF204K01XF9	CARE Ratings Ltd	Financial Services	147.26	0.29	0.00	Apr25	12.51
Nippon India Multi Cap Dir Gr	INF204K01XF9	CARE Ratings Ltd	Financial Services	147.26	0.29	0.00	May25	11.15
Nippon India Multi Cap Dir Gr	INF204K01XF9	CARE Ratings Ltd	Financial Services	147.26	0.29	0.00	June25	10.18
Nippon India Multi Cap Dir Gr	INF204K01XF9	CARE Ratings Ltd	Financial Services	147.26	0.29	0.00	July25	9.19
Nippon India Multi Cap Dir Gr	INF204K01XF9	CARE Ratings Ltd	Financial Services	147.26	0.29	0.00	Aug25	8.13
Nippon India Multi Cap Dir Gr	INF204K01XF9	Kajaria Ceramics Ltd	Industrials	138.35	0.27	0.00	Oct24	5.55
Nippon India Multi Cap Dir Gr	INF204K01XF9	Kajaria Ceramics Ltd	Industrials	138.35	0.27	0.00	Nov24	7.52
Nippon India Multi Cap Dir Gr	INF204K01XF9	Kajaria Ceramics Ltd	Industrials	138.35	0.27	0.00	Dec24	3.56
Nippon India Multi Cap Dir Gr	INF204K01XF9	Kajaria Ceramics Ltd	Industrials	138.35	0.27	0.00	Jan25	5.32
Nippon India Multi Cap Dir Gr	INF204K01XF9	Kajaria Ceramics Ltd	Industrials	138.35	0.27	0.00	Feb25	5.59
Nippon India Multi Cap Dir Gr	INF204K01XF9	Kajaria Ceramics Ltd	Industrials	138.35	0.27	0.00	Mar25	15.51
Nippon India Multi Cap Dir Gr	INF204K01XF9	Kajaria Ceramics Ltd	Industrials	138.35	0.27	0.00	Mar25	15.51
Nippon India Multi Cap Dir Gr	INF204K01XF9	Kajaria Ceramics Ltd	Industrials	138.35	0.27	0.00	Apr25	12.51
Nippon India Multi Cap Dir Gr	INF204K01XF9	Kajaria Ceramics Ltd	Industrials	138.35	0.27	0.00	May25	11.15
Nippon India Multi Cap Dir Gr	INF204K01XF9	Kajaria Ceramics Ltd	Industrials	138.35	0.27	0.00	June25	10.18
Nippon India Multi Cap Dir Gr	INF204K01XF9	Kajaria Ceramics Ltd	Industrials	138.35	0.27	0.00	July25	9.19
Nippon India Multi Cap Dir Gr	INF204K01XF9	Kajaria Ceramics Ltd	Industrials	138.35	0.27	0.00	Aug25	8.13
Nippon India Multi Cap Dir Gr	INF204K01XF9	TeamLease Services Ltd	Industrials	136.42	0.27	0.00	Oct24	5.55
Nippon India Multi Cap Dir Gr	INF204K01XF9	TeamLease Services Ltd	Industrials	136.42	0.27	0.00	Nov24	7.52
Nippon India Multi Cap Dir Gr	INF204K01XF9	TeamLease Services Ltd	Industrials	136.42	0.27	0.00	Dec24	3.56
Nippon India Multi Cap Dir Gr	INF204K01XF9	TeamLease Services Ltd	Industrials	136.42	0.27	0.00	Jan25	5.32
Nippon India Multi Cap Dir Gr	INF204K01XF9	TeamLease Services Ltd	Industrials	136.42	0.27	0.00	Feb25	5.59
Nippon India Multi Cap Dir Gr	INF204K01XF9	TeamLease Services Ltd	Industrials	136.42	0.27	0.00	Mar25	15.51
Nippon India Multi Cap Dir Gr	INF204K01XF9	TeamLease Services Ltd	Industrials	136.42	0.27	0.00	Mar25	15.51
Nippon India Multi Cap Dir Gr	INF204K01XF9	TeamLease Services Ltd	Industrials	136.42	0.27	0.00	Apr25	12.51
Nippon India Multi Cap Dir Gr	INF204K01XF9	TeamLease Services Ltd	Industrials	136.42	0.27	0.00	May25	11.15
Nippon India Multi Cap Dir Gr	INF204K01XF9	TeamLease Services Ltd	Industrials	136.42	0.27	0.00	June25	10.18
Nippon India Multi Cap Dir Gr	INF204K01XF9	TeamLease Services Ltd	Industrials	136.42	0.27	0.00	July25	9.19
Nippon India Multi Cap Dir Gr	INF204K01XF9	TeamLease Services Ltd	Industrials	136.42	0.27	0.00	Aug25	8.13
Nippon India Multi Cap Dir Gr	INF204K01XF9	Chalet Hotels Ltd	Consumer Cyclical	131.34	0.26	0.00	Oct24	5.55
Nippon India Multi Cap Dir Gr	INF204K01XF9	Chalet Hotels Ltd	Consumer Cyclical	131.34	0.26	0.00	Nov24	7.52
Nippon India Multi Cap Dir Gr	INF204K01XF9	Chalet Hotels Ltd	Consumer Cyclical	131.34	0.26	0.00	Dec24	3.56
Nippon India Multi Cap Dir Gr	INF204K01XF9	Chalet Hotels Ltd	Consumer Cyclical	131.34	0.26	0.00	Jan25	5.32
Nippon India Multi Cap Dir Gr	INF204K01XF9	Chalet Hotels Ltd	Consumer Cyclical	131.34	0.26	0.00	Feb25	5.59
Nippon India Multi Cap Dir Gr	INF204K01XF9	Chalet Hotels Ltd	Consumer Cyclical	131.34	0.26	0.00	Mar25	15.51
Nippon India Multi Cap Dir Gr	INF204K01XF9	Chalet Hotels Ltd	Consumer Cyclical	131.34	0.26	0.00	Mar25	15.51
Nippon India Multi Cap Dir Gr	INF204K01XF9	Chalet Hotels Ltd	Consumer Cyclical	131.34	0.26	0.00	Apr25	12.51
Nippon India Multi Cap Dir Gr	INF204K01XF9	Chalet Hotels Ltd	Consumer Cyclical	131.34	0.26	0.00	May25	11.15
Nippon India Multi Cap Dir Gr	INF204K01XF9	Chalet Hotels Ltd	Consumer Cyclical	131.34	0.26	0.00	June25	10.18
Nippon India Multi Cap Dir Gr	INF204K01XF9	Chalet Hotels Ltd	Consumer Cyclical	131.34	0.26	0.00	July25	9.19
Nippon India Multi Cap Dir Gr	INF204K01XF9	Chalet Hotels Ltd	Consumer Cyclical	131.34	0.26	0.00	Aug25	8.13
Nippon India Multi Cap Dir Gr	INF204K01XF9	Amara Raja Energy & Mobility Ltd	Industrials	128.85	0.25	0.00	Oct24	5.55
Nippon India Multi Cap Dir Gr	INF204K01XF9	Amara Raja Energy & Mobility Ltd	Industrials	128.85	0.25	0.00	Nov24	7.52
Nippon India Multi Cap Dir Gr	INF204K01XF9	Amara Raja Energy & Mobility Ltd	Industrials	128.85	0.25	0.00	Dec24	3.56
Nippon India Multi Cap Dir Gr	INF204K01XF9	Amara Raja Energy & Mobility Ltd	Industrials	128.85	0.25	0.00	Jan25	5.32
Nippon India Multi Cap Dir Gr	INF204K01XF9	Amara Raja Energy & Mobility Ltd	Industrials	128.85	0.25	0.00	Feb25	5.59
Nippon India Multi Cap Dir Gr	INF204K01XF9	Amara Raja Energy & Mobility Ltd	Industrials	128.85	0.25	0.00	Mar25	15.51
Nippon India Multi Cap Dir Gr	INF204K01XF9	Amara Raja Energy & Mobility Ltd	Industrials	128.85	0.25	0.00	Mar25	15.51
Nippon India Multi Cap Dir Gr	INF204K01XF9	Amara Raja Energy & Mobility Ltd	Industrials	128.85	0.25	0.00	Apr25	12.51
Nippon India Multi Cap Dir Gr	INF204K01XF9	Amara Raja Energy & Mobility Ltd	Industrials	128.85	0.25	0.00	May25	11.15
Nippon India Multi Cap Dir Gr	INF204K01XF9	Amara Raja Energy & Mobility Ltd	Industrials	128.85	0.25	0.00	June25	10.18
Nippon India Multi Cap Dir Gr	INF204K01XF9	Amara Raja Energy & Mobility Ltd	Industrials	128.85	0.25	0.00	July25	9.19
Nippon India Multi Cap Dir Gr	INF204K01XF9	Amara Raja Energy & Mobility Ltd	Industrials	128.85	0.25	0.00	Aug25	8.13
Nippon India Multi Cap Dir Gr	INF204K01XF9	Shoppers Stop Ltd	Consumer Cyclical	124.87	0.25	0.00	Oct24	5.55
Nippon India Multi Cap Dir Gr	INF204K01XF9	Shoppers Stop Ltd	Consumer Cyclical	124.87	0.25	0.00	Nov24	7.52
Nippon India Multi Cap Dir Gr	INF204K01XF9	Shoppers Stop Ltd	Consumer Cyclical	124.87	0.25	0.00	Dec24	3.56
Nippon India Multi Cap Dir Gr	INF204K01XF9	Shoppers Stop Ltd	Consumer Cyclical	124.87	0.25	0.00	Jan25	5.32
Nippon India Multi Cap Dir Gr	INF204K01XF9	Shoppers Stop Ltd	Consumer Cyclical	124.87	0.25	0.00	Feb25	5.59
Nippon India Multi Cap Dir Gr	INF204K01XF9	Shoppers Stop Ltd	Consumer Cyclical	124.87	0.25	0.00	Mar25	15.51
Nippon India Multi Cap Dir Gr	INF204K01XF9	Shoppers Stop Ltd	Consumer Cyclical	124.87	0.25	0.00	Mar25	15.51
Nippon India Multi Cap Dir Gr	INF204K01XF9	Shoppers Stop Ltd	Consumer Cyclical	124.87	0.25	0.00	Apr25	12.51
Nippon India Multi Cap Dir Gr	INF204K01XF9	Shoppers Stop Ltd	Consumer Cyclical	124.87	0.25	0.00	May25	11.15
Nippon India Multi Cap Dir Gr	INF204K01XF9	Shoppers Stop Ltd	Consumer Cyclical	124.87	0.25	0.00	June25	10.18
Nippon India Multi Cap Dir Gr	INF204K01XF9	Shoppers Stop Ltd	Consumer Cyclical	124.87	0.25	0.00	July25	9.19
Nippon India Multi Cap Dir Gr	INF204K01XF9	Shoppers Stop Ltd	Consumer Cyclical	124.87	0.25	0.00	Aug25	8.13
Nippon India Multi Cap Dir Gr	INF204K01XF9	Sapphire Foods India Ltd	Consumer Cyclical	119.82	0.24	0.00	Oct24	5.55
Nippon India Multi Cap Dir Gr	INF204K01XF9	Sapphire Foods India Ltd	Consumer Cyclical	119.82	0.24	0.00	Nov24	7.52
Nippon India Multi Cap Dir Gr	INF204K01XF9	Sapphire Foods India Ltd	Consumer Cyclical	119.82	0.24	0.00	Dec24	3.56
Nippon India Multi Cap Dir Gr	INF204K01XF9	Sapphire Foods India Ltd	Consumer Cyclical	119.82	0.24	0.00	Jan25	5.32
Nippon India Multi Cap Dir Gr	INF204K01XF9	Sapphire Foods India Ltd	Consumer Cyclical	119.82	0.24	0.00	Feb25	5.59
Nippon India Multi Cap Dir Gr	INF204K01XF9	Sapphire Foods India Ltd	Consumer Cyclical	119.82	0.24	0.00	Mar25	15.51
Nippon India Multi Cap Dir Gr	INF204K01XF9	Sapphire Foods India Ltd	Consumer Cyclical	119.82	0.24	0.00	Mar25	15.51
Nippon India Multi Cap Dir Gr	INF204K01XF9	Sapphire Foods India Ltd	Consumer Cyclical	119.82	0.24	0.00	Apr25	12.51
Nippon India Multi Cap Dir Gr	INF204K01XF9	Sapphire Foods India Ltd	Consumer Cyclical	119.82	0.24	0.00	May25	11.15
Nippon India Multi Cap Dir Gr	INF204K01XF9	Sapphire Foods India Ltd	Consumer Cyclical	119.82	0.24	0.00	June25	10.18
Nippon India Multi Cap Dir Gr	INF204K01XF9	Sapphire Foods India Ltd	Consumer Cyclical	119.82	0.24	0.00	July25	9.19
Nippon India Multi Cap Dir Gr	INF204K01XF9	Sapphire Foods India Ltd	Consumer Cyclical	119.82	0.24	0.00	Aug25	8.13
Nippon India Multi Cap Dir Gr	INF204K01XF9	Clean Science and Technology Ltd	Basic Materials	103.60	0.20	0.00	Oct24	5.55
Nippon India Multi Cap Dir Gr	INF204K01XF9	Clean Science and Technology Ltd	Basic Materials	103.60	0.20	0.00	Nov24	7.52
Nippon India Multi Cap Dir Gr	INF204K01XF9	Clean Science and Technology Ltd	Basic Materials	103.60	0.20	0.00	Dec24	3.56
Nippon India Multi Cap Dir Gr	INF204K01XF9	Clean Science and Technology Ltd	Basic Materials	103.60	0.20	0.00	Jan25	5.32
Nippon India Multi Cap Dir Gr	INF204K01XF9	Clean Science and Technology Ltd	Basic Materials	103.60	0.20	0.00	Feb25	5.59
Nippon India Multi Cap Dir Gr	INF204K01XF9	Clean Science and Technology Ltd	Basic Materials	103.60	0.20	0.00	Mar25	15.51
Nippon India Multi Cap Dir Gr	INF204K01XF9	Clean Science and Technology Ltd	Basic Materials	103.60	0.20	0.00	Mar25	15.51
Nippon India Multi Cap Dir Gr	INF204K01XF9	Clean Science and Technology Ltd	Basic Materials	103.60	0.20	0.00	Apr25	12.51
Nippon India Multi Cap Dir Gr	INF204K01XF9	Clean Science and Technology Ltd	Basic Materials	103.60	0.20	0.00	May25	11.15
Nippon India Multi Cap Dir Gr	INF204K01XF9	Clean Science and Technology Ltd	Basic Materials	103.60	0.20	0.00	June25	10.18
Nippon India Multi Cap Dir Gr	INF204K01XF9	Clean Science and Technology Ltd	Basic Materials	103.60	0.20	0.00	July25	9.19
Nippon India Multi Cap Dir Gr	INF204K01XF9	Clean Science and Technology Ltd	Basic Materials	103.60	0.20	0.00	Aug25	8.13
Nippon India Multi Cap Dir Gr	INF204K01XF9	Kalpataru Projects International Ltd	Industrials	93.50	0.18	0.00	Oct24	5.55
Nippon India Multi Cap Dir Gr	INF204K01XF9	Kalpataru Projects International Ltd	Industrials	93.50	0.18	0.00	Nov24	7.52
Nippon India Multi Cap Dir Gr	INF204K01XF9	Kalpataru Projects International Ltd	Industrials	93.50	0.18	0.00	Dec24	3.56
Nippon India Multi Cap Dir Gr	INF204K01XF9	Kalpataru Projects International Ltd	Industrials	93.50	0.18	0.00	Jan25	5.32
Nippon India Multi Cap Dir Gr	INF204K01XF9	Kalpataru Projects International Ltd	Industrials	93.50	0.18	0.00	Feb25	5.59
Nippon India Multi Cap Dir Gr	INF204K01XF9	Kalpataru Projects International Ltd	Industrials	93.50	0.18	0.00	Mar25	15.51
Nippon India Multi Cap Dir Gr	INF204K01XF9	Kalpataru Projects International Ltd	Industrials	93.50	0.18	0.00	Mar25	15.51
Nippon India Multi Cap Dir Gr	INF204K01XF9	Kalpataru Projects International Ltd	Industrials	93.50	0.18	0.00	Apr25	12.51
Nippon India Multi Cap Dir Gr	INF204K01XF9	Kalpataru Projects International Ltd	Industrials	93.50	0.18	0.00	May25	11.15
Nippon India Multi Cap Dir Gr	INF204K01XF9	Kalpataru Projects International Ltd	Industrials	93.50	0.18	0.00	June25	10.18
Nippon India Multi Cap Dir Gr	INF204K01XF9	Kalpataru Projects International Ltd	Industrials	93.50	0.18	0.00	July25	9.19
Nippon India Multi Cap Dir Gr	INF204K01XF9	Kalpataru Projects International Ltd	Industrials	93.50	0.18	0.00	Aug25	8.13
Nippon India Multi Cap Dir Gr	INF204K01XF9	Finolex Cables Ltd	Industrials	92.11	0.18	0.00	Oct24	5.55
Nippon India Multi Cap Dir Gr	INF204K01XF9	Finolex Cables Ltd	Industrials	92.11	0.18	0.00	Nov24	7.52
Nippon India Multi Cap Dir Gr	INF204K01XF9	Finolex Cables Ltd	Industrials	92.11	0.18	0.00	Dec24	3.56
Nippon India Multi Cap Dir Gr	INF204K01XF9	Finolex Cables Ltd	Industrials	92.11	0.18	0.00	Jan25	5.32
Nippon India Multi Cap Dir Gr	INF204K01XF9	Finolex Cables Ltd	Industrials	92.11	0.18	0.00	Feb25	5.59
Nippon India Multi Cap Dir Gr	INF204K01XF9	Finolex Cables Ltd	Industrials	92.11	0.18	0.00	Mar25	15.51
Nippon India Multi Cap Dir Gr	INF204K01XF9	Finolex Cables Ltd	Industrials	92.11	0.18	0.00	Mar25	15.51
Nippon India Multi Cap Dir Gr	INF204K01XF9	Finolex Cables Ltd	Industrials	92.11	0.18	0.00	Apr25	12.51
Nippon India Multi Cap Dir Gr	INF204K01XF9	Finolex Cables Ltd	Industrials	92.11	0.18	0.00	May25	11.15
Nippon India Multi Cap Dir Gr	INF204K01XF9	Finolex Cables Ltd	Industrials	92.11	0.18	0.00	June25	10.18
Nippon India Multi Cap Dir Gr	INF204K01XF9	Finolex Cables Ltd	Industrials	92.11	0.18	0.00	July25	9.19
Nippon India Multi Cap Dir Gr	INF204K01XF9	Finolex Cables Ltd	Industrials	92.11	0.18	0.00	Aug25	8.13
Nippon India Multi Cap Dir Gr	INF204K01XF9	Indigo Paints Ltd Ordinary Shares	Basic Materials	81.92	0.16	0.00	Oct24	5.55
Nippon India Multi Cap Dir Gr	INF204K01XF9	Indigo Paints Ltd Ordinary Shares	Basic Materials	81.92	0.16	0.00	Nov24	7.52
Nippon India Multi Cap Dir Gr	INF204K01XF9	Indigo Paints Ltd Ordinary Shares	Basic Materials	81.92	0.16	0.00	Dec24	3.56
Nippon India Multi Cap Dir Gr	INF204K01XF9	Indigo Paints Ltd Ordinary Shares	Basic Materials	81.92	0.16	0.00	Jan25	5.32
Nippon India Multi Cap Dir Gr	INF204K01XF9	Indigo Paints Ltd Ordinary Shares	Basic Materials	81.92	0.16	0.00	Feb25	5.59
Nippon India Multi Cap Dir Gr	INF204K01XF9	Indigo Paints Ltd Ordinary Shares	Basic Materials	81.92	0.16	0.00	Mar25	15.51
Nippon India Multi Cap Dir Gr	INF204K01XF9	Indigo Paints Ltd Ordinary Shares	Basic Materials	81.92	0.16	0.00	Mar25	15.51
Nippon India Multi Cap Dir Gr	INF204K01XF9	Indigo Paints Ltd Ordinary Shares	Basic Materials	81.92	0.16	0.00	Apr25	12.51
Nippon India Multi Cap Dir Gr	INF204K01XF9	Indigo Paints Ltd Ordinary Shares	Basic Materials	81.92	0.16	0.00	May25	11.15
Nippon India Multi Cap Dir Gr	INF204K01XF9	Indigo Paints Ltd Ordinary Shares	Basic Materials	81.92	0.16	0.00	June25	10.18
Nippon India Multi Cap Dir Gr	INF204K01XF9	Indigo Paints Ltd Ordinary Shares	Basic Materials	81.92	0.16	0.00	July25	9.19
Nippon India Multi Cap Dir Gr	INF204K01XF9	Indigo Paints Ltd Ordinary Shares	Basic Materials	81.92	0.16	0.00	Aug25	8.13
Nippon India Multi Cap Dir Gr	INF204K01XF9	Electronics Mart India Ltd	Consumer Cyclical	80.37	0.16	0.00	Oct24	5.55
Nippon India Multi Cap Dir Gr	INF204K01XF9	Electronics Mart India Ltd	Consumer Cyclical	80.37	0.16	0.00	Nov24	7.52
Nippon India Multi Cap Dir Gr	INF204K01XF9	Electronics Mart India Ltd	Consumer Cyclical	80.37	0.16	0.00	Dec24	3.56
Nippon India Multi Cap Dir Gr	INF204K01XF9	Electronics Mart India Ltd	Consumer Cyclical	80.37	0.16	0.00	Jan25	5.32
Nippon India Multi Cap Dir Gr	INF204K01XF9	Electronics Mart India Ltd	Consumer Cyclical	80.37	0.16	0.00	Feb25	5.59
Nippon India Multi Cap Dir Gr	INF204K01XF9	Electronics Mart India Ltd	Consumer Cyclical	80.37	0.16	0.00	Mar25	15.51
Nippon India Multi Cap Dir Gr	INF204K01XF9	Electronics Mart India Ltd	Consumer Cyclical	80.37	0.16	0.00	Mar25	15.51
Nippon India Multi Cap Dir Gr	INF204K01XF9	Electronics Mart India Ltd	Consumer Cyclical	80.37	0.16	0.00	Apr25	12.51
Nippon India Multi Cap Dir Gr	INF204K01XF9	Electronics Mart India Ltd	Consumer Cyclical	80.37	0.16	0.00	May25	11.15
Nippon India Multi Cap Dir Gr	INF204K01XF9	Electronics Mart India Ltd	Consumer Cyclical	80.37	0.16	0.00	June25	10.18
Nippon India Multi Cap Dir Gr	INF204K01XF9	Electronics Mart India Ltd	Consumer Cyclical	80.37	0.16	0.00	July25	9.19
Nippon India Multi Cap Dir Gr	INF204K01XF9	Electronics Mart India Ltd	Consumer Cyclical	80.37	0.16	0.00	Aug25	8.13
Nippon India Multi Cap Dir Gr	INF204K01XF9	Vedant Fashions Ltd	Consumer Cyclical	77.54	0.15	0.00	Oct24	5.55
Nippon India Multi Cap Dir Gr	INF204K01XF9	Vedant Fashions Ltd	Consumer Cyclical	77.54	0.15	0.00	Nov24	7.52
Nippon India Multi Cap Dir Gr	INF204K01XF9	Vedant Fashions Ltd	Consumer Cyclical	77.54	0.15	0.00	Dec24	3.56
Nippon India Multi Cap Dir Gr	INF204K01XF9	Vedant Fashions Ltd	Consumer Cyclical	77.54	0.15	0.00	Jan25	5.32
Nippon India Multi Cap Dir Gr	INF204K01XF9	Vedant Fashions Ltd	Consumer Cyclical	77.54	0.15	0.00	Feb25	5.59
Nippon India Multi Cap Dir Gr	INF204K01XF9	Vedant Fashions Ltd	Consumer Cyclical	77.54	0.15	0.00	Mar25	15.51
Nippon India Multi Cap Dir Gr	INF204K01XF9	Vedant Fashions Ltd	Consumer Cyclical	77.54	0.15	0.00	Mar25	15.51
Nippon India Multi Cap Dir Gr	INF204K01XF9	Vedant Fashions Ltd	Consumer Cyclical	77.54	0.15	0.00	Apr25	12.51
Nippon India Multi Cap Dir Gr	INF204K01XF9	Vedant Fashions Ltd	Consumer Cyclical	77.54	0.15	0.00	May25	11.15
Nippon India Multi Cap Dir Gr	INF204K01XF9	Vedant Fashions Ltd	Consumer Cyclical	77.54	0.15	0.00	June25	10.18
Nippon India Multi Cap Dir Gr	INF204K01XF9	Vedant Fashions Ltd	Consumer Cyclical	77.54	0.15	0.00	July25	9.19
Nippon India Multi Cap Dir Gr	INF204K01XF9	Vedant Fashions Ltd	Consumer Cyclical	77.54	0.15	0.00	Aug25	8.13
Nippon India Multi Cap Dir Gr	INF204K01XF9	Awfis Space Solutions Ltd	Industrials	76.49	0.15	0.00	Oct24	5.55
Nippon India Multi Cap Dir Gr	INF204K01XF9	Awfis Space Solutions Ltd	Industrials	76.49	0.15	0.00	Nov24	7.52
Nippon India Multi Cap Dir Gr	INF204K01XF9	Awfis Space Solutions Ltd	Industrials	76.49	0.15	0.00	Dec24	3.56
Nippon India Multi Cap Dir Gr	INF204K01XF9	Awfis Space Solutions Ltd	Industrials	76.49	0.15	0.00	Jan25	5.32
Nippon India Multi Cap Dir Gr	INF204K01XF9	Awfis Space Solutions Ltd	Industrials	76.49	0.15	0.00	Feb25	5.59
Nippon India Multi Cap Dir Gr	INF204K01XF9	Awfis Space Solutions Ltd	Industrials	76.49	0.15	0.00	Mar25	15.51
Nippon India Multi Cap Dir Gr	INF204K01XF9	Awfis Space Solutions Ltd	Industrials	76.49	0.15	0.00	Mar25	15.51
Nippon India Multi Cap Dir Gr	INF204K01XF9	Awfis Space Solutions Ltd	Industrials	76.49	0.15	0.00	Apr25	12.51
Nippon India Multi Cap Dir Gr	INF204K01XF9	Awfis Space Solutions Ltd	Industrials	76.49	0.15	0.00	May25	11.15
Nippon India Multi Cap Dir Gr	INF204K01XF9	Awfis Space Solutions Ltd	Industrials	76.49	0.15	0.00	June25	10.18
Nippon India Multi Cap Dir Gr	INF204K01XF9	Awfis Space Solutions Ltd	Industrials	76.49	0.15	0.00	July25	9.19
Nippon India Multi Cap Dir Gr	INF204K01XF9	Awfis Space Solutions Ltd	Industrials	76.49	0.15	0.00	Aug25	8.13
Nippon India Multi Cap Dir Gr	INF204K01XF9	Afcons Infrastructure Ltd	Industrials	72.04	0.14	0.00	Oct24	5.55
Nippon India Multi Cap Dir Gr	INF204K01XF9	Afcons Infrastructure Ltd	Industrials	72.04	0.14	0.00	Nov24	7.52
Nippon India Multi Cap Dir Gr	INF204K01XF9	Afcons Infrastructure Ltd	Industrials	72.04	0.14	0.00	Dec24	3.56
Nippon India Multi Cap Dir Gr	INF204K01XF9	Afcons Infrastructure Ltd	Industrials	72.04	0.14	0.00	Jan25	5.32
Nippon India Multi Cap Dir Gr	INF204K01XF9	Afcons Infrastructure Ltd	Industrials	72.04	0.14	0.00	Feb25	5.59
Nippon India Multi Cap Dir Gr	INF204K01XF9	Afcons Infrastructure Ltd	Industrials	72.04	0.14	0.00	Mar25	15.51
Nippon India Multi Cap Dir Gr	INF204K01XF9	Afcons Infrastructure Ltd	Industrials	72.04	0.14	0.00	Mar25	15.51
Nippon India Multi Cap Dir Gr	INF204K01XF9	Afcons Infrastructure Ltd	Industrials	72.04	0.14	0.00	Apr25	12.51
Nippon India Multi Cap Dir Gr	INF204K01XF9	Afcons Infrastructure Ltd	Industrials	72.04	0.14	0.00	May25	11.15
Nippon India Multi Cap Dir Gr	INF204K01XF9	Afcons Infrastructure Ltd	Industrials	72.04	0.14	0.00	June25	10.18
Nippon India Multi Cap Dir Gr	INF204K01XF9	Afcons Infrastructure Ltd	Industrials	72.04	0.14	0.00	July25	9.19
Nippon India Multi Cap Dir Gr	INF204K01XF9	Afcons Infrastructure Ltd	Industrials	72.04	0.14	0.00	Aug25	8.13
Nippon India Multi Cap Dir Gr	INF204K01XF9	Net Current Assets		-70.17	0.14		Oct24	5.55
Nippon India Multi Cap Dir Gr	INF204K01XF9	Net Current Assets		-70.17	0.14		Nov24	7.52
Nippon India Multi Cap Dir Gr	INF204K01XF9	Net Current Assets		-70.17	0.14		Dec24	3.56
Nippon India Multi Cap Dir Gr	INF204K01XF9	Net Current Assets		-70.17	0.14		Jan25	5.32
Nippon India Multi Cap Dir Gr	INF204K01XF9	Net Current Assets		-70.17	0.14		Feb25	5.59
Nippon India Multi Cap Dir Gr	INF204K01XF9	Net Current Assets		-70.17	0.14		Mar25	15.51
Nippon India Multi Cap Dir Gr	INF204K01XF9	Net Current Assets		-70.17	0.14		Mar25	15.51
Nippon India Multi Cap Dir Gr	INF204K01XF9	Net Current Assets		-70.17	0.14		Apr25	12.51
Nippon India Multi Cap Dir Gr	INF204K01XF9	Net Current Assets		-70.17	0.14		May25	11.15
Nippon India Multi Cap Dir Gr	INF204K01XF9	Net Current Assets		-70.17	0.14		June25	10.18
Nippon India Multi Cap Dir Gr	INF204K01XF9	Net Current Assets		-70.17	0.14		July25	9.19
Nippon India Multi Cap Dir Gr	INF204K01XF9	Net Current Assets		-70.17	0.14		Aug25	8.13
Nippon India Multi Cap Dir Gr	INF204K01XF9	Sanofi Consumer Healthcare India Ltd	Healthcare	68.40	0.13	0.00	Oct24	5.55
Nippon India Multi Cap Dir Gr	INF204K01XF9	Sanofi Consumer Healthcare India Ltd	Healthcare	68.40	0.13	0.00	Nov24	7.52
Nippon India Multi Cap Dir Gr	INF204K01XF9	Sanofi Consumer Healthcare India Ltd	Healthcare	68.40	0.13	0.00	Dec24	3.56
Nippon India Multi Cap Dir Gr	INF204K01XF9	Sanofi Consumer Healthcare India Ltd	Healthcare	68.40	0.13	0.00	Jan25	5.32
Nippon India Multi Cap Dir Gr	INF204K01XF9	Sanofi Consumer Healthcare India Ltd	Healthcare	68.40	0.13	0.00	Feb25	5.59
Nippon India Multi Cap Dir Gr	INF204K01XF9	Sanofi Consumer Healthcare India Ltd	Healthcare	68.40	0.13	0.00	Mar25	15.51
Nippon India Multi Cap Dir Gr	INF204K01XF9	Sanofi Consumer Healthcare India Ltd	Healthcare	68.40	0.13	0.00	Mar25	15.51
Nippon India Multi Cap Dir Gr	INF204K01XF9	Sanofi Consumer Healthcare India Ltd	Healthcare	68.40	0.13	0.00	Apr25	12.51
Nippon India Multi Cap Dir Gr	INF204K01XF9	Sanofi Consumer Healthcare India Ltd	Healthcare	68.40	0.13	0.00	May25	11.15
Nippon India Multi Cap Dir Gr	INF204K01XF9	Sanofi Consumer Healthcare India Ltd	Healthcare	68.40	0.13	0.00	June25	10.18
Nippon India Multi Cap Dir Gr	INF204K01XF9	Sanofi Consumer Healthcare India Ltd	Healthcare	68.40	0.13	0.00	July25	9.19
Nippon India Multi Cap Dir Gr	INF204K01XF9	Sanofi Consumer Healthcare India Ltd	Healthcare	68.40	0.13	0.00	Aug25	8.13
Nippon India Multi Cap Dir Gr	INF204K01XF9	Go Fashion (India) Ltd	Consumer Cyclical	65.68	0.13	-6.26	Oct24	5.55
Nippon India Multi Cap Dir Gr	INF204K01XF9	Go Fashion (India) Ltd	Consumer Cyclical	65.68	0.13	-6.26	Nov24	7.52
Nippon India Multi Cap Dir Gr	INF204K01XF9	Go Fashion (India) Ltd	Consumer Cyclical	65.68	0.13	-6.26	Dec24	3.56
Nippon India Multi Cap Dir Gr	INF204K01XF9	Go Fashion (India) Ltd	Consumer Cyclical	65.68	0.13	-6.26	Jan25	5.32
Nippon India Multi Cap Dir Gr	INF204K01XF9	Go Fashion (India) Ltd	Consumer Cyclical	65.68	0.13	-6.26	Feb25	5.59
Nippon India Multi Cap Dir Gr	INF204K01XF9	Go Fashion (India) Ltd	Consumer Cyclical	65.68	0.13	-6.26	Mar25	15.51
Nippon India Multi Cap Dir Gr	INF204K01XF9	Go Fashion (India) Ltd	Consumer Cyclical	65.68	0.13	-6.26	Mar25	15.51
Nippon India Multi Cap Dir Gr	INF204K01XF9	Go Fashion (India) Ltd	Consumer Cyclical	65.68	0.13	-6.26	Apr25	12.51
Nippon India Multi Cap Dir Gr	INF204K01XF9	Go Fashion (India) Ltd	Consumer Cyclical	65.68	0.13	-6.26	May25	11.15
Nippon India Multi Cap Dir Gr	INF204K01XF9	Go Fashion (India) Ltd	Consumer Cyclical	65.68	0.13	-6.26	June25	10.18
Nippon India Multi Cap Dir Gr	INF204K01XF9	Go Fashion (India) Ltd	Consumer Cyclical	65.68	0.13	-6.26	July25	9.19
Nippon India Multi Cap Dir Gr	INF204K01XF9	Go Fashion (India) Ltd	Consumer Cyclical	65.68	0.13	-6.26	Aug25	8.13
Nippon India Multi Cap Dir Gr	INF204K01XF9	TCI Express Ltd	Industrials	63.37	0.12	17.93	Oct24	5.55
Nippon India Multi Cap Dir Gr	INF204K01XF9	TCI Express Ltd	Industrials	63.37	0.12	17.93	Nov24	7.52
Nippon India Multi Cap Dir Gr	INF204K01XF9	TCI Express Ltd	Industrials	63.37	0.12	17.93	Dec24	3.56
Nippon India Multi Cap Dir Gr	INF204K01XF9	TCI Express Ltd	Industrials	63.37	0.12	17.93	Jan25	5.32
Nippon India Multi Cap Dir Gr	INF204K01XF9	TCI Express Ltd	Industrials	63.37	0.12	17.93	Feb25	5.59
Nippon India Multi Cap Dir Gr	INF204K01XF9	TCI Express Ltd	Industrials	63.37	0.12	17.93	Mar25	15.51
Nippon India Multi Cap Dir Gr	INF204K01XF9	TCI Express Ltd	Industrials	63.37	0.12	17.93	Mar25	15.51
Nippon India Multi Cap Dir Gr	INF204K01XF9	TCI Express Ltd	Industrials	63.37	0.12	17.93	Apr25	12.51
Nippon India Multi Cap Dir Gr	INF204K01XF9	TCI Express Ltd	Industrials	63.37	0.12	17.93	May25	11.15
Nippon India Multi Cap Dir Gr	INF204K01XF9	TCI Express Ltd	Industrials	63.37	0.12	17.93	June25	10.18
Nippon India Multi Cap Dir Gr	INF204K01XF9	TCI Express Ltd	Industrials	63.37	0.12	17.93	July25	9.19
Nippon India Multi Cap Dir Gr	INF204K01XF9	TCI Express Ltd	Industrials	63.37	0.12	17.93	Aug25	8.13
Nippon India Multi Cap Dir Gr	INF204K01XF9	Sanofi India Ltd	Healthcare	60.42	0.12	0.00	Oct24	5.55
Nippon India Multi Cap Dir Gr	INF204K01XF9	Sanofi India Ltd	Healthcare	60.42	0.12	0.00	Nov24	7.52
Nippon India Multi Cap Dir Gr	INF204K01XF9	Sanofi India Ltd	Healthcare	60.42	0.12	0.00	Dec24	3.56
Nippon India Multi Cap Dir Gr	INF204K01XF9	Sanofi India Ltd	Healthcare	60.42	0.12	0.00	Jan25	5.32
Nippon India Multi Cap Dir Gr	INF204K01XF9	Sanofi India Ltd	Healthcare	60.42	0.12	0.00	Feb25	5.59
Nippon India Multi Cap Dir Gr	INF204K01XF9	Sanofi India Ltd	Healthcare	60.42	0.12	0.00	Mar25	15.51
Nippon India Multi Cap Dir Gr	INF204K01XF9	Sanofi India Ltd	Healthcare	60.42	0.12	0.00	Mar25	15.51
Nippon India Multi Cap Dir Gr	INF204K01XF9	Sanofi India Ltd	Healthcare	60.42	0.12	0.00	Apr25	12.51
Nippon India Multi Cap Dir Gr	INF204K01XF9	Sanofi India Ltd	Healthcare	60.42	0.12	0.00	May25	11.15
Nippon India Multi Cap Dir Gr	INF204K01XF9	Sanofi India Ltd	Healthcare	60.42	0.12	0.00	June25	10.18
Nippon India Multi Cap Dir Gr	INF204K01XF9	Sanofi India Ltd	Healthcare	60.42	0.12	0.00	July25	9.19
Nippon India Multi Cap Dir Gr	INF204K01XF9	Sanofi India Ltd	Healthcare	60.42	0.12	0.00	Aug25	8.13
Nippon India Multi Cap Dir Gr	INF204K01XF9	Cyient DLM Ltd	Technology	41.26	0.08	0.00	Oct24	5.55
Nippon India Multi Cap Dir Gr	INF204K01XF9	Cyient DLM Ltd	Technology	41.26	0.08	0.00	Nov24	7.52
Nippon India Multi Cap Dir Gr	INF204K01XF9	Cyient DLM Ltd	Technology	41.26	0.08	0.00	Dec24	3.56
Nippon India Multi Cap Dir Gr	INF204K01XF9	Cyient DLM Ltd	Technology	41.26	0.08	0.00	Jan25	5.32
Nippon India Multi Cap Dir Gr	INF204K01XF9	Cyient DLM Ltd	Technology	41.26	0.08	0.00	Feb25	5.59
Nippon India Multi Cap Dir Gr	INF204K01XF9	Cyient DLM Ltd	Technology	41.26	0.08	0.00	Mar25	15.51
Nippon India Multi Cap Dir Gr	INF204K01XF9	Cyient DLM Ltd	Technology	41.26	0.08	0.00	Mar25	15.51
Nippon India Multi Cap Dir Gr	INF204K01XF9	Cyient DLM Ltd	Technology	41.26	0.08	0.00	Apr25	12.51
Nippon India Multi Cap Dir Gr	INF204K01XF9	Cyient DLM Ltd	Technology	41.26	0.08	0.00	May25	11.15
Nippon India Multi Cap Dir Gr	INF204K01XF9	Cyient DLM Ltd	Technology	41.26	0.08	0.00	June25	10.18
Nippon India Multi Cap Dir Gr	INF204K01XF9	Cyient DLM Ltd	Technology	41.26	0.08	0.00	July25	9.19
Nippon India Multi Cap Dir Gr	INF204K01XF9	Cyient DLM Ltd	Technology	41.26	0.08	0.00	Aug25	8.13
Nippon India Multi Cap Dir Gr	INF204K01XF9	Aditya Birla Fashion and Retail Ltd	Consumer Cyclical	29.86	0.06	0.00	Oct24	5.55
Nippon India Multi Cap Dir Gr	INF204K01XF9	Aditya Birla Fashion and Retail Ltd	Consumer Cyclical	29.86	0.06	0.00	Nov24	7.52
Nippon India Multi Cap Dir Gr	INF204K01XF9	Aditya Birla Fashion and Retail Ltd	Consumer Cyclical	29.86	0.06	0.00	Dec24	3.56
Nippon India Multi Cap Dir Gr	INF204K01XF9	Aditya Birla Fashion and Retail Ltd	Consumer Cyclical	29.86	0.06	0.00	Jan25	5.32
Nippon India Multi Cap Dir Gr	INF204K01XF9	Aditya Birla Fashion and Retail Ltd	Consumer Cyclical	29.86	0.06	0.00	Feb25	5.59
Nippon India Multi Cap Dir Gr	INF204K01XF9	Aditya Birla Fashion and Retail Ltd	Consumer Cyclical	29.86	0.06	0.00	Mar25	15.51
Nippon India Multi Cap Dir Gr	INF204K01XF9	Aditya Birla Fashion and Retail Ltd	Consumer Cyclical	29.86	0.06	0.00	Mar25	15.51
Nippon India Multi Cap Dir Gr	INF204K01XF9	Aditya Birla Fashion and Retail Ltd	Consumer Cyclical	29.86	0.06	0.00	Apr25	12.51
Nippon India Multi Cap Dir Gr	INF204K01XF9	Aditya Birla Fashion and Retail Ltd	Consumer Cyclical	29.86	0.06	0.00	May25	11.15
Nippon India Multi Cap Dir Gr	INF204K01XF9	Aditya Birla Fashion and Retail Ltd	Consumer Cyclical	29.86	0.06	0.00	June25	10.18
Nippon India Multi Cap Dir Gr	INF204K01XF9	Aditya Birla Fashion and Retail Ltd	Consumer Cyclical	29.86	0.06	0.00	July25	9.19
Nippon India Multi Cap Dir Gr	INF204K01XF9	Aditya Birla Fashion and Retail Ltd	Consumer Cyclical	29.86	0.06	0.00	Aug25	8.13
Nippon India Multi Cap Dir Gr	INF204K01XF9	PhysicsWallah Ltd	Consumer Defensive	24.16	0.05	-30.39	Oct24	5.55
Nippon India Multi Cap Dir Gr	INF204K01XF9	PhysicsWallah Ltd	Consumer Defensive	24.16	0.05	-30.39	Nov24	7.52
Nippon India Multi Cap Dir Gr	INF204K01XF9	PhysicsWallah Ltd	Consumer Defensive	24.16	0.05	-30.39	Dec24	3.56
Nippon India Multi Cap Dir Gr	INF204K01XF9	PhysicsWallah Ltd	Consumer Defensive	24.16	0.05	-30.39	Jan25	5.32
Nippon India Multi Cap Dir Gr	INF204K01XF9	PhysicsWallah Ltd	Consumer Defensive	24.16	0.05	-30.39	Feb25	5.59
Nippon India Multi Cap Dir Gr	INF204K01XF9	PhysicsWallah Ltd	Consumer Defensive	24.16	0.05	-30.39	Mar25	15.51
Nippon India Multi Cap Dir Gr	INF204K01XF9	PhysicsWallah Ltd	Consumer Defensive	24.16	0.05	-30.39	Mar25	15.51
Nippon India Multi Cap Dir Gr	INF204K01XF9	PhysicsWallah Ltd	Consumer Defensive	24.16	0.05	-30.39	Apr25	12.51
Nippon India Multi Cap Dir Gr	INF204K01XF9	PhysicsWallah Ltd	Consumer Defensive	24.16	0.05	-30.39	May25	11.15
Nippon India Multi Cap Dir Gr	INF204K01XF9	PhysicsWallah Ltd	Consumer Defensive	24.16	0.05	-30.39	June25	10.18
Nippon India Multi Cap Dir Gr	INF204K01XF9	PhysicsWallah Ltd	Consumer Defensive	24.16	0.05	-30.39	July25	9.19
Nippon India Multi Cap Dir Gr	INF204K01XF9	PhysicsWallah Ltd	Consumer Defensive	24.16	0.05	-30.39	Aug25	8.13
Nippon India Multi Cap Dir Gr	INF204K01XF9	VST Tillers Tractors Ltd	Industrials	11.23	0.02	-80.55	Oct24	5.55
Nippon India Multi Cap Dir Gr	INF204K01XF9	VST Tillers Tractors Ltd	Industrials	11.23	0.02	-80.55	Nov24	7.52
Nippon India Multi Cap Dir Gr	INF204K01XF9	VST Tillers Tractors Ltd	Industrials	11.23	0.02	-80.55	Dec24	3.56
Nippon India Multi Cap Dir Gr	INF204K01XF9	VST Tillers Tractors Ltd	Industrials	11.23	0.02	-80.55	Jan25	5.32
Nippon India Multi Cap Dir Gr	INF204K01XF9	VST Tillers Tractors Ltd	Industrials	11.23	0.02	-80.55	Feb25	5.59
Nippon India Multi Cap Dir Gr	INF204K01XF9	VST Tillers Tractors Ltd	Industrials	11.23	0.02	-80.55	Mar25	15.51
Nippon India Multi Cap Dir Gr	INF204K01XF9	VST Tillers Tractors Ltd	Industrials	11.23	0.02	-80.55	Mar25	15.51
Nippon India Multi Cap Dir Gr	INF204K01XF9	VST Tillers Tractors Ltd	Industrials	11.23	0.02	-80.55	Apr25	12.51
Nippon India Multi Cap Dir Gr	INF204K01XF9	VST Tillers Tractors Ltd	Industrials	11.23	0.02	-80.55	May25	11.15
Nippon India Multi Cap Dir Gr	INF204K01XF9	VST Tillers Tractors Ltd	Industrials	11.23	0.02	-80.55	June25	10.18
Nippon India Multi Cap Dir Gr	INF204K01XF9	VST Tillers Tractors Ltd	Industrials	11.23	0.02	-80.55	July25	9.19
Nippon India Multi Cap Dir Gr	INF204K01XF9	VST Tillers Tractors Ltd	Industrials	11.23	0.02	-80.55	Aug25	8.13
Nippon India Multi Cap Dir Gr	INF204K01XF9	Cash Margin - Ccil		2.39	0.00		Oct24	5.55
Nippon India Multi Cap Dir Gr	INF204K01XF9	Cash Margin - Ccil		2.39	0.00		Nov24	7.52
Nippon India Multi Cap Dir Gr	INF204K01XF9	Cash Margin - Ccil		2.39	0.00		Dec24	3.56
Nippon India Multi Cap Dir Gr	INF204K01XF9	Cash Margin - Ccil		2.39	0.00		Jan25	5.32
Nippon India Multi Cap Dir Gr	INF204K01XF9	Cash Margin - Ccil		2.39	0.00		Feb25	5.59
Nippon India Multi Cap Dir Gr	INF204K01XF9	Cash Margin - Ccil		2.39	0.00		Mar25	15.51
Nippon India Multi Cap Dir Gr	INF204K01XF9	Cash Margin - Ccil		2.39	0.00		Mar25	15.51
Nippon India Multi Cap Dir Gr	INF204K01XF9	Cash Margin - Ccil		2.39	0.00		Apr25	12.51
Nippon India Multi Cap Dir Gr	INF204K01XF9	Cash Margin - Ccil		2.39	0.00		May25	11.15
Nippon India Multi Cap Dir Gr	INF204K01XF9	Cash Margin - Ccil		2.39	0.00		June25	10.18
Nippon India Multi Cap Dir Gr	INF204K01XF9	Cash Margin - Ccil		2.39	0.00		July25	9.19
Nippon India Multi Cap Dir Gr	INF204K01XF9	Cash Margin - Ccil		2.39	0.00		Aug25	8.13
Nippon India Multi Cap Dir Gr	INF204K01XF9	Cash		0.00	0.00		Oct24	5.55
Nippon India Multi Cap Dir Gr	INF204K01XF9	Cash		0.00	0.00		Nov24	7.52
Nippon India Multi Cap Dir Gr	INF204K01XF9	Cash		0.00	0.00		Dec24	3.56
Nippon India Multi Cap Dir Gr	INF204K01XF9	Cash		0.00	0.00		Jan25	5.32
Nippon India Multi Cap Dir Gr	INF204K01XF9	Cash		0.00	0.00		Feb25	5.59
Nippon India Multi Cap Dir Gr	INF204K01XF9	Cash		0.00	0.00		Mar25	15.51
Nippon India Multi Cap Dir Gr	INF204K01XF9	Cash		0.00	0.00		Mar25	15.51
Nippon India Multi Cap Dir Gr	INF204K01XF9	Cash		0.00	0.00		Apr25	12.51
Nippon India Multi Cap Dir Gr	INF204K01XF9	Cash		0.00	0.00		May25	11.15
Nippon India Multi Cap Dir Gr	INF204K01XF9	Cash		0.00	0.00		June25	10.18
Nippon India Multi Cap Dir Gr	INF204K01XF9	Cash		0.00	0.00		July25	9.19
Nippon India Multi Cap Dir Gr	INF204K01XF9	Cash		0.00	0.00		Aug25	8.13
Nippon India Multi Cap Dir Gr	INF204K01XF9	J.B. Chemicals & Pharmaceuticals Ltd		0.00	0.00	-100.00	Oct24	5.55
Nippon India Multi Cap Dir Gr	INF204K01XF9	J.B. Chemicals & Pharmaceuticals Ltd		0.00	0.00	-100.00	Nov24	7.52
Nippon India Multi Cap Dir Gr	INF204K01XF9	J.B. Chemicals & Pharmaceuticals Ltd		0.00	0.00	-100.00	Dec24	3.56
Nippon India Multi Cap Dir Gr	INF204K01XF9	J.B. Chemicals & Pharmaceuticals Ltd		0.00	0.00	-100.00	Jan25	5.32
Nippon India Multi Cap Dir Gr	INF204K01XF9	J.B. Chemicals & Pharmaceuticals Ltd		0.00	0.00	-100.00	Feb25	5.59
Nippon India Multi Cap Dir Gr	INF204K01XF9	J.B. Chemicals & Pharmaceuticals Ltd		0.00	0.00	-100.00	Mar25	15.51
Nippon India Multi Cap Dir Gr	INF204K01XF9	J.B. Chemicals & Pharmaceuticals Ltd		0.00	0.00	-100.00	Mar25	15.51
Nippon India Multi Cap Dir Gr	INF204K01XF9	J.B. Chemicals & Pharmaceuticals Ltd		0.00	0.00	-100.00	Apr25	12.51
Nippon India Multi Cap Dir Gr	INF204K01XF9	J.B. Chemicals & Pharmaceuticals Ltd		0.00	0.00	-100.00	May25	11.15
Nippon India Multi Cap Dir Gr	INF204K01XF9	J.B. Chemicals & Pharmaceuticals Ltd		0.00	0.00	-100.00	June25	10.18
Nippon India Multi Cap Dir Gr	INF204K01XF9	J.B. Chemicals & Pharmaceuticals Ltd		0.00	0.00	-100.00	July25	9.19
Nippon India Multi Cap Dir Gr	INF204K01XF9	J.B. Chemicals & Pharmaceuticals Ltd		0.00	0.00	-100.00	Aug25	8.13
Nippon India Multi Cap Dir Gr	INF204K01XF9	Bharat Forge Ltd		0.00	0.00	-100.00	Oct24	5.55
Nippon India Multi Cap Dir Gr	INF204K01XF9	Bharat Forge Ltd		0.00	0.00	-100.00	Nov24	7.52
Nippon India Multi Cap Dir Gr	INF204K01XF9	Bharat Forge Ltd		0.00	0.00	-100.00	Dec24	3.56
Nippon India Multi Cap Dir Gr	INF204K01XF9	Bharat Forge Ltd		0.00	0.00	-100.00	Jan25	5.32
Nippon India Multi Cap Dir Gr	INF204K01XF9	Bharat Forge Ltd		0.00	0.00	-100.00	Feb25	5.59
Nippon India Multi Cap Dir Gr	INF204K01XF9	Bharat Forge Ltd		0.00	0.00	-100.00	Mar25	15.51
Nippon India Multi Cap Dir Gr	INF204K01XF9	Bharat Forge Ltd		0.00	0.00	-100.00	Mar25	15.51
Nippon India Multi Cap Dir Gr	INF204K01XF9	Bharat Forge Ltd		0.00	0.00	-100.00	Apr25	12.51
Nippon India Multi Cap Dir Gr	INF204K01XF9	Bharat Forge Ltd		0.00	0.00	-100.00	May25	11.15
Nippon India Multi Cap Dir Gr	INF204K01XF9	Bharat Forge Ltd		0.00	0.00	-100.00	June25	10.18
Nippon India Multi Cap Dir Gr	INF204K01XF9	Bharat Forge Ltd		0.00	0.00	-100.00	July25	9.19
Nippon India Multi Cap Dir Gr	INF204K01XF9	Bharat Forge Ltd		0.00	0.00	-100.00	Aug25	8.13
Nippon India Multi Cap Dir Gr	INF204K01XF9	Sona BLW Precision Forgings Ltd		0.00	0.00	-100.00	Oct24	5.55
Nippon India Multi Cap Dir Gr	INF204K01XF9	Sona BLW Precision Forgings Ltd		0.00	0.00	-100.00	Nov24	7.52
Nippon India Multi Cap Dir Gr	INF204K01XF9	Sona BLW Precision Forgings Ltd		0.00	0.00	-100.00	Dec24	3.56
Nippon India Multi Cap Dir Gr	INF204K01XF9	Sona BLW Precision Forgings Ltd		0.00	0.00	-100.00	Jan25	5.32
Nippon India Multi Cap Dir Gr	INF204K01XF9	Sona BLW Precision Forgings Ltd		0.00	0.00	-100.00	Feb25	5.59
Nippon India Multi Cap Dir Gr	INF204K01XF9	Sona BLW Precision Forgings Ltd		0.00	0.00	-100.00	Mar25	15.51
Nippon India Multi Cap Dir Gr	INF204K01XF9	Sona BLW Precision Forgings Ltd		0.00	0.00	-100.00	Mar25	15.51
Nippon India Multi Cap Dir Gr	INF204K01XF9	Sona BLW Precision Forgings Ltd		0.00	0.00	-100.00	Apr25	12.51
Nippon India Multi Cap Dir Gr	INF204K01XF9	Sona BLW Precision Forgings Ltd		0.00	0.00	-100.00	May25	11.15
Nippon India Multi Cap Dir Gr	INF204K01XF9	Sona BLW Precision Forgings Ltd		0.00	0.00	-100.00	June25	10.18
Nippon India Multi Cap Dir Gr	INF204K01XF9	Sona BLW Precision Forgings Ltd		0.00	0.00	-100.00	July25	9.19
Nippon India Multi Cap Dir Gr	INF204K01XF9	Sona BLW Precision Forgings Ltd		0.00	0.00	-100.00	Aug25	8.13
Nippon India Multi Cap Dir Gr	INF204K01XF9	Tata Motors Ltd		0.00	0.00	-100.00	Oct24	5.55
Nippon India Multi Cap Dir Gr	INF204K01XF9	Tata Motors Ltd		0.00	0.00	-100.00	Nov24	7.52
Nippon India Multi Cap Dir Gr	INF204K01XF9	Tata Motors Ltd		0.00	0.00	-100.00	Dec24	3.56
Nippon India Multi Cap Dir Gr	INF204K01XF9	Tata Motors Ltd		0.00	0.00	-100.00	Jan25	5.32
Nippon India Multi Cap Dir Gr	INF204K01XF9	Tata Motors Ltd		0.00	0.00	-100.00	Feb25	5.59
Nippon India Multi Cap Dir Gr	INF204K01XF9	Tata Motors Ltd		0.00	0.00	-100.00	Mar25	15.51
Nippon India Multi Cap Dir Gr	INF204K01XF9	Tata Motors Ltd		0.00	0.00	-100.00	Mar25	15.51
Nippon India Multi Cap Dir Gr	INF204K01XF9	Tata Motors Ltd		0.00	0.00	-100.00	Apr25	12.51
Nippon India Multi Cap Dir Gr	INF204K01XF9	Tata Motors Ltd		0.00	0.00	-100.00	May25	11.15
Nippon India Multi Cap Dir Gr	INF204K01XF9	Tata Motors Ltd		0.00	0.00	-100.00	June25	10.18
Nippon India Multi Cap Dir Gr	INF204K01XF9	Tata Motors Ltd		0.00	0.00	-100.00	July25	9.19
Nippon India Multi Cap Dir Gr	INF204K01XF9	Tata Motors Ltd		0.00	0.00	-100.00	Aug25	8.13
