schemeName	isin	stock_name	sector	market_value	weight	change_1m	period	weightage
Bandhan Small Cap Dir Gr	INF194KB1AL4	Triparty Repo Trp_020326_val		2,147.77	10.49		Oct24	5.55
Bandhan Small Cap Dir Gr	INF194KB1AL4	Triparty Repo Trp_020326_val		2,147.77	10.49		Nov24	7.52
Bandhan Small Cap Dir Gr	INF194KB1AL4	Triparty Repo Trp_020326_val		2,147.77	10.49		Dec24	3.56
Bandhan Small Cap Dir Gr	INF194KB1AL4	Triparty Repo Trp_020326_val		2,147.77	10.49		Jan25	5.32
Bandhan Small Cap Dir Gr	INF194KB1AL4	Triparty Repo Trp_020326_val		2,147.77	10.49		Feb25	5.59
Bandhan Small Cap Dir Gr	INF194KB1AL4	Triparty Repo Trp_020326_val		2,147.77	10.49		Mar25	15.51
Bandhan Small Cap Dir Gr	INF194KB1AL4	Triparty Repo Trp_020326_val		2,147.77	10.49		Mar25	15.51
Bandhan Small Cap Dir Gr	INF194KB1AL4	Triparty Repo Trp_020326_val		2,147.77	10.49		Apr25	12.51
Bandhan Small Cap Dir Gr	INF194KB1AL4	Triparty Repo Trp_020326_val		2,147.77	10.49		May25	11.15
Bandhan Small Cap Dir Gr	INF194KB1AL4	Triparty Repo Trp_020326_val		2,147.77	10.49		June25	10.18
Bandhan Small Cap Dir Gr	INF194KB1AL4	Triparty Repo Trp_020326_val		2,147.77	10.49		July25	9.19
Bandhan Small Cap Dir Gr	INF194KB1AL4	Triparty Repo Trp_020326_val		2,147.77	10.49		Aug25	8.13
Bandhan Small Cap Dir Gr	INF194KB1AL4	REC Ltd	Financial Services	729.90	3.56	12.09	Oct24	5.55
Bandhan Small Cap Dir Gr	INF194KB1AL4	REC Ltd	Financial Services	729.90	3.56	12.09	Nov24	7.52
Bandhan Small Cap Dir Gr	INF194KB1AL4	REC Ltd	Financial Services	729.90	3.56	12.09	Dec24	3.56
Bandhan Small Cap Dir Gr	INF194KB1AL4	REC Ltd	Financial Services	729.90	3.56	12.09	Jan25	5.32
Bandhan Small Cap Dir Gr	INF194KB1AL4	REC Ltd	Financial Services	729.90	3.56	12.09	Feb25	5.59
Bandhan Small Cap Dir Gr	INF194KB1AL4	REC Ltd	Financial Services	729.90	3.56	12.09	Mar25	15.51
Bandhan Small Cap Dir Gr	INF194KB1AL4	REC Ltd	Financial Services	729.90	3.56	12.09	Mar25	15.51
Bandhan Small Cap Dir Gr	INF194KB1AL4	REC Ltd	Financial Services	729.90	3.56	12.09	Apr25	12.51
Bandhan Small Cap Dir Gr	INF194KB1AL4	REC Ltd	Financial Services	729.90	3.56	12.09	May25	11.15
Bandhan Small Cap Dir Gr	INF194KB1AL4	REC Ltd	Financial Services	729.90	3.56	12.09	June25	10.18
Bandhan Small Cap Dir Gr	INF194KB1AL4	REC Ltd	Financial Services	729.90	3.56	12.09	July25	9.19
Bandhan Small Cap Dir Gr	INF194KB1AL4	REC Ltd	Financial Services	729.90	3.56	12.09	Aug25	8.13
Bandhan Small Cap Dir Gr	INF194KB1AL4	Sobha Ltd	Real Estate	709.98	3.47	5.18	Oct24	5.55
Bandhan Small Cap Dir Gr	INF194KB1AL4	Sobha Ltd	Real Estate	709.98	3.47	5.18	Nov24	7.52
Bandhan Small Cap Dir Gr	INF194KB1AL4	Sobha Ltd	Real Estate	709.98	3.47	5.18	Dec24	3.56
Bandhan Small Cap Dir Gr	INF194KB1AL4	Sobha Ltd	Real Estate	709.98	3.47	5.18	Jan25	5.32
Bandhan Small Cap Dir Gr	INF194KB1AL4	Sobha Ltd	Real Estate	709.98	3.47	5.18	Feb25	5.59
Bandhan Small Cap Dir Gr	INF194KB1AL4	Sobha Ltd	Real Estate	709.98	3.47	5.18	Mar25	15.51
Bandhan Small Cap Dir Gr	INF194KB1AL4	Sobha Ltd	Real Estate	709.98	3.47	5.18	Mar25	15.51
Bandhan Small Cap Dir Gr	INF194KB1AL4	Sobha Ltd	Real Estate	709.98	3.47	5.18	Apr25	12.51
Bandhan Small Cap Dir Gr	INF194KB1AL4	Sobha Ltd	Real Estate	709.98	3.47	5.18	May25	11.15
Bandhan Small Cap Dir Gr	INF194KB1AL4	Sobha Ltd	Real Estate	709.98	3.47	5.18	June25	10.18
Bandhan Small Cap Dir Gr	INF194KB1AL4	Sobha Ltd	Real Estate	709.98	3.47	5.18	July25	9.19
Bandhan Small Cap Dir Gr	INF194KB1AL4	Sobha Ltd	Real Estate	709.98	3.47	5.18	Aug25	8.13
Bandhan Small Cap Dir Gr	INF194KB1AL4	LT Foods Ltd	Consumer Defensive	504.51	2.46	1.73	Oct24	5.55
Bandhan Small Cap Dir Gr	INF194KB1AL4	LT Foods Ltd	Consumer Defensive	504.51	2.46	1.73	Nov24	7.52
Bandhan Small Cap Dir Gr	INF194KB1AL4	LT Foods Ltd	Consumer Defensive	504.51	2.46	1.73	Dec24	3.56
Bandhan Small Cap Dir Gr	INF194KB1AL4	LT Foods Ltd	Consumer Defensive	504.51	2.46	1.73	Jan25	5.32
Bandhan Small Cap Dir Gr	INF194KB1AL4	LT Foods Ltd	Consumer Defensive	504.51	2.46	1.73	Feb25	5.59
Bandhan Small Cap Dir Gr	INF194KB1AL4	LT Foods Ltd	Consumer Defensive	504.51	2.46	1.73	Mar25	15.51
Bandhan Small Cap Dir Gr	INF194KB1AL4	LT Foods Ltd	Consumer Defensive	504.51	2.46	1.73	Mar25	15.51
Bandhan Small Cap Dir Gr	INF194KB1AL4	LT Foods Ltd	Consumer Defensive	504.51	2.46	1.73	Apr25	12.51
Bandhan Small Cap Dir Gr	INF194KB1AL4	LT Foods Ltd	Consumer Defensive	504.51	2.46	1.73	May25	11.15
Bandhan Small Cap Dir Gr	INF194KB1AL4	LT Foods Ltd	Consumer Defensive	504.51	2.46	1.73	June25	10.18
Bandhan Small Cap Dir Gr	INF194KB1AL4	LT Foods Ltd	Consumer Defensive	504.51	2.46	1.73	July25	9.19
Bandhan Small Cap Dir Gr	INF194KB1AL4	LT Foods Ltd	Consumer Defensive	504.51	2.46	1.73	Aug25	8.13
Bandhan Small Cap Dir Gr	INF194KB1AL4	The South Indian Bank Ltd	Financial Services	436.75	2.13	-0.08	Oct24	5.55
Bandhan Small Cap Dir Gr	INF194KB1AL4	The South Indian Bank Ltd	Financial Services	436.75	2.13	-0.08	Nov24	7.52
Bandhan Small Cap Dir Gr	INF194KB1AL4	The South Indian Bank Ltd	Financial Services	436.75	2.13	-0.08	Dec24	3.56
Bandhan Small Cap Dir Gr	INF194KB1AL4	The South Indian Bank Ltd	Financial Services	436.75	2.13	-0.08	Jan25	5.32
Bandhan Small Cap Dir Gr	INF194KB1AL4	The South Indian Bank Ltd	Financial Services	436.75	2.13	-0.08	Feb25	5.59
Bandhan Small Cap Dir Gr	INF194KB1AL4	The South Indian Bank Ltd	Financial Services	436.75	2.13	-0.08	Mar25	15.51
Bandhan Small Cap Dir Gr	INF194KB1AL4	The South Indian Bank Ltd	Financial Services	436.75	2.13	-0.08	Mar25	15.51
Bandhan Small Cap Dir Gr	INF194KB1AL4	The South Indian Bank Ltd	Financial Services	436.75	2.13	-0.08	Apr25	12.51
Bandhan Small Cap Dir Gr	INF194KB1AL4	The South Indian Bank Ltd	Financial Services	436.75	2.13	-0.08	May25	11.15
Bandhan Small Cap Dir Gr	INF194KB1AL4	The South Indian Bank Ltd	Financial Services	436.75	2.13	-0.08	June25	10.18
Bandhan Small Cap Dir Gr	INF194KB1AL4	The South Indian Bank Ltd	Financial Services	436.75	2.13	-0.08	July25	9.19
Bandhan Small Cap Dir Gr	INF194KB1AL4	The South Indian Bank Ltd	Financial Services	436.75	2.13	-0.08	Aug25	8.13
Bandhan Small Cap Dir Gr	INF194KB1AL4	Arvind Ltd	Consumer Cyclical	337.51	1.65	8.47	Oct24	5.55
Bandhan Small Cap Dir Gr	INF194KB1AL4	Arvind Ltd	Consumer Cyclical	337.51	1.65	8.47	Nov24	7.52
Bandhan Small Cap Dir Gr	INF194KB1AL4	Arvind Ltd	Consumer Cyclical	337.51	1.65	8.47	Dec24	3.56
Bandhan Small Cap Dir Gr	INF194KB1AL4	Arvind Ltd	Consumer Cyclical	337.51	1.65	8.47	Jan25	5.32
Bandhan Small Cap Dir Gr	INF194KB1AL4	Arvind Ltd	Consumer Cyclical	337.51	1.65	8.47	Feb25	5.59
Bandhan Small Cap Dir Gr	INF194KB1AL4	Arvind Ltd	Consumer Cyclical	337.51	1.65	8.47	Mar25	15.51
Bandhan Small Cap Dir Gr	INF194KB1AL4	Arvind Ltd	Consumer Cyclical	337.51	1.65	8.47	Mar25	15.51
Bandhan Small Cap Dir Gr	INF194KB1AL4	Arvind Ltd	Consumer Cyclical	337.51	1.65	8.47	Apr25	12.51
Bandhan Small Cap Dir Gr	INF194KB1AL4	Arvind Ltd	Consumer Cyclical	337.51	1.65	8.47	May25	11.15
Bandhan Small Cap Dir Gr	INF194KB1AL4	Arvind Ltd	Consumer Cyclical	337.51	1.65	8.47	June25	10.18
Bandhan Small Cap Dir Gr	INF194KB1AL4	Arvind Ltd	Consumer Cyclical	337.51	1.65	8.47	July25	9.19
Bandhan Small Cap Dir Gr	INF194KB1AL4	Arvind Ltd	Consumer Cyclical	337.51	1.65	8.47	Aug25	8.13
Bandhan Small Cap Dir Gr	INF194KB1AL4	Great Eastern Shipping Co Ltd	Industrials	278.57	1.36	0.03	Oct24	5.55
Bandhan Small Cap Dir Gr	INF194KB1AL4	Great Eastern Shipping Co Ltd	Industrials	278.57	1.36	0.03	Nov24	7.52
Bandhan Small Cap Dir Gr	INF194KB1AL4	Great Eastern Shipping Co Ltd	Industrials	278.57	1.36	0.03	Dec24	3.56
Bandhan Small Cap Dir Gr	INF194KB1AL4	Great Eastern Shipping Co Ltd	Industrials	278.57	1.36	0.03	Jan25	5.32
Bandhan Small Cap Dir Gr	INF194KB1AL4	Great Eastern Shipping Co Ltd	Industrials	278.57	1.36	0.03	Feb25	5.59
Bandhan Small Cap Dir Gr	INF194KB1AL4	Great Eastern Shipping Co Ltd	Industrials	278.57	1.36	0.03	Mar25	15.51
Bandhan Small Cap Dir Gr	INF194KB1AL4	Great Eastern Shipping Co Ltd	Industrials	278.57	1.36	0.03	Mar25	15.51
Bandhan Small Cap Dir Gr	INF194KB1AL4	Great Eastern Shipping Co Ltd	Industrials	278.57	1.36	0.03	Apr25	12.51
Bandhan Small Cap Dir Gr	INF194KB1AL4	Great Eastern Shipping Co Ltd	Industrials	278.57	1.36	0.03	May25	11.15
Bandhan Small Cap Dir Gr	INF194KB1AL4	Great Eastern Shipping Co Ltd	Industrials	278.57	1.36	0.03	June25	10.18
Bandhan Small Cap Dir Gr	INF194KB1AL4	Great Eastern Shipping Co Ltd	Industrials	278.57	1.36	0.03	July25	9.19
Bandhan Small Cap Dir Gr	INF194KB1AL4	Great Eastern Shipping Co Ltd	Industrials	278.57	1.36	0.03	Aug25	8.13
Bandhan Small Cap Dir Gr	INF194KB1AL4	Yatharth Hospital and Trauma Care Services Ltd	Healthcare	274.81	1.34	0.00	Oct24	5.55
Bandhan Small Cap Dir Gr	INF194KB1AL4	Yatharth Hospital and Trauma Care Services Ltd	Healthcare	274.81	1.34	0.00	Nov24	7.52
Bandhan Small Cap Dir Gr	INF194KB1AL4	Yatharth Hospital and Trauma Care Services Ltd	Healthcare	274.81	1.34	0.00	Dec24	3.56
Bandhan Small Cap Dir Gr	INF194KB1AL4	Yatharth Hospital and Trauma Care Services Ltd	Healthcare	274.81	1.34	0.00	Jan25	5.32
Bandhan Small Cap Dir Gr	INF194KB1AL4	Yatharth Hospital and Trauma Care Services Ltd	Healthcare	274.81	1.34	0.00	Feb25	5.59
Bandhan Small Cap Dir Gr	INF194KB1AL4	Yatharth Hospital and Trauma Care Services Ltd	Healthcare	274.81	1.34	0.00	Mar25	15.51
Bandhan Small Cap Dir Gr	INF194KB1AL4	Yatharth Hospital and Trauma Care Services Ltd	Healthcare	274.81	1.34	0.00	Mar25	15.51
Bandhan Small Cap Dir Gr	INF194KB1AL4	Yatharth Hospital and Trauma Care Services Ltd	Healthcare	274.81	1.34	0.00	Apr25	12.51
Bandhan Small Cap Dir Gr	INF194KB1AL4	Yatharth Hospital and Trauma Care Services Ltd	Healthcare	274.81	1.34	0.00	May25	11.15
Bandhan Small Cap Dir Gr	INF194KB1AL4	Yatharth Hospital and Trauma Care Services Ltd	Healthcare	274.81	1.34	0.00	June25	10.18
Bandhan Small Cap Dir Gr	INF194KB1AL4	Yatharth Hospital and Trauma Care Services Ltd	Healthcare	274.81	1.34	0.00	July25	9.19
Bandhan Small Cap Dir Gr	INF194KB1AL4	Yatharth Hospital and Trauma Care Services Ltd	Healthcare	274.81	1.34	0.00	Aug25	8.13
Bandhan Small Cap Dir Gr	INF194KB1AL4	PNB Housing Finance Ltd	Financial Services	270.54	1.32	2.24	Oct24	5.55
Bandhan Small Cap Dir Gr	INF194KB1AL4	PNB Housing Finance Ltd	Financial Services	270.54	1.32	2.24	Nov24	7.52
Bandhan Small Cap Dir Gr	INF194KB1AL4	PNB Housing Finance Ltd	Financial Services	270.54	1.32	2.24	Dec24	3.56
Bandhan Small Cap Dir Gr	INF194KB1AL4	PNB Housing Finance Ltd	Financial Services	270.54	1.32	2.24	Jan25	5.32
Bandhan Small Cap Dir Gr	INF194KB1AL4	PNB Housing Finance Ltd	Financial Services	270.54	1.32	2.24	Feb25	5.59
Bandhan Small Cap Dir Gr	INF194KB1AL4	PNB Housing Finance Ltd	Financial Services	270.54	1.32	2.24	Mar25	15.51
Bandhan Small Cap Dir Gr	INF194KB1AL4	PNB Housing Finance Ltd	Financial Services	270.54	1.32	2.24	Mar25	15.51
Bandhan Small Cap Dir Gr	INF194KB1AL4	PNB Housing Finance Ltd	Financial Services	270.54	1.32	2.24	Apr25	12.51
Bandhan Small Cap Dir Gr	INF194KB1AL4	PNB Housing Finance Ltd	Financial Services	270.54	1.32	2.24	May25	11.15
Bandhan Small Cap Dir Gr	INF194KB1AL4	PNB Housing Finance Ltd	Financial Services	270.54	1.32	2.24	June25	10.18
Bandhan Small Cap Dir Gr	INF194KB1AL4	PNB Housing Finance Ltd	Financial Services	270.54	1.32	2.24	July25	9.19
Bandhan Small Cap Dir Gr	INF194KB1AL4	PNB Housing Finance Ltd	Financial Services	270.54	1.32	2.24	Aug25	8.13
Bandhan Small Cap Dir Gr	INF194KB1AL4	Cholamandalam Financial Holdings Ltd	Financial Services	255.18	1.25	2.36	Oct24	5.55
Bandhan Small Cap Dir Gr	INF194KB1AL4	Cholamandalam Financial Holdings Ltd	Financial Services	255.18	1.25	2.36	Nov24	7.52
Bandhan Small Cap Dir Gr	INF194KB1AL4	Cholamandalam Financial Holdings Ltd	Financial Services	255.18	1.25	2.36	Dec24	3.56
Bandhan Small Cap Dir Gr	INF194KB1AL4	Cholamandalam Financial Holdings Ltd	Financial Services	255.18	1.25	2.36	Jan25	5.32
Bandhan Small Cap Dir Gr	INF194KB1AL4	Cholamandalam Financial Holdings Ltd	Financial Services	255.18	1.25	2.36	Feb25	5.59
Bandhan Small Cap Dir Gr	INF194KB1AL4	Cholamandalam Financial Holdings Ltd	Financial Services	255.18	1.25	2.36	Mar25	15.51
Bandhan Small Cap Dir Gr	INF194KB1AL4	Cholamandalam Financial Holdings Ltd	Financial Services	255.18	1.25	2.36	Mar25	15.51
Bandhan Small Cap Dir Gr	INF194KB1AL4	Cholamandalam Financial Holdings Ltd	Financial Services	255.18	1.25	2.36	Apr25	12.51
Bandhan Small Cap Dir Gr	INF194KB1AL4	Cholamandalam Financial Holdings Ltd	Financial Services	255.18	1.25	2.36	May25	11.15
Bandhan Small Cap Dir Gr	INF194KB1AL4	Cholamandalam Financial Holdings Ltd	Financial Services	255.18	1.25	2.36	June25	10.18
Bandhan Small Cap Dir Gr	INF194KB1AL4	Cholamandalam Financial Holdings Ltd	Financial Services	255.18	1.25	2.36	July25	9.19
Bandhan Small Cap Dir Gr	INF194KB1AL4	Cholamandalam Financial Holdings Ltd	Financial Services	255.18	1.25	2.36	Aug25	8.13
Bandhan Small Cap Dir Gr	INF194KB1AL4	State Bank of India	Financial Services	251.23	1.23	0.00	Oct24	5.55
Bandhan Small Cap Dir Gr	INF194KB1AL4	State Bank of India	Financial Services	251.23	1.23	0.00	Nov24	7.52
Bandhan Small Cap Dir Gr	INF194KB1AL4	State Bank of India	Financial Services	251.23	1.23	0.00	Dec24	3.56
Bandhan Small Cap Dir Gr	INF194KB1AL4	State Bank of India	Financial Services	251.23	1.23	0.00	Jan25	5.32
Bandhan Small Cap Dir Gr	INF194KB1AL4	State Bank of India	Financial Services	251.23	1.23	0.00	Feb25	5.59
Bandhan Small Cap Dir Gr	INF194KB1AL4	State Bank of India	Financial Services	251.23	1.23	0.00	Mar25	15.51
Bandhan Small Cap Dir Gr	INF194KB1AL4	State Bank of India	Financial Services	251.23	1.23	0.00	Mar25	15.51
Bandhan Small Cap Dir Gr	INF194KB1AL4	State Bank of India	Financial Services	251.23	1.23	0.00	Apr25	12.51
Bandhan Small Cap Dir Gr	INF194KB1AL4	State Bank of India	Financial Services	251.23	1.23	0.00	May25	11.15
Bandhan Small Cap Dir Gr	INF194KB1AL4	State Bank of India	Financial Services	251.23	1.23	0.00	June25	10.18
Bandhan Small Cap Dir Gr	INF194KB1AL4	State Bank of India	Financial Services	251.23	1.23	0.00	July25	9.19
Bandhan Small Cap Dir Gr	INF194KB1AL4	State Bank of India	Financial Services	251.23	1.23	0.00	Aug25	8.13
Bandhan Small Cap Dir Gr	INF194KB1AL4	Apar Industries Ltd	Industrials	250.99	1.23	-12.92	Oct24	5.55
Bandhan Small Cap Dir Gr	INF194KB1AL4	Apar Industries Ltd	Industrials	250.99	1.23	-12.92	Nov24	7.52
Bandhan Small Cap Dir Gr	INF194KB1AL4	Apar Industries Ltd	Industrials	250.99	1.23	-12.92	Dec24	3.56
Bandhan Small Cap Dir Gr	INF194KB1AL4	Apar Industries Ltd	Industrials	250.99	1.23	-12.92	Jan25	5.32
Bandhan Small Cap Dir Gr	INF194KB1AL4	Apar Industries Ltd	Industrials	250.99	1.23	-12.92	Feb25	5.59
Bandhan Small Cap Dir Gr	INF194KB1AL4	Apar Industries Ltd	Industrials	250.99	1.23	-12.92	Mar25	15.51
Bandhan Small Cap Dir Gr	INF194KB1AL4	Apar Industries Ltd	Industrials	250.99	1.23	-12.92	Mar25	15.51
Bandhan Small Cap Dir Gr	INF194KB1AL4	Apar Industries Ltd	Industrials	250.99	1.23	-12.92	Apr25	12.51
Bandhan Small Cap Dir Gr	INF194KB1AL4	Apar Industries Ltd	Industrials	250.99	1.23	-12.92	May25	11.15
Bandhan Small Cap Dir Gr	INF194KB1AL4	Apar Industries Ltd	Industrials	250.99	1.23	-12.92	June25	10.18
Bandhan Small Cap Dir Gr	INF194KB1AL4	Apar Industries Ltd	Industrials	250.99	1.23	-12.92	July25	9.19
Bandhan Small Cap Dir Gr	INF194KB1AL4	Apar Industries Ltd	Industrials	250.99	1.23	-12.92	Aug25	8.13
Bandhan Small Cap Dir Gr	INF194KB1AL4	Karnataka Bank Ltd	Financial Services	246.51	1.20	2.04	Oct24	5.55
Bandhan Small Cap Dir Gr	INF194KB1AL4	Karnataka Bank Ltd	Financial Services	246.51	1.20	2.04	Nov24	7.52
Bandhan Small Cap Dir Gr	INF194KB1AL4	Karnataka Bank Ltd	Financial Services	246.51	1.20	2.04	Dec24	3.56
Bandhan Small Cap Dir Gr	INF194KB1AL4	Karnataka Bank Ltd	Financial Services	246.51	1.20	2.04	Jan25	5.32
Bandhan Small Cap Dir Gr	INF194KB1AL4	Karnataka Bank Ltd	Financial Services	246.51	1.20	2.04	Feb25	5.59
Bandhan Small Cap Dir Gr	INF194KB1AL4	Karnataka Bank Ltd	Financial Services	246.51	1.20	2.04	Mar25	15.51
Bandhan Small Cap Dir Gr	INF194KB1AL4	Karnataka Bank Ltd	Financial Services	246.51	1.20	2.04	Mar25	15.51
Bandhan Small Cap Dir Gr	INF194KB1AL4	Karnataka Bank Ltd	Financial Services	246.51	1.20	2.04	Apr25	12.51
Bandhan Small Cap Dir Gr	INF194KB1AL4	Karnataka Bank Ltd	Financial Services	246.51	1.20	2.04	May25	11.15
Bandhan Small Cap Dir Gr	INF194KB1AL4	Karnataka Bank Ltd	Financial Services	246.51	1.20	2.04	June25	10.18
Bandhan Small Cap Dir Gr	INF194KB1AL4	Karnataka Bank Ltd	Financial Services	246.51	1.20	2.04	July25	9.19
Bandhan Small Cap Dir Gr	INF194KB1AL4	Karnataka Bank Ltd	Financial Services	246.51	1.20	2.04	Aug25	8.13
Bandhan Small Cap Dir Gr	INF194KB1AL4	Info Edge (India) Ltd	Communication Services	228.57	1.12	0.00	Oct24	5.55
Bandhan Small Cap Dir Gr	INF194KB1AL4	Info Edge (India) Ltd	Communication Services	228.57	1.12	0.00	Nov24	7.52
Bandhan Small Cap Dir Gr	INF194KB1AL4	Info Edge (India) Ltd	Communication Services	228.57	1.12	0.00	Dec24	3.56
Bandhan Small Cap Dir Gr	INF194KB1AL4	Info Edge (India) Ltd	Communication Services	228.57	1.12	0.00	Jan25	5.32
Bandhan Small Cap Dir Gr	INF194KB1AL4	Info Edge (India) Ltd	Communication Services	228.57	1.12	0.00	Feb25	5.59
Bandhan Small Cap Dir Gr	INF194KB1AL4	Info Edge (India) Ltd	Communication Services	228.57	1.12	0.00	Mar25	15.51
Bandhan Small Cap Dir Gr	INF194KB1AL4	Info Edge (India) Ltd	Communication Services	228.57	1.12	0.00	Mar25	15.51
Bandhan Small Cap Dir Gr	INF194KB1AL4	Info Edge (India) Ltd	Communication Services	228.57	1.12	0.00	Apr25	12.51
Bandhan Small Cap Dir Gr	INF194KB1AL4	Info Edge (India) Ltd	Communication Services	228.57	1.12	0.00	May25	11.15
Bandhan Small Cap Dir Gr	INF194KB1AL4	Info Edge (India) Ltd	Communication Services	228.57	1.12	0.00	June25	10.18
Bandhan Small Cap Dir Gr	INF194KB1AL4	Info Edge (India) Ltd	Communication Services	228.57	1.12	0.00	July25	9.19
Bandhan Small Cap Dir Gr	INF194KB1AL4	Info Edge (India) Ltd	Communication Services	228.57	1.12	0.00	Aug25	8.13
Bandhan Small Cap Dir Gr	INF194KB1AL4	Godrej Industries Ltd	Industrials	219.13	1.07	3.60	Oct24	5.55
Bandhan Small Cap Dir Gr	INF194KB1AL4	Godrej Industries Ltd	Industrials	219.13	1.07	3.60	Nov24	7.52
Bandhan Small Cap Dir Gr	INF194KB1AL4	Godrej Industries Ltd	Industrials	219.13	1.07	3.60	Dec24	3.56
Bandhan Small Cap Dir Gr	INF194KB1AL4	Godrej Industries Ltd	Industrials	219.13	1.07	3.60	Jan25	5.32
Bandhan Small Cap Dir Gr	INF194KB1AL4	Godrej Industries Ltd	Industrials	219.13	1.07	3.60	Feb25	5.59
Bandhan Small Cap Dir Gr	INF194KB1AL4	Godrej Industries Ltd	Industrials	219.13	1.07	3.60	Mar25	15.51
Bandhan Small Cap Dir Gr	INF194KB1AL4	Godrej Industries Ltd	Industrials	219.13	1.07	3.60	Mar25	15.51
Bandhan Small Cap Dir Gr	INF194KB1AL4	Godrej Industries Ltd	Industrials	219.13	1.07	3.60	Apr25	12.51
Bandhan Small Cap Dir Gr	INF194KB1AL4	Godrej Industries Ltd	Industrials	219.13	1.07	3.60	May25	11.15
Bandhan Small Cap Dir Gr	INF194KB1AL4	Godrej Industries Ltd	Industrials	219.13	1.07	3.60	June25	10.18
Bandhan Small Cap Dir Gr	INF194KB1AL4	Godrej Industries Ltd	Industrials	219.13	1.07	3.60	July25	9.19
Bandhan Small Cap Dir Gr	INF194KB1AL4	Godrej Industries Ltd	Industrials	219.13	1.07	3.60	Aug25	8.13
Bandhan Small Cap Dir Gr	INF194KB1AL4	TVS Holdings Ltd	Consumer Cyclical	204.23	1.00	0.00	Oct24	5.55
Bandhan Small Cap Dir Gr	INF194KB1AL4	TVS Holdings Ltd	Consumer Cyclical	204.23	1.00	0.00	Nov24	7.52
Bandhan Small Cap Dir Gr	INF194KB1AL4	TVS Holdings Ltd	Consumer Cyclical	204.23	1.00	0.00	Dec24	3.56
Bandhan Small Cap Dir Gr	INF194KB1AL4	TVS Holdings Ltd	Consumer Cyclical	204.23	1.00	0.00	Jan25	5.32
Bandhan Small Cap Dir Gr	INF194KB1AL4	TVS Holdings Ltd	Consumer Cyclical	204.23	1.00	0.00	Feb25	5.59
Bandhan Small Cap Dir Gr	INF194KB1AL4	TVS Holdings Ltd	Consumer Cyclical	204.23	1.00	0.00	Mar25	15.51
Bandhan Small Cap Dir Gr	INF194KB1AL4	TVS Holdings Ltd	Consumer Cyclical	204.23	1.00	0.00	Mar25	15.51
Bandhan Small Cap Dir Gr	INF194KB1AL4	TVS Holdings Ltd	Consumer Cyclical	204.23	1.00	0.00	Apr25	12.51
Bandhan Small Cap Dir Gr	INF194KB1AL4	TVS Holdings Ltd	Consumer Cyclical	204.23	1.00	0.00	May25	11.15
Bandhan Small Cap Dir Gr	INF194KB1AL4	TVS Holdings Ltd	Consumer Cyclical	204.23	1.00	0.00	June25	10.18
Bandhan Small Cap Dir Gr	INF194KB1AL4	TVS Holdings Ltd	Consumer Cyclical	204.23	1.00	0.00	July25	9.19
Bandhan Small Cap Dir Gr	INF194KB1AL4	TVS Holdings Ltd	Consumer Cyclical	204.23	1.00	0.00	Aug25	8.13
Bandhan Small Cap Dir Gr	INF194KB1AL4	DCB Bank Ltd	Financial Services	203.81	1.00	-0.83	Oct24	5.55
Bandhan Small Cap Dir Gr	INF194KB1AL4	DCB Bank Ltd	Financial Services	203.81	1.00	-0.83	Nov24	7.52
Bandhan Small Cap Dir Gr	INF194KB1AL4	DCB Bank Ltd	Financial Services	203.81	1.00	-0.83	Dec24	3.56
Bandhan Small Cap Dir Gr	INF194KB1AL4	DCB Bank Ltd	Financial Services	203.81	1.00	-0.83	Jan25	5.32
Bandhan Small Cap Dir Gr	INF194KB1AL4	DCB Bank Ltd	Financial Services	203.81	1.00	-0.83	Feb25	5.59
Bandhan Small Cap Dir Gr	INF194KB1AL4	DCB Bank Ltd	Financial Services	203.81	1.00	-0.83	Mar25	15.51
Bandhan Small Cap Dir Gr	INF194KB1AL4	DCB Bank Ltd	Financial Services	203.81	1.00	-0.83	Mar25	15.51
Bandhan Small Cap Dir Gr	INF194KB1AL4	DCB Bank Ltd	Financial Services	203.81	1.00	-0.83	Apr25	12.51
Bandhan Small Cap Dir Gr	INF194KB1AL4	DCB Bank Ltd	Financial Services	203.81	1.00	-0.83	May25	11.15
Bandhan Small Cap Dir Gr	INF194KB1AL4	DCB Bank Ltd	Financial Services	203.81	1.00	-0.83	June25	10.18
Bandhan Small Cap Dir Gr	INF194KB1AL4	DCB Bank Ltd	Financial Services	203.81	1.00	-0.83	July25	9.19
Bandhan Small Cap Dir Gr	INF194KB1AL4	DCB Bank Ltd	Financial Services	203.81	1.00	-0.83	Aug25	8.13
Bandhan Small Cap Dir Gr	INF194KB1AL4	Glenmark Pharmaceuticals Ltd	Healthcare	203.60	0.99	0.00	Oct24	5.55
Bandhan Small Cap Dir Gr	INF194KB1AL4	Glenmark Pharmaceuticals Ltd	Healthcare	203.60	0.99	0.00	Nov24	7.52
Bandhan Small Cap Dir Gr	INF194KB1AL4	Glenmark Pharmaceuticals Ltd	Healthcare	203.60	0.99	0.00	Dec24	3.56
Bandhan Small Cap Dir Gr	INF194KB1AL4	Glenmark Pharmaceuticals Ltd	Healthcare	203.60	0.99	0.00	Jan25	5.32
Bandhan Small Cap Dir Gr	INF194KB1AL4	Glenmark Pharmaceuticals Ltd	Healthcare	203.60	0.99	0.00	Feb25	5.59
Bandhan Small Cap Dir Gr	INF194KB1AL4	Glenmark Pharmaceuticals Ltd	Healthcare	203.60	0.99	0.00	Mar25	15.51
Bandhan Small Cap Dir Gr	INF194KB1AL4	Glenmark Pharmaceuticals Ltd	Healthcare	203.60	0.99	0.00	Mar25	15.51
Bandhan Small Cap Dir Gr	INF194KB1AL4	Glenmark Pharmaceuticals Ltd	Healthcare	203.60	0.99	0.00	Apr25	12.51
Bandhan Small Cap Dir Gr	INF194KB1AL4	Glenmark Pharmaceuticals Ltd	Healthcare	203.60	0.99	0.00	May25	11.15
Bandhan Small Cap Dir Gr	INF194KB1AL4	Glenmark Pharmaceuticals Ltd	Healthcare	203.60	0.99	0.00	June25	10.18
Bandhan Small Cap Dir Gr	INF194KB1AL4	Glenmark Pharmaceuticals Ltd	Healthcare	203.60	0.99	0.00	July25	9.19
Bandhan Small Cap Dir Gr	INF194KB1AL4	Glenmark Pharmaceuticals Ltd	Healthcare	203.60	0.99	0.00	Aug25	8.13
Bandhan Small Cap Dir Gr	INF194KB1AL4	TARC Ltd Ordinary Shares	Real Estate	199.64	0.98	1.26	Oct24	5.55
Bandhan Small Cap Dir Gr	INF194KB1AL4	TARC Ltd Ordinary Shares	Real Estate	199.64	0.98	1.26	Nov24	7.52
Bandhan Small Cap Dir Gr	INF194KB1AL4	TARC Ltd Ordinary Shares	Real Estate	199.64	0.98	1.26	Dec24	3.56
Bandhan Small Cap Dir Gr	INF194KB1AL4	TARC Ltd Ordinary Shares	Real Estate	199.64	0.98	1.26	Jan25	5.32
Bandhan Small Cap Dir Gr	INF194KB1AL4	TARC Ltd Ordinary Shares	Real Estate	199.64	0.98	1.26	Feb25	5.59
Bandhan Small Cap Dir Gr	INF194KB1AL4	TARC Ltd Ordinary Shares	Real Estate	199.64	0.98	1.26	Mar25	15.51
Bandhan Small Cap Dir Gr	INF194KB1AL4	TARC Ltd Ordinary Shares	Real Estate	199.64	0.98	1.26	Mar25	15.51
Bandhan Small Cap Dir Gr	INF194KB1AL4	TARC Ltd Ordinary Shares	Real Estate	199.64	0.98	1.26	Apr25	12.51
Bandhan Small Cap Dir Gr	INF194KB1AL4	TARC Ltd Ordinary Shares	Real Estate	199.64	0.98	1.26	May25	11.15
Bandhan Small Cap Dir Gr	INF194KB1AL4	TARC Ltd Ordinary Shares	Real Estate	199.64	0.98	1.26	June25	10.18
Bandhan Small Cap Dir Gr	INF194KB1AL4	TARC Ltd Ordinary Shares	Real Estate	199.64	0.98	1.26	July25	9.19
Bandhan Small Cap Dir Gr	INF194KB1AL4	TARC Ltd Ordinary Shares	Real Estate	199.64	0.98	1.26	Aug25	8.13
Bandhan Small Cap Dir Gr	INF194KB1AL4	Jubilant Pharmova Ltd	Healthcare	197.43	0.96	9.32	Oct24	5.55
Bandhan Small Cap Dir Gr	INF194KB1AL4	Jubilant Pharmova Ltd	Healthcare	197.43	0.96	9.32	Nov24	7.52
Bandhan Small Cap Dir Gr	INF194KB1AL4	Jubilant Pharmova Ltd	Healthcare	197.43	0.96	9.32	Dec24	3.56
Bandhan Small Cap Dir Gr	INF194KB1AL4	Jubilant Pharmova Ltd	Healthcare	197.43	0.96	9.32	Jan25	5.32
Bandhan Small Cap Dir Gr	INF194KB1AL4	Jubilant Pharmova Ltd	Healthcare	197.43	0.96	9.32	Feb25	5.59
Bandhan Small Cap Dir Gr	INF194KB1AL4	Jubilant Pharmova Ltd	Healthcare	197.43	0.96	9.32	Mar25	15.51
Bandhan Small Cap Dir Gr	INF194KB1AL4	Jubilant Pharmova Ltd	Healthcare	197.43	0.96	9.32	Mar25	15.51
Bandhan Small Cap Dir Gr	INF194KB1AL4	Jubilant Pharmova Ltd	Healthcare	197.43	0.96	9.32	Apr25	12.51
Bandhan Small Cap Dir Gr	INF194KB1AL4	Jubilant Pharmova Ltd	Healthcare	197.43	0.96	9.32	May25	11.15
Bandhan Small Cap Dir Gr	INF194KB1AL4	Jubilant Pharmova Ltd	Healthcare	197.43	0.96	9.32	June25	10.18
Bandhan Small Cap Dir Gr	INF194KB1AL4	Jubilant Pharmova Ltd	Healthcare	197.43	0.96	9.32	July25	9.19
Bandhan Small Cap Dir Gr	INF194KB1AL4	Jubilant Pharmova Ltd	Healthcare	197.43	0.96	9.32	Aug25	8.13
Bandhan Small Cap Dir Gr	INF194KB1AL4	PCBL Chemical Ltd	Basic Materials	192.76	0.94	1.53	Oct24	5.55
Bandhan Small Cap Dir Gr	INF194KB1AL4	PCBL Chemical Ltd	Basic Materials	192.76	0.94	1.53	Nov24	7.52
Bandhan Small Cap Dir Gr	INF194KB1AL4	PCBL Chemical Ltd	Basic Materials	192.76	0.94	1.53	Dec24	3.56
Bandhan Small Cap Dir Gr	INF194KB1AL4	PCBL Chemical Ltd	Basic Materials	192.76	0.94	1.53	Jan25	5.32
Bandhan Small Cap Dir Gr	INF194KB1AL4	PCBL Chemical Ltd	Basic Materials	192.76	0.94	1.53	Feb25	5.59
Bandhan Small Cap Dir Gr	INF194KB1AL4	PCBL Chemical Ltd	Basic Materials	192.76	0.94	1.53	Mar25	15.51
Bandhan Small Cap Dir Gr	INF194KB1AL4	PCBL Chemical Ltd	Basic Materials	192.76	0.94	1.53	Mar25	15.51
Bandhan Small Cap Dir Gr	INF194KB1AL4	PCBL Chemical Ltd	Basic Materials	192.76	0.94	1.53	Apr25	12.51
Bandhan Small Cap Dir Gr	INF194KB1AL4	PCBL Chemical Ltd	Basic Materials	192.76	0.94	1.53	May25	11.15
Bandhan Small Cap Dir Gr	INF194KB1AL4	PCBL Chemical Ltd	Basic Materials	192.76	0.94	1.53	June25	10.18
Bandhan Small Cap Dir Gr	INF194KB1AL4	PCBL Chemical Ltd	Basic Materials	192.76	0.94	1.53	July25	9.19
Bandhan Small Cap Dir Gr	INF194KB1AL4	PCBL Chemical Ltd	Basic Materials	192.76	0.94	1.53	Aug25	8.13
Bandhan Small Cap Dir Gr	INF194KB1AL4	ICICI Lombard General Insurance Co Ltd	Financial Services	188.33	0.92	80.08	Oct24	5.55
Bandhan Small Cap Dir Gr	INF194KB1AL4	ICICI Lombard General Insurance Co Ltd	Financial Services	188.33	0.92	80.08	Nov24	7.52
Bandhan Small Cap Dir Gr	INF194KB1AL4	ICICI Lombard General Insurance Co Ltd	Financial Services	188.33	0.92	80.08	Dec24	3.56
Bandhan Small Cap Dir Gr	INF194KB1AL4	ICICI Lombard General Insurance Co Ltd	Financial Services	188.33	0.92	80.08	Jan25	5.32
Bandhan Small Cap Dir Gr	INF194KB1AL4	ICICI Lombard General Insurance Co Ltd	Financial Services	188.33	0.92	80.08	Feb25	5.59
Bandhan Small Cap Dir Gr	INF194KB1AL4	ICICI Lombard General Insurance Co Ltd	Financial Services	188.33	0.92	80.08	Mar25	15.51
Bandhan Small Cap Dir Gr	INF194KB1AL4	ICICI Lombard General Insurance Co Ltd	Financial Services	188.33	0.92	80.08	Mar25	15.51
Bandhan Small Cap Dir Gr	INF194KB1AL4	ICICI Lombard General Insurance Co Ltd	Financial Services	188.33	0.92	80.08	Apr25	12.51
Bandhan Small Cap Dir Gr	INF194KB1AL4	ICICI Lombard General Insurance Co Ltd	Financial Services	188.33	0.92	80.08	May25	11.15
Bandhan Small Cap Dir Gr	INF194KB1AL4	ICICI Lombard General Insurance Co Ltd	Financial Services	188.33	0.92	80.08	June25	10.18
Bandhan Small Cap Dir Gr	INF194KB1AL4	ICICI Lombard General Insurance Co Ltd	Financial Services	188.33	0.92	80.08	July25	9.19
Bandhan Small Cap Dir Gr	INF194KB1AL4	ICICI Lombard General Insurance Co Ltd	Financial Services	188.33	0.92	80.08	Aug25	8.13
Bandhan Small Cap Dir Gr	INF194KB1AL4	Paradeep Phosphates Ltd	Basic Materials	185.11	0.90	118.91	Oct24	5.55
Bandhan Small Cap Dir Gr	INF194KB1AL4	Paradeep Phosphates Ltd	Basic Materials	185.11	0.90	118.91	Nov24	7.52
Bandhan Small Cap Dir Gr	INF194KB1AL4	Paradeep Phosphates Ltd	Basic Materials	185.11	0.90	118.91	Dec24	3.56
Bandhan Small Cap Dir Gr	INF194KB1AL4	Paradeep Phosphates Ltd	Basic Materials	185.11	0.90	118.91	Jan25	5.32
Bandhan Small Cap Dir Gr	INF194KB1AL4	Paradeep Phosphates Ltd	Basic Materials	185.11	0.90	118.91	Feb25	5.59
Bandhan Small Cap Dir Gr	INF194KB1AL4	Paradeep Phosphates Ltd	Basic Materials	185.11	0.90	118.91	Mar25	15.51
Bandhan Small Cap Dir Gr	INF194KB1AL4	Paradeep Phosphates Ltd	Basic Materials	185.11	0.90	118.91	Mar25	15.51
Bandhan Small Cap Dir Gr	INF194KB1AL4	Paradeep Phosphates Ltd	Basic Materials	185.11	0.90	118.91	Apr25	12.51
Bandhan Small Cap Dir Gr	INF194KB1AL4	Paradeep Phosphates Ltd	Basic Materials	185.11	0.90	118.91	May25	11.15
Bandhan Small Cap Dir Gr	INF194KB1AL4	Paradeep Phosphates Ltd	Basic Materials	185.11	0.90	118.91	June25	10.18
Bandhan Small Cap Dir Gr	INF194KB1AL4	Paradeep Phosphates Ltd	Basic Materials	185.11	0.90	118.91	July25	9.19
Bandhan Small Cap Dir Gr	INF194KB1AL4	Paradeep Phosphates Ltd	Basic Materials	185.11	0.90	118.91	Aug25	8.13
Bandhan Small Cap Dir Gr	INF194KB1AL4	Cyient Ltd	Industrials	184.52	0.90	6.32	Oct24	5.55
Bandhan Small Cap Dir Gr	INF194KB1AL4	Cyient Ltd	Industrials	184.52	0.90	6.32	Nov24	7.52
Bandhan Small Cap Dir Gr	INF194KB1AL4	Cyient Ltd	Industrials	184.52	0.90	6.32	Dec24	3.56
Bandhan Small Cap Dir Gr	INF194KB1AL4	Cyient Ltd	Industrials	184.52	0.90	6.32	Jan25	5.32
Bandhan Small Cap Dir Gr	INF194KB1AL4	Cyient Ltd	Industrials	184.52	0.90	6.32	Feb25	5.59
Bandhan Small Cap Dir Gr	INF194KB1AL4	Cyient Ltd	Industrials	184.52	0.90	6.32	Mar25	15.51
Bandhan Small Cap Dir Gr	INF194KB1AL4	Cyient Ltd	Industrials	184.52	0.90	6.32	Mar25	15.51
Bandhan Small Cap Dir Gr	INF194KB1AL4	Cyient Ltd	Industrials	184.52	0.90	6.32	Apr25	12.51
Bandhan Small Cap Dir Gr	INF194KB1AL4	Cyient Ltd	Industrials	184.52	0.90	6.32	May25	11.15
Bandhan Small Cap Dir Gr	INF194KB1AL4	Cyient Ltd	Industrials	184.52	0.90	6.32	June25	10.18
Bandhan Small Cap Dir Gr	INF194KB1AL4	Cyient Ltd	Industrials	184.52	0.90	6.32	July25	9.19
Bandhan Small Cap Dir Gr	INF194KB1AL4	Cyient Ltd	Industrials	184.52	0.90	6.32	Aug25	8.13
Bandhan Small Cap Dir Gr	INF194KB1AL4	Power Finance Corp Ltd	Financial Services	182.56	0.89	-2.32	Oct24	5.55
Bandhan Small Cap Dir Gr	INF194KB1AL4	Power Finance Corp Ltd	Financial Services	182.56	0.89	-2.32	Nov24	7.52
Bandhan Small Cap Dir Gr	INF194KB1AL4	Power Finance Corp Ltd	Financial Services	182.56	0.89	-2.32	Dec24	3.56
Bandhan Small Cap Dir Gr	INF194KB1AL4	Power Finance Corp Ltd	Financial Services	182.56	0.89	-2.32	Jan25	5.32
Bandhan Small Cap Dir Gr	INF194KB1AL4	Power Finance Corp Ltd	Financial Services	182.56	0.89	-2.32	Feb25	5.59
Bandhan Small Cap Dir Gr	INF194KB1AL4	Power Finance Corp Ltd	Financial Services	182.56	0.89	-2.32	Mar25	15.51
Bandhan Small Cap Dir Gr	INF194KB1AL4	Power Finance Corp Ltd	Financial Services	182.56	0.89	-2.32	Mar25	15.51
Bandhan Small Cap Dir Gr	INF194KB1AL4	Power Finance Corp Ltd	Financial Services	182.56	0.89	-2.32	Apr25	12.51
Bandhan Small Cap Dir Gr	INF194KB1AL4	Power Finance Corp Ltd	Financial Services	182.56	0.89	-2.32	May25	11.15
Bandhan Small Cap Dir Gr	INF194KB1AL4	Power Finance Corp Ltd	Financial Services	182.56	0.89	-2.32	June25	10.18
Bandhan Small Cap Dir Gr	INF194KB1AL4	Power Finance Corp Ltd	Financial Services	182.56	0.89	-2.32	July25	9.19
Bandhan Small Cap Dir Gr	INF194KB1AL4	Power Finance Corp Ltd	Financial Services	182.56	0.89	-2.32	Aug25	8.13
Bandhan Small Cap Dir Gr	INF194KB1AL4	Senco Gold Ltd	Consumer Cyclical	181.73	0.89	21.98	Oct24	5.55
Bandhan Small Cap Dir Gr	INF194KB1AL4	Senco Gold Ltd	Consumer Cyclical	181.73	0.89	21.98	Nov24	7.52
Bandhan Small Cap Dir Gr	INF194KB1AL4	Senco Gold Ltd	Consumer Cyclical	181.73	0.89	21.98	Dec24	3.56
Bandhan Small Cap Dir Gr	INF194KB1AL4	Senco Gold Ltd	Consumer Cyclical	181.73	0.89	21.98	Jan25	5.32
Bandhan Small Cap Dir Gr	INF194KB1AL4	Senco Gold Ltd	Consumer Cyclical	181.73	0.89	21.98	Feb25	5.59
Bandhan Small Cap Dir Gr	INF194KB1AL4	Senco Gold Ltd	Consumer Cyclical	181.73	0.89	21.98	Mar25	15.51
Bandhan Small Cap Dir Gr	INF194KB1AL4	Senco Gold Ltd	Consumer Cyclical	181.73	0.89	21.98	Mar25	15.51
Bandhan Small Cap Dir Gr	INF194KB1AL4	Senco Gold Ltd	Consumer Cyclical	181.73	0.89	21.98	Apr25	12.51
Bandhan Small Cap Dir Gr	INF194KB1AL4	Senco Gold Ltd	Consumer Cyclical	181.73	0.89	21.98	May25	11.15
Bandhan Small Cap Dir Gr	INF194KB1AL4	Senco Gold Ltd	Consumer Cyclical	181.73	0.89	21.98	June25	10.18
Bandhan Small Cap Dir Gr	INF194KB1AL4	Senco Gold Ltd	Consumer Cyclical	181.73	0.89	21.98	July25	9.19
Bandhan Small Cap Dir Gr	INF194KB1AL4	Senco Gold Ltd	Consumer Cyclical	181.73	0.89	21.98	Aug25	8.13
Bandhan Small Cap Dir Gr	INF194KB1AL4	General Insurance Corp of India	Financial Services	181.70	0.89	3.27	Oct24	5.55
Bandhan Small Cap Dir Gr	INF194KB1AL4	General Insurance Corp of India	Financial Services	181.70	0.89	3.27	Nov24	7.52
Bandhan Small Cap Dir Gr	INF194KB1AL4	General Insurance Corp of India	Financial Services	181.70	0.89	3.27	Dec24	3.56
Bandhan Small Cap Dir Gr	INF194KB1AL4	General Insurance Corp of India	Financial Services	181.70	0.89	3.27	Jan25	5.32
Bandhan Small Cap Dir Gr	INF194KB1AL4	General Insurance Corp of India	Financial Services	181.70	0.89	3.27	Feb25	5.59
Bandhan Small Cap Dir Gr	INF194KB1AL4	General Insurance Corp of India	Financial Services	181.70	0.89	3.27	Mar25	15.51
Bandhan Small Cap Dir Gr	INF194KB1AL4	General Insurance Corp of India	Financial Services	181.70	0.89	3.27	Mar25	15.51
Bandhan Small Cap Dir Gr	INF194KB1AL4	General Insurance Corp of India	Financial Services	181.70	0.89	3.27	Apr25	12.51
Bandhan Small Cap Dir Gr	INF194KB1AL4	General Insurance Corp of India	Financial Services	181.70	0.89	3.27	May25	11.15
Bandhan Small Cap Dir Gr	INF194KB1AL4	General Insurance Corp of India	Financial Services	181.70	0.89	3.27	June25	10.18
Bandhan Small Cap Dir Gr	INF194KB1AL4	General Insurance Corp of India	Financial Services	181.70	0.89	3.27	July25	9.19
Bandhan Small Cap Dir Gr	INF194KB1AL4	General Insurance Corp of India	Financial Services	181.70	0.89	3.27	Aug25	8.13
Bandhan Small Cap Dir Gr	INF194KB1AL4	One97 Communications Ltd	Technology	175.73	0.86	0.00	Oct24	5.55
Bandhan Small Cap Dir Gr	INF194KB1AL4	One97 Communications Ltd	Technology	175.73	0.86	0.00	Nov24	7.52
Bandhan Small Cap Dir Gr	INF194KB1AL4	One97 Communications Ltd	Technology	175.73	0.86	0.00	Dec24	3.56
Bandhan Small Cap Dir Gr	INF194KB1AL4	One97 Communications Ltd	Technology	175.73	0.86	0.00	Jan25	5.32
Bandhan Small Cap Dir Gr	INF194KB1AL4	One97 Communications Ltd	Technology	175.73	0.86	0.00	Feb25	5.59
Bandhan Small Cap Dir Gr	INF194KB1AL4	One97 Communications Ltd	Technology	175.73	0.86	0.00	Mar25	15.51
Bandhan Small Cap Dir Gr	INF194KB1AL4	One97 Communications Ltd	Technology	175.73	0.86	0.00	Mar25	15.51
Bandhan Small Cap Dir Gr	INF194KB1AL4	One97 Communications Ltd	Technology	175.73	0.86	0.00	Apr25	12.51
Bandhan Small Cap Dir Gr	INF194KB1AL4	One97 Communications Ltd	Technology	175.73	0.86	0.00	May25	11.15
Bandhan Small Cap Dir Gr	INF194KB1AL4	One97 Communications Ltd	Technology	175.73	0.86	0.00	June25	10.18
Bandhan Small Cap Dir Gr	INF194KB1AL4	One97 Communications Ltd	Technology	175.73	0.86	0.00	July25	9.19
Bandhan Small Cap Dir Gr	INF194KB1AL4	One97 Communications Ltd	Technology	175.73	0.86	0.00	Aug25	8.13
Bandhan Small Cap Dir Gr	INF194KB1AL4	Repco Home Finance Ltd	Financial Services	174.91	0.85	4.28	Oct24	5.55
Bandhan Small Cap Dir Gr	INF194KB1AL4	Repco Home Finance Ltd	Financial Services	174.91	0.85	4.28	Nov24	7.52
Bandhan Small Cap Dir Gr	INF194KB1AL4	Repco Home Finance Ltd	Financial Services	174.91	0.85	4.28	Dec24	3.56
Bandhan Small Cap Dir Gr	INF194KB1AL4	Repco Home Finance Ltd	Financial Services	174.91	0.85	4.28	Jan25	5.32
Bandhan Small Cap Dir Gr	INF194KB1AL4	Repco Home Finance Ltd	Financial Services	174.91	0.85	4.28	Feb25	5.59
Bandhan Small Cap Dir Gr	INF194KB1AL4	Repco Home Finance Ltd	Financial Services	174.91	0.85	4.28	Mar25	15.51
Bandhan Small Cap Dir Gr	INF194KB1AL4	Repco Home Finance Ltd	Financial Services	174.91	0.85	4.28	Mar25	15.51
Bandhan Small Cap Dir Gr	INF194KB1AL4	Repco Home Finance Ltd	Financial Services	174.91	0.85	4.28	Apr25	12.51
Bandhan Small Cap Dir Gr	INF194KB1AL4	Repco Home Finance Ltd	Financial Services	174.91	0.85	4.28	May25	11.15
Bandhan Small Cap Dir Gr	INF194KB1AL4	Repco Home Finance Ltd	Financial Services	174.91	0.85	4.28	June25	10.18
Bandhan Small Cap Dir Gr	INF194KB1AL4	Repco Home Finance Ltd	Financial Services	174.91	0.85	4.28	July25	9.19
Bandhan Small Cap Dir Gr	INF194KB1AL4	Repco Home Finance Ltd	Financial Services	174.91	0.85	4.28	Aug25	8.13
Bandhan Small Cap Dir Gr	INF194KB1AL4	Rashi Peripherals Ltd	Technology	174.45	0.85	-0.94	Oct24	5.55
Bandhan Small Cap Dir Gr	INF194KB1AL4	Rashi Peripherals Ltd	Technology	174.45	0.85	-0.94	Nov24	7.52
Bandhan Small Cap Dir Gr	INF194KB1AL4	Rashi Peripherals Ltd	Technology	174.45	0.85	-0.94	Dec24	3.56
Bandhan Small Cap Dir Gr	INF194KB1AL4	Rashi Peripherals Ltd	Technology	174.45	0.85	-0.94	Jan25	5.32
Bandhan Small Cap Dir Gr	INF194KB1AL4	Rashi Peripherals Ltd	Technology	174.45	0.85	-0.94	Feb25	5.59
Bandhan Small Cap Dir Gr	INF194KB1AL4	Rashi Peripherals Ltd	Technology	174.45	0.85	-0.94	Mar25	15.51
Bandhan Small Cap Dir Gr	INF194KB1AL4	Rashi Peripherals Ltd	Technology	174.45	0.85	-0.94	Mar25	15.51
Bandhan Small Cap Dir Gr	INF194KB1AL4	Rashi Peripherals Ltd	Technology	174.45	0.85	-0.94	Apr25	12.51
Bandhan Small Cap Dir Gr	INF194KB1AL4	Rashi Peripherals Ltd	Technology	174.45	0.85	-0.94	May25	11.15
Bandhan Small Cap Dir Gr	INF194KB1AL4	Rashi Peripherals Ltd	Technology	174.45	0.85	-0.94	June25	10.18
Bandhan Small Cap Dir Gr	INF194KB1AL4	Rashi Peripherals Ltd	Technology	174.45	0.85	-0.94	July25	9.19
Bandhan Small Cap Dir Gr	INF194KB1AL4	Rashi Peripherals Ltd	Technology	174.45	0.85	-0.94	Aug25	8.13
Bandhan Small Cap Dir Gr	INF194KB1AL4	Shaily Engineering Plastics Ltd	Basic Materials	174.35	0.85	6.00	Oct24	5.55
Bandhan Small Cap Dir Gr	INF194KB1AL4	Shaily Engineering Plastics Ltd	Basic Materials	174.35	0.85	6.00	Nov24	7.52
Bandhan Small Cap Dir Gr	INF194KB1AL4	Shaily Engineering Plastics Ltd	Basic Materials	174.35	0.85	6.00	Dec24	3.56
Bandhan Small Cap Dir Gr	INF194KB1AL4	Shaily Engineering Plastics Ltd	Basic Materials	174.35	0.85	6.00	Jan25	5.32
Bandhan Small Cap Dir Gr	INF194KB1AL4	Shaily Engineering Plastics Ltd	Basic Materials	174.35	0.85	6.00	Feb25	5.59
Bandhan Small Cap Dir Gr	INF194KB1AL4	Shaily Engineering Plastics Ltd	Basic Materials	174.35	0.85	6.00	Mar25	15.51
Bandhan Small Cap Dir Gr	INF194KB1AL4	Shaily Engineering Plastics Ltd	Basic Materials	174.35	0.85	6.00	Mar25	15.51
Bandhan Small Cap Dir Gr	INF194KB1AL4	Shaily Engineering Plastics Ltd	Basic Materials	174.35	0.85	6.00	Apr25	12.51
Bandhan Small Cap Dir Gr	INF194KB1AL4	Shaily Engineering Plastics Ltd	Basic Materials	174.35	0.85	6.00	May25	11.15
Bandhan Small Cap Dir Gr	INF194KB1AL4	Shaily Engineering Plastics Ltd	Basic Materials	174.35	0.85	6.00	June25	10.18
Bandhan Small Cap Dir Gr	INF194KB1AL4	Shaily Engineering Plastics Ltd	Basic Materials	174.35	0.85	6.00	July25	9.19
Bandhan Small Cap Dir Gr	INF194KB1AL4	Shaily Engineering Plastics Ltd	Basic Materials	174.35	0.85	6.00	Aug25	8.13
Bandhan Small Cap Dir Gr	INF194KB1AL4	LIC Housing Finance Ltd	Financial Services	164.56	0.80	32.46	Oct24	5.55
Bandhan Small Cap Dir Gr	INF194KB1AL4	LIC Housing Finance Ltd	Financial Services	164.56	0.80	32.46	Nov24	7.52
Bandhan Small Cap Dir Gr	INF194KB1AL4	LIC Housing Finance Ltd	Financial Services	164.56	0.80	32.46	Dec24	3.56
Bandhan Small Cap Dir Gr	INF194KB1AL4	LIC Housing Finance Ltd	Financial Services	164.56	0.80	32.46	Jan25	5.32
Bandhan Small Cap Dir Gr	INF194KB1AL4	LIC Housing Finance Ltd	Financial Services	164.56	0.80	32.46	Feb25	5.59
Bandhan Small Cap Dir Gr	INF194KB1AL4	LIC Housing Finance Ltd	Financial Services	164.56	0.80	32.46	Mar25	15.51
Bandhan Small Cap Dir Gr	INF194KB1AL4	LIC Housing Finance Ltd	Financial Services	164.56	0.80	32.46	Mar25	15.51
Bandhan Small Cap Dir Gr	INF194KB1AL4	LIC Housing Finance Ltd	Financial Services	164.56	0.80	32.46	Apr25	12.51
Bandhan Small Cap Dir Gr	INF194KB1AL4	LIC Housing Finance Ltd	Financial Services	164.56	0.80	32.46	May25	11.15
Bandhan Small Cap Dir Gr	INF194KB1AL4	LIC Housing Finance Ltd	Financial Services	164.56	0.80	32.46	June25	10.18
Bandhan Small Cap Dir Gr	INF194KB1AL4	LIC Housing Finance Ltd	Financial Services	164.56	0.80	32.46	July25	9.19
Bandhan Small Cap Dir Gr	INF194KB1AL4	LIC Housing Finance Ltd	Financial Services	164.56	0.80	32.46	Aug25	8.13
Bandhan Small Cap Dir Gr	INF194KB1AL4	Saatvik Green Energy Ltd	Technology	155.45	0.76	5.28	Oct24	5.55
Bandhan Small Cap Dir Gr	INF194KB1AL4	Saatvik Green Energy Ltd	Technology	155.45	0.76	5.28	Nov24	7.52
Bandhan Small Cap Dir Gr	INF194KB1AL4	Saatvik Green Energy Ltd	Technology	155.45	0.76	5.28	Dec24	3.56
Bandhan Small Cap Dir Gr	INF194KB1AL4	Saatvik Green Energy Ltd	Technology	155.45	0.76	5.28	Jan25	5.32
Bandhan Small Cap Dir Gr	INF194KB1AL4	Saatvik Green Energy Ltd	Technology	155.45	0.76	5.28	Feb25	5.59
Bandhan Small Cap Dir Gr	INF194KB1AL4	Saatvik Green Energy Ltd	Technology	155.45	0.76	5.28	Mar25	15.51
Bandhan Small Cap Dir Gr	INF194KB1AL4	Saatvik Green Energy Ltd	Technology	155.45	0.76	5.28	Mar25	15.51
Bandhan Small Cap Dir Gr	INF194KB1AL4	Saatvik Green Energy Ltd	Technology	155.45	0.76	5.28	Apr25	12.51
Bandhan Small Cap Dir Gr	INF194KB1AL4	Saatvik Green Energy Ltd	Technology	155.45	0.76	5.28	May25	11.15
Bandhan Small Cap Dir Gr	INF194KB1AL4	Saatvik Green Energy Ltd	Technology	155.45	0.76	5.28	June25	10.18
Bandhan Small Cap Dir Gr	INF194KB1AL4	Saatvik Green Energy Ltd	Technology	155.45	0.76	5.28	July25	9.19
Bandhan Small Cap Dir Gr	INF194KB1AL4	Saatvik Green Energy Ltd	Technology	155.45	0.76	5.28	Aug25	8.13
Bandhan Small Cap Dir Gr	INF194KB1AL4	Piramal Pharma Ltd	Healthcare	152.65	0.75	0.00	Oct24	5.55
Bandhan Small Cap Dir Gr	INF194KB1AL4	Piramal Pharma Ltd	Healthcare	152.65	0.75	0.00	Nov24	7.52
Bandhan Small Cap Dir Gr	INF194KB1AL4	Piramal Pharma Ltd	Healthcare	152.65	0.75	0.00	Dec24	3.56
Bandhan Small Cap Dir Gr	INF194KB1AL4	Piramal Pharma Ltd	Healthcare	152.65	0.75	0.00	Jan25	5.32
Bandhan Small Cap Dir Gr	INF194KB1AL4	Piramal Pharma Ltd	Healthcare	152.65	0.75	0.00	Feb25	5.59
Bandhan Small Cap Dir Gr	INF194KB1AL4	Piramal Pharma Ltd	Healthcare	152.65	0.75	0.00	Mar25	15.51
Bandhan Small Cap Dir Gr	INF194KB1AL4	Piramal Pharma Ltd	Healthcare	152.65	0.75	0.00	Mar25	15.51
Bandhan Small Cap Dir Gr	INF194KB1AL4	Piramal Pharma Ltd	Healthcare	152.65	0.75	0.00	Apr25	12.51
Bandhan Small Cap Dir Gr	INF194KB1AL4	Piramal Pharma Ltd	Healthcare	152.65	0.75	0.00	May25	11.15
Bandhan Small Cap Dir Gr	INF194KB1AL4	Piramal Pharma Ltd	Healthcare	152.65	0.75	0.00	June25	10.18
Bandhan Small Cap Dir Gr	INF194KB1AL4	Piramal Pharma Ltd	Healthcare	152.65	0.75	0.00	July25	9.19
Bandhan Small Cap Dir Gr	INF194KB1AL4	Piramal Pharma Ltd	Healthcare	152.65	0.75	0.00	Aug25	8.13
Bandhan Small Cap Dir Gr	INF194KB1AL4	Angel One Ltd Ordinary Shares	Financial Services	152.32	0.74	7.93	Oct24	5.55
Bandhan Small Cap Dir Gr	INF194KB1AL4	Angel One Ltd Ordinary Shares	Financial Services	152.32	0.74	7.93	Nov24	7.52
Bandhan Small Cap Dir Gr	INF194KB1AL4	Angel One Ltd Ordinary Shares	Financial Services	152.32	0.74	7.93	Dec24	3.56
Bandhan Small Cap Dir Gr	INF194KB1AL4	Angel One Ltd Ordinary Shares	Financial Services	152.32	0.74	7.93	Jan25	5.32
Bandhan Small Cap Dir Gr	INF194KB1AL4	Angel One Ltd Ordinary Shares	Financial Services	152.32	0.74	7.93	Feb25	5.59
Bandhan Small Cap Dir Gr	INF194KB1AL4	Angel One Ltd Ordinary Shares	Financial Services	152.32	0.74	7.93	Mar25	15.51
Bandhan Small Cap Dir Gr	INF194KB1AL4	Angel One Ltd Ordinary Shares	Financial Services	152.32	0.74	7.93	Mar25	15.51
Bandhan Small Cap Dir Gr	INF194KB1AL4	Angel One Ltd Ordinary Shares	Financial Services	152.32	0.74	7.93	Apr25	12.51
Bandhan Small Cap Dir Gr	INF194KB1AL4	Angel One Ltd Ordinary Shares	Financial Services	152.32	0.74	7.93	May25	11.15
Bandhan Small Cap Dir Gr	INF194KB1AL4	Angel One Ltd Ordinary Shares	Financial Services	152.32	0.74	7.93	June25	10.18
Bandhan Small Cap Dir Gr	INF194KB1AL4	Angel One Ltd Ordinary Shares	Financial Services	152.32	0.74	7.93	July25	9.19
Bandhan Small Cap Dir Gr	INF194KB1AL4	Angel One Ltd Ordinary Shares	Financial Services	152.32	0.74	7.93	Aug25	8.13
Bandhan Small Cap Dir Gr	INF194KB1AL4	Kirloskar Oil Engines Ltd	Industrials	141.82	0.69	-9.51	Oct24	5.55
Bandhan Small Cap Dir Gr	INF194KB1AL4	Kirloskar Oil Engines Ltd	Industrials	141.82	0.69	-9.51	Nov24	7.52
Bandhan Small Cap Dir Gr	INF194KB1AL4	Kirloskar Oil Engines Ltd	Industrials	141.82	0.69	-9.51	Dec24	3.56
Bandhan Small Cap Dir Gr	INF194KB1AL4	Kirloskar Oil Engines Ltd	Industrials	141.82	0.69	-9.51	Jan25	5.32
Bandhan Small Cap Dir Gr	INF194KB1AL4	Kirloskar Oil Engines Ltd	Industrials	141.82	0.69	-9.51	Feb25	5.59
Bandhan Small Cap Dir Gr	INF194KB1AL4	Kirloskar Oil Engines Ltd	Industrials	141.82	0.69	-9.51	Mar25	15.51
Bandhan Small Cap Dir Gr	INF194KB1AL4	Kirloskar Oil Engines Ltd	Industrials	141.82	0.69	-9.51	Mar25	15.51
Bandhan Small Cap Dir Gr	INF194KB1AL4	Kirloskar Oil Engines Ltd	Industrials	141.82	0.69	-9.51	Apr25	12.51
Bandhan Small Cap Dir Gr	INF194KB1AL4	Kirloskar Oil Engines Ltd	Industrials	141.82	0.69	-9.51	May25	11.15
Bandhan Small Cap Dir Gr	INF194KB1AL4	Kirloskar Oil Engines Ltd	Industrials	141.82	0.69	-9.51	June25	10.18
Bandhan Small Cap Dir Gr	INF194KB1AL4	Kirloskar Oil Engines Ltd	Industrials	141.82	0.69	-9.51	July25	9.19
Bandhan Small Cap Dir Gr	INF194KB1AL4	Kirloskar Oil Engines Ltd	Industrials	141.82	0.69	-9.51	Aug25	8.13
Bandhan Small Cap Dir Gr	INF194KB1AL4	Sky Gold and Diamonds Ltd	Consumer Cyclical	141.13	0.69	8.39	Oct24	5.55
Bandhan Small Cap Dir Gr	INF194KB1AL4	Sky Gold and Diamonds Ltd	Consumer Cyclical	141.13	0.69	8.39	Nov24	7.52
Bandhan Small Cap Dir Gr	INF194KB1AL4	Sky Gold and Diamonds Ltd	Consumer Cyclical	141.13	0.69	8.39	Dec24	3.56
Bandhan Small Cap Dir Gr	INF194KB1AL4	Sky Gold and Diamonds Ltd	Consumer Cyclical	141.13	0.69	8.39	Jan25	5.32
Bandhan Small Cap Dir Gr	INF194KB1AL4	Sky Gold and Diamonds Ltd	Consumer Cyclical	141.13	0.69	8.39	Feb25	5.59
Bandhan Small Cap Dir Gr	INF194KB1AL4	Sky Gold and Diamonds Ltd	Consumer Cyclical	141.13	0.69	8.39	Mar25	15.51
Bandhan Small Cap Dir Gr	INF194KB1AL4	Sky Gold and Diamonds Ltd	Consumer Cyclical	141.13	0.69	8.39	Mar25	15.51
Bandhan Small Cap Dir Gr	INF194KB1AL4	Sky Gold and Diamonds Ltd	Consumer Cyclical	141.13	0.69	8.39	Apr25	12.51
Bandhan Small Cap Dir Gr	INF194KB1AL4	Sky Gold and Diamonds Ltd	Consumer Cyclical	141.13	0.69	8.39	May25	11.15
Bandhan Small Cap Dir Gr	INF194KB1AL4	Sky Gold and Diamonds Ltd	Consumer Cyclical	141.13	0.69	8.39	June25	10.18
Bandhan Small Cap Dir Gr	INF194KB1AL4	Sky Gold and Diamonds Ltd	Consumer Cyclical	141.13	0.69	8.39	July25	9.19
Bandhan Small Cap Dir Gr	INF194KB1AL4	Sky Gold and Diamonds Ltd	Consumer Cyclical	141.13	0.69	8.39	Aug25	8.13
Bandhan Small Cap Dir Gr	INF194KB1AL4	Godawari Power & Ispat Ltd	Basic Materials	137.29	0.67	-2.82	Oct24	5.55
Bandhan Small Cap Dir Gr	INF194KB1AL4	Godawari Power & Ispat Ltd	Basic Materials	137.29	0.67	-2.82	Nov24	7.52
Bandhan Small Cap Dir Gr	INF194KB1AL4	Godawari Power & Ispat Ltd	Basic Materials	137.29	0.67	-2.82	Dec24	3.56
Bandhan Small Cap Dir Gr	INF194KB1AL4	Godawari Power & Ispat Ltd	Basic Materials	137.29	0.67	-2.82	Jan25	5.32
Bandhan Small Cap Dir Gr	INF194KB1AL4	Godawari Power & Ispat Ltd	Basic Materials	137.29	0.67	-2.82	Feb25	5.59
Bandhan Small Cap Dir Gr	INF194KB1AL4	Godawari Power & Ispat Ltd	Basic Materials	137.29	0.67	-2.82	Mar25	15.51
Bandhan Small Cap Dir Gr	INF194KB1AL4	Godawari Power & Ispat Ltd	Basic Materials	137.29	0.67	-2.82	Mar25	15.51
Bandhan Small Cap Dir Gr	INF194KB1AL4	Godawari Power & Ispat Ltd	Basic Materials	137.29	0.67	-2.82	Apr25	12.51
Bandhan Small Cap Dir Gr	INF194KB1AL4	Godawari Power & Ispat Ltd	Basic Materials	137.29	0.67	-2.82	May25	11.15
Bandhan Small Cap Dir Gr	INF194KB1AL4	Godawari Power & Ispat Ltd	Basic Materials	137.29	0.67	-2.82	June25	10.18
Bandhan Small Cap Dir Gr	INF194KB1AL4	Godawari Power & Ispat Ltd	Basic Materials	137.29	0.67	-2.82	July25	9.19
Bandhan Small Cap Dir Gr	INF194KB1AL4	Godawari Power & Ispat Ltd	Basic Materials	137.29	0.67	-2.82	Aug25	8.13
Bandhan Small Cap Dir Gr	INF194KB1AL4	Arvind SmartSpaces Ltd	Real Estate	134.25	0.66	25.07	Oct24	5.55
Bandhan Small Cap Dir Gr	INF194KB1AL4	Arvind SmartSpaces Ltd	Real Estate	134.25	0.66	25.07	Nov24	7.52
Bandhan Small Cap Dir Gr	INF194KB1AL4	Arvind SmartSpaces Ltd	Real Estate	134.25	0.66	25.07	Dec24	3.56
Bandhan Small Cap Dir Gr	INF194KB1AL4	Arvind SmartSpaces Ltd	Real Estate	134.25	0.66	25.07	Jan25	5.32
Bandhan Small Cap Dir Gr	INF194KB1AL4	Arvind SmartSpaces Ltd	Real Estate	134.25	0.66	25.07	Feb25	5.59
Bandhan Small Cap Dir Gr	INF194KB1AL4	Arvind SmartSpaces Ltd	Real Estate	134.25	0.66	25.07	Mar25	15.51
Bandhan Small Cap Dir Gr	INF194KB1AL4	Arvind SmartSpaces Ltd	Real Estate	134.25	0.66	25.07	Mar25	15.51
Bandhan Small Cap Dir Gr	INF194KB1AL4	Arvind SmartSpaces Ltd	Real Estate	134.25	0.66	25.07	Apr25	12.51
Bandhan Small Cap Dir Gr	INF194KB1AL4	Arvind SmartSpaces Ltd	Real Estate	134.25	0.66	25.07	May25	11.15
Bandhan Small Cap Dir Gr	INF194KB1AL4	Arvind SmartSpaces Ltd	Real Estate	134.25	0.66	25.07	June25	10.18
Bandhan Small Cap Dir Gr	INF194KB1AL4	Arvind SmartSpaces Ltd	Real Estate	134.25	0.66	25.07	July25	9.19
Bandhan Small Cap Dir Gr	INF194KB1AL4	Arvind SmartSpaces Ltd	Real Estate	134.25	0.66	25.07	Aug25	8.13
Bandhan Small Cap Dir Gr	INF194KB1AL4	Strides Pharma Science Ltd	Healthcare	130.50	0.64	0.39	Oct24	5.55
Bandhan Small Cap Dir Gr	INF194KB1AL4	Strides Pharma Science Ltd	Healthcare	130.50	0.64	0.39	Nov24	7.52
Bandhan Small Cap Dir Gr	INF194KB1AL4	Strides Pharma Science Ltd	Healthcare	130.50	0.64	0.39	Dec24	3.56
Bandhan Small Cap Dir Gr	INF194KB1AL4	Strides Pharma Science Ltd	Healthcare	130.50	0.64	0.39	Jan25	5.32
Bandhan Small Cap Dir Gr	INF194KB1AL4	Strides Pharma Science Ltd	Healthcare	130.50	0.64	0.39	Feb25	5.59
Bandhan Small Cap Dir Gr	INF194KB1AL4	Strides Pharma Science Ltd	Healthcare	130.50	0.64	0.39	Mar25	15.51
Bandhan Small Cap Dir Gr	INF194KB1AL4	Strides Pharma Science Ltd	Healthcare	130.50	0.64	0.39	Mar25	15.51
Bandhan Small Cap Dir Gr	INF194KB1AL4	Strides Pharma Science Ltd	Healthcare	130.50	0.64	0.39	Apr25	12.51
Bandhan Small Cap Dir Gr	INF194KB1AL4	Strides Pharma Science Ltd	Healthcare	130.50	0.64	0.39	May25	11.15
Bandhan Small Cap Dir Gr	INF194KB1AL4	Strides Pharma Science Ltd	Healthcare	130.50	0.64	0.39	June25	10.18
Bandhan Small Cap Dir Gr	INF194KB1AL4	Strides Pharma Science Ltd	Healthcare	130.50	0.64	0.39	July25	9.19
Bandhan Small Cap Dir Gr	INF194KB1AL4	Strides Pharma Science Ltd	Healthcare	130.50	0.64	0.39	Aug25	8.13
Bandhan Small Cap Dir Gr	INF194KB1AL4	Inox Wind Ltd	Industrials	124.51	0.61	0.00	Oct24	5.55
Bandhan Small Cap Dir Gr	INF194KB1AL4	Inox Wind Ltd	Industrials	124.51	0.61	0.00	Nov24	7.52
Bandhan Small Cap Dir Gr	INF194KB1AL4	Inox Wind Ltd	Industrials	124.51	0.61	0.00	Dec24	3.56
Bandhan Small Cap Dir Gr	INF194KB1AL4	Inox Wind Ltd	Industrials	124.51	0.61	0.00	Jan25	5.32
Bandhan Small Cap Dir Gr	INF194KB1AL4	Inox Wind Ltd	Industrials	124.51	0.61	0.00	Feb25	5.59
Bandhan Small Cap Dir Gr	INF194KB1AL4	Inox Wind Ltd	Industrials	124.51	0.61	0.00	Mar25	15.51
Bandhan Small Cap Dir Gr	INF194KB1AL4	Inox Wind Ltd	Industrials	124.51	0.61	0.00	Mar25	15.51
Bandhan Small Cap Dir Gr	INF194KB1AL4	Inox Wind Ltd	Industrials	124.51	0.61	0.00	Apr25	12.51
Bandhan Small Cap Dir Gr	INF194KB1AL4	Inox Wind Ltd	Industrials	124.51	0.61	0.00	May25	11.15
Bandhan Small Cap Dir Gr	INF194KB1AL4	Inox Wind Ltd	Industrials	124.51	0.61	0.00	June25	10.18
Bandhan Small Cap Dir Gr	INF194KB1AL4	Inox Wind Ltd	Industrials	124.51	0.61	0.00	July25	9.19
Bandhan Small Cap Dir Gr	INF194KB1AL4	Inox Wind Ltd	Industrials	124.51	0.61	0.00	Aug25	8.13
Bandhan Small Cap Dir Gr	INF194KB1AL4	Sanathan Textiles Ltd	Consumer Cyclical	120.64	0.59	1.18	Oct24	5.55
Bandhan Small Cap Dir Gr	INF194KB1AL4	Sanathan Textiles Ltd	Consumer Cyclical	120.64	0.59	1.18	Nov24	7.52
Bandhan Small Cap Dir Gr	INF194KB1AL4	Sanathan Textiles Ltd	Consumer Cyclical	120.64	0.59	1.18	Dec24	3.56
Bandhan Small Cap Dir Gr	INF194KB1AL4	Sanathan Textiles Ltd	Consumer Cyclical	120.64	0.59	1.18	Jan25	5.32
Bandhan Small Cap Dir Gr	INF194KB1AL4	Sanathan Textiles Ltd	Consumer Cyclical	120.64	0.59	1.18	Feb25	5.59
Bandhan Small Cap Dir Gr	INF194KB1AL4	Sanathan Textiles Ltd	Consumer Cyclical	120.64	0.59	1.18	Mar25	15.51
Bandhan Small Cap Dir Gr	INF194KB1AL4	Sanathan Textiles Ltd	Consumer Cyclical	120.64	0.59	1.18	Mar25	15.51
Bandhan Small Cap Dir Gr	INF194KB1AL4	Sanathan Textiles Ltd	Consumer Cyclical	120.64	0.59	1.18	Apr25	12.51
Bandhan Small Cap Dir Gr	INF194KB1AL4	Sanathan Textiles Ltd	Consumer Cyclical	120.64	0.59	1.18	May25	11.15
Bandhan Small Cap Dir Gr	INF194KB1AL4	Sanathan Textiles Ltd	Consumer Cyclical	120.64	0.59	1.18	June25	10.18
Bandhan Small Cap Dir Gr	INF194KB1AL4	Sanathan Textiles Ltd	Consumer Cyclical	120.64	0.59	1.18	July25	9.19
Bandhan Small Cap Dir Gr	INF194KB1AL4	Sanathan Textiles Ltd	Consumer Cyclical	120.64	0.59	1.18	Aug25	8.13
Bandhan Small Cap Dir Gr	INF194KB1AL4	IndusInd Bank Ltd	Financial Services	120.57	0.59	0.00	Oct24	5.55
Bandhan Small Cap Dir Gr	INF194KB1AL4	IndusInd Bank Ltd	Financial Services	120.57	0.59	0.00	Nov24	7.52
Bandhan Small Cap Dir Gr	INF194KB1AL4	IndusInd Bank Ltd	Financial Services	120.57	0.59	0.00	Dec24	3.56
Bandhan Small Cap Dir Gr	INF194KB1AL4	IndusInd Bank Ltd	Financial Services	120.57	0.59	0.00	Jan25	5.32
Bandhan Small Cap Dir Gr	INF194KB1AL4	IndusInd Bank Ltd	Financial Services	120.57	0.59	0.00	Feb25	5.59
Bandhan Small Cap Dir Gr	INF194KB1AL4	IndusInd Bank Ltd	Financial Services	120.57	0.59	0.00	Mar25	15.51
Bandhan Small Cap Dir Gr	INF194KB1AL4	IndusInd Bank Ltd	Financial Services	120.57	0.59	0.00	Mar25	15.51
Bandhan Small Cap Dir Gr	INF194KB1AL4	IndusInd Bank Ltd	Financial Services	120.57	0.59	0.00	Apr25	12.51
Bandhan Small Cap Dir Gr	INF194KB1AL4	IndusInd Bank Ltd	Financial Services	120.57	0.59	0.00	May25	11.15
Bandhan Small Cap Dir Gr	INF194KB1AL4	IndusInd Bank Ltd	Financial Services	120.57	0.59	0.00	June25	10.18
Bandhan Small Cap Dir Gr	INF194KB1AL4	IndusInd Bank Ltd	Financial Services	120.57	0.59	0.00	July25	9.19
Bandhan Small Cap Dir Gr	INF194KB1AL4	IndusInd Bank Ltd	Financial Services	120.57	0.59	0.00	Aug25	8.13
Bandhan Small Cap Dir Gr	INF194KB1AL4	P N Gadgil Jewellers Ltd	Consumer Cyclical	118.81	0.58	2.23	Oct24	5.55
Bandhan Small Cap Dir Gr	INF194KB1AL4	P N Gadgil Jewellers Ltd	Consumer Cyclical	118.81	0.58	2.23	Nov24	7.52
Bandhan Small Cap Dir Gr	INF194KB1AL4	P N Gadgil Jewellers Ltd	Consumer Cyclical	118.81	0.58	2.23	Dec24	3.56
Bandhan Small Cap Dir Gr	INF194KB1AL4	P N Gadgil Jewellers Ltd	Consumer Cyclical	118.81	0.58	2.23	Jan25	5.32
Bandhan Small Cap Dir Gr	INF194KB1AL4	P N Gadgil Jewellers Ltd	Consumer Cyclical	118.81	0.58	2.23	Feb25	5.59
Bandhan Small Cap Dir Gr	INF194KB1AL4	P N Gadgil Jewellers Ltd	Consumer Cyclical	118.81	0.58	2.23	Mar25	15.51
Bandhan Small Cap Dir Gr	INF194KB1AL4	P N Gadgil Jewellers Ltd	Consumer Cyclical	118.81	0.58	2.23	Mar25	15.51
Bandhan Small Cap Dir Gr	INF194KB1AL4	P N Gadgil Jewellers Ltd	Consumer Cyclical	118.81	0.58	2.23	Apr25	12.51
Bandhan Small Cap Dir Gr	INF194KB1AL4	P N Gadgil Jewellers Ltd	Consumer Cyclical	118.81	0.58	2.23	May25	11.15
Bandhan Small Cap Dir Gr	INF194KB1AL4	P N Gadgil Jewellers Ltd	Consumer Cyclical	118.81	0.58	2.23	June25	10.18
Bandhan Small Cap Dir Gr	INF194KB1AL4	P N Gadgil Jewellers Ltd	Consumer Cyclical	118.81	0.58	2.23	July25	9.19
Bandhan Small Cap Dir Gr	INF194KB1AL4	P N Gadgil Jewellers Ltd	Consumer Cyclical	118.81	0.58	2.23	Aug25	8.13
Bandhan Small Cap Dir Gr	INF194KB1AL4	Aditya Birla Real Estate Ltd	Real Estate	116.71	0.57	15.97	Oct24	5.55
Bandhan Small Cap Dir Gr	INF194KB1AL4	Aditya Birla Real Estate Ltd	Real Estate	116.71	0.57	15.97	Nov24	7.52
Bandhan Small Cap Dir Gr	INF194KB1AL4	Aditya Birla Real Estate Ltd	Real Estate	116.71	0.57	15.97	Dec24	3.56
Bandhan Small Cap Dir Gr	INF194KB1AL4	Aditya Birla Real Estate Ltd	Real Estate	116.71	0.57	15.97	Jan25	5.32
Bandhan Small Cap Dir Gr	INF194KB1AL4	Aditya Birla Real Estate Ltd	Real Estate	116.71	0.57	15.97	Feb25	5.59
Bandhan Small Cap Dir Gr	INF194KB1AL4	Aditya Birla Real Estate Ltd	Real Estate	116.71	0.57	15.97	Mar25	15.51
Bandhan Small Cap Dir Gr	INF194KB1AL4	Aditya Birla Real Estate Ltd	Real Estate	116.71	0.57	15.97	Mar25	15.51
Bandhan Small Cap Dir Gr	INF194KB1AL4	Aditya Birla Real Estate Ltd	Real Estate	116.71	0.57	15.97	Apr25	12.51
Bandhan Small Cap Dir Gr	INF194KB1AL4	Aditya Birla Real Estate Ltd	Real Estate	116.71	0.57	15.97	May25	11.15
Bandhan Small Cap Dir Gr	INF194KB1AL4	Aditya Birla Real Estate Ltd	Real Estate	116.71	0.57	15.97	June25	10.18
Bandhan Small Cap Dir Gr	INF194KB1AL4	Aditya Birla Real Estate Ltd	Real Estate	116.71	0.57	15.97	July25	9.19
Bandhan Small Cap Dir Gr	INF194KB1AL4	Aditya Birla Real Estate Ltd	Real Estate	116.71	0.57	15.97	Aug25	8.13
Bandhan Small Cap Dir Gr	INF194KB1AL4	SIS Ltd Ordinary Shares	Industrials	114.67	0.56	1.87	Oct24	5.55
Bandhan Small Cap Dir Gr	INF194KB1AL4	SIS Ltd Ordinary Shares	Industrials	114.67	0.56	1.87	Nov24	7.52
Bandhan Small Cap Dir Gr	INF194KB1AL4	SIS Ltd Ordinary Shares	Industrials	114.67	0.56	1.87	Dec24	3.56
Bandhan Small Cap Dir Gr	INF194KB1AL4	SIS Ltd Ordinary Shares	Industrials	114.67	0.56	1.87	Jan25	5.32
Bandhan Small Cap Dir Gr	INF194KB1AL4	SIS Ltd Ordinary Shares	Industrials	114.67	0.56	1.87	Feb25	5.59
Bandhan Small Cap Dir Gr	INF194KB1AL4	SIS Ltd Ordinary Shares	Industrials	114.67	0.56	1.87	Mar25	15.51
Bandhan Small Cap Dir Gr	INF194KB1AL4	SIS Ltd Ordinary Shares	Industrials	114.67	0.56	1.87	Mar25	15.51
Bandhan Small Cap Dir Gr	INF194KB1AL4	SIS Ltd Ordinary Shares	Industrials	114.67	0.56	1.87	Apr25	12.51
Bandhan Small Cap Dir Gr	INF194KB1AL4	SIS Ltd Ordinary Shares	Industrials	114.67	0.56	1.87	May25	11.15
Bandhan Small Cap Dir Gr	INF194KB1AL4	SIS Ltd Ordinary Shares	Industrials	114.67	0.56	1.87	June25	10.18
Bandhan Small Cap Dir Gr	INF194KB1AL4	SIS Ltd Ordinary Shares	Industrials	114.67	0.56	1.87	July25	9.19
Bandhan Small Cap Dir Gr	INF194KB1AL4	SIS Ltd Ordinary Shares	Industrials	114.67	0.56	1.87	Aug25	8.13
Bandhan Small Cap Dir Gr	INF194KB1AL4	Prestige Estates Projects Ltd	Real Estate	114.62	0.56	0.00	Oct24	5.55
Bandhan Small Cap Dir Gr	INF194KB1AL4	Prestige Estates Projects Ltd	Real Estate	114.62	0.56	0.00	Nov24	7.52
Bandhan Small Cap Dir Gr	INF194KB1AL4	Prestige Estates Projects Ltd	Real Estate	114.62	0.56	0.00	Dec24	3.56
Bandhan Small Cap Dir Gr	INF194KB1AL4	Prestige Estates Projects Ltd	Real Estate	114.62	0.56	0.00	Jan25	5.32
Bandhan Small Cap Dir Gr	INF194KB1AL4	Prestige Estates Projects Ltd	Real Estate	114.62	0.56	0.00	Feb25	5.59
Bandhan Small Cap Dir Gr	INF194KB1AL4	Prestige Estates Projects Ltd	Real Estate	114.62	0.56	0.00	Mar25	15.51
Bandhan Small Cap Dir Gr	INF194KB1AL4	Prestige Estates Projects Ltd	Real Estate	114.62	0.56	0.00	Mar25	15.51
Bandhan Small Cap Dir Gr	INF194KB1AL4	Prestige Estates Projects Ltd	Real Estate	114.62	0.56	0.00	Apr25	12.51
Bandhan Small Cap Dir Gr	INF194KB1AL4	Prestige Estates Projects Ltd	Real Estate	114.62	0.56	0.00	May25	11.15
Bandhan Small Cap Dir Gr	INF194KB1AL4	Prestige Estates Projects Ltd	Real Estate	114.62	0.56	0.00	June25	10.18
Bandhan Small Cap Dir Gr	INF194KB1AL4	Prestige Estates Projects Ltd	Real Estate	114.62	0.56	0.00	July25	9.19
Bandhan Small Cap Dir Gr	INF194KB1AL4	Prestige Estates Projects Ltd	Real Estate	114.62	0.56	0.00	Aug25	8.13
Bandhan Small Cap Dir Gr	INF194KB1AL4	Pace Digitek Ltd	Technology	109.38	0.53	5.33	Oct24	5.55
Bandhan Small Cap Dir Gr	INF194KB1AL4	Pace Digitek Ltd	Technology	109.38	0.53	5.33	Nov24	7.52
Bandhan Small Cap Dir Gr	INF194KB1AL4	Pace Digitek Ltd	Technology	109.38	0.53	5.33	Dec24	3.56
Bandhan Small Cap Dir Gr	INF194KB1AL4	Pace Digitek Ltd	Technology	109.38	0.53	5.33	Jan25	5.32
Bandhan Small Cap Dir Gr	INF194KB1AL4	Pace Digitek Ltd	Technology	109.38	0.53	5.33	Feb25	5.59
Bandhan Small Cap Dir Gr	INF194KB1AL4	Pace Digitek Ltd	Technology	109.38	0.53	5.33	Mar25	15.51
Bandhan Small Cap Dir Gr	INF194KB1AL4	Pace Digitek Ltd	Technology	109.38	0.53	5.33	Mar25	15.51
Bandhan Small Cap Dir Gr	INF194KB1AL4	Pace Digitek Ltd	Technology	109.38	0.53	5.33	Apr25	12.51
Bandhan Small Cap Dir Gr	INF194KB1AL4	Pace Digitek Ltd	Technology	109.38	0.53	5.33	May25	11.15
Bandhan Small Cap Dir Gr	INF194KB1AL4	Pace Digitek Ltd	Technology	109.38	0.53	5.33	June25	10.18
Bandhan Small Cap Dir Gr	INF194KB1AL4	Pace Digitek Ltd	Technology	109.38	0.53	5.33	July25	9.19
Bandhan Small Cap Dir Gr	INF194KB1AL4	Pace Digitek Ltd	Technology	109.38	0.53	5.33	Aug25	8.13
Bandhan Small Cap Dir Gr	INF194KB1AL4	Nitin Spinners Ltd	Consumer Cyclical	108.95	0.53	-19.26	Oct24	5.55
Bandhan Small Cap Dir Gr	INF194KB1AL4	Nitin Spinners Ltd	Consumer Cyclical	108.95	0.53	-19.26	Nov24	7.52
Bandhan Small Cap Dir Gr	INF194KB1AL4	Nitin Spinners Ltd	Consumer Cyclical	108.95	0.53	-19.26	Dec24	3.56
Bandhan Small Cap Dir Gr	INF194KB1AL4	Nitin Spinners Ltd	Consumer Cyclical	108.95	0.53	-19.26	Jan25	5.32
Bandhan Small Cap Dir Gr	INF194KB1AL4	Nitin Spinners Ltd	Consumer Cyclical	108.95	0.53	-19.26	Feb25	5.59
Bandhan Small Cap Dir Gr	INF194KB1AL4	Nitin Spinners Ltd	Consumer Cyclical	108.95	0.53	-19.26	Mar25	15.51
Bandhan Small Cap Dir Gr	INF194KB1AL4	Nitin Spinners Ltd	Consumer Cyclical	108.95	0.53	-19.26	Mar25	15.51
Bandhan Small Cap Dir Gr	INF194KB1AL4	Nitin Spinners Ltd	Consumer Cyclical	108.95	0.53	-19.26	Apr25	12.51
Bandhan Small Cap Dir Gr	INF194KB1AL4	Nitin Spinners Ltd	Consumer Cyclical	108.95	0.53	-19.26	May25	11.15
Bandhan Small Cap Dir Gr	INF194KB1AL4	Nitin Spinners Ltd	Consumer Cyclical	108.95	0.53	-19.26	June25	10.18
Bandhan Small Cap Dir Gr	INF194KB1AL4	Nitin Spinners Ltd	Consumer Cyclical	108.95	0.53	-19.26	July25	9.19
Bandhan Small Cap Dir Gr	INF194KB1AL4	Nitin Spinners Ltd	Consumer Cyclical	108.95	0.53	-19.26	Aug25	8.13
Bandhan Small Cap Dir Gr	INF194KB1AL4	Manappuram Finance Ltd	Financial Services	107.15	0.52	0.00	Oct24	5.55
Bandhan Small Cap Dir Gr	INF194KB1AL4	Manappuram Finance Ltd	Financial Services	107.15	0.52	0.00	Nov24	7.52
Bandhan Small Cap Dir Gr	INF194KB1AL4	Manappuram Finance Ltd	Financial Services	107.15	0.52	0.00	Dec24	3.56
Bandhan Small Cap Dir Gr	INF194KB1AL4	Manappuram Finance Ltd	Financial Services	107.15	0.52	0.00	Jan25	5.32
Bandhan Small Cap Dir Gr	INF194KB1AL4	Manappuram Finance Ltd	Financial Services	107.15	0.52	0.00	Feb25	5.59
Bandhan Small Cap Dir Gr	INF194KB1AL4	Manappuram Finance Ltd	Financial Services	107.15	0.52	0.00	Mar25	15.51
Bandhan Small Cap Dir Gr	INF194KB1AL4	Manappuram Finance Ltd	Financial Services	107.15	0.52	0.00	Mar25	15.51
Bandhan Small Cap Dir Gr	INF194KB1AL4	Manappuram Finance Ltd	Financial Services	107.15	0.52	0.00	Apr25	12.51
Bandhan Small Cap Dir Gr	INF194KB1AL4	Manappuram Finance Ltd	Financial Services	107.15	0.52	0.00	May25	11.15
Bandhan Small Cap Dir Gr	INF194KB1AL4	Manappuram Finance Ltd	Financial Services	107.15	0.52	0.00	June25	10.18
Bandhan Small Cap Dir Gr	INF194KB1AL4	Manappuram Finance Ltd	Financial Services	107.15	0.52	0.00	July25	9.19
Bandhan Small Cap Dir Gr	INF194KB1AL4	Manappuram Finance Ltd	Financial Services	107.15	0.52	0.00	Aug25	8.13
Bandhan Small Cap Dir Gr	INF194KB1AL4	Bharat Coking Coal Ltd	Basic Materials	105.86	0.52	-2.71	Oct24	5.55
Bandhan Small Cap Dir Gr	INF194KB1AL4	Bharat Coking Coal Ltd	Basic Materials	105.86	0.52	-2.71	Nov24	7.52
Bandhan Small Cap Dir Gr	INF194KB1AL4	Bharat Coking Coal Ltd	Basic Materials	105.86	0.52	-2.71	Dec24	3.56
Bandhan Small Cap Dir Gr	INF194KB1AL4	Bharat Coking Coal Ltd	Basic Materials	105.86	0.52	-2.71	Jan25	5.32
Bandhan Small Cap Dir Gr	INF194KB1AL4	Bharat Coking Coal Ltd	Basic Materials	105.86	0.52	-2.71	Feb25	5.59
Bandhan Small Cap Dir Gr	INF194KB1AL4	Bharat Coking Coal Ltd	Basic Materials	105.86	0.52	-2.71	Mar25	15.51
Bandhan Small Cap Dir Gr	INF194KB1AL4	Bharat Coking Coal Ltd	Basic Materials	105.86	0.52	-2.71	Mar25	15.51
Bandhan Small Cap Dir Gr	INF194KB1AL4	Bharat Coking Coal Ltd	Basic Materials	105.86	0.52	-2.71	Apr25	12.51
Bandhan Small Cap Dir Gr	INF194KB1AL4	Bharat Coking Coal Ltd	Basic Materials	105.86	0.52	-2.71	May25	11.15
Bandhan Small Cap Dir Gr	INF194KB1AL4	Bharat Coking Coal Ltd	Basic Materials	105.86	0.52	-2.71	June25	10.18
Bandhan Small Cap Dir Gr	INF194KB1AL4	Bharat Coking Coal Ltd	Basic Materials	105.86	0.52	-2.71	July25	9.19
Bandhan Small Cap Dir Gr	INF194KB1AL4	Bharat Coking Coal Ltd	Basic Materials	105.86	0.52	-2.71	Aug25	8.13
Bandhan Small Cap Dir Gr	INF194KB1AL4	Vintage Coffee & Beverages Ltd	Consumer Defensive	100.79	0.49	3.13	Oct24	5.55
Bandhan Small Cap Dir Gr	INF194KB1AL4	Vintage Coffee & Beverages Ltd	Consumer Defensive	100.79	0.49	3.13	Nov24	7.52
Bandhan Small Cap Dir Gr	INF194KB1AL4	Vintage Coffee & Beverages Ltd	Consumer Defensive	100.79	0.49	3.13	Dec24	3.56
Bandhan Small Cap Dir Gr	INF194KB1AL4	Vintage Coffee & Beverages Ltd	Consumer Defensive	100.79	0.49	3.13	Jan25	5.32
Bandhan Small Cap Dir Gr	INF194KB1AL4	Vintage Coffee & Beverages Ltd	Consumer Defensive	100.79	0.49	3.13	Feb25	5.59
Bandhan Small Cap Dir Gr	INF194KB1AL4	Vintage Coffee & Beverages Ltd	Consumer Defensive	100.79	0.49	3.13	Mar25	15.51
Bandhan Small Cap Dir Gr	INF194KB1AL4	Vintage Coffee & Beverages Ltd	Consumer Defensive	100.79	0.49	3.13	Mar25	15.51
Bandhan Small Cap Dir Gr	INF194KB1AL4	Vintage Coffee & Beverages Ltd	Consumer Defensive	100.79	0.49	3.13	Apr25	12.51
Bandhan Small Cap Dir Gr	INF194KB1AL4	Vintage Coffee & Beverages Ltd	Consumer Defensive	100.79	0.49	3.13	May25	11.15
Bandhan Small Cap Dir Gr	INF194KB1AL4	Vintage Coffee & Beverages Ltd	Consumer Defensive	100.79	0.49	3.13	June25	10.18
Bandhan Small Cap Dir Gr	INF194KB1AL4	Vintage Coffee & Beverages Ltd	Consumer Defensive	100.79	0.49	3.13	July25	9.19
Bandhan Small Cap Dir Gr	INF194KB1AL4	Vintage Coffee & Beverages Ltd	Consumer Defensive	100.79	0.49	3.13	Aug25	8.13
Bandhan Small Cap Dir Gr	INF194KB1AL4	Fedbank Financial Services Ltd	Financial Services	100.65	0.49	13.61	Oct24	5.55
Bandhan Small Cap Dir Gr	INF194KB1AL4	Fedbank Financial Services Ltd	Financial Services	100.65	0.49	13.61	Nov24	7.52
Bandhan Small Cap Dir Gr	INF194KB1AL4	Fedbank Financial Services Ltd	Financial Services	100.65	0.49	13.61	Dec24	3.56
Bandhan Small Cap Dir Gr	INF194KB1AL4	Fedbank Financial Services Ltd	Financial Services	100.65	0.49	13.61	Jan25	5.32
Bandhan Small Cap Dir Gr	INF194KB1AL4	Fedbank Financial Services Ltd	Financial Services	100.65	0.49	13.61	Feb25	5.59
Bandhan Small Cap Dir Gr	INF194KB1AL4	Fedbank Financial Services Ltd	Financial Services	100.65	0.49	13.61	Mar25	15.51
Bandhan Small Cap Dir Gr	INF194KB1AL4	Fedbank Financial Services Ltd	Financial Services	100.65	0.49	13.61	Mar25	15.51
Bandhan Small Cap Dir Gr	INF194KB1AL4	Fedbank Financial Services Ltd	Financial Services	100.65	0.49	13.61	Apr25	12.51
Bandhan Small Cap Dir Gr	INF194KB1AL4	Fedbank Financial Services Ltd	Financial Services	100.65	0.49	13.61	May25	11.15
Bandhan Small Cap Dir Gr	INF194KB1AL4	Fedbank Financial Services Ltd	Financial Services	100.65	0.49	13.61	June25	10.18
Bandhan Small Cap Dir Gr	INF194KB1AL4	Fedbank Financial Services Ltd	Financial Services	100.65	0.49	13.61	July25	9.19
Bandhan Small Cap Dir Gr	INF194KB1AL4	Fedbank Financial Services Ltd	Financial Services	100.65	0.49	13.61	Aug25	8.13
Bandhan Small Cap Dir Gr	INF194KB1AL4	Crompton Greaves Consumer Electricals Ltd	Consumer Cyclical	99.80	0.49	51.46	Oct24	5.55
Bandhan Small Cap Dir Gr	INF194KB1AL4	Crompton Greaves Consumer Electricals Ltd	Consumer Cyclical	99.80	0.49	51.46	Nov24	7.52
Bandhan Small Cap Dir Gr	INF194KB1AL4	Crompton Greaves Consumer Electricals Ltd	Consumer Cyclical	99.80	0.49	51.46	Dec24	3.56
Bandhan Small Cap Dir Gr	INF194KB1AL4	Crompton Greaves Consumer Electricals Ltd	Consumer Cyclical	99.80	0.49	51.46	Jan25	5.32
Bandhan Small Cap Dir Gr	INF194KB1AL4	Crompton Greaves Consumer Electricals Ltd	Consumer Cyclical	99.80	0.49	51.46	Feb25	5.59
Bandhan Small Cap Dir Gr	INF194KB1AL4	Crompton Greaves Consumer Electricals Ltd	Consumer Cyclical	99.80	0.49	51.46	Mar25	15.51
Bandhan Small Cap Dir Gr	INF194KB1AL4	Crompton Greaves Consumer Electricals Ltd	Consumer Cyclical	99.80	0.49	51.46	Mar25	15.51
Bandhan Small Cap Dir Gr	INF194KB1AL4	Crompton Greaves Consumer Electricals Ltd	Consumer Cyclical	99.80	0.49	51.46	Apr25	12.51
Bandhan Small Cap Dir Gr	INF194KB1AL4	Crompton Greaves Consumer Electricals Ltd	Consumer Cyclical	99.80	0.49	51.46	May25	11.15
Bandhan Small Cap Dir Gr	INF194KB1AL4	Crompton Greaves Consumer Electricals Ltd	Consumer Cyclical	99.80	0.49	51.46	June25	10.18
Bandhan Small Cap Dir Gr	INF194KB1AL4	Crompton Greaves Consumer Electricals Ltd	Consumer Cyclical	99.80	0.49	51.46	July25	9.19
Bandhan Small Cap Dir Gr	INF194KB1AL4	Crompton Greaves Consumer Electricals Ltd	Consumer Cyclical	99.80	0.49	51.46	Aug25	8.13
Bandhan Small Cap Dir Gr	INF194KB1AL4	Aptus Value Housing Finance India Ltd	Financial Services	97.41	0.48	34.65	Oct24	5.55
Bandhan Small Cap Dir Gr	INF194KB1AL4	Aptus Value Housing Finance India Ltd	Financial Services	97.41	0.48	34.65	Nov24	7.52
Bandhan Small Cap Dir Gr	INF194KB1AL4	Aptus Value Housing Finance India Ltd	Financial Services	97.41	0.48	34.65	Dec24	3.56
Bandhan Small Cap Dir Gr	INF194KB1AL4	Aptus Value Housing Finance India Ltd	Financial Services	97.41	0.48	34.65	Jan25	5.32
Bandhan Small Cap Dir Gr	INF194KB1AL4	Aptus Value Housing Finance India Ltd	Financial Services	97.41	0.48	34.65	Feb25	5.59
Bandhan Small Cap Dir Gr	INF194KB1AL4	Aptus Value Housing Finance India Ltd	Financial Services	97.41	0.48	34.65	Mar25	15.51
Bandhan Small Cap Dir Gr	INF194KB1AL4	Aptus Value Housing Finance India Ltd	Financial Services	97.41	0.48	34.65	Mar25	15.51
Bandhan Small Cap Dir Gr	INF194KB1AL4	Aptus Value Housing Finance India Ltd	Financial Services	97.41	0.48	34.65	Apr25	12.51
Bandhan Small Cap Dir Gr	INF194KB1AL4	Aptus Value Housing Finance India Ltd	Financial Services	97.41	0.48	34.65	May25	11.15
Bandhan Small Cap Dir Gr	INF194KB1AL4	Aptus Value Housing Finance India Ltd	Financial Services	97.41	0.48	34.65	June25	10.18
Bandhan Small Cap Dir Gr	INF194KB1AL4	Aptus Value Housing Finance India Ltd	Financial Services	97.41	0.48	34.65	July25	9.19
Bandhan Small Cap Dir Gr	INF194KB1AL4	Aptus Value Housing Finance India Ltd	Financial Services	97.41	0.48	34.65	Aug25	8.13
Bandhan Small Cap Dir Gr	INF194KB1AL4	Hi-Tech Pipes Ltd	Basic Materials	97.37	0.48	0.00	Oct24	5.55
Bandhan Small Cap Dir Gr	INF194KB1AL4	Hi-Tech Pipes Ltd	Basic Materials	97.37	0.48	0.00	Nov24	7.52
Bandhan Small Cap Dir Gr	INF194KB1AL4	Hi-Tech Pipes Ltd	Basic Materials	97.37	0.48	0.00	Dec24	3.56
Bandhan Small Cap Dir Gr	INF194KB1AL4	Hi-Tech Pipes Ltd	Basic Materials	97.37	0.48	0.00	Jan25	5.32
Bandhan Small Cap Dir Gr	INF194KB1AL4	Hi-Tech Pipes Ltd	Basic Materials	97.37	0.48	0.00	Feb25	5.59
Bandhan Small Cap Dir Gr	INF194KB1AL4	Hi-Tech Pipes Ltd	Basic Materials	97.37	0.48	0.00	Mar25	15.51
Bandhan Small Cap Dir Gr	INF194KB1AL4	Hi-Tech Pipes Ltd	Basic Materials	97.37	0.48	0.00	Mar25	15.51
Bandhan Small Cap Dir Gr	INF194KB1AL4	Hi-Tech Pipes Ltd	Basic Materials	97.37	0.48	0.00	Apr25	12.51
Bandhan Small Cap Dir Gr	INF194KB1AL4	Hi-Tech Pipes Ltd	Basic Materials	97.37	0.48	0.00	May25	11.15
Bandhan Small Cap Dir Gr	INF194KB1AL4	Hi-Tech Pipes Ltd	Basic Materials	97.37	0.48	0.00	June25	10.18
Bandhan Small Cap Dir Gr	INF194KB1AL4	Hi-Tech Pipes Ltd	Basic Materials	97.37	0.48	0.00	July25	9.19
Bandhan Small Cap Dir Gr	INF194KB1AL4	Hi-Tech Pipes Ltd	Basic Materials	97.37	0.48	0.00	Aug25	8.13
Bandhan Small Cap Dir Gr	INF194KB1AL4	Signatureglobal (India) Ltd	Real Estate	97.01	0.47	0.00	Oct24	5.55
Bandhan Small Cap Dir Gr	INF194KB1AL4	Signatureglobal (India) Ltd	Real Estate	97.01	0.47	0.00	Nov24	7.52
Bandhan Small Cap Dir Gr	INF194KB1AL4	Signatureglobal (India) Ltd	Real Estate	97.01	0.47	0.00	Dec24	3.56
Bandhan Small Cap Dir Gr	INF194KB1AL4	Signatureglobal (India) Ltd	Real Estate	97.01	0.47	0.00	Jan25	5.32
Bandhan Small Cap Dir Gr	INF194KB1AL4	Signatureglobal (India) Ltd	Real Estate	97.01	0.47	0.00	Feb25	5.59
Bandhan Small Cap Dir Gr	INF194KB1AL4	Signatureglobal (India) Ltd	Real Estate	97.01	0.47	0.00	Mar25	15.51
Bandhan Small Cap Dir Gr	INF194KB1AL4	Signatureglobal (India) Ltd	Real Estate	97.01	0.47	0.00	Mar25	15.51
Bandhan Small Cap Dir Gr	INF194KB1AL4	Signatureglobal (India) Ltd	Real Estate	97.01	0.47	0.00	Apr25	12.51
Bandhan Small Cap Dir Gr	INF194KB1AL4	Signatureglobal (India) Ltd	Real Estate	97.01	0.47	0.00	May25	11.15
Bandhan Small Cap Dir Gr	INF194KB1AL4	Signatureglobal (India) Ltd	Real Estate	97.01	0.47	0.00	June25	10.18
Bandhan Small Cap Dir Gr	INF194KB1AL4	Signatureglobal (India) Ltd	Real Estate	97.01	0.47	0.00	July25	9.19
Bandhan Small Cap Dir Gr	INF194KB1AL4	Signatureglobal (India) Ltd	Real Estate	97.01	0.47	0.00	Aug25	8.13
Bandhan Small Cap Dir Gr	INF194KB1AL4	Aurobindo Pharma Ltd	Healthcare	96.08	0.47	23.54	Oct24	5.55
Bandhan Small Cap Dir Gr	INF194KB1AL4	Aurobindo Pharma Ltd	Healthcare	96.08	0.47	23.54	Nov24	7.52
Bandhan Small Cap Dir Gr	INF194KB1AL4	Aurobindo Pharma Ltd	Healthcare	96.08	0.47	23.54	Dec24	3.56
Bandhan Small Cap Dir Gr	INF194KB1AL4	Aurobindo Pharma Ltd	Healthcare	96.08	0.47	23.54	Jan25	5.32
Bandhan Small Cap Dir Gr	INF194KB1AL4	Aurobindo Pharma Ltd	Healthcare	96.08	0.47	23.54	Feb25	5.59
Bandhan Small Cap Dir Gr	INF194KB1AL4	Aurobindo Pharma Ltd	Healthcare	96.08	0.47	23.54	Mar25	15.51
Bandhan Small Cap Dir Gr	INF194KB1AL4	Aurobindo Pharma Ltd	Healthcare	96.08	0.47	23.54	Mar25	15.51
Bandhan Small Cap Dir Gr	INF194KB1AL4	Aurobindo Pharma Ltd	Healthcare	96.08	0.47	23.54	Apr25	12.51
Bandhan Small Cap Dir Gr	INF194KB1AL4	Aurobindo Pharma Ltd	Healthcare	96.08	0.47	23.54	May25	11.15
Bandhan Small Cap Dir Gr	INF194KB1AL4	Aurobindo Pharma Ltd	Healthcare	96.08	0.47	23.54	June25	10.18
Bandhan Small Cap Dir Gr	INF194KB1AL4	Aurobindo Pharma Ltd	Healthcare	96.08	0.47	23.54	July25	9.19
Bandhan Small Cap Dir Gr	INF194KB1AL4	Aurobindo Pharma Ltd	Healthcare	96.08	0.47	23.54	Aug25	8.13
Bandhan Small Cap Dir Gr	INF194KB1AL4	Mastek Ltd	Technology	95.22	0.47	1.01	Oct24	5.55
Bandhan Small Cap Dir Gr	INF194KB1AL4	Mastek Ltd	Technology	95.22	0.47	1.01	Nov24	7.52
Bandhan Small Cap Dir Gr	INF194KB1AL4	Mastek Ltd	Technology	95.22	0.47	1.01	Dec24	3.56
Bandhan Small Cap Dir Gr	INF194KB1AL4	Mastek Ltd	Technology	95.22	0.47	1.01	Jan25	5.32
Bandhan Small Cap Dir Gr	INF194KB1AL4	Mastek Ltd	Technology	95.22	0.47	1.01	Feb25	5.59
Bandhan Small Cap Dir Gr	INF194KB1AL4	Mastek Ltd	Technology	95.22	0.47	1.01	Mar25	15.51
Bandhan Small Cap Dir Gr	INF194KB1AL4	Mastek Ltd	Technology	95.22	0.47	1.01	Mar25	15.51
Bandhan Small Cap Dir Gr	INF194KB1AL4	Mastek Ltd	Technology	95.22	0.47	1.01	Apr25	12.51
Bandhan Small Cap Dir Gr	INF194KB1AL4	Mastek Ltd	Technology	95.22	0.47	1.01	May25	11.15
Bandhan Small Cap Dir Gr	INF194KB1AL4	Mastek Ltd	Technology	95.22	0.47	1.01	June25	10.18
Bandhan Small Cap Dir Gr	INF194KB1AL4	Mastek Ltd	Technology	95.22	0.47	1.01	July25	9.19
Bandhan Small Cap Dir Gr	INF194KB1AL4	Mastek Ltd	Technology	95.22	0.47	1.01	Aug25	8.13
Bandhan Small Cap Dir Gr	INF194KB1AL4	Tata Communications Ltd	Communication Services	94.27	0.46	0.00	Oct24	5.55
Bandhan Small Cap Dir Gr	INF194KB1AL4	Tata Communications Ltd	Communication Services	94.27	0.46	0.00	Nov24	7.52
Bandhan Small Cap Dir Gr	INF194KB1AL4	Tata Communications Ltd	Communication Services	94.27	0.46	0.00	Dec24	3.56
Bandhan Small Cap Dir Gr	INF194KB1AL4	Tata Communications Ltd	Communication Services	94.27	0.46	0.00	Jan25	5.32
Bandhan Small Cap Dir Gr	INF194KB1AL4	Tata Communications Ltd	Communication Services	94.27	0.46	0.00	Feb25	5.59
Bandhan Small Cap Dir Gr	INF194KB1AL4	Tata Communications Ltd	Communication Services	94.27	0.46	0.00	Mar25	15.51
Bandhan Small Cap Dir Gr	INF194KB1AL4	Tata Communications Ltd	Communication Services	94.27	0.46	0.00	Mar25	15.51
Bandhan Small Cap Dir Gr	INF194KB1AL4	Tata Communications Ltd	Communication Services	94.27	0.46	0.00	Apr25	12.51
Bandhan Small Cap Dir Gr	INF194KB1AL4	Tata Communications Ltd	Communication Services	94.27	0.46	0.00	May25	11.15
Bandhan Small Cap Dir Gr	INF194KB1AL4	Tata Communications Ltd	Communication Services	94.27	0.46	0.00	June25	10.18
Bandhan Small Cap Dir Gr	INF194KB1AL4	Tata Communications Ltd	Communication Services	94.27	0.46	0.00	July25	9.19
Bandhan Small Cap Dir Gr	INF194KB1AL4	Tata Communications Ltd	Communication Services	94.27	0.46	0.00	Aug25	8.13
Bandhan Small Cap Dir Gr	INF194KB1AL4	Net Receivables/Payables		-91.36	0.45		Oct24	5.55
Bandhan Small Cap Dir Gr	INF194KB1AL4	Net Receivables/Payables		-91.36	0.45		Nov24	7.52
Bandhan Small Cap Dir Gr	INF194KB1AL4	Net Receivables/Payables		-91.36	0.45		Dec24	3.56
Bandhan Small Cap Dir Gr	INF194KB1AL4	Net Receivables/Payables		-91.36	0.45		Jan25	5.32
Bandhan Small Cap Dir Gr	INF194KB1AL4	Net Receivables/Payables		-91.36	0.45		Feb25	5.59
Bandhan Small Cap Dir Gr	INF194KB1AL4	Net Receivables/Payables		-91.36	0.45		Mar25	15.51
Bandhan Small Cap Dir Gr	INF194KB1AL4	Net Receivables/Payables		-91.36	0.45		Mar25	15.51
Bandhan Small Cap Dir Gr	INF194KB1AL4	Net Receivables/Payables		-91.36	0.45		Apr25	12.51
Bandhan Small Cap Dir Gr	INF194KB1AL4	Net Receivables/Payables		-91.36	0.45		May25	11.15
Bandhan Small Cap Dir Gr	INF194KB1AL4	Net Receivables/Payables		-91.36	0.45		June25	10.18
Bandhan Small Cap Dir Gr	INF194KB1AL4	Net Receivables/Payables		-91.36	0.45		July25	9.19
Bandhan Small Cap Dir Gr	INF194KB1AL4	Net Receivables/Payables		-91.36	0.45		Aug25	8.13
Bandhan Small Cap Dir Gr	INF194KB1AL4	Deepak Fertilisers & Petrochemicals Corp Ltd	Basic Materials	90.63	0.44	1.34	Oct24	5.55
Bandhan Small Cap Dir Gr	INF194KB1AL4	Deepak Fertilisers & Petrochemicals Corp Ltd	Basic Materials	90.63	0.44	1.34	Nov24	7.52
Bandhan Small Cap Dir Gr	INF194KB1AL4	Deepak Fertilisers & Petrochemicals Corp Ltd	Basic Materials	90.63	0.44	1.34	Dec24	3.56
Bandhan Small Cap Dir Gr	INF194KB1AL4	Deepak Fertilisers & Petrochemicals Corp Ltd	Basic Materials	90.63	0.44	1.34	Jan25	5.32
Bandhan Small Cap Dir Gr	INF194KB1AL4	Deepak Fertilisers & Petrochemicals Corp Ltd	Basic Materials	90.63	0.44	1.34	Feb25	5.59
Bandhan Small Cap Dir Gr	INF194KB1AL4	Deepak Fertilisers & Petrochemicals Corp Ltd	Basic Materials	90.63	0.44	1.34	Mar25	15.51
Bandhan Small Cap Dir Gr	INF194KB1AL4	Deepak Fertilisers & Petrochemicals Corp Ltd	Basic Materials	90.63	0.44	1.34	Mar25	15.51
Bandhan Small Cap Dir Gr	INF194KB1AL4	Deepak Fertilisers & Petrochemicals Corp Ltd	Basic Materials	90.63	0.44	1.34	Apr25	12.51
Bandhan Small Cap Dir Gr	INF194KB1AL4	Deepak Fertilisers & Petrochemicals Corp Ltd	Basic Materials	90.63	0.44	1.34	May25	11.15
Bandhan Small Cap Dir Gr	INF194KB1AL4	Deepak Fertilisers & Petrochemicals Corp Ltd	Basic Materials	90.63	0.44	1.34	June25	10.18
Bandhan Small Cap Dir Gr	INF194KB1AL4	Deepak Fertilisers & Petrochemicals Corp Ltd	Basic Materials	90.63	0.44	1.34	July25	9.19
Bandhan Small Cap Dir Gr	INF194KB1AL4	Deepak Fertilisers & Petrochemicals Corp Ltd	Basic Materials	90.63	0.44	1.34	Aug25	8.13
Bandhan Small Cap Dir Gr	INF194KB1AL4	Hindustan Zinc Ltd	Basic Materials	90.57	0.44	30.43	Oct24	5.55
Bandhan Small Cap Dir Gr	INF194KB1AL4	Hindustan Zinc Ltd	Basic Materials	90.57	0.44	30.43	Nov24	7.52
Bandhan Small Cap Dir Gr	INF194KB1AL4	Hindustan Zinc Ltd	Basic Materials	90.57	0.44	30.43	Dec24	3.56
Bandhan Small Cap Dir Gr	INF194KB1AL4	Hindustan Zinc Ltd	Basic Materials	90.57	0.44	30.43	Jan25	5.32
Bandhan Small Cap Dir Gr	INF194KB1AL4	Hindustan Zinc Ltd	Basic Materials	90.57	0.44	30.43	Feb25	5.59
Bandhan Small Cap Dir Gr	INF194KB1AL4	Hindustan Zinc Ltd	Basic Materials	90.57	0.44	30.43	Mar25	15.51
Bandhan Small Cap Dir Gr	INF194KB1AL4	Hindustan Zinc Ltd	Basic Materials	90.57	0.44	30.43	Mar25	15.51
Bandhan Small Cap Dir Gr	INF194KB1AL4	Hindustan Zinc Ltd	Basic Materials	90.57	0.44	30.43	Apr25	12.51
Bandhan Small Cap Dir Gr	INF194KB1AL4	Hindustan Zinc Ltd	Basic Materials	90.57	0.44	30.43	May25	11.15
Bandhan Small Cap Dir Gr	INF194KB1AL4	Hindustan Zinc Ltd	Basic Materials	90.57	0.44	30.43	June25	10.18
Bandhan Small Cap Dir Gr	INF194KB1AL4	Hindustan Zinc Ltd	Basic Materials	90.57	0.44	30.43	July25	9.19
Bandhan Small Cap Dir Gr	INF194KB1AL4	Hindustan Zinc Ltd	Basic Materials	90.57	0.44	30.43	Aug25	8.13
Bandhan Small Cap Dir Gr	INF194KB1AL4	S H Kelkar & Co Ltd	Basic Materials	90.33	0.44	2.52	Oct24	5.55
Bandhan Small Cap Dir Gr	INF194KB1AL4	S H Kelkar & Co Ltd	Basic Materials	90.33	0.44	2.52	Nov24	7.52
Bandhan Small Cap Dir Gr	INF194KB1AL4	S H Kelkar & Co Ltd	Basic Materials	90.33	0.44	2.52	Dec24	3.56
Bandhan Small Cap Dir Gr	INF194KB1AL4	S H Kelkar & Co Ltd	Basic Materials	90.33	0.44	2.52	Jan25	5.32
Bandhan Small Cap Dir Gr	INF194KB1AL4	S H Kelkar & Co Ltd	Basic Materials	90.33	0.44	2.52	Feb25	5.59
Bandhan Small Cap Dir Gr	INF194KB1AL4	S H Kelkar & Co Ltd	Basic Materials	90.33	0.44	2.52	Mar25	15.51
Bandhan Small Cap Dir Gr	INF194KB1AL4	S H Kelkar & Co Ltd	Basic Materials	90.33	0.44	2.52	Mar25	15.51
Bandhan Small Cap Dir Gr	INF194KB1AL4	S H Kelkar & Co Ltd	Basic Materials	90.33	0.44	2.52	Apr25	12.51
Bandhan Small Cap Dir Gr	INF194KB1AL4	S H Kelkar & Co Ltd	Basic Materials	90.33	0.44	2.52	May25	11.15
Bandhan Small Cap Dir Gr	INF194KB1AL4	S H Kelkar & Co Ltd	Basic Materials	90.33	0.44	2.52	June25	10.18
Bandhan Small Cap Dir Gr	INF194KB1AL4	S H Kelkar & Co Ltd	Basic Materials	90.33	0.44	2.52	July25	9.19
Bandhan Small Cap Dir Gr	INF194KB1AL4	S H Kelkar & Co Ltd	Basic Materials	90.33	0.44	2.52	Aug25	8.13
Bandhan Small Cap Dir Gr	INF194KB1AL4	Axis Bank Ltd	Financial Services	89.95	0.44	-18.27	Oct24	5.55
Bandhan Small Cap Dir Gr	INF194KB1AL4	Axis Bank Ltd	Financial Services	89.95	0.44	-18.27	Nov24	7.52
Bandhan Small Cap Dir Gr	INF194KB1AL4	Axis Bank Ltd	Financial Services	89.95	0.44	-18.27	Dec24	3.56
Bandhan Small Cap Dir Gr	INF194KB1AL4	Axis Bank Ltd	Financial Services	89.95	0.44	-18.27	Jan25	5.32
Bandhan Small Cap Dir Gr	INF194KB1AL4	Axis Bank Ltd	Financial Services	89.95	0.44	-18.27	Feb25	5.59
Bandhan Small Cap Dir Gr	INF194KB1AL4	Axis Bank Ltd	Financial Services	89.95	0.44	-18.27	Mar25	15.51
Bandhan Small Cap Dir Gr	INF194KB1AL4	Axis Bank Ltd	Financial Services	89.95	0.44	-18.27	Mar25	15.51
Bandhan Small Cap Dir Gr	INF194KB1AL4	Axis Bank Ltd	Financial Services	89.95	0.44	-18.27	Apr25	12.51
Bandhan Small Cap Dir Gr	INF194KB1AL4	Axis Bank Ltd	Financial Services	89.95	0.44	-18.27	May25	11.15
Bandhan Small Cap Dir Gr	INF194KB1AL4	Axis Bank Ltd	Financial Services	89.95	0.44	-18.27	June25	10.18
Bandhan Small Cap Dir Gr	INF194KB1AL4	Axis Bank Ltd	Financial Services	89.95	0.44	-18.27	July25	9.19
Bandhan Small Cap Dir Gr	INF194KB1AL4	Axis Bank Ltd	Financial Services	89.95	0.44	-18.27	Aug25	8.13
Bandhan Small Cap Dir Gr	INF194KB1AL4	Amara Raja Energy & Mobility Ltd	Industrials	87.85	0.43	1.17	Oct24	5.55
Bandhan Small Cap Dir Gr	INF194KB1AL4	Amara Raja Energy & Mobility Ltd	Industrials	87.85	0.43	1.17	Nov24	7.52
Bandhan Small Cap Dir Gr	INF194KB1AL4	Amara Raja Energy & Mobility Ltd	Industrials	87.85	0.43	1.17	Dec24	3.56
Bandhan Small Cap Dir Gr	INF194KB1AL4	Amara Raja Energy & Mobility Ltd	Industrials	87.85	0.43	1.17	Jan25	5.32
Bandhan Small Cap Dir Gr	INF194KB1AL4	Amara Raja Energy & Mobility Ltd	Industrials	87.85	0.43	1.17	Feb25	5.59
Bandhan Small Cap Dir Gr	INF194KB1AL4	Amara Raja Energy & Mobility Ltd	Industrials	87.85	0.43	1.17	Mar25	15.51
Bandhan Small Cap Dir Gr	INF194KB1AL4	Amara Raja Energy & Mobility Ltd	Industrials	87.85	0.43	1.17	Mar25	15.51
Bandhan Small Cap Dir Gr	INF194KB1AL4	Amara Raja Energy & Mobility Ltd	Industrials	87.85	0.43	1.17	Apr25	12.51
Bandhan Small Cap Dir Gr	INF194KB1AL4	Amara Raja Energy & Mobility Ltd	Industrials	87.85	0.43	1.17	May25	11.15
Bandhan Small Cap Dir Gr	INF194KB1AL4	Amara Raja Energy & Mobility Ltd	Industrials	87.85	0.43	1.17	June25	10.18
Bandhan Small Cap Dir Gr	INF194KB1AL4	Amara Raja Energy & Mobility Ltd	Industrials	87.85	0.43	1.17	July25	9.19
Bandhan Small Cap Dir Gr	INF194KB1AL4	Amara Raja Energy & Mobility Ltd	Industrials	87.85	0.43	1.17	Aug25	8.13
Bandhan Small Cap Dir Gr	INF194KB1AL4	Akums Drugs and Pharmaceuticals Ltd	Healthcare	85.13	0.42	0.00	Oct24	5.55
Bandhan Small Cap Dir Gr	INF194KB1AL4	Akums Drugs and Pharmaceuticals Ltd	Healthcare	85.13	0.42	0.00	Nov24	7.52
Bandhan Small Cap Dir Gr	INF194KB1AL4	Akums Drugs and Pharmaceuticals Ltd	Healthcare	85.13	0.42	0.00	Dec24	3.56
Bandhan Small Cap Dir Gr	INF194KB1AL4	Akums Drugs and Pharmaceuticals Ltd	Healthcare	85.13	0.42	0.00	Jan25	5.32
Bandhan Small Cap Dir Gr	INF194KB1AL4	Akums Drugs and Pharmaceuticals Ltd	Healthcare	85.13	0.42	0.00	Feb25	5.59
Bandhan Small Cap Dir Gr	INF194KB1AL4	Akums Drugs and Pharmaceuticals Ltd	Healthcare	85.13	0.42	0.00	Mar25	15.51
Bandhan Small Cap Dir Gr	INF194KB1AL4	Akums Drugs and Pharmaceuticals Ltd	Healthcare	85.13	0.42	0.00	Mar25	15.51
Bandhan Small Cap Dir Gr	INF194KB1AL4	Akums Drugs and Pharmaceuticals Ltd	Healthcare	85.13	0.42	0.00	Apr25	12.51
Bandhan Small Cap Dir Gr	INF194KB1AL4	Akums Drugs and Pharmaceuticals Ltd	Healthcare	85.13	0.42	0.00	May25	11.15
Bandhan Small Cap Dir Gr	INF194KB1AL4	Akums Drugs and Pharmaceuticals Ltd	Healthcare	85.13	0.42	0.00	June25	10.18
Bandhan Small Cap Dir Gr	INF194KB1AL4	Akums Drugs and Pharmaceuticals Ltd	Healthcare	85.13	0.42	0.00	July25	9.19
Bandhan Small Cap Dir Gr	INF194KB1AL4	Akums Drugs and Pharmaceuticals Ltd	Healthcare	85.13	0.42	0.00	Aug25	8.13
Bandhan Small Cap Dir Gr	INF194KB1AL4	Shilpa Medicare Ltd	Healthcare	85.10	0.42	1.20	Oct24	5.55
Bandhan Small Cap Dir Gr	INF194KB1AL4	Shilpa Medicare Ltd	Healthcare	85.10	0.42	1.20	Nov24	7.52
Bandhan Small Cap Dir Gr	INF194KB1AL4	Shilpa Medicare Ltd	Healthcare	85.10	0.42	1.20	Dec24	3.56
Bandhan Small Cap Dir Gr	INF194KB1AL4	Shilpa Medicare Ltd	Healthcare	85.10	0.42	1.20	Jan25	5.32
Bandhan Small Cap Dir Gr	INF194KB1AL4	Shilpa Medicare Ltd	Healthcare	85.10	0.42	1.20	Feb25	5.59
Bandhan Small Cap Dir Gr	INF194KB1AL4	Shilpa Medicare Ltd	Healthcare	85.10	0.42	1.20	Mar25	15.51
Bandhan Small Cap Dir Gr	INF194KB1AL4	Shilpa Medicare Ltd	Healthcare	85.10	0.42	1.20	Mar25	15.51
Bandhan Small Cap Dir Gr	INF194KB1AL4	Shilpa Medicare Ltd	Healthcare	85.10	0.42	1.20	Apr25	12.51
Bandhan Small Cap Dir Gr	INF194KB1AL4	Shilpa Medicare Ltd	Healthcare	85.10	0.42	1.20	May25	11.15
Bandhan Small Cap Dir Gr	INF194KB1AL4	Shilpa Medicare Ltd	Healthcare	85.10	0.42	1.20	June25	10.18
Bandhan Small Cap Dir Gr	INF194KB1AL4	Shilpa Medicare Ltd	Healthcare	85.10	0.42	1.20	July25	9.19
Bandhan Small Cap Dir Gr	INF194KB1AL4	Shilpa Medicare Ltd	Healthcare	85.10	0.42	1.20	Aug25	8.13
Bandhan Small Cap Dir Gr	INF194KB1AL4	Can Fin Homes Ltd	Financial Services	84.20	0.41	3.10	Oct24	5.55
Bandhan Small Cap Dir Gr	INF194KB1AL4	Can Fin Homes Ltd	Financial Services	84.20	0.41	3.10	Nov24	7.52
Bandhan Small Cap Dir Gr	INF194KB1AL4	Can Fin Homes Ltd	Financial Services	84.20	0.41	3.10	Dec24	3.56
Bandhan Small Cap Dir Gr	INF194KB1AL4	Can Fin Homes Ltd	Financial Services	84.20	0.41	3.10	Jan25	5.32
Bandhan Small Cap Dir Gr	INF194KB1AL4	Can Fin Homes Ltd	Financial Services	84.20	0.41	3.10	Feb25	5.59
Bandhan Small Cap Dir Gr	INF194KB1AL4	Can Fin Homes Ltd	Financial Services	84.20	0.41	3.10	Mar25	15.51
Bandhan Small Cap Dir Gr	INF194KB1AL4	Can Fin Homes Ltd	Financial Services	84.20	0.41	3.10	Mar25	15.51
Bandhan Small Cap Dir Gr	INF194KB1AL4	Can Fin Homes Ltd	Financial Services	84.20	0.41	3.10	Apr25	12.51
Bandhan Small Cap Dir Gr	INF194KB1AL4	Can Fin Homes Ltd	Financial Services	84.20	0.41	3.10	May25	11.15
Bandhan Small Cap Dir Gr	INF194KB1AL4	Can Fin Homes Ltd	Financial Services	84.20	0.41	3.10	June25	10.18
Bandhan Small Cap Dir Gr	INF194KB1AL4	Can Fin Homes Ltd	Financial Services	84.20	0.41	3.10	July25	9.19
Bandhan Small Cap Dir Gr	INF194KB1AL4	Can Fin Homes Ltd	Financial Services	84.20	0.41	3.10	Aug25	8.13
Bandhan Small Cap Dir Gr	INF194KB1AL4	Grasim Industries Ltd	Basic Materials	84.16	0.41	0.00	Oct24	5.55
Bandhan Small Cap Dir Gr	INF194KB1AL4	Grasim Industries Ltd	Basic Materials	84.16	0.41	0.00	Nov24	7.52
Bandhan Small Cap Dir Gr	INF194KB1AL4	Grasim Industries Ltd	Basic Materials	84.16	0.41	0.00	Dec24	3.56
Bandhan Small Cap Dir Gr	INF194KB1AL4	Grasim Industries Ltd	Basic Materials	84.16	0.41	0.00	Jan25	5.32
Bandhan Small Cap Dir Gr	INF194KB1AL4	Grasim Industries Ltd	Basic Materials	84.16	0.41	0.00	Feb25	5.59
Bandhan Small Cap Dir Gr	INF194KB1AL4	Grasim Industries Ltd	Basic Materials	84.16	0.41	0.00	Mar25	15.51
Bandhan Small Cap Dir Gr	INF194KB1AL4	Grasim Industries Ltd	Basic Materials	84.16	0.41	0.00	Mar25	15.51
Bandhan Small Cap Dir Gr	INF194KB1AL4	Grasim Industries Ltd	Basic Materials	84.16	0.41	0.00	Apr25	12.51
Bandhan Small Cap Dir Gr	INF194KB1AL4	Grasim Industries Ltd	Basic Materials	84.16	0.41	0.00	May25	11.15
Bandhan Small Cap Dir Gr	INF194KB1AL4	Grasim Industries Ltd	Basic Materials	84.16	0.41	0.00	June25	10.18
Bandhan Small Cap Dir Gr	INF194KB1AL4	Grasim Industries Ltd	Basic Materials	84.16	0.41	0.00	July25	9.19
Bandhan Small Cap Dir Gr	INF194KB1AL4	Grasim Industries Ltd	Basic Materials	84.16	0.41	0.00	Aug25	8.13
Bandhan Small Cap Dir Gr	INF194KB1AL4	Jubilant Ingrevia Ltd Ordinary Shares	Basic Materials	83.24	0.41	0.00	Oct24	5.55
Bandhan Small Cap Dir Gr	INF194KB1AL4	Jubilant Ingrevia Ltd Ordinary Shares	Basic Materials	83.24	0.41	0.00	Nov24	7.52
Bandhan Small Cap Dir Gr	INF194KB1AL4	Jubilant Ingrevia Ltd Ordinary Shares	Basic Materials	83.24	0.41	0.00	Dec24	3.56
Bandhan Small Cap Dir Gr	INF194KB1AL4	Jubilant Ingrevia Ltd Ordinary Shares	Basic Materials	83.24	0.41	0.00	Jan25	5.32
Bandhan Small Cap Dir Gr	INF194KB1AL4	Jubilant Ingrevia Ltd Ordinary Shares	Basic Materials	83.24	0.41	0.00	Feb25	5.59
Bandhan Small Cap Dir Gr	INF194KB1AL4	Jubilant Ingrevia Ltd Ordinary Shares	Basic Materials	83.24	0.41	0.00	Mar25	15.51
Bandhan Small Cap Dir Gr	INF194KB1AL4	Jubilant Ingrevia Ltd Ordinary Shares	Basic Materials	83.24	0.41	0.00	Mar25	15.51
Bandhan Small Cap Dir Gr	INF194KB1AL4	Jubilant Ingrevia Ltd Ordinary Shares	Basic Materials	83.24	0.41	0.00	Apr25	12.51
Bandhan Small Cap Dir Gr	INF194KB1AL4	Jubilant Ingrevia Ltd Ordinary Shares	Basic Materials	83.24	0.41	0.00	May25	11.15
Bandhan Small Cap Dir Gr	INF194KB1AL4	Jubilant Ingrevia Ltd Ordinary Shares	Basic Materials	83.24	0.41	0.00	June25	10.18
Bandhan Small Cap Dir Gr	INF194KB1AL4	Jubilant Ingrevia Ltd Ordinary Shares	Basic Materials	83.24	0.41	0.00	July25	9.19
Bandhan Small Cap Dir Gr	INF194KB1AL4	Jubilant Ingrevia Ltd Ordinary Shares	Basic Materials	83.24	0.41	0.00	Aug25	8.13
Bandhan Small Cap Dir Gr	INF194KB1AL4	NCC Ltd	Industrials	82.21	0.40	3.55	Oct24	5.55
Bandhan Small Cap Dir Gr	INF194KB1AL4	NCC Ltd	Industrials	82.21	0.40	3.55	Nov24	7.52
Bandhan Small Cap Dir Gr	INF194KB1AL4	NCC Ltd	Industrials	82.21	0.40	3.55	Dec24	3.56
Bandhan Small Cap Dir Gr	INF194KB1AL4	NCC Ltd	Industrials	82.21	0.40	3.55	Jan25	5.32
Bandhan Small Cap Dir Gr	INF194KB1AL4	NCC Ltd	Industrials	82.21	0.40	3.55	Feb25	5.59
Bandhan Small Cap Dir Gr	INF194KB1AL4	NCC Ltd	Industrials	82.21	0.40	3.55	Mar25	15.51
Bandhan Small Cap Dir Gr	INF194KB1AL4	NCC Ltd	Industrials	82.21	0.40	3.55	Mar25	15.51
Bandhan Small Cap Dir Gr	INF194KB1AL4	NCC Ltd	Industrials	82.21	0.40	3.55	Apr25	12.51
Bandhan Small Cap Dir Gr	INF194KB1AL4	NCC Ltd	Industrials	82.21	0.40	3.55	May25	11.15
Bandhan Small Cap Dir Gr	INF194KB1AL4	NCC Ltd	Industrials	82.21	0.40	3.55	June25	10.18
Bandhan Small Cap Dir Gr	INF194KB1AL4	NCC Ltd	Industrials	82.21	0.40	3.55	July25	9.19
Bandhan Small Cap Dir Gr	INF194KB1AL4	NCC Ltd	Industrials	82.21	0.40	3.55	Aug25	8.13
Bandhan Small Cap Dir Gr	INF194KB1AL4	Wockhardt Ltd	Healthcare	81.90	0.40	0.00	Oct24	5.55
Bandhan Small Cap Dir Gr	INF194KB1AL4	Wockhardt Ltd	Healthcare	81.90	0.40	0.00	Nov24	7.52
Bandhan Small Cap Dir Gr	INF194KB1AL4	Wockhardt Ltd	Healthcare	81.90	0.40	0.00	Dec24	3.56
Bandhan Small Cap Dir Gr	INF194KB1AL4	Wockhardt Ltd	Healthcare	81.90	0.40	0.00	Jan25	5.32
Bandhan Small Cap Dir Gr	INF194KB1AL4	Wockhardt Ltd	Healthcare	81.90	0.40	0.00	Feb25	5.59
Bandhan Small Cap Dir Gr	INF194KB1AL4	Wockhardt Ltd	Healthcare	81.90	0.40	0.00	Mar25	15.51
Bandhan Small Cap Dir Gr	INF194KB1AL4	Wockhardt Ltd	Healthcare	81.90	0.40	0.00	Mar25	15.51
Bandhan Small Cap Dir Gr	INF194KB1AL4	Wockhardt Ltd	Healthcare	81.90	0.40	0.00	Apr25	12.51
Bandhan Small Cap Dir Gr	INF194KB1AL4	Wockhardt Ltd	Healthcare	81.90	0.40	0.00	May25	11.15
Bandhan Small Cap Dir Gr	INF194KB1AL4	Wockhardt Ltd	Healthcare	81.90	0.40	0.00	June25	10.18
Bandhan Small Cap Dir Gr	INF194KB1AL4	Wockhardt Ltd	Healthcare	81.90	0.40	0.00	July25	9.19
Bandhan Small Cap Dir Gr	INF194KB1AL4	Wockhardt Ltd	Healthcare	81.90	0.40	0.00	Aug25	8.13
Bandhan Small Cap Dir Gr	INF194KB1AL4	Vikram Solar Ltd	Technology	81.33	0.40	69.82	Oct24	5.55
Bandhan Small Cap Dir Gr	INF194KB1AL4	Vikram Solar Ltd	Technology	81.33	0.40	69.82	Nov24	7.52
Bandhan Small Cap Dir Gr	INF194KB1AL4	Vikram Solar Ltd	Technology	81.33	0.40	69.82	Dec24	3.56
Bandhan Small Cap Dir Gr	INF194KB1AL4	Vikram Solar Ltd	Technology	81.33	0.40	69.82	Jan25	5.32
Bandhan Small Cap Dir Gr	INF194KB1AL4	Vikram Solar Ltd	Technology	81.33	0.40	69.82	Feb25	5.59
Bandhan Small Cap Dir Gr	INF194KB1AL4	Vikram Solar Ltd	Technology	81.33	0.40	69.82	Mar25	15.51
Bandhan Small Cap Dir Gr	INF194KB1AL4	Vikram Solar Ltd	Technology	81.33	0.40	69.82	Mar25	15.51
Bandhan Small Cap Dir Gr	INF194KB1AL4	Vikram Solar Ltd	Technology	81.33	0.40	69.82	Apr25	12.51
Bandhan Small Cap Dir Gr	INF194KB1AL4	Vikram Solar Ltd	Technology	81.33	0.40	69.82	May25	11.15
Bandhan Small Cap Dir Gr	INF194KB1AL4	Vikram Solar Ltd	Technology	81.33	0.40	69.82	June25	10.18
Bandhan Small Cap Dir Gr	INF194KB1AL4	Vikram Solar Ltd	Technology	81.33	0.40	69.82	July25	9.19
Bandhan Small Cap Dir Gr	INF194KB1AL4	Vikram Solar Ltd	Technology	81.33	0.40	69.82	Aug25	8.13
Bandhan Small Cap Dir Gr	INF194KB1AL4	Kilburn Engineering Ltd	Industrials	80.22	0.39	55.49	Oct24	5.55
Bandhan Small Cap Dir Gr	INF194KB1AL4	Kilburn Engineering Ltd	Industrials	80.22	0.39	55.49	Nov24	7.52
Bandhan Small Cap Dir Gr	INF194KB1AL4	Kilburn Engineering Ltd	Industrials	80.22	0.39	55.49	Dec24	3.56
Bandhan Small Cap Dir Gr	INF194KB1AL4	Kilburn Engineering Ltd	Industrials	80.22	0.39	55.49	Jan25	5.32
Bandhan Small Cap Dir Gr	INF194KB1AL4	Kilburn Engineering Ltd	Industrials	80.22	0.39	55.49	Feb25	5.59
Bandhan Small Cap Dir Gr	INF194KB1AL4	Kilburn Engineering Ltd	Industrials	80.22	0.39	55.49	Mar25	15.51
Bandhan Small Cap Dir Gr	INF194KB1AL4	Kilburn Engineering Ltd	Industrials	80.22	0.39	55.49	Mar25	15.51
Bandhan Small Cap Dir Gr	INF194KB1AL4	Kilburn Engineering Ltd	Industrials	80.22	0.39	55.49	Apr25	12.51
Bandhan Small Cap Dir Gr	INF194KB1AL4	Kilburn Engineering Ltd	Industrials	80.22	0.39	55.49	May25	11.15
Bandhan Small Cap Dir Gr	INF194KB1AL4	Kilburn Engineering Ltd	Industrials	80.22	0.39	55.49	June25	10.18
Bandhan Small Cap Dir Gr	INF194KB1AL4	Kilburn Engineering Ltd	Industrials	80.22	0.39	55.49	July25	9.19
Bandhan Small Cap Dir Gr	INF194KB1AL4	Kilburn Engineering Ltd	Industrials	80.22	0.39	55.49	Aug25	8.13
Bandhan Small Cap Dir Gr	INF194KB1AL4	Epigral Ltd	Basic Materials	79.05	0.39	2.43	Oct24	5.55
Bandhan Small Cap Dir Gr	INF194KB1AL4	Epigral Ltd	Basic Materials	79.05	0.39	2.43	Nov24	7.52
Bandhan Small Cap Dir Gr	INF194KB1AL4	Epigral Ltd	Basic Materials	79.05	0.39	2.43	Dec24	3.56
Bandhan Small Cap Dir Gr	INF194KB1AL4	Epigral Ltd	Basic Materials	79.05	0.39	2.43	Jan25	5.32
Bandhan Small Cap Dir Gr	INF194KB1AL4	Epigral Ltd	Basic Materials	79.05	0.39	2.43	Feb25	5.59
Bandhan Small Cap Dir Gr	INF194KB1AL4	Epigral Ltd	Basic Materials	79.05	0.39	2.43	Mar25	15.51
Bandhan Small Cap Dir Gr	INF194KB1AL4	Epigral Ltd	Basic Materials	79.05	0.39	2.43	Mar25	15.51
Bandhan Small Cap Dir Gr	INF194KB1AL4	Epigral Ltd	Basic Materials	79.05	0.39	2.43	Apr25	12.51
Bandhan Small Cap Dir Gr	INF194KB1AL4	Epigral Ltd	Basic Materials	79.05	0.39	2.43	May25	11.15
Bandhan Small Cap Dir Gr	INF194KB1AL4	Epigral Ltd	Basic Materials	79.05	0.39	2.43	June25	10.18
Bandhan Small Cap Dir Gr	INF194KB1AL4	Epigral Ltd	Basic Materials	79.05	0.39	2.43	July25	9.19
Bandhan Small Cap Dir Gr	INF194KB1AL4	Epigral Ltd	Basic Materials	79.05	0.39	2.43	Aug25	8.13
Bandhan Small Cap Dir Gr	INF194KB1AL4	Kewal Kiran Clothing Ltd	Consumer Cyclical	77.39	0.38	0.23	Oct24	5.55
Bandhan Small Cap Dir Gr	INF194KB1AL4	Kewal Kiran Clothing Ltd	Consumer Cyclical	77.39	0.38	0.23	Nov24	7.52
Bandhan Small Cap Dir Gr	INF194KB1AL4	Kewal Kiran Clothing Ltd	Consumer Cyclical	77.39	0.38	0.23	Dec24	3.56
Bandhan Small Cap Dir Gr	INF194KB1AL4	Kewal Kiran Clothing Ltd	Consumer Cyclical	77.39	0.38	0.23	Jan25	5.32
Bandhan Small Cap Dir Gr	INF194KB1AL4	Kewal Kiran Clothing Ltd	Consumer Cyclical	77.39	0.38	0.23	Feb25	5.59
Bandhan Small Cap Dir Gr	INF194KB1AL4	Kewal Kiran Clothing Ltd	Consumer Cyclical	77.39	0.38	0.23	Mar25	15.51
Bandhan Small Cap Dir Gr	INF194KB1AL4	Kewal Kiran Clothing Ltd	Consumer Cyclical	77.39	0.38	0.23	Mar25	15.51
Bandhan Small Cap Dir Gr	INF194KB1AL4	Kewal Kiran Clothing Ltd	Consumer Cyclical	77.39	0.38	0.23	Apr25	12.51
Bandhan Small Cap Dir Gr	INF194KB1AL4	Kewal Kiran Clothing Ltd	Consumer Cyclical	77.39	0.38	0.23	May25	11.15
Bandhan Small Cap Dir Gr	INF194KB1AL4	Kewal Kiran Clothing Ltd	Consumer Cyclical	77.39	0.38	0.23	June25	10.18
Bandhan Small Cap Dir Gr	INF194KB1AL4	Kewal Kiran Clothing Ltd	Consumer Cyclical	77.39	0.38	0.23	July25	9.19
Bandhan Small Cap Dir Gr	INF194KB1AL4	Kewal Kiran Clothing Ltd	Consumer Cyclical	77.39	0.38	0.23	Aug25	8.13
Bandhan Small Cap Dir Gr	INF194KB1AL4	Vedanta Ltd	Basic Materials	76.15	0.37	-7.83	Oct24	5.55
Bandhan Small Cap Dir Gr	INF194KB1AL4	Vedanta Ltd	Basic Materials	76.15	0.37	-7.83	Nov24	7.52
Bandhan Small Cap Dir Gr	INF194KB1AL4	Vedanta Ltd	Basic Materials	76.15	0.37	-7.83	Dec24	3.56
Bandhan Small Cap Dir Gr	INF194KB1AL4	Vedanta Ltd	Basic Materials	76.15	0.37	-7.83	Jan25	5.32
Bandhan Small Cap Dir Gr	INF194KB1AL4	Vedanta Ltd	Basic Materials	76.15	0.37	-7.83	Feb25	5.59
Bandhan Small Cap Dir Gr	INF194KB1AL4	Vedanta Ltd	Basic Materials	76.15	0.37	-7.83	Mar25	15.51
Bandhan Small Cap Dir Gr	INF194KB1AL4	Vedanta Ltd	Basic Materials	76.15	0.37	-7.83	Mar25	15.51
Bandhan Small Cap Dir Gr	INF194KB1AL4	Vedanta Ltd	Basic Materials	76.15	0.37	-7.83	Apr25	12.51
Bandhan Small Cap Dir Gr	INF194KB1AL4	Vedanta Ltd	Basic Materials	76.15	0.37	-7.83	May25	11.15
Bandhan Small Cap Dir Gr	INF194KB1AL4	Vedanta Ltd	Basic Materials	76.15	0.37	-7.83	June25	10.18
Bandhan Small Cap Dir Gr	INF194KB1AL4	Vedanta Ltd	Basic Materials	76.15	0.37	-7.83	July25	9.19
Bandhan Small Cap Dir Gr	INF194KB1AL4	Vedanta Ltd	Basic Materials	76.15	0.37	-7.83	Aug25	8.13
Bandhan Small Cap Dir Gr	INF194KB1AL4	Kolte-Patil Developers Ltd	Real Estate	76.07	0.37	0.00	Oct24	5.55
Bandhan Small Cap Dir Gr	INF194KB1AL4	Kolte-Patil Developers Ltd	Real Estate	76.07	0.37	0.00	Nov24	7.52
Bandhan Small Cap Dir Gr	INF194KB1AL4	Kolte-Patil Developers Ltd	Real Estate	76.07	0.37	0.00	Dec24	3.56
Bandhan Small Cap Dir Gr	INF194KB1AL4	Kolte-Patil Developers Ltd	Real Estate	76.07	0.37	0.00	Jan25	5.32
Bandhan Small Cap Dir Gr	INF194KB1AL4	Kolte-Patil Developers Ltd	Real Estate	76.07	0.37	0.00	Feb25	5.59
Bandhan Small Cap Dir Gr	INF194KB1AL4	Kolte-Patil Developers Ltd	Real Estate	76.07	0.37	0.00	Mar25	15.51
Bandhan Small Cap Dir Gr	INF194KB1AL4	Kolte-Patil Developers Ltd	Real Estate	76.07	0.37	0.00	Mar25	15.51
Bandhan Small Cap Dir Gr	INF194KB1AL4	Kolte-Patil Developers Ltd	Real Estate	76.07	0.37	0.00	Apr25	12.51
Bandhan Small Cap Dir Gr	INF194KB1AL4	Kolte-Patil Developers Ltd	Real Estate	76.07	0.37	0.00	May25	11.15
Bandhan Small Cap Dir Gr	INF194KB1AL4	Kolte-Patil Developers Ltd	Real Estate	76.07	0.37	0.00	June25	10.18
Bandhan Small Cap Dir Gr	INF194KB1AL4	Kolte-Patil Developers Ltd	Real Estate	76.07	0.37	0.00	July25	9.19
Bandhan Small Cap Dir Gr	INF194KB1AL4	Kolte-Patil Developers Ltd	Real Estate	76.07	0.37	0.00	Aug25	8.13
Bandhan Small Cap Dir Gr	INF194KB1AL4	Trualt Bioenergy Ltd	Energy	74.14	0.36	143.29	Oct24	5.55
Bandhan Small Cap Dir Gr	INF194KB1AL4	Trualt Bioenergy Ltd	Energy	74.14	0.36	143.29	Nov24	7.52
Bandhan Small Cap Dir Gr	INF194KB1AL4	Trualt Bioenergy Ltd	Energy	74.14	0.36	143.29	Dec24	3.56
Bandhan Small Cap Dir Gr	INF194KB1AL4	Trualt Bioenergy Ltd	Energy	74.14	0.36	143.29	Jan25	5.32
Bandhan Small Cap Dir Gr	INF194KB1AL4	Trualt Bioenergy Ltd	Energy	74.14	0.36	143.29	Feb25	5.59
Bandhan Small Cap Dir Gr	INF194KB1AL4	Trualt Bioenergy Ltd	Energy	74.14	0.36	143.29	Mar25	15.51
Bandhan Small Cap Dir Gr	INF194KB1AL4	Trualt Bioenergy Ltd	Energy	74.14	0.36	143.29	Mar25	15.51
Bandhan Small Cap Dir Gr	INF194KB1AL4	Trualt Bioenergy Ltd	Energy	74.14	0.36	143.29	Apr25	12.51
Bandhan Small Cap Dir Gr	INF194KB1AL4	Trualt Bioenergy Ltd	Energy	74.14	0.36	143.29	May25	11.15
Bandhan Small Cap Dir Gr	INF194KB1AL4	Trualt Bioenergy Ltd	Energy	74.14	0.36	143.29	June25	10.18
Bandhan Small Cap Dir Gr	INF194KB1AL4	Trualt Bioenergy Ltd	Energy	74.14	0.36	143.29	July25	9.19
Bandhan Small Cap Dir Gr	INF194KB1AL4	Trualt Bioenergy Ltd	Energy	74.14	0.36	143.29	Aug25	8.13
Bandhan Small Cap Dir Gr	INF194KB1AL4	Neuland Laboratories Ltd	Healthcare	73.76	0.36	4.93	Oct24	5.55
Bandhan Small Cap Dir Gr	INF194KB1AL4	Neuland Laboratories Ltd	Healthcare	73.76	0.36	4.93	Nov24	7.52
Bandhan Small Cap Dir Gr	INF194KB1AL4	Neuland Laboratories Ltd	Healthcare	73.76	0.36	4.93	Dec24	3.56
Bandhan Small Cap Dir Gr	INF194KB1AL4	Neuland Laboratories Ltd	Healthcare	73.76	0.36	4.93	Jan25	5.32
Bandhan Small Cap Dir Gr	INF194KB1AL4	Neuland Laboratories Ltd	Healthcare	73.76	0.36	4.93	Feb25	5.59
Bandhan Small Cap Dir Gr	INF194KB1AL4	Neuland Laboratories Ltd	Healthcare	73.76	0.36	4.93	Mar25	15.51
Bandhan Small Cap Dir Gr	INF194KB1AL4	Neuland Laboratories Ltd	Healthcare	73.76	0.36	4.93	Mar25	15.51
Bandhan Small Cap Dir Gr	INF194KB1AL4	Neuland Laboratories Ltd	Healthcare	73.76	0.36	4.93	Apr25	12.51
Bandhan Small Cap Dir Gr	INF194KB1AL4	Neuland Laboratories Ltd	Healthcare	73.76	0.36	4.93	May25	11.15
Bandhan Small Cap Dir Gr	INF194KB1AL4	Neuland Laboratories Ltd	Healthcare	73.76	0.36	4.93	June25	10.18
Bandhan Small Cap Dir Gr	INF194KB1AL4	Neuland Laboratories Ltd	Healthcare	73.76	0.36	4.93	July25	9.19
Bandhan Small Cap Dir Gr	INF194KB1AL4	Neuland Laboratories Ltd	Healthcare	73.76	0.36	4.93	Aug25	8.13
Bandhan Small Cap Dir Gr	INF194KB1AL4	E2E Networks Ltd Ordinary Shares	Technology	73.34	0.36	-9.75	Oct24	5.55
Bandhan Small Cap Dir Gr	INF194KB1AL4	E2E Networks Ltd Ordinary Shares	Technology	73.34	0.36	-9.75	Nov24	7.52
Bandhan Small Cap Dir Gr	INF194KB1AL4	E2E Networks Ltd Ordinary Shares	Technology	73.34	0.36	-9.75	Dec24	3.56
Bandhan Small Cap Dir Gr	INF194KB1AL4	E2E Networks Ltd Ordinary Shares	Technology	73.34	0.36	-9.75	Jan25	5.32
Bandhan Small Cap Dir Gr	INF194KB1AL4	E2E Networks Ltd Ordinary Shares	Technology	73.34	0.36	-9.75	Feb25	5.59
Bandhan Small Cap Dir Gr	INF194KB1AL4	E2E Networks Ltd Ordinary Shares	Technology	73.34	0.36	-9.75	Mar25	15.51
Bandhan Small Cap Dir Gr	INF194KB1AL4	E2E Networks Ltd Ordinary Shares	Technology	73.34	0.36	-9.75	Mar25	15.51
Bandhan Small Cap Dir Gr	INF194KB1AL4	E2E Networks Ltd Ordinary Shares	Technology	73.34	0.36	-9.75	Apr25	12.51
Bandhan Small Cap Dir Gr	INF194KB1AL4	E2E Networks Ltd Ordinary Shares	Technology	73.34	0.36	-9.75	May25	11.15
Bandhan Small Cap Dir Gr	INF194KB1AL4	E2E Networks Ltd Ordinary Shares	Technology	73.34	0.36	-9.75	June25	10.18
Bandhan Small Cap Dir Gr	INF194KB1AL4	E2E Networks Ltd Ordinary Shares	Technology	73.34	0.36	-9.75	July25	9.19
Bandhan Small Cap Dir Gr	INF194KB1AL4	E2E Networks Ltd Ordinary Shares	Technology	73.34	0.36	-9.75	Aug25	8.13
Bandhan Small Cap Dir Gr	INF194KB1AL4	Pennar Industries Ltd	Industrials	73.34	0.36	45.29	Oct24	5.55
Bandhan Small Cap Dir Gr	INF194KB1AL4	Pennar Industries Ltd	Industrials	73.34	0.36	45.29	Nov24	7.52
Bandhan Small Cap Dir Gr	INF194KB1AL4	Pennar Industries Ltd	Industrials	73.34	0.36	45.29	Dec24	3.56
Bandhan Small Cap Dir Gr	INF194KB1AL4	Pennar Industries Ltd	Industrials	73.34	0.36	45.29	Jan25	5.32
Bandhan Small Cap Dir Gr	INF194KB1AL4	Pennar Industries Ltd	Industrials	73.34	0.36	45.29	Feb25	5.59
Bandhan Small Cap Dir Gr	INF194KB1AL4	Pennar Industries Ltd	Industrials	73.34	0.36	45.29	Mar25	15.51
Bandhan Small Cap Dir Gr	INF194KB1AL4	Pennar Industries Ltd	Industrials	73.34	0.36	45.29	Mar25	15.51
Bandhan Small Cap Dir Gr	INF194KB1AL4	Pennar Industries Ltd	Industrials	73.34	0.36	45.29	Apr25	12.51
Bandhan Small Cap Dir Gr	INF194KB1AL4	Pennar Industries Ltd	Industrials	73.34	0.36	45.29	May25	11.15
Bandhan Small Cap Dir Gr	INF194KB1AL4	Pennar Industries Ltd	Industrials	73.34	0.36	45.29	June25	10.18
Bandhan Small Cap Dir Gr	INF194KB1AL4	Pennar Industries Ltd	Industrials	73.34	0.36	45.29	July25	9.19
Bandhan Small Cap Dir Gr	INF194KB1AL4	Pennar Industries Ltd	Industrials	73.34	0.36	45.29	Aug25	8.13
Bandhan Small Cap Dir Gr	INF194KB1AL4	Nuvama Wealth Management Ltd	Financial Services	71.76	0.35	2.13	Oct24	5.55
Bandhan Small Cap Dir Gr	INF194KB1AL4	Nuvama Wealth Management Ltd	Financial Services	71.76	0.35	2.13	Nov24	7.52
Bandhan Small Cap Dir Gr	INF194KB1AL4	Nuvama Wealth Management Ltd	Financial Services	71.76	0.35	2.13	Dec24	3.56
Bandhan Small Cap Dir Gr	INF194KB1AL4	Nuvama Wealth Management Ltd	Financial Services	71.76	0.35	2.13	Jan25	5.32
Bandhan Small Cap Dir Gr	INF194KB1AL4	Nuvama Wealth Management Ltd	Financial Services	71.76	0.35	2.13	Feb25	5.59
Bandhan Small Cap Dir Gr	INF194KB1AL4	Nuvama Wealth Management Ltd	Financial Services	71.76	0.35	2.13	Mar25	15.51
Bandhan Small Cap Dir Gr	INF194KB1AL4	Nuvama Wealth Management Ltd	Financial Services	71.76	0.35	2.13	Mar25	15.51
Bandhan Small Cap Dir Gr	INF194KB1AL4	Nuvama Wealth Management Ltd	Financial Services	71.76	0.35	2.13	Apr25	12.51
Bandhan Small Cap Dir Gr	INF194KB1AL4	Nuvama Wealth Management Ltd	Financial Services	71.76	0.35	2.13	May25	11.15
Bandhan Small Cap Dir Gr	INF194KB1AL4	Nuvama Wealth Management Ltd	Financial Services	71.76	0.35	2.13	June25	10.18
Bandhan Small Cap Dir Gr	INF194KB1AL4	Nuvama Wealth Management Ltd	Financial Services	71.76	0.35	2.13	July25	9.19
Bandhan Small Cap Dir Gr	INF194KB1AL4	Nuvama Wealth Management Ltd	Financial Services	71.76	0.35	2.13	Aug25	8.13
Bandhan Small Cap Dir Gr	INF194KB1AL4	Cohance Lifesciences Ltd	Healthcare	71.51	0.35	6.81	Oct24	5.55
Bandhan Small Cap Dir Gr	INF194KB1AL4	Cohance Lifesciences Ltd	Healthcare	71.51	0.35	6.81	Nov24	7.52
Bandhan Small Cap Dir Gr	INF194KB1AL4	Cohance Lifesciences Ltd	Healthcare	71.51	0.35	6.81	Dec24	3.56
Bandhan Small Cap Dir Gr	INF194KB1AL4	Cohance Lifesciences Ltd	Healthcare	71.51	0.35	6.81	Jan25	5.32
Bandhan Small Cap Dir Gr	INF194KB1AL4	Cohance Lifesciences Ltd	Healthcare	71.51	0.35	6.81	Feb25	5.59
Bandhan Small Cap Dir Gr	INF194KB1AL4	Cohance Lifesciences Ltd	Healthcare	71.51	0.35	6.81	Mar25	15.51
Bandhan Small Cap Dir Gr	INF194KB1AL4	Cohance Lifesciences Ltd	Healthcare	71.51	0.35	6.81	Mar25	15.51
Bandhan Small Cap Dir Gr	INF194KB1AL4	Cohance Lifesciences Ltd	Healthcare	71.51	0.35	6.81	Apr25	12.51
Bandhan Small Cap Dir Gr	INF194KB1AL4	Cohance Lifesciences Ltd	Healthcare	71.51	0.35	6.81	May25	11.15
Bandhan Small Cap Dir Gr	INF194KB1AL4	Cohance Lifesciences Ltd	Healthcare	71.51	0.35	6.81	June25	10.18
Bandhan Small Cap Dir Gr	INF194KB1AL4	Cohance Lifesciences Ltd	Healthcare	71.51	0.35	6.81	July25	9.19
Bandhan Small Cap Dir Gr	INF194KB1AL4	Cohance Lifesciences Ltd	Healthcare	71.51	0.35	6.81	Aug25	8.13
Bandhan Small Cap Dir Gr	INF194KB1AL4	Styrenix Performance Materials Ltd	Basic Materials	71.01	0.35	3.05	Oct24	5.55
Bandhan Small Cap Dir Gr	INF194KB1AL4	Styrenix Performance Materials Ltd	Basic Materials	71.01	0.35	3.05	Nov24	7.52
Bandhan Small Cap Dir Gr	INF194KB1AL4	Styrenix Performance Materials Ltd	Basic Materials	71.01	0.35	3.05	Dec24	3.56
Bandhan Small Cap Dir Gr	INF194KB1AL4	Styrenix Performance Materials Ltd	Basic Materials	71.01	0.35	3.05	Jan25	5.32
Bandhan Small Cap Dir Gr	INF194KB1AL4	Styrenix Performance Materials Ltd	Basic Materials	71.01	0.35	3.05	Feb25	5.59
Bandhan Small Cap Dir Gr	INF194KB1AL4	Styrenix Performance Materials Ltd	Basic Materials	71.01	0.35	3.05	Mar25	15.51
Bandhan Small Cap Dir Gr	INF194KB1AL4	Styrenix Performance Materials Ltd	Basic Materials	71.01	0.35	3.05	Mar25	15.51
Bandhan Small Cap Dir Gr	INF194KB1AL4	Styrenix Performance Materials Ltd	Basic Materials	71.01	0.35	3.05	Apr25	12.51
Bandhan Small Cap Dir Gr	INF194KB1AL4	Styrenix Performance Materials Ltd	Basic Materials	71.01	0.35	3.05	May25	11.15
Bandhan Small Cap Dir Gr	INF194KB1AL4	Styrenix Performance Materials Ltd	Basic Materials	71.01	0.35	3.05	June25	10.18
Bandhan Small Cap Dir Gr	INF194KB1AL4	Styrenix Performance Materials Ltd	Basic Materials	71.01	0.35	3.05	July25	9.19
Bandhan Small Cap Dir Gr	INF194KB1AL4	Styrenix Performance Materials Ltd	Basic Materials	71.01	0.35	3.05	Aug25	8.13
Bandhan Small Cap Dir Gr	INF194KB1AL4	Ethos Ltd	Consumer Cyclical	69.55	0.34	0.00	Oct24	5.55
Bandhan Small Cap Dir Gr	INF194KB1AL4	Ethos Ltd	Consumer Cyclical	69.55	0.34	0.00	Nov24	7.52
Bandhan Small Cap Dir Gr	INF194KB1AL4	Ethos Ltd	Consumer Cyclical	69.55	0.34	0.00	Dec24	3.56
Bandhan Small Cap Dir Gr	INF194KB1AL4	Ethos Ltd	Consumer Cyclical	69.55	0.34	0.00	Jan25	5.32
Bandhan Small Cap Dir Gr	INF194KB1AL4	Ethos Ltd	Consumer Cyclical	69.55	0.34	0.00	Feb25	5.59
Bandhan Small Cap Dir Gr	INF194KB1AL4	Ethos Ltd	Consumer Cyclical	69.55	0.34	0.00	Mar25	15.51
Bandhan Small Cap Dir Gr	INF194KB1AL4	Ethos Ltd	Consumer Cyclical	69.55	0.34	0.00	Mar25	15.51
Bandhan Small Cap Dir Gr	INF194KB1AL4	Ethos Ltd	Consumer Cyclical	69.55	0.34	0.00	Apr25	12.51
Bandhan Small Cap Dir Gr	INF194KB1AL4	Ethos Ltd	Consumer Cyclical	69.55	0.34	0.00	May25	11.15
Bandhan Small Cap Dir Gr	INF194KB1AL4	Ethos Ltd	Consumer Cyclical	69.55	0.34	0.00	June25	10.18
Bandhan Small Cap Dir Gr	INF194KB1AL4	Ethos Ltd	Consumer Cyclical	69.55	0.34	0.00	July25	9.19
Bandhan Small Cap Dir Gr	INF194KB1AL4	Ethos Ltd	Consumer Cyclical	69.55	0.34	0.00	Aug25	8.13
Bandhan Small Cap Dir Gr	INF194KB1AL4	Birlasoft Ltd	Technology	69.27	0.34	0.00	Oct24	5.55
Bandhan Small Cap Dir Gr	INF194KB1AL4	Birlasoft Ltd	Technology	69.27	0.34	0.00	Nov24	7.52
Bandhan Small Cap Dir Gr	INF194KB1AL4	Birlasoft Ltd	Technology	69.27	0.34	0.00	Dec24	3.56
Bandhan Small Cap Dir Gr	INF194KB1AL4	Birlasoft Ltd	Technology	69.27	0.34	0.00	Jan25	5.32
Bandhan Small Cap Dir Gr	INF194KB1AL4	Birlasoft Ltd	Technology	69.27	0.34	0.00	Feb25	5.59
Bandhan Small Cap Dir Gr	INF194KB1AL4	Birlasoft Ltd	Technology	69.27	0.34	0.00	Mar25	15.51
Bandhan Small Cap Dir Gr	INF194KB1AL4	Birlasoft Ltd	Technology	69.27	0.34	0.00	Mar25	15.51
Bandhan Small Cap Dir Gr	INF194KB1AL4	Birlasoft Ltd	Technology	69.27	0.34	0.00	Apr25	12.51
Bandhan Small Cap Dir Gr	INF194KB1AL4	Birlasoft Ltd	Technology	69.27	0.34	0.00	May25	11.15
Bandhan Small Cap Dir Gr	INF194KB1AL4	Birlasoft Ltd	Technology	69.27	0.34	0.00	June25	10.18
Bandhan Small Cap Dir Gr	INF194KB1AL4	Birlasoft Ltd	Technology	69.27	0.34	0.00	July25	9.19
Bandhan Small Cap Dir Gr	INF194KB1AL4	Birlasoft Ltd	Technology	69.27	0.34	0.00	Aug25	8.13
Bandhan Small Cap Dir Gr	INF194KB1AL4	EPACK Durable Ltd	Consumer Cyclical	69.00	0.34	0.00	Oct24	5.55
Bandhan Small Cap Dir Gr	INF194KB1AL4	EPACK Durable Ltd	Consumer Cyclical	69.00	0.34	0.00	Nov24	7.52
Bandhan Small Cap Dir Gr	INF194KB1AL4	EPACK Durable Ltd	Consumer Cyclical	69.00	0.34	0.00	Dec24	3.56
Bandhan Small Cap Dir Gr	INF194KB1AL4	EPACK Durable Ltd	Consumer Cyclical	69.00	0.34	0.00	Jan25	5.32
Bandhan Small Cap Dir Gr	INF194KB1AL4	EPACK Durable Ltd	Consumer Cyclical	69.00	0.34	0.00	Feb25	5.59
Bandhan Small Cap Dir Gr	INF194KB1AL4	EPACK Durable Ltd	Consumer Cyclical	69.00	0.34	0.00	Mar25	15.51
Bandhan Small Cap Dir Gr	INF194KB1AL4	EPACK Durable Ltd	Consumer Cyclical	69.00	0.34	0.00	Mar25	15.51
Bandhan Small Cap Dir Gr	INF194KB1AL4	EPACK Durable Ltd	Consumer Cyclical	69.00	0.34	0.00	Apr25	12.51
Bandhan Small Cap Dir Gr	INF194KB1AL4	EPACK Durable Ltd	Consumer Cyclical	69.00	0.34	0.00	May25	11.15
Bandhan Small Cap Dir Gr	INF194KB1AL4	EPACK Durable Ltd	Consumer Cyclical	69.00	0.34	0.00	June25	10.18
Bandhan Small Cap Dir Gr	INF194KB1AL4	EPACK Durable Ltd	Consumer Cyclical	69.00	0.34	0.00	July25	9.19
Bandhan Small Cap Dir Gr	INF194KB1AL4	EPACK Durable Ltd	Consumer Cyclical	69.00	0.34	0.00	Aug25	8.13
Bandhan Small Cap Dir Gr	INF194KB1AL4	Juniper Hotels Ltd	Consumer Cyclical	68.23	0.33	4.62	Oct24	5.55
Bandhan Small Cap Dir Gr	INF194KB1AL4	Juniper Hotels Ltd	Consumer Cyclical	68.23	0.33	4.62	Nov24	7.52
Bandhan Small Cap Dir Gr	INF194KB1AL4	Juniper Hotels Ltd	Consumer Cyclical	68.23	0.33	4.62	Dec24	3.56
Bandhan Small Cap Dir Gr	INF194KB1AL4	Juniper Hotels Ltd	Consumer Cyclical	68.23	0.33	4.62	Jan25	5.32
Bandhan Small Cap Dir Gr	INF194KB1AL4	Juniper Hotels Ltd	Consumer Cyclical	68.23	0.33	4.62	Feb25	5.59
Bandhan Small Cap Dir Gr	INF194KB1AL4	Juniper Hotels Ltd	Consumer Cyclical	68.23	0.33	4.62	Mar25	15.51
Bandhan Small Cap Dir Gr	INF194KB1AL4	Juniper Hotels Ltd	Consumer Cyclical	68.23	0.33	4.62	Mar25	15.51
Bandhan Small Cap Dir Gr	INF194KB1AL4	Juniper Hotels Ltd	Consumer Cyclical	68.23	0.33	4.62	Apr25	12.51
Bandhan Small Cap Dir Gr	INF194KB1AL4	Juniper Hotels Ltd	Consumer Cyclical	68.23	0.33	4.62	May25	11.15
Bandhan Small Cap Dir Gr	INF194KB1AL4	Juniper Hotels Ltd	Consumer Cyclical	68.23	0.33	4.62	June25	10.18
Bandhan Small Cap Dir Gr	INF194KB1AL4	Juniper Hotels Ltd	Consumer Cyclical	68.23	0.33	4.62	July25	9.19
Bandhan Small Cap Dir Gr	INF194KB1AL4	Juniper Hotels Ltd	Consumer Cyclical	68.23	0.33	4.62	Aug25	8.13
Bandhan Small Cap Dir Gr	INF194KB1AL4	Tilaknagar Industries Ltd	Consumer Defensive	67.88	0.33	0.00	Oct24	5.55
Bandhan Small Cap Dir Gr	INF194KB1AL4	Tilaknagar Industries Ltd	Consumer Defensive	67.88	0.33	0.00	Nov24	7.52
Bandhan Small Cap Dir Gr	INF194KB1AL4	Tilaknagar Industries Ltd	Consumer Defensive	67.88	0.33	0.00	Dec24	3.56
Bandhan Small Cap Dir Gr	INF194KB1AL4	Tilaknagar Industries Ltd	Consumer Defensive	67.88	0.33	0.00	Jan25	5.32
Bandhan Small Cap Dir Gr	INF194KB1AL4	Tilaknagar Industries Ltd	Consumer Defensive	67.88	0.33	0.00	Feb25	5.59
Bandhan Small Cap Dir Gr	INF194KB1AL4	Tilaknagar Industries Ltd	Consumer Defensive	67.88	0.33	0.00	Mar25	15.51
Bandhan Small Cap Dir Gr	INF194KB1AL4	Tilaknagar Industries Ltd	Consumer Defensive	67.88	0.33	0.00	Mar25	15.51
Bandhan Small Cap Dir Gr	INF194KB1AL4	Tilaknagar Industries Ltd	Consumer Defensive	67.88	0.33	0.00	Apr25	12.51
Bandhan Small Cap Dir Gr	INF194KB1AL4	Tilaknagar Industries Ltd	Consumer Defensive	67.88	0.33	0.00	May25	11.15
Bandhan Small Cap Dir Gr	INF194KB1AL4	Tilaknagar Industries Ltd	Consumer Defensive	67.88	0.33	0.00	June25	10.18
Bandhan Small Cap Dir Gr	INF194KB1AL4	Tilaknagar Industries Ltd	Consumer Defensive	67.88	0.33	0.00	July25	9.19
Bandhan Small Cap Dir Gr	INF194KB1AL4	Tilaknagar Industries Ltd	Consumer Defensive	67.88	0.33	0.00	Aug25	8.13
Bandhan Small Cap Dir Gr	INF194KB1AL4	Mahindra Lifespace Developers Ltd	Real Estate	67.80	0.33	0.00	Oct24	5.55
Bandhan Small Cap Dir Gr	INF194KB1AL4	Mahindra Lifespace Developers Ltd	Real Estate	67.80	0.33	0.00	Nov24	7.52
Bandhan Small Cap Dir Gr	INF194KB1AL4	Mahindra Lifespace Developers Ltd	Real Estate	67.80	0.33	0.00	Dec24	3.56
Bandhan Small Cap Dir Gr	INF194KB1AL4	Mahindra Lifespace Developers Ltd	Real Estate	67.80	0.33	0.00	Jan25	5.32
Bandhan Small Cap Dir Gr	INF194KB1AL4	Mahindra Lifespace Developers Ltd	Real Estate	67.80	0.33	0.00	Feb25	5.59
Bandhan Small Cap Dir Gr	INF194KB1AL4	Mahindra Lifespace Developers Ltd	Real Estate	67.80	0.33	0.00	Mar25	15.51
Bandhan Small Cap Dir Gr	INF194KB1AL4	Mahindra Lifespace Developers Ltd	Real Estate	67.80	0.33	0.00	Mar25	15.51
Bandhan Small Cap Dir Gr	INF194KB1AL4	Mahindra Lifespace Developers Ltd	Real Estate	67.80	0.33	0.00	Apr25	12.51
Bandhan Small Cap Dir Gr	INF194KB1AL4	Mahindra Lifespace Developers Ltd	Real Estate	67.80	0.33	0.00	May25	11.15
Bandhan Small Cap Dir Gr	INF194KB1AL4	Mahindra Lifespace Developers Ltd	Real Estate	67.80	0.33	0.00	June25	10.18
Bandhan Small Cap Dir Gr	INF194KB1AL4	Mahindra Lifespace Developers Ltd	Real Estate	67.80	0.33	0.00	July25	9.19
Bandhan Small Cap Dir Gr	INF194KB1AL4	Mahindra Lifespace Developers Ltd	Real Estate	67.80	0.33	0.00	Aug25	8.13
Bandhan Small Cap Dir Gr	INF194KB1AL4	JSW Cement Ltd	Basic Materials	67.14	0.33	3.27	Oct24	5.55
Bandhan Small Cap Dir Gr	INF194KB1AL4	JSW Cement Ltd	Basic Materials	67.14	0.33	3.27	Nov24	7.52
Bandhan Small Cap Dir Gr	INF194KB1AL4	JSW Cement Ltd	Basic Materials	67.14	0.33	3.27	Dec24	3.56
Bandhan Small Cap Dir Gr	INF194KB1AL4	JSW Cement Ltd	Basic Materials	67.14	0.33	3.27	Jan25	5.32
Bandhan Small Cap Dir Gr	INF194KB1AL4	JSW Cement Ltd	Basic Materials	67.14	0.33	3.27	Feb25	5.59
Bandhan Small Cap Dir Gr	INF194KB1AL4	JSW Cement Ltd	Basic Materials	67.14	0.33	3.27	Mar25	15.51
Bandhan Small Cap Dir Gr	INF194KB1AL4	JSW Cement Ltd	Basic Materials	67.14	0.33	3.27	Mar25	15.51
Bandhan Small Cap Dir Gr	INF194KB1AL4	JSW Cement Ltd	Basic Materials	67.14	0.33	3.27	Apr25	12.51
Bandhan Small Cap Dir Gr	INF194KB1AL4	JSW Cement Ltd	Basic Materials	67.14	0.33	3.27	May25	11.15
Bandhan Small Cap Dir Gr	INF194KB1AL4	JSW Cement Ltd	Basic Materials	67.14	0.33	3.27	June25	10.18
Bandhan Small Cap Dir Gr	INF194KB1AL4	JSW Cement Ltd	Basic Materials	67.14	0.33	3.27	July25	9.19
Bandhan Small Cap Dir Gr	INF194KB1AL4	JSW Cement Ltd	Basic Materials	67.14	0.33	3.27	Aug25	8.13
Bandhan Small Cap Dir Gr	INF194KB1AL4	Baazar Style Retail Ltd	Consumer Cyclical	65.64	0.32	-1.89	Oct24	5.55
Bandhan Small Cap Dir Gr	INF194KB1AL4	Baazar Style Retail Ltd	Consumer Cyclical	65.64	0.32	-1.89	Nov24	7.52
Bandhan Small Cap Dir Gr	INF194KB1AL4	Baazar Style Retail Ltd	Consumer Cyclical	65.64	0.32	-1.89	Dec24	3.56
Bandhan Small Cap Dir Gr	INF194KB1AL4	Baazar Style Retail Ltd	Consumer Cyclical	65.64	0.32	-1.89	Jan25	5.32
Bandhan Small Cap Dir Gr	INF194KB1AL4	Baazar Style Retail Ltd	Consumer Cyclical	65.64	0.32	-1.89	Feb25	5.59
Bandhan Small Cap Dir Gr	INF194KB1AL4	Baazar Style Retail Ltd	Consumer Cyclical	65.64	0.32	-1.89	Mar25	15.51
Bandhan Small Cap Dir Gr	INF194KB1AL4	Baazar Style Retail Ltd	Consumer Cyclical	65.64	0.32	-1.89	Mar25	15.51
Bandhan Small Cap Dir Gr	INF194KB1AL4	Baazar Style Retail Ltd	Consumer Cyclical	65.64	0.32	-1.89	Apr25	12.51
Bandhan Small Cap Dir Gr	INF194KB1AL4	Baazar Style Retail Ltd	Consumer Cyclical	65.64	0.32	-1.89	May25	11.15
Bandhan Small Cap Dir Gr	INF194KB1AL4	Baazar Style Retail Ltd	Consumer Cyclical	65.64	0.32	-1.89	June25	10.18
Bandhan Small Cap Dir Gr	INF194KB1AL4	Baazar Style Retail Ltd	Consumer Cyclical	65.64	0.32	-1.89	July25	9.19
Bandhan Small Cap Dir Gr	INF194KB1AL4	Baazar Style Retail Ltd	Consumer Cyclical	65.64	0.32	-1.89	Aug25	8.13
Bandhan Small Cap Dir Gr	INF194KB1AL4	Aditya Birla Fashion and Retail Ltd	Consumer Cyclical	64.36	0.31	0.00	Oct24	5.55
Bandhan Small Cap Dir Gr	INF194KB1AL4	Aditya Birla Fashion and Retail Ltd	Consumer Cyclical	64.36	0.31	0.00	Nov24	7.52
Bandhan Small Cap Dir Gr	INF194KB1AL4	Aditya Birla Fashion and Retail Ltd	Consumer Cyclical	64.36	0.31	0.00	Dec24	3.56
Bandhan Small Cap Dir Gr	INF194KB1AL4	Aditya Birla Fashion and Retail Ltd	Consumer Cyclical	64.36	0.31	0.00	Jan25	5.32
Bandhan Small Cap Dir Gr	INF194KB1AL4	Aditya Birla Fashion and Retail Ltd	Consumer Cyclical	64.36	0.31	0.00	Feb25	5.59
Bandhan Small Cap Dir Gr	INF194KB1AL4	Aditya Birla Fashion and Retail Ltd	Consumer Cyclical	64.36	0.31	0.00	Mar25	15.51
Bandhan Small Cap Dir Gr	INF194KB1AL4	Aditya Birla Fashion and Retail Ltd	Consumer Cyclical	64.36	0.31	0.00	Mar25	15.51
Bandhan Small Cap Dir Gr	INF194KB1AL4	Aditya Birla Fashion and Retail Ltd	Consumer Cyclical	64.36	0.31	0.00	Apr25	12.51
Bandhan Small Cap Dir Gr	INF194KB1AL4	Aditya Birla Fashion and Retail Ltd	Consumer Cyclical	64.36	0.31	0.00	May25	11.15
Bandhan Small Cap Dir Gr	INF194KB1AL4	Aditya Birla Fashion and Retail Ltd	Consumer Cyclical	64.36	0.31	0.00	June25	10.18
Bandhan Small Cap Dir Gr	INF194KB1AL4	Aditya Birla Fashion and Retail Ltd	Consumer Cyclical	64.36	0.31	0.00	July25	9.19
Bandhan Small Cap Dir Gr	INF194KB1AL4	Aditya Birla Fashion and Retail Ltd	Consumer Cyclical	64.36	0.31	0.00	Aug25	8.13
Bandhan Small Cap Dir Gr	INF194KB1AL4	Sunteck Realty Ltd	Real Estate	63.40	0.31	0.00	Oct24	5.55
Bandhan Small Cap Dir Gr	INF194KB1AL4	Sunteck Realty Ltd	Real Estate	63.40	0.31	0.00	Nov24	7.52
Bandhan Small Cap Dir Gr	INF194KB1AL4	Sunteck Realty Ltd	Real Estate	63.40	0.31	0.00	Dec24	3.56
Bandhan Small Cap Dir Gr	INF194KB1AL4	Sunteck Realty Ltd	Real Estate	63.40	0.31	0.00	Jan25	5.32
Bandhan Small Cap Dir Gr	INF194KB1AL4	Sunteck Realty Ltd	Real Estate	63.40	0.31	0.00	Feb25	5.59
Bandhan Small Cap Dir Gr	INF194KB1AL4	Sunteck Realty Ltd	Real Estate	63.40	0.31	0.00	Mar25	15.51
Bandhan Small Cap Dir Gr	INF194KB1AL4	Sunteck Realty Ltd	Real Estate	63.40	0.31	0.00	Mar25	15.51
Bandhan Small Cap Dir Gr	INF194KB1AL4	Sunteck Realty Ltd	Real Estate	63.40	0.31	0.00	Apr25	12.51
Bandhan Small Cap Dir Gr	INF194KB1AL4	Sunteck Realty Ltd	Real Estate	63.40	0.31	0.00	May25	11.15
Bandhan Small Cap Dir Gr	INF194KB1AL4	Sunteck Realty Ltd	Real Estate	63.40	0.31	0.00	June25	10.18
Bandhan Small Cap Dir Gr	INF194KB1AL4	Sunteck Realty Ltd	Real Estate	63.40	0.31	0.00	July25	9.19
Bandhan Small Cap Dir Gr	INF194KB1AL4	Sunteck Realty Ltd	Real Estate	63.40	0.31	0.00	Aug25	8.13
Bandhan Small Cap Dir Gr	INF194KB1AL4	Jupiter Wagons Ltd	Industrials	63.21	0.31	0.00	Oct24	5.55
Bandhan Small Cap Dir Gr	INF194KB1AL4	Jupiter Wagons Ltd	Industrials	63.21	0.31	0.00	Nov24	7.52
Bandhan Small Cap Dir Gr	INF194KB1AL4	Jupiter Wagons Ltd	Industrials	63.21	0.31	0.00	Dec24	3.56
Bandhan Small Cap Dir Gr	INF194KB1AL4	Jupiter Wagons Ltd	Industrials	63.21	0.31	0.00	Jan25	5.32
Bandhan Small Cap Dir Gr	INF194KB1AL4	Jupiter Wagons Ltd	Industrials	63.21	0.31	0.00	Feb25	5.59
Bandhan Small Cap Dir Gr	INF194KB1AL4	Jupiter Wagons Ltd	Industrials	63.21	0.31	0.00	Mar25	15.51
Bandhan Small Cap Dir Gr	INF194KB1AL4	Jupiter Wagons Ltd	Industrials	63.21	0.31	0.00	Mar25	15.51
Bandhan Small Cap Dir Gr	INF194KB1AL4	Jupiter Wagons Ltd	Industrials	63.21	0.31	0.00	Apr25	12.51
Bandhan Small Cap Dir Gr	INF194KB1AL4	Jupiter Wagons Ltd	Industrials	63.21	0.31	0.00	May25	11.15
Bandhan Small Cap Dir Gr	INF194KB1AL4	Jupiter Wagons Ltd	Industrials	63.21	0.31	0.00	June25	10.18
Bandhan Small Cap Dir Gr	INF194KB1AL4	Jupiter Wagons Ltd	Industrials	63.21	0.31	0.00	July25	9.19
Bandhan Small Cap Dir Gr	INF194KB1AL4	Jupiter Wagons Ltd	Industrials	63.21	0.31	0.00	Aug25	8.13
Bandhan Small Cap Dir Gr	INF194KB1AL4	Ujjivan Small Finance Bank Ltd Ordinary Shares	Financial Services	60.98	0.30	0.00	Oct24	5.55
Bandhan Small Cap Dir Gr	INF194KB1AL4	Ujjivan Small Finance Bank Ltd Ordinary Shares	Financial Services	60.98	0.30	0.00	Nov24	7.52
Bandhan Small Cap Dir Gr	INF194KB1AL4	Ujjivan Small Finance Bank Ltd Ordinary Shares	Financial Services	60.98	0.30	0.00	Dec24	3.56
Bandhan Small Cap Dir Gr	INF194KB1AL4	Ujjivan Small Finance Bank Ltd Ordinary Shares	Financial Services	60.98	0.30	0.00	Jan25	5.32
Bandhan Small Cap Dir Gr	INF194KB1AL4	Ujjivan Small Finance Bank Ltd Ordinary Shares	Financial Services	60.98	0.30	0.00	Feb25	5.59
Bandhan Small Cap Dir Gr	INF194KB1AL4	Ujjivan Small Finance Bank Ltd Ordinary Shares	Financial Services	60.98	0.30	0.00	Mar25	15.51
Bandhan Small Cap Dir Gr	INF194KB1AL4	Ujjivan Small Finance Bank Ltd Ordinary Shares	Financial Services	60.98	0.30	0.00	Mar25	15.51
Bandhan Small Cap Dir Gr	INF194KB1AL4	Ujjivan Small Finance Bank Ltd Ordinary Shares	Financial Services	60.98	0.30	0.00	Apr25	12.51
Bandhan Small Cap Dir Gr	INF194KB1AL4	Ujjivan Small Finance Bank Ltd Ordinary Shares	Financial Services	60.98	0.30	0.00	May25	11.15
Bandhan Small Cap Dir Gr	INF194KB1AL4	Ujjivan Small Finance Bank Ltd Ordinary Shares	Financial Services	60.98	0.30	0.00	June25	10.18
Bandhan Small Cap Dir Gr	INF194KB1AL4	Ujjivan Small Finance Bank Ltd Ordinary Shares	Financial Services	60.98	0.30	0.00	July25	9.19
Bandhan Small Cap Dir Gr	INF194KB1AL4	Ujjivan Small Finance Bank Ltd Ordinary Shares	Financial Services	60.98	0.30	0.00	Aug25	8.13
Bandhan Small Cap Dir Gr	INF194KB1AL4	Eris Lifesciences Ltd Registered Shs	Healthcare	58.90	0.29	3.62	Oct24	5.55
Bandhan Small Cap Dir Gr	INF194KB1AL4	Eris Lifesciences Ltd Registered Shs	Healthcare	58.90	0.29	3.62	Nov24	7.52
Bandhan Small Cap Dir Gr	INF194KB1AL4	Eris Lifesciences Ltd Registered Shs	Healthcare	58.90	0.29	3.62	Dec24	3.56
Bandhan Small Cap Dir Gr	INF194KB1AL4	Eris Lifesciences Ltd Registered Shs	Healthcare	58.90	0.29	3.62	Jan25	5.32
Bandhan Small Cap Dir Gr	INF194KB1AL4	Eris Lifesciences Ltd Registered Shs	Healthcare	58.90	0.29	3.62	Feb25	5.59
Bandhan Small Cap Dir Gr	INF194KB1AL4	Eris Lifesciences Ltd Registered Shs	Healthcare	58.90	0.29	3.62	Mar25	15.51
Bandhan Small Cap Dir Gr	INF194KB1AL4	Eris Lifesciences Ltd Registered Shs	Healthcare	58.90	0.29	3.62	Mar25	15.51
Bandhan Small Cap Dir Gr	INF194KB1AL4	Eris Lifesciences Ltd Registered Shs	Healthcare	58.90	0.29	3.62	Apr25	12.51
Bandhan Small Cap Dir Gr	INF194KB1AL4	Eris Lifesciences Ltd Registered Shs	Healthcare	58.90	0.29	3.62	May25	11.15
Bandhan Small Cap Dir Gr	INF194KB1AL4	Eris Lifesciences Ltd Registered Shs	Healthcare	58.90	0.29	3.62	June25	10.18
Bandhan Small Cap Dir Gr	INF194KB1AL4	Eris Lifesciences Ltd Registered Shs	Healthcare	58.90	0.29	3.62	July25	9.19
Bandhan Small Cap Dir Gr	INF194KB1AL4	Eris Lifesciences Ltd Registered Shs	Healthcare	58.90	0.29	3.62	Aug25	8.13
Bandhan Small Cap Dir Gr	INF194KB1AL4	eClerx Services Ltd	Technology	58.37	0.29	1.66	Oct24	5.55
Bandhan Small Cap Dir Gr	INF194KB1AL4	eClerx Services Ltd	Technology	58.37	0.29	1.66	Nov24	7.52
Bandhan Small Cap Dir Gr	INF194KB1AL4	eClerx Services Ltd	Technology	58.37	0.29	1.66	Dec24	3.56
Bandhan Small Cap Dir Gr	INF194KB1AL4	eClerx Services Ltd	Technology	58.37	0.29	1.66	Jan25	5.32
Bandhan Small Cap Dir Gr	INF194KB1AL4	eClerx Services Ltd	Technology	58.37	0.29	1.66	Feb25	5.59
Bandhan Small Cap Dir Gr	INF194KB1AL4	eClerx Services Ltd	Technology	58.37	0.29	1.66	Mar25	15.51
Bandhan Small Cap Dir Gr	INF194KB1AL4	eClerx Services Ltd	Technology	58.37	0.29	1.66	Mar25	15.51
Bandhan Small Cap Dir Gr	INF194KB1AL4	eClerx Services Ltd	Technology	58.37	0.29	1.66	Apr25	12.51
Bandhan Small Cap Dir Gr	INF194KB1AL4	eClerx Services Ltd	Technology	58.37	0.29	1.66	May25	11.15
Bandhan Small Cap Dir Gr	INF194KB1AL4	eClerx Services Ltd	Technology	58.37	0.29	1.66	June25	10.18
Bandhan Small Cap Dir Gr	INF194KB1AL4	eClerx Services Ltd	Technology	58.37	0.29	1.66	July25	9.19
Bandhan Small Cap Dir Gr	INF194KB1AL4	eClerx Services Ltd	Technology	58.37	0.29	1.66	Aug25	8.13
Bandhan Small Cap Dir Gr	INF194KB1AL4	Syrma SGS Technology Ltd	Technology	58.21	0.28	-16.90	Oct24	5.55
Bandhan Small Cap Dir Gr	INF194KB1AL4	Syrma SGS Technology Ltd	Technology	58.21	0.28	-16.90	Nov24	7.52
Bandhan Small Cap Dir Gr	INF194KB1AL4	Syrma SGS Technology Ltd	Technology	58.21	0.28	-16.90	Dec24	3.56
Bandhan Small Cap Dir Gr	INF194KB1AL4	Syrma SGS Technology Ltd	Technology	58.21	0.28	-16.90	Jan25	5.32
Bandhan Small Cap Dir Gr	INF194KB1AL4	Syrma SGS Technology Ltd	Technology	58.21	0.28	-16.90	Feb25	5.59
Bandhan Small Cap Dir Gr	INF194KB1AL4	Syrma SGS Technology Ltd	Technology	58.21	0.28	-16.90	Mar25	15.51
Bandhan Small Cap Dir Gr	INF194KB1AL4	Syrma SGS Technology Ltd	Technology	58.21	0.28	-16.90	Mar25	15.51
Bandhan Small Cap Dir Gr	INF194KB1AL4	Syrma SGS Technology Ltd	Technology	58.21	0.28	-16.90	Apr25	12.51
Bandhan Small Cap Dir Gr	INF194KB1AL4	Syrma SGS Technology Ltd	Technology	58.21	0.28	-16.90	May25	11.15
Bandhan Small Cap Dir Gr	INF194KB1AL4	Syrma SGS Technology Ltd	Technology	58.21	0.28	-16.90	June25	10.18
Bandhan Small Cap Dir Gr	INF194KB1AL4	Syrma SGS Technology Ltd	Technology	58.21	0.28	-16.90	July25	9.19
Bandhan Small Cap Dir Gr	INF194KB1AL4	Syrma SGS Technology Ltd	Technology	58.21	0.28	-16.90	Aug25	8.13
Bandhan Small Cap Dir Gr	INF194KB1AL4	Marksans Pharma Ltd	Healthcare	58.01	0.28	0.00	Oct24	5.55
Bandhan Small Cap Dir Gr	INF194KB1AL4	Marksans Pharma Ltd	Healthcare	58.01	0.28	0.00	Nov24	7.52
Bandhan Small Cap Dir Gr	INF194KB1AL4	Marksans Pharma Ltd	Healthcare	58.01	0.28	0.00	Dec24	3.56
Bandhan Small Cap Dir Gr	INF194KB1AL4	Marksans Pharma Ltd	Healthcare	58.01	0.28	0.00	Jan25	5.32
Bandhan Small Cap Dir Gr	INF194KB1AL4	Marksans Pharma Ltd	Healthcare	58.01	0.28	0.00	Feb25	5.59
Bandhan Small Cap Dir Gr	INF194KB1AL4	Marksans Pharma Ltd	Healthcare	58.01	0.28	0.00	Mar25	15.51
Bandhan Small Cap Dir Gr	INF194KB1AL4	Marksans Pharma Ltd	Healthcare	58.01	0.28	0.00	Mar25	15.51
Bandhan Small Cap Dir Gr	INF194KB1AL4	Marksans Pharma Ltd	Healthcare	58.01	0.28	0.00	Apr25	12.51
Bandhan Small Cap Dir Gr	INF194KB1AL4	Marksans Pharma Ltd	Healthcare	58.01	0.28	0.00	May25	11.15
Bandhan Small Cap Dir Gr	INF194KB1AL4	Marksans Pharma Ltd	Healthcare	58.01	0.28	0.00	June25	10.18
Bandhan Small Cap Dir Gr	INF194KB1AL4	Marksans Pharma Ltd	Healthcare	58.01	0.28	0.00	July25	9.19
Bandhan Small Cap Dir Gr	INF194KB1AL4	Marksans Pharma Ltd	Healthcare	58.01	0.28	0.00	Aug25	8.13
Bandhan Small Cap Dir Gr	INF194KB1AL4	Hindustan Petroleum Corp Ltd	Energy	57.92	0.28	0.00	Oct24	5.55
Bandhan Small Cap Dir Gr	INF194KB1AL4	Hindustan Petroleum Corp Ltd	Energy	57.92	0.28	0.00	Nov24	7.52
Bandhan Small Cap Dir Gr	INF194KB1AL4	Hindustan Petroleum Corp Ltd	Energy	57.92	0.28	0.00	Dec24	3.56
Bandhan Small Cap Dir Gr	INF194KB1AL4	Hindustan Petroleum Corp Ltd	Energy	57.92	0.28	0.00	Jan25	5.32
Bandhan Small Cap Dir Gr	INF194KB1AL4	Hindustan Petroleum Corp Ltd	Energy	57.92	0.28	0.00	Feb25	5.59
Bandhan Small Cap Dir Gr	INF194KB1AL4	Hindustan Petroleum Corp Ltd	Energy	57.92	0.28	0.00	Mar25	15.51
Bandhan Small Cap Dir Gr	INF194KB1AL4	Hindustan Petroleum Corp Ltd	Energy	57.92	0.28	0.00	Mar25	15.51
Bandhan Small Cap Dir Gr	INF194KB1AL4	Hindustan Petroleum Corp Ltd	Energy	57.92	0.28	0.00	Apr25	12.51
Bandhan Small Cap Dir Gr	INF194KB1AL4	Hindustan Petroleum Corp Ltd	Energy	57.92	0.28	0.00	May25	11.15
Bandhan Small Cap Dir Gr	INF194KB1AL4	Hindustan Petroleum Corp Ltd	Energy	57.92	0.28	0.00	June25	10.18
Bandhan Small Cap Dir Gr	INF194KB1AL4	Hindustan Petroleum Corp Ltd	Energy	57.92	0.28	0.00	July25	9.19
Bandhan Small Cap Dir Gr	INF194KB1AL4	Hindustan Petroleum Corp Ltd	Energy	57.92	0.28	0.00	Aug25	8.13
Bandhan Small Cap Dir Gr	INF194KB1AL4	Sansera Engineering Ltd	Consumer Cyclical	57.47	0.28	-27.12	Oct24	5.55
Bandhan Small Cap Dir Gr	INF194KB1AL4	Sansera Engineering Ltd	Consumer Cyclical	57.47	0.28	-27.12	Nov24	7.52
Bandhan Small Cap Dir Gr	INF194KB1AL4	Sansera Engineering Ltd	Consumer Cyclical	57.47	0.28	-27.12	Dec24	3.56
Bandhan Small Cap Dir Gr	INF194KB1AL4	Sansera Engineering Ltd	Consumer Cyclical	57.47	0.28	-27.12	Jan25	5.32
Bandhan Small Cap Dir Gr	INF194KB1AL4	Sansera Engineering Ltd	Consumer Cyclical	57.47	0.28	-27.12	Feb25	5.59
Bandhan Small Cap Dir Gr	INF194KB1AL4	Sansera Engineering Ltd	Consumer Cyclical	57.47	0.28	-27.12	Mar25	15.51
Bandhan Small Cap Dir Gr	INF194KB1AL4	Sansera Engineering Ltd	Consumer Cyclical	57.47	0.28	-27.12	Mar25	15.51
Bandhan Small Cap Dir Gr	INF194KB1AL4	Sansera Engineering Ltd	Consumer Cyclical	57.47	0.28	-27.12	Apr25	12.51
Bandhan Small Cap Dir Gr	INF194KB1AL4	Sansera Engineering Ltd	Consumer Cyclical	57.47	0.28	-27.12	May25	11.15
Bandhan Small Cap Dir Gr	INF194KB1AL4	Sansera Engineering Ltd	Consumer Cyclical	57.47	0.28	-27.12	June25	10.18
Bandhan Small Cap Dir Gr	INF194KB1AL4	Sansera Engineering Ltd	Consumer Cyclical	57.47	0.28	-27.12	July25	9.19
Bandhan Small Cap Dir Gr	INF194KB1AL4	Sansera Engineering Ltd	Consumer Cyclical	57.47	0.28	-27.12	Aug25	8.13
Bandhan Small Cap Dir Gr	INF194KB1AL4	Samvardhana Motherson International Ltd	Consumer Cyclical	57.40	0.28	-0.33	Oct24	5.55
Bandhan Small Cap Dir Gr	INF194KB1AL4	Samvardhana Motherson International Ltd	Consumer Cyclical	57.40	0.28	-0.33	Nov24	7.52
Bandhan Small Cap Dir Gr	INF194KB1AL4	Samvardhana Motherson International Ltd	Consumer Cyclical	57.40	0.28	-0.33	Dec24	3.56
Bandhan Small Cap Dir Gr	INF194KB1AL4	Samvardhana Motherson International Ltd	Consumer Cyclical	57.40	0.28	-0.33	Jan25	5.32
Bandhan Small Cap Dir Gr	INF194KB1AL4	Samvardhana Motherson International Ltd	Consumer Cyclical	57.40	0.28	-0.33	Feb25	5.59
Bandhan Small Cap Dir Gr	INF194KB1AL4	Samvardhana Motherson International Ltd	Consumer Cyclical	57.40	0.28	-0.33	Mar25	15.51
Bandhan Small Cap Dir Gr	INF194KB1AL4	Samvardhana Motherson International Ltd	Consumer Cyclical	57.40	0.28	-0.33	Mar25	15.51
Bandhan Small Cap Dir Gr	INF194KB1AL4	Samvardhana Motherson International Ltd	Consumer Cyclical	57.40	0.28	-0.33	Apr25	12.51
Bandhan Small Cap Dir Gr	INF194KB1AL4	Samvardhana Motherson International Ltd	Consumer Cyclical	57.40	0.28	-0.33	May25	11.15
Bandhan Small Cap Dir Gr	INF194KB1AL4	Samvardhana Motherson International Ltd	Consumer Cyclical	57.40	0.28	-0.33	June25	10.18
Bandhan Small Cap Dir Gr	INF194KB1AL4	Samvardhana Motherson International Ltd	Consumer Cyclical	57.40	0.28	-0.33	July25	9.19
Bandhan Small Cap Dir Gr	INF194KB1AL4	Samvardhana Motherson International Ltd	Consumer Cyclical	57.40	0.28	-0.33	Aug25	8.13
Bandhan Small Cap Dir Gr	INF194KB1AL4	EFC (I) Ltd	Real Estate	56.74	0.28	13.77	Oct24	5.55
Bandhan Small Cap Dir Gr	INF194KB1AL4	EFC (I) Ltd	Real Estate	56.74	0.28	13.77	Nov24	7.52
Bandhan Small Cap Dir Gr	INF194KB1AL4	EFC (I) Ltd	Real Estate	56.74	0.28	13.77	Dec24	3.56
Bandhan Small Cap Dir Gr	INF194KB1AL4	EFC (I) Ltd	Real Estate	56.74	0.28	13.77	Jan25	5.32
Bandhan Small Cap Dir Gr	INF194KB1AL4	EFC (I) Ltd	Real Estate	56.74	0.28	13.77	Feb25	5.59
Bandhan Small Cap Dir Gr	INF194KB1AL4	EFC (I) Ltd	Real Estate	56.74	0.28	13.77	Mar25	15.51
Bandhan Small Cap Dir Gr	INF194KB1AL4	EFC (I) Ltd	Real Estate	56.74	0.28	13.77	Mar25	15.51
Bandhan Small Cap Dir Gr	INF194KB1AL4	EFC (I) Ltd	Real Estate	56.74	0.28	13.77	Apr25	12.51
Bandhan Small Cap Dir Gr	INF194KB1AL4	EFC (I) Ltd	Real Estate	56.74	0.28	13.77	May25	11.15
Bandhan Small Cap Dir Gr	INF194KB1AL4	EFC (I) Ltd	Real Estate	56.74	0.28	13.77	June25	10.18
Bandhan Small Cap Dir Gr	INF194KB1AL4	EFC (I) Ltd	Real Estate	56.74	0.28	13.77	July25	9.19
Bandhan Small Cap Dir Gr	INF194KB1AL4	EFC (I) Ltd	Real Estate	56.74	0.28	13.77	Aug25	8.13
Bandhan Small Cap Dir Gr	INF194KB1AL4	Birla Corp Ltd	Basic Materials	56.71	0.28	0.00	Oct24	5.55
Bandhan Small Cap Dir Gr	INF194KB1AL4	Birla Corp Ltd	Basic Materials	56.71	0.28	0.00	Nov24	7.52
Bandhan Small Cap Dir Gr	INF194KB1AL4	Birla Corp Ltd	Basic Materials	56.71	0.28	0.00	Dec24	3.56
Bandhan Small Cap Dir Gr	INF194KB1AL4	Birla Corp Ltd	Basic Materials	56.71	0.28	0.00	Jan25	5.32
Bandhan Small Cap Dir Gr	INF194KB1AL4	Birla Corp Ltd	Basic Materials	56.71	0.28	0.00	Feb25	5.59
Bandhan Small Cap Dir Gr	INF194KB1AL4	Birla Corp Ltd	Basic Materials	56.71	0.28	0.00	Mar25	15.51
Bandhan Small Cap Dir Gr	INF194KB1AL4	Birla Corp Ltd	Basic Materials	56.71	0.28	0.00	Mar25	15.51
Bandhan Small Cap Dir Gr	INF194KB1AL4	Birla Corp Ltd	Basic Materials	56.71	0.28	0.00	Apr25	12.51
Bandhan Small Cap Dir Gr	INF194KB1AL4	Birla Corp Ltd	Basic Materials	56.71	0.28	0.00	May25	11.15
Bandhan Small Cap Dir Gr	INF194KB1AL4	Birla Corp Ltd	Basic Materials	56.71	0.28	0.00	June25	10.18
Bandhan Small Cap Dir Gr	INF194KB1AL4	Birla Corp Ltd	Basic Materials	56.71	0.28	0.00	July25	9.19
Bandhan Small Cap Dir Gr	INF194KB1AL4	Birla Corp Ltd	Basic Materials	56.71	0.28	0.00	Aug25	8.13
Bandhan Small Cap Dir Gr	INF194KB1AL4	OneSource Specialty Pharma Ltd	Healthcare	55.91	0.27	4.80	Oct24	5.55
Bandhan Small Cap Dir Gr	INF194KB1AL4	OneSource Specialty Pharma Ltd	Healthcare	55.91	0.27	4.80	Nov24	7.52
Bandhan Small Cap Dir Gr	INF194KB1AL4	OneSource Specialty Pharma Ltd	Healthcare	55.91	0.27	4.80	Dec24	3.56
Bandhan Small Cap Dir Gr	INF194KB1AL4	OneSource Specialty Pharma Ltd	Healthcare	55.91	0.27	4.80	Jan25	5.32
Bandhan Small Cap Dir Gr	INF194KB1AL4	OneSource Specialty Pharma Ltd	Healthcare	55.91	0.27	4.80	Feb25	5.59
Bandhan Small Cap Dir Gr	INF194KB1AL4	OneSource Specialty Pharma Ltd	Healthcare	55.91	0.27	4.80	Mar25	15.51
Bandhan Small Cap Dir Gr	INF194KB1AL4	OneSource Specialty Pharma Ltd	Healthcare	55.91	0.27	4.80	Mar25	15.51
Bandhan Small Cap Dir Gr	INF194KB1AL4	OneSource Specialty Pharma Ltd	Healthcare	55.91	0.27	4.80	Apr25	12.51
Bandhan Small Cap Dir Gr	INF194KB1AL4	OneSource Specialty Pharma Ltd	Healthcare	55.91	0.27	4.80	May25	11.15
Bandhan Small Cap Dir Gr	INF194KB1AL4	OneSource Specialty Pharma Ltd	Healthcare	55.91	0.27	4.80	June25	10.18
Bandhan Small Cap Dir Gr	INF194KB1AL4	OneSource Specialty Pharma Ltd	Healthcare	55.91	0.27	4.80	July25	9.19
Bandhan Small Cap Dir Gr	INF194KB1AL4	OneSource Specialty Pharma Ltd	Healthcare	55.91	0.27	4.80	Aug25	8.13
Bandhan Small Cap Dir Gr	INF194KB1AL4	Max Estates Ltd	Real Estate	55.87	0.27	2.21	Oct24	5.55
Bandhan Small Cap Dir Gr	INF194KB1AL4	Max Estates Ltd	Real Estate	55.87	0.27	2.21	Nov24	7.52
Bandhan Small Cap Dir Gr	INF194KB1AL4	Max Estates Ltd	Real Estate	55.87	0.27	2.21	Dec24	3.56
Bandhan Small Cap Dir Gr	INF194KB1AL4	Max Estates Ltd	Real Estate	55.87	0.27	2.21	Jan25	5.32
Bandhan Small Cap Dir Gr	INF194KB1AL4	Max Estates Ltd	Real Estate	55.87	0.27	2.21	Feb25	5.59
Bandhan Small Cap Dir Gr	INF194KB1AL4	Max Estates Ltd	Real Estate	55.87	0.27	2.21	Mar25	15.51
Bandhan Small Cap Dir Gr	INF194KB1AL4	Max Estates Ltd	Real Estate	55.87	0.27	2.21	Mar25	15.51
Bandhan Small Cap Dir Gr	INF194KB1AL4	Max Estates Ltd	Real Estate	55.87	0.27	2.21	Apr25	12.51
Bandhan Small Cap Dir Gr	INF194KB1AL4	Max Estates Ltd	Real Estate	55.87	0.27	2.21	May25	11.15
Bandhan Small Cap Dir Gr	INF194KB1AL4	Max Estates Ltd	Real Estate	55.87	0.27	2.21	June25	10.18
Bandhan Small Cap Dir Gr	INF194KB1AL4	Max Estates Ltd	Real Estate	55.87	0.27	2.21	July25	9.19
Bandhan Small Cap Dir Gr	INF194KB1AL4	Max Estates Ltd	Real Estate	55.87	0.27	2.21	Aug25	8.13
Bandhan Small Cap Dir Gr	INF194KB1AL4	Kirloskar Ferrous Industries Ltd	Industrials	55.24	0.27	0.00	Oct24	5.55
Bandhan Small Cap Dir Gr	INF194KB1AL4	Kirloskar Ferrous Industries Ltd	Industrials	55.24	0.27	0.00	Nov24	7.52
Bandhan Small Cap Dir Gr	INF194KB1AL4	Kirloskar Ferrous Industries Ltd	Industrials	55.24	0.27	0.00	Dec24	3.56
Bandhan Small Cap Dir Gr	INF194KB1AL4	Kirloskar Ferrous Industries Ltd	Industrials	55.24	0.27	0.00	Jan25	5.32
Bandhan Small Cap Dir Gr	INF194KB1AL4	Kirloskar Ferrous Industries Ltd	Industrials	55.24	0.27	0.00	Feb25	5.59
Bandhan Small Cap Dir Gr	INF194KB1AL4	Kirloskar Ferrous Industries Ltd	Industrials	55.24	0.27	0.00	Mar25	15.51
Bandhan Small Cap Dir Gr	INF194KB1AL4	Kirloskar Ferrous Industries Ltd	Industrials	55.24	0.27	0.00	Mar25	15.51
Bandhan Small Cap Dir Gr	INF194KB1AL4	Kirloskar Ferrous Industries Ltd	Industrials	55.24	0.27	0.00	Apr25	12.51
Bandhan Small Cap Dir Gr	INF194KB1AL4	Kirloskar Ferrous Industries Ltd	Industrials	55.24	0.27	0.00	May25	11.15
Bandhan Small Cap Dir Gr	INF194KB1AL4	Kirloskar Ferrous Industries Ltd	Industrials	55.24	0.27	0.00	June25	10.18
Bandhan Small Cap Dir Gr	INF194KB1AL4	Kirloskar Ferrous Industries Ltd	Industrials	55.24	0.27	0.00	July25	9.19
Bandhan Small Cap Dir Gr	INF194KB1AL4	Kirloskar Ferrous Industries Ltd	Industrials	55.24	0.27	0.00	Aug25	8.13
Bandhan Small Cap Dir Gr	INF194KB1AL4	Stove Kraft Ltd Ordinary Shares	Consumer Cyclical	54.18	0.26	0.17	Oct24	5.55
Bandhan Small Cap Dir Gr	INF194KB1AL4	Stove Kraft Ltd Ordinary Shares	Consumer Cyclical	54.18	0.26	0.17	Nov24	7.52
Bandhan Small Cap Dir Gr	INF194KB1AL4	Stove Kraft Ltd Ordinary Shares	Consumer Cyclical	54.18	0.26	0.17	Dec24	3.56
Bandhan Small Cap Dir Gr	INF194KB1AL4	Stove Kraft Ltd Ordinary Shares	Consumer Cyclical	54.18	0.26	0.17	Jan25	5.32
Bandhan Small Cap Dir Gr	INF194KB1AL4	Stove Kraft Ltd Ordinary Shares	Consumer Cyclical	54.18	0.26	0.17	Feb25	5.59
Bandhan Small Cap Dir Gr	INF194KB1AL4	Stove Kraft Ltd Ordinary Shares	Consumer Cyclical	54.18	0.26	0.17	Mar25	15.51
Bandhan Small Cap Dir Gr	INF194KB1AL4	Stove Kraft Ltd Ordinary Shares	Consumer Cyclical	54.18	0.26	0.17	Mar25	15.51
Bandhan Small Cap Dir Gr	INF194KB1AL4	Stove Kraft Ltd Ordinary Shares	Consumer Cyclical	54.18	0.26	0.17	Apr25	12.51
Bandhan Small Cap Dir Gr	INF194KB1AL4	Stove Kraft Ltd Ordinary Shares	Consumer Cyclical	54.18	0.26	0.17	May25	11.15
Bandhan Small Cap Dir Gr	INF194KB1AL4	Stove Kraft Ltd Ordinary Shares	Consumer Cyclical	54.18	0.26	0.17	June25	10.18
Bandhan Small Cap Dir Gr	INF194KB1AL4	Stove Kraft Ltd Ordinary Shares	Consumer Cyclical	54.18	0.26	0.17	July25	9.19
Bandhan Small Cap Dir Gr	INF194KB1AL4	Stove Kraft Ltd Ordinary Shares	Consumer Cyclical	54.18	0.26	0.17	Aug25	8.13
Bandhan Small Cap Dir Gr	INF194KB1AL4	Eternal Ltd	Consumer Cyclical	53.95	0.26	0.00	Oct24	5.55
Bandhan Small Cap Dir Gr	INF194KB1AL4	Eternal Ltd	Consumer Cyclical	53.95	0.26	0.00	Nov24	7.52
Bandhan Small Cap Dir Gr	INF194KB1AL4	Eternal Ltd	Consumer Cyclical	53.95	0.26	0.00	Dec24	3.56
Bandhan Small Cap Dir Gr	INF194KB1AL4	Eternal Ltd	Consumer Cyclical	53.95	0.26	0.00	Jan25	5.32
Bandhan Small Cap Dir Gr	INF194KB1AL4	Eternal Ltd	Consumer Cyclical	53.95	0.26	0.00	Feb25	5.59
Bandhan Small Cap Dir Gr	INF194KB1AL4	Eternal Ltd	Consumer Cyclical	53.95	0.26	0.00	Mar25	15.51
Bandhan Small Cap Dir Gr	INF194KB1AL4	Eternal Ltd	Consumer Cyclical	53.95	0.26	0.00	Mar25	15.51
Bandhan Small Cap Dir Gr	INF194KB1AL4	Eternal Ltd	Consumer Cyclical	53.95	0.26	0.00	Apr25	12.51
Bandhan Small Cap Dir Gr	INF194KB1AL4	Eternal Ltd	Consumer Cyclical	53.95	0.26	0.00	May25	11.15
Bandhan Small Cap Dir Gr	INF194KB1AL4	Eternal Ltd	Consumer Cyclical	53.95	0.26	0.00	June25	10.18
Bandhan Small Cap Dir Gr	INF194KB1AL4	Eternal Ltd	Consumer Cyclical	53.95	0.26	0.00	July25	9.19
Bandhan Small Cap Dir Gr	INF194KB1AL4	Eternal Ltd	Consumer Cyclical	53.95	0.26	0.00	Aug25	8.13
Bandhan Small Cap Dir Gr	INF194KB1AL4	KEC International Ltd	Industrials	53.77	0.26	0.00	Oct24	5.55
Bandhan Small Cap Dir Gr	INF194KB1AL4	KEC International Ltd	Industrials	53.77	0.26	0.00	Nov24	7.52
Bandhan Small Cap Dir Gr	INF194KB1AL4	KEC International Ltd	Industrials	53.77	0.26	0.00	Dec24	3.56
Bandhan Small Cap Dir Gr	INF194KB1AL4	KEC International Ltd	Industrials	53.77	0.26	0.00	Jan25	5.32
Bandhan Small Cap Dir Gr	INF194KB1AL4	KEC International Ltd	Industrials	53.77	0.26	0.00	Feb25	5.59
Bandhan Small Cap Dir Gr	INF194KB1AL4	KEC International Ltd	Industrials	53.77	0.26	0.00	Mar25	15.51
Bandhan Small Cap Dir Gr	INF194KB1AL4	KEC International Ltd	Industrials	53.77	0.26	0.00	Mar25	15.51
Bandhan Small Cap Dir Gr	INF194KB1AL4	KEC International Ltd	Industrials	53.77	0.26	0.00	Apr25	12.51
Bandhan Small Cap Dir Gr	INF194KB1AL4	KEC International Ltd	Industrials	53.77	0.26	0.00	May25	11.15
Bandhan Small Cap Dir Gr	INF194KB1AL4	KEC International Ltd	Industrials	53.77	0.26	0.00	June25	10.18
Bandhan Small Cap Dir Gr	INF194KB1AL4	KEC International Ltd	Industrials	53.77	0.26	0.00	July25	9.19
Bandhan Small Cap Dir Gr	INF194KB1AL4	KEC International Ltd	Industrials	53.77	0.26	0.00	Aug25	8.13
Bandhan Small Cap Dir Gr	INF194KB1AL4	KFin Technologies Ltd	Technology	53.53	0.26	0.00	Oct24	5.55
Bandhan Small Cap Dir Gr	INF194KB1AL4	KFin Technologies Ltd	Technology	53.53	0.26	0.00	Nov24	7.52
Bandhan Small Cap Dir Gr	INF194KB1AL4	KFin Technologies Ltd	Technology	53.53	0.26	0.00	Dec24	3.56
Bandhan Small Cap Dir Gr	INF194KB1AL4	KFin Technologies Ltd	Technology	53.53	0.26	0.00	Jan25	5.32
Bandhan Small Cap Dir Gr	INF194KB1AL4	KFin Technologies Ltd	Technology	53.53	0.26	0.00	Feb25	5.59
Bandhan Small Cap Dir Gr	INF194KB1AL4	KFin Technologies Ltd	Technology	53.53	0.26	0.00	Mar25	15.51
Bandhan Small Cap Dir Gr	INF194KB1AL4	KFin Technologies Ltd	Technology	53.53	0.26	0.00	Mar25	15.51
Bandhan Small Cap Dir Gr	INF194KB1AL4	KFin Technologies Ltd	Technology	53.53	0.26	0.00	Apr25	12.51
Bandhan Small Cap Dir Gr	INF194KB1AL4	KFin Technologies Ltd	Technology	53.53	0.26	0.00	May25	11.15
Bandhan Small Cap Dir Gr	INF194KB1AL4	KFin Technologies Ltd	Technology	53.53	0.26	0.00	June25	10.18
Bandhan Small Cap Dir Gr	INF194KB1AL4	KFin Technologies Ltd	Technology	53.53	0.26	0.00	July25	9.19
Bandhan Small Cap Dir Gr	INF194KB1AL4	KFin Technologies Ltd	Technology	53.53	0.26	0.00	Aug25	8.13
Bandhan Small Cap Dir Gr	INF194KB1AL4	National Aluminium Co Ltd	Basic Materials	53.19	0.26	400.00	Oct24	5.55
Bandhan Small Cap Dir Gr	INF194KB1AL4	National Aluminium Co Ltd	Basic Materials	53.19	0.26	400.00	Nov24	7.52
Bandhan Small Cap Dir Gr	INF194KB1AL4	National Aluminium Co Ltd	Basic Materials	53.19	0.26	400.00	Dec24	3.56
Bandhan Small Cap Dir Gr	INF194KB1AL4	National Aluminium Co Ltd	Basic Materials	53.19	0.26	400.00	Jan25	5.32
Bandhan Small Cap Dir Gr	INF194KB1AL4	National Aluminium Co Ltd	Basic Materials	53.19	0.26	400.00	Feb25	5.59
Bandhan Small Cap Dir Gr	INF194KB1AL4	National Aluminium Co Ltd	Basic Materials	53.19	0.26	400.00	Mar25	15.51
Bandhan Small Cap Dir Gr	INF194KB1AL4	National Aluminium Co Ltd	Basic Materials	53.19	0.26	400.00	Mar25	15.51
Bandhan Small Cap Dir Gr	INF194KB1AL4	National Aluminium Co Ltd	Basic Materials	53.19	0.26	400.00	Apr25	12.51
Bandhan Small Cap Dir Gr	INF194KB1AL4	National Aluminium Co Ltd	Basic Materials	53.19	0.26	400.00	May25	11.15
Bandhan Small Cap Dir Gr	INF194KB1AL4	National Aluminium Co Ltd	Basic Materials	53.19	0.26	400.00	June25	10.18
Bandhan Small Cap Dir Gr	INF194KB1AL4	National Aluminium Co Ltd	Basic Materials	53.19	0.26	400.00	July25	9.19
Bandhan Small Cap Dir Gr	INF194KB1AL4	National Aluminium Co Ltd	Basic Materials	53.19	0.26	400.00	Aug25	8.13
Bandhan Small Cap Dir Gr	INF194KB1AL4	Electronics Mart India Ltd	Consumer Cyclical	52.69	0.26	4.17	Oct24	5.55
Bandhan Small Cap Dir Gr	INF194KB1AL4	Electronics Mart India Ltd	Consumer Cyclical	52.69	0.26	4.17	Nov24	7.52
Bandhan Small Cap Dir Gr	INF194KB1AL4	Electronics Mart India Ltd	Consumer Cyclical	52.69	0.26	4.17	Dec24	3.56
Bandhan Small Cap Dir Gr	INF194KB1AL4	Electronics Mart India Ltd	Consumer Cyclical	52.69	0.26	4.17	Jan25	5.32
Bandhan Small Cap Dir Gr	INF194KB1AL4	Electronics Mart India Ltd	Consumer Cyclical	52.69	0.26	4.17	Feb25	5.59
Bandhan Small Cap Dir Gr	INF194KB1AL4	Electronics Mart India Ltd	Consumer Cyclical	52.69	0.26	4.17	Mar25	15.51
Bandhan Small Cap Dir Gr	INF194KB1AL4	Electronics Mart India Ltd	Consumer Cyclical	52.69	0.26	4.17	Mar25	15.51
Bandhan Small Cap Dir Gr	INF194KB1AL4	Electronics Mart India Ltd	Consumer Cyclical	52.69	0.26	4.17	Apr25	12.51
Bandhan Small Cap Dir Gr	INF194KB1AL4	Electronics Mart India Ltd	Consumer Cyclical	52.69	0.26	4.17	May25	11.15
Bandhan Small Cap Dir Gr	INF194KB1AL4	Electronics Mart India Ltd	Consumer Cyclical	52.69	0.26	4.17	June25	10.18
Bandhan Small Cap Dir Gr	INF194KB1AL4	Electronics Mart India Ltd	Consumer Cyclical	52.69	0.26	4.17	July25	9.19
Bandhan Small Cap Dir Gr	INF194KB1AL4	Electronics Mart India Ltd	Consumer Cyclical	52.69	0.26	4.17	Aug25	8.13
Bandhan Small Cap Dir Gr	INF194KB1AL4	Usha Martin Ltd	Basic Materials	51.49	0.25	0.00	Oct24	5.55
Bandhan Small Cap Dir Gr	INF194KB1AL4	Usha Martin Ltd	Basic Materials	51.49	0.25	0.00	Nov24	7.52
Bandhan Small Cap Dir Gr	INF194KB1AL4	Usha Martin Ltd	Basic Materials	51.49	0.25	0.00	Dec24	3.56
Bandhan Small Cap Dir Gr	INF194KB1AL4	Usha Martin Ltd	Basic Materials	51.49	0.25	0.00	Jan25	5.32
Bandhan Small Cap Dir Gr	INF194KB1AL4	Usha Martin Ltd	Basic Materials	51.49	0.25	0.00	Feb25	5.59
Bandhan Small Cap Dir Gr	INF194KB1AL4	Usha Martin Ltd	Basic Materials	51.49	0.25	0.00	Mar25	15.51
Bandhan Small Cap Dir Gr	INF194KB1AL4	Usha Martin Ltd	Basic Materials	51.49	0.25	0.00	Mar25	15.51
Bandhan Small Cap Dir Gr	INF194KB1AL4	Usha Martin Ltd	Basic Materials	51.49	0.25	0.00	Apr25	12.51
Bandhan Small Cap Dir Gr	INF194KB1AL4	Usha Martin Ltd	Basic Materials	51.49	0.25	0.00	May25	11.15
Bandhan Small Cap Dir Gr	INF194KB1AL4	Usha Martin Ltd	Basic Materials	51.49	0.25	0.00	June25	10.18
Bandhan Small Cap Dir Gr	INF194KB1AL4	Usha Martin Ltd	Basic Materials	51.49	0.25	0.00	July25	9.19
Bandhan Small Cap Dir Gr	INF194KB1AL4	Usha Martin Ltd	Basic Materials	51.49	0.25	0.00	Aug25	8.13
Bandhan Small Cap Dir Gr	INF194KB1AL4	Pondy Oxides And Chemicals Ltd	Basic Materials	50.94	0.25	26.37	Oct24	5.55
Bandhan Small Cap Dir Gr	INF194KB1AL4	Pondy Oxides And Chemicals Ltd	Basic Materials	50.94	0.25	26.37	Nov24	7.52
Bandhan Small Cap Dir Gr	INF194KB1AL4	Pondy Oxides And Chemicals Ltd	Basic Materials	50.94	0.25	26.37	Dec24	3.56
Bandhan Small Cap Dir Gr	INF194KB1AL4	Pondy Oxides And Chemicals Ltd	Basic Materials	50.94	0.25	26.37	Jan25	5.32
Bandhan Small Cap Dir Gr	INF194KB1AL4	Pondy Oxides And Chemicals Ltd	Basic Materials	50.94	0.25	26.37	Feb25	5.59
Bandhan Small Cap Dir Gr	INF194KB1AL4	Pondy Oxides And Chemicals Ltd	Basic Materials	50.94	0.25	26.37	Mar25	15.51
Bandhan Small Cap Dir Gr	INF194KB1AL4	Pondy Oxides And Chemicals Ltd	Basic Materials	50.94	0.25	26.37	Mar25	15.51
Bandhan Small Cap Dir Gr	INF194KB1AL4	Pondy Oxides And Chemicals Ltd	Basic Materials	50.94	0.25	26.37	Apr25	12.51
Bandhan Small Cap Dir Gr	INF194KB1AL4	Pondy Oxides And Chemicals Ltd	Basic Materials	50.94	0.25	26.37	May25	11.15
Bandhan Small Cap Dir Gr	INF194KB1AL4	Pondy Oxides And Chemicals Ltd	Basic Materials	50.94	0.25	26.37	June25	10.18
Bandhan Small Cap Dir Gr	INF194KB1AL4	Pondy Oxides And Chemicals Ltd	Basic Materials	50.94	0.25	26.37	July25	9.19
Bandhan Small Cap Dir Gr	INF194KB1AL4	Pondy Oxides And Chemicals Ltd	Basic Materials	50.94	0.25	26.37	Aug25	8.13
Bandhan Small Cap Dir Gr	INF194KB1AL4	Star Health and Allied Insurance Co Ltd	Financial Services	50.84	0.25	0.00	Oct24	5.55
Bandhan Small Cap Dir Gr	INF194KB1AL4	Star Health and Allied Insurance Co Ltd	Financial Services	50.84	0.25	0.00	Nov24	7.52
Bandhan Small Cap Dir Gr	INF194KB1AL4	Star Health and Allied Insurance Co Ltd	Financial Services	50.84	0.25	0.00	Dec24	3.56
Bandhan Small Cap Dir Gr	INF194KB1AL4	Star Health and Allied Insurance Co Ltd	Financial Services	50.84	0.25	0.00	Jan25	5.32
Bandhan Small Cap Dir Gr	INF194KB1AL4	Star Health and Allied Insurance Co Ltd	Financial Services	50.84	0.25	0.00	Feb25	5.59
Bandhan Small Cap Dir Gr	INF194KB1AL4	Star Health and Allied Insurance Co Ltd	Financial Services	50.84	0.25	0.00	Mar25	15.51
Bandhan Small Cap Dir Gr	INF194KB1AL4	Star Health and Allied Insurance Co Ltd	Financial Services	50.84	0.25	0.00	Mar25	15.51
Bandhan Small Cap Dir Gr	INF194KB1AL4	Star Health and Allied Insurance Co Ltd	Financial Services	50.84	0.25	0.00	Apr25	12.51
Bandhan Small Cap Dir Gr	INF194KB1AL4	Star Health and Allied Insurance Co Ltd	Financial Services	50.84	0.25	0.00	May25	11.15
Bandhan Small Cap Dir Gr	INF194KB1AL4	Star Health and Allied Insurance Co Ltd	Financial Services	50.84	0.25	0.00	June25	10.18
Bandhan Small Cap Dir Gr	INF194KB1AL4	Star Health and Allied Insurance Co Ltd	Financial Services	50.84	0.25	0.00	July25	9.19
Bandhan Small Cap Dir Gr	INF194KB1AL4	Star Health and Allied Insurance Co Ltd	Financial Services	50.84	0.25	0.00	Aug25	8.13
Bandhan Small Cap Dir Gr	INF194KB1AL4	ACME Solar Holdings Ltd	Utilities	49.73	0.24	30.09	Oct24	5.55
Bandhan Small Cap Dir Gr	INF194KB1AL4	ACME Solar Holdings Ltd	Utilities	49.73	0.24	30.09	Nov24	7.52
Bandhan Small Cap Dir Gr	INF194KB1AL4	ACME Solar Holdings Ltd	Utilities	49.73	0.24	30.09	Dec24	3.56
Bandhan Small Cap Dir Gr	INF194KB1AL4	ACME Solar Holdings Ltd	Utilities	49.73	0.24	30.09	Jan25	5.32
Bandhan Small Cap Dir Gr	INF194KB1AL4	ACME Solar Holdings Ltd	Utilities	49.73	0.24	30.09	Feb25	5.59
Bandhan Small Cap Dir Gr	INF194KB1AL4	ACME Solar Holdings Ltd	Utilities	49.73	0.24	30.09	Mar25	15.51
Bandhan Small Cap Dir Gr	INF194KB1AL4	ACME Solar Holdings Ltd	Utilities	49.73	0.24	30.09	Mar25	15.51
Bandhan Small Cap Dir Gr	INF194KB1AL4	ACME Solar Holdings Ltd	Utilities	49.73	0.24	30.09	Apr25	12.51
Bandhan Small Cap Dir Gr	INF194KB1AL4	ACME Solar Holdings Ltd	Utilities	49.73	0.24	30.09	May25	11.15
Bandhan Small Cap Dir Gr	INF194KB1AL4	ACME Solar Holdings Ltd	Utilities	49.73	0.24	30.09	June25	10.18
Bandhan Small Cap Dir Gr	INF194KB1AL4	ACME Solar Holdings Ltd	Utilities	49.73	0.24	30.09	July25	9.19
Bandhan Small Cap Dir Gr	INF194KB1AL4	ACME Solar Holdings Ltd	Utilities	49.73	0.24	30.09	Aug25	8.13
Bandhan Small Cap Dir Gr	INF194KB1AL4	Updater Services Ltd	Industrials	49.33	0.24	5.90	Oct24	5.55
Bandhan Small Cap Dir Gr	INF194KB1AL4	Updater Services Ltd	Industrials	49.33	0.24	5.90	Nov24	7.52
Bandhan Small Cap Dir Gr	INF194KB1AL4	Updater Services Ltd	Industrials	49.33	0.24	5.90	Dec24	3.56
Bandhan Small Cap Dir Gr	INF194KB1AL4	Updater Services Ltd	Industrials	49.33	0.24	5.90	Jan25	5.32
Bandhan Small Cap Dir Gr	INF194KB1AL4	Updater Services Ltd	Industrials	49.33	0.24	5.90	Feb25	5.59
Bandhan Small Cap Dir Gr	INF194KB1AL4	Updater Services Ltd	Industrials	49.33	0.24	5.90	Mar25	15.51
Bandhan Small Cap Dir Gr	INF194KB1AL4	Updater Services Ltd	Industrials	49.33	0.24	5.90	Mar25	15.51
Bandhan Small Cap Dir Gr	INF194KB1AL4	Updater Services Ltd	Industrials	49.33	0.24	5.90	Apr25	12.51
Bandhan Small Cap Dir Gr	INF194KB1AL4	Updater Services Ltd	Industrials	49.33	0.24	5.90	May25	11.15
Bandhan Small Cap Dir Gr	INF194KB1AL4	Updater Services Ltd	Industrials	49.33	0.24	5.90	June25	10.18
Bandhan Small Cap Dir Gr	INF194KB1AL4	Updater Services Ltd	Industrials	49.33	0.24	5.90	July25	9.19
Bandhan Small Cap Dir Gr	INF194KB1AL4	Updater Services Ltd	Industrials	49.33	0.24	5.90	Aug25	8.13
Bandhan Small Cap Dir Gr	INF194KB1AL4	Computer Age Management Services Ltd Ordinary Shares	Technology	48.43	0.24	0.00	Oct24	5.55
Bandhan Small Cap Dir Gr	INF194KB1AL4	Computer Age Management Services Ltd Ordinary Shares	Technology	48.43	0.24	0.00	Nov24	7.52
Bandhan Small Cap Dir Gr	INF194KB1AL4	Computer Age Management Services Ltd Ordinary Shares	Technology	48.43	0.24	0.00	Dec24	3.56
Bandhan Small Cap Dir Gr	INF194KB1AL4	Computer Age Management Services Ltd Ordinary Shares	Technology	48.43	0.24	0.00	Jan25	5.32
Bandhan Small Cap Dir Gr	INF194KB1AL4	Computer Age Management Services Ltd Ordinary Shares	Technology	48.43	0.24	0.00	Feb25	5.59
Bandhan Small Cap Dir Gr	INF194KB1AL4	Computer Age Management Services Ltd Ordinary Shares	Technology	48.43	0.24	0.00	Mar25	15.51
Bandhan Small Cap Dir Gr	INF194KB1AL4	Computer Age Management Services Ltd Ordinary Shares	Technology	48.43	0.24	0.00	Mar25	15.51
Bandhan Small Cap Dir Gr	INF194KB1AL4	Computer Age Management Services Ltd Ordinary Shares	Technology	48.43	0.24	0.00	Apr25	12.51
Bandhan Small Cap Dir Gr	INF194KB1AL4	Computer Age Management Services Ltd Ordinary Shares	Technology	48.43	0.24	0.00	May25	11.15
Bandhan Small Cap Dir Gr	INF194KB1AL4	Computer Age Management Services Ltd Ordinary Shares	Technology	48.43	0.24	0.00	June25	10.18
Bandhan Small Cap Dir Gr	INF194KB1AL4	Computer Age Management Services Ltd Ordinary Shares	Technology	48.43	0.24	0.00	July25	9.19
Bandhan Small Cap Dir Gr	INF194KB1AL4	Computer Age Management Services Ltd Ordinary Shares	Technology	48.43	0.24	0.00	Aug25	8.13
Bandhan Small Cap Dir Gr	INF194KB1AL4	Vidya Wires Ltd	Industrials	48.32	0.24	6.73	Oct24	5.55
Bandhan Small Cap Dir Gr	INF194KB1AL4	Vidya Wires Ltd	Industrials	48.32	0.24	6.73	Nov24	7.52
Bandhan Small Cap Dir Gr	INF194KB1AL4	Vidya Wires Ltd	Industrials	48.32	0.24	6.73	Dec24	3.56
Bandhan Small Cap Dir Gr	INF194KB1AL4	Vidya Wires Ltd	Industrials	48.32	0.24	6.73	Jan25	5.32
Bandhan Small Cap Dir Gr	INF194KB1AL4	Vidya Wires Ltd	Industrials	48.32	0.24	6.73	Feb25	5.59
Bandhan Small Cap Dir Gr	INF194KB1AL4	Vidya Wires Ltd	Industrials	48.32	0.24	6.73	Mar25	15.51
Bandhan Small Cap Dir Gr	INF194KB1AL4	Vidya Wires Ltd	Industrials	48.32	0.24	6.73	Mar25	15.51
Bandhan Small Cap Dir Gr	INF194KB1AL4	Vidya Wires Ltd	Industrials	48.32	0.24	6.73	Apr25	12.51
Bandhan Small Cap Dir Gr	INF194KB1AL4	Vidya Wires Ltd	Industrials	48.32	0.24	6.73	May25	11.15
Bandhan Small Cap Dir Gr	INF194KB1AL4	Vidya Wires Ltd	Industrials	48.32	0.24	6.73	June25	10.18
Bandhan Small Cap Dir Gr	INF194KB1AL4	Vidya Wires Ltd	Industrials	48.32	0.24	6.73	July25	9.19
Bandhan Small Cap Dir Gr	INF194KB1AL4	Vidya Wires Ltd	Industrials	48.32	0.24	6.73	Aug25	8.13
Bandhan Small Cap Dir Gr	INF194KB1AL4	Apeejay Surrendra Park Hotels Ltd	Consumer Cyclical	48.18	0.24	4.34	Oct24	5.55
Bandhan Small Cap Dir Gr	INF194KB1AL4	Apeejay Surrendra Park Hotels Ltd	Consumer Cyclical	48.18	0.24	4.34	Nov24	7.52
Bandhan Small Cap Dir Gr	INF194KB1AL4	Apeejay Surrendra Park Hotels Ltd	Consumer Cyclical	48.18	0.24	4.34	Dec24	3.56
Bandhan Small Cap Dir Gr	INF194KB1AL4	Apeejay Surrendra Park Hotels Ltd	Consumer Cyclical	48.18	0.24	4.34	Jan25	5.32
Bandhan Small Cap Dir Gr	INF194KB1AL4	Apeejay Surrendra Park Hotels Ltd	Consumer Cyclical	48.18	0.24	4.34	Feb25	5.59
Bandhan Small Cap Dir Gr	INF194KB1AL4	Apeejay Surrendra Park Hotels Ltd	Consumer Cyclical	48.18	0.24	4.34	Mar25	15.51
Bandhan Small Cap Dir Gr	INF194KB1AL4	Apeejay Surrendra Park Hotels Ltd	Consumer Cyclical	48.18	0.24	4.34	Mar25	15.51
Bandhan Small Cap Dir Gr	INF194KB1AL4	Apeejay Surrendra Park Hotels Ltd	Consumer Cyclical	48.18	0.24	4.34	Apr25	12.51
Bandhan Small Cap Dir Gr	INF194KB1AL4	Apeejay Surrendra Park Hotels Ltd	Consumer Cyclical	48.18	0.24	4.34	May25	11.15
Bandhan Small Cap Dir Gr	INF194KB1AL4	Apeejay Surrendra Park Hotels Ltd	Consumer Cyclical	48.18	0.24	4.34	June25	10.18
Bandhan Small Cap Dir Gr	INF194KB1AL4	Apeejay Surrendra Park Hotels Ltd	Consumer Cyclical	48.18	0.24	4.34	July25	9.19
Bandhan Small Cap Dir Gr	INF194KB1AL4	Apeejay Surrendra Park Hotels Ltd	Consumer Cyclical	48.18	0.24	4.34	Aug25	8.13
Bandhan Small Cap Dir Gr	INF194KB1AL4	Vishnu Chemicals Ltd	Basic Materials	48.01	0.23	0.00	Oct24	5.55
Bandhan Small Cap Dir Gr	INF194KB1AL4	Vishnu Chemicals Ltd	Basic Materials	48.01	0.23	0.00	Nov24	7.52
Bandhan Small Cap Dir Gr	INF194KB1AL4	Vishnu Chemicals Ltd	Basic Materials	48.01	0.23	0.00	Dec24	3.56
Bandhan Small Cap Dir Gr	INF194KB1AL4	Vishnu Chemicals Ltd	Basic Materials	48.01	0.23	0.00	Jan25	5.32
Bandhan Small Cap Dir Gr	INF194KB1AL4	Vishnu Chemicals Ltd	Basic Materials	48.01	0.23	0.00	Feb25	5.59
Bandhan Small Cap Dir Gr	INF194KB1AL4	Vishnu Chemicals Ltd	Basic Materials	48.01	0.23	0.00	Mar25	15.51
Bandhan Small Cap Dir Gr	INF194KB1AL4	Vishnu Chemicals Ltd	Basic Materials	48.01	0.23	0.00	Mar25	15.51
Bandhan Small Cap Dir Gr	INF194KB1AL4	Vishnu Chemicals Ltd	Basic Materials	48.01	0.23	0.00	Apr25	12.51
Bandhan Small Cap Dir Gr	INF194KB1AL4	Vishnu Chemicals Ltd	Basic Materials	48.01	0.23	0.00	May25	11.15
Bandhan Small Cap Dir Gr	INF194KB1AL4	Vishnu Chemicals Ltd	Basic Materials	48.01	0.23	0.00	June25	10.18
Bandhan Small Cap Dir Gr	INF194KB1AL4	Vishnu Chemicals Ltd	Basic Materials	48.01	0.23	0.00	July25	9.19
Bandhan Small Cap Dir Gr	INF194KB1AL4	Vishnu Chemicals Ltd	Basic Materials	48.01	0.23	0.00	Aug25	8.13
Bandhan Small Cap Dir Gr	INF194KB1AL4	INOX Green Energy Services Ltd	Utilities	47.55	0.23	0.00	Oct24	5.55
Bandhan Small Cap Dir Gr	INF194KB1AL4	INOX Green Energy Services Ltd	Utilities	47.55	0.23	0.00	Nov24	7.52
Bandhan Small Cap Dir Gr	INF194KB1AL4	INOX Green Energy Services Ltd	Utilities	47.55	0.23	0.00	Dec24	3.56
Bandhan Small Cap Dir Gr	INF194KB1AL4	INOX Green Energy Services Ltd	Utilities	47.55	0.23	0.00	Jan25	5.32
Bandhan Small Cap Dir Gr	INF194KB1AL4	INOX Green Energy Services Ltd	Utilities	47.55	0.23	0.00	Feb25	5.59
Bandhan Small Cap Dir Gr	INF194KB1AL4	INOX Green Energy Services Ltd	Utilities	47.55	0.23	0.00	Mar25	15.51
Bandhan Small Cap Dir Gr	INF194KB1AL4	INOX Green Energy Services Ltd	Utilities	47.55	0.23	0.00	Mar25	15.51
Bandhan Small Cap Dir Gr	INF194KB1AL4	INOX Green Energy Services Ltd	Utilities	47.55	0.23	0.00	Apr25	12.51
Bandhan Small Cap Dir Gr	INF194KB1AL4	INOX Green Energy Services Ltd	Utilities	47.55	0.23	0.00	May25	11.15
Bandhan Small Cap Dir Gr	INF194KB1AL4	INOX Green Energy Services Ltd	Utilities	47.55	0.23	0.00	June25	10.18
Bandhan Small Cap Dir Gr	INF194KB1AL4	INOX Green Energy Services Ltd	Utilities	47.55	0.23	0.00	July25	9.19
Bandhan Small Cap Dir Gr	INF194KB1AL4	INOX Green Energy Services Ltd	Utilities	47.55	0.23	0.00	Aug25	8.13
Bandhan Small Cap Dir Gr	INF194KB1AL4	NLC India Ltd	Utilities	47.37	0.23	0.00	Oct24	5.55
Bandhan Small Cap Dir Gr	INF194KB1AL4	NLC India Ltd	Utilities	47.37	0.23	0.00	Nov24	7.52
Bandhan Small Cap Dir Gr	INF194KB1AL4	NLC India Ltd	Utilities	47.37	0.23	0.00	Dec24	3.56
Bandhan Small Cap Dir Gr	INF194KB1AL4	NLC India Ltd	Utilities	47.37	0.23	0.00	Jan25	5.32
Bandhan Small Cap Dir Gr	INF194KB1AL4	NLC India Ltd	Utilities	47.37	0.23	0.00	Feb25	5.59
Bandhan Small Cap Dir Gr	INF194KB1AL4	NLC India Ltd	Utilities	47.37	0.23	0.00	Mar25	15.51
Bandhan Small Cap Dir Gr	INF194KB1AL4	NLC India Ltd	Utilities	47.37	0.23	0.00	Mar25	15.51
Bandhan Small Cap Dir Gr	INF194KB1AL4	NLC India Ltd	Utilities	47.37	0.23	0.00	Apr25	12.51
Bandhan Small Cap Dir Gr	INF194KB1AL4	NLC India Ltd	Utilities	47.37	0.23	0.00	May25	11.15
Bandhan Small Cap Dir Gr	INF194KB1AL4	NLC India Ltd	Utilities	47.37	0.23	0.00	June25	10.18
Bandhan Small Cap Dir Gr	INF194KB1AL4	NLC India Ltd	Utilities	47.37	0.23	0.00	July25	9.19
Bandhan Small Cap Dir Gr	INF194KB1AL4	NLC India Ltd	Utilities	47.37	0.23	0.00	Aug25	8.13
Bandhan Small Cap Dir Gr	INF194KB1AL4	Aster DM Healthcare Ltd Ordinary Shares	Healthcare	45.11	0.22	0.00	Oct24	5.55
Bandhan Small Cap Dir Gr	INF194KB1AL4	Aster DM Healthcare Ltd Ordinary Shares	Healthcare	45.11	0.22	0.00	Nov24	7.52
Bandhan Small Cap Dir Gr	INF194KB1AL4	Aster DM Healthcare Ltd Ordinary Shares	Healthcare	45.11	0.22	0.00	Dec24	3.56
Bandhan Small Cap Dir Gr	INF194KB1AL4	Aster DM Healthcare Ltd Ordinary Shares	Healthcare	45.11	0.22	0.00	Jan25	5.32
Bandhan Small Cap Dir Gr	INF194KB1AL4	Aster DM Healthcare Ltd Ordinary Shares	Healthcare	45.11	0.22	0.00	Feb25	5.59
Bandhan Small Cap Dir Gr	INF194KB1AL4	Aster DM Healthcare Ltd Ordinary Shares	Healthcare	45.11	0.22	0.00	Mar25	15.51
Bandhan Small Cap Dir Gr	INF194KB1AL4	Aster DM Healthcare Ltd Ordinary Shares	Healthcare	45.11	0.22	0.00	Mar25	15.51
Bandhan Small Cap Dir Gr	INF194KB1AL4	Aster DM Healthcare Ltd Ordinary Shares	Healthcare	45.11	0.22	0.00	Apr25	12.51
Bandhan Small Cap Dir Gr	INF194KB1AL4	Aster DM Healthcare Ltd Ordinary Shares	Healthcare	45.11	0.22	0.00	May25	11.15
Bandhan Small Cap Dir Gr	INF194KB1AL4	Aster DM Healthcare Ltd Ordinary Shares	Healthcare	45.11	0.22	0.00	June25	10.18
Bandhan Small Cap Dir Gr	INF194KB1AL4	Aster DM Healthcare Ltd Ordinary Shares	Healthcare	45.11	0.22	0.00	July25	9.19
Bandhan Small Cap Dir Gr	INF194KB1AL4	Aster DM Healthcare Ltd Ordinary Shares	Healthcare	45.11	0.22	0.00	Aug25	8.13
Bandhan Small Cap Dir Gr	INF194KB1AL4	Aarti Industries Ltd	Basic Materials	44.74	0.22	-3.75	Oct24	5.55
Bandhan Small Cap Dir Gr	INF194KB1AL4	Aarti Industries Ltd	Basic Materials	44.74	0.22	-3.75	Nov24	7.52
Bandhan Small Cap Dir Gr	INF194KB1AL4	Aarti Industries Ltd	Basic Materials	44.74	0.22	-3.75	Dec24	3.56
Bandhan Small Cap Dir Gr	INF194KB1AL4	Aarti Industries Ltd	Basic Materials	44.74	0.22	-3.75	Jan25	5.32
Bandhan Small Cap Dir Gr	INF194KB1AL4	Aarti Industries Ltd	Basic Materials	44.74	0.22	-3.75	Feb25	5.59
Bandhan Small Cap Dir Gr	INF194KB1AL4	Aarti Industries Ltd	Basic Materials	44.74	0.22	-3.75	Mar25	15.51
Bandhan Small Cap Dir Gr	INF194KB1AL4	Aarti Industries Ltd	Basic Materials	44.74	0.22	-3.75	Mar25	15.51
Bandhan Small Cap Dir Gr	INF194KB1AL4	Aarti Industries Ltd	Basic Materials	44.74	0.22	-3.75	Apr25	12.51
Bandhan Small Cap Dir Gr	INF194KB1AL4	Aarti Industries Ltd	Basic Materials	44.74	0.22	-3.75	May25	11.15
Bandhan Small Cap Dir Gr	INF194KB1AL4	Aarti Industries Ltd	Basic Materials	44.74	0.22	-3.75	June25	10.18
Bandhan Small Cap Dir Gr	INF194KB1AL4	Aarti Industries Ltd	Basic Materials	44.74	0.22	-3.75	July25	9.19
Bandhan Small Cap Dir Gr	INF194KB1AL4	Aarti Industries Ltd	Basic Materials	44.74	0.22	-3.75	Aug25	8.13
Bandhan Small Cap Dir Gr	INF194KB1AL4	PB Fintech Ltd	Financial Services	44.45	0.22		Oct24	5.55
Bandhan Small Cap Dir Gr	INF194KB1AL4	PB Fintech Ltd	Financial Services	44.45	0.22		Nov24	7.52
Bandhan Small Cap Dir Gr	INF194KB1AL4	PB Fintech Ltd	Financial Services	44.45	0.22		Dec24	3.56
Bandhan Small Cap Dir Gr	INF194KB1AL4	PB Fintech Ltd	Financial Services	44.45	0.22		Jan25	5.32
Bandhan Small Cap Dir Gr	INF194KB1AL4	PB Fintech Ltd	Financial Services	44.45	0.22		Feb25	5.59
Bandhan Small Cap Dir Gr	INF194KB1AL4	PB Fintech Ltd	Financial Services	44.45	0.22		Mar25	15.51
Bandhan Small Cap Dir Gr	INF194KB1AL4	PB Fintech Ltd	Financial Services	44.45	0.22		Mar25	15.51
Bandhan Small Cap Dir Gr	INF194KB1AL4	PB Fintech Ltd	Financial Services	44.45	0.22		Apr25	12.51
Bandhan Small Cap Dir Gr	INF194KB1AL4	PB Fintech Ltd	Financial Services	44.45	0.22		May25	11.15
Bandhan Small Cap Dir Gr	INF194KB1AL4	PB Fintech Ltd	Financial Services	44.45	0.22		June25	10.18
Bandhan Small Cap Dir Gr	INF194KB1AL4	PB Fintech Ltd	Financial Services	44.45	0.22		July25	9.19
Bandhan Small Cap Dir Gr	INF194KB1AL4	PB Fintech Ltd	Financial Services	44.45	0.22		Aug25	8.13
Bandhan Small Cap Dir Gr	INF194KB1AL4	RHI Magnesita India Ltd	Industrials	43.96	0.21	0.00	Oct24	5.55
Bandhan Small Cap Dir Gr	INF194KB1AL4	RHI Magnesita India Ltd	Industrials	43.96	0.21	0.00	Nov24	7.52
Bandhan Small Cap Dir Gr	INF194KB1AL4	RHI Magnesita India Ltd	Industrials	43.96	0.21	0.00	Dec24	3.56
Bandhan Small Cap Dir Gr	INF194KB1AL4	RHI Magnesita India Ltd	Industrials	43.96	0.21	0.00	Jan25	5.32
Bandhan Small Cap Dir Gr	INF194KB1AL4	RHI Magnesita India Ltd	Industrials	43.96	0.21	0.00	Feb25	5.59
Bandhan Small Cap Dir Gr	INF194KB1AL4	RHI Magnesita India Ltd	Industrials	43.96	0.21	0.00	Mar25	15.51
Bandhan Small Cap Dir Gr	INF194KB1AL4	RHI Magnesita India Ltd	Industrials	43.96	0.21	0.00	Mar25	15.51
Bandhan Small Cap Dir Gr	INF194KB1AL4	RHI Magnesita India Ltd	Industrials	43.96	0.21	0.00	Apr25	12.51
Bandhan Small Cap Dir Gr	INF194KB1AL4	RHI Magnesita India Ltd	Industrials	43.96	0.21	0.00	May25	11.15
Bandhan Small Cap Dir Gr	INF194KB1AL4	RHI Magnesita India Ltd	Industrials	43.96	0.21	0.00	June25	10.18
Bandhan Small Cap Dir Gr	INF194KB1AL4	RHI Magnesita India Ltd	Industrials	43.96	0.21	0.00	July25	9.19
Bandhan Small Cap Dir Gr	INF194KB1AL4	RHI Magnesita India Ltd	Industrials	43.96	0.21	0.00	Aug25	8.13
Bandhan Small Cap Dir Gr	INF194KB1AL4	CESC Ltd	Utilities	43.00	0.21	0.00	Oct24	5.55
Bandhan Small Cap Dir Gr	INF194KB1AL4	CESC Ltd	Utilities	43.00	0.21	0.00	Nov24	7.52
Bandhan Small Cap Dir Gr	INF194KB1AL4	CESC Ltd	Utilities	43.00	0.21	0.00	Dec24	3.56
Bandhan Small Cap Dir Gr	INF194KB1AL4	CESC Ltd	Utilities	43.00	0.21	0.00	Jan25	5.32
Bandhan Small Cap Dir Gr	INF194KB1AL4	CESC Ltd	Utilities	43.00	0.21	0.00	Feb25	5.59
Bandhan Small Cap Dir Gr	INF194KB1AL4	CESC Ltd	Utilities	43.00	0.21	0.00	Mar25	15.51
Bandhan Small Cap Dir Gr	INF194KB1AL4	CESC Ltd	Utilities	43.00	0.21	0.00	Mar25	15.51
Bandhan Small Cap Dir Gr	INF194KB1AL4	CESC Ltd	Utilities	43.00	0.21	0.00	Apr25	12.51
Bandhan Small Cap Dir Gr	INF194KB1AL4	CESC Ltd	Utilities	43.00	0.21	0.00	May25	11.15
Bandhan Small Cap Dir Gr	INF194KB1AL4	CESC Ltd	Utilities	43.00	0.21	0.00	June25	10.18
Bandhan Small Cap Dir Gr	INF194KB1AL4	CESC Ltd	Utilities	43.00	0.21	0.00	July25	9.19
Bandhan Small Cap Dir Gr	INF194KB1AL4	CESC Ltd	Utilities	43.00	0.21	0.00	Aug25	8.13
Bandhan Small Cap Dir Gr	INF194KB1AL4	Bank of Baroda	Financial Services	42.50	0.21	-27.87	Oct24	5.55
Bandhan Small Cap Dir Gr	INF194KB1AL4	Bank of Baroda	Financial Services	42.50	0.21	-27.87	Nov24	7.52
Bandhan Small Cap Dir Gr	INF194KB1AL4	Bank of Baroda	Financial Services	42.50	0.21	-27.87	Dec24	3.56
Bandhan Small Cap Dir Gr	INF194KB1AL4	Bank of Baroda	Financial Services	42.50	0.21	-27.87	Jan25	5.32
Bandhan Small Cap Dir Gr	INF194KB1AL4	Bank of Baroda	Financial Services	42.50	0.21	-27.87	Feb25	5.59
Bandhan Small Cap Dir Gr	INF194KB1AL4	Bank of Baroda	Financial Services	42.50	0.21	-27.87	Mar25	15.51
Bandhan Small Cap Dir Gr	INF194KB1AL4	Bank of Baroda	Financial Services	42.50	0.21	-27.87	Mar25	15.51
Bandhan Small Cap Dir Gr	INF194KB1AL4	Bank of Baroda	Financial Services	42.50	0.21	-27.87	Apr25	12.51
Bandhan Small Cap Dir Gr	INF194KB1AL4	Bank of Baroda	Financial Services	42.50	0.21	-27.87	May25	11.15
Bandhan Small Cap Dir Gr	INF194KB1AL4	Bank of Baroda	Financial Services	42.50	0.21	-27.87	June25	10.18
Bandhan Small Cap Dir Gr	INF194KB1AL4	Bank of Baroda	Financial Services	42.50	0.21	-27.87	July25	9.19
Bandhan Small Cap Dir Gr	INF194KB1AL4	Bank of Baroda	Financial Services	42.50	0.21	-27.87	Aug25	8.13
Bandhan Small Cap Dir Gr	INF194KB1AL4	Archean Chemical Industries Ltd	Basic Materials	41.79	0.20	0.27	Oct24	5.55
Bandhan Small Cap Dir Gr	INF194KB1AL4	Archean Chemical Industries Ltd	Basic Materials	41.79	0.20	0.27	Nov24	7.52
Bandhan Small Cap Dir Gr	INF194KB1AL4	Archean Chemical Industries Ltd	Basic Materials	41.79	0.20	0.27	Dec24	3.56
Bandhan Small Cap Dir Gr	INF194KB1AL4	Archean Chemical Industries Ltd	Basic Materials	41.79	0.20	0.27	Jan25	5.32
Bandhan Small Cap Dir Gr	INF194KB1AL4	Archean Chemical Industries Ltd	Basic Materials	41.79	0.20	0.27	Feb25	5.59
Bandhan Small Cap Dir Gr	INF194KB1AL4	Archean Chemical Industries Ltd	Basic Materials	41.79	0.20	0.27	Mar25	15.51
Bandhan Small Cap Dir Gr	INF194KB1AL4	Archean Chemical Industries Ltd	Basic Materials	41.79	0.20	0.27	Mar25	15.51
Bandhan Small Cap Dir Gr	INF194KB1AL4	Archean Chemical Industries Ltd	Basic Materials	41.79	0.20	0.27	Apr25	12.51
Bandhan Small Cap Dir Gr	INF194KB1AL4	Archean Chemical Industries Ltd	Basic Materials	41.79	0.20	0.27	May25	11.15
Bandhan Small Cap Dir Gr	INF194KB1AL4	Archean Chemical Industries Ltd	Basic Materials	41.79	0.20	0.27	June25	10.18
Bandhan Small Cap Dir Gr	INF194KB1AL4	Archean Chemical Industries Ltd	Basic Materials	41.79	0.20	0.27	July25	9.19
Bandhan Small Cap Dir Gr	INF194KB1AL4	Archean Chemical Industries Ltd	Basic Materials	41.79	0.20	0.27	Aug25	8.13
Bandhan Small Cap Dir Gr	INF194KB1AL4	Blue Star Ltd	Industrials	41.52	0.20	0.00	Oct24	5.55
Bandhan Small Cap Dir Gr	INF194KB1AL4	Blue Star Ltd	Industrials	41.52	0.20	0.00	Nov24	7.52
Bandhan Small Cap Dir Gr	INF194KB1AL4	Blue Star Ltd	Industrials	41.52	0.20	0.00	Dec24	3.56
Bandhan Small Cap Dir Gr	INF194KB1AL4	Blue Star Ltd	Industrials	41.52	0.20	0.00	Jan25	5.32
Bandhan Small Cap Dir Gr	INF194KB1AL4	Blue Star Ltd	Industrials	41.52	0.20	0.00	Feb25	5.59
Bandhan Small Cap Dir Gr	INF194KB1AL4	Blue Star Ltd	Industrials	41.52	0.20	0.00	Mar25	15.51
Bandhan Small Cap Dir Gr	INF194KB1AL4	Blue Star Ltd	Industrials	41.52	0.20	0.00	Mar25	15.51
Bandhan Small Cap Dir Gr	INF194KB1AL4	Blue Star Ltd	Industrials	41.52	0.20	0.00	Apr25	12.51
Bandhan Small Cap Dir Gr	INF194KB1AL4	Blue Star Ltd	Industrials	41.52	0.20	0.00	May25	11.15
Bandhan Small Cap Dir Gr	INF194KB1AL4	Blue Star Ltd	Industrials	41.52	0.20	0.00	June25	10.18
Bandhan Small Cap Dir Gr	INF194KB1AL4	Blue Star Ltd	Industrials	41.52	0.20	0.00	July25	9.19
Bandhan Small Cap Dir Gr	INF194KB1AL4	Blue Star Ltd	Industrials	41.52	0.20	0.00	Aug25	8.13
Bandhan Small Cap Dir Gr	INF194KB1AL4	Power Mech Projects Ltd	Industrials	41.51	0.20	12.15	Oct24	5.55
Bandhan Small Cap Dir Gr	INF194KB1AL4	Power Mech Projects Ltd	Industrials	41.51	0.20	12.15	Nov24	7.52
Bandhan Small Cap Dir Gr	INF194KB1AL4	Power Mech Projects Ltd	Industrials	41.51	0.20	12.15	Dec24	3.56
Bandhan Small Cap Dir Gr	INF194KB1AL4	Power Mech Projects Ltd	Industrials	41.51	0.20	12.15	Jan25	5.32
Bandhan Small Cap Dir Gr	INF194KB1AL4	Power Mech Projects Ltd	Industrials	41.51	0.20	12.15	Feb25	5.59
Bandhan Small Cap Dir Gr	INF194KB1AL4	Power Mech Projects Ltd	Industrials	41.51	0.20	12.15	Mar25	15.51
Bandhan Small Cap Dir Gr	INF194KB1AL4	Power Mech Projects Ltd	Industrials	41.51	0.20	12.15	Mar25	15.51
Bandhan Small Cap Dir Gr	INF194KB1AL4	Power Mech Projects Ltd	Industrials	41.51	0.20	12.15	Apr25	12.51
Bandhan Small Cap Dir Gr	INF194KB1AL4	Power Mech Projects Ltd	Industrials	41.51	0.20	12.15	May25	11.15
Bandhan Small Cap Dir Gr	INF194KB1AL4	Power Mech Projects Ltd	Industrials	41.51	0.20	12.15	June25	10.18
Bandhan Small Cap Dir Gr	INF194KB1AL4	Power Mech Projects Ltd	Industrials	41.51	0.20	12.15	July25	9.19
Bandhan Small Cap Dir Gr	INF194KB1AL4	Power Mech Projects Ltd	Industrials	41.51	0.20	12.15	Aug25	8.13
Bandhan Small Cap Dir Gr	INF194KB1AL4	AWL Agri Business Ltd	Consumer Defensive	41.22	0.20	6.45	Oct24	5.55
Bandhan Small Cap Dir Gr	INF194KB1AL4	AWL Agri Business Ltd	Consumer Defensive	41.22	0.20	6.45	Nov24	7.52
Bandhan Small Cap Dir Gr	INF194KB1AL4	AWL Agri Business Ltd	Consumer Defensive	41.22	0.20	6.45	Dec24	3.56
Bandhan Small Cap Dir Gr	INF194KB1AL4	AWL Agri Business Ltd	Consumer Defensive	41.22	0.20	6.45	Jan25	5.32
Bandhan Small Cap Dir Gr	INF194KB1AL4	AWL Agri Business Ltd	Consumer Defensive	41.22	0.20	6.45	Feb25	5.59
Bandhan Small Cap Dir Gr	INF194KB1AL4	AWL Agri Business Ltd	Consumer Defensive	41.22	0.20	6.45	Mar25	15.51
Bandhan Small Cap Dir Gr	INF194KB1AL4	AWL Agri Business Ltd	Consumer Defensive	41.22	0.20	6.45	Mar25	15.51
Bandhan Small Cap Dir Gr	INF194KB1AL4	AWL Agri Business Ltd	Consumer Defensive	41.22	0.20	6.45	Apr25	12.51
Bandhan Small Cap Dir Gr	INF194KB1AL4	AWL Agri Business Ltd	Consumer Defensive	41.22	0.20	6.45	May25	11.15
Bandhan Small Cap Dir Gr	INF194KB1AL4	AWL Agri Business Ltd	Consumer Defensive	41.22	0.20	6.45	June25	10.18
Bandhan Small Cap Dir Gr	INF194KB1AL4	AWL Agri Business Ltd	Consumer Defensive	41.22	0.20	6.45	July25	9.19
Bandhan Small Cap Dir Gr	INF194KB1AL4	AWL Agri Business Ltd	Consumer Defensive	41.22	0.20	6.45	Aug25	8.13
Bandhan Small Cap Dir Gr	INF194KB1AL4	GPT Healthcare Ltd	Healthcare	41.18	0.20	0.00	Oct24	5.55
Bandhan Small Cap Dir Gr	INF194KB1AL4	GPT Healthcare Ltd	Healthcare	41.18	0.20	0.00	Nov24	7.52
Bandhan Small Cap Dir Gr	INF194KB1AL4	GPT Healthcare Ltd	Healthcare	41.18	0.20	0.00	Dec24	3.56
Bandhan Small Cap Dir Gr	INF194KB1AL4	GPT Healthcare Ltd	Healthcare	41.18	0.20	0.00	Jan25	5.32
Bandhan Small Cap Dir Gr	INF194KB1AL4	GPT Healthcare Ltd	Healthcare	41.18	0.20	0.00	Feb25	5.59
Bandhan Small Cap Dir Gr	INF194KB1AL4	GPT Healthcare Ltd	Healthcare	41.18	0.20	0.00	Mar25	15.51
Bandhan Small Cap Dir Gr	INF194KB1AL4	GPT Healthcare Ltd	Healthcare	41.18	0.20	0.00	Mar25	15.51
Bandhan Small Cap Dir Gr	INF194KB1AL4	GPT Healthcare Ltd	Healthcare	41.18	0.20	0.00	Apr25	12.51
Bandhan Small Cap Dir Gr	INF194KB1AL4	GPT Healthcare Ltd	Healthcare	41.18	0.20	0.00	May25	11.15
Bandhan Small Cap Dir Gr	INF194KB1AL4	GPT Healthcare Ltd	Healthcare	41.18	0.20	0.00	June25	10.18
Bandhan Small Cap Dir Gr	INF194KB1AL4	GPT Healthcare Ltd	Healthcare	41.18	0.20	0.00	July25	9.19
Bandhan Small Cap Dir Gr	INF194KB1AL4	GPT Healthcare Ltd	Healthcare	41.18	0.20	0.00	Aug25	8.13
Bandhan Small Cap Dir Gr	INF194KB1AL4	Steel Strips Wheels Ltd	Consumer Cyclical	41.11	0.20	0.00	Oct24	5.55
Bandhan Small Cap Dir Gr	INF194KB1AL4	Steel Strips Wheels Ltd	Consumer Cyclical	41.11	0.20	0.00	Nov24	7.52
Bandhan Small Cap Dir Gr	INF194KB1AL4	Steel Strips Wheels Ltd	Consumer Cyclical	41.11	0.20	0.00	Dec24	3.56
Bandhan Small Cap Dir Gr	INF194KB1AL4	Steel Strips Wheels Ltd	Consumer Cyclical	41.11	0.20	0.00	Jan25	5.32
Bandhan Small Cap Dir Gr	INF194KB1AL4	Steel Strips Wheels Ltd	Consumer Cyclical	41.11	0.20	0.00	Feb25	5.59
Bandhan Small Cap Dir Gr	INF194KB1AL4	Steel Strips Wheels Ltd	Consumer Cyclical	41.11	0.20	0.00	Mar25	15.51
Bandhan Small Cap Dir Gr	INF194KB1AL4	Steel Strips Wheels Ltd	Consumer Cyclical	41.11	0.20	0.00	Mar25	15.51
Bandhan Small Cap Dir Gr	INF194KB1AL4	Steel Strips Wheels Ltd	Consumer Cyclical	41.11	0.20	0.00	Apr25	12.51
Bandhan Small Cap Dir Gr	INF194KB1AL4	Steel Strips Wheels Ltd	Consumer Cyclical	41.11	0.20	0.00	May25	11.15
Bandhan Small Cap Dir Gr	INF194KB1AL4	Steel Strips Wheels Ltd	Consumer Cyclical	41.11	0.20	0.00	June25	10.18
Bandhan Small Cap Dir Gr	INF194KB1AL4	Steel Strips Wheels Ltd	Consumer Cyclical	41.11	0.20	0.00	July25	9.19
Bandhan Small Cap Dir Gr	INF194KB1AL4	Steel Strips Wheels Ltd	Consumer Cyclical	41.11	0.20	0.00	Aug25	8.13
Bandhan Small Cap Dir Gr	INF194KB1AL4	Krsnaa Diagnostics Ltd	Healthcare	40.35	0.20	4.05	Oct24	5.55
Bandhan Small Cap Dir Gr	INF194KB1AL4	Krsnaa Diagnostics Ltd	Healthcare	40.35	0.20	4.05	Nov24	7.52
Bandhan Small Cap Dir Gr	INF194KB1AL4	Krsnaa Diagnostics Ltd	Healthcare	40.35	0.20	4.05	Dec24	3.56
Bandhan Small Cap Dir Gr	INF194KB1AL4	Krsnaa Diagnostics Ltd	Healthcare	40.35	0.20	4.05	Jan25	5.32
Bandhan Small Cap Dir Gr	INF194KB1AL4	Krsnaa Diagnostics Ltd	Healthcare	40.35	0.20	4.05	Feb25	5.59
Bandhan Small Cap Dir Gr	INF194KB1AL4	Krsnaa Diagnostics Ltd	Healthcare	40.35	0.20	4.05	Mar25	15.51
Bandhan Small Cap Dir Gr	INF194KB1AL4	Krsnaa Diagnostics Ltd	Healthcare	40.35	0.20	4.05	Mar25	15.51
Bandhan Small Cap Dir Gr	INF194KB1AL4	Krsnaa Diagnostics Ltd	Healthcare	40.35	0.20	4.05	Apr25	12.51
Bandhan Small Cap Dir Gr	INF194KB1AL4	Krsnaa Diagnostics Ltd	Healthcare	40.35	0.20	4.05	May25	11.15
Bandhan Small Cap Dir Gr	INF194KB1AL4	Krsnaa Diagnostics Ltd	Healthcare	40.35	0.20	4.05	June25	10.18
Bandhan Small Cap Dir Gr	INF194KB1AL4	Krsnaa Diagnostics Ltd	Healthcare	40.35	0.20	4.05	July25	9.19
Bandhan Small Cap Dir Gr	INF194KB1AL4	Krsnaa Diagnostics Ltd	Healthcare	40.35	0.20	4.05	Aug25	8.13
Bandhan Small Cap Dir Gr	INF194KB1AL4	Lumax Auto Technologies Ltd	Consumer Cyclical	39.98	0.20	-18.84	Oct24	5.55
Bandhan Small Cap Dir Gr	INF194KB1AL4	Lumax Auto Technologies Ltd	Consumer Cyclical	39.98	0.20	-18.84	Nov24	7.52
Bandhan Small Cap Dir Gr	INF194KB1AL4	Lumax Auto Technologies Ltd	Consumer Cyclical	39.98	0.20	-18.84	Dec24	3.56
Bandhan Small Cap Dir Gr	INF194KB1AL4	Lumax Auto Technologies Ltd	Consumer Cyclical	39.98	0.20	-18.84	Jan25	5.32
Bandhan Small Cap Dir Gr	INF194KB1AL4	Lumax Auto Technologies Ltd	Consumer Cyclical	39.98	0.20	-18.84	Feb25	5.59
Bandhan Small Cap Dir Gr	INF194KB1AL4	Lumax Auto Technologies Ltd	Consumer Cyclical	39.98	0.20	-18.84	Mar25	15.51
Bandhan Small Cap Dir Gr	INF194KB1AL4	Lumax Auto Technologies Ltd	Consumer Cyclical	39.98	0.20	-18.84	Mar25	15.51
Bandhan Small Cap Dir Gr	INF194KB1AL4	Lumax Auto Technologies Ltd	Consumer Cyclical	39.98	0.20	-18.84	Apr25	12.51
Bandhan Small Cap Dir Gr	INF194KB1AL4	Lumax Auto Technologies Ltd	Consumer Cyclical	39.98	0.20	-18.84	May25	11.15
Bandhan Small Cap Dir Gr	INF194KB1AL4	Lumax Auto Technologies Ltd	Consumer Cyclical	39.98	0.20	-18.84	June25	10.18
Bandhan Small Cap Dir Gr	INF194KB1AL4	Lumax Auto Technologies Ltd	Consumer Cyclical	39.98	0.20	-18.84	July25	9.19
Bandhan Small Cap Dir Gr	INF194KB1AL4	Lumax Auto Technologies Ltd	Consumer Cyclical	39.98	0.20	-18.84	Aug25	8.13
Bandhan Small Cap Dir Gr	INF194KB1AL4	Emcure Pharmaceuticals Ltd	Healthcare	39.53	0.19	-3.48	Oct24	5.55
Bandhan Small Cap Dir Gr	INF194KB1AL4	Emcure Pharmaceuticals Ltd	Healthcare	39.53	0.19	-3.48	Nov24	7.52
Bandhan Small Cap Dir Gr	INF194KB1AL4	Emcure Pharmaceuticals Ltd	Healthcare	39.53	0.19	-3.48	Dec24	3.56
Bandhan Small Cap Dir Gr	INF194KB1AL4	Emcure Pharmaceuticals Ltd	Healthcare	39.53	0.19	-3.48	Jan25	5.32
Bandhan Small Cap Dir Gr	INF194KB1AL4	Emcure Pharmaceuticals Ltd	Healthcare	39.53	0.19	-3.48	Feb25	5.59
Bandhan Small Cap Dir Gr	INF194KB1AL4	Emcure Pharmaceuticals Ltd	Healthcare	39.53	0.19	-3.48	Mar25	15.51
Bandhan Small Cap Dir Gr	INF194KB1AL4	Emcure Pharmaceuticals Ltd	Healthcare	39.53	0.19	-3.48	Mar25	15.51
Bandhan Small Cap Dir Gr	INF194KB1AL4	Emcure Pharmaceuticals Ltd	Healthcare	39.53	0.19	-3.48	Apr25	12.51
Bandhan Small Cap Dir Gr	INF194KB1AL4	Emcure Pharmaceuticals Ltd	Healthcare	39.53	0.19	-3.48	May25	11.15
Bandhan Small Cap Dir Gr	INF194KB1AL4	Emcure Pharmaceuticals Ltd	Healthcare	39.53	0.19	-3.48	June25	10.18
Bandhan Small Cap Dir Gr	INF194KB1AL4	Emcure Pharmaceuticals Ltd	Healthcare	39.53	0.19	-3.48	July25	9.19
Bandhan Small Cap Dir Gr	INF194KB1AL4	Emcure Pharmaceuticals Ltd	Healthcare	39.53	0.19	-3.48	Aug25	8.13
Bandhan Small Cap Dir Gr	INF194KB1AL4	Awfis Space Solutions Ltd	Industrials	39.09	0.19	53.44	Oct24	5.55
Bandhan Small Cap Dir Gr	INF194KB1AL4	Awfis Space Solutions Ltd	Industrials	39.09	0.19	53.44	Nov24	7.52
Bandhan Small Cap Dir Gr	INF194KB1AL4	Awfis Space Solutions Ltd	Industrials	39.09	0.19	53.44	Dec24	3.56
Bandhan Small Cap Dir Gr	INF194KB1AL4	Awfis Space Solutions Ltd	Industrials	39.09	0.19	53.44	Jan25	5.32
Bandhan Small Cap Dir Gr	INF194KB1AL4	Awfis Space Solutions Ltd	Industrials	39.09	0.19	53.44	Feb25	5.59
Bandhan Small Cap Dir Gr	INF194KB1AL4	Awfis Space Solutions Ltd	Industrials	39.09	0.19	53.44	Mar25	15.51
Bandhan Small Cap Dir Gr	INF194KB1AL4	Awfis Space Solutions Ltd	Industrials	39.09	0.19	53.44	Mar25	15.51
Bandhan Small Cap Dir Gr	INF194KB1AL4	Awfis Space Solutions Ltd	Industrials	39.09	0.19	53.44	Apr25	12.51
Bandhan Small Cap Dir Gr	INF194KB1AL4	Awfis Space Solutions Ltd	Industrials	39.09	0.19	53.44	May25	11.15
Bandhan Small Cap Dir Gr	INF194KB1AL4	Awfis Space Solutions Ltd	Industrials	39.09	0.19	53.44	June25	10.18
Bandhan Small Cap Dir Gr	INF194KB1AL4	Awfis Space Solutions Ltd	Industrials	39.09	0.19	53.44	July25	9.19
Bandhan Small Cap Dir Gr	INF194KB1AL4	Awfis Space Solutions Ltd	Industrials	39.09	0.19	53.44	Aug25	8.13
Bandhan Small Cap Dir Gr	INF194KB1AL4	Motilal Oswal Financial Services Ltd	Financial Services	38.74	0.19	-6.29	Oct24	5.55
Bandhan Small Cap Dir Gr	INF194KB1AL4	Motilal Oswal Financial Services Ltd	Financial Services	38.74	0.19	-6.29	Nov24	7.52
Bandhan Small Cap Dir Gr	INF194KB1AL4	Motilal Oswal Financial Services Ltd	Financial Services	38.74	0.19	-6.29	Dec24	3.56
Bandhan Small Cap Dir Gr	INF194KB1AL4	Motilal Oswal Financial Services Ltd	Financial Services	38.74	0.19	-6.29	Jan25	5.32
Bandhan Small Cap Dir Gr	INF194KB1AL4	Motilal Oswal Financial Services Ltd	Financial Services	38.74	0.19	-6.29	Feb25	5.59
Bandhan Small Cap Dir Gr	INF194KB1AL4	Motilal Oswal Financial Services Ltd	Financial Services	38.74	0.19	-6.29	Mar25	15.51
Bandhan Small Cap Dir Gr	INF194KB1AL4	Motilal Oswal Financial Services Ltd	Financial Services	38.74	0.19	-6.29	Mar25	15.51
Bandhan Small Cap Dir Gr	INF194KB1AL4	Motilal Oswal Financial Services Ltd	Financial Services	38.74	0.19	-6.29	Apr25	12.51
Bandhan Small Cap Dir Gr	INF194KB1AL4	Motilal Oswal Financial Services Ltd	Financial Services	38.74	0.19	-6.29	May25	11.15
Bandhan Small Cap Dir Gr	INF194KB1AL4	Motilal Oswal Financial Services Ltd	Financial Services	38.74	0.19	-6.29	June25	10.18
Bandhan Small Cap Dir Gr	INF194KB1AL4	Motilal Oswal Financial Services Ltd	Financial Services	38.74	0.19	-6.29	July25	9.19
Bandhan Small Cap Dir Gr	INF194KB1AL4	Motilal Oswal Financial Services Ltd	Financial Services	38.74	0.19	-6.29	Aug25	8.13
Bandhan Small Cap Dir Gr	INF194KB1AL4	Sagility Ltd	Healthcare	38.51	0.19	0.00	Oct24	5.55
Bandhan Small Cap Dir Gr	INF194KB1AL4	Sagility Ltd	Healthcare	38.51	0.19	0.00	Nov24	7.52
Bandhan Small Cap Dir Gr	INF194KB1AL4	Sagility Ltd	Healthcare	38.51	0.19	0.00	Dec24	3.56
Bandhan Small Cap Dir Gr	INF194KB1AL4	Sagility Ltd	Healthcare	38.51	0.19	0.00	Jan25	5.32
Bandhan Small Cap Dir Gr	INF194KB1AL4	Sagility Ltd	Healthcare	38.51	0.19	0.00	Feb25	5.59
Bandhan Small Cap Dir Gr	INF194KB1AL4	Sagility Ltd	Healthcare	38.51	0.19	0.00	Mar25	15.51
Bandhan Small Cap Dir Gr	INF194KB1AL4	Sagility Ltd	Healthcare	38.51	0.19	0.00	Mar25	15.51
Bandhan Small Cap Dir Gr	INF194KB1AL4	Sagility Ltd	Healthcare	38.51	0.19	0.00	Apr25	12.51
Bandhan Small Cap Dir Gr	INF194KB1AL4	Sagility Ltd	Healthcare	38.51	0.19	0.00	May25	11.15
Bandhan Small Cap Dir Gr	INF194KB1AL4	Sagility Ltd	Healthcare	38.51	0.19	0.00	June25	10.18
Bandhan Small Cap Dir Gr	INF194KB1AL4	Sagility Ltd	Healthcare	38.51	0.19	0.00	July25	9.19
Bandhan Small Cap Dir Gr	INF194KB1AL4	Sagility Ltd	Healthcare	38.51	0.19	0.00	Aug25	8.13
Bandhan Small Cap Dir Gr	INF194KB1AL4	Medplus Health Services Ltd	Healthcare	36.00	0.18	0.00	Oct24	5.55
Bandhan Small Cap Dir Gr	INF194KB1AL4	Medplus Health Services Ltd	Healthcare	36.00	0.18	0.00	Nov24	7.52
Bandhan Small Cap Dir Gr	INF194KB1AL4	Medplus Health Services Ltd	Healthcare	36.00	0.18	0.00	Dec24	3.56
Bandhan Small Cap Dir Gr	INF194KB1AL4	Medplus Health Services Ltd	Healthcare	36.00	0.18	0.00	Jan25	5.32
Bandhan Small Cap Dir Gr	INF194KB1AL4	Medplus Health Services Ltd	Healthcare	36.00	0.18	0.00	Feb25	5.59
Bandhan Small Cap Dir Gr	INF194KB1AL4	Medplus Health Services Ltd	Healthcare	36.00	0.18	0.00	Mar25	15.51
Bandhan Small Cap Dir Gr	INF194KB1AL4	Medplus Health Services Ltd	Healthcare	36.00	0.18	0.00	Mar25	15.51
Bandhan Small Cap Dir Gr	INF194KB1AL4	Medplus Health Services Ltd	Healthcare	36.00	0.18	0.00	Apr25	12.51
Bandhan Small Cap Dir Gr	INF194KB1AL4	Medplus Health Services Ltd	Healthcare	36.00	0.18	0.00	May25	11.15
Bandhan Small Cap Dir Gr	INF194KB1AL4	Medplus Health Services Ltd	Healthcare	36.00	0.18	0.00	June25	10.18
Bandhan Small Cap Dir Gr	INF194KB1AL4	Medplus Health Services Ltd	Healthcare	36.00	0.18	0.00	July25	9.19
Bandhan Small Cap Dir Gr	INF194KB1AL4	Medplus Health Services Ltd	Healthcare	36.00	0.18	0.00	Aug25	8.13
Bandhan Small Cap Dir Gr	INF194KB1AL4	Triveni Engineering & Industries Ltd	Consumer Defensive	35.69	0.17	-11.46	Oct24	5.55
Bandhan Small Cap Dir Gr	INF194KB1AL4	Triveni Engineering & Industries Ltd	Consumer Defensive	35.69	0.17	-11.46	Nov24	7.52
Bandhan Small Cap Dir Gr	INF194KB1AL4	Triveni Engineering & Industries Ltd	Consumer Defensive	35.69	0.17	-11.46	Dec24	3.56
Bandhan Small Cap Dir Gr	INF194KB1AL4	Triveni Engineering & Industries Ltd	Consumer Defensive	35.69	0.17	-11.46	Jan25	5.32
Bandhan Small Cap Dir Gr	INF194KB1AL4	Triveni Engineering & Industries Ltd	Consumer Defensive	35.69	0.17	-11.46	Feb25	5.59
Bandhan Small Cap Dir Gr	INF194KB1AL4	Triveni Engineering & Industries Ltd	Consumer Defensive	35.69	0.17	-11.46	Mar25	15.51
Bandhan Small Cap Dir Gr	INF194KB1AL4	Triveni Engineering & Industries Ltd	Consumer Defensive	35.69	0.17	-11.46	Mar25	15.51
Bandhan Small Cap Dir Gr	INF194KB1AL4	Triveni Engineering & Industries Ltd	Consumer Defensive	35.69	0.17	-11.46	Apr25	12.51
Bandhan Small Cap Dir Gr	INF194KB1AL4	Triveni Engineering & Industries Ltd	Consumer Defensive	35.69	0.17	-11.46	May25	11.15
Bandhan Small Cap Dir Gr	INF194KB1AL4	Triveni Engineering & Industries Ltd	Consumer Defensive	35.69	0.17	-11.46	June25	10.18
Bandhan Small Cap Dir Gr	INF194KB1AL4	Triveni Engineering & Industries Ltd	Consumer Defensive	35.69	0.17	-11.46	July25	9.19
Bandhan Small Cap Dir Gr	INF194KB1AL4	Triveni Engineering & Industries Ltd	Consumer Defensive	35.69	0.17	-11.46	Aug25	8.13
Bandhan Small Cap Dir Gr	INF194KB1AL4	Skipper Ltd	Industrials	35.39	0.17	13.01	Oct24	5.55
Bandhan Small Cap Dir Gr	INF194KB1AL4	Skipper Ltd	Industrials	35.39	0.17	13.01	Nov24	7.52
Bandhan Small Cap Dir Gr	INF194KB1AL4	Skipper Ltd	Industrials	35.39	0.17	13.01	Dec24	3.56
Bandhan Small Cap Dir Gr	INF194KB1AL4	Skipper Ltd	Industrials	35.39	0.17	13.01	Jan25	5.32
Bandhan Small Cap Dir Gr	INF194KB1AL4	Skipper Ltd	Industrials	35.39	0.17	13.01	Feb25	5.59
Bandhan Small Cap Dir Gr	INF194KB1AL4	Skipper Ltd	Industrials	35.39	0.17	13.01	Mar25	15.51
Bandhan Small Cap Dir Gr	INF194KB1AL4	Skipper Ltd	Industrials	35.39	0.17	13.01	Mar25	15.51
Bandhan Small Cap Dir Gr	INF194KB1AL4	Skipper Ltd	Industrials	35.39	0.17	13.01	Apr25	12.51
Bandhan Small Cap Dir Gr	INF194KB1AL4	Skipper Ltd	Industrials	35.39	0.17	13.01	May25	11.15
Bandhan Small Cap Dir Gr	INF194KB1AL4	Skipper Ltd	Industrials	35.39	0.17	13.01	June25	10.18
Bandhan Small Cap Dir Gr	INF194KB1AL4	Skipper Ltd	Industrials	35.39	0.17	13.01	July25	9.19
Bandhan Small Cap Dir Gr	INF194KB1AL4	Skipper Ltd	Industrials	35.39	0.17	13.01	Aug25	8.13
Bandhan Small Cap Dir Gr	INF194KB1AL4	Aditya Birla Sun Life AMC Ltd	Financial Services	33.84	0.17	-1.82	Oct24	5.55
Bandhan Small Cap Dir Gr	INF194KB1AL4	Aditya Birla Sun Life AMC Ltd	Financial Services	33.84	0.17	-1.82	Nov24	7.52
Bandhan Small Cap Dir Gr	INF194KB1AL4	Aditya Birla Sun Life AMC Ltd	Financial Services	33.84	0.17	-1.82	Dec24	3.56
Bandhan Small Cap Dir Gr	INF194KB1AL4	Aditya Birla Sun Life AMC Ltd	Financial Services	33.84	0.17	-1.82	Jan25	5.32
Bandhan Small Cap Dir Gr	INF194KB1AL4	Aditya Birla Sun Life AMC Ltd	Financial Services	33.84	0.17	-1.82	Feb25	5.59
Bandhan Small Cap Dir Gr	INF194KB1AL4	Aditya Birla Sun Life AMC Ltd	Financial Services	33.84	0.17	-1.82	Mar25	15.51
Bandhan Small Cap Dir Gr	INF194KB1AL4	Aditya Birla Sun Life AMC Ltd	Financial Services	33.84	0.17	-1.82	Mar25	15.51
Bandhan Small Cap Dir Gr	INF194KB1AL4	Aditya Birla Sun Life AMC Ltd	Financial Services	33.84	0.17	-1.82	Apr25	12.51
Bandhan Small Cap Dir Gr	INF194KB1AL4	Aditya Birla Sun Life AMC Ltd	Financial Services	33.84	0.17	-1.82	May25	11.15
Bandhan Small Cap Dir Gr	INF194KB1AL4	Aditya Birla Sun Life AMC Ltd	Financial Services	33.84	0.17	-1.82	June25	10.18
Bandhan Small Cap Dir Gr	INF194KB1AL4	Aditya Birla Sun Life AMC Ltd	Financial Services	33.84	0.17	-1.82	July25	9.19
Bandhan Small Cap Dir Gr	INF194KB1AL4	Aditya Birla Sun Life AMC Ltd	Financial Services	33.84	0.17	-1.82	Aug25	8.13
Bandhan Small Cap Dir Gr	INF194KB1AL4	Flair Writing Industries Ltd	Industrials	33.52	0.16	0.00	Oct24	5.55
Bandhan Small Cap Dir Gr	INF194KB1AL4	Flair Writing Industries Ltd	Industrials	33.52	0.16	0.00	Nov24	7.52
Bandhan Small Cap Dir Gr	INF194KB1AL4	Flair Writing Industries Ltd	Industrials	33.52	0.16	0.00	Dec24	3.56
Bandhan Small Cap Dir Gr	INF194KB1AL4	Flair Writing Industries Ltd	Industrials	33.52	0.16	0.00	Jan25	5.32
Bandhan Small Cap Dir Gr	INF194KB1AL4	Flair Writing Industries Ltd	Industrials	33.52	0.16	0.00	Feb25	5.59
Bandhan Small Cap Dir Gr	INF194KB1AL4	Flair Writing Industries Ltd	Industrials	33.52	0.16	0.00	Mar25	15.51
Bandhan Small Cap Dir Gr	INF194KB1AL4	Flair Writing Industries Ltd	Industrials	33.52	0.16	0.00	Mar25	15.51
Bandhan Small Cap Dir Gr	INF194KB1AL4	Flair Writing Industries Ltd	Industrials	33.52	0.16	0.00	Apr25	12.51
Bandhan Small Cap Dir Gr	INF194KB1AL4	Flair Writing Industries Ltd	Industrials	33.52	0.16	0.00	May25	11.15
Bandhan Small Cap Dir Gr	INF194KB1AL4	Flair Writing Industries Ltd	Industrials	33.52	0.16	0.00	June25	10.18
Bandhan Small Cap Dir Gr	INF194KB1AL4	Flair Writing Industries Ltd	Industrials	33.52	0.16	0.00	July25	9.19
Bandhan Small Cap Dir Gr	INF194KB1AL4	Flair Writing Industries Ltd	Industrials	33.52	0.16	0.00	Aug25	8.13
Bandhan Small Cap Dir Gr	INF194KB1AL4	Jyothy Labs Ltd	Consumer Defensive	33.43	0.16	29.03	Oct24	5.55
Bandhan Small Cap Dir Gr	INF194KB1AL4	Jyothy Labs Ltd	Consumer Defensive	33.43	0.16	29.03	Nov24	7.52
Bandhan Small Cap Dir Gr	INF194KB1AL4	Jyothy Labs Ltd	Consumer Defensive	33.43	0.16	29.03	Dec24	3.56
Bandhan Small Cap Dir Gr	INF194KB1AL4	Jyothy Labs Ltd	Consumer Defensive	33.43	0.16	29.03	Jan25	5.32
Bandhan Small Cap Dir Gr	INF194KB1AL4	Jyothy Labs Ltd	Consumer Defensive	33.43	0.16	29.03	Feb25	5.59
Bandhan Small Cap Dir Gr	INF194KB1AL4	Jyothy Labs Ltd	Consumer Defensive	33.43	0.16	29.03	Mar25	15.51
Bandhan Small Cap Dir Gr	INF194KB1AL4	Jyothy Labs Ltd	Consumer Defensive	33.43	0.16	29.03	Mar25	15.51
Bandhan Small Cap Dir Gr	INF194KB1AL4	Jyothy Labs Ltd	Consumer Defensive	33.43	0.16	29.03	Apr25	12.51
Bandhan Small Cap Dir Gr	INF194KB1AL4	Jyothy Labs Ltd	Consumer Defensive	33.43	0.16	29.03	May25	11.15
Bandhan Small Cap Dir Gr	INF194KB1AL4	Jyothy Labs Ltd	Consumer Defensive	33.43	0.16	29.03	June25	10.18
Bandhan Small Cap Dir Gr	INF194KB1AL4	Jyothy Labs Ltd	Consumer Defensive	33.43	0.16	29.03	July25	9.19
Bandhan Small Cap Dir Gr	INF194KB1AL4	Jyothy Labs Ltd	Consumer Defensive	33.43	0.16	29.03	Aug25	8.13
Bandhan Small Cap Dir Gr	INF194KB1AL4	Bombay Burmah Trading Corp Ltd	Consumer Defensive	33.33	0.16	0.00	Oct24	5.55
Bandhan Small Cap Dir Gr	INF194KB1AL4	Bombay Burmah Trading Corp Ltd	Consumer Defensive	33.33	0.16	0.00	Nov24	7.52
Bandhan Small Cap Dir Gr	INF194KB1AL4	Bombay Burmah Trading Corp Ltd	Consumer Defensive	33.33	0.16	0.00	Dec24	3.56
Bandhan Small Cap Dir Gr	INF194KB1AL4	Bombay Burmah Trading Corp Ltd	Consumer Defensive	33.33	0.16	0.00	Jan25	5.32
Bandhan Small Cap Dir Gr	INF194KB1AL4	Bombay Burmah Trading Corp Ltd	Consumer Defensive	33.33	0.16	0.00	Feb25	5.59
Bandhan Small Cap Dir Gr	INF194KB1AL4	Bombay Burmah Trading Corp Ltd	Consumer Defensive	33.33	0.16	0.00	Mar25	15.51
Bandhan Small Cap Dir Gr	INF194KB1AL4	Bombay Burmah Trading Corp Ltd	Consumer Defensive	33.33	0.16	0.00	Mar25	15.51
Bandhan Small Cap Dir Gr	INF194KB1AL4	Bombay Burmah Trading Corp Ltd	Consumer Defensive	33.33	0.16	0.00	Apr25	12.51
Bandhan Small Cap Dir Gr	INF194KB1AL4	Bombay Burmah Trading Corp Ltd	Consumer Defensive	33.33	0.16	0.00	May25	11.15
Bandhan Small Cap Dir Gr	INF194KB1AL4	Bombay Burmah Trading Corp Ltd	Consumer Defensive	33.33	0.16	0.00	June25	10.18
Bandhan Small Cap Dir Gr	INF194KB1AL4	Bombay Burmah Trading Corp Ltd	Consumer Defensive	33.33	0.16	0.00	July25	9.19
Bandhan Small Cap Dir Gr	INF194KB1AL4	Bombay Burmah Trading Corp Ltd	Consumer Defensive	33.33	0.16	0.00	Aug25	8.13
Bandhan Small Cap Dir Gr	INF194KB1AL4	Narayana Hrudayalaya Ltd	Healthcare	32.73	0.16	14.66	Oct24	5.55
Bandhan Small Cap Dir Gr	INF194KB1AL4	Narayana Hrudayalaya Ltd	Healthcare	32.73	0.16	14.66	Nov24	7.52
Bandhan Small Cap Dir Gr	INF194KB1AL4	Narayana Hrudayalaya Ltd	Healthcare	32.73	0.16	14.66	Dec24	3.56
Bandhan Small Cap Dir Gr	INF194KB1AL4	Narayana Hrudayalaya Ltd	Healthcare	32.73	0.16	14.66	Jan25	5.32
Bandhan Small Cap Dir Gr	INF194KB1AL4	Narayana Hrudayalaya Ltd	Healthcare	32.73	0.16	14.66	Feb25	5.59
Bandhan Small Cap Dir Gr	INF194KB1AL4	Narayana Hrudayalaya Ltd	Healthcare	32.73	0.16	14.66	Mar25	15.51
Bandhan Small Cap Dir Gr	INF194KB1AL4	Narayana Hrudayalaya Ltd	Healthcare	32.73	0.16	14.66	Mar25	15.51
Bandhan Small Cap Dir Gr	INF194KB1AL4	Narayana Hrudayalaya Ltd	Healthcare	32.73	0.16	14.66	Apr25	12.51
Bandhan Small Cap Dir Gr	INF194KB1AL4	Narayana Hrudayalaya Ltd	Healthcare	32.73	0.16	14.66	May25	11.15
Bandhan Small Cap Dir Gr	INF194KB1AL4	Narayana Hrudayalaya Ltd	Healthcare	32.73	0.16	14.66	June25	10.18
Bandhan Small Cap Dir Gr	INF194KB1AL4	Narayana Hrudayalaya Ltd	Healthcare	32.73	0.16	14.66	July25	9.19
Bandhan Small Cap Dir Gr	INF194KB1AL4	Narayana Hrudayalaya Ltd	Healthcare	32.73	0.16	14.66	Aug25	8.13
Bandhan Small Cap Dir Gr	INF194KB1AL4	GMM Pfaudler Ltd	Industrials	31.93	0.16	3.63	Oct24	5.55
Bandhan Small Cap Dir Gr	INF194KB1AL4	GMM Pfaudler Ltd	Industrials	31.93	0.16	3.63	Nov24	7.52
Bandhan Small Cap Dir Gr	INF194KB1AL4	GMM Pfaudler Ltd	Industrials	31.93	0.16	3.63	Dec24	3.56
Bandhan Small Cap Dir Gr	INF194KB1AL4	GMM Pfaudler Ltd	Industrials	31.93	0.16	3.63	Jan25	5.32
Bandhan Small Cap Dir Gr	INF194KB1AL4	GMM Pfaudler Ltd	Industrials	31.93	0.16	3.63	Feb25	5.59
Bandhan Small Cap Dir Gr	INF194KB1AL4	GMM Pfaudler Ltd	Industrials	31.93	0.16	3.63	Mar25	15.51
Bandhan Small Cap Dir Gr	INF194KB1AL4	GMM Pfaudler Ltd	Industrials	31.93	0.16	3.63	Mar25	15.51
Bandhan Small Cap Dir Gr	INF194KB1AL4	GMM Pfaudler Ltd	Industrials	31.93	0.16	3.63	Apr25	12.51
Bandhan Small Cap Dir Gr	INF194KB1AL4	GMM Pfaudler Ltd	Industrials	31.93	0.16	3.63	May25	11.15
Bandhan Small Cap Dir Gr	INF194KB1AL4	GMM Pfaudler Ltd	Industrials	31.93	0.16	3.63	June25	10.18
Bandhan Small Cap Dir Gr	INF194KB1AL4	GMM Pfaudler Ltd	Industrials	31.93	0.16	3.63	July25	9.19
Bandhan Small Cap Dir Gr	INF194KB1AL4	GMM Pfaudler Ltd	Industrials	31.93	0.16	3.63	Aug25	8.13
Bandhan Small Cap Dir Gr	INF194KB1AL4	Metropolis Healthcare Ltd	Healthcare	31.68	0.15	7.37	Oct24	5.55
Bandhan Small Cap Dir Gr	INF194KB1AL4	Metropolis Healthcare Ltd	Healthcare	31.68	0.15	7.37	Nov24	7.52
Bandhan Small Cap Dir Gr	INF194KB1AL4	Metropolis Healthcare Ltd	Healthcare	31.68	0.15	7.37	Dec24	3.56
Bandhan Small Cap Dir Gr	INF194KB1AL4	Metropolis Healthcare Ltd	Healthcare	31.68	0.15	7.37	Jan25	5.32
Bandhan Small Cap Dir Gr	INF194KB1AL4	Metropolis Healthcare Ltd	Healthcare	31.68	0.15	7.37	Feb25	5.59
Bandhan Small Cap Dir Gr	INF194KB1AL4	Metropolis Healthcare Ltd	Healthcare	31.68	0.15	7.37	Mar25	15.51
Bandhan Small Cap Dir Gr	INF194KB1AL4	Metropolis Healthcare Ltd	Healthcare	31.68	0.15	7.37	Mar25	15.51
Bandhan Small Cap Dir Gr	INF194KB1AL4	Metropolis Healthcare Ltd	Healthcare	31.68	0.15	7.37	Apr25	12.51
Bandhan Small Cap Dir Gr	INF194KB1AL4	Metropolis Healthcare Ltd	Healthcare	31.68	0.15	7.37	May25	11.15
Bandhan Small Cap Dir Gr	INF194KB1AL4	Metropolis Healthcare Ltd	Healthcare	31.68	0.15	7.37	June25	10.18
Bandhan Small Cap Dir Gr	INF194KB1AL4	Metropolis Healthcare Ltd	Healthcare	31.68	0.15	7.37	July25	9.19
Bandhan Small Cap Dir Gr	INF194KB1AL4	Metropolis Healthcare Ltd	Healthcare	31.68	0.15	7.37	Aug25	8.13
Bandhan Small Cap Dir Gr	INF194KB1AL4	Kirloskar Pneumatic Co Ltd	Industrials	31.59	0.15	0.00	Oct24	5.55
Bandhan Small Cap Dir Gr	INF194KB1AL4	Kirloskar Pneumatic Co Ltd	Industrials	31.59	0.15	0.00	Nov24	7.52
Bandhan Small Cap Dir Gr	INF194KB1AL4	Kirloskar Pneumatic Co Ltd	Industrials	31.59	0.15	0.00	Dec24	3.56
Bandhan Small Cap Dir Gr	INF194KB1AL4	Kirloskar Pneumatic Co Ltd	Industrials	31.59	0.15	0.00	Jan25	5.32
Bandhan Small Cap Dir Gr	INF194KB1AL4	Kirloskar Pneumatic Co Ltd	Industrials	31.59	0.15	0.00	Feb25	5.59
Bandhan Small Cap Dir Gr	INF194KB1AL4	Kirloskar Pneumatic Co Ltd	Industrials	31.59	0.15	0.00	Mar25	15.51
Bandhan Small Cap Dir Gr	INF194KB1AL4	Kirloskar Pneumatic Co Ltd	Industrials	31.59	0.15	0.00	Mar25	15.51
Bandhan Small Cap Dir Gr	INF194KB1AL4	Kirloskar Pneumatic Co Ltd	Industrials	31.59	0.15	0.00	Apr25	12.51
Bandhan Small Cap Dir Gr	INF194KB1AL4	Kirloskar Pneumatic Co Ltd	Industrials	31.59	0.15	0.00	May25	11.15
Bandhan Small Cap Dir Gr	INF194KB1AL4	Kirloskar Pneumatic Co Ltd	Industrials	31.59	0.15	0.00	June25	10.18
Bandhan Small Cap Dir Gr	INF194KB1AL4	Kirloskar Pneumatic Co Ltd	Industrials	31.59	0.15	0.00	July25	9.19
Bandhan Small Cap Dir Gr	INF194KB1AL4	Kirloskar Pneumatic Co Ltd	Industrials	31.59	0.15	0.00	Aug25	8.13
Bandhan Small Cap Dir Gr	INF194KB1AL4	J.B. Chemicals & Pharmaceuticals Ltd	Healthcare	31.53	0.15	-31.92	Oct24	5.55
Bandhan Small Cap Dir Gr	INF194KB1AL4	J.B. Chemicals & Pharmaceuticals Ltd	Healthcare	31.53	0.15	-31.92	Nov24	7.52
Bandhan Small Cap Dir Gr	INF194KB1AL4	J.B. Chemicals & Pharmaceuticals Ltd	Healthcare	31.53	0.15	-31.92	Dec24	3.56
Bandhan Small Cap Dir Gr	INF194KB1AL4	J.B. Chemicals & Pharmaceuticals Ltd	Healthcare	31.53	0.15	-31.92	Jan25	5.32
Bandhan Small Cap Dir Gr	INF194KB1AL4	J.B. Chemicals & Pharmaceuticals Ltd	Healthcare	31.53	0.15	-31.92	Feb25	5.59
Bandhan Small Cap Dir Gr	INF194KB1AL4	J.B. Chemicals & Pharmaceuticals Ltd	Healthcare	31.53	0.15	-31.92	Mar25	15.51
Bandhan Small Cap Dir Gr	INF194KB1AL4	J.B. Chemicals & Pharmaceuticals Ltd	Healthcare	31.53	0.15	-31.92	Mar25	15.51
Bandhan Small Cap Dir Gr	INF194KB1AL4	J.B. Chemicals & Pharmaceuticals Ltd	Healthcare	31.53	0.15	-31.92	Apr25	12.51
Bandhan Small Cap Dir Gr	INF194KB1AL4	J.B. Chemicals & Pharmaceuticals Ltd	Healthcare	31.53	0.15	-31.92	May25	11.15
Bandhan Small Cap Dir Gr	INF194KB1AL4	J.B. Chemicals & Pharmaceuticals Ltd	Healthcare	31.53	0.15	-31.92	June25	10.18
Bandhan Small Cap Dir Gr	INF194KB1AL4	J.B. Chemicals & Pharmaceuticals Ltd	Healthcare	31.53	0.15	-31.92	July25	9.19
Bandhan Small Cap Dir Gr	INF194KB1AL4	J.B. Chemicals & Pharmaceuticals Ltd	Healthcare	31.53	0.15	-31.92	Aug25	8.13
Bandhan Small Cap Dir Gr	INF194KB1AL4	Indus Towers Ltd Ordinary Shares	Communication Services	31.39	0.15	0.00	Oct24	5.55
Bandhan Small Cap Dir Gr	INF194KB1AL4	Indus Towers Ltd Ordinary Shares	Communication Services	31.39	0.15	0.00	Nov24	7.52
Bandhan Small Cap Dir Gr	INF194KB1AL4	Indus Towers Ltd Ordinary Shares	Communication Services	31.39	0.15	0.00	Dec24	3.56
Bandhan Small Cap Dir Gr	INF194KB1AL4	Indus Towers Ltd Ordinary Shares	Communication Services	31.39	0.15	0.00	Jan25	5.32
Bandhan Small Cap Dir Gr	INF194KB1AL4	Indus Towers Ltd Ordinary Shares	Communication Services	31.39	0.15	0.00	Feb25	5.59
Bandhan Small Cap Dir Gr	INF194KB1AL4	Indus Towers Ltd Ordinary Shares	Communication Services	31.39	0.15	0.00	Mar25	15.51
Bandhan Small Cap Dir Gr	INF194KB1AL4	Indus Towers Ltd Ordinary Shares	Communication Services	31.39	0.15	0.00	Mar25	15.51
Bandhan Small Cap Dir Gr	INF194KB1AL4	Indus Towers Ltd Ordinary Shares	Communication Services	31.39	0.15	0.00	Apr25	12.51
Bandhan Small Cap Dir Gr	INF194KB1AL4	Indus Towers Ltd Ordinary Shares	Communication Services	31.39	0.15	0.00	May25	11.15
Bandhan Small Cap Dir Gr	INF194KB1AL4	Indus Towers Ltd Ordinary Shares	Communication Services	31.39	0.15	0.00	June25	10.18
Bandhan Small Cap Dir Gr	INF194KB1AL4	Indus Towers Ltd Ordinary Shares	Communication Services	31.39	0.15	0.00	July25	9.19
Bandhan Small Cap Dir Gr	INF194KB1AL4	Indus Towers Ltd Ordinary Shares	Communication Services	31.39	0.15	0.00	Aug25	8.13
Bandhan Small Cap Dir Gr	INF194KB1AL4	NTPC Green Energy Ltd	Utilities	30.59	0.15	7.10	Oct24	5.55
Bandhan Small Cap Dir Gr	INF194KB1AL4	NTPC Green Energy Ltd	Utilities	30.59	0.15	7.10	Nov24	7.52
Bandhan Small Cap Dir Gr	INF194KB1AL4	NTPC Green Energy Ltd	Utilities	30.59	0.15	7.10	Dec24	3.56
Bandhan Small Cap Dir Gr	INF194KB1AL4	NTPC Green Energy Ltd	Utilities	30.59	0.15	7.10	Jan25	5.32
Bandhan Small Cap Dir Gr	INF194KB1AL4	NTPC Green Energy Ltd	Utilities	30.59	0.15	7.10	Feb25	5.59
Bandhan Small Cap Dir Gr	INF194KB1AL4	NTPC Green Energy Ltd	Utilities	30.59	0.15	7.10	Mar25	15.51
Bandhan Small Cap Dir Gr	INF194KB1AL4	NTPC Green Energy Ltd	Utilities	30.59	0.15	7.10	Mar25	15.51
Bandhan Small Cap Dir Gr	INF194KB1AL4	NTPC Green Energy Ltd	Utilities	30.59	0.15	7.10	Apr25	12.51
Bandhan Small Cap Dir Gr	INF194KB1AL4	NTPC Green Energy Ltd	Utilities	30.59	0.15	7.10	May25	11.15
Bandhan Small Cap Dir Gr	INF194KB1AL4	NTPC Green Energy Ltd	Utilities	30.59	0.15	7.10	June25	10.18
Bandhan Small Cap Dir Gr	INF194KB1AL4	NTPC Green Energy Ltd	Utilities	30.59	0.15	7.10	July25	9.19
Bandhan Small Cap Dir Gr	INF194KB1AL4	NTPC Green Energy Ltd	Utilities	30.59	0.15	7.10	Aug25	8.13
Bandhan Small Cap Dir Gr	INF194KB1AL4	Edelweiss Financial Services Ltd	Financial Services	30.36	0.15	12.75	Oct24	5.55
Bandhan Small Cap Dir Gr	INF194KB1AL4	Edelweiss Financial Services Ltd	Financial Services	30.36	0.15	12.75	Nov24	7.52
Bandhan Small Cap Dir Gr	INF194KB1AL4	Edelweiss Financial Services Ltd	Financial Services	30.36	0.15	12.75	Dec24	3.56
Bandhan Small Cap Dir Gr	INF194KB1AL4	Edelweiss Financial Services Ltd	Financial Services	30.36	0.15	12.75	Jan25	5.32
Bandhan Small Cap Dir Gr	INF194KB1AL4	Edelweiss Financial Services Ltd	Financial Services	30.36	0.15	12.75	Feb25	5.59
Bandhan Small Cap Dir Gr	INF194KB1AL4	Edelweiss Financial Services Ltd	Financial Services	30.36	0.15	12.75	Mar25	15.51
Bandhan Small Cap Dir Gr	INF194KB1AL4	Edelweiss Financial Services Ltd	Financial Services	30.36	0.15	12.75	Mar25	15.51
Bandhan Small Cap Dir Gr	INF194KB1AL4	Edelweiss Financial Services Ltd	Financial Services	30.36	0.15	12.75	Apr25	12.51
Bandhan Small Cap Dir Gr	INF194KB1AL4	Edelweiss Financial Services Ltd	Financial Services	30.36	0.15	12.75	May25	11.15
Bandhan Small Cap Dir Gr	INF194KB1AL4	Edelweiss Financial Services Ltd	Financial Services	30.36	0.15	12.75	June25	10.18
Bandhan Small Cap Dir Gr	INF194KB1AL4	Edelweiss Financial Services Ltd	Financial Services	30.36	0.15	12.75	July25	9.19
Bandhan Small Cap Dir Gr	INF194KB1AL4	Edelweiss Financial Services Ltd	Financial Services	30.36	0.15	12.75	Aug25	8.13
Bandhan Small Cap Dir Gr	INF194KB1AL4	Sterlite Technologies Ltd	Technology	30.09	0.15	-18.81	Oct24	5.55
Bandhan Small Cap Dir Gr	INF194KB1AL4	Sterlite Technologies Ltd	Technology	30.09	0.15	-18.81	Nov24	7.52
Bandhan Small Cap Dir Gr	INF194KB1AL4	Sterlite Technologies Ltd	Technology	30.09	0.15	-18.81	Dec24	3.56
Bandhan Small Cap Dir Gr	INF194KB1AL4	Sterlite Technologies Ltd	Technology	30.09	0.15	-18.81	Jan25	5.32
Bandhan Small Cap Dir Gr	INF194KB1AL4	Sterlite Technologies Ltd	Technology	30.09	0.15	-18.81	Feb25	5.59
Bandhan Small Cap Dir Gr	INF194KB1AL4	Sterlite Technologies Ltd	Technology	30.09	0.15	-18.81	Mar25	15.51
Bandhan Small Cap Dir Gr	INF194KB1AL4	Sterlite Technologies Ltd	Technology	30.09	0.15	-18.81	Mar25	15.51
Bandhan Small Cap Dir Gr	INF194KB1AL4	Sterlite Technologies Ltd	Technology	30.09	0.15	-18.81	Apr25	12.51
Bandhan Small Cap Dir Gr	INF194KB1AL4	Sterlite Technologies Ltd	Technology	30.09	0.15	-18.81	May25	11.15
Bandhan Small Cap Dir Gr	INF194KB1AL4	Sterlite Technologies Ltd	Technology	30.09	0.15	-18.81	June25	10.18
Bandhan Small Cap Dir Gr	INF194KB1AL4	Sterlite Technologies Ltd	Technology	30.09	0.15	-18.81	July25	9.19
Bandhan Small Cap Dir Gr	INF194KB1AL4	Sterlite Technologies Ltd	Technology	30.09	0.15	-18.81	Aug25	8.13
Bandhan Small Cap Dir Gr	INF194KB1AL4	Quess Corp Ltd	Industrials	28.61	0.14	2.10	Oct24	5.55
Bandhan Small Cap Dir Gr	INF194KB1AL4	Quess Corp Ltd	Industrials	28.61	0.14	2.10	Nov24	7.52
Bandhan Small Cap Dir Gr	INF194KB1AL4	Quess Corp Ltd	Industrials	28.61	0.14	2.10	Dec24	3.56
Bandhan Small Cap Dir Gr	INF194KB1AL4	Quess Corp Ltd	Industrials	28.61	0.14	2.10	Jan25	5.32
Bandhan Small Cap Dir Gr	INF194KB1AL4	Quess Corp Ltd	Industrials	28.61	0.14	2.10	Feb25	5.59
Bandhan Small Cap Dir Gr	INF194KB1AL4	Quess Corp Ltd	Industrials	28.61	0.14	2.10	Mar25	15.51
Bandhan Small Cap Dir Gr	INF194KB1AL4	Quess Corp Ltd	Industrials	28.61	0.14	2.10	Mar25	15.51
Bandhan Small Cap Dir Gr	INF194KB1AL4	Quess Corp Ltd	Industrials	28.61	0.14	2.10	Apr25	12.51
Bandhan Small Cap Dir Gr	INF194KB1AL4	Quess Corp Ltd	Industrials	28.61	0.14	2.10	May25	11.15
Bandhan Small Cap Dir Gr	INF194KB1AL4	Quess Corp Ltd	Industrials	28.61	0.14	2.10	June25	10.18
Bandhan Small Cap Dir Gr	INF194KB1AL4	Quess Corp Ltd	Industrials	28.61	0.14	2.10	July25	9.19
Bandhan Small Cap Dir Gr	INF194KB1AL4	Quess Corp Ltd	Industrials	28.61	0.14	2.10	Aug25	8.13
Bandhan Small Cap Dir Gr	INF194KB1AL4	R R Kabel Ltd	Industrials	28.46	0.14	3.41	Oct24	5.55
Bandhan Small Cap Dir Gr	INF194KB1AL4	R R Kabel Ltd	Industrials	28.46	0.14	3.41	Nov24	7.52
Bandhan Small Cap Dir Gr	INF194KB1AL4	R R Kabel Ltd	Industrials	28.46	0.14	3.41	Dec24	3.56
Bandhan Small Cap Dir Gr	INF194KB1AL4	R R Kabel Ltd	Industrials	28.46	0.14	3.41	Jan25	5.32
Bandhan Small Cap Dir Gr	INF194KB1AL4	R R Kabel Ltd	Industrials	28.46	0.14	3.41	Feb25	5.59
Bandhan Small Cap Dir Gr	INF194KB1AL4	R R Kabel Ltd	Industrials	28.46	0.14	3.41	Mar25	15.51
Bandhan Small Cap Dir Gr	INF194KB1AL4	R R Kabel Ltd	Industrials	28.46	0.14	3.41	Mar25	15.51
Bandhan Small Cap Dir Gr	INF194KB1AL4	R R Kabel Ltd	Industrials	28.46	0.14	3.41	Apr25	12.51
Bandhan Small Cap Dir Gr	INF194KB1AL4	R R Kabel Ltd	Industrials	28.46	0.14	3.41	May25	11.15
Bandhan Small Cap Dir Gr	INF194KB1AL4	R R Kabel Ltd	Industrials	28.46	0.14	3.41	June25	10.18
Bandhan Small Cap Dir Gr	INF194KB1AL4	R R Kabel Ltd	Industrials	28.46	0.14	3.41	July25	9.19
Bandhan Small Cap Dir Gr	INF194KB1AL4	R R Kabel Ltd	Industrials	28.46	0.14	3.41	Aug25	8.13
Bandhan Small Cap Dir Gr	INF194KB1AL4	Clean Science and Technology Ltd	Basic Materials	28.35	0.14	12.22	Oct24	5.55
Bandhan Small Cap Dir Gr	INF194KB1AL4	Clean Science and Technology Ltd	Basic Materials	28.35	0.14	12.22	Nov24	7.52
Bandhan Small Cap Dir Gr	INF194KB1AL4	Clean Science and Technology Ltd	Basic Materials	28.35	0.14	12.22	Dec24	3.56
Bandhan Small Cap Dir Gr	INF194KB1AL4	Clean Science and Technology Ltd	Basic Materials	28.35	0.14	12.22	Jan25	5.32
Bandhan Small Cap Dir Gr	INF194KB1AL4	Clean Science and Technology Ltd	Basic Materials	28.35	0.14	12.22	Feb25	5.59
Bandhan Small Cap Dir Gr	INF194KB1AL4	Clean Science and Technology Ltd	Basic Materials	28.35	0.14	12.22	Mar25	15.51
Bandhan Small Cap Dir Gr	INF194KB1AL4	Clean Science and Technology Ltd	Basic Materials	28.35	0.14	12.22	Mar25	15.51
Bandhan Small Cap Dir Gr	INF194KB1AL4	Clean Science and Technology Ltd	Basic Materials	28.35	0.14	12.22	Apr25	12.51
Bandhan Small Cap Dir Gr	INF194KB1AL4	Clean Science and Technology Ltd	Basic Materials	28.35	0.14	12.22	May25	11.15
Bandhan Small Cap Dir Gr	INF194KB1AL4	Clean Science and Technology Ltd	Basic Materials	28.35	0.14	12.22	June25	10.18
Bandhan Small Cap Dir Gr	INF194KB1AL4	Clean Science and Technology Ltd	Basic Materials	28.35	0.14	12.22	July25	9.19
Bandhan Small Cap Dir Gr	INF194KB1AL4	Clean Science and Technology Ltd	Basic Materials	28.35	0.14	12.22	Aug25	8.13
Bandhan Small Cap Dir Gr	INF194KB1AL4	Eureka Forbes Ltd	Consumer Cyclical	27.97	0.14	11.37	Oct24	5.55
Bandhan Small Cap Dir Gr	INF194KB1AL4	Eureka Forbes Ltd	Consumer Cyclical	27.97	0.14	11.37	Nov24	7.52
Bandhan Small Cap Dir Gr	INF194KB1AL4	Eureka Forbes Ltd	Consumer Cyclical	27.97	0.14	11.37	Dec24	3.56
Bandhan Small Cap Dir Gr	INF194KB1AL4	Eureka Forbes Ltd	Consumer Cyclical	27.97	0.14	11.37	Jan25	5.32
Bandhan Small Cap Dir Gr	INF194KB1AL4	Eureka Forbes Ltd	Consumer Cyclical	27.97	0.14	11.37	Feb25	5.59
Bandhan Small Cap Dir Gr	INF194KB1AL4	Eureka Forbes Ltd	Consumer Cyclical	27.97	0.14	11.37	Mar25	15.51
Bandhan Small Cap Dir Gr	INF194KB1AL4	Eureka Forbes Ltd	Consumer Cyclical	27.97	0.14	11.37	Mar25	15.51
Bandhan Small Cap Dir Gr	INF194KB1AL4	Eureka Forbes Ltd	Consumer Cyclical	27.97	0.14	11.37	Apr25	12.51
Bandhan Small Cap Dir Gr	INF194KB1AL4	Eureka Forbes Ltd	Consumer Cyclical	27.97	0.14	11.37	May25	11.15
Bandhan Small Cap Dir Gr	INF194KB1AL4	Eureka Forbes Ltd	Consumer Cyclical	27.97	0.14	11.37	June25	10.18
Bandhan Small Cap Dir Gr	INF194KB1AL4	Eureka Forbes Ltd	Consumer Cyclical	27.97	0.14	11.37	July25	9.19
Bandhan Small Cap Dir Gr	INF194KB1AL4	Eureka Forbes Ltd	Consumer Cyclical	27.97	0.14	11.37	Aug25	8.13
Bandhan Small Cap Dir Gr	INF194KB1AL4	Redington Ltd	Technology	27.85	0.14	3.86	Oct24	5.55
Bandhan Small Cap Dir Gr	INF194KB1AL4	Redington Ltd	Technology	27.85	0.14	3.86	Nov24	7.52
Bandhan Small Cap Dir Gr	INF194KB1AL4	Redington Ltd	Technology	27.85	0.14	3.86	Dec24	3.56
Bandhan Small Cap Dir Gr	INF194KB1AL4	Redington Ltd	Technology	27.85	0.14	3.86	Jan25	5.32
Bandhan Small Cap Dir Gr	INF194KB1AL4	Redington Ltd	Technology	27.85	0.14	3.86	Feb25	5.59
Bandhan Small Cap Dir Gr	INF194KB1AL4	Redington Ltd	Technology	27.85	0.14	3.86	Mar25	15.51
Bandhan Small Cap Dir Gr	INF194KB1AL4	Redington Ltd	Technology	27.85	0.14	3.86	Mar25	15.51
Bandhan Small Cap Dir Gr	INF194KB1AL4	Redington Ltd	Technology	27.85	0.14	3.86	Apr25	12.51
Bandhan Small Cap Dir Gr	INF194KB1AL4	Redington Ltd	Technology	27.85	0.14	3.86	May25	11.15
Bandhan Small Cap Dir Gr	INF194KB1AL4	Redington Ltd	Technology	27.85	0.14	3.86	June25	10.18
Bandhan Small Cap Dir Gr	INF194KB1AL4	Redington Ltd	Technology	27.85	0.14	3.86	July25	9.19
Bandhan Small Cap Dir Gr	INF194KB1AL4	Redington Ltd	Technology	27.85	0.14	3.86	Aug25	8.13
Bandhan Small Cap Dir Gr	INF194KB1AL4	Greenpanel Industries Ltd Ordinary Shares	Basic Materials	27.76	0.14	4.65	Oct24	5.55
Bandhan Small Cap Dir Gr	INF194KB1AL4	Greenpanel Industries Ltd Ordinary Shares	Basic Materials	27.76	0.14	4.65	Nov24	7.52
Bandhan Small Cap Dir Gr	INF194KB1AL4	Greenpanel Industries Ltd Ordinary Shares	Basic Materials	27.76	0.14	4.65	Dec24	3.56
Bandhan Small Cap Dir Gr	INF194KB1AL4	Greenpanel Industries Ltd Ordinary Shares	Basic Materials	27.76	0.14	4.65	Jan25	5.32
Bandhan Small Cap Dir Gr	INF194KB1AL4	Greenpanel Industries Ltd Ordinary Shares	Basic Materials	27.76	0.14	4.65	Feb25	5.59
Bandhan Small Cap Dir Gr	INF194KB1AL4	Greenpanel Industries Ltd Ordinary Shares	Basic Materials	27.76	0.14	4.65	Mar25	15.51
Bandhan Small Cap Dir Gr	INF194KB1AL4	Greenpanel Industries Ltd Ordinary Shares	Basic Materials	27.76	0.14	4.65	Mar25	15.51
Bandhan Small Cap Dir Gr	INF194KB1AL4	Greenpanel Industries Ltd Ordinary Shares	Basic Materials	27.76	0.14	4.65	Apr25	12.51
Bandhan Small Cap Dir Gr	INF194KB1AL4	Greenpanel Industries Ltd Ordinary Shares	Basic Materials	27.76	0.14	4.65	May25	11.15
Bandhan Small Cap Dir Gr	INF194KB1AL4	Greenpanel Industries Ltd Ordinary Shares	Basic Materials	27.76	0.14	4.65	June25	10.18
Bandhan Small Cap Dir Gr	INF194KB1AL4	Greenpanel Industries Ltd Ordinary Shares	Basic Materials	27.76	0.14	4.65	July25	9.19
Bandhan Small Cap Dir Gr	INF194KB1AL4	Greenpanel Industries Ltd Ordinary Shares	Basic Materials	27.76	0.14	4.65	Aug25	8.13
Bandhan Small Cap Dir Gr	INF194KB1AL4	Ecos (India) Mobility & Hospitality Ltd	Industrials	27.43	0.13	0.00	Oct24	5.55
Bandhan Small Cap Dir Gr	INF194KB1AL4	Ecos (India) Mobility & Hospitality Ltd	Industrials	27.43	0.13	0.00	Nov24	7.52
Bandhan Small Cap Dir Gr	INF194KB1AL4	Ecos (India) Mobility & Hospitality Ltd	Industrials	27.43	0.13	0.00	Dec24	3.56
Bandhan Small Cap Dir Gr	INF194KB1AL4	Ecos (India) Mobility & Hospitality Ltd	Industrials	27.43	0.13	0.00	Jan25	5.32
Bandhan Small Cap Dir Gr	INF194KB1AL4	Ecos (India) Mobility & Hospitality Ltd	Industrials	27.43	0.13	0.00	Feb25	5.59
Bandhan Small Cap Dir Gr	INF194KB1AL4	Ecos (India) Mobility & Hospitality Ltd	Industrials	27.43	0.13	0.00	Mar25	15.51
Bandhan Small Cap Dir Gr	INF194KB1AL4	Ecos (India) Mobility & Hospitality Ltd	Industrials	27.43	0.13	0.00	Mar25	15.51
Bandhan Small Cap Dir Gr	INF194KB1AL4	Ecos (India) Mobility & Hospitality Ltd	Industrials	27.43	0.13	0.00	Apr25	12.51
Bandhan Small Cap Dir Gr	INF194KB1AL4	Ecos (India) Mobility & Hospitality Ltd	Industrials	27.43	0.13	0.00	May25	11.15
Bandhan Small Cap Dir Gr	INF194KB1AL4	Ecos (India) Mobility & Hospitality Ltd	Industrials	27.43	0.13	0.00	June25	10.18
Bandhan Small Cap Dir Gr	INF194KB1AL4	Ecos (India) Mobility & Hospitality Ltd	Industrials	27.43	0.13	0.00	July25	9.19
Bandhan Small Cap Dir Gr	INF194KB1AL4	Ecos (India) Mobility & Hospitality Ltd	Industrials	27.43	0.13	0.00	Aug25	8.13
Bandhan Small Cap Dir Gr	INF194KB1AL4	Keystone Realtors Ltd	Real Estate	26.77	0.13	6.96	Oct24	5.55
Bandhan Small Cap Dir Gr	INF194KB1AL4	Keystone Realtors Ltd	Real Estate	26.77	0.13	6.96	Nov24	7.52
Bandhan Small Cap Dir Gr	INF194KB1AL4	Keystone Realtors Ltd	Real Estate	26.77	0.13	6.96	Dec24	3.56
Bandhan Small Cap Dir Gr	INF194KB1AL4	Keystone Realtors Ltd	Real Estate	26.77	0.13	6.96	Jan25	5.32
Bandhan Small Cap Dir Gr	INF194KB1AL4	Keystone Realtors Ltd	Real Estate	26.77	0.13	6.96	Feb25	5.59
Bandhan Small Cap Dir Gr	INF194KB1AL4	Keystone Realtors Ltd	Real Estate	26.77	0.13	6.96	Mar25	15.51
Bandhan Small Cap Dir Gr	INF194KB1AL4	Keystone Realtors Ltd	Real Estate	26.77	0.13	6.96	Mar25	15.51
Bandhan Small Cap Dir Gr	INF194KB1AL4	Keystone Realtors Ltd	Real Estate	26.77	0.13	6.96	Apr25	12.51
Bandhan Small Cap Dir Gr	INF194KB1AL4	Keystone Realtors Ltd	Real Estate	26.77	0.13	6.96	May25	11.15
Bandhan Small Cap Dir Gr	INF194KB1AL4	Keystone Realtors Ltd	Real Estate	26.77	0.13	6.96	June25	10.18
Bandhan Small Cap Dir Gr	INF194KB1AL4	Keystone Realtors Ltd	Real Estate	26.77	0.13	6.96	July25	9.19
Bandhan Small Cap Dir Gr	INF194KB1AL4	Keystone Realtors Ltd	Real Estate	26.77	0.13	6.96	Aug25	8.13
Bandhan Small Cap Dir Gr	INF194KB1AL4	Orchid Pharma Ltd	Healthcare	26.68	0.13	38.64	Oct24	5.55
Bandhan Small Cap Dir Gr	INF194KB1AL4	Orchid Pharma Ltd	Healthcare	26.68	0.13	38.64	Nov24	7.52
Bandhan Small Cap Dir Gr	INF194KB1AL4	Orchid Pharma Ltd	Healthcare	26.68	0.13	38.64	Dec24	3.56
Bandhan Small Cap Dir Gr	INF194KB1AL4	Orchid Pharma Ltd	Healthcare	26.68	0.13	38.64	Jan25	5.32
Bandhan Small Cap Dir Gr	INF194KB1AL4	Orchid Pharma Ltd	Healthcare	26.68	0.13	38.64	Feb25	5.59
Bandhan Small Cap Dir Gr	INF194KB1AL4	Orchid Pharma Ltd	Healthcare	26.68	0.13	38.64	Mar25	15.51
Bandhan Small Cap Dir Gr	INF194KB1AL4	Orchid Pharma Ltd	Healthcare	26.68	0.13	38.64	Mar25	15.51
Bandhan Small Cap Dir Gr	INF194KB1AL4	Orchid Pharma Ltd	Healthcare	26.68	0.13	38.64	Apr25	12.51
Bandhan Small Cap Dir Gr	INF194KB1AL4	Orchid Pharma Ltd	Healthcare	26.68	0.13	38.64	May25	11.15
Bandhan Small Cap Dir Gr	INF194KB1AL4	Orchid Pharma Ltd	Healthcare	26.68	0.13	38.64	June25	10.18
Bandhan Small Cap Dir Gr	INF194KB1AL4	Orchid Pharma Ltd	Healthcare	26.68	0.13	38.64	July25	9.19
Bandhan Small Cap Dir Gr	INF194KB1AL4	Orchid Pharma Ltd	Healthcare	26.68	0.13	38.64	Aug25	8.13
Bandhan Small Cap Dir Gr	INF194KB1AL4	Jindal Saw Ltd	Basic Materials	26.59	0.13	23.90	Oct24	5.55
Bandhan Small Cap Dir Gr	INF194KB1AL4	Jindal Saw Ltd	Basic Materials	26.59	0.13	23.90	Nov24	7.52
Bandhan Small Cap Dir Gr	INF194KB1AL4	Jindal Saw Ltd	Basic Materials	26.59	0.13	23.90	Dec24	3.56
Bandhan Small Cap Dir Gr	INF194KB1AL4	Jindal Saw Ltd	Basic Materials	26.59	0.13	23.90	Jan25	5.32
Bandhan Small Cap Dir Gr	INF194KB1AL4	Jindal Saw Ltd	Basic Materials	26.59	0.13	23.90	Feb25	5.59
Bandhan Small Cap Dir Gr	INF194KB1AL4	Jindal Saw Ltd	Basic Materials	26.59	0.13	23.90	Mar25	15.51
Bandhan Small Cap Dir Gr	INF194KB1AL4	Jindal Saw Ltd	Basic Materials	26.59	0.13	23.90	Mar25	15.51
Bandhan Small Cap Dir Gr	INF194KB1AL4	Jindal Saw Ltd	Basic Materials	26.59	0.13	23.90	Apr25	12.51
Bandhan Small Cap Dir Gr	INF194KB1AL4	Jindal Saw Ltd	Basic Materials	26.59	0.13	23.90	May25	11.15
Bandhan Small Cap Dir Gr	INF194KB1AL4	Jindal Saw Ltd	Basic Materials	26.59	0.13	23.90	June25	10.18
Bandhan Small Cap Dir Gr	INF194KB1AL4	Jindal Saw Ltd	Basic Materials	26.59	0.13	23.90	July25	9.19
Bandhan Small Cap Dir Gr	INF194KB1AL4	Jindal Saw Ltd	Basic Materials	26.59	0.13	23.90	Aug25	8.13
Bandhan Small Cap Dir Gr	INF194KB1AL4	Sapphire Foods India Ltd	Consumer Cyclical	26.57	0.13	0.00	Oct24	5.55
Bandhan Small Cap Dir Gr	INF194KB1AL4	Sapphire Foods India Ltd	Consumer Cyclical	26.57	0.13	0.00	Nov24	7.52
Bandhan Small Cap Dir Gr	INF194KB1AL4	Sapphire Foods India Ltd	Consumer Cyclical	26.57	0.13	0.00	Dec24	3.56
Bandhan Small Cap Dir Gr	INF194KB1AL4	Sapphire Foods India Ltd	Consumer Cyclical	26.57	0.13	0.00	Jan25	5.32
Bandhan Small Cap Dir Gr	INF194KB1AL4	Sapphire Foods India Ltd	Consumer Cyclical	26.57	0.13	0.00	Feb25	5.59
Bandhan Small Cap Dir Gr	INF194KB1AL4	Sapphire Foods India Ltd	Consumer Cyclical	26.57	0.13	0.00	Mar25	15.51
Bandhan Small Cap Dir Gr	INF194KB1AL4	Sapphire Foods India Ltd	Consumer Cyclical	26.57	0.13	0.00	Mar25	15.51
Bandhan Small Cap Dir Gr	INF194KB1AL4	Sapphire Foods India Ltd	Consumer Cyclical	26.57	0.13	0.00	Apr25	12.51
Bandhan Small Cap Dir Gr	INF194KB1AL4	Sapphire Foods India Ltd	Consumer Cyclical	26.57	0.13	0.00	May25	11.15
Bandhan Small Cap Dir Gr	INF194KB1AL4	Sapphire Foods India Ltd	Consumer Cyclical	26.57	0.13	0.00	June25	10.18
Bandhan Small Cap Dir Gr	INF194KB1AL4	Sapphire Foods India Ltd	Consumer Cyclical	26.57	0.13	0.00	July25	9.19
Bandhan Small Cap Dir Gr	INF194KB1AL4	Sapphire Foods India Ltd	Consumer Cyclical	26.57	0.13	0.00	Aug25	8.13
Bandhan Small Cap Dir Gr	INF194KB1AL4	Alicon Castalloy Ltd	Industrials	26.43	0.13	8.33	Oct24	5.55
Bandhan Small Cap Dir Gr	INF194KB1AL4	Alicon Castalloy Ltd	Industrials	26.43	0.13	8.33	Nov24	7.52
Bandhan Small Cap Dir Gr	INF194KB1AL4	Alicon Castalloy Ltd	Industrials	26.43	0.13	8.33	Dec24	3.56
Bandhan Small Cap Dir Gr	INF194KB1AL4	Alicon Castalloy Ltd	Industrials	26.43	0.13	8.33	Jan25	5.32
Bandhan Small Cap Dir Gr	INF194KB1AL4	Alicon Castalloy Ltd	Industrials	26.43	0.13	8.33	Feb25	5.59
Bandhan Small Cap Dir Gr	INF194KB1AL4	Alicon Castalloy Ltd	Industrials	26.43	0.13	8.33	Mar25	15.51
Bandhan Small Cap Dir Gr	INF194KB1AL4	Alicon Castalloy Ltd	Industrials	26.43	0.13	8.33	Mar25	15.51
Bandhan Small Cap Dir Gr	INF194KB1AL4	Alicon Castalloy Ltd	Industrials	26.43	0.13	8.33	Apr25	12.51
Bandhan Small Cap Dir Gr	INF194KB1AL4	Alicon Castalloy Ltd	Industrials	26.43	0.13	8.33	May25	11.15
Bandhan Small Cap Dir Gr	INF194KB1AL4	Alicon Castalloy Ltd	Industrials	26.43	0.13	8.33	June25	10.18
Bandhan Small Cap Dir Gr	INF194KB1AL4	Alicon Castalloy Ltd	Industrials	26.43	0.13	8.33	July25	9.19
Bandhan Small Cap Dir Gr	INF194KB1AL4	Alicon Castalloy Ltd	Industrials	26.43	0.13	8.33	Aug25	8.13
Bandhan Small Cap Dir Gr	INF194KB1AL4	Brigade Hotel Ventures Ltd	Consumer Cyclical	25.79	0.13	34.20	Oct24	5.55
Bandhan Small Cap Dir Gr	INF194KB1AL4	Brigade Hotel Ventures Ltd	Consumer Cyclical	25.79	0.13	34.20	Nov24	7.52
Bandhan Small Cap Dir Gr	INF194KB1AL4	Brigade Hotel Ventures Ltd	Consumer Cyclical	25.79	0.13	34.20	Dec24	3.56
Bandhan Small Cap Dir Gr	INF194KB1AL4	Brigade Hotel Ventures Ltd	Consumer Cyclical	25.79	0.13	34.20	Jan25	5.32
Bandhan Small Cap Dir Gr	INF194KB1AL4	Brigade Hotel Ventures Ltd	Consumer Cyclical	25.79	0.13	34.20	Feb25	5.59
Bandhan Small Cap Dir Gr	INF194KB1AL4	Brigade Hotel Ventures Ltd	Consumer Cyclical	25.79	0.13	34.20	Mar25	15.51
Bandhan Small Cap Dir Gr	INF194KB1AL4	Brigade Hotel Ventures Ltd	Consumer Cyclical	25.79	0.13	34.20	Mar25	15.51
Bandhan Small Cap Dir Gr	INF194KB1AL4	Brigade Hotel Ventures Ltd	Consumer Cyclical	25.79	0.13	34.20	Apr25	12.51
Bandhan Small Cap Dir Gr	INF194KB1AL4	Brigade Hotel Ventures Ltd	Consumer Cyclical	25.79	0.13	34.20	May25	11.15
Bandhan Small Cap Dir Gr	INF194KB1AL4	Brigade Hotel Ventures Ltd	Consumer Cyclical	25.79	0.13	34.20	June25	10.18
Bandhan Small Cap Dir Gr	INF194KB1AL4	Brigade Hotel Ventures Ltd	Consumer Cyclical	25.79	0.13	34.20	July25	9.19
Bandhan Small Cap Dir Gr	INF194KB1AL4	Brigade Hotel Ventures Ltd	Consumer Cyclical	25.79	0.13	34.20	Aug25	8.13
Bandhan Small Cap Dir Gr	INF194KB1AL4	Emami Ltd	Consumer Defensive	25.60	0.13	0.00	Oct24	5.55
Bandhan Small Cap Dir Gr	INF194KB1AL4	Emami Ltd	Consumer Defensive	25.60	0.13	0.00	Nov24	7.52
Bandhan Small Cap Dir Gr	INF194KB1AL4	Emami Ltd	Consumer Defensive	25.60	0.13	0.00	Dec24	3.56
Bandhan Small Cap Dir Gr	INF194KB1AL4	Emami Ltd	Consumer Defensive	25.60	0.13	0.00	Jan25	5.32
Bandhan Small Cap Dir Gr	INF194KB1AL4	Emami Ltd	Consumer Defensive	25.60	0.13	0.00	Feb25	5.59
Bandhan Small Cap Dir Gr	INF194KB1AL4	Emami Ltd	Consumer Defensive	25.60	0.13	0.00	Mar25	15.51
Bandhan Small Cap Dir Gr	INF194KB1AL4	Emami Ltd	Consumer Defensive	25.60	0.13	0.00	Mar25	15.51
Bandhan Small Cap Dir Gr	INF194KB1AL4	Emami Ltd	Consumer Defensive	25.60	0.13	0.00	Apr25	12.51
Bandhan Small Cap Dir Gr	INF194KB1AL4	Emami Ltd	Consumer Defensive	25.60	0.13	0.00	May25	11.15
Bandhan Small Cap Dir Gr	INF194KB1AL4	Emami Ltd	Consumer Defensive	25.60	0.13	0.00	June25	10.18
Bandhan Small Cap Dir Gr	INF194KB1AL4	Emami Ltd	Consumer Defensive	25.60	0.13	0.00	July25	9.19
Bandhan Small Cap Dir Gr	INF194KB1AL4	Emami Ltd	Consumer Defensive	25.60	0.13	0.00	Aug25	8.13
Bandhan Small Cap Dir Gr	INF194KB1AL4	Landmark Cars Ltd	Consumer Cyclical	25.16	0.12	5.15	Oct24	5.55
Bandhan Small Cap Dir Gr	INF194KB1AL4	Landmark Cars Ltd	Consumer Cyclical	25.16	0.12	5.15	Nov24	7.52
Bandhan Small Cap Dir Gr	INF194KB1AL4	Landmark Cars Ltd	Consumer Cyclical	25.16	0.12	5.15	Dec24	3.56
Bandhan Small Cap Dir Gr	INF194KB1AL4	Landmark Cars Ltd	Consumer Cyclical	25.16	0.12	5.15	Jan25	5.32
Bandhan Small Cap Dir Gr	INF194KB1AL4	Landmark Cars Ltd	Consumer Cyclical	25.16	0.12	5.15	Feb25	5.59
Bandhan Small Cap Dir Gr	INF194KB1AL4	Landmark Cars Ltd	Consumer Cyclical	25.16	0.12	5.15	Mar25	15.51
Bandhan Small Cap Dir Gr	INF194KB1AL4	Landmark Cars Ltd	Consumer Cyclical	25.16	0.12	5.15	Mar25	15.51
Bandhan Small Cap Dir Gr	INF194KB1AL4	Landmark Cars Ltd	Consumer Cyclical	25.16	0.12	5.15	Apr25	12.51
Bandhan Small Cap Dir Gr	INF194KB1AL4	Landmark Cars Ltd	Consumer Cyclical	25.16	0.12	5.15	May25	11.15
Bandhan Small Cap Dir Gr	INF194KB1AL4	Landmark Cars Ltd	Consumer Cyclical	25.16	0.12	5.15	June25	10.18
Bandhan Small Cap Dir Gr	INF194KB1AL4	Landmark Cars Ltd	Consumer Cyclical	25.16	0.12	5.15	July25	9.19
Bandhan Small Cap Dir Gr	INF194KB1AL4	Landmark Cars Ltd	Consumer Cyclical	25.16	0.12	5.15	Aug25	8.13
Bandhan Small Cap Dir Gr	INF194KB1AL4	Kotak Mahindra Bank Ltd	Financial Services	24.91	0.12	0.00	Oct24	5.55
Bandhan Small Cap Dir Gr	INF194KB1AL4	Kotak Mahindra Bank Ltd	Financial Services	24.91	0.12	0.00	Nov24	7.52
Bandhan Small Cap Dir Gr	INF194KB1AL4	Kotak Mahindra Bank Ltd	Financial Services	24.91	0.12	0.00	Dec24	3.56
Bandhan Small Cap Dir Gr	INF194KB1AL4	Kotak Mahindra Bank Ltd	Financial Services	24.91	0.12	0.00	Jan25	5.32
Bandhan Small Cap Dir Gr	INF194KB1AL4	Kotak Mahindra Bank Ltd	Financial Services	24.91	0.12	0.00	Feb25	5.59
Bandhan Small Cap Dir Gr	INF194KB1AL4	Kotak Mahindra Bank Ltd	Financial Services	24.91	0.12	0.00	Mar25	15.51
Bandhan Small Cap Dir Gr	INF194KB1AL4	Kotak Mahindra Bank Ltd	Financial Services	24.91	0.12	0.00	Mar25	15.51
Bandhan Small Cap Dir Gr	INF194KB1AL4	Kotak Mahindra Bank Ltd	Financial Services	24.91	0.12	0.00	Apr25	12.51
Bandhan Small Cap Dir Gr	INF194KB1AL4	Kotak Mahindra Bank Ltd	Financial Services	24.91	0.12	0.00	May25	11.15
Bandhan Small Cap Dir Gr	INF194KB1AL4	Kotak Mahindra Bank Ltd	Financial Services	24.91	0.12	0.00	June25	10.18
Bandhan Small Cap Dir Gr	INF194KB1AL4	Kotak Mahindra Bank Ltd	Financial Services	24.91	0.12	0.00	July25	9.19
Bandhan Small Cap Dir Gr	INF194KB1AL4	Kotak Mahindra Bank Ltd	Financial Services	24.91	0.12	0.00	Aug25	8.13
Bandhan Small Cap Dir Gr	INF194KB1AL4	Greenply Industries Ltd	Basic Materials	24.49	0.12	0.00	Oct24	5.55
Bandhan Small Cap Dir Gr	INF194KB1AL4	Greenply Industries Ltd	Basic Materials	24.49	0.12	0.00	Nov24	7.52
Bandhan Small Cap Dir Gr	INF194KB1AL4	Greenply Industries Ltd	Basic Materials	24.49	0.12	0.00	Dec24	3.56
Bandhan Small Cap Dir Gr	INF194KB1AL4	Greenply Industries Ltd	Basic Materials	24.49	0.12	0.00	Jan25	5.32
Bandhan Small Cap Dir Gr	INF194KB1AL4	Greenply Industries Ltd	Basic Materials	24.49	0.12	0.00	Feb25	5.59
Bandhan Small Cap Dir Gr	INF194KB1AL4	Greenply Industries Ltd	Basic Materials	24.49	0.12	0.00	Mar25	15.51
Bandhan Small Cap Dir Gr	INF194KB1AL4	Greenply Industries Ltd	Basic Materials	24.49	0.12	0.00	Mar25	15.51
Bandhan Small Cap Dir Gr	INF194KB1AL4	Greenply Industries Ltd	Basic Materials	24.49	0.12	0.00	Apr25	12.51
Bandhan Small Cap Dir Gr	INF194KB1AL4	Greenply Industries Ltd	Basic Materials	24.49	0.12	0.00	May25	11.15
Bandhan Small Cap Dir Gr	INF194KB1AL4	Greenply Industries Ltd	Basic Materials	24.49	0.12	0.00	June25	10.18
Bandhan Small Cap Dir Gr	INF194KB1AL4	Greenply Industries Ltd	Basic Materials	24.49	0.12	0.00	July25	9.19
Bandhan Small Cap Dir Gr	INF194KB1AL4	Greenply Industries Ltd	Basic Materials	24.49	0.12	0.00	Aug25	8.13
Bandhan Small Cap Dir Gr	INF194KB1AL4	JK Lakshmi Cement Ltd	Basic Materials	24.30	0.12	0.00	Oct24	5.55
Bandhan Small Cap Dir Gr	INF194KB1AL4	JK Lakshmi Cement Ltd	Basic Materials	24.30	0.12	0.00	Nov24	7.52
Bandhan Small Cap Dir Gr	INF194KB1AL4	JK Lakshmi Cement Ltd	Basic Materials	24.30	0.12	0.00	Dec24	3.56
Bandhan Small Cap Dir Gr	INF194KB1AL4	JK Lakshmi Cement Ltd	Basic Materials	24.30	0.12	0.00	Jan25	5.32
Bandhan Small Cap Dir Gr	INF194KB1AL4	JK Lakshmi Cement Ltd	Basic Materials	24.30	0.12	0.00	Feb25	5.59
Bandhan Small Cap Dir Gr	INF194KB1AL4	JK Lakshmi Cement Ltd	Basic Materials	24.30	0.12	0.00	Mar25	15.51
Bandhan Small Cap Dir Gr	INF194KB1AL4	JK Lakshmi Cement Ltd	Basic Materials	24.30	0.12	0.00	Mar25	15.51
Bandhan Small Cap Dir Gr	INF194KB1AL4	JK Lakshmi Cement Ltd	Basic Materials	24.30	0.12	0.00	Apr25	12.51
Bandhan Small Cap Dir Gr	INF194KB1AL4	JK Lakshmi Cement Ltd	Basic Materials	24.30	0.12	0.00	May25	11.15
Bandhan Small Cap Dir Gr	INF194KB1AL4	JK Lakshmi Cement Ltd	Basic Materials	24.30	0.12	0.00	June25	10.18
Bandhan Small Cap Dir Gr	INF194KB1AL4	JK Lakshmi Cement Ltd	Basic Materials	24.30	0.12	0.00	July25	9.19
Bandhan Small Cap Dir Gr	INF194KB1AL4	JK Lakshmi Cement Ltd	Basic Materials	24.30	0.12	0.00	Aug25	8.13
Bandhan Small Cap Dir Gr	INF194KB1AL4	Cash / Bank Balance		24.30	0.12		Oct24	5.55
Bandhan Small Cap Dir Gr	INF194KB1AL4	Cash / Bank Balance		24.30	0.12		Nov24	7.52
Bandhan Small Cap Dir Gr	INF194KB1AL4	Cash / Bank Balance		24.30	0.12		Dec24	3.56
Bandhan Small Cap Dir Gr	INF194KB1AL4	Cash / Bank Balance		24.30	0.12		Jan25	5.32
Bandhan Small Cap Dir Gr	INF194KB1AL4	Cash / Bank Balance		24.30	0.12		Feb25	5.59
Bandhan Small Cap Dir Gr	INF194KB1AL4	Cash / Bank Balance		24.30	0.12		Mar25	15.51
Bandhan Small Cap Dir Gr	INF194KB1AL4	Cash / Bank Balance		24.30	0.12		Mar25	15.51
Bandhan Small Cap Dir Gr	INF194KB1AL4	Cash / Bank Balance		24.30	0.12		Apr25	12.51
Bandhan Small Cap Dir Gr	INF194KB1AL4	Cash / Bank Balance		24.30	0.12		May25	11.15
Bandhan Small Cap Dir Gr	INF194KB1AL4	Cash / Bank Balance		24.30	0.12		June25	10.18
Bandhan Small Cap Dir Gr	INF194KB1AL4	Cash / Bank Balance		24.30	0.12		July25	9.19
Bandhan Small Cap Dir Gr	INF194KB1AL4	Cash / Bank Balance		24.30	0.12		Aug25	8.13
Bandhan Small Cap Dir Gr	INF194KB1AL4	Spicejet Ltd	Industrials	24.17	0.12	0.00	Oct24	5.55
Bandhan Small Cap Dir Gr	INF194KB1AL4	Spicejet Ltd	Industrials	24.17	0.12	0.00	Nov24	7.52
Bandhan Small Cap Dir Gr	INF194KB1AL4	Spicejet Ltd	Industrials	24.17	0.12	0.00	Dec24	3.56
Bandhan Small Cap Dir Gr	INF194KB1AL4	Spicejet Ltd	Industrials	24.17	0.12	0.00	Jan25	5.32
Bandhan Small Cap Dir Gr	INF194KB1AL4	Spicejet Ltd	Industrials	24.17	0.12	0.00	Feb25	5.59
Bandhan Small Cap Dir Gr	INF194KB1AL4	Spicejet Ltd	Industrials	24.17	0.12	0.00	Mar25	15.51
Bandhan Small Cap Dir Gr	INF194KB1AL4	Spicejet Ltd	Industrials	24.17	0.12	0.00	Mar25	15.51
Bandhan Small Cap Dir Gr	INF194KB1AL4	Spicejet Ltd	Industrials	24.17	0.12	0.00	Apr25	12.51
Bandhan Small Cap Dir Gr	INF194KB1AL4	Spicejet Ltd	Industrials	24.17	0.12	0.00	May25	11.15
Bandhan Small Cap Dir Gr	INF194KB1AL4	Spicejet Ltd	Industrials	24.17	0.12	0.00	June25	10.18
Bandhan Small Cap Dir Gr	INF194KB1AL4	Spicejet Ltd	Industrials	24.17	0.12	0.00	July25	9.19
Bandhan Small Cap Dir Gr	INF194KB1AL4	Spicejet Ltd	Industrials	24.17	0.12	0.00	Aug25	8.13
Bandhan Small Cap Dir Gr	INF194KB1AL4	V2 Retail Ltd	Consumer Cyclical	23.93	0.12	68.41	Oct24	5.55
Bandhan Small Cap Dir Gr	INF194KB1AL4	V2 Retail Ltd	Consumer Cyclical	23.93	0.12	68.41	Nov24	7.52
Bandhan Small Cap Dir Gr	INF194KB1AL4	V2 Retail Ltd	Consumer Cyclical	23.93	0.12	68.41	Dec24	3.56
Bandhan Small Cap Dir Gr	INF194KB1AL4	V2 Retail Ltd	Consumer Cyclical	23.93	0.12	68.41	Jan25	5.32
Bandhan Small Cap Dir Gr	INF194KB1AL4	V2 Retail Ltd	Consumer Cyclical	23.93	0.12	68.41	Feb25	5.59
Bandhan Small Cap Dir Gr	INF194KB1AL4	V2 Retail Ltd	Consumer Cyclical	23.93	0.12	68.41	Mar25	15.51
Bandhan Small Cap Dir Gr	INF194KB1AL4	V2 Retail Ltd	Consumer Cyclical	23.93	0.12	68.41	Mar25	15.51
Bandhan Small Cap Dir Gr	INF194KB1AL4	V2 Retail Ltd	Consumer Cyclical	23.93	0.12	68.41	Apr25	12.51
Bandhan Small Cap Dir Gr	INF194KB1AL4	V2 Retail Ltd	Consumer Cyclical	23.93	0.12	68.41	May25	11.15
Bandhan Small Cap Dir Gr	INF194KB1AL4	V2 Retail Ltd	Consumer Cyclical	23.93	0.12	68.41	June25	10.18
Bandhan Small Cap Dir Gr	INF194KB1AL4	V2 Retail Ltd	Consumer Cyclical	23.93	0.12	68.41	July25	9.19
Bandhan Small Cap Dir Gr	INF194KB1AL4	V2 Retail Ltd	Consumer Cyclical	23.93	0.12	68.41	Aug25	8.13
Bandhan Small Cap Dir Gr	INF194KB1AL4	Satin Creditcare Network Ltd	Financial Services	23.89	0.12	0.00	Oct24	5.55
Bandhan Small Cap Dir Gr	INF194KB1AL4	Satin Creditcare Network Ltd	Financial Services	23.89	0.12	0.00	Nov24	7.52
Bandhan Small Cap Dir Gr	INF194KB1AL4	Satin Creditcare Network Ltd	Financial Services	23.89	0.12	0.00	Dec24	3.56
Bandhan Small Cap Dir Gr	INF194KB1AL4	Satin Creditcare Network Ltd	Financial Services	23.89	0.12	0.00	Jan25	5.32
Bandhan Small Cap Dir Gr	INF194KB1AL4	Satin Creditcare Network Ltd	Financial Services	23.89	0.12	0.00	Feb25	5.59
Bandhan Small Cap Dir Gr	INF194KB1AL4	Satin Creditcare Network Ltd	Financial Services	23.89	0.12	0.00	Mar25	15.51
Bandhan Small Cap Dir Gr	INF194KB1AL4	Satin Creditcare Network Ltd	Financial Services	23.89	0.12	0.00	Mar25	15.51
Bandhan Small Cap Dir Gr	INF194KB1AL4	Satin Creditcare Network Ltd	Financial Services	23.89	0.12	0.00	Apr25	12.51
Bandhan Small Cap Dir Gr	INF194KB1AL4	Satin Creditcare Network Ltd	Financial Services	23.89	0.12	0.00	May25	11.15
Bandhan Small Cap Dir Gr	INF194KB1AL4	Satin Creditcare Network Ltd	Financial Services	23.89	0.12	0.00	June25	10.18
Bandhan Small Cap Dir Gr	INF194KB1AL4	Satin Creditcare Network Ltd	Financial Services	23.89	0.12	0.00	July25	9.19
Bandhan Small Cap Dir Gr	INF194KB1AL4	Satin Creditcare Network Ltd	Financial Services	23.89	0.12	0.00	Aug25	8.13
Bandhan Small Cap Dir Gr	INF194KB1AL4	Time Technoplast Ltd	Consumer Cyclical	22.90	0.11	0.00	Oct24	5.55
Bandhan Small Cap Dir Gr	INF194KB1AL4	Time Technoplast Ltd	Consumer Cyclical	22.90	0.11	0.00	Nov24	7.52
Bandhan Small Cap Dir Gr	INF194KB1AL4	Time Technoplast Ltd	Consumer Cyclical	22.90	0.11	0.00	Dec24	3.56
Bandhan Small Cap Dir Gr	INF194KB1AL4	Time Technoplast Ltd	Consumer Cyclical	22.90	0.11	0.00	Jan25	5.32
Bandhan Small Cap Dir Gr	INF194KB1AL4	Time Technoplast Ltd	Consumer Cyclical	22.90	0.11	0.00	Feb25	5.59
Bandhan Small Cap Dir Gr	INF194KB1AL4	Time Technoplast Ltd	Consumer Cyclical	22.90	0.11	0.00	Mar25	15.51
Bandhan Small Cap Dir Gr	INF194KB1AL4	Time Technoplast Ltd	Consumer Cyclical	22.90	0.11	0.00	Mar25	15.51
Bandhan Small Cap Dir Gr	INF194KB1AL4	Time Technoplast Ltd	Consumer Cyclical	22.90	0.11	0.00	Apr25	12.51
Bandhan Small Cap Dir Gr	INF194KB1AL4	Time Technoplast Ltd	Consumer Cyclical	22.90	0.11	0.00	May25	11.15
Bandhan Small Cap Dir Gr	INF194KB1AL4	Time Technoplast Ltd	Consumer Cyclical	22.90	0.11	0.00	June25	10.18
Bandhan Small Cap Dir Gr	INF194KB1AL4	Time Technoplast Ltd	Consumer Cyclical	22.90	0.11	0.00	July25	9.19
Bandhan Small Cap Dir Gr	INF194KB1AL4	Time Technoplast Ltd	Consumer Cyclical	22.90	0.11	0.00	Aug25	8.13
Bandhan Small Cap Dir Gr	INF194KB1AL4	Krishna Institute of Medical Sciences Ltd	Healthcare	22.58	0.11	-34.14	Oct24	5.55
Bandhan Small Cap Dir Gr	INF194KB1AL4	Krishna Institute of Medical Sciences Ltd	Healthcare	22.58	0.11	-34.14	Nov24	7.52
Bandhan Small Cap Dir Gr	INF194KB1AL4	Krishna Institute of Medical Sciences Ltd	Healthcare	22.58	0.11	-34.14	Dec24	3.56
Bandhan Small Cap Dir Gr	INF194KB1AL4	Krishna Institute of Medical Sciences Ltd	Healthcare	22.58	0.11	-34.14	Jan25	5.32
Bandhan Small Cap Dir Gr	INF194KB1AL4	Krishna Institute of Medical Sciences Ltd	Healthcare	22.58	0.11	-34.14	Feb25	5.59
Bandhan Small Cap Dir Gr	INF194KB1AL4	Krishna Institute of Medical Sciences Ltd	Healthcare	22.58	0.11	-34.14	Mar25	15.51
Bandhan Small Cap Dir Gr	INF194KB1AL4	Krishna Institute of Medical Sciences Ltd	Healthcare	22.58	0.11	-34.14	Mar25	15.51
Bandhan Small Cap Dir Gr	INF194KB1AL4	Krishna Institute of Medical Sciences Ltd	Healthcare	22.58	0.11	-34.14	Apr25	12.51
Bandhan Small Cap Dir Gr	INF194KB1AL4	Krishna Institute of Medical Sciences Ltd	Healthcare	22.58	0.11	-34.14	May25	11.15
Bandhan Small Cap Dir Gr	INF194KB1AL4	Krishna Institute of Medical Sciences Ltd	Healthcare	22.58	0.11	-34.14	June25	10.18
Bandhan Small Cap Dir Gr	INF194KB1AL4	Krishna Institute of Medical Sciences Ltd	Healthcare	22.58	0.11	-34.14	July25	9.19
Bandhan Small Cap Dir Gr	INF194KB1AL4	Krishna Institute of Medical Sciences Ltd	Healthcare	22.58	0.11	-34.14	Aug25	8.13
Bandhan Small Cap Dir Gr	INF194KB1AL4	Fractal Analytics Ltd	Technology	21.62	0.11		Oct24	5.55
Bandhan Small Cap Dir Gr	INF194KB1AL4	Fractal Analytics Ltd	Technology	21.62	0.11		Nov24	7.52
Bandhan Small Cap Dir Gr	INF194KB1AL4	Fractal Analytics Ltd	Technology	21.62	0.11		Dec24	3.56
Bandhan Small Cap Dir Gr	INF194KB1AL4	Fractal Analytics Ltd	Technology	21.62	0.11		Jan25	5.32
Bandhan Small Cap Dir Gr	INF194KB1AL4	Fractal Analytics Ltd	Technology	21.62	0.11		Feb25	5.59
Bandhan Small Cap Dir Gr	INF194KB1AL4	Fractal Analytics Ltd	Technology	21.62	0.11		Mar25	15.51
Bandhan Small Cap Dir Gr	INF194KB1AL4	Fractal Analytics Ltd	Technology	21.62	0.11		Mar25	15.51
Bandhan Small Cap Dir Gr	INF194KB1AL4	Fractal Analytics Ltd	Technology	21.62	0.11		Apr25	12.51
Bandhan Small Cap Dir Gr	INF194KB1AL4	Fractal Analytics Ltd	Technology	21.62	0.11		May25	11.15
Bandhan Small Cap Dir Gr	INF194KB1AL4	Fractal Analytics Ltd	Technology	21.62	0.11		June25	10.18
Bandhan Small Cap Dir Gr	INF194KB1AL4	Fractal Analytics Ltd	Technology	21.62	0.11		July25	9.19
Bandhan Small Cap Dir Gr	INF194KB1AL4	Fractal Analytics Ltd	Technology	21.62	0.11		Aug25	8.13
Bandhan Small Cap Dir Gr	INF194KB1AL4	Heritage Foods Ltd	Consumer Defensive	21.56	0.11	0.00	Oct24	5.55
Bandhan Small Cap Dir Gr	INF194KB1AL4	Heritage Foods Ltd	Consumer Defensive	21.56	0.11	0.00	Nov24	7.52
Bandhan Small Cap Dir Gr	INF194KB1AL4	Heritage Foods Ltd	Consumer Defensive	21.56	0.11	0.00	Dec24	3.56
Bandhan Small Cap Dir Gr	INF194KB1AL4	Heritage Foods Ltd	Consumer Defensive	21.56	0.11	0.00	Jan25	5.32
Bandhan Small Cap Dir Gr	INF194KB1AL4	Heritage Foods Ltd	Consumer Defensive	21.56	0.11	0.00	Feb25	5.59
Bandhan Small Cap Dir Gr	INF194KB1AL4	Heritage Foods Ltd	Consumer Defensive	21.56	0.11	0.00	Mar25	15.51
Bandhan Small Cap Dir Gr	INF194KB1AL4	Heritage Foods Ltd	Consumer Defensive	21.56	0.11	0.00	Mar25	15.51
Bandhan Small Cap Dir Gr	INF194KB1AL4	Heritage Foods Ltd	Consumer Defensive	21.56	0.11	0.00	Apr25	12.51
Bandhan Small Cap Dir Gr	INF194KB1AL4	Heritage Foods Ltd	Consumer Defensive	21.56	0.11	0.00	May25	11.15
Bandhan Small Cap Dir Gr	INF194KB1AL4	Heritage Foods Ltd	Consumer Defensive	21.56	0.11	0.00	June25	10.18
Bandhan Small Cap Dir Gr	INF194KB1AL4	Heritage Foods Ltd	Consumer Defensive	21.56	0.11	0.00	July25	9.19
Bandhan Small Cap Dir Gr	INF194KB1AL4	Heritage Foods Ltd	Consumer Defensive	21.56	0.11	0.00	Aug25	8.13
Bandhan Small Cap Dir Gr	INF194KB1AL4	Zee Entertainment Enterprises Ltd	Communication Services	21.37	0.10	0.00	Oct24	5.55
Bandhan Small Cap Dir Gr	INF194KB1AL4	Zee Entertainment Enterprises Ltd	Communication Services	21.37	0.10	0.00	Nov24	7.52
Bandhan Small Cap Dir Gr	INF194KB1AL4	Zee Entertainment Enterprises Ltd	Communication Services	21.37	0.10	0.00	Dec24	3.56
Bandhan Small Cap Dir Gr	INF194KB1AL4	Zee Entertainment Enterprises Ltd	Communication Services	21.37	0.10	0.00	Jan25	5.32
Bandhan Small Cap Dir Gr	INF194KB1AL4	Zee Entertainment Enterprises Ltd	Communication Services	21.37	0.10	0.00	Feb25	5.59
Bandhan Small Cap Dir Gr	INF194KB1AL4	Zee Entertainment Enterprises Ltd	Communication Services	21.37	0.10	0.00	Mar25	15.51
Bandhan Small Cap Dir Gr	INF194KB1AL4	Zee Entertainment Enterprises Ltd	Communication Services	21.37	0.10	0.00	Mar25	15.51
Bandhan Small Cap Dir Gr	INF194KB1AL4	Zee Entertainment Enterprises Ltd	Communication Services	21.37	0.10	0.00	Apr25	12.51
Bandhan Small Cap Dir Gr	INF194KB1AL4	Zee Entertainment Enterprises Ltd	Communication Services	21.37	0.10	0.00	May25	11.15
Bandhan Small Cap Dir Gr	INF194KB1AL4	Zee Entertainment Enterprises Ltd	Communication Services	21.37	0.10	0.00	June25	10.18
Bandhan Small Cap Dir Gr	INF194KB1AL4	Zee Entertainment Enterprises Ltd	Communication Services	21.37	0.10	0.00	July25	9.19
Bandhan Small Cap Dir Gr	INF194KB1AL4	Zee Entertainment Enterprises Ltd	Communication Services	21.37	0.10	0.00	Aug25	8.13
Bandhan Small Cap Dir Gr	INF194KB1AL4	Ramco Cements Ltd	Basic Materials	21.07	0.10	-21.03	Oct24	5.55
Bandhan Small Cap Dir Gr	INF194KB1AL4	Ramco Cements Ltd	Basic Materials	21.07	0.10	-21.03	Nov24	7.52
Bandhan Small Cap Dir Gr	INF194KB1AL4	Ramco Cements Ltd	Basic Materials	21.07	0.10	-21.03	Dec24	3.56
Bandhan Small Cap Dir Gr	INF194KB1AL4	Ramco Cements Ltd	Basic Materials	21.07	0.10	-21.03	Jan25	5.32
Bandhan Small Cap Dir Gr	INF194KB1AL4	Ramco Cements Ltd	Basic Materials	21.07	0.10	-21.03	Feb25	5.59
Bandhan Small Cap Dir Gr	INF194KB1AL4	Ramco Cements Ltd	Basic Materials	21.07	0.10	-21.03	Mar25	15.51
Bandhan Small Cap Dir Gr	INF194KB1AL4	Ramco Cements Ltd	Basic Materials	21.07	0.10	-21.03	Mar25	15.51
Bandhan Small Cap Dir Gr	INF194KB1AL4	Ramco Cements Ltd	Basic Materials	21.07	0.10	-21.03	Apr25	12.51
Bandhan Small Cap Dir Gr	INF194KB1AL4	Ramco Cements Ltd	Basic Materials	21.07	0.10	-21.03	May25	11.15
Bandhan Small Cap Dir Gr	INF194KB1AL4	Ramco Cements Ltd	Basic Materials	21.07	0.10	-21.03	June25	10.18
Bandhan Small Cap Dir Gr	INF194KB1AL4	Ramco Cements Ltd	Basic Materials	21.07	0.10	-21.03	July25	9.19
Bandhan Small Cap Dir Gr	INF194KB1AL4	Ramco Cements Ltd	Basic Materials	21.07	0.10	-21.03	Aug25	8.13
Bandhan Small Cap Dir Gr	INF194KB1AL4	Gulf Oil Lubricants India Ltd	Basic Materials	20.96	0.10	0.00	Oct24	5.55
Bandhan Small Cap Dir Gr	INF194KB1AL4	Gulf Oil Lubricants India Ltd	Basic Materials	20.96	0.10	0.00	Nov24	7.52
Bandhan Small Cap Dir Gr	INF194KB1AL4	Gulf Oil Lubricants India Ltd	Basic Materials	20.96	0.10	0.00	Dec24	3.56
Bandhan Small Cap Dir Gr	INF194KB1AL4	Gulf Oil Lubricants India Ltd	Basic Materials	20.96	0.10	0.00	Jan25	5.32
Bandhan Small Cap Dir Gr	INF194KB1AL4	Gulf Oil Lubricants India Ltd	Basic Materials	20.96	0.10	0.00	Feb25	5.59
Bandhan Small Cap Dir Gr	INF194KB1AL4	Gulf Oil Lubricants India Ltd	Basic Materials	20.96	0.10	0.00	Mar25	15.51
Bandhan Small Cap Dir Gr	INF194KB1AL4	Gulf Oil Lubricants India Ltd	Basic Materials	20.96	0.10	0.00	Mar25	15.51
Bandhan Small Cap Dir Gr	INF194KB1AL4	Gulf Oil Lubricants India Ltd	Basic Materials	20.96	0.10	0.00	Apr25	12.51
Bandhan Small Cap Dir Gr	INF194KB1AL4	Gulf Oil Lubricants India Ltd	Basic Materials	20.96	0.10	0.00	May25	11.15
Bandhan Small Cap Dir Gr	INF194KB1AL4	Gulf Oil Lubricants India Ltd	Basic Materials	20.96	0.10	0.00	June25	10.18
Bandhan Small Cap Dir Gr	INF194KB1AL4	Gulf Oil Lubricants India Ltd	Basic Materials	20.96	0.10	0.00	July25	9.19
Bandhan Small Cap Dir Gr	INF194KB1AL4	Gulf Oil Lubricants India Ltd	Basic Materials	20.96	0.10	0.00	Aug25	8.13
Bandhan Small Cap Dir Gr	INF194KB1AL4	Filatex India Ltd	Consumer Cyclical	20.69	0.10	28.25	Oct24	5.55
Bandhan Small Cap Dir Gr	INF194KB1AL4	Filatex India Ltd	Consumer Cyclical	20.69	0.10	28.25	Nov24	7.52
Bandhan Small Cap Dir Gr	INF194KB1AL4	Filatex India Ltd	Consumer Cyclical	20.69	0.10	28.25	Dec24	3.56
Bandhan Small Cap Dir Gr	INF194KB1AL4	Filatex India Ltd	Consumer Cyclical	20.69	0.10	28.25	Jan25	5.32
Bandhan Small Cap Dir Gr	INF194KB1AL4	Filatex India Ltd	Consumer Cyclical	20.69	0.10	28.25	Feb25	5.59
Bandhan Small Cap Dir Gr	INF194KB1AL4	Filatex India Ltd	Consumer Cyclical	20.69	0.10	28.25	Mar25	15.51
Bandhan Small Cap Dir Gr	INF194KB1AL4	Filatex India Ltd	Consumer Cyclical	20.69	0.10	28.25	Mar25	15.51
Bandhan Small Cap Dir Gr	INF194KB1AL4	Filatex India Ltd	Consumer Cyclical	20.69	0.10	28.25	Apr25	12.51
Bandhan Small Cap Dir Gr	INF194KB1AL4	Filatex India Ltd	Consumer Cyclical	20.69	0.10	28.25	May25	11.15
Bandhan Small Cap Dir Gr	INF194KB1AL4	Filatex India Ltd	Consumer Cyclical	20.69	0.10	28.25	June25	10.18
Bandhan Small Cap Dir Gr	INF194KB1AL4	Filatex India Ltd	Consumer Cyclical	20.69	0.10	28.25	July25	9.19
Bandhan Small Cap Dir Gr	INF194KB1AL4	Filatex India Ltd	Consumer Cyclical	20.69	0.10	28.25	Aug25	8.13
Bandhan Small Cap Dir Gr	INF194KB1AL4	Ventive Hospitality Ltd	Consumer Cyclical	20.54	0.10	37.49	Oct24	5.55
Bandhan Small Cap Dir Gr	INF194KB1AL4	Ventive Hospitality Ltd	Consumer Cyclical	20.54	0.10	37.49	Nov24	7.52
Bandhan Small Cap Dir Gr	INF194KB1AL4	Ventive Hospitality Ltd	Consumer Cyclical	20.54	0.10	37.49	Dec24	3.56
Bandhan Small Cap Dir Gr	INF194KB1AL4	Ventive Hospitality Ltd	Consumer Cyclical	20.54	0.10	37.49	Jan25	5.32
Bandhan Small Cap Dir Gr	INF194KB1AL4	Ventive Hospitality Ltd	Consumer Cyclical	20.54	0.10	37.49	Feb25	5.59
Bandhan Small Cap Dir Gr	INF194KB1AL4	Ventive Hospitality Ltd	Consumer Cyclical	20.54	0.10	37.49	Mar25	15.51
Bandhan Small Cap Dir Gr	INF194KB1AL4	Ventive Hospitality Ltd	Consumer Cyclical	20.54	0.10	37.49	Mar25	15.51
Bandhan Small Cap Dir Gr	INF194KB1AL4	Ventive Hospitality Ltd	Consumer Cyclical	20.54	0.10	37.49	Apr25	12.51
Bandhan Small Cap Dir Gr	INF194KB1AL4	Ventive Hospitality Ltd	Consumer Cyclical	20.54	0.10	37.49	May25	11.15
Bandhan Small Cap Dir Gr	INF194KB1AL4	Ventive Hospitality Ltd	Consumer Cyclical	20.54	0.10	37.49	June25	10.18
Bandhan Small Cap Dir Gr	INF194KB1AL4	Ventive Hospitality Ltd	Consumer Cyclical	20.54	0.10	37.49	July25	9.19
Bandhan Small Cap Dir Gr	INF194KB1AL4	Ventive Hospitality Ltd	Consumer Cyclical	20.54	0.10	37.49	Aug25	8.13
Bandhan Small Cap Dir Gr	INF194KB1AL4	Garware Hi-Tech Films Ltd	Basic Materials	20.13	0.10	-20.54	Oct24	5.55
Bandhan Small Cap Dir Gr	INF194KB1AL4	Garware Hi-Tech Films Ltd	Basic Materials	20.13	0.10	-20.54	Nov24	7.52
Bandhan Small Cap Dir Gr	INF194KB1AL4	Garware Hi-Tech Films Ltd	Basic Materials	20.13	0.10	-20.54	Dec24	3.56
Bandhan Small Cap Dir Gr	INF194KB1AL4	Garware Hi-Tech Films Ltd	Basic Materials	20.13	0.10	-20.54	Jan25	5.32
Bandhan Small Cap Dir Gr	INF194KB1AL4	Garware Hi-Tech Films Ltd	Basic Materials	20.13	0.10	-20.54	Feb25	5.59
Bandhan Small Cap Dir Gr	INF194KB1AL4	Garware Hi-Tech Films Ltd	Basic Materials	20.13	0.10	-20.54	Mar25	15.51
Bandhan Small Cap Dir Gr	INF194KB1AL4	Garware Hi-Tech Films Ltd	Basic Materials	20.13	0.10	-20.54	Mar25	15.51
Bandhan Small Cap Dir Gr	INF194KB1AL4	Garware Hi-Tech Films Ltd	Basic Materials	20.13	0.10	-20.54	Apr25	12.51
Bandhan Small Cap Dir Gr	INF194KB1AL4	Garware Hi-Tech Films Ltd	Basic Materials	20.13	0.10	-20.54	May25	11.15
Bandhan Small Cap Dir Gr	INF194KB1AL4	Garware Hi-Tech Films Ltd	Basic Materials	20.13	0.10	-20.54	June25	10.18
Bandhan Small Cap Dir Gr	INF194KB1AL4	Garware Hi-Tech Films Ltd	Basic Materials	20.13	0.10	-20.54	July25	9.19
Bandhan Small Cap Dir Gr	INF194KB1AL4	Garware Hi-Tech Films Ltd	Basic Materials	20.13	0.10	-20.54	Aug25	8.13
Bandhan Small Cap Dir Gr	INF194KB1AL4	IndiaMART InterMESH Ltd	Communication Services	19.79	0.10	0.00	Oct24	5.55
Bandhan Small Cap Dir Gr	INF194KB1AL4	IndiaMART InterMESH Ltd	Communication Services	19.79	0.10	0.00	Nov24	7.52
Bandhan Small Cap Dir Gr	INF194KB1AL4	IndiaMART InterMESH Ltd	Communication Services	19.79	0.10	0.00	Dec24	3.56
Bandhan Small Cap Dir Gr	INF194KB1AL4	IndiaMART InterMESH Ltd	Communication Services	19.79	0.10	0.00	Jan25	5.32
Bandhan Small Cap Dir Gr	INF194KB1AL4	IndiaMART InterMESH Ltd	Communication Services	19.79	0.10	0.00	Feb25	5.59
Bandhan Small Cap Dir Gr	INF194KB1AL4	IndiaMART InterMESH Ltd	Communication Services	19.79	0.10	0.00	Mar25	15.51
Bandhan Small Cap Dir Gr	INF194KB1AL4	IndiaMART InterMESH Ltd	Communication Services	19.79	0.10	0.00	Mar25	15.51
Bandhan Small Cap Dir Gr	INF194KB1AL4	IndiaMART InterMESH Ltd	Communication Services	19.79	0.10	0.00	Apr25	12.51
Bandhan Small Cap Dir Gr	INF194KB1AL4	IndiaMART InterMESH Ltd	Communication Services	19.79	0.10	0.00	May25	11.15
Bandhan Small Cap Dir Gr	INF194KB1AL4	IndiaMART InterMESH Ltd	Communication Services	19.79	0.10	0.00	June25	10.18
Bandhan Small Cap Dir Gr	INF194KB1AL4	IndiaMART InterMESH Ltd	Communication Services	19.79	0.10	0.00	July25	9.19
Bandhan Small Cap Dir Gr	INF194KB1AL4	IndiaMART InterMESH Ltd	Communication Services	19.79	0.10	0.00	Aug25	8.13
Bandhan Small Cap Dir Gr	INF194KB1AL4	Exide Industries Ltd	Consumer Cyclical	19.12	0.09	0.00	Oct24	5.55
Bandhan Small Cap Dir Gr	INF194KB1AL4	Exide Industries Ltd	Consumer Cyclical	19.12	0.09	0.00	Nov24	7.52
Bandhan Small Cap Dir Gr	INF194KB1AL4	Exide Industries Ltd	Consumer Cyclical	19.12	0.09	0.00	Dec24	3.56
Bandhan Small Cap Dir Gr	INF194KB1AL4	Exide Industries Ltd	Consumer Cyclical	19.12	0.09	0.00	Jan25	5.32
Bandhan Small Cap Dir Gr	INF194KB1AL4	Exide Industries Ltd	Consumer Cyclical	19.12	0.09	0.00	Feb25	5.59
Bandhan Small Cap Dir Gr	INF194KB1AL4	Exide Industries Ltd	Consumer Cyclical	19.12	0.09	0.00	Mar25	15.51
Bandhan Small Cap Dir Gr	INF194KB1AL4	Exide Industries Ltd	Consumer Cyclical	19.12	0.09	0.00	Mar25	15.51
Bandhan Small Cap Dir Gr	INF194KB1AL4	Exide Industries Ltd	Consumer Cyclical	19.12	0.09	0.00	Apr25	12.51
Bandhan Small Cap Dir Gr	INF194KB1AL4	Exide Industries Ltd	Consumer Cyclical	19.12	0.09	0.00	May25	11.15
Bandhan Small Cap Dir Gr	INF194KB1AL4	Exide Industries Ltd	Consumer Cyclical	19.12	0.09	0.00	June25	10.18
Bandhan Small Cap Dir Gr	INF194KB1AL4	Exide Industries Ltd	Consumer Cyclical	19.12	0.09	0.00	July25	9.19
Bandhan Small Cap Dir Gr	INF194KB1AL4	Exide Industries Ltd	Consumer Cyclical	19.12	0.09	0.00	Aug25	8.13
Bandhan Small Cap Dir Gr	INF194KB1AL4	Rane Holdings Ltd	Consumer Cyclical	18.36	0.09	0.00	Oct24	5.55
Bandhan Small Cap Dir Gr	INF194KB1AL4	Rane Holdings Ltd	Consumer Cyclical	18.36	0.09	0.00	Nov24	7.52
Bandhan Small Cap Dir Gr	INF194KB1AL4	Rane Holdings Ltd	Consumer Cyclical	18.36	0.09	0.00	Dec24	3.56
Bandhan Small Cap Dir Gr	INF194KB1AL4	Rane Holdings Ltd	Consumer Cyclical	18.36	0.09	0.00	Jan25	5.32
Bandhan Small Cap Dir Gr	INF194KB1AL4	Rane Holdings Ltd	Consumer Cyclical	18.36	0.09	0.00	Feb25	5.59
Bandhan Small Cap Dir Gr	INF194KB1AL4	Rane Holdings Ltd	Consumer Cyclical	18.36	0.09	0.00	Mar25	15.51
Bandhan Small Cap Dir Gr	INF194KB1AL4	Rane Holdings Ltd	Consumer Cyclical	18.36	0.09	0.00	Mar25	15.51
Bandhan Small Cap Dir Gr	INF194KB1AL4	Rane Holdings Ltd	Consumer Cyclical	18.36	0.09	0.00	Apr25	12.51
Bandhan Small Cap Dir Gr	INF194KB1AL4	Rane Holdings Ltd	Consumer Cyclical	18.36	0.09	0.00	May25	11.15
Bandhan Small Cap Dir Gr	INF194KB1AL4	Rane Holdings Ltd	Consumer Cyclical	18.36	0.09	0.00	June25	10.18
Bandhan Small Cap Dir Gr	INF194KB1AL4	Rane Holdings Ltd	Consumer Cyclical	18.36	0.09	0.00	July25	9.19
Bandhan Small Cap Dir Gr	INF194KB1AL4	Rane Holdings Ltd	Consumer Cyclical	18.36	0.09	0.00	Aug25	8.13
Bandhan Small Cap Dir Gr	INF194KB1AL4	Oswal Pumps Ltd	Industrials	18.02	0.09	0.00	Oct24	5.55
Bandhan Small Cap Dir Gr	INF194KB1AL4	Oswal Pumps Ltd	Industrials	18.02	0.09	0.00	Nov24	7.52
Bandhan Small Cap Dir Gr	INF194KB1AL4	Oswal Pumps Ltd	Industrials	18.02	0.09	0.00	Dec24	3.56
Bandhan Small Cap Dir Gr	INF194KB1AL4	Oswal Pumps Ltd	Industrials	18.02	0.09	0.00	Jan25	5.32
Bandhan Small Cap Dir Gr	INF194KB1AL4	Oswal Pumps Ltd	Industrials	18.02	0.09	0.00	Feb25	5.59
Bandhan Small Cap Dir Gr	INF194KB1AL4	Oswal Pumps Ltd	Industrials	18.02	0.09	0.00	Mar25	15.51
Bandhan Small Cap Dir Gr	INF194KB1AL4	Oswal Pumps Ltd	Industrials	18.02	0.09	0.00	Mar25	15.51
Bandhan Small Cap Dir Gr	INF194KB1AL4	Oswal Pumps Ltd	Industrials	18.02	0.09	0.00	Apr25	12.51
Bandhan Small Cap Dir Gr	INF194KB1AL4	Oswal Pumps Ltd	Industrials	18.02	0.09	0.00	May25	11.15
Bandhan Small Cap Dir Gr	INF194KB1AL4	Oswal Pumps Ltd	Industrials	18.02	0.09	0.00	June25	10.18
Bandhan Small Cap Dir Gr	INF194KB1AL4	Oswal Pumps Ltd	Industrials	18.02	0.09	0.00	July25	9.19
Bandhan Small Cap Dir Gr	INF194KB1AL4	Oswal Pumps Ltd	Industrials	18.02	0.09	0.00	Aug25	8.13
Bandhan Small Cap Dir Gr	INF194KB1AL4	Suryoday Small Finance Bank Ltd	Financial Services	17.84	0.09	9.75	Oct24	5.55
Bandhan Small Cap Dir Gr	INF194KB1AL4	Suryoday Small Finance Bank Ltd	Financial Services	17.84	0.09	9.75	Nov24	7.52
Bandhan Small Cap Dir Gr	INF194KB1AL4	Suryoday Small Finance Bank Ltd	Financial Services	17.84	0.09	9.75	Dec24	3.56
Bandhan Small Cap Dir Gr	INF194KB1AL4	Suryoday Small Finance Bank Ltd	Financial Services	17.84	0.09	9.75	Jan25	5.32
Bandhan Small Cap Dir Gr	INF194KB1AL4	Suryoday Small Finance Bank Ltd	Financial Services	17.84	0.09	9.75	Feb25	5.59
Bandhan Small Cap Dir Gr	INF194KB1AL4	Suryoday Small Finance Bank Ltd	Financial Services	17.84	0.09	9.75	Mar25	15.51
Bandhan Small Cap Dir Gr	INF194KB1AL4	Suryoday Small Finance Bank Ltd	Financial Services	17.84	0.09	9.75	Mar25	15.51
Bandhan Small Cap Dir Gr	INF194KB1AL4	Suryoday Small Finance Bank Ltd	Financial Services	17.84	0.09	9.75	Apr25	12.51
Bandhan Small Cap Dir Gr	INF194KB1AL4	Suryoday Small Finance Bank Ltd	Financial Services	17.84	0.09	9.75	May25	11.15
Bandhan Small Cap Dir Gr	INF194KB1AL4	Suryoday Small Finance Bank Ltd	Financial Services	17.84	0.09	9.75	June25	10.18
Bandhan Small Cap Dir Gr	INF194KB1AL4	Suryoday Small Finance Bank Ltd	Financial Services	17.84	0.09	9.75	July25	9.19
Bandhan Small Cap Dir Gr	INF194KB1AL4	Suryoday Small Finance Bank Ltd	Financial Services	17.84	0.09	9.75	Aug25	8.13
Bandhan Small Cap Dir Gr	INF194KB1AL4	Innova Captab Ltd	Healthcare	17.50	0.09	0.00	Oct24	5.55
Bandhan Small Cap Dir Gr	INF194KB1AL4	Innova Captab Ltd	Healthcare	17.50	0.09	0.00	Nov24	7.52
Bandhan Small Cap Dir Gr	INF194KB1AL4	Innova Captab Ltd	Healthcare	17.50	0.09	0.00	Dec24	3.56
Bandhan Small Cap Dir Gr	INF194KB1AL4	Innova Captab Ltd	Healthcare	17.50	0.09	0.00	Jan25	5.32
Bandhan Small Cap Dir Gr	INF194KB1AL4	Innova Captab Ltd	Healthcare	17.50	0.09	0.00	Feb25	5.59
Bandhan Small Cap Dir Gr	INF194KB1AL4	Innova Captab Ltd	Healthcare	17.50	0.09	0.00	Mar25	15.51
Bandhan Small Cap Dir Gr	INF194KB1AL4	Innova Captab Ltd	Healthcare	17.50	0.09	0.00	Mar25	15.51
Bandhan Small Cap Dir Gr	INF194KB1AL4	Innova Captab Ltd	Healthcare	17.50	0.09	0.00	Apr25	12.51
Bandhan Small Cap Dir Gr	INF194KB1AL4	Innova Captab Ltd	Healthcare	17.50	0.09	0.00	May25	11.15
Bandhan Small Cap Dir Gr	INF194KB1AL4	Innova Captab Ltd	Healthcare	17.50	0.09	0.00	June25	10.18
Bandhan Small Cap Dir Gr	INF194KB1AL4	Innova Captab Ltd	Healthcare	17.50	0.09	0.00	July25	9.19
Bandhan Small Cap Dir Gr	INF194KB1AL4	Innova Captab Ltd	Healthcare	17.50	0.09	0.00	Aug25	8.13
Bandhan Small Cap Dir Gr	INF194KB1AL4	Aegis Vopak Terminals Ltd	Energy	17.46	0.09	0.00	Oct24	5.55
Bandhan Small Cap Dir Gr	INF194KB1AL4	Aegis Vopak Terminals Ltd	Energy	17.46	0.09	0.00	Nov24	7.52
Bandhan Small Cap Dir Gr	INF194KB1AL4	Aegis Vopak Terminals Ltd	Energy	17.46	0.09	0.00	Dec24	3.56
Bandhan Small Cap Dir Gr	INF194KB1AL4	Aegis Vopak Terminals Ltd	Energy	17.46	0.09	0.00	Jan25	5.32
Bandhan Small Cap Dir Gr	INF194KB1AL4	Aegis Vopak Terminals Ltd	Energy	17.46	0.09	0.00	Feb25	5.59
Bandhan Small Cap Dir Gr	INF194KB1AL4	Aegis Vopak Terminals Ltd	Energy	17.46	0.09	0.00	Mar25	15.51
Bandhan Small Cap Dir Gr	INF194KB1AL4	Aegis Vopak Terminals Ltd	Energy	17.46	0.09	0.00	Mar25	15.51
Bandhan Small Cap Dir Gr	INF194KB1AL4	Aegis Vopak Terminals Ltd	Energy	17.46	0.09	0.00	Apr25	12.51
Bandhan Small Cap Dir Gr	INF194KB1AL4	Aegis Vopak Terminals Ltd	Energy	17.46	0.09	0.00	May25	11.15
Bandhan Small Cap Dir Gr	INF194KB1AL4	Aegis Vopak Terminals Ltd	Energy	17.46	0.09	0.00	June25	10.18
Bandhan Small Cap Dir Gr	INF194KB1AL4	Aegis Vopak Terminals Ltd	Energy	17.46	0.09	0.00	July25	9.19
Bandhan Small Cap Dir Gr	INF194KB1AL4	Aegis Vopak Terminals Ltd	Energy	17.46	0.09	0.00	Aug25	8.13
Bandhan Small Cap Dir Gr	INF194KB1AL4	Amanta Healthcare Ltd	Healthcare	16.76	0.08	0.89	Oct24	5.55
Bandhan Small Cap Dir Gr	INF194KB1AL4	Amanta Healthcare Ltd	Healthcare	16.76	0.08	0.89	Nov24	7.52
Bandhan Small Cap Dir Gr	INF194KB1AL4	Amanta Healthcare Ltd	Healthcare	16.76	0.08	0.89	Dec24	3.56
Bandhan Small Cap Dir Gr	INF194KB1AL4	Amanta Healthcare Ltd	Healthcare	16.76	0.08	0.89	Jan25	5.32
Bandhan Small Cap Dir Gr	INF194KB1AL4	Amanta Healthcare Ltd	Healthcare	16.76	0.08	0.89	Feb25	5.59
Bandhan Small Cap Dir Gr	INF194KB1AL4	Amanta Healthcare Ltd	Healthcare	16.76	0.08	0.89	Mar25	15.51
Bandhan Small Cap Dir Gr	INF194KB1AL4	Amanta Healthcare Ltd	Healthcare	16.76	0.08	0.89	Mar25	15.51
Bandhan Small Cap Dir Gr	INF194KB1AL4	Amanta Healthcare Ltd	Healthcare	16.76	0.08	0.89	Apr25	12.51
Bandhan Small Cap Dir Gr	INF194KB1AL4	Amanta Healthcare Ltd	Healthcare	16.76	0.08	0.89	May25	11.15
Bandhan Small Cap Dir Gr	INF194KB1AL4	Amanta Healthcare Ltd	Healthcare	16.76	0.08	0.89	June25	10.18
Bandhan Small Cap Dir Gr	INF194KB1AL4	Amanta Healthcare Ltd	Healthcare	16.76	0.08	0.89	July25	9.19
Bandhan Small Cap Dir Gr	INF194KB1AL4	Amanta Healthcare Ltd	Healthcare	16.76	0.08	0.89	Aug25	8.13
Bandhan Small Cap Dir Gr	INF194KB1AL4	FDC Ltd	Healthcare	15.92	0.08	0.00	Oct24	5.55
Bandhan Small Cap Dir Gr	INF194KB1AL4	FDC Ltd	Healthcare	15.92	0.08	0.00	Nov24	7.52
Bandhan Small Cap Dir Gr	INF194KB1AL4	FDC Ltd	Healthcare	15.92	0.08	0.00	Dec24	3.56
Bandhan Small Cap Dir Gr	INF194KB1AL4	FDC Ltd	Healthcare	15.92	0.08	0.00	Jan25	5.32
Bandhan Small Cap Dir Gr	INF194KB1AL4	FDC Ltd	Healthcare	15.92	0.08	0.00	Feb25	5.59
Bandhan Small Cap Dir Gr	INF194KB1AL4	FDC Ltd	Healthcare	15.92	0.08	0.00	Mar25	15.51
Bandhan Small Cap Dir Gr	INF194KB1AL4	FDC Ltd	Healthcare	15.92	0.08	0.00	Mar25	15.51
Bandhan Small Cap Dir Gr	INF194KB1AL4	FDC Ltd	Healthcare	15.92	0.08	0.00	Apr25	12.51
Bandhan Small Cap Dir Gr	INF194KB1AL4	FDC Ltd	Healthcare	15.92	0.08	0.00	May25	11.15
Bandhan Small Cap Dir Gr	INF194KB1AL4	FDC Ltd	Healthcare	15.92	0.08	0.00	June25	10.18
Bandhan Small Cap Dir Gr	INF194KB1AL4	FDC Ltd	Healthcare	15.92	0.08	0.00	July25	9.19
Bandhan Small Cap Dir Gr	INF194KB1AL4	FDC Ltd	Healthcare	15.92	0.08	0.00	Aug25	8.13
Bandhan Small Cap Dir Gr	INF194KB1AL4	JK Paper Ltd	Basic Materials	15.60	0.08	4.36	Oct24	5.55
Bandhan Small Cap Dir Gr	INF194KB1AL4	JK Paper Ltd	Basic Materials	15.60	0.08	4.36	Nov24	7.52
Bandhan Small Cap Dir Gr	INF194KB1AL4	JK Paper Ltd	Basic Materials	15.60	0.08	4.36	Dec24	3.56
Bandhan Small Cap Dir Gr	INF194KB1AL4	JK Paper Ltd	Basic Materials	15.60	0.08	4.36	Jan25	5.32
Bandhan Small Cap Dir Gr	INF194KB1AL4	JK Paper Ltd	Basic Materials	15.60	0.08	4.36	Feb25	5.59
Bandhan Small Cap Dir Gr	INF194KB1AL4	JK Paper Ltd	Basic Materials	15.60	0.08	4.36	Mar25	15.51
Bandhan Small Cap Dir Gr	INF194KB1AL4	JK Paper Ltd	Basic Materials	15.60	0.08	4.36	Mar25	15.51
Bandhan Small Cap Dir Gr	INF194KB1AL4	JK Paper Ltd	Basic Materials	15.60	0.08	4.36	Apr25	12.51
Bandhan Small Cap Dir Gr	INF194KB1AL4	JK Paper Ltd	Basic Materials	15.60	0.08	4.36	May25	11.15
Bandhan Small Cap Dir Gr	INF194KB1AL4	JK Paper Ltd	Basic Materials	15.60	0.08	4.36	June25	10.18
Bandhan Small Cap Dir Gr	INF194KB1AL4	JK Paper Ltd	Basic Materials	15.60	0.08	4.36	July25	9.19
Bandhan Small Cap Dir Gr	INF194KB1AL4	JK Paper Ltd	Basic Materials	15.60	0.08	4.36	Aug25	8.13
Bandhan Small Cap Dir Gr	INF194KB1AL4	Artemis Medicare Services Ltd Ordinary Shares	Healthcare	14.62	0.07	0.00	Oct24	5.55
Bandhan Small Cap Dir Gr	INF194KB1AL4	Artemis Medicare Services Ltd Ordinary Shares	Healthcare	14.62	0.07	0.00	Nov24	7.52
Bandhan Small Cap Dir Gr	INF194KB1AL4	Artemis Medicare Services Ltd Ordinary Shares	Healthcare	14.62	0.07	0.00	Dec24	3.56
Bandhan Small Cap Dir Gr	INF194KB1AL4	Artemis Medicare Services Ltd Ordinary Shares	Healthcare	14.62	0.07	0.00	Jan25	5.32
Bandhan Small Cap Dir Gr	INF194KB1AL4	Artemis Medicare Services Ltd Ordinary Shares	Healthcare	14.62	0.07	0.00	Feb25	5.59
Bandhan Small Cap Dir Gr	INF194KB1AL4	Artemis Medicare Services Ltd Ordinary Shares	Healthcare	14.62	0.07	0.00	Mar25	15.51
Bandhan Small Cap Dir Gr	INF194KB1AL4	Artemis Medicare Services Ltd Ordinary Shares	Healthcare	14.62	0.07	0.00	Mar25	15.51
Bandhan Small Cap Dir Gr	INF194KB1AL4	Artemis Medicare Services Ltd Ordinary Shares	Healthcare	14.62	0.07	0.00	Apr25	12.51
Bandhan Small Cap Dir Gr	INF194KB1AL4	Artemis Medicare Services Ltd Ordinary Shares	Healthcare	14.62	0.07	0.00	May25	11.15
Bandhan Small Cap Dir Gr	INF194KB1AL4	Artemis Medicare Services Ltd Ordinary Shares	Healthcare	14.62	0.07	0.00	June25	10.18
Bandhan Small Cap Dir Gr	INF194KB1AL4	Artemis Medicare Services Ltd Ordinary Shares	Healthcare	14.62	0.07	0.00	July25	9.19
Bandhan Small Cap Dir Gr	INF194KB1AL4	Artemis Medicare Services Ltd Ordinary Shares	Healthcare	14.62	0.07	0.00	Aug25	8.13
Bandhan Small Cap Dir Gr	INF194KB1AL4	All Time Plastics Ltd	Consumer Defensive	14.11	0.07	0.00	Oct24	5.55
Bandhan Small Cap Dir Gr	INF194KB1AL4	All Time Plastics Ltd	Consumer Defensive	14.11	0.07	0.00	Nov24	7.52
Bandhan Small Cap Dir Gr	INF194KB1AL4	All Time Plastics Ltd	Consumer Defensive	14.11	0.07	0.00	Dec24	3.56
Bandhan Small Cap Dir Gr	INF194KB1AL4	All Time Plastics Ltd	Consumer Defensive	14.11	0.07	0.00	Jan25	5.32
Bandhan Small Cap Dir Gr	INF194KB1AL4	All Time Plastics Ltd	Consumer Defensive	14.11	0.07	0.00	Feb25	5.59
Bandhan Small Cap Dir Gr	INF194KB1AL4	All Time Plastics Ltd	Consumer Defensive	14.11	0.07	0.00	Mar25	15.51
Bandhan Small Cap Dir Gr	INF194KB1AL4	All Time Plastics Ltd	Consumer Defensive	14.11	0.07	0.00	Mar25	15.51
Bandhan Small Cap Dir Gr	INF194KB1AL4	All Time Plastics Ltd	Consumer Defensive	14.11	0.07	0.00	Apr25	12.51
Bandhan Small Cap Dir Gr	INF194KB1AL4	All Time Plastics Ltd	Consumer Defensive	14.11	0.07	0.00	May25	11.15
Bandhan Small Cap Dir Gr	INF194KB1AL4	All Time Plastics Ltd	Consumer Defensive	14.11	0.07	0.00	June25	10.18
Bandhan Small Cap Dir Gr	INF194KB1AL4	All Time Plastics Ltd	Consumer Defensive	14.11	0.07	0.00	July25	9.19
Bandhan Small Cap Dir Gr	INF194KB1AL4	All Time Plastics Ltd	Consumer Defensive	14.11	0.07	0.00	Aug25	8.13
Bandhan Small Cap Dir Gr	INF194KB1AL4	Windlas Biotech Ltd	Healthcare	14.08	0.07	5.31	Oct24	5.55
Bandhan Small Cap Dir Gr	INF194KB1AL4	Windlas Biotech Ltd	Healthcare	14.08	0.07	5.31	Nov24	7.52
Bandhan Small Cap Dir Gr	INF194KB1AL4	Windlas Biotech Ltd	Healthcare	14.08	0.07	5.31	Dec24	3.56
Bandhan Small Cap Dir Gr	INF194KB1AL4	Windlas Biotech Ltd	Healthcare	14.08	0.07	5.31	Jan25	5.32
Bandhan Small Cap Dir Gr	INF194KB1AL4	Windlas Biotech Ltd	Healthcare	14.08	0.07	5.31	Feb25	5.59
Bandhan Small Cap Dir Gr	INF194KB1AL4	Windlas Biotech Ltd	Healthcare	14.08	0.07	5.31	Mar25	15.51
Bandhan Small Cap Dir Gr	INF194KB1AL4	Windlas Biotech Ltd	Healthcare	14.08	0.07	5.31	Mar25	15.51
Bandhan Small Cap Dir Gr	INF194KB1AL4	Windlas Biotech Ltd	Healthcare	14.08	0.07	5.31	Apr25	12.51
Bandhan Small Cap Dir Gr	INF194KB1AL4	Windlas Biotech Ltd	Healthcare	14.08	0.07	5.31	May25	11.15
Bandhan Small Cap Dir Gr	INF194KB1AL4	Windlas Biotech Ltd	Healthcare	14.08	0.07	5.31	June25	10.18
Bandhan Small Cap Dir Gr	INF194KB1AL4	Windlas Biotech Ltd	Healthcare	14.08	0.07	5.31	July25	9.19
Bandhan Small Cap Dir Gr	INF194KB1AL4	Windlas Biotech Ltd	Healthcare	14.08	0.07	5.31	Aug25	8.13
Bandhan Small Cap Dir Gr	INF194KB1AL4	Bansal Wire Industries Ltd	Basic Materials	14.02	0.07	0.00	Oct24	5.55
Bandhan Small Cap Dir Gr	INF194KB1AL4	Bansal Wire Industries Ltd	Basic Materials	14.02	0.07	0.00	Nov24	7.52
Bandhan Small Cap Dir Gr	INF194KB1AL4	Bansal Wire Industries Ltd	Basic Materials	14.02	0.07	0.00	Dec24	3.56
Bandhan Small Cap Dir Gr	INF194KB1AL4	Bansal Wire Industries Ltd	Basic Materials	14.02	0.07	0.00	Jan25	5.32
Bandhan Small Cap Dir Gr	INF194KB1AL4	Bansal Wire Industries Ltd	Basic Materials	14.02	0.07	0.00	Feb25	5.59
Bandhan Small Cap Dir Gr	INF194KB1AL4	Bansal Wire Industries Ltd	Basic Materials	14.02	0.07	0.00	Mar25	15.51
Bandhan Small Cap Dir Gr	INF194KB1AL4	Bansal Wire Industries Ltd	Basic Materials	14.02	0.07	0.00	Mar25	15.51
Bandhan Small Cap Dir Gr	INF194KB1AL4	Bansal Wire Industries Ltd	Basic Materials	14.02	0.07	0.00	Apr25	12.51
Bandhan Small Cap Dir Gr	INF194KB1AL4	Bansal Wire Industries Ltd	Basic Materials	14.02	0.07	0.00	May25	11.15
Bandhan Small Cap Dir Gr	INF194KB1AL4	Bansal Wire Industries Ltd	Basic Materials	14.02	0.07	0.00	June25	10.18
Bandhan Small Cap Dir Gr	INF194KB1AL4	Bansal Wire Industries Ltd	Basic Materials	14.02	0.07	0.00	July25	9.19
Bandhan Small Cap Dir Gr	INF194KB1AL4	Bansal Wire Industries Ltd	Basic Materials	14.02	0.07	0.00	Aug25	8.13
Bandhan Small Cap Dir Gr	INF194KB1AL4	Saregama India Ltd	Communication Services	13.99	0.07	7.69	Oct24	5.55
Bandhan Small Cap Dir Gr	INF194KB1AL4	Saregama India Ltd	Communication Services	13.99	0.07	7.69	Nov24	7.52
Bandhan Small Cap Dir Gr	INF194KB1AL4	Saregama India Ltd	Communication Services	13.99	0.07	7.69	Dec24	3.56
Bandhan Small Cap Dir Gr	INF194KB1AL4	Saregama India Ltd	Communication Services	13.99	0.07	7.69	Jan25	5.32
Bandhan Small Cap Dir Gr	INF194KB1AL4	Saregama India Ltd	Communication Services	13.99	0.07	7.69	Feb25	5.59
Bandhan Small Cap Dir Gr	INF194KB1AL4	Saregama India Ltd	Communication Services	13.99	0.07	7.69	Mar25	15.51
Bandhan Small Cap Dir Gr	INF194KB1AL4	Saregama India Ltd	Communication Services	13.99	0.07	7.69	Mar25	15.51
Bandhan Small Cap Dir Gr	INF194KB1AL4	Saregama India Ltd	Communication Services	13.99	0.07	7.69	Apr25	12.51
Bandhan Small Cap Dir Gr	INF194KB1AL4	Saregama India Ltd	Communication Services	13.99	0.07	7.69	May25	11.15
Bandhan Small Cap Dir Gr	INF194KB1AL4	Saregama India Ltd	Communication Services	13.99	0.07	7.69	June25	10.18
Bandhan Small Cap Dir Gr	INF194KB1AL4	Saregama India Ltd	Communication Services	13.99	0.07	7.69	July25	9.19
Bandhan Small Cap Dir Gr	INF194KB1AL4	Saregama India Ltd	Communication Services	13.99	0.07	7.69	Aug25	8.13
Bandhan Small Cap Dir Gr	INF194KB1AL4	Wakefit Innovations Ltd	Consumer Cyclical	13.21	0.06	-40.06	Oct24	5.55
Bandhan Small Cap Dir Gr	INF194KB1AL4	Wakefit Innovations Ltd	Consumer Cyclical	13.21	0.06	-40.06	Nov24	7.52
Bandhan Small Cap Dir Gr	INF194KB1AL4	Wakefit Innovations Ltd	Consumer Cyclical	13.21	0.06	-40.06	Dec24	3.56
Bandhan Small Cap Dir Gr	INF194KB1AL4	Wakefit Innovations Ltd	Consumer Cyclical	13.21	0.06	-40.06	Jan25	5.32
Bandhan Small Cap Dir Gr	INF194KB1AL4	Wakefit Innovations Ltd	Consumer Cyclical	13.21	0.06	-40.06	Feb25	5.59
Bandhan Small Cap Dir Gr	INF194KB1AL4	Wakefit Innovations Ltd	Consumer Cyclical	13.21	0.06	-40.06	Mar25	15.51
Bandhan Small Cap Dir Gr	INF194KB1AL4	Wakefit Innovations Ltd	Consumer Cyclical	13.21	0.06	-40.06	Mar25	15.51
Bandhan Small Cap Dir Gr	INF194KB1AL4	Wakefit Innovations Ltd	Consumer Cyclical	13.21	0.06	-40.06	Apr25	12.51
Bandhan Small Cap Dir Gr	INF194KB1AL4	Wakefit Innovations Ltd	Consumer Cyclical	13.21	0.06	-40.06	May25	11.15
Bandhan Small Cap Dir Gr	INF194KB1AL4	Wakefit Innovations Ltd	Consumer Cyclical	13.21	0.06	-40.06	June25	10.18
Bandhan Small Cap Dir Gr	INF194KB1AL4	Wakefit Innovations Ltd	Consumer Cyclical	13.21	0.06	-40.06	July25	9.19
Bandhan Small Cap Dir Gr	INF194KB1AL4	Wakefit Innovations Ltd	Consumer Cyclical	13.21	0.06	-40.06	Aug25	8.13
Bandhan Small Cap Dir Gr	INF194KB1AL4	Mayur Uniquoters Ltd	Consumer Cyclical	12.73	0.06	-12.99	Oct24	5.55
Bandhan Small Cap Dir Gr	INF194KB1AL4	Mayur Uniquoters Ltd	Consumer Cyclical	12.73	0.06	-12.99	Nov24	7.52
Bandhan Small Cap Dir Gr	INF194KB1AL4	Mayur Uniquoters Ltd	Consumer Cyclical	12.73	0.06	-12.99	Dec24	3.56
Bandhan Small Cap Dir Gr	INF194KB1AL4	Mayur Uniquoters Ltd	Consumer Cyclical	12.73	0.06	-12.99	Jan25	5.32
Bandhan Small Cap Dir Gr	INF194KB1AL4	Mayur Uniquoters Ltd	Consumer Cyclical	12.73	0.06	-12.99	Feb25	5.59
Bandhan Small Cap Dir Gr	INF194KB1AL4	Mayur Uniquoters Ltd	Consumer Cyclical	12.73	0.06	-12.99	Mar25	15.51
Bandhan Small Cap Dir Gr	INF194KB1AL4	Mayur Uniquoters Ltd	Consumer Cyclical	12.73	0.06	-12.99	Mar25	15.51
Bandhan Small Cap Dir Gr	INF194KB1AL4	Mayur Uniquoters Ltd	Consumer Cyclical	12.73	0.06	-12.99	Apr25	12.51
Bandhan Small Cap Dir Gr	INF194KB1AL4	Mayur Uniquoters Ltd	Consumer Cyclical	12.73	0.06	-12.99	May25	11.15
Bandhan Small Cap Dir Gr	INF194KB1AL4	Mayur Uniquoters Ltd	Consumer Cyclical	12.73	0.06	-12.99	June25	10.18
Bandhan Small Cap Dir Gr	INF194KB1AL4	Mayur Uniquoters Ltd	Consumer Cyclical	12.73	0.06	-12.99	July25	9.19
Bandhan Small Cap Dir Gr	INF194KB1AL4	Mayur Uniquoters Ltd	Consumer Cyclical	12.73	0.06	-12.99	Aug25	8.13
Bandhan Small Cap Dir Gr	INF194KB1AL4	Blackbuck Ltd	Technology	12.57	0.06	0.00	Oct24	5.55
Bandhan Small Cap Dir Gr	INF194KB1AL4	Blackbuck Ltd	Technology	12.57	0.06	0.00	Nov24	7.52
Bandhan Small Cap Dir Gr	INF194KB1AL4	Blackbuck Ltd	Technology	12.57	0.06	0.00	Dec24	3.56
Bandhan Small Cap Dir Gr	INF194KB1AL4	Blackbuck Ltd	Technology	12.57	0.06	0.00	Jan25	5.32
Bandhan Small Cap Dir Gr	INF194KB1AL4	Blackbuck Ltd	Technology	12.57	0.06	0.00	Feb25	5.59
Bandhan Small Cap Dir Gr	INF194KB1AL4	Blackbuck Ltd	Technology	12.57	0.06	0.00	Mar25	15.51
Bandhan Small Cap Dir Gr	INF194KB1AL4	Blackbuck Ltd	Technology	12.57	0.06	0.00	Mar25	15.51
Bandhan Small Cap Dir Gr	INF194KB1AL4	Blackbuck Ltd	Technology	12.57	0.06	0.00	Apr25	12.51
Bandhan Small Cap Dir Gr	INF194KB1AL4	Blackbuck Ltd	Technology	12.57	0.06	0.00	May25	11.15
Bandhan Small Cap Dir Gr	INF194KB1AL4	Blackbuck Ltd	Technology	12.57	0.06	0.00	June25	10.18
Bandhan Small Cap Dir Gr	INF194KB1AL4	Blackbuck Ltd	Technology	12.57	0.06	0.00	July25	9.19
Bandhan Small Cap Dir Gr	INF194KB1AL4	Blackbuck Ltd	Technology	12.57	0.06	0.00	Aug25	8.13
Bandhan Small Cap Dir Gr	INF194KB1AL4	TBO Tek Ltd	Consumer Cyclical	12.43	0.06	0.00	Oct24	5.55
Bandhan Small Cap Dir Gr	INF194KB1AL4	TBO Tek Ltd	Consumer Cyclical	12.43	0.06	0.00	Nov24	7.52
Bandhan Small Cap Dir Gr	INF194KB1AL4	TBO Tek Ltd	Consumer Cyclical	12.43	0.06	0.00	Dec24	3.56
Bandhan Small Cap Dir Gr	INF194KB1AL4	TBO Tek Ltd	Consumer Cyclical	12.43	0.06	0.00	Jan25	5.32
Bandhan Small Cap Dir Gr	INF194KB1AL4	TBO Tek Ltd	Consumer Cyclical	12.43	0.06	0.00	Feb25	5.59
Bandhan Small Cap Dir Gr	INF194KB1AL4	TBO Tek Ltd	Consumer Cyclical	12.43	0.06	0.00	Mar25	15.51
Bandhan Small Cap Dir Gr	INF194KB1AL4	TBO Tek Ltd	Consumer Cyclical	12.43	0.06	0.00	Mar25	15.51
Bandhan Small Cap Dir Gr	INF194KB1AL4	TBO Tek Ltd	Consumer Cyclical	12.43	0.06	0.00	Apr25	12.51
Bandhan Small Cap Dir Gr	INF194KB1AL4	TBO Tek Ltd	Consumer Cyclical	12.43	0.06	0.00	May25	11.15
Bandhan Small Cap Dir Gr	INF194KB1AL4	TBO Tek Ltd	Consumer Cyclical	12.43	0.06	0.00	June25	10.18
Bandhan Small Cap Dir Gr	INF194KB1AL4	TBO Tek Ltd	Consumer Cyclical	12.43	0.06	0.00	July25	9.19
Bandhan Small Cap Dir Gr	INF194KB1AL4	TBO Tek Ltd	Consumer Cyclical	12.43	0.06	0.00	Aug25	8.13
Bandhan Small Cap Dir Gr	INF194KB1AL4	Cash Margin - Ccil		12.32	0.06		Oct24	5.55
Bandhan Small Cap Dir Gr	INF194KB1AL4	Cash Margin - Ccil		12.32	0.06		Nov24	7.52
Bandhan Small Cap Dir Gr	INF194KB1AL4	Cash Margin - Ccil		12.32	0.06		Dec24	3.56
Bandhan Small Cap Dir Gr	INF194KB1AL4	Cash Margin - Ccil		12.32	0.06		Jan25	5.32
Bandhan Small Cap Dir Gr	INF194KB1AL4	Cash Margin - Ccil		12.32	0.06		Feb25	5.59
Bandhan Small Cap Dir Gr	INF194KB1AL4	Cash Margin - Ccil		12.32	0.06		Mar25	15.51
Bandhan Small Cap Dir Gr	INF194KB1AL4	Cash Margin - Ccil		12.32	0.06		Mar25	15.51
Bandhan Small Cap Dir Gr	INF194KB1AL4	Cash Margin - Ccil		12.32	0.06		Apr25	12.51
Bandhan Small Cap Dir Gr	INF194KB1AL4	Cash Margin - Ccil		12.32	0.06		May25	11.15
Bandhan Small Cap Dir Gr	INF194KB1AL4	Cash Margin - Ccil		12.32	0.06		June25	10.18
Bandhan Small Cap Dir Gr	INF194KB1AL4	Cash Margin - Ccil		12.32	0.06		July25	9.19
Bandhan Small Cap Dir Gr	INF194KB1AL4	Cash Margin - Ccil		12.32	0.06		Aug25	8.13
Bandhan Small Cap Dir Gr	INF194KB1AL4	Concord Enviro Systems Ltd	Utilities	12.10	0.06	0.00	Oct24	5.55
Bandhan Small Cap Dir Gr	INF194KB1AL4	Concord Enviro Systems Ltd	Utilities	12.10	0.06	0.00	Nov24	7.52
Bandhan Small Cap Dir Gr	INF194KB1AL4	Concord Enviro Systems Ltd	Utilities	12.10	0.06	0.00	Dec24	3.56
Bandhan Small Cap Dir Gr	INF194KB1AL4	Concord Enviro Systems Ltd	Utilities	12.10	0.06	0.00	Jan25	5.32
Bandhan Small Cap Dir Gr	INF194KB1AL4	Concord Enviro Systems Ltd	Utilities	12.10	0.06	0.00	Feb25	5.59
Bandhan Small Cap Dir Gr	INF194KB1AL4	Concord Enviro Systems Ltd	Utilities	12.10	0.06	0.00	Mar25	15.51
Bandhan Small Cap Dir Gr	INF194KB1AL4	Concord Enviro Systems Ltd	Utilities	12.10	0.06	0.00	Mar25	15.51
Bandhan Small Cap Dir Gr	INF194KB1AL4	Concord Enviro Systems Ltd	Utilities	12.10	0.06	0.00	Apr25	12.51
Bandhan Small Cap Dir Gr	INF194KB1AL4	Concord Enviro Systems Ltd	Utilities	12.10	0.06	0.00	May25	11.15
Bandhan Small Cap Dir Gr	INF194KB1AL4	Concord Enviro Systems Ltd	Utilities	12.10	0.06	0.00	June25	10.18
Bandhan Small Cap Dir Gr	INF194KB1AL4	Concord Enviro Systems Ltd	Utilities	12.10	0.06	0.00	July25	9.19
Bandhan Small Cap Dir Gr	INF194KB1AL4	Concord Enviro Systems Ltd	Utilities	12.10	0.06	0.00	Aug25	8.13
Bandhan Small Cap Dir Gr	INF194KB1AL4	Arvind Fashions Ltd	Consumer Cyclical	11.54	0.06	0.00	Oct24	5.55
Bandhan Small Cap Dir Gr	INF194KB1AL4	Arvind Fashions Ltd	Consumer Cyclical	11.54	0.06	0.00	Nov24	7.52
Bandhan Small Cap Dir Gr	INF194KB1AL4	Arvind Fashions Ltd	Consumer Cyclical	11.54	0.06	0.00	Dec24	3.56
Bandhan Small Cap Dir Gr	INF194KB1AL4	Arvind Fashions Ltd	Consumer Cyclical	11.54	0.06	0.00	Jan25	5.32
Bandhan Small Cap Dir Gr	INF194KB1AL4	Arvind Fashions Ltd	Consumer Cyclical	11.54	0.06	0.00	Feb25	5.59
Bandhan Small Cap Dir Gr	INF194KB1AL4	Arvind Fashions Ltd	Consumer Cyclical	11.54	0.06	0.00	Mar25	15.51
Bandhan Small Cap Dir Gr	INF194KB1AL4	Arvind Fashions Ltd	Consumer Cyclical	11.54	0.06	0.00	Mar25	15.51
Bandhan Small Cap Dir Gr	INF194KB1AL4	Arvind Fashions Ltd	Consumer Cyclical	11.54	0.06	0.00	Apr25	12.51
Bandhan Small Cap Dir Gr	INF194KB1AL4	Arvind Fashions Ltd	Consumer Cyclical	11.54	0.06	0.00	May25	11.15
Bandhan Small Cap Dir Gr	INF194KB1AL4	Arvind Fashions Ltd	Consumer Cyclical	11.54	0.06	0.00	June25	10.18
Bandhan Small Cap Dir Gr	INF194KB1AL4	Arvind Fashions Ltd	Consumer Cyclical	11.54	0.06	0.00	July25	9.19
Bandhan Small Cap Dir Gr	INF194KB1AL4	Arvind Fashions Ltd	Consumer Cyclical	11.54	0.06	0.00	Aug25	8.13
Bandhan Small Cap Dir Gr	INF194KB1AL4	Thirumalai Chemicals Ltd	Basic Materials	11.47	0.06	0.00	Oct24	5.55
Bandhan Small Cap Dir Gr	INF194KB1AL4	Thirumalai Chemicals Ltd	Basic Materials	11.47	0.06	0.00	Nov24	7.52
Bandhan Small Cap Dir Gr	INF194KB1AL4	Thirumalai Chemicals Ltd	Basic Materials	11.47	0.06	0.00	Dec24	3.56
Bandhan Small Cap Dir Gr	INF194KB1AL4	Thirumalai Chemicals Ltd	Basic Materials	11.47	0.06	0.00	Jan25	5.32
Bandhan Small Cap Dir Gr	INF194KB1AL4	Thirumalai Chemicals Ltd	Basic Materials	11.47	0.06	0.00	Feb25	5.59
Bandhan Small Cap Dir Gr	INF194KB1AL4	Thirumalai Chemicals Ltd	Basic Materials	11.47	0.06	0.00	Mar25	15.51
Bandhan Small Cap Dir Gr	INF194KB1AL4	Thirumalai Chemicals Ltd	Basic Materials	11.47	0.06	0.00	Mar25	15.51
Bandhan Small Cap Dir Gr	INF194KB1AL4	Thirumalai Chemicals Ltd	Basic Materials	11.47	0.06	0.00	Apr25	12.51
Bandhan Small Cap Dir Gr	INF194KB1AL4	Thirumalai Chemicals Ltd	Basic Materials	11.47	0.06	0.00	May25	11.15
Bandhan Small Cap Dir Gr	INF194KB1AL4	Thirumalai Chemicals Ltd	Basic Materials	11.47	0.06	0.00	June25	10.18
Bandhan Small Cap Dir Gr	INF194KB1AL4	Thirumalai Chemicals Ltd	Basic Materials	11.47	0.06	0.00	July25	9.19
Bandhan Small Cap Dir Gr	INF194KB1AL4	Thirumalai Chemicals Ltd	Basic Materials	11.47	0.06	0.00	Aug25	8.13
Bandhan Small Cap Dir Gr	INF194KB1AL4	Vedant Fashions Ltd	Consumer Cyclical	11.30	0.06	0.00	Oct24	5.55
Bandhan Small Cap Dir Gr	INF194KB1AL4	Vedant Fashions Ltd	Consumer Cyclical	11.30	0.06	0.00	Nov24	7.52
Bandhan Small Cap Dir Gr	INF194KB1AL4	Vedant Fashions Ltd	Consumer Cyclical	11.30	0.06	0.00	Dec24	3.56
Bandhan Small Cap Dir Gr	INF194KB1AL4	Vedant Fashions Ltd	Consumer Cyclical	11.30	0.06	0.00	Jan25	5.32
Bandhan Small Cap Dir Gr	INF194KB1AL4	Vedant Fashions Ltd	Consumer Cyclical	11.30	0.06	0.00	Feb25	5.59
Bandhan Small Cap Dir Gr	INF194KB1AL4	Vedant Fashions Ltd	Consumer Cyclical	11.30	0.06	0.00	Mar25	15.51
Bandhan Small Cap Dir Gr	INF194KB1AL4	Vedant Fashions Ltd	Consumer Cyclical	11.30	0.06	0.00	Mar25	15.51
Bandhan Small Cap Dir Gr	INF194KB1AL4	Vedant Fashions Ltd	Consumer Cyclical	11.30	0.06	0.00	Apr25	12.51
Bandhan Small Cap Dir Gr	INF194KB1AL4	Vedant Fashions Ltd	Consumer Cyclical	11.30	0.06	0.00	May25	11.15
Bandhan Small Cap Dir Gr	INF194KB1AL4	Vedant Fashions Ltd	Consumer Cyclical	11.30	0.06	0.00	June25	10.18
Bandhan Small Cap Dir Gr	INF194KB1AL4	Vedant Fashions Ltd	Consumer Cyclical	11.30	0.06	0.00	July25	9.19
Bandhan Small Cap Dir Gr	INF194KB1AL4	Vedant Fashions Ltd	Consumer Cyclical	11.30	0.06	0.00	Aug25	8.13
Bandhan Small Cap Dir Gr	INF194KB1AL4	Sudeep Pharma Ltd	Healthcare	11.09	0.05	-15.31	Oct24	5.55
Bandhan Small Cap Dir Gr	INF194KB1AL4	Sudeep Pharma Ltd	Healthcare	11.09	0.05	-15.31	Nov24	7.52
Bandhan Small Cap Dir Gr	INF194KB1AL4	Sudeep Pharma Ltd	Healthcare	11.09	0.05	-15.31	Dec24	3.56
Bandhan Small Cap Dir Gr	INF194KB1AL4	Sudeep Pharma Ltd	Healthcare	11.09	0.05	-15.31	Jan25	5.32
Bandhan Small Cap Dir Gr	INF194KB1AL4	Sudeep Pharma Ltd	Healthcare	11.09	0.05	-15.31	Feb25	5.59
Bandhan Small Cap Dir Gr	INF194KB1AL4	Sudeep Pharma Ltd	Healthcare	11.09	0.05	-15.31	Mar25	15.51
Bandhan Small Cap Dir Gr	INF194KB1AL4	Sudeep Pharma Ltd	Healthcare	11.09	0.05	-15.31	Mar25	15.51
Bandhan Small Cap Dir Gr	INF194KB1AL4	Sudeep Pharma Ltd	Healthcare	11.09	0.05	-15.31	Apr25	12.51
Bandhan Small Cap Dir Gr	INF194KB1AL4	Sudeep Pharma Ltd	Healthcare	11.09	0.05	-15.31	May25	11.15
Bandhan Small Cap Dir Gr	INF194KB1AL4	Sudeep Pharma Ltd	Healthcare	11.09	0.05	-15.31	June25	10.18
Bandhan Small Cap Dir Gr	INF194KB1AL4	Sudeep Pharma Ltd	Healthcare	11.09	0.05	-15.31	July25	9.19
Bandhan Small Cap Dir Gr	INF194KB1AL4	Sudeep Pharma Ltd	Healthcare	11.09	0.05	-15.31	Aug25	8.13
Bandhan Small Cap Dir Gr	INF194KB1AL4	Godavari Biorefineries Ltd	Basic Materials	10.35	0.05	0.00	Oct24	5.55
Bandhan Small Cap Dir Gr	INF194KB1AL4	Godavari Biorefineries Ltd	Basic Materials	10.35	0.05	0.00	Nov24	7.52
Bandhan Small Cap Dir Gr	INF194KB1AL4	Godavari Biorefineries Ltd	Basic Materials	10.35	0.05	0.00	Dec24	3.56
Bandhan Small Cap Dir Gr	INF194KB1AL4	Godavari Biorefineries Ltd	Basic Materials	10.35	0.05	0.00	Jan25	5.32
Bandhan Small Cap Dir Gr	INF194KB1AL4	Godavari Biorefineries Ltd	Basic Materials	10.35	0.05	0.00	Feb25	5.59
Bandhan Small Cap Dir Gr	INF194KB1AL4	Godavari Biorefineries Ltd	Basic Materials	10.35	0.05	0.00	Mar25	15.51
Bandhan Small Cap Dir Gr	INF194KB1AL4	Godavari Biorefineries Ltd	Basic Materials	10.35	0.05	0.00	Mar25	15.51
Bandhan Small Cap Dir Gr	INF194KB1AL4	Godavari Biorefineries Ltd	Basic Materials	10.35	0.05	0.00	Apr25	12.51
Bandhan Small Cap Dir Gr	INF194KB1AL4	Godavari Biorefineries Ltd	Basic Materials	10.35	0.05	0.00	May25	11.15
Bandhan Small Cap Dir Gr	INF194KB1AL4	Godavari Biorefineries Ltd	Basic Materials	10.35	0.05	0.00	June25	10.18
Bandhan Small Cap Dir Gr	INF194KB1AL4	Godavari Biorefineries Ltd	Basic Materials	10.35	0.05	0.00	July25	9.19
Bandhan Small Cap Dir Gr	INF194KB1AL4	Godavari Biorefineries Ltd	Basic Materials	10.35	0.05	0.00	Aug25	8.13
Bandhan Small Cap Dir Gr	INF194KB1AL4	Jyoti CNC Automation Ltd	Industrials	9.96	0.05	0.00	Oct24	5.55
Bandhan Small Cap Dir Gr	INF194KB1AL4	Jyoti CNC Automation Ltd	Industrials	9.96	0.05	0.00	Nov24	7.52
Bandhan Small Cap Dir Gr	INF194KB1AL4	Jyoti CNC Automation Ltd	Industrials	9.96	0.05	0.00	Dec24	3.56
Bandhan Small Cap Dir Gr	INF194KB1AL4	Jyoti CNC Automation Ltd	Industrials	9.96	0.05	0.00	Jan25	5.32
Bandhan Small Cap Dir Gr	INF194KB1AL4	Jyoti CNC Automation Ltd	Industrials	9.96	0.05	0.00	Feb25	5.59
Bandhan Small Cap Dir Gr	INF194KB1AL4	Jyoti CNC Automation Ltd	Industrials	9.96	0.05	0.00	Mar25	15.51
Bandhan Small Cap Dir Gr	INF194KB1AL4	Jyoti CNC Automation Ltd	Industrials	9.96	0.05	0.00	Mar25	15.51
Bandhan Small Cap Dir Gr	INF194KB1AL4	Jyoti CNC Automation Ltd	Industrials	9.96	0.05	0.00	Apr25	12.51
Bandhan Small Cap Dir Gr	INF194KB1AL4	Jyoti CNC Automation Ltd	Industrials	9.96	0.05	0.00	May25	11.15
Bandhan Small Cap Dir Gr	INF194KB1AL4	Jyoti CNC Automation Ltd	Industrials	9.96	0.05	0.00	June25	10.18
Bandhan Small Cap Dir Gr	INF194KB1AL4	Jyoti CNC Automation Ltd	Industrials	9.96	0.05	0.00	July25	9.19
Bandhan Small Cap Dir Gr	INF194KB1AL4	Jyoti CNC Automation Ltd	Industrials	9.96	0.05	0.00	Aug25	8.13
Bandhan Small Cap Dir Gr	INF194KB1AL4	IRM Energy Ltd	Utilities	9.40	0.05	0.00	Oct24	5.55
Bandhan Small Cap Dir Gr	INF194KB1AL4	IRM Energy Ltd	Utilities	9.40	0.05	0.00	Nov24	7.52
Bandhan Small Cap Dir Gr	INF194KB1AL4	IRM Energy Ltd	Utilities	9.40	0.05	0.00	Dec24	3.56
Bandhan Small Cap Dir Gr	INF194KB1AL4	IRM Energy Ltd	Utilities	9.40	0.05	0.00	Jan25	5.32
Bandhan Small Cap Dir Gr	INF194KB1AL4	IRM Energy Ltd	Utilities	9.40	0.05	0.00	Feb25	5.59
Bandhan Small Cap Dir Gr	INF194KB1AL4	IRM Energy Ltd	Utilities	9.40	0.05	0.00	Mar25	15.51
Bandhan Small Cap Dir Gr	INF194KB1AL4	IRM Energy Ltd	Utilities	9.40	0.05	0.00	Mar25	15.51
Bandhan Small Cap Dir Gr	INF194KB1AL4	IRM Energy Ltd	Utilities	9.40	0.05	0.00	Apr25	12.51
Bandhan Small Cap Dir Gr	INF194KB1AL4	IRM Energy Ltd	Utilities	9.40	0.05	0.00	May25	11.15
Bandhan Small Cap Dir Gr	INF194KB1AL4	IRM Energy Ltd	Utilities	9.40	0.05	0.00	June25	10.18
Bandhan Small Cap Dir Gr	INF194KB1AL4	IRM Energy Ltd	Utilities	9.40	0.05	0.00	July25	9.19
Bandhan Small Cap Dir Gr	INF194KB1AL4	IRM Energy Ltd	Utilities	9.40	0.05	0.00	Aug25	8.13
Bandhan Small Cap Dir Gr	INF194KB1AL4	VRL Logistics Ltd	Industrials	9.28	0.05	-48.99	Oct24	5.55
Bandhan Small Cap Dir Gr	INF194KB1AL4	VRL Logistics Ltd	Industrials	9.28	0.05	-48.99	Nov24	7.52
Bandhan Small Cap Dir Gr	INF194KB1AL4	VRL Logistics Ltd	Industrials	9.28	0.05	-48.99	Dec24	3.56
Bandhan Small Cap Dir Gr	INF194KB1AL4	VRL Logistics Ltd	Industrials	9.28	0.05	-48.99	Jan25	5.32
Bandhan Small Cap Dir Gr	INF194KB1AL4	VRL Logistics Ltd	Industrials	9.28	0.05	-48.99	Feb25	5.59
Bandhan Small Cap Dir Gr	INF194KB1AL4	VRL Logistics Ltd	Industrials	9.28	0.05	-48.99	Mar25	15.51
Bandhan Small Cap Dir Gr	INF194KB1AL4	VRL Logistics Ltd	Industrials	9.28	0.05	-48.99	Mar25	15.51
Bandhan Small Cap Dir Gr	INF194KB1AL4	VRL Logistics Ltd	Industrials	9.28	0.05	-48.99	Apr25	12.51
Bandhan Small Cap Dir Gr	INF194KB1AL4	VRL Logistics Ltd	Industrials	9.28	0.05	-48.99	May25	11.15
Bandhan Small Cap Dir Gr	INF194KB1AL4	VRL Logistics Ltd	Industrials	9.28	0.05	-48.99	June25	10.18
Bandhan Small Cap Dir Gr	INF194KB1AL4	VRL Logistics Ltd	Industrials	9.28	0.05	-48.99	July25	9.19
Bandhan Small Cap Dir Gr	INF194KB1AL4	VRL Logistics Ltd	Industrials	9.28	0.05	-48.99	Aug25	8.13
Bandhan Small Cap Dir Gr	INF194KB1AL4	Ellenbarrie Industrial Gases Ltd	Basic Materials	8.84	0.04	0.00	Oct24	5.55
Bandhan Small Cap Dir Gr	INF194KB1AL4	Ellenbarrie Industrial Gases Ltd	Basic Materials	8.84	0.04	0.00	Nov24	7.52
Bandhan Small Cap Dir Gr	INF194KB1AL4	Ellenbarrie Industrial Gases Ltd	Basic Materials	8.84	0.04	0.00	Dec24	3.56
Bandhan Small Cap Dir Gr	INF194KB1AL4	Ellenbarrie Industrial Gases Ltd	Basic Materials	8.84	0.04	0.00	Jan25	5.32
Bandhan Small Cap Dir Gr	INF194KB1AL4	Ellenbarrie Industrial Gases Ltd	Basic Materials	8.84	0.04	0.00	Feb25	5.59
Bandhan Small Cap Dir Gr	INF194KB1AL4	Ellenbarrie Industrial Gases Ltd	Basic Materials	8.84	0.04	0.00	Mar25	15.51
Bandhan Small Cap Dir Gr	INF194KB1AL4	Ellenbarrie Industrial Gases Ltd	Basic Materials	8.84	0.04	0.00	Mar25	15.51
Bandhan Small Cap Dir Gr	INF194KB1AL4	Ellenbarrie Industrial Gases Ltd	Basic Materials	8.84	0.04	0.00	Apr25	12.51
Bandhan Small Cap Dir Gr	INF194KB1AL4	Ellenbarrie Industrial Gases Ltd	Basic Materials	8.84	0.04	0.00	May25	11.15
Bandhan Small Cap Dir Gr	INF194KB1AL4	Ellenbarrie Industrial Gases Ltd	Basic Materials	8.84	0.04	0.00	June25	10.18
Bandhan Small Cap Dir Gr	INF194KB1AL4	Ellenbarrie Industrial Gases Ltd	Basic Materials	8.84	0.04	0.00	July25	9.19
Bandhan Small Cap Dir Gr	INF194KB1AL4	Ellenbarrie Industrial Gases Ltd	Basic Materials	8.84	0.04	0.00	Aug25	8.13
Bandhan Small Cap Dir Gr	INF194KB1AL4	Digitide Solutions Ltd	Industrials	8.72	0.04	0.00	Oct24	5.55
Bandhan Small Cap Dir Gr	INF194KB1AL4	Digitide Solutions Ltd	Industrials	8.72	0.04	0.00	Nov24	7.52
Bandhan Small Cap Dir Gr	INF194KB1AL4	Digitide Solutions Ltd	Industrials	8.72	0.04	0.00	Dec24	3.56
Bandhan Small Cap Dir Gr	INF194KB1AL4	Digitide Solutions Ltd	Industrials	8.72	0.04	0.00	Jan25	5.32
Bandhan Small Cap Dir Gr	INF194KB1AL4	Digitide Solutions Ltd	Industrials	8.72	0.04	0.00	Feb25	5.59
Bandhan Small Cap Dir Gr	INF194KB1AL4	Digitide Solutions Ltd	Industrials	8.72	0.04	0.00	Mar25	15.51
Bandhan Small Cap Dir Gr	INF194KB1AL4	Digitide Solutions Ltd	Industrials	8.72	0.04	0.00	Mar25	15.51
Bandhan Small Cap Dir Gr	INF194KB1AL4	Digitide Solutions Ltd	Industrials	8.72	0.04	0.00	Apr25	12.51
Bandhan Small Cap Dir Gr	INF194KB1AL4	Digitide Solutions Ltd	Industrials	8.72	0.04	0.00	May25	11.15
Bandhan Small Cap Dir Gr	INF194KB1AL4	Digitide Solutions Ltd	Industrials	8.72	0.04	0.00	June25	10.18
Bandhan Small Cap Dir Gr	INF194KB1AL4	Digitide Solutions Ltd	Industrials	8.72	0.04	0.00	July25	9.19
Bandhan Small Cap Dir Gr	INF194KB1AL4	Digitide Solutions Ltd	Industrials	8.72	0.04	0.00	Aug25	8.13
Bandhan Small Cap Dir Gr	INF194KB1AL4	MOIL Ltd	Basic Materials	8.53	0.04	0.00	Oct24	5.55
Bandhan Small Cap Dir Gr	INF194KB1AL4	MOIL Ltd	Basic Materials	8.53	0.04	0.00	Nov24	7.52
Bandhan Small Cap Dir Gr	INF194KB1AL4	MOIL Ltd	Basic Materials	8.53	0.04	0.00	Dec24	3.56
Bandhan Small Cap Dir Gr	INF194KB1AL4	MOIL Ltd	Basic Materials	8.53	0.04	0.00	Jan25	5.32
Bandhan Small Cap Dir Gr	INF194KB1AL4	MOIL Ltd	Basic Materials	8.53	0.04	0.00	Feb25	5.59
Bandhan Small Cap Dir Gr	INF194KB1AL4	MOIL Ltd	Basic Materials	8.53	0.04	0.00	Mar25	15.51
Bandhan Small Cap Dir Gr	INF194KB1AL4	MOIL Ltd	Basic Materials	8.53	0.04	0.00	Mar25	15.51
Bandhan Small Cap Dir Gr	INF194KB1AL4	MOIL Ltd	Basic Materials	8.53	0.04	0.00	Apr25	12.51
Bandhan Small Cap Dir Gr	INF194KB1AL4	MOIL Ltd	Basic Materials	8.53	0.04	0.00	May25	11.15
Bandhan Small Cap Dir Gr	INF194KB1AL4	MOIL Ltd	Basic Materials	8.53	0.04	0.00	June25	10.18
Bandhan Small Cap Dir Gr	INF194KB1AL4	MOIL Ltd	Basic Materials	8.53	0.04	0.00	July25	9.19
Bandhan Small Cap Dir Gr	INF194KB1AL4	MOIL Ltd	Basic Materials	8.53	0.04	0.00	Aug25	8.13
Bandhan Small Cap Dir Gr	INF194KB1AL4	Gujarat State Petronet Ltd	Utilities	8.44	0.04	0.00	Oct24	5.55
Bandhan Small Cap Dir Gr	INF194KB1AL4	Gujarat State Petronet Ltd	Utilities	8.44	0.04	0.00	Nov24	7.52
Bandhan Small Cap Dir Gr	INF194KB1AL4	Gujarat State Petronet Ltd	Utilities	8.44	0.04	0.00	Dec24	3.56
Bandhan Small Cap Dir Gr	INF194KB1AL4	Gujarat State Petronet Ltd	Utilities	8.44	0.04	0.00	Jan25	5.32
Bandhan Small Cap Dir Gr	INF194KB1AL4	Gujarat State Petronet Ltd	Utilities	8.44	0.04	0.00	Feb25	5.59
Bandhan Small Cap Dir Gr	INF194KB1AL4	Gujarat State Petronet Ltd	Utilities	8.44	0.04	0.00	Mar25	15.51
Bandhan Small Cap Dir Gr	INF194KB1AL4	Gujarat State Petronet Ltd	Utilities	8.44	0.04	0.00	Mar25	15.51
Bandhan Small Cap Dir Gr	INF194KB1AL4	Gujarat State Petronet Ltd	Utilities	8.44	0.04	0.00	Apr25	12.51
Bandhan Small Cap Dir Gr	INF194KB1AL4	Gujarat State Petronet Ltd	Utilities	8.44	0.04	0.00	May25	11.15
Bandhan Small Cap Dir Gr	INF194KB1AL4	Gujarat State Petronet Ltd	Utilities	8.44	0.04	0.00	June25	10.18
Bandhan Small Cap Dir Gr	INF194KB1AL4	Gujarat State Petronet Ltd	Utilities	8.44	0.04	0.00	July25	9.19
Bandhan Small Cap Dir Gr	INF194KB1AL4	Gujarat State Petronet Ltd	Utilities	8.44	0.04	0.00	Aug25	8.13
Bandhan Small Cap Dir Gr	INF194KB1AL4	Cash Margin - Derivatives		7.00	0.03		Oct24	5.55
Bandhan Small Cap Dir Gr	INF194KB1AL4	Cash Margin - Derivatives		7.00	0.03		Nov24	7.52
Bandhan Small Cap Dir Gr	INF194KB1AL4	Cash Margin - Derivatives		7.00	0.03		Dec24	3.56
Bandhan Small Cap Dir Gr	INF194KB1AL4	Cash Margin - Derivatives		7.00	0.03		Jan25	5.32
Bandhan Small Cap Dir Gr	INF194KB1AL4	Cash Margin - Derivatives		7.00	0.03		Feb25	5.59
Bandhan Small Cap Dir Gr	INF194KB1AL4	Cash Margin - Derivatives		7.00	0.03		Mar25	15.51
Bandhan Small Cap Dir Gr	INF194KB1AL4	Cash Margin - Derivatives		7.00	0.03		Mar25	15.51
Bandhan Small Cap Dir Gr	INF194KB1AL4	Cash Margin - Derivatives		7.00	0.03		Apr25	12.51
Bandhan Small Cap Dir Gr	INF194KB1AL4	Cash Margin - Derivatives		7.00	0.03		May25	11.15
Bandhan Small Cap Dir Gr	INF194KB1AL4	Cash Margin - Derivatives		7.00	0.03		June25	10.18
Bandhan Small Cap Dir Gr	INF194KB1AL4	Cash Margin - Derivatives		7.00	0.03		July25	9.19
Bandhan Small Cap Dir Gr	INF194KB1AL4	Cash Margin - Derivatives		7.00	0.03		Aug25	8.13
Bandhan Small Cap Dir Gr	INF194KB1AL4	AstraZeneca Pharma India Ltd	Healthcare	6.91	0.03	-36.70	Oct24	5.55
Bandhan Small Cap Dir Gr	INF194KB1AL4	AstraZeneca Pharma India Ltd	Healthcare	6.91	0.03	-36.70	Nov24	7.52
Bandhan Small Cap Dir Gr	INF194KB1AL4	AstraZeneca Pharma India Ltd	Healthcare	6.91	0.03	-36.70	Dec24	3.56
Bandhan Small Cap Dir Gr	INF194KB1AL4	AstraZeneca Pharma India Ltd	Healthcare	6.91	0.03	-36.70	Jan25	5.32
Bandhan Small Cap Dir Gr	INF194KB1AL4	AstraZeneca Pharma India Ltd	Healthcare	6.91	0.03	-36.70	Feb25	5.59
Bandhan Small Cap Dir Gr	INF194KB1AL4	AstraZeneca Pharma India Ltd	Healthcare	6.91	0.03	-36.70	Mar25	15.51
Bandhan Small Cap Dir Gr	INF194KB1AL4	AstraZeneca Pharma India Ltd	Healthcare	6.91	0.03	-36.70	Mar25	15.51
Bandhan Small Cap Dir Gr	INF194KB1AL4	AstraZeneca Pharma India Ltd	Healthcare	6.91	0.03	-36.70	Apr25	12.51
Bandhan Small Cap Dir Gr	INF194KB1AL4	AstraZeneca Pharma India Ltd	Healthcare	6.91	0.03	-36.70	May25	11.15
Bandhan Small Cap Dir Gr	INF194KB1AL4	AstraZeneca Pharma India Ltd	Healthcare	6.91	0.03	-36.70	June25	10.18
Bandhan Small Cap Dir Gr	INF194KB1AL4	AstraZeneca Pharma India Ltd	Healthcare	6.91	0.03	-36.70	July25	9.19
Bandhan Small Cap Dir Gr	INF194KB1AL4	AstraZeneca Pharma India Ltd	Healthcare	6.91	0.03	-36.70	Aug25	8.13
Bandhan Small Cap Dir Gr	INF194KB1AL4	Chemplast Sanmar Ltd	Basic Materials	6.58	0.03	0.00	Oct24	5.55
Bandhan Small Cap Dir Gr	INF194KB1AL4	Chemplast Sanmar Ltd	Basic Materials	6.58	0.03	0.00	Nov24	7.52
Bandhan Small Cap Dir Gr	INF194KB1AL4	Chemplast Sanmar Ltd	Basic Materials	6.58	0.03	0.00	Dec24	3.56
Bandhan Small Cap Dir Gr	INF194KB1AL4	Chemplast Sanmar Ltd	Basic Materials	6.58	0.03	0.00	Jan25	5.32
Bandhan Small Cap Dir Gr	INF194KB1AL4	Chemplast Sanmar Ltd	Basic Materials	6.58	0.03	0.00	Feb25	5.59
Bandhan Small Cap Dir Gr	INF194KB1AL4	Chemplast Sanmar Ltd	Basic Materials	6.58	0.03	0.00	Mar25	15.51
Bandhan Small Cap Dir Gr	INF194KB1AL4	Chemplast Sanmar Ltd	Basic Materials	6.58	0.03	0.00	Mar25	15.51
Bandhan Small Cap Dir Gr	INF194KB1AL4	Chemplast Sanmar Ltd	Basic Materials	6.58	0.03	0.00	Apr25	12.51
Bandhan Small Cap Dir Gr	INF194KB1AL4	Chemplast Sanmar Ltd	Basic Materials	6.58	0.03	0.00	May25	11.15
Bandhan Small Cap Dir Gr	INF194KB1AL4	Chemplast Sanmar Ltd	Basic Materials	6.58	0.03	0.00	June25	10.18
Bandhan Small Cap Dir Gr	INF194KB1AL4	Chemplast Sanmar Ltd	Basic Materials	6.58	0.03	0.00	July25	9.19
Bandhan Small Cap Dir Gr	INF194KB1AL4	Chemplast Sanmar Ltd	Basic Materials	6.58	0.03	0.00	Aug25	8.13
Bandhan Small Cap Dir Gr	INF194KB1AL4	Nephrocare Health Services Ltd	Healthcare	6.50	0.03	0.00	Oct24	5.55
Bandhan Small Cap Dir Gr	INF194KB1AL4	Nephrocare Health Services Ltd	Healthcare	6.50	0.03	0.00	Nov24	7.52
Bandhan Small Cap Dir Gr	INF194KB1AL4	Nephrocare Health Services Ltd	Healthcare	6.50	0.03	0.00	Dec24	3.56
Bandhan Small Cap Dir Gr	INF194KB1AL4	Nephrocare Health Services Ltd	Healthcare	6.50	0.03	0.00	Jan25	5.32
Bandhan Small Cap Dir Gr	INF194KB1AL4	Nephrocare Health Services Ltd	Healthcare	6.50	0.03	0.00	Feb25	5.59
Bandhan Small Cap Dir Gr	INF194KB1AL4	Nephrocare Health Services Ltd	Healthcare	6.50	0.03	0.00	Mar25	15.51
Bandhan Small Cap Dir Gr	INF194KB1AL4	Nephrocare Health Services Ltd	Healthcare	6.50	0.03	0.00	Mar25	15.51
Bandhan Small Cap Dir Gr	INF194KB1AL4	Nephrocare Health Services Ltd	Healthcare	6.50	0.03	0.00	Apr25	12.51
Bandhan Small Cap Dir Gr	INF194KB1AL4	Nephrocare Health Services Ltd	Healthcare	6.50	0.03	0.00	May25	11.15
Bandhan Small Cap Dir Gr	INF194KB1AL4	Nephrocare Health Services Ltd	Healthcare	6.50	0.03	0.00	June25	10.18
Bandhan Small Cap Dir Gr	INF194KB1AL4	Nephrocare Health Services Ltd	Healthcare	6.50	0.03	0.00	July25	9.19
Bandhan Small Cap Dir Gr	INF194KB1AL4	Nephrocare Health Services Ltd	Healthcare	6.50	0.03	0.00	Aug25	8.13
Bandhan Small Cap Dir Gr	INF194KB1AL4	CSB Bank Ltd Ordinary Shares	Financial Services	5.96	0.03	0.00	Oct24	5.55
Bandhan Small Cap Dir Gr	INF194KB1AL4	CSB Bank Ltd Ordinary Shares	Financial Services	5.96	0.03	0.00	Nov24	7.52
Bandhan Small Cap Dir Gr	INF194KB1AL4	CSB Bank Ltd Ordinary Shares	Financial Services	5.96	0.03	0.00	Dec24	3.56
Bandhan Small Cap Dir Gr	INF194KB1AL4	CSB Bank Ltd Ordinary Shares	Financial Services	5.96	0.03	0.00	Jan25	5.32
Bandhan Small Cap Dir Gr	INF194KB1AL4	CSB Bank Ltd Ordinary Shares	Financial Services	5.96	0.03	0.00	Feb25	5.59
Bandhan Small Cap Dir Gr	INF194KB1AL4	CSB Bank Ltd Ordinary Shares	Financial Services	5.96	0.03	0.00	Mar25	15.51
Bandhan Small Cap Dir Gr	INF194KB1AL4	CSB Bank Ltd Ordinary Shares	Financial Services	5.96	0.03	0.00	Mar25	15.51
Bandhan Small Cap Dir Gr	INF194KB1AL4	CSB Bank Ltd Ordinary Shares	Financial Services	5.96	0.03	0.00	Apr25	12.51
Bandhan Small Cap Dir Gr	INF194KB1AL4	CSB Bank Ltd Ordinary Shares	Financial Services	5.96	0.03	0.00	May25	11.15
Bandhan Small Cap Dir Gr	INF194KB1AL4	CSB Bank Ltd Ordinary Shares	Financial Services	5.96	0.03	0.00	June25	10.18
Bandhan Small Cap Dir Gr	INF194KB1AL4	CSB Bank Ltd Ordinary Shares	Financial Services	5.96	0.03	0.00	July25	9.19
Bandhan Small Cap Dir Gr	INF194KB1AL4	CSB Bank Ltd Ordinary Shares	Financial Services	5.96	0.03	0.00	Aug25	8.13
Bandhan Small Cap Dir Gr	INF194KB1AL4	Poly Medicure Ltd	Healthcare	5.75	0.03	35.55	Oct24	5.55
Bandhan Small Cap Dir Gr	INF194KB1AL4	Poly Medicure Ltd	Healthcare	5.75	0.03	35.55	Nov24	7.52
Bandhan Small Cap Dir Gr	INF194KB1AL4	Poly Medicure Ltd	Healthcare	5.75	0.03	35.55	Dec24	3.56
Bandhan Small Cap Dir Gr	INF194KB1AL4	Poly Medicure Ltd	Healthcare	5.75	0.03	35.55	Jan25	5.32
Bandhan Small Cap Dir Gr	INF194KB1AL4	Poly Medicure Ltd	Healthcare	5.75	0.03	35.55	Feb25	5.59
Bandhan Small Cap Dir Gr	INF194KB1AL4	Poly Medicure Ltd	Healthcare	5.75	0.03	35.55	Mar25	15.51
Bandhan Small Cap Dir Gr	INF194KB1AL4	Poly Medicure Ltd	Healthcare	5.75	0.03	35.55	Mar25	15.51
Bandhan Small Cap Dir Gr	INF194KB1AL4	Poly Medicure Ltd	Healthcare	5.75	0.03	35.55	Apr25	12.51
Bandhan Small Cap Dir Gr	INF194KB1AL4	Poly Medicure Ltd	Healthcare	5.75	0.03	35.55	May25	11.15
Bandhan Small Cap Dir Gr	INF194KB1AL4	Poly Medicure Ltd	Healthcare	5.75	0.03	35.55	June25	10.18
Bandhan Small Cap Dir Gr	INF194KB1AL4	Poly Medicure Ltd	Healthcare	5.75	0.03	35.55	July25	9.19
Bandhan Small Cap Dir Gr	INF194KB1AL4	Poly Medicure Ltd	Healthcare	5.75	0.03	35.55	Aug25	8.13
Bandhan Small Cap Dir Gr	INF194KB1AL4	Bajel Projects Ltd	Utilities	5.63	0.03	70.42	Oct24	5.55
Bandhan Small Cap Dir Gr	INF194KB1AL4	Bajel Projects Ltd	Utilities	5.63	0.03	70.42	Nov24	7.52
Bandhan Small Cap Dir Gr	INF194KB1AL4	Bajel Projects Ltd	Utilities	5.63	0.03	70.42	Dec24	3.56
Bandhan Small Cap Dir Gr	INF194KB1AL4	Bajel Projects Ltd	Utilities	5.63	0.03	70.42	Jan25	5.32
Bandhan Small Cap Dir Gr	INF194KB1AL4	Bajel Projects Ltd	Utilities	5.63	0.03	70.42	Feb25	5.59
Bandhan Small Cap Dir Gr	INF194KB1AL4	Bajel Projects Ltd	Utilities	5.63	0.03	70.42	Mar25	15.51
Bandhan Small Cap Dir Gr	INF194KB1AL4	Bajel Projects Ltd	Utilities	5.63	0.03	70.42	Mar25	15.51
Bandhan Small Cap Dir Gr	INF194KB1AL4	Bajel Projects Ltd	Utilities	5.63	0.03	70.42	Apr25	12.51
Bandhan Small Cap Dir Gr	INF194KB1AL4	Bajel Projects Ltd	Utilities	5.63	0.03	70.42	May25	11.15
Bandhan Small Cap Dir Gr	INF194KB1AL4	Bajel Projects Ltd	Utilities	5.63	0.03	70.42	June25	10.18
Bandhan Small Cap Dir Gr	INF194KB1AL4	Bajel Projects Ltd	Utilities	5.63	0.03	70.42	July25	9.19
Bandhan Small Cap Dir Gr	INF194KB1AL4	Bajel Projects Ltd	Utilities	5.63	0.03	70.42	Aug25	8.13
Bandhan Small Cap Dir Gr	INF194KB1AL4	Pine Labs Ltd	Technology	5.39	0.03	0.00	Oct24	5.55
Bandhan Small Cap Dir Gr	INF194KB1AL4	Pine Labs Ltd	Technology	5.39	0.03	0.00	Nov24	7.52
Bandhan Small Cap Dir Gr	INF194KB1AL4	Pine Labs Ltd	Technology	5.39	0.03	0.00	Dec24	3.56
Bandhan Small Cap Dir Gr	INF194KB1AL4	Pine Labs Ltd	Technology	5.39	0.03	0.00	Jan25	5.32
Bandhan Small Cap Dir Gr	INF194KB1AL4	Pine Labs Ltd	Technology	5.39	0.03	0.00	Feb25	5.59
Bandhan Small Cap Dir Gr	INF194KB1AL4	Pine Labs Ltd	Technology	5.39	0.03	0.00	Mar25	15.51
Bandhan Small Cap Dir Gr	INF194KB1AL4	Pine Labs Ltd	Technology	5.39	0.03	0.00	Mar25	15.51
Bandhan Small Cap Dir Gr	INF194KB1AL4	Pine Labs Ltd	Technology	5.39	0.03	0.00	Apr25	12.51
Bandhan Small Cap Dir Gr	INF194KB1AL4	Pine Labs Ltd	Technology	5.39	0.03	0.00	May25	11.15
Bandhan Small Cap Dir Gr	INF194KB1AL4	Pine Labs Ltd	Technology	5.39	0.03	0.00	June25	10.18
Bandhan Small Cap Dir Gr	INF194KB1AL4	Pine Labs Ltd	Technology	5.39	0.03	0.00	July25	9.19
Bandhan Small Cap Dir Gr	INF194KB1AL4	Pine Labs Ltd	Technology	5.39	0.03	0.00	Aug25	8.13
Bandhan Small Cap Dir Gr	INF194KB1AL4	Sudarshan Chemical Industries Ltd	Basic Materials	5.37	0.03	17.22	Oct24	5.55
Bandhan Small Cap Dir Gr	INF194KB1AL4	Sudarshan Chemical Industries Ltd	Basic Materials	5.37	0.03	17.22	Nov24	7.52
Bandhan Small Cap Dir Gr	INF194KB1AL4	Sudarshan Chemical Industries Ltd	Basic Materials	5.37	0.03	17.22	Dec24	3.56
Bandhan Small Cap Dir Gr	INF194KB1AL4	Sudarshan Chemical Industries Ltd	Basic Materials	5.37	0.03	17.22	Jan25	5.32
Bandhan Small Cap Dir Gr	INF194KB1AL4	Sudarshan Chemical Industries Ltd	Basic Materials	5.37	0.03	17.22	Feb25	5.59
Bandhan Small Cap Dir Gr	INF194KB1AL4	Sudarshan Chemical Industries Ltd	Basic Materials	5.37	0.03	17.22	Mar25	15.51
Bandhan Small Cap Dir Gr	INF194KB1AL4	Sudarshan Chemical Industries Ltd	Basic Materials	5.37	0.03	17.22	Mar25	15.51
Bandhan Small Cap Dir Gr	INF194KB1AL4	Sudarshan Chemical Industries Ltd	Basic Materials	5.37	0.03	17.22	Apr25	12.51
Bandhan Small Cap Dir Gr	INF194KB1AL4	Sudarshan Chemical Industries Ltd	Basic Materials	5.37	0.03	17.22	May25	11.15
Bandhan Small Cap Dir Gr	INF194KB1AL4	Sudarshan Chemical Industries Ltd	Basic Materials	5.37	0.03	17.22	June25	10.18
Bandhan Small Cap Dir Gr	INF194KB1AL4	Sudarshan Chemical Industries Ltd	Basic Materials	5.37	0.03	17.22	July25	9.19
Bandhan Small Cap Dir Gr	INF194KB1AL4	Sudarshan Chemical Industries Ltd	Basic Materials	5.37	0.03	17.22	Aug25	8.13
Bandhan Small Cap Dir Gr	INF194KB1AL4	PTC India Ltd	Utilities	5.05	0.02		Oct24	5.55
Bandhan Small Cap Dir Gr	INF194KB1AL4	PTC India Ltd	Utilities	5.05	0.02		Nov24	7.52
Bandhan Small Cap Dir Gr	INF194KB1AL4	PTC India Ltd	Utilities	5.05	0.02		Dec24	3.56
Bandhan Small Cap Dir Gr	INF194KB1AL4	PTC India Ltd	Utilities	5.05	0.02		Jan25	5.32
Bandhan Small Cap Dir Gr	INF194KB1AL4	PTC India Ltd	Utilities	5.05	0.02		Feb25	5.59
Bandhan Small Cap Dir Gr	INF194KB1AL4	PTC India Ltd	Utilities	5.05	0.02		Mar25	15.51
Bandhan Small Cap Dir Gr	INF194KB1AL4	PTC India Ltd	Utilities	5.05	0.02		Mar25	15.51
Bandhan Small Cap Dir Gr	INF194KB1AL4	PTC India Ltd	Utilities	5.05	0.02		Apr25	12.51
Bandhan Small Cap Dir Gr	INF194KB1AL4	PTC India Ltd	Utilities	5.05	0.02		May25	11.15
Bandhan Small Cap Dir Gr	INF194KB1AL4	PTC India Ltd	Utilities	5.05	0.02		June25	10.18
Bandhan Small Cap Dir Gr	INF194KB1AL4	PTC India Ltd	Utilities	5.05	0.02		July25	9.19
Bandhan Small Cap Dir Gr	INF194KB1AL4	PTC India Ltd	Utilities	5.05	0.02		Aug25	8.13
Bandhan Small Cap Dir Gr	INF194KB1AL4	STL Networks Ltd	Communication Services	4.87	0.02	0.00	Oct24	5.55
Bandhan Small Cap Dir Gr	INF194KB1AL4	STL Networks Ltd	Communication Services	4.87	0.02	0.00	Nov24	7.52
Bandhan Small Cap Dir Gr	INF194KB1AL4	STL Networks Ltd	Communication Services	4.87	0.02	0.00	Dec24	3.56
Bandhan Small Cap Dir Gr	INF194KB1AL4	STL Networks Ltd	Communication Services	4.87	0.02	0.00	Jan25	5.32
Bandhan Small Cap Dir Gr	INF194KB1AL4	STL Networks Ltd	Communication Services	4.87	0.02	0.00	Feb25	5.59
Bandhan Small Cap Dir Gr	INF194KB1AL4	STL Networks Ltd	Communication Services	4.87	0.02	0.00	Mar25	15.51
Bandhan Small Cap Dir Gr	INF194KB1AL4	STL Networks Ltd	Communication Services	4.87	0.02	0.00	Mar25	15.51
Bandhan Small Cap Dir Gr	INF194KB1AL4	STL Networks Ltd	Communication Services	4.87	0.02	0.00	Apr25	12.51
Bandhan Small Cap Dir Gr	INF194KB1AL4	STL Networks Ltd	Communication Services	4.87	0.02	0.00	May25	11.15
Bandhan Small Cap Dir Gr	INF194KB1AL4	STL Networks Ltd	Communication Services	4.87	0.02	0.00	June25	10.18
Bandhan Small Cap Dir Gr	INF194KB1AL4	STL Networks Ltd	Communication Services	4.87	0.02	0.00	July25	9.19
Bandhan Small Cap Dir Gr	INF194KB1AL4	STL Networks Ltd	Communication Services	4.87	0.02	0.00	Aug25	8.13
Bandhan Small Cap Dir Gr	INF194KB1AL4	Finbud Financial Services Ltd	Financial Services	4.57	0.02	0.00	Oct24	5.55
Bandhan Small Cap Dir Gr	INF194KB1AL4	Finbud Financial Services Ltd	Financial Services	4.57	0.02	0.00	Nov24	7.52
Bandhan Small Cap Dir Gr	INF194KB1AL4	Finbud Financial Services Ltd	Financial Services	4.57	0.02	0.00	Dec24	3.56
Bandhan Small Cap Dir Gr	INF194KB1AL4	Finbud Financial Services Ltd	Financial Services	4.57	0.02	0.00	Jan25	5.32
Bandhan Small Cap Dir Gr	INF194KB1AL4	Finbud Financial Services Ltd	Financial Services	4.57	0.02	0.00	Feb25	5.59
Bandhan Small Cap Dir Gr	INF194KB1AL4	Finbud Financial Services Ltd	Financial Services	4.57	0.02	0.00	Mar25	15.51
Bandhan Small Cap Dir Gr	INF194KB1AL4	Finbud Financial Services Ltd	Financial Services	4.57	0.02	0.00	Mar25	15.51
Bandhan Small Cap Dir Gr	INF194KB1AL4	Finbud Financial Services Ltd	Financial Services	4.57	0.02	0.00	Apr25	12.51
Bandhan Small Cap Dir Gr	INF194KB1AL4	Finbud Financial Services Ltd	Financial Services	4.57	0.02	0.00	May25	11.15
Bandhan Small Cap Dir Gr	INF194KB1AL4	Finbud Financial Services Ltd	Financial Services	4.57	0.02	0.00	June25	10.18
Bandhan Small Cap Dir Gr	INF194KB1AL4	Finbud Financial Services Ltd	Financial Services	4.57	0.02	0.00	July25	9.19
Bandhan Small Cap Dir Gr	INF194KB1AL4	Finbud Financial Services Ltd	Financial Services	4.57	0.02	0.00	Aug25	8.13
Bandhan Small Cap Dir Gr	INF194KB1AL4	Bluspring Enterprises Ltd	Industrials	4.52	0.02	0.00	Oct24	5.55
Bandhan Small Cap Dir Gr	INF194KB1AL4	Bluspring Enterprises Ltd	Industrials	4.52	0.02	0.00	Nov24	7.52
Bandhan Small Cap Dir Gr	INF194KB1AL4	Bluspring Enterprises Ltd	Industrials	4.52	0.02	0.00	Dec24	3.56
Bandhan Small Cap Dir Gr	INF194KB1AL4	Bluspring Enterprises Ltd	Industrials	4.52	0.02	0.00	Jan25	5.32
Bandhan Small Cap Dir Gr	INF194KB1AL4	Bluspring Enterprises Ltd	Industrials	4.52	0.02	0.00	Feb25	5.59
Bandhan Small Cap Dir Gr	INF194KB1AL4	Bluspring Enterprises Ltd	Industrials	4.52	0.02	0.00	Mar25	15.51
Bandhan Small Cap Dir Gr	INF194KB1AL4	Bluspring Enterprises Ltd	Industrials	4.52	0.02	0.00	Mar25	15.51
Bandhan Small Cap Dir Gr	INF194KB1AL4	Bluspring Enterprises Ltd	Industrials	4.52	0.02	0.00	Apr25	12.51
Bandhan Small Cap Dir Gr	INF194KB1AL4	Bluspring Enterprises Ltd	Industrials	4.52	0.02	0.00	May25	11.15
Bandhan Small Cap Dir Gr	INF194KB1AL4	Bluspring Enterprises Ltd	Industrials	4.52	0.02	0.00	June25	10.18
Bandhan Small Cap Dir Gr	INF194KB1AL4	Bluspring Enterprises Ltd	Industrials	4.52	0.02	0.00	July25	9.19
Bandhan Small Cap Dir Gr	INF194KB1AL4	Bluspring Enterprises Ltd	Industrials	4.52	0.02	0.00	Aug25	8.13
Bandhan Small Cap Dir Gr	INF194KB1AL4	Orient Electric Ltd Ordinary Shares	Consumer Cyclical	3.96	0.02	0.00	Oct24	5.55
Bandhan Small Cap Dir Gr	INF194KB1AL4	Orient Electric Ltd Ordinary Shares	Consumer Cyclical	3.96	0.02	0.00	Nov24	7.52
Bandhan Small Cap Dir Gr	INF194KB1AL4	Orient Electric Ltd Ordinary Shares	Consumer Cyclical	3.96	0.02	0.00	Dec24	3.56
Bandhan Small Cap Dir Gr	INF194KB1AL4	Orient Electric Ltd Ordinary Shares	Consumer Cyclical	3.96	0.02	0.00	Jan25	5.32
Bandhan Small Cap Dir Gr	INF194KB1AL4	Orient Electric Ltd Ordinary Shares	Consumer Cyclical	3.96	0.02	0.00	Feb25	5.59
Bandhan Small Cap Dir Gr	INF194KB1AL4	Orient Electric Ltd Ordinary Shares	Consumer Cyclical	3.96	0.02	0.00	Mar25	15.51
Bandhan Small Cap Dir Gr	INF194KB1AL4	Orient Electric Ltd Ordinary Shares	Consumer Cyclical	3.96	0.02	0.00	Mar25	15.51
Bandhan Small Cap Dir Gr	INF194KB1AL4	Orient Electric Ltd Ordinary Shares	Consumer Cyclical	3.96	0.02	0.00	Apr25	12.51
Bandhan Small Cap Dir Gr	INF194KB1AL4	Orient Electric Ltd Ordinary Shares	Consumer Cyclical	3.96	0.02	0.00	May25	11.15
Bandhan Small Cap Dir Gr	INF194KB1AL4	Orient Electric Ltd Ordinary Shares	Consumer Cyclical	3.96	0.02	0.00	June25	10.18
Bandhan Small Cap Dir Gr	INF194KB1AL4	Orient Electric Ltd Ordinary Shares	Consumer Cyclical	3.96	0.02	0.00	July25	9.19
Bandhan Small Cap Dir Gr	INF194KB1AL4	Orient Electric Ltd Ordinary Shares	Consumer Cyclical	3.96	0.02	0.00	Aug25	8.13
Bandhan Small Cap Dir Gr	INF194KB1AL4	Safari Industries (India) Ltd	Consumer Cyclical	3.93	0.02		Oct24	5.55
Bandhan Small Cap Dir Gr	INF194KB1AL4	Safari Industries (India) Ltd	Consumer Cyclical	3.93	0.02		Nov24	7.52
Bandhan Small Cap Dir Gr	INF194KB1AL4	Safari Industries (India) Ltd	Consumer Cyclical	3.93	0.02		Dec24	3.56
Bandhan Small Cap Dir Gr	INF194KB1AL4	Safari Industries (India) Ltd	Consumer Cyclical	3.93	0.02		Jan25	5.32
Bandhan Small Cap Dir Gr	INF194KB1AL4	Safari Industries (India) Ltd	Consumer Cyclical	3.93	0.02		Feb25	5.59
Bandhan Small Cap Dir Gr	INF194KB1AL4	Safari Industries (India) Ltd	Consumer Cyclical	3.93	0.02		Mar25	15.51
Bandhan Small Cap Dir Gr	INF194KB1AL4	Safari Industries (India) Ltd	Consumer Cyclical	3.93	0.02		Mar25	15.51
Bandhan Small Cap Dir Gr	INF194KB1AL4	Safari Industries (India) Ltd	Consumer Cyclical	3.93	0.02		Apr25	12.51
Bandhan Small Cap Dir Gr	INF194KB1AL4	Safari Industries (India) Ltd	Consumer Cyclical	3.93	0.02		May25	11.15
Bandhan Small Cap Dir Gr	INF194KB1AL4	Safari Industries (India) Ltd	Consumer Cyclical	3.93	0.02		June25	10.18
Bandhan Small Cap Dir Gr	INF194KB1AL4	Safari Industries (India) Ltd	Consumer Cyclical	3.93	0.02		July25	9.19
Bandhan Small Cap Dir Gr	INF194KB1AL4	Safari Industries (India) Ltd	Consumer Cyclical	3.93	0.02		Aug25	8.13
Bandhan Small Cap Dir Gr	INF194KB1AL4	Yatra Online Ltd	Consumer Cyclical	3.91	0.02	0.00	Oct24	5.55
Bandhan Small Cap Dir Gr	INF194KB1AL4	Yatra Online Ltd	Consumer Cyclical	3.91	0.02	0.00	Nov24	7.52
Bandhan Small Cap Dir Gr	INF194KB1AL4	Yatra Online Ltd	Consumer Cyclical	3.91	0.02	0.00	Dec24	3.56
Bandhan Small Cap Dir Gr	INF194KB1AL4	Yatra Online Ltd	Consumer Cyclical	3.91	0.02	0.00	Jan25	5.32
Bandhan Small Cap Dir Gr	INF194KB1AL4	Yatra Online Ltd	Consumer Cyclical	3.91	0.02	0.00	Feb25	5.59
Bandhan Small Cap Dir Gr	INF194KB1AL4	Yatra Online Ltd	Consumer Cyclical	3.91	0.02	0.00	Mar25	15.51
Bandhan Small Cap Dir Gr	INF194KB1AL4	Yatra Online Ltd	Consumer Cyclical	3.91	0.02	0.00	Mar25	15.51
Bandhan Small Cap Dir Gr	INF194KB1AL4	Yatra Online Ltd	Consumer Cyclical	3.91	0.02	0.00	Apr25	12.51
Bandhan Small Cap Dir Gr	INF194KB1AL4	Yatra Online Ltd	Consumer Cyclical	3.91	0.02	0.00	May25	11.15
Bandhan Small Cap Dir Gr	INF194KB1AL4	Yatra Online Ltd	Consumer Cyclical	3.91	0.02	0.00	June25	10.18
Bandhan Small Cap Dir Gr	INF194KB1AL4	Yatra Online Ltd	Consumer Cyclical	3.91	0.02	0.00	July25	9.19
Bandhan Small Cap Dir Gr	INF194KB1AL4	Yatra Online Ltd	Consumer Cyclical	3.91	0.02	0.00	Aug25	8.13
Bandhan Small Cap Dir Gr	INF194KB1AL4	PVR INOX Ltd	Communication Services	3.88	0.02	-45.34	Oct24	5.55
Bandhan Small Cap Dir Gr	INF194KB1AL4	PVR INOX Ltd	Communication Services	3.88	0.02	-45.34	Nov24	7.52
Bandhan Small Cap Dir Gr	INF194KB1AL4	PVR INOX Ltd	Communication Services	3.88	0.02	-45.34	Dec24	3.56
Bandhan Small Cap Dir Gr	INF194KB1AL4	PVR INOX Ltd	Communication Services	3.88	0.02	-45.34	Jan25	5.32
Bandhan Small Cap Dir Gr	INF194KB1AL4	PVR INOX Ltd	Communication Services	3.88	0.02	-45.34	Feb25	5.59
Bandhan Small Cap Dir Gr	INF194KB1AL4	PVR INOX Ltd	Communication Services	3.88	0.02	-45.34	Mar25	15.51
Bandhan Small Cap Dir Gr	INF194KB1AL4	PVR INOX Ltd	Communication Services	3.88	0.02	-45.34	Mar25	15.51
Bandhan Small Cap Dir Gr	INF194KB1AL4	PVR INOX Ltd	Communication Services	3.88	0.02	-45.34	Apr25	12.51
Bandhan Small Cap Dir Gr	INF194KB1AL4	PVR INOX Ltd	Communication Services	3.88	0.02	-45.34	May25	11.15
Bandhan Small Cap Dir Gr	INF194KB1AL4	PVR INOX Ltd	Communication Services	3.88	0.02	-45.34	June25	10.18
Bandhan Small Cap Dir Gr	INF194KB1AL4	PVR INOX Ltd	Communication Services	3.88	0.02	-45.34	July25	9.19
Bandhan Small Cap Dir Gr	INF194KB1AL4	PVR INOX Ltd	Communication Services	3.88	0.02	-45.34	Aug25	8.13
Bandhan Small Cap Dir Gr	INF194KB1AL4	Optiemus Infracom Ltd	Technology	3.68	0.02		Oct24	5.55
Bandhan Small Cap Dir Gr	INF194KB1AL4	Optiemus Infracom Ltd	Technology	3.68	0.02		Nov24	7.52
Bandhan Small Cap Dir Gr	INF194KB1AL4	Optiemus Infracom Ltd	Technology	3.68	0.02		Dec24	3.56
Bandhan Small Cap Dir Gr	INF194KB1AL4	Optiemus Infracom Ltd	Technology	3.68	0.02		Jan25	5.32
Bandhan Small Cap Dir Gr	INF194KB1AL4	Optiemus Infracom Ltd	Technology	3.68	0.02		Feb25	5.59
Bandhan Small Cap Dir Gr	INF194KB1AL4	Optiemus Infracom Ltd	Technology	3.68	0.02		Mar25	15.51
Bandhan Small Cap Dir Gr	INF194KB1AL4	Optiemus Infracom Ltd	Technology	3.68	0.02		Mar25	15.51
Bandhan Small Cap Dir Gr	INF194KB1AL4	Optiemus Infracom Ltd	Technology	3.68	0.02		Apr25	12.51
Bandhan Small Cap Dir Gr	INF194KB1AL4	Optiemus Infracom Ltd	Technology	3.68	0.02		May25	11.15
Bandhan Small Cap Dir Gr	INF194KB1AL4	Optiemus Infracom Ltd	Technology	3.68	0.02		June25	10.18
Bandhan Small Cap Dir Gr	INF194KB1AL4	Optiemus Infracom Ltd	Technology	3.68	0.02		July25	9.19
Bandhan Small Cap Dir Gr	INF194KB1AL4	Optiemus Infracom Ltd	Technology	3.68	0.02		Aug25	8.13
Bandhan Small Cap Dir Gr	INF194KB1AL4	Butterfly Gandhimathi Appliances Ltd	Consumer Cyclical	3.07	0.01	0.00	Oct24	5.55
Bandhan Small Cap Dir Gr	INF194KB1AL4	Butterfly Gandhimathi Appliances Ltd	Consumer Cyclical	3.07	0.01	0.00	Nov24	7.52
Bandhan Small Cap Dir Gr	INF194KB1AL4	Butterfly Gandhimathi Appliances Ltd	Consumer Cyclical	3.07	0.01	0.00	Dec24	3.56
Bandhan Small Cap Dir Gr	INF194KB1AL4	Butterfly Gandhimathi Appliances Ltd	Consumer Cyclical	3.07	0.01	0.00	Jan25	5.32
Bandhan Small Cap Dir Gr	INF194KB1AL4	Butterfly Gandhimathi Appliances Ltd	Consumer Cyclical	3.07	0.01	0.00	Feb25	5.59
Bandhan Small Cap Dir Gr	INF194KB1AL4	Butterfly Gandhimathi Appliances Ltd	Consumer Cyclical	3.07	0.01	0.00	Mar25	15.51
Bandhan Small Cap Dir Gr	INF194KB1AL4	Butterfly Gandhimathi Appliances Ltd	Consumer Cyclical	3.07	0.01	0.00	Mar25	15.51
Bandhan Small Cap Dir Gr	INF194KB1AL4	Butterfly Gandhimathi Appliances Ltd	Consumer Cyclical	3.07	0.01	0.00	Apr25	12.51
Bandhan Small Cap Dir Gr	INF194KB1AL4	Butterfly Gandhimathi Appliances Ltd	Consumer Cyclical	3.07	0.01	0.00	May25	11.15
Bandhan Small Cap Dir Gr	INF194KB1AL4	Butterfly Gandhimathi Appliances Ltd	Consumer Cyclical	3.07	0.01	0.00	June25	10.18
Bandhan Small Cap Dir Gr	INF194KB1AL4	Butterfly Gandhimathi Appliances Ltd	Consumer Cyclical	3.07	0.01	0.00	July25	9.19
Bandhan Small Cap Dir Gr	INF194KB1AL4	Butterfly Gandhimathi Appliances Ltd	Consumer Cyclical	3.07	0.01	0.00	Aug25	8.13
Bandhan Small Cap Dir Gr	INF194KB1AL4	GK Energy Ltd	Utilities	2.72	0.01	0.00	Oct24	5.55
Bandhan Small Cap Dir Gr	INF194KB1AL4	GK Energy Ltd	Utilities	2.72	0.01	0.00	Nov24	7.52
Bandhan Small Cap Dir Gr	INF194KB1AL4	GK Energy Ltd	Utilities	2.72	0.01	0.00	Dec24	3.56
Bandhan Small Cap Dir Gr	INF194KB1AL4	GK Energy Ltd	Utilities	2.72	0.01	0.00	Jan25	5.32
Bandhan Small Cap Dir Gr	INF194KB1AL4	GK Energy Ltd	Utilities	2.72	0.01	0.00	Feb25	5.59
Bandhan Small Cap Dir Gr	INF194KB1AL4	GK Energy Ltd	Utilities	2.72	0.01	0.00	Mar25	15.51
Bandhan Small Cap Dir Gr	INF194KB1AL4	GK Energy Ltd	Utilities	2.72	0.01	0.00	Mar25	15.51
Bandhan Small Cap Dir Gr	INF194KB1AL4	GK Energy Ltd	Utilities	2.72	0.01	0.00	Apr25	12.51
Bandhan Small Cap Dir Gr	INF194KB1AL4	GK Energy Ltd	Utilities	2.72	0.01	0.00	May25	11.15
Bandhan Small Cap Dir Gr	INF194KB1AL4	GK Energy Ltd	Utilities	2.72	0.01	0.00	June25	10.18
Bandhan Small Cap Dir Gr	INF194KB1AL4	GK Energy Ltd	Utilities	2.72	0.01	0.00	July25	9.19
Bandhan Small Cap Dir Gr	INF194KB1AL4	GK Energy Ltd	Utilities	2.72	0.01	0.00	Aug25	8.13
Bandhan Small Cap Dir Gr	INF194KB1AL4	Dam Capital Advisors Ltd	Financial Services	2.60	0.01	0.00	Oct24	5.55
Bandhan Small Cap Dir Gr	INF194KB1AL4	Dam Capital Advisors Ltd	Financial Services	2.60	0.01	0.00	Nov24	7.52
Bandhan Small Cap Dir Gr	INF194KB1AL4	Dam Capital Advisors Ltd	Financial Services	2.60	0.01	0.00	Dec24	3.56
Bandhan Small Cap Dir Gr	INF194KB1AL4	Dam Capital Advisors Ltd	Financial Services	2.60	0.01	0.00	Jan25	5.32
Bandhan Small Cap Dir Gr	INF194KB1AL4	Dam Capital Advisors Ltd	Financial Services	2.60	0.01	0.00	Feb25	5.59
Bandhan Small Cap Dir Gr	INF194KB1AL4	Dam Capital Advisors Ltd	Financial Services	2.60	0.01	0.00	Mar25	15.51
Bandhan Small Cap Dir Gr	INF194KB1AL4	Dam Capital Advisors Ltd	Financial Services	2.60	0.01	0.00	Mar25	15.51
Bandhan Small Cap Dir Gr	INF194KB1AL4	Dam Capital Advisors Ltd	Financial Services	2.60	0.01	0.00	Apr25	12.51
Bandhan Small Cap Dir Gr	INF194KB1AL4	Dam Capital Advisors Ltd	Financial Services	2.60	0.01	0.00	May25	11.15
Bandhan Small Cap Dir Gr	INF194KB1AL4	Dam Capital Advisors Ltd	Financial Services	2.60	0.01	0.00	June25	10.18
Bandhan Small Cap Dir Gr	INF194KB1AL4	Dam Capital Advisors Ltd	Financial Services	2.60	0.01	0.00	July25	9.19
Bandhan Small Cap Dir Gr	INF194KB1AL4	Dam Capital Advisors Ltd	Financial Services	2.60	0.01	0.00	Aug25	8.13
Bandhan Small Cap Dir Gr	INF194KB1AL4	Rishabh Instruments Ltd	Technology	2.57	0.01	-38.05	Oct24	5.55
Bandhan Small Cap Dir Gr	INF194KB1AL4	Rishabh Instruments Ltd	Technology	2.57	0.01	-38.05	Nov24	7.52
Bandhan Small Cap Dir Gr	INF194KB1AL4	Rishabh Instruments Ltd	Technology	2.57	0.01	-38.05	Dec24	3.56
Bandhan Small Cap Dir Gr	INF194KB1AL4	Rishabh Instruments Ltd	Technology	2.57	0.01	-38.05	Jan25	5.32
Bandhan Small Cap Dir Gr	INF194KB1AL4	Rishabh Instruments Ltd	Technology	2.57	0.01	-38.05	Feb25	5.59
Bandhan Small Cap Dir Gr	INF194KB1AL4	Rishabh Instruments Ltd	Technology	2.57	0.01	-38.05	Mar25	15.51
Bandhan Small Cap Dir Gr	INF194KB1AL4	Rishabh Instruments Ltd	Technology	2.57	0.01	-38.05	Mar25	15.51
Bandhan Small Cap Dir Gr	INF194KB1AL4	Rishabh Instruments Ltd	Technology	2.57	0.01	-38.05	Apr25	12.51
Bandhan Small Cap Dir Gr	INF194KB1AL4	Rishabh Instruments Ltd	Technology	2.57	0.01	-38.05	May25	11.15
Bandhan Small Cap Dir Gr	INF194KB1AL4	Rishabh Instruments Ltd	Technology	2.57	0.01	-38.05	June25	10.18
Bandhan Small Cap Dir Gr	INF194KB1AL4	Rishabh Instruments Ltd	Technology	2.57	0.01	-38.05	July25	9.19
Bandhan Small Cap Dir Gr	INF194KB1AL4	Rishabh Instruments Ltd	Technology	2.57	0.01	-38.05	Aug25	8.13
Bandhan Small Cap Dir Gr	INF194KB1AL4	Sai Life Sciences Ltd	Healthcare	1.45	0.01	-96.01	Oct24	5.55
Bandhan Small Cap Dir Gr	INF194KB1AL4	Sai Life Sciences Ltd	Healthcare	1.45	0.01	-96.01	Nov24	7.52
Bandhan Small Cap Dir Gr	INF194KB1AL4	Sai Life Sciences Ltd	Healthcare	1.45	0.01	-96.01	Dec24	3.56
Bandhan Small Cap Dir Gr	INF194KB1AL4	Sai Life Sciences Ltd	Healthcare	1.45	0.01	-96.01	Jan25	5.32
Bandhan Small Cap Dir Gr	INF194KB1AL4	Sai Life Sciences Ltd	Healthcare	1.45	0.01	-96.01	Feb25	5.59
Bandhan Small Cap Dir Gr	INF194KB1AL4	Sai Life Sciences Ltd	Healthcare	1.45	0.01	-96.01	Mar25	15.51
Bandhan Small Cap Dir Gr	INF194KB1AL4	Sai Life Sciences Ltd	Healthcare	1.45	0.01	-96.01	Mar25	15.51
Bandhan Small Cap Dir Gr	INF194KB1AL4	Sai Life Sciences Ltd	Healthcare	1.45	0.01	-96.01	Apr25	12.51
Bandhan Small Cap Dir Gr	INF194KB1AL4	Sai Life Sciences Ltd	Healthcare	1.45	0.01	-96.01	May25	11.15
Bandhan Small Cap Dir Gr	INF194KB1AL4	Sai Life Sciences Ltd	Healthcare	1.45	0.01	-96.01	June25	10.18
Bandhan Small Cap Dir Gr	INF194KB1AL4	Sai Life Sciences Ltd	Healthcare	1.45	0.01	-96.01	July25	9.19
Bandhan Small Cap Dir Gr	INF194KB1AL4	Sai Life Sciences Ltd	Healthcare	1.45	0.01	-96.01	Aug25	8.13
Bandhan Small Cap Dir Gr	INF194KB1AL4	Kajaria Ceramics Ltd	Industrials	1.00	0.00	-91.49	Oct24	5.55
Bandhan Small Cap Dir Gr	INF194KB1AL4	Kajaria Ceramics Ltd	Industrials	1.00	0.00	-91.49	Nov24	7.52
Bandhan Small Cap Dir Gr	INF194KB1AL4	Kajaria Ceramics Ltd	Industrials	1.00	0.00	-91.49	Dec24	3.56
Bandhan Small Cap Dir Gr	INF194KB1AL4	Kajaria Ceramics Ltd	Industrials	1.00	0.00	-91.49	Jan25	5.32
Bandhan Small Cap Dir Gr	INF194KB1AL4	Kajaria Ceramics Ltd	Industrials	1.00	0.00	-91.49	Feb25	5.59
Bandhan Small Cap Dir Gr	INF194KB1AL4	Kajaria Ceramics Ltd	Industrials	1.00	0.00	-91.49	Mar25	15.51
Bandhan Small Cap Dir Gr	INF194KB1AL4	Kajaria Ceramics Ltd	Industrials	1.00	0.00	-91.49	Mar25	15.51
Bandhan Small Cap Dir Gr	INF194KB1AL4	Kajaria Ceramics Ltd	Industrials	1.00	0.00	-91.49	Apr25	12.51
Bandhan Small Cap Dir Gr	INF194KB1AL4	Kajaria Ceramics Ltd	Industrials	1.00	0.00	-91.49	May25	11.15
Bandhan Small Cap Dir Gr	INF194KB1AL4	Kajaria Ceramics Ltd	Industrials	1.00	0.00	-91.49	June25	10.18
Bandhan Small Cap Dir Gr	INF194KB1AL4	Kajaria Ceramics Ltd	Industrials	1.00	0.00	-91.49	July25	9.19
Bandhan Small Cap Dir Gr	INF194KB1AL4	Kajaria Ceramics Ltd	Industrials	1.00	0.00	-91.49	Aug25	8.13
Bandhan Small Cap Dir Gr	INF194KB1AL4	JK Tyre & Industries Ltd		0.00	0.00	-100.00	Oct24	5.55
Bandhan Small Cap Dir Gr	INF194KB1AL4	JK Tyre & Industries Ltd		0.00	0.00	-100.00	Nov24	7.52
Bandhan Small Cap Dir Gr	INF194KB1AL4	JK Tyre & Industries Ltd		0.00	0.00	-100.00	Dec24	3.56
Bandhan Small Cap Dir Gr	INF194KB1AL4	JK Tyre & Industries Ltd		0.00	0.00	-100.00	Jan25	5.32
Bandhan Small Cap Dir Gr	INF194KB1AL4	JK Tyre & Industries Ltd		0.00	0.00	-100.00	Feb25	5.59
Bandhan Small Cap Dir Gr	INF194KB1AL4	JK Tyre & Industries Ltd		0.00	0.00	-100.00	Mar25	15.51
Bandhan Small Cap Dir Gr	INF194KB1AL4	JK Tyre & Industries Ltd		0.00	0.00	-100.00	Mar25	15.51
Bandhan Small Cap Dir Gr	INF194KB1AL4	JK Tyre & Industries Ltd		0.00	0.00	-100.00	Apr25	12.51
Bandhan Small Cap Dir Gr	INF194KB1AL4	JK Tyre & Industries Ltd		0.00	0.00	-100.00	May25	11.15
Bandhan Small Cap Dir Gr	INF194KB1AL4	JK Tyre & Industries Ltd		0.00	0.00	-100.00	June25	10.18
Bandhan Small Cap Dir Gr	INF194KB1AL4	JK Tyre & Industries Ltd		0.00	0.00	-100.00	July25	9.19
Bandhan Small Cap Dir Gr	INF194KB1AL4	JK Tyre & Industries Ltd		0.00	0.00	-100.00	Aug25	8.13
Bandhan Small Cap Dir Gr	INF194KB1AL4	Finolex Cables Ltd		0.00	0.00	-100.00	Oct24	5.55
Bandhan Small Cap Dir Gr	INF194KB1AL4	Finolex Cables Ltd		0.00	0.00	-100.00	Nov24	7.52
Bandhan Small Cap Dir Gr	INF194KB1AL4	Finolex Cables Ltd		0.00	0.00	-100.00	Dec24	3.56
Bandhan Small Cap Dir Gr	INF194KB1AL4	Finolex Cables Ltd		0.00	0.00	-100.00	Jan25	5.32
Bandhan Small Cap Dir Gr	INF194KB1AL4	Finolex Cables Ltd		0.00	0.00	-100.00	Feb25	5.59
Bandhan Small Cap Dir Gr	INF194KB1AL4	Finolex Cables Ltd		0.00	0.00	-100.00	Mar25	15.51
Bandhan Small Cap Dir Gr	INF194KB1AL4	Finolex Cables Ltd		0.00	0.00	-100.00	Mar25	15.51
Bandhan Small Cap Dir Gr	INF194KB1AL4	Finolex Cables Ltd		0.00	0.00	-100.00	Apr25	12.51
Bandhan Small Cap Dir Gr	INF194KB1AL4	Finolex Cables Ltd		0.00	0.00	-100.00	May25	11.15
Bandhan Small Cap Dir Gr	INF194KB1AL4	Finolex Cables Ltd		0.00	0.00	-100.00	June25	10.18
Bandhan Small Cap Dir Gr	INF194KB1AL4	Finolex Cables Ltd		0.00	0.00	-100.00	July25	9.19
Bandhan Small Cap Dir Gr	INF194KB1AL4	Finolex Cables Ltd		0.00	0.00	-100.00	Aug25	8.13
Bandhan Small Cap Dir Gr	INF194KB1AL4	PTC India Financial Services Ltd		0.00	0.00	-100.00	Oct24	5.55
Bandhan Small Cap Dir Gr	INF194KB1AL4	PTC India Financial Services Ltd		0.00	0.00	-100.00	Nov24	7.52
Bandhan Small Cap Dir Gr	INF194KB1AL4	PTC India Financial Services Ltd		0.00	0.00	-100.00	Dec24	3.56
Bandhan Small Cap Dir Gr	INF194KB1AL4	PTC India Financial Services Ltd		0.00	0.00	-100.00	Jan25	5.32
Bandhan Small Cap Dir Gr	INF194KB1AL4	PTC India Financial Services Ltd		0.00	0.00	-100.00	Feb25	5.59
Bandhan Small Cap Dir Gr	INF194KB1AL4	PTC India Financial Services Ltd		0.00	0.00	-100.00	Mar25	15.51
Bandhan Small Cap Dir Gr	INF194KB1AL4	PTC India Financial Services Ltd		0.00	0.00	-100.00	Mar25	15.51
Bandhan Small Cap Dir Gr	INF194KB1AL4	PTC India Financial Services Ltd		0.00	0.00	-100.00	Apr25	12.51
Bandhan Small Cap Dir Gr	INF194KB1AL4	PTC India Financial Services Ltd		0.00	0.00	-100.00	May25	11.15
Bandhan Small Cap Dir Gr	INF194KB1AL4	PTC India Financial Services Ltd		0.00	0.00	-100.00	June25	10.18
Bandhan Small Cap Dir Gr	INF194KB1AL4	PTC India Financial Services Ltd		0.00	0.00	-100.00	July25	9.19
Bandhan Small Cap Dir Gr	INF194KB1AL4	PTC India Financial Services Ltd		0.00	0.00	-100.00	Aug25	8.13
Bandhan Small Cap Dir Gr	INF194KB1AL4	GNA Axles Ltd		0.00	0.00	-100.00	Oct24	5.55
Bandhan Small Cap Dir Gr	INF194KB1AL4	GNA Axles Ltd		0.00	0.00	-100.00	Nov24	7.52
Bandhan Small Cap Dir Gr	INF194KB1AL4	GNA Axles Ltd		0.00	0.00	-100.00	Dec24	3.56
Bandhan Small Cap Dir Gr	INF194KB1AL4	GNA Axles Ltd		0.00	0.00	-100.00	Jan25	5.32
Bandhan Small Cap Dir Gr	INF194KB1AL4	GNA Axles Ltd		0.00	0.00	-100.00	Feb25	5.59
Bandhan Small Cap Dir Gr	INF194KB1AL4	GNA Axles Ltd		0.00	0.00	-100.00	Mar25	15.51
Bandhan Small Cap Dir Gr	INF194KB1AL4	GNA Axles Ltd		0.00	0.00	-100.00	Mar25	15.51
Bandhan Small Cap Dir Gr	INF194KB1AL4	GNA Axles Ltd		0.00	0.00	-100.00	Apr25	12.51
Bandhan Small Cap Dir Gr	INF194KB1AL4	GNA Axles Ltd		0.00	0.00	-100.00	May25	11.15
Bandhan Small Cap Dir Gr	INF194KB1AL4	GNA Axles Ltd		0.00	0.00	-100.00	June25	10.18
Bandhan Small Cap Dir Gr	INF194KB1AL4	GNA Axles Ltd		0.00	0.00	-100.00	July25	9.19
Bandhan Small Cap Dir Gr	INF194KB1AL4	GNA Axles Ltd		0.00	0.00	-100.00	Aug25	8.13
Bandhan Small Cap Dir Gr	INF194KB1AL4	Amber Enterprises India Ltd Ordinary Shares		0.00	0.00	-100.00	Oct24	5.55
Bandhan Small Cap Dir Gr	INF194KB1AL4	Amber Enterprises India Ltd Ordinary Shares		0.00	0.00	-100.00	Nov24	7.52
Bandhan Small Cap Dir Gr	INF194KB1AL4	Amber Enterprises India Ltd Ordinary Shares		0.00	0.00	-100.00	Dec24	3.56
Bandhan Small Cap Dir Gr	INF194KB1AL4	Amber Enterprises India Ltd Ordinary Shares		0.00	0.00	-100.00	Jan25	5.32
Bandhan Small Cap Dir Gr	INF194KB1AL4	Amber Enterprises India Ltd Ordinary Shares		0.00	0.00	-100.00	Feb25	5.59
Bandhan Small Cap Dir Gr	INF194KB1AL4	Amber Enterprises India Ltd Ordinary Shares		0.00	0.00	-100.00	Mar25	15.51
Bandhan Small Cap Dir Gr	INF194KB1AL4	Amber Enterprises India Ltd Ordinary Shares		0.00	0.00	-100.00	Mar25	15.51
Bandhan Small Cap Dir Gr	INF194KB1AL4	Amber Enterprises India Ltd Ordinary Shares		0.00	0.00	-100.00	Apr25	12.51
Bandhan Small Cap Dir Gr	INF194KB1AL4	Amber Enterprises India Ltd Ordinary Shares		0.00	0.00	-100.00	May25	11.15
Bandhan Small Cap Dir Gr	INF194KB1AL4	Amber Enterprises India Ltd Ordinary Shares		0.00	0.00	-100.00	June25	10.18
Bandhan Small Cap Dir Gr	INF194KB1AL4	Amber Enterprises India Ltd Ordinary Shares		0.00	0.00	-100.00	July25	9.19
Bandhan Small Cap Dir Gr	INF194KB1AL4	Amber Enterprises India Ltd Ordinary Shares		0.00	0.00	-100.00	Aug25	8.13
Bandhan Small Cap Dir Gr	INF194KB1AL4	Jain Resource Recycling Ltd		0.00	0.00	-100.00	Oct24	5.55
Bandhan Small Cap Dir Gr	INF194KB1AL4	Jain Resource Recycling Ltd		0.00	0.00	-100.00	Nov24	7.52
Bandhan Small Cap Dir Gr	INF194KB1AL4	Jain Resource Recycling Ltd		0.00	0.00	-100.00	Dec24	3.56
Bandhan Small Cap Dir Gr	INF194KB1AL4	Jain Resource Recycling Ltd		0.00	0.00	-100.00	Jan25	5.32
Bandhan Small Cap Dir Gr	INF194KB1AL4	Jain Resource Recycling Ltd		0.00	0.00	-100.00	Feb25	5.59
Bandhan Small Cap Dir Gr	INF194KB1AL4	Jain Resource Recycling Ltd		0.00	0.00	-100.00	Mar25	15.51
Bandhan Small Cap Dir Gr	INF194KB1AL4	Jain Resource Recycling Ltd		0.00	0.00	-100.00	Mar25	15.51
Bandhan Small Cap Dir Gr	INF194KB1AL4	Jain Resource Recycling Ltd		0.00	0.00	-100.00	Apr25	12.51
Bandhan Small Cap Dir Gr	INF194KB1AL4	Jain Resource Recycling Ltd		0.00	0.00	-100.00	May25	11.15
Bandhan Small Cap Dir Gr	INF194KB1AL4	Jain Resource Recycling Ltd		0.00	0.00	-100.00	June25	10.18
Bandhan Small Cap Dir Gr	INF194KB1AL4	Jain Resource Recycling Ltd		0.00	0.00	-100.00	July25	9.19
Bandhan Small Cap Dir Gr	INF194KB1AL4	Jain Resource Recycling Ltd		0.00	0.00	-100.00	Aug25	8.13
