schemeName	isin	stock_name	sector	market_value	weight	change_1m	period	weightage
Nippon India Small Cap Dir Gr	INF204K01K15	Multi Commodity Exchange of India Ltd	Financial Services	1,954.64	2.89	-8.87	Oct24	5.55
Nippon India Small Cap Dir Gr	INF204K01K15	Multi Commodity Exchange of India Ltd	Financial Services	1,954.64	2.89	-8.87	Nov24	7.52
Nippon India Small Cap Dir Gr	INF204K01K15	Multi Commodity Exchange of India Ltd	Financial Services	1,954.64	2.89	-8.87	Dec24	3.56
Nippon India Small Cap Dir Gr	INF204K01K15	Multi Commodity Exchange of India Ltd	Financial Services	1,954.64	2.89	-8.87	Jan25	5.32
Nippon India Small Cap Dir Gr	INF204K01K15	Multi Commodity Exchange of India Ltd	Financial Services	1,954.64	2.89	-8.87	Feb25	5.59
Nippon India Small Cap Dir Gr	INF204K01K15	Multi Commodity Exchange of India Ltd	Financial Services	1,954.64	2.89	-8.87	Mar25	15.51
Nippon India Small Cap Dir Gr	INF204K01K15	Multi Commodity Exchange of India Ltd	Financial Services	1,954.64	2.89	-8.87	Mar25	15.51
Nippon India Small Cap Dir Gr	INF204K01K15	Multi Commodity Exchange of India Ltd	Financial Services	1,954.64	2.89	-8.87	Apr25	12.51
Nippon India Small Cap Dir Gr	INF204K01K15	Multi Commodity Exchange of India Ltd	Financial Services	1,954.64	2.89	-8.87	May25	11.15
Nippon India Small Cap Dir Gr	INF204K01K15	Multi Commodity Exchange of India Ltd	Financial Services	1,954.64	2.89	-8.87	June25	10.18
Nippon India Small Cap Dir Gr	INF204K01K15	Multi Commodity Exchange of India Ltd	Financial Services	1,954.64	2.89	-8.87	July25	9.19
Nippon India Small Cap Dir Gr	INF204K01K15	Multi Commodity Exchange of India Ltd	Financial Services	1,954.64	2.89	-8.87	Aug25	8.13
Nippon India Small Cap Dir Gr	INF204K01K15	Triparty Repo		1,546.57	2.29		Oct24	5.55
Nippon India Small Cap Dir Gr	INF204K01K15	Triparty Repo		1,546.57	2.29		Nov24	7.52
Nippon India Small Cap Dir Gr	INF204K01K15	Triparty Repo		1,546.57	2.29		Dec24	3.56
Nippon India Small Cap Dir Gr	INF204K01K15	Triparty Repo		1,546.57	2.29		Jan25	5.32
Nippon India Small Cap Dir Gr	INF204K01K15	Triparty Repo		1,546.57	2.29		Feb25	5.59
Nippon India Small Cap Dir Gr	INF204K01K15	Triparty Repo		1,546.57	2.29		Mar25	15.51
Nippon India Small Cap Dir Gr	INF204K01K15	Triparty Repo		1,546.57	2.29		Mar25	15.51
Nippon India Small Cap Dir Gr	INF204K01K15	Triparty Repo		1,546.57	2.29		Apr25	12.51
Nippon India Small Cap Dir Gr	INF204K01K15	Triparty Repo		1,546.57	2.29		May25	11.15
Nippon India Small Cap Dir Gr	INF204K01K15	Triparty Repo		1,546.57	2.29		June25	10.18
Nippon India Small Cap Dir Gr	INF204K01K15	Triparty Repo		1,546.57	2.29		July25	9.19
Nippon India Small Cap Dir Gr	INF204K01K15	Triparty Repo		1,546.57	2.29		Aug25	8.13
Nippon India Small Cap Dir Gr	INF204K01K15	HDFC Bank Ltd	Financial Services	1,358.26	2.01	0.00	Oct24	5.55
Nippon India Small Cap Dir Gr	INF204K01K15	HDFC Bank Ltd	Financial Services	1,358.26	2.01	0.00	Nov24	7.52
Nippon India Small Cap Dir Gr	INF204K01K15	HDFC Bank Ltd	Financial Services	1,358.26	2.01	0.00	Dec24	3.56
Nippon India Small Cap Dir Gr	INF204K01K15	HDFC Bank Ltd	Financial Services	1,358.26	2.01	0.00	Jan25	5.32
Nippon India Small Cap Dir Gr	INF204K01K15	HDFC Bank Ltd	Financial Services	1,358.26	2.01	0.00	Feb25	5.59
Nippon India Small Cap Dir Gr	INF204K01K15	HDFC Bank Ltd	Financial Services	1,358.26	2.01	0.00	Mar25	15.51
Nippon India Small Cap Dir Gr	INF204K01K15	HDFC Bank Ltd	Financial Services	1,358.26	2.01	0.00	Mar25	15.51
Nippon India Small Cap Dir Gr	INF204K01K15	HDFC Bank Ltd	Financial Services	1,358.26	2.01	0.00	Apr25	12.51
Nippon India Small Cap Dir Gr	INF204K01K15	HDFC Bank Ltd	Financial Services	1,358.26	2.01	0.00	May25	11.15
Nippon India Small Cap Dir Gr	INF204K01K15	HDFC Bank Ltd	Financial Services	1,358.26	2.01	0.00	June25	10.18
Nippon India Small Cap Dir Gr	INF204K01K15	HDFC Bank Ltd	Financial Services	1,358.26	2.01	0.00	July25	9.19
Nippon India Small Cap Dir Gr	INF204K01K15	HDFC Bank Ltd	Financial Services	1,358.26	2.01	0.00	Aug25	8.13
Nippon India Small Cap Dir Gr	INF204K01K15	Karur Vysya Bank Ltd	Financial Services	1,040.81	1.54	-11.16	Oct24	5.55
Nippon India Small Cap Dir Gr	INF204K01K15	Karur Vysya Bank Ltd	Financial Services	1,040.81	1.54	-11.16	Nov24	7.52
Nippon India Small Cap Dir Gr	INF204K01K15	Karur Vysya Bank Ltd	Financial Services	1,040.81	1.54	-11.16	Dec24	3.56
Nippon India Small Cap Dir Gr	INF204K01K15	Karur Vysya Bank Ltd	Financial Services	1,040.81	1.54	-11.16	Jan25	5.32
Nippon India Small Cap Dir Gr	INF204K01K15	Karur Vysya Bank Ltd	Financial Services	1,040.81	1.54	-11.16	Feb25	5.59
Nippon India Small Cap Dir Gr	INF204K01K15	Karur Vysya Bank Ltd	Financial Services	1,040.81	1.54	-11.16	Mar25	15.51
Nippon India Small Cap Dir Gr	INF204K01K15	Karur Vysya Bank Ltd	Financial Services	1,040.81	1.54	-11.16	Mar25	15.51
Nippon India Small Cap Dir Gr	INF204K01K15	Karur Vysya Bank Ltd	Financial Services	1,040.81	1.54	-11.16	Apr25	12.51
Nippon India Small Cap Dir Gr	INF204K01K15	Karur Vysya Bank Ltd	Financial Services	1,040.81	1.54	-11.16	May25	11.15
Nippon India Small Cap Dir Gr	INF204K01K15	Karur Vysya Bank Ltd	Financial Services	1,040.81	1.54	-11.16	June25	10.18
Nippon India Small Cap Dir Gr	INF204K01K15	Karur Vysya Bank Ltd	Financial Services	1,040.81	1.54	-11.16	July25	9.19
Nippon India Small Cap Dir Gr	INF204K01K15	Karur Vysya Bank Ltd	Financial Services	1,040.81	1.54	-11.16	Aug25	8.13
Nippon India Small Cap Dir Gr	INF204K01K15	Apar Industries Ltd	Industrials	983.33	1.45	0.00	Oct24	5.55
Nippon India Small Cap Dir Gr	INF204K01K15	Apar Industries Ltd	Industrials	983.33	1.45	0.00	Nov24	7.52
Nippon India Small Cap Dir Gr	INF204K01K15	Apar Industries Ltd	Industrials	983.33	1.45	0.00	Dec24	3.56
Nippon India Small Cap Dir Gr	INF204K01K15	Apar Industries Ltd	Industrials	983.33	1.45	0.00	Jan25	5.32
Nippon India Small Cap Dir Gr	INF204K01K15	Apar Industries Ltd	Industrials	983.33	1.45	0.00	Feb25	5.59
Nippon India Small Cap Dir Gr	INF204K01K15	Apar Industries Ltd	Industrials	983.33	1.45	0.00	Mar25	15.51
Nippon India Small Cap Dir Gr	INF204K01K15	Apar Industries Ltd	Industrials	983.33	1.45	0.00	Mar25	15.51
Nippon India Small Cap Dir Gr	INF204K01K15	Apar Industries Ltd	Industrials	983.33	1.45	0.00	Apr25	12.51
Nippon India Small Cap Dir Gr	INF204K01K15	Apar Industries Ltd	Industrials	983.33	1.45	0.00	May25	11.15
Nippon India Small Cap Dir Gr	INF204K01K15	Apar Industries Ltd	Industrials	983.33	1.45	0.00	June25	10.18
Nippon India Small Cap Dir Gr	INF204K01K15	Apar Industries Ltd	Industrials	983.33	1.45	0.00	July25	9.19
Nippon India Small Cap Dir Gr	INF204K01K15	Apar Industries Ltd	Industrials	983.33	1.45	0.00	Aug25	8.13
Nippon India Small Cap Dir Gr	INF204K01K15	State Bank of India	Financial Services	961.36	1.42	-22.69	Oct24	5.55
Nippon India Small Cap Dir Gr	INF204K01K15	State Bank of India	Financial Services	961.36	1.42	-22.69	Nov24	7.52
Nippon India Small Cap Dir Gr	INF204K01K15	State Bank of India	Financial Services	961.36	1.42	-22.69	Dec24	3.56
Nippon India Small Cap Dir Gr	INF204K01K15	State Bank of India	Financial Services	961.36	1.42	-22.69	Jan25	5.32
Nippon India Small Cap Dir Gr	INF204K01K15	State Bank of India	Financial Services	961.36	1.42	-22.69	Feb25	5.59
Nippon India Small Cap Dir Gr	INF204K01K15	State Bank of India	Financial Services	961.36	1.42	-22.69	Mar25	15.51
Nippon India Small Cap Dir Gr	INF204K01K15	State Bank of India	Financial Services	961.36	1.42	-22.69	Mar25	15.51
Nippon India Small Cap Dir Gr	INF204K01K15	State Bank of India	Financial Services	961.36	1.42	-22.69	Apr25	12.51
Nippon India Small Cap Dir Gr	INF204K01K15	State Bank of India	Financial Services	961.36	1.42	-22.69	May25	11.15
Nippon India Small Cap Dir Gr	INF204K01K15	State Bank of India	Financial Services	961.36	1.42	-22.69	June25	10.18
Nippon India Small Cap Dir Gr	INF204K01K15	State Bank of India	Financial Services	961.36	1.42	-22.69	July25	9.19
Nippon India Small Cap Dir Gr	INF204K01K15	State Bank of India	Financial Services	961.36	1.42	-22.69	Aug25	8.13
Nippon India Small Cap Dir Gr	INF204K01K15	TD Power Systems Ltd	Industrials	881.01	1.30	-4.18	Oct24	5.55
Nippon India Small Cap Dir Gr	INF204K01K15	TD Power Systems Ltd	Industrials	881.01	1.30	-4.18	Nov24	7.52
Nippon India Small Cap Dir Gr	INF204K01K15	TD Power Systems Ltd	Industrials	881.01	1.30	-4.18	Dec24	3.56
Nippon India Small Cap Dir Gr	INF204K01K15	TD Power Systems Ltd	Industrials	881.01	1.30	-4.18	Jan25	5.32
Nippon India Small Cap Dir Gr	INF204K01K15	TD Power Systems Ltd	Industrials	881.01	1.30	-4.18	Feb25	5.59
Nippon India Small Cap Dir Gr	INF204K01K15	TD Power Systems Ltd	Industrials	881.01	1.30	-4.18	Mar25	15.51
Nippon India Small Cap Dir Gr	INF204K01K15	TD Power Systems Ltd	Industrials	881.01	1.30	-4.18	Mar25	15.51
Nippon India Small Cap Dir Gr	INF204K01K15	TD Power Systems Ltd	Industrials	881.01	1.30	-4.18	Apr25	12.51
Nippon India Small Cap Dir Gr	INF204K01K15	TD Power Systems Ltd	Industrials	881.01	1.30	-4.18	May25	11.15
Nippon India Small Cap Dir Gr	INF204K01K15	TD Power Systems Ltd	Industrials	881.01	1.30	-4.18	June25	10.18
Nippon India Small Cap Dir Gr	INF204K01K15	TD Power Systems Ltd	Industrials	881.01	1.30	-4.18	July25	9.19
Nippon India Small Cap Dir Gr	INF204K01K15	TD Power Systems Ltd	Industrials	881.01	1.30	-4.18	Aug25	8.13
Nippon India Small Cap Dir Gr	INF204K01K15	Axis Bank Ltd	Financial Services	827.29	1.22	0.00	Oct24	5.55
Nippon India Small Cap Dir Gr	INF204K01K15	Axis Bank Ltd	Financial Services	827.29	1.22	0.00	Nov24	7.52
Nippon India Small Cap Dir Gr	INF204K01K15	Axis Bank Ltd	Financial Services	827.29	1.22	0.00	Dec24	3.56
Nippon India Small Cap Dir Gr	INF204K01K15	Axis Bank Ltd	Financial Services	827.29	1.22	0.00	Jan25	5.32
Nippon India Small Cap Dir Gr	INF204K01K15	Axis Bank Ltd	Financial Services	827.29	1.22	0.00	Feb25	5.59
Nippon India Small Cap Dir Gr	INF204K01K15	Axis Bank Ltd	Financial Services	827.29	1.22	0.00	Mar25	15.51
Nippon India Small Cap Dir Gr	INF204K01K15	Axis Bank Ltd	Financial Services	827.29	1.22	0.00	Mar25	15.51
Nippon India Small Cap Dir Gr	INF204K01K15	Axis Bank Ltd	Financial Services	827.29	1.22	0.00	Apr25	12.51
Nippon India Small Cap Dir Gr	INF204K01K15	Axis Bank Ltd	Financial Services	827.29	1.22	0.00	May25	11.15
Nippon India Small Cap Dir Gr	INF204K01K15	Axis Bank Ltd	Financial Services	827.29	1.22	0.00	June25	10.18
Nippon India Small Cap Dir Gr	INF204K01K15	Axis Bank Ltd	Financial Services	827.29	1.22	0.00	July25	9.19
Nippon India Small Cap Dir Gr	INF204K01K15	Axis Bank Ltd	Financial Services	827.29	1.22	0.00	Aug25	8.13
Nippon India Small Cap Dir Gr	INF204K01K15	Bharat Heavy Electricals Ltd	Industrials	781.80	1.16	0.00	Oct24	5.55
Nippon India Small Cap Dir Gr	INF204K01K15	Bharat Heavy Electricals Ltd	Industrials	781.80	1.16	0.00	Nov24	7.52
Nippon India Small Cap Dir Gr	INF204K01K15	Bharat Heavy Electricals Ltd	Industrials	781.80	1.16	0.00	Dec24	3.56
Nippon India Small Cap Dir Gr	INF204K01K15	Bharat Heavy Electricals Ltd	Industrials	781.80	1.16	0.00	Jan25	5.32
Nippon India Small Cap Dir Gr	INF204K01K15	Bharat Heavy Electricals Ltd	Industrials	781.80	1.16	0.00	Feb25	5.59
Nippon India Small Cap Dir Gr	INF204K01K15	Bharat Heavy Electricals Ltd	Industrials	781.80	1.16	0.00	Mar25	15.51
Nippon India Small Cap Dir Gr	INF204K01K15	Bharat Heavy Electricals Ltd	Industrials	781.80	1.16	0.00	Mar25	15.51
Nippon India Small Cap Dir Gr	INF204K01K15	Bharat Heavy Electricals Ltd	Industrials	781.80	1.16	0.00	Apr25	12.51
Nippon India Small Cap Dir Gr	INF204K01K15	Bharat Heavy Electricals Ltd	Industrials	781.80	1.16	0.00	May25	11.15
Nippon India Small Cap Dir Gr	INF204K01K15	Bharat Heavy Electricals Ltd	Industrials	781.80	1.16	0.00	June25	10.18
Nippon India Small Cap Dir Gr	INF204K01K15	Bharat Heavy Electricals Ltd	Industrials	781.80	1.16	0.00	July25	9.19
Nippon India Small Cap Dir Gr	INF204K01K15	Bharat Heavy Electricals Ltd	Industrials	781.80	1.16	0.00	Aug25	8.13
Nippon India Small Cap Dir Gr	INF204K01K15	Emami Ltd	Consumer Defensive	766.10	1.13	3.84	Oct24	5.55
Nippon India Small Cap Dir Gr	INF204K01K15	Emami Ltd	Consumer Defensive	766.10	1.13	3.84	Nov24	7.52
Nippon India Small Cap Dir Gr	INF204K01K15	Emami Ltd	Consumer Defensive	766.10	1.13	3.84	Dec24	3.56
Nippon India Small Cap Dir Gr	INF204K01K15	Emami Ltd	Consumer Defensive	766.10	1.13	3.84	Jan25	5.32
Nippon India Small Cap Dir Gr	INF204K01K15	Emami Ltd	Consumer Defensive	766.10	1.13	3.84	Feb25	5.59
Nippon India Small Cap Dir Gr	INF204K01K15	Emami Ltd	Consumer Defensive	766.10	1.13	3.84	Mar25	15.51
Nippon India Small Cap Dir Gr	INF204K01K15	Emami Ltd	Consumer Defensive	766.10	1.13	3.84	Mar25	15.51
Nippon India Small Cap Dir Gr	INF204K01K15	Emami Ltd	Consumer Defensive	766.10	1.13	3.84	Apr25	12.51
Nippon India Small Cap Dir Gr	INF204K01K15	Emami Ltd	Consumer Defensive	766.10	1.13	3.84	May25	11.15
Nippon India Small Cap Dir Gr	INF204K01K15	Emami Ltd	Consumer Defensive	766.10	1.13	3.84	June25	10.18
Nippon India Small Cap Dir Gr	INF204K01K15	Emami Ltd	Consumer Defensive	766.10	1.13	3.84	July25	9.19
Nippon India Small Cap Dir Gr	INF204K01K15	Emami Ltd	Consumer Defensive	766.10	1.13	3.84	Aug25	8.13
Nippon India Small Cap Dir Gr	INF204K01K15	Kirloskar Brothers Ltd	Industrials	716.24	1.06	1.19	Oct24	5.55
Nippon India Small Cap Dir Gr	INF204K01K15	Kirloskar Brothers Ltd	Industrials	716.24	1.06	1.19	Nov24	7.52
Nippon India Small Cap Dir Gr	INF204K01K15	Kirloskar Brothers Ltd	Industrials	716.24	1.06	1.19	Dec24	3.56
Nippon India Small Cap Dir Gr	INF204K01K15	Kirloskar Brothers Ltd	Industrials	716.24	1.06	1.19	Jan25	5.32
Nippon India Small Cap Dir Gr	INF204K01K15	Kirloskar Brothers Ltd	Industrials	716.24	1.06	1.19	Feb25	5.59
Nippon India Small Cap Dir Gr	INF204K01K15	Kirloskar Brothers Ltd	Industrials	716.24	1.06	1.19	Mar25	15.51
Nippon India Small Cap Dir Gr	INF204K01K15	Kirloskar Brothers Ltd	Industrials	716.24	1.06	1.19	Mar25	15.51
Nippon India Small Cap Dir Gr	INF204K01K15	Kirloskar Brothers Ltd	Industrials	716.24	1.06	1.19	Apr25	12.51
Nippon India Small Cap Dir Gr	INF204K01K15	Kirloskar Brothers Ltd	Industrials	716.24	1.06	1.19	May25	11.15
Nippon India Small Cap Dir Gr	INF204K01K15	Kirloskar Brothers Ltd	Industrials	716.24	1.06	1.19	June25	10.18
Nippon India Small Cap Dir Gr	INF204K01K15	Kirloskar Brothers Ltd	Industrials	716.24	1.06	1.19	July25	9.19
Nippon India Small Cap Dir Gr	INF204K01K15	Kirloskar Brothers Ltd	Industrials	716.24	1.06	1.19	Aug25	8.13
Nippon India Small Cap Dir Gr	INF204K01K15	NLC India Ltd	Utilities	701.88	1.04	0.00	Oct24	5.55
Nippon India Small Cap Dir Gr	INF204K01K15	NLC India Ltd	Utilities	701.88	1.04	0.00	Nov24	7.52
Nippon India Small Cap Dir Gr	INF204K01K15	NLC India Ltd	Utilities	701.88	1.04	0.00	Dec24	3.56
Nippon India Small Cap Dir Gr	INF204K01K15	NLC India Ltd	Utilities	701.88	1.04	0.00	Jan25	5.32
Nippon India Small Cap Dir Gr	INF204K01K15	NLC India Ltd	Utilities	701.88	1.04	0.00	Feb25	5.59
Nippon India Small Cap Dir Gr	INF204K01K15	NLC India Ltd	Utilities	701.88	1.04	0.00	Mar25	15.51
Nippon India Small Cap Dir Gr	INF204K01K15	NLC India Ltd	Utilities	701.88	1.04	0.00	Mar25	15.51
Nippon India Small Cap Dir Gr	INF204K01K15	NLC India Ltd	Utilities	701.88	1.04	0.00	Apr25	12.51
Nippon India Small Cap Dir Gr	INF204K01K15	NLC India Ltd	Utilities	701.88	1.04	0.00	May25	11.15
Nippon India Small Cap Dir Gr	INF204K01K15	NLC India Ltd	Utilities	701.88	1.04	0.00	June25	10.18
Nippon India Small Cap Dir Gr	INF204K01K15	NLC India Ltd	Utilities	701.88	1.04	0.00	July25	9.19
Nippon India Small Cap Dir Gr	INF204K01K15	NLC India Ltd	Utilities	701.88	1.04	0.00	Aug25	8.13
Nippon India Small Cap Dir Gr	INF204K01K15	Tube Investments of India Ltd Ordinary Shares	Industrials	688.14	1.02	0.00	Oct24	5.55
Nippon India Small Cap Dir Gr	INF204K01K15	Tube Investments of India Ltd Ordinary Shares	Industrials	688.14	1.02	0.00	Nov24	7.52
Nippon India Small Cap Dir Gr	INF204K01K15	Tube Investments of India Ltd Ordinary Shares	Industrials	688.14	1.02	0.00	Dec24	3.56
Nippon India Small Cap Dir Gr	INF204K01K15	Tube Investments of India Ltd Ordinary Shares	Industrials	688.14	1.02	0.00	Jan25	5.32
Nippon India Small Cap Dir Gr	INF204K01K15	Tube Investments of India Ltd Ordinary Shares	Industrials	688.14	1.02	0.00	Feb25	5.59
Nippon India Small Cap Dir Gr	INF204K01K15	Tube Investments of India Ltd Ordinary Shares	Industrials	688.14	1.02	0.00	Mar25	15.51
Nippon India Small Cap Dir Gr	INF204K01K15	Tube Investments of India Ltd Ordinary Shares	Industrials	688.14	1.02	0.00	Mar25	15.51
Nippon India Small Cap Dir Gr	INF204K01K15	Tube Investments of India Ltd Ordinary Shares	Industrials	688.14	1.02	0.00	Apr25	12.51
Nippon India Small Cap Dir Gr	INF204K01K15	Tube Investments of India Ltd Ordinary Shares	Industrials	688.14	1.02	0.00	May25	11.15
Nippon India Small Cap Dir Gr	INF204K01K15	Tube Investments of India Ltd Ordinary Shares	Industrials	688.14	1.02	0.00	June25	10.18
Nippon India Small Cap Dir Gr	INF204K01K15	Tube Investments of India Ltd Ordinary Shares	Industrials	688.14	1.02	0.00	July25	9.19
Nippon India Small Cap Dir Gr	INF204K01K15	Tube Investments of India Ltd Ordinary Shares	Industrials	688.14	1.02	0.00	Aug25	8.13
Nippon India Small Cap Dir Gr	INF204K01K15	Whirlpool of India Ltd	Consumer Cyclical	662.89	0.98	6.75	Oct24	5.55
Nippon India Small Cap Dir Gr	INF204K01K15	Whirlpool of India Ltd	Consumer Cyclical	662.89	0.98	6.75	Nov24	7.52
Nippon India Small Cap Dir Gr	INF204K01K15	Whirlpool of India Ltd	Consumer Cyclical	662.89	0.98	6.75	Dec24	3.56
Nippon India Small Cap Dir Gr	INF204K01K15	Whirlpool of India Ltd	Consumer Cyclical	662.89	0.98	6.75	Jan25	5.32
Nippon India Small Cap Dir Gr	INF204K01K15	Whirlpool of India Ltd	Consumer Cyclical	662.89	0.98	6.75	Feb25	5.59
Nippon India Small Cap Dir Gr	INF204K01K15	Whirlpool of India Ltd	Consumer Cyclical	662.89	0.98	6.75	Mar25	15.51
Nippon India Small Cap Dir Gr	INF204K01K15	Whirlpool of India Ltd	Consumer Cyclical	662.89	0.98	6.75	Mar25	15.51
Nippon India Small Cap Dir Gr	INF204K01K15	Whirlpool of India Ltd	Consumer Cyclical	662.89	0.98	6.75	Apr25	12.51
Nippon India Small Cap Dir Gr	INF204K01K15	Whirlpool of India Ltd	Consumer Cyclical	662.89	0.98	6.75	May25	11.15
Nippon India Small Cap Dir Gr	INF204K01K15	Whirlpool of India Ltd	Consumer Cyclical	662.89	0.98	6.75	June25	10.18
Nippon India Small Cap Dir Gr	INF204K01K15	Whirlpool of India Ltd	Consumer Cyclical	662.89	0.98	6.75	July25	9.19
Nippon India Small Cap Dir Gr	INF204K01K15	Whirlpool of India Ltd	Consumer Cyclical	662.89	0.98	6.75	Aug25	8.13
Nippon India Small Cap Dir Gr	INF204K01K15	Zydus Wellness Ltd	Consumer Defensive	659.43	0.97	0.50	Oct24	5.55
Nippon India Small Cap Dir Gr	INF204K01K15	Zydus Wellness Ltd	Consumer Defensive	659.43	0.97	0.50	Nov24	7.52
Nippon India Small Cap Dir Gr	INF204K01K15	Zydus Wellness Ltd	Consumer Defensive	659.43	0.97	0.50	Dec24	3.56
Nippon India Small Cap Dir Gr	INF204K01K15	Zydus Wellness Ltd	Consumer Defensive	659.43	0.97	0.50	Jan25	5.32
Nippon India Small Cap Dir Gr	INF204K01K15	Zydus Wellness Ltd	Consumer Defensive	659.43	0.97	0.50	Feb25	5.59
Nippon India Small Cap Dir Gr	INF204K01K15	Zydus Wellness Ltd	Consumer Defensive	659.43	0.97	0.50	Mar25	15.51
Nippon India Small Cap Dir Gr	INF204K01K15	Zydus Wellness Ltd	Consumer Defensive	659.43	0.97	0.50	Mar25	15.51
Nippon India Small Cap Dir Gr	INF204K01K15	Zydus Wellness Ltd	Consumer Defensive	659.43	0.97	0.50	Apr25	12.51
Nippon India Small Cap Dir Gr	INF204K01K15	Zydus Wellness Ltd	Consumer Defensive	659.43	0.97	0.50	May25	11.15
Nippon India Small Cap Dir Gr	INF204K01K15	Zydus Wellness Ltd	Consumer Defensive	659.43	0.97	0.50	June25	10.18
Nippon India Small Cap Dir Gr	INF204K01K15	Zydus Wellness Ltd	Consumer Defensive	659.43	0.97	0.50	July25	9.19
Nippon India Small Cap Dir Gr	INF204K01K15	Zydus Wellness Ltd	Consumer Defensive	659.43	0.97	0.50	Aug25	8.13
Nippon India Small Cap Dir Gr	INF204K01K15	Hindustan Unilever Ltd	Consumer Defensive	641.57	0.95	0.00	Oct24	5.55
Nippon India Small Cap Dir Gr	INF204K01K15	Hindustan Unilever Ltd	Consumer Defensive	641.57	0.95	0.00	Nov24	7.52
Nippon India Small Cap Dir Gr	INF204K01K15	Hindustan Unilever Ltd	Consumer Defensive	641.57	0.95	0.00	Dec24	3.56
Nippon India Small Cap Dir Gr	INF204K01K15	Hindustan Unilever Ltd	Consumer Defensive	641.57	0.95	0.00	Jan25	5.32
Nippon India Small Cap Dir Gr	INF204K01K15	Hindustan Unilever Ltd	Consumer Defensive	641.57	0.95	0.00	Feb25	5.59
Nippon India Small Cap Dir Gr	INF204K01K15	Hindustan Unilever Ltd	Consumer Defensive	641.57	0.95	0.00	Mar25	15.51
Nippon India Small Cap Dir Gr	INF204K01K15	Hindustan Unilever Ltd	Consumer Defensive	641.57	0.95	0.00	Mar25	15.51
Nippon India Small Cap Dir Gr	INF204K01K15	Hindustan Unilever Ltd	Consumer Defensive	641.57	0.95	0.00	Apr25	12.51
Nippon India Small Cap Dir Gr	INF204K01K15	Hindustan Unilever Ltd	Consumer Defensive	641.57	0.95	0.00	May25	11.15
Nippon India Small Cap Dir Gr	INF204K01K15	Hindustan Unilever Ltd	Consumer Defensive	641.57	0.95	0.00	June25	10.18
Nippon India Small Cap Dir Gr	INF204K01K15	Hindustan Unilever Ltd	Consumer Defensive	641.57	0.95	0.00	July25	9.19
Nippon India Small Cap Dir Gr	INF204K01K15	Hindustan Unilever Ltd	Consumer Defensive	641.57	0.95	0.00	Aug25	8.13
Nippon India Small Cap Dir Gr	INF204K01K15	Aster DM Healthcare Ltd Ordinary Shares	Healthcare	623.36	0.92	0.00	Oct24	5.55
Nippon India Small Cap Dir Gr	INF204K01K15	Aster DM Healthcare Ltd Ordinary Shares	Healthcare	623.36	0.92	0.00	Nov24	7.52
Nippon India Small Cap Dir Gr	INF204K01K15	Aster DM Healthcare Ltd Ordinary Shares	Healthcare	623.36	0.92	0.00	Dec24	3.56
Nippon India Small Cap Dir Gr	INF204K01K15	Aster DM Healthcare Ltd Ordinary Shares	Healthcare	623.36	0.92	0.00	Jan25	5.32
Nippon India Small Cap Dir Gr	INF204K01K15	Aster DM Healthcare Ltd Ordinary Shares	Healthcare	623.36	0.92	0.00	Feb25	5.59
Nippon India Small Cap Dir Gr	INF204K01K15	Aster DM Healthcare Ltd Ordinary Shares	Healthcare	623.36	0.92	0.00	Mar25	15.51
Nippon India Small Cap Dir Gr	INF204K01K15	Aster DM Healthcare Ltd Ordinary Shares	Healthcare	623.36	0.92	0.00	Mar25	15.51
Nippon India Small Cap Dir Gr	INF204K01K15	Aster DM Healthcare Ltd Ordinary Shares	Healthcare	623.36	0.92	0.00	Apr25	12.51
Nippon India Small Cap Dir Gr	INF204K01K15	Aster DM Healthcare Ltd Ordinary Shares	Healthcare	623.36	0.92	0.00	May25	11.15
Nippon India Small Cap Dir Gr	INF204K01K15	Aster DM Healthcare Ltd Ordinary Shares	Healthcare	623.36	0.92	0.00	June25	10.18
Nippon India Small Cap Dir Gr	INF204K01K15	Aster DM Healthcare Ltd Ordinary Shares	Healthcare	623.36	0.92	0.00	July25	9.19
Nippon India Small Cap Dir Gr	INF204K01K15	Aster DM Healthcare Ltd Ordinary Shares	Healthcare	623.36	0.92	0.00	Aug25	8.13
Nippon India Small Cap Dir Gr	INF204K01K15	Pfizer Ltd	Healthcare	610.55	0.90	0.00	Oct24	5.55
Nippon India Small Cap Dir Gr	INF204K01K15	Pfizer Ltd	Healthcare	610.55	0.90	0.00	Nov24	7.52
Nippon India Small Cap Dir Gr	INF204K01K15	Pfizer Ltd	Healthcare	610.55	0.90	0.00	Dec24	3.56
Nippon India Small Cap Dir Gr	INF204K01K15	Pfizer Ltd	Healthcare	610.55	0.90	0.00	Jan25	5.32
Nippon India Small Cap Dir Gr	INF204K01K15	Pfizer Ltd	Healthcare	610.55	0.90	0.00	Feb25	5.59
Nippon India Small Cap Dir Gr	INF204K01K15	Pfizer Ltd	Healthcare	610.55	0.90	0.00	Mar25	15.51
Nippon India Small Cap Dir Gr	INF204K01K15	Pfizer Ltd	Healthcare	610.55	0.90	0.00	Mar25	15.51
Nippon India Small Cap Dir Gr	INF204K01K15	Pfizer Ltd	Healthcare	610.55	0.90	0.00	Apr25	12.51
Nippon India Small Cap Dir Gr	INF204K01K15	Pfizer Ltd	Healthcare	610.55	0.90	0.00	May25	11.15
Nippon India Small Cap Dir Gr	INF204K01K15	Pfizer Ltd	Healthcare	610.55	0.90	0.00	June25	10.18
Nippon India Small Cap Dir Gr	INF204K01K15	Pfizer Ltd	Healthcare	610.55	0.90	0.00	July25	9.19
Nippon India Small Cap Dir Gr	INF204K01K15	Pfizer Ltd	Healthcare	610.55	0.90	0.00	Aug25	8.13
Nippon India Small Cap Dir Gr	INF204K01K15	ELANTAS Beck India Ltd	Basic Materials	592.37	0.88	0.00	Oct24	5.55
Nippon India Small Cap Dir Gr	INF204K01K15	ELANTAS Beck India Ltd	Basic Materials	592.37	0.88	0.00	Nov24	7.52
Nippon India Small Cap Dir Gr	INF204K01K15	ELANTAS Beck India Ltd	Basic Materials	592.37	0.88	0.00	Dec24	3.56
Nippon India Small Cap Dir Gr	INF204K01K15	ELANTAS Beck India Ltd	Basic Materials	592.37	0.88	0.00	Jan25	5.32
Nippon India Small Cap Dir Gr	INF204K01K15	ELANTAS Beck India Ltd	Basic Materials	592.37	0.88	0.00	Feb25	5.59
Nippon India Small Cap Dir Gr	INF204K01K15	ELANTAS Beck India Ltd	Basic Materials	592.37	0.88	0.00	Mar25	15.51
Nippon India Small Cap Dir Gr	INF204K01K15	ELANTAS Beck India Ltd	Basic Materials	592.37	0.88	0.00	Mar25	15.51
Nippon India Small Cap Dir Gr	INF204K01K15	ELANTAS Beck India Ltd	Basic Materials	592.37	0.88	0.00	Apr25	12.51
Nippon India Small Cap Dir Gr	INF204K01K15	ELANTAS Beck India Ltd	Basic Materials	592.37	0.88	0.00	May25	11.15
Nippon India Small Cap Dir Gr	INF204K01K15	ELANTAS Beck India Ltd	Basic Materials	592.37	0.88	0.00	June25	10.18
Nippon India Small Cap Dir Gr	INF204K01K15	ELANTAS Beck India Ltd	Basic Materials	592.37	0.88	0.00	July25	9.19
Nippon India Small Cap Dir Gr	INF204K01K15	ELANTAS Beck India Ltd	Basic Materials	592.37	0.88	0.00	Aug25	8.13
Nippon India Small Cap Dir Gr	INF204K01K15	Voltamp Transformers Ltd	Industrials	584.97	0.86	0.00	Oct24	5.55
Nippon India Small Cap Dir Gr	INF204K01K15	Voltamp Transformers Ltd	Industrials	584.97	0.86	0.00	Nov24	7.52
Nippon India Small Cap Dir Gr	INF204K01K15	Voltamp Transformers Ltd	Industrials	584.97	0.86	0.00	Dec24	3.56
Nippon India Small Cap Dir Gr	INF204K01K15	Voltamp Transformers Ltd	Industrials	584.97	0.86	0.00	Jan25	5.32
Nippon India Small Cap Dir Gr	INF204K01K15	Voltamp Transformers Ltd	Industrials	584.97	0.86	0.00	Feb25	5.59
Nippon India Small Cap Dir Gr	INF204K01K15	Voltamp Transformers Ltd	Industrials	584.97	0.86	0.00	Mar25	15.51
Nippon India Small Cap Dir Gr	INF204K01K15	Voltamp Transformers Ltd	Industrials	584.97	0.86	0.00	Mar25	15.51
Nippon India Small Cap Dir Gr	INF204K01K15	Voltamp Transformers Ltd	Industrials	584.97	0.86	0.00	Apr25	12.51
Nippon India Small Cap Dir Gr	INF204K01K15	Voltamp Transformers Ltd	Industrials	584.97	0.86	0.00	May25	11.15
Nippon India Small Cap Dir Gr	INF204K01K15	Voltamp Transformers Ltd	Industrials	584.97	0.86	0.00	June25	10.18
Nippon India Small Cap Dir Gr	INF204K01K15	Voltamp Transformers Ltd	Industrials	584.97	0.86	0.00	July25	9.19
Nippon India Small Cap Dir Gr	INF204K01K15	Voltamp Transformers Ltd	Industrials	584.97	0.86	0.00	Aug25	8.13
Nippon India Small Cap Dir Gr	INF204K01K15	AstraZeneca Pharma India Ltd	Healthcare	583.92	0.86	0.00	Oct24	5.55
Nippon India Small Cap Dir Gr	INF204K01K15	AstraZeneca Pharma India Ltd	Healthcare	583.92	0.86	0.00	Nov24	7.52
Nippon India Small Cap Dir Gr	INF204K01K15	AstraZeneca Pharma India Ltd	Healthcare	583.92	0.86	0.00	Dec24	3.56
Nippon India Small Cap Dir Gr	INF204K01K15	AstraZeneca Pharma India Ltd	Healthcare	583.92	0.86	0.00	Jan25	5.32
Nippon India Small Cap Dir Gr	INF204K01K15	AstraZeneca Pharma India Ltd	Healthcare	583.92	0.86	0.00	Feb25	5.59
Nippon India Small Cap Dir Gr	INF204K01K15	AstraZeneca Pharma India Ltd	Healthcare	583.92	0.86	0.00	Mar25	15.51
Nippon India Small Cap Dir Gr	INF204K01K15	AstraZeneca Pharma India Ltd	Healthcare	583.92	0.86	0.00	Mar25	15.51
Nippon India Small Cap Dir Gr	INF204K01K15	AstraZeneca Pharma India Ltd	Healthcare	583.92	0.86	0.00	Apr25	12.51
Nippon India Small Cap Dir Gr	INF204K01K15	AstraZeneca Pharma India Ltd	Healthcare	583.92	0.86	0.00	May25	11.15
Nippon India Small Cap Dir Gr	INF204K01K15	AstraZeneca Pharma India Ltd	Healthcare	583.92	0.86	0.00	June25	10.18
Nippon India Small Cap Dir Gr	INF204K01K15	AstraZeneca Pharma India Ltd	Healthcare	583.92	0.86	0.00	July25	9.19
Nippon India Small Cap Dir Gr	INF204K01K15	AstraZeneca Pharma India Ltd	Healthcare	583.92	0.86	0.00	Aug25	8.13
Nippon India Small Cap Dir Gr	INF204K01K15	Sai Life Sciences Ltd	Healthcare	582.15	0.86	1.02	Oct24	5.55
Nippon India Small Cap Dir Gr	INF204K01K15	Sai Life Sciences Ltd	Healthcare	582.15	0.86	1.02	Nov24	7.52
Nippon India Small Cap Dir Gr	INF204K01K15	Sai Life Sciences Ltd	Healthcare	582.15	0.86	1.02	Dec24	3.56
Nippon India Small Cap Dir Gr	INF204K01K15	Sai Life Sciences Ltd	Healthcare	582.15	0.86	1.02	Jan25	5.32
Nippon India Small Cap Dir Gr	INF204K01K15	Sai Life Sciences Ltd	Healthcare	582.15	0.86	1.02	Feb25	5.59
Nippon India Small Cap Dir Gr	INF204K01K15	Sai Life Sciences Ltd	Healthcare	582.15	0.86	1.02	Mar25	15.51
Nippon India Small Cap Dir Gr	INF204K01K15	Sai Life Sciences Ltd	Healthcare	582.15	0.86	1.02	Mar25	15.51
Nippon India Small Cap Dir Gr	INF204K01K15	Sai Life Sciences Ltd	Healthcare	582.15	0.86	1.02	Apr25	12.51
Nippon India Small Cap Dir Gr	INF204K01K15	Sai Life Sciences Ltd	Healthcare	582.15	0.86	1.02	May25	11.15
Nippon India Small Cap Dir Gr	INF204K01K15	Sai Life Sciences Ltd	Healthcare	582.15	0.86	1.02	June25	10.18
Nippon India Small Cap Dir Gr	INF204K01K15	Sai Life Sciences Ltd	Healthcare	582.15	0.86	1.02	July25	9.19
Nippon India Small Cap Dir Gr	INF204K01K15	Sai Life Sciences Ltd	Healthcare	582.15	0.86	1.02	Aug25	8.13
Nippon India Small Cap Dir Gr	INF204K01K15	Ramco Cements Ltd	Basic Materials	573.58	0.85	0.00	Oct24	5.55
Nippon India Small Cap Dir Gr	INF204K01K15	Ramco Cements Ltd	Basic Materials	573.58	0.85	0.00	Nov24	7.52
Nippon India Small Cap Dir Gr	INF204K01K15	Ramco Cements Ltd	Basic Materials	573.58	0.85	0.00	Dec24	3.56
Nippon India Small Cap Dir Gr	INF204K01K15	Ramco Cements Ltd	Basic Materials	573.58	0.85	0.00	Jan25	5.32
Nippon India Small Cap Dir Gr	INF204K01K15	Ramco Cements Ltd	Basic Materials	573.58	0.85	0.00	Feb25	5.59
Nippon India Small Cap Dir Gr	INF204K01K15	Ramco Cements Ltd	Basic Materials	573.58	0.85	0.00	Mar25	15.51
Nippon India Small Cap Dir Gr	INF204K01K15	Ramco Cements Ltd	Basic Materials	573.58	0.85	0.00	Mar25	15.51
Nippon India Small Cap Dir Gr	INF204K01K15	Ramco Cements Ltd	Basic Materials	573.58	0.85	0.00	Apr25	12.51
Nippon India Small Cap Dir Gr	INF204K01K15	Ramco Cements Ltd	Basic Materials	573.58	0.85	0.00	May25	11.15
Nippon India Small Cap Dir Gr	INF204K01K15	Ramco Cements Ltd	Basic Materials	573.58	0.85	0.00	June25	10.18
Nippon India Small Cap Dir Gr	INF204K01K15	Ramco Cements Ltd	Basic Materials	573.58	0.85	0.00	July25	9.19
Nippon India Small Cap Dir Gr	INF204K01K15	Ramco Cements Ltd	Basic Materials	573.58	0.85	0.00	Aug25	8.13
Nippon India Small Cap Dir Gr	INF204K01K15	ITC Ltd	Consumer Defensive	563.85	0.83	-9.10	Oct24	5.55
Nippon India Small Cap Dir Gr	INF204K01K15	ITC Ltd	Consumer Defensive	563.85	0.83	-9.10	Nov24	7.52
Nippon India Small Cap Dir Gr	INF204K01K15	ITC Ltd	Consumer Defensive	563.85	0.83	-9.10	Dec24	3.56
Nippon India Small Cap Dir Gr	INF204K01K15	ITC Ltd	Consumer Defensive	563.85	0.83	-9.10	Jan25	5.32
Nippon India Small Cap Dir Gr	INF204K01K15	ITC Ltd	Consumer Defensive	563.85	0.83	-9.10	Feb25	5.59
Nippon India Small Cap Dir Gr	INF204K01K15	ITC Ltd	Consumer Defensive	563.85	0.83	-9.10	Mar25	15.51
Nippon India Small Cap Dir Gr	INF204K01K15	ITC Ltd	Consumer Defensive	563.85	0.83	-9.10	Mar25	15.51
Nippon India Small Cap Dir Gr	INF204K01K15	ITC Ltd	Consumer Defensive	563.85	0.83	-9.10	Apr25	12.51
Nippon India Small Cap Dir Gr	INF204K01K15	ITC Ltd	Consumer Defensive	563.85	0.83	-9.10	May25	11.15
Nippon India Small Cap Dir Gr	INF204K01K15	ITC Ltd	Consumer Defensive	563.85	0.83	-9.10	June25	10.18
Nippon India Small Cap Dir Gr	INF204K01K15	ITC Ltd	Consumer Defensive	563.85	0.83	-9.10	July25	9.19
Nippon India Small Cap Dir Gr	INF204K01K15	ITC Ltd	Consumer Defensive	563.85	0.83	-9.10	Aug25	8.13
Nippon India Small Cap Dir Gr	INF204K01K15	eClerx Services Ltd	Technology	543.37	0.80	0.00	Oct24	5.55
Nippon India Small Cap Dir Gr	INF204K01K15	eClerx Services Ltd	Technology	543.37	0.80	0.00	Nov24	7.52
Nippon India Small Cap Dir Gr	INF204K01K15	eClerx Services Ltd	Technology	543.37	0.80	0.00	Dec24	3.56
Nippon India Small Cap Dir Gr	INF204K01K15	eClerx Services Ltd	Technology	543.37	0.80	0.00	Jan25	5.32
Nippon India Small Cap Dir Gr	INF204K01K15	eClerx Services Ltd	Technology	543.37	0.80	0.00	Feb25	5.59
Nippon India Small Cap Dir Gr	INF204K01K15	eClerx Services Ltd	Technology	543.37	0.80	0.00	Mar25	15.51
Nippon India Small Cap Dir Gr	INF204K01K15	eClerx Services Ltd	Technology	543.37	0.80	0.00	Mar25	15.51
Nippon India Small Cap Dir Gr	INF204K01K15	eClerx Services Ltd	Technology	543.37	0.80	0.00	Apr25	12.51
Nippon India Small Cap Dir Gr	INF204K01K15	eClerx Services Ltd	Technology	543.37	0.80	0.00	May25	11.15
Nippon India Small Cap Dir Gr	INF204K01K15	eClerx Services Ltd	Technology	543.37	0.80	0.00	June25	10.18
Nippon India Small Cap Dir Gr	INF204K01K15	eClerx Services Ltd	Technology	543.37	0.80	0.00	July25	9.19
Nippon India Small Cap Dir Gr	INF204K01K15	eClerx Services Ltd	Technology	543.37	0.80	0.00	Aug25	8.13
Nippon India Small Cap Dir Gr	INF204K01K15	Radico Khaitan Ltd	Consumer Defensive	535.77	0.79	-1.15	Oct24	5.55
Nippon India Small Cap Dir Gr	INF204K01K15	Radico Khaitan Ltd	Consumer Defensive	535.77	0.79	-1.15	Nov24	7.52
Nippon India Small Cap Dir Gr	INF204K01K15	Radico Khaitan Ltd	Consumer Defensive	535.77	0.79	-1.15	Dec24	3.56
Nippon India Small Cap Dir Gr	INF204K01K15	Radico Khaitan Ltd	Consumer Defensive	535.77	0.79	-1.15	Jan25	5.32
Nippon India Small Cap Dir Gr	INF204K01K15	Radico Khaitan Ltd	Consumer Defensive	535.77	0.79	-1.15	Feb25	5.59
Nippon India Small Cap Dir Gr	INF204K01K15	Radico Khaitan Ltd	Consumer Defensive	535.77	0.79	-1.15	Mar25	15.51
Nippon India Small Cap Dir Gr	INF204K01K15	Radico Khaitan Ltd	Consumer Defensive	535.77	0.79	-1.15	Mar25	15.51
Nippon India Small Cap Dir Gr	INF204K01K15	Radico Khaitan Ltd	Consumer Defensive	535.77	0.79	-1.15	Apr25	12.51
Nippon India Small Cap Dir Gr	INF204K01K15	Radico Khaitan Ltd	Consumer Defensive	535.77	0.79	-1.15	May25	11.15
Nippon India Small Cap Dir Gr	INF204K01K15	Radico Khaitan Ltd	Consumer Defensive	535.77	0.79	-1.15	June25	10.18
Nippon India Small Cap Dir Gr	INF204K01K15	Radico Khaitan Ltd	Consumer Defensive	535.77	0.79	-1.15	July25	9.19
Nippon India Small Cap Dir Gr	INF204K01K15	Radico Khaitan Ltd	Consumer Defensive	535.77	0.79	-1.15	Aug25	8.13
Nippon India Small Cap Dir Gr	INF204K01K15	Balrampur Chini Mills Ltd	Consumer Defensive	523.86	0.77	0.00	Oct24	5.55
Nippon India Small Cap Dir Gr	INF204K01K15	Balrampur Chini Mills Ltd	Consumer Defensive	523.86	0.77	0.00	Nov24	7.52
Nippon India Small Cap Dir Gr	INF204K01K15	Balrampur Chini Mills Ltd	Consumer Defensive	523.86	0.77	0.00	Dec24	3.56
Nippon India Small Cap Dir Gr	INF204K01K15	Balrampur Chini Mills Ltd	Consumer Defensive	523.86	0.77	0.00	Jan25	5.32
Nippon India Small Cap Dir Gr	INF204K01K15	Balrampur Chini Mills Ltd	Consumer Defensive	523.86	0.77	0.00	Feb25	5.59
Nippon India Small Cap Dir Gr	INF204K01K15	Balrampur Chini Mills Ltd	Consumer Defensive	523.86	0.77	0.00	Mar25	15.51
Nippon India Small Cap Dir Gr	INF204K01K15	Balrampur Chini Mills Ltd	Consumer Defensive	523.86	0.77	0.00	Mar25	15.51
Nippon India Small Cap Dir Gr	INF204K01K15	Balrampur Chini Mills Ltd	Consumer Defensive	523.86	0.77	0.00	Apr25	12.51
Nippon India Small Cap Dir Gr	INF204K01K15	Balrampur Chini Mills Ltd	Consumer Defensive	523.86	0.77	0.00	May25	11.15
Nippon India Small Cap Dir Gr	INF204K01K15	Balrampur Chini Mills Ltd	Consumer Defensive	523.86	0.77	0.00	June25	10.18
Nippon India Small Cap Dir Gr	INF204K01K15	Balrampur Chini Mills Ltd	Consumer Defensive	523.86	0.77	0.00	July25	9.19
Nippon India Small Cap Dir Gr	INF204K01K15	Balrampur Chini Mills Ltd	Consumer Defensive	523.86	0.77	0.00	Aug25	8.13
Nippon India Small Cap Dir Gr	INF204K01K15	Kirloskar Oil Engines Ltd	Industrials	517.63	0.77	0.00	Oct24	5.55
Nippon India Small Cap Dir Gr	INF204K01K15	Kirloskar Oil Engines Ltd	Industrials	517.63	0.77	0.00	Nov24	7.52
Nippon India Small Cap Dir Gr	INF204K01K15	Kirloskar Oil Engines Ltd	Industrials	517.63	0.77	0.00	Dec24	3.56
Nippon India Small Cap Dir Gr	INF204K01K15	Kirloskar Oil Engines Ltd	Industrials	517.63	0.77	0.00	Jan25	5.32
Nippon India Small Cap Dir Gr	INF204K01K15	Kirloskar Oil Engines Ltd	Industrials	517.63	0.77	0.00	Feb25	5.59
Nippon India Small Cap Dir Gr	INF204K01K15	Kirloskar Oil Engines Ltd	Industrials	517.63	0.77	0.00	Mar25	15.51
Nippon India Small Cap Dir Gr	INF204K01K15	Kirloskar Oil Engines Ltd	Industrials	517.63	0.77	0.00	Mar25	15.51
Nippon India Small Cap Dir Gr	INF204K01K15	Kirloskar Oil Engines Ltd	Industrials	517.63	0.77	0.00	Apr25	12.51
Nippon India Small Cap Dir Gr	INF204K01K15	Kirloskar Oil Engines Ltd	Industrials	517.63	0.77	0.00	May25	11.15
Nippon India Small Cap Dir Gr	INF204K01K15	Kirloskar Oil Engines Ltd	Industrials	517.63	0.77	0.00	June25	10.18
Nippon India Small Cap Dir Gr	INF204K01K15	Kirloskar Oil Engines Ltd	Industrials	517.63	0.77	0.00	July25	9.19
Nippon India Small Cap Dir Gr	INF204K01K15	Kirloskar Oil Engines Ltd	Industrials	517.63	0.77	0.00	Aug25	8.13
Nippon India Small Cap Dir Gr	INF204K01K15	Ajanta Pharma Ltd	Healthcare	501.32	0.74	0.00	Oct24	5.55
Nippon India Small Cap Dir Gr	INF204K01K15	Ajanta Pharma Ltd	Healthcare	501.32	0.74	0.00	Nov24	7.52
Nippon India Small Cap Dir Gr	INF204K01K15	Ajanta Pharma Ltd	Healthcare	501.32	0.74	0.00	Dec24	3.56
Nippon India Small Cap Dir Gr	INF204K01K15	Ajanta Pharma Ltd	Healthcare	501.32	0.74	0.00	Jan25	5.32
Nippon India Small Cap Dir Gr	INF204K01K15	Ajanta Pharma Ltd	Healthcare	501.32	0.74	0.00	Feb25	5.59
Nippon India Small Cap Dir Gr	INF204K01K15	Ajanta Pharma Ltd	Healthcare	501.32	0.74	0.00	Mar25	15.51
Nippon India Small Cap Dir Gr	INF204K01K15	Ajanta Pharma Ltd	Healthcare	501.32	0.74	0.00	Mar25	15.51
Nippon India Small Cap Dir Gr	INF204K01K15	Ajanta Pharma Ltd	Healthcare	501.32	0.74	0.00	Apr25	12.51
Nippon India Small Cap Dir Gr	INF204K01K15	Ajanta Pharma Ltd	Healthcare	501.32	0.74	0.00	May25	11.15
Nippon India Small Cap Dir Gr	INF204K01K15	Ajanta Pharma Ltd	Healthcare	501.32	0.74	0.00	June25	10.18
Nippon India Small Cap Dir Gr	INF204K01K15	Ajanta Pharma Ltd	Healthcare	501.32	0.74	0.00	July25	9.19
Nippon India Small Cap Dir Gr	INF204K01K15	Ajanta Pharma Ltd	Healthcare	501.32	0.74	0.00	Aug25	8.13
Nippon India Small Cap Dir Gr	INF204K01K15	Vedanta Ltd	Basic Materials	498.87	0.74	0.00	Oct24	5.55
Nippon India Small Cap Dir Gr	INF204K01K15	Vedanta Ltd	Basic Materials	498.87	0.74	0.00	Nov24	7.52
Nippon India Small Cap Dir Gr	INF204K01K15	Vedanta Ltd	Basic Materials	498.87	0.74	0.00	Dec24	3.56
Nippon India Small Cap Dir Gr	INF204K01K15	Vedanta Ltd	Basic Materials	498.87	0.74	0.00	Jan25	5.32
Nippon India Small Cap Dir Gr	INF204K01K15	Vedanta Ltd	Basic Materials	498.87	0.74	0.00	Feb25	5.59
Nippon India Small Cap Dir Gr	INF204K01K15	Vedanta Ltd	Basic Materials	498.87	0.74	0.00	Mar25	15.51
Nippon India Small Cap Dir Gr	INF204K01K15	Vedanta Ltd	Basic Materials	498.87	0.74	0.00	Mar25	15.51
Nippon India Small Cap Dir Gr	INF204K01K15	Vedanta Ltd	Basic Materials	498.87	0.74	0.00	Apr25	12.51
Nippon India Small Cap Dir Gr	INF204K01K15	Vedanta Ltd	Basic Materials	498.87	0.74	0.00	May25	11.15
Nippon India Small Cap Dir Gr	INF204K01K15	Vedanta Ltd	Basic Materials	498.87	0.74	0.00	June25	10.18
Nippon India Small Cap Dir Gr	INF204K01K15	Vedanta Ltd	Basic Materials	498.87	0.74	0.00	July25	9.19
Nippon India Small Cap Dir Gr	INF204K01K15	Vedanta Ltd	Basic Materials	498.87	0.74	0.00	Aug25	8.13
Nippon India Small Cap Dir Gr	INF204K01K15	Punjab National Bank		493.46	0.73		Oct24	5.55
Nippon India Small Cap Dir Gr	INF204K01K15	Punjab National Bank		493.46	0.73		Nov24	7.52
Nippon India Small Cap Dir Gr	INF204K01K15	Punjab National Bank		493.46	0.73		Dec24	3.56
Nippon India Small Cap Dir Gr	INF204K01K15	Punjab National Bank		493.46	0.73		Jan25	5.32
Nippon India Small Cap Dir Gr	INF204K01K15	Punjab National Bank		493.46	0.73		Feb25	5.59
Nippon India Small Cap Dir Gr	INF204K01K15	Punjab National Bank		493.46	0.73		Mar25	15.51
Nippon India Small Cap Dir Gr	INF204K01K15	Punjab National Bank		493.46	0.73		Mar25	15.51
Nippon India Small Cap Dir Gr	INF204K01K15	Punjab National Bank		493.46	0.73		Apr25	12.51
Nippon India Small Cap Dir Gr	INF204K01K15	Punjab National Bank		493.46	0.73		May25	11.15
Nippon India Small Cap Dir Gr	INF204K01K15	Punjab National Bank		493.46	0.73		June25	10.18
Nippon India Small Cap Dir Gr	INF204K01K15	Punjab National Bank		493.46	0.73		July25	9.19
Nippon India Small Cap Dir Gr	INF204K01K15	Punjab National Bank		493.46	0.73		Aug25	8.13
Nippon India Small Cap Dir Gr	INF204K01K15	Canara Bank		493.39	0.73		Oct24	5.55
Nippon India Small Cap Dir Gr	INF204K01K15	Canara Bank		493.39	0.73		Nov24	7.52
Nippon India Small Cap Dir Gr	INF204K01K15	Canara Bank		493.39	0.73		Dec24	3.56
Nippon India Small Cap Dir Gr	INF204K01K15	Canara Bank		493.39	0.73		Jan25	5.32
Nippon India Small Cap Dir Gr	INF204K01K15	Canara Bank		493.39	0.73		Feb25	5.59
Nippon India Small Cap Dir Gr	INF204K01K15	Canara Bank		493.39	0.73		Mar25	15.51
Nippon India Small Cap Dir Gr	INF204K01K15	Canara Bank		493.39	0.73		Mar25	15.51
Nippon India Small Cap Dir Gr	INF204K01K15	Canara Bank		493.39	0.73		Apr25	12.51
Nippon India Small Cap Dir Gr	INF204K01K15	Canara Bank		493.39	0.73		May25	11.15
Nippon India Small Cap Dir Gr	INF204K01K15	Canara Bank		493.39	0.73		June25	10.18
Nippon India Small Cap Dir Gr	INF204K01K15	Canara Bank		493.39	0.73		July25	9.19
Nippon India Small Cap Dir Gr	INF204K01K15	Canara Bank		493.39	0.73		Aug25	8.13
Nippon India Small Cap Dir Gr	INF204K01K15	Sundaram Fasteners Ltd	Consumer Cyclical	489.25	0.72	5.66	Oct24	5.55
Nippon India Small Cap Dir Gr	INF204K01K15	Sundaram Fasteners Ltd	Consumer Cyclical	489.25	0.72	5.66	Nov24	7.52
Nippon India Small Cap Dir Gr	INF204K01K15	Sundaram Fasteners Ltd	Consumer Cyclical	489.25	0.72	5.66	Dec24	3.56
Nippon India Small Cap Dir Gr	INF204K01K15	Sundaram Fasteners Ltd	Consumer Cyclical	489.25	0.72	5.66	Jan25	5.32
Nippon India Small Cap Dir Gr	INF204K01K15	Sundaram Fasteners Ltd	Consumer Cyclical	489.25	0.72	5.66	Feb25	5.59
Nippon India Small Cap Dir Gr	INF204K01K15	Sundaram Fasteners Ltd	Consumer Cyclical	489.25	0.72	5.66	Mar25	15.51
Nippon India Small Cap Dir Gr	INF204K01K15	Sundaram Fasteners Ltd	Consumer Cyclical	489.25	0.72	5.66	Mar25	15.51
Nippon India Small Cap Dir Gr	INF204K01K15	Sundaram Fasteners Ltd	Consumer Cyclical	489.25	0.72	5.66	Apr25	12.51
Nippon India Small Cap Dir Gr	INF204K01K15	Sundaram Fasteners Ltd	Consumer Cyclical	489.25	0.72	5.66	May25	11.15
Nippon India Small Cap Dir Gr	INF204K01K15	Sundaram Fasteners Ltd	Consumer Cyclical	489.25	0.72	5.66	June25	10.18
Nippon India Small Cap Dir Gr	INF204K01K15	Sundaram Fasteners Ltd	Consumer Cyclical	489.25	0.72	5.66	July25	9.19
Nippon India Small Cap Dir Gr	INF204K01K15	Sundaram Fasteners Ltd	Consumer Cyclical	489.25	0.72	5.66	Aug25	8.13
Nippon India Small Cap Dir Gr	INF204K01K15	Kirloskar Pneumatic Co Ltd	Industrials	477.48	0.71	0.00	Oct24	5.55
Nippon India Small Cap Dir Gr	INF204K01K15	Kirloskar Pneumatic Co Ltd	Industrials	477.48	0.71	0.00	Nov24	7.52
Nippon India Small Cap Dir Gr	INF204K01K15	Kirloskar Pneumatic Co Ltd	Industrials	477.48	0.71	0.00	Dec24	3.56
Nippon India Small Cap Dir Gr	INF204K01K15	Kirloskar Pneumatic Co Ltd	Industrials	477.48	0.71	0.00	Jan25	5.32
Nippon India Small Cap Dir Gr	INF204K01K15	Kirloskar Pneumatic Co Ltd	Industrials	477.48	0.71	0.00	Feb25	5.59
Nippon India Small Cap Dir Gr	INF204K01K15	Kirloskar Pneumatic Co Ltd	Industrials	477.48	0.71	0.00	Mar25	15.51
Nippon India Small Cap Dir Gr	INF204K01K15	Kirloskar Pneumatic Co Ltd	Industrials	477.48	0.71	0.00	Mar25	15.51
Nippon India Small Cap Dir Gr	INF204K01K15	Kirloskar Pneumatic Co Ltd	Industrials	477.48	0.71	0.00	Apr25	12.51
Nippon India Small Cap Dir Gr	INF204K01K15	Kirloskar Pneumatic Co Ltd	Industrials	477.48	0.71	0.00	May25	11.15
Nippon India Small Cap Dir Gr	INF204K01K15	Kirloskar Pneumatic Co Ltd	Industrials	477.48	0.71	0.00	June25	10.18
Nippon India Small Cap Dir Gr	INF204K01K15	Kirloskar Pneumatic Co Ltd	Industrials	477.48	0.71	0.00	July25	9.19
Nippon India Small Cap Dir Gr	INF204K01K15	Kirloskar Pneumatic Co Ltd	Industrials	477.48	0.71	0.00	Aug25	8.13
Nippon India Small Cap Dir Gr	INF204K01K15	MAS Financial Services Ltd Ordinary Shares	Financial Services	472.87	0.70	0.00	Oct24	5.55
Nippon India Small Cap Dir Gr	INF204K01K15	MAS Financial Services Ltd Ordinary Shares	Financial Services	472.87	0.70	0.00	Nov24	7.52
Nippon India Small Cap Dir Gr	INF204K01K15	MAS Financial Services Ltd Ordinary Shares	Financial Services	472.87	0.70	0.00	Dec24	3.56
Nippon India Small Cap Dir Gr	INF204K01K15	MAS Financial Services Ltd Ordinary Shares	Financial Services	472.87	0.70	0.00	Jan25	5.32
Nippon India Small Cap Dir Gr	INF204K01K15	MAS Financial Services Ltd Ordinary Shares	Financial Services	472.87	0.70	0.00	Feb25	5.59
Nippon India Small Cap Dir Gr	INF204K01K15	MAS Financial Services Ltd Ordinary Shares	Financial Services	472.87	0.70	0.00	Mar25	15.51
Nippon India Small Cap Dir Gr	INF204K01K15	MAS Financial Services Ltd Ordinary Shares	Financial Services	472.87	0.70	0.00	Mar25	15.51
Nippon India Small Cap Dir Gr	INF204K01K15	MAS Financial Services Ltd Ordinary Shares	Financial Services	472.87	0.70	0.00	Apr25	12.51
Nippon India Small Cap Dir Gr	INF204K01K15	MAS Financial Services Ltd Ordinary Shares	Financial Services	472.87	0.70	0.00	May25	11.15
Nippon India Small Cap Dir Gr	INF204K01K15	MAS Financial Services Ltd Ordinary Shares	Financial Services	472.87	0.70	0.00	June25	10.18
Nippon India Small Cap Dir Gr	INF204K01K15	MAS Financial Services Ltd Ordinary Shares	Financial Services	472.87	0.70	0.00	July25	9.19
Nippon India Small Cap Dir Gr	INF204K01K15	MAS Financial Services Ltd Ordinary Shares	Financial Services	472.87	0.70	0.00	Aug25	8.13
Nippon India Small Cap Dir Gr	INF204K01K15	Craftsman Automation Ltd	Consumer Cyclical	468.88	0.69	37.21	Oct24	5.55
Nippon India Small Cap Dir Gr	INF204K01K15	Craftsman Automation Ltd	Consumer Cyclical	468.88	0.69	37.21	Nov24	7.52
Nippon India Small Cap Dir Gr	INF204K01K15	Craftsman Automation Ltd	Consumer Cyclical	468.88	0.69	37.21	Dec24	3.56
Nippon India Small Cap Dir Gr	INF204K01K15	Craftsman Automation Ltd	Consumer Cyclical	468.88	0.69	37.21	Jan25	5.32
Nippon India Small Cap Dir Gr	INF204K01K15	Craftsman Automation Ltd	Consumer Cyclical	468.88	0.69	37.21	Feb25	5.59
Nippon India Small Cap Dir Gr	INF204K01K15	Craftsman Automation Ltd	Consumer Cyclical	468.88	0.69	37.21	Mar25	15.51
Nippon India Small Cap Dir Gr	INF204K01K15	Craftsman Automation Ltd	Consumer Cyclical	468.88	0.69	37.21	Mar25	15.51
Nippon India Small Cap Dir Gr	INF204K01K15	Craftsman Automation Ltd	Consumer Cyclical	468.88	0.69	37.21	Apr25	12.51
Nippon India Small Cap Dir Gr	INF204K01K15	Craftsman Automation Ltd	Consumer Cyclical	468.88	0.69	37.21	May25	11.15
Nippon India Small Cap Dir Gr	INF204K01K15	Craftsman Automation Ltd	Consumer Cyclical	468.88	0.69	37.21	June25	10.18
Nippon India Small Cap Dir Gr	INF204K01K15	Craftsman Automation Ltd	Consumer Cyclical	468.88	0.69	37.21	July25	9.19
Nippon India Small Cap Dir Gr	INF204K01K15	Craftsman Automation Ltd	Consumer Cyclical	468.88	0.69	37.21	Aug25	8.13
Nippon India Small Cap Dir Gr	INF204K01K15	Orkla India Ltd	Consumer Defensive	465.67	0.69	2.56	Oct24	5.55
Nippon India Small Cap Dir Gr	INF204K01K15	Orkla India Ltd	Consumer Defensive	465.67	0.69	2.56	Nov24	7.52
Nippon India Small Cap Dir Gr	INF204K01K15	Orkla India Ltd	Consumer Defensive	465.67	0.69	2.56	Dec24	3.56
Nippon India Small Cap Dir Gr	INF204K01K15	Orkla India Ltd	Consumer Defensive	465.67	0.69	2.56	Jan25	5.32
Nippon India Small Cap Dir Gr	INF204K01K15	Orkla India Ltd	Consumer Defensive	465.67	0.69	2.56	Feb25	5.59
Nippon India Small Cap Dir Gr	INF204K01K15	Orkla India Ltd	Consumer Defensive	465.67	0.69	2.56	Mar25	15.51
Nippon India Small Cap Dir Gr	INF204K01K15	Orkla India Ltd	Consumer Defensive	465.67	0.69	2.56	Mar25	15.51
Nippon India Small Cap Dir Gr	INF204K01K15	Orkla India Ltd	Consumer Defensive	465.67	0.69	2.56	Apr25	12.51
Nippon India Small Cap Dir Gr	INF204K01K15	Orkla India Ltd	Consumer Defensive	465.67	0.69	2.56	May25	11.15
Nippon India Small Cap Dir Gr	INF204K01K15	Orkla India Ltd	Consumer Defensive	465.67	0.69	2.56	June25	10.18
Nippon India Small Cap Dir Gr	INF204K01K15	Orkla India Ltd	Consumer Defensive	465.67	0.69	2.56	July25	9.19
Nippon India Small Cap Dir Gr	INF204K01K15	Orkla India Ltd	Consumer Defensive	465.67	0.69	2.56	Aug25	8.13
Nippon India Small Cap Dir Gr	INF204K01K15	Paradeep Phosphates Ltd	Basic Materials	462.78	0.68	0.00	Oct24	5.55
Nippon India Small Cap Dir Gr	INF204K01K15	Paradeep Phosphates Ltd	Basic Materials	462.78	0.68	0.00	Nov24	7.52
Nippon India Small Cap Dir Gr	INF204K01K15	Paradeep Phosphates Ltd	Basic Materials	462.78	0.68	0.00	Dec24	3.56
Nippon India Small Cap Dir Gr	INF204K01K15	Paradeep Phosphates Ltd	Basic Materials	462.78	0.68	0.00	Jan25	5.32
Nippon India Small Cap Dir Gr	INF204K01K15	Paradeep Phosphates Ltd	Basic Materials	462.78	0.68	0.00	Feb25	5.59
Nippon India Small Cap Dir Gr	INF204K01K15	Paradeep Phosphates Ltd	Basic Materials	462.78	0.68	0.00	Mar25	15.51
Nippon India Small Cap Dir Gr	INF204K01K15	Paradeep Phosphates Ltd	Basic Materials	462.78	0.68	0.00	Mar25	15.51
Nippon India Small Cap Dir Gr	INF204K01K15	Paradeep Phosphates Ltd	Basic Materials	462.78	0.68	0.00	Apr25	12.51
Nippon India Small Cap Dir Gr	INF204K01K15	Paradeep Phosphates Ltd	Basic Materials	462.78	0.68	0.00	May25	11.15
Nippon India Small Cap Dir Gr	INF204K01K15	Paradeep Phosphates Ltd	Basic Materials	462.78	0.68	0.00	June25	10.18
Nippon India Small Cap Dir Gr	INF204K01K15	Paradeep Phosphates Ltd	Basic Materials	462.78	0.68	0.00	July25	9.19
Nippon India Small Cap Dir Gr	INF204K01K15	Paradeep Phosphates Ltd	Basic Materials	462.78	0.68	0.00	Aug25	8.13
Nippon India Small Cap Dir Gr	INF204K01K15	Asahi India Glass Ltd	Consumer Cyclical	459.61	0.68	0.00	Oct24	5.55
Nippon India Small Cap Dir Gr	INF204K01K15	Asahi India Glass Ltd	Consumer Cyclical	459.61	0.68	0.00	Nov24	7.52
Nippon India Small Cap Dir Gr	INF204K01K15	Asahi India Glass Ltd	Consumer Cyclical	459.61	0.68	0.00	Dec24	3.56
Nippon India Small Cap Dir Gr	INF204K01K15	Asahi India Glass Ltd	Consumer Cyclical	459.61	0.68	0.00	Jan25	5.32
Nippon India Small Cap Dir Gr	INF204K01K15	Asahi India Glass Ltd	Consumer Cyclical	459.61	0.68	0.00	Feb25	5.59
Nippon India Small Cap Dir Gr	INF204K01K15	Asahi India Glass Ltd	Consumer Cyclical	459.61	0.68	0.00	Mar25	15.51
Nippon India Small Cap Dir Gr	INF204K01K15	Asahi India Glass Ltd	Consumer Cyclical	459.61	0.68	0.00	Mar25	15.51
Nippon India Small Cap Dir Gr	INF204K01K15	Asahi India Glass Ltd	Consumer Cyclical	459.61	0.68	0.00	Apr25	12.51
Nippon India Small Cap Dir Gr	INF204K01K15	Asahi India Glass Ltd	Consumer Cyclical	459.61	0.68	0.00	May25	11.15
Nippon India Small Cap Dir Gr	INF204K01K15	Asahi India Glass Ltd	Consumer Cyclical	459.61	0.68	0.00	June25	10.18
Nippon India Small Cap Dir Gr	INF204K01K15	Asahi India Glass Ltd	Consumer Cyclical	459.61	0.68	0.00	July25	9.19
Nippon India Small Cap Dir Gr	INF204K01K15	Asahi India Glass Ltd	Consumer Cyclical	459.61	0.68	0.00	Aug25	8.13
Nippon India Small Cap Dir Gr	INF204K01K15	Vardhman Textiles Ltd	Consumer Cyclical	459.31	0.68	0.00	Oct24	5.55
Nippon India Small Cap Dir Gr	INF204K01K15	Vardhman Textiles Ltd	Consumer Cyclical	459.31	0.68	0.00	Nov24	7.52
Nippon India Small Cap Dir Gr	INF204K01K15	Vardhman Textiles Ltd	Consumer Cyclical	459.31	0.68	0.00	Dec24	3.56
Nippon India Small Cap Dir Gr	INF204K01K15	Vardhman Textiles Ltd	Consumer Cyclical	459.31	0.68	0.00	Jan25	5.32
Nippon India Small Cap Dir Gr	INF204K01K15	Vardhman Textiles Ltd	Consumer Cyclical	459.31	0.68	0.00	Feb25	5.59
Nippon India Small Cap Dir Gr	INF204K01K15	Vardhman Textiles Ltd	Consumer Cyclical	459.31	0.68	0.00	Mar25	15.51
Nippon India Small Cap Dir Gr	INF204K01K15	Vardhman Textiles Ltd	Consumer Cyclical	459.31	0.68	0.00	Mar25	15.51
Nippon India Small Cap Dir Gr	INF204K01K15	Vardhman Textiles Ltd	Consumer Cyclical	459.31	0.68	0.00	Apr25	12.51
Nippon India Small Cap Dir Gr	INF204K01K15	Vardhman Textiles Ltd	Consumer Cyclical	459.31	0.68	0.00	May25	11.15
Nippon India Small Cap Dir Gr	INF204K01K15	Vardhman Textiles Ltd	Consumer Cyclical	459.31	0.68	0.00	June25	10.18
Nippon India Small Cap Dir Gr	INF204K01K15	Vardhman Textiles Ltd	Consumer Cyclical	459.31	0.68	0.00	July25	9.19
Nippon India Small Cap Dir Gr	INF204K01K15	Vardhman Textiles Ltd	Consumer Cyclical	459.31	0.68	0.00	Aug25	8.13
Nippon India Small Cap Dir Gr	INF204K01K15	Esab India Ltd	Industrials	453.01	0.67	99.86	Oct24	5.55
Nippon India Small Cap Dir Gr	INF204K01K15	Esab India Ltd	Industrials	453.01	0.67	99.86	Nov24	7.52
Nippon India Small Cap Dir Gr	INF204K01K15	Esab India Ltd	Industrials	453.01	0.67	99.86	Dec24	3.56
Nippon India Small Cap Dir Gr	INF204K01K15	Esab India Ltd	Industrials	453.01	0.67	99.86	Jan25	5.32
Nippon India Small Cap Dir Gr	INF204K01K15	Esab India Ltd	Industrials	453.01	0.67	99.86	Feb25	5.59
Nippon India Small Cap Dir Gr	INF204K01K15	Esab India Ltd	Industrials	453.01	0.67	99.86	Mar25	15.51
Nippon India Small Cap Dir Gr	INF204K01K15	Esab India Ltd	Industrials	453.01	0.67	99.86	Mar25	15.51
Nippon India Small Cap Dir Gr	INF204K01K15	Esab India Ltd	Industrials	453.01	0.67	99.86	Apr25	12.51
Nippon India Small Cap Dir Gr	INF204K01K15	Esab India Ltd	Industrials	453.01	0.67	99.86	May25	11.15
Nippon India Small Cap Dir Gr	INF204K01K15	Esab India Ltd	Industrials	453.01	0.67	99.86	June25	10.18
Nippon India Small Cap Dir Gr	INF204K01K15	Esab India Ltd	Industrials	453.01	0.67	99.86	July25	9.19
Nippon India Small Cap Dir Gr	INF204K01K15	Esab India Ltd	Industrials	453.01	0.67	99.86	Aug25	8.13
Nippon India Small Cap Dir Gr	INF204K01K15	Kalpataru Projects International Ltd	Industrials	449.27	0.66	0.00	Oct24	5.55
Nippon India Small Cap Dir Gr	INF204K01K15	Kalpataru Projects International Ltd	Industrials	449.27	0.66	0.00	Nov24	7.52
Nippon India Small Cap Dir Gr	INF204K01K15	Kalpataru Projects International Ltd	Industrials	449.27	0.66	0.00	Dec24	3.56
Nippon India Small Cap Dir Gr	INF204K01K15	Kalpataru Projects International Ltd	Industrials	449.27	0.66	0.00	Jan25	5.32
Nippon India Small Cap Dir Gr	INF204K01K15	Kalpataru Projects International Ltd	Industrials	449.27	0.66	0.00	Feb25	5.59
Nippon India Small Cap Dir Gr	INF204K01K15	Kalpataru Projects International Ltd	Industrials	449.27	0.66	0.00	Mar25	15.51
Nippon India Small Cap Dir Gr	INF204K01K15	Kalpataru Projects International Ltd	Industrials	449.27	0.66	0.00	Mar25	15.51
Nippon India Small Cap Dir Gr	INF204K01K15	Kalpataru Projects International Ltd	Industrials	449.27	0.66	0.00	Apr25	12.51
Nippon India Small Cap Dir Gr	INF204K01K15	Kalpataru Projects International Ltd	Industrials	449.27	0.66	0.00	May25	11.15
Nippon India Small Cap Dir Gr	INF204K01K15	Kalpataru Projects International Ltd	Industrials	449.27	0.66	0.00	June25	10.18
Nippon India Small Cap Dir Gr	INF204K01K15	Kalpataru Projects International Ltd	Industrials	449.27	0.66	0.00	July25	9.19
Nippon India Small Cap Dir Gr	INF204K01K15	Kalpataru Projects International Ltd	Industrials	449.27	0.66	0.00	Aug25	8.13
Nippon India Small Cap Dir Gr	INF204K01K15	HDFC Life Insurance Co Ltd	Financial Services	441.31	0.65	0.00	Oct24	5.55
Nippon India Small Cap Dir Gr	INF204K01K15	HDFC Life Insurance Co Ltd	Financial Services	441.31	0.65	0.00	Nov24	7.52
Nippon India Small Cap Dir Gr	INF204K01K15	HDFC Life Insurance Co Ltd	Financial Services	441.31	0.65	0.00	Dec24	3.56
Nippon India Small Cap Dir Gr	INF204K01K15	HDFC Life Insurance Co Ltd	Financial Services	441.31	0.65	0.00	Jan25	5.32
Nippon India Small Cap Dir Gr	INF204K01K15	HDFC Life Insurance Co Ltd	Financial Services	441.31	0.65	0.00	Feb25	5.59
Nippon India Small Cap Dir Gr	INF204K01K15	HDFC Life Insurance Co Ltd	Financial Services	441.31	0.65	0.00	Mar25	15.51
Nippon India Small Cap Dir Gr	INF204K01K15	HDFC Life Insurance Co Ltd	Financial Services	441.31	0.65	0.00	Mar25	15.51
Nippon India Small Cap Dir Gr	INF204K01K15	HDFC Life Insurance Co Ltd	Financial Services	441.31	0.65	0.00	Apr25	12.51
Nippon India Small Cap Dir Gr	INF204K01K15	HDFC Life Insurance Co Ltd	Financial Services	441.31	0.65	0.00	May25	11.15
Nippon India Small Cap Dir Gr	INF204K01K15	HDFC Life Insurance Co Ltd	Financial Services	441.31	0.65	0.00	June25	10.18
Nippon India Small Cap Dir Gr	INF204K01K15	HDFC Life Insurance Co Ltd	Financial Services	441.31	0.65	0.00	July25	9.19
Nippon India Small Cap Dir Gr	INF204K01K15	HDFC Life Insurance Co Ltd	Financial Services	441.31	0.65	0.00	Aug25	8.13
Nippon India Small Cap Dir Gr	INF204K01K15	Lumax Auto Technologies Ltd	Consumer Cyclical	435.84	0.64	0.00	Oct24	5.55
Nippon India Small Cap Dir Gr	INF204K01K15	Lumax Auto Technologies Ltd	Consumer Cyclical	435.84	0.64	0.00	Nov24	7.52
Nippon India Small Cap Dir Gr	INF204K01K15	Lumax Auto Technologies Ltd	Consumer Cyclical	435.84	0.64	0.00	Dec24	3.56
Nippon India Small Cap Dir Gr	INF204K01K15	Lumax Auto Technologies Ltd	Consumer Cyclical	435.84	0.64	0.00	Jan25	5.32
Nippon India Small Cap Dir Gr	INF204K01K15	Lumax Auto Technologies Ltd	Consumer Cyclical	435.84	0.64	0.00	Feb25	5.59
Nippon India Small Cap Dir Gr	INF204K01K15	Lumax Auto Technologies Ltd	Consumer Cyclical	435.84	0.64	0.00	Mar25	15.51
Nippon India Small Cap Dir Gr	INF204K01K15	Lumax Auto Technologies Ltd	Consumer Cyclical	435.84	0.64	0.00	Mar25	15.51
Nippon India Small Cap Dir Gr	INF204K01K15	Lumax Auto Technologies Ltd	Consumer Cyclical	435.84	0.64	0.00	Apr25	12.51
Nippon India Small Cap Dir Gr	INF204K01K15	Lumax Auto Technologies Ltd	Consumer Cyclical	435.84	0.64	0.00	May25	11.15
Nippon India Small Cap Dir Gr	INF204K01K15	Lumax Auto Technologies Ltd	Consumer Cyclical	435.84	0.64	0.00	June25	10.18
Nippon India Small Cap Dir Gr	INF204K01K15	Lumax Auto Technologies Ltd	Consumer Cyclical	435.84	0.64	0.00	July25	9.19
Nippon India Small Cap Dir Gr	INF204K01K15	Lumax Auto Technologies Ltd	Consumer Cyclical	435.84	0.64	0.00	Aug25	8.13
Nippon India Small Cap Dir Gr	INF204K01K15	Crompton Greaves Consumer Electricals Ltd	Consumer Cyclical	433.46	0.64	0.00	Oct24	5.55
Nippon India Small Cap Dir Gr	INF204K01K15	Crompton Greaves Consumer Electricals Ltd	Consumer Cyclical	433.46	0.64	0.00	Nov24	7.52
Nippon India Small Cap Dir Gr	INF204K01K15	Crompton Greaves Consumer Electricals Ltd	Consumer Cyclical	433.46	0.64	0.00	Dec24	3.56
Nippon India Small Cap Dir Gr	INF204K01K15	Crompton Greaves Consumer Electricals Ltd	Consumer Cyclical	433.46	0.64	0.00	Jan25	5.32
Nippon India Small Cap Dir Gr	INF204K01K15	Crompton Greaves Consumer Electricals Ltd	Consumer Cyclical	433.46	0.64	0.00	Feb25	5.59
Nippon India Small Cap Dir Gr	INF204K01K15	Crompton Greaves Consumer Electricals Ltd	Consumer Cyclical	433.46	0.64	0.00	Mar25	15.51
Nippon India Small Cap Dir Gr	INF204K01K15	Crompton Greaves Consumer Electricals Ltd	Consumer Cyclical	433.46	0.64	0.00	Mar25	15.51
Nippon India Small Cap Dir Gr	INF204K01K15	Crompton Greaves Consumer Electricals Ltd	Consumer Cyclical	433.46	0.64	0.00	Apr25	12.51
Nippon India Small Cap Dir Gr	INF204K01K15	Crompton Greaves Consumer Electricals Ltd	Consumer Cyclical	433.46	0.64	0.00	May25	11.15
Nippon India Small Cap Dir Gr	INF204K01K15	Crompton Greaves Consumer Electricals Ltd	Consumer Cyclical	433.46	0.64	0.00	June25	10.18
Nippon India Small Cap Dir Gr	INF204K01K15	Crompton Greaves Consumer Electricals Ltd	Consumer Cyclical	433.46	0.64	0.00	July25	9.19
Nippon India Small Cap Dir Gr	INF204K01K15	Crompton Greaves Consumer Electricals Ltd	Consumer Cyclical	433.46	0.64	0.00	Aug25	8.13
Nippon India Small Cap Dir Gr	INF204K01K15	AWL Agri Business Ltd	Consumer Defensive	425.16	0.63	0.00	Oct24	5.55
Nippon India Small Cap Dir Gr	INF204K01K15	AWL Agri Business Ltd	Consumer Defensive	425.16	0.63	0.00	Nov24	7.52
Nippon India Small Cap Dir Gr	INF204K01K15	AWL Agri Business Ltd	Consumer Defensive	425.16	0.63	0.00	Dec24	3.56
Nippon India Small Cap Dir Gr	INF204K01K15	AWL Agri Business Ltd	Consumer Defensive	425.16	0.63	0.00	Jan25	5.32
Nippon India Small Cap Dir Gr	INF204K01K15	AWL Agri Business Ltd	Consumer Defensive	425.16	0.63	0.00	Feb25	5.59
Nippon India Small Cap Dir Gr	INF204K01K15	AWL Agri Business Ltd	Consumer Defensive	425.16	0.63	0.00	Mar25	15.51
Nippon India Small Cap Dir Gr	INF204K01K15	AWL Agri Business Ltd	Consumer Defensive	425.16	0.63	0.00	Mar25	15.51
Nippon India Small Cap Dir Gr	INF204K01K15	AWL Agri Business Ltd	Consumer Defensive	425.16	0.63	0.00	Apr25	12.51
Nippon India Small Cap Dir Gr	INF204K01K15	AWL Agri Business Ltd	Consumer Defensive	425.16	0.63	0.00	May25	11.15
Nippon India Small Cap Dir Gr	INF204K01K15	AWL Agri Business Ltd	Consumer Defensive	425.16	0.63	0.00	June25	10.18
Nippon India Small Cap Dir Gr	INF204K01K15	AWL Agri Business Ltd	Consumer Defensive	425.16	0.63	0.00	July25	9.19
Nippon India Small Cap Dir Gr	INF204K01K15	AWL Agri Business Ltd	Consumer Defensive	425.16	0.63	0.00	Aug25	8.13
Nippon India Small Cap Dir Gr	INF204K01K15	TBO Tek Ltd	Consumer Cyclical	420.12	0.62	0.00	Oct24	5.55
Nippon India Small Cap Dir Gr	INF204K01K15	TBO Tek Ltd	Consumer Cyclical	420.12	0.62	0.00	Nov24	7.52
Nippon India Small Cap Dir Gr	INF204K01K15	TBO Tek Ltd	Consumer Cyclical	420.12	0.62	0.00	Dec24	3.56
Nippon India Small Cap Dir Gr	INF204K01K15	TBO Tek Ltd	Consumer Cyclical	420.12	0.62	0.00	Jan25	5.32
Nippon India Small Cap Dir Gr	INF204K01K15	TBO Tek Ltd	Consumer Cyclical	420.12	0.62	0.00	Feb25	5.59
Nippon India Small Cap Dir Gr	INF204K01K15	TBO Tek Ltd	Consumer Cyclical	420.12	0.62	0.00	Mar25	15.51
Nippon India Small Cap Dir Gr	INF204K01K15	TBO Tek Ltd	Consumer Cyclical	420.12	0.62	0.00	Mar25	15.51
Nippon India Small Cap Dir Gr	INF204K01K15	TBO Tek Ltd	Consumer Cyclical	420.12	0.62	0.00	Apr25	12.51
Nippon India Small Cap Dir Gr	INF204K01K15	TBO Tek Ltd	Consumer Cyclical	420.12	0.62	0.00	May25	11.15
Nippon India Small Cap Dir Gr	INF204K01K15	TBO Tek Ltd	Consumer Cyclical	420.12	0.62	0.00	June25	10.18
Nippon India Small Cap Dir Gr	INF204K01K15	TBO Tek Ltd	Consumer Cyclical	420.12	0.62	0.00	July25	9.19
Nippon India Small Cap Dir Gr	INF204K01K15	TBO Tek Ltd	Consumer Cyclical	420.12	0.62	0.00	Aug25	8.13
Nippon India Small Cap Dir Gr	INF204K01K15	NIIT Learning Systems Ltd	Consumer Defensive	411.76	0.61	0.03	Oct24	5.55
Nippon India Small Cap Dir Gr	INF204K01K15	NIIT Learning Systems Ltd	Consumer Defensive	411.76	0.61	0.03	Nov24	7.52
Nippon India Small Cap Dir Gr	INF204K01K15	NIIT Learning Systems Ltd	Consumer Defensive	411.76	0.61	0.03	Dec24	3.56
Nippon India Small Cap Dir Gr	INF204K01K15	NIIT Learning Systems Ltd	Consumer Defensive	411.76	0.61	0.03	Jan25	5.32
Nippon India Small Cap Dir Gr	INF204K01K15	NIIT Learning Systems Ltd	Consumer Defensive	411.76	0.61	0.03	Feb25	5.59
Nippon India Small Cap Dir Gr	INF204K01K15	NIIT Learning Systems Ltd	Consumer Defensive	411.76	0.61	0.03	Mar25	15.51
Nippon India Small Cap Dir Gr	INF204K01K15	NIIT Learning Systems Ltd	Consumer Defensive	411.76	0.61	0.03	Mar25	15.51
Nippon India Small Cap Dir Gr	INF204K01K15	NIIT Learning Systems Ltd	Consumer Defensive	411.76	0.61	0.03	Apr25	12.51
Nippon India Small Cap Dir Gr	INF204K01K15	NIIT Learning Systems Ltd	Consumer Defensive	411.76	0.61	0.03	May25	11.15
Nippon India Small Cap Dir Gr	INF204K01K15	NIIT Learning Systems Ltd	Consumer Defensive	411.76	0.61	0.03	June25	10.18
Nippon India Small Cap Dir Gr	INF204K01K15	NIIT Learning Systems Ltd	Consumer Defensive	411.76	0.61	0.03	July25	9.19
Nippon India Small Cap Dir Gr	INF204K01K15	NIIT Learning Systems Ltd	Consumer Defensive	411.76	0.61	0.03	Aug25	8.13
Nippon India Small Cap Dir Gr	INF204K01K15	Tata Consumer Products Ltd	Consumer Defensive	411.75	0.61	0.00	Oct24	5.55
Nippon India Small Cap Dir Gr	INF204K01K15	Tata Consumer Products Ltd	Consumer Defensive	411.75	0.61	0.00	Nov24	7.52
Nippon India Small Cap Dir Gr	INF204K01K15	Tata Consumer Products Ltd	Consumer Defensive	411.75	0.61	0.00	Dec24	3.56
Nippon India Small Cap Dir Gr	INF204K01K15	Tata Consumer Products Ltd	Consumer Defensive	411.75	0.61	0.00	Jan25	5.32
Nippon India Small Cap Dir Gr	INF204K01K15	Tata Consumer Products Ltd	Consumer Defensive	411.75	0.61	0.00	Feb25	5.59
Nippon India Small Cap Dir Gr	INF204K01K15	Tata Consumer Products Ltd	Consumer Defensive	411.75	0.61	0.00	Mar25	15.51
Nippon India Small Cap Dir Gr	INF204K01K15	Tata Consumer Products Ltd	Consumer Defensive	411.75	0.61	0.00	Mar25	15.51
Nippon India Small Cap Dir Gr	INF204K01K15	Tata Consumer Products Ltd	Consumer Defensive	411.75	0.61	0.00	Apr25	12.51
Nippon India Small Cap Dir Gr	INF204K01K15	Tata Consumer Products Ltd	Consumer Defensive	411.75	0.61	0.00	May25	11.15
Nippon India Small Cap Dir Gr	INF204K01K15	Tata Consumer Products Ltd	Consumer Defensive	411.75	0.61	0.00	June25	10.18
Nippon India Small Cap Dir Gr	INF204K01K15	Tata Consumer Products Ltd	Consumer Defensive	411.75	0.61	0.00	July25	9.19
Nippon India Small Cap Dir Gr	INF204K01K15	Tata Consumer Products Ltd	Consumer Defensive	411.75	0.61	0.00	Aug25	8.13
Nippon India Small Cap Dir Gr	INF204K01K15	Timken India Ltd	Industrials	411.27	0.61	0.00	Oct24	5.55
Nippon India Small Cap Dir Gr	INF204K01K15	Timken India Ltd	Industrials	411.27	0.61	0.00	Nov24	7.52
Nippon India Small Cap Dir Gr	INF204K01K15	Timken India Ltd	Industrials	411.27	0.61	0.00	Dec24	3.56
Nippon India Small Cap Dir Gr	INF204K01K15	Timken India Ltd	Industrials	411.27	0.61	0.00	Jan25	5.32
Nippon India Small Cap Dir Gr	INF204K01K15	Timken India Ltd	Industrials	411.27	0.61	0.00	Feb25	5.59
Nippon India Small Cap Dir Gr	INF204K01K15	Timken India Ltd	Industrials	411.27	0.61	0.00	Mar25	15.51
Nippon India Small Cap Dir Gr	INF204K01K15	Timken India Ltd	Industrials	411.27	0.61	0.00	Mar25	15.51
Nippon India Small Cap Dir Gr	INF204K01K15	Timken India Ltd	Industrials	411.27	0.61	0.00	Apr25	12.51
Nippon India Small Cap Dir Gr	INF204K01K15	Timken India Ltd	Industrials	411.27	0.61	0.00	May25	11.15
Nippon India Small Cap Dir Gr	INF204K01K15	Timken India Ltd	Industrials	411.27	0.61	0.00	June25	10.18
Nippon India Small Cap Dir Gr	INF204K01K15	Timken India Ltd	Industrials	411.27	0.61	0.00	July25	9.19
Nippon India Small Cap Dir Gr	INF204K01K15	Timken India Ltd	Industrials	411.27	0.61	0.00	Aug25	8.13
Nippon India Small Cap Dir Gr	INF204K01K15	Dr Reddy's Laboratories Ltd	Healthcare	408.04	0.60	0.00	Oct24	5.55
Nippon India Small Cap Dir Gr	INF204K01K15	Dr Reddy's Laboratories Ltd	Healthcare	408.04	0.60	0.00	Nov24	7.52
Nippon India Small Cap Dir Gr	INF204K01K15	Dr Reddy's Laboratories Ltd	Healthcare	408.04	0.60	0.00	Dec24	3.56
Nippon India Small Cap Dir Gr	INF204K01K15	Dr Reddy's Laboratories Ltd	Healthcare	408.04	0.60	0.00	Jan25	5.32
Nippon India Small Cap Dir Gr	INF204K01K15	Dr Reddy's Laboratories Ltd	Healthcare	408.04	0.60	0.00	Feb25	5.59
Nippon India Small Cap Dir Gr	INF204K01K15	Dr Reddy's Laboratories Ltd	Healthcare	408.04	0.60	0.00	Mar25	15.51
Nippon India Small Cap Dir Gr	INF204K01K15	Dr Reddy's Laboratories Ltd	Healthcare	408.04	0.60	0.00	Mar25	15.51
Nippon India Small Cap Dir Gr	INF204K01K15	Dr Reddy's Laboratories Ltd	Healthcare	408.04	0.60	0.00	Apr25	12.51
Nippon India Small Cap Dir Gr	INF204K01K15	Dr Reddy's Laboratories Ltd	Healthcare	408.04	0.60	0.00	May25	11.15
Nippon India Small Cap Dir Gr	INF204K01K15	Dr Reddy's Laboratories Ltd	Healthcare	408.04	0.60	0.00	June25	10.18
Nippon India Small Cap Dir Gr	INF204K01K15	Dr Reddy's Laboratories Ltd	Healthcare	408.04	0.60	0.00	July25	9.19
Nippon India Small Cap Dir Gr	INF204K01K15	Dr Reddy's Laboratories Ltd	Healthcare	408.04	0.60	0.00	Aug25	8.13
Nippon India Small Cap Dir Gr	INF204K01K15	Avalon Technologies Ltd	Technology	395.42	0.58	0.00	Oct24	5.55
Nippon India Small Cap Dir Gr	INF204K01K15	Avalon Technologies Ltd	Technology	395.42	0.58	0.00	Nov24	7.52
Nippon India Small Cap Dir Gr	INF204K01K15	Avalon Technologies Ltd	Technology	395.42	0.58	0.00	Dec24	3.56
Nippon India Small Cap Dir Gr	INF204K01K15	Avalon Technologies Ltd	Technology	395.42	0.58	0.00	Jan25	5.32
Nippon India Small Cap Dir Gr	INF204K01K15	Avalon Technologies Ltd	Technology	395.42	0.58	0.00	Feb25	5.59
Nippon India Small Cap Dir Gr	INF204K01K15	Avalon Technologies Ltd	Technology	395.42	0.58	0.00	Mar25	15.51
Nippon India Small Cap Dir Gr	INF204K01K15	Avalon Technologies Ltd	Technology	395.42	0.58	0.00	Mar25	15.51
Nippon India Small Cap Dir Gr	INF204K01K15	Avalon Technologies Ltd	Technology	395.42	0.58	0.00	Apr25	12.51
Nippon India Small Cap Dir Gr	INF204K01K15	Avalon Technologies Ltd	Technology	395.42	0.58	0.00	May25	11.15
Nippon India Small Cap Dir Gr	INF204K01K15	Avalon Technologies Ltd	Technology	395.42	0.58	0.00	June25	10.18
Nippon India Small Cap Dir Gr	INF204K01K15	Avalon Technologies Ltd	Technology	395.42	0.58	0.00	July25	9.19
Nippon India Small Cap Dir Gr	INF204K01K15	Avalon Technologies Ltd	Technology	395.42	0.58	0.00	Aug25	8.13
Nippon India Small Cap Dir Gr	INF204K01K15	Voltas Ltd	Consumer Cyclical	389.86	0.58	0.00	Oct24	5.55
Nippon India Small Cap Dir Gr	INF204K01K15	Voltas Ltd	Consumer Cyclical	389.86	0.58	0.00	Nov24	7.52
Nippon India Small Cap Dir Gr	INF204K01K15	Voltas Ltd	Consumer Cyclical	389.86	0.58	0.00	Dec24	3.56
Nippon India Small Cap Dir Gr	INF204K01K15	Voltas Ltd	Consumer Cyclical	389.86	0.58	0.00	Jan25	5.32
Nippon India Small Cap Dir Gr	INF204K01K15	Voltas Ltd	Consumer Cyclical	389.86	0.58	0.00	Feb25	5.59
Nippon India Small Cap Dir Gr	INF204K01K15	Voltas Ltd	Consumer Cyclical	389.86	0.58	0.00	Mar25	15.51
Nippon India Small Cap Dir Gr	INF204K01K15	Voltas Ltd	Consumer Cyclical	389.86	0.58	0.00	Mar25	15.51
Nippon India Small Cap Dir Gr	INF204K01K15	Voltas Ltd	Consumer Cyclical	389.86	0.58	0.00	Apr25	12.51
Nippon India Small Cap Dir Gr	INF204K01K15	Voltas Ltd	Consumer Cyclical	389.86	0.58	0.00	May25	11.15
Nippon India Small Cap Dir Gr	INF204K01K15	Voltas Ltd	Consumer Cyclical	389.86	0.58	0.00	June25	10.18
Nippon India Small Cap Dir Gr	INF204K01K15	Voltas Ltd	Consumer Cyclical	389.86	0.58	0.00	July25	9.19
Nippon India Small Cap Dir Gr	INF204K01K15	Voltas Ltd	Consumer Cyclical	389.86	0.58	0.00	Aug25	8.13
Nippon India Small Cap Dir Gr	INF204K01K15	Blue Star Ltd	Industrials	388.72	0.57	0.00	Oct24	5.55
Nippon India Small Cap Dir Gr	INF204K01K15	Blue Star Ltd	Industrials	388.72	0.57	0.00	Nov24	7.52
Nippon India Small Cap Dir Gr	INF204K01K15	Blue Star Ltd	Industrials	388.72	0.57	0.00	Dec24	3.56
Nippon India Small Cap Dir Gr	INF204K01K15	Blue Star Ltd	Industrials	388.72	0.57	0.00	Jan25	5.32
Nippon India Small Cap Dir Gr	INF204K01K15	Blue Star Ltd	Industrials	388.72	0.57	0.00	Feb25	5.59
Nippon India Small Cap Dir Gr	INF204K01K15	Blue Star Ltd	Industrials	388.72	0.57	0.00	Mar25	15.51
Nippon India Small Cap Dir Gr	INF204K01K15	Blue Star Ltd	Industrials	388.72	0.57	0.00	Mar25	15.51
Nippon India Small Cap Dir Gr	INF204K01K15	Blue Star Ltd	Industrials	388.72	0.57	0.00	Apr25	12.51
Nippon India Small Cap Dir Gr	INF204K01K15	Blue Star Ltd	Industrials	388.72	0.57	0.00	May25	11.15
Nippon India Small Cap Dir Gr	INF204K01K15	Blue Star Ltd	Industrials	388.72	0.57	0.00	June25	10.18
Nippon India Small Cap Dir Gr	INF204K01K15	Blue Star Ltd	Industrials	388.72	0.57	0.00	July25	9.19
Nippon India Small Cap Dir Gr	INF204K01K15	Blue Star Ltd	Industrials	388.72	0.57	0.00	Aug25	8.13
Nippon India Small Cap Dir Gr	INF204K01K15	PNB Housing Finance Ltd	Financial Services	384.03	0.57	7.28	Oct24	5.55
Nippon India Small Cap Dir Gr	INF204K01K15	PNB Housing Finance Ltd	Financial Services	384.03	0.57	7.28	Nov24	7.52
Nippon India Small Cap Dir Gr	INF204K01K15	PNB Housing Finance Ltd	Financial Services	384.03	0.57	7.28	Dec24	3.56
Nippon India Small Cap Dir Gr	INF204K01K15	PNB Housing Finance Ltd	Financial Services	384.03	0.57	7.28	Jan25	5.32
Nippon India Small Cap Dir Gr	INF204K01K15	PNB Housing Finance Ltd	Financial Services	384.03	0.57	7.28	Feb25	5.59
Nippon India Small Cap Dir Gr	INF204K01K15	PNB Housing Finance Ltd	Financial Services	384.03	0.57	7.28	Mar25	15.51
Nippon India Small Cap Dir Gr	INF204K01K15	PNB Housing Finance Ltd	Financial Services	384.03	0.57	7.28	Mar25	15.51
Nippon India Small Cap Dir Gr	INF204K01K15	PNB Housing Finance Ltd	Financial Services	384.03	0.57	7.28	Apr25	12.51
Nippon India Small Cap Dir Gr	INF204K01K15	PNB Housing Finance Ltd	Financial Services	384.03	0.57	7.28	May25	11.15
Nippon India Small Cap Dir Gr	INF204K01K15	PNB Housing Finance Ltd	Financial Services	384.03	0.57	7.28	June25	10.18
Nippon India Small Cap Dir Gr	INF204K01K15	PNB Housing Finance Ltd	Financial Services	384.03	0.57	7.28	July25	9.19
Nippon India Small Cap Dir Gr	INF204K01K15	PNB Housing Finance Ltd	Financial Services	384.03	0.57	7.28	Aug25	8.13
Nippon India Small Cap Dir Gr	INF204K01K15	Krishna Institute of Medical Sciences Ltd	Healthcare	381.84	0.56	0.00	Oct24	5.55
Nippon India Small Cap Dir Gr	INF204K01K15	Krishna Institute of Medical Sciences Ltd	Healthcare	381.84	0.56	0.00	Nov24	7.52
Nippon India Small Cap Dir Gr	INF204K01K15	Krishna Institute of Medical Sciences Ltd	Healthcare	381.84	0.56	0.00	Dec24	3.56
Nippon India Small Cap Dir Gr	INF204K01K15	Krishna Institute of Medical Sciences Ltd	Healthcare	381.84	0.56	0.00	Jan25	5.32
Nippon India Small Cap Dir Gr	INF204K01K15	Krishna Institute of Medical Sciences Ltd	Healthcare	381.84	0.56	0.00	Feb25	5.59
Nippon India Small Cap Dir Gr	INF204K01K15	Krishna Institute of Medical Sciences Ltd	Healthcare	381.84	0.56	0.00	Mar25	15.51
Nippon India Small Cap Dir Gr	INF204K01K15	Krishna Institute of Medical Sciences Ltd	Healthcare	381.84	0.56	0.00	Mar25	15.51
Nippon India Small Cap Dir Gr	INF204K01K15	Krishna Institute of Medical Sciences Ltd	Healthcare	381.84	0.56	0.00	Apr25	12.51
Nippon India Small Cap Dir Gr	INF204K01K15	Krishna Institute of Medical Sciences Ltd	Healthcare	381.84	0.56	0.00	May25	11.15
Nippon India Small Cap Dir Gr	INF204K01K15	Krishna Institute of Medical Sciences Ltd	Healthcare	381.84	0.56	0.00	June25	10.18
Nippon India Small Cap Dir Gr	INF204K01K15	Krishna Institute of Medical Sciences Ltd	Healthcare	381.84	0.56	0.00	July25	9.19
Nippon India Small Cap Dir Gr	INF204K01K15	Krishna Institute of Medical Sciences Ltd	Healthcare	381.84	0.56	0.00	Aug25	8.13
Nippon India Small Cap Dir Gr	INF204K01K15	ISGEC Heavy Engineering Ltd	Industrials	381.27	0.56	0.00	Oct24	5.55
Nippon India Small Cap Dir Gr	INF204K01K15	ISGEC Heavy Engineering Ltd	Industrials	381.27	0.56	0.00	Nov24	7.52
Nippon India Small Cap Dir Gr	INF204K01K15	ISGEC Heavy Engineering Ltd	Industrials	381.27	0.56	0.00	Dec24	3.56
Nippon India Small Cap Dir Gr	INF204K01K15	ISGEC Heavy Engineering Ltd	Industrials	381.27	0.56	0.00	Jan25	5.32
Nippon India Small Cap Dir Gr	INF204K01K15	ISGEC Heavy Engineering Ltd	Industrials	381.27	0.56	0.00	Feb25	5.59
Nippon India Small Cap Dir Gr	INF204K01K15	ISGEC Heavy Engineering Ltd	Industrials	381.27	0.56	0.00	Mar25	15.51
Nippon India Small Cap Dir Gr	INF204K01K15	ISGEC Heavy Engineering Ltd	Industrials	381.27	0.56	0.00	Mar25	15.51
Nippon India Small Cap Dir Gr	INF204K01K15	ISGEC Heavy Engineering Ltd	Industrials	381.27	0.56	0.00	Apr25	12.51
Nippon India Small Cap Dir Gr	INF204K01K15	ISGEC Heavy Engineering Ltd	Industrials	381.27	0.56	0.00	May25	11.15
Nippon India Small Cap Dir Gr	INF204K01K15	ISGEC Heavy Engineering Ltd	Industrials	381.27	0.56	0.00	June25	10.18
Nippon India Small Cap Dir Gr	INF204K01K15	ISGEC Heavy Engineering Ltd	Industrials	381.27	0.56	0.00	July25	9.19
Nippon India Small Cap Dir Gr	INF204K01K15	ISGEC Heavy Engineering Ltd	Industrials	381.27	0.56	0.00	Aug25	8.13
Nippon India Small Cap Dir Gr	INF204K01K15	KFin Technologies Ltd	Technology	376.70	0.56	0.00	Oct24	5.55
Nippon India Small Cap Dir Gr	INF204K01K15	KFin Technologies Ltd	Technology	376.70	0.56	0.00	Nov24	7.52
Nippon India Small Cap Dir Gr	INF204K01K15	KFin Technologies Ltd	Technology	376.70	0.56	0.00	Dec24	3.56
Nippon India Small Cap Dir Gr	INF204K01K15	KFin Technologies Ltd	Technology	376.70	0.56	0.00	Jan25	5.32
Nippon India Small Cap Dir Gr	INF204K01K15	KFin Technologies Ltd	Technology	376.70	0.56	0.00	Feb25	5.59
Nippon India Small Cap Dir Gr	INF204K01K15	KFin Technologies Ltd	Technology	376.70	0.56	0.00	Mar25	15.51
Nippon India Small Cap Dir Gr	INF204K01K15	KFin Technologies Ltd	Technology	376.70	0.56	0.00	Mar25	15.51
Nippon India Small Cap Dir Gr	INF204K01K15	KFin Technologies Ltd	Technology	376.70	0.56	0.00	Apr25	12.51
Nippon India Small Cap Dir Gr	INF204K01K15	KFin Technologies Ltd	Technology	376.70	0.56	0.00	May25	11.15
Nippon India Small Cap Dir Gr	INF204K01K15	KFin Technologies Ltd	Technology	376.70	0.56	0.00	June25	10.18
Nippon India Small Cap Dir Gr	INF204K01K15	KFin Technologies Ltd	Technology	376.70	0.56	0.00	July25	9.19
Nippon India Small Cap Dir Gr	INF204K01K15	KFin Technologies Ltd	Technology	376.70	0.56	0.00	Aug25	8.13
Nippon India Small Cap Dir Gr	INF204K01K15	Century Plyboards (India) Ltd	Basic Materials	373.00	0.55	54.97	Oct24	5.55
Nippon India Small Cap Dir Gr	INF204K01K15	Century Plyboards (India) Ltd	Basic Materials	373.00	0.55	54.97	Nov24	7.52
Nippon India Small Cap Dir Gr	INF204K01K15	Century Plyboards (India) Ltd	Basic Materials	373.00	0.55	54.97	Dec24	3.56
Nippon India Small Cap Dir Gr	INF204K01K15	Century Plyboards (India) Ltd	Basic Materials	373.00	0.55	54.97	Jan25	5.32
Nippon India Small Cap Dir Gr	INF204K01K15	Century Plyboards (India) Ltd	Basic Materials	373.00	0.55	54.97	Feb25	5.59
Nippon India Small Cap Dir Gr	INF204K01K15	Century Plyboards (India) Ltd	Basic Materials	373.00	0.55	54.97	Mar25	15.51
Nippon India Small Cap Dir Gr	INF204K01K15	Century Plyboards (India) Ltd	Basic Materials	373.00	0.55	54.97	Mar25	15.51
Nippon India Small Cap Dir Gr	INF204K01K15	Century Plyboards (India) Ltd	Basic Materials	373.00	0.55	54.97	Apr25	12.51
Nippon India Small Cap Dir Gr	INF204K01K15	Century Plyboards (India) Ltd	Basic Materials	373.00	0.55	54.97	May25	11.15
Nippon India Small Cap Dir Gr	INF204K01K15	Century Plyboards (India) Ltd	Basic Materials	373.00	0.55	54.97	June25	10.18
Nippon India Small Cap Dir Gr	INF204K01K15	Century Plyboards (India) Ltd	Basic Materials	373.00	0.55	54.97	July25	9.19
Nippon India Small Cap Dir Gr	INF204K01K15	Century Plyboards (India) Ltd	Basic Materials	373.00	0.55	54.97	Aug25	8.13
Nippon India Small Cap Dir Gr	INF204K01K15	Samvardhana Motherson International Ltd	Consumer Cyclical	372.78	0.55	0.00	Oct24	5.55
Nippon India Small Cap Dir Gr	INF204K01K15	Samvardhana Motherson International Ltd	Consumer Cyclical	372.78	0.55	0.00	Nov24	7.52
Nippon India Small Cap Dir Gr	INF204K01K15	Samvardhana Motherson International Ltd	Consumer Cyclical	372.78	0.55	0.00	Dec24	3.56
Nippon India Small Cap Dir Gr	INF204K01K15	Samvardhana Motherson International Ltd	Consumer Cyclical	372.78	0.55	0.00	Jan25	5.32
Nippon India Small Cap Dir Gr	INF204K01K15	Samvardhana Motherson International Ltd	Consumer Cyclical	372.78	0.55	0.00	Feb25	5.59
Nippon India Small Cap Dir Gr	INF204K01K15	Samvardhana Motherson International Ltd	Consumer Cyclical	372.78	0.55	0.00	Mar25	15.51
Nippon India Small Cap Dir Gr	INF204K01K15	Samvardhana Motherson International Ltd	Consumer Cyclical	372.78	0.55	0.00	Mar25	15.51
Nippon India Small Cap Dir Gr	INF204K01K15	Samvardhana Motherson International Ltd	Consumer Cyclical	372.78	0.55	0.00	Apr25	12.51
Nippon India Small Cap Dir Gr	INF204K01K15	Samvardhana Motherson International Ltd	Consumer Cyclical	372.78	0.55	0.00	May25	11.15
Nippon India Small Cap Dir Gr	INF204K01K15	Samvardhana Motherson International Ltd	Consumer Cyclical	372.78	0.55	0.00	June25	10.18
Nippon India Small Cap Dir Gr	INF204K01K15	Samvardhana Motherson International Ltd	Consumer Cyclical	372.78	0.55	0.00	July25	9.19
Nippon India Small Cap Dir Gr	INF204K01K15	Samvardhana Motherson International Ltd	Consumer Cyclical	372.78	0.55	0.00	Aug25	8.13
Nippon India Small Cap Dir Gr	INF204K01K15	Fine Organic Industries Ltd Ordinary Shares	Basic Materials	369.77	0.55	0.00	Oct24	5.55
Nippon India Small Cap Dir Gr	INF204K01K15	Fine Organic Industries Ltd Ordinary Shares	Basic Materials	369.77	0.55	0.00	Nov24	7.52
Nippon India Small Cap Dir Gr	INF204K01K15	Fine Organic Industries Ltd Ordinary Shares	Basic Materials	369.77	0.55	0.00	Dec24	3.56
Nippon India Small Cap Dir Gr	INF204K01K15	Fine Organic Industries Ltd Ordinary Shares	Basic Materials	369.77	0.55	0.00	Jan25	5.32
Nippon India Small Cap Dir Gr	INF204K01K15	Fine Organic Industries Ltd Ordinary Shares	Basic Materials	369.77	0.55	0.00	Feb25	5.59
Nippon India Small Cap Dir Gr	INF204K01K15	Fine Organic Industries Ltd Ordinary Shares	Basic Materials	369.77	0.55	0.00	Mar25	15.51
Nippon India Small Cap Dir Gr	INF204K01K15	Fine Organic Industries Ltd Ordinary Shares	Basic Materials	369.77	0.55	0.00	Mar25	15.51
Nippon India Small Cap Dir Gr	INF204K01K15	Fine Organic Industries Ltd Ordinary Shares	Basic Materials	369.77	0.55	0.00	Apr25	12.51
Nippon India Small Cap Dir Gr	INF204K01K15	Fine Organic Industries Ltd Ordinary Shares	Basic Materials	369.77	0.55	0.00	May25	11.15
Nippon India Small Cap Dir Gr	INF204K01K15	Fine Organic Industries Ltd Ordinary Shares	Basic Materials	369.77	0.55	0.00	June25	10.18
Nippon India Small Cap Dir Gr	INF204K01K15	Fine Organic Industries Ltd Ordinary Shares	Basic Materials	369.77	0.55	0.00	July25	9.19
Nippon India Small Cap Dir Gr	INF204K01K15	Fine Organic Industries Ltd Ordinary Shares	Basic Materials	369.77	0.55	0.00	Aug25	8.13
Nippon India Small Cap Dir Gr	INF204K01K15	Dixon Technologies (India) Ltd	Technology	368.63	0.54	0.00	Oct24	5.55
Nippon India Small Cap Dir Gr	INF204K01K15	Dixon Technologies (India) Ltd	Technology	368.63	0.54	0.00	Nov24	7.52
Nippon India Small Cap Dir Gr	INF204K01K15	Dixon Technologies (India) Ltd	Technology	368.63	0.54	0.00	Dec24	3.56
Nippon India Small Cap Dir Gr	INF204K01K15	Dixon Technologies (India) Ltd	Technology	368.63	0.54	0.00	Jan25	5.32
Nippon India Small Cap Dir Gr	INF204K01K15	Dixon Technologies (India) Ltd	Technology	368.63	0.54	0.00	Feb25	5.59
Nippon India Small Cap Dir Gr	INF204K01K15	Dixon Technologies (India) Ltd	Technology	368.63	0.54	0.00	Mar25	15.51
Nippon India Small Cap Dir Gr	INF204K01K15	Dixon Technologies (India) Ltd	Technology	368.63	0.54	0.00	Mar25	15.51
Nippon India Small Cap Dir Gr	INF204K01K15	Dixon Technologies (India) Ltd	Technology	368.63	0.54	0.00	Apr25	12.51
Nippon India Small Cap Dir Gr	INF204K01K15	Dixon Technologies (India) Ltd	Technology	368.63	0.54	0.00	May25	11.15
Nippon India Small Cap Dir Gr	INF204K01K15	Dixon Technologies (India) Ltd	Technology	368.63	0.54	0.00	June25	10.18
Nippon India Small Cap Dir Gr	INF204K01K15	Dixon Technologies (India) Ltd	Technology	368.63	0.54	0.00	July25	9.19
Nippon India Small Cap Dir Gr	INF204K01K15	Dixon Technologies (India) Ltd	Technology	368.63	0.54	0.00	Aug25	8.13
Nippon India Small Cap Dir Gr	INF204K01K15	ICRA Ltd	Financial Services	362.91	0.54	0.00	Oct24	5.55
Nippon India Small Cap Dir Gr	INF204K01K15	ICRA Ltd	Financial Services	362.91	0.54	0.00	Nov24	7.52
Nippon India Small Cap Dir Gr	INF204K01K15	ICRA Ltd	Financial Services	362.91	0.54	0.00	Dec24	3.56
Nippon India Small Cap Dir Gr	INF204K01K15	ICRA Ltd	Financial Services	362.91	0.54	0.00	Jan25	5.32
Nippon India Small Cap Dir Gr	INF204K01K15	ICRA Ltd	Financial Services	362.91	0.54	0.00	Feb25	5.59
Nippon India Small Cap Dir Gr	INF204K01K15	ICRA Ltd	Financial Services	362.91	0.54	0.00	Mar25	15.51
Nippon India Small Cap Dir Gr	INF204K01K15	ICRA Ltd	Financial Services	362.91	0.54	0.00	Mar25	15.51
Nippon India Small Cap Dir Gr	INF204K01K15	ICRA Ltd	Financial Services	362.91	0.54	0.00	Apr25	12.51
Nippon India Small Cap Dir Gr	INF204K01K15	ICRA Ltd	Financial Services	362.91	0.54	0.00	May25	11.15
Nippon India Small Cap Dir Gr	INF204K01K15	ICRA Ltd	Financial Services	362.91	0.54	0.00	June25	10.18
Nippon India Small Cap Dir Gr	INF204K01K15	ICRA Ltd	Financial Services	362.91	0.54	0.00	July25	9.19
Nippon India Small Cap Dir Gr	INF204K01K15	ICRA Ltd	Financial Services	362.91	0.54	0.00	Aug25	8.13
Nippon India Small Cap Dir Gr	INF204K01K15	Hitachi Energy India Ltd Ordinary Shares	Industrials	359.17	0.53	0.00	Oct24	5.55
Nippon India Small Cap Dir Gr	INF204K01K15	Hitachi Energy India Ltd Ordinary Shares	Industrials	359.17	0.53	0.00	Nov24	7.52
Nippon India Small Cap Dir Gr	INF204K01K15	Hitachi Energy India Ltd Ordinary Shares	Industrials	359.17	0.53	0.00	Dec24	3.56
Nippon India Small Cap Dir Gr	INF204K01K15	Hitachi Energy India Ltd Ordinary Shares	Industrials	359.17	0.53	0.00	Jan25	5.32
Nippon India Small Cap Dir Gr	INF204K01K15	Hitachi Energy India Ltd Ordinary Shares	Industrials	359.17	0.53	0.00	Feb25	5.59
Nippon India Small Cap Dir Gr	INF204K01K15	Hitachi Energy India Ltd Ordinary Shares	Industrials	359.17	0.53	0.00	Mar25	15.51
Nippon India Small Cap Dir Gr	INF204K01K15	Hitachi Energy India Ltd Ordinary Shares	Industrials	359.17	0.53	0.00	Mar25	15.51
Nippon India Small Cap Dir Gr	INF204K01K15	Hitachi Energy India Ltd Ordinary Shares	Industrials	359.17	0.53	0.00	Apr25	12.51
Nippon India Small Cap Dir Gr	INF204K01K15	Hitachi Energy India Ltd Ordinary Shares	Industrials	359.17	0.53	0.00	May25	11.15
Nippon India Small Cap Dir Gr	INF204K01K15	Hitachi Energy India Ltd Ordinary Shares	Industrials	359.17	0.53	0.00	June25	10.18
Nippon India Small Cap Dir Gr	INF204K01K15	Hitachi Energy India Ltd Ordinary Shares	Industrials	359.17	0.53	0.00	July25	9.19
Nippon India Small Cap Dir Gr	INF204K01K15	Hitachi Energy India Ltd Ordinary Shares	Industrials	359.17	0.53	0.00	Aug25	8.13
Nippon India Small Cap Dir Gr	INF204K01K15	Affle 3i Ltd	Communication Services	356.37	0.53	0.00	Oct24	5.55
Nippon India Small Cap Dir Gr	INF204K01K15	Affle 3i Ltd	Communication Services	356.37	0.53	0.00	Nov24	7.52
Nippon India Small Cap Dir Gr	INF204K01K15	Affle 3i Ltd	Communication Services	356.37	0.53	0.00	Dec24	3.56
Nippon India Small Cap Dir Gr	INF204K01K15	Affle 3i Ltd	Communication Services	356.37	0.53	0.00	Jan25	5.32
Nippon India Small Cap Dir Gr	INF204K01K15	Affle 3i Ltd	Communication Services	356.37	0.53	0.00	Feb25	5.59
Nippon India Small Cap Dir Gr	INF204K01K15	Affle 3i Ltd	Communication Services	356.37	0.53	0.00	Mar25	15.51
Nippon India Small Cap Dir Gr	INF204K01K15	Affle 3i Ltd	Communication Services	356.37	0.53	0.00	Mar25	15.51
Nippon India Small Cap Dir Gr	INF204K01K15	Affle 3i Ltd	Communication Services	356.37	0.53	0.00	Apr25	12.51
Nippon India Small Cap Dir Gr	INF204K01K15	Affle 3i Ltd	Communication Services	356.37	0.53	0.00	May25	11.15
Nippon India Small Cap Dir Gr	INF204K01K15	Affle 3i Ltd	Communication Services	356.37	0.53	0.00	June25	10.18
Nippon India Small Cap Dir Gr	INF204K01K15	Affle 3i Ltd	Communication Services	356.37	0.53	0.00	July25	9.19
Nippon India Small Cap Dir Gr	INF204K01K15	Affle 3i Ltd	Communication Services	356.37	0.53	0.00	Aug25	8.13
Nippon India Small Cap Dir Gr	INF204K01K15	Navin Fluorine International Ltd	Basic Materials	354.97	0.52	0.00	Oct24	5.55
Nippon India Small Cap Dir Gr	INF204K01K15	Navin Fluorine International Ltd	Basic Materials	354.97	0.52	0.00	Nov24	7.52
Nippon India Small Cap Dir Gr	INF204K01K15	Navin Fluorine International Ltd	Basic Materials	354.97	0.52	0.00	Dec24	3.56
Nippon India Small Cap Dir Gr	INF204K01K15	Navin Fluorine International Ltd	Basic Materials	354.97	0.52	0.00	Jan25	5.32
Nippon India Small Cap Dir Gr	INF204K01K15	Navin Fluorine International Ltd	Basic Materials	354.97	0.52	0.00	Feb25	5.59
Nippon India Small Cap Dir Gr	INF204K01K15	Navin Fluorine International Ltd	Basic Materials	354.97	0.52	0.00	Mar25	15.51
Nippon India Small Cap Dir Gr	INF204K01K15	Navin Fluorine International Ltd	Basic Materials	354.97	0.52	0.00	Mar25	15.51
Nippon India Small Cap Dir Gr	INF204K01K15	Navin Fluorine International Ltd	Basic Materials	354.97	0.52	0.00	Apr25	12.51
Nippon India Small Cap Dir Gr	INF204K01K15	Navin Fluorine International Ltd	Basic Materials	354.97	0.52	0.00	May25	11.15
Nippon India Small Cap Dir Gr	INF204K01K15	Navin Fluorine International Ltd	Basic Materials	354.97	0.52	0.00	June25	10.18
Nippon India Small Cap Dir Gr	INF204K01K15	Navin Fluorine International Ltd	Basic Materials	354.97	0.52	0.00	July25	9.19
Nippon India Small Cap Dir Gr	INF204K01K15	Navin Fluorine International Ltd	Basic Materials	354.97	0.52	0.00	Aug25	8.13
Nippon India Small Cap Dir Gr	INF204K01K15	MTAR Technologies Ltd	Industrials	353.93	0.52	0.00	Oct24	5.55
Nippon India Small Cap Dir Gr	INF204K01K15	MTAR Technologies Ltd	Industrials	353.93	0.52	0.00	Nov24	7.52
Nippon India Small Cap Dir Gr	INF204K01K15	MTAR Technologies Ltd	Industrials	353.93	0.52	0.00	Dec24	3.56
Nippon India Small Cap Dir Gr	INF204K01K15	MTAR Technologies Ltd	Industrials	353.93	0.52	0.00	Jan25	5.32
Nippon India Small Cap Dir Gr	INF204K01K15	MTAR Technologies Ltd	Industrials	353.93	0.52	0.00	Feb25	5.59
Nippon India Small Cap Dir Gr	INF204K01K15	MTAR Technologies Ltd	Industrials	353.93	0.52	0.00	Mar25	15.51
Nippon India Small Cap Dir Gr	INF204K01K15	MTAR Technologies Ltd	Industrials	353.93	0.52	0.00	Mar25	15.51
Nippon India Small Cap Dir Gr	INF204K01K15	MTAR Technologies Ltd	Industrials	353.93	0.52	0.00	Apr25	12.51
Nippon India Small Cap Dir Gr	INF204K01K15	MTAR Technologies Ltd	Industrials	353.93	0.52	0.00	May25	11.15
Nippon India Small Cap Dir Gr	INF204K01K15	MTAR Technologies Ltd	Industrials	353.93	0.52	0.00	June25	10.18
Nippon India Small Cap Dir Gr	INF204K01K15	MTAR Technologies Ltd	Industrials	353.93	0.52	0.00	July25	9.19
Nippon India Small Cap Dir Gr	INF204K01K15	MTAR Technologies Ltd	Industrials	353.93	0.52	0.00	Aug25	8.13
Nippon India Small Cap Dir Gr	INF204K01K15	Gokaldas Exports Ltd	Consumer Cyclical	345.06	0.51	0.00	Oct24	5.55
Nippon India Small Cap Dir Gr	INF204K01K15	Gokaldas Exports Ltd	Consumer Cyclical	345.06	0.51	0.00	Nov24	7.52
Nippon India Small Cap Dir Gr	INF204K01K15	Gokaldas Exports Ltd	Consumer Cyclical	345.06	0.51	0.00	Dec24	3.56
Nippon India Small Cap Dir Gr	INF204K01K15	Gokaldas Exports Ltd	Consumer Cyclical	345.06	0.51	0.00	Jan25	5.32
Nippon India Small Cap Dir Gr	INF204K01K15	Gokaldas Exports Ltd	Consumer Cyclical	345.06	0.51	0.00	Feb25	5.59
Nippon India Small Cap Dir Gr	INF204K01K15	Gokaldas Exports Ltd	Consumer Cyclical	345.06	0.51	0.00	Mar25	15.51
Nippon India Small Cap Dir Gr	INF204K01K15	Gokaldas Exports Ltd	Consumer Cyclical	345.06	0.51	0.00	Mar25	15.51
Nippon India Small Cap Dir Gr	INF204K01K15	Gokaldas Exports Ltd	Consumer Cyclical	345.06	0.51	0.00	Apr25	12.51
Nippon India Small Cap Dir Gr	INF204K01K15	Gokaldas Exports Ltd	Consumer Cyclical	345.06	0.51	0.00	May25	11.15
Nippon India Small Cap Dir Gr	INF204K01K15	Gokaldas Exports Ltd	Consumer Cyclical	345.06	0.51	0.00	June25	10.18
Nippon India Small Cap Dir Gr	INF204K01K15	Gokaldas Exports Ltd	Consumer Cyclical	345.06	0.51	0.00	July25	9.19
Nippon India Small Cap Dir Gr	INF204K01K15	Gokaldas Exports Ltd	Consumer Cyclical	345.06	0.51	0.00	Aug25	8.13
Nippon India Small Cap Dir Gr	INF204K01K15	Procter & Gamble Health Ltd	Healthcare	339.44	0.50	0.00	Oct24	5.55
Nippon India Small Cap Dir Gr	INF204K01K15	Procter & Gamble Health Ltd	Healthcare	339.44	0.50	0.00	Nov24	7.52
Nippon India Small Cap Dir Gr	INF204K01K15	Procter & Gamble Health Ltd	Healthcare	339.44	0.50	0.00	Dec24	3.56
Nippon India Small Cap Dir Gr	INF204K01K15	Procter & Gamble Health Ltd	Healthcare	339.44	0.50	0.00	Jan25	5.32
Nippon India Small Cap Dir Gr	INF204K01K15	Procter & Gamble Health Ltd	Healthcare	339.44	0.50	0.00	Feb25	5.59
Nippon India Small Cap Dir Gr	INF204K01K15	Procter & Gamble Health Ltd	Healthcare	339.44	0.50	0.00	Mar25	15.51
Nippon India Small Cap Dir Gr	INF204K01K15	Procter & Gamble Health Ltd	Healthcare	339.44	0.50	0.00	Mar25	15.51
Nippon India Small Cap Dir Gr	INF204K01K15	Procter & Gamble Health Ltd	Healthcare	339.44	0.50	0.00	Apr25	12.51
Nippon India Small Cap Dir Gr	INF204K01K15	Procter & Gamble Health Ltd	Healthcare	339.44	0.50	0.00	May25	11.15
Nippon India Small Cap Dir Gr	INF204K01K15	Procter & Gamble Health Ltd	Healthcare	339.44	0.50	0.00	June25	10.18
Nippon India Small Cap Dir Gr	INF204K01K15	Procter & Gamble Health Ltd	Healthcare	339.44	0.50	0.00	July25	9.19
Nippon India Small Cap Dir Gr	INF204K01K15	Procter & Gamble Health Ltd	Healthcare	339.44	0.50	0.00	Aug25	8.13
Nippon India Small Cap Dir Gr	INF204K01K15	Hindustan Aeronautics Ltd Ordinary Shares	Industrials	337.70	0.50	0.00	Oct24	5.55
Nippon India Small Cap Dir Gr	INF204K01K15	Hindustan Aeronautics Ltd Ordinary Shares	Industrials	337.70	0.50	0.00	Nov24	7.52
Nippon India Small Cap Dir Gr	INF204K01K15	Hindustan Aeronautics Ltd Ordinary Shares	Industrials	337.70	0.50	0.00	Dec24	3.56
Nippon India Small Cap Dir Gr	INF204K01K15	Hindustan Aeronautics Ltd Ordinary Shares	Industrials	337.70	0.50	0.00	Jan25	5.32
Nippon India Small Cap Dir Gr	INF204K01K15	Hindustan Aeronautics Ltd Ordinary Shares	Industrials	337.70	0.50	0.00	Feb25	5.59
Nippon India Small Cap Dir Gr	INF204K01K15	Hindustan Aeronautics Ltd Ordinary Shares	Industrials	337.70	0.50	0.00	Mar25	15.51
Nippon India Small Cap Dir Gr	INF204K01K15	Hindustan Aeronautics Ltd Ordinary Shares	Industrials	337.70	0.50	0.00	Mar25	15.51
Nippon India Small Cap Dir Gr	INF204K01K15	Hindustan Aeronautics Ltd Ordinary Shares	Industrials	337.70	0.50	0.00	Apr25	12.51
Nippon India Small Cap Dir Gr	INF204K01K15	Hindustan Aeronautics Ltd Ordinary Shares	Industrials	337.70	0.50	0.00	May25	11.15
Nippon India Small Cap Dir Gr	INF204K01K15	Hindustan Aeronautics Ltd Ordinary Shares	Industrials	337.70	0.50	0.00	June25	10.18
Nippon India Small Cap Dir Gr	INF204K01K15	Hindustan Aeronautics Ltd Ordinary Shares	Industrials	337.70	0.50	0.00	July25	9.19
Nippon India Small Cap Dir Gr	INF204K01K15	Hindustan Aeronautics Ltd Ordinary Shares	Industrials	337.70	0.50	0.00	Aug25	8.13
Nippon India Small Cap Dir Gr	INF204K01K15	Ambuja Cements Ltd	Basic Materials	331.06	0.49	0.00	Oct24	5.55
Nippon India Small Cap Dir Gr	INF204K01K15	Ambuja Cements Ltd	Basic Materials	331.06	0.49	0.00	Nov24	7.52
Nippon India Small Cap Dir Gr	INF204K01K15	Ambuja Cements Ltd	Basic Materials	331.06	0.49	0.00	Dec24	3.56
Nippon India Small Cap Dir Gr	INF204K01K15	Ambuja Cements Ltd	Basic Materials	331.06	0.49	0.00	Jan25	5.32
Nippon India Small Cap Dir Gr	INF204K01K15	Ambuja Cements Ltd	Basic Materials	331.06	0.49	0.00	Feb25	5.59
Nippon India Small Cap Dir Gr	INF204K01K15	Ambuja Cements Ltd	Basic Materials	331.06	0.49	0.00	Mar25	15.51
Nippon India Small Cap Dir Gr	INF204K01K15	Ambuja Cements Ltd	Basic Materials	331.06	0.49	0.00	Mar25	15.51
Nippon India Small Cap Dir Gr	INF204K01K15	Ambuja Cements Ltd	Basic Materials	331.06	0.49	0.00	Apr25	12.51
Nippon India Small Cap Dir Gr	INF204K01K15	Ambuja Cements Ltd	Basic Materials	331.06	0.49	0.00	May25	11.15
Nippon India Small Cap Dir Gr	INF204K01K15	Ambuja Cements Ltd	Basic Materials	331.06	0.49	0.00	June25	10.18
Nippon India Small Cap Dir Gr	INF204K01K15	Ambuja Cements Ltd	Basic Materials	331.06	0.49	0.00	July25	9.19
Nippon India Small Cap Dir Gr	INF204K01K15	Ambuja Cements Ltd	Basic Materials	331.06	0.49	0.00	Aug25	8.13
Nippon India Small Cap Dir Gr	INF204K01K15	TSF Investments Ltd	Financial Services	329.83	0.49	0.00	Oct24	5.55
Nippon India Small Cap Dir Gr	INF204K01K15	TSF Investments Ltd	Financial Services	329.83	0.49	0.00	Nov24	7.52
Nippon India Small Cap Dir Gr	INF204K01K15	TSF Investments Ltd	Financial Services	329.83	0.49	0.00	Dec24	3.56
Nippon India Small Cap Dir Gr	INF204K01K15	TSF Investments Ltd	Financial Services	329.83	0.49	0.00	Jan25	5.32
Nippon India Small Cap Dir Gr	INF204K01K15	TSF Investments Ltd	Financial Services	329.83	0.49	0.00	Feb25	5.59
Nippon India Small Cap Dir Gr	INF204K01K15	TSF Investments Ltd	Financial Services	329.83	0.49	0.00	Mar25	15.51
Nippon India Small Cap Dir Gr	INF204K01K15	TSF Investments Ltd	Financial Services	329.83	0.49	0.00	Mar25	15.51
Nippon India Small Cap Dir Gr	INF204K01K15	TSF Investments Ltd	Financial Services	329.83	0.49	0.00	Apr25	12.51
Nippon India Small Cap Dir Gr	INF204K01K15	TSF Investments Ltd	Financial Services	329.83	0.49	0.00	May25	11.15
Nippon India Small Cap Dir Gr	INF204K01K15	TSF Investments Ltd	Financial Services	329.83	0.49	0.00	June25	10.18
Nippon India Small Cap Dir Gr	INF204K01K15	TSF Investments Ltd	Financial Services	329.83	0.49	0.00	July25	9.19
Nippon India Small Cap Dir Gr	INF204K01K15	TSF Investments Ltd	Financial Services	329.83	0.49	0.00	Aug25	8.13
Nippon India Small Cap Dir Gr	INF204K01K15	NTPC Ltd	Utilities	326.82	0.48	0.00	Oct24	5.55
Nippon India Small Cap Dir Gr	INF204K01K15	NTPC Ltd	Utilities	326.82	0.48	0.00	Nov24	7.52
Nippon India Small Cap Dir Gr	INF204K01K15	NTPC Ltd	Utilities	326.82	0.48	0.00	Dec24	3.56
Nippon India Small Cap Dir Gr	INF204K01K15	NTPC Ltd	Utilities	326.82	0.48	0.00	Jan25	5.32
Nippon India Small Cap Dir Gr	INF204K01K15	NTPC Ltd	Utilities	326.82	0.48	0.00	Feb25	5.59
Nippon India Small Cap Dir Gr	INF204K01K15	NTPC Ltd	Utilities	326.82	0.48	0.00	Mar25	15.51
Nippon India Small Cap Dir Gr	INF204K01K15	NTPC Ltd	Utilities	326.82	0.48	0.00	Mar25	15.51
Nippon India Small Cap Dir Gr	INF204K01K15	NTPC Ltd	Utilities	326.82	0.48	0.00	Apr25	12.51
Nippon India Small Cap Dir Gr	INF204K01K15	NTPC Ltd	Utilities	326.82	0.48	0.00	May25	11.15
Nippon India Small Cap Dir Gr	INF204K01K15	NTPC Ltd	Utilities	326.82	0.48	0.00	June25	10.18
Nippon India Small Cap Dir Gr	INF204K01K15	NTPC Ltd	Utilities	326.82	0.48	0.00	July25	9.19
Nippon India Small Cap Dir Gr	INF204K01K15	NTPC Ltd	Utilities	326.82	0.48	0.00	Aug25	8.13
Nippon India Small Cap Dir Gr	INF204K01K15	Asian Paints Ltd	Basic Materials	324.76	0.48	8.41	Oct24	5.55
Nippon India Small Cap Dir Gr	INF204K01K15	Asian Paints Ltd	Basic Materials	324.76	0.48	8.41	Nov24	7.52
Nippon India Small Cap Dir Gr	INF204K01K15	Asian Paints Ltd	Basic Materials	324.76	0.48	8.41	Dec24	3.56
Nippon India Small Cap Dir Gr	INF204K01K15	Asian Paints Ltd	Basic Materials	324.76	0.48	8.41	Jan25	5.32
Nippon India Small Cap Dir Gr	INF204K01K15	Asian Paints Ltd	Basic Materials	324.76	0.48	8.41	Feb25	5.59
Nippon India Small Cap Dir Gr	INF204K01K15	Asian Paints Ltd	Basic Materials	324.76	0.48	8.41	Mar25	15.51
Nippon India Small Cap Dir Gr	INF204K01K15	Asian Paints Ltd	Basic Materials	324.76	0.48	8.41	Mar25	15.51
Nippon India Small Cap Dir Gr	INF204K01K15	Asian Paints Ltd	Basic Materials	324.76	0.48	8.41	Apr25	12.51
Nippon India Small Cap Dir Gr	INF204K01K15	Asian Paints Ltd	Basic Materials	324.76	0.48	8.41	May25	11.15
Nippon India Small Cap Dir Gr	INF204K01K15	Asian Paints Ltd	Basic Materials	324.76	0.48	8.41	June25	10.18
Nippon India Small Cap Dir Gr	INF204K01K15	Asian Paints Ltd	Basic Materials	324.76	0.48	8.41	July25	9.19
Nippon India Small Cap Dir Gr	INF204K01K15	Asian Paints Ltd	Basic Materials	324.76	0.48	8.41	Aug25	8.13
Nippon India Small Cap Dir Gr	INF204K01K15	Gland Pharma Ltd	Healthcare	324.42	0.48	0.00	Oct24	5.55
Nippon India Small Cap Dir Gr	INF204K01K15	Gland Pharma Ltd	Healthcare	324.42	0.48	0.00	Nov24	7.52
Nippon India Small Cap Dir Gr	INF204K01K15	Gland Pharma Ltd	Healthcare	324.42	0.48	0.00	Dec24	3.56
Nippon India Small Cap Dir Gr	INF204K01K15	Gland Pharma Ltd	Healthcare	324.42	0.48	0.00	Jan25	5.32
Nippon India Small Cap Dir Gr	INF204K01K15	Gland Pharma Ltd	Healthcare	324.42	0.48	0.00	Feb25	5.59
Nippon India Small Cap Dir Gr	INF204K01K15	Gland Pharma Ltd	Healthcare	324.42	0.48	0.00	Mar25	15.51
Nippon India Small Cap Dir Gr	INF204K01K15	Gland Pharma Ltd	Healthcare	324.42	0.48	0.00	Mar25	15.51
Nippon India Small Cap Dir Gr	INF204K01K15	Gland Pharma Ltd	Healthcare	324.42	0.48	0.00	Apr25	12.51
Nippon India Small Cap Dir Gr	INF204K01K15	Gland Pharma Ltd	Healthcare	324.42	0.48	0.00	May25	11.15
Nippon India Small Cap Dir Gr	INF204K01K15	Gland Pharma Ltd	Healthcare	324.42	0.48	0.00	June25	10.18
Nippon India Small Cap Dir Gr	INF204K01K15	Gland Pharma Ltd	Healthcare	324.42	0.48	0.00	July25	9.19
Nippon India Small Cap Dir Gr	INF204K01K15	Gland Pharma Ltd	Healthcare	324.42	0.48	0.00	Aug25	8.13
Nippon India Small Cap Dir Gr	INF204K01K15	Central Depository Services (India) Ltd	Financial Services	323.04	0.48	0.00	Oct24	5.55
Nippon India Small Cap Dir Gr	INF204K01K15	Central Depository Services (India) Ltd	Financial Services	323.04	0.48	0.00	Nov24	7.52
Nippon India Small Cap Dir Gr	INF204K01K15	Central Depository Services (India) Ltd	Financial Services	323.04	0.48	0.00	Dec24	3.56
Nippon India Small Cap Dir Gr	INF204K01K15	Central Depository Services (India) Ltd	Financial Services	323.04	0.48	0.00	Jan25	5.32
Nippon India Small Cap Dir Gr	INF204K01K15	Central Depository Services (India) Ltd	Financial Services	323.04	0.48	0.00	Feb25	5.59
Nippon India Small Cap Dir Gr	INF204K01K15	Central Depository Services (India) Ltd	Financial Services	323.04	0.48	0.00	Mar25	15.51
Nippon India Small Cap Dir Gr	INF204K01K15	Central Depository Services (India) Ltd	Financial Services	323.04	0.48	0.00	Mar25	15.51
Nippon India Small Cap Dir Gr	INF204K01K15	Central Depository Services (India) Ltd	Financial Services	323.04	0.48	0.00	Apr25	12.51
Nippon India Small Cap Dir Gr	INF204K01K15	Central Depository Services (India) Ltd	Financial Services	323.04	0.48	0.00	May25	11.15
Nippon India Small Cap Dir Gr	INF204K01K15	Central Depository Services (India) Ltd	Financial Services	323.04	0.48	0.00	June25	10.18
Nippon India Small Cap Dir Gr	INF204K01K15	Central Depository Services (India) Ltd	Financial Services	323.04	0.48	0.00	July25	9.19
Nippon India Small Cap Dir Gr	INF204K01K15	Central Depository Services (India) Ltd	Financial Services	323.04	0.48	0.00	Aug25	8.13
Nippon India Small Cap Dir Gr	INF204K01K15	Carborundum Universal Ltd	Industrials	316.19	0.47	17.61	Oct24	5.55
Nippon India Small Cap Dir Gr	INF204K01K15	Carborundum Universal Ltd	Industrials	316.19	0.47	17.61	Nov24	7.52
Nippon India Small Cap Dir Gr	INF204K01K15	Carborundum Universal Ltd	Industrials	316.19	0.47	17.61	Dec24	3.56
Nippon India Small Cap Dir Gr	INF204K01K15	Carborundum Universal Ltd	Industrials	316.19	0.47	17.61	Jan25	5.32
Nippon India Small Cap Dir Gr	INF204K01K15	Carborundum Universal Ltd	Industrials	316.19	0.47	17.61	Feb25	5.59
Nippon India Small Cap Dir Gr	INF204K01K15	Carborundum Universal Ltd	Industrials	316.19	0.47	17.61	Mar25	15.51
Nippon India Small Cap Dir Gr	INF204K01K15	Carborundum Universal Ltd	Industrials	316.19	0.47	17.61	Mar25	15.51
Nippon India Small Cap Dir Gr	INF204K01K15	Carborundum Universal Ltd	Industrials	316.19	0.47	17.61	Apr25	12.51
Nippon India Small Cap Dir Gr	INF204K01K15	Carborundum Universal Ltd	Industrials	316.19	0.47	17.61	May25	11.15
Nippon India Small Cap Dir Gr	INF204K01K15	Carborundum Universal Ltd	Industrials	316.19	0.47	17.61	June25	10.18
Nippon India Small Cap Dir Gr	INF204K01K15	Carborundum Universal Ltd	Industrials	316.19	0.47	17.61	July25	9.19
Nippon India Small Cap Dir Gr	INF204K01K15	Carborundum Universal Ltd	Industrials	316.19	0.47	17.61	Aug25	8.13
Nippon India Small Cap Dir Gr	INF204K01K15	JTEKT India Ltd	Consumer Cyclical	315.48	0.47	0.00	Oct24	5.55
Nippon India Small Cap Dir Gr	INF204K01K15	JTEKT India Ltd	Consumer Cyclical	315.48	0.47	0.00	Nov24	7.52
Nippon India Small Cap Dir Gr	INF204K01K15	JTEKT India Ltd	Consumer Cyclical	315.48	0.47	0.00	Dec24	3.56
Nippon India Small Cap Dir Gr	INF204K01K15	JTEKT India Ltd	Consumer Cyclical	315.48	0.47	0.00	Jan25	5.32
Nippon India Small Cap Dir Gr	INF204K01K15	JTEKT India Ltd	Consumer Cyclical	315.48	0.47	0.00	Feb25	5.59
Nippon India Small Cap Dir Gr	INF204K01K15	JTEKT India Ltd	Consumer Cyclical	315.48	0.47	0.00	Mar25	15.51
Nippon India Small Cap Dir Gr	INF204K01K15	JTEKT India Ltd	Consumer Cyclical	315.48	0.47	0.00	Mar25	15.51
Nippon India Small Cap Dir Gr	INF204K01K15	JTEKT India Ltd	Consumer Cyclical	315.48	0.47	0.00	Apr25	12.51
Nippon India Small Cap Dir Gr	INF204K01K15	JTEKT India Ltd	Consumer Cyclical	315.48	0.47	0.00	May25	11.15
Nippon India Small Cap Dir Gr	INF204K01K15	JTEKT India Ltd	Consumer Cyclical	315.48	0.47	0.00	June25	10.18
Nippon India Small Cap Dir Gr	INF204K01K15	JTEKT India Ltd	Consumer Cyclical	315.48	0.47	0.00	July25	9.19
Nippon India Small Cap Dir Gr	INF204K01K15	JTEKT India Ltd	Consumer Cyclical	315.48	0.47	0.00	Aug25	8.13
Nippon India Small Cap Dir Gr	INF204K01K15	K.P.R. Mill Ltd	Consumer Cyclical	309.58	0.46	0.00	Oct24	5.55
Nippon India Small Cap Dir Gr	INF204K01K15	K.P.R. Mill Ltd	Consumer Cyclical	309.58	0.46	0.00	Nov24	7.52
Nippon India Small Cap Dir Gr	INF204K01K15	K.P.R. Mill Ltd	Consumer Cyclical	309.58	0.46	0.00	Dec24	3.56
Nippon India Small Cap Dir Gr	INF204K01K15	K.P.R. Mill Ltd	Consumer Cyclical	309.58	0.46	0.00	Jan25	5.32
Nippon India Small Cap Dir Gr	INF204K01K15	K.P.R. Mill Ltd	Consumer Cyclical	309.58	0.46	0.00	Feb25	5.59
Nippon India Small Cap Dir Gr	INF204K01K15	K.P.R. Mill Ltd	Consumer Cyclical	309.58	0.46	0.00	Mar25	15.51
Nippon India Small Cap Dir Gr	INF204K01K15	K.P.R. Mill Ltd	Consumer Cyclical	309.58	0.46	0.00	Mar25	15.51
Nippon India Small Cap Dir Gr	INF204K01K15	K.P.R. Mill Ltd	Consumer Cyclical	309.58	0.46	0.00	Apr25	12.51
Nippon India Small Cap Dir Gr	INF204K01K15	K.P.R. Mill Ltd	Consumer Cyclical	309.58	0.46	0.00	May25	11.15
Nippon India Small Cap Dir Gr	INF204K01K15	K.P.R. Mill Ltd	Consumer Cyclical	309.58	0.46	0.00	June25	10.18
Nippon India Small Cap Dir Gr	INF204K01K15	K.P.R. Mill Ltd	Consumer Cyclical	309.58	0.46	0.00	July25	9.19
Nippon India Small Cap Dir Gr	INF204K01K15	K.P.R. Mill Ltd	Consumer Cyclical	309.58	0.46	0.00	Aug25	8.13
Nippon India Small Cap Dir Gr	INF204K01K15	PhysicsWallah Ltd	Consumer Defensive	308.08	0.46	0.00	Oct24	5.55
Nippon India Small Cap Dir Gr	INF204K01K15	PhysicsWallah Ltd	Consumer Defensive	308.08	0.46	0.00	Nov24	7.52
Nippon India Small Cap Dir Gr	INF204K01K15	PhysicsWallah Ltd	Consumer Defensive	308.08	0.46	0.00	Dec24	3.56
Nippon India Small Cap Dir Gr	INF204K01K15	PhysicsWallah Ltd	Consumer Defensive	308.08	0.46	0.00	Jan25	5.32
Nippon India Small Cap Dir Gr	INF204K01K15	PhysicsWallah Ltd	Consumer Defensive	308.08	0.46	0.00	Feb25	5.59
Nippon India Small Cap Dir Gr	INF204K01K15	PhysicsWallah Ltd	Consumer Defensive	308.08	0.46	0.00	Mar25	15.51
Nippon India Small Cap Dir Gr	INF204K01K15	PhysicsWallah Ltd	Consumer Defensive	308.08	0.46	0.00	Mar25	15.51
Nippon India Small Cap Dir Gr	INF204K01K15	PhysicsWallah Ltd	Consumer Defensive	308.08	0.46	0.00	Apr25	12.51
Nippon India Small Cap Dir Gr	INF204K01K15	PhysicsWallah Ltd	Consumer Defensive	308.08	0.46	0.00	May25	11.15
Nippon India Small Cap Dir Gr	INF204K01K15	PhysicsWallah Ltd	Consumer Defensive	308.08	0.46	0.00	June25	10.18
Nippon India Small Cap Dir Gr	INF204K01K15	PhysicsWallah Ltd	Consumer Defensive	308.08	0.46	0.00	July25	9.19
Nippon India Small Cap Dir Gr	INF204K01K15	PhysicsWallah Ltd	Consumer Defensive	308.08	0.46	0.00	Aug25	8.13
Nippon India Small Cap Dir Gr	INF204K01K15	Bajaj Consumer Care Ltd	Consumer Defensive	307.94	0.46	0.00	Oct24	5.55
Nippon India Small Cap Dir Gr	INF204K01K15	Bajaj Consumer Care Ltd	Consumer Defensive	307.94	0.46	0.00	Nov24	7.52
Nippon India Small Cap Dir Gr	INF204K01K15	Bajaj Consumer Care Ltd	Consumer Defensive	307.94	0.46	0.00	Dec24	3.56
Nippon India Small Cap Dir Gr	INF204K01K15	Bajaj Consumer Care Ltd	Consumer Defensive	307.94	0.46	0.00	Jan25	5.32
Nippon India Small Cap Dir Gr	INF204K01K15	Bajaj Consumer Care Ltd	Consumer Defensive	307.94	0.46	0.00	Feb25	5.59
Nippon India Small Cap Dir Gr	INF204K01K15	Bajaj Consumer Care Ltd	Consumer Defensive	307.94	0.46	0.00	Mar25	15.51
Nippon India Small Cap Dir Gr	INF204K01K15	Bajaj Consumer Care Ltd	Consumer Defensive	307.94	0.46	0.00	Mar25	15.51
Nippon India Small Cap Dir Gr	INF204K01K15	Bajaj Consumer Care Ltd	Consumer Defensive	307.94	0.46	0.00	Apr25	12.51
Nippon India Small Cap Dir Gr	INF204K01K15	Bajaj Consumer Care Ltd	Consumer Defensive	307.94	0.46	0.00	May25	11.15
Nippon India Small Cap Dir Gr	INF204K01K15	Bajaj Consumer Care Ltd	Consumer Defensive	307.94	0.46	0.00	June25	10.18
Nippon India Small Cap Dir Gr	INF204K01K15	Bajaj Consumer Care Ltd	Consumer Defensive	307.94	0.46	0.00	July25	9.19
Nippon India Small Cap Dir Gr	INF204K01K15	Bajaj Consumer Care Ltd	Consumer Defensive	307.94	0.46	0.00	Aug25	8.13
Nippon India Small Cap Dir Gr	INF204K01K15	Coal India Ltd	Energy	301.46	0.45	0.00	Oct24	5.55
Nippon India Small Cap Dir Gr	INF204K01K15	Coal India Ltd	Energy	301.46	0.45	0.00	Nov24	7.52
Nippon India Small Cap Dir Gr	INF204K01K15	Coal India Ltd	Energy	301.46	0.45	0.00	Dec24	3.56
Nippon India Small Cap Dir Gr	INF204K01K15	Coal India Ltd	Energy	301.46	0.45	0.00	Jan25	5.32
Nippon India Small Cap Dir Gr	INF204K01K15	Coal India Ltd	Energy	301.46	0.45	0.00	Feb25	5.59
Nippon India Small Cap Dir Gr	INF204K01K15	Coal India Ltd	Energy	301.46	0.45	0.00	Mar25	15.51
Nippon India Small Cap Dir Gr	INF204K01K15	Coal India Ltd	Energy	301.46	0.45	0.00	Mar25	15.51
Nippon India Small Cap Dir Gr	INF204K01K15	Coal India Ltd	Energy	301.46	0.45	0.00	Apr25	12.51
Nippon India Small Cap Dir Gr	INF204K01K15	Coal India Ltd	Energy	301.46	0.45	0.00	May25	11.15
Nippon India Small Cap Dir Gr	INF204K01K15	Coal India Ltd	Energy	301.46	0.45	0.00	June25	10.18
Nippon India Small Cap Dir Gr	INF204K01K15	Coal India Ltd	Energy	301.46	0.45	0.00	July25	9.19
Nippon India Small Cap Dir Gr	INF204K01K15	Coal India Ltd	Energy	301.46	0.45	0.00	Aug25	8.13
Nippon India Small Cap Dir Gr	INF204K01K15	Syngene International Ltd	Healthcare	293.53	0.43	29.80	Oct24	5.55
Nippon India Small Cap Dir Gr	INF204K01K15	Syngene International Ltd	Healthcare	293.53	0.43	29.80	Nov24	7.52
Nippon India Small Cap Dir Gr	INF204K01K15	Syngene International Ltd	Healthcare	293.53	0.43	29.80	Dec24	3.56
Nippon India Small Cap Dir Gr	INF204K01K15	Syngene International Ltd	Healthcare	293.53	0.43	29.80	Jan25	5.32
Nippon India Small Cap Dir Gr	INF204K01K15	Syngene International Ltd	Healthcare	293.53	0.43	29.80	Feb25	5.59
Nippon India Small Cap Dir Gr	INF204K01K15	Syngene International Ltd	Healthcare	293.53	0.43	29.80	Mar25	15.51
Nippon India Small Cap Dir Gr	INF204K01K15	Syngene International Ltd	Healthcare	293.53	0.43	29.80	Mar25	15.51
Nippon India Small Cap Dir Gr	INF204K01K15	Syngene International Ltd	Healthcare	293.53	0.43	29.80	Apr25	12.51
Nippon India Small Cap Dir Gr	INF204K01K15	Syngene International Ltd	Healthcare	293.53	0.43	29.80	May25	11.15
Nippon India Small Cap Dir Gr	INF204K01K15	Syngene International Ltd	Healthcare	293.53	0.43	29.80	June25	10.18
Nippon India Small Cap Dir Gr	INF204K01K15	Syngene International Ltd	Healthcare	293.53	0.43	29.80	July25	9.19
Nippon India Small Cap Dir Gr	INF204K01K15	Syngene International Ltd	Healthcare	293.53	0.43	29.80	Aug25	8.13
Nippon India Small Cap Dir Gr	INF204K01K15	Cyient Ltd	Industrials	291.51	0.43	0.00	Oct24	5.55
Nippon India Small Cap Dir Gr	INF204K01K15	Cyient Ltd	Industrials	291.51	0.43	0.00	Nov24	7.52
Nippon India Small Cap Dir Gr	INF204K01K15	Cyient Ltd	Industrials	291.51	0.43	0.00	Dec24	3.56
Nippon India Small Cap Dir Gr	INF204K01K15	Cyient Ltd	Industrials	291.51	0.43	0.00	Jan25	5.32
Nippon India Small Cap Dir Gr	INF204K01K15	Cyient Ltd	Industrials	291.51	0.43	0.00	Feb25	5.59
Nippon India Small Cap Dir Gr	INF204K01K15	Cyient Ltd	Industrials	291.51	0.43	0.00	Mar25	15.51
Nippon India Small Cap Dir Gr	INF204K01K15	Cyient Ltd	Industrials	291.51	0.43	0.00	Mar25	15.51
Nippon India Small Cap Dir Gr	INF204K01K15	Cyient Ltd	Industrials	291.51	0.43	0.00	Apr25	12.51
Nippon India Small Cap Dir Gr	INF204K01K15	Cyient Ltd	Industrials	291.51	0.43	0.00	May25	11.15
Nippon India Small Cap Dir Gr	INF204K01K15	Cyient Ltd	Industrials	291.51	0.43	0.00	June25	10.18
Nippon India Small Cap Dir Gr	INF204K01K15	Cyient Ltd	Industrials	291.51	0.43	0.00	July25	9.19
Nippon India Small Cap Dir Gr	INF204K01K15	Cyient Ltd	Industrials	291.51	0.43	0.00	Aug25	8.13
Nippon India Small Cap Dir Gr	INF204K01K15	Tata Power Co Ltd	Utilities	290.98	0.43	0.00	Oct24	5.55
Nippon India Small Cap Dir Gr	INF204K01K15	Tata Power Co Ltd	Utilities	290.98	0.43	0.00	Nov24	7.52
Nippon India Small Cap Dir Gr	INF204K01K15	Tata Power Co Ltd	Utilities	290.98	0.43	0.00	Dec24	3.56
Nippon India Small Cap Dir Gr	INF204K01K15	Tata Power Co Ltd	Utilities	290.98	0.43	0.00	Jan25	5.32
Nippon India Small Cap Dir Gr	INF204K01K15	Tata Power Co Ltd	Utilities	290.98	0.43	0.00	Feb25	5.59
Nippon India Small Cap Dir Gr	INF204K01K15	Tata Power Co Ltd	Utilities	290.98	0.43	0.00	Mar25	15.51
Nippon India Small Cap Dir Gr	INF204K01K15	Tata Power Co Ltd	Utilities	290.98	0.43	0.00	Mar25	15.51
Nippon India Small Cap Dir Gr	INF204K01K15	Tata Power Co Ltd	Utilities	290.98	0.43	0.00	Apr25	12.51
Nippon India Small Cap Dir Gr	INF204K01K15	Tata Power Co Ltd	Utilities	290.98	0.43	0.00	May25	11.15
Nippon India Small Cap Dir Gr	INF204K01K15	Tata Power Co Ltd	Utilities	290.98	0.43	0.00	June25	10.18
Nippon India Small Cap Dir Gr	INF204K01K15	Tata Power Co Ltd	Utilities	290.98	0.43	0.00	July25	9.19
Nippon India Small Cap Dir Gr	INF204K01K15	Tata Power Co Ltd	Utilities	290.98	0.43	0.00	Aug25	8.13
Nippon India Small Cap Dir Gr	INF204K01K15	City Union Bank Ltd	Financial Services	290.15	0.43	0.00	Oct24	5.55
Nippon India Small Cap Dir Gr	INF204K01K15	City Union Bank Ltd	Financial Services	290.15	0.43	0.00	Nov24	7.52
Nippon India Small Cap Dir Gr	INF204K01K15	City Union Bank Ltd	Financial Services	290.15	0.43	0.00	Dec24	3.56
Nippon India Small Cap Dir Gr	INF204K01K15	City Union Bank Ltd	Financial Services	290.15	0.43	0.00	Jan25	5.32
Nippon India Small Cap Dir Gr	INF204K01K15	City Union Bank Ltd	Financial Services	290.15	0.43	0.00	Feb25	5.59
Nippon India Small Cap Dir Gr	INF204K01K15	City Union Bank Ltd	Financial Services	290.15	0.43	0.00	Mar25	15.51
Nippon India Small Cap Dir Gr	INF204K01K15	City Union Bank Ltd	Financial Services	290.15	0.43	0.00	Mar25	15.51
Nippon India Small Cap Dir Gr	INF204K01K15	City Union Bank Ltd	Financial Services	290.15	0.43	0.00	Apr25	12.51
Nippon India Small Cap Dir Gr	INF204K01K15	City Union Bank Ltd	Financial Services	290.15	0.43	0.00	May25	11.15
Nippon India Small Cap Dir Gr	INF204K01K15	City Union Bank Ltd	Financial Services	290.15	0.43	0.00	June25	10.18
Nippon India Small Cap Dir Gr	INF204K01K15	City Union Bank Ltd	Financial Services	290.15	0.43	0.00	July25	9.19
Nippon India Small Cap Dir Gr	INF204K01K15	City Union Bank Ltd	Financial Services	290.15	0.43	0.00	Aug25	8.13
Nippon India Small Cap Dir Gr	INF204K01K15	VST Tillers Tractors Ltd	Industrials	289.74	0.43	0.00	Oct24	5.55
Nippon India Small Cap Dir Gr	INF204K01K15	VST Tillers Tractors Ltd	Industrials	289.74	0.43	0.00	Nov24	7.52
Nippon India Small Cap Dir Gr	INF204K01K15	VST Tillers Tractors Ltd	Industrials	289.74	0.43	0.00	Dec24	3.56
Nippon India Small Cap Dir Gr	INF204K01K15	VST Tillers Tractors Ltd	Industrials	289.74	0.43	0.00	Jan25	5.32
Nippon India Small Cap Dir Gr	INF204K01K15	VST Tillers Tractors Ltd	Industrials	289.74	0.43	0.00	Feb25	5.59
Nippon India Small Cap Dir Gr	INF204K01K15	VST Tillers Tractors Ltd	Industrials	289.74	0.43	0.00	Mar25	15.51
Nippon India Small Cap Dir Gr	INF204K01K15	VST Tillers Tractors Ltd	Industrials	289.74	0.43	0.00	Mar25	15.51
Nippon India Small Cap Dir Gr	INF204K01K15	VST Tillers Tractors Ltd	Industrials	289.74	0.43	0.00	Apr25	12.51
Nippon India Small Cap Dir Gr	INF204K01K15	VST Tillers Tractors Ltd	Industrials	289.74	0.43	0.00	May25	11.15
Nippon India Small Cap Dir Gr	INF204K01K15	VST Tillers Tractors Ltd	Industrials	289.74	0.43	0.00	June25	10.18
Nippon India Small Cap Dir Gr	INF204K01K15	VST Tillers Tractors Ltd	Industrials	289.74	0.43	0.00	July25	9.19
Nippon India Small Cap Dir Gr	INF204K01K15	VST Tillers Tractors Ltd	Industrials	289.74	0.43	0.00	Aug25	8.13
Nippon India Small Cap Dir Gr	INF204K01K15	RBL Bank Ltd	Financial Services	285.63	0.42	0.00	Oct24	5.55
Nippon India Small Cap Dir Gr	INF204K01K15	RBL Bank Ltd	Financial Services	285.63	0.42	0.00	Nov24	7.52
Nippon India Small Cap Dir Gr	INF204K01K15	RBL Bank Ltd	Financial Services	285.63	0.42	0.00	Dec24	3.56
Nippon India Small Cap Dir Gr	INF204K01K15	RBL Bank Ltd	Financial Services	285.63	0.42	0.00	Jan25	5.32
Nippon India Small Cap Dir Gr	INF204K01K15	RBL Bank Ltd	Financial Services	285.63	0.42	0.00	Feb25	5.59
Nippon India Small Cap Dir Gr	INF204K01K15	RBL Bank Ltd	Financial Services	285.63	0.42	0.00	Mar25	15.51
Nippon India Small Cap Dir Gr	INF204K01K15	RBL Bank Ltd	Financial Services	285.63	0.42	0.00	Mar25	15.51
Nippon India Small Cap Dir Gr	INF204K01K15	RBL Bank Ltd	Financial Services	285.63	0.42	0.00	Apr25	12.51
Nippon India Small Cap Dir Gr	INF204K01K15	RBL Bank Ltd	Financial Services	285.63	0.42	0.00	May25	11.15
Nippon India Small Cap Dir Gr	INF204K01K15	RBL Bank Ltd	Financial Services	285.63	0.42	0.00	June25	10.18
Nippon India Small Cap Dir Gr	INF204K01K15	RBL Bank Ltd	Financial Services	285.63	0.42	0.00	July25	9.19
Nippon India Small Cap Dir Gr	INF204K01K15	RBL Bank Ltd	Financial Services	285.63	0.42	0.00	Aug25	8.13
Nippon India Small Cap Dir Gr	INF204K01K15	Rategain Travel Technologies Ltd	Technology	281.33	0.42	0.00	Oct24	5.55
Nippon India Small Cap Dir Gr	INF204K01K15	Rategain Travel Technologies Ltd	Technology	281.33	0.42	0.00	Nov24	7.52
Nippon India Small Cap Dir Gr	INF204K01K15	Rategain Travel Technologies Ltd	Technology	281.33	0.42	0.00	Dec24	3.56
Nippon India Small Cap Dir Gr	INF204K01K15	Rategain Travel Technologies Ltd	Technology	281.33	0.42	0.00	Jan25	5.32
Nippon India Small Cap Dir Gr	INF204K01K15	Rategain Travel Technologies Ltd	Technology	281.33	0.42	0.00	Feb25	5.59
Nippon India Small Cap Dir Gr	INF204K01K15	Rategain Travel Technologies Ltd	Technology	281.33	0.42	0.00	Mar25	15.51
Nippon India Small Cap Dir Gr	INF204K01K15	Rategain Travel Technologies Ltd	Technology	281.33	0.42	0.00	Mar25	15.51
Nippon India Small Cap Dir Gr	INF204K01K15	Rategain Travel Technologies Ltd	Technology	281.33	0.42	0.00	Apr25	12.51
Nippon India Small Cap Dir Gr	INF204K01K15	Rategain Travel Technologies Ltd	Technology	281.33	0.42	0.00	May25	11.15
Nippon India Small Cap Dir Gr	INF204K01K15	Rategain Travel Technologies Ltd	Technology	281.33	0.42	0.00	June25	10.18
Nippon India Small Cap Dir Gr	INF204K01K15	Rategain Travel Technologies Ltd	Technology	281.33	0.42	0.00	July25	9.19
Nippon India Small Cap Dir Gr	INF204K01K15	Rategain Travel Technologies Ltd	Technology	281.33	0.42	0.00	Aug25	8.13
Nippon India Small Cap Dir Gr	INF204K01K15	Finolex Cables Ltd	Industrials	277.79	0.41	0.00	Oct24	5.55
Nippon India Small Cap Dir Gr	INF204K01K15	Finolex Cables Ltd	Industrials	277.79	0.41	0.00	Nov24	7.52
Nippon India Small Cap Dir Gr	INF204K01K15	Finolex Cables Ltd	Industrials	277.79	0.41	0.00	Dec24	3.56
Nippon India Small Cap Dir Gr	INF204K01K15	Finolex Cables Ltd	Industrials	277.79	0.41	0.00	Jan25	5.32
Nippon India Small Cap Dir Gr	INF204K01K15	Finolex Cables Ltd	Industrials	277.79	0.41	0.00	Feb25	5.59
Nippon India Small Cap Dir Gr	INF204K01K15	Finolex Cables Ltd	Industrials	277.79	0.41	0.00	Mar25	15.51
Nippon India Small Cap Dir Gr	INF204K01K15	Finolex Cables Ltd	Industrials	277.79	0.41	0.00	Mar25	15.51
Nippon India Small Cap Dir Gr	INF204K01K15	Finolex Cables Ltd	Industrials	277.79	0.41	0.00	Apr25	12.51
Nippon India Small Cap Dir Gr	INF204K01K15	Finolex Cables Ltd	Industrials	277.79	0.41	0.00	May25	11.15
Nippon India Small Cap Dir Gr	INF204K01K15	Finolex Cables Ltd	Industrials	277.79	0.41	0.00	June25	10.18
Nippon India Small Cap Dir Gr	INF204K01K15	Finolex Cables Ltd	Industrials	277.79	0.41	0.00	July25	9.19
Nippon India Small Cap Dir Gr	INF204K01K15	Finolex Cables Ltd	Industrials	277.79	0.41	0.00	Aug25	8.13
Nippon India Small Cap Dir Gr	INF204K01K15	Kajaria Ceramics Ltd	Industrials	277.12	0.41	0.00	Oct24	5.55
Nippon India Small Cap Dir Gr	INF204K01K15	Kajaria Ceramics Ltd	Industrials	277.12	0.41	0.00	Nov24	7.52
Nippon India Small Cap Dir Gr	INF204K01K15	Kajaria Ceramics Ltd	Industrials	277.12	0.41	0.00	Dec24	3.56
Nippon India Small Cap Dir Gr	INF204K01K15	Kajaria Ceramics Ltd	Industrials	277.12	0.41	0.00	Jan25	5.32
Nippon India Small Cap Dir Gr	INF204K01K15	Kajaria Ceramics Ltd	Industrials	277.12	0.41	0.00	Feb25	5.59
Nippon India Small Cap Dir Gr	INF204K01K15	Kajaria Ceramics Ltd	Industrials	277.12	0.41	0.00	Mar25	15.51
Nippon India Small Cap Dir Gr	INF204K01K15	Kajaria Ceramics Ltd	Industrials	277.12	0.41	0.00	Mar25	15.51
Nippon India Small Cap Dir Gr	INF204K01K15	Kajaria Ceramics Ltd	Industrials	277.12	0.41	0.00	Apr25	12.51
Nippon India Small Cap Dir Gr	INF204K01K15	Kajaria Ceramics Ltd	Industrials	277.12	0.41	0.00	May25	11.15
Nippon India Small Cap Dir Gr	INF204K01K15	Kajaria Ceramics Ltd	Industrials	277.12	0.41	0.00	June25	10.18
Nippon India Small Cap Dir Gr	INF204K01K15	Kajaria Ceramics Ltd	Industrials	277.12	0.41	0.00	July25	9.19
Nippon India Small Cap Dir Gr	INF204K01K15	Kajaria Ceramics Ltd	Industrials	277.12	0.41	0.00	Aug25	8.13
Nippon India Small Cap Dir Gr	INF204K01K15	Jyothy Labs Ltd	Consumer Defensive	270.99	0.40	0.00	Oct24	5.55
Nippon India Small Cap Dir Gr	INF204K01K15	Jyothy Labs Ltd	Consumer Defensive	270.99	0.40	0.00	Nov24	7.52
Nippon India Small Cap Dir Gr	INF204K01K15	Jyothy Labs Ltd	Consumer Defensive	270.99	0.40	0.00	Dec24	3.56
Nippon India Small Cap Dir Gr	INF204K01K15	Jyothy Labs Ltd	Consumer Defensive	270.99	0.40	0.00	Jan25	5.32
Nippon India Small Cap Dir Gr	INF204K01K15	Jyothy Labs Ltd	Consumer Defensive	270.99	0.40	0.00	Feb25	5.59
Nippon India Small Cap Dir Gr	INF204K01K15	Jyothy Labs Ltd	Consumer Defensive	270.99	0.40	0.00	Mar25	15.51
Nippon India Small Cap Dir Gr	INF204K01K15	Jyothy Labs Ltd	Consumer Defensive	270.99	0.40	0.00	Mar25	15.51
Nippon India Small Cap Dir Gr	INF204K01K15	Jyothy Labs Ltd	Consumer Defensive	270.99	0.40	0.00	Apr25	12.51
Nippon India Small Cap Dir Gr	INF204K01K15	Jyothy Labs Ltd	Consumer Defensive	270.99	0.40	0.00	May25	11.15
Nippon India Small Cap Dir Gr	INF204K01K15	Jyothy Labs Ltd	Consumer Defensive	270.99	0.40	0.00	June25	10.18
Nippon India Small Cap Dir Gr	INF204K01K15	Jyothy Labs Ltd	Consumer Defensive	270.99	0.40	0.00	July25	9.19
Nippon India Small Cap Dir Gr	INF204K01K15	Jyothy Labs Ltd	Consumer Defensive	270.99	0.40	0.00	Aug25	8.13
Nippon India Small Cap Dir Gr	INF204K01K15	Birla Corp Ltd	Basic Materials	269.91	0.40	0.00	Oct24	5.55
Nippon India Small Cap Dir Gr	INF204K01K15	Birla Corp Ltd	Basic Materials	269.91	0.40	0.00	Nov24	7.52
Nippon India Small Cap Dir Gr	INF204K01K15	Birla Corp Ltd	Basic Materials	269.91	0.40	0.00	Dec24	3.56
Nippon India Small Cap Dir Gr	INF204K01K15	Birla Corp Ltd	Basic Materials	269.91	0.40	0.00	Jan25	5.32
Nippon India Small Cap Dir Gr	INF204K01K15	Birla Corp Ltd	Basic Materials	269.91	0.40	0.00	Feb25	5.59
Nippon India Small Cap Dir Gr	INF204K01K15	Birla Corp Ltd	Basic Materials	269.91	0.40	0.00	Mar25	15.51
Nippon India Small Cap Dir Gr	INF204K01K15	Birla Corp Ltd	Basic Materials	269.91	0.40	0.00	Mar25	15.51
Nippon India Small Cap Dir Gr	INF204K01K15	Birla Corp Ltd	Basic Materials	269.91	0.40	0.00	Apr25	12.51
Nippon India Small Cap Dir Gr	INF204K01K15	Birla Corp Ltd	Basic Materials	269.91	0.40	0.00	May25	11.15
Nippon India Small Cap Dir Gr	INF204K01K15	Birla Corp Ltd	Basic Materials	269.91	0.40	0.00	June25	10.18
Nippon India Small Cap Dir Gr	INF204K01K15	Birla Corp Ltd	Basic Materials	269.91	0.40	0.00	July25	9.19
Nippon India Small Cap Dir Gr	INF204K01K15	Birla Corp Ltd	Basic Materials	269.91	0.40	0.00	Aug25	8.13
Nippon India Small Cap Dir Gr	INF204K01K15	Linde India Ltd	Basic Materials	269.20	0.40	0.00	Oct24	5.55
Nippon India Small Cap Dir Gr	INF204K01K15	Linde India Ltd	Basic Materials	269.20	0.40	0.00	Nov24	7.52
Nippon India Small Cap Dir Gr	INF204K01K15	Linde India Ltd	Basic Materials	269.20	0.40	0.00	Dec24	3.56
Nippon India Small Cap Dir Gr	INF204K01K15	Linde India Ltd	Basic Materials	269.20	0.40	0.00	Jan25	5.32
Nippon India Small Cap Dir Gr	INF204K01K15	Linde India Ltd	Basic Materials	269.20	0.40	0.00	Feb25	5.59
Nippon India Small Cap Dir Gr	INF204K01K15	Linde India Ltd	Basic Materials	269.20	0.40	0.00	Mar25	15.51
Nippon India Small Cap Dir Gr	INF204K01K15	Linde India Ltd	Basic Materials	269.20	0.40	0.00	Mar25	15.51
Nippon India Small Cap Dir Gr	INF204K01K15	Linde India Ltd	Basic Materials	269.20	0.40	0.00	Apr25	12.51
Nippon India Small Cap Dir Gr	INF204K01K15	Linde India Ltd	Basic Materials	269.20	0.40	0.00	May25	11.15
Nippon India Small Cap Dir Gr	INF204K01K15	Linde India Ltd	Basic Materials	269.20	0.40	0.00	June25	10.18
Nippon India Small Cap Dir Gr	INF204K01K15	Linde India Ltd	Basic Materials	269.20	0.40	0.00	July25	9.19
Nippon India Small Cap Dir Gr	INF204K01K15	Linde India Ltd	Basic Materials	269.20	0.40	0.00	Aug25	8.13
Nippon India Small Cap Dir Gr	INF204K01K15	Galaxy Surfactants Ltd	Basic Materials	268.94	0.40	0.00	Oct24	5.55
Nippon India Small Cap Dir Gr	INF204K01K15	Galaxy Surfactants Ltd	Basic Materials	268.94	0.40	0.00	Nov24	7.52
Nippon India Small Cap Dir Gr	INF204K01K15	Galaxy Surfactants Ltd	Basic Materials	268.94	0.40	0.00	Dec24	3.56
Nippon India Small Cap Dir Gr	INF204K01K15	Galaxy Surfactants Ltd	Basic Materials	268.94	0.40	0.00	Jan25	5.32
Nippon India Small Cap Dir Gr	INF204K01K15	Galaxy Surfactants Ltd	Basic Materials	268.94	0.40	0.00	Feb25	5.59
Nippon India Small Cap Dir Gr	INF204K01K15	Galaxy Surfactants Ltd	Basic Materials	268.94	0.40	0.00	Mar25	15.51
Nippon India Small Cap Dir Gr	INF204K01K15	Galaxy Surfactants Ltd	Basic Materials	268.94	0.40	0.00	Mar25	15.51
Nippon India Small Cap Dir Gr	INF204K01K15	Galaxy Surfactants Ltd	Basic Materials	268.94	0.40	0.00	Apr25	12.51
Nippon India Small Cap Dir Gr	INF204K01K15	Galaxy Surfactants Ltd	Basic Materials	268.94	0.40	0.00	May25	11.15
Nippon India Small Cap Dir Gr	INF204K01K15	Galaxy Surfactants Ltd	Basic Materials	268.94	0.40	0.00	June25	10.18
Nippon India Small Cap Dir Gr	INF204K01K15	Galaxy Surfactants Ltd	Basic Materials	268.94	0.40	0.00	July25	9.19
Nippon India Small Cap Dir Gr	INF204K01K15	Galaxy Surfactants Ltd	Basic Materials	268.94	0.40	0.00	Aug25	8.13
Nippon India Small Cap Dir Gr	INF204K01K15	Indian Hotels Co Ltd	Consumer Cyclical	265.21	0.39	0.00	Oct24	5.55
Nippon India Small Cap Dir Gr	INF204K01K15	Indian Hotels Co Ltd	Consumer Cyclical	265.21	0.39	0.00	Nov24	7.52
Nippon India Small Cap Dir Gr	INF204K01K15	Indian Hotels Co Ltd	Consumer Cyclical	265.21	0.39	0.00	Dec24	3.56
Nippon India Small Cap Dir Gr	INF204K01K15	Indian Hotels Co Ltd	Consumer Cyclical	265.21	0.39	0.00	Jan25	5.32
Nippon India Small Cap Dir Gr	INF204K01K15	Indian Hotels Co Ltd	Consumer Cyclical	265.21	0.39	0.00	Feb25	5.59
Nippon India Small Cap Dir Gr	INF204K01K15	Indian Hotels Co Ltd	Consumer Cyclical	265.21	0.39	0.00	Mar25	15.51
Nippon India Small Cap Dir Gr	INF204K01K15	Indian Hotels Co Ltd	Consumer Cyclical	265.21	0.39	0.00	Mar25	15.51
Nippon India Small Cap Dir Gr	INF204K01K15	Indian Hotels Co Ltd	Consumer Cyclical	265.21	0.39	0.00	Apr25	12.51
Nippon India Small Cap Dir Gr	INF204K01K15	Indian Hotels Co Ltd	Consumer Cyclical	265.21	0.39	0.00	May25	11.15
Nippon India Small Cap Dir Gr	INF204K01K15	Indian Hotels Co Ltd	Consumer Cyclical	265.21	0.39	0.00	June25	10.18
Nippon India Small Cap Dir Gr	INF204K01K15	Indian Hotels Co Ltd	Consumer Cyclical	265.21	0.39	0.00	July25	9.19
Nippon India Small Cap Dir Gr	INF204K01K15	Indian Hotels Co Ltd	Consumer Cyclical	265.21	0.39	0.00	Aug25	8.13
Nippon India Small Cap Dir Gr	INF204K01K15	Bayer CropScience Ltd	Basic Materials	261.72	0.39	0.00	Oct24	5.55
Nippon India Small Cap Dir Gr	INF204K01K15	Bayer CropScience Ltd	Basic Materials	261.72	0.39	0.00	Nov24	7.52
Nippon India Small Cap Dir Gr	INF204K01K15	Bayer CropScience Ltd	Basic Materials	261.72	0.39	0.00	Dec24	3.56
Nippon India Small Cap Dir Gr	INF204K01K15	Bayer CropScience Ltd	Basic Materials	261.72	0.39	0.00	Jan25	5.32
Nippon India Small Cap Dir Gr	INF204K01K15	Bayer CropScience Ltd	Basic Materials	261.72	0.39	0.00	Feb25	5.59
Nippon India Small Cap Dir Gr	INF204K01K15	Bayer CropScience Ltd	Basic Materials	261.72	0.39	0.00	Mar25	15.51
Nippon India Small Cap Dir Gr	INF204K01K15	Bayer CropScience Ltd	Basic Materials	261.72	0.39	0.00	Mar25	15.51
Nippon India Small Cap Dir Gr	INF204K01K15	Bayer CropScience Ltd	Basic Materials	261.72	0.39	0.00	Apr25	12.51
Nippon India Small Cap Dir Gr	INF204K01K15	Bayer CropScience Ltd	Basic Materials	261.72	0.39	0.00	May25	11.15
Nippon India Small Cap Dir Gr	INF204K01K15	Bayer CropScience Ltd	Basic Materials	261.72	0.39	0.00	June25	10.18
Nippon India Small Cap Dir Gr	INF204K01K15	Bayer CropScience Ltd	Basic Materials	261.72	0.39	0.00	July25	9.19
Nippon India Small Cap Dir Gr	INF204K01K15	Bayer CropScience Ltd	Basic Materials	261.72	0.39	0.00	Aug25	8.13
Nippon India Small Cap Dir Gr	INF204K01K15	Ion Exchange (India) Ltd	Industrials	260.75	0.39	0.00	Oct24	5.55
Nippon India Small Cap Dir Gr	INF204K01K15	Ion Exchange (India) Ltd	Industrials	260.75	0.39	0.00	Nov24	7.52
Nippon India Small Cap Dir Gr	INF204K01K15	Ion Exchange (India) Ltd	Industrials	260.75	0.39	0.00	Dec24	3.56
Nippon India Small Cap Dir Gr	INF204K01K15	Ion Exchange (India) Ltd	Industrials	260.75	0.39	0.00	Jan25	5.32
Nippon India Small Cap Dir Gr	INF204K01K15	Ion Exchange (India) Ltd	Industrials	260.75	0.39	0.00	Feb25	5.59
Nippon India Small Cap Dir Gr	INF204K01K15	Ion Exchange (India) Ltd	Industrials	260.75	0.39	0.00	Mar25	15.51
Nippon India Small Cap Dir Gr	INF204K01K15	Ion Exchange (India) Ltd	Industrials	260.75	0.39	0.00	Mar25	15.51
Nippon India Small Cap Dir Gr	INF204K01K15	Ion Exchange (India) Ltd	Industrials	260.75	0.39	0.00	Apr25	12.51
Nippon India Small Cap Dir Gr	INF204K01K15	Ion Exchange (India) Ltd	Industrials	260.75	0.39	0.00	May25	11.15
Nippon India Small Cap Dir Gr	INF204K01K15	Ion Exchange (India) Ltd	Industrials	260.75	0.39	0.00	June25	10.18
Nippon India Small Cap Dir Gr	INF204K01K15	Ion Exchange (India) Ltd	Industrials	260.75	0.39	0.00	July25	9.19
Nippon India Small Cap Dir Gr	INF204K01K15	Ion Exchange (India) Ltd	Industrials	260.75	0.39	0.00	Aug25	8.13
Nippon India Small Cap Dir Gr	INF204K01K15	Persistent Systems Ltd	Technology	260.33	0.38	0.00	Oct24	5.55
Nippon India Small Cap Dir Gr	INF204K01K15	Persistent Systems Ltd	Technology	260.33	0.38	0.00	Nov24	7.52
Nippon India Small Cap Dir Gr	INF204K01K15	Persistent Systems Ltd	Technology	260.33	0.38	0.00	Dec24	3.56
Nippon India Small Cap Dir Gr	INF204K01K15	Persistent Systems Ltd	Technology	260.33	0.38	0.00	Jan25	5.32
Nippon India Small Cap Dir Gr	INF204K01K15	Persistent Systems Ltd	Technology	260.33	0.38	0.00	Feb25	5.59
Nippon India Small Cap Dir Gr	INF204K01K15	Persistent Systems Ltd	Technology	260.33	0.38	0.00	Mar25	15.51
Nippon India Small Cap Dir Gr	INF204K01K15	Persistent Systems Ltd	Technology	260.33	0.38	0.00	Mar25	15.51
Nippon India Small Cap Dir Gr	INF204K01K15	Persistent Systems Ltd	Technology	260.33	0.38	0.00	Apr25	12.51
Nippon India Small Cap Dir Gr	INF204K01K15	Persistent Systems Ltd	Technology	260.33	0.38	0.00	May25	11.15
Nippon India Small Cap Dir Gr	INF204K01K15	Persistent Systems Ltd	Technology	260.33	0.38	0.00	June25	10.18
Nippon India Small Cap Dir Gr	INF204K01K15	Persistent Systems Ltd	Technology	260.33	0.38	0.00	July25	9.19
Nippon India Small Cap Dir Gr	INF204K01K15	Persistent Systems Ltd	Technology	260.33	0.38	0.00	Aug25	8.13
Nippon India Small Cap Dir Gr	INF204K01K15	Infosys Ltd	Technology	260.02	0.38		Oct24	5.55
Nippon India Small Cap Dir Gr	INF204K01K15	Infosys Ltd	Technology	260.02	0.38		Nov24	7.52
Nippon India Small Cap Dir Gr	INF204K01K15	Infosys Ltd	Technology	260.02	0.38		Dec24	3.56
Nippon India Small Cap Dir Gr	INF204K01K15	Infosys Ltd	Technology	260.02	0.38		Jan25	5.32
Nippon India Small Cap Dir Gr	INF204K01K15	Infosys Ltd	Technology	260.02	0.38		Feb25	5.59
Nippon India Small Cap Dir Gr	INF204K01K15	Infosys Ltd	Technology	260.02	0.38		Mar25	15.51
Nippon India Small Cap Dir Gr	INF204K01K15	Infosys Ltd	Technology	260.02	0.38		Mar25	15.51
Nippon India Small Cap Dir Gr	INF204K01K15	Infosys Ltd	Technology	260.02	0.38		Apr25	12.51
Nippon India Small Cap Dir Gr	INF204K01K15	Infosys Ltd	Technology	260.02	0.38		May25	11.15
Nippon India Small Cap Dir Gr	INF204K01K15	Infosys Ltd	Technology	260.02	0.38		June25	10.18
Nippon India Small Cap Dir Gr	INF204K01K15	Infosys Ltd	Technology	260.02	0.38		July25	9.19
Nippon India Small Cap Dir Gr	INF204K01K15	Infosys Ltd	Technology	260.02	0.38		Aug25	8.13
Nippon India Small Cap Dir Gr	INF204K01K15	Godrej Agrovet Ltd Ordinary Shares	Consumer Defensive	257.45	0.38	0.00	Oct24	5.55
Nippon India Small Cap Dir Gr	INF204K01K15	Godrej Agrovet Ltd Ordinary Shares	Consumer Defensive	257.45	0.38	0.00	Nov24	7.52
Nippon India Small Cap Dir Gr	INF204K01K15	Godrej Agrovet Ltd Ordinary Shares	Consumer Defensive	257.45	0.38	0.00	Dec24	3.56
Nippon India Small Cap Dir Gr	INF204K01K15	Godrej Agrovet Ltd Ordinary Shares	Consumer Defensive	257.45	0.38	0.00	Jan25	5.32
Nippon India Small Cap Dir Gr	INF204K01K15	Godrej Agrovet Ltd Ordinary Shares	Consumer Defensive	257.45	0.38	0.00	Feb25	5.59
Nippon India Small Cap Dir Gr	INF204K01K15	Godrej Agrovet Ltd Ordinary Shares	Consumer Defensive	257.45	0.38	0.00	Mar25	15.51
Nippon India Small Cap Dir Gr	INF204K01K15	Godrej Agrovet Ltd Ordinary Shares	Consumer Defensive	257.45	0.38	0.00	Mar25	15.51
Nippon India Small Cap Dir Gr	INF204K01K15	Godrej Agrovet Ltd Ordinary Shares	Consumer Defensive	257.45	0.38	0.00	Apr25	12.51
Nippon India Small Cap Dir Gr	INF204K01K15	Godrej Agrovet Ltd Ordinary Shares	Consumer Defensive	257.45	0.38	0.00	May25	11.15
Nippon India Small Cap Dir Gr	INF204K01K15	Godrej Agrovet Ltd Ordinary Shares	Consumer Defensive	257.45	0.38	0.00	June25	10.18
Nippon India Small Cap Dir Gr	INF204K01K15	Godrej Agrovet Ltd Ordinary Shares	Consumer Defensive	257.45	0.38	0.00	July25	9.19
Nippon India Small Cap Dir Gr	INF204K01K15	Godrej Agrovet Ltd Ordinary Shares	Consumer Defensive	257.45	0.38	0.00	Aug25	8.13
Nippon India Small Cap Dir Gr	INF204K01K15	HealthCare Global Enterprises Ltd	Healthcare	253.29	0.37	0.00	Oct24	5.55
Nippon India Small Cap Dir Gr	INF204K01K15	HealthCare Global Enterprises Ltd	Healthcare	253.29	0.37	0.00	Nov24	7.52
Nippon India Small Cap Dir Gr	INF204K01K15	HealthCare Global Enterprises Ltd	Healthcare	253.29	0.37	0.00	Dec24	3.56
Nippon India Small Cap Dir Gr	INF204K01K15	HealthCare Global Enterprises Ltd	Healthcare	253.29	0.37	0.00	Jan25	5.32
Nippon India Small Cap Dir Gr	INF204K01K15	HealthCare Global Enterprises Ltd	Healthcare	253.29	0.37	0.00	Feb25	5.59
Nippon India Small Cap Dir Gr	INF204K01K15	HealthCare Global Enterprises Ltd	Healthcare	253.29	0.37	0.00	Mar25	15.51
Nippon India Small Cap Dir Gr	INF204K01K15	HealthCare Global Enterprises Ltd	Healthcare	253.29	0.37	0.00	Mar25	15.51
Nippon India Small Cap Dir Gr	INF204K01K15	HealthCare Global Enterprises Ltd	Healthcare	253.29	0.37	0.00	Apr25	12.51
Nippon India Small Cap Dir Gr	INF204K01K15	HealthCare Global Enterprises Ltd	Healthcare	253.29	0.37	0.00	May25	11.15
Nippon India Small Cap Dir Gr	INF204K01K15	HealthCare Global Enterprises Ltd	Healthcare	253.29	0.37	0.00	June25	10.18
Nippon India Small Cap Dir Gr	INF204K01K15	HealthCare Global Enterprises Ltd	Healthcare	253.29	0.37	0.00	July25	9.19
Nippon India Small Cap Dir Gr	INF204K01K15	HealthCare Global Enterprises Ltd	Healthcare	253.29	0.37	0.00	Aug25	8.13
Nippon India Small Cap Dir Gr	INF204K01K15	Tejas Networks Ltd	Technology	251.21	0.37	0.00	Oct24	5.55
Nippon India Small Cap Dir Gr	INF204K01K15	Tejas Networks Ltd	Technology	251.21	0.37	0.00	Nov24	7.52
Nippon India Small Cap Dir Gr	INF204K01K15	Tejas Networks Ltd	Technology	251.21	0.37	0.00	Dec24	3.56
Nippon India Small Cap Dir Gr	INF204K01K15	Tejas Networks Ltd	Technology	251.21	0.37	0.00	Jan25	5.32
Nippon India Small Cap Dir Gr	INF204K01K15	Tejas Networks Ltd	Technology	251.21	0.37	0.00	Feb25	5.59
Nippon India Small Cap Dir Gr	INF204K01K15	Tejas Networks Ltd	Technology	251.21	0.37	0.00	Mar25	15.51
Nippon India Small Cap Dir Gr	INF204K01K15	Tejas Networks Ltd	Technology	251.21	0.37	0.00	Mar25	15.51
Nippon India Small Cap Dir Gr	INF204K01K15	Tejas Networks Ltd	Technology	251.21	0.37	0.00	Apr25	12.51
Nippon India Small Cap Dir Gr	INF204K01K15	Tejas Networks Ltd	Technology	251.21	0.37	0.00	May25	11.15
Nippon India Small Cap Dir Gr	INF204K01K15	Tejas Networks Ltd	Technology	251.21	0.37	0.00	June25	10.18
Nippon India Small Cap Dir Gr	INF204K01K15	Tejas Networks Ltd	Technology	251.21	0.37	0.00	July25	9.19
Nippon India Small Cap Dir Gr	INF204K01K15	Tejas Networks Ltd	Technology	251.21	0.37	0.00	Aug25	8.13
Nippon India Small Cap Dir Gr	INF204K01K15	Aditya Birla Sun Life AMC Ltd	Financial Services	245.24	0.36	0.00	Oct24	5.55
Nippon India Small Cap Dir Gr	INF204K01K15	Aditya Birla Sun Life AMC Ltd	Financial Services	245.24	0.36	0.00	Nov24	7.52
Nippon India Small Cap Dir Gr	INF204K01K15	Aditya Birla Sun Life AMC Ltd	Financial Services	245.24	0.36	0.00	Dec24	3.56
Nippon India Small Cap Dir Gr	INF204K01K15	Aditya Birla Sun Life AMC Ltd	Financial Services	245.24	0.36	0.00	Jan25	5.32
Nippon India Small Cap Dir Gr	INF204K01K15	Aditya Birla Sun Life AMC Ltd	Financial Services	245.24	0.36	0.00	Feb25	5.59
Nippon India Small Cap Dir Gr	INF204K01K15	Aditya Birla Sun Life AMC Ltd	Financial Services	245.24	0.36	0.00	Mar25	15.51
Nippon India Small Cap Dir Gr	INF204K01K15	Aditya Birla Sun Life AMC Ltd	Financial Services	245.24	0.36	0.00	Mar25	15.51
Nippon India Small Cap Dir Gr	INF204K01K15	Aditya Birla Sun Life AMC Ltd	Financial Services	245.24	0.36	0.00	Apr25	12.51
Nippon India Small Cap Dir Gr	INF204K01K15	Aditya Birla Sun Life AMC Ltd	Financial Services	245.24	0.36	0.00	May25	11.15
Nippon India Small Cap Dir Gr	INF204K01K15	Aditya Birla Sun Life AMC Ltd	Financial Services	245.24	0.36	0.00	June25	10.18
Nippon India Small Cap Dir Gr	INF204K01K15	Aditya Birla Sun Life AMC Ltd	Financial Services	245.24	0.36	0.00	July25	9.19
Nippon India Small Cap Dir Gr	INF204K01K15	Aditya Birla Sun Life AMC Ltd	Financial Services	245.24	0.36	0.00	Aug25	8.13
Nippon India Small Cap Dir Gr	INF204K01K15	Indigo Paints Ltd Ordinary Shares	Basic Materials	243.57	0.36	0.00	Oct24	5.55
Nippon India Small Cap Dir Gr	INF204K01K15	Indigo Paints Ltd Ordinary Shares	Basic Materials	243.57	0.36	0.00	Nov24	7.52
Nippon India Small Cap Dir Gr	INF204K01K15	Indigo Paints Ltd Ordinary Shares	Basic Materials	243.57	0.36	0.00	Dec24	3.56
Nippon India Small Cap Dir Gr	INF204K01K15	Indigo Paints Ltd Ordinary Shares	Basic Materials	243.57	0.36	0.00	Jan25	5.32
Nippon India Small Cap Dir Gr	INF204K01K15	Indigo Paints Ltd Ordinary Shares	Basic Materials	243.57	0.36	0.00	Feb25	5.59
Nippon India Small Cap Dir Gr	INF204K01K15	Indigo Paints Ltd Ordinary Shares	Basic Materials	243.57	0.36	0.00	Mar25	15.51
Nippon India Small Cap Dir Gr	INF204K01K15	Indigo Paints Ltd Ordinary Shares	Basic Materials	243.57	0.36	0.00	Mar25	15.51
Nippon India Small Cap Dir Gr	INF204K01K15	Indigo Paints Ltd Ordinary Shares	Basic Materials	243.57	0.36	0.00	Apr25	12.51
Nippon India Small Cap Dir Gr	INF204K01K15	Indigo Paints Ltd Ordinary Shares	Basic Materials	243.57	0.36	0.00	May25	11.15
Nippon India Small Cap Dir Gr	INF204K01K15	Indigo Paints Ltd Ordinary Shares	Basic Materials	243.57	0.36	0.00	June25	10.18
Nippon India Small Cap Dir Gr	INF204K01K15	Indigo Paints Ltd Ordinary Shares	Basic Materials	243.57	0.36	0.00	July25	9.19
Nippon India Small Cap Dir Gr	INF204K01K15	Indigo Paints Ltd Ordinary Shares	Basic Materials	243.57	0.36	0.00	Aug25	8.13
Nippon India Small Cap Dir Gr	INF204K01K15	Adani Ports & Special Economic Zone Ltd	Industrials	242.41	0.36		Oct24	5.55
Nippon India Small Cap Dir Gr	INF204K01K15	Adani Ports & Special Economic Zone Ltd	Industrials	242.41	0.36		Nov24	7.52
Nippon India Small Cap Dir Gr	INF204K01K15	Adani Ports & Special Economic Zone Ltd	Industrials	242.41	0.36		Dec24	3.56
Nippon India Small Cap Dir Gr	INF204K01K15	Adani Ports & Special Economic Zone Ltd	Industrials	242.41	0.36		Jan25	5.32
Nippon India Small Cap Dir Gr	INF204K01K15	Adani Ports & Special Economic Zone Ltd	Industrials	242.41	0.36		Feb25	5.59
Nippon India Small Cap Dir Gr	INF204K01K15	Adani Ports & Special Economic Zone Ltd	Industrials	242.41	0.36		Mar25	15.51
Nippon India Small Cap Dir Gr	INF204K01K15	Adani Ports & Special Economic Zone Ltd	Industrials	242.41	0.36		Mar25	15.51
Nippon India Small Cap Dir Gr	INF204K01K15	Adani Ports & Special Economic Zone Ltd	Industrials	242.41	0.36		Apr25	12.51
Nippon India Small Cap Dir Gr	INF204K01K15	Adani Ports & Special Economic Zone Ltd	Industrials	242.41	0.36		May25	11.15
Nippon India Small Cap Dir Gr	INF204K01K15	Adani Ports & Special Economic Zone Ltd	Industrials	242.41	0.36		June25	10.18
Nippon India Small Cap Dir Gr	INF204K01K15	Adani Ports & Special Economic Zone Ltd	Industrials	242.41	0.36		July25	9.19
Nippon India Small Cap Dir Gr	INF204K01K15	Adani Ports & Special Economic Zone Ltd	Industrials	242.41	0.36		Aug25	8.13
Nippon India Small Cap Dir Gr	INF204K01K15	Aarti Industries Ltd	Basic Materials	239.82	0.35	0.00	Oct24	5.55
Nippon India Small Cap Dir Gr	INF204K01K15	Aarti Industries Ltd	Basic Materials	239.82	0.35	0.00	Nov24	7.52
Nippon India Small Cap Dir Gr	INF204K01K15	Aarti Industries Ltd	Basic Materials	239.82	0.35	0.00	Dec24	3.56
Nippon India Small Cap Dir Gr	INF204K01K15	Aarti Industries Ltd	Basic Materials	239.82	0.35	0.00	Jan25	5.32
Nippon India Small Cap Dir Gr	INF204K01K15	Aarti Industries Ltd	Basic Materials	239.82	0.35	0.00	Feb25	5.59
Nippon India Small Cap Dir Gr	INF204K01K15	Aarti Industries Ltd	Basic Materials	239.82	0.35	0.00	Mar25	15.51
Nippon India Small Cap Dir Gr	INF204K01K15	Aarti Industries Ltd	Basic Materials	239.82	0.35	0.00	Mar25	15.51
Nippon India Small Cap Dir Gr	INF204K01K15	Aarti Industries Ltd	Basic Materials	239.82	0.35	0.00	Apr25	12.51
Nippon India Small Cap Dir Gr	INF204K01K15	Aarti Industries Ltd	Basic Materials	239.82	0.35	0.00	May25	11.15
Nippon India Small Cap Dir Gr	INF204K01K15	Aarti Industries Ltd	Basic Materials	239.82	0.35	0.00	June25	10.18
Nippon India Small Cap Dir Gr	INF204K01K15	Aarti Industries Ltd	Basic Materials	239.82	0.35	0.00	July25	9.19
Nippon India Small Cap Dir Gr	INF204K01K15	Aarti Industries Ltd	Basic Materials	239.82	0.35	0.00	Aug25	8.13
Nippon India Small Cap Dir Gr	INF204K01K15	CARE Ratings Ltd	Financial Services	238.11	0.35	0.00	Oct24	5.55
Nippon India Small Cap Dir Gr	INF204K01K15	CARE Ratings Ltd	Financial Services	238.11	0.35	0.00	Nov24	7.52
Nippon India Small Cap Dir Gr	INF204K01K15	CARE Ratings Ltd	Financial Services	238.11	0.35	0.00	Dec24	3.56
Nippon India Small Cap Dir Gr	INF204K01K15	CARE Ratings Ltd	Financial Services	238.11	0.35	0.00	Jan25	5.32
Nippon India Small Cap Dir Gr	INF204K01K15	CARE Ratings Ltd	Financial Services	238.11	0.35	0.00	Feb25	5.59
Nippon India Small Cap Dir Gr	INF204K01K15	CARE Ratings Ltd	Financial Services	238.11	0.35	0.00	Mar25	15.51
Nippon India Small Cap Dir Gr	INF204K01K15	CARE Ratings Ltd	Financial Services	238.11	0.35	0.00	Mar25	15.51
Nippon India Small Cap Dir Gr	INF204K01K15	CARE Ratings Ltd	Financial Services	238.11	0.35	0.00	Apr25	12.51
Nippon India Small Cap Dir Gr	INF204K01K15	CARE Ratings Ltd	Financial Services	238.11	0.35	0.00	May25	11.15
Nippon India Small Cap Dir Gr	INF204K01K15	CARE Ratings Ltd	Financial Services	238.11	0.35	0.00	June25	10.18
Nippon India Small Cap Dir Gr	INF204K01K15	CARE Ratings Ltd	Financial Services	238.11	0.35	0.00	July25	9.19
Nippon India Small Cap Dir Gr	INF204K01K15	CARE Ratings Ltd	Financial Services	238.11	0.35	0.00	Aug25	8.13
Nippon India Small Cap Dir Gr	INF204K01K15	Allied Blenders and Distillers Ltd	Consumer Defensive	235.06	0.35	0.00	Oct24	5.55
Nippon India Small Cap Dir Gr	INF204K01K15	Allied Blenders and Distillers Ltd	Consumer Defensive	235.06	0.35	0.00	Nov24	7.52
Nippon India Small Cap Dir Gr	INF204K01K15	Allied Blenders and Distillers Ltd	Consumer Defensive	235.06	0.35	0.00	Dec24	3.56
Nippon India Small Cap Dir Gr	INF204K01K15	Allied Blenders and Distillers Ltd	Consumer Defensive	235.06	0.35	0.00	Jan25	5.32
Nippon India Small Cap Dir Gr	INF204K01K15	Allied Blenders and Distillers Ltd	Consumer Defensive	235.06	0.35	0.00	Feb25	5.59
Nippon India Small Cap Dir Gr	INF204K01K15	Allied Blenders and Distillers Ltd	Consumer Defensive	235.06	0.35	0.00	Mar25	15.51
Nippon India Small Cap Dir Gr	INF204K01K15	Allied Blenders and Distillers Ltd	Consumer Defensive	235.06	0.35	0.00	Mar25	15.51
Nippon India Small Cap Dir Gr	INF204K01K15	Allied Blenders and Distillers Ltd	Consumer Defensive	235.06	0.35	0.00	Apr25	12.51
Nippon India Small Cap Dir Gr	INF204K01K15	Allied Blenders and Distillers Ltd	Consumer Defensive	235.06	0.35	0.00	May25	11.15
Nippon India Small Cap Dir Gr	INF204K01K15	Allied Blenders and Distillers Ltd	Consumer Defensive	235.06	0.35	0.00	June25	10.18
Nippon India Small Cap Dir Gr	INF204K01K15	Allied Blenders and Distillers Ltd	Consumer Defensive	235.06	0.35	0.00	July25	9.19
Nippon India Small Cap Dir Gr	INF204K01K15	Allied Blenders and Distillers Ltd	Consumer Defensive	235.06	0.35	0.00	Aug25	8.13
Nippon India Small Cap Dir Gr	INF204K01K15	CIE Automotive India Ltd	Consumer Cyclical	234.26	0.35	0.00	Oct24	5.55
Nippon India Small Cap Dir Gr	INF204K01K15	CIE Automotive India Ltd	Consumer Cyclical	234.26	0.35	0.00	Nov24	7.52
Nippon India Small Cap Dir Gr	INF204K01K15	CIE Automotive India Ltd	Consumer Cyclical	234.26	0.35	0.00	Dec24	3.56
Nippon India Small Cap Dir Gr	INF204K01K15	CIE Automotive India Ltd	Consumer Cyclical	234.26	0.35	0.00	Jan25	5.32
Nippon India Small Cap Dir Gr	INF204K01K15	CIE Automotive India Ltd	Consumer Cyclical	234.26	0.35	0.00	Feb25	5.59
Nippon India Small Cap Dir Gr	INF204K01K15	CIE Automotive India Ltd	Consumer Cyclical	234.26	0.35	0.00	Mar25	15.51
Nippon India Small Cap Dir Gr	INF204K01K15	CIE Automotive India Ltd	Consumer Cyclical	234.26	0.35	0.00	Mar25	15.51
Nippon India Small Cap Dir Gr	INF204K01K15	CIE Automotive India Ltd	Consumer Cyclical	234.26	0.35	0.00	Apr25	12.51
Nippon India Small Cap Dir Gr	INF204K01K15	CIE Automotive India Ltd	Consumer Cyclical	234.26	0.35	0.00	May25	11.15
Nippon India Small Cap Dir Gr	INF204K01K15	CIE Automotive India Ltd	Consumer Cyclical	234.26	0.35	0.00	June25	10.18
Nippon India Small Cap Dir Gr	INF204K01K15	CIE Automotive India Ltd	Consumer Cyclical	234.26	0.35	0.00	July25	9.19
Nippon India Small Cap Dir Gr	INF204K01K15	CIE Automotive India Ltd	Consumer Cyclical	234.26	0.35	0.00	Aug25	8.13
Nippon India Small Cap Dir Gr	INF204K01K15	Delhivery Ltd	Industrials	232.61	0.34	0.00	Oct24	5.55
Nippon India Small Cap Dir Gr	INF204K01K15	Delhivery Ltd	Industrials	232.61	0.34	0.00	Nov24	7.52
Nippon India Small Cap Dir Gr	INF204K01K15	Delhivery Ltd	Industrials	232.61	0.34	0.00	Dec24	3.56
Nippon India Small Cap Dir Gr	INF204K01K15	Delhivery Ltd	Industrials	232.61	0.34	0.00	Jan25	5.32
Nippon India Small Cap Dir Gr	INF204K01K15	Delhivery Ltd	Industrials	232.61	0.34	0.00	Feb25	5.59
Nippon India Small Cap Dir Gr	INF204K01K15	Delhivery Ltd	Industrials	232.61	0.34	0.00	Mar25	15.51
Nippon India Small Cap Dir Gr	INF204K01K15	Delhivery Ltd	Industrials	232.61	0.34	0.00	Mar25	15.51
Nippon India Small Cap Dir Gr	INF204K01K15	Delhivery Ltd	Industrials	232.61	0.34	0.00	Apr25	12.51
Nippon India Small Cap Dir Gr	INF204K01K15	Delhivery Ltd	Industrials	232.61	0.34	0.00	May25	11.15
Nippon India Small Cap Dir Gr	INF204K01K15	Delhivery Ltd	Industrials	232.61	0.34	0.00	June25	10.18
Nippon India Small Cap Dir Gr	INF204K01K15	Delhivery Ltd	Industrials	232.61	0.34	0.00	July25	9.19
Nippon India Small Cap Dir Gr	INF204K01K15	Delhivery Ltd	Industrials	232.61	0.34	0.00	Aug25	8.13
Nippon India Small Cap Dir Gr	INF204K01K15	Genus Power Infrastructures Ltd	Industrials	229.52	0.34	0.00	Oct24	5.55
Nippon India Small Cap Dir Gr	INF204K01K15	Genus Power Infrastructures Ltd	Industrials	229.52	0.34	0.00	Nov24	7.52
Nippon India Small Cap Dir Gr	INF204K01K15	Genus Power Infrastructures Ltd	Industrials	229.52	0.34	0.00	Dec24	3.56
Nippon India Small Cap Dir Gr	INF204K01K15	Genus Power Infrastructures Ltd	Industrials	229.52	0.34	0.00	Jan25	5.32
Nippon India Small Cap Dir Gr	INF204K01K15	Genus Power Infrastructures Ltd	Industrials	229.52	0.34	0.00	Feb25	5.59
Nippon India Small Cap Dir Gr	INF204K01K15	Genus Power Infrastructures Ltd	Industrials	229.52	0.34	0.00	Mar25	15.51
Nippon India Small Cap Dir Gr	INF204K01K15	Genus Power Infrastructures Ltd	Industrials	229.52	0.34	0.00	Mar25	15.51
Nippon India Small Cap Dir Gr	INF204K01K15	Genus Power Infrastructures Ltd	Industrials	229.52	0.34	0.00	Apr25	12.51
Nippon India Small Cap Dir Gr	INF204K01K15	Genus Power Infrastructures Ltd	Industrials	229.52	0.34	0.00	May25	11.15
Nippon India Small Cap Dir Gr	INF204K01K15	Genus Power Infrastructures Ltd	Industrials	229.52	0.34	0.00	June25	10.18
Nippon India Small Cap Dir Gr	INF204K01K15	Genus Power Infrastructures Ltd	Industrials	229.52	0.34	0.00	July25	9.19
Nippon India Small Cap Dir Gr	INF204K01K15	Genus Power Infrastructures Ltd	Industrials	229.52	0.34	0.00	Aug25	8.13
Nippon India Small Cap Dir Gr	INF204K01K15	Aditya Birla Lifestyle Brands Ltd	Consumer Cyclical	228.40	0.34	0.00	Oct24	5.55
Nippon India Small Cap Dir Gr	INF204K01K15	Aditya Birla Lifestyle Brands Ltd	Consumer Cyclical	228.40	0.34	0.00	Nov24	7.52
Nippon India Small Cap Dir Gr	INF204K01K15	Aditya Birla Lifestyle Brands Ltd	Consumer Cyclical	228.40	0.34	0.00	Dec24	3.56
Nippon India Small Cap Dir Gr	INF204K01K15	Aditya Birla Lifestyle Brands Ltd	Consumer Cyclical	228.40	0.34	0.00	Jan25	5.32
Nippon India Small Cap Dir Gr	INF204K01K15	Aditya Birla Lifestyle Brands Ltd	Consumer Cyclical	228.40	0.34	0.00	Feb25	5.59
Nippon India Small Cap Dir Gr	INF204K01K15	Aditya Birla Lifestyle Brands Ltd	Consumer Cyclical	228.40	0.34	0.00	Mar25	15.51
Nippon India Small Cap Dir Gr	INF204K01K15	Aditya Birla Lifestyle Brands Ltd	Consumer Cyclical	228.40	0.34	0.00	Mar25	15.51
Nippon India Small Cap Dir Gr	INF204K01K15	Aditya Birla Lifestyle Brands Ltd	Consumer Cyclical	228.40	0.34	0.00	Apr25	12.51
Nippon India Small Cap Dir Gr	INF204K01K15	Aditya Birla Lifestyle Brands Ltd	Consumer Cyclical	228.40	0.34	0.00	May25	11.15
Nippon India Small Cap Dir Gr	INF204K01K15	Aditya Birla Lifestyle Brands Ltd	Consumer Cyclical	228.40	0.34	0.00	June25	10.18
Nippon India Small Cap Dir Gr	INF204K01K15	Aditya Birla Lifestyle Brands Ltd	Consumer Cyclical	228.40	0.34	0.00	July25	9.19
Nippon India Small Cap Dir Gr	INF204K01K15	Aditya Birla Lifestyle Brands Ltd	Consumer Cyclical	228.40	0.34	0.00	Aug25	8.13
Nippon India Small Cap Dir Gr	INF204K01K15	Clean Science and Technology Ltd	Basic Materials	227.25	0.34	0.00	Oct24	5.55
Nippon India Small Cap Dir Gr	INF204K01K15	Clean Science and Technology Ltd	Basic Materials	227.25	0.34	0.00	Nov24	7.52
Nippon India Small Cap Dir Gr	INF204K01K15	Clean Science and Technology Ltd	Basic Materials	227.25	0.34	0.00	Dec24	3.56
Nippon India Small Cap Dir Gr	INF204K01K15	Clean Science and Technology Ltd	Basic Materials	227.25	0.34	0.00	Jan25	5.32
Nippon India Small Cap Dir Gr	INF204K01K15	Clean Science and Technology Ltd	Basic Materials	227.25	0.34	0.00	Feb25	5.59
Nippon India Small Cap Dir Gr	INF204K01K15	Clean Science and Technology Ltd	Basic Materials	227.25	0.34	0.00	Mar25	15.51
Nippon India Small Cap Dir Gr	INF204K01K15	Clean Science and Technology Ltd	Basic Materials	227.25	0.34	0.00	Mar25	15.51
Nippon India Small Cap Dir Gr	INF204K01K15	Clean Science and Technology Ltd	Basic Materials	227.25	0.34	0.00	Apr25	12.51
Nippon India Small Cap Dir Gr	INF204K01K15	Clean Science and Technology Ltd	Basic Materials	227.25	0.34	0.00	May25	11.15
Nippon India Small Cap Dir Gr	INF204K01K15	Clean Science and Technology Ltd	Basic Materials	227.25	0.34	0.00	June25	10.18
Nippon India Small Cap Dir Gr	INF204K01K15	Clean Science and Technology Ltd	Basic Materials	227.25	0.34	0.00	July25	9.19
Nippon India Small Cap Dir Gr	INF204K01K15	Clean Science and Technology Ltd	Basic Materials	227.25	0.34	0.00	Aug25	8.13
Nippon India Small Cap Dir Gr	INF204K01K15	Bluestone Jewellery And Lifestyle Ltd	Consumer Cyclical	226.90	0.34	0.00	Oct24	5.55
Nippon India Small Cap Dir Gr	INF204K01K15	Bluestone Jewellery And Lifestyle Ltd	Consumer Cyclical	226.90	0.34	0.00	Nov24	7.52
Nippon India Small Cap Dir Gr	INF204K01K15	Bluestone Jewellery And Lifestyle Ltd	Consumer Cyclical	226.90	0.34	0.00	Dec24	3.56
Nippon India Small Cap Dir Gr	INF204K01K15	Bluestone Jewellery And Lifestyle Ltd	Consumer Cyclical	226.90	0.34	0.00	Jan25	5.32
Nippon India Small Cap Dir Gr	INF204K01K15	Bluestone Jewellery And Lifestyle Ltd	Consumer Cyclical	226.90	0.34	0.00	Feb25	5.59
Nippon India Small Cap Dir Gr	INF204K01K15	Bluestone Jewellery And Lifestyle Ltd	Consumer Cyclical	226.90	0.34	0.00	Mar25	15.51
Nippon India Small Cap Dir Gr	INF204K01K15	Bluestone Jewellery And Lifestyle Ltd	Consumer Cyclical	226.90	0.34	0.00	Mar25	15.51
Nippon India Small Cap Dir Gr	INF204K01K15	Bluestone Jewellery And Lifestyle Ltd	Consumer Cyclical	226.90	0.34	0.00	Apr25	12.51
Nippon India Small Cap Dir Gr	INF204K01K15	Bluestone Jewellery And Lifestyle Ltd	Consumer Cyclical	226.90	0.34	0.00	May25	11.15
Nippon India Small Cap Dir Gr	INF204K01K15	Bluestone Jewellery And Lifestyle Ltd	Consumer Cyclical	226.90	0.34	0.00	June25	10.18
Nippon India Small Cap Dir Gr	INF204K01K15	Bluestone Jewellery And Lifestyle Ltd	Consumer Cyclical	226.90	0.34	0.00	July25	9.19
Nippon India Small Cap Dir Gr	INF204K01K15	Bluestone Jewellery And Lifestyle Ltd	Consumer Cyclical	226.90	0.34	0.00	Aug25	8.13
Nippon India Small Cap Dir Gr	INF204K01K15	Net Current Assets		224.47	0.33		Oct24	5.55
Nippon India Small Cap Dir Gr	INF204K01K15	Net Current Assets		224.47	0.33		Nov24	7.52
Nippon India Small Cap Dir Gr	INF204K01K15	Net Current Assets		224.47	0.33		Dec24	3.56
Nippon India Small Cap Dir Gr	INF204K01K15	Net Current Assets		224.47	0.33		Jan25	5.32
Nippon India Small Cap Dir Gr	INF204K01K15	Net Current Assets		224.47	0.33		Feb25	5.59
Nippon India Small Cap Dir Gr	INF204K01K15	Net Current Assets		224.47	0.33		Mar25	15.51
Nippon India Small Cap Dir Gr	INF204K01K15	Net Current Assets		224.47	0.33		Mar25	15.51
Nippon India Small Cap Dir Gr	INF204K01K15	Net Current Assets		224.47	0.33		Apr25	12.51
Nippon India Small Cap Dir Gr	INF204K01K15	Net Current Assets		224.47	0.33		May25	11.15
Nippon India Small Cap Dir Gr	INF204K01K15	Net Current Assets		224.47	0.33		June25	10.18
Nippon India Small Cap Dir Gr	INF204K01K15	Net Current Assets		224.47	0.33		July25	9.19
Nippon India Small Cap Dir Gr	INF204K01K15	Net Current Assets		224.47	0.33		Aug25	8.13
Nippon India Small Cap Dir Gr	INF204K01K15	Aditya Birla Real Estate Ltd	Real Estate	222.12	0.33	0.00	Oct24	5.55
Nippon India Small Cap Dir Gr	INF204K01K15	Aditya Birla Real Estate Ltd	Real Estate	222.12	0.33	0.00	Nov24	7.52
Nippon India Small Cap Dir Gr	INF204K01K15	Aditya Birla Real Estate Ltd	Real Estate	222.12	0.33	0.00	Dec24	3.56
Nippon India Small Cap Dir Gr	INF204K01K15	Aditya Birla Real Estate Ltd	Real Estate	222.12	0.33	0.00	Jan25	5.32
Nippon India Small Cap Dir Gr	INF204K01K15	Aditya Birla Real Estate Ltd	Real Estate	222.12	0.33	0.00	Feb25	5.59
Nippon India Small Cap Dir Gr	INF204K01K15	Aditya Birla Real Estate Ltd	Real Estate	222.12	0.33	0.00	Mar25	15.51
Nippon India Small Cap Dir Gr	INF204K01K15	Aditya Birla Real Estate Ltd	Real Estate	222.12	0.33	0.00	Mar25	15.51
Nippon India Small Cap Dir Gr	INF204K01K15	Aditya Birla Real Estate Ltd	Real Estate	222.12	0.33	0.00	Apr25	12.51
Nippon India Small Cap Dir Gr	INF204K01K15	Aditya Birla Real Estate Ltd	Real Estate	222.12	0.33	0.00	May25	11.15
Nippon India Small Cap Dir Gr	INF204K01K15	Aditya Birla Real Estate Ltd	Real Estate	222.12	0.33	0.00	June25	10.18
Nippon India Small Cap Dir Gr	INF204K01K15	Aditya Birla Real Estate Ltd	Real Estate	222.12	0.33	0.00	July25	9.19
Nippon India Small Cap Dir Gr	INF204K01K15	Aditya Birla Real Estate Ltd	Real Estate	222.12	0.33	0.00	Aug25	8.13
Nippon India Small Cap Dir Gr	INF204K01K15	Grindwell Norton Ltd	Industrials	221.64	0.33	0.00	Oct24	5.55
Nippon India Small Cap Dir Gr	INF204K01K15	Grindwell Norton Ltd	Industrials	221.64	0.33	0.00	Nov24	7.52
Nippon India Small Cap Dir Gr	INF204K01K15	Grindwell Norton Ltd	Industrials	221.64	0.33	0.00	Dec24	3.56
Nippon India Small Cap Dir Gr	INF204K01K15	Grindwell Norton Ltd	Industrials	221.64	0.33	0.00	Jan25	5.32
Nippon India Small Cap Dir Gr	INF204K01K15	Grindwell Norton Ltd	Industrials	221.64	0.33	0.00	Feb25	5.59
Nippon India Small Cap Dir Gr	INF204K01K15	Grindwell Norton Ltd	Industrials	221.64	0.33	0.00	Mar25	15.51
Nippon India Small Cap Dir Gr	INF204K01K15	Grindwell Norton Ltd	Industrials	221.64	0.33	0.00	Mar25	15.51
Nippon India Small Cap Dir Gr	INF204K01K15	Grindwell Norton Ltd	Industrials	221.64	0.33	0.00	Apr25	12.51
Nippon India Small Cap Dir Gr	INF204K01K15	Grindwell Norton Ltd	Industrials	221.64	0.33	0.00	May25	11.15
Nippon India Small Cap Dir Gr	INF204K01K15	Grindwell Norton Ltd	Industrials	221.64	0.33	0.00	June25	10.18
Nippon India Small Cap Dir Gr	INF204K01K15	Grindwell Norton Ltd	Industrials	221.64	0.33	0.00	July25	9.19
Nippon India Small Cap Dir Gr	INF204K01K15	Grindwell Norton Ltd	Industrials	221.64	0.33	0.00	Aug25	8.13
Nippon India Small Cap Dir Gr	INF204K01K15	Sapphire Foods India Ltd	Consumer Cyclical	220.51	0.33	0.00	Oct24	5.55
Nippon India Small Cap Dir Gr	INF204K01K15	Sapphire Foods India Ltd	Consumer Cyclical	220.51	0.33	0.00	Nov24	7.52
Nippon India Small Cap Dir Gr	INF204K01K15	Sapphire Foods India Ltd	Consumer Cyclical	220.51	0.33	0.00	Dec24	3.56
Nippon India Small Cap Dir Gr	INF204K01K15	Sapphire Foods India Ltd	Consumer Cyclical	220.51	0.33	0.00	Jan25	5.32
Nippon India Small Cap Dir Gr	INF204K01K15	Sapphire Foods India Ltd	Consumer Cyclical	220.51	0.33	0.00	Feb25	5.59
Nippon India Small Cap Dir Gr	INF204K01K15	Sapphire Foods India Ltd	Consumer Cyclical	220.51	0.33	0.00	Mar25	15.51
Nippon India Small Cap Dir Gr	INF204K01K15	Sapphire Foods India Ltd	Consumer Cyclical	220.51	0.33	0.00	Mar25	15.51
Nippon India Small Cap Dir Gr	INF204K01K15	Sapphire Foods India Ltd	Consumer Cyclical	220.51	0.33	0.00	Apr25	12.51
Nippon India Small Cap Dir Gr	INF204K01K15	Sapphire Foods India Ltd	Consumer Cyclical	220.51	0.33	0.00	May25	11.15
Nippon India Small Cap Dir Gr	INF204K01K15	Sapphire Foods India Ltd	Consumer Cyclical	220.51	0.33	0.00	June25	10.18
Nippon India Small Cap Dir Gr	INF204K01K15	Sapphire Foods India Ltd	Consumer Cyclical	220.51	0.33	0.00	July25	9.19
Nippon India Small Cap Dir Gr	INF204K01K15	Sapphire Foods India Ltd	Consumer Cyclical	220.51	0.33	0.00	Aug25	8.13
Nippon India Small Cap Dir Gr	INF204K01K15	Metropolis Healthcare Ltd	Healthcare	218.05	0.32	0.00	Oct24	5.55
Nippon India Small Cap Dir Gr	INF204K01K15	Metropolis Healthcare Ltd	Healthcare	218.05	0.32	0.00	Nov24	7.52
Nippon India Small Cap Dir Gr	INF204K01K15	Metropolis Healthcare Ltd	Healthcare	218.05	0.32	0.00	Dec24	3.56
Nippon India Small Cap Dir Gr	INF204K01K15	Metropolis Healthcare Ltd	Healthcare	218.05	0.32	0.00	Jan25	5.32
Nippon India Small Cap Dir Gr	INF204K01K15	Metropolis Healthcare Ltd	Healthcare	218.05	0.32	0.00	Feb25	5.59
Nippon India Small Cap Dir Gr	INF204K01K15	Metropolis Healthcare Ltd	Healthcare	218.05	0.32	0.00	Mar25	15.51
Nippon India Small Cap Dir Gr	INF204K01K15	Metropolis Healthcare Ltd	Healthcare	218.05	0.32	0.00	Mar25	15.51
Nippon India Small Cap Dir Gr	INF204K01K15	Metropolis Healthcare Ltd	Healthcare	218.05	0.32	0.00	Apr25	12.51
Nippon India Small Cap Dir Gr	INF204K01K15	Metropolis Healthcare Ltd	Healthcare	218.05	0.32	0.00	May25	11.15
Nippon India Small Cap Dir Gr	INF204K01K15	Metropolis Healthcare Ltd	Healthcare	218.05	0.32	0.00	June25	10.18
Nippon India Small Cap Dir Gr	INF204K01K15	Metropolis Healthcare Ltd	Healthcare	218.05	0.32	0.00	July25	9.19
Nippon India Small Cap Dir Gr	INF204K01K15	Metropolis Healthcare Ltd	Healthcare	218.05	0.32	0.00	Aug25	8.13
Nippon India Small Cap Dir Gr	INF204K01K15	Sansera Engineering Ltd	Consumer Cyclical	217.66	0.32	0.00	Oct24	5.55
Nippon India Small Cap Dir Gr	INF204K01K15	Sansera Engineering Ltd	Consumer Cyclical	217.66	0.32	0.00	Nov24	7.52
Nippon India Small Cap Dir Gr	INF204K01K15	Sansera Engineering Ltd	Consumer Cyclical	217.66	0.32	0.00	Dec24	3.56
Nippon India Small Cap Dir Gr	INF204K01K15	Sansera Engineering Ltd	Consumer Cyclical	217.66	0.32	0.00	Jan25	5.32
Nippon India Small Cap Dir Gr	INF204K01K15	Sansera Engineering Ltd	Consumer Cyclical	217.66	0.32	0.00	Feb25	5.59
Nippon India Small Cap Dir Gr	INF204K01K15	Sansera Engineering Ltd	Consumer Cyclical	217.66	0.32	0.00	Mar25	15.51
Nippon India Small Cap Dir Gr	INF204K01K15	Sansera Engineering Ltd	Consumer Cyclical	217.66	0.32	0.00	Mar25	15.51
Nippon India Small Cap Dir Gr	INF204K01K15	Sansera Engineering Ltd	Consumer Cyclical	217.66	0.32	0.00	Apr25	12.51
Nippon India Small Cap Dir Gr	INF204K01K15	Sansera Engineering Ltd	Consumer Cyclical	217.66	0.32	0.00	May25	11.15
Nippon India Small Cap Dir Gr	INF204K01K15	Sansera Engineering Ltd	Consumer Cyclical	217.66	0.32	0.00	June25	10.18
Nippon India Small Cap Dir Gr	INF204K01K15	Sansera Engineering Ltd	Consumer Cyclical	217.66	0.32	0.00	July25	9.19
Nippon India Small Cap Dir Gr	INF204K01K15	Sansera Engineering Ltd	Consumer Cyclical	217.66	0.32	0.00	Aug25	8.13
Nippon India Small Cap Dir Gr	INF204K01K15	Orient Electric Ltd Ordinary Shares	Consumer Cyclical	216.93	0.32	0.00	Oct24	5.55
Nippon India Small Cap Dir Gr	INF204K01K15	Orient Electric Ltd Ordinary Shares	Consumer Cyclical	216.93	0.32	0.00	Nov24	7.52
Nippon India Small Cap Dir Gr	INF204K01K15	Orient Electric Ltd Ordinary Shares	Consumer Cyclical	216.93	0.32	0.00	Dec24	3.56
Nippon India Small Cap Dir Gr	INF204K01K15	Orient Electric Ltd Ordinary Shares	Consumer Cyclical	216.93	0.32	0.00	Jan25	5.32
Nippon India Small Cap Dir Gr	INF204K01K15	Orient Electric Ltd Ordinary Shares	Consumer Cyclical	216.93	0.32	0.00	Feb25	5.59
Nippon India Small Cap Dir Gr	INF204K01K15	Orient Electric Ltd Ordinary Shares	Consumer Cyclical	216.93	0.32	0.00	Mar25	15.51
Nippon India Small Cap Dir Gr	INF204K01K15	Orient Electric Ltd Ordinary Shares	Consumer Cyclical	216.93	0.32	0.00	Mar25	15.51
Nippon India Small Cap Dir Gr	INF204K01K15	Orient Electric Ltd Ordinary Shares	Consumer Cyclical	216.93	0.32	0.00	Apr25	12.51
Nippon India Small Cap Dir Gr	INF204K01K15	Orient Electric Ltd Ordinary Shares	Consumer Cyclical	216.93	0.32	0.00	May25	11.15
Nippon India Small Cap Dir Gr	INF204K01K15	Orient Electric Ltd Ordinary Shares	Consumer Cyclical	216.93	0.32	0.00	June25	10.18
Nippon India Small Cap Dir Gr	INF204K01K15	Orient Electric Ltd Ordinary Shares	Consumer Cyclical	216.93	0.32	0.00	July25	9.19
Nippon India Small Cap Dir Gr	INF204K01K15	Orient Electric Ltd Ordinary Shares	Consumer Cyclical	216.93	0.32	0.00	Aug25	8.13
Nippon India Small Cap Dir Gr	INF204K01K15	PG Electroplast Ltd	Technology	216.72	0.32	0.00	Oct24	5.55
Nippon India Small Cap Dir Gr	INF204K01K15	PG Electroplast Ltd	Technology	216.72	0.32	0.00	Nov24	7.52
Nippon India Small Cap Dir Gr	INF204K01K15	PG Electroplast Ltd	Technology	216.72	0.32	0.00	Dec24	3.56
Nippon India Small Cap Dir Gr	INF204K01K15	PG Electroplast Ltd	Technology	216.72	0.32	0.00	Jan25	5.32
Nippon India Small Cap Dir Gr	INF204K01K15	PG Electroplast Ltd	Technology	216.72	0.32	0.00	Feb25	5.59
Nippon India Small Cap Dir Gr	INF204K01K15	PG Electroplast Ltd	Technology	216.72	0.32	0.00	Mar25	15.51
Nippon India Small Cap Dir Gr	INF204K01K15	PG Electroplast Ltd	Technology	216.72	0.32	0.00	Mar25	15.51
Nippon India Small Cap Dir Gr	INF204K01K15	PG Electroplast Ltd	Technology	216.72	0.32	0.00	Apr25	12.51
Nippon India Small Cap Dir Gr	INF204K01K15	PG Electroplast Ltd	Technology	216.72	0.32	0.00	May25	11.15
Nippon India Small Cap Dir Gr	INF204K01K15	PG Electroplast Ltd	Technology	216.72	0.32	0.00	June25	10.18
Nippon India Small Cap Dir Gr	INF204K01K15	PG Electroplast Ltd	Technology	216.72	0.32	0.00	July25	9.19
Nippon India Small Cap Dir Gr	INF204K01K15	PG Electroplast Ltd	Technology	216.72	0.32	0.00	Aug25	8.13
Nippon India Small Cap Dir Gr	INF204K01K15	eMudhra Ltd	Technology	216.27	0.32	-0.63	Oct24	5.55
Nippon India Small Cap Dir Gr	INF204K01K15	eMudhra Ltd	Technology	216.27	0.32	-0.63	Nov24	7.52
Nippon India Small Cap Dir Gr	INF204K01K15	eMudhra Ltd	Technology	216.27	0.32	-0.63	Dec24	3.56
Nippon India Small Cap Dir Gr	INF204K01K15	eMudhra Ltd	Technology	216.27	0.32	-0.63	Jan25	5.32
Nippon India Small Cap Dir Gr	INF204K01K15	eMudhra Ltd	Technology	216.27	0.32	-0.63	Feb25	5.59
Nippon India Small Cap Dir Gr	INF204K01K15	eMudhra Ltd	Technology	216.27	0.32	-0.63	Mar25	15.51
Nippon India Small Cap Dir Gr	INF204K01K15	eMudhra Ltd	Technology	216.27	0.32	-0.63	Mar25	15.51
Nippon India Small Cap Dir Gr	INF204K01K15	eMudhra Ltd	Technology	216.27	0.32	-0.63	Apr25	12.51
Nippon India Small Cap Dir Gr	INF204K01K15	eMudhra Ltd	Technology	216.27	0.32	-0.63	May25	11.15
Nippon India Small Cap Dir Gr	INF204K01K15	eMudhra Ltd	Technology	216.27	0.32	-0.63	June25	10.18
Nippon India Small Cap Dir Gr	INF204K01K15	eMudhra Ltd	Technology	216.27	0.32	-0.63	July25	9.19
Nippon India Small Cap Dir Gr	INF204K01K15	eMudhra Ltd	Technology	216.27	0.32	-0.63	Aug25	8.13
Nippon India Small Cap Dir Gr	INF204K01K15	NTPC Green Energy Ltd	Utilities	213.87	0.32	0.00	Oct24	5.55
Nippon India Small Cap Dir Gr	INF204K01K15	NTPC Green Energy Ltd	Utilities	213.87	0.32	0.00	Nov24	7.52
Nippon India Small Cap Dir Gr	INF204K01K15	NTPC Green Energy Ltd	Utilities	213.87	0.32	0.00	Dec24	3.56
Nippon India Small Cap Dir Gr	INF204K01K15	NTPC Green Energy Ltd	Utilities	213.87	0.32	0.00	Jan25	5.32
Nippon India Small Cap Dir Gr	INF204K01K15	NTPC Green Energy Ltd	Utilities	213.87	0.32	0.00	Feb25	5.59
Nippon India Small Cap Dir Gr	INF204K01K15	NTPC Green Energy Ltd	Utilities	213.87	0.32	0.00	Mar25	15.51
Nippon India Small Cap Dir Gr	INF204K01K15	NTPC Green Energy Ltd	Utilities	213.87	0.32	0.00	Mar25	15.51
Nippon India Small Cap Dir Gr	INF204K01K15	NTPC Green Energy Ltd	Utilities	213.87	0.32	0.00	Apr25	12.51
Nippon India Small Cap Dir Gr	INF204K01K15	NTPC Green Energy Ltd	Utilities	213.87	0.32	0.00	May25	11.15
Nippon India Small Cap Dir Gr	INF204K01K15	NTPC Green Energy Ltd	Utilities	213.87	0.32	0.00	June25	10.18
Nippon India Small Cap Dir Gr	INF204K01K15	NTPC Green Energy Ltd	Utilities	213.87	0.32	0.00	July25	9.19
Nippon India Small Cap Dir Gr	INF204K01K15	NTPC Green Energy Ltd	Utilities	213.87	0.32	0.00	Aug25	8.13
Nippon India Small Cap Dir Gr	INF204K01K15	Astra Microwave Products Ltd	Technology	213.09	0.32	0.00	Oct24	5.55
Nippon India Small Cap Dir Gr	INF204K01K15	Astra Microwave Products Ltd	Technology	213.09	0.32	0.00	Nov24	7.52
Nippon India Small Cap Dir Gr	INF204K01K15	Astra Microwave Products Ltd	Technology	213.09	0.32	0.00	Dec24	3.56
Nippon India Small Cap Dir Gr	INF204K01K15	Astra Microwave Products Ltd	Technology	213.09	0.32	0.00	Jan25	5.32
Nippon India Small Cap Dir Gr	INF204K01K15	Astra Microwave Products Ltd	Technology	213.09	0.32	0.00	Feb25	5.59
Nippon India Small Cap Dir Gr	INF204K01K15	Astra Microwave Products Ltd	Technology	213.09	0.32	0.00	Mar25	15.51
Nippon India Small Cap Dir Gr	INF204K01K15	Astra Microwave Products Ltd	Technology	213.09	0.32	0.00	Mar25	15.51
Nippon India Small Cap Dir Gr	INF204K01K15	Astra Microwave Products Ltd	Technology	213.09	0.32	0.00	Apr25	12.51
Nippon India Small Cap Dir Gr	INF204K01K15	Astra Microwave Products Ltd	Technology	213.09	0.32	0.00	May25	11.15
Nippon India Small Cap Dir Gr	INF204K01K15	Astra Microwave Products Ltd	Technology	213.09	0.32	0.00	June25	10.18
Nippon India Small Cap Dir Gr	INF204K01K15	Astra Microwave Products Ltd	Technology	213.09	0.32	0.00	July25	9.19
Nippon India Small Cap Dir Gr	INF204K01K15	Astra Microwave Products Ltd	Technology	213.09	0.32	0.00	Aug25	8.13
Nippon India Small Cap Dir Gr	INF204K01K15	Styrenix Performance Materials Ltd	Basic Materials	212.54	0.31	0.00	Oct24	5.55
Nippon India Small Cap Dir Gr	INF204K01K15	Styrenix Performance Materials Ltd	Basic Materials	212.54	0.31	0.00	Nov24	7.52
Nippon India Small Cap Dir Gr	INF204K01K15	Styrenix Performance Materials Ltd	Basic Materials	212.54	0.31	0.00	Dec24	3.56
Nippon India Small Cap Dir Gr	INF204K01K15	Styrenix Performance Materials Ltd	Basic Materials	212.54	0.31	0.00	Jan25	5.32
Nippon India Small Cap Dir Gr	INF204K01K15	Styrenix Performance Materials Ltd	Basic Materials	212.54	0.31	0.00	Feb25	5.59
Nippon India Small Cap Dir Gr	INF204K01K15	Styrenix Performance Materials Ltd	Basic Materials	212.54	0.31	0.00	Mar25	15.51
Nippon India Small Cap Dir Gr	INF204K01K15	Styrenix Performance Materials Ltd	Basic Materials	212.54	0.31	0.00	Mar25	15.51
Nippon India Small Cap Dir Gr	INF204K01K15	Styrenix Performance Materials Ltd	Basic Materials	212.54	0.31	0.00	Apr25	12.51
Nippon India Small Cap Dir Gr	INF204K01K15	Styrenix Performance Materials Ltd	Basic Materials	212.54	0.31	0.00	May25	11.15
Nippon India Small Cap Dir Gr	INF204K01K15	Styrenix Performance Materials Ltd	Basic Materials	212.54	0.31	0.00	June25	10.18
Nippon India Small Cap Dir Gr	INF204K01K15	Styrenix Performance Materials Ltd	Basic Materials	212.54	0.31	0.00	July25	9.19
Nippon India Small Cap Dir Gr	INF204K01K15	Styrenix Performance Materials Ltd	Basic Materials	212.54	0.31	0.00	Aug25	8.13
Nippon India Small Cap Dir Gr	INF204K01K15	Schaeffler India Ltd	Consumer Cyclical	211.01	0.31	0.00	Oct24	5.55
Nippon India Small Cap Dir Gr	INF204K01K15	Schaeffler India Ltd	Consumer Cyclical	211.01	0.31	0.00	Nov24	7.52
Nippon India Small Cap Dir Gr	INF204K01K15	Schaeffler India Ltd	Consumer Cyclical	211.01	0.31	0.00	Dec24	3.56
Nippon India Small Cap Dir Gr	INF204K01K15	Schaeffler India Ltd	Consumer Cyclical	211.01	0.31	0.00	Jan25	5.32
Nippon India Small Cap Dir Gr	INF204K01K15	Schaeffler India Ltd	Consumer Cyclical	211.01	0.31	0.00	Feb25	5.59
Nippon India Small Cap Dir Gr	INF204K01K15	Schaeffler India Ltd	Consumer Cyclical	211.01	0.31	0.00	Mar25	15.51
Nippon India Small Cap Dir Gr	INF204K01K15	Schaeffler India Ltd	Consumer Cyclical	211.01	0.31	0.00	Mar25	15.51
Nippon India Small Cap Dir Gr	INF204K01K15	Schaeffler India Ltd	Consumer Cyclical	211.01	0.31	0.00	Apr25	12.51
Nippon India Small Cap Dir Gr	INF204K01K15	Schaeffler India Ltd	Consumer Cyclical	211.01	0.31	0.00	May25	11.15
Nippon India Small Cap Dir Gr	INF204K01K15	Schaeffler India Ltd	Consumer Cyclical	211.01	0.31	0.00	June25	10.18
Nippon India Small Cap Dir Gr	INF204K01K15	Schaeffler India Ltd	Consumer Cyclical	211.01	0.31	0.00	July25	9.19
Nippon India Small Cap Dir Gr	INF204K01K15	Schaeffler India Ltd	Consumer Cyclical	211.01	0.31	0.00	Aug25	8.13
Nippon India Small Cap Dir Gr	INF204K01K15	J.B. Chemicals & Pharmaceuticals Ltd	Healthcare	203.52	0.30	0.00	Oct24	5.55
Nippon India Small Cap Dir Gr	INF204K01K15	J.B. Chemicals & Pharmaceuticals Ltd	Healthcare	203.52	0.30	0.00	Nov24	7.52
Nippon India Small Cap Dir Gr	INF204K01K15	J.B. Chemicals & Pharmaceuticals Ltd	Healthcare	203.52	0.30	0.00	Dec24	3.56
Nippon India Small Cap Dir Gr	INF204K01K15	J.B. Chemicals & Pharmaceuticals Ltd	Healthcare	203.52	0.30	0.00	Jan25	5.32
Nippon India Small Cap Dir Gr	INF204K01K15	J.B. Chemicals & Pharmaceuticals Ltd	Healthcare	203.52	0.30	0.00	Feb25	5.59
Nippon India Small Cap Dir Gr	INF204K01K15	J.B. Chemicals & Pharmaceuticals Ltd	Healthcare	203.52	0.30	0.00	Mar25	15.51
Nippon India Small Cap Dir Gr	INF204K01K15	J.B. Chemicals & Pharmaceuticals Ltd	Healthcare	203.52	0.30	0.00	Mar25	15.51
Nippon India Small Cap Dir Gr	INF204K01K15	J.B. Chemicals & Pharmaceuticals Ltd	Healthcare	203.52	0.30	0.00	Apr25	12.51
Nippon India Small Cap Dir Gr	INF204K01K15	J.B. Chemicals & Pharmaceuticals Ltd	Healthcare	203.52	0.30	0.00	May25	11.15
Nippon India Small Cap Dir Gr	INF204K01K15	J.B. Chemicals & Pharmaceuticals Ltd	Healthcare	203.52	0.30	0.00	June25	10.18
Nippon India Small Cap Dir Gr	INF204K01K15	J.B. Chemicals & Pharmaceuticals Ltd	Healthcare	203.52	0.30	0.00	July25	9.19
Nippon India Small Cap Dir Gr	INF204K01K15	J.B. Chemicals & Pharmaceuticals Ltd	Healthcare	203.52	0.30	0.00	Aug25	8.13
Nippon India Small Cap Dir Gr	INF204K01K15	Thyrocare Technologies Ltd	Healthcare	203.43	0.30	0.00	Oct24	5.55
Nippon India Small Cap Dir Gr	INF204K01K15	Thyrocare Technologies Ltd	Healthcare	203.43	0.30	0.00	Nov24	7.52
Nippon India Small Cap Dir Gr	INF204K01K15	Thyrocare Technologies Ltd	Healthcare	203.43	0.30	0.00	Dec24	3.56
Nippon India Small Cap Dir Gr	INF204K01K15	Thyrocare Technologies Ltd	Healthcare	203.43	0.30	0.00	Jan25	5.32
Nippon India Small Cap Dir Gr	INF204K01K15	Thyrocare Technologies Ltd	Healthcare	203.43	0.30	0.00	Feb25	5.59
Nippon India Small Cap Dir Gr	INF204K01K15	Thyrocare Technologies Ltd	Healthcare	203.43	0.30	0.00	Mar25	15.51
Nippon India Small Cap Dir Gr	INF204K01K15	Thyrocare Technologies Ltd	Healthcare	203.43	0.30	0.00	Mar25	15.51
Nippon India Small Cap Dir Gr	INF204K01K15	Thyrocare Technologies Ltd	Healthcare	203.43	0.30	0.00	Apr25	12.51
Nippon India Small Cap Dir Gr	INF204K01K15	Thyrocare Technologies Ltd	Healthcare	203.43	0.30	0.00	May25	11.15
Nippon India Small Cap Dir Gr	INF204K01K15	Thyrocare Technologies Ltd	Healthcare	203.43	0.30	0.00	June25	10.18
Nippon India Small Cap Dir Gr	INF204K01K15	Thyrocare Technologies Ltd	Healthcare	203.43	0.30	0.00	July25	9.19
Nippon India Small Cap Dir Gr	INF204K01K15	Thyrocare Technologies Ltd	Healthcare	203.43	0.30	0.00	Aug25	8.13
Nippon India Small Cap Dir Gr	INF204K01K15	PVR INOX Ltd	Communication Services	200.83	0.30	0.00	Oct24	5.55
Nippon India Small Cap Dir Gr	INF204K01K15	PVR INOX Ltd	Communication Services	200.83	0.30	0.00	Nov24	7.52
Nippon India Small Cap Dir Gr	INF204K01K15	PVR INOX Ltd	Communication Services	200.83	0.30	0.00	Dec24	3.56
Nippon India Small Cap Dir Gr	INF204K01K15	PVR INOX Ltd	Communication Services	200.83	0.30	0.00	Jan25	5.32
Nippon India Small Cap Dir Gr	INF204K01K15	PVR INOX Ltd	Communication Services	200.83	0.30	0.00	Feb25	5.59
Nippon India Small Cap Dir Gr	INF204K01K15	PVR INOX Ltd	Communication Services	200.83	0.30	0.00	Mar25	15.51
Nippon India Small Cap Dir Gr	INF204K01K15	PVR INOX Ltd	Communication Services	200.83	0.30	0.00	Mar25	15.51
Nippon India Small Cap Dir Gr	INF204K01K15	PVR INOX Ltd	Communication Services	200.83	0.30	0.00	Apr25	12.51
Nippon India Small Cap Dir Gr	INF204K01K15	PVR INOX Ltd	Communication Services	200.83	0.30	0.00	May25	11.15
Nippon India Small Cap Dir Gr	INF204K01K15	PVR INOX Ltd	Communication Services	200.83	0.30	0.00	June25	10.18
Nippon India Small Cap Dir Gr	INF204K01K15	PVR INOX Ltd	Communication Services	200.83	0.30	0.00	July25	9.19
Nippon India Small Cap Dir Gr	INF204K01K15	PVR INOX Ltd	Communication Services	200.83	0.30	0.00	Aug25	8.13
Nippon India Small Cap Dir Gr	INF204K01K15	RITES Ltd Ordinary Shares	Industrials	196.80	0.29	0.00	Oct24	5.55
Nippon India Small Cap Dir Gr	INF204K01K15	RITES Ltd Ordinary Shares	Industrials	196.80	0.29	0.00	Nov24	7.52
Nippon India Small Cap Dir Gr	INF204K01K15	RITES Ltd Ordinary Shares	Industrials	196.80	0.29	0.00	Dec24	3.56
Nippon India Small Cap Dir Gr	INF204K01K15	RITES Ltd Ordinary Shares	Industrials	196.80	0.29	0.00	Jan25	5.32
Nippon India Small Cap Dir Gr	INF204K01K15	RITES Ltd Ordinary Shares	Industrials	196.80	0.29	0.00	Feb25	5.59
Nippon India Small Cap Dir Gr	INF204K01K15	RITES Ltd Ordinary Shares	Industrials	196.80	0.29	0.00	Mar25	15.51
Nippon India Small Cap Dir Gr	INF204K01K15	RITES Ltd Ordinary Shares	Industrials	196.80	0.29	0.00	Mar25	15.51
Nippon India Small Cap Dir Gr	INF204K01K15	RITES Ltd Ordinary Shares	Industrials	196.80	0.29	0.00	Apr25	12.51
Nippon India Small Cap Dir Gr	INF204K01K15	RITES Ltd Ordinary Shares	Industrials	196.80	0.29	0.00	May25	11.15
Nippon India Small Cap Dir Gr	INF204K01K15	RITES Ltd Ordinary Shares	Industrials	196.80	0.29	0.00	June25	10.18
Nippon India Small Cap Dir Gr	INF204K01K15	RITES Ltd Ordinary Shares	Industrials	196.80	0.29	0.00	July25	9.19
Nippon India Small Cap Dir Gr	INF204K01K15	RITES Ltd Ordinary Shares	Industrials	196.80	0.29	0.00	Aug25	8.13
Nippon India Small Cap Dir Gr	INF204K01K15	Afcons Infrastructure Ltd	Industrials	195.62	0.29	0.00	Oct24	5.55
Nippon India Small Cap Dir Gr	INF204K01K15	Afcons Infrastructure Ltd	Industrials	195.62	0.29	0.00	Nov24	7.52
Nippon India Small Cap Dir Gr	INF204K01K15	Afcons Infrastructure Ltd	Industrials	195.62	0.29	0.00	Dec24	3.56
Nippon India Small Cap Dir Gr	INF204K01K15	Afcons Infrastructure Ltd	Industrials	195.62	0.29	0.00	Jan25	5.32
Nippon India Small Cap Dir Gr	INF204K01K15	Afcons Infrastructure Ltd	Industrials	195.62	0.29	0.00	Feb25	5.59
Nippon India Small Cap Dir Gr	INF204K01K15	Afcons Infrastructure Ltd	Industrials	195.62	0.29	0.00	Mar25	15.51
Nippon India Small Cap Dir Gr	INF204K01K15	Afcons Infrastructure Ltd	Industrials	195.62	0.29	0.00	Mar25	15.51
Nippon India Small Cap Dir Gr	INF204K01K15	Afcons Infrastructure Ltd	Industrials	195.62	0.29	0.00	Apr25	12.51
Nippon India Small Cap Dir Gr	INF204K01K15	Afcons Infrastructure Ltd	Industrials	195.62	0.29	0.00	May25	11.15
Nippon India Small Cap Dir Gr	INF204K01K15	Afcons Infrastructure Ltd	Industrials	195.62	0.29	0.00	June25	10.18
Nippon India Small Cap Dir Gr	INF204K01K15	Afcons Infrastructure Ltd	Industrials	195.62	0.29	0.00	July25	9.19
Nippon India Small Cap Dir Gr	INF204K01K15	Afcons Infrastructure Ltd	Industrials	195.62	0.29	0.00	Aug25	8.13
Nippon India Small Cap Dir Gr	INF204K01K15	Bharat Dynamics Ltd Ordinary Shares	Industrials	193.13	0.29	0.00	Oct24	5.55
Nippon India Small Cap Dir Gr	INF204K01K15	Bharat Dynamics Ltd Ordinary Shares	Industrials	193.13	0.29	0.00	Nov24	7.52
Nippon India Small Cap Dir Gr	INF204K01K15	Bharat Dynamics Ltd Ordinary Shares	Industrials	193.13	0.29	0.00	Dec24	3.56
Nippon India Small Cap Dir Gr	INF204K01K15	Bharat Dynamics Ltd Ordinary Shares	Industrials	193.13	0.29	0.00	Jan25	5.32
Nippon India Small Cap Dir Gr	INF204K01K15	Bharat Dynamics Ltd Ordinary Shares	Industrials	193.13	0.29	0.00	Feb25	5.59
Nippon India Small Cap Dir Gr	INF204K01K15	Bharat Dynamics Ltd Ordinary Shares	Industrials	193.13	0.29	0.00	Mar25	15.51
Nippon India Small Cap Dir Gr	INF204K01K15	Bharat Dynamics Ltd Ordinary Shares	Industrials	193.13	0.29	0.00	Mar25	15.51
Nippon India Small Cap Dir Gr	INF204K01K15	Bharat Dynamics Ltd Ordinary Shares	Industrials	193.13	0.29	0.00	Apr25	12.51
Nippon India Small Cap Dir Gr	INF204K01K15	Bharat Dynamics Ltd Ordinary Shares	Industrials	193.13	0.29	0.00	May25	11.15
Nippon India Small Cap Dir Gr	INF204K01K15	Bharat Dynamics Ltd Ordinary Shares	Industrials	193.13	0.29	0.00	June25	10.18
Nippon India Small Cap Dir Gr	INF204K01K15	Bharat Dynamics Ltd Ordinary Shares	Industrials	193.13	0.29	0.00	July25	9.19
Nippon India Small Cap Dir Gr	INF204K01K15	Bharat Dynamics Ltd Ordinary Shares	Industrials	193.13	0.29	0.00	Aug25	8.13
Nippon India Small Cap Dir Gr	INF204K01K15	Honda India Power Products Ltd	Industrials	190.18	0.28	0.00	Oct24	5.55
Nippon India Small Cap Dir Gr	INF204K01K15	Honda India Power Products Ltd	Industrials	190.18	0.28	0.00	Nov24	7.52
Nippon India Small Cap Dir Gr	INF204K01K15	Honda India Power Products Ltd	Industrials	190.18	0.28	0.00	Dec24	3.56
Nippon India Small Cap Dir Gr	INF204K01K15	Honda India Power Products Ltd	Industrials	190.18	0.28	0.00	Jan25	5.32
Nippon India Small Cap Dir Gr	INF204K01K15	Honda India Power Products Ltd	Industrials	190.18	0.28	0.00	Feb25	5.59
Nippon India Small Cap Dir Gr	INF204K01K15	Honda India Power Products Ltd	Industrials	190.18	0.28	0.00	Mar25	15.51
Nippon India Small Cap Dir Gr	INF204K01K15	Honda India Power Products Ltd	Industrials	190.18	0.28	0.00	Mar25	15.51
Nippon India Small Cap Dir Gr	INF204K01K15	Honda India Power Products Ltd	Industrials	190.18	0.28	0.00	Apr25	12.51
Nippon India Small Cap Dir Gr	INF204K01K15	Honda India Power Products Ltd	Industrials	190.18	0.28	0.00	May25	11.15
Nippon India Small Cap Dir Gr	INF204K01K15	Honda India Power Products Ltd	Industrials	190.18	0.28	0.00	June25	10.18
Nippon India Small Cap Dir Gr	INF204K01K15	Honda India Power Products Ltd	Industrials	190.18	0.28	0.00	July25	9.19
Nippon India Small Cap Dir Gr	INF204K01K15	Honda India Power Products Ltd	Industrials	190.18	0.28	0.00	Aug25	8.13
Nippon India Small Cap Dir Gr	INF204K01K15	Castrol India Ltd	Energy	188.27	0.28	0.00	Oct24	5.55
Nippon India Small Cap Dir Gr	INF204K01K15	Castrol India Ltd	Energy	188.27	0.28	0.00	Nov24	7.52
Nippon India Small Cap Dir Gr	INF204K01K15	Castrol India Ltd	Energy	188.27	0.28	0.00	Dec24	3.56
Nippon India Small Cap Dir Gr	INF204K01K15	Castrol India Ltd	Energy	188.27	0.28	0.00	Jan25	5.32
Nippon India Small Cap Dir Gr	INF204K01K15	Castrol India Ltd	Energy	188.27	0.28	0.00	Feb25	5.59
Nippon India Small Cap Dir Gr	INF204K01K15	Castrol India Ltd	Energy	188.27	0.28	0.00	Mar25	15.51
Nippon India Small Cap Dir Gr	INF204K01K15	Castrol India Ltd	Energy	188.27	0.28	0.00	Mar25	15.51
Nippon India Small Cap Dir Gr	INF204K01K15	Castrol India Ltd	Energy	188.27	0.28	0.00	Apr25	12.51
Nippon India Small Cap Dir Gr	INF204K01K15	Castrol India Ltd	Energy	188.27	0.28	0.00	May25	11.15
Nippon India Small Cap Dir Gr	INF204K01K15	Castrol India Ltd	Energy	188.27	0.28	0.00	June25	10.18
Nippon India Small Cap Dir Gr	INF204K01K15	Castrol India Ltd	Energy	188.27	0.28	0.00	July25	9.19
Nippon India Small Cap Dir Gr	INF204K01K15	Castrol India Ltd	Energy	188.27	0.28	0.00	Aug25	8.13
Nippon India Small Cap Dir Gr	INF204K01K15	Shadowfax Technologies Ltd	Industrials	187.72	0.28	0.00	Oct24	5.55
Nippon India Small Cap Dir Gr	INF204K01K15	Shadowfax Technologies Ltd	Industrials	187.72	0.28	0.00	Nov24	7.52
Nippon India Small Cap Dir Gr	INF204K01K15	Shadowfax Technologies Ltd	Industrials	187.72	0.28	0.00	Dec24	3.56
Nippon India Small Cap Dir Gr	INF204K01K15	Shadowfax Technologies Ltd	Industrials	187.72	0.28	0.00	Jan25	5.32
Nippon India Small Cap Dir Gr	INF204K01K15	Shadowfax Technologies Ltd	Industrials	187.72	0.28	0.00	Feb25	5.59
Nippon India Small Cap Dir Gr	INF204K01K15	Shadowfax Technologies Ltd	Industrials	187.72	0.28	0.00	Mar25	15.51
Nippon India Small Cap Dir Gr	INF204K01K15	Shadowfax Technologies Ltd	Industrials	187.72	0.28	0.00	Mar25	15.51
Nippon India Small Cap Dir Gr	INF204K01K15	Shadowfax Technologies Ltd	Industrials	187.72	0.28	0.00	Apr25	12.51
Nippon India Small Cap Dir Gr	INF204K01K15	Shadowfax Technologies Ltd	Industrials	187.72	0.28	0.00	May25	11.15
Nippon India Small Cap Dir Gr	INF204K01K15	Shadowfax Technologies Ltd	Industrials	187.72	0.28	0.00	June25	10.18
Nippon India Small Cap Dir Gr	INF204K01K15	Shadowfax Technologies Ltd	Industrials	187.72	0.28	0.00	July25	9.19
Nippon India Small Cap Dir Gr	INF204K01K15	Shadowfax Technologies Ltd	Industrials	187.72	0.28	0.00	Aug25	8.13
Nippon India Small Cap Dir Gr	INF204K01K15	Chambal Fertilisers & Chemicals Ltd	Basic Materials	187.17	0.28	0.00	Oct24	5.55
Nippon India Small Cap Dir Gr	INF204K01K15	Chambal Fertilisers & Chemicals Ltd	Basic Materials	187.17	0.28	0.00	Nov24	7.52
Nippon India Small Cap Dir Gr	INF204K01K15	Chambal Fertilisers & Chemicals Ltd	Basic Materials	187.17	0.28	0.00	Dec24	3.56
Nippon India Small Cap Dir Gr	INF204K01K15	Chambal Fertilisers & Chemicals Ltd	Basic Materials	187.17	0.28	0.00	Jan25	5.32
Nippon India Small Cap Dir Gr	INF204K01K15	Chambal Fertilisers & Chemicals Ltd	Basic Materials	187.17	0.28	0.00	Feb25	5.59
Nippon India Small Cap Dir Gr	INF204K01K15	Chambal Fertilisers & Chemicals Ltd	Basic Materials	187.17	0.28	0.00	Mar25	15.51
Nippon India Small Cap Dir Gr	INF204K01K15	Chambal Fertilisers & Chemicals Ltd	Basic Materials	187.17	0.28	0.00	Mar25	15.51
Nippon India Small Cap Dir Gr	INF204K01K15	Chambal Fertilisers & Chemicals Ltd	Basic Materials	187.17	0.28	0.00	Apr25	12.51
Nippon India Small Cap Dir Gr	INF204K01K15	Chambal Fertilisers & Chemicals Ltd	Basic Materials	187.17	0.28	0.00	May25	11.15
Nippon India Small Cap Dir Gr	INF204K01K15	Chambal Fertilisers & Chemicals Ltd	Basic Materials	187.17	0.28	0.00	June25	10.18
Nippon India Small Cap Dir Gr	INF204K01K15	Chambal Fertilisers & Chemicals Ltd	Basic Materials	187.17	0.28	0.00	July25	9.19
Nippon India Small Cap Dir Gr	INF204K01K15	Chambal Fertilisers & Chemicals Ltd	Basic Materials	187.17	0.28	0.00	Aug25	8.13
Nippon India Small Cap Dir Gr	INF204K01K15	Deepak Nitrite Ltd	Basic Materials	185.78	0.27	0.00	Oct24	5.55
Nippon India Small Cap Dir Gr	INF204K01K15	Deepak Nitrite Ltd	Basic Materials	185.78	0.27	0.00	Nov24	7.52
Nippon India Small Cap Dir Gr	INF204K01K15	Deepak Nitrite Ltd	Basic Materials	185.78	0.27	0.00	Dec24	3.56
Nippon India Small Cap Dir Gr	INF204K01K15	Deepak Nitrite Ltd	Basic Materials	185.78	0.27	0.00	Jan25	5.32
Nippon India Small Cap Dir Gr	INF204K01K15	Deepak Nitrite Ltd	Basic Materials	185.78	0.27	0.00	Feb25	5.59
Nippon India Small Cap Dir Gr	INF204K01K15	Deepak Nitrite Ltd	Basic Materials	185.78	0.27	0.00	Mar25	15.51
Nippon India Small Cap Dir Gr	INF204K01K15	Deepak Nitrite Ltd	Basic Materials	185.78	0.27	0.00	Mar25	15.51
Nippon India Small Cap Dir Gr	INF204K01K15	Deepak Nitrite Ltd	Basic Materials	185.78	0.27	0.00	Apr25	12.51
Nippon India Small Cap Dir Gr	INF204K01K15	Deepak Nitrite Ltd	Basic Materials	185.78	0.27	0.00	May25	11.15
Nippon India Small Cap Dir Gr	INF204K01K15	Deepak Nitrite Ltd	Basic Materials	185.78	0.27	0.00	June25	10.18
Nippon India Small Cap Dir Gr	INF204K01K15	Deepak Nitrite Ltd	Basic Materials	185.78	0.27	0.00	July25	9.19
Nippon India Small Cap Dir Gr	INF204K01K15	Deepak Nitrite Ltd	Basic Materials	185.78	0.27	0.00	Aug25	8.13
Nippon India Small Cap Dir Gr	INF204K01K15	JSW Cement Ltd	Basic Materials	183.10	0.27	0.00	Oct24	5.55
Nippon India Small Cap Dir Gr	INF204K01K15	JSW Cement Ltd	Basic Materials	183.10	0.27	0.00	Nov24	7.52
Nippon India Small Cap Dir Gr	INF204K01K15	JSW Cement Ltd	Basic Materials	183.10	0.27	0.00	Dec24	3.56
Nippon India Small Cap Dir Gr	INF204K01K15	JSW Cement Ltd	Basic Materials	183.10	0.27	0.00	Jan25	5.32
Nippon India Small Cap Dir Gr	INF204K01K15	JSW Cement Ltd	Basic Materials	183.10	0.27	0.00	Feb25	5.59
Nippon India Small Cap Dir Gr	INF204K01K15	JSW Cement Ltd	Basic Materials	183.10	0.27	0.00	Mar25	15.51
Nippon India Small Cap Dir Gr	INF204K01K15	JSW Cement Ltd	Basic Materials	183.10	0.27	0.00	Mar25	15.51
Nippon India Small Cap Dir Gr	INF204K01K15	JSW Cement Ltd	Basic Materials	183.10	0.27	0.00	Apr25	12.51
Nippon India Small Cap Dir Gr	INF204K01K15	JSW Cement Ltd	Basic Materials	183.10	0.27	0.00	May25	11.15
Nippon India Small Cap Dir Gr	INF204K01K15	JSW Cement Ltd	Basic Materials	183.10	0.27	0.00	June25	10.18
Nippon India Small Cap Dir Gr	INF204K01K15	JSW Cement Ltd	Basic Materials	183.10	0.27	0.00	July25	9.19
Nippon India Small Cap Dir Gr	INF204K01K15	JSW Cement Ltd	Basic Materials	183.10	0.27	0.00	Aug25	8.13
Nippon India Small Cap Dir Gr	INF204K01K15	Belrise Industries Ltd	Consumer Cyclical	182.63	0.27	-9.32	Oct24	5.55
Nippon India Small Cap Dir Gr	INF204K01K15	Belrise Industries Ltd	Consumer Cyclical	182.63	0.27	-9.32	Nov24	7.52
Nippon India Small Cap Dir Gr	INF204K01K15	Belrise Industries Ltd	Consumer Cyclical	182.63	0.27	-9.32	Dec24	3.56
Nippon India Small Cap Dir Gr	INF204K01K15	Belrise Industries Ltd	Consumer Cyclical	182.63	0.27	-9.32	Jan25	5.32
Nippon India Small Cap Dir Gr	INF204K01K15	Belrise Industries Ltd	Consumer Cyclical	182.63	0.27	-9.32	Feb25	5.59
Nippon India Small Cap Dir Gr	INF204K01K15	Belrise Industries Ltd	Consumer Cyclical	182.63	0.27	-9.32	Mar25	15.51
Nippon India Small Cap Dir Gr	INF204K01K15	Belrise Industries Ltd	Consumer Cyclical	182.63	0.27	-9.32	Mar25	15.51
Nippon India Small Cap Dir Gr	INF204K01K15	Belrise Industries Ltd	Consumer Cyclical	182.63	0.27	-9.32	Apr25	12.51
Nippon India Small Cap Dir Gr	INF204K01K15	Belrise Industries Ltd	Consumer Cyclical	182.63	0.27	-9.32	May25	11.15
Nippon India Small Cap Dir Gr	INF204K01K15	Belrise Industries Ltd	Consumer Cyclical	182.63	0.27	-9.32	June25	10.18
Nippon India Small Cap Dir Gr	INF204K01K15	Belrise Industries Ltd	Consumer Cyclical	182.63	0.27	-9.32	July25	9.19
Nippon India Small Cap Dir Gr	INF204K01K15	Belrise Industries Ltd	Consumer Cyclical	182.63	0.27	-9.32	Aug25	8.13
Nippon India Small Cap Dir Gr	INF204K01K15	Reliance Industries Ltd	Energy	181.02	0.27	-56.71	Oct24	5.55
Nippon India Small Cap Dir Gr	INF204K01K15	Reliance Industries Ltd	Energy	181.02	0.27	-56.71	Nov24	7.52
Nippon India Small Cap Dir Gr	INF204K01K15	Reliance Industries Ltd	Energy	181.02	0.27	-56.71	Dec24	3.56
Nippon India Small Cap Dir Gr	INF204K01K15	Reliance Industries Ltd	Energy	181.02	0.27	-56.71	Jan25	5.32
Nippon India Small Cap Dir Gr	INF204K01K15	Reliance Industries Ltd	Energy	181.02	0.27	-56.71	Feb25	5.59
Nippon India Small Cap Dir Gr	INF204K01K15	Reliance Industries Ltd	Energy	181.02	0.27	-56.71	Mar25	15.51
Nippon India Small Cap Dir Gr	INF204K01K15	Reliance Industries Ltd	Energy	181.02	0.27	-56.71	Mar25	15.51
Nippon India Small Cap Dir Gr	INF204K01K15	Reliance Industries Ltd	Energy	181.02	0.27	-56.71	Apr25	12.51
Nippon India Small Cap Dir Gr	INF204K01K15	Reliance Industries Ltd	Energy	181.02	0.27	-56.71	May25	11.15
Nippon India Small Cap Dir Gr	INF204K01K15	Reliance Industries Ltd	Energy	181.02	0.27	-56.71	June25	10.18
Nippon India Small Cap Dir Gr	INF204K01K15	Reliance Industries Ltd	Energy	181.02	0.27	-56.71	July25	9.19
Nippon India Small Cap Dir Gr	INF204K01K15	Reliance Industries Ltd	Energy	181.02	0.27	-56.71	Aug25	8.13
Nippon India Small Cap Dir Gr	INF204K01K15	Dr. Lal PathLabs Ltd	Healthcare	180.72	0.27	0.00	Oct24	5.55
Nippon India Small Cap Dir Gr	INF204K01K15	Dr. Lal PathLabs Ltd	Healthcare	180.72	0.27	0.00	Nov24	7.52
Nippon India Small Cap Dir Gr	INF204K01K15	Dr. Lal PathLabs Ltd	Healthcare	180.72	0.27	0.00	Dec24	3.56
Nippon India Small Cap Dir Gr	INF204K01K15	Dr. Lal PathLabs Ltd	Healthcare	180.72	0.27	0.00	Jan25	5.32
Nippon India Small Cap Dir Gr	INF204K01K15	Dr. Lal PathLabs Ltd	Healthcare	180.72	0.27	0.00	Feb25	5.59
Nippon India Small Cap Dir Gr	INF204K01K15	Dr. Lal PathLabs Ltd	Healthcare	180.72	0.27	0.00	Mar25	15.51
Nippon India Small Cap Dir Gr	INF204K01K15	Dr. Lal PathLabs Ltd	Healthcare	180.72	0.27	0.00	Mar25	15.51
Nippon India Small Cap Dir Gr	INF204K01K15	Dr. Lal PathLabs Ltd	Healthcare	180.72	0.27	0.00	Apr25	12.51
Nippon India Small Cap Dir Gr	INF204K01K15	Dr. Lal PathLabs Ltd	Healthcare	180.72	0.27	0.00	May25	11.15
Nippon India Small Cap Dir Gr	INF204K01K15	Dr. Lal PathLabs Ltd	Healthcare	180.72	0.27	0.00	June25	10.18
Nippon India Small Cap Dir Gr	INF204K01K15	Dr. Lal PathLabs Ltd	Healthcare	180.72	0.27	0.00	July25	9.19
Nippon India Small Cap Dir Gr	INF204K01K15	Dr. Lal PathLabs Ltd	Healthcare	180.72	0.27	0.00	Aug25	8.13
Nippon India Small Cap Dir Gr	INF204K01K15	TTK Prestige Ltd	Consumer Cyclical	180.63	0.27	0.00	Oct24	5.55
Nippon India Small Cap Dir Gr	INF204K01K15	TTK Prestige Ltd	Consumer Cyclical	180.63	0.27	0.00	Nov24	7.52
Nippon India Small Cap Dir Gr	INF204K01K15	TTK Prestige Ltd	Consumer Cyclical	180.63	0.27	0.00	Dec24	3.56
Nippon India Small Cap Dir Gr	INF204K01K15	TTK Prestige Ltd	Consumer Cyclical	180.63	0.27	0.00	Jan25	5.32
Nippon India Small Cap Dir Gr	INF204K01K15	TTK Prestige Ltd	Consumer Cyclical	180.63	0.27	0.00	Feb25	5.59
Nippon India Small Cap Dir Gr	INF204K01K15	TTK Prestige Ltd	Consumer Cyclical	180.63	0.27	0.00	Mar25	15.51
Nippon India Small Cap Dir Gr	INF204K01K15	TTK Prestige Ltd	Consumer Cyclical	180.63	0.27	0.00	Mar25	15.51
Nippon India Small Cap Dir Gr	INF204K01K15	TTK Prestige Ltd	Consumer Cyclical	180.63	0.27	0.00	Apr25	12.51
Nippon India Small Cap Dir Gr	INF204K01K15	TTK Prestige Ltd	Consumer Cyclical	180.63	0.27	0.00	May25	11.15
Nippon India Small Cap Dir Gr	INF204K01K15	TTK Prestige Ltd	Consumer Cyclical	180.63	0.27	0.00	June25	10.18
Nippon India Small Cap Dir Gr	INF204K01K15	TTK Prestige Ltd	Consumer Cyclical	180.63	0.27	0.00	July25	9.19
Nippon India Small Cap Dir Gr	INF204K01K15	TTK Prestige Ltd	Consumer Cyclical	180.63	0.27	0.00	Aug25	8.13
Nippon India Small Cap Dir Gr	INF204K01K15	CESC Ltd	Utilities	176.94	0.26	0.00	Oct24	5.55
Nippon India Small Cap Dir Gr	INF204K01K15	CESC Ltd	Utilities	176.94	0.26	0.00	Nov24	7.52
Nippon India Small Cap Dir Gr	INF204K01K15	CESC Ltd	Utilities	176.94	0.26	0.00	Dec24	3.56
Nippon India Small Cap Dir Gr	INF204K01K15	CESC Ltd	Utilities	176.94	0.26	0.00	Jan25	5.32
Nippon India Small Cap Dir Gr	INF204K01K15	CESC Ltd	Utilities	176.94	0.26	0.00	Feb25	5.59
Nippon India Small Cap Dir Gr	INF204K01K15	CESC Ltd	Utilities	176.94	0.26	0.00	Mar25	15.51
Nippon India Small Cap Dir Gr	INF204K01K15	CESC Ltd	Utilities	176.94	0.26	0.00	Mar25	15.51
Nippon India Small Cap Dir Gr	INF204K01K15	CESC Ltd	Utilities	176.94	0.26	0.00	Apr25	12.51
Nippon India Small Cap Dir Gr	INF204K01K15	CESC Ltd	Utilities	176.94	0.26	0.00	May25	11.15
Nippon India Small Cap Dir Gr	INF204K01K15	CESC Ltd	Utilities	176.94	0.26	0.00	June25	10.18
Nippon India Small Cap Dir Gr	INF204K01K15	CESC Ltd	Utilities	176.94	0.26	0.00	July25	9.19
Nippon India Small Cap Dir Gr	INF204K01K15	CESC Ltd	Utilities	176.94	0.26	0.00	Aug25	8.13
Nippon India Small Cap Dir Gr	INF204K01K15	L.G.Balakrishnan & Bros Ltd	Consumer Cyclical	173.54	0.26	0.00	Oct24	5.55
Nippon India Small Cap Dir Gr	INF204K01K15	L.G.Balakrishnan & Bros Ltd	Consumer Cyclical	173.54	0.26	0.00	Nov24	7.52
Nippon India Small Cap Dir Gr	INF204K01K15	L.G.Balakrishnan & Bros Ltd	Consumer Cyclical	173.54	0.26	0.00	Dec24	3.56
Nippon India Small Cap Dir Gr	INF204K01K15	L.G.Balakrishnan & Bros Ltd	Consumer Cyclical	173.54	0.26	0.00	Jan25	5.32
Nippon India Small Cap Dir Gr	INF204K01K15	L.G.Balakrishnan & Bros Ltd	Consumer Cyclical	173.54	0.26	0.00	Feb25	5.59
Nippon India Small Cap Dir Gr	INF204K01K15	L.G.Balakrishnan & Bros Ltd	Consumer Cyclical	173.54	0.26	0.00	Mar25	15.51
Nippon India Small Cap Dir Gr	INF204K01K15	L.G.Balakrishnan & Bros Ltd	Consumer Cyclical	173.54	0.26	0.00	Mar25	15.51
Nippon India Small Cap Dir Gr	INF204K01K15	L.G.Balakrishnan & Bros Ltd	Consumer Cyclical	173.54	0.26	0.00	Apr25	12.51
Nippon India Small Cap Dir Gr	INF204K01K15	L.G.Balakrishnan & Bros Ltd	Consumer Cyclical	173.54	0.26	0.00	May25	11.15
Nippon India Small Cap Dir Gr	INF204K01K15	L.G.Balakrishnan & Bros Ltd	Consumer Cyclical	173.54	0.26	0.00	June25	10.18
Nippon India Small Cap Dir Gr	INF204K01K15	L.G.Balakrishnan & Bros Ltd	Consumer Cyclical	173.54	0.26	0.00	July25	9.19
Nippon India Small Cap Dir Gr	INF204K01K15	L.G.Balakrishnan & Bros Ltd	Consumer Cyclical	173.54	0.26	0.00	Aug25	8.13
Nippon India Small Cap Dir Gr	INF204K01K15	Narayana Hrudayalaya Ltd	Healthcare	172.87	0.26	0.00	Oct24	5.55
Nippon India Small Cap Dir Gr	INF204K01K15	Narayana Hrudayalaya Ltd	Healthcare	172.87	0.26	0.00	Nov24	7.52
Nippon India Small Cap Dir Gr	INF204K01K15	Narayana Hrudayalaya Ltd	Healthcare	172.87	0.26	0.00	Dec24	3.56
Nippon India Small Cap Dir Gr	INF204K01K15	Narayana Hrudayalaya Ltd	Healthcare	172.87	0.26	0.00	Jan25	5.32
Nippon India Small Cap Dir Gr	INF204K01K15	Narayana Hrudayalaya Ltd	Healthcare	172.87	0.26	0.00	Feb25	5.59
Nippon India Small Cap Dir Gr	INF204K01K15	Narayana Hrudayalaya Ltd	Healthcare	172.87	0.26	0.00	Mar25	15.51
Nippon India Small Cap Dir Gr	INF204K01K15	Narayana Hrudayalaya Ltd	Healthcare	172.87	0.26	0.00	Mar25	15.51
Nippon India Small Cap Dir Gr	INF204K01K15	Narayana Hrudayalaya Ltd	Healthcare	172.87	0.26	0.00	Apr25	12.51
Nippon India Small Cap Dir Gr	INF204K01K15	Narayana Hrudayalaya Ltd	Healthcare	172.87	0.26	0.00	May25	11.15
Nippon India Small Cap Dir Gr	INF204K01K15	Narayana Hrudayalaya Ltd	Healthcare	172.87	0.26	0.00	June25	10.18
Nippon India Small Cap Dir Gr	INF204K01K15	Narayana Hrudayalaya Ltd	Healthcare	172.87	0.26	0.00	July25	9.19
Nippon India Small Cap Dir Gr	INF204K01K15	Narayana Hrudayalaya Ltd	Healthcare	172.87	0.26	0.00	Aug25	8.13
Nippon India Small Cap Dir Gr	INF204K01K15	Kaynes Technology India Ltd	Technology	172.04	0.25	0.00	Oct24	5.55
Nippon India Small Cap Dir Gr	INF204K01K15	Kaynes Technology India Ltd	Technology	172.04	0.25	0.00	Nov24	7.52
Nippon India Small Cap Dir Gr	INF204K01K15	Kaynes Technology India Ltd	Technology	172.04	0.25	0.00	Dec24	3.56
Nippon India Small Cap Dir Gr	INF204K01K15	Kaynes Technology India Ltd	Technology	172.04	0.25	0.00	Jan25	5.32
Nippon India Small Cap Dir Gr	INF204K01K15	Kaynes Technology India Ltd	Technology	172.04	0.25	0.00	Feb25	5.59
Nippon India Small Cap Dir Gr	INF204K01K15	Kaynes Technology India Ltd	Technology	172.04	0.25	0.00	Mar25	15.51
Nippon India Small Cap Dir Gr	INF204K01K15	Kaynes Technology India Ltd	Technology	172.04	0.25	0.00	Mar25	15.51
Nippon India Small Cap Dir Gr	INF204K01K15	Kaynes Technology India Ltd	Technology	172.04	0.25	0.00	Apr25	12.51
Nippon India Small Cap Dir Gr	INF204K01K15	Kaynes Technology India Ltd	Technology	172.04	0.25	0.00	May25	11.15
Nippon India Small Cap Dir Gr	INF204K01K15	Kaynes Technology India Ltd	Technology	172.04	0.25	0.00	June25	10.18
Nippon India Small Cap Dir Gr	INF204K01K15	Kaynes Technology India Ltd	Technology	172.04	0.25	0.00	July25	9.19
Nippon India Small Cap Dir Gr	INF204K01K15	Kaynes Technology India Ltd	Technology	172.04	0.25	0.00	Aug25	8.13
Nippon India Small Cap Dir Gr	INF204K01K15	Data Patterns (India) Ltd	Industrials	168.33	0.25	3.11	Oct24	5.55
Nippon India Small Cap Dir Gr	INF204K01K15	Data Patterns (India) Ltd	Industrials	168.33	0.25	3.11	Nov24	7.52
Nippon India Small Cap Dir Gr	INF204K01K15	Data Patterns (India) Ltd	Industrials	168.33	0.25	3.11	Dec24	3.56
Nippon India Small Cap Dir Gr	INF204K01K15	Data Patterns (India) Ltd	Industrials	168.33	0.25	3.11	Jan25	5.32
Nippon India Small Cap Dir Gr	INF204K01K15	Data Patterns (India) Ltd	Industrials	168.33	0.25	3.11	Feb25	5.59
Nippon India Small Cap Dir Gr	INF204K01K15	Data Patterns (India) Ltd	Industrials	168.33	0.25	3.11	Mar25	15.51
Nippon India Small Cap Dir Gr	INF204K01K15	Data Patterns (India) Ltd	Industrials	168.33	0.25	3.11	Mar25	15.51
Nippon India Small Cap Dir Gr	INF204K01K15	Data Patterns (India) Ltd	Industrials	168.33	0.25	3.11	Apr25	12.51
Nippon India Small Cap Dir Gr	INF204K01K15	Data Patterns (India) Ltd	Industrials	168.33	0.25	3.11	May25	11.15
Nippon India Small Cap Dir Gr	INF204K01K15	Data Patterns (India) Ltd	Industrials	168.33	0.25	3.11	June25	10.18
Nippon India Small Cap Dir Gr	INF204K01K15	Data Patterns (India) Ltd	Industrials	168.33	0.25	3.11	July25	9.19
Nippon India Small Cap Dir Gr	INF204K01K15	Data Patterns (India) Ltd	Industrials	168.33	0.25	3.11	Aug25	8.13
Nippon India Small Cap Dir Gr	INF204K01K15	Leela Palaces Hotels and Resorts Ltd	Consumer Cyclical	167.27	0.25	0.00	Oct24	5.55
Nippon India Small Cap Dir Gr	INF204K01K15	Leela Palaces Hotels and Resorts Ltd	Consumer Cyclical	167.27	0.25	0.00	Nov24	7.52
Nippon India Small Cap Dir Gr	INF204K01K15	Leela Palaces Hotels and Resorts Ltd	Consumer Cyclical	167.27	0.25	0.00	Dec24	3.56
Nippon India Small Cap Dir Gr	INF204K01K15	Leela Palaces Hotels and Resorts Ltd	Consumer Cyclical	167.27	0.25	0.00	Jan25	5.32
Nippon India Small Cap Dir Gr	INF204K01K15	Leela Palaces Hotels and Resorts Ltd	Consumer Cyclical	167.27	0.25	0.00	Feb25	5.59
Nippon India Small Cap Dir Gr	INF204K01K15	Leela Palaces Hotels and Resorts Ltd	Consumer Cyclical	167.27	0.25	0.00	Mar25	15.51
Nippon India Small Cap Dir Gr	INF204K01K15	Leela Palaces Hotels and Resorts Ltd	Consumer Cyclical	167.27	0.25	0.00	Mar25	15.51
Nippon India Small Cap Dir Gr	INF204K01K15	Leela Palaces Hotels and Resorts Ltd	Consumer Cyclical	167.27	0.25	0.00	Apr25	12.51
Nippon India Small Cap Dir Gr	INF204K01K15	Leela Palaces Hotels and Resorts Ltd	Consumer Cyclical	167.27	0.25	0.00	May25	11.15
Nippon India Small Cap Dir Gr	INF204K01K15	Leela Palaces Hotels and Resorts Ltd	Consumer Cyclical	167.27	0.25	0.00	June25	10.18
Nippon India Small Cap Dir Gr	INF204K01K15	Leela Palaces Hotels and Resorts Ltd	Consumer Cyclical	167.27	0.25	0.00	July25	9.19
Nippon India Small Cap Dir Gr	INF204K01K15	Leela Palaces Hotels and Resorts Ltd	Consumer Cyclical	167.27	0.25	0.00	Aug25	8.13
Nippon India Small Cap Dir Gr	INF204K01K15	ACME Solar Holdings Ltd	Utilities	166.99	0.25	0.00	Oct24	5.55
Nippon India Small Cap Dir Gr	INF204K01K15	ACME Solar Holdings Ltd	Utilities	166.99	0.25	0.00	Nov24	7.52
Nippon India Small Cap Dir Gr	INF204K01K15	ACME Solar Holdings Ltd	Utilities	166.99	0.25	0.00	Dec24	3.56
Nippon India Small Cap Dir Gr	INF204K01K15	ACME Solar Holdings Ltd	Utilities	166.99	0.25	0.00	Jan25	5.32
Nippon India Small Cap Dir Gr	INF204K01K15	ACME Solar Holdings Ltd	Utilities	166.99	0.25	0.00	Feb25	5.59
Nippon India Small Cap Dir Gr	INF204K01K15	ACME Solar Holdings Ltd	Utilities	166.99	0.25	0.00	Mar25	15.51
Nippon India Small Cap Dir Gr	INF204K01K15	ACME Solar Holdings Ltd	Utilities	166.99	0.25	0.00	Mar25	15.51
Nippon India Small Cap Dir Gr	INF204K01K15	ACME Solar Holdings Ltd	Utilities	166.99	0.25	0.00	Apr25	12.51
Nippon India Small Cap Dir Gr	INF204K01K15	ACME Solar Holdings Ltd	Utilities	166.99	0.25	0.00	May25	11.15
Nippon India Small Cap Dir Gr	INF204K01K15	ACME Solar Holdings Ltd	Utilities	166.99	0.25	0.00	June25	10.18
Nippon India Small Cap Dir Gr	INF204K01K15	ACME Solar Holdings Ltd	Utilities	166.99	0.25	0.00	July25	9.19
Nippon India Small Cap Dir Gr	INF204K01K15	ACME Solar Holdings Ltd	Utilities	166.99	0.25	0.00	Aug25	8.13
Nippon India Small Cap Dir Gr	INF204K01K15	Bharat Electronics Ltd	Industrials	165.06	0.24		Oct24	5.55
Nippon India Small Cap Dir Gr	INF204K01K15	Bharat Electronics Ltd	Industrials	165.06	0.24		Nov24	7.52
Nippon India Small Cap Dir Gr	INF204K01K15	Bharat Electronics Ltd	Industrials	165.06	0.24		Dec24	3.56
Nippon India Small Cap Dir Gr	INF204K01K15	Bharat Electronics Ltd	Industrials	165.06	0.24		Jan25	5.32
Nippon India Small Cap Dir Gr	INF204K01K15	Bharat Electronics Ltd	Industrials	165.06	0.24		Feb25	5.59
Nippon India Small Cap Dir Gr	INF204K01K15	Bharat Electronics Ltd	Industrials	165.06	0.24		Mar25	15.51
Nippon India Small Cap Dir Gr	INF204K01K15	Bharat Electronics Ltd	Industrials	165.06	0.24		Mar25	15.51
Nippon India Small Cap Dir Gr	INF204K01K15	Bharat Electronics Ltd	Industrials	165.06	0.24		Apr25	12.51
Nippon India Small Cap Dir Gr	INF204K01K15	Bharat Electronics Ltd	Industrials	165.06	0.24		May25	11.15
Nippon India Small Cap Dir Gr	INF204K01K15	Bharat Electronics Ltd	Industrials	165.06	0.24		June25	10.18
Nippon India Small Cap Dir Gr	INF204K01K15	Bharat Electronics Ltd	Industrials	165.06	0.24		July25	9.19
Nippon India Small Cap Dir Gr	INF204K01K15	Bharat Electronics Ltd	Industrials	165.06	0.24		Aug25	8.13
Nippon India Small Cap Dir Gr	INF204K01K15	AAVAS Financiers Ltd	Financial Services	162.63	0.24	0.00	Oct24	5.55
Nippon India Small Cap Dir Gr	INF204K01K15	AAVAS Financiers Ltd	Financial Services	162.63	0.24	0.00	Nov24	7.52
Nippon India Small Cap Dir Gr	INF204K01K15	AAVAS Financiers Ltd	Financial Services	162.63	0.24	0.00	Dec24	3.56
Nippon India Small Cap Dir Gr	INF204K01K15	AAVAS Financiers Ltd	Financial Services	162.63	0.24	0.00	Jan25	5.32
Nippon India Small Cap Dir Gr	INF204K01K15	AAVAS Financiers Ltd	Financial Services	162.63	0.24	0.00	Feb25	5.59
Nippon India Small Cap Dir Gr	INF204K01K15	AAVAS Financiers Ltd	Financial Services	162.63	0.24	0.00	Mar25	15.51
Nippon India Small Cap Dir Gr	INF204K01K15	AAVAS Financiers Ltd	Financial Services	162.63	0.24	0.00	Mar25	15.51
Nippon India Small Cap Dir Gr	INF204K01K15	AAVAS Financiers Ltd	Financial Services	162.63	0.24	0.00	Apr25	12.51
Nippon India Small Cap Dir Gr	INF204K01K15	AAVAS Financiers Ltd	Financial Services	162.63	0.24	0.00	May25	11.15
Nippon India Small Cap Dir Gr	INF204K01K15	AAVAS Financiers Ltd	Financial Services	162.63	0.24	0.00	June25	10.18
Nippon India Small Cap Dir Gr	INF204K01K15	AAVAS Financiers Ltd	Financial Services	162.63	0.24	0.00	July25	9.19
Nippon India Small Cap Dir Gr	INF204K01K15	AAVAS Financiers Ltd	Financial Services	162.63	0.24	0.00	Aug25	8.13
Nippon India Small Cap Dir Gr	INF204K01K15	Praj Industries Ltd	Industrials	160.62	0.24	0.00	Oct24	5.55
Nippon India Small Cap Dir Gr	INF204K01K15	Praj Industries Ltd	Industrials	160.62	0.24	0.00	Nov24	7.52
Nippon India Small Cap Dir Gr	INF204K01K15	Praj Industries Ltd	Industrials	160.62	0.24	0.00	Dec24	3.56
Nippon India Small Cap Dir Gr	INF204K01K15	Praj Industries Ltd	Industrials	160.62	0.24	0.00	Jan25	5.32
Nippon India Small Cap Dir Gr	INF204K01K15	Praj Industries Ltd	Industrials	160.62	0.24	0.00	Feb25	5.59
Nippon India Small Cap Dir Gr	INF204K01K15	Praj Industries Ltd	Industrials	160.62	0.24	0.00	Mar25	15.51
Nippon India Small Cap Dir Gr	INF204K01K15	Praj Industries Ltd	Industrials	160.62	0.24	0.00	Mar25	15.51
Nippon India Small Cap Dir Gr	INF204K01K15	Praj Industries Ltd	Industrials	160.62	0.24	0.00	Apr25	12.51
Nippon India Small Cap Dir Gr	INF204K01K15	Praj Industries Ltd	Industrials	160.62	0.24	0.00	May25	11.15
Nippon India Small Cap Dir Gr	INF204K01K15	Praj Industries Ltd	Industrials	160.62	0.24	0.00	June25	10.18
Nippon India Small Cap Dir Gr	INF204K01K15	Praj Industries Ltd	Industrials	160.62	0.24	0.00	July25	9.19
Nippon India Small Cap Dir Gr	INF204K01K15	Praj Industries Ltd	Industrials	160.62	0.24	0.00	Aug25	8.13
Nippon India Small Cap Dir Gr	INF204K01K15	Automotive Axles Ltd	Consumer Cyclical	155.46	0.23	0.00	Oct24	5.55
Nippon India Small Cap Dir Gr	INF204K01K15	Automotive Axles Ltd	Consumer Cyclical	155.46	0.23	0.00	Nov24	7.52
Nippon India Small Cap Dir Gr	INF204K01K15	Automotive Axles Ltd	Consumer Cyclical	155.46	0.23	0.00	Dec24	3.56
Nippon India Small Cap Dir Gr	INF204K01K15	Automotive Axles Ltd	Consumer Cyclical	155.46	0.23	0.00	Jan25	5.32
Nippon India Small Cap Dir Gr	INF204K01K15	Automotive Axles Ltd	Consumer Cyclical	155.46	0.23	0.00	Feb25	5.59
Nippon India Small Cap Dir Gr	INF204K01K15	Automotive Axles Ltd	Consumer Cyclical	155.46	0.23	0.00	Mar25	15.51
Nippon India Small Cap Dir Gr	INF204K01K15	Automotive Axles Ltd	Consumer Cyclical	155.46	0.23	0.00	Mar25	15.51
Nippon India Small Cap Dir Gr	INF204K01K15	Automotive Axles Ltd	Consumer Cyclical	155.46	0.23	0.00	Apr25	12.51
Nippon India Small Cap Dir Gr	INF204K01K15	Automotive Axles Ltd	Consumer Cyclical	155.46	0.23	0.00	May25	11.15
Nippon India Small Cap Dir Gr	INF204K01K15	Automotive Axles Ltd	Consumer Cyclical	155.46	0.23	0.00	June25	10.18
Nippon India Small Cap Dir Gr	INF204K01K15	Automotive Axles Ltd	Consumer Cyclical	155.46	0.23	0.00	July25	9.19
Nippon India Small Cap Dir Gr	INF204K01K15	Automotive Axles Ltd	Consumer Cyclical	155.46	0.23	0.00	Aug25	8.13
Nippon India Small Cap Dir Gr	INF204K01K15	Siemens Energy India Ltd	Utilities	152.99	0.23	0.00	Oct24	5.55
Nippon India Small Cap Dir Gr	INF204K01K15	Siemens Energy India Ltd	Utilities	152.99	0.23	0.00	Nov24	7.52
Nippon India Small Cap Dir Gr	INF204K01K15	Siemens Energy India Ltd	Utilities	152.99	0.23	0.00	Dec24	3.56
Nippon India Small Cap Dir Gr	INF204K01K15	Siemens Energy India Ltd	Utilities	152.99	0.23	0.00	Jan25	5.32
Nippon India Small Cap Dir Gr	INF204K01K15	Siemens Energy India Ltd	Utilities	152.99	0.23	0.00	Feb25	5.59
Nippon India Small Cap Dir Gr	INF204K01K15	Siemens Energy India Ltd	Utilities	152.99	0.23	0.00	Mar25	15.51
Nippon India Small Cap Dir Gr	INF204K01K15	Siemens Energy India Ltd	Utilities	152.99	0.23	0.00	Mar25	15.51
Nippon India Small Cap Dir Gr	INF204K01K15	Siemens Energy India Ltd	Utilities	152.99	0.23	0.00	Apr25	12.51
Nippon India Small Cap Dir Gr	INF204K01K15	Siemens Energy India Ltd	Utilities	152.99	0.23	0.00	May25	11.15
Nippon India Small Cap Dir Gr	INF204K01K15	Siemens Energy India Ltd	Utilities	152.99	0.23	0.00	June25	10.18
Nippon India Small Cap Dir Gr	INF204K01K15	Siemens Energy India Ltd	Utilities	152.99	0.23	0.00	July25	9.19
Nippon India Small Cap Dir Gr	INF204K01K15	Siemens Energy India Ltd	Utilities	152.99	0.23	0.00	Aug25	8.13
Nippon India Small Cap Dir Gr	INF204K01K15	Harsha Engineers International Ltd	Industrials	152.88	0.23	0.00	Oct24	5.55
Nippon India Small Cap Dir Gr	INF204K01K15	Harsha Engineers International Ltd	Industrials	152.88	0.23	0.00	Nov24	7.52
Nippon India Small Cap Dir Gr	INF204K01K15	Harsha Engineers International Ltd	Industrials	152.88	0.23	0.00	Dec24	3.56
Nippon India Small Cap Dir Gr	INF204K01K15	Harsha Engineers International Ltd	Industrials	152.88	0.23	0.00	Jan25	5.32
Nippon India Small Cap Dir Gr	INF204K01K15	Harsha Engineers International Ltd	Industrials	152.88	0.23	0.00	Feb25	5.59
Nippon India Small Cap Dir Gr	INF204K01K15	Harsha Engineers International Ltd	Industrials	152.88	0.23	0.00	Mar25	15.51
Nippon India Small Cap Dir Gr	INF204K01K15	Harsha Engineers International Ltd	Industrials	152.88	0.23	0.00	Mar25	15.51
Nippon India Small Cap Dir Gr	INF204K01K15	Harsha Engineers International Ltd	Industrials	152.88	0.23	0.00	Apr25	12.51
Nippon India Small Cap Dir Gr	INF204K01K15	Harsha Engineers International Ltd	Industrials	152.88	0.23	0.00	May25	11.15
Nippon India Small Cap Dir Gr	INF204K01K15	Harsha Engineers International Ltd	Industrials	152.88	0.23	0.00	June25	10.18
Nippon India Small Cap Dir Gr	INF204K01K15	Harsha Engineers International Ltd	Industrials	152.88	0.23	0.00	July25	9.19
Nippon India Small Cap Dir Gr	INF204K01K15	Harsha Engineers International Ltd	Industrials	152.88	0.23	0.00	Aug25	8.13
Nippon India Small Cap Dir Gr	INF204K01K15	FDC Ltd	Healthcare	152.48	0.23	0.00	Oct24	5.55
Nippon India Small Cap Dir Gr	INF204K01K15	FDC Ltd	Healthcare	152.48	0.23	0.00	Nov24	7.52
Nippon India Small Cap Dir Gr	INF204K01K15	FDC Ltd	Healthcare	152.48	0.23	0.00	Dec24	3.56
Nippon India Small Cap Dir Gr	INF204K01K15	FDC Ltd	Healthcare	152.48	0.23	0.00	Jan25	5.32
Nippon India Small Cap Dir Gr	INF204K01K15	FDC Ltd	Healthcare	152.48	0.23	0.00	Feb25	5.59
Nippon India Small Cap Dir Gr	INF204K01K15	FDC Ltd	Healthcare	152.48	0.23	0.00	Mar25	15.51
Nippon India Small Cap Dir Gr	INF204K01K15	FDC Ltd	Healthcare	152.48	0.23	0.00	Mar25	15.51
Nippon India Small Cap Dir Gr	INF204K01K15	FDC Ltd	Healthcare	152.48	0.23	0.00	Apr25	12.51
Nippon India Small Cap Dir Gr	INF204K01K15	FDC Ltd	Healthcare	152.48	0.23	0.00	May25	11.15
Nippon India Small Cap Dir Gr	INF204K01K15	FDC Ltd	Healthcare	152.48	0.23	0.00	June25	10.18
Nippon India Small Cap Dir Gr	INF204K01K15	FDC Ltd	Healthcare	152.48	0.23	0.00	July25	9.19
Nippon India Small Cap Dir Gr	INF204K01K15	FDC Ltd	Healthcare	152.48	0.23	0.00	Aug25	8.13
Nippon India Small Cap Dir Gr	INF204K01K15	DOMS Industries Ltd	Industrials	151.79	0.22	0.00	Oct24	5.55
Nippon India Small Cap Dir Gr	INF204K01K15	DOMS Industries Ltd	Industrials	151.79	0.22	0.00	Nov24	7.52
Nippon India Small Cap Dir Gr	INF204K01K15	DOMS Industries Ltd	Industrials	151.79	0.22	0.00	Dec24	3.56
Nippon India Small Cap Dir Gr	INF204K01K15	DOMS Industries Ltd	Industrials	151.79	0.22	0.00	Jan25	5.32
Nippon India Small Cap Dir Gr	INF204K01K15	DOMS Industries Ltd	Industrials	151.79	0.22	0.00	Feb25	5.59
Nippon India Small Cap Dir Gr	INF204K01K15	DOMS Industries Ltd	Industrials	151.79	0.22	0.00	Mar25	15.51
Nippon India Small Cap Dir Gr	INF204K01K15	DOMS Industries Ltd	Industrials	151.79	0.22	0.00	Mar25	15.51
Nippon India Small Cap Dir Gr	INF204K01K15	DOMS Industries Ltd	Industrials	151.79	0.22	0.00	Apr25	12.51
Nippon India Small Cap Dir Gr	INF204K01K15	DOMS Industries Ltd	Industrials	151.79	0.22	0.00	May25	11.15
Nippon India Small Cap Dir Gr	INF204K01K15	DOMS Industries Ltd	Industrials	151.79	0.22	0.00	June25	10.18
Nippon India Small Cap Dir Gr	INF204K01K15	DOMS Industries Ltd	Industrials	151.79	0.22	0.00	July25	9.19
Nippon India Small Cap Dir Gr	INF204K01K15	DOMS Industries Ltd	Industrials	151.79	0.22	0.00	Aug25	8.13
Nippon India Small Cap Dir Gr	INF204K01K15	UTI Asset Management Co Ltd	Financial Services	149.00	0.22	0.00	Oct24	5.55
Nippon India Small Cap Dir Gr	INF204K01K15	UTI Asset Management Co Ltd	Financial Services	149.00	0.22	0.00	Nov24	7.52
Nippon India Small Cap Dir Gr	INF204K01K15	UTI Asset Management Co Ltd	Financial Services	149.00	0.22	0.00	Dec24	3.56
Nippon India Small Cap Dir Gr	INF204K01K15	UTI Asset Management Co Ltd	Financial Services	149.00	0.22	0.00	Jan25	5.32
Nippon India Small Cap Dir Gr	INF204K01K15	UTI Asset Management Co Ltd	Financial Services	149.00	0.22	0.00	Feb25	5.59
Nippon India Small Cap Dir Gr	INF204K01K15	UTI Asset Management Co Ltd	Financial Services	149.00	0.22	0.00	Mar25	15.51
Nippon India Small Cap Dir Gr	INF204K01K15	UTI Asset Management Co Ltd	Financial Services	149.00	0.22	0.00	Mar25	15.51
Nippon India Small Cap Dir Gr	INF204K01K15	UTI Asset Management Co Ltd	Financial Services	149.00	0.22	0.00	Apr25	12.51
Nippon India Small Cap Dir Gr	INF204K01K15	UTI Asset Management Co Ltd	Financial Services	149.00	0.22	0.00	May25	11.15
Nippon India Small Cap Dir Gr	INF204K01K15	UTI Asset Management Co Ltd	Financial Services	149.00	0.22	0.00	June25	10.18
Nippon India Small Cap Dir Gr	INF204K01K15	UTI Asset Management Co Ltd	Financial Services	149.00	0.22	0.00	July25	9.19
Nippon India Small Cap Dir Gr	INF204K01K15	UTI Asset Management Co Ltd	Financial Services	149.00	0.22	0.00	Aug25	8.13
Nippon India Small Cap Dir Gr	INF204K01K15	Lemon Tree Hotels Ltd	Consumer Cyclical	148.14	0.22	0.00	Oct24	5.55
Nippon India Small Cap Dir Gr	INF204K01K15	Lemon Tree Hotels Ltd	Consumer Cyclical	148.14	0.22	0.00	Nov24	7.52
Nippon India Small Cap Dir Gr	INF204K01K15	Lemon Tree Hotels Ltd	Consumer Cyclical	148.14	0.22	0.00	Dec24	3.56
Nippon India Small Cap Dir Gr	INF204K01K15	Lemon Tree Hotels Ltd	Consumer Cyclical	148.14	0.22	0.00	Jan25	5.32
Nippon India Small Cap Dir Gr	INF204K01K15	Lemon Tree Hotels Ltd	Consumer Cyclical	148.14	0.22	0.00	Feb25	5.59
Nippon India Small Cap Dir Gr	INF204K01K15	Lemon Tree Hotels Ltd	Consumer Cyclical	148.14	0.22	0.00	Mar25	15.51
Nippon India Small Cap Dir Gr	INF204K01K15	Lemon Tree Hotels Ltd	Consumer Cyclical	148.14	0.22	0.00	Mar25	15.51
Nippon India Small Cap Dir Gr	INF204K01K15	Lemon Tree Hotels Ltd	Consumer Cyclical	148.14	0.22	0.00	Apr25	12.51
Nippon India Small Cap Dir Gr	INF204K01K15	Lemon Tree Hotels Ltd	Consumer Cyclical	148.14	0.22	0.00	May25	11.15
Nippon India Small Cap Dir Gr	INF204K01K15	Lemon Tree Hotels Ltd	Consumer Cyclical	148.14	0.22	0.00	June25	10.18
Nippon India Small Cap Dir Gr	INF204K01K15	Lemon Tree Hotels Ltd	Consumer Cyclical	148.14	0.22	0.00	July25	9.19
Nippon India Small Cap Dir Gr	INF204K01K15	Lemon Tree Hotels Ltd	Consumer Cyclical	148.14	0.22	0.00	Aug25	8.13
Nippon India Small Cap Dir Gr	INF204K01K15	LIC Housing Finance Ltd	Financial Services	144.03	0.21	0.00	Oct24	5.55
Nippon India Small Cap Dir Gr	INF204K01K15	LIC Housing Finance Ltd	Financial Services	144.03	0.21	0.00	Nov24	7.52
Nippon India Small Cap Dir Gr	INF204K01K15	LIC Housing Finance Ltd	Financial Services	144.03	0.21	0.00	Dec24	3.56
Nippon India Small Cap Dir Gr	INF204K01K15	LIC Housing Finance Ltd	Financial Services	144.03	0.21	0.00	Jan25	5.32
Nippon India Small Cap Dir Gr	INF204K01K15	LIC Housing Finance Ltd	Financial Services	144.03	0.21	0.00	Feb25	5.59
Nippon India Small Cap Dir Gr	INF204K01K15	LIC Housing Finance Ltd	Financial Services	144.03	0.21	0.00	Mar25	15.51
Nippon India Small Cap Dir Gr	INF204K01K15	LIC Housing Finance Ltd	Financial Services	144.03	0.21	0.00	Mar25	15.51
Nippon India Small Cap Dir Gr	INF204K01K15	LIC Housing Finance Ltd	Financial Services	144.03	0.21	0.00	Apr25	12.51
Nippon India Small Cap Dir Gr	INF204K01K15	LIC Housing Finance Ltd	Financial Services	144.03	0.21	0.00	May25	11.15
Nippon India Small Cap Dir Gr	INF204K01K15	LIC Housing Finance Ltd	Financial Services	144.03	0.21	0.00	June25	10.18
Nippon India Small Cap Dir Gr	INF204K01K15	LIC Housing Finance Ltd	Financial Services	144.03	0.21	0.00	July25	9.19
Nippon India Small Cap Dir Gr	INF204K01K15	LIC Housing Finance Ltd	Financial Services	144.03	0.21	0.00	Aug25	8.13
Nippon India Small Cap Dir Gr	INF204K01K15	Vesuvius India Ltd	Industrials	143.97	0.21	0.00	Oct24	5.55
Nippon India Small Cap Dir Gr	INF204K01K15	Vesuvius India Ltd	Industrials	143.97	0.21	0.00	Nov24	7.52
Nippon India Small Cap Dir Gr	INF204K01K15	Vesuvius India Ltd	Industrials	143.97	0.21	0.00	Dec24	3.56
Nippon India Small Cap Dir Gr	INF204K01K15	Vesuvius India Ltd	Industrials	143.97	0.21	0.00	Jan25	5.32
Nippon India Small Cap Dir Gr	INF204K01K15	Vesuvius India Ltd	Industrials	143.97	0.21	0.00	Feb25	5.59
Nippon India Small Cap Dir Gr	INF204K01K15	Vesuvius India Ltd	Industrials	143.97	0.21	0.00	Mar25	15.51
Nippon India Small Cap Dir Gr	INF204K01K15	Vesuvius India Ltd	Industrials	143.97	0.21	0.00	Mar25	15.51
Nippon India Small Cap Dir Gr	INF204K01K15	Vesuvius India Ltd	Industrials	143.97	0.21	0.00	Apr25	12.51
Nippon India Small Cap Dir Gr	INF204K01K15	Vesuvius India Ltd	Industrials	143.97	0.21	0.00	May25	11.15
Nippon India Small Cap Dir Gr	INF204K01K15	Vesuvius India Ltd	Industrials	143.97	0.21	0.00	June25	10.18
Nippon India Small Cap Dir Gr	INF204K01K15	Vesuvius India Ltd	Industrials	143.97	0.21	0.00	July25	9.19
Nippon India Small Cap Dir Gr	INF204K01K15	Vesuvius India Ltd	Industrials	143.97	0.21	0.00	Aug25	8.13
Nippon India Small Cap Dir Gr	INF204K01K15	West Coast Paper Mills Ltd	Basic Materials	141.61	0.21	0.00	Oct24	5.55
Nippon India Small Cap Dir Gr	INF204K01K15	West Coast Paper Mills Ltd	Basic Materials	141.61	0.21	0.00	Nov24	7.52
Nippon India Small Cap Dir Gr	INF204K01K15	West Coast Paper Mills Ltd	Basic Materials	141.61	0.21	0.00	Dec24	3.56
Nippon India Small Cap Dir Gr	INF204K01K15	West Coast Paper Mills Ltd	Basic Materials	141.61	0.21	0.00	Jan25	5.32
Nippon India Small Cap Dir Gr	INF204K01K15	West Coast Paper Mills Ltd	Basic Materials	141.61	0.21	0.00	Feb25	5.59
Nippon India Small Cap Dir Gr	INF204K01K15	West Coast Paper Mills Ltd	Basic Materials	141.61	0.21	0.00	Mar25	15.51
Nippon India Small Cap Dir Gr	INF204K01K15	West Coast Paper Mills Ltd	Basic Materials	141.61	0.21	0.00	Mar25	15.51
Nippon India Small Cap Dir Gr	INF204K01K15	West Coast Paper Mills Ltd	Basic Materials	141.61	0.21	0.00	Apr25	12.51
Nippon India Small Cap Dir Gr	INF204K01K15	West Coast Paper Mills Ltd	Basic Materials	141.61	0.21	0.00	May25	11.15
Nippon India Small Cap Dir Gr	INF204K01K15	West Coast Paper Mills Ltd	Basic Materials	141.61	0.21	0.00	June25	10.18
Nippon India Small Cap Dir Gr	INF204K01K15	West Coast Paper Mills Ltd	Basic Materials	141.61	0.21	0.00	July25	9.19
Nippon India Small Cap Dir Gr	INF204K01K15	West Coast Paper Mills Ltd	Basic Materials	141.61	0.21	0.00	Aug25	8.13
Nippon India Small Cap Dir Gr	INF204K01K15	Zensar Technologies Ltd	Technology	141.00	0.21	0.00	Oct24	5.55
Nippon India Small Cap Dir Gr	INF204K01K15	Zensar Technologies Ltd	Technology	141.00	0.21	0.00	Nov24	7.52
Nippon India Small Cap Dir Gr	INF204K01K15	Zensar Technologies Ltd	Technology	141.00	0.21	0.00	Dec24	3.56
Nippon India Small Cap Dir Gr	INF204K01K15	Zensar Technologies Ltd	Technology	141.00	0.21	0.00	Jan25	5.32
Nippon India Small Cap Dir Gr	INF204K01K15	Zensar Technologies Ltd	Technology	141.00	0.21	0.00	Feb25	5.59
Nippon India Small Cap Dir Gr	INF204K01K15	Zensar Technologies Ltd	Technology	141.00	0.21	0.00	Mar25	15.51
Nippon India Small Cap Dir Gr	INF204K01K15	Zensar Technologies Ltd	Technology	141.00	0.21	0.00	Mar25	15.51
Nippon India Small Cap Dir Gr	INF204K01K15	Zensar Technologies Ltd	Technology	141.00	0.21	0.00	Apr25	12.51
Nippon India Small Cap Dir Gr	INF204K01K15	Zensar Technologies Ltd	Technology	141.00	0.21	0.00	May25	11.15
Nippon India Small Cap Dir Gr	INF204K01K15	Zensar Technologies Ltd	Technology	141.00	0.21	0.00	June25	10.18
Nippon India Small Cap Dir Gr	INF204K01K15	Zensar Technologies Ltd	Technology	141.00	0.21	0.00	July25	9.19
Nippon India Small Cap Dir Gr	INF204K01K15	Zensar Technologies Ltd	Technology	141.00	0.21	0.00	Aug25	8.13
Nippon India Small Cap Dir Gr	INF204K01K15	Jindal Saw Ltd	Basic Materials	140.28	0.21	0.00	Oct24	5.55
Nippon India Small Cap Dir Gr	INF204K01K15	Jindal Saw Ltd	Basic Materials	140.28	0.21	0.00	Nov24	7.52
Nippon India Small Cap Dir Gr	INF204K01K15	Jindal Saw Ltd	Basic Materials	140.28	0.21	0.00	Dec24	3.56
Nippon India Small Cap Dir Gr	INF204K01K15	Jindal Saw Ltd	Basic Materials	140.28	0.21	0.00	Jan25	5.32
Nippon India Small Cap Dir Gr	INF204K01K15	Jindal Saw Ltd	Basic Materials	140.28	0.21	0.00	Feb25	5.59
Nippon India Small Cap Dir Gr	INF204K01K15	Jindal Saw Ltd	Basic Materials	140.28	0.21	0.00	Mar25	15.51
Nippon India Small Cap Dir Gr	INF204K01K15	Jindal Saw Ltd	Basic Materials	140.28	0.21	0.00	Mar25	15.51
Nippon India Small Cap Dir Gr	INF204K01K15	Jindal Saw Ltd	Basic Materials	140.28	0.21	0.00	Apr25	12.51
Nippon India Small Cap Dir Gr	INF204K01K15	Jindal Saw Ltd	Basic Materials	140.28	0.21	0.00	May25	11.15
Nippon India Small Cap Dir Gr	INF204K01K15	Jindal Saw Ltd	Basic Materials	140.28	0.21	0.00	June25	10.18
Nippon India Small Cap Dir Gr	INF204K01K15	Jindal Saw Ltd	Basic Materials	140.28	0.21	0.00	July25	9.19
Nippon India Small Cap Dir Gr	INF204K01K15	Jindal Saw Ltd	Basic Materials	140.28	0.21	0.00	Aug25	8.13
Nippon India Small Cap Dir Gr	INF204K01K15	Can Fin Homes Ltd	Financial Services	138.68	0.21	0.00	Oct24	5.55
Nippon India Small Cap Dir Gr	INF204K01K15	Can Fin Homes Ltd	Financial Services	138.68	0.21	0.00	Nov24	7.52
Nippon India Small Cap Dir Gr	INF204K01K15	Can Fin Homes Ltd	Financial Services	138.68	0.21	0.00	Dec24	3.56
Nippon India Small Cap Dir Gr	INF204K01K15	Can Fin Homes Ltd	Financial Services	138.68	0.21	0.00	Jan25	5.32
Nippon India Small Cap Dir Gr	INF204K01K15	Can Fin Homes Ltd	Financial Services	138.68	0.21	0.00	Feb25	5.59
Nippon India Small Cap Dir Gr	INF204K01K15	Can Fin Homes Ltd	Financial Services	138.68	0.21	0.00	Mar25	15.51
Nippon India Small Cap Dir Gr	INF204K01K15	Can Fin Homes Ltd	Financial Services	138.68	0.21	0.00	Mar25	15.51
Nippon India Small Cap Dir Gr	INF204K01K15	Can Fin Homes Ltd	Financial Services	138.68	0.21	0.00	Apr25	12.51
Nippon India Small Cap Dir Gr	INF204K01K15	Can Fin Homes Ltd	Financial Services	138.68	0.21	0.00	May25	11.15
Nippon India Small Cap Dir Gr	INF204K01K15	Can Fin Homes Ltd	Financial Services	138.68	0.21	0.00	June25	10.18
Nippon India Small Cap Dir Gr	INF204K01K15	Can Fin Homes Ltd	Financial Services	138.68	0.21	0.00	July25	9.19
Nippon India Small Cap Dir Gr	INF204K01K15	Can Fin Homes Ltd	Financial Services	138.68	0.21	0.00	Aug25	8.13
Nippon India Small Cap Dir Gr	INF204K01K15	Escorts Kubota Ltd	Industrials	138.66	0.20		Oct24	5.55
Nippon India Small Cap Dir Gr	INF204K01K15	Escorts Kubota Ltd	Industrials	138.66	0.20		Nov24	7.52
Nippon India Small Cap Dir Gr	INF204K01K15	Escorts Kubota Ltd	Industrials	138.66	0.20		Dec24	3.56
Nippon India Small Cap Dir Gr	INF204K01K15	Escorts Kubota Ltd	Industrials	138.66	0.20		Jan25	5.32
Nippon India Small Cap Dir Gr	INF204K01K15	Escorts Kubota Ltd	Industrials	138.66	0.20		Feb25	5.59
Nippon India Small Cap Dir Gr	INF204K01K15	Escorts Kubota Ltd	Industrials	138.66	0.20		Mar25	15.51
Nippon India Small Cap Dir Gr	INF204K01K15	Escorts Kubota Ltd	Industrials	138.66	0.20		Mar25	15.51
Nippon India Small Cap Dir Gr	INF204K01K15	Escorts Kubota Ltd	Industrials	138.66	0.20		Apr25	12.51
Nippon India Small Cap Dir Gr	INF204K01K15	Escorts Kubota Ltd	Industrials	138.66	0.20		May25	11.15
Nippon India Small Cap Dir Gr	INF204K01K15	Escorts Kubota Ltd	Industrials	138.66	0.20		June25	10.18
Nippon India Small Cap Dir Gr	INF204K01K15	Escorts Kubota Ltd	Industrials	138.66	0.20		July25	9.19
Nippon India Small Cap Dir Gr	INF204K01K15	Escorts Kubota Ltd	Industrials	138.66	0.20		Aug25	8.13
Nippon India Small Cap Dir Gr	INF204K01K15	Sumitomo Chemical India Ltd Ordinary Shares	Basic Materials	136.33	0.20	0.00	Oct24	5.55
Nippon India Small Cap Dir Gr	INF204K01K15	Sumitomo Chemical India Ltd Ordinary Shares	Basic Materials	136.33	0.20	0.00	Nov24	7.52
Nippon India Small Cap Dir Gr	INF204K01K15	Sumitomo Chemical India Ltd Ordinary Shares	Basic Materials	136.33	0.20	0.00	Dec24	3.56
Nippon India Small Cap Dir Gr	INF204K01K15	Sumitomo Chemical India Ltd Ordinary Shares	Basic Materials	136.33	0.20	0.00	Jan25	5.32
Nippon India Small Cap Dir Gr	INF204K01K15	Sumitomo Chemical India Ltd Ordinary Shares	Basic Materials	136.33	0.20	0.00	Feb25	5.59
Nippon India Small Cap Dir Gr	INF204K01K15	Sumitomo Chemical India Ltd Ordinary Shares	Basic Materials	136.33	0.20	0.00	Mar25	15.51
Nippon India Small Cap Dir Gr	INF204K01K15	Sumitomo Chemical India Ltd Ordinary Shares	Basic Materials	136.33	0.20	0.00	Mar25	15.51
Nippon India Small Cap Dir Gr	INF204K01K15	Sumitomo Chemical India Ltd Ordinary Shares	Basic Materials	136.33	0.20	0.00	Apr25	12.51
Nippon India Small Cap Dir Gr	INF204K01K15	Sumitomo Chemical India Ltd Ordinary Shares	Basic Materials	136.33	0.20	0.00	May25	11.15
Nippon India Small Cap Dir Gr	INF204K01K15	Sumitomo Chemical India Ltd Ordinary Shares	Basic Materials	136.33	0.20	0.00	June25	10.18
Nippon India Small Cap Dir Gr	INF204K01K15	Sumitomo Chemical India Ltd Ordinary Shares	Basic Materials	136.33	0.20	0.00	July25	9.19
Nippon India Small Cap Dir Gr	INF204K01K15	Sumitomo Chemical India Ltd Ordinary Shares	Basic Materials	136.33	0.20	0.00	Aug25	8.13
Nippon India Small Cap Dir Gr	INF204K01K15	Canara Robeco Asset Management Co Ltd	Financial Services	128.96	0.19	0.00	Oct24	5.55
Nippon India Small Cap Dir Gr	INF204K01K15	Canara Robeco Asset Management Co Ltd	Financial Services	128.96	0.19	0.00	Nov24	7.52
Nippon India Small Cap Dir Gr	INF204K01K15	Canara Robeco Asset Management Co Ltd	Financial Services	128.96	0.19	0.00	Dec24	3.56
Nippon India Small Cap Dir Gr	INF204K01K15	Canara Robeco Asset Management Co Ltd	Financial Services	128.96	0.19	0.00	Jan25	5.32
Nippon India Small Cap Dir Gr	INF204K01K15	Canara Robeco Asset Management Co Ltd	Financial Services	128.96	0.19	0.00	Feb25	5.59
Nippon India Small Cap Dir Gr	INF204K01K15	Canara Robeco Asset Management Co Ltd	Financial Services	128.96	0.19	0.00	Mar25	15.51
Nippon India Small Cap Dir Gr	INF204K01K15	Canara Robeco Asset Management Co Ltd	Financial Services	128.96	0.19	0.00	Mar25	15.51
Nippon India Small Cap Dir Gr	INF204K01K15	Canara Robeco Asset Management Co Ltd	Financial Services	128.96	0.19	0.00	Apr25	12.51
Nippon India Small Cap Dir Gr	INF204K01K15	Canara Robeco Asset Management Co Ltd	Financial Services	128.96	0.19	0.00	May25	11.15
Nippon India Small Cap Dir Gr	INF204K01K15	Canara Robeco Asset Management Co Ltd	Financial Services	128.96	0.19	0.00	June25	10.18
Nippon India Small Cap Dir Gr	INF204K01K15	Canara Robeco Asset Management Co Ltd	Financial Services	128.96	0.19	0.00	July25	9.19
Nippon India Small Cap Dir Gr	INF204K01K15	Canara Robeco Asset Management Co Ltd	Financial Services	128.96	0.19	0.00	Aug25	8.13
Nippon India Small Cap Dir Gr	INF204K01K15	Landmark Cars Ltd	Consumer Cyclical	128.58	0.19	0.00	Oct24	5.55
Nippon India Small Cap Dir Gr	INF204K01K15	Landmark Cars Ltd	Consumer Cyclical	128.58	0.19	0.00	Nov24	7.52
Nippon India Small Cap Dir Gr	INF204K01K15	Landmark Cars Ltd	Consumer Cyclical	128.58	0.19	0.00	Dec24	3.56
Nippon India Small Cap Dir Gr	INF204K01K15	Landmark Cars Ltd	Consumer Cyclical	128.58	0.19	0.00	Jan25	5.32
Nippon India Small Cap Dir Gr	INF204K01K15	Landmark Cars Ltd	Consumer Cyclical	128.58	0.19	0.00	Feb25	5.59
Nippon India Small Cap Dir Gr	INF204K01K15	Landmark Cars Ltd	Consumer Cyclical	128.58	0.19	0.00	Mar25	15.51
Nippon India Small Cap Dir Gr	INF204K01K15	Landmark Cars Ltd	Consumer Cyclical	128.58	0.19	0.00	Mar25	15.51
Nippon India Small Cap Dir Gr	INF204K01K15	Landmark Cars Ltd	Consumer Cyclical	128.58	0.19	0.00	Apr25	12.51
Nippon India Small Cap Dir Gr	INF204K01K15	Landmark Cars Ltd	Consumer Cyclical	128.58	0.19	0.00	May25	11.15
Nippon India Small Cap Dir Gr	INF204K01K15	Landmark Cars Ltd	Consumer Cyclical	128.58	0.19	0.00	June25	10.18
Nippon India Small Cap Dir Gr	INF204K01K15	Landmark Cars Ltd	Consumer Cyclical	128.58	0.19	0.00	July25	9.19
Nippon India Small Cap Dir Gr	INF204K01K15	Landmark Cars Ltd	Consumer Cyclical	128.58	0.19	0.00	Aug25	8.13
Nippon India Small Cap Dir Gr	INF204K01K15	Brigade Enterprises Ltd	Real Estate	127.21	0.19	0.00	Oct24	5.55
Nippon India Small Cap Dir Gr	INF204K01K15	Brigade Enterprises Ltd	Real Estate	127.21	0.19	0.00	Nov24	7.52
Nippon India Small Cap Dir Gr	INF204K01K15	Brigade Enterprises Ltd	Real Estate	127.21	0.19	0.00	Dec24	3.56
Nippon India Small Cap Dir Gr	INF204K01K15	Brigade Enterprises Ltd	Real Estate	127.21	0.19	0.00	Jan25	5.32
Nippon India Small Cap Dir Gr	INF204K01K15	Brigade Enterprises Ltd	Real Estate	127.21	0.19	0.00	Feb25	5.59
Nippon India Small Cap Dir Gr	INF204K01K15	Brigade Enterprises Ltd	Real Estate	127.21	0.19	0.00	Mar25	15.51
Nippon India Small Cap Dir Gr	INF204K01K15	Brigade Enterprises Ltd	Real Estate	127.21	0.19	0.00	Mar25	15.51
Nippon India Small Cap Dir Gr	INF204K01K15	Brigade Enterprises Ltd	Real Estate	127.21	0.19	0.00	Apr25	12.51
Nippon India Small Cap Dir Gr	INF204K01K15	Brigade Enterprises Ltd	Real Estate	127.21	0.19	0.00	May25	11.15
Nippon India Small Cap Dir Gr	INF204K01K15	Brigade Enterprises Ltd	Real Estate	127.21	0.19	0.00	June25	10.18
Nippon India Small Cap Dir Gr	INF204K01K15	Brigade Enterprises Ltd	Real Estate	127.21	0.19	0.00	July25	9.19
Nippon India Small Cap Dir Gr	INF204K01K15	Brigade Enterprises Ltd	Real Estate	127.21	0.19	0.00	Aug25	8.13
Nippon India Small Cap Dir Gr	INF204K01K15	Sandhar Technologies Ltd Ordinary Shares	Consumer Cyclical	125.78	0.19	0.00	Oct24	5.55
Nippon India Small Cap Dir Gr	INF204K01K15	Sandhar Technologies Ltd Ordinary Shares	Consumer Cyclical	125.78	0.19	0.00	Nov24	7.52
Nippon India Small Cap Dir Gr	INF204K01K15	Sandhar Technologies Ltd Ordinary Shares	Consumer Cyclical	125.78	0.19	0.00	Dec24	3.56
Nippon India Small Cap Dir Gr	INF204K01K15	Sandhar Technologies Ltd Ordinary Shares	Consumer Cyclical	125.78	0.19	0.00	Jan25	5.32
Nippon India Small Cap Dir Gr	INF204K01K15	Sandhar Technologies Ltd Ordinary Shares	Consumer Cyclical	125.78	0.19	0.00	Feb25	5.59
Nippon India Small Cap Dir Gr	INF204K01K15	Sandhar Technologies Ltd Ordinary Shares	Consumer Cyclical	125.78	0.19	0.00	Mar25	15.51
Nippon India Small Cap Dir Gr	INF204K01K15	Sandhar Technologies Ltd Ordinary Shares	Consumer Cyclical	125.78	0.19	0.00	Mar25	15.51
Nippon India Small Cap Dir Gr	INF204K01K15	Sandhar Technologies Ltd Ordinary Shares	Consumer Cyclical	125.78	0.19	0.00	Apr25	12.51
Nippon India Small Cap Dir Gr	INF204K01K15	Sandhar Technologies Ltd Ordinary Shares	Consumer Cyclical	125.78	0.19	0.00	May25	11.15
Nippon India Small Cap Dir Gr	INF204K01K15	Sandhar Technologies Ltd Ordinary Shares	Consumer Cyclical	125.78	0.19	0.00	June25	10.18
Nippon India Small Cap Dir Gr	INF204K01K15	Sandhar Technologies Ltd Ordinary Shares	Consumer Cyclical	125.78	0.19	0.00	July25	9.19
Nippon India Small Cap Dir Gr	INF204K01K15	Sandhar Technologies Ltd Ordinary Shares	Consumer Cyclical	125.78	0.19	0.00	Aug25	8.13
Nippon India Small Cap Dir Gr	INF204K01K15	Power Finance Corp Ltd	Financial Services	124.14	0.18		Oct24	5.55
Nippon India Small Cap Dir Gr	INF204K01K15	Power Finance Corp Ltd	Financial Services	124.14	0.18		Nov24	7.52
Nippon India Small Cap Dir Gr	INF204K01K15	Power Finance Corp Ltd	Financial Services	124.14	0.18		Dec24	3.56
Nippon India Small Cap Dir Gr	INF204K01K15	Power Finance Corp Ltd	Financial Services	124.14	0.18		Jan25	5.32
Nippon India Small Cap Dir Gr	INF204K01K15	Power Finance Corp Ltd	Financial Services	124.14	0.18		Feb25	5.59
Nippon India Small Cap Dir Gr	INF204K01K15	Power Finance Corp Ltd	Financial Services	124.14	0.18		Mar25	15.51
Nippon India Small Cap Dir Gr	INF204K01K15	Power Finance Corp Ltd	Financial Services	124.14	0.18		Mar25	15.51
Nippon India Small Cap Dir Gr	INF204K01K15	Power Finance Corp Ltd	Financial Services	124.14	0.18		Apr25	12.51
Nippon India Small Cap Dir Gr	INF204K01K15	Power Finance Corp Ltd	Financial Services	124.14	0.18		May25	11.15
Nippon India Small Cap Dir Gr	INF204K01K15	Power Finance Corp Ltd	Financial Services	124.14	0.18		June25	10.18
Nippon India Small Cap Dir Gr	INF204K01K15	Power Finance Corp Ltd	Financial Services	124.14	0.18		July25	9.19
Nippon India Small Cap Dir Gr	INF204K01K15	Power Finance Corp Ltd	Financial Services	124.14	0.18		Aug25	8.13
Nippon India Small Cap Dir Gr	INF204K01K15	LMW Ltd	Industrials	124.07	0.18	0.00	Oct24	5.55
Nippon India Small Cap Dir Gr	INF204K01K15	LMW Ltd	Industrials	124.07	0.18	0.00	Nov24	7.52
Nippon India Small Cap Dir Gr	INF204K01K15	LMW Ltd	Industrials	124.07	0.18	0.00	Dec24	3.56
Nippon India Small Cap Dir Gr	INF204K01K15	LMW Ltd	Industrials	124.07	0.18	0.00	Jan25	5.32
Nippon India Small Cap Dir Gr	INF204K01K15	LMW Ltd	Industrials	124.07	0.18	0.00	Feb25	5.59
Nippon India Small Cap Dir Gr	INF204K01K15	LMW Ltd	Industrials	124.07	0.18	0.00	Mar25	15.51
Nippon India Small Cap Dir Gr	INF204K01K15	LMW Ltd	Industrials	124.07	0.18	0.00	Mar25	15.51
Nippon India Small Cap Dir Gr	INF204K01K15	LMW Ltd	Industrials	124.07	0.18	0.00	Apr25	12.51
Nippon India Small Cap Dir Gr	INF204K01K15	LMW Ltd	Industrials	124.07	0.18	0.00	May25	11.15
Nippon India Small Cap Dir Gr	INF204K01K15	LMW Ltd	Industrials	124.07	0.18	0.00	June25	10.18
Nippon India Small Cap Dir Gr	INF204K01K15	LMW Ltd	Industrials	124.07	0.18	0.00	July25	9.19
Nippon India Small Cap Dir Gr	INF204K01K15	LMW Ltd	Industrials	124.07	0.18	0.00	Aug25	8.13
Nippon India Small Cap Dir Gr	INF204K01K15	REC Ltd	Financial Services	122.43	0.18		Oct24	5.55
Nippon India Small Cap Dir Gr	INF204K01K15	REC Ltd	Financial Services	122.43	0.18		Nov24	7.52
Nippon India Small Cap Dir Gr	INF204K01K15	REC Ltd	Financial Services	122.43	0.18		Dec24	3.56
Nippon India Small Cap Dir Gr	INF204K01K15	REC Ltd	Financial Services	122.43	0.18		Jan25	5.32
Nippon India Small Cap Dir Gr	INF204K01K15	REC Ltd	Financial Services	122.43	0.18		Feb25	5.59
Nippon India Small Cap Dir Gr	INF204K01K15	REC Ltd	Financial Services	122.43	0.18		Mar25	15.51
Nippon India Small Cap Dir Gr	INF204K01K15	REC Ltd	Financial Services	122.43	0.18		Mar25	15.51
Nippon India Small Cap Dir Gr	INF204K01K15	REC Ltd	Financial Services	122.43	0.18		Apr25	12.51
Nippon India Small Cap Dir Gr	INF204K01K15	REC Ltd	Financial Services	122.43	0.18		May25	11.15
Nippon India Small Cap Dir Gr	INF204K01K15	REC Ltd	Financial Services	122.43	0.18		June25	10.18
Nippon India Small Cap Dir Gr	INF204K01K15	REC Ltd	Financial Services	122.43	0.18		July25	9.19
Nippon India Small Cap Dir Gr	INF204K01K15	REC Ltd	Financial Services	122.43	0.18		Aug25	8.13
Nippon India Small Cap Dir Gr	INF204K01K15	DLF Ltd	Real Estate	120.28	0.18	-40.88	Oct24	5.55
Nippon India Small Cap Dir Gr	INF204K01K15	DLF Ltd	Real Estate	120.28	0.18	-40.88	Nov24	7.52
Nippon India Small Cap Dir Gr	INF204K01K15	DLF Ltd	Real Estate	120.28	0.18	-40.88	Dec24	3.56
Nippon India Small Cap Dir Gr	INF204K01K15	DLF Ltd	Real Estate	120.28	0.18	-40.88	Jan25	5.32
Nippon India Small Cap Dir Gr	INF204K01K15	DLF Ltd	Real Estate	120.28	0.18	-40.88	Feb25	5.59
Nippon India Small Cap Dir Gr	INF204K01K15	DLF Ltd	Real Estate	120.28	0.18	-40.88	Mar25	15.51
Nippon India Small Cap Dir Gr	INF204K01K15	DLF Ltd	Real Estate	120.28	0.18	-40.88	Mar25	15.51
Nippon India Small Cap Dir Gr	INF204K01K15	DLF Ltd	Real Estate	120.28	0.18	-40.88	Apr25	12.51
Nippon India Small Cap Dir Gr	INF204K01K15	DLF Ltd	Real Estate	120.28	0.18	-40.88	May25	11.15
Nippon India Small Cap Dir Gr	INF204K01K15	DLF Ltd	Real Estate	120.28	0.18	-40.88	June25	10.18
Nippon India Small Cap Dir Gr	INF204K01K15	DLF Ltd	Real Estate	120.28	0.18	-40.88	July25	9.19
Nippon India Small Cap Dir Gr	INF204K01K15	DLF Ltd	Real Estate	120.28	0.18	-40.88	Aug25	8.13
Nippon India Small Cap Dir Gr	INF204K01K15	Seamec Ltd	Industrials	120.00	0.18	0.00	Oct24	5.55
Nippon India Small Cap Dir Gr	INF204K01K15	Seamec Ltd	Industrials	120.00	0.18	0.00	Nov24	7.52
Nippon India Small Cap Dir Gr	INF204K01K15	Seamec Ltd	Industrials	120.00	0.18	0.00	Dec24	3.56
Nippon India Small Cap Dir Gr	INF204K01K15	Seamec Ltd	Industrials	120.00	0.18	0.00	Jan25	5.32
Nippon India Small Cap Dir Gr	INF204K01K15	Seamec Ltd	Industrials	120.00	0.18	0.00	Feb25	5.59
Nippon India Small Cap Dir Gr	INF204K01K15	Seamec Ltd	Industrials	120.00	0.18	0.00	Mar25	15.51
Nippon India Small Cap Dir Gr	INF204K01K15	Seamec Ltd	Industrials	120.00	0.18	0.00	Mar25	15.51
Nippon India Small Cap Dir Gr	INF204K01K15	Seamec Ltd	Industrials	120.00	0.18	0.00	Apr25	12.51
Nippon India Small Cap Dir Gr	INF204K01K15	Seamec Ltd	Industrials	120.00	0.18	0.00	May25	11.15
Nippon India Small Cap Dir Gr	INF204K01K15	Seamec Ltd	Industrials	120.00	0.18	0.00	June25	10.18
Nippon India Small Cap Dir Gr	INF204K01K15	Seamec Ltd	Industrials	120.00	0.18	0.00	July25	9.19
Nippon India Small Cap Dir Gr	INF204K01K15	Seamec Ltd	Industrials	120.00	0.18	0.00	Aug25	8.13
Nippon India Small Cap Dir Gr	INF204K01K15	H.G. Infra Engineering Ltd Ordinary Shares	Industrials	119.71	0.18	0.00	Oct24	5.55
Nippon India Small Cap Dir Gr	INF204K01K15	H.G. Infra Engineering Ltd Ordinary Shares	Industrials	119.71	0.18	0.00	Nov24	7.52
Nippon India Small Cap Dir Gr	INF204K01K15	H.G. Infra Engineering Ltd Ordinary Shares	Industrials	119.71	0.18	0.00	Dec24	3.56
Nippon India Small Cap Dir Gr	INF204K01K15	H.G. Infra Engineering Ltd Ordinary Shares	Industrials	119.71	0.18	0.00	Jan25	5.32
Nippon India Small Cap Dir Gr	INF204K01K15	H.G. Infra Engineering Ltd Ordinary Shares	Industrials	119.71	0.18	0.00	Feb25	5.59
Nippon India Small Cap Dir Gr	INF204K01K15	H.G. Infra Engineering Ltd Ordinary Shares	Industrials	119.71	0.18	0.00	Mar25	15.51
Nippon India Small Cap Dir Gr	INF204K01K15	H.G. Infra Engineering Ltd Ordinary Shares	Industrials	119.71	0.18	0.00	Mar25	15.51
Nippon India Small Cap Dir Gr	INF204K01K15	H.G. Infra Engineering Ltd Ordinary Shares	Industrials	119.71	0.18	0.00	Apr25	12.51
Nippon India Small Cap Dir Gr	INF204K01K15	H.G. Infra Engineering Ltd Ordinary Shares	Industrials	119.71	0.18	0.00	May25	11.15
Nippon India Small Cap Dir Gr	INF204K01K15	H.G. Infra Engineering Ltd Ordinary Shares	Industrials	119.71	0.18	0.00	June25	10.18
Nippon India Small Cap Dir Gr	INF204K01K15	H.G. Infra Engineering Ltd Ordinary Shares	Industrials	119.71	0.18	0.00	July25	9.19
Nippon India Small Cap Dir Gr	INF204K01K15	H.G. Infra Engineering Ltd Ordinary Shares	Industrials	119.71	0.18	0.00	Aug25	8.13
Nippon India Small Cap Dir Gr	INF204K01K15	Texmaco Rail & Engineering Ltd	Industrials	119.50	0.18	0.00	Oct24	5.55
Nippon India Small Cap Dir Gr	INF204K01K15	Texmaco Rail & Engineering Ltd	Industrials	119.50	0.18	0.00	Nov24	7.52
Nippon India Small Cap Dir Gr	INF204K01K15	Texmaco Rail & Engineering Ltd	Industrials	119.50	0.18	0.00	Dec24	3.56
Nippon India Small Cap Dir Gr	INF204K01K15	Texmaco Rail & Engineering Ltd	Industrials	119.50	0.18	0.00	Jan25	5.32
Nippon India Small Cap Dir Gr	INF204K01K15	Texmaco Rail & Engineering Ltd	Industrials	119.50	0.18	0.00	Feb25	5.59
Nippon India Small Cap Dir Gr	INF204K01K15	Texmaco Rail & Engineering Ltd	Industrials	119.50	0.18	0.00	Mar25	15.51
Nippon India Small Cap Dir Gr	INF204K01K15	Texmaco Rail & Engineering Ltd	Industrials	119.50	0.18	0.00	Mar25	15.51
Nippon India Small Cap Dir Gr	INF204K01K15	Texmaco Rail & Engineering Ltd	Industrials	119.50	0.18	0.00	Apr25	12.51
Nippon India Small Cap Dir Gr	INF204K01K15	Texmaco Rail & Engineering Ltd	Industrials	119.50	0.18	0.00	May25	11.15
Nippon India Small Cap Dir Gr	INF204K01K15	Texmaco Rail & Engineering Ltd	Industrials	119.50	0.18	0.00	June25	10.18
Nippon India Small Cap Dir Gr	INF204K01K15	Texmaco Rail & Engineering Ltd	Industrials	119.50	0.18	0.00	July25	9.19
Nippon India Small Cap Dir Gr	INF204K01K15	Texmaco Rail & Engineering Ltd	Industrials	119.50	0.18	0.00	Aug25	8.13
Nippon India Small Cap Dir Gr	INF204K01K15	ICICI Prudential Asset Management Co Ltd	Financial Services	117.52	0.17	0.00	Oct24	5.55
Nippon India Small Cap Dir Gr	INF204K01K15	ICICI Prudential Asset Management Co Ltd	Financial Services	117.52	0.17	0.00	Nov24	7.52
Nippon India Small Cap Dir Gr	INF204K01K15	ICICI Prudential Asset Management Co Ltd	Financial Services	117.52	0.17	0.00	Dec24	3.56
Nippon India Small Cap Dir Gr	INF204K01K15	ICICI Prudential Asset Management Co Ltd	Financial Services	117.52	0.17	0.00	Jan25	5.32
Nippon India Small Cap Dir Gr	INF204K01K15	ICICI Prudential Asset Management Co Ltd	Financial Services	117.52	0.17	0.00	Feb25	5.59
Nippon India Small Cap Dir Gr	INF204K01K15	ICICI Prudential Asset Management Co Ltd	Financial Services	117.52	0.17	0.00	Mar25	15.51
Nippon India Small Cap Dir Gr	INF204K01K15	ICICI Prudential Asset Management Co Ltd	Financial Services	117.52	0.17	0.00	Mar25	15.51
Nippon India Small Cap Dir Gr	INF204K01K15	ICICI Prudential Asset Management Co Ltd	Financial Services	117.52	0.17	0.00	Apr25	12.51
Nippon India Small Cap Dir Gr	INF204K01K15	ICICI Prudential Asset Management Co Ltd	Financial Services	117.52	0.17	0.00	May25	11.15
Nippon India Small Cap Dir Gr	INF204K01K15	ICICI Prudential Asset Management Co Ltd	Financial Services	117.52	0.17	0.00	June25	10.18
Nippon India Small Cap Dir Gr	INF204K01K15	ICICI Prudential Asset Management Co Ltd	Financial Services	117.52	0.17	0.00	July25	9.19
Nippon India Small Cap Dir Gr	INF204K01K15	ICICI Prudential Asset Management Co Ltd	Financial Services	117.52	0.17	0.00	Aug25	8.13
Nippon India Small Cap Dir Gr	INF204K01K15	Inox Wind Ltd	Industrials	117.19	0.17	0.00	Oct24	5.55
Nippon India Small Cap Dir Gr	INF204K01K15	Inox Wind Ltd	Industrials	117.19	0.17	0.00	Nov24	7.52
Nippon India Small Cap Dir Gr	INF204K01K15	Inox Wind Ltd	Industrials	117.19	0.17	0.00	Dec24	3.56
Nippon India Small Cap Dir Gr	INF204K01K15	Inox Wind Ltd	Industrials	117.19	0.17	0.00	Jan25	5.32
Nippon India Small Cap Dir Gr	INF204K01K15	Inox Wind Ltd	Industrials	117.19	0.17	0.00	Feb25	5.59
Nippon India Small Cap Dir Gr	INF204K01K15	Inox Wind Ltd	Industrials	117.19	0.17	0.00	Mar25	15.51
Nippon India Small Cap Dir Gr	INF204K01K15	Inox Wind Ltd	Industrials	117.19	0.17	0.00	Mar25	15.51
Nippon India Small Cap Dir Gr	INF204K01K15	Inox Wind Ltd	Industrials	117.19	0.17	0.00	Apr25	12.51
Nippon India Small Cap Dir Gr	INF204K01K15	Inox Wind Ltd	Industrials	117.19	0.17	0.00	May25	11.15
Nippon India Small Cap Dir Gr	INF204K01K15	Inox Wind Ltd	Industrials	117.19	0.17	0.00	June25	10.18
Nippon India Small Cap Dir Gr	INF204K01K15	Inox Wind Ltd	Industrials	117.19	0.17	0.00	July25	9.19
Nippon India Small Cap Dir Gr	INF204K01K15	Inox Wind Ltd	Industrials	117.19	0.17	0.00	Aug25	8.13
Nippon India Small Cap Dir Gr	INF204K01K15	G R Infraprojects Ltd	Industrials	113.23	0.17	0.00	Oct24	5.55
Nippon India Small Cap Dir Gr	INF204K01K15	G R Infraprojects Ltd	Industrials	113.23	0.17	0.00	Nov24	7.52
Nippon India Small Cap Dir Gr	INF204K01K15	G R Infraprojects Ltd	Industrials	113.23	0.17	0.00	Dec24	3.56
Nippon India Small Cap Dir Gr	INF204K01K15	G R Infraprojects Ltd	Industrials	113.23	0.17	0.00	Jan25	5.32
Nippon India Small Cap Dir Gr	INF204K01K15	G R Infraprojects Ltd	Industrials	113.23	0.17	0.00	Feb25	5.59
Nippon India Small Cap Dir Gr	INF204K01K15	G R Infraprojects Ltd	Industrials	113.23	0.17	0.00	Mar25	15.51
Nippon India Small Cap Dir Gr	INF204K01K15	G R Infraprojects Ltd	Industrials	113.23	0.17	0.00	Mar25	15.51
Nippon India Small Cap Dir Gr	INF204K01K15	G R Infraprojects Ltd	Industrials	113.23	0.17	0.00	Apr25	12.51
Nippon India Small Cap Dir Gr	INF204K01K15	G R Infraprojects Ltd	Industrials	113.23	0.17	0.00	May25	11.15
Nippon India Small Cap Dir Gr	INF204K01K15	G R Infraprojects Ltd	Industrials	113.23	0.17	0.00	June25	10.18
Nippon India Small Cap Dir Gr	INF204K01K15	G R Infraprojects Ltd	Industrials	113.23	0.17	0.00	July25	9.19
Nippon India Small Cap Dir Gr	INF204K01K15	G R Infraprojects Ltd	Industrials	113.23	0.17	0.00	Aug25	8.13
Nippon India Small Cap Dir Gr	INF204K01K15	Birlasoft Ltd	Technology	113.19	0.17	0.00	Oct24	5.55
Nippon India Small Cap Dir Gr	INF204K01K15	Birlasoft Ltd	Technology	113.19	0.17	0.00	Nov24	7.52
Nippon India Small Cap Dir Gr	INF204K01K15	Birlasoft Ltd	Technology	113.19	0.17	0.00	Dec24	3.56
Nippon India Small Cap Dir Gr	INF204K01K15	Birlasoft Ltd	Technology	113.19	0.17	0.00	Jan25	5.32
Nippon India Small Cap Dir Gr	INF204K01K15	Birlasoft Ltd	Technology	113.19	0.17	0.00	Feb25	5.59
Nippon India Small Cap Dir Gr	INF204K01K15	Birlasoft Ltd	Technology	113.19	0.17	0.00	Mar25	15.51
Nippon India Small Cap Dir Gr	INF204K01K15	Birlasoft Ltd	Technology	113.19	0.17	0.00	Mar25	15.51
Nippon India Small Cap Dir Gr	INF204K01K15	Birlasoft Ltd	Technology	113.19	0.17	0.00	Apr25	12.51
Nippon India Small Cap Dir Gr	INF204K01K15	Birlasoft Ltd	Technology	113.19	0.17	0.00	May25	11.15
Nippon India Small Cap Dir Gr	INF204K01K15	Birlasoft Ltd	Technology	113.19	0.17	0.00	June25	10.18
Nippon India Small Cap Dir Gr	INF204K01K15	Birlasoft Ltd	Technology	113.19	0.17	0.00	July25	9.19
Nippon India Small Cap Dir Gr	INF204K01K15	Birlasoft Ltd	Technology	113.19	0.17	0.00	Aug25	8.13
Nippon India Small Cap Dir Gr	INF204K01K15	Bajaj Electricals Ltd	Consumer Cyclical	112.82	0.17	0.00	Oct24	5.55
Nippon India Small Cap Dir Gr	INF204K01K15	Bajaj Electricals Ltd	Consumer Cyclical	112.82	0.17	0.00	Nov24	7.52
Nippon India Small Cap Dir Gr	INF204K01K15	Bajaj Electricals Ltd	Consumer Cyclical	112.82	0.17	0.00	Dec24	3.56
Nippon India Small Cap Dir Gr	INF204K01K15	Bajaj Electricals Ltd	Consumer Cyclical	112.82	0.17	0.00	Jan25	5.32
Nippon India Small Cap Dir Gr	INF204K01K15	Bajaj Electricals Ltd	Consumer Cyclical	112.82	0.17	0.00	Feb25	5.59
Nippon India Small Cap Dir Gr	INF204K01K15	Bajaj Electricals Ltd	Consumer Cyclical	112.82	0.17	0.00	Mar25	15.51
Nippon India Small Cap Dir Gr	INF204K01K15	Bajaj Electricals Ltd	Consumer Cyclical	112.82	0.17	0.00	Mar25	15.51
Nippon India Small Cap Dir Gr	INF204K01K15	Bajaj Electricals Ltd	Consumer Cyclical	112.82	0.17	0.00	Apr25	12.51
Nippon India Small Cap Dir Gr	INF204K01K15	Bajaj Electricals Ltd	Consumer Cyclical	112.82	0.17	0.00	May25	11.15
Nippon India Small Cap Dir Gr	INF204K01K15	Bajaj Electricals Ltd	Consumer Cyclical	112.82	0.17	0.00	June25	10.18
Nippon India Small Cap Dir Gr	INF204K01K15	Bajaj Electricals Ltd	Consumer Cyclical	112.82	0.17	0.00	July25	9.19
Nippon India Small Cap Dir Gr	INF204K01K15	Bajaj Electricals Ltd	Consumer Cyclical	112.82	0.17	0.00	Aug25	8.13
Nippon India Small Cap Dir Gr	INF204K01K15	Sanofi Consumer Healthcare India Ltd	Healthcare	112.80	0.17	0.00	Oct24	5.55
Nippon India Small Cap Dir Gr	INF204K01K15	Sanofi Consumer Healthcare India Ltd	Healthcare	112.80	0.17	0.00	Nov24	7.52
Nippon India Small Cap Dir Gr	INF204K01K15	Sanofi Consumer Healthcare India Ltd	Healthcare	112.80	0.17	0.00	Dec24	3.56
Nippon India Small Cap Dir Gr	INF204K01K15	Sanofi Consumer Healthcare India Ltd	Healthcare	112.80	0.17	0.00	Jan25	5.32
Nippon India Small Cap Dir Gr	INF204K01K15	Sanofi Consumer Healthcare India Ltd	Healthcare	112.80	0.17	0.00	Feb25	5.59
Nippon India Small Cap Dir Gr	INF204K01K15	Sanofi Consumer Healthcare India Ltd	Healthcare	112.80	0.17	0.00	Mar25	15.51
Nippon India Small Cap Dir Gr	INF204K01K15	Sanofi Consumer Healthcare India Ltd	Healthcare	112.80	0.17	0.00	Mar25	15.51
Nippon India Small Cap Dir Gr	INF204K01K15	Sanofi Consumer Healthcare India Ltd	Healthcare	112.80	0.17	0.00	Apr25	12.51
Nippon India Small Cap Dir Gr	INF204K01K15	Sanofi Consumer Healthcare India Ltd	Healthcare	112.80	0.17	0.00	May25	11.15
Nippon India Small Cap Dir Gr	INF204K01K15	Sanofi Consumer Healthcare India Ltd	Healthcare	112.80	0.17	0.00	June25	10.18
Nippon India Small Cap Dir Gr	INF204K01K15	Sanofi Consumer Healthcare India Ltd	Healthcare	112.80	0.17	0.00	July25	9.19
Nippon India Small Cap Dir Gr	INF204K01K15	Sanofi Consumer Healthcare India Ltd	Healthcare	112.80	0.17	0.00	Aug25	8.13
Nippon India Small Cap Dir Gr	INF204K01K15	Greenlam Industries Ltd	Consumer Cyclical	105.71	0.16	0.00	Oct24	5.55
Nippon India Small Cap Dir Gr	INF204K01K15	Greenlam Industries Ltd	Consumer Cyclical	105.71	0.16	0.00	Nov24	7.52
Nippon India Small Cap Dir Gr	INF204K01K15	Greenlam Industries Ltd	Consumer Cyclical	105.71	0.16	0.00	Dec24	3.56
Nippon India Small Cap Dir Gr	INF204K01K15	Greenlam Industries Ltd	Consumer Cyclical	105.71	0.16	0.00	Jan25	5.32
Nippon India Small Cap Dir Gr	INF204K01K15	Greenlam Industries Ltd	Consumer Cyclical	105.71	0.16	0.00	Feb25	5.59
Nippon India Small Cap Dir Gr	INF204K01K15	Greenlam Industries Ltd	Consumer Cyclical	105.71	0.16	0.00	Mar25	15.51
Nippon India Small Cap Dir Gr	INF204K01K15	Greenlam Industries Ltd	Consumer Cyclical	105.71	0.16	0.00	Mar25	15.51
Nippon India Small Cap Dir Gr	INF204K01K15	Greenlam Industries Ltd	Consumer Cyclical	105.71	0.16	0.00	Apr25	12.51
Nippon India Small Cap Dir Gr	INF204K01K15	Greenlam Industries Ltd	Consumer Cyclical	105.71	0.16	0.00	May25	11.15
Nippon India Small Cap Dir Gr	INF204K01K15	Greenlam Industries Ltd	Consumer Cyclical	105.71	0.16	0.00	June25	10.18
Nippon India Small Cap Dir Gr	INF204K01K15	Greenlam Industries Ltd	Consumer Cyclical	105.71	0.16	0.00	July25	9.19
Nippon India Small Cap Dir Gr	INF204K01K15	Greenlam Industries Ltd	Consumer Cyclical	105.71	0.16	0.00	Aug25	8.13
Nippon India Small Cap Dir Gr	INF204K01K15	Campus Activewear Ltd	Consumer Cyclical	105.54	0.16	8.95	Oct24	5.55
Nippon India Small Cap Dir Gr	INF204K01K15	Campus Activewear Ltd	Consumer Cyclical	105.54	0.16	8.95	Nov24	7.52
Nippon India Small Cap Dir Gr	INF204K01K15	Campus Activewear Ltd	Consumer Cyclical	105.54	0.16	8.95	Dec24	3.56
Nippon India Small Cap Dir Gr	INF204K01K15	Campus Activewear Ltd	Consumer Cyclical	105.54	0.16	8.95	Jan25	5.32
Nippon India Small Cap Dir Gr	INF204K01K15	Campus Activewear Ltd	Consumer Cyclical	105.54	0.16	8.95	Feb25	5.59
Nippon India Small Cap Dir Gr	INF204K01K15	Campus Activewear Ltd	Consumer Cyclical	105.54	0.16	8.95	Mar25	15.51
Nippon India Small Cap Dir Gr	INF204K01K15	Campus Activewear Ltd	Consumer Cyclical	105.54	0.16	8.95	Mar25	15.51
Nippon India Small Cap Dir Gr	INF204K01K15	Campus Activewear Ltd	Consumer Cyclical	105.54	0.16	8.95	Apr25	12.51
Nippon India Small Cap Dir Gr	INF204K01K15	Campus Activewear Ltd	Consumer Cyclical	105.54	0.16	8.95	May25	11.15
Nippon India Small Cap Dir Gr	INF204K01K15	Campus Activewear Ltd	Consumer Cyclical	105.54	0.16	8.95	June25	10.18
Nippon India Small Cap Dir Gr	INF204K01K15	Campus Activewear Ltd	Consumer Cyclical	105.54	0.16	8.95	July25	9.19
Nippon India Small Cap Dir Gr	INF204K01K15	Campus Activewear Ltd	Consumer Cyclical	105.54	0.16	8.95	Aug25	8.13
Nippon India Small Cap Dir Gr	INF204K01K15	Piramal Finance Ltd	Financial Services	104.32	0.15	0.00	Oct24	5.55
Nippon India Small Cap Dir Gr	INF204K01K15	Piramal Finance Ltd	Financial Services	104.32	0.15	0.00	Nov24	7.52
Nippon India Small Cap Dir Gr	INF204K01K15	Piramal Finance Ltd	Financial Services	104.32	0.15	0.00	Dec24	3.56
Nippon India Small Cap Dir Gr	INF204K01K15	Piramal Finance Ltd	Financial Services	104.32	0.15	0.00	Jan25	5.32
Nippon India Small Cap Dir Gr	INF204K01K15	Piramal Finance Ltd	Financial Services	104.32	0.15	0.00	Feb25	5.59
Nippon India Small Cap Dir Gr	INF204K01K15	Piramal Finance Ltd	Financial Services	104.32	0.15	0.00	Mar25	15.51
Nippon India Small Cap Dir Gr	INF204K01K15	Piramal Finance Ltd	Financial Services	104.32	0.15	0.00	Mar25	15.51
Nippon India Small Cap Dir Gr	INF204K01K15	Piramal Finance Ltd	Financial Services	104.32	0.15	0.00	Apr25	12.51
Nippon India Small Cap Dir Gr	INF204K01K15	Piramal Finance Ltd	Financial Services	104.32	0.15	0.00	May25	11.15
Nippon India Small Cap Dir Gr	INF204K01K15	Piramal Finance Ltd	Financial Services	104.32	0.15	0.00	June25	10.18
Nippon India Small Cap Dir Gr	INF204K01K15	Piramal Finance Ltd	Financial Services	104.32	0.15	0.00	July25	9.19
Nippon India Small Cap Dir Gr	INF204K01K15	Piramal Finance Ltd	Financial Services	104.32	0.15	0.00	Aug25	8.13
Nippon India Small Cap Dir Gr	INF204K01K15	Sudarshan Chemical Industries Ltd	Basic Materials	103.84	0.15	0.00	Oct24	5.55
Nippon India Small Cap Dir Gr	INF204K01K15	Sudarshan Chemical Industries Ltd	Basic Materials	103.84	0.15	0.00	Nov24	7.52
Nippon India Small Cap Dir Gr	INF204K01K15	Sudarshan Chemical Industries Ltd	Basic Materials	103.84	0.15	0.00	Dec24	3.56
Nippon India Small Cap Dir Gr	INF204K01K15	Sudarshan Chemical Industries Ltd	Basic Materials	103.84	0.15	0.00	Jan25	5.32
Nippon India Small Cap Dir Gr	INF204K01K15	Sudarshan Chemical Industries Ltd	Basic Materials	103.84	0.15	0.00	Feb25	5.59
Nippon India Small Cap Dir Gr	INF204K01K15	Sudarshan Chemical Industries Ltd	Basic Materials	103.84	0.15	0.00	Mar25	15.51
Nippon India Small Cap Dir Gr	INF204K01K15	Sudarshan Chemical Industries Ltd	Basic Materials	103.84	0.15	0.00	Mar25	15.51
Nippon India Small Cap Dir Gr	INF204K01K15	Sudarshan Chemical Industries Ltd	Basic Materials	103.84	0.15	0.00	Apr25	12.51
Nippon India Small Cap Dir Gr	INF204K01K15	Sudarshan Chemical Industries Ltd	Basic Materials	103.84	0.15	0.00	May25	11.15
Nippon India Small Cap Dir Gr	INF204K01K15	Sudarshan Chemical Industries Ltd	Basic Materials	103.84	0.15	0.00	June25	10.18
Nippon India Small Cap Dir Gr	INF204K01K15	Sudarshan Chemical Industries Ltd	Basic Materials	103.84	0.15	0.00	July25	9.19
Nippon India Small Cap Dir Gr	INF204K01K15	Sudarshan Chemical Industries Ltd	Basic Materials	103.84	0.15	0.00	Aug25	8.13
Nippon India Small Cap Dir Gr	INF204K01K15	Union Bank of India	Financial Services	103.48	0.15	0.00	Oct24	5.55
Nippon India Small Cap Dir Gr	INF204K01K15	Union Bank of India	Financial Services	103.48	0.15	0.00	Nov24	7.52
Nippon India Small Cap Dir Gr	INF204K01K15	Union Bank of India	Financial Services	103.48	0.15	0.00	Dec24	3.56
Nippon India Small Cap Dir Gr	INF204K01K15	Union Bank of India	Financial Services	103.48	0.15	0.00	Jan25	5.32
Nippon India Small Cap Dir Gr	INF204K01K15	Union Bank of India	Financial Services	103.48	0.15	0.00	Feb25	5.59
Nippon India Small Cap Dir Gr	INF204K01K15	Union Bank of India	Financial Services	103.48	0.15	0.00	Mar25	15.51
Nippon India Small Cap Dir Gr	INF204K01K15	Union Bank of India	Financial Services	103.48	0.15	0.00	Mar25	15.51
Nippon India Small Cap Dir Gr	INF204K01K15	Union Bank of India	Financial Services	103.48	0.15	0.00	Apr25	12.51
Nippon India Small Cap Dir Gr	INF204K01K15	Union Bank of India	Financial Services	103.48	0.15	0.00	May25	11.15
Nippon India Small Cap Dir Gr	INF204K01K15	Union Bank of India	Financial Services	103.48	0.15	0.00	June25	10.18
Nippon India Small Cap Dir Gr	INF204K01K15	Union Bank of India	Financial Services	103.48	0.15	0.00	July25	9.19
Nippon India Small Cap Dir Gr	INF204K01K15	Union Bank of India	Financial Services	103.48	0.15	0.00	Aug25	8.13
Nippon India Small Cap Dir Gr	INF204K01K15	Vindhya Telelinks Ltd	Industrials	102.21	0.15	0.00	Oct24	5.55
Nippon India Small Cap Dir Gr	INF204K01K15	Vindhya Telelinks Ltd	Industrials	102.21	0.15	0.00	Nov24	7.52
Nippon India Small Cap Dir Gr	INF204K01K15	Vindhya Telelinks Ltd	Industrials	102.21	0.15	0.00	Dec24	3.56
Nippon India Small Cap Dir Gr	INF204K01K15	Vindhya Telelinks Ltd	Industrials	102.21	0.15	0.00	Jan25	5.32
Nippon India Small Cap Dir Gr	INF204K01K15	Vindhya Telelinks Ltd	Industrials	102.21	0.15	0.00	Feb25	5.59
Nippon India Small Cap Dir Gr	INF204K01K15	Vindhya Telelinks Ltd	Industrials	102.21	0.15	0.00	Mar25	15.51
Nippon India Small Cap Dir Gr	INF204K01K15	Vindhya Telelinks Ltd	Industrials	102.21	0.15	0.00	Mar25	15.51
Nippon India Small Cap Dir Gr	INF204K01K15	Vindhya Telelinks Ltd	Industrials	102.21	0.15	0.00	Apr25	12.51
Nippon India Small Cap Dir Gr	INF204K01K15	Vindhya Telelinks Ltd	Industrials	102.21	0.15	0.00	May25	11.15
Nippon India Small Cap Dir Gr	INF204K01K15	Vindhya Telelinks Ltd	Industrials	102.21	0.15	0.00	June25	10.18
Nippon India Small Cap Dir Gr	INF204K01K15	Vindhya Telelinks Ltd	Industrials	102.21	0.15	0.00	July25	9.19
Nippon India Small Cap Dir Gr	INF204K01K15	Vindhya Telelinks Ltd	Industrials	102.21	0.15	0.00	Aug25	8.13
Nippon India Small Cap Dir Gr	INF204K01K15	KEC International Ltd	Industrials	101.31	0.15	0.00	Oct24	5.55
Nippon India Small Cap Dir Gr	INF204K01K15	KEC International Ltd	Industrials	101.31	0.15	0.00	Nov24	7.52
Nippon India Small Cap Dir Gr	INF204K01K15	KEC International Ltd	Industrials	101.31	0.15	0.00	Dec24	3.56
Nippon India Small Cap Dir Gr	INF204K01K15	KEC International Ltd	Industrials	101.31	0.15	0.00	Jan25	5.32
Nippon India Small Cap Dir Gr	INF204K01K15	KEC International Ltd	Industrials	101.31	0.15	0.00	Feb25	5.59
Nippon India Small Cap Dir Gr	INF204K01K15	KEC International Ltd	Industrials	101.31	0.15	0.00	Mar25	15.51
Nippon India Small Cap Dir Gr	INF204K01K15	KEC International Ltd	Industrials	101.31	0.15	0.00	Mar25	15.51
Nippon India Small Cap Dir Gr	INF204K01K15	KEC International Ltd	Industrials	101.31	0.15	0.00	Apr25	12.51
Nippon India Small Cap Dir Gr	INF204K01K15	KEC International Ltd	Industrials	101.31	0.15	0.00	May25	11.15
Nippon India Small Cap Dir Gr	INF204K01K15	KEC International Ltd	Industrials	101.31	0.15	0.00	June25	10.18
Nippon India Small Cap Dir Gr	INF204K01K15	KEC International Ltd	Industrials	101.31	0.15	0.00	July25	9.19
Nippon India Small Cap Dir Gr	INF204K01K15	KEC International Ltd	Industrials	101.31	0.15	0.00	Aug25	8.13
Nippon India Small Cap Dir Gr	INF204K01K15	Max Estates Ltd	Real Estate	101.13	0.15	0.00	Oct24	5.55
Nippon India Small Cap Dir Gr	INF204K01K15	Max Estates Ltd	Real Estate	101.13	0.15	0.00	Nov24	7.52
Nippon India Small Cap Dir Gr	INF204K01K15	Max Estates Ltd	Real Estate	101.13	0.15	0.00	Dec24	3.56
Nippon India Small Cap Dir Gr	INF204K01K15	Max Estates Ltd	Real Estate	101.13	0.15	0.00	Jan25	5.32
Nippon India Small Cap Dir Gr	INF204K01K15	Max Estates Ltd	Real Estate	101.13	0.15	0.00	Feb25	5.59
Nippon India Small Cap Dir Gr	INF204K01K15	Max Estates Ltd	Real Estate	101.13	0.15	0.00	Mar25	15.51
Nippon India Small Cap Dir Gr	INF204K01K15	Max Estates Ltd	Real Estate	101.13	0.15	0.00	Mar25	15.51
Nippon India Small Cap Dir Gr	INF204K01K15	Max Estates Ltd	Real Estate	101.13	0.15	0.00	Apr25	12.51
Nippon India Small Cap Dir Gr	INF204K01K15	Max Estates Ltd	Real Estate	101.13	0.15	0.00	May25	11.15
Nippon India Small Cap Dir Gr	INF204K01K15	Max Estates Ltd	Real Estate	101.13	0.15	0.00	June25	10.18
Nippon India Small Cap Dir Gr	INF204K01K15	Max Estates Ltd	Real Estate	101.13	0.15	0.00	July25	9.19
Nippon India Small Cap Dir Gr	INF204K01K15	Max Estates Ltd	Real Estate	101.13	0.15	0.00	Aug25	8.13
Nippon India Small Cap Dir Gr	INF204K01K15	CreditAccess Grameen Ltd Ordinary Shares	Financial Services	100.45	0.15	0.00	Oct24	5.55
Nippon India Small Cap Dir Gr	INF204K01K15	CreditAccess Grameen Ltd Ordinary Shares	Financial Services	100.45	0.15	0.00	Nov24	7.52
Nippon India Small Cap Dir Gr	INF204K01K15	CreditAccess Grameen Ltd Ordinary Shares	Financial Services	100.45	0.15	0.00	Dec24	3.56
Nippon India Small Cap Dir Gr	INF204K01K15	CreditAccess Grameen Ltd Ordinary Shares	Financial Services	100.45	0.15	0.00	Jan25	5.32
Nippon India Small Cap Dir Gr	INF204K01K15	CreditAccess Grameen Ltd Ordinary Shares	Financial Services	100.45	0.15	0.00	Feb25	5.59
Nippon India Small Cap Dir Gr	INF204K01K15	CreditAccess Grameen Ltd Ordinary Shares	Financial Services	100.45	0.15	0.00	Mar25	15.51
Nippon India Small Cap Dir Gr	INF204K01K15	CreditAccess Grameen Ltd Ordinary Shares	Financial Services	100.45	0.15	0.00	Mar25	15.51
Nippon India Small Cap Dir Gr	INF204K01K15	CreditAccess Grameen Ltd Ordinary Shares	Financial Services	100.45	0.15	0.00	Apr25	12.51
Nippon India Small Cap Dir Gr	INF204K01K15	CreditAccess Grameen Ltd Ordinary Shares	Financial Services	100.45	0.15	0.00	May25	11.15
Nippon India Small Cap Dir Gr	INF204K01K15	CreditAccess Grameen Ltd Ordinary Shares	Financial Services	100.45	0.15	0.00	June25	10.18
Nippon India Small Cap Dir Gr	INF204K01K15	CreditAccess Grameen Ltd Ordinary Shares	Financial Services	100.45	0.15	0.00	July25	9.19
Nippon India Small Cap Dir Gr	INF204K01K15	CreditAccess Grameen Ltd Ordinary Shares	Financial Services	100.45	0.15	0.00	Aug25	8.13
Nippon India Small Cap Dir Gr	INF204K01K15	Bajel Projects Ltd	Utilities	99.35	0.15	0.00	Oct24	5.55
Nippon India Small Cap Dir Gr	INF204K01K15	Bajel Projects Ltd	Utilities	99.35	0.15	0.00	Nov24	7.52
Nippon India Small Cap Dir Gr	INF204K01K15	Bajel Projects Ltd	Utilities	99.35	0.15	0.00	Dec24	3.56
Nippon India Small Cap Dir Gr	INF204K01K15	Bajel Projects Ltd	Utilities	99.35	0.15	0.00	Jan25	5.32
Nippon India Small Cap Dir Gr	INF204K01K15	Bajel Projects Ltd	Utilities	99.35	0.15	0.00	Feb25	5.59
Nippon India Small Cap Dir Gr	INF204K01K15	Bajel Projects Ltd	Utilities	99.35	0.15	0.00	Mar25	15.51
Nippon India Small Cap Dir Gr	INF204K01K15	Bajel Projects Ltd	Utilities	99.35	0.15	0.00	Mar25	15.51
Nippon India Small Cap Dir Gr	INF204K01K15	Bajel Projects Ltd	Utilities	99.35	0.15	0.00	Apr25	12.51
Nippon India Small Cap Dir Gr	INF204K01K15	Bajel Projects Ltd	Utilities	99.35	0.15	0.00	May25	11.15
Nippon India Small Cap Dir Gr	INF204K01K15	Bajel Projects Ltd	Utilities	99.35	0.15	0.00	June25	10.18
Nippon India Small Cap Dir Gr	INF204K01K15	Bajel Projects Ltd	Utilities	99.35	0.15	0.00	July25	9.19
Nippon India Small Cap Dir Gr	INF204K01K15	Bajel Projects Ltd	Utilities	99.35	0.15	0.00	Aug25	8.13
Nippon India Small Cap Dir Gr	INF204K01K15	Sharda Motor Industries Ltd	Consumer Cyclical	96.85	0.14	0.00	Oct24	5.55
Nippon India Small Cap Dir Gr	INF204K01K15	Sharda Motor Industries Ltd	Consumer Cyclical	96.85	0.14	0.00	Nov24	7.52
Nippon India Small Cap Dir Gr	INF204K01K15	Sharda Motor Industries Ltd	Consumer Cyclical	96.85	0.14	0.00	Dec24	3.56
Nippon India Small Cap Dir Gr	INF204K01K15	Sharda Motor Industries Ltd	Consumer Cyclical	96.85	0.14	0.00	Jan25	5.32
Nippon India Small Cap Dir Gr	INF204K01K15	Sharda Motor Industries Ltd	Consumer Cyclical	96.85	0.14	0.00	Feb25	5.59
Nippon India Small Cap Dir Gr	INF204K01K15	Sharda Motor Industries Ltd	Consumer Cyclical	96.85	0.14	0.00	Mar25	15.51
Nippon India Small Cap Dir Gr	INF204K01K15	Sharda Motor Industries Ltd	Consumer Cyclical	96.85	0.14	0.00	Mar25	15.51
Nippon India Small Cap Dir Gr	INF204K01K15	Sharda Motor Industries Ltd	Consumer Cyclical	96.85	0.14	0.00	Apr25	12.51
Nippon India Small Cap Dir Gr	INF204K01K15	Sharda Motor Industries Ltd	Consumer Cyclical	96.85	0.14	0.00	May25	11.15
Nippon India Small Cap Dir Gr	INF204K01K15	Sharda Motor Industries Ltd	Consumer Cyclical	96.85	0.14	0.00	June25	10.18
Nippon India Small Cap Dir Gr	INF204K01K15	Sharda Motor Industries Ltd	Consumer Cyclical	96.85	0.14	0.00	July25	9.19
Nippon India Small Cap Dir Gr	INF204K01K15	Sharda Motor Industries Ltd	Consumer Cyclical	96.85	0.14	0.00	Aug25	8.13
Nippon India Small Cap Dir Gr	INF204K01K15	Fujiyama Power Systems Ltd	Technology	93.85	0.14	0.00	Oct24	5.55
Nippon India Small Cap Dir Gr	INF204K01K15	Fujiyama Power Systems Ltd	Technology	93.85	0.14	0.00	Nov24	7.52
Nippon India Small Cap Dir Gr	INF204K01K15	Fujiyama Power Systems Ltd	Technology	93.85	0.14	0.00	Dec24	3.56
Nippon India Small Cap Dir Gr	INF204K01K15	Fujiyama Power Systems Ltd	Technology	93.85	0.14	0.00	Jan25	5.32
Nippon India Small Cap Dir Gr	INF204K01K15	Fujiyama Power Systems Ltd	Technology	93.85	0.14	0.00	Feb25	5.59
Nippon India Small Cap Dir Gr	INF204K01K15	Fujiyama Power Systems Ltd	Technology	93.85	0.14	0.00	Mar25	15.51
Nippon India Small Cap Dir Gr	INF204K01K15	Fujiyama Power Systems Ltd	Technology	93.85	0.14	0.00	Mar25	15.51
Nippon India Small Cap Dir Gr	INF204K01K15	Fujiyama Power Systems Ltd	Technology	93.85	0.14	0.00	Apr25	12.51
Nippon India Small Cap Dir Gr	INF204K01K15	Fujiyama Power Systems Ltd	Technology	93.85	0.14	0.00	May25	11.15
Nippon India Small Cap Dir Gr	INF204K01K15	Fujiyama Power Systems Ltd	Technology	93.85	0.14	0.00	June25	10.18
Nippon India Small Cap Dir Gr	INF204K01K15	Fujiyama Power Systems Ltd	Technology	93.85	0.14	0.00	July25	9.19
Nippon India Small Cap Dir Gr	INF204K01K15	Fujiyama Power Systems Ltd	Technology	93.85	0.14	0.00	Aug25	8.13
Nippon India Small Cap Dir Gr	INF204K01K15	Rainbow Childrens Medicare Ltd	Healthcare	93.40	0.14	0.00	Oct24	5.55
Nippon India Small Cap Dir Gr	INF204K01K15	Rainbow Childrens Medicare Ltd	Healthcare	93.40	0.14	0.00	Nov24	7.52
Nippon India Small Cap Dir Gr	INF204K01K15	Rainbow Childrens Medicare Ltd	Healthcare	93.40	0.14	0.00	Dec24	3.56
Nippon India Small Cap Dir Gr	INF204K01K15	Rainbow Childrens Medicare Ltd	Healthcare	93.40	0.14	0.00	Jan25	5.32
Nippon India Small Cap Dir Gr	INF204K01K15	Rainbow Childrens Medicare Ltd	Healthcare	93.40	0.14	0.00	Feb25	5.59
Nippon India Small Cap Dir Gr	INF204K01K15	Rainbow Childrens Medicare Ltd	Healthcare	93.40	0.14	0.00	Mar25	15.51
Nippon India Small Cap Dir Gr	INF204K01K15	Rainbow Childrens Medicare Ltd	Healthcare	93.40	0.14	0.00	Mar25	15.51
Nippon India Small Cap Dir Gr	INF204K01K15	Rainbow Childrens Medicare Ltd	Healthcare	93.40	0.14	0.00	Apr25	12.51
Nippon India Small Cap Dir Gr	INF204K01K15	Rainbow Childrens Medicare Ltd	Healthcare	93.40	0.14	0.00	May25	11.15
Nippon India Small Cap Dir Gr	INF204K01K15	Rainbow Childrens Medicare Ltd	Healthcare	93.40	0.14	0.00	June25	10.18
Nippon India Small Cap Dir Gr	INF204K01K15	Rainbow Childrens Medicare Ltd	Healthcare	93.40	0.14	0.00	July25	9.19
Nippon India Small Cap Dir Gr	INF204K01K15	Rainbow Childrens Medicare Ltd	Healthcare	93.40	0.14	0.00	Aug25	8.13
Nippon India Small Cap Dir Gr	INF204K01K15	Just Dial Ltd	Communication Services	92.87	0.14	0.00	Oct24	5.55
Nippon India Small Cap Dir Gr	INF204K01K15	Just Dial Ltd	Communication Services	92.87	0.14	0.00	Nov24	7.52
Nippon India Small Cap Dir Gr	INF204K01K15	Just Dial Ltd	Communication Services	92.87	0.14	0.00	Dec24	3.56
Nippon India Small Cap Dir Gr	INF204K01K15	Just Dial Ltd	Communication Services	92.87	0.14	0.00	Jan25	5.32
Nippon India Small Cap Dir Gr	INF204K01K15	Just Dial Ltd	Communication Services	92.87	0.14	0.00	Feb25	5.59
Nippon India Small Cap Dir Gr	INF204K01K15	Just Dial Ltd	Communication Services	92.87	0.14	0.00	Mar25	15.51
Nippon India Small Cap Dir Gr	INF204K01K15	Just Dial Ltd	Communication Services	92.87	0.14	0.00	Mar25	15.51
Nippon India Small Cap Dir Gr	INF204K01K15	Just Dial Ltd	Communication Services	92.87	0.14	0.00	Apr25	12.51
Nippon India Small Cap Dir Gr	INF204K01K15	Just Dial Ltd	Communication Services	92.87	0.14	0.00	May25	11.15
Nippon India Small Cap Dir Gr	INF204K01K15	Just Dial Ltd	Communication Services	92.87	0.14	0.00	June25	10.18
Nippon India Small Cap Dir Gr	INF204K01K15	Just Dial Ltd	Communication Services	92.87	0.14	0.00	July25	9.19
Nippon India Small Cap Dir Gr	INF204K01K15	Just Dial Ltd	Communication Services	92.87	0.14	0.00	Aug25	8.13
Nippon India Small Cap Dir Gr	INF204K01K15	Mishra Dhatu Nigam Ltd Ordinary Shares	Basic Materials	89.65	0.13	0.00	Oct24	5.55
Nippon India Small Cap Dir Gr	INF204K01K15	Mishra Dhatu Nigam Ltd Ordinary Shares	Basic Materials	89.65	0.13	0.00	Nov24	7.52
Nippon India Small Cap Dir Gr	INF204K01K15	Mishra Dhatu Nigam Ltd Ordinary Shares	Basic Materials	89.65	0.13	0.00	Dec24	3.56
Nippon India Small Cap Dir Gr	INF204K01K15	Mishra Dhatu Nigam Ltd Ordinary Shares	Basic Materials	89.65	0.13	0.00	Jan25	5.32
Nippon India Small Cap Dir Gr	INF204K01K15	Mishra Dhatu Nigam Ltd Ordinary Shares	Basic Materials	89.65	0.13	0.00	Feb25	5.59
Nippon India Small Cap Dir Gr	INF204K01K15	Mishra Dhatu Nigam Ltd Ordinary Shares	Basic Materials	89.65	0.13	0.00	Mar25	15.51
Nippon India Small Cap Dir Gr	INF204K01K15	Mishra Dhatu Nigam Ltd Ordinary Shares	Basic Materials	89.65	0.13	0.00	Mar25	15.51
Nippon India Small Cap Dir Gr	INF204K01K15	Mishra Dhatu Nigam Ltd Ordinary Shares	Basic Materials	89.65	0.13	0.00	Apr25	12.51
Nippon India Small Cap Dir Gr	INF204K01K15	Mishra Dhatu Nigam Ltd Ordinary Shares	Basic Materials	89.65	0.13	0.00	May25	11.15
Nippon India Small Cap Dir Gr	INF204K01K15	Mishra Dhatu Nigam Ltd Ordinary Shares	Basic Materials	89.65	0.13	0.00	June25	10.18
Nippon India Small Cap Dir Gr	INF204K01K15	Mishra Dhatu Nigam Ltd Ordinary Shares	Basic Materials	89.65	0.13	0.00	July25	9.19
Nippon India Small Cap Dir Gr	INF204K01K15	Mishra Dhatu Nigam Ltd Ordinary Shares	Basic Materials	89.65	0.13	0.00	Aug25	8.13
Nippon India Small Cap Dir Gr	INF204K01K15	Equitas Small Finance Bank Ltd Ordinary Shares	Financial Services	88.40	0.13	0.00	Oct24	5.55
Nippon India Small Cap Dir Gr	INF204K01K15	Equitas Small Finance Bank Ltd Ordinary Shares	Financial Services	88.40	0.13	0.00	Nov24	7.52
Nippon India Small Cap Dir Gr	INF204K01K15	Equitas Small Finance Bank Ltd Ordinary Shares	Financial Services	88.40	0.13	0.00	Dec24	3.56
Nippon India Small Cap Dir Gr	INF204K01K15	Equitas Small Finance Bank Ltd Ordinary Shares	Financial Services	88.40	0.13	0.00	Jan25	5.32
Nippon India Small Cap Dir Gr	INF204K01K15	Equitas Small Finance Bank Ltd Ordinary Shares	Financial Services	88.40	0.13	0.00	Feb25	5.59
Nippon India Small Cap Dir Gr	INF204K01K15	Equitas Small Finance Bank Ltd Ordinary Shares	Financial Services	88.40	0.13	0.00	Mar25	15.51
Nippon India Small Cap Dir Gr	INF204K01K15	Equitas Small Finance Bank Ltd Ordinary Shares	Financial Services	88.40	0.13	0.00	Mar25	15.51
Nippon India Small Cap Dir Gr	INF204K01K15	Equitas Small Finance Bank Ltd Ordinary Shares	Financial Services	88.40	0.13	0.00	Apr25	12.51
Nippon India Small Cap Dir Gr	INF204K01K15	Equitas Small Finance Bank Ltd Ordinary Shares	Financial Services	88.40	0.13	0.00	May25	11.15
Nippon India Small Cap Dir Gr	INF204K01K15	Equitas Small Finance Bank Ltd Ordinary Shares	Financial Services	88.40	0.13	0.00	June25	10.18
Nippon India Small Cap Dir Gr	INF204K01K15	Equitas Small Finance Bank Ltd Ordinary Shares	Financial Services	88.40	0.13	0.00	July25	9.19
Nippon India Small Cap Dir Gr	INF204K01K15	Equitas Small Finance Bank Ltd Ordinary Shares	Financial Services	88.40	0.13	0.00	Aug25	8.13
Nippon India Small Cap Dir Gr	INF204K01K15	RHI Magnesita India Ltd	Industrials	86.24	0.13	0.00	Oct24	5.55
Nippon India Small Cap Dir Gr	INF204K01K15	RHI Magnesita India Ltd	Industrials	86.24	0.13	0.00	Nov24	7.52
Nippon India Small Cap Dir Gr	INF204K01K15	RHI Magnesita India Ltd	Industrials	86.24	0.13	0.00	Dec24	3.56
Nippon India Small Cap Dir Gr	INF204K01K15	RHI Magnesita India Ltd	Industrials	86.24	0.13	0.00	Jan25	5.32
Nippon India Small Cap Dir Gr	INF204K01K15	RHI Magnesita India Ltd	Industrials	86.24	0.13	0.00	Feb25	5.59
Nippon India Small Cap Dir Gr	INF204K01K15	RHI Magnesita India Ltd	Industrials	86.24	0.13	0.00	Mar25	15.51
Nippon India Small Cap Dir Gr	INF204K01K15	RHI Magnesita India Ltd	Industrials	86.24	0.13	0.00	Mar25	15.51
Nippon India Small Cap Dir Gr	INF204K01K15	RHI Magnesita India Ltd	Industrials	86.24	0.13	0.00	Apr25	12.51
Nippon India Small Cap Dir Gr	INF204K01K15	RHI Magnesita India Ltd	Industrials	86.24	0.13	0.00	May25	11.15
Nippon India Small Cap Dir Gr	INF204K01K15	RHI Magnesita India Ltd	Industrials	86.24	0.13	0.00	June25	10.18
Nippon India Small Cap Dir Gr	INF204K01K15	RHI Magnesita India Ltd	Industrials	86.24	0.13	0.00	July25	9.19
Nippon India Small Cap Dir Gr	INF204K01K15	RHI Magnesita India Ltd	Industrials	86.24	0.13	0.00	Aug25	8.13
Nippon India Small Cap Dir Gr	INF204K01K15	Sanofi India Ltd	Healthcare	84.85	0.13	0.00	Oct24	5.55
Nippon India Small Cap Dir Gr	INF204K01K15	Sanofi India Ltd	Healthcare	84.85	0.13	0.00	Nov24	7.52
Nippon India Small Cap Dir Gr	INF204K01K15	Sanofi India Ltd	Healthcare	84.85	0.13	0.00	Dec24	3.56
Nippon India Small Cap Dir Gr	INF204K01K15	Sanofi India Ltd	Healthcare	84.85	0.13	0.00	Jan25	5.32
Nippon India Small Cap Dir Gr	INF204K01K15	Sanofi India Ltd	Healthcare	84.85	0.13	0.00	Feb25	5.59
Nippon India Small Cap Dir Gr	INF204K01K15	Sanofi India Ltd	Healthcare	84.85	0.13	0.00	Mar25	15.51
Nippon India Small Cap Dir Gr	INF204K01K15	Sanofi India Ltd	Healthcare	84.85	0.13	0.00	Mar25	15.51
Nippon India Small Cap Dir Gr	INF204K01K15	Sanofi India Ltd	Healthcare	84.85	0.13	0.00	Apr25	12.51
Nippon India Small Cap Dir Gr	INF204K01K15	Sanofi India Ltd	Healthcare	84.85	0.13	0.00	May25	11.15
Nippon India Small Cap Dir Gr	INF204K01K15	Sanofi India Ltd	Healthcare	84.85	0.13	0.00	June25	10.18
Nippon India Small Cap Dir Gr	INF204K01K15	Sanofi India Ltd	Healthcare	84.85	0.13	0.00	July25	9.19
Nippon India Small Cap Dir Gr	INF204K01K15	Sanofi India Ltd	Healthcare	84.85	0.13	0.00	Aug25	8.13
Nippon India Small Cap Dir Gr	INF204K01K15	Sonata Software Ltd	Technology	84.72	0.13	0.00	Oct24	5.55
Nippon India Small Cap Dir Gr	INF204K01K15	Sonata Software Ltd	Technology	84.72	0.13	0.00	Nov24	7.52
Nippon India Small Cap Dir Gr	INF204K01K15	Sonata Software Ltd	Technology	84.72	0.13	0.00	Dec24	3.56
Nippon India Small Cap Dir Gr	INF204K01K15	Sonata Software Ltd	Technology	84.72	0.13	0.00	Jan25	5.32
Nippon India Small Cap Dir Gr	INF204K01K15	Sonata Software Ltd	Technology	84.72	0.13	0.00	Feb25	5.59
Nippon India Small Cap Dir Gr	INF204K01K15	Sonata Software Ltd	Technology	84.72	0.13	0.00	Mar25	15.51
Nippon India Small Cap Dir Gr	INF204K01K15	Sonata Software Ltd	Technology	84.72	0.13	0.00	Mar25	15.51
Nippon India Small Cap Dir Gr	INF204K01K15	Sonata Software Ltd	Technology	84.72	0.13	0.00	Apr25	12.51
Nippon India Small Cap Dir Gr	INF204K01K15	Sonata Software Ltd	Technology	84.72	0.13	0.00	May25	11.15
Nippon India Small Cap Dir Gr	INF204K01K15	Sonata Software Ltd	Technology	84.72	0.13	0.00	June25	10.18
Nippon India Small Cap Dir Gr	INF204K01K15	Sonata Software Ltd	Technology	84.72	0.13	0.00	July25	9.19
Nippon India Small Cap Dir Gr	INF204K01K15	Sonata Software Ltd	Technology	84.72	0.13	0.00	Aug25	8.13
Nippon India Small Cap Dir Gr	INF204K01K15	Divgi TorqTransfer Systems Ltd	Consumer Cyclical	83.27	0.12	0.00	Oct24	5.55
Nippon India Small Cap Dir Gr	INF204K01K15	Divgi TorqTransfer Systems Ltd	Consumer Cyclical	83.27	0.12	0.00	Nov24	7.52
Nippon India Small Cap Dir Gr	INF204K01K15	Divgi TorqTransfer Systems Ltd	Consumer Cyclical	83.27	0.12	0.00	Dec24	3.56
Nippon India Small Cap Dir Gr	INF204K01K15	Divgi TorqTransfer Systems Ltd	Consumer Cyclical	83.27	0.12	0.00	Jan25	5.32
Nippon India Small Cap Dir Gr	INF204K01K15	Divgi TorqTransfer Systems Ltd	Consumer Cyclical	83.27	0.12	0.00	Feb25	5.59
Nippon India Small Cap Dir Gr	INF204K01K15	Divgi TorqTransfer Systems Ltd	Consumer Cyclical	83.27	0.12	0.00	Mar25	15.51
Nippon India Small Cap Dir Gr	INF204K01K15	Divgi TorqTransfer Systems Ltd	Consumer Cyclical	83.27	0.12	0.00	Mar25	15.51
Nippon India Small Cap Dir Gr	INF204K01K15	Divgi TorqTransfer Systems Ltd	Consumer Cyclical	83.27	0.12	0.00	Apr25	12.51
Nippon India Small Cap Dir Gr	INF204K01K15	Divgi TorqTransfer Systems Ltd	Consumer Cyclical	83.27	0.12	0.00	May25	11.15
Nippon India Small Cap Dir Gr	INF204K01K15	Divgi TorqTransfer Systems Ltd	Consumer Cyclical	83.27	0.12	0.00	June25	10.18
Nippon India Small Cap Dir Gr	INF204K01K15	Divgi TorqTransfer Systems Ltd	Consumer Cyclical	83.27	0.12	0.00	July25	9.19
Nippon India Small Cap Dir Gr	INF204K01K15	Divgi TorqTransfer Systems Ltd	Consumer Cyclical	83.27	0.12	0.00	Aug25	8.13
Nippon India Small Cap Dir Gr	INF204K01K15	Triveni Turbine Ltd	Industrials	81.94	0.12		Oct24	5.55
Nippon India Small Cap Dir Gr	INF204K01K15	Triveni Turbine Ltd	Industrials	81.94	0.12		Nov24	7.52
Nippon India Small Cap Dir Gr	INF204K01K15	Triveni Turbine Ltd	Industrials	81.94	0.12		Dec24	3.56
Nippon India Small Cap Dir Gr	INF204K01K15	Triveni Turbine Ltd	Industrials	81.94	0.12		Jan25	5.32
Nippon India Small Cap Dir Gr	INF204K01K15	Triveni Turbine Ltd	Industrials	81.94	0.12		Feb25	5.59
Nippon India Small Cap Dir Gr	INF204K01K15	Triveni Turbine Ltd	Industrials	81.94	0.12		Mar25	15.51
Nippon India Small Cap Dir Gr	INF204K01K15	Triveni Turbine Ltd	Industrials	81.94	0.12		Mar25	15.51
Nippon India Small Cap Dir Gr	INF204K01K15	Triveni Turbine Ltd	Industrials	81.94	0.12		Apr25	12.51
Nippon India Small Cap Dir Gr	INF204K01K15	Triveni Turbine Ltd	Industrials	81.94	0.12		May25	11.15
Nippon India Small Cap Dir Gr	INF204K01K15	Triveni Turbine Ltd	Industrials	81.94	0.12		June25	10.18
Nippon India Small Cap Dir Gr	INF204K01K15	Triveni Turbine Ltd	Industrials	81.94	0.12		July25	9.19
Nippon India Small Cap Dir Gr	INF204K01K15	Triveni Turbine Ltd	Industrials	81.94	0.12		Aug25	8.13
Nippon India Small Cap Dir Gr	INF204K01K15	Raymond Lifestyle Ltd	Consumer Cyclical	81.54	0.12	-1.10	Oct24	5.55
Nippon India Small Cap Dir Gr	INF204K01K15	Raymond Lifestyle Ltd	Consumer Cyclical	81.54	0.12	-1.10	Nov24	7.52
Nippon India Small Cap Dir Gr	INF204K01K15	Raymond Lifestyle Ltd	Consumer Cyclical	81.54	0.12	-1.10	Dec24	3.56
Nippon India Small Cap Dir Gr	INF204K01K15	Raymond Lifestyle Ltd	Consumer Cyclical	81.54	0.12	-1.10	Jan25	5.32
Nippon India Small Cap Dir Gr	INF204K01K15	Raymond Lifestyle Ltd	Consumer Cyclical	81.54	0.12	-1.10	Feb25	5.59
Nippon India Small Cap Dir Gr	INF204K01K15	Raymond Lifestyle Ltd	Consumer Cyclical	81.54	0.12	-1.10	Mar25	15.51
Nippon India Small Cap Dir Gr	INF204K01K15	Raymond Lifestyle Ltd	Consumer Cyclical	81.54	0.12	-1.10	Mar25	15.51
Nippon India Small Cap Dir Gr	INF204K01K15	Raymond Lifestyle Ltd	Consumer Cyclical	81.54	0.12	-1.10	Apr25	12.51
Nippon India Small Cap Dir Gr	INF204K01K15	Raymond Lifestyle Ltd	Consumer Cyclical	81.54	0.12	-1.10	May25	11.15
Nippon India Small Cap Dir Gr	INF204K01K15	Raymond Lifestyle Ltd	Consumer Cyclical	81.54	0.12	-1.10	June25	10.18
Nippon India Small Cap Dir Gr	INF204K01K15	Raymond Lifestyle Ltd	Consumer Cyclical	81.54	0.12	-1.10	July25	9.19
Nippon India Small Cap Dir Gr	INF204K01K15	Raymond Lifestyle Ltd	Consumer Cyclical	81.54	0.12	-1.10	Aug25	8.13
Nippon India Small Cap Dir Gr	INF204K01K15	NIIT Ltd	Consumer Defensive	79.33	0.12	0.00	Oct24	5.55
Nippon India Small Cap Dir Gr	INF204K01K15	NIIT Ltd	Consumer Defensive	79.33	0.12	0.00	Nov24	7.52
Nippon India Small Cap Dir Gr	INF204K01K15	NIIT Ltd	Consumer Defensive	79.33	0.12	0.00	Dec24	3.56
Nippon India Small Cap Dir Gr	INF204K01K15	NIIT Ltd	Consumer Defensive	79.33	0.12	0.00	Jan25	5.32
Nippon India Small Cap Dir Gr	INF204K01K15	NIIT Ltd	Consumer Defensive	79.33	0.12	0.00	Feb25	5.59
Nippon India Small Cap Dir Gr	INF204K01K15	NIIT Ltd	Consumer Defensive	79.33	0.12	0.00	Mar25	15.51
Nippon India Small Cap Dir Gr	INF204K01K15	NIIT Ltd	Consumer Defensive	79.33	0.12	0.00	Mar25	15.51
Nippon India Small Cap Dir Gr	INF204K01K15	NIIT Ltd	Consumer Defensive	79.33	0.12	0.00	Apr25	12.51
Nippon India Small Cap Dir Gr	INF204K01K15	NIIT Ltd	Consumer Defensive	79.33	0.12	0.00	May25	11.15
Nippon India Small Cap Dir Gr	INF204K01K15	NIIT Ltd	Consumer Defensive	79.33	0.12	0.00	June25	10.18
Nippon India Small Cap Dir Gr	INF204K01K15	NIIT Ltd	Consumer Defensive	79.33	0.12	0.00	July25	9.19
Nippon India Small Cap Dir Gr	INF204K01K15	NIIT Ltd	Consumer Defensive	79.33	0.12	0.00	Aug25	8.13
Nippon India Small Cap Dir Gr	INF204K01K15	Archean Chemical Industries Ltd	Basic Materials	79.13	0.12	0.00	Oct24	5.55
Nippon India Small Cap Dir Gr	INF204K01K15	Archean Chemical Industries Ltd	Basic Materials	79.13	0.12	0.00	Nov24	7.52
Nippon India Small Cap Dir Gr	INF204K01K15	Archean Chemical Industries Ltd	Basic Materials	79.13	0.12	0.00	Dec24	3.56
Nippon India Small Cap Dir Gr	INF204K01K15	Archean Chemical Industries Ltd	Basic Materials	79.13	0.12	0.00	Jan25	5.32
Nippon India Small Cap Dir Gr	INF204K01K15	Archean Chemical Industries Ltd	Basic Materials	79.13	0.12	0.00	Feb25	5.59
Nippon India Small Cap Dir Gr	INF204K01K15	Archean Chemical Industries Ltd	Basic Materials	79.13	0.12	0.00	Mar25	15.51
Nippon India Small Cap Dir Gr	INF204K01K15	Archean Chemical Industries Ltd	Basic Materials	79.13	0.12	0.00	Mar25	15.51
Nippon India Small Cap Dir Gr	INF204K01K15	Archean Chemical Industries Ltd	Basic Materials	79.13	0.12	0.00	Apr25	12.51
Nippon India Small Cap Dir Gr	INF204K01K15	Archean Chemical Industries Ltd	Basic Materials	79.13	0.12	0.00	May25	11.15
Nippon India Small Cap Dir Gr	INF204K01K15	Archean Chemical Industries Ltd	Basic Materials	79.13	0.12	0.00	June25	10.18
Nippon India Small Cap Dir Gr	INF204K01K15	Archean Chemical Industries Ltd	Basic Materials	79.13	0.12	0.00	July25	9.19
Nippon India Small Cap Dir Gr	INF204K01K15	Archean Chemical Industries Ltd	Basic Materials	79.13	0.12	0.00	Aug25	8.13
Nippon India Small Cap Dir Gr	INF204K01K15	Subros Ltd	Consumer Cyclical	76.69	0.11	0.00	Oct24	5.55
Nippon India Small Cap Dir Gr	INF204K01K15	Subros Ltd	Consumer Cyclical	76.69	0.11	0.00	Nov24	7.52
Nippon India Small Cap Dir Gr	INF204K01K15	Subros Ltd	Consumer Cyclical	76.69	0.11	0.00	Dec24	3.56
Nippon India Small Cap Dir Gr	INF204K01K15	Subros Ltd	Consumer Cyclical	76.69	0.11	0.00	Jan25	5.32
Nippon India Small Cap Dir Gr	INF204K01K15	Subros Ltd	Consumer Cyclical	76.69	0.11	0.00	Feb25	5.59
Nippon India Small Cap Dir Gr	INF204K01K15	Subros Ltd	Consumer Cyclical	76.69	0.11	0.00	Mar25	15.51
Nippon India Small Cap Dir Gr	INF204K01K15	Subros Ltd	Consumer Cyclical	76.69	0.11	0.00	Mar25	15.51
Nippon India Small Cap Dir Gr	INF204K01K15	Subros Ltd	Consumer Cyclical	76.69	0.11	0.00	Apr25	12.51
Nippon India Small Cap Dir Gr	INF204K01K15	Subros Ltd	Consumer Cyclical	76.69	0.11	0.00	May25	11.15
Nippon India Small Cap Dir Gr	INF204K01K15	Subros Ltd	Consumer Cyclical	76.69	0.11	0.00	June25	10.18
Nippon India Small Cap Dir Gr	INF204K01K15	Subros Ltd	Consumer Cyclical	76.69	0.11	0.00	July25	9.19
Nippon India Small Cap Dir Gr	INF204K01K15	Subros Ltd	Consumer Cyclical	76.69	0.11	0.00	Aug25	8.13
Nippon India Small Cap Dir Gr	INF204K01K15	JK Lakshmi Cement Ltd	Basic Materials	75.91	0.11	0.00	Oct24	5.55
Nippon India Small Cap Dir Gr	INF204K01K15	JK Lakshmi Cement Ltd	Basic Materials	75.91	0.11	0.00	Nov24	7.52
Nippon India Small Cap Dir Gr	INF204K01K15	JK Lakshmi Cement Ltd	Basic Materials	75.91	0.11	0.00	Dec24	3.56
Nippon India Small Cap Dir Gr	INF204K01K15	JK Lakshmi Cement Ltd	Basic Materials	75.91	0.11	0.00	Jan25	5.32
Nippon India Small Cap Dir Gr	INF204K01K15	JK Lakshmi Cement Ltd	Basic Materials	75.91	0.11	0.00	Feb25	5.59
Nippon India Small Cap Dir Gr	INF204K01K15	JK Lakshmi Cement Ltd	Basic Materials	75.91	0.11	0.00	Mar25	15.51
Nippon India Small Cap Dir Gr	INF204K01K15	JK Lakshmi Cement Ltd	Basic Materials	75.91	0.11	0.00	Mar25	15.51
Nippon India Small Cap Dir Gr	INF204K01K15	JK Lakshmi Cement Ltd	Basic Materials	75.91	0.11	0.00	Apr25	12.51
Nippon India Small Cap Dir Gr	INF204K01K15	JK Lakshmi Cement Ltd	Basic Materials	75.91	0.11	0.00	May25	11.15
Nippon India Small Cap Dir Gr	INF204K01K15	JK Lakshmi Cement Ltd	Basic Materials	75.91	0.11	0.00	June25	10.18
Nippon India Small Cap Dir Gr	INF204K01K15	JK Lakshmi Cement Ltd	Basic Materials	75.91	0.11	0.00	July25	9.19
Nippon India Small Cap Dir Gr	INF204K01K15	JK Lakshmi Cement Ltd	Basic Materials	75.91	0.11	0.00	Aug25	8.13
Nippon India Small Cap Dir Gr	INF204K01K15	3M India Ltd	Industrials	68.03	0.10	0.00	Oct24	5.55
Nippon India Small Cap Dir Gr	INF204K01K15	3M India Ltd	Industrials	68.03	0.10	0.00	Nov24	7.52
Nippon India Small Cap Dir Gr	INF204K01K15	3M India Ltd	Industrials	68.03	0.10	0.00	Dec24	3.56
Nippon India Small Cap Dir Gr	INF204K01K15	3M India Ltd	Industrials	68.03	0.10	0.00	Jan25	5.32
Nippon India Small Cap Dir Gr	INF204K01K15	3M India Ltd	Industrials	68.03	0.10	0.00	Feb25	5.59
Nippon India Small Cap Dir Gr	INF204K01K15	3M India Ltd	Industrials	68.03	0.10	0.00	Mar25	15.51
Nippon India Small Cap Dir Gr	INF204K01K15	3M India Ltd	Industrials	68.03	0.10	0.00	Mar25	15.51
Nippon India Small Cap Dir Gr	INF204K01K15	3M India Ltd	Industrials	68.03	0.10	0.00	Apr25	12.51
Nippon India Small Cap Dir Gr	INF204K01K15	3M India Ltd	Industrials	68.03	0.10	0.00	May25	11.15
Nippon India Small Cap Dir Gr	INF204K01K15	3M India Ltd	Industrials	68.03	0.10	0.00	June25	10.18
Nippon India Small Cap Dir Gr	INF204K01K15	3M India Ltd	Industrials	68.03	0.10	0.00	July25	9.19
Nippon India Small Cap Dir Gr	INF204K01K15	3M India Ltd	Industrials	68.03	0.10	0.00	Aug25	8.13
Nippon India Small Cap Dir Gr	INF204K01K15	PNC Infratech Ltd	Industrials	67.87	0.10	0.00	Oct24	5.55
Nippon India Small Cap Dir Gr	INF204K01K15	PNC Infratech Ltd	Industrials	67.87	0.10	0.00	Nov24	7.52
Nippon India Small Cap Dir Gr	INF204K01K15	PNC Infratech Ltd	Industrials	67.87	0.10	0.00	Dec24	3.56
Nippon India Small Cap Dir Gr	INF204K01K15	PNC Infratech Ltd	Industrials	67.87	0.10	0.00	Jan25	5.32
Nippon India Small Cap Dir Gr	INF204K01K15	PNC Infratech Ltd	Industrials	67.87	0.10	0.00	Feb25	5.59
Nippon India Small Cap Dir Gr	INF204K01K15	PNC Infratech Ltd	Industrials	67.87	0.10	0.00	Mar25	15.51
Nippon India Small Cap Dir Gr	INF204K01K15	PNC Infratech Ltd	Industrials	67.87	0.10	0.00	Mar25	15.51
Nippon India Small Cap Dir Gr	INF204K01K15	PNC Infratech Ltd	Industrials	67.87	0.10	0.00	Apr25	12.51
Nippon India Small Cap Dir Gr	INF204K01K15	PNC Infratech Ltd	Industrials	67.87	0.10	0.00	May25	11.15
Nippon India Small Cap Dir Gr	INF204K01K15	PNC Infratech Ltd	Industrials	67.87	0.10	0.00	June25	10.18
Nippon India Small Cap Dir Gr	INF204K01K15	PNC Infratech Ltd	Industrials	67.87	0.10	0.00	July25	9.19
Nippon India Small Cap Dir Gr	INF204K01K15	PNC Infratech Ltd	Industrials	67.87	0.10	0.00	Aug25	8.13
Nippon India Small Cap Dir Gr	INF204K01K15	Venus Pipes & Tubes Ltd	Basic Materials	66.66	0.10	0.00	Oct24	5.55
Nippon India Small Cap Dir Gr	INF204K01K15	Venus Pipes & Tubes Ltd	Basic Materials	66.66	0.10	0.00	Nov24	7.52
Nippon India Small Cap Dir Gr	INF204K01K15	Venus Pipes & Tubes Ltd	Basic Materials	66.66	0.10	0.00	Dec24	3.56
Nippon India Small Cap Dir Gr	INF204K01K15	Venus Pipes & Tubes Ltd	Basic Materials	66.66	0.10	0.00	Jan25	5.32
Nippon India Small Cap Dir Gr	INF204K01K15	Venus Pipes & Tubes Ltd	Basic Materials	66.66	0.10	0.00	Feb25	5.59
Nippon India Small Cap Dir Gr	INF204K01K15	Venus Pipes & Tubes Ltd	Basic Materials	66.66	0.10	0.00	Mar25	15.51
Nippon India Small Cap Dir Gr	INF204K01K15	Venus Pipes & Tubes Ltd	Basic Materials	66.66	0.10	0.00	Mar25	15.51
Nippon India Small Cap Dir Gr	INF204K01K15	Venus Pipes & Tubes Ltd	Basic Materials	66.66	0.10	0.00	Apr25	12.51
Nippon India Small Cap Dir Gr	INF204K01K15	Venus Pipes & Tubes Ltd	Basic Materials	66.66	0.10	0.00	May25	11.15
Nippon India Small Cap Dir Gr	INF204K01K15	Venus Pipes & Tubes Ltd	Basic Materials	66.66	0.10	0.00	June25	10.18
Nippon India Small Cap Dir Gr	INF204K01K15	Venus Pipes & Tubes Ltd	Basic Materials	66.66	0.10	0.00	July25	9.19
Nippon India Small Cap Dir Gr	INF204K01K15	Venus Pipes & Tubes Ltd	Basic Materials	66.66	0.10	0.00	Aug25	8.13
Nippon India Small Cap Dir Gr	INF204K01K15	Saatvik Green Energy Ltd	Technology	65.29	0.10	0.00	Oct24	5.55
Nippon India Small Cap Dir Gr	INF204K01K15	Saatvik Green Energy Ltd	Technology	65.29	0.10	0.00	Nov24	7.52
Nippon India Small Cap Dir Gr	INF204K01K15	Saatvik Green Energy Ltd	Technology	65.29	0.10	0.00	Dec24	3.56
Nippon India Small Cap Dir Gr	INF204K01K15	Saatvik Green Energy Ltd	Technology	65.29	0.10	0.00	Jan25	5.32
Nippon India Small Cap Dir Gr	INF204K01K15	Saatvik Green Energy Ltd	Technology	65.29	0.10	0.00	Feb25	5.59
Nippon India Small Cap Dir Gr	INF204K01K15	Saatvik Green Energy Ltd	Technology	65.29	0.10	0.00	Mar25	15.51
Nippon India Small Cap Dir Gr	INF204K01K15	Saatvik Green Energy Ltd	Technology	65.29	0.10	0.00	Mar25	15.51
Nippon India Small Cap Dir Gr	INF204K01K15	Saatvik Green Energy Ltd	Technology	65.29	0.10	0.00	Apr25	12.51
Nippon India Small Cap Dir Gr	INF204K01K15	Saatvik Green Energy Ltd	Technology	65.29	0.10	0.00	May25	11.15
Nippon India Small Cap Dir Gr	INF204K01K15	Saatvik Green Energy Ltd	Technology	65.29	0.10	0.00	June25	10.18
Nippon India Small Cap Dir Gr	INF204K01K15	Saatvik Green Energy Ltd	Technology	65.29	0.10	0.00	July25	9.19
Nippon India Small Cap Dir Gr	INF204K01K15	Saatvik Green Energy Ltd	Technology	65.29	0.10	0.00	Aug25	8.13
Nippon India Small Cap Dir Gr	INF204K01K15	Pokarna Ltd	Industrials	62.57	0.09	0.00	Oct24	5.55
Nippon India Small Cap Dir Gr	INF204K01K15	Pokarna Ltd	Industrials	62.57	0.09	0.00	Nov24	7.52
Nippon India Small Cap Dir Gr	INF204K01K15	Pokarna Ltd	Industrials	62.57	0.09	0.00	Dec24	3.56
Nippon India Small Cap Dir Gr	INF204K01K15	Pokarna Ltd	Industrials	62.57	0.09	0.00	Jan25	5.32
Nippon India Small Cap Dir Gr	INF204K01K15	Pokarna Ltd	Industrials	62.57	0.09	0.00	Feb25	5.59
Nippon India Small Cap Dir Gr	INF204K01K15	Pokarna Ltd	Industrials	62.57	0.09	0.00	Mar25	15.51
Nippon India Small Cap Dir Gr	INF204K01K15	Pokarna Ltd	Industrials	62.57	0.09	0.00	Mar25	15.51
Nippon India Small Cap Dir Gr	INF204K01K15	Pokarna Ltd	Industrials	62.57	0.09	0.00	Apr25	12.51
Nippon India Small Cap Dir Gr	INF204K01K15	Pokarna Ltd	Industrials	62.57	0.09	0.00	May25	11.15
Nippon India Small Cap Dir Gr	INF204K01K15	Pokarna Ltd	Industrials	62.57	0.09	0.00	June25	10.18
Nippon India Small Cap Dir Gr	INF204K01K15	Pokarna Ltd	Industrials	62.57	0.09	0.00	July25	9.19
Nippon India Small Cap Dir Gr	INF204K01K15	Pokarna Ltd	Industrials	62.57	0.09	0.00	Aug25	8.13
Nippon India Small Cap Dir Gr	INF204K01K15	Vedant Fashions Ltd	Consumer Cyclical	61.24	0.09	-3.57	Oct24	5.55
Nippon India Small Cap Dir Gr	INF204K01K15	Vedant Fashions Ltd	Consumer Cyclical	61.24	0.09	-3.57	Nov24	7.52
Nippon India Small Cap Dir Gr	INF204K01K15	Vedant Fashions Ltd	Consumer Cyclical	61.24	0.09	-3.57	Dec24	3.56
Nippon India Small Cap Dir Gr	INF204K01K15	Vedant Fashions Ltd	Consumer Cyclical	61.24	0.09	-3.57	Jan25	5.32
Nippon India Small Cap Dir Gr	INF204K01K15	Vedant Fashions Ltd	Consumer Cyclical	61.24	0.09	-3.57	Feb25	5.59
Nippon India Small Cap Dir Gr	INF204K01K15	Vedant Fashions Ltd	Consumer Cyclical	61.24	0.09	-3.57	Mar25	15.51
Nippon India Small Cap Dir Gr	INF204K01K15	Vedant Fashions Ltd	Consumer Cyclical	61.24	0.09	-3.57	Mar25	15.51
Nippon India Small Cap Dir Gr	INF204K01K15	Vedant Fashions Ltd	Consumer Cyclical	61.24	0.09	-3.57	Apr25	12.51
Nippon India Small Cap Dir Gr	INF204K01K15	Vedant Fashions Ltd	Consumer Cyclical	61.24	0.09	-3.57	May25	11.15
Nippon India Small Cap Dir Gr	INF204K01K15	Vedant Fashions Ltd	Consumer Cyclical	61.24	0.09	-3.57	June25	10.18
Nippon India Small Cap Dir Gr	INF204K01K15	Vedant Fashions Ltd	Consumer Cyclical	61.24	0.09	-3.57	July25	9.19
Nippon India Small Cap Dir Gr	INF204K01K15	Vedant Fashions Ltd	Consumer Cyclical	61.24	0.09	-3.57	Aug25	8.13
Nippon India Small Cap Dir Gr	INF204K01K15	Kirloskar Ferrous Industries Ltd	Industrials	60.85	0.09	0.00	Oct24	5.55
Nippon India Small Cap Dir Gr	INF204K01K15	Kirloskar Ferrous Industries Ltd	Industrials	60.85	0.09	0.00	Nov24	7.52
Nippon India Small Cap Dir Gr	INF204K01K15	Kirloskar Ferrous Industries Ltd	Industrials	60.85	0.09	0.00	Dec24	3.56
Nippon India Small Cap Dir Gr	INF204K01K15	Kirloskar Ferrous Industries Ltd	Industrials	60.85	0.09	0.00	Jan25	5.32
Nippon India Small Cap Dir Gr	INF204K01K15	Kirloskar Ferrous Industries Ltd	Industrials	60.85	0.09	0.00	Feb25	5.59
Nippon India Small Cap Dir Gr	INF204K01K15	Kirloskar Ferrous Industries Ltd	Industrials	60.85	0.09	0.00	Mar25	15.51
Nippon India Small Cap Dir Gr	INF204K01K15	Kirloskar Ferrous Industries Ltd	Industrials	60.85	0.09	0.00	Mar25	15.51
Nippon India Small Cap Dir Gr	INF204K01K15	Kirloskar Ferrous Industries Ltd	Industrials	60.85	0.09	0.00	Apr25	12.51
Nippon India Small Cap Dir Gr	INF204K01K15	Kirloskar Ferrous Industries Ltd	Industrials	60.85	0.09	0.00	May25	11.15
Nippon India Small Cap Dir Gr	INF204K01K15	Kirloskar Ferrous Industries Ltd	Industrials	60.85	0.09	0.00	June25	10.18
Nippon India Small Cap Dir Gr	INF204K01K15	Kirloskar Ferrous Industries Ltd	Industrials	60.85	0.09	0.00	July25	9.19
Nippon India Small Cap Dir Gr	INF204K01K15	Kirloskar Ferrous Industries Ltd	Industrials	60.85	0.09	0.00	Aug25	8.13
Nippon India Small Cap Dir Gr	INF204K01K15	Bharat Coking Coal Ltd	Basic Materials	59.75	0.09	0.00	Oct24	5.55
Nippon India Small Cap Dir Gr	INF204K01K15	Bharat Coking Coal Ltd	Basic Materials	59.75	0.09	0.00	Nov24	7.52
Nippon India Small Cap Dir Gr	INF204K01K15	Bharat Coking Coal Ltd	Basic Materials	59.75	0.09	0.00	Dec24	3.56
Nippon India Small Cap Dir Gr	INF204K01K15	Bharat Coking Coal Ltd	Basic Materials	59.75	0.09	0.00	Jan25	5.32
Nippon India Small Cap Dir Gr	INF204K01K15	Bharat Coking Coal Ltd	Basic Materials	59.75	0.09	0.00	Feb25	5.59
Nippon India Small Cap Dir Gr	INF204K01K15	Bharat Coking Coal Ltd	Basic Materials	59.75	0.09	0.00	Mar25	15.51
Nippon India Small Cap Dir Gr	INF204K01K15	Bharat Coking Coal Ltd	Basic Materials	59.75	0.09	0.00	Mar25	15.51
Nippon India Small Cap Dir Gr	INF204K01K15	Bharat Coking Coal Ltd	Basic Materials	59.75	0.09	0.00	Apr25	12.51
Nippon India Small Cap Dir Gr	INF204K01K15	Bharat Coking Coal Ltd	Basic Materials	59.75	0.09	0.00	May25	11.15
Nippon India Small Cap Dir Gr	INF204K01K15	Bharat Coking Coal Ltd	Basic Materials	59.75	0.09	0.00	June25	10.18
Nippon India Small Cap Dir Gr	INF204K01K15	Bharat Coking Coal Ltd	Basic Materials	59.75	0.09	0.00	July25	9.19
Nippon India Small Cap Dir Gr	INF204K01K15	Bharat Coking Coal Ltd	Basic Materials	59.75	0.09	0.00	Aug25	8.13
Nippon India Small Cap Dir Gr	INF204K01K15	Hatsun Agro Product Ltd	Consumer Defensive	58.17	0.09	0.00	Oct24	5.55
Nippon India Small Cap Dir Gr	INF204K01K15	Hatsun Agro Product Ltd	Consumer Defensive	58.17	0.09	0.00	Nov24	7.52
Nippon India Small Cap Dir Gr	INF204K01K15	Hatsun Agro Product Ltd	Consumer Defensive	58.17	0.09	0.00	Dec24	3.56
Nippon India Small Cap Dir Gr	INF204K01K15	Hatsun Agro Product Ltd	Consumer Defensive	58.17	0.09	0.00	Jan25	5.32
Nippon India Small Cap Dir Gr	INF204K01K15	Hatsun Agro Product Ltd	Consumer Defensive	58.17	0.09	0.00	Feb25	5.59
Nippon India Small Cap Dir Gr	INF204K01K15	Hatsun Agro Product Ltd	Consumer Defensive	58.17	0.09	0.00	Mar25	15.51
Nippon India Small Cap Dir Gr	INF204K01K15	Hatsun Agro Product Ltd	Consumer Defensive	58.17	0.09	0.00	Mar25	15.51
Nippon India Small Cap Dir Gr	INF204K01K15	Hatsun Agro Product Ltd	Consumer Defensive	58.17	0.09	0.00	Apr25	12.51
Nippon India Small Cap Dir Gr	INF204K01K15	Hatsun Agro Product Ltd	Consumer Defensive	58.17	0.09	0.00	May25	11.15
Nippon India Small Cap Dir Gr	INF204K01K15	Hatsun Agro Product Ltd	Consumer Defensive	58.17	0.09	0.00	June25	10.18
Nippon India Small Cap Dir Gr	INF204K01K15	Hatsun Agro Product Ltd	Consumer Defensive	58.17	0.09	0.00	July25	9.19
Nippon India Small Cap Dir Gr	INF204K01K15	Hatsun Agro Product Ltd	Consumer Defensive	58.17	0.09	0.00	Aug25	8.13
Nippon India Small Cap Dir Gr	INF204K01K15	KPIT Technologies Ltd	Technology	57.33	0.08	0.00	Oct24	5.55
Nippon India Small Cap Dir Gr	INF204K01K15	KPIT Technologies Ltd	Technology	57.33	0.08	0.00	Nov24	7.52
Nippon India Small Cap Dir Gr	INF204K01K15	KPIT Technologies Ltd	Technology	57.33	0.08	0.00	Dec24	3.56
Nippon India Small Cap Dir Gr	INF204K01K15	KPIT Technologies Ltd	Technology	57.33	0.08	0.00	Jan25	5.32
Nippon India Small Cap Dir Gr	INF204K01K15	KPIT Technologies Ltd	Technology	57.33	0.08	0.00	Feb25	5.59
Nippon India Small Cap Dir Gr	INF204K01K15	KPIT Technologies Ltd	Technology	57.33	0.08	0.00	Mar25	15.51
Nippon India Small Cap Dir Gr	INF204K01K15	KPIT Technologies Ltd	Technology	57.33	0.08	0.00	Mar25	15.51
Nippon India Small Cap Dir Gr	INF204K01K15	KPIT Technologies Ltd	Technology	57.33	0.08	0.00	Apr25	12.51
Nippon India Small Cap Dir Gr	INF204K01K15	KPIT Technologies Ltd	Technology	57.33	0.08	0.00	May25	11.15
Nippon India Small Cap Dir Gr	INF204K01K15	KPIT Technologies Ltd	Technology	57.33	0.08	0.00	June25	10.18
Nippon India Small Cap Dir Gr	INF204K01K15	KPIT Technologies Ltd	Technology	57.33	0.08	0.00	July25	9.19
Nippon India Small Cap Dir Gr	INF204K01K15	KPIT Technologies Ltd	Technology	57.33	0.08	0.00	Aug25	8.13
Nippon India Small Cap Dir Gr	INF204K01K15	Rishabh Instruments Ltd	Technology	56.25	0.08	0.00	Oct24	5.55
Nippon India Small Cap Dir Gr	INF204K01K15	Rishabh Instruments Ltd	Technology	56.25	0.08	0.00	Nov24	7.52
Nippon India Small Cap Dir Gr	INF204K01K15	Rishabh Instruments Ltd	Technology	56.25	0.08	0.00	Dec24	3.56
Nippon India Small Cap Dir Gr	INF204K01K15	Rishabh Instruments Ltd	Technology	56.25	0.08	0.00	Jan25	5.32
Nippon India Small Cap Dir Gr	INF204K01K15	Rishabh Instruments Ltd	Technology	56.25	0.08	0.00	Feb25	5.59
Nippon India Small Cap Dir Gr	INF204K01K15	Rishabh Instruments Ltd	Technology	56.25	0.08	0.00	Mar25	15.51
Nippon India Small Cap Dir Gr	INF204K01K15	Rishabh Instruments Ltd	Technology	56.25	0.08	0.00	Mar25	15.51
Nippon India Small Cap Dir Gr	INF204K01K15	Rishabh Instruments Ltd	Technology	56.25	0.08	0.00	Apr25	12.51
Nippon India Small Cap Dir Gr	INF204K01K15	Rishabh Instruments Ltd	Technology	56.25	0.08	0.00	May25	11.15
Nippon India Small Cap Dir Gr	INF204K01K15	Rishabh Instruments Ltd	Technology	56.25	0.08	0.00	June25	10.18
Nippon India Small Cap Dir Gr	INF204K01K15	Rishabh Instruments Ltd	Technology	56.25	0.08	0.00	July25	9.19
Nippon India Small Cap Dir Gr	INF204K01K15	Rishabh Instruments Ltd	Technology	56.25	0.08	0.00	Aug25	8.13
Nippon India Small Cap Dir Gr	INF204K01K15	Polyplex Corp Ltd	Basic Materials	55.78	0.08	0.00	Oct24	5.55
Nippon India Small Cap Dir Gr	INF204K01K15	Polyplex Corp Ltd	Basic Materials	55.78	0.08	0.00	Nov24	7.52
Nippon India Small Cap Dir Gr	INF204K01K15	Polyplex Corp Ltd	Basic Materials	55.78	0.08	0.00	Dec24	3.56
Nippon India Small Cap Dir Gr	INF204K01K15	Polyplex Corp Ltd	Basic Materials	55.78	0.08	0.00	Jan25	5.32
Nippon India Small Cap Dir Gr	INF204K01K15	Polyplex Corp Ltd	Basic Materials	55.78	0.08	0.00	Feb25	5.59
Nippon India Small Cap Dir Gr	INF204K01K15	Polyplex Corp Ltd	Basic Materials	55.78	0.08	0.00	Mar25	15.51
Nippon India Small Cap Dir Gr	INF204K01K15	Polyplex Corp Ltd	Basic Materials	55.78	0.08	0.00	Mar25	15.51
Nippon India Small Cap Dir Gr	INF204K01K15	Polyplex Corp Ltd	Basic Materials	55.78	0.08	0.00	Apr25	12.51
Nippon India Small Cap Dir Gr	INF204K01K15	Polyplex Corp Ltd	Basic Materials	55.78	0.08	0.00	May25	11.15
Nippon India Small Cap Dir Gr	INF204K01K15	Polyplex Corp Ltd	Basic Materials	55.78	0.08	0.00	June25	10.18
Nippon India Small Cap Dir Gr	INF204K01K15	Polyplex Corp Ltd	Basic Materials	55.78	0.08	0.00	July25	9.19
Nippon India Small Cap Dir Gr	INF204K01K15	Polyplex Corp Ltd	Basic Materials	55.78	0.08	0.00	Aug25	8.13
Nippon India Small Cap Dir Gr	INF204K01K15	Aeroflex Industries Ltd	Industrials	55.74	0.08	-2.41	Oct24	5.55
Nippon India Small Cap Dir Gr	INF204K01K15	Aeroflex Industries Ltd	Industrials	55.74	0.08	-2.41	Nov24	7.52
Nippon India Small Cap Dir Gr	INF204K01K15	Aeroflex Industries Ltd	Industrials	55.74	0.08	-2.41	Dec24	3.56
Nippon India Small Cap Dir Gr	INF204K01K15	Aeroflex Industries Ltd	Industrials	55.74	0.08	-2.41	Jan25	5.32
Nippon India Small Cap Dir Gr	INF204K01K15	Aeroflex Industries Ltd	Industrials	55.74	0.08	-2.41	Feb25	5.59
Nippon India Small Cap Dir Gr	INF204K01K15	Aeroflex Industries Ltd	Industrials	55.74	0.08	-2.41	Mar25	15.51
Nippon India Small Cap Dir Gr	INF204K01K15	Aeroflex Industries Ltd	Industrials	55.74	0.08	-2.41	Mar25	15.51
Nippon India Small Cap Dir Gr	INF204K01K15	Aeroflex Industries Ltd	Industrials	55.74	0.08	-2.41	Apr25	12.51
Nippon India Small Cap Dir Gr	INF204K01K15	Aeroflex Industries Ltd	Industrials	55.74	0.08	-2.41	May25	11.15
Nippon India Small Cap Dir Gr	INF204K01K15	Aeroflex Industries Ltd	Industrials	55.74	0.08	-2.41	June25	10.18
Nippon India Small Cap Dir Gr	INF204K01K15	Aeroflex Industries Ltd	Industrials	55.74	0.08	-2.41	July25	9.19
Nippon India Small Cap Dir Gr	INF204K01K15	Aeroflex Industries Ltd	Industrials	55.74	0.08	-2.41	Aug25	8.13
Nippon India Small Cap Dir Gr	INF204K01K15	IndiaMART InterMESH Ltd	Communication Services	55.21	0.08	0.00	Oct24	5.55
Nippon India Small Cap Dir Gr	INF204K01K15	IndiaMART InterMESH Ltd	Communication Services	55.21	0.08	0.00	Nov24	7.52
Nippon India Small Cap Dir Gr	INF204K01K15	IndiaMART InterMESH Ltd	Communication Services	55.21	0.08	0.00	Dec24	3.56
Nippon India Small Cap Dir Gr	INF204K01K15	IndiaMART InterMESH Ltd	Communication Services	55.21	0.08	0.00	Jan25	5.32
Nippon India Small Cap Dir Gr	INF204K01K15	IndiaMART InterMESH Ltd	Communication Services	55.21	0.08	0.00	Feb25	5.59
Nippon India Small Cap Dir Gr	INF204K01K15	IndiaMART InterMESH Ltd	Communication Services	55.21	0.08	0.00	Mar25	15.51
Nippon India Small Cap Dir Gr	INF204K01K15	IndiaMART InterMESH Ltd	Communication Services	55.21	0.08	0.00	Mar25	15.51
Nippon India Small Cap Dir Gr	INF204K01K15	IndiaMART InterMESH Ltd	Communication Services	55.21	0.08	0.00	Apr25	12.51
Nippon India Small Cap Dir Gr	INF204K01K15	IndiaMART InterMESH Ltd	Communication Services	55.21	0.08	0.00	May25	11.15
Nippon India Small Cap Dir Gr	INF204K01K15	IndiaMART InterMESH Ltd	Communication Services	55.21	0.08	0.00	June25	10.18
Nippon India Small Cap Dir Gr	INF204K01K15	IndiaMART InterMESH Ltd	Communication Services	55.21	0.08	0.00	July25	9.19
Nippon India Small Cap Dir Gr	INF204K01K15	IndiaMART InterMESH Ltd	Communication Services	55.21	0.08	0.00	Aug25	8.13
Nippon India Small Cap Dir Gr	INF204K01K15	Protean eGov Technologies Ltd	Technology	53.28	0.08	0.00	Oct24	5.55
Nippon India Small Cap Dir Gr	INF204K01K15	Protean eGov Technologies Ltd	Technology	53.28	0.08	0.00	Nov24	7.52
Nippon India Small Cap Dir Gr	INF204K01K15	Protean eGov Technologies Ltd	Technology	53.28	0.08	0.00	Dec24	3.56
Nippon India Small Cap Dir Gr	INF204K01K15	Protean eGov Technologies Ltd	Technology	53.28	0.08	0.00	Jan25	5.32
Nippon India Small Cap Dir Gr	INF204K01K15	Protean eGov Technologies Ltd	Technology	53.28	0.08	0.00	Feb25	5.59
Nippon India Small Cap Dir Gr	INF204K01K15	Protean eGov Technologies Ltd	Technology	53.28	0.08	0.00	Mar25	15.51
Nippon India Small Cap Dir Gr	INF204K01K15	Protean eGov Technologies Ltd	Technology	53.28	0.08	0.00	Mar25	15.51
Nippon India Small Cap Dir Gr	INF204K01K15	Protean eGov Technologies Ltd	Technology	53.28	0.08	0.00	Apr25	12.51
Nippon India Small Cap Dir Gr	INF204K01K15	Protean eGov Technologies Ltd	Technology	53.28	0.08	0.00	May25	11.15
Nippon India Small Cap Dir Gr	INF204K01K15	Protean eGov Technologies Ltd	Technology	53.28	0.08	0.00	June25	10.18
Nippon India Small Cap Dir Gr	INF204K01K15	Protean eGov Technologies Ltd	Technology	53.28	0.08	0.00	July25	9.19
Nippon India Small Cap Dir Gr	INF204K01K15	Protean eGov Technologies Ltd	Technology	53.28	0.08	0.00	Aug25	8.13
Nippon India Small Cap Dir Gr	INF204K01K15	Go Fashion (India) Ltd	Consumer Cyclical	53.08	0.08	-13.17	Oct24	5.55
Nippon India Small Cap Dir Gr	INF204K01K15	Go Fashion (India) Ltd	Consumer Cyclical	53.08	0.08	-13.17	Nov24	7.52
Nippon India Small Cap Dir Gr	INF204K01K15	Go Fashion (India) Ltd	Consumer Cyclical	53.08	0.08	-13.17	Dec24	3.56
Nippon India Small Cap Dir Gr	INF204K01K15	Go Fashion (India) Ltd	Consumer Cyclical	53.08	0.08	-13.17	Jan25	5.32
Nippon India Small Cap Dir Gr	INF204K01K15	Go Fashion (India) Ltd	Consumer Cyclical	53.08	0.08	-13.17	Feb25	5.59
Nippon India Small Cap Dir Gr	INF204K01K15	Go Fashion (India) Ltd	Consumer Cyclical	53.08	0.08	-13.17	Mar25	15.51
Nippon India Small Cap Dir Gr	INF204K01K15	Go Fashion (India) Ltd	Consumer Cyclical	53.08	0.08	-13.17	Mar25	15.51
Nippon India Small Cap Dir Gr	INF204K01K15	Go Fashion (India) Ltd	Consumer Cyclical	53.08	0.08	-13.17	Apr25	12.51
Nippon India Small Cap Dir Gr	INF204K01K15	Go Fashion (India) Ltd	Consumer Cyclical	53.08	0.08	-13.17	May25	11.15
Nippon India Small Cap Dir Gr	INF204K01K15	Go Fashion (India) Ltd	Consumer Cyclical	53.08	0.08	-13.17	June25	10.18
Nippon India Small Cap Dir Gr	INF204K01K15	Go Fashion (India) Ltd	Consumer Cyclical	53.08	0.08	-13.17	July25	9.19
Nippon India Small Cap Dir Gr	INF204K01K15	Go Fashion (India) Ltd	Consumer Cyclical	53.08	0.08	-13.17	Aug25	8.13
Nippon India Small Cap Dir Gr	INF204K01K15	Indoco Remedies Ltd	Healthcare	52.48	0.08	0.00	Oct24	5.55
Nippon India Small Cap Dir Gr	INF204K01K15	Indoco Remedies Ltd	Healthcare	52.48	0.08	0.00	Nov24	7.52
Nippon India Small Cap Dir Gr	INF204K01K15	Indoco Remedies Ltd	Healthcare	52.48	0.08	0.00	Dec24	3.56
Nippon India Small Cap Dir Gr	INF204K01K15	Indoco Remedies Ltd	Healthcare	52.48	0.08	0.00	Jan25	5.32
Nippon India Small Cap Dir Gr	INF204K01K15	Indoco Remedies Ltd	Healthcare	52.48	0.08	0.00	Feb25	5.59
Nippon India Small Cap Dir Gr	INF204K01K15	Indoco Remedies Ltd	Healthcare	52.48	0.08	0.00	Mar25	15.51
Nippon India Small Cap Dir Gr	INF204K01K15	Indoco Remedies Ltd	Healthcare	52.48	0.08	0.00	Mar25	15.51
Nippon India Small Cap Dir Gr	INF204K01K15	Indoco Remedies Ltd	Healthcare	52.48	0.08	0.00	Apr25	12.51
Nippon India Small Cap Dir Gr	INF204K01K15	Indoco Remedies Ltd	Healthcare	52.48	0.08	0.00	May25	11.15
Nippon India Small Cap Dir Gr	INF204K01K15	Indoco Remedies Ltd	Healthcare	52.48	0.08	0.00	June25	10.18
Nippon India Small Cap Dir Gr	INF204K01K15	Indoco Remedies Ltd	Healthcare	52.48	0.08	0.00	July25	9.19
Nippon India Small Cap Dir Gr	INF204K01K15	Indoco Remedies Ltd	Healthcare	52.48	0.08	0.00	Aug25	8.13
Nippon India Small Cap Dir Gr	INF204K01K15	Aditya Birla Fashion and Retail Ltd	Consumer Cyclical	51.90	0.08	0.00	Oct24	5.55
Nippon India Small Cap Dir Gr	INF204K01K15	Aditya Birla Fashion and Retail Ltd	Consumer Cyclical	51.90	0.08	0.00	Nov24	7.52
Nippon India Small Cap Dir Gr	INF204K01K15	Aditya Birla Fashion and Retail Ltd	Consumer Cyclical	51.90	0.08	0.00	Dec24	3.56
Nippon India Small Cap Dir Gr	INF204K01K15	Aditya Birla Fashion and Retail Ltd	Consumer Cyclical	51.90	0.08	0.00	Jan25	5.32
Nippon India Small Cap Dir Gr	INF204K01K15	Aditya Birla Fashion and Retail Ltd	Consumer Cyclical	51.90	0.08	0.00	Feb25	5.59
Nippon India Small Cap Dir Gr	INF204K01K15	Aditya Birla Fashion and Retail Ltd	Consumer Cyclical	51.90	0.08	0.00	Mar25	15.51
Nippon India Small Cap Dir Gr	INF204K01K15	Aditya Birla Fashion and Retail Ltd	Consumer Cyclical	51.90	0.08	0.00	Mar25	15.51
Nippon India Small Cap Dir Gr	INF204K01K15	Aditya Birla Fashion and Retail Ltd	Consumer Cyclical	51.90	0.08	0.00	Apr25	12.51
Nippon India Small Cap Dir Gr	INF204K01K15	Aditya Birla Fashion and Retail Ltd	Consumer Cyclical	51.90	0.08	0.00	May25	11.15
Nippon India Small Cap Dir Gr	INF204K01K15	Aditya Birla Fashion and Retail Ltd	Consumer Cyclical	51.90	0.08	0.00	June25	10.18
Nippon India Small Cap Dir Gr	INF204K01K15	Aditya Birla Fashion and Retail Ltd	Consumer Cyclical	51.90	0.08	0.00	July25	9.19
Nippon India Small Cap Dir Gr	INF204K01K15	Aditya Birla Fashion and Retail Ltd	Consumer Cyclical	51.90	0.08	0.00	Aug25	8.13
Nippon India Small Cap Dir Gr	INF204K01K15	Sanathan Textiles Ltd	Consumer Cyclical	50.90	0.08	0.00	Oct24	5.55
Nippon India Small Cap Dir Gr	INF204K01K15	Sanathan Textiles Ltd	Consumer Cyclical	50.90	0.08	0.00	Nov24	7.52
Nippon India Small Cap Dir Gr	INF204K01K15	Sanathan Textiles Ltd	Consumer Cyclical	50.90	0.08	0.00	Dec24	3.56
Nippon India Small Cap Dir Gr	INF204K01K15	Sanathan Textiles Ltd	Consumer Cyclical	50.90	0.08	0.00	Jan25	5.32
Nippon India Small Cap Dir Gr	INF204K01K15	Sanathan Textiles Ltd	Consumer Cyclical	50.90	0.08	0.00	Feb25	5.59
Nippon India Small Cap Dir Gr	INF204K01K15	Sanathan Textiles Ltd	Consumer Cyclical	50.90	0.08	0.00	Mar25	15.51
Nippon India Small Cap Dir Gr	INF204K01K15	Sanathan Textiles Ltd	Consumer Cyclical	50.90	0.08	0.00	Mar25	15.51
Nippon India Small Cap Dir Gr	INF204K01K15	Sanathan Textiles Ltd	Consumer Cyclical	50.90	0.08	0.00	Apr25	12.51
Nippon India Small Cap Dir Gr	INF204K01K15	Sanathan Textiles Ltd	Consumer Cyclical	50.90	0.08	0.00	May25	11.15
Nippon India Small Cap Dir Gr	INF204K01K15	Sanathan Textiles Ltd	Consumer Cyclical	50.90	0.08	0.00	June25	10.18
Nippon India Small Cap Dir Gr	INF204K01K15	Sanathan Textiles Ltd	Consumer Cyclical	50.90	0.08	0.00	July25	9.19
Nippon India Small Cap Dir Gr	INF204K01K15	Sanathan Textiles Ltd	Consumer Cyclical	50.90	0.08	0.00	Aug25	8.13
Nippon India Small Cap Dir Gr	INF204K01K15	Raymond Ltd	Industrials	49.63	0.07	0.00	Oct24	5.55
Nippon India Small Cap Dir Gr	INF204K01K15	Raymond Ltd	Industrials	49.63	0.07	0.00	Nov24	7.52
Nippon India Small Cap Dir Gr	INF204K01K15	Raymond Ltd	Industrials	49.63	0.07	0.00	Dec24	3.56
Nippon India Small Cap Dir Gr	INF204K01K15	Raymond Ltd	Industrials	49.63	0.07	0.00	Jan25	5.32
Nippon India Small Cap Dir Gr	INF204K01K15	Raymond Ltd	Industrials	49.63	0.07	0.00	Feb25	5.59
Nippon India Small Cap Dir Gr	INF204K01K15	Raymond Ltd	Industrials	49.63	0.07	0.00	Mar25	15.51
Nippon India Small Cap Dir Gr	INF204K01K15	Raymond Ltd	Industrials	49.63	0.07	0.00	Mar25	15.51
Nippon India Small Cap Dir Gr	INF204K01K15	Raymond Ltd	Industrials	49.63	0.07	0.00	Apr25	12.51
Nippon India Small Cap Dir Gr	INF204K01K15	Raymond Ltd	Industrials	49.63	0.07	0.00	May25	11.15
Nippon India Small Cap Dir Gr	INF204K01K15	Raymond Ltd	Industrials	49.63	0.07	0.00	June25	10.18
Nippon India Small Cap Dir Gr	INF204K01K15	Raymond Ltd	Industrials	49.63	0.07	0.00	July25	9.19
Nippon India Small Cap Dir Gr	INF204K01K15	Raymond Ltd	Industrials	49.63	0.07	0.00	Aug25	8.13
Nippon India Small Cap Dir Gr	INF204K01K15	Urban Co Ltd	Technology	49.27	0.07	0.00	Oct24	5.55
Nippon India Small Cap Dir Gr	INF204K01K15	Urban Co Ltd	Technology	49.27	0.07	0.00	Nov24	7.52
Nippon India Small Cap Dir Gr	INF204K01K15	Urban Co Ltd	Technology	49.27	0.07	0.00	Dec24	3.56
Nippon India Small Cap Dir Gr	INF204K01K15	Urban Co Ltd	Technology	49.27	0.07	0.00	Jan25	5.32
Nippon India Small Cap Dir Gr	INF204K01K15	Urban Co Ltd	Technology	49.27	0.07	0.00	Feb25	5.59
Nippon India Small Cap Dir Gr	INF204K01K15	Urban Co Ltd	Technology	49.27	0.07	0.00	Mar25	15.51
Nippon India Small Cap Dir Gr	INF204K01K15	Urban Co Ltd	Technology	49.27	0.07	0.00	Mar25	15.51
Nippon India Small Cap Dir Gr	INF204K01K15	Urban Co Ltd	Technology	49.27	0.07	0.00	Apr25	12.51
Nippon India Small Cap Dir Gr	INF204K01K15	Urban Co Ltd	Technology	49.27	0.07	0.00	May25	11.15
Nippon India Small Cap Dir Gr	INF204K01K15	Urban Co Ltd	Technology	49.27	0.07	0.00	June25	10.18
Nippon India Small Cap Dir Gr	INF204K01K15	Urban Co Ltd	Technology	49.27	0.07	0.00	July25	9.19
Nippon India Small Cap Dir Gr	INF204K01K15	Urban Co Ltd	Technology	49.27	0.07	0.00	Aug25	8.13
Nippon India Small Cap Dir Gr	INF204K01K15	Bata India Ltd	Consumer Cyclical	41.46	0.06	-5.56	Oct24	5.55
Nippon India Small Cap Dir Gr	INF204K01K15	Bata India Ltd	Consumer Cyclical	41.46	0.06	-5.56	Nov24	7.52
Nippon India Small Cap Dir Gr	INF204K01K15	Bata India Ltd	Consumer Cyclical	41.46	0.06	-5.56	Dec24	3.56
Nippon India Small Cap Dir Gr	INF204K01K15	Bata India Ltd	Consumer Cyclical	41.46	0.06	-5.56	Jan25	5.32
Nippon India Small Cap Dir Gr	INF204K01K15	Bata India Ltd	Consumer Cyclical	41.46	0.06	-5.56	Feb25	5.59
Nippon India Small Cap Dir Gr	INF204K01K15	Bata India Ltd	Consumer Cyclical	41.46	0.06	-5.56	Mar25	15.51
Nippon India Small Cap Dir Gr	INF204K01K15	Bata India Ltd	Consumer Cyclical	41.46	0.06	-5.56	Mar25	15.51
Nippon India Small Cap Dir Gr	INF204K01K15	Bata India Ltd	Consumer Cyclical	41.46	0.06	-5.56	Apr25	12.51
Nippon India Small Cap Dir Gr	INF204K01K15	Bata India Ltd	Consumer Cyclical	41.46	0.06	-5.56	May25	11.15
Nippon India Small Cap Dir Gr	INF204K01K15	Bata India Ltd	Consumer Cyclical	41.46	0.06	-5.56	June25	10.18
Nippon India Small Cap Dir Gr	INF204K01K15	Bata India Ltd	Consumer Cyclical	41.46	0.06	-5.56	July25	9.19
Nippon India Small Cap Dir Gr	INF204K01K15	Bata India Ltd	Consumer Cyclical	41.46	0.06	-5.56	Aug25	8.13
Nippon India Small Cap Dir Gr	INF204K01K15	Stanley Lifestyles Ltd	Consumer Cyclical	40.95	0.06	0.00	Oct24	5.55
Nippon India Small Cap Dir Gr	INF204K01K15	Stanley Lifestyles Ltd	Consumer Cyclical	40.95	0.06	0.00	Nov24	7.52
Nippon India Small Cap Dir Gr	INF204K01K15	Stanley Lifestyles Ltd	Consumer Cyclical	40.95	0.06	0.00	Dec24	3.56
Nippon India Small Cap Dir Gr	INF204K01K15	Stanley Lifestyles Ltd	Consumer Cyclical	40.95	0.06	0.00	Jan25	5.32
Nippon India Small Cap Dir Gr	INF204K01K15	Stanley Lifestyles Ltd	Consumer Cyclical	40.95	0.06	0.00	Feb25	5.59
Nippon India Small Cap Dir Gr	INF204K01K15	Stanley Lifestyles Ltd	Consumer Cyclical	40.95	0.06	0.00	Mar25	15.51
Nippon India Small Cap Dir Gr	INF204K01K15	Stanley Lifestyles Ltd	Consumer Cyclical	40.95	0.06	0.00	Mar25	15.51
Nippon India Small Cap Dir Gr	INF204K01K15	Stanley Lifestyles Ltd	Consumer Cyclical	40.95	0.06	0.00	Apr25	12.51
Nippon India Small Cap Dir Gr	INF204K01K15	Stanley Lifestyles Ltd	Consumer Cyclical	40.95	0.06	0.00	May25	11.15
Nippon India Small Cap Dir Gr	INF204K01K15	Stanley Lifestyles Ltd	Consumer Cyclical	40.95	0.06	0.00	June25	10.18
Nippon India Small Cap Dir Gr	INF204K01K15	Stanley Lifestyles Ltd	Consumer Cyclical	40.95	0.06	0.00	July25	9.19
Nippon India Small Cap Dir Gr	INF204K01K15	Stanley Lifestyles Ltd	Consumer Cyclical	40.95	0.06	0.00	Aug25	8.13
Nippon India Small Cap Dir Gr	INF204K01K15	Cyient DLM Ltd	Technology	39.27	0.06	0.00	Oct24	5.55
Nippon India Small Cap Dir Gr	INF204K01K15	Cyient DLM Ltd	Technology	39.27	0.06	0.00	Nov24	7.52
Nippon India Small Cap Dir Gr	INF204K01K15	Cyient DLM Ltd	Technology	39.27	0.06	0.00	Dec24	3.56
Nippon India Small Cap Dir Gr	INF204K01K15	Cyient DLM Ltd	Technology	39.27	0.06	0.00	Jan25	5.32
Nippon India Small Cap Dir Gr	INF204K01K15	Cyient DLM Ltd	Technology	39.27	0.06	0.00	Feb25	5.59
Nippon India Small Cap Dir Gr	INF204K01K15	Cyient DLM Ltd	Technology	39.27	0.06	0.00	Mar25	15.51
Nippon India Small Cap Dir Gr	INF204K01K15	Cyient DLM Ltd	Technology	39.27	0.06	0.00	Mar25	15.51
Nippon India Small Cap Dir Gr	INF204K01K15	Cyient DLM Ltd	Technology	39.27	0.06	0.00	Apr25	12.51
Nippon India Small Cap Dir Gr	INF204K01K15	Cyient DLM Ltd	Technology	39.27	0.06	0.00	May25	11.15
Nippon India Small Cap Dir Gr	INF204K01K15	Cyient DLM Ltd	Technology	39.27	0.06	0.00	June25	10.18
Nippon India Small Cap Dir Gr	INF204K01K15	Cyient DLM Ltd	Technology	39.27	0.06	0.00	July25	9.19
Nippon India Small Cap Dir Gr	INF204K01K15	Cyient DLM Ltd	Technology	39.27	0.06	0.00	Aug25	8.13
Nippon India Small Cap Dir Gr	INF204K01K15	Aequs Ltd	Industrials	35.46	0.05	0.00	Oct24	5.55
Nippon India Small Cap Dir Gr	INF204K01K15	Aequs Ltd	Industrials	35.46	0.05	0.00	Nov24	7.52
Nippon India Small Cap Dir Gr	INF204K01K15	Aequs Ltd	Industrials	35.46	0.05	0.00	Dec24	3.56
Nippon India Small Cap Dir Gr	INF204K01K15	Aequs Ltd	Industrials	35.46	0.05	0.00	Jan25	5.32
Nippon India Small Cap Dir Gr	INF204K01K15	Aequs Ltd	Industrials	35.46	0.05	0.00	Feb25	5.59
Nippon India Small Cap Dir Gr	INF204K01K15	Aequs Ltd	Industrials	35.46	0.05	0.00	Mar25	15.51
Nippon India Small Cap Dir Gr	INF204K01K15	Aequs Ltd	Industrials	35.46	0.05	0.00	Mar25	15.51
Nippon India Small Cap Dir Gr	INF204K01K15	Aequs Ltd	Industrials	35.46	0.05	0.00	Apr25	12.51
Nippon India Small Cap Dir Gr	INF204K01K15	Aequs Ltd	Industrials	35.46	0.05	0.00	May25	11.15
Nippon India Small Cap Dir Gr	INF204K01K15	Aequs Ltd	Industrials	35.46	0.05	0.00	June25	10.18
Nippon India Small Cap Dir Gr	INF204K01K15	Aequs Ltd	Industrials	35.46	0.05	0.00	July25	9.19
Nippon India Small Cap Dir Gr	INF204K01K15	Aequs Ltd	Industrials	35.46	0.05	0.00	Aug25	8.13
Nippon India Small Cap Dir Gr	INF204K01K15	Fineotex Chemical Ltd	Basic Materials	35.01	0.05	0.00	Oct24	5.55
Nippon India Small Cap Dir Gr	INF204K01K15	Fineotex Chemical Ltd	Basic Materials	35.01	0.05	0.00	Nov24	7.52
Nippon India Small Cap Dir Gr	INF204K01K15	Fineotex Chemical Ltd	Basic Materials	35.01	0.05	0.00	Dec24	3.56
Nippon India Small Cap Dir Gr	INF204K01K15	Fineotex Chemical Ltd	Basic Materials	35.01	0.05	0.00	Jan25	5.32
Nippon India Small Cap Dir Gr	INF204K01K15	Fineotex Chemical Ltd	Basic Materials	35.01	0.05	0.00	Feb25	5.59
Nippon India Small Cap Dir Gr	INF204K01K15	Fineotex Chemical Ltd	Basic Materials	35.01	0.05	0.00	Mar25	15.51
Nippon India Small Cap Dir Gr	INF204K01K15	Fineotex Chemical Ltd	Basic Materials	35.01	0.05	0.00	Mar25	15.51
Nippon India Small Cap Dir Gr	INF204K01K15	Fineotex Chemical Ltd	Basic Materials	35.01	0.05	0.00	Apr25	12.51
Nippon India Small Cap Dir Gr	INF204K01K15	Fineotex Chemical Ltd	Basic Materials	35.01	0.05	0.00	May25	11.15
Nippon India Small Cap Dir Gr	INF204K01K15	Fineotex Chemical Ltd	Basic Materials	35.01	0.05	0.00	June25	10.18
Nippon India Small Cap Dir Gr	INF204K01K15	Fineotex Chemical Ltd	Basic Materials	35.01	0.05	0.00	July25	9.19
Nippon India Small Cap Dir Gr	INF204K01K15	Fineotex Chemical Ltd	Basic Materials	35.01	0.05	0.00	Aug25	8.13
Nippon India Small Cap Dir Gr	INF204K01K15	Jubilant Foodworks Ltd	Consumer Cyclical	33.77	0.05		Oct24	5.55
Nippon India Small Cap Dir Gr	INF204K01K15	Jubilant Foodworks Ltd	Consumer Cyclical	33.77	0.05		Nov24	7.52
Nippon India Small Cap Dir Gr	INF204K01K15	Jubilant Foodworks Ltd	Consumer Cyclical	33.77	0.05		Dec24	3.56
Nippon India Small Cap Dir Gr	INF204K01K15	Jubilant Foodworks Ltd	Consumer Cyclical	33.77	0.05		Jan25	5.32
Nippon India Small Cap Dir Gr	INF204K01K15	Jubilant Foodworks Ltd	Consumer Cyclical	33.77	0.05		Feb25	5.59
Nippon India Small Cap Dir Gr	INF204K01K15	Jubilant Foodworks Ltd	Consumer Cyclical	33.77	0.05		Mar25	15.51
Nippon India Small Cap Dir Gr	INF204K01K15	Jubilant Foodworks Ltd	Consumer Cyclical	33.77	0.05		Mar25	15.51
Nippon India Small Cap Dir Gr	INF204K01K15	Jubilant Foodworks Ltd	Consumer Cyclical	33.77	0.05		Apr25	12.51
Nippon India Small Cap Dir Gr	INF204K01K15	Jubilant Foodworks Ltd	Consumer Cyclical	33.77	0.05		May25	11.15
Nippon India Small Cap Dir Gr	INF204K01K15	Jubilant Foodworks Ltd	Consumer Cyclical	33.77	0.05		June25	10.18
Nippon India Small Cap Dir Gr	INF204K01K15	Jubilant Foodworks Ltd	Consumer Cyclical	33.77	0.05		July25	9.19
Nippon India Small Cap Dir Gr	INF204K01K15	Jubilant Foodworks Ltd	Consumer Cyclical	33.77	0.05		Aug25	8.13
Nippon India Small Cap Dir Gr	INF204K01K15	Astec Lifesciences Ltd	Basic Materials	32.86	0.05	0.00	Oct24	5.55
Nippon India Small Cap Dir Gr	INF204K01K15	Astec Lifesciences Ltd	Basic Materials	32.86	0.05	0.00	Nov24	7.52
Nippon India Small Cap Dir Gr	INF204K01K15	Astec Lifesciences Ltd	Basic Materials	32.86	0.05	0.00	Dec24	3.56
Nippon India Small Cap Dir Gr	INF204K01K15	Astec Lifesciences Ltd	Basic Materials	32.86	0.05	0.00	Jan25	5.32
Nippon India Small Cap Dir Gr	INF204K01K15	Astec Lifesciences Ltd	Basic Materials	32.86	0.05	0.00	Feb25	5.59
Nippon India Small Cap Dir Gr	INF204K01K15	Astec Lifesciences Ltd	Basic Materials	32.86	0.05	0.00	Mar25	15.51
Nippon India Small Cap Dir Gr	INF204K01K15	Astec Lifesciences Ltd	Basic Materials	32.86	0.05	0.00	Mar25	15.51
Nippon India Small Cap Dir Gr	INF204K01K15	Astec Lifesciences Ltd	Basic Materials	32.86	0.05	0.00	Apr25	12.51
Nippon India Small Cap Dir Gr	INF204K01K15	Astec Lifesciences Ltd	Basic Materials	32.86	0.05	0.00	May25	11.15
Nippon India Small Cap Dir Gr	INF204K01K15	Astec Lifesciences Ltd	Basic Materials	32.86	0.05	0.00	June25	10.18
Nippon India Small Cap Dir Gr	INF204K01K15	Astec Lifesciences Ltd	Basic Materials	32.86	0.05	0.00	July25	9.19
Nippon India Small Cap Dir Gr	INF204K01K15	Astec Lifesciences Ltd	Basic Materials	32.86	0.05	0.00	Aug25	8.13
Nippon India Small Cap Dir Gr	INF204K01K15	Aditya Infotech Ltd	Industrials	32.80	0.05	-16.75	Oct24	5.55
Nippon India Small Cap Dir Gr	INF204K01K15	Aditya Infotech Ltd	Industrials	32.80	0.05	-16.75	Nov24	7.52
Nippon India Small Cap Dir Gr	INF204K01K15	Aditya Infotech Ltd	Industrials	32.80	0.05	-16.75	Dec24	3.56
Nippon India Small Cap Dir Gr	INF204K01K15	Aditya Infotech Ltd	Industrials	32.80	0.05	-16.75	Jan25	5.32
Nippon India Small Cap Dir Gr	INF204K01K15	Aditya Infotech Ltd	Industrials	32.80	0.05	-16.75	Feb25	5.59
Nippon India Small Cap Dir Gr	INF204K01K15	Aditya Infotech Ltd	Industrials	32.80	0.05	-16.75	Mar25	15.51
Nippon India Small Cap Dir Gr	INF204K01K15	Aditya Infotech Ltd	Industrials	32.80	0.05	-16.75	Mar25	15.51
Nippon India Small Cap Dir Gr	INF204K01K15	Aditya Infotech Ltd	Industrials	32.80	0.05	-16.75	Apr25	12.51
Nippon India Small Cap Dir Gr	INF204K01K15	Aditya Infotech Ltd	Industrials	32.80	0.05	-16.75	May25	11.15
Nippon India Small Cap Dir Gr	INF204K01K15	Aditya Infotech Ltd	Industrials	32.80	0.05	-16.75	June25	10.18
Nippon India Small Cap Dir Gr	INF204K01K15	Aditya Infotech Ltd	Industrials	32.80	0.05	-16.75	July25	9.19
Nippon India Small Cap Dir Gr	INF204K01K15	Aditya Infotech Ltd	Industrials	32.80	0.05	-16.75	Aug25	8.13
Nippon India Small Cap Dir Gr	INF204K01K15	PTC India Ltd	Utilities	32.29	0.05	0.00	Oct24	5.55
Nippon India Small Cap Dir Gr	INF204K01K15	PTC India Ltd	Utilities	32.29	0.05	0.00	Nov24	7.52
Nippon India Small Cap Dir Gr	INF204K01K15	PTC India Ltd	Utilities	32.29	0.05	0.00	Dec24	3.56
Nippon India Small Cap Dir Gr	INF204K01K15	PTC India Ltd	Utilities	32.29	0.05	0.00	Jan25	5.32
Nippon India Small Cap Dir Gr	INF204K01K15	PTC India Ltd	Utilities	32.29	0.05	0.00	Feb25	5.59
Nippon India Small Cap Dir Gr	INF204K01K15	PTC India Ltd	Utilities	32.29	0.05	0.00	Mar25	15.51
Nippon India Small Cap Dir Gr	INF204K01K15	PTC India Ltd	Utilities	32.29	0.05	0.00	Mar25	15.51
Nippon India Small Cap Dir Gr	INF204K01K15	PTC India Ltd	Utilities	32.29	0.05	0.00	Apr25	12.51
Nippon India Small Cap Dir Gr	INF204K01K15	PTC India Ltd	Utilities	32.29	0.05	0.00	May25	11.15
Nippon India Small Cap Dir Gr	INF204K01K15	PTC India Ltd	Utilities	32.29	0.05	0.00	June25	10.18
Nippon India Small Cap Dir Gr	INF204K01K15	PTC India Ltd	Utilities	32.29	0.05	0.00	July25	9.19
Nippon India Small Cap Dir Gr	INF204K01K15	PTC India Ltd	Utilities	32.29	0.05	0.00	Aug25	8.13
Nippon India Small Cap Dir Gr	INF204K01K15	Raymond Realty Ltd	Real Estate	29.82	0.04	-13.60	Oct24	5.55
Nippon India Small Cap Dir Gr	INF204K01K15	Raymond Realty Ltd	Real Estate	29.82	0.04	-13.60	Nov24	7.52
Nippon India Small Cap Dir Gr	INF204K01K15	Raymond Realty Ltd	Real Estate	29.82	0.04	-13.60	Dec24	3.56
Nippon India Small Cap Dir Gr	INF204K01K15	Raymond Realty Ltd	Real Estate	29.82	0.04	-13.60	Jan25	5.32
Nippon India Small Cap Dir Gr	INF204K01K15	Raymond Realty Ltd	Real Estate	29.82	0.04	-13.60	Feb25	5.59
Nippon India Small Cap Dir Gr	INF204K01K15	Raymond Realty Ltd	Real Estate	29.82	0.04	-13.60	Mar25	15.51
Nippon India Small Cap Dir Gr	INF204K01K15	Raymond Realty Ltd	Real Estate	29.82	0.04	-13.60	Mar25	15.51
Nippon India Small Cap Dir Gr	INF204K01K15	Raymond Realty Ltd	Real Estate	29.82	0.04	-13.60	Apr25	12.51
Nippon India Small Cap Dir Gr	INF204K01K15	Raymond Realty Ltd	Real Estate	29.82	0.04	-13.60	May25	11.15
Nippon India Small Cap Dir Gr	INF204K01K15	Raymond Realty Ltd	Real Estate	29.82	0.04	-13.60	June25	10.18
Nippon India Small Cap Dir Gr	INF204K01K15	Raymond Realty Ltd	Real Estate	29.82	0.04	-13.60	July25	9.19
Nippon India Small Cap Dir Gr	INF204K01K15	Raymond Realty Ltd	Real Estate	29.82	0.04	-13.60	Aug25	8.13
Nippon India Small Cap Dir Gr	INF204K01K15	Studds Accessories Ltd	Consumer Cyclical	28.95	0.04	0.00	Oct24	5.55
Nippon India Small Cap Dir Gr	INF204K01K15	Studds Accessories Ltd	Consumer Cyclical	28.95	0.04	0.00	Nov24	7.52
Nippon India Small Cap Dir Gr	INF204K01K15	Studds Accessories Ltd	Consumer Cyclical	28.95	0.04	0.00	Dec24	3.56
Nippon India Small Cap Dir Gr	INF204K01K15	Studds Accessories Ltd	Consumer Cyclical	28.95	0.04	0.00	Jan25	5.32
Nippon India Small Cap Dir Gr	INF204K01K15	Studds Accessories Ltd	Consumer Cyclical	28.95	0.04	0.00	Feb25	5.59
Nippon India Small Cap Dir Gr	INF204K01K15	Studds Accessories Ltd	Consumer Cyclical	28.95	0.04	0.00	Mar25	15.51
Nippon India Small Cap Dir Gr	INF204K01K15	Studds Accessories Ltd	Consumer Cyclical	28.95	0.04	0.00	Mar25	15.51
Nippon India Small Cap Dir Gr	INF204K01K15	Studds Accessories Ltd	Consumer Cyclical	28.95	0.04	0.00	Apr25	12.51
Nippon India Small Cap Dir Gr	INF204K01K15	Studds Accessories Ltd	Consumer Cyclical	28.95	0.04	0.00	May25	11.15
Nippon India Small Cap Dir Gr	INF204K01K15	Studds Accessories Ltd	Consumer Cyclical	28.95	0.04	0.00	June25	10.18
Nippon India Small Cap Dir Gr	INF204K01K15	Studds Accessories Ltd	Consumer Cyclical	28.95	0.04	0.00	July25	9.19
Nippon India Small Cap Dir Gr	INF204K01K15	Studds Accessories Ltd	Consumer Cyclical	28.95	0.04	0.00	Aug25	8.13
Nippon India Small Cap Dir Gr	INF204K01K15	Omnitech Engineering Ltd	Industrials	22.00	0.03		Oct24	5.55
Nippon India Small Cap Dir Gr	INF204K01K15	Omnitech Engineering Ltd	Industrials	22.00	0.03		Nov24	7.52
Nippon India Small Cap Dir Gr	INF204K01K15	Omnitech Engineering Ltd	Industrials	22.00	0.03		Dec24	3.56
Nippon India Small Cap Dir Gr	INF204K01K15	Omnitech Engineering Ltd	Industrials	22.00	0.03		Jan25	5.32
Nippon India Small Cap Dir Gr	INF204K01K15	Omnitech Engineering Ltd	Industrials	22.00	0.03		Feb25	5.59
Nippon India Small Cap Dir Gr	INF204K01K15	Omnitech Engineering Ltd	Industrials	22.00	0.03		Mar25	15.51
Nippon India Small Cap Dir Gr	INF204K01K15	Omnitech Engineering Ltd	Industrials	22.00	0.03		Mar25	15.51
Nippon India Small Cap Dir Gr	INF204K01K15	Omnitech Engineering Ltd	Industrials	22.00	0.03		Apr25	12.51
Nippon India Small Cap Dir Gr	INF204K01K15	Omnitech Engineering Ltd	Industrials	22.00	0.03		May25	11.15
Nippon India Small Cap Dir Gr	INF204K01K15	Omnitech Engineering Ltd	Industrials	22.00	0.03		June25	10.18
Nippon India Small Cap Dir Gr	INF204K01K15	Omnitech Engineering Ltd	Industrials	22.00	0.03		July25	9.19
Nippon India Small Cap Dir Gr	INF204K01K15	Omnitech Engineering Ltd	Industrials	22.00	0.03		Aug25	8.13
Nippon India Small Cap Dir Gr	INF204K01K15	Cash Margin - Ccil		10.21	0.02		Oct24	5.55
Nippon India Small Cap Dir Gr	INF204K01K15	Cash Margin - Ccil		10.21	0.02		Nov24	7.52
Nippon India Small Cap Dir Gr	INF204K01K15	Cash Margin - Ccil		10.21	0.02		Dec24	3.56
Nippon India Small Cap Dir Gr	INF204K01K15	Cash Margin - Ccil		10.21	0.02		Jan25	5.32
Nippon India Small Cap Dir Gr	INF204K01K15	Cash Margin - Ccil		10.21	0.02		Feb25	5.59
Nippon India Small Cap Dir Gr	INF204K01K15	Cash Margin - Ccil		10.21	0.02		Mar25	15.51
Nippon India Small Cap Dir Gr	INF204K01K15	Cash Margin - Ccil		10.21	0.02		Mar25	15.51
Nippon India Small Cap Dir Gr	INF204K01K15	Cash Margin - Ccil		10.21	0.02		Apr25	12.51
Nippon India Small Cap Dir Gr	INF204K01K15	Cash Margin - Ccil		10.21	0.02		May25	11.15
Nippon India Small Cap Dir Gr	INF204K01K15	Cash Margin - Ccil		10.21	0.02		June25	10.18
Nippon India Small Cap Dir Gr	INF204K01K15	Cash Margin - Ccil		10.21	0.02		July25	9.19
Nippon India Small Cap Dir Gr	INF204K01K15	Cash Margin - Ccil		10.21	0.02		Aug25	8.13
Nippon India Small Cap Dir Gr	INF204K01K15	R K Swamy Ltd	Communication Services	9.89	0.01	-8.84	Oct24	5.55
Nippon India Small Cap Dir Gr	INF204K01K15	R K Swamy Ltd	Communication Services	9.89	0.01	-8.84	Nov24	7.52
Nippon India Small Cap Dir Gr	INF204K01K15	R K Swamy Ltd	Communication Services	9.89	0.01	-8.84	Dec24	3.56
Nippon India Small Cap Dir Gr	INF204K01K15	R K Swamy Ltd	Communication Services	9.89	0.01	-8.84	Jan25	5.32
Nippon India Small Cap Dir Gr	INF204K01K15	R K Swamy Ltd	Communication Services	9.89	0.01	-8.84	Feb25	5.59
Nippon India Small Cap Dir Gr	INF204K01K15	R K Swamy Ltd	Communication Services	9.89	0.01	-8.84	Mar25	15.51
Nippon India Small Cap Dir Gr	INF204K01K15	R K Swamy Ltd	Communication Services	9.89	0.01	-8.84	Mar25	15.51
Nippon India Small Cap Dir Gr	INF204K01K15	R K Swamy Ltd	Communication Services	9.89	0.01	-8.84	Apr25	12.51
Nippon India Small Cap Dir Gr	INF204K01K15	R K Swamy Ltd	Communication Services	9.89	0.01	-8.84	May25	11.15
Nippon India Small Cap Dir Gr	INF204K01K15	R K Swamy Ltd	Communication Services	9.89	0.01	-8.84	June25	10.18
Nippon India Small Cap Dir Gr	INF204K01K15	R K Swamy Ltd	Communication Services	9.89	0.01	-8.84	July25	9.19
Nippon India Small Cap Dir Gr	INF204K01K15	R K Swamy Ltd	Communication Services	9.89	0.01	-8.84	Aug25	8.13
Nippon India Small Cap Dir Gr	INF204K01K15	Credo Brands Marketing Ltd	Consumer Cyclical	8.72	0.01	-3.04	Oct24	5.55
Nippon India Small Cap Dir Gr	INF204K01K15	Credo Brands Marketing Ltd	Consumer Cyclical	8.72	0.01	-3.04	Nov24	7.52
Nippon India Small Cap Dir Gr	INF204K01K15	Credo Brands Marketing Ltd	Consumer Cyclical	8.72	0.01	-3.04	Dec24	3.56
Nippon India Small Cap Dir Gr	INF204K01K15	Credo Brands Marketing Ltd	Consumer Cyclical	8.72	0.01	-3.04	Jan25	5.32
Nippon India Small Cap Dir Gr	INF204K01K15	Credo Brands Marketing Ltd	Consumer Cyclical	8.72	0.01	-3.04	Feb25	5.59
Nippon India Small Cap Dir Gr	INF204K01K15	Credo Brands Marketing Ltd	Consumer Cyclical	8.72	0.01	-3.04	Mar25	15.51
Nippon India Small Cap Dir Gr	INF204K01K15	Credo Brands Marketing Ltd	Consumer Cyclical	8.72	0.01	-3.04	Mar25	15.51
Nippon India Small Cap Dir Gr	INF204K01K15	Credo Brands Marketing Ltd	Consumer Cyclical	8.72	0.01	-3.04	Apr25	12.51
Nippon India Small Cap Dir Gr	INF204K01K15	Credo Brands Marketing Ltd	Consumer Cyclical	8.72	0.01	-3.04	May25	11.15
Nippon India Small Cap Dir Gr	INF204K01K15	Credo Brands Marketing Ltd	Consumer Cyclical	8.72	0.01	-3.04	June25	10.18
Nippon India Small Cap Dir Gr	INF204K01K15	Credo Brands Marketing Ltd	Consumer Cyclical	8.72	0.01	-3.04	July25	9.19
Nippon India Small Cap Dir Gr	INF204K01K15	Credo Brands Marketing Ltd	Consumer Cyclical	8.72	0.01	-3.04	Aug25	8.13
Nippon India Small Cap Dir Gr	INF204K01K15	Genus Prime Infra Ltd	Real Estate	3.65	0.01		Oct24	5.55
Nippon India Small Cap Dir Gr	INF204K01K15	Genus Prime Infra Ltd	Real Estate	3.65	0.01		Nov24	7.52
Nippon India Small Cap Dir Gr	INF204K01K15	Genus Prime Infra Ltd	Real Estate	3.65	0.01		Dec24	3.56
Nippon India Small Cap Dir Gr	INF204K01K15	Genus Prime Infra Ltd	Real Estate	3.65	0.01		Jan25	5.32
Nippon India Small Cap Dir Gr	INF204K01K15	Genus Prime Infra Ltd	Real Estate	3.65	0.01		Feb25	5.59
Nippon India Small Cap Dir Gr	INF204K01K15	Genus Prime Infra Ltd	Real Estate	3.65	0.01		Mar25	15.51
Nippon India Small Cap Dir Gr	INF204K01K15	Genus Prime Infra Ltd	Real Estate	3.65	0.01		Mar25	15.51
Nippon India Small Cap Dir Gr	INF204K01K15	Genus Prime Infra Ltd	Real Estate	3.65	0.01		Apr25	12.51
Nippon India Small Cap Dir Gr	INF204K01K15	Genus Prime Infra Ltd	Real Estate	3.65	0.01		May25	11.15
Nippon India Small Cap Dir Gr	INF204K01K15	Genus Prime Infra Ltd	Real Estate	3.65	0.01		June25	10.18
Nippon India Small Cap Dir Gr	INF204K01K15	Genus Prime Infra Ltd	Real Estate	3.65	0.01		July25	9.19
Nippon India Small Cap Dir Gr	INF204K01K15	Genus Prime Infra Ltd	Real Estate	3.65	0.01		Aug25	8.13
Nippon India Small Cap Dir Gr	INF204K01K15	P N Gadgil Jewellers Ltd		0.00	0.00	-100.00	Oct24	5.55
Nippon India Small Cap Dir Gr	INF204K01K15	P N Gadgil Jewellers Ltd		0.00	0.00	-100.00	Nov24	7.52
Nippon India Small Cap Dir Gr	INF204K01K15	P N Gadgil Jewellers Ltd		0.00	0.00	-100.00	Dec24	3.56
Nippon India Small Cap Dir Gr	INF204K01K15	P N Gadgil Jewellers Ltd		0.00	0.00	-100.00	Jan25	5.32
Nippon India Small Cap Dir Gr	INF204K01K15	P N Gadgil Jewellers Ltd		0.00	0.00	-100.00	Feb25	5.59
Nippon India Small Cap Dir Gr	INF204K01K15	P N Gadgil Jewellers Ltd		0.00	0.00	-100.00	Mar25	15.51
Nippon India Small Cap Dir Gr	INF204K01K15	P N Gadgil Jewellers Ltd		0.00	0.00	-100.00	Mar25	15.51
Nippon India Small Cap Dir Gr	INF204K01K15	P N Gadgil Jewellers Ltd		0.00	0.00	-100.00	Apr25	12.51
Nippon India Small Cap Dir Gr	INF204K01K15	P N Gadgil Jewellers Ltd		0.00	0.00	-100.00	May25	11.15
Nippon India Small Cap Dir Gr	INF204K01K15	P N Gadgil Jewellers Ltd		0.00	0.00	-100.00	June25	10.18
Nippon India Small Cap Dir Gr	INF204K01K15	P N Gadgil Jewellers Ltd		0.00	0.00	-100.00	July25	9.19
Nippon India Small Cap Dir Gr	INF204K01K15	P N Gadgil Jewellers Ltd		0.00	0.00	-100.00	Aug25	8.13
Nippon India Small Cap Dir Gr	INF204K01K15	Cash		0.00	0.00		Oct24	5.55
Nippon India Small Cap Dir Gr	INF204K01K15	Cash		0.00	0.00		Nov24	7.52
Nippon India Small Cap Dir Gr	INF204K01K15	Cash		0.00	0.00		Dec24	3.56
Nippon India Small Cap Dir Gr	INF204K01K15	Cash		0.00	0.00		Jan25	5.32
Nippon India Small Cap Dir Gr	INF204K01K15	Cash		0.00	0.00		Feb25	5.59
Nippon India Small Cap Dir Gr	INF204K01K15	Cash		0.00	0.00		Mar25	15.51
Nippon India Small Cap Dir Gr	INF204K01K15	Cash		0.00	0.00		Mar25	15.51
Nippon India Small Cap Dir Gr	INF204K01K15	Cash		0.00	0.00		Apr25	12.51
Nippon India Small Cap Dir Gr	INF204K01K15	Cash		0.00	0.00		May25	11.15
Nippon India Small Cap Dir Gr	INF204K01K15	Cash		0.00	0.00		June25	10.18
Nippon India Small Cap Dir Gr	INF204K01K15	Cash		0.00	0.00		July25	9.19
Nippon India Small Cap Dir Gr	INF204K01K15	Cash		0.00	0.00		Aug25	8.13
Nippon India Small Cap Dir Gr	INF204K01K15	National Securities Depository Ltd		0.00	0.00	-100.00	Oct24	5.55
Nippon India Small Cap Dir Gr	INF204K01K15	National Securities Depository Ltd		0.00	0.00	-100.00	Nov24	7.52
Nippon India Small Cap Dir Gr	INF204K01K15	National Securities Depository Ltd		0.00	0.00	-100.00	Dec24	3.56
Nippon India Small Cap Dir Gr	INF204K01K15	National Securities Depository Ltd		0.00	0.00	-100.00	Jan25	5.32
Nippon India Small Cap Dir Gr	INF204K01K15	National Securities Depository Ltd		0.00	0.00	-100.00	Feb25	5.59
Nippon India Small Cap Dir Gr	INF204K01K15	National Securities Depository Ltd		0.00	0.00	-100.00	Mar25	15.51
Nippon India Small Cap Dir Gr	INF204K01K15	National Securities Depository Ltd		0.00	0.00	-100.00	Mar25	15.51
Nippon India Small Cap Dir Gr	INF204K01K15	National Securities Depository Ltd		0.00	0.00	-100.00	Apr25	12.51
Nippon India Small Cap Dir Gr	INF204K01K15	National Securities Depository Ltd		0.00	0.00	-100.00	May25	11.15
Nippon India Small Cap Dir Gr	INF204K01K15	National Securities Depository Ltd		0.00	0.00	-100.00	June25	10.18
Nippon India Small Cap Dir Gr	INF204K01K15	National Securities Depository Ltd		0.00	0.00	-100.00	July25	9.19
Nippon India Small Cap Dir Gr	INF204K01K15	National Securities Depository Ltd		0.00	0.00	-100.00	Aug25	8.13
Nippon India Small Cap Dir Gr	INF204K01K15	HDB Financial Services Ltd		0.00	0.00	-100.00	Oct24	5.55
Nippon India Small Cap Dir Gr	INF204K01K15	HDB Financial Services Ltd		0.00	0.00	-100.00	Nov24	7.52
Nippon India Small Cap Dir Gr	INF204K01K15	HDB Financial Services Ltd		0.00	0.00	-100.00	Dec24	3.56
Nippon India Small Cap Dir Gr	INF204K01K15	HDB Financial Services Ltd		0.00	0.00	-100.00	Jan25	5.32
Nippon India Small Cap Dir Gr	INF204K01K15	HDB Financial Services Ltd		0.00	0.00	-100.00	Feb25	5.59
Nippon India Small Cap Dir Gr	INF204K01K15	HDB Financial Services Ltd		0.00	0.00	-100.00	Mar25	15.51
Nippon India Small Cap Dir Gr	INF204K01K15	HDB Financial Services Ltd		0.00	0.00	-100.00	Mar25	15.51
Nippon India Small Cap Dir Gr	INF204K01K15	HDB Financial Services Ltd		0.00	0.00	-100.00	Apr25	12.51
Nippon India Small Cap Dir Gr	INF204K01K15	HDB Financial Services Ltd		0.00	0.00	-100.00	May25	11.15
Nippon India Small Cap Dir Gr	INF204K01K15	HDB Financial Services Ltd		0.00	0.00	-100.00	June25	10.18
Nippon India Small Cap Dir Gr	INF204K01K15	HDB Financial Services Ltd		0.00	0.00	-100.00	July25	9.19
Nippon India Small Cap Dir Gr	INF204K01K15	HDB Financial Services Ltd		0.00	0.00	-100.00	Aug25	8.13
