schemeName	isin	stock_name	sector	market_value	weight	change_1m	period	weightage
Edelweiss Mid Cap Dir Gr	INF843K01AO4	Clearing Corporation Of India Ltd.		514.69	3.59		Oct24	5.55
Edelweiss Mid Cap Dir Gr	INF843K01AO4	Clearing Corporation Of India Ltd.		514.69	3.59		Nov24	7.52
Edelweiss Mid Cap Dir Gr	INF843K01AO4	Clearing Corporation Of India Ltd.		514.69	3.59		Dec24	3.56
Edelweiss Mid Cap Dir Gr	INF843K01AO4	Clearing Corporation Of India Ltd.		514.69	3.59		Jan25	5.32
Edelweiss Mid Cap Dir Gr	INF843K01AO4	Clearing Corporation Of India Ltd.		514.69	3.59		Feb25	5.59
Edelweiss Mid Cap Dir Gr	INF843K01AO4	Clearing Corporation Of India Ltd.		514.69	3.59		Mar25	15.51
Edelweiss Mid Cap Dir Gr	INF843K01AO4	Clearing Corporation Of India Ltd.		514.69	3.59		Mar25	15.51
Edelweiss Mid Cap Dir Gr	INF843K01AO4	Clearing Corporation Of India Ltd.		514.69	3.59		Apr25	12.51
Edelweiss Mid Cap Dir Gr	INF843K01AO4	Clearing Corporation Of India Ltd.		514.69	3.59		May25	11.15
Edelweiss Mid Cap Dir Gr	INF843K01AO4	Clearing Corporation Of India Ltd.		514.69	3.59		June25	10.18
Edelweiss Mid Cap Dir Gr	INF843K01AO4	Clearing Corporation Of India Ltd.		514.69	3.59		July25	9.19
Edelweiss Mid Cap Dir Gr	INF843K01AO4	Clearing Corporation Of India Ltd.		514.69	3.59		Aug25	8.13
Edelweiss Mid Cap Dir Gr	INF843K01AO4	Marico Ltd	Consumer Defensive	348.35	2.43	0.00	Oct24	5.55
Edelweiss Mid Cap Dir Gr	INF843K01AO4	Marico Ltd	Consumer Defensive	348.35	2.43	0.00	Nov24	7.52
Edelweiss Mid Cap Dir Gr	INF843K01AO4	Marico Ltd	Consumer Defensive	348.35	2.43	0.00	Dec24	3.56
Edelweiss Mid Cap Dir Gr	INF843K01AO4	Marico Ltd	Consumer Defensive	348.35	2.43	0.00	Jan25	5.32
Edelweiss Mid Cap Dir Gr	INF843K01AO4	Marico Ltd	Consumer Defensive	348.35	2.43	0.00	Feb25	5.59
Edelweiss Mid Cap Dir Gr	INF843K01AO4	Marico Ltd	Consumer Defensive	348.35	2.43	0.00	Mar25	15.51
Edelweiss Mid Cap Dir Gr	INF843K01AO4	Marico Ltd	Consumer Defensive	348.35	2.43	0.00	Mar25	15.51
Edelweiss Mid Cap Dir Gr	INF843K01AO4	Marico Ltd	Consumer Defensive	348.35	2.43	0.00	Apr25	12.51
Edelweiss Mid Cap Dir Gr	INF843K01AO4	Marico Ltd	Consumer Defensive	348.35	2.43	0.00	May25	11.15
Edelweiss Mid Cap Dir Gr	INF843K01AO4	Marico Ltd	Consumer Defensive	348.35	2.43	0.00	June25	10.18
Edelweiss Mid Cap Dir Gr	INF843K01AO4	Marico Ltd	Consumer Defensive	348.35	2.43	0.00	July25	9.19
Edelweiss Mid Cap Dir Gr	INF843K01AO4	Marico Ltd	Consumer Defensive	348.35	2.43	0.00	Aug25	8.13
Edelweiss Mid Cap Dir Gr	INF843K01AO4	Multi Commodity Exchange of India Ltd	Financial Services	335.45	2.34	0.00	Oct24	5.55
Edelweiss Mid Cap Dir Gr	INF843K01AO4	Multi Commodity Exchange of India Ltd	Financial Services	335.45	2.34	0.00	Nov24	7.52
Edelweiss Mid Cap Dir Gr	INF843K01AO4	Multi Commodity Exchange of India Ltd	Financial Services	335.45	2.34	0.00	Dec24	3.56
Edelweiss Mid Cap Dir Gr	INF843K01AO4	Multi Commodity Exchange of India Ltd	Financial Services	335.45	2.34	0.00	Jan25	5.32
Edelweiss Mid Cap Dir Gr	INF843K01AO4	Multi Commodity Exchange of India Ltd	Financial Services	335.45	2.34	0.00	Feb25	5.59
Edelweiss Mid Cap Dir Gr	INF843K01AO4	Multi Commodity Exchange of India Ltd	Financial Services	335.45	2.34	0.00	Mar25	15.51
Edelweiss Mid Cap Dir Gr	INF843K01AO4	Multi Commodity Exchange of India Ltd	Financial Services	335.45	2.34	0.00	Mar25	15.51
Edelweiss Mid Cap Dir Gr	INF843K01AO4	Multi Commodity Exchange of India Ltd	Financial Services	335.45	2.34	0.00	Apr25	12.51
Edelweiss Mid Cap Dir Gr	INF843K01AO4	Multi Commodity Exchange of India Ltd	Financial Services	335.45	2.34	0.00	May25	11.15
Edelweiss Mid Cap Dir Gr	INF843K01AO4	Multi Commodity Exchange of India Ltd	Financial Services	335.45	2.34	0.00	June25	10.18
Edelweiss Mid Cap Dir Gr	INF843K01AO4	Multi Commodity Exchange of India Ltd	Financial Services	335.45	2.34	0.00	July25	9.19
Edelweiss Mid Cap Dir Gr	INF843K01AO4	Multi Commodity Exchange of India Ltd	Financial Services	335.45	2.34	0.00	Aug25	8.13
Edelweiss Mid Cap Dir Gr	INF843K01AO4	The Federal Bank Ltd	Financial Services	334.62	2.33	0.00	Oct24	5.55
Edelweiss Mid Cap Dir Gr	INF843K01AO4	The Federal Bank Ltd	Financial Services	334.62	2.33	0.00	Nov24	7.52
Edelweiss Mid Cap Dir Gr	INF843K01AO4	The Federal Bank Ltd	Financial Services	334.62	2.33	0.00	Dec24	3.56
Edelweiss Mid Cap Dir Gr	INF843K01AO4	The Federal Bank Ltd	Financial Services	334.62	2.33	0.00	Jan25	5.32
Edelweiss Mid Cap Dir Gr	INF843K01AO4	The Federal Bank Ltd	Financial Services	334.62	2.33	0.00	Feb25	5.59
Edelweiss Mid Cap Dir Gr	INF843K01AO4	The Federal Bank Ltd	Financial Services	334.62	2.33	0.00	Mar25	15.51
Edelweiss Mid Cap Dir Gr	INF843K01AO4	The Federal Bank Ltd	Financial Services	334.62	2.33	0.00	Mar25	15.51
Edelweiss Mid Cap Dir Gr	INF843K01AO4	The Federal Bank Ltd	Financial Services	334.62	2.33	0.00	Apr25	12.51
Edelweiss Mid Cap Dir Gr	INF843K01AO4	The Federal Bank Ltd	Financial Services	334.62	2.33	0.00	May25	11.15
Edelweiss Mid Cap Dir Gr	INF843K01AO4	The Federal Bank Ltd	Financial Services	334.62	2.33	0.00	June25	10.18
Edelweiss Mid Cap Dir Gr	INF843K01AO4	The Federal Bank Ltd	Financial Services	334.62	2.33	0.00	July25	9.19
Edelweiss Mid Cap Dir Gr	INF843K01AO4	The Federal Bank Ltd	Financial Services	334.62	2.33	0.00	Aug25	8.13
Edelweiss Mid Cap Dir Gr	INF843K01AO4	Fortis Healthcare Ltd	Healthcare	325.65	2.27	0.00	Oct24	5.55
Edelweiss Mid Cap Dir Gr	INF843K01AO4	Fortis Healthcare Ltd	Healthcare	325.65	2.27	0.00	Nov24	7.52
Edelweiss Mid Cap Dir Gr	INF843K01AO4	Fortis Healthcare Ltd	Healthcare	325.65	2.27	0.00	Dec24	3.56
Edelweiss Mid Cap Dir Gr	INF843K01AO4	Fortis Healthcare Ltd	Healthcare	325.65	2.27	0.00	Jan25	5.32
Edelweiss Mid Cap Dir Gr	INF843K01AO4	Fortis Healthcare Ltd	Healthcare	325.65	2.27	0.00	Feb25	5.59
Edelweiss Mid Cap Dir Gr	INF843K01AO4	Fortis Healthcare Ltd	Healthcare	325.65	2.27	0.00	Mar25	15.51
Edelweiss Mid Cap Dir Gr	INF843K01AO4	Fortis Healthcare Ltd	Healthcare	325.65	2.27	0.00	Mar25	15.51
Edelweiss Mid Cap Dir Gr	INF843K01AO4	Fortis Healthcare Ltd	Healthcare	325.65	2.27	0.00	Apr25	12.51
Edelweiss Mid Cap Dir Gr	INF843K01AO4	Fortis Healthcare Ltd	Healthcare	325.65	2.27	0.00	May25	11.15
Edelweiss Mid Cap Dir Gr	INF843K01AO4	Fortis Healthcare Ltd	Healthcare	325.65	2.27	0.00	June25	10.18
Edelweiss Mid Cap Dir Gr	INF843K01AO4	Fortis Healthcare Ltd	Healthcare	325.65	2.27	0.00	July25	9.19
Edelweiss Mid Cap Dir Gr	INF843K01AO4	Fortis Healthcare Ltd	Healthcare	325.65	2.27	0.00	Aug25	8.13
Edelweiss Mid Cap Dir Gr	INF843K01AO4	Indian Bank	Financial Services	309.09	2.15	0.00	Oct24	5.55
Edelweiss Mid Cap Dir Gr	INF843K01AO4	Indian Bank	Financial Services	309.09	2.15	0.00	Nov24	7.52
Edelweiss Mid Cap Dir Gr	INF843K01AO4	Indian Bank	Financial Services	309.09	2.15	0.00	Dec24	3.56
Edelweiss Mid Cap Dir Gr	INF843K01AO4	Indian Bank	Financial Services	309.09	2.15	0.00	Jan25	5.32
Edelweiss Mid Cap Dir Gr	INF843K01AO4	Indian Bank	Financial Services	309.09	2.15	0.00	Feb25	5.59
Edelweiss Mid Cap Dir Gr	INF843K01AO4	Indian Bank	Financial Services	309.09	2.15	0.00	Mar25	15.51
Edelweiss Mid Cap Dir Gr	INF843K01AO4	Indian Bank	Financial Services	309.09	2.15	0.00	Mar25	15.51
Edelweiss Mid Cap Dir Gr	INF843K01AO4	Indian Bank	Financial Services	309.09	2.15	0.00	Apr25	12.51
Edelweiss Mid Cap Dir Gr	INF843K01AO4	Indian Bank	Financial Services	309.09	2.15	0.00	May25	11.15
Edelweiss Mid Cap Dir Gr	INF843K01AO4	Indian Bank	Financial Services	309.09	2.15	0.00	June25	10.18
Edelweiss Mid Cap Dir Gr	INF843K01AO4	Indian Bank	Financial Services	309.09	2.15	0.00	July25	9.19
Edelweiss Mid Cap Dir Gr	INF843K01AO4	Indian Bank	Financial Services	309.09	2.15	0.00	Aug25	8.13
Edelweiss Mid Cap Dir Gr	INF843K01AO4	APL Apollo Tubes Ltd	Basic Materials	287.49	2.00	0.00	Oct24	5.55
Edelweiss Mid Cap Dir Gr	INF843K01AO4	APL Apollo Tubes Ltd	Basic Materials	287.49	2.00	0.00	Nov24	7.52
Edelweiss Mid Cap Dir Gr	INF843K01AO4	APL Apollo Tubes Ltd	Basic Materials	287.49	2.00	0.00	Dec24	3.56
Edelweiss Mid Cap Dir Gr	INF843K01AO4	APL Apollo Tubes Ltd	Basic Materials	287.49	2.00	0.00	Jan25	5.32
Edelweiss Mid Cap Dir Gr	INF843K01AO4	APL Apollo Tubes Ltd	Basic Materials	287.49	2.00	0.00	Feb25	5.59
Edelweiss Mid Cap Dir Gr	INF843K01AO4	APL Apollo Tubes Ltd	Basic Materials	287.49	2.00	0.00	Mar25	15.51
Edelweiss Mid Cap Dir Gr	INF843K01AO4	APL Apollo Tubes Ltd	Basic Materials	287.49	2.00	0.00	Mar25	15.51
Edelweiss Mid Cap Dir Gr	INF843K01AO4	APL Apollo Tubes Ltd	Basic Materials	287.49	2.00	0.00	Apr25	12.51
Edelweiss Mid Cap Dir Gr	INF843K01AO4	APL Apollo Tubes Ltd	Basic Materials	287.49	2.00	0.00	May25	11.15
Edelweiss Mid Cap Dir Gr	INF843K01AO4	APL Apollo Tubes Ltd	Basic Materials	287.49	2.00	0.00	June25	10.18
Edelweiss Mid Cap Dir Gr	INF843K01AO4	APL Apollo Tubes Ltd	Basic Materials	287.49	2.00	0.00	July25	9.19
Edelweiss Mid Cap Dir Gr	INF843K01AO4	APL Apollo Tubes Ltd	Basic Materials	287.49	2.00	0.00	Aug25	8.13
Edelweiss Mid Cap Dir Gr	INF843K01AO4	IDFC First Bank Ltd	Financial Services	282.69	1.97	15.64	Oct24	5.55
Edelweiss Mid Cap Dir Gr	INF843K01AO4	IDFC First Bank Ltd	Financial Services	282.69	1.97	15.64	Nov24	7.52
Edelweiss Mid Cap Dir Gr	INF843K01AO4	IDFC First Bank Ltd	Financial Services	282.69	1.97	15.64	Dec24	3.56
Edelweiss Mid Cap Dir Gr	INF843K01AO4	IDFC First Bank Ltd	Financial Services	282.69	1.97	15.64	Jan25	5.32
Edelweiss Mid Cap Dir Gr	INF843K01AO4	IDFC First Bank Ltd	Financial Services	282.69	1.97	15.64	Feb25	5.59
Edelweiss Mid Cap Dir Gr	INF843K01AO4	IDFC First Bank Ltd	Financial Services	282.69	1.97	15.64	Mar25	15.51
Edelweiss Mid Cap Dir Gr	INF843K01AO4	IDFC First Bank Ltd	Financial Services	282.69	1.97	15.64	Mar25	15.51
Edelweiss Mid Cap Dir Gr	INF843K01AO4	IDFC First Bank Ltd	Financial Services	282.69	1.97	15.64	Apr25	12.51
Edelweiss Mid Cap Dir Gr	INF843K01AO4	IDFC First Bank Ltd	Financial Services	282.69	1.97	15.64	May25	11.15
Edelweiss Mid Cap Dir Gr	INF843K01AO4	IDFC First Bank Ltd	Financial Services	282.69	1.97	15.64	June25	10.18
Edelweiss Mid Cap Dir Gr	INF843K01AO4	IDFC First Bank Ltd	Financial Services	282.69	1.97	15.64	July25	9.19
Edelweiss Mid Cap Dir Gr	INF843K01AO4	IDFC First Bank Ltd	Financial Services	282.69	1.97	15.64	Aug25	8.13
Edelweiss Mid Cap Dir Gr	INF843K01AO4	Oil India Ltd	Energy	273.95	1.91	4.95	Oct24	5.55
Edelweiss Mid Cap Dir Gr	INF843K01AO4	Oil India Ltd	Energy	273.95	1.91	4.95	Nov24	7.52
Edelweiss Mid Cap Dir Gr	INF843K01AO4	Oil India Ltd	Energy	273.95	1.91	4.95	Dec24	3.56
Edelweiss Mid Cap Dir Gr	INF843K01AO4	Oil India Ltd	Energy	273.95	1.91	4.95	Jan25	5.32
Edelweiss Mid Cap Dir Gr	INF843K01AO4	Oil India Ltd	Energy	273.95	1.91	4.95	Feb25	5.59
Edelweiss Mid Cap Dir Gr	INF843K01AO4	Oil India Ltd	Energy	273.95	1.91	4.95	Mar25	15.51
Edelweiss Mid Cap Dir Gr	INF843K01AO4	Oil India Ltd	Energy	273.95	1.91	4.95	Mar25	15.51
Edelweiss Mid Cap Dir Gr	INF843K01AO4	Oil India Ltd	Energy	273.95	1.91	4.95	Apr25	12.51
Edelweiss Mid Cap Dir Gr	INF843K01AO4	Oil India Ltd	Energy	273.95	1.91	4.95	May25	11.15
Edelweiss Mid Cap Dir Gr	INF843K01AO4	Oil India Ltd	Energy	273.95	1.91	4.95	June25	10.18
Edelweiss Mid Cap Dir Gr	INF843K01AO4	Oil India Ltd	Energy	273.95	1.91	4.95	July25	9.19
Edelweiss Mid Cap Dir Gr	INF843K01AO4	Oil India Ltd	Energy	273.95	1.91	4.95	Aug25	8.13
Edelweiss Mid Cap Dir Gr	INF843K01AO4	AU Small Finance Bank Ltd	Financial Services	272.42	1.90	20.51	Oct24	5.55
Edelweiss Mid Cap Dir Gr	INF843K01AO4	AU Small Finance Bank Ltd	Financial Services	272.42	1.90	20.51	Nov24	7.52
Edelweiss Mid Cap Dir Gr	INF843K01AO4	AU Small Finance Bank Ltd	Financial Services	272.42	1.90	20.51	Dec24	3.56
Edelweiss Mid Cap Dir Gr	INF843K01AO4	AU Small Finance Bank Ltd	Financial Services	272.42	1.90	20.51	Jan25	5.32
Edelweiss Mid Cap Dir Gr	INF843K01AO4	AU Small Finance Bank Ltd	Financial Services	272.42	1.90	20.51	Feb25	5.59
Edelweiss Mid Cap Dir Gr	INF843K01AO4	AU Small Finance Bank Ltd	Financial Services	272.42	1.90	20.51	Mar25	15.51
Edelweiss Mid Cap Dir Gr	INF843K01AO4	AU Small Finance Bank Ltd	Financial Services	272.42	1.90	20.51	Mar25	15.51
Edelweiss Mid Cap Dir Gr	INF843K01AO4	AU Small Finance Bank Ltd	Financial Services	272.42	1.90	20.51	Apr25	12.51
Edelweiss Mid Cap Dir Gr	INF843K01AO4	AU Small Finance Bank Ltd	Financial Services	272.42	1.90	20.51	May25	11.15
Edelweiss Mid Cap Dir Gr	INF843K01AO4	AU Small Finance Bank Ltd	Financial Services	272.42	1.90	20.51	June25	10.18
Edelweiss Mid Cap Dir Gr	INF843K01AO4	AU Small Finance Bank Ltd	Financial Services	272.42	1.90	20.51	July25	9.19
Edelweiss Mid Cap Dir Gr	INF843K01AO4	AU Small Finance Bank Ltd	Financial Services	272.42	1.90	20.51	Aug25	8.13
Edelweiss Mid Cap Dir Gr	INF843K01AO4	JK Cement Ltd	Basic Materials	252.94	1.76	20.40	Oct24	5.55
Edelweiss Mid Cap Dir Gr	INF843K01AO4	JK Cement Ltd	Basic Materials	252.94	1.76	20.40	Nov24	7.52
Edelweiss Mid Cap Dir Gr	INF843K01AO4	JK Cement Ltd	Basic Materials	252.94	1.76	20.40	Dec24	3.56
Edelweiss Mid Cap Dir Gr	INF843K01AO4	JK Cement Ltd	Basic Materials	252.94	1.76	20.40	Jan25	5.32
Edelweiss Mid Cap Dir Gr	INF843K01AO4	JK Cement Ltd	Basic Materials	252.94	1.76	20.40	Feb25	5.59
Edelweiss Mid Cap Dir Gr	INF843K01AO4	JK Cement Ltd	Basic Materials	252.94	1.76	20.40	Mar25	15.51
Edelweiss Mid Cap Dir Gr	INF843K01AO4	JK Cement Ltd	Basic Materials	252.94	1.76	20.40	Mar25	15.51
Edelweiss Mid Cap Dir Gr	INF843K01AO4	JK Cement Ltd	Basic Materials	252.94	1.76	20.40	Apr25	12.51
Edelweiss Mid Cap Dir Gr	INF843K01AO4	JK Cement Ltd	Basic Materials	252.94	1.76	20.40	May25	11.15
Edelweiss Mid Cap Dir Gr	INF843K01AO4	JK Cement Ltd	Basic Materials	252.94	1.76	20.40	June25	10.18
Edelweiss Mid Cap Dir Gr	INF843K01AO4	JK Cement Ltd	Basic Materials	252.94	1.76	20.40	July25	9.19
Edelweiss Mid Cap Dir Gr	INF843K01AO4	JK Cement Ltd	Basic Materials	252.94	1.76	20.40	Aug25	8.13
Edelweiss Mid Cap Dir Gr	INF843K01AO4	Solar Industries India Ltd	Basic Materials	249.50	1.74	0.00	Oct24	5.55
Edelweiss Mid Cap Dir Gr	INF843K01AO4	Solar Industries India Ltd	Basic Materials	249.50	1.74	0.00	Nov24	7.52
Edelweiss Mid Cap Dir Gr	INF843K01AO4	Solar Industries India Ltd	Basic Materials	249.50	1.74	0.00	Dec24	3.56
Edelweiss Mid Cap Dir Gr	INF843K01AO4	Solar Industries India Ltd	Basic Materials	249.50	1.74	0.00	Jan25	5.32
Edelweiss Mid Cap Dir Gr	INF843K01AO4	Solar Industries India Ltd	Basic Materials	249.50	1.74	0.00	Feb25	5.59
Edelweiss Mid Cap Dir Gr	INF843K01AO4	Solar Industries India Ltd	Basic Materials	249.50	1.74	0.00	Mar25	15.51
Edelweiss Mid Cap Dir Gr	INF843K01AO4	Solar Industries India Ltd	Basic Materials	249.50	1.74	0.00	Mar25	15.51
Edelweiss Mid Cap Dir Gr	INF843K01AO4	Solar Industries India Ltd	Basic Materials	249.50	1.74	0.00	Apr25	12.51
Edelweiss Mid Cap Dir Gr	INF843K01AO4	Solar Industries India Ltd	Basic Materials	249.50	1.74	0.00	May25	11.15
Edelweiss Mid Cap Dir Gr	INF843K01AO4	Solar Industries India Ltd	Basic Materials	249.50	1.74	0.00	June25	10.18
Edelweiss Mid Cap Dir Gr	INF843K01AO4	Solar Industries India Ltd	Basic Materials	249.50	1.74	0.00	July25	9.19
Edelweiss Mid Cap Dir Gr	INF843K01AO4	Solar Industries India Ltd	Basic Materials	249.50	1.74	0.00	Aug25	8.13
Edelweiss Mid Cap Dir Gr	INF843K01AO4	BSE Ltd	Financial Services	248.69	1.73	-21.17	Oct24	5.55
Edelweiss Mid Cap Dir Gr	INF843K01AO4	BSE Ltd	Financial Services	248.69	1.73	-21.17	Nov24	7.52
Edelweiss Mid Cap Dir Gr	INF843K01AO4	BSE Ltd	Financial Services	248.69	1.73	-21.17	Dec24	3.56
Edelweiss Mid Cap Dir Gr	INF843K01AO4	BSE Ltd	Financial Services	248.69	1.73	-21.17	Jan25	5.32
Edelweiss Mid Cap Dir Gr	INF843K01AO4	BSE Ltd	Financial Services	248.69	1.73	-21.17	Feb25	5.59
Edelweiss Mid Cap Dir Gr	INF843K01AO4	BSE Ltd	Financial Services	248.69	1.73	-21.17	Mar25	15.51
Edelweiss Mid Cap Dir Gr	INF843K01AO4	BSE Ltd	Financial Services	248.69	1.73	-21.17	Mar25	15.51
Edelweiss Mid Cap Dir Gr	INF843K01AO4	BSE Ltd	Financial Services	248.69	1.73	-21.17	Apr25	12.51
Edelweiss Mid Cap Dir Gr	INF843K01AO4	BSE Ltd	Financial Services	248.69	1.73	-21.17	May25	11.15
Edelweiss Mid Cap Dir Gr	INF843K01AO4	BSE Ltd	Financial Services	248.69	1.73	-21.17	June25	10.18
Edelweiss Mid Cap Dir Gr	INF843K01AO4	BSE Ltd	Financial Services	248.69	1.73	-21.17	July25	9.19
Edelweiss Mid Cap Dir Gr	INF843K01AO4	BSE Ltd	Financial Services	248.69	1.73	-21.17	Aug25	8.13
Edelweiss Mid Cap Dir Gr	INF843K01AO4	Ashok Leyland Ltd	Industrials	245.94	1.71	0.00	Oct24	5.55
Edelweiss Mid Cap Dir Gr	INF843K01AO4	Ashok Leyland Ltd	Industrials	245.94	1.71	0.00	Nov24	7.52
Edelweiss Mid Cap Dir Gr	INF843K01AO4	Ashok Leyland Ltd	Industrials	245.94	1.71	0.00	Dec24	3.56
Edelweiss Mid Cap Dir Gr	INF843K01AO4	Ashok Leyland Ltd	Industrials	245.94	1.71	0.00	Jan25	5.32
Edelweiss Mid Cap Dir Gr	INF843K01AO4	Ashok Leyland Ltd	Industrials	245.94	1.71	0.00	Feb25	5.59
Edelweiss Mid Cap Dir Gr	INF843K01AO4	Ashok Leyland Ltd	Industrials	245.94	1.71	0.00	Mar25	15.51
Edelweiss Mid Cap Dir Gr	INF843K01AO4	Ashok Leyland Ltd	Industrials	245.94	1.71	0.00	Mar25	15.51
Edelweiss Mid Cap Dir Gr	INF843K01AO4	Ashok Leyland Ltd	Industrials	245.94	1.71	0.00	Apr25	12.51
Edelweiss Mid Cap Dir Gr	INF843K01AO4	Ashok Leyland Ltd	Industrials	245.94	1.71	0.00	May25	11.15
Edelweiss Mid Cap Dir Gr	INF843K01AO4	Ashok Leyland Ltd	Industrials	245.94	1.71	0.00	June25	10.18
Edelweiss Mid Cap Dir Gr	INF843K01AO4	Ashok Leyland Ltd	Industrials	245.94	1.71	0.00	July25	9.19
Edelweiss Mid Cap Dir Gr	INF843K01AO4	Ashok Leyland Ltd	Industrials	245.94	1.71	0.00	Aug25	8.13
Edelweiss Mid Cap Dir Gr	INF843K01AO4	UNO Minda Ltd	Consumer Cyclical	244.29	1.70	0.00	Oct24	5.55
Edelweiss Mid Cap Dir Gr	INF843K01AO4	UNO Minda Ltd	Consumer Cyclical	244.29	1.70	0.00	Nov24	7.52
Edelweiss Mid Cap Dir Gr	INF843K01AO4	UNO Minda Ltd	Consumer Cyclical	244.29	1.70	0.00	Dec24	3.56
Edelweiss Mid Cap Dir Gr	INF843K01AO4	UNO Minda Ltd	Consumer Cyclical	244.29	1.70	0.00	Jan25	5.32
Edelweiss Mid Cap Dir Gr	INF843K01AO4	UNO Minda Ltd	Consumer Cyclical	244.29	1.70	0.00	Feb25	5.59
Edelweiss Mid Cap Dir Gr	INF843K01AO4	UNO Minda Ltd	Consumer Cyclical	244.29	1.70	0.00	Mar25	15.51
Edelweiss Mid Cap Dir Gr	INF843K01AO4	UNO Minda Ltd	Consumer Cyclical	244.29	1.70	0.00	Mar25	15.51
Edelweiss Mid Cap Dir Gr	INF843K01AO4	UNO Minda Ltd	Consumer Cyclical	244.29	1.70	0.00	Apr25	12.51
Edelweiss Mid Cap Dir Gr	INF843K01AO4	UNO Minda Ltd	Consumer Cyclical	244.29	1.70	0.00	May25	11.15
Edelweiss Mid Cap Dir Gr	INF843K01AO4	UNO Minda Ltd	Consumer Cyclical	244.29	1.70	0.00	June25	10.18
Edelweiss Mid Cap Dir Gr	INF843K01AO4	UNO Minda Ltd	Consumer Cyclical	244.29	1.70	0.00	July25	9.19
Edelweiss Mid Cap Dir Gr	INF843K01AO4	UNO Minda Ltd	Consumer Cyclical	244.29	1.70	0.00	Aug25	8.13
Edelweiss Mid Cap Dir Gr	INF843K01AO4	Max Financial Services Ltd	Financial Services	240.88	1.68	0.00	Oct24	5.55
Edelweiss Mid Cap Dir Gr	INF843K01AO4	Max Financial Services Ltd	Financial Services	240.88	1.68	0.00	Nov24	7.52
Edelweiss Mid Cap Dir Gr	INF843K01AO4	Max Financial Services Ltd	Financial Services	240.88	1.68	0.00	Dec24	3.56
Edelweiss Mid Cap Dir Gr	INF843K01AO4	Max Financial Services Ltd	Financial Services	240.88	1.68	0.00	Jan25	5.32
Edelweiss Mid Cap Dir Gr	INF843K01AO4	Max Financial Services Ltd	Financial Services	240.88	1.68	0.00	Feb25	5.59
Edelweiss Mid Cap Dir Gr	INF843K01AO4	Max Financial Services Ltd	Financial Services	240.88	1.68	0.00	Mar25	15.51
Edelweiss Mid Cap Dir Gr	INF843K01AO4	Max Financial Services Ltd	Financial Services	240.88	1.68	0.00	Mar25	15.51
Edelweiss Mid Cap Dir Gr	INF843K01AO4	Max Financial Services Ltd	Financial Services	240.88	1.68	0.00	Apr25	12.51
Edelweiss Mid Cap Dir Gr	INF843K01AO4	Max Financial Services Ltd	Financial Services	240.88	1.68	0.00	May25	11.15
Edelweiss Mid Cap Dir Gr	INF843K01AO4	Max Financial Services Ltd	Financial Services	240.88	1.68	0.00	June25	10.18
Edelweiss Mid Cap Dir Gr	INF843K01AO4	Max Financial Services Ltd	Financial Services	240.88	1.68	0.00	July25	9.19
Edelweiss Mid Cap Dir Gr	INF843K01AO4	Max Financial Services Ltd	Financial Services	240.88	1.68	0.00	Aug25	8.13
Edelweiss Mid Cap Dir Gr	INF843K01AO4	Torrent Power Ltd	Utilities	239.29	1.67	149.34	Oct24	5.55
Edelweiss Mid Cap Dir Gr	INF843K01AO4	Torrent Power Ltd	Utilities	239.29	1.67	149.34	Nov24	7.52
Edelweiss Mid Cap Dir Gr	INF843K01AO4	Torrent Power Ltd	Utilities	239.29	1.67	149.34	Dec24	3.56
Edelweiss Mid Cap Dir Gr	INF843K01AO4	Torrent Power Ltd	Utilities	239.29	1.67	149.34	Jan25	5.32
Edelweiss Mid Cap Dir Gr	INF843K01AO4	Torrent Power Ltd	Utilities	239.29	1.67	149.34	Feb25	5.59
Edelweiss Mid Cap Dir Gr	INF843K01AO4	Torrent Power Ltd	Utilities	239.29	1.67	149.34	Mar25	15.51
Edelweiss Mid Cap Dir Gr	INF843K01AO4	Torrent Power Ltd	Utilities	239.29	1.67	149.34	Mar25	15.51
Edelweiss Mid Cap Dir Gr	INF843K01AO4	Torrent Power Ltd	Utilities	239.29	1.67	149.34	Apr25	12.51
Edelweiss Mid Cap Dir Gr	INF843K01AO4	Torrent Power Ltd	Utilities	239.29	1.67	149.34	May25	11.15
Edelweiss Mid Cap Dir Gr	INF843K01AO4	Torrent Power Ltd	Utilities	239.29	1.67	149.34	June25	10.18
Edelweiss Mid Cap Dir Gr	INF843K01AO4	Torrent Power Ltd	Utilities	239.29	1.67	149.34	July25	9.19
Edelweiss Mid Cap Dir Gr	INF843K01AO4	Torrent Power Ltd	Utilities	239.29	1.67	149.34	Aug25	8.13
Edelweiss Mid Cap Dir Gr	INF843K01AO4	L&T Finance Ltd	Financial Services	236.18	1.65	55.46	Oct24	5.55
Edelweiss Mid Cap Dir Gr	INF843K01AO4	L&T Finance Ltd	Financial Services	236.18	1.65	55.46	Nov24	7.52
Edelweiss Mid Cap Dir Gr	INF843K01AO4	L&T Finance Ltd	Financial Services	236.18	1.65	55.46	Dec24	3.56
Edelweiss Mid Cap Dir Gr	INF843K01AO4	L&T Finance Ltd	Financial Services	236.18	1.65	55.46	Jan25	5.32
Edelweiss Mid Cap Dir Gr	INF843K01AO4	L&T Finance Ltd	Financial Services	236.18	1.65	55.46	Feb25	5.59
Edelweiss Mid Cap Dir Gr	INF843K01AO4	L&T Finance Ltd	Financial Services	236.18	1.65	55.46	Mar25	15.51
Edelweiss Mid Cap Dir Gr	INF843K01AO4	L&T Finance Ltd	Financial Services	236.18	1.65	55.46	Mar25	15.51
Edelweiss Mid Cap Dir Gr	INF843K01AO4	L&T Finance Ltd	Financial Services	236.18	1.65	55.46	Apr25	12.51
Edelweiss Mid Cap Dir Gr	INF843K01AO4	L&T Finance Ltd	Financial Services	236.18	1.65	55.46	May25	11.15
Edelweiss Mid Cap Dir Gr	INF843K01AO4	L&T Finance Ltd	Financial Services	236.18	1.65	55.46	June25	10.18
Edelweiss Mid Cap Dir Gr	INF843K01AO4	L&T Finance Ltd	Financial Services	236.18	1.65	55.46	July25	9.19
Edelweiss Mid Cap Dir Gr	INF843K01AO4	L&T Finance Ltd	Financial Services	236.18	1.65	55.46	Aug25	8.13
Edelweiss Mid Cap Dir Gr	INF843K01AO4	SRF Ltd	Industrials	234.06	1.63	0.00	Oct24	5.55
Edelweiss Mid Cap Dir Gr	INF843K01AO4	SRF Ltd	Industrials	234.06	1.63	0.00	Nov24	7.52
Edelweiss Mid Cap Dir Gr	INF843K01AO4	SRF Ltd	Industrials	234.06	1.63	0.00	Dec24	3.56
Edelweiss Mid Cap Dir Gr	INF843K01AO4	SRF Ltd	Industrials	234.06	1.63	0.00	Jan25	5.32
Edelweiss Mid Cap Dir Gr	INF843K01AO4	SRF Ltd	Industrials	234.06	1.63	0.00	Feb25	5.59
Edelweiss Mid Cap Dir Gr	INF843K01AO4	SRF Ltd	Industrials	234.06	1.63	0.00	Mar25	15.51
Edelweiss Mid Cap Dir Gr	INF843K01AO4	SRF Ltd	Industrials	234.06	1.63	0.00	Mar25	15.51
Edelweiss Mid Cap Dir Gr	INF843K01AO4	SRF Ltd	Industrials	234.06	1.63	0.00	Apr25	12.51
Edelweiss Mid Cap Dir Gr	INF843K01AO4	SRF Ltd	Industrials	234.06	1.63	0.00	May25	11.15
Edelweiss Mid Cap Dir Gr	INF843K01AO4	SRF Ltd	Industrials	234.06	1.63	0.00	June25	10.18
Edelweiss Mid Cap Dir Gr	INF843K01AO4	SRF Ltd	Industrials	234.06	1.63	0.00	July25	9.19
Edelweiss Mid Cap Dir Gr	INF843K01AO4	SRF Ltd	Industrials	234.06	1.63	0.00	Aug25	8.13
Edelweiss Mid Cap Dir Gr	INF843K01AO4	Indus Towers Ltd Ordinary Shares	Communication Services	233.23	1.62	0.00	Oct24	5.55
Edelweiss Mid Cap Dir Gr	INF843K01AO4	Indus Towers Ltd Ordinary Shares	Communication Services	233.23	1.62	0.00	Nov24	7.52
Edelweiss Mid Cap Dir Gr	INF843K01AO4	Indus Towers Ltd Ordinary Shares	Communication Services	233.23	1.62	0.00	Dec24	3.56
Edelweiss Mid Cap Dir Gr	INF843K01AO4	Indus Towers Ltd Ordinary Shares	Communication Services	233.23	1.62	0.00	Jan25	5.32
Edelweiss Mid Cap Dir Gr	INF843K01AO4	Indus Towers Ltd Ordinary Shares	Communication Services	233.23	1.62	0.00	Feb25	5.59
Edelweiss Mid Cap Dir Gr	INF843K01AO4	Indus Towers Ltd Ordinary Shares	Communication Services	233.23	1.62	0.00	Mar25	15.51
Edelweiss Mid Cap Dir Gr	INF843K01AO4	Indus Towers Ltd Ordinary Shares	Communication Services	233.23	1.62	0.00	Mar25	15.51
Edelweiss Mid Cap Dir Gr	INF843K01AO4	Indus Towers Ltd Ordinary Shares	Communication Services	233.23	1.62	0.00	Apr25	12.51
Edelweiss Mid Cap Dir Gr	INF843K01AO4	Indus Towers Ltd Ordinary Shares	Communication Services	233.23	1.62	0.00	May25	11.15
Edelweiss Mid Cap Dir Gr	INF843K01AO4	Indus Towers Ltd Ordinary Shares	Communication Services	233.23	1.62	0.00	June25	10.18
Edelweiss Mid Cap Dir Gr	INF843K01AO4	Indus Towers Ltd Ordinary Shares	Communication Services	233.23	1.62	0.00	July25	9.19
Edelweiss Mid Cap Dir Gr	INF843K01AO4	Indus Towers Ltd Ordinary Shares	Communication Services	233.23	1.62	0.00	Aug25	8.13
Edelweiss Mid Cap Dir Gr	INF843K01AO4	Persistent Systems Ltd	Technology	231.33	1.61	-21.63	Oct24	5.55
Edelweiss Mid Cap Dir Gr	INF843K01AO4	Persistent Systems Ltd	Technology	231.33	1.61	-21.63	Nov24	7.52
Edelweiss Mid Cap Dir Gr	INF843K01AO4	Persistent Systems Ltd	Technology	231.33	1.61	-21.63	Dec24	3.56
Edelweiss Mid Cap Dir Gr	INF843K01AO4	Persistent Systems Ltd	Technology	231.33	1.61	-21.63	Jan25	5.32
Edelweiss Mid Cap Dir Gr	INF843K01AO4	Persistent Systems Ltd	Technology	231.33	1.61	-21.63	Feb25	5.59
Edelweiss Mid Cap Dir Gr	INF843K01AO4	Persistent Systems Ltd	Technology	231.33	1.61	-21.63	Mar25	15.51
Edelweiss Mid Cap Dir Gr	INF843K01AO4	Persistent Systems Ltd	Technology	231.33	1.61	-21.63	Mar25	15.51
Edelweiss Mid Cap Dir Gr	INF843K01AO4	Persistent Systems Ltd	Technology	231.33	1.61	-21.63	Apr25	12.51
Edelweiss Mid Cap Dir Gr	INF843K01AO4	Persistent Systems Ltd	Technology	231.33	1.61	-21.63	May25	11.15
Edelweiss Mid Cap Dir Gr	INF843K01AO4	Persistent Systems Ltd	Technology	231.33	1.61	-21.63	June25	10.18
Edelweiss Mid Cap Dir Gr	INF843K01AO4	Persistent Systems Ltd	Technology	231.33	1.61	-21.63	July25	9.19
Edelweiss Mid Cap Dir Gr	INF843K01AO4	Persistent Systems Ltd	Technology	231.33	1.61	-21.63	Aug25	8.13
Edelweiss Mid Cap Dir Gr	INF843K01AO4	NMDC Ltd	Basic Materials	228.95	1.59	0.00	Oct24	5.55
Edelweiss Mid Cap Dir Gr	INF843K01AO4	NMDC Ltd	Basic Materials	228.95	1.59	0.00	Nov24	7.52
Edelweiss Mid Cap Dir Gr	INF843K01AO4	NMDC Ltd	Basic Materials	228.95	1.59	0.00	Dec24	3.56
Edelweiss Mid Cap Dir Gr	INF843K01AO4	NMDC Ltd	Basic Materials	228.95	1.59	0.00	Jan25	5.32
Edelweiss Mid Cap Dir Gr	INF843K01AO4	NMDC Ltd	Basic Materials	228.95	1.59	0.00	Feb25	5.59
Edelweiss Mid Cap Dir Gr	INF843K01AO4	NMDC Ltd	Basic Materials	228.95	1.59	0.00	Mar25	15.51
Edelweiss Mid Cap Dir Gr	INF843K01AO4	NMDC Ltd	Basic Materials	228.95	1.59	0.00	Mar25	15.51
Edelweiss Mid Cap Dir Gr	INF843K01AO4	NMDC Ltd	Basic Materials	228.95	1.59	0.00	Apr25	12.51
Edelweiss Mid Cap Dir Gr	INF843K01AO4	NMDC Ltd	Basic Materials	228.95	1.59	0.00	May25	11.15
Edelweiss Mid Cap Dir Gr	INF843K01AO4	NMDC Ltd	Basic Materials	228.95	1.59	0.00	June25	10.18
Edelweiss Mid Cap Dir Gr	INF843K01AO4	NMDC Ltd	Basic Materials	228.95	1.59	0.00	July25	9.19
Edelweiss Mid Cap Dir Gr	INF843K01AO4	NMDC Ltd	Basic Materials	228.95	1.59	0.00	Aug25	8.13
Edelweiss Mid Cap Dir Gr	INF843K01AO4	Sundaram Finance Ltd	Financial Services	226.62	1.58	0.00	Oct24	5.55
Edelweiss Mid Cap Dir Gr	INF843K01AO4	Sundaram Finance Ltd	Financial Services	226.62	1.58	0.00	Nov24	7.52
Edelweiss Mid Cap Dir Gr	INF843K01AO4	Sundaram Finance Ltd	Financial Services	226.62	1.58	0.00	Dec24	3.56
Edelweiss Mid Cap Dir Gr	INF843K01AO4	Sundaram Finance Ltd	Financial Services	226.62	1.58	0.00	Jan25	5.32
Edelweiss Mid Cap Dir Gr	INF843K01AO4	Sundaram Finance Ltd	Financial Services	226.62	1.58	0.00	Feb25	5.59
Edelweiss Mid Cap Dir Gr	INF843K01AO4	Sundaram Finance Ltd	Financial Services	226.62	1.58	0.00	Mar25	15.51
Edelweiss Mid Cap Dir Gr	INF843K01AO4	Sundaram Finance Ltd	Financial Services	226.62	1.58	0.00	Mar25	15.51
Edelweiss Mid Cap Dir Gr	INF843K01AO4	Sundaram Finance Ltd	Financial Services	226.62	1.58	0.00	Apr25	12.51
Edelweiss Mid Cap Dir Gr	INF843K01AO4	Sundaram Finance Ltd	Financial Services	226.62	1.58	0.00	May25	11.15
Edelweiss Mid Cap Dir Gr	INF843K01AO4	Sundaram Finance Ltd	Financial Services	226.62	1.58	0.00	June25	10.18
Edelweiss Mid Cap Dir Gr	INF843K01AO4	Sundaram Finance Ltd	Financial Services	226.62	1.58	0.00	July25	9.19
Edelweiss Mid Cap Dir Gr	INF843K01AO4	Sundaram Finance Ltd	Financial Services	226.62	1.58	0.00	Aug25	8.13
Edelweiss Mid Cap Dir Gr	INF843K01AO4	HDFC Asset Management Co Ltd	Financial Services	226.51	1.58	0.00	Oct24	5.55
Edelweiss Mid Cap Dir Gr	INF843K01AO4	HDFC Asset Management Co Ltd	Financial Services	226.51	1.58	0.00	Nov24	7.52
Edelweiss Mid Cap Dir Gr	INF843K01AO4	HDFC Asset Management Co Ltd	Financial Services	226.51	1.58	0.00	Dec24	3.56
Edelweiss Mid Cap Dir Gr	INF843K01AO4	HDFC Asset Management Co Ltd	Financial Services	226.51	1.58	0.00	Jan25	5.32
Edelweiss Mid Cap Dir Gr	INF843K01AO4	HDFC Asset Management Co Ltd	Financial Services	226.51	1.58	0.00	Feb25	5.59
Edelweiss Mid Cap Dir Gr	INF843K01AO4	HDFC Asset Management Co Ltd	Financial Services	226.51	1.58	0.00	Mar25	15.51
Edelweiss Mid Cap Dir Gr	INF843K01AO4	HDFC Asset Management Co Ltd	Financial Services	226.51	1.58	0.00	Mar25	15.51
Edelweiss Mid Cap Dir Gr	INF843K01AO4	HDFC Asset Management Co Ltd	Financial Services	226.51	1.58	0.00	Apr25	12.51
Edelweiss Mid Cap Dir Gr	INF843K01AO4	HDFC Asset Management Co Ltd	Financial Services	226.51	1.58	0.00	May25	11.15
Edelweiss Mid Cap Dir Gr	INF843K01AO4	HDFC Asset Management Co Ltd	Financial Services	226.51	1.58	0.00	June25	10.18
Edelweiss Mid Cap Dir Gr	INF843K01AO4	HDFC Asset Management Co Ltd	Financial Services	226.51	1.58	0.00	July25	9.19
Edelweiss Mid Cap Dir Gr	INF843K01AO4	HDFC Asset Management Co Ltd	Financial Services	226.51	1.58	0.00	Aug25	8.13
Edelweiss Mid Cap Dir Gr	INF843K01AO4	Lupin Ltd	Healthcare	221.82	1.55	0.00	Oct24	5.55
Edelweiss Mid Cap Dir Gr	INF843K01AO4	Lupin Ltd	Healthcare	221.82	1.55	0.00	Nov24	7.52
Edelweiss Mid Cap Dir Gr	INF843K01AO4	Lupin Ltd	Healthcare	221.82	1.55	0.00	Dec24	3.56
Edelweiss Mid Cap Dir Gr	INF843K01AO4	Lupin Ltd	Healthcare	221.82	1.55	0.00	Jan25	5.32
Edelweiss Mid Cap Dir Gr	INF843K01AO4	Lupin Ltd	Healthcare	221.82	1.55	0.00	Feb25	5.59
Edelweiss Mid Cap Dir Gr	INF843K01AO4	Lupin Ltd	Healthcare	221.82	1.55	0.00	Mar25	15.51
Edelweiss Mid Cap Dir Gr	INF843K01AO4	Lupin Ltd	Healthcare	221.82	1.55	0.00	Mar25	15.51
Edelweiss Mid Cap Dir Gr	INF843K01AO4	Lupin Ltd	Healthcare	221.82	1.55	0.00	Apr25	12.51
Edelweiss Mid Cap Dir Gr	INF843K01AO4	Lupin Ltd	Healthcare	221.82	1.55	0.00	May25	11.15
Edelweiss Mid Cap Dir Gr	INF843K01AO4	Lupin Ltd	Healthcare	221.82	1.55	0.00	June25	10.18
Edelweiss Mid Cap Dir Gr	INF843K01AO4	Lupin Ltd	Healthcare	221.82	1.55	0.00	July25	9.19
Edelweiss Mid Cap Dir Gr	INF843K01AO4	Lupin Ltd	Healthcare	221.82	1.55	0.00	Aug25	8.13
Edelweiss Mid Cap Dir Gr	INF843K01AO4	Jindal Stainless Ltd	Basic Materials	221.75	1.54	0.00	Oct24	5.55
Edelweiss Mid Cap Dir Gr	INF843K01AO4	Jindal Stainless Ltd	Basic Materials	221.75	1.54	0.00	Nov24	7.52
Edelweiss Mid Cap Dir Gr	INF843K01AO4	Jindal Stainless Ltd	Basic Materials	221.75	1.54	0.00	Dec24	3.56
Edelweiss Mid Cap Dir Gr	INF843K01AO4	Jindal Stainless Ltd	Basic Materials	221.75	1.54	0.00	Jan25	5.32
Edelweiss Mid Cap Dir Gr	INF843K01AO4	Jindal Stainless Ltd	Basic Materials	221.75	1.54	0.00	Feb25	5.59
Edelweiss Mid Cap Dir Gr	INF843K01AO4	Jindal Stainless Ltd	Basic Materials	221.75	1.54	0.00	Mar25	15.51
Edelweiss Mid Cap Dir Gr	INF843K01AO4	Jindal Stainless Ltd	Basic Materials	221.75	1.54	0.00	Mar25	15.51
Edelweiss Mid Cap Dir Gr	INF843K01AO4	Jindal Stainless Ltd	Basic Materials	221.75	1.54	0.00	Apr25	12.51
Edelweiss Mid Cap Dir Gr	INF843K01AO4	Jindal Stainless Ltd	Basic Materials	221.75	1.54	0.00	May25	11.15
Edelweiss Mid Cap Dir Gr	INF843K01AO4	Jindal Stainless Ltd	Basic Materials	221.75	1.54	0.00	June25	10.18
Edelweiss Mid Cap Dir Gr	INF843K01AO4	Jindal Stainless Ltd	Basic Materials	221.75	1.54	0.00	July25	9.19
Edelweiss Mid Cap Dir Gr	INF843K01AO4	Jindal Stainless Ltd	Basic Materials	221.75	1.54	0.00	Aug25	8.13
Edelweiss Mid Cap Dir Gr	INF843K01AO4	Coforge Ltd	Technology	221.56	1.54	-7.84	Oct24	5.55
Edelweiss Mid Cap Dir Gr	INF843K01AO4	Coforge Ltd	Technology	221.56	1.54	-7.84	Nov24	7.52
Edelweiss Mid Cap Dir Gr	INF843K01AO4	Coforge Ltd	Technology	221.56	1.54	-7.84	Dec24	3.56
Edelweiss Mid Cap Dir Gr	INF843K01AO4	Coforge Ltd	Technology	221.56	1.54	-7.84	Jan25	5.32
Edelweiss Mid Cap Dir Gr	INF843K01AO4	Coforge Ltd	Technology	221.56	1.54	-7.84	Feb25	5.59
Edelweiss Mid Cap Dir Gr	INF843K01AO4	Coforge Ltd	Technology	221.56	1.54	-7.84	Mar25	15.51
Edelweiss Mid Cap Dir Gr	INF843K01AO4	Coforge Ltd	Technology	221.56	1.54	-7.84	Mar25	15.51
Edelweiss Mid Cap Dir Gr	INF843K01AO4	Coforge Ltd	Technology	221.56	1.54	-7.84	Apr25	12.51
Edelweiss Mid Cap Dir Gr	INF843K01AO4	Coforge Ltd	Technology	221.56	1.54	-7.84	May25	11.15
Edelweiss Mid Cap Dir Gr	INF843K01AO4	Coforge Ltd	Technology	221.56	1.54	-7.84	June25	10.18
Edelweiss Mid Cap Dir Gr	INF843K01AO4	Coforge Ltd	Technology	221.56	1.54	-7.84	July25	9.19
Edelweiss Mid Cap Dir Gr	INF843K01AO4	Coforge Ltd	Technology	221.56	1.54	-7.84	Aug25	8.13
Edelweiss Mid Cap Dir Gr	INF843K01AO4	Max Healthcare Institute Ltd Ordinary Shares	Healthcare	221.20	1.54	0.00	Oct24	5.55
Edelweiss Mid Cap Dir Gr	INF843K01AO4	Max Healthcare Institute Ltd Ordinary Shares	Healthcare	221.20	1.54	0.00	Nov24	7.52
Edelweiss Mid Cap Dir Gr	INF843K01AO4	Max Healthcare Institute Ltd Ordinary Shares	Healthcare	221.20	1.54	0.00	Dec24	3.56
Edelweiss Mid Cap Dir Gr	INF843K01AO4	Max Healthcare Institute Ltd Ordinary Shares	Healthcare	221.20	1.54	0.00	Jan25	5.32
Edelweiss Mid Cap Dir Gr	INF843K01AO4	Max Healthcare Institute Ltd Ordinary Shares	Healthcare	221.20	1.54	0.00	Feb25	5.59
Edelweiss Mid Cap Dir Gr	INF843K01AO4	Max Healthcare Institute Ltd Ordinary Shares	Healthcare	221.20	1.54	0.00	Mar25	15.51
Edelweiss Mid Cap Dir Gr	INF843K01AO4	Max Healthcare Institute Ltd Ordinary Shares	Healthcare	221.20	1.54	0.00	Mar25	15.51
Edelweiss Mid Cap Dir Gr	INF843K01AO4	Max Healthcare Institute Ltd Ordinary Shares	Healthcare	221.20	1.54	0.00	Apr25	12.51
Edelweiss Mid Cap Dir Gr	INF843K01AO4	Max Healthcare Institute Ltd Ordinary Shares	Healthcare	221.20	1.54	0.00	May25	11.15
Edelweiss Mid Cap Dir Gr	INF843K01AO4	Max Healthcare Institute Ltd Ordinary Shares	Healthcare	221.20	1.54	0.00	June25	10.18
Edelweiss Mid Cap Dir Gr	INF843K01AO4	Max Healthcare Institute Ltd Ordinary Shares	Healthcare	221.20	1.54	0.00	July25	9.19
Edelweiss Mid Cap Dir Gr	INF843K01AO4	Max Healthcare Institute Ltd Ordinary Shares	Healthcare	221.20	1.54	0.00	Aug25	8.13
Edelweiss Mid Cap Dir Gr	INF843K01AO4	KEI Industries Ltd	Industrials	220.48	1.54	0.00	Oct24	5.55
Edelweiss Mid Cap Dir Gr	INF843K01AO4	KEI Industries Ltd	Industrials	220.48	1.54	0.00	Nov24	7.52
Edelweiss Mid Cap Dir Gr	INF843K01AO4	KEI Industries Ltd	Industrials	220.48	1.54	0.00	Dec24	3.56
Edelweiss Mid Cap Dir Gr	INF843K01AO4	KEI Industries Ltd	Industrials	220.48	1.54	0.00	Jan25	5.32
Edelweiss Mid Cap Dir Gr	INF843K01AO4	KEI Industries Ltd	Industrials	220.48	1.54	0.00	Feb25	5.59
Edelweiss Mid Cap Dir Gr	INF843K01AO4	KEI Industries Ltd	Industrials	220.48	1.54	0.00	Mar25	15.51
Edelweiss Mid Cap Dir Gr	INF843K01AO4	KEI Industries Ltd	Industrials	220.48	1.54	0.00	Mar25	15.51
Edelweiss Mid Cap Dir Gr	INF843K01AO4	KEI Industries Ltd	Industrials	220.48	1.54	0.00	Apr25	12.51
Edelweiss Mid Cap Dir Gr	INF843K01AO4	KEI Industries Ltd	Industrials	220.48	1.54	0.00	May25	11.15
Edelweiss Mid Cap Dir Gr	INF843K01AO4	KEI Industries Ltd	Industrials	220.48	1.54	0.00	June25	10.18
Edelweiss Mid Cap Dir Gr	INF843K01AO4	KEI Industries Ltd	Industrials	220.48	1.54	0.00	July25	9.19
Edelweiss Mid Cap Dir Gr	INF843K01AO4	KEI Industries Ltd	Industrials	220.48	1.54	0.00	Aug25	8.13
Edelweiss Mid Cap Dir Gr	INF843K01AO4	Mahindra & Mahindra Financial Services Ltd	Financial Services	215.20	1.50	25.47	Oct24	5.55
Edelweiss Mid Cap Dir Gr	INF843K01AO4	Mahindra & Mahindra Financial Services Ltd	Financial Services	215.20	1.50	25.47	Nov24	7.52
Edelweiss Mid Cap Dir Gr	INF843K01AO4	Mahindra & Mahindra Financial Services Ltd	Financial Services	215.20	1.50	25.47	Dec24	3.56
Edelweiss Mid Cap Dir Gr	INF843K01AO4	Mahindra & Mahindra Financial Services Ltd	Financial Services	215.20	1.50	25.47	Jan25	5.32
Edelweiss Mid Cap Dir Gr	INF843K01AO4	Mahindra & Mahindra Financial Services Ltd	Financial Services	215.20	1.50	25.47	Feb25	5.59
Edelweiss Mid Cap Dir Gr	INF843K01AO4	Mahindra & Mahindra Financial Services Ltd	Financial Services	215.20	1.50	25.47	Mar25	15.51
Edelweiss Mid Cap Dir Gr	INF843K01AO4	Mahindra & Mahindra Financial Services Ltd	Financial Services	215.20	1.50	25.47	Mar25	15.51
Edelweiss Mid Cap Dir Gr	INF843K01AO4	Mahindra & Mahindra Financial Services Ltd	Financial Services	215.20	1.50	25.47	Apr25	12.51
Edelweiss Mid Cap Dir Gr	INF843K01AO4	Mahindra & Mahindra Financial Services Ltd	Financial Services	215.20	1.50	25.47	May25	11.15
Edelweiss Mid Cap Dir Gr	INF843K01AO4	Mahindra & Mahindra Financial Services Ltd	Financial Services	215.20	1.50	25.47	June25	10.18
Edelweiss Mid Cap Dir Gr	INF843K01AO4	Mahindra & Mahindra Financial Services Ltd	Financial Services	215.20	1.50	25.47	July25	9.19
Edelweiss Mid Cap Dir Gr	INF843K01AO4	Mahindra & Mahindra Financial Services Ltd	Financial Services	215.20	1.50	25.47	Aug25	8.13
Edelweiss Mid Cap Dir Gr	INF843K01AO4	Cummins India Ltd	Industrials	210.62	1.47	0.00	Oct24	5.55
Edelweiss Mid Cap Dir Gr	INF843K01AO4	Cummins India Ltd	Industrials	210.62	1.47	0.00	Nov24	7.52
Edelweiss Mid Cap Dir Gr	INF843K01AO4	Cummins India Ltd	Industrials	210.62	1.47	0.00	Dec24	3.56
Edelweiss Mid Cap Dir Gr	INF843K01AO4	Cummins India Ltd	Industrials	210.62	1.47	0.00	Jan25	5.32
Edelweiss Mid Cap Dir Gr	INF843K01AO4	Cummins India Ltd	Industrials	210.62	1.47	0.00	Feb25	5.59
Edelweiss Mid Cap Dir Gr	INF843K01AO4	Cummins India Ltd	Industrials	210.62	1.47	0.00	Mar25	15.51
Edelweiss Mid Cap Dir Gr	INF843K01AO4	Cummins India Ltd	Industrials	210.62	1.47	0.00	Mar25	15.51
Edelweiss Mid Cap Dir Gr	INF843K01AO4	Cummins India Ltd	Industrials	210.62	1.47	0.00	Apr25	12.51
Edelweiss Mid Cap Dir Gr	INF843K01AO4	Cummins India Ltd	Industrials	210.62	1.47	0.00	May25	11.15
Edelweiss Mid Cap Dir Gr	INF843K01AO4	Cummins India Ltd	Industrials	210.62	1.47	0.00	June25	10.18
Edelweiss Mid Cap Dir Gr	INF843K01AO4	Cummins India Ltd	Industrials	210.62	1.47	0.00	July25	9.19
Edelweiss Mid Cap Dir Gr	INF843K01AO4	Cummins India Ltd	Industrials	210.62	1.47	0.00	Aug25	8.13
Edelweiss Mid Cap Dir Gr	INF843K01AO4	Ipca Laboratories Ltd	Healthcare	209.43	1.46	0.00	Oct24	5.55
Edelweiss Mid Cap Dir Gr	INF843K01AO4	Ipca Laboratories Ltd	Healthcare	209.43	1.46	0.00	Nov24	7.52
Edelweiss Mid Cap Dir Gr	INF843K01AO4	Ipca Laboratories Ltd	Healthcare	209.43	1.46	0.00	Dec24	3.56
Edelweiss Mid Cap Dir Gr	INF843K01AO4	Ipca Laboratories Ltd	Healthcare	209.43	1.46	0.00	Jan25	5.32
Edelweiss Mid Cap Dir Gr	INF843K01AO4	Ipca Laboratories Ltd	Healthcare	209.43	1.46	0.00	Feb25	5.59
Edelweiss Mid Cap Dir Gr	INF843K01AO4	Ipca Laboratories Ltd	Healthcare	209.43	1.46	0.00	Mar25	15.51
Edelweiss Mid Cap Dir Gr	INF843K01AO4	Ipca Laboratories Ltd	Healthcare	209.43	1.46	0.00	Mar25	15.51
Edelweiss Mid Cap Dir Gr	INF843K01AO4	Ipca Laboratories Ltd	Healthcare	209.43	1.46	0.00	Apr25	12.51
Edelweiss Mid Cap Dir Gr	INF843K01AO4	Ipca Laboratories Ltd	Healthcare	209.43	1.46	0.00	May25	11.15
Edelweiss Mid Cap Dir Gr	INF843K01AO4	Ipca Laboratories Ltd	Healthcare	209.43	1.46	0.00	June25	10.18
Edelweiss Mid Cap Dir Gr	INF843K01AO4	Ipca Laboratories Ltd	Healthcare	209.43	1.46	0.00	July25	9.19
Edelweiss Mid Cap Dir Gr	INF843K01AO4	Ipca Laboratories Ltd	Healthcare	209.43	1.46	0.00	Aug25	8.13
Edelweiss Mid Cap Dir Gr	INF843K01AO4	GE Vernova T&D India Ltd	Industrials	192.02	1.34	0.00	Oct24	5.55
Edelweiss Mid Cap Dir Gr	INF843K01AO4	GE Vernova T&D India Ltd	Industrials	192.02	1.34	0.00	Nov24	7.52
Edelweiss Mid Cap Dir Gr	INF843K01AO4	GE Vernova T&D India Ltd	Industrials	192.02	1.34	0.00	Dec24	3.56
Edelweiss Mid Cap Dir Gr	INF843K01AO4	GE Vernova T&D India Ltd	Industrials	192.02	1.34	0.00	Jan25	5.32
Edelweiss Mid Cap Dir Gr	INF843K01AO4	GE Vernova T&D India Ltd	Industrials	192.02	1.34	0.00	Feb25	5.59
Edelweiss Mid Cap Dir Gr	INF843K01AO4	GE Vernova T&D India Ltd	Industrials	192.02	1.34	0.00	Mar25	15.51
Edelweiss Mid Cap Dir Gr	INF843K01AO4	GE Vernova T&D India Ltd	Industrials	192.02	1.34	0.00	Mar25	15.51
Edelweiss Mid Cap Dir Gr	INF843K01AO4	GE Vernova T&D India Ltd	Industrials	192.02	1.34	0.00	Apr25	12.51
Edelweiss Mid Cap Dir Gr	INF843K01AO4	GE Vernova T&D India Ltd	Industrials	192.02	1.34	0.00	May25	11.15
Edelweiss Mid Cap Dir Gr	INF843K01AO4	GE Vernova T&D India Ltd	Industrials	192.02	1.34	0.00	June25	10.18
Edelweiss Mid Cap Dir Gr	INF843K01AO4	GE Vernova T&D India Ltd	Industrials	192.02	1.34	0.00	July25	9.19
Edelweiss Mid Cap Dir Gr	INF843K01AO4	GE Vernova T&D India Ltd	Industrials	192.02	1.34	0.00	Aug25	8.13
Edelweiss Mid Cap Dir Gr	INF843K01AO4	Bharat Forge Ltd	Consumer Cyclical	189.75	1.32	0.00	Oct24	5.55
Edelweiss Mid Cap Dir Gr	INF843K01AO4	Bharat Forge Ltd	Consumer Cyclical	189.75	1.32	0.00	Nov24	7.52
Edelweiss Mid Cap Dir Gr	INF843K01AO4	Bharat Forge Ltd	Consumer Cyclical	189.75	1.32	0.00	Dec24	3.56
Edelweiss Mid Cap Dir Gr	INF843K01AO4	Bharat Forge Ltd	Consumer Cyclical	189.75	1.32	0.00	Jan25	5.32
Edelweiss Mid Cap Dir Gr	INF843K01AO4	Bharat Forge Ltd	Consumer Cyclical	189.75	1.32	0.00	Feb25	5.59
Edelweiss Mid Cap Dir Gr	INF843K01AO4	Bharat Forge Ltd	Consumer Cyclical	189.75	1.32	0.00	Mar25	15.51
Edelweiss Mid Cap Dir Gr	INF843K01AO4	Bharat Forge Ltd	Consumer Cyclical	189.75	1.32	0.00	Mar25	15.51
Edelweiss Mid Cap Dir Gr	INF843K01AO4	Bharat Forge Ltd	Consumer Cyclical	189.75	1.32	0.00	Apr25	12.51
Edelweiss Mid Cap Dir Gr	INF843K01AO4	Bharat Forge Ltd	Consumer Cyclical	189.75	1.32	0.00	May25	11.15
Edelweiss Mid Cap Dir Gr	INF843K01AO4	Bharat Forge Ltd	Consumer Cyclical	189.75	1.32	0.00	June25	10.18
Edelweiss Mid Cap Dir Gr	INF843K01AO4	Bharat Forge Ltd	Consumer Cyclical	189.75	1.32	0.00	July25	9.19
Edelweiss Mid Cap Dir Gr	INF843K01AO4	Bharat Forge Ltd	Consumer Cyclical	189.75	1.32	0.00	Aug25	8.13
Edelweiss Mid Cap Dir Gr	INF843K01AO4	PB Fintech Ltd	Financial Services	187.57	1.31	-20.53	Oct24	5.55
Edelweiss Mid Cap Dir Gr	INF843K01AO4	PB Fintech Ltd	Financial Services	187.57	1.31	-20.53	Nov24	7.52
Edelweiss Mid Cap Dir Gr	INF843K01AO4	PB Fintech Ltd	Financial Services	187.57	1.31	-20.53	Dec24	3.56
Edelweiss Mid Cap Dir Gr	INF843K01AO4	PB Fintech Ltd	Financial Services	187.57	1.31	-20.53	Jan25	5.32
Edelweiss Mid Cap Dir Gr	INF843K01AO4	PB Fintech Ltd	Financial Services	187.57	1.31	-20.53	Feb25	5.59
Edelweiss Mid Cap Dir Gr	INF843K01AO4	PB Fintech Ltd	Financial Services	187.57	1.31	-20.53	Mar25	15.51
Edelweiss Mid Cap Dir Gr	INF843K01AO4	PB Fintech Ltd	Financial Services	187.57	1.31	-20.53	Mar25	15.51
Edelweiss Mid Cap Dir Gr	INF843K01AO4	PB Fintech Ltd	Financial Services	187.57	1.31	-20.53	Apr25	12.51
Edelweiss Mid Cap Dir Gr	INF843K01AO4	PB Fintech Ltd	Financial Services	187.57	1.31	-20.53	May25	11.15
Edelweiss Mid Cap Dir Gr	INF843K01AO4	PB Fintech Ltd	Financial Services	187.57	1.31	-20.53	June25	10.18
Edelweiss Mid Cap Dir Gr	INF843K01AO4	PB Fintech Ltd	Financial Services	187.57	1.31	-20.53	July25	9.19
Edelweiss Mid Cap Dir Gr	INF843K01AO4	PB Fintech Ltd	Financial Services	187.57	1.31	-20.53	Aug25	8.13
Edelweiss Mid Cap Dir Gr	INF843K01AO4	Jubilant Foodworks Ltd	Consumer Cyclical	184.36	1.28	0.00	Oct24	5.55
Edelweiss Mid Cap Dir Gr	INF843K01AO4	Jubilant Foodworks Ltd	Consumer Cyclical	184.36	1.28	0.00	Nov24	7.52
Edelweiss Mid Cap Dir Gr	INF843K01AO4	Jubilant Foodworks Ltd	Consumer Cyclical	184.36	1.28	0.00	Dec24	3.56
Edelweiss Mid Cap Dir Gr	INF843K01AO4	Jubilant Foodworks Ltd	Consumer Cyclical	184.36	1.28	0.00	Jan25	5.32
Edelweiss Mid Cap Dir Gr	INF843K01AO4	Jubilant Foodworks Ltd	Consumer Cyclical	184.36	1.28	0.00	Feb25	5.59
Edelweiss Mid Cap Dir Gr	INF843K01AO4	Jubilant Foodworks Ltd	Consumer Cyclical	184.36	1.28	0.00	Mar25	15.51
Edelweiss Mid Cap Dir Gr	INF843K01AO4	Jubilant Foodworks Ltd	Consumer Cyclical	184.36	1.28	0.00	Mar25	15.51
Edelweiss Mid Cap Dir Gr	INF843K01AO4	Jubilant Foodworks Ltd	Consumer Cyclical	184.36	1.28	0.00	Apr25	12.51
Edelweiss Mid Cap Dir Gr	INF843K01AO4	Jubilant Foodworks Ltd	Consumer Cyclical	184.36	1.28	0.00	May25	11.15
Edelweiss Mid Cap Dir Gr	INF843K01AO4	Jubilant Foodworks Ltd	Consumer Cyclical	184.36	1.28	0.00	June25	10.18
Edelweiss Mid Cap Dir Gr	INF843K01AO4	Jubilant Foodworks Ltd	Consumer Cyclical	184.36	1.28	0.00	July25	9.19
Edelweiss Mid Cap Dir Gr	INF843K01AO4	Jubilant Foodworks Ltd	Consumer Cyclical	184.36	1.28	0.00	Aug25	8.13
Edelweiss Mid Cap Dir Gr	INF843K01AO4	CreditAccess Grameen Ltd Ordinary Shares	Financial Services	183.38	1.28	0.00	Oct24	5.55
Edelweiss Mid Cap Dir Gr	INF843K01AO4	CreditAccess Grameen Ltd Ordinary Shares	Financial Services	183.38	1.28	0.00	Nov24	7.52
Edelweiss Mid Cap Dir Gr	INF843K01AO4	CreditAccess Grameen Ltd Ordinary Shares	Financial Services	183.38	1.28	0.00	Dec24	3.56
Edelweiss Mid Cap Dir Gr	INF843K01AO4	CreditAccess Grameen Ltd Ordinary Shares	Financial Services	183.38	1.28	0.00	Jan25	5.32
Edelweiss Mid Cap Dir Gr	INF843K01AO4	CreditAccess Grameen Ltd Ordinary Shares	Financial Services	183.38	1.28	0.00	Feb25	5.59
Edelweiss Mid Cap Dir Gr	INF843K01AO4	CreditAccess Grameen Ltd Ordinary Shares	Financial Services	183.38	1.28	0.00	Mar25	15.51
Edelweiss Mid Cap Dir Gr	INF843K01AO4	CreditAccess Grameen Ltd Ordinary Shares	Financial Services	183.38	1.28	0.00	Mar25	15.51
Edelweiss Mid Cap Dir Gr	INF843K01AO4	CreditAccess Grameen Ltd Ordinary Shares	Financial Services	183.38	1.28	0.00	Apr25	12.51
Edelweiss Mid Cap Dir Gr	INF843K01AO4	CreditAccess Grameen Ltd Ordinary Shares	Financial Services	183.38	1.28	0.00	May25	11.15
Edelweiss Mid Cap Dir Gr	INF843K01AO4	CreditAccess Grameen Ltd Ordinary Shares	Financial Services	183.38	1.28	0.00	June25	10.18
Edelweiss Mid Cap Dir Gr	INF843K01AO4	CreditAccess Grameen Ltd Ordinary Shares	Financial Services	183.38	1.28	0.00	July25	9.19
Edelweiss Mid Cap Dir Gr	INF843K01AO4	CreditAccess Grameen Ltd Ordinary Shares	Financial Services	183.38	1.28	0.00	Aug25	8.13
Edelweiss Mid Cap Dir Gr	INF843K01AO4	Radico Khaitan Ltd	Consumer Defensive	181.83	1.27	0.00	Oct24	5.55
Edelweiss Mid Cap Dir Gr	INF843K01AO4	Radico Khaitan Ltd	Consumer Defensive	181.83	1.27	0.00	Nov24	7.52
Edelweiss Mid Cap Dir Gr	INF843K01AO4	Radico Khaitan Ltd	Consumer Defensive	181.83	1.27	0.00	Dec24	3.56
Edelweiss Mid Cap Dir Gr	INF843K01AO4	Radico Khaitan Ltd	Consumer Defensive	181.83	1.27	0.00	Jan25	5.32
Edelweiss Mid Cap Dir Gr	INF843K01AO4	Radico Khaitan Ltd	Consumer Defensive	181.83	1.27	0.00	Feb25	5.59
Edelweiss Mid Cap Dir Gr	INF843K01AO4	Radico Khaitan Ltd	Consumer Defensive	181.83	1.27	0.00	Mar25	15.51
Edelweiss Mid Cap Dir Gr	INF843K01AO4	Radico Khaitan Ltd	Consumer Defensive	181.83	1.27	0.00	Mar25	15.51
Edelweiss Mid Cap Dir Gr	INF843K01AO4	Radico Khaitan Ltd	Consumer Defensive	181.83	1.27	0.00	Apr25	12.51
Edelweiss Mid Cap Dir Gr	INF843K01AO4	Radico Khaitan Ltd	Consumer Defensive	181.83	1.27	0.00	May25	11.15
Edelweiss Mid Cap Dir Gr	INF843K01AO4	Radico Khaitan Ltd	Consumer Defensive	181.83	1.27	0.00	June25	10.18
Edelweiss Mid Cap Dir Gr	INF843K01AO4	Radico Khaitan Ltd	Consumer Defensive	181.83	1.27	0.00	July25	9.19
Edelweiss Mid Cap Dir Gr	INF843K01AO4	Radico Khaitan Ltd	Consumer Defensive	181.83	1.27	0.00	Aug25	8.13
Edelweiss Mid Cap Dir Gr	INF843K01AO4	Canara Bank	Financial Services	175.66	1.22	0.00	Oct24	5.55
Edelweiss Mid Cap Dir Gr	INF843K01AO4	Canara Bank	Financial Services	175.66	1.22	0.00	Nov24	7.52
Edelweiss Mid Cap Dir Gr	INF843K01AO4	Canara Bank	Financial Services	175.66	1.22	0.00	Dec24	3.56
Edelweiss Mid Cap Dir Gr	INF843K01AO4	Canara Bank	Financial Services	175.66	1.22	0.00	Jan25	5.32
Edelweiss Mid Cap Dir Gr	INF843K01AO4	Canara Bank	Financial Services	175.66	1.22	0.00	Feb25	5.59
Edelweiss Mid Cap Dir Gr	INF843K01AO4	Canara Bank	Financial Services	175.66	1.22	0.00	Mar25	15.51
Edelweiss Mid Cap Dir Gr	INF843K01AO4	Canara Bank	Financial Services	175.66	1.22	0.00	Mar25	15.51
Edelweiss Mid Cap Dir Gr	INF843K01AO4	Canara Bank	Financial Services	175.66	1.22	0.00	Apr25	12.51
Edelweiss Mid Cap Dir Gr	INF843K01AO4	Canara Bank	Financial Services	175.66	1.22	0.00	May25	11.15
Edelweiss Mid Cap Dir Gr	INF843K01AO4	Canara Bank	Financial Services	175.66	1.22	0.00	June25	10.18
Edelweiss Mid Cap Dir Gr	INF843K01AO4	Canara Bank	Financial Services	175.66	1.22	0.00	July25	9.19
Edelweiss Mid Cap Dir Gr	INF843K01AO4	Canara Bank	Financial Services	175.66	1.22	0.00	Aug25	8.13
Edelweiss Mid Cap Dir Gr	INF843K01AO4	Bharat Electronics Ltd	Industrials	173.04	1.21	0.00	Oct24	5.55
Edelweiss Mid Cap Dir Gr	INF843K01AO4	Bharat Electronics Ltd	Industrials	173.04	1.21	0.00	Nov24	7.52
Edelweiss Mid Cap Dir Gr	INF843K01AO4	Bharat Electronics Ltd	Industrials	173.04	1.21	0.00	Dec24	3.56
Edelweiss Mid Cap Dir Gr	INF843K01AO4	Bharat Electronics Ltd	Industrials	173.04	1.21	0.00	Jan25	5.32
Edelweiss Mid Cap Dir Gr	INF843K01AO4	Bharat Electronics Ltd	Industrials	173.04	1.21	0.00	Feb25	5.59
Edelweiss Mid Cap Dir Gr	INF843K01AO4	Bharat Electronics Ltd	Industrials	173.04	1.21	0.00	Mar25	15.51
Edelweiss Mid Cap Dir Gr	INF843K01AO4	Bharat Electronics Ltd	Industrials	173.04	1.21	0.00	Mar25	15.51
Edelweiss Mid Cap Dir Gr	INF843K01AO4	Bharat Electronics Ltd	Industrials	173.04	1.21	0.00	Apr25	12.51
Edelweiss Mid Cap Dir Gr	INF843K01AO4	Bharat Electronics Ltd	Industrials	173.04	1.21	0.00	May25	11.15
Edelweiss Mid Cap Dir Gr	INF843K01AO4	Bharat Electronics Ltd	Industrials	173.04	1.21	0.00	June25	10.18
Edelweiss Mid Cap Dir Gr	INF843K01AO4	Bharat Electronics Ltd	Industrials	173.04	1.21	0.00	July25	9.19
Edelweiss Mid Cap Dir Gr	INF843K01AO4	Bharat Electronics Ltd	Industrials	173.04	1.21	0.00	Aug25	8.13
Edelweiss Mid Cap Dir Gr	INF843K01AO4	Muthoot Finance Ltd	Financial Services	167.23	1.16	0.00	Oct24	5.55
Edelweiss Mid Cap Dir Gr	INF843K01AO4	Muthoot Finance Ltd	Financial Services	167.23	1.16	0.00	Nov24	7.52
Edelweiss Mid Cap Dir Gr	INF843K01AO4	Muthoot Finance Ltd	Financial Services	167.23	1.16	0.00	Dec24	3.56
Edelweiss Mid Cap Dir Gr	INF843K01AO4	Muthoot Finance Ltd	Financial Services	167.23	1.16	0.00	Jan25	5.32
Edelweiss Mid Cap Dir Gr	INF843K01AO4	Muthoot Finance Ltd	Financial Services	167.23	1.16	0.00	Feb25	5.59
Edelweiss Mid Cap Dir Gr	INF843K01AO4	Muthoot Finance Ltd	Financial Services	167.23	1.16	0.00	Mar25	15.51
Edelweiss Mid Cap Dir Gr	INF843K01AO4	Muthoot Finance Ltd	Financial Services	167.23	1.16	0.00	Mar25	15.51
Edelweiss Mid Cap Dir Gr	INF843K01AO4	Muthoot Finance Ltd	Financial Services	167.23	1.16	0.00	Apr25	12.51
Edelweiss Mid Cap Dir Gr	INF843K01AO4	Muthoot Finance Ltd	Financial Services	167.23	1.16	0.00	May25	11.15
Edelweiss Mid Cap Dir Gr	INF843K01AO4	Muthoot Finance Ltd	Financial Services	167.23	1.16	0.00	June25	10.18
Edelweiss Mid Cap Dir Gr	INF843K01AO4	Muthoot Finance Ltd	Financial Services	167.23	1.16	0.00	July25	9.19
Edelweiss Mid Cap Dir Gr	INF843K01AO4	Muthoot Finance Ltd	Financial Services	167.23	1.16	0.00	Aug25	8.13
Edelweiss Mid Cap Dir Gr	INF843K01AO4	Vishal Mega Mart Ltd	Consumer Cyclical	166.47	1.16	0.00	Oct24	5.55
Edelweiss Mid Cap Dir Gr	INF843K01AO4	Vishal Mega Mart Ltd	Consumer Cyclical	166.47	1.16	0.00	Nov24	7.52
Edelweiss Mid Cap Dir Gr	INF843K01AO4	Vishal Mega Mart Ltd	Consumer Cyclical	166.47	1.16	0.00	Dec24	3.56
Edelweiss Mid Cap Dir Gr	INF843K01AO4	Vishal Mega Mart Ltd	Consumer Cyclical	166.47	1.16	0.00	Jan25	5.32
Edelweiss Mid Cap Dir Gr	INF843K01AO4	Vishal Mega Mart Ltd	Consumer Cyclical	166.47	1.16	0.00	Feb25	5.59
Edelweiss Mid Cap Dir Gr	INF843K01AO4	Vishal Mega Mart Ltd	Consumer Cyclical	166.47	1.16	0.00	Mar25	15.51
Edelweiss Mid Cap Dir Gr	INF843K01AO4	Vishal Mega Mart Ltd	Consumer Cyclical	166.47	1.16	0.00	Mar25	15.51
Edelweiss Mid Cap Dir Gr	INF843K01AO4	Vishal Mega Mart Ltd	Consumer Cyclical	166.47	1.16	0.00	Apr25	12.51
Edelweiss Mid Cap Dir Gr	INF843K01AO4	Vishal Mega Mart Ltd	Consumer Cyclical	166.47	1.16	0.00	May25	11.15
Edelweiss Mid Cap Dir Gr	INF843K01AO4	Vishal Mega Mart Ltd	Consumer Cyclical	166.47	1.16	0.00	June25	10.18
Edelweiss Mid Cap Dir Gr	INF843K01AO4	Vishal Mega Mart Ltd	Consumer Cyclical	166.47	1.16	0.00	July25	9.19
Edelweiss Mid Cap Dir Gr	INF843K01AO4	Vishal Mega Mart Ltd	Consumer Cyclical	166.47	1.16	0.00	Aug25	8.13
Edelweiss Mid Cap Dir Gr	INF843K01AO4	Phoenix Mills Ltd	Real Estate	164.15	1.14	0.00	Oct24	5.55
Edelweiss Mid Cap Dir Gr	INF843K01AO4	Phoenix Mills Ltd	Real Estate	164.15	1.14	0.00	Nov24	7.52
Edelweiss Mid Cap Dir Gr	INF843K01AO4	Phoenix Mills Ltd	Real Estate	164.15	1.14	0.00	Dec24	3.56
Edelweiss Mid Cap Dir Gr	INF843K01AO4	Phoenix Mills Ltd	Real Estate	164.15	1.14	0.00	Jan25	5.32
Edelweiss Mid Cap Dir Gr	INF843K01AO4	Phoenix Mills Ltd	Real Estate	164.15	1.14	0.00	Feb25	5.59
Edelweiss Mid Cap Dir Gr	INF843K01AO4	Phoenix Mills Ltd	Real Estate	164.15	1.14	0.00	Mar25	15.51
Edelweiss Mid Cap Dir Gr	INF843K01AO4	Phoenix Mills Ltd	Real Estate	164.15	1.14	0.00	Mar25	15.51
Edelweiss Mid Cap Dir Gr	INF843K01AO4	Phoenix Mills Ltd	Real Estate	164.15	1.14	0.00	Apr25	12.51
Edelweiss Mid Cap Dir Gr	INF843K01AO4	Phoenix Mills Ltd	Real Estate	164.15	1.14	0.00	May25	11.15
Edelweiss Mid Cap Dir Gr	INF843K01AO4	Phoenix Mills Ltd	Real Estate	164.15	1.14	0.00	June25	10.18
Edelweiss Mid Cap Dir Gr	INF843K01AO4	Phoenix Mills Ltd	Real Estate	164.15	1.14	0.00	July25	9.19
Edelweiss Mid Cap Dir Gr	INF843K01AO4	Phoenix Mills Ltd	Real Estate	164.15	1.14	0.00	Aug25	8.13
Edelweiss Mid Cap Dir Gr	INF843K01AO4	Karur Vysya Bank Ltd	Financial Services	155.27	1.08	0.00	Oct24	5.55
Edelweiss Mid Cap Dir Gr	INF843K01AO4	Karur Vysya Bank Ltd	Financial Services	155.27	1.08	0.00	Nov24	7.52
Edelweiss Mid Cap Dir Gr	INF843K01AO4	Karur Vysya Bank Ltd	Financial Services	155.27	1.08	0.00	Dec24	3.56
Edelweiss Mid Cap Dir Gr	INF843K01AO4	Karur Vysya Bank Ltd	Financial Services	155.27	1.08	0.00	Jan25	5.32
Edelweiss Mid Cap Dir Gr	INF843K01AO4	Karur Vysya Bank Ltd	Financial Services	155.27	1.08	0.00	Feb25	5.59
Edelweiss Mid Cap Dir Gr	INF843K01AO4	Karur Vysya Bank Ltd	Financial Services	155.27	1.08	0.00	Mar25	15.51
Edelweiss Mid Cap Dir Gr	INF843K01AO4	Karur Vysya Bank Ltd	Financial Services	155.27	1.08	0.00	Mar25	15.51
Edelweiss Mid Cap Dir Gr	INF843K01AO4	Karur Vysya Bank Ltd	Financial Services	155.27	1.08	0.00	Apr25	12.51
Edelweiss Mid Cap Dir Gr	INF843K01AO4	Karur Vysya Bank Ltd	Financial Services	155.27	1.08	0.00	May25	11.15
Edelweiss Mid Cap Dir Gr	INF843K01AO4	Karur Vysya Bank Ltd	Financial Services	155.27	1.08	0.00	June25	10.18
Edelweiss Mid Cap Dir Gr	INF843K01AO4	Karur Vysya Bank Ltd	Financial Services	155.27	1.08	0.00	July25	9.19
Edelweiss Mid Cap Dir Gr	INF843K01AO4	Karur Vysya Bank Ltd	Financial Services	155.27	1.08	0.00	Aug25	8.13
Edelweiss Mid Cap Dir Gr	INF843K01AO4	City Union Bank Ltd	Financial Services	153.68	1.07	0.00	Oct24	5.55
Edelweiss Mid Cap Dir Gr	INF843K01AO4	City Union Bank Ltd	Financial Services	153.68	1.07	0.00	Nov24	7.52
Edelweiss Mid Cap Dir Gr	INF843K01AO4	City Union Bank Ltd	Financial Services	153.68	1.07	0.00	Dec24	3.56
Edelweiss Mid Cap Dir Gr	INF843K01AO4	City Union Bank Ltd	Financial Services	153.68	1.07	0.00	Jan25	5.32
Edelweiss Mid Cap Dir Gr	INF843K01AO4	City Union Bank Ltd	Financial Services	153.68	1.07	0.00	Feb25	5.59
Edelweiss Mid Cap Dir Gr	INF843K01AO4	City Union Bank Ltd	Financial Services	153.68	1.07	0.00	Mar25	15.51
Edelweiss Mid Cap Dir Gr	INF843K01AO4	City Union Bank Ltd	Financial Services	153.68	1.07	0.00	Mar25	15.51
Edelweiss Mid Cap Dir Gr	INF843K01AO4	City Union Bank Ltd	Financial Services	153.68	1.07	0.00	Apr25	12.51
Edelweiss Mid Cap Dir Gr	INF843K01AO4	City Union Bank Ltd	Financial Services	153.68	1.07	0.00	May25	11.15
Edelweiss Mid Cap Dir Gr	INF843K01AO4	City Union Bank Ltd	Financial Services	153.68	1.07	0.00	June25	10.18
Edelweiss Mid Cap Dir Gr	INF843K01AO4	City Union Bank Ltd	Financial Services	153.68	1.07	0.00	July25	9.19
Edelweiss Mid Cap Dir Gr	INF843K01AO4	City Union Bank Ltd	Financial Services	153.68	1.07	0.00	Aug25	8.13
Edelweiss Mid Cap Dir Gr	INF843K01AO4	Endurance Technologies Ltd	Consumer Cyclical	150.99	1.05	0.00	Oct24	5.55
Edelweiss Mid Cap Dir Gr	INF843K01AO4	Endurance Technologies Ltd	Consumer Cyclical	150.99	1.05	0.00	Nov24	7.52
Edelweiss Mid Cap Dir Gr	INF843K01AO4	Endurance Technologies Ltd	Consumer Cyclical	150.99	1.05	0.00	Dec24	3.56
Edelweiss Mid Cap Dir Gr	INF843K01AO4	Endurance Technologies Ltd	Consumer Cyclical	150.99	1.05	0.00	Jan25	5.32
Edelweiss Mid Cap Dir Gr	INF843K01AO4	Endurance Technologies Ltd	Consumer Cyclical	150.99	1.05	0.00	Feb25	5.59
Edelweiss Mid Cap Dir Gr	INF843K01AO4	Endurance Technologies Ltd	Consumer Cyclical	150.99	1.05	0.00	Mar25	15.51
Edelweiss Mid Cap Dir Gr	INF843K01AO4	Endurance Technologies Ltd	Consumer Cyclical	150.99	1.05	0.00	Mar25	15.51
Edelweiss Mid Cap Dir Gr	INF843K01AO4	Endurance Technologies Ltd	Consumer Cyclical	150.99	1.05	0.00	Apr25	12.51
Edelweiss Mid Cap Dir Gr	INF843K01AO4	Endurance Technologies Ltd	Consumer Cyclical	150.99	1.05	0.00	May25	11.15
Edelweiss Mid Cap Dir Gr	INF843K01AO4	Endurance Technologies Ltd	Consumer Cyclical	150.99	1.05	0.00	June25	10.18
Edelweiss Mid Cap Dir Gr	INF843K01AO4	Endurance Technologies Ltd	Consumer Cyclical	150.99	1.05	0.00	July25	9.19
Edelweiss Mid Cap Dir Gr	INF843K01AO4	Endurance Technologies Ltd	Consumer Cyclical	150.99	1.05	0.00	Aug25	8.13
Edelweiss Mid Cap Dir Gr	INF843K01AO4	LG Electronics India Ltd	Technology	148.70	1.04	111.86	Oct24	5.55
Edelweiss Mid Cap Dir Gr	INF843K01AO4	LG Electronics India Ltd	Technology	148.70	1.04	111.86	Nov24	7.52
Edelweiss Mid Cap Dir Gr	INF843K01AO4	LG Electronics India Ltd	Technology	148.70	1.04	111.86	Dec24	3.56
Edelweiss Mid Cap Dir Gr	INF843K01AO4	LG Electronics India Ltd	Technology	148.70	1.04	111.86	Jan25	5.32
Edelweiss Mid Cap Dir Gr	INF843K01AO4	LG Electronics India Ltd	Technology	148.70	1.04	111.86	Feb25	5.59
Edelweiss Mid Cap Dir Gr	INF843K01AO4	LG Electronics India Ltd	Technology	148.70	1.04	111.86	Mar25	15.51
Edelweiss Mid Cap Dir Gr	INF843K01AO4	LG Electronics India Ltd	Technology	148.70	1.04	111.86	Mar25	15.51
Edelweiss Mid Cap Dir Gr	INF843K01AO4	LG Electronics India Ltd	Technology	148.70	1.04	111.86	Apr25	12.51
Edelweiss Mid Cap Dir Gr	INF843K01AO4	LG Electronics India Ltd	Technology	148.70	1.04	111.86	May25	11.15
Edelweiss Mid Cap Dir Gr	INF843K01AO4	LG Electronics India Ltd	Technology	148.70	1.04	111.86	June25	10.18
Edelweiss Mid Cap Dir Gr	INF843K01AO4	LG Electronics India Ltd	Technology	148.70	1.04	111.86	July25	9.19
Edelweiss Mid Cap Dir Gr	INF843K01AO4	LG Electronics India Ltd	Technology	148.70	1.04	111.86	Aug25	8.13
Edelweiss Mid Cap Dir Gr	INF843K01AO4	Hindustan Petroleum Corp Ltd	Energy	147.72	1.03	0.00	Oct24	5.55
Edelweiss Mid Cap Dir Gr	INF843K01AO4	Hindustan Petroleum Corp Ltd	Energy	147.72	1.03	0.00	Nov24	7.52
Edelweiss Mid Cap Dir Gr	INF843K01AO4	Hindustan Petroleum Corp Ltd	Energy	147.72	1.03	0.00	Dec24	3.56
Edelweiss Mid Cap Dir Gr	INF843K01AO4	Hindustan Petroleum Corp Ltd	Energy	147.72	1.03	0.00	Jan25	5.32
Edelweiss Mid Cap Dir Gr	INF843K01AO4	Hindustan Petroleum Corp Ltd	Energy	147.72	1.03	0.00	Feb25	5.59
Edelweiss Mid Cap Dir Gr	INF843K01AO4	Hindustan Petroleum Corp Ltd	Energy	147.72	1.03	0.00	Mar25	15.51
Edelweiss Mid Cap Dir Gr	INF843K01AO4	Hindustan Petroleum Corp Ltd	Energy	147.72	1.03	0.00	Mar25	15.51
Edelweiss Mid Cap Dir Gr	INF843K01AO4	Hindustan Petroleum Corp Ltd	Energy	147.72	1.03	0.00	Apr25	12.51
Edelweiss Mid Cap Dir Gr	INF843K01AO4	Hindustan Petroleum Corp Ltd	Energy	147.72	1.03	0.00	May25	11.15
Edelweiss Mid Cap Dir Gr	INF843K01AO4	Hindustan Petroleum Corp Ltd	Energy	147.72	1.03	0.00	June25	10.18
Edelweiss Mid Cap Dir Gr	INF843K01AO4	Hindustan Petroleum Corp Ltd	Energy	147.72	1.03	0.00	July25	9.19
Edelweiss Mid Cap Dir Gr	INF843K01AO4	Hindustan Petroleum Corp Ltd	Energy	147.72	1.03	0.00	Aug25	8.13
Edelweiss Mid Cap Dir Gr	INF843K01AO4	Page Industries Ltd	Consumer Cyclical	146.22	1.02	0.00	Oct24	5.55
Edelweiss Mid Cap Dir Gr	INF843K01AO4	Page Industries Ltd	Consumer Cyclical	146.22	1.02	0.00	Nov24	7.52
Edelweiss Mid Cap Dir Gr	INF843K01AO4	Page Industries Ltd	Consumer Cyclical	146.22	1.02	0.00	Dec24	3.56
Edelweiss Mid Cap Dir Gr	INF843K01AO4	Page Industries Ltd	Consumer Cyclical	146.22	1.02	0.00	Jan25	5.32
Edelweiss Mid Cap Dir Gr	INF843K01AO4	Page Industries Ltd	Consumer Cyclical	146.22	1.02	0.00	Feb25	5.59
Edelweiss Mid Cap Dir Gr	INF843K01AO4	Page Industries Ltd	Consumer Cyclical	146.22	1.02	0.00	Mar25	15.51
Edelweiss Mid Cap Dir Gr	INF843K01AO4	Page Industries Ltd	Consumer Cyclical	146.22	1.02	0.00	Mar25	15.51
Edelweiss Mid Cap Dir Gr	INF843K01AO4	Page Industries Ltd	Consumer Cyclical	146.22	1.02	0.00	Apr25	12.51
Edelweiss Mid Cap Dir Gr	INF843K01AO4	Page Industries Ltd	Consumer Cyclical	146.22	1.02	0.00	May25	11.15
Edelweiss Mid Cap Dir Gr	INF843K01AO4	Page Industries Ltd	Consumer Cyclical	146.22	1.02	0.00	June25	10.18
Edelweiss Mid Cap Dir Gr	INF843K01AO4	Page Industries Ltd	Consumer Cyclical	146.22	1.02	0.00	July25	9.19
Edelweiss Mid Cap Dir Gr	INF843K01AO4	Page Industries Ltd	Consumer Cyclical	146.22	1.02	0.00	Aug25	8.13
Edelweiss Mid Cap Dir Gr	INF843K01AO4	Polycab India Ltd	Industrials	144.37	1.01	86.68	Oct24	5.55
Edelweiss Mid Cap Dir Gr	INF843K01AO4	Polycab India Ltd	Industrials	144.37	1.01	86.68	Nov24	7.52
Edelweiss Mid Cap Dir Gr	INF843K01AO4	Polycab India Ltd	Industrials	144.37	1.01	86.68	Dec24	3.56
Edelweiss Mid Cap Dir Gr	INF843K01AO4	Polycab India Ltd	Industrials	144.37	1.01	86.68	Jan25	5.32
Edelweiss Mid Cap Dir Gr	INF843K01AO4	Polycab India Ltd	Industrials	144.37	1.01	86.68	Feb25	5.59
Edelweiss Mid Cap Dir Gr	INF843K01AO4	Polycab India Ltd	Industrials	144.37	1.01	86.68	Mar25	15.51
Edelweiss Mid Cap Dir Gr	INF843K01AO4	Polycab India Ltd	Industrials	144.37	1.01	86.68	Mar25	15.51
Edelweiss Mid Cap Dir Gr	INF843K01AO4	Polycab India Ltd	Industrials	144.37	1.01	86.68	Apr25	12.51
Edelweiss Mid Cap Dir Gr	INF843K01AO4	Polycab India Ltd	Industrials	144.37	1.01	86.68	May25	11.15
Edelweiss Mid Cap Dir Gr	INF843K01AO4	Polycab India Ltd	Industrials	144.37	1.01	86.68	June25	10.18
Edelweiss Mid Cap Dir Gr	INF843K01AO4	Polycab India Ltd	Industrials	144.37	1.01	86.68	July25	9.19
Edelweiss Mid Cap Dir Gr	INF843K01AO4	Polycab India Ltd	Industrials	144.37	1.01	86.68	Aug25	8.13
Edelweiss Mid Cap Dir Gr	INF843K01AO4	Balkrishna Industries Ltd	Consumer Cyclical	140.99	0.98	162.75	Oct24	5.55
Edelweiss Mid Cap Dir Gr	INF843K01AO4	Balkrishna Industries Ltd	Consumer Cyclical	140.99	0.98	162.75	Nov24	7.52
Edelweiss Mid Cap Dir Gr	INF843K01AO4	Balkrishna Industries Ltd	Consumer Cyclical	140.99	0.98	162.75	Dec24	3.56
Edelweiss Mid Cap Dir Gr	INF843K01AO4	Balkrishna Industries Ltd	Consumer Cyclical	140.99	0.98	162.75	Jan25	5.32
Edelweiss Mid Cap Dir Gr	INF843K01AO4	Balkrishna Industries Ltd	Consumer Cyclical	140.99	0.98	162.75	Feb25	5.59
Edelweiss Mid Cap Dir Gr	INF843K01AO4	Balkrishna Industries Ltd	Consumer Cyclical	140.99	0.98	162.75	Mar25	15.51
Edelweiss Mid Cap Dir Gr	INF843K01AO4	Balkrishna Industries Ltd	Consumer Cyclical	140.99	0.98	162.75	Mar25	15.51
Edelweiss Mid Cap Dir Gr	INF843K01AO4	Balkrishna Industries Ltd	Consumer Cyclical	140.99	0.98	162.75	Apr25	12.51
Edelweiss Mid Cap Dir Gr	INF843K01AO4	Balkrishna Industries Ltd	Consumer Cyclical	140.99	0.98	162.75	May25	11.15
Edelweiss Mid Cap Dir Gr	INF843K01AO4	Balkrishna Industries Ltd	Consumer Cyclical	140.99	0.98	162.75	June25	10.18
Edelweiss Mid Cap Dir Gr	INF843K01AO4	Balkrishna Industries Ltd	Consumer Cyclical	140.99	0.98	162.75	July25	9.19
Edelweiss Mid Cap Dir Gr	INF843K01AO4	Balkrishna Industries Ltd	Consumer Cyclical	140.99	0.98	162.75	Aug25	8.13
Edelweiss Mid Cap Dir Gr	INF843K01AO4	Navin Fluorine International Ltd	Basic Materials	135.49	0.94	-14.67	Oct24	5.55
Edelweiss Mid Cap Dir Gr	INF843K01AO4	Navin Fluorine International Ltd	Basic Materials	135.49	0.94	-14.67	Nov24	7.52
Edelweiss Mid Cap Dir Gr	INF843K01AO4	Navin Fluorine International Ltd	Basic Materials	135.49	0.94	-14.67	Dec24	3.56
Edelweiss Mid Cap Dir Gr	INF843K01AO4	Navin Fluorine International Ltd	Basic Materials	135.49	0.94	-14.67	Jan25	5.32
Edelweiss Mid Cap Dir Gr	INF843K01AO4	Navin Fluorine International Ltd	Basic Materials	135.49	0.94	-14.67	Feb25	5.59
Edelweiss Mid Cap Dir Gr	INF843K01AO4	Navin Fluorine International Ltd	Basic Materials	135.49	0.94	-14.67	Mar25	15.51
Edelweiss Mid Cap Dir Gr	INF843K01AO4	Navin Fluorine International Ltd	Basic Materials	135.49	0.94	-14.67	Mar25	15.51
Edelweiss Mid Cap Dir Gr	INF843K01AO4	Navin Fluorine International Ltd	Basic Materials	135.49	0.94	-14.67	Apr25	12.51
Edelweiss Mid Cap Dir Gr	INF843K01AO4	Navin Fluorine International Ltd	Basic Materials	135.49	0.94	-14.67	May25	11.15
Edelweiss Mid Cap Dir Gr	INF843K01AO4	Navin Fluorine International Ltd	Basic Materials	135.49	0.94	-14.67	June25	10.18
Edelweiss Mid Cap Dir Gr	INF843K01AO4	Navin Fluorine International Ltd	Basic Materials	135.49	0.94	-14.67	July25	9.19
Edelweiss Mid Cap Dir Gr	INF843K01AO4	Navin Fluorine International Ltd	Basic Materials	135.49	0.94	-14.67	Aug25	8.13
Edelweiss Mid Cap Dir Gr	INF843K01AO4	Bharti Hexacom Ltd	Communication Services	125.96	0.88	0.00	Oct24	5.55
Edelweiss Mid Cap Dir Gr	INF843K01AO4	Bharti Hexacom Ltd	Communication Services	125.96	0.88	0.00	Nov24	7.52
Edelweiss Mid Cap Dir Gr	INF843K01AO4	Bharti Hexacom Ltd	Communication Services	125.96	0.88	0.00	Dec24	3.56
Edelweiss Mid Cap Dir Gr	INF843K01AO4	Bharti Hexacom Ltd	Communication Services	125.96	0.88	0.00	Jan25	5.32
Edelweiss Mid Cap Dir Gr	INF843K01AO4	Bharti Hexacom Ltd	Communication Services	125.96	0.88	0.00	Feb25	5.59
Edelweiss Mid Cap Dir Gr	INF843K01AO4	Bharti Hexacom Ltd	Communication Services	125.96	0.88	0.00	Mar25	15.51
Edelweiss Mid Cap Dir Gr	INF843K01AO4	Bharti Hexacom Ltd	Communication Services	125.96	0.88	0.00	Mar25	15.51
Edelweiss Mid Cap Dir Gr	INF843K01AO4	Bharti Hexacom Ltd	Communication Services	125.96	0.88	0.00	Apr25	12.51
Edelweiss Mid Cap Dir Gr	INF843K01AO4	Bharti Hexacom Ltd	Communication Services	125.96	0.88	0.00	May25	11.15
Edelweiss Mid Cap Dir Gr	INF843K01AO4	Bharti Hexacom Ltd	Communication Services	125.96	0.88	0.00	June25	10.18
Edelweiss Mid Cap Dir Gr	INF843K01AO4	Bharti Hexacom Ltd	Communication Services	125.96	0.88	0.00	July25	9.19
Edelweiss Mid Cap Dir Gr	INF843K01AO4	Bharti Hexacom Ltd	Communication Services	125.96	0.88	0.00	Aug25	8.13
Edelweiss Mid Cap Dir Gr	INF843K01AO4	Prestige Estates Projects Ltd	Real Estate	123.44	0.86	0.00	Oct24	5.55
Edelweiss Mid Cap Dir Gr	INF843K01AO4	Prestige Estates Projects Ltd	Real Estate	123.44	0.86	0.00	Nov24	7.52
Edelweiss Mid Cap Dir Gr	INF843K01AO4	Prestige Estates Projects Ltd	Real Estate	123.44	0.86	0.00	Dec24	3.56
Edelweiss Mid Cap Dir Gr	INF843K01AO4	Prestige Estates Projects Ltd	Real Estate	123.44	0.86	0.00	Jan25	5.32
Edelweiss Mid Cap Dir Gr	INF843K01AO4	Prestige Estates Projects Ltd	Real Estate	123.44	0.86	0.00	Feb25	5.59
Edelweiss Mid Cap Dir Gr	INF843K01AO4	Prestige Estates Projects Ltd	Real Estate	123.44	0.86	0.00	Mar25	15.51
Edelweiss Mid Cap Dir Gr	INF843K01AO4	Prestige Estates Projects Ltd	Real Estate	123.44	0.86	0.00	Mar25	15.51
Edelweiss Mid Cap Dir Gr	INF843K01AO4	Prestige Estates Projects Ltd	Real Estate	123.44	0.86	0.00	Apr25	12.51
Edelweiss Mid Cap Dir Gr	INF843K01AO4	Prestige Estates Projects Ltd	Real Estate	123.44	0.86	0.00	May25	11.15
Edelweiss Mid Cap Dir Gr	INF843K01AO4	Prestige Estates Projects Ltd	Real Estate	123.44	0.86	0.00	June25	10.18
Edelweiss Mid Cap Dir Gr	INF843K01AO4	Prestige Estates Projects Ltd	Real Estate	123.44	0.86	0.00	July25	9.19
Edelweiss Mid Cap Dir Gr	INF843K01AO4	Prestige Estates Projects Ltd	Real Estate	123.44	0.86	0.00	Aug25	8.13
Edelweiss Mid Cap Dir Gr	INF843K01AO4	Bharat Dynamics Ltd Ordinary Shares	Industrials	122.41	0.85	0.00	Oct24	5.55
Edelweiss Mid Cap Dir Gr	INF843K01AO4	Bharat Dynamics Ltd Ordinary Shares	Industrials	122.41	0.85	0.00	Nov24	7.52
Edelweiss Mid Cap Dir Gr	INF843K01AO4	Bharat Dynamics Ltd Ordinary Shares	Industrials	122.41	0.85	0.00	Dec24	3.56
Edelweiss Mid Cap Dir Gr	INF843K01AO4	Bharat Dynamics Ltd Ordinary Shares	Industrials	122.41	0.85	0.00	Jan25	5.32
Edelweiss Mid Cap Dir Gr	INF843K01AO4	Bharat Dynamics Ltd Ordinary Shares	Industrials	122.41	0.85	0.00	Feb25	5.59
Edelweiss Mid Cap Dir Gr	INF843K01AO4	Bharat Dynamics Ltd Ordinary Shares	Industrials	122.41	0.85	0.00	Mar25	15.51
Edelweiss Mid Cap Dir Gr	INF843K01AO4	Bharat Dynamics Ltd Ordinary Shares	Industrials	122.41	0.85	0.00	Mar25	15.51
Edelweiss Mid Cap Dir Gr	INF843K01AO4	Bharat Dynamics Ltd Ordinary Shares	Industrials	122.41	0.85	0.00	Apr25	12.51
Edelweiss Mid Cap Dir Gr	INF843K01AO4	Bharat Dynamics Ltd Ordinary Shares	Industrials	122.41	0.85	0.00	May25	11.15
Edelweiss Mid Cap Dir Gr	INF843K01AO4	Bharat Dynamics Ltd Ordinary Shares	Industrials	122.41	0.85	0.00	June25	10.18
Edelweiss Mid Cap Dir Gr	INF843K01AO4	Bharat Dynamics Ltd Ordinary Shares	Industrials	122.41	0.85	0.00	July25	9.19
Edelweiss Mid Cap Dir Gr	INF843K01AO4	Bharat Dynamics Ltd Ordinary Shares	Industrials	122.41	0.85	0.00	Aug25	8.13
Edelweiss Mid Cap Dir Gr	INF843K01AO4	Indian Hotels Co Ltd	Consumer Cyclical	120.81	0.84	0.00	Oct24	5.55
Edelweiss Mid Cap Dir Gr	INF843K01AO4	Indian Hotels Co Ltd	Consumer Cyclical	120.81	0.84	0.00	Nov24	7.52
Edelweiss Mid Cap Dir Gr	INF843K01AO4	Indian Hotels Co Ltd	Consumer Cyclical	120.81	0.84	0.00	Dec24	3.56
Edelweiss Mid Cap Dir Gr	INF843K01AO4	Indian Hotels Co Ltd	Consumer Cyclical	120.81	0.84	0.00	Jan25	5.32
Edelweiss Mid Cap Dir Gr	INF843K01AO4	Indian Hotels Co Ltd	Consumer Cyclical	120.81	0.84	0.00	Feb25	5.59
Edelweiss Mid Cap Dir Gr	INF843K01AO4	Indian Hotels Co Ltd	Consumer Cyclical	120.81	0.84	0.00	Mar25	15.51
Edelweiss Mid Cap Dir Gr	INF843K01AO4	Indian Hotels Co Ltd	Consumer Cyclical	120.81	0.84	0.00	Mar25	15.51
Edelweiss Mid Cap Dir Gr	INF843K01AO4	Indian Hotels Co Ltd	Consumer Cyclical	120.81	0.84	0.00	Apr25	12.51
Edelweiss Mid Cap Dir Gr	INF843K01AO4	Indian Hotels Co Ltd	Consumer Cyclical	120.81	0.84	0.00	May25	11.15
Edelweiss Mid Cap Dir Gr	INF843K01AO4	Indian Hotels Co Ltd	Consumer Cyclical	120.81	0.84	0.00	June25	10.18
Edelweiss Mid Cap Dir Gr	INF843K01AO4	Indian Hotels Co Ltd	Consumer Cyclical	120.81	0.84	0.00	July25	9.19
Edelweiss Mid Cap Dir Gr	INF843K01AO4	Indian Hotels Co Ltd	Consumer Cyclical	120.81	0.84	0.00	Aug25	8.13
Edelweiss Mid Cap Dir Gr	INF843K01AO4	Ajanta Pharma Ltd	Healthcare	118.54	0.83	0.00	Oct24	5.55
Edelweiss Mid Cap Dir Gr	INF843K01AO4	Ajanta Pharma Ltd	Healthcare	118.54	0.83	0.00	Nov24	7.52
Edelweiss Mid Cap Dir Gr	INF843K01AO4	Ajanta Pharma Ltd	Healthcare	118.54	0.83	0.00	Dec24	3.56
Edelweiss Mid Cap Dir Gr	INF843K01AO4	Ajanta Pharma Ltd	Healthcare	118.54	0.83	0.00	Jan25	5.32
Edelweiss Mid Cap Dir Gr	INF843K01AO4	Ajanta Pharma Ltd	Healthcare	118.54	0.83	0.00	Feb25	5.59
Edelweiss Mid Cap Dir Gr	INF843K01AO4	Ajanta Pharma Ltd	Healthcare	118.54	0.83	0.00	Mar25	15.51
Edelweiss Mid Cap Dir Gr	INF843K01AO4	Ajanta Pharma Ltd	Healthcare	118.54	0.83	0.00	Mar25	15.51
Edelweiss Mid Cap Dir Gr	INF843K01AO4	Ajanta Pharma Ltd	Healthcare	118.54	0.83	0.00	Apr25	12.51
Edelweiss Mid Cap Dir Gr	INF843K01AO4	Ajanta Pharma Ltd	Healthcare	118.54	0.83	0.00	May25	11.15
Edelweiss Mid Cap Dir Gr	INF843K01AO4	Ajanta Pharma Ltd	Healthcare	118.54	0.83	0.00	June25	10.18
Edelweiss Mid Cap Dir Gr	INF843K01AO4	Ajanta Pharma Ltd	Healthcare	118.54	0.83	0.00	July25	9.19
Edelweiss Mid Cap Dir Gr	INF843K01AO4	Ajanta Pharma Ltd	Healthcare	118.54	0.83	0.00	Aug25	8.13
Edelweiss Mid Cap Dir Gr	INF843K01AO4	Schaeffler India Ltd	Consumer Cyclical	118.08	0.82	0.00	Oct24	5.55
Edelweiss Mid Cap Dir Gr	INF843K01AO4	Schaeffler India Ltd	Consumer Cyclical	118.08	0.82	0.00	Nov24	7.52
Edelweiss Mid Cap Dir Gr	INF843K01AO4	Schaeffler India Ltd	Consumer Cyclical	118.08	0.82	0.00	Dec24	3.56
Edelweiss Mid Cap Dir Gr	INF843K01AO4	Schaeffler India Ltd	Consumer Cyclical	118.08	0.82	0.00	Jan25	5.32
Edelweiss Mid Cap Dir Gr	INF843K01AO4	Schaeffler India Ltd	Consumer Cyclical	118.08	0.82	0.00	Feb25	5.59
Edelweiss Mid Cap Dir Gr	INF843K01AO4	Schaeffler India Ltd	Consumer Cyclical	118.08	0.82	0.00	Mar25	15.51
Edelweiss Mid Cap Dir Gr	INF843K01AO4	Schaeffler India Ltd	Consumer Cyclical	118.08	0.82	0.00	Mar25	15.51
Edelweiss Mid Cap Dir Gr	INF843K01AO4	Schaeffler India Ltd	Consumer Cyclical	118.08	0.82	0.00	Apr25	12.51
Edelweiss Mid Cap Dir Gr	INF843K01AO4	Schaeffler India Ltd	Consumer Cyclical	118.08	0.82	0.00	May25	11.15
Edelweiss Mid Cap Dir Gr	INF843K01AO4	Schaeffler India Ltd	Consumer Cyclical	118.08	0.82	0.00	June25	10.18
Edelweiss Mid Cap Dir Gr	INF843K01AO4	Schaeffler India Ltd	Consumer Cyclical	118.08	0.82	0.00	July25	9.19
Edelweiss Mid Cap Dir Gr	INF843K01AO4	Schaeffler India Ltd	Consumer Cyclical	118.08	0.82	0.00	Aug25	8.13
Edelweiss Mid Cap Dir Gr	INF843K01AO4	TVS Motor Co Ltd	Consumer Cyclical	117.36	0.82	0.00	Oct24	5.55
Edelweiss Mid Cap Dir Gr	INF843K01AO4	TVS Motor Co Ltd	Consumer Cyclical	117.36	0.82	0.00	Nov24	7.52
Edelweiss Mid Cap Dir Gr	INF843K01AO4	TVS Motor Co Ltd	Consumer Cyclical	117.36	0.82	0.00	Dec24	3.56
Edelweiss Mid Cap Dir Gr	INF843K01AO4	TVS Motor Co Ltd	Consumer Cyclical	117.36	0.82	0.00	Jan25	5.32
Edelweiss Mid Cap Dir Gr	INF843K01AO4	TVS Motor Co Ltd	Consumer Cyclical	117.36	0.82	0.00	Feb25	5.59
Edelweiss Mid Cap Dir Gr	INF843K01AO4	TVS Motor Co Ltd	Consumer Cyclical	117.36	0.82	0.00	Mar25	15.51
Edelweiss Mid Cap Dir Gr	INF843K01AO4	TVS Motor Co Ltd	Consumer Cyclical	117.36	0.82	0.00	Mar25	15.51
Edelweiss Mid Cap Dir Gr	INF843K01AO4	TVS Motor Co Ltd	Consumer Cyclical	117.36	0.82	0.00	Apr25	12.51
Edelweiss Mid Cap Dir Gr	INF843K01AO4	TVS Motor Co Ltd	Consumer Cyclical	117.36	0.82	0.00	May25	11.15
Edelweiss Mid Cap Dir Gr	INF843K01AO4	TVS Motor Co Ltd	Consumer Cyclical	117.36	0.82	0.00	June25	10.18
Edelweiss Mid Cap Dir Gr	INF843K01AO4	TVS Motor Co Ltd	Consumer Cyclical	117.36	0.82	0.00	July25	9.19
Edelweiss Mid Cap Dir Gr	INF843K01AO4	TVS Motor Co Ltd	Consumer Cyclical	117.36	0.82	0.00	Aug25	8.13
Edelweiss Mid Cap Dir Gr	INF843K01AO4	Blue Star Ltd	Industrials	109.96	0.77	40.06	Oct24	5.55
Edelweiss Mid Cap Dir Gr	INF843K01AO4	Blue Star Ltd	Industrials	109.96	0.77	40.06	Nov24	7.52
Edelweiss Mid Cap Dir Gr	INF843K01AO4	Blue Star Ltd	Industrials	109.96	0.77	40.06	Dec24	3.56
Edelweiss Mid Cap Dir Gr	INF843K01AO4	Blue Star Ltd	Industrials	109.96	0.77	40.06	Jan25	5.32
Edelweiss Mid Cap Dir Gr	INF843K01AO4	Blue Star Ltd	Industrials	109.96	0.77	40.06	Feb25	5.59
Edelweiss Mid Cap Dir Gr	INF843K01AO4	Blue Star Ltd	Industrials	109.96	0.77	40.06	Mar25	15.51
Edelweiss Mid Cap Dir Gr	INF843K01AO4	Blue Star Ltd	Industrials	109.96	0.77	40.06	Mar25	15.51
Edelweiss Mid Cap Dir Gr	INF843K01AO4	Blue Star Ltd	Industrials	109.96	0.77	40.06	Apr25	12.51
Edelweiss Mid Cap Dir Gr	INF843K01AO4	Blue Star Ltd	Industrials	109.96	0.77	40.06	May25	11.15
Edelweiss Mid Cap Dir Gr	INF843K01AO4	Blue Star Ltd	Industrials	109.96	0.77	40.06	June25	10.18
Edelweiss Mid Cap Dir Gr	INF843K01AO4	Blue Star Ltd	Industrials	109.96	0.77	40.06	July25	9.19
Edelweiss Mid Cap Dir Gr	INF843K01AO4	Blue Star Ltd	Industrials	109.96	0.77	40.06	Aug25	8.13
Edelweiss Mid Cap Dir Gr	INF843K01AO4	Vodafone Idea Ltd	Communication Services	106.33	0.74	0.00	Oct24	5.55
Edelweiss Mid Cap Dir Gr	INF843K01AO4	Vodafone Idea Ltd	Communication Services	106.33	0.74	0.00	Nov24	7.52
Edelweiss Mid Cap Dir Gr	INF843K01AO4	Vodafone Idea Ltd	Communication Services	106.33	0.74	0.00	Dec24	3.56
Edelweiss Mid Cap Dir Gr	INF843K01AO4	Vodafone Idea Ltd	Communication Services	106.33	0.74	0.00	Jan25	5.32
Edelweiss Mid Cap Dir Gr	INF843K01AO4	Vodafone Idea Ltd	Communication Services	106.33	0.74	0.00	Feb25	5.59
Edelweiss Mid Cap Dir Gr	INF843K01AO4	Vodafone Idea Ltd	Communication Services	106.33	0.74	0.00	Mar25	15.51
Edelweiss Mid Cap Dir Gr	INF843K01AO4	Vodafone Idea Ltd	Communication Services	106.33	0.74	0.00	Mar25	15.51
Edelweiss Mid Cap Dir Gr	INF843K01AO4	Vodafone Idea Ltd	Communication Services	106.33	0.74	0.00	Apr25	12.51
Edelweiss Mid Cap Dir Gr	INF843K01AO4	Vodafone Idea Ltd	Communication Services	106.33	0.74	0.00	May25	11.15
Edelweiss Mid Cap Dir Gr	INF843K01AO4	Vodafone Idea Ltd	Communication Services	106.33	0.74	0.00	June25	10.18
Edelweiss Mid Cap Dir Gr	INF843K01AO4	Vodafone Idea Ltd	Communication Services	106.33	0.74	0.00	July25	9.19
Edelweiss Mid Cap Dir Gr	INF843K01AO4	Vodafone Idea Ltd	Communication Services	106.33	0.74	0.00	Aug25	8.13
Edelweiss Mid Cap Dir Gr	INF843K01AO4	Cholamandalam Investment and Finance Co Ltd	Financial Services	104.41	0.73	0.00	Oct24	5.55
Edelweiss Mid Cap Dir Gr	INF843K01AO4	Cholamandalam Investment and Finance Co Ltd	Financial Services	104.41	0.73	0.00	Nov24	7.52
Edelweiss Mid Cap Dir Gr	INF843K01AO4	Cholamandalam Investment and Finance Co Ltd	Financial Services	104.41	0.73	0.00	Dec24	3.56
Edelweiss Mid Cap Dir Gr	INF843K01AO4	Cholamandalam Investment and Finance Co Ltd	Financial Services	104.41	0.73	0.00	Jan25	5.32
Edelweiss Mid Cap Dir Gr	INF843K01AO4	Cholamandalam Investment and Finance Co Ltd	Financial Services	104.41	0.73	0.00	Feb25	5.59
Edelweiss Mid Cap Dir Gr	INF843K01AO4	Cholamandalam Investment and Finance Co Ltd	Financial Services	104.41	0.73	0.00	Mar25	15.51
Edelweiss Mid Cap Dir Gr	INF843K01AO4	Cholamandalam Investment and Finance Co Ltd	Financial Services	104.41	0.73	0.00	Mar25	15.51
Edelweiss Mid Cap Dir Gr	INF843K01AO4	Cholamandalam Investment and Finance Co Ltd	Financial Services	104.41	0.73	0.00	Apr25	12.51
Edelweiss Mid Cap Dir Gr	INF843K01AO4	Cholamandalam Investment and Finance Co Ltd	Financial Services	104.41	0.73	0.00	May25	11.15
Edelweiss Mid Cap Dir Gr	INF843K01AO4	Cholamandalam Investment and Finance Co Ltd	Financial Services	104.41	0.73	0.00	June25	10.18
Edelweiss Mid Cap Dir Gr	INF843K01AO4	Cholamandalam Investment and Finance Co Ltd	Financial Services	104.41	0.73	0.00	July25	9.19
Edelweiss Mid Cap Dir Gr	INF843K01AO4	Cholamandalam Investment and Finance Co Ltd	Financial Services	104.41	0.73	0.00	Aug25	8.13
Edelweiss Mid Cap Dir Gr	INF843K01AO4	Dixon Technologies (India) Ltd	Technology	103.94	0.72	0.00	Oct24	5.55
Edelweiss Mid Cap Dir Gr	INF843K01AO4	Dixon Technologies (India) Ltd	Technology	103.94	0.72	0.00	Nov24	7.52
Edelweiss Mid Cap Dir Gr	INF843K01AO4	Dixon Technologies (India) Ltd	Technology	103.94	0.72	0.00	Dec24	3.56
Edelweiss Mid Cap Dir Gr	INF843K01AO4	Dixon Technologies (India) Ltd	Technology	103.94	0.72	0.00	Jan25	5.32
Edelweiss Mid Cap Dir Gr	INF843K01AO4	Dixon Technologies (India) Ltd	Technology	103.94	0.72	0.00	Feb25	5.59
Edelweiss Mid Cap Dir Gr	INF843K01AO4	Dixon Technologies (India) Ltd	Technology	103.94	0.72	0.00	Mar25	15.51
Edelweiss Mid Cap Dir Gr	INF843K01AO4	Dixon Technologies (India) Ltd	Technology	103.94	0.72	0.00	Mar25	15.51
Edelweiss Mid Cap Dir Gr	INF843K01AO4	Dixon Technologies (India) Ltd	Technology	103.94	0.72	0.00	Apr25	12.51
Edelweiss Mid Cap Dir Gr	INF843K01AO4	Dixon Technologies (India) Ltd	Technology	103.94	0.72	0.00	May25	11.15
Edelweiss Mid Cap Dir Gr	INF843K01AO4	Dixon Technologies (India) Ltd	Technology	103.94	0.72	0.00	June25	10.18
Edelweiss Mid Cap Dir Gr	INF843K01AO4	Dixon Technologies (India) Ltd	Technology	103.94	0.72	0.00	July25	9.19
Edelweiss Mid Cap Dir Gr	INF843K01AO4	Dixon Technologies (India) Ltd	Technology	103.94	0.72	0.00	Aug25	8.13
Edelweiss Mid Cap Dir Gr	INF843K01AO4	Mankind Pharma Ltd	Healthcare	99.64	0.69	0.00	Oct24	5.55
Edelweiss Mid Cap Dir Gr	INF843K01AO4	Mankind Pharma Ltd	Healthcare	99.64	0.69	0.00	Nov24	7.52
Edelweiss Mid Cap Dir Gr	INF843K01AO4	Mankind Pharma Ltd	Healthcare	99.64	0.69	0.00	Dec24	3.56
Edelweiss Mid Cap Dir Gr	INF843K01AO4	Mankind Pharma Ltd	Healthcare	99.64	0.69	0.00	Jan25	5.32
Edelweiss Mid Cap Dir Gr	INF843K01AO4	Mankind Pharma Ltd	Healthcare	99.64	0.69	0.00	Feb25	5.59
Edelweiss Mid Cap Dir Gr	INF843K01AO4	Mankind Pharma Ltd	Healthcare	99.64	0.69	0.00	Mar25	15.51
Edelweiss Mid Cap Dir Gr	INF843K01AO4	Mankind Pharma Ltd	Healthcare	99.64	0.69	0.00	Mar25	15.51
Edelweiss Mid Cap Dir Gr	INF843K01AO4	Mankind Pharma Ltd	Healthcare	99.64	0.69	0.00	Apr25	12.51
Edelweiss Mid Cap Dir Gr	INF843K01AO4	Mankind Pharma Ltd	Healthcare	99.64	0.69	0.00	May25	11.15
Edelweiss Mid Cap Dir Gr	INF843K01AO4	Mankind Pharma Ltd	Healthcare	99.64	0.69	0.00	June25	10.18
Edelweiss Mid Cap Dir Gr	INF843K01AO4	Mankind Pharma Ltd	Healthcare	99.64	0.69	0.00	July25	9.19
Edelweiss Mid Cap Dir Gr	INF843K01AO4	Mankind Pharma Ltd	Healthcare	99.64	0.69	0.00	Aug25	8.13
Edelweiss Mid Cap Dir Gr	INF843K01AO4	Bikaji Foods International Ltd	Consumer Defensive	98.58	0.69	0.00	Oct24	5.55
Edelweiss Mid Cap Dir Gr	INF843K01AO4	Bikaji Foods International Ltd	Consumer Defensive	98.58	0.69	0.00	Nov24	7.52
Edelweiss Mid Cap Dir Gr	INF843K01AO4	Bikaji Foods International Ltd	Consumer Defensive	98.58	0.69	0.00	Dec24	3.56
Edelweiss Mid Cap Dir Gr	INF843K01AO4	Bikaji Foods International Ltd	Consumer Defensive	98.58	0.69	0.00	Jan25	5.32
Edelweiss Mid Cap Dir Gr	INF843K01AO4	Bikaji Foods International Ltd	Consumer Defensive	98.58	0.69	0.00	Feb25	5.59
Edelweiss Mid Cap Dir Gr	INF843K01AO4	Bikaji Foods International Ltd	Consumer Defensive	98.58	0.69	0.00	Mar25	15.51
Edelweiss Mid Cap Dir Gr	INF843K01AO4	Bikaji Foods International Ltd	Consumer Defensive	98.58	0.69	0.00	Mar25	15.51
Edelweiss Mid Cap Dir Gr	INF843K01AO4	Bikaji Foods International Ltd	Consumer Defensive	98.58	0.69	0.00	Apr25	12.51
Edelweiss Mid Cap Dir Gr	INF843K01AO4	Bikaji Foods International Ltd	Consumer Defensive	98.58	0.69	0.00	May25	11.15
Edelweiss Mid Cap Dir Gr	INF843K01AO4	Bikaji Foods International Ltd	Consumer Defensive	98.58	0.69	0.00	June25	10.18
Edelweiss Mid Cap Dir Gr	INF843K01AO4	Bikaji Foods International Ltd	Consumer Defensive	98.58	0.69	0.00	July25	9.19
Edelweiss Mid Cap Dir Gr	INF843K01AO4	Bikaji Foods International Ltd	Consumer Defensive	98.58	0.69	0.00	Aug25	8.13
Edelweiss Mid Cap Dir Gr	INF843K01AO4	Hitachi Energy India Ltd Ordinary Shares	Industrials	90.89	0.63	0.00	Oct24	5.55
Edelweiss Mid Cap Dir Gr	INF843K01AO4	Hitachi Energy India Ltd Ordinary Shares	Industrials	90.89	0.63	0.00	Nov24	7.52
Edelweiss Mid Cap Dir Gr	INF843K01AO4	Hitachi Energy India Ltd Ordinary Shares	Industrials	90.89	0.63	0.00	Dec24	3.56
Edelweiss Mid Cap Dir Gr	INF843K01AO4	Hitachi Energy India Ltd Ordinary Shares	Industrials	90.89	0.63	0.00	Jan25	5.32
Edelweiss Mid Cap Dir Gr	INF843K01AO4	Hitachi Energy India Ltd Ordinary Shares	Industrials	90.89	0.63	0.00	Feb25	5.59
Edelweiss Mid Cap Dir Gr	INF843K01AO4	Hitachi Energy India Ltd Ordinary Shares	Industrials	90.89	0.63	0.00	Mar25	15.51
Edelweiss Mid Cap Dir Gr	INF843K01AO4	Hitachi Energy India Ltd Ordinary Shares	Industrials	90.89	0.63	0.00	Mar25	15.51
Edelweiss Mid Cap Dir Gr	INF843K01AO4	Hitachi Energy India Ltd Ordinary Shares	Industrials	90.89	0.63	0.00	Apr25	12.51
Edelweiss Mid Cap Dir Gr	INF843K01AO4	Hitachi Energy India Ltd Ordinary Shares	Industrials	90.89	0.63	0.00	May25	11.15
Edelweiss Mid Cap Dir Gr	INF843K01AO4	Hitachi Energy India Ltd Ordinary Shares	Industrials	90.89	0.63	0.00	June25	10.18
Edelweiss Mid Cap Dir Gr	INF843K01AO4	Hitachi Energy India Ltd Ordinary Shares	Industrials	90.89	0.63	0.00	July25	9.19
Edelweiss Mid Cap Dir Gr	INF843K01AO4	Hitachi Energy India Ltd Ordinary Shares	Industrials	90.89	0.63	0.00	Aug25	8.13
Edelweiss Mid Cap Dir Gr	INF843K01AO4	Steel Authority Of India Ltd	Basic Materials	88.58	0.62	104.63	Oct24	5.55
Edelweiss Mid Cap Dir Gr	INF843K01AO4	Steel Authority Of India Ltd	Basic Materials	88.58	0.62	104.63	Nov24	7.52
Edelweiss Mid Cap Dir Gr	INF843K01AO4	Steel Authority Of India Ltd	Basic Materials	88.58	0.62	104.63	Dec24	3.56
Edelweiss Mid Cap Dir Gr	INF843K01AO4	Steel Authority Of India Ltd	Basic Materials	88.58	0.62	104.63	Jan25	5.32
Edelweiss Mid Cap Dir Gr	INF843K01AO4	Steel Authority Of India Ltd	Basic Materials	88.58	0.62	104.63	Feb25	5.59
Edelweiss Mid Cap Dir Gr	INF843K01AO4	Steel Authority Of India Ltd	Basic Materials	88.58	0.62	104.63	Mar25	15.51
Edelweiss Mid Cap Dir Gr	INF843K01AO4	Steel Authority Of India Ltd	Basic Materials	88.58	0.62	104.63	Mar25	15.51
Edelweiss Mid Cap Dir Gr	INF843K01AO4	Steel Authority Of India Ltd	Basic Materials	88.58	0.62	104.63	Apr25	12.51
Edelweiss Mid Cap Dir Gr	INF843K01AO4	Steel Authority Of India Ltd	Basic Materials	88.58	0.62	104.63	May25	11.15
Edelweiss Mid Cap Dir Gr	INF843K01AO4	Steel Authority Of India Ltd	Basic Materials	88.58	0.62	104.63	June25	10.18
Edelweiss Mid Cap Dir Gr	INF843K01AO4	Steel Authority Of India Ltd	Basic Materials	88.58	0.62	104.63	July25	9.19
Edelweiss Mid Cap Dir Gr	INF843K01AO4	Steel Authority Of India Ltd	Basic Materials	88.58	0.62	104.63	Aug25	8.13
Edelweiss Mid Cap Dir Gr	INF843K01AO4	CG Power & Industrial Solutions Ltd	Industrials	81.75	0.57	0.00	Oct24	5.55
Edelweiss Mid Cap Dir Gr	INF843K01AO4	CG Power & Industrial Solutions Ltd	Industrials	81.75	0.57	0.00	Nov24	7.52
Edelweiss Mid Cap Dir Gr	INF843K01AO4	CG Power & Industrial Solutions Ltd	Industrials	81.75	0.57	0.00	Dec24	3.56
Edelweiss Mid Cap Dir Gr	INF843K01AO4	CG Power & Industrial Solutions Ltd	Industrials	81.75	0.57	0.00	Jan25	5.32
Edelweiss Mid Cap Dir Gr	INF843K01AO4	CG Power & Industrial Solutions Ltd	Industrials	81.75	0.57	0.00	Feb25	5.59
Edelweiss Mid Cap Dir Gr	INF843K01AO4	CG Power & Industrial Solutions Ltd	Industrials	81.75	0.57	0.00	Mar25	15.51
Edelweiss Mid Cap Dir Gr	INF843K01AO4	CG Power & Industrial Solutions Ltd	Industrials	81.75	0.57	0.00	Mar25	15.51
Edelweiss Mid Cap Dir Gr	INF843K01AO4	CG Power & Industrial Solutions Ltd	Industrials	81.75	0.57	0.00	Apr25	12.51
Edelweiss Mid Cap Dir Gr	INF843K01AO4	CG Power & Industrial Solutions Ltd	Industrials	81.75	0.57	0.00	May25	11.15
Edelweiss Mid Cap Dir Gr	INF843K01AO4	CG Power & Industrial Solutions Ltd	Industrials	81.75	0.57	0.00	June25	10.18
Edelweiss Mid Cap Dir Gr	INF843K01AO4	CG Power & Industrial Solutions Ltd	Industrials	81.75	0.57	0.00	July25	9.19
Edelweiss Mid Cap Dir Gr	INF843K01AO4	CG Power & Industrial Solutions Ltd	Industrials	81.75	0.57	0.00	Aug25	8.13
Edelweiss Mid Cap Dir Gr	INF843K01AO4	Sumitomo Chemical India Ltd Ordinary Shares	Basic Materials	78.14	0.54	0.00	Oct24	5.55
Edelweiss Mid Cap Dir Gr	INF843K01AO4	Sumitomo Chemical India Ltd Ordinary Shares	Basic Materials	78.14	0.54	0.00	Nov24	7.52
Edelweiss Mid Cap Dir Gr	INF843K01AO4	Sumitomo Chemical India Ltd Ordinary Shares	Basic Materials	78.14	0.54	0.00	Dec24	3.56
Edelweiss Mid Cap Dir Gr	INF843K01AO4	Sumitomo Chemical India Ltd Ordinary Shares	Basic Materials	78.14	0.54	0.00	Jan25	5.32
Edelweiss Mid Cap Dir Gr	INF843K01AO4	Sumitomo Chemical India Ltd Ordinary Shares	Basic Materials	78.14	0.54	0.00	Feb25	5.59
Edelweiss Mid Cap Dir Gr	INF843K01AO4	Sumitomo Chemical India Ltd Ordinary Shares	Basic Materials	78.14	0.54	0.00	Mar25	15.51
Edelweiss Mid Cap Dir Gr	INF843K01AO4	Sumitomo Chemical India Ltd Ordinary Shares	Basic Materials	78.14	0.54	0.00	Mar25	15.51
Edelweiss Mid Cap Dir Gr	INF843K01AO4	Sumitomo Chemical India Ltd Ordinary Shares	Basic Materials	78.14	0.54	0.00	Apr25	12.51
Edelweiss Mid Cap Dir Gr	INF843K01AO4	Sumitomo Chemical India Ltd Ordinary Shares	Basic Materials	78.14	0.54	0.00	May25	11.15
Edelweiss Mid Cap Dir Gr	INF843K01AO4	Sumitomo Chemical India Ltd Ordinary Shares	Basic Materials	78.14	0.54	0.00	June25	10.18
Edelweiss Mid Cap Dir Gr	INF843K01AO4	Sumitomo Chemical India Ltd Ordinary Shares	Basic Materials	78.14	0.54	0.00	July25	9.19
Edelweiss Mid Cap Dir Gr	INF843K01AO4	Sumitomo Chemical India Ltd Ordinary Shares	Basic Materials	78.14	0.54	0.00	Aug25	8.13
Edelweiss Mid Cap Dir Gr	INF843K01AO4	Craftsman Automation Ltd	Consumer Cyclical	74.79	0.52	0.00	Oct24	5.55
Edelweiss Mid Cap Dir Gr	INF843K01AO4	Craftsman Automation Ltd	Consumer Cyclical	74.79	0.52	0.00	Nov24	7.52
Edelweiss Mid Cap Dir Gr	INF843K01AO4	Craftsman Automation Ltd	Consumer Cyclical	74.79	0.52	0.00	Dec24	3.56
Edelweiss Mid Cap Dir Gr	INF843K01AO4	Craftsman Automation Ltd	Consumer Cyclical	74.79	0.52	0.00	Jan25	5.32
Edelweiss Mid Cap Dir Gr	INF843K01AO4	Craftsman Automation Ltd	Consumer Cyclical	74.79	0.52	0.00	Feb25	5.59
Edelweiss Mid Cap Dir Gr	INF843K01AO4	Craftsman Automation Ltd	Consumer Cyclical	74.79	0.52	0.00	Mar25	15.51
Edelweiss Mid Cap Dir Gr	INF843K01AO4	Craftsman Automation Ltd	Consumer Cyclical	74.79	0.52	0.00	Mar25	15.51
Edelweiss Mid Cap Dir Gr	INF843K01AO4	Craftsman Automation Ltd	Consumer Cyclical	74.79	0.52	0.00	Apr25	12.51
Edelweiss Mid Cap Dir Gr	INF843K01AO4	Craftsman Automation Ltd	Consumer Cyclical	74.79	0.52	0.00	May25	11.15
Edelweiss Mid Cap Dir Gr	INF843K01AO4	Craftsman Automation Ltd	Consumer Cyclical	74.79	0.52	0.00	June25	10.18
Edelweiss Mid Cap Dir Gr	INF843K01AO4	Craftsman Automation Ltd	Consumer Cyclical	74.79	0.52	0.00	July25	9.19
Edelweiss Mid Cap Dir Gr	INF843K01AO4	Craftsman Automation Ltd	Consumer Cyclical	74.79	0.52	0.00	Aug25	8.13
Edelweiss Mid Cap Dir Gr	INF843K01AO4	360 One Wam Ltd Ordinary Shares	Financial Services	72.72	0.51	0.00	Oct24	5.55
Edelweiss Mid Cap Dir Gr	INF843K01AO4	360 One Wam Ltd Ordinary Shares	Financial Services	72.72	0.51	0.00	Nov24	7.52
Edelweiss Mid Cap Dir Gr	INF843K01AO4	360 One Wam Ltd Ordinary Shares	Financial Services	72.72	0.51	0.00	Dec24	3.56
Edelweiss Mid Cap Dir Gr	INF843K01AO4	360 One Wam Ltd Ordinary Shares	Financial Services	72.72	0.51	0.00	Jan25	5.32
Edelweiss Mid Cap Dir Gr	INF843K01AO4	360 One Wam Ltd Ordinary Shares	Financial Services	72.72	0.51	0.00	Feb25	5.59
Edelweiss Mid Cap Dir Gr	INF843K01AO4	360 One Wam Ltd Ordinary Shares	Financial Services	72.72	0.51	0.00	Mar25	15.51
Edelweiss Mid Cap Dir Gr	INF843K01AO4	360 One Wam Ltd Ordinary Shares	Financial Services	72.72	0.51	0.00	Mar25	15.51
Edelweiss Mid Cap Dir Gr	INF843K01AO4	360 One Wam Ltd Ordinary Shares	Financial Services	72.72	0.51	0.00	Apr25	12.51
Edelweiss Mid Cap Dir Gr	INF843K01AO4	360 One Wam Ltd Ordinary Shares	Financial Services	72.72	0.51	0.00	May25	11.15
Edelweiss Mid Cap Dir Gr	INF843K01AO4	360 One Wam Ltd Ordinary Shares	Financial Services	72.72	0.51	0.00	June25	10.18
Edelweiss Mid Cap Dir Gr	INF843K01AO4	360 One Wam Ltd Ordinary Shares	Financial Services	72.72	0.51	0.00	July25	9.19
Edelweiss Mid Cap Dir Gr	INF843K01AO4	360 One Wam Ltd Ordinary Shares	Financial Services	72.72	0.51	0.00	Aug25	8.13
Edelweiss Mid Cap Dir Gr	INF843K01AO4	Ather Energy Ltd	Consumer Cyclical	72.06	0.50	0.00	Oct24	5.55
Edelweiss Mid Cap Dir Gr	INF843K01AO4	Ather Energy Ltd	Consumer Cyclical	72.06	0.50	0.00	Nov24	7.52
Edelweiss Mid Cap Dir Gr	INF843K01AO4	Ather Energy Ltd	Consumer Cyclical	72.06	0.50	0.00	Dec24	3.56
Edelweiss Mid Cap Dir Gr	INF843K01AO4	Ather Energy Ltd	Consumer Cyclical	72.06	0.50	0.00	Jan25	5.32
Edelweiss Mid Cap Dir Gr	INF843K01AO4	Ather Energy Ltd	Consumer Cyclical	72.06	0.50	0.00	Feb25	5.59
Edelweiss Mid Cap Dir Gr	INF843K01AO4	Ather Energy Ltd	Consumer Cyclical	72.06	0.50	0.00	Mar25	15.51
Edelweiss Mid Cap Dir Gr	INF843K01AO4	Ather Energy Ltd	Consumer Cyclical	72.06	0.50	0.00	Mar25	15.51
Edelweiss Mid Cap Dir Gr	INF843K01AO4	Ather Energy Ltd	Consumer Cyclical	72.06	0.50	0.00	Apr25	12.51
Edelweiss Mid Cap Dir Gr	INF843K01AO4	Ather Energy Ltd	Consumer Cyclical	72.06	0.50	0.00	May25	11.15
Edelweiss Mid Cap Dir Gr	INF843K01AO4	Ather Energy Ltd	Consumer Cyclical	72.06	0.50	0.00	June25	10.18
Edelweiss Mid Cap Dir Gr	INF843K01AO4	Ather Energy Ltd	Consumer Cyclical	72.06	0.50	0.00	July25	9.19
Edelweiss Mid Cap Dir Gr	INF843K01AO4	Ather Energy Ltd	Consumer Cyclical	72.06	0.50	0.00	Aug25	8.13
Edelweiss Mid Cap Dir Gr	INF843K01AO4	Dabur India Ltd	Consumer Defensive	72.01	0.50		Oct24	5.55
Edelweiss Mid Cap Dir Gr	INF843K01AO4	Dabur India Ltd	Consumer Defensive	72.01	0.50		Nov24	7.52
Edelweiss Mid Cap Dir Gr	INF843K01AO4	Dabur India Ltd	Consumer Defensive	72.01	0.50		Dec24	3.56
Edelweiss Mid Cap Dir Gr	INF843K01AO4	Dabur India Ltd	Consumer Defensive	72.01	0.50		Jan25	5.32
Edelweiss Mid Cap Dir Gr	INF843K01AO4	Dabur India Ltd	Consumer Defensive	72.01	0.50		Feb25	5.59
Edelweiss Mid Cap Dir Gr	INF843K01AO4	Dabur India Ltd	Consumer Defensive	72.01	0.50		Mar25	15.51
Edelweiss Mid Cap Dir Gr	INF843K01AO4	Dabur India Ltd	Consumer Defensive	72.01	0.50		Mar25	15.51
Edelweiss Mid Cap Dir Gr	INF843K01AO4	Dabur India Ltd	Consumer Defensive	72.01	0.50		Apr25	12.51
Edelweiss Mid Cap Dir Gr	INF843K01AO4	Dabur India Ltd	Consumer Defensive	72.01	0.50		May25	11.15
Edelweiss Mid Cap Dir Gr	INF843K01AO4	Dabur India Ltd	Consumer Defensive	72.01	0.50		June25	10.18
Edelweiss Mid Cap Dir Gr	INF843K01AO4	Dabur India Ltd	Consumer Defensive	72.01	0.50		July25	9.19
Edelweiss Mid Cap Dir Gr	INF843K01AO4	Dabur India Ltd	Consumer Defensive	72.01	0.50		Aug25	8.13
Edelweiss Mid Cap Dir Gr	INF843K01AO4	Swiggy Ltd	Consumer Cyclical	67.83	0.47	0.00	Oct24	5.55
Edelweiss Mid Cap Dir Gr	INF843K01AO4	Swiggy Ltd	Consumer Cyclical	67.83	0.47	0.00	Nov24	7.52
Edelweiss Mid Cap Dir Gr	INF843K01AO4	Swiggy Ltd	Consumer Cyclical	67.83	0.47	0.00	Dec24	3.56
Edelweiss Mid Cap Dir Gr	INF843K01AO4	Swiggy Ltd	Consumer Cyclical	67.83	0.47	0.00	Jan25	5.32
Edelweiss Mid Cap Dir Gr	INF843K01AO4	Swiggy Ltd	Consumer Cyclical	67.83	0.47	0.00	Feb25	5.59
Edelweiss Mid Cap Dir Gr	INF843K01AO4	Swiggy Ltd	Consumer Cyclical	67.83	0.47	0.00	Mar25	15.51
Edelweiss Mid Cap Dir Gr	INF843K01AO4	Swiggy Ltd	Consumer Cyclical	67.83	0.47	0.00	Mar25	15.51
Edelweiss Mid Cap Dir Gr	INF843K01AO4	Swiggy Ltd	Consumer Cyclical	67.83	0.47	0.00	Apr25	12.51
Edelweiss Mid Cap Dir Gr	INF843K01AO4	Swiggy Ltd	Consumer Cyclical	67.83	0.47	0.00	May25	11.15
Edelweiss Mid Cap Dir Gr	INF843K01AO4	Swiggy Ltd	Consumer Cyclical	67.83	0.47	0.00	June25	10.18
Edelweiss Mid Cap Dir Gr	INF843K01AO4	Swiggy Ltd	Consumer Cyclical	67.83	0.47	0.00	July25	9.19
Edelweiss Mid Cap Dir Gr	INF843K01AO4	Swiggy Ltd	Consumer Cyclical	67.83	0.47	0.00	Aug25	8.13
Edelweiss Mid Cap Dir Gr	INF843K01AO4	Triveni Turbine Ltd	Industrials	64.93	0.45	0.00	Oct24	5.55
Edelweiss Mid Cap Dir Gr	INF843K01AO4	Triveni Turbine Ltd	Industrials	64.93	0.45	0.00	Nov24	7.52
Edelweiss Mid Cap Dir Gr	INF843K01AO4	Triveni Turbine Ltd	Industrials	64.93	0.45	0.00	Dec24	3.56
Edelweiss Mid Cap Dir Gr	INF843K01AO4	Triveni Turbine Ltd	Industrials	64.93	0.45	0.00	Jan25	5.32
Edelweiss Mid Cap Dir Gr	INF843K01AO4	Triveni Turbine Ltd	Industrials	64.93	0.45	0.00	Feb25	5.59
Edelweiss Mid Cap Dir Gr	INF843K01AO4	Triveni Turbine Ltd	Industrials	64.93	0.45	0.00	Mar25	15.51
Edelweiss Mid Cap Dir Gr	INF843K01AO4	Triveni Turbine Ltd	Industrials	64.93	0.45	0.00	Mar25	15.51
Edelweiss Mid Cap Dir Gr	INF843K01AO4	Triveni Turbine Ltd	Industrials	64.93	0.45	0.00	Apr25	12.51
Edelweiss Mid Cap Dir Gr	INF843K01AO4	Triveni Turbine Ltd	Industrials	64.93	0.45	0.00	May25	11.15
Edelweiss Mid Cap Dir Gr	INF843K01AO4	Triveni Turbine Ltd	Industrials	64.93	0.45	0.00	June25	10.18
Edelweiss Mid Cap Dir Gr	INF843K01AO4	Triveni Turbine Ltd	Industrials	64.93	0.45	0.00	July25	9.19
Edelweiss Mid Cap Dir Gr	INF843K01AO4	Triveni Turbine Ltd	Industrials	64.93	0.45	0.00	Aug25	8.13
Edelweiss Mid Cap Dir Gr	INF843K01AO4	KFin Technologies Ltd	Technology	64.82	0.45	-39.95	Oct24	5.55
Edelweiss Mid Cap Dir Gr	INF843K01AO4	KFin Technologies Ltd	Technology	64.82	0.45	-39.95	Nov24	7.52
Edelweiss Mid Cap Dir Gr	INF843K01AO4	KFin Technologies Ltd	Technology	64.82	0.45	-39.95	Dec24	3.56
Edelweiss Mid Cap Dir Gr	INF843K01AO4	KFin Technologies Ltd	Technology	64.82	0.45	-39.95	Jan25	5.32
Edelweiss Mid Cap Dir Gr	INF843K01AO4	KFin Technologies Ltd	Technology	64.82	0.45	-39.95	Feb25	5.59
Edelweiss Mid Cap Dir Gr	INF843K01AO4	KFin Technologies Ltd	Technology	64.82	0.45	-39.95	Mar25	15.51
Edelweiss Mid Cap Dir Gr	INF843K01AO4	KFin Technologies Ltd	Technology	64.82	0.45	-39.95	Mar25	15.51
Edelweiss Mid Cap Dir Gr	INF843K01AO4	KFin Technologies Ltd	Technology	64.82	0.45	-39.95	Apr25	12.51
Edelweiss Mid Cap Dir Gr	INF843K01AO4	KFin Technologies Ltd	Technology	64.82	0.45	-39.95	May25	11.15
Edelweiss Mid Cap Dir Gr	INF843K01AO4	KFin Technologies Ltd	Technology	64.82	0.45	-39.95	June25	10.18
Edelweiss Mid Cap Dir Gr	INF843K01AO4	KFin Technologies Ltd	Technology	64.82	0.45	-39.95	July25	9.19
Edelweiss Mid Cap Dir Gr	INF843K01AO4	KFin Technologies Ltd	Technology	64.82	0.45	-39.95	Aug25	8.13
Edelweiss Mid Cap Dir Gr	INF843K01AO4	Ceat Ltd	Consumer Cyclical	63.11	0.44	-25.97	Oct24	5.55
Edelweiss Mid Cap Dir Gr	INF843K01AO4	Ceat Ltd	Consumer Cyclical	63.11	0.44	-25.97	Nov24	7.52
Edelweiss Mid Cap Dir Gr	INF843K01AO4	Ceat Ltd	Consumer Cyclical	63.11	0.44	-25.97	Dec24	3.56
Edelweiss Mid Cap Dir Gr	INF843K01AO4	Ceat Ltd	Consumer Cyclical	63.11	0.44	-25.97	Jan25	5.32
Edelweiss Mid Cap Dir Gr	INF843K01AO4	Ceat Ltd	Consumer Cyclical	63.11	0.44	-25.97	Feb25	5.59
Edelweiss Mid Cap Dir Gr	INF843K01AO4	Ceat Ltd	Consumer Cyclical	63.11	0.44	-25.97	Mar25	15.51
Edelweiss Mid Cap Dir Gr	INF843K01AO4	Ceat Ltd	Consumer Cyclical	63.11	0.44	-25.97	Mar25	15.51
Edelweiss Mid Cap Dir Gr	INF843K01AO4	Ceat Ltd	Consumer Cyclical	63.11	0.44	-25.97	Apr25	12.51
Edelweiss Mid Cap Dir Gr	INF843K01AO4	Ceat Ltd	Consumer Cyclical	63.11	0.44	-25.97	May25	11.15
Edelweiss Mid Cap Dir Gr	INF843K01AO4	Ceat Ltd	Consumer Cyclical	63.11	0.44	-25.97	June25	10.18
Edelweiss Mid Cap Dir Gr	INF843K01AO4	Ceat Ltd	Consumer Cyclical	63.11	0.44	-25.97	July25	9.19
Edelweiss Mid Cap Dir Gr	INF843K01AO4	Ceat Ltd	Consumer Cyclical	63.11	0.44	-25.97	Aug25	8.13
Edelweiss Mid Cap Dir Gr	INF843K01AO4	National Aluminium Co Ltd	Basic Materials	58.82	0.41	0.00	Oct24	5.55
Edelweiss Mid Cap Dir Gr	INF843K01AO4	National Aluminium Co Ltd	Basic Materials	58.82	0.41	0.00	Nov24	7.52
Edelweiss Mid Cap Dir Gr	INF843K01AO4	National Aluminium Co Ltd	Basic Materials	58.82	0.41	0.00	Dec24	3.56
Edelweiss Mid Cap Dir Gr	INF843K01AO4	National Aluminium Co Ltd	Basic Materials	58.82	0.41	0.00	Jan25	5.32
Edelweiss Mid Cap Dir Gr	INF843K01AO4	National Aluminium Co Ltd	Basic Materials	58.82	0.41	0.00	Feb25	5.59
Edelweiss Mid Cap Dir Gr	INF843K01AO4	National Aluminium Co Ltd	Basic Materials	58.82	0.41	0.00	Mar25	15.51
Edelweiss Mid Cap Dir Gr	INF843K01AO4	National Aluminium Co Ltd	Basic Materials	58.82	0.41	0.00	Mar25	15.51
Edelweiss Mid Cap Dir Gr	INF843K01AO4	National Aluminium Co Ltd	Basic Materials	58.82	0.41	0.00	Apr25	12.51
Edelweiss Mid Cap Dir Gr	INF843K01AO4	National Aluminium Co Ltd	Basic Materials	58.82	0.41	0.00	May25	11.15
Edelweiss Mid Cap Dir Gr	INF843K01AO4	National Aluminium Co Ltd	Basic Materials	58.82	0.41	0.00	June25	10.18
Edelweiss Mid Cap Dir Gr	INF843K01AO4	National Aluminium Co Ltd	Basic Materials	58.82	0.41	0.00	July25	9.19
Edelweiss Mid Cap Dir Gr	INF843K01AO4	National Aluminium Co Ltd	Basic Materials	58.82	0.41	0.00	Aug25	8.13
Edelweiss Mid Cap Dir Gr	INF843K01AO4	HDB Financial Services Ltd	Financial Services	55.95	0.39	-46.26	Oct24	5.55
Edelweiss Mid Cap Dir Gr	INF843K01AO4	HDB Financial Services Ltd	Financial Services	55.95	0.39	-46.26	Nov24	7.52
Edelweiss Mid Cap Dir Gr	INF843K01AO4	HDB Financial Services Ltd	Financial Services	55.95	0.39	-46.26	Dec24	3.56
Edelweiss Mid Cap Dir Gr	INF843K01AO4	HDB Financial Services Ltd	Financial Services	55.95	0.39	-46.26	Jan25	5.32
Edelweiss Mid Cap Dir Gr	INF843K01AO4	HDB Financial Services Ltd	Financial Services	55.95	0.39	-46.26	Feb25	5.59
Edelweiss Mid Cap Dir Gr	INF843K01AO4	HDB Financial Services Ltd	Financial Services	55.95	0.39	-46.26	Mar25	15.51
Edelweiss Mid Cap Dir Gr	INF843K01AO4	HDB Financial Services Ltd	Financial Services	55.95	0.39	-46.26	Mar25	15.51
Edelweiss Mid Cap Dir Gr	INF843K01AO4	HDB Financial Services Ltd	Financial Services	55.95	0.39	-46.26	Apr25	12.51
Edelweiss Mid Cap Dir Gr	INF843K01AO4	HDB Financial Services Ltd	Financial Services	55.95	0.39	-46.26	May25	11.15
Edelweiss Mid Cap Dir Gr	INF843K01AO4	HDB Financial Services Ltd	Financial Services	55.95	0.39	-46.26	June25	10.18
Edelweiss Mid Cap Dir Gr	INF843K01AO4	HDB Financial Services Ltd	Financial Services	55.95	0.39	-46.26	July25	9.19
Edelweiss Mid Cap Dir Gr	INF843K01AO4	HDB Financial Services Ltd	Financial Services	55.95	0.39	-46.26	Aug25	8.13
Edelweiss Mid Cap Dir Gr	INF843K01AO4	Firstsource Solutions Ltd	Technology	54.08	0.38	0.00	Oct24	5.55
Edelweiss Mid Cap Dir Gr	INF843K01AO4	Firstsource Solutions Ltd	Technology	54.08	0.38	0.00	Nov24	7.52
Edelweiss Mid Cap Dir Gr	INF843K01AO4	Firstsource Solutions Ltd	Technology	54.08	0.38	0.00	Dec24	3.56
Edelweiss Mid Cap Dir Gr	INF843K01AO4	Firstsource Solutions Ltd	Technology	54.08	0.38	0.00	Jan25	5.32
Edelweiss Mid Cap Dir Gr	INF843K01AO4	Firstsource Solutions Ltd	Technology	54.08	0.38	0.00	Feb25	5.59
Edelweiss Mid Cap Dir Gr	INF843K01AO4	Firstsource Solutions Ltd	Technology	54.08	0.38	0.00	Mar25	15.51
Edelweiss Mid Cap Dir Gr	INF843K01AO4	Firstsource Solutions Ltd	Technology	54.08	0.38	0.00	Mar25	15.51
Edelweiss Mid Cap Dir Gr	INF843K01AO4	Firstsource Solutions Ltd	Technology	54.08	0.38	0.00	Apr25	12.51
Edelweiss Mid Cap Dir Gr	INF843K01AO4	Firstsource Solutions Ltd	Technology	54.08	0.38	0.00	May25	11.15
Edelweiss Mid Cap Dir Gr	INF843K01AO4	Firstsource Solutions Ltd	Technology	54.08	0.38	0.00	June25	10.18
Edelweiss Mid Cap Dir Gr	INF843K01AO4	Firstsource Solutions Ltd	Technology	54.08	0.38	0.00	July25	9.19
Edelweiss Mid Cap Dir Gr	INF843K01AO4	Firstsource Solutions Ltd	Technology	54.08	0.38	0.00	Aug25	8.13
Edelweiss Mid Cap Dir Gr	INF843K01AO4	Net Receivables/(Payables)		-48.92	0.34		Oct24	5.55
Edelweiss Mid Cap Dir Gr	INF843K01AO4	Net Receivables/(Payables)		-48.92	0.34		Nov24	7.52
Edelweiss Mid Cap Dir Gr	INF843K01AO4	Net Receivables/(Payables)		-48.92	0.34		Dec24	3.56
Edelweiss Mid Cap Dir Gr	INF843K01AO4	Net Receivables/(Payables)		-48.92	0.34		Jan25	5.32
Edelweiss Mid Cap Dir Gr	INF843K01AO4	Net Receivables/(Payables)		-48.92	0.34		Feb25	5.59
Edelweiss Mid Cap Dir Gr	INF843K01AO4	Net Receivables/(Payables)		-48.92	0.34		Mar25	15.51
Edelweiss Mid Cap Dir Gr	INF843K01AO4	Net Receivables/(Payables)		-48.92	0.34		Mar25	15.51
Edelweiss Mid Cap Dir Gr	INF843K01AO4	Net Receivables/(Payables)		-48.92	0.34		Apr25	12.51
Edelweiss Mid Cap Dir Gr	INF843K01AO4	Net Receivables/(Payables)		-48.92	0.34		May25	11.15
Edelweiss Mid Cap Dir Gr	INF843K01AO4	Net Receivables/(Payables)		-48.92	0.34		June25	10.18
Edelweiss Mid Cap Dir Gr	INF843K01AO4	Net Receivables/(Payables)		-48.92	0.34		July25	9.19
Edelweiss Mid Cap Dir Gr	INF843K01AO4	Net Receivables/(Payables)		-48.92	0.34		Aug25	8.13
Edelweiss Mid Cap Dir Gr	INF843K01AO4	Astral Ltd	Industrials	43.82	0.31		Oct24	5.55
Edelweiss Mid Cap Dir Gr	INF843K01AO4	Astral Ltd	Industrials	43.82	0.31		Nov24	7.52
Edelweiss Mid Cap Dir Gr	INF843K01AO4	Astral Ltd	Industrials	43.82	0.31		Dec24	3.56
Edelweiss Mid Cap Dir Gr	INF843K01AO4	Astral Ltd	Industrials	43.82	0.31		Jan25	5.32
Edelweiss Mid Cap Dir Gr	INF843K01AO4	Astral Ltd	Industrials	43.82	0.31		Feb25	5.59
Edelweiss Mid Cap Dir Gr	INF843K01AO4	Astral Ltd	Industrials	43.82	0.31		Mar25	15.51
Edelweiss Mid Cap Dir Gr	INF843K01AO4	Astral Ltd	Industrials	43.82	0.31		Mar25	15.51
Edelweiss Mid Cap Dir Gr	INF843K01AO4	Astral Ltd	Industrials	43.82	0.31		Apr25	12.51
Edelweiss Mid Cap Dir Gr	INF843K01AO4	Astral Ltd	Industrials	43.82	0.31		May25	11.15
Edelweiss Mid Cap Dir Gr	INF843K01AO4	Astral Ltd	Industrials	43.82	0.31		June25	10.18
Edelweiss Mid Cap Dir Gr	INF843K01AO4	Astral Ltd	Industrials	43.82	0.31		July25	9.19
Edelweiss Mid Cap Dir Gr	INF843K01AO4	Astral Ltd	Industrials	43.82	0.31		Aug25	8.13
Edelweiss Mid Cap Dir Gr	INF843K01AO4	Supreme Industries Ltd	Industrials	43.34	0.30		Oct24	5.55
Edelweiss Mid Cap Dir Gr	INF843K01AO4	Supreme Industries Ltd	Industrials	43.34	0.30		Nov24	7.52
Edelweiss Mid Cap Dir Gr	INF843K01AO4	Supreme Industries Ltd	Industrials	43.34	0.30		Dec24	3.56
Edelweiss Mid Cap Dir Gr	INF843K01AO4	Supreme Industries Ltd	Industrials	43.34	0.30		Jan25	5.32
Edelweiss Mid Cap Dir Gr	INF843K01AO4	Supreme Industries Ltd	Industrials	43.34	0.30		Feb25	5.59
Edelweiss Mid Cap Dir Gr	INF843K01AO4	Supreme Industries Ltd	Industrials	43.34	0.30		Mar25	15.51
Edelweiss Mid Cap Dir Gr	INF843K01AO4	Supreme Industries Ltd	Industrials	43.34	0.30		Mar25	15.51
Edelweiss Mid Cap Dir Gr	INF843K01AO4	Supreme Industries Ltd	Industrials	43.34	0.30		Apr25	12.51
Edelweiss Mid Cap Dir Gr	INF843K01AO4	Supreme Industries Ltd	Industrials	43.34	0.30		May25	11.15
Edelweiss Mid Cap Dir Gr	INF843K01AO4	Supreme Industries Ltd	Industrials	43.34	0.30		June25	10.18
Edelweiss Mid Cap Dir Gr	INF843K01AO4	Supreme Industries Ltd	Industrials	43.34	0.30		July25	9.19
Edelweiss Mid Cap Dir Gr	INF843K01AO4	Supreme Industries Ltd	Industrials	43.34	0.30		Aug25	8.13
Edelweiss Mid Cap Dir Gr	INF843K01AO4	ITC Hotels Ltd	Consumer Cyclical	42.96	0.30	0.00	Oct24	5.55
Edelweiss Mid Cap Dir Gr	INF843K01AO4	ITC Hotels Ltd	Consumer Cyclical	42.96	0.30	0.00	Nov24	7.52
Edelweiss Mid Cap Dir Gr	INF843K01AO4	ITC Hotels Ltd	Consumer Cyclical	42.96	0.30	0.00	Dec24	3.56
Edelweiss Mid Cap Dir Gr	INF843K01AO4	ITC Hotels Ltd	Consumer Cyclical	42.96	0.30	0.00	Jan25	5.32
Edelweiss Mid Cap Dir Gr	INF843K01AO4	ITC Hotels Ltd	Consumer Cyclical	42.96	0.30	0.00	Feb25	5.59
Edelweiss Mid Cap Dir Gr	INF843K01AO4	ITC Hotels Ltd	Consumer Cyclical	42.96	0.30	0.00	Mar25	15.51
Edelweiss Mid Cap Dir Gr	INF843K01AO4	ITC Hotels Ltd	Consumer Cyclical	42.96	0.30	0.00	Mar25	15.51
Edelweiss Mid Cap Dir Gr	INF843K01AO4	ITC Hotels Ltd	Consumer Cyclical	42.96	0.30	0.00	Apr25	12.51
Edelweiss Mid Cap Dir Gr	INF843K01AO4	ITC Hotels Ltd	Consumer Cyclical	42.96	0.30	0.00	May25	11.15
Edelweiss Mid Cap Dir Gr	INF843K01AO4	ITC Hotels Ltd	Consumer Cyclical	42.96	0.30	0.00	June25	10.18
Edelweiss Mid Cap Dir Gr	INF843K01AO4	ITC Hotels Ltd	Consumer Cyclical	42.96	0.30	0.00	July25	9.19
Edelweiss Mid Cap Dir Gr	INF843K01AO4	ITC Hotels Ltd	Consumer Cyclical	42.96	0.30	0.00	Aug25	8.13
Edelweiss Mid Cap Dir Gr	INF843K01AO4	Oberoi Realty Ltd	Real Estate	33.62	0.23	0.00	Oct24	5.55
Edelweiss Mid Cap Dir Gr	INF843K01AO4	Oberoi Realty Ltd	Real Estate	33.62	0.23	0.00	Nov24	7.52
Edelweiss Mid Cap Dir Gr	INF843K01AO4	Oberoi Realty Ltd	Real Estate	33.62	0.23	0.00	Dec24	3.56
Edelweiss Mid Cap Dir Gr	INF843K01AO4	Oberoi Realty Ltd	Real Estate	33.62	0.23	0.00	Jan25	5.32
Edelweiss Mid Cap Dir Gr	INF843K01AO4	Oberoi Realty Ltd	Real Estate	33.62	0.23	0.00	Feb25	5.59
Edelweiss Mid Cap Dir Gr	INF843K01AO4	Oberoi Realty Ltd	Real Estate	33.62	0.23	0.00	Mar25	15.51
Edelweiss Mid Cap Dir Gr	INF843K01AO4	Oberoi Realty Ltd	Real Estate	33.62	0.23	0.00	Mar25	15.51
Edelweiss Mid Cap Dir Gr	INF843K01AO4	Oberoi Realty Ltd	Real Estate	33.62	0.23	0.00	Apr25	12.51
Edelweiss Mid Cap Dir Gr	INF843K01AO4	Oberoi Realty Ltd	Real Estate	33.62	0.23	0.00	May25	11.15
Edelweiss Mid Cap Dir Gr	INF843K01AO4	Oberoi Realty Ltd	Real Estate	33.62	0.23	0.00	June25	10.18
Edelweiss Mid Cap Dir Gr	INF843K01AO4	Oberoi Realty Ltd	Real Estate	33.62	0.23	0.00	July25	9.19
Edelweiss Mid Cap Dir Gr	INF843K01AO4	Oberoi Realty Ltd	Real Estate	33.62	0.23	0.00	Aug25	8.13
Edelweiss Mid Cap Dir Gr	INF843K01AO4	Hero MotoCorp Ltd	Consumer Cyclical	26.95	0.19	0.00	Oct24	5.55
Edelweiss Mid Cap Dir Gr	INF843K01AO4	Hero MotoCorp Ltd	Consumer Cyclical	26.95	0.19	0.00	Nov24	7.52
Edelweiss Mid Cap Dir Gr	INF843K01AO4	Hero MotoCorp Ltd	Consumer Cyclical	26.95	0.19	0.00	Dec24	3.56
Edelweiss Mid Cap Dir Gr	INF843K01AO4	Hero MotoCorp Ltd	Consumer Cyclical	26.95	0.19	0.00	Jan25	5.32
Edelweiss Mid Cap Dir Gr	INF843K01AO4	Hero MotoCorp Ltd	Consumer Cyclical	26.95	0.19	0.00	Feb25	5.59
Edelweiss Mid Cap Dir Gr	INF843K01AO4	Hero MotoCorp Ltd	Consumer Cyclical	26.95	0.19	0.00	Mar25	15.51
Edelweiss Mid Cap Dir Gr	INF843K01AO4	Hero MotoCorp Ltd	Consumer Cyclical	26.95	0.19	0.00	Mar25	15.51
Edelweiss Mid Cap Dir Gr	INF843K01AO4	Hero MotoCorp Ltd	Consumer Cyclical	26.95	0.19	0.00	Apr25	12.51
Edelweiss Mid Cap Dir Gr	INF843K01AO4	Hero MotoCorp Ltd	Consumer Cyclical	26.95	0.19	0.00	May25	11.15
Edelweiss Mid Cap Dir Gr	INF843K01AO4	Hero MotoCorp Ltd	Consumer Cyclical	26.95	0.19	0.00	June25	10.18
Edelweiss Mid Cap Dir Gr	INF843K01AO4	Hero MotoCorp Ltd	Consumer Cyclical	26.95	0.19	0.00	July25	9.19
Edelweiss Mid Cap Dir Gr	INF843K01AO4	Hero MotoCorp Ltd	Consumer Cyclical	26.95	0.19	0.00	Aug25	8.13
Edelweiss Mid Cap Dir Gr	INF843K01AO4	Escorts Kubota Ltd	Industrials	17.12	0.12	-84.12	Oct24	5.55
Edelweiss Mid Cap Dir Gr	INF843K01AO4	Escorts Kubota Ltd	Industrials	17.12	0.12	-84.12	Nov24	7.52
Edelweiss Mid Cap Dir Gr	INF843K01AO4	Escorts Kubota Ltd	Industrials	17.12	0.12	-84.12	Dec24	3.56
Edelweiss Mid Cap Dir Gr	INF843K01AO4	Escorts Kubota Ltd	Industrials	17.12	0.12	-84.12	Jan25	5.32
Edelweiss Mid Cap Dir Gr	INF843K01AO4	Escorts Kubota Ltd	Industrials	17.12	0.12	-84.12	Feb25	5.59
Edelweiss Mid Cap Dir Gr	INF843K01AO4	Escorts Kubota Ltd	Industrials	17.12	0.12	-84.12	Mar25	15.51
Edelweiss Mid Cap Dir Gr	INF843K01AO4	Escorts Kubota Ltd	Industrials	17.12	0.12	-84.12	Mar25	15.51
Edelweiss Mid Cap Dir Gr	INF843K01AO4	Escorts Kubota Ltd	Industrials	17.12	0.12	-84.12	Apr25	12.51
Edelweiss Mid Cap Dir Gr	INF843K01AO4	Escorts Kubota Ltd	Industrials	17.12	0.12	-84.12	May25	11.15
Edelweiss Mid Cap Dir Gr	INF843K01AO4	Escorts Kubota Ltd	Industrials	17.12	0.12	-84.12	June25	10.18
Edelweiss Mid Cap Dir Gr	INF843K01AO4	Escorts Kubota Ltd	Industrials	17.12	0.12	-84.12	July25	9.19
Edelweiss Mid Cap Dir Gr	INF843K01AO4	Escorts Kubota Ltd	Industrials	17.12	0.12	-84.12	Aug25	8.13
Edelweiss Mid Cap Dir Gr	INF843K01AO4	Wakefit Innovations Ltd	Consumer Cyclical	7.66	0.05	0.00	Oct24	5.55
Edelweiss Mid Cap Dir Gr	INF843K01AO4	Wakefit Innovations Ltd	Consumer Cyclical	7.66	0.05	0.00	Nov24	7.52
Edelweiss Mid Cap Dir Gr	INF843K01AO4	Wakefit Innovations Ltd	Consumer Cyclical	7.66	0.05	0.00	Dec24	3.56
Edelweiss Mid Cap Dir Gr	INF843K01AO4	Wakefit Innovations Ltd	Consumer Cyclical	7.66	0.05	0.00	Jan25	5.32
Edelweiss Mid Cap Dir Gr	INF843K01AO4	Wakefit Innovations Ltd	Consumer Cyclical	7.66	0.05	0.00	Feb25	5.59
Edelweiss Mid Cap Dir Gr	INF843K01AO4	Wakefit Innovations Ltd	Consumer Cyclical	7.66	0.05	0.00	Mar25	15.51
Edelweiss Mid Cap Dir Gr	INF843K01AO4	Wakefit Innovations Ltd	Consumer Cyclical	7.66	0.05	0.00	Mar25	15.51
Edelweiss Mid Cap Dir Gr	INF843K01AO4	Wakefit Innovations Ltd	Consumer Cyclical	7.66	0.05	0.00	Apr25	12.51
Edelweiss Mid Cap Dir Gr	INF843K01AO4	Wakefit Innovations Ltd	Consumer Cyclical	7.66	0.05	0.00	May25	11.15
Edelweiss Mid Cap Dir Gr	INF843K01AO4	Wakefit Innovations Ltd	Consumer Cyclical	7.66	0.05	0.00	June25	10.18
Edelweiss Mid Cap Dir Gr	INF843K01AO4	Wakefit Innovations Ltd	Consumer Cyclical	7.66	0.05	0.00	July25	9.19
Edelweiss Mid Cap Dir Gr	INF843K01AO4	Wakefit Innovations Ltd	Consumer Cyclical	7.66	0.05	0.00	Aug25	8.13
Edelweiss Mid Cap Dir Gr	INF843K01AO4	Meesho Ltd	Consumer Cyclical	3.60	0.03	0.00	Oct24	5.55
Edelweiss Mid Cap Dir Gr	INF843K01AO4	Meesho Ltd	Consumer Cyclical	3.60	0.03	0.00	Nov24	7.52
Edelweiss Mid Cap Dir Gr	INF843K01AO4	Meesho Ltd	Consumer Cyclical	3.60	0.03	0.00	Dec24	3.56
Edelweiss Mid Cap Dir Gr	INF843K01AO4	Meesho Ltd	Consumer Cyclical	3.60	0.03	0.00	Jan25	5.32
Edelweiss Mid Cap Dir Gr	INF843K01AO4	Meesho Ltd	Consumer Cyclical	3.60	0.03	0.00	Feb25	5.59
Edelweiss Mid Cap Dir Gr	INF843K01AO4	Meesho Ltd	Consumer Cyclical	3.60	0.03	0.00	Mar25	15.51
Edelweiss Mid Cap Dir Gr	INF843K01AO4	Meesho Ltd	Consumer Cyclical	3.60	0.03	0.00	Mar25	15.51
Edelweiss Mid Cap Dir Gr	INF843K01AO4	Meesho Ltd	Consumer Cyclical	3.60	0.03	0.00	Apr25	12.51
Edelweiss Mid Cap Dir Gr	INF843K01AO4	Meesho Ltd	Consumer Cyclical	3.60	0.03	0.00	May25	11.15
Edelweiss Mid Cap Dir Gr	INF843K01AO4	Meesho Ltd	Consumer Cyclical	3.60	0.03	0.00	June25	10.18
Edelweiss Mid Cap Dir Gr	INF843K01AO4	Meesho Ltd	Consumer Cyclical	3.60	0.03	0.00	July25	9.19
Edelweiss Mid Cap Dir Gr	INF843K01AO4	Meesho Ltd	Consumer Cyclical	3.60	0.03	0.00	Aug25	8.13
Edelweiss Mid Cap Dir Gr	INF843K01AO4	Tvs Motor Company Limited		1.21	0.01	0.00	Oct24	5.55
Edelweiss Mid Cap Dir Gr	INF843K01AO4	Tvs Motor Company Limited		1.21	0.01	0.00	Nov24	7.52
Edelweiss Mid Cap Dir Gr	INF843K01AO4	Tvs Motor Company Limited		1.21	0.01	0.00	Dec24	3.56
Edelweiss Mid Cap Dir Gr	INF843K01AO4	Tvs Motor Company Limited		1.21	0.01	0.00	Jan25	5.32
Edelweiss Mid Cap Dir Gr	INF843K01AO4	Tvs Motor Company Limited		1.21	0.01	0.00	Feb25	5.59
Edelweiss Mid Cap Dir Gr	INF843K01AO4	Tvs Motor Company Limited		1.21	0.01	0.00	Mar25	15.51
Edelweiss Mid Cap Dir Gr	INF843K01AO4	Tvs Motor Company Limited		1.21	0.01	0.00	Mar25	15.51
Edelweiss Mid Cap Dir Gr	INF843K01AO4	Tvs Motor Company Limited		1.21	0.01	0.00	Apr25	12.51
Edelweiss Mid Cap Dir Gr	INF843K01AO4	Tvs Motor Company Limited		1.21	0.01	0.00	May25	11.15
Edelweiss Mid Cap Dir Gr	INF843K01AO4	Tvs Motor Company Limited		1.21	0.01	0.00	June25	10.18
Edelweiss Mid Cap Dir Gr	INF843K01AO4	Tvs Motor Company Limited		1.21	0.01	0.00	July25	9.19
Edelweiss Mid Cap Dir Gr	INF843K01AO4	Tvs Motor Company Limited		1.21	0.01	0.00	Aug25	8.13
Edelweiss Mid Cap Dir Gr	INF843K01AO4	Accrued Interest		0.14	0.00		Oct24	5.55
Edelweiss Mid Cap Dir Gr	INF843K01AO4	Accrued Interest		0.14	0.00		Nov24	7.52
Edelweiss Mid Cap Dir Gr	INF843K01AO4	Accrued Interest		0.14	0.00		Dec24	3.56
Edelweiss Mid Cap Dir Gr	INF843K01AO4	Accrued Interest		0.14	0.00		Jan25	5.32
Edelweiss Mid Cap Dir Gr	INF843K01AO4	Accrued Interest		0.14	0.00		Feb25	5.59
Edelweiss Mid Cap Dir Gr	INF843K01AO4	Accrued Interest		0.14	0.00		Mar25	15.51
Edelweiss Mid Cap Dir Gr	INF843K01AO4	Accrued Interest		0.14	0.00		Mar25	15.51
Edelweiss Mid Cap Dir Gr	INF843K01AO4	Accrued Interest		0.14	0.00		Apr25	12.51
Edelweiss Mid Cap Dir Gr	INF843K01AO4	Accrued Interest		0.14	0.00		May25	11.15
Edelweiss Mid Cap Dir Gr	INF843K01AO4	Accrued Interest		0.14	0.00		June25	10.18
Edelweiss Mid Cap Dir Gr	INF843K01AO4	Accrued Interest		0.14	0.00		July25	9.19
Edelweiss Mid Cap Dir Gr	INF843K01AO4	Accrued Interest		0.14	0.00		Aug25	8.13
Edelweiss Mid Cap Dir Gr	INF843K01AO4	Mphasis Ltd		0.00	0.00	-100.00	Oct24	5.55
Edelweiss Mid Cap Dir Gr	INF843K01AO4	Mphasis Ltd		0.00	0.00	-100.00	Nov24	7.52
Edelweiss Mid Cap Dir Gr	INF843K01AO4	Mphasis Ltd		0.00	0.00	-100.00	Dec24	3.56
Edelweiss Mid Cap Dir Gr	INF843K01AO4	Mphasis Ltd		0.00	0.00	-100.00	Jan25	5.32
Edelweiss Mid Cap Dir Gr	INF843K01AO4	Mphasis Ltd		0.00	0.00	-100.00	Feb25	5.59
Edelweiss Mid Cap Dir Gr	INF843K01AO4	Mphasis Ltd		0.00	0.00	-100.00	Mar25	15.51
Edelweiss Mid Cap Dir Gr	INF843K01AO4	Mphasis Ltd		0.00	0.00	-100.00	Mar25	15.51
Edelweiss Mid Cap Dir Gr	INF843K01AO4	Mphasis Ltd		0.00	0.00	-100.00	Apr25	12.51
Edelweiss Mid Cap Dir Gr	INF843K01AO4	Mphasis Ltd		0.00	0.00	-100.00	May25	11.15
Edelweiss Mid Cap Dir Gr	INF843K01AO4	Mphasis Ltd		0.00	0.00	-100.00	June25	10.18
Edelweiss Mid Cap Dir Gr	INF843K01AO4	Mphasis Ltd		0.00	0.00	-100.00	July25	9.19
Edelweiss Mid Cap Dir Gr	INF843K01AO4	Mphasis Ltd		0.00	0.00	-100.00	Aug25	8.13
