schemeName	isin	stock_name	sector	market_value	weight	change_1m	period	weightage
Bandhan Large & Mid Cap Dir Gr	INF194K01V89	Triparty Repo Trp_020326_val		883.33	5.98		Oct24	5.55
Bandhan Large & Mid Cap Dir Gr	INF194K01V89	Triparty Repo Trp_020326_val		883.33	5.98		Nov24	7.52
Bandhan Large & Mid Cap Dir Gr	INF194K01V89	Triparty Repo Trp_020326_val		883.33	5.98		Dec24	3.56
Bandhan Large & Mid Cap Dir Gr	INF194K01V89	Triparty Repo Trp_020326_val		883.33	5.98		Jan25	5.32
Bandhan Large & Mid Cap Dir Gr	INF194K01V89	Triparty Repo Trp_020326_val		883.33	5.98		Feb25	5.59
Bandhan Large & Mid Cap Dir Gr	INF194K01V89	Triparty Repo Trp_020326_val		883.33	5.98		Mar25	15.51
Bandhan Large & Mid Cap Dir Gr	INF194K01V89	Triparty Repo Trp_020326_val		883.33	5.98		Mar25	15.51
Bandhan Large & Mid Cap Dir Gr	INF194K01V89	Triparty Repo Trp_020326_val		883.33	5.98		Apr25	12.51
Bandhan Large & Mid Cap Dir Gr	INF194K01V89	Triparty Repo Trp_020326_val		883.33	5.98		May25	11.15
Bandhan Large & Mid Cap Dir Gr	INF194K01V89	Triparty Repo Trp_020326_val		883.33	5.98		June25	10.18
Bandhan Large & Mid Cap Dir Gr	INF194K01V89	Triparty Repo Trp_020326_val		883.33	5.98		July25	9.19
Bandhan Large & Mid Cap Dir Gr	INF194K01V89	Triparty Repo Trp_020326_val		883.33	5.98		Aug25	8.13
Bandhan Large & Mid Cap Dir Gr	INF194K01V89	HDFC Bank Ltd	Financial Services	670.73	4.54	5.59	Oct24	5.55
Bandhan Large & Mid Cap Dir Gr	INF194K01V89	HDFC Bank Ltd	Financial Services	670.73	4.54	5.59	Nov24	7.52
Bandhan Large & Mid Cap Dir Gr	INF194K01V89	HDFC Bank Ltd	Financial Services	670.73	4.54	5.59	Dec24	3.56
Bandhan Large & Mid Cap Dir Gr	INF194K01V89	HDFC Bank Ltd	Financial Services	670.73	4.54	5.59	Jan25	5.32
Bandhan Large & Mid Cap Dir Gr	INF194K01V89	HDFC Bank Ltd	Financial Services	670.73	4.54	5.59	Feb25	5.59
Bandhan Large & Mid Cap Dir Gr	INF194K01V89	HDFC Bank Ltd	Financial Services	670.73	4.54	5.59	Mar25	15.51
Bandhan Large & Mid Cap Dir Gr	INF194K01V89	HDFC Bank Ltd	Financial Services	670.73	4.54	5.59	Mar25	15.51
Bandhan Large & Mid Cap Dir Gr	INF194K01V89	HDFC Bank Ltd	Financial Services	670.73	4.54	5.59	Apr25	12.51
Bandhan Large & Mid Cap Dir Gr	INF194K01V89	HDFC Bank Ltd	Financial Services	670.73	4.54	5.59	May25	11.15
Bandhan Large & Mid Cap Dir Gr	INF194K01V89	HDFC Bank Ltd	Financial Services	670.73	4.54	5.59	June25	10.18
Bandhan Large & Mid Cap Dir Gr	INF194K01V89	HDFC Bank Ltd	Financial Services	670.73	4.54	5.59	July25	9.19
Bandhan Large & Mid Cap Dir Gr	INF194K01V89	HDFC Bank Ltd	Financial Services	670.73	4.54	5.59	Aug25	8.13
Bandhan Large & Mid Cap Dir Gr	INF194K01V89	State Bank of India	Financial Services	455.59	3.08	-19.18	Oct24	5.55
Bandhan Large & Mid Cap Dir Gr	INF194K01V89	State Bank of India	Financial Services	455.59	3.08	-19.18	Nov24	7.52
Bandhan Large & Mid Cap Dir Gr	INF194K01V89	State Bank of India	Financial Services	455.59	3.08	-19.18	Dec24	3.56
Bandhan Large & Mid Cap Dir Gr	INF194K01V89	State Bank of India	Financial Services	455.59	3.08	-19.18	Jan25	5.32
Bandhan Large & Mid Cap Dir Gr	INF194K01V89	State Bank of India	Financial Services	455.59	3.08	-19.18	Feb25	5.59
Bandhan Large & Mid Cap Dir Gr	INF194K01V89	State Bank of India	Financial Services	455.59	3.08	-19.18	Mar25	15.51
Bandhan Large & Mid Cap Dir Gr	INF194K01V89	State Bank of India	Financial Services	455.59	3.08	-19.18	Mar25	15.51
Bandhan Large & Mid Cap Dir Gr	INF194K01V89	State Bank of India	Financial Services	455.59	3.08	-19.18	Apr25	12.51
Bandhan Large & Mid Cap Dir Gr	INF194K01V89	State Bank of India	Financial Services	455.59	3.08	-19.18	May25	11.15
Bandhan Large & Mid Cap Dir Gr	INF194K01V89	State Bank of India	Financial Services	455.59	3.08	-19.18	June25	10.18
Bandhan Large & Mid Cap Dir Gr	INF194K01V89	State Bank of India	Financial Services	455.59	3.08	-19.18	July25	9.19
Bandhan Large & Mid Cap Dir Gr	INF194K01V89	State Bank of India	Financial Services	455.59	3.08	-19.18	Aug25	8.13
Bandhan Large & Mid Cap Dir Gr	INF194K01V89	ICICI Bank Ltd	Financial Services	446.49	3.02	6.58	Oct24	5.55
Bandhan Large & Mid Cap Dir Gr	INF194K01V89	ICICI Bank Ltd	Financial Services	446.49	3.02	6.58	Nov24	7.52
Bandhan Large & Mid Cap Dir Gr	INF194K01V89	ICICI Bank Ltd	Financial Services	446.49	3.02	6.58	Dec24	3.56
Bandhan Large & Mid Cap Dir Gr	INF194K01V89	ICICI Bank Ltd	Financial Services	446.49	3.02	6.58	Jan25	5.32
Bandhan Large & Mid Cap Dir Gr	INF194K01V89	ICICI Bank Ltd	Financial Services	446.49	3.02	6.58	Feb25	5.59
Bandhan Large & Mid Cap Dir Gr	INF194K01V89	ICICI Bank Ltd	Financial Services	446.49	3.02	6.58	Mar25	15.51
Bandhan Large & Mid Cap Dir Gr	INF194K01V89	ICICI Bank Ltd	Financial Services	446.49	3.02	6.58	Mar25	15.51
Bandhan Large & Mid Cap Dir Gr	INF194K01V89	ICICI Bank Ltd	Financial Services	446.49	3.02	6.58	Apr25	12.51
Bandhan Large & Mid Cap Dir Gr	INF194K01V89	ICICI Bank Ltd	Financial Services	446.49	3.02	6.58	May25	11.15
Bandhan Large & Mid Cap Dir Gr	INF194K01V89	ICICI Bank Ltd	Financial Services	446.49	3.02	6.58	June25	10.18
Bandhan Large & Mid Cap Dir Gr	INF194K01V89	ICICI Bank Ltd	Financial Services	446.49	3.02	6.58	July25	9.19
Bandhan Large & Mid Cap Dir Gr	INF194K01V89	ICICI Bank Ltd	Financial Services	446.49	3.02	6.58	Aug25	8.13
Bandhan Large & Mid Cap Dir Gr	INF194K01V89	Axis Bank Ltd	Financial Services	433.86	2.94	10.58	Oct24	5.55
Bandhan Large & Mid Cap Dir Gr	INF194K01V89	Axis Bank Ltd	Financial Services	433.86	2.94	10.58	Nov24	7.52
Bandhan Large & Mid Cap Dir Gr	INF194K01V89	Axis Bank Ltd	Financial Services	433.86	2.94	10.58	Dec24	3.56
Bandhan Large & Mid Cap Dir Gr	INF194K01V89	Axis Bank Ltd	Financial Services	433.86	2.94	10.58	Jan25	5.32
Bandhan Large & Mid Cap Dir Gr	INF194K01V89	Axis Bank Ltd	Financial Services	433.86	2.94	10.58	Feb25	5.59
Bandhan Large & Mid Cap Dir Gr	INF194K01V89	Axis Bank Ltd	Financial Services	433.86	2.94	10.58	Mar25	15.51
Bandhan Large & Mid Cap Dir Gr	INF194K01V89	Axis Bank Ltd	Financial Services	433.86	2.94	10.58	Mar25	15.51
Bandhan Large & Mid Cap Dir Gr	INF194K01V89	Axis Bank Ltd	Financial Services	433.86	2.94	10.58	Apr25	12.51
Bandhan Large & Mid Cap Dir Gr	INF194K01V89	Axis Bank Ltd	Financial Services	433.86	2.94	10.58	May25	11.15
Bandhan Large & Mid Cap Dir Gr	INF194K01V89	Axis Bank Ltd	Financial Services	433.86	2.94	10.58	June25	10.18
Bandhan Large & Mid Cap Dir Gr	INF194K01V89	Axis Bank Ltd	Financial Services	433.86	2.94	10.58	July25	9.19
Bandhan Large & Mid Cap Dir Gr	INF194K01V89	Axis Bank Ltd	Financial Services	433.86	2.94	10.58	Aug25	8.13
Bandhan Large & Mid Cap Dir Gr	INF194K01V89	HDFC Asset Management Co Ltd	Financial Services	389.54	2.64	16.08	Oct24	5.55
Bandhan Large & Mid Cap Dir Gr	INF194K01V89	HDFC Asset Management Co Ltd	Financial Services	389.54	2.64	16.08	Nov24	7.52
Bandhan Large & Mid Cap Dir Gr	INF194K01V89	HDFC Asset Management Co Ltd	Financial Services	389.54	2.64	16.08	Dec24	3.56
Bandhan Large & Mid Cap Dir Gr	INF194K01V89	HDFC Asset Management Co Ltd	Financial Services	389.54	2.64	16.08	Jan25	5.32
Bandhan Large & Mid Cap Dir Gr	INF194K01V89	HDFC Asset Management Co Ltd	Financial Services	389.54	2.64	16.08	Feb25	5.59
Bandhan Large & Mid Cap Dir Gr	INF194K01V89	HDFC Asset Management Co Ltd	Financial Services	389.54	2.64	16.08	Mar25	15.51
Bandhan Large & Mid Cap Dir Gr	INF194K01V89	HDFC Asset Management Co Ltd	Financial Services	389.54	2.64	16.08	Mar25	15.51
Bandhan Large & Mid Cap Dir Gr	INF194K01V89	HDFC Asset Management Co Ltd	Financial Services	389.54	2.64	16.08	Apr25	12.51
Bandhan Large & Mid Cap Dir Gr	INF194K01V89	HDFC Asset Management Co Ltd	Financial Services	389.54	2.64	16.08	May25	11.15
Bandhan Large & Mid Cap Dir Gr	INF194K01V89	HDFC Asset Management Co Ltd	Financial Services	389.54	2.64	16.08	June25	10.18
Bandhan Large & Mid Cap Dir Gr	INF194K01V89	HDFC Asset Management Co Ltd	Financial Services	389.54	2.64	16.08	July25	9.19
Bandhan Large & Mid Cap Dir Gr	INF194K01V89	HDFC Asset Management Co Ltd	Financial Services	389.54	2.64	16.08	Aug25	8.13
Bandhan Large & Mid Cap Dir Gr	INF194K01V89	One97 Communications Ltd	Technology	387.74	2.62	13.69	Oct24	5.55
Bandhan Large & Mid Cap Dir Gr	INF194K01V89	One97 Communications Ltd	Technology	387.74	2.62	13.69	Nov24	7.52
Bandhan Large & Mid Cap Dir Gr	INF194K01V89	One97 Communications Ltd	Technology	387.74	2.62	13.69	Dec24	3.56
Bandhan Large & Mid Cap Dir Gr	INF194K01V89	One97 Communications Ltd	Technology	387.74	2.62	13.69	Jan25	5.32
Bandhan Large & Mid Cap Dir Gr	INF194K01V89	One97 Communications Ltd	Technology	387.74	2.62	13.69	Feb25	5.59
Bandhan Large & Mid Cap Dir Gr	INF194K01V89	One97 Communications Ltd	Technology	387.74	2.62	13.69	Mar25	15.51
Bandhan Large & Mid Cap Dir Gr	INF194K01V89	One97 Communications Ltd	Technology	387.74	2.62	13.69	Mar25	15.51
Bandhan Large & Mid Cap Dir Gr	INF194K01V89	One97 Communications Ltd	Technology	387.74	2.62	13.69	Apr25	12.51
Bandhan Large & Mid Cap Dir Gr	INF194K01V89	One97 Communications Ltd	Technology	387.74	2.62	13.69	May25	11.15
Bandhan Large & Mid Cap Dir Gr	INF194K01V89	One97 Communications Ltd	Technology	387.74	2.62	13.69	June25	10.18
Bandhan Large & Mid Cap Dir Gr	INF194K01V89	One97 Communications Ltd	Technology	387.74	2.62	13.69	July25	9.19
Bandhan Large & Mid Cap Dir Gr	INF194K01V89	One97 Communications Ltd	Technology	387.74	2.62	13.69	Aug25	8.13
Bandhan Large & Mid Cap Dir Gr	INF194K01V89	Great Eastern Shipping Co Ltd	Industrials	336.14	2.27	2.03	Oct24	5.55
Bandhan Large & Mid Cap Dir Gr	INF194K01V89	Great Eastern Shipping Co Ltd	Industrials	336.14	2.27	2.03	Nov24	7.52
Bandhan Large & Mid Cap Dir Gr	INF194K01V89	Great Eastern Shipping Co Ltd	Industrials	336.14	2.27	2.03	Dec24	3.56
Bandhan Large & Mid Cap Dir Gr	INF194K01V89	Great Eastern Shipping Co Ltd	Industrials	336.14	2.27	2.03	Jan25	5.32
Bandhan Large & Mid Cap Dir Gr	INF194K01V89	Great Eastern Shipping Co Ltd	Industrials	336.14	2.27	2.03	Feb25	5.59
Bandhan Large & Mid Cap Dir Gr	INF194K01V89	Great Eastern Shipping Co Ltd	Industrials	336.14	2.27	2.03	Mar25	15.51
Bandhan Large & Mid Cap Dir Gr	INF194K01V89	Great Eastern Shipping Co Ltd	Industrials	336.14	2.27	2.03	Mar25	15.51
Bandhan Large & Mid Cap Dir Gr	INF194K01V89	Great Eastern Shipping Co Ltd	Industrials	336.14	2.27	2.03	Apr25	12.51
Bandhan Large & Mid Cap Dir Gr	INF194K01V89	Great Eastern Shipping Co Ltd	Industrials	336.14	2.27	2.03	May25	11.15
Bandhan Large & Mid Cap Dir Gr	INF194K01V89	Great Eastern Shipping Co Ltd	Industrials	336.14	2.27	2.03	June25	10.18
Bandhan Large & Mid Cap Dir Gr	INF194K01V89	Great Eastern Shipping Co Ltd	Industrials	336.14	2.27	2.03	July25	9.19
Bandhan Large & Mid Cap Dir Gr	INF194K01V89	Great Eastern Shipping Co Ltd	Industrials	336.14	2.27	2.03	Aug25	8.13
Bandhan Large & Mid Cap Dir Gr	INF194K01V89	ICICI Lombard General Insurance Co Ltd	Financial Services	320.39	2.17	9.77	Oct24	5.55
Bandhan Large & Mid Cap Dir Gr	INF194K01V89	ICICI Lombard General Insurance Co Ltd	Financial Services	320.39	2.17	9.77	Nov24	7.52
Bandhan Large & Mid Cap Dir Gr	INF194K01V89	ICICI Lombard General Insurance Co Ltd	Financial Services	320.39	2.17	9.77	Dec24	3.56
Bandhan Large & Mid Cap Dir Gr	INF194K01V89	ICICI Lombard General Insurance Co Ltd	Financial Services	320.39	2.17	9.77	Jan25	5.32
Bandhan Large & Mid Cap Dir Gr	INF194K01V89	ICICI Lombard General Insurance Co Ltd	Financial Services	320.39	2.17	9.77	Feb25	5.59
Bandhan Large & Mid Cap Dir Gr	INF194K01V89	ICICI Lombard General Insurance Co Ltd	Financial Services	320.39	2.17	9.77	Mar25	15.51
Bandhan Large & Mid Cap Dir Gr	INF194K01V89	ICICI Lombard General Insurance Co Ltd	Financial Services	320.39	2.17	9.77	Mar25	15.51
Bandhan Large & Mid Cap Dir Gr	INF194K01V89	ICICI Lombard General Insurance Co Ltd	Financial Services	320.39	2.17	9.77	Apr25	12.51
Bandhan Large & Mid Cap Dir Gr	INF194K01V89	ICICI Lombard General Insurance Co Ltd	Financial Services	320.39	2.17	9.77	May25	11.15
Bandhan Large & Mid Cap Dir Gr	INF194K01V89	ICICI Lombard General Insurance Co Ltd	Financial Services	320.39	2.17	9.77	June25	10.18
Bandhan Large & Mid Cap Dir Gr	INF194K01V89	ICICI Lombard General Insurance Co Ltd	Financial Services	320.39	2.17	9.77	July25	9.19
Bandhan Large & Mid Cap Dir Gr	INF194K01V89	ICICI Lombard General Insurance Co Ltd	Financial Services	320.39	2.17	9.77	Aug25	8.13
Bandhan Large & Mid Cap Dir Gr	INF194K01V89	Larsen & Toubro Ltd	Industrials	289.22	1.96	-2.17	Oct24	5.55
Bandhan Large & Mid Cap Dir Gr	INF194K01V89	Larsen & Toubro Ltd	Industrials	289.22	1.96	-2.17	Nov24	7.52
Bandhan Large & Mid Cap Dir Gr	INF194K01V89	Larsen & Toubro Ltd	Industrials	289.22	1.96	-2.17	Dec24	3.56
Bandhan Large & Mid Cap Dir Gr	INF194K01V89	Larsen & Toubro Ltd	Industrials	289.22	1.96	-2.17	Jan25	5.32
Bandhan Large & Mid Cap Dir Gr	INF194K01V89	Larsen & Toubro Ltd	Industrials	289.22	1.96	-2.17	Feb25	5.59
Bandhan Large & Mid Cap Dir Gr	INF194K01V89	Larsen & Toubro Ltd	Industrials	289.22	1.96	-2.17	Mar25	15.51
Bandhan Large & Mid Cap Dir Gr	INF194K01V89	Larsen & Toubro Ltd	Industrials	289.22	1.96	-2.17	Mar25	15.51
Bandhan Large & Mid Cap Dir Gr	INF194K01V89	Larsen & Toubro Ltd	Industrials	289.22	1.96	-2.17	Apr25	12.51
Bandhan Large & Mid Cap Dir Gr	INF194K01V89	Larsen & Toubro Ltd	Industrials	289.22	1.96	-2.17	May25	11.15
Bandhan Large & Mid Cap Dir Gr	INF194K01V89	Larsen & Toubro Ltd	Industrials	289.22	1.96	-2.17	June25	10.18
Bandhan Large & Mid Cap Dir Gr	INF194K01V89	Larsen & Toubro Ltd	Industrials	289.22	1.96	-2.17	July25	9.19
Bandhan Large & Mid Cap Dir Gr	INF194K01V89	Larsen & Toubro Ltd	Industrials	289.22	1.96	-2.17	Aug25	8.13
Bandhan Large & Mid Cap Dir Gr	INF194K01V89	Reliance Industries Ltd	Energy	282.89	1.91	88.00	Oct24	5.55
Bandhan Large & Mid Cap Dir Gr	INF194K01V89	Reliance Industries Ltd	Energy	282.89	1.91	88.00	Nov24	7.52
Bandhan Large & Mid Cap Dir Gr	INF194K01V89	Reliance Industries Ltd	Energy	282.89	1.91	88.00	Dec24	3.56
Bandhan Large & Mid Cap Dir Gr	INF194K01V89	Reliance Industries Ltd	Energy	282.89	1.91	88.00	Jan25	5.32
Bandhan Large & Mid Cap Dir Gr	INF194K01V89	Reliance Industries Ltd	Energy	282.89	1.91	88.00	Feb25	5.59
Bandhan Large & Mid Cap Dir Gr	INF194K01V89	Reliance Industries Ltd	Energy	282.89	1.91	88.00	Mar25	15.51
Bandhan Large & Mid Cap Dir Gr	INF194K01V89	Reliance Industries Ltd	Energy	282.89	1.91	88.00	Mar25	15.51
Bandhan Large & Mid Cap Dir Gr	INF194K01V89	Reliance Industries Ltd	Energy	282.89	1.91	88.00	Apr25	12.51
Bandhan Large & Mid Cap Dir Gr	INF194K01V89	Reliance Industries Ltd	Energy	282.89	1.91	88.00	May25	11.15
Bandhan Large & Mid Cap Dir Gr	INF194K01V89	Reliance Industries Ltd	Energy	282.89	1.91	88.00	June25	10.18
Bandhan Large & Mid Cap Dir Gr	INF194K01V89	Reliance Industries Ltd	Energy	282.89	1.91	88.00	July25	9.19
Bandhan Large & Mid Cap Dir Gr	INF194K01V89	Reliance Industries Ltd	Energy	282.89	1.91	88.00	Aug25	8.13
Bandhan Large & Mid Cap Dir Gr	INF194K01V89	Infosys Ltd	Technology	255.82	1.73	-1.42	Oct24	5.55
Bandhan Large & Mid Cap Dir Gr	INF194K01V89	Infosys Ltd	Technology	255.82	1.73	-1.42	Nov24	7.52
Bandhan Large & Mid Cap Dir Gr	INF194K01V89	Infosys Ltd	Technology	255.82	1.73	-1.42	Dec24	3.56
Bandhan Large & Mid Cap Dir Gr	INF194K01V89	Infosys Ltd	Technology	255.82	1.73	-1.42	Jan25	5.32
Bandhan Large & Mid Cap Dir Gr	INF194K01V89	Infosys Ltd	Technology	255.82	1.73	-1.42	Feb25	5.59
Bandhan Large & Mid Cap Dir Gr	INF194K01V89	Infosys Ltd	Technology	255.82	1.73	-1.42	Mar25	15.51
Bandhan Large & Mid Cap Dir Gr	INF194K01V89	Infosys Ltd	Technology	255.82	1.73	-1.42	Mar25	15.51
Bandhan Large & Mid Cap Dir Gr	INF194K01V89	Infosys Ltd	Technology	255.82	1.73	-1.42	Apr25	12.51
Bandhan Large & Mid Cap Dir Gr	INF194K01V89	Infosys Ltd	Technology	255.82	1.73	-1.42	May25	11.15
Bandhan Large & Mid Cap Dir Gr	INF194K01V89	Infosys Ltd	Technology	255.82	1.73	-1.42	June25	10.18
Bandhan Large & Mid Cap Dir Gr	INF194K01V89	Infosys Ltd	Technology	255.82	1.73	-1.42	July25	9.19
Bandhan Large & Mid Cap Dir Gr	INF194K01V89	Infosys Ltd	Technology	255.82	1.73	-1.42	Aug25	8.13
Bandhan Large & Mid Cap Dir Gr	INF194K01V89	LIC Housing Finance Ltd	Financial Services	250.68	1.70	5.67	Oct24	5.55
Bandhan Large & Mid Cap Dir Gr	INF194K01V89	LIC Housing Finance Ltd	Financial Services	250.68	1.70	5.67	Nov24	7.52
Bandhan Large & Mid Cap Dir Gr	INF194K01V89	LIC Housing Finance Ltd	Financial Services	250.68	1.70	5.67	Dec24	3.56
Bandhan Large & Mid Cap Dir Gr	INF194K01V89	LIC Housing Finance Ltd	Financial Services	250.68	1.70	5.67	Jan25	5.32
Bandhan Large & Mid Cap Dir Gr	INF194K01V89	LIC Housing Finance Ltd	Financial Services	250.68	1.70	5.67	Feb25	5.59
Bandhan Large & Mid Cap Dir Gr	INF194K01V89	LIC Housing Finance Ltd	Financial Services	250.68	1.70	5.67	Mar25	15.51
Bandhan Large & Mid Cap Dir Gr	INF194K01V89	LIC Housing Finance Ltd	Financial Services	250.68	1.70	5.67	Mar25	15.51
Bandhan Large & Mid Cap Dir Gr	INF194K01V89	LIC Housing Finance Ltd	Financial Services	250.68	1.70	5.67	Apr25	12.51
Bandhan Large & Mid Cap Dir Gr	INF194K01V89	LIC Housing Finance Ltd	Financial Services	250.68	1.70	5.67	May25	11.15
Bandhan Large & Mid Cap Dir Gr	INF194K01V89	LIC Housing Finance Ltd	Financial Services	250.68	1.70	5.67	June25	10.18
Bandhan Large & Mid Cap Dir Gr	INF194K01V89	LIC Housing Finance Ltd	Financial Services	250.68	1.70	5.67	July25	9.19
Bandhan Large & Mid Cap Dir Gr	INF194K01V89	LIC Housing Finance Ltd	Financial Services	250.68	1.70	5.67	Aug25	8.13
Bandhan Large & Mid Cap Dir Gr	INF194K01V89	Mankind Pharma Ltd	Healthcare	223.12	1.51	8.02	Oct24	5.55
Bandhan Large & Mid Cap Dir Gr	INF194K01V89	Mankind Pharma Ltd	Healthcare	223.12	1.51	8.02	Nov24	7.52
Bandhan Large & Mid Cap Dir Gr	INF194K01V89	Mankind Pharma Ltd	Healthcare	223.12	1.51	8.02	Dec24	3.56
Bandhan Large & Mid Cap Dir Gr	INF194K01V89	Mankind Pharma Ltd	Healthcare	223.12	1.51	8.02	Jan25	5.32
Bandhan Large & Mid Cap Dir Gr	INF194K01V89	Mankind Pharma Ltd	Healthcare	223.12	1.51	8.02	Feb25	5.59
Bandhan Large & Mid Cap Dir Gr	INF194K01V89	Mankind Pharma Ltd	Healthcare	223.12	1.51	8.02	Mar25	15.51
Bandhan Large & Mid Cap Dir Gr	INF194K01V89	Mankind Pharma Ltd	Healthcare	223.12	1.51	8.02	Mar25	15.51
Bandhan Large & Mid Cap Dir Gr	INF194K01V89	Mankind Pharma Ltd	Healthcare	223.12	1.51	8.02	Apr25	12.51
Bandhan Large & Mid Cap Dir Gr	INF194K01V89	Mankind Pharma Ltd	Healthcare	223.12	1.51	8.02	May25	11.15
Bandhan Large & Mid Cap Dir Gr	INF194K01V89	Mankind Pharma Ltd	Healthcare	223.12	1.51	8.02	June25	10.18
Bandhan Large & Mid Cap Dir Gr	INF194K01V89	Mankind Pharma Ltd	Healthcare	223.12	1.51	8.02	July25	9.19
Bandhan Large & Mid Cap Dir Gr	INF194K01V89	Mankind Pharma Ltd	Healthcare	223.12	1.51	8.02	Aug25	8.13
Bandhan Large & Mid Cap Dir Gr	INF194K01V89	General Insurance Corp of India	Financial Services	220.56	1.49	2.67	Oct24	5.55
Bandhan Large & Mid Cap Dir Gr	INF194K01V89	General Insurance Corp of India	Financial Services	220.56	1.49	2.67	Nov24	7.52
Bandhan Large & Mid Cap Dir Gr	INF194K01V89	General Insurance Corp of India	Financial Services	220.56	1.49	2.67	Dec24	3.56
Bandhan Large & Mid Cap Dir Gr	INF194K01V89	General Insurance Corp of India	Financial Services	220.56	1.49	2.67	Jan25	5.32
Bandhan Large & Mid Cap Dir Gr	INF194K01V89	General Insurance Corp of India	Financial Services	220.56	1.49	2.67	Feb25	5.59
Bandhan Large & Mid Cap Dir Gr	INF194K01V89	General Insurance Corp of India	Financial Services	220.56	1.49	2.67	Mar25	15.51
Bandhan Large & Mid Cap Dir Gr	INF194K01V89	General Insurance Corp of India	Financial Services	220.56	1.49	2.67	Mar25	15.51
Bandhan Large & Mid Cap Dir Gr	INF194K01V89	General Insurance Corp of India	Financial Services	220.56	1.49	2.67	Apr25	12.51
Bandhan Large & Mid Cap Dir Gr	INF194K01V89	General Insurance Corp of India	Financial Services	220.56	1.49	2.67	May25	11.15
Bandhan Large & Mid Cap Dir Gr	INF194K01V89	General Insurance Corp of India	Financial Services	220.56	1.49	2.67	June25	10.18
Bandhan Large & Mid Cap Dir Gr	INF194K01V89	General Insurance Corp of India	Financial Services	220.56	1.49	2.67	July25	9.19
Bandhan Large & Mid Cap Dir Gr	INF194K01V89	General Insurance Corp of India	Financial Services	220.56	1.49	2.67	Aug25	8.13
Bandhan Large & Mid Cap Dir Gr	INF194K01V89	Bharti Airtel Ltd	Communication Services	215.63	1.46	15.04	Oct24	5.55
Bandhan Large & Mid Cap Dir Gr	INF194K01V89	Bharti Airtel Ltd	Communication Services	215.63	1.46	15.04	Nov24	7.52
Bandhan Large & Mid Cap Dir Gr	INF194K01V89	Bharti Airtel Ltd	Communication Services	215.63	1.46	15.04	Dec24	3.56
Bandhan Large & Mid Cap Dir Gr	INF194K01V89	Bharti Airtel Ltd	Communication Services	215.63	1.46	15.04	Jan25	5.32
Bandhan Large & Mid Cap Dir Gr	INF194K01V89	Bharti Airtel Ltd	Communication Services	215.63	1.46	15.04	Feb25	5.59
Bandhan Large & Mid Cap Dir Gr	INF194K01V89	Bharti Airtel Ltd	Communication Services	215.63	1.46	15.04	Mar25	15.51
Bandhan Large & Mid Cap Dir Gr	INF194K01V89	Bharti Airtel Ltd	Communication Services	215.63	1.46	15.04	Mar25	15.51
Bandhan Large & Mid Cap Dir Gr	INF194K01V89	Bharti Airtel Ltd	Communication Services	215.63	1.46	15.04	Apr25	12.51
Bandhan Large & Mid Cap Dir Gr	INF194K01V89	Bharti Airtel Ltd	Communication Services	215.63	1.46	15.04	May25	11.15
Bandhan Large & Mid Cap Dir Gr	INF194K01V89	Bharti Airtel Ltd	Communication Services	215.63	1.46	15.04	June25	10.18
Bandhan Large & Mid Cap Dir Gr	INF194K01V89	Bharti Airtel Ltd	Communication Services	215.63	1.46	15.04	July25	9.19
Bandhan Large & Mid Cap Dir Gr	INF194K01V89	Bharti Airtel Ltd	Communication Services	215.63	1.46	15.04	Aug25	8.13
Bandhan Large & Mid Cap Dir Gr	INF194K01V89	Info Edge (India) Ltd	Communication Services	210.33	1.42	-16.28	Oct24	5.55
Bandhan Large & Mid Cap Dir Gr	INF194K01V89	Info Edge (India) Ltd	Communication Services	210.33	1.42	-16.28	Nov24	7.52
Bandhan Large & Mid Cap Dir Gr	INF194K01V89	Info Edge (India) Ltd	Communication Services	210.33	1.42	-16.28	Dec24	3.56
Bandhan Large & Mid Cap Dir Gr	INF194K01V89	Info Edge (India) Ltd	Communication Services	210.33	1.42	-16.28	Jan25	5.32
Bandhan Large & Mid Cap Dir Gr	INF194K01V89	Info Edge (India) Ltd	Communication Services	210.33	1.42	-16.28	Feb25	5.59
Bandhan Large & Mid Cap Dir Gr	INF194K01V89	Info Edge (India) Ltd	Communication Services	210.33	1.42	-16.28	Mar25	15.51
Bandhan Large & Mid Cap Dir Gr	INF194K01V89	Info Edge (India) Ltd	Communication Services	210.33	1.42	-16.28	Mar25	15.51
Bandhan Large & Mid Cap Dir Gr	INF194K01V89	Info Edge (India) Ltd	Communication Services	210.33	1.42	-16.28	Apr25	12.51
Bandhan Large & Mid Cap Dir Gr	INF194K01V89	Info Edge (India) Ltd	Communication Services	210.33	1.42	-16.28	May25	11.15
Bandhan Large & Mid Cap Dir Gr	INF194K01V89	Info Edge (India) Ltd	Communication Services	210.33	1.42	-16.28	June25	10.18
Bandhan Large & Mid Cap Dir Gr	INF194K01V89	Info Edge (India) Ltd	Communication Services	210.33	1.42	-16.28	July25	9.19
Bandhan Large & Mid Cap Dir Gr	INF194K01V89	Info Edge (India) Ltd	Communication Services	210.33	1.42	-16.28	Aug25	8.13
Bandhan Large & Mid Cap Dir Gr	INF194K01V89	Jindal Steel Ltd	Basic Materials	207.93	1.41	0.00	Oct24	5.55
Bandhan Large & Mid Cap Dir Gr	INF194K01V89	Jindal Steel Ltd	Basic Materials	207.93	1.41	0.00	Nov24	7.52
Bandhan Large & Mid Cap Dir Gr	INF194K01V89	Jindal Steel Ltd	Basic Materials	207.93	1.41	0.00	Dec24	3.56
Bandhan Large & Mid Cap Dir Gr	INF194K01V89	Jindal Steel Ltd	Basic Materials	207.93	1.41	0.00	Jan25	5.32
Bandhan Large & Mid Cap Dir Gr	INF194K01V89	Jindal Steel Ltd	Basic Materials	207.93	1.41	0.00	Feb25	5.59
Bandhan Large & Mid Cap Dir Gr	INF194K01V89	Jindal Steel Ltd	Basic Materials	207.93	1.41	0.00	Mar25	15.51
Bandhan Large & Mid Cap Dir Gr	INF194K01V89	Jindal Steel Ltd	Basic Materials	207.93	1.41	0.00	Mar25	15.51
Bandhan Large & Mid Cap Dir Gr	INF194K01V89	Jindal Steel Ltd	Basic Materials	207.93	1.41	0.00	Apr25	12.51
Bandhan Large & Mid Cap Dir Gr	INF194K01V89	Jindal Steel Ltd	Basic Materials	207.93	1.41	0.00	May25	11.15
Bandhan Large & Mid Cap Dir Gr	INF194K01V89	Jindal Steel Ltd	Basic Materials	207.93	1.41	0.00	June25	10.18
Bandhan Large & Mid Cap Dir Gr	INF194K01V89	Jindal Steel Ltd	Basic Materials	207.93	1.41	0.00	July25	9.19
Bandhan Large & Mid Cap Dir Gr	INF194K01V89	Jindal Steel Ltd	Basic Materials	207.93	1.41	0.00	Aug25	8.13
Bandhan Large & Mid Cap Dir Gr	INF194K01V89	3M India Ltd	Industrials	207.83	1.41	1.56	Oct24	5.55
Bandhan Large & Mid Cap Dir Gr	INF194K01V89	3M India Ltd	Industrials	207.83	1.41	1.56	Nov24	7.52
Bandhan Large & Mid Cap Dir Gr	INF194K01V89	3M India Ltd	Industrials	207.83	1.41	1.56	Dec24	3.56
Bandhan Large & Mid Cap Dir Gr	INF194K01V89	3M India Ltd	Industrials	207.83	1.41	1.56	Jan25	5.32
Bandhan Large & Mid Cap Dir Gr	INF194K01V89	3M India Ltd	Industrials	207.83	1.41	1.56	Feb25	5.59
Bandhan Large & Mid Cap Dir Gr	INF194K01V89	3M India Ltd	Industrials	207.83	1.41	1.56	Mar25	15.51
Bandhan Large & Mid Cap Dir Gr	INF194K01V89	3M India Ltd	Industrials	207.83	1.41	1.56	Mar25	15.51
Bandhan Large & Mid Cap Dir Gr	INF194K01V89	3M India Ltd	Industrials	207.83	1.41	1.56	Apr25	12.51
Bandhan Large & Mid Cap Dir Gr	INF194K01V89	3M India Ltd	Industrials	207.83	1.41	1.56	May25	11.15
Bandhan Large & Mid Cap Dir Gr	INF194K01V89	3M India Ltd	Industrials	207.83	1.41	1.56	June25	10.18
Bandhan Large & Mid Cap Dir Gr	INF194K01V89	3M India Ltd	Industrials	207.83	1.41	1.56	July25	9.19
Bandhan Large & Mid Cap Dir Gr	INF194K01V89	3M India Ltd	Industrials	207.83	1.41	1.56	Aug25	8.13
Bandhan Large & Mid Cap Dir Gr	INF194K01V89	Bharat Heavy Electricals Ltd	Industrials	203.66	1.38	228.95	Oct24	5.55
Bandhan Large & Mid Cap Dir Gr	INF194K01V89	Bharat Heavy Electricals Ltd	Industrials	203.66	1.38	228.95	Nov24	7.52
Bandhan Large & Mid Cap Dir Gr	INF194K01V89	Bharat Heavy Electricals Ltd	Industrials	203.66	1.38	228.95	Dec24	3.56
Bandhan Large & Mid Cap Dir Gr	INF194K01V89	Bharat Heavy Electricals Ltd	Industrials	203.66	1.38	228.95	Jan25	5.32
Bandhan Large & Mid Cap Dir Gr	INF194K01V89	Bharat Heavy Electricals Ltd	Industrials	203.66	1.38	228.95	Feb25	5.59
Bandhan Large & Mid Cap Dir Gr	INF194K01V89	Bharat Heavy Electricals Ltd	Industrials	203.66	1.38	228.95	Mar25	15.51
Bandhan Large & Mid Cap Dir Gr	INF194K01V89	Bharat Heavy Electricals Ltd	Industrials	203.66	1.38	228.95	Mar25	15.51
Bandhan Large & Mid Cap Dir Gr	INF194K01V89	Bharat Heavy Electricals Ltd	Industrials	203.66	1.38	228.95	Apr25	12.51
Bandhan Large & Mid Cap Dir Gr	INF194K01V89	Bharat Heavy Electricals Ltd	Industrials	203.66	1.38	228.95	May25	11.15
Bandhan Large & Mid Cap Dir Gr	INF194K01V89	Bharat Heavy Electricals Ltd	Industrials	203.66	1.38	228.95	June25	10.18
Bandhan Large & Mid Cap Dir Gr	INF194K01V89	Bharat Heavy Electricals Ltd	Industrials	203.66	1.38	228.95	July25	9.19
Bandhan Large & Mid Cap Dir Gr	INF194K01V89	Bharat Heavy Electricals Ltd	Industrials	203.66	1.38	228.95	Aug25	8.13
Bandhan Large & Mid Cap Dir Gr	INF194K01V89	Tata Steel Ltd	Basic Materials	203.55	1.38	0.00	Oct24	5.55
Bandhan Large & Mid Cap Dir Gr	INF194K01V89	Tata Steel Ltd	Basic Materials	203.55	1.38	0.00	Nov24	7.52
Bandhan Large & Mid Cap Dir Gr	INF194K01V89	Tata Steel Ltd	Basic Materials	203.55	1.38	0.00	Dec24	3.56
Bandhan Large & Mid Cap Dir Gr	INF194K01V89	Tata Steel Ltd	Basic Materials	203.55	1.38	0.00	Jan25	5.32
Bandhan Large & Mid Cap Dir Gr	INF194K01V89	Tata Steel Ltd	Basic Materials	203.55	1.38	0.00	Feb25	5.59
Bandhan Large & Mid Cap Dir Gr	INF194K01V89	Tata Steel Ltd	Basic Materials	203.55	1.38	0.00	Mar25	15.51
Bandhan Large & Mid Cap Dir Gr	INF194K01V89	Tata Steel Ltd	Basic Materials	203.55	1.38	0.00	Mar25	15.51
Bandhan Large & Mid Cap Dir Gr	INF194K01V89	Tata Steel Ltd	Basic Materials	203.55	1.38	0.00	Apr25	12.51
Bandhan Large & Mid Cap Dir Gr	INF194K01V89	Tata Steel Ltd	Basic Materials	203.55	1.38	0.00	May25	11.15
Bandhan Large & Mid Cap Dir Gr	INF194K01V89	Tata Steel Ltd	Basic Materials	203.55	1.38	0.00	June25	10.18
Bandhan Large & Mid Cap Dir Gr	INF194K01V89	Tata Steel Ltd	Basic Materials	203.55	1.38	0.00	July25	9.19
Bandhan Large & Mid Cap Dir Gr	INF194K01V89	Tata Steel Ltd	Basic Materials	203.55	1.38	0.00	Aug25	8.13
Bandhan Large & Mid Cap Dir Gr	INF194K01V89	Kotak Mahindra Bank Ltd	Financial Services	203.45	1.38		Oct24	5.55
Bandhan Large & Mid Cap Dir Gr	INF194K01V89	Kotak Mahindra Bank Ltd	Financial Services	203.45	1.38		Nov24	7.52
Bandhan Large & Mid Cap Dir Gr	INF194K01V89	Kotak Mahindra Bank Ltd	Financial Services	203.45	1.38		Dec24	3.56
Bandhan Large & Mid Cap Dir Gr	INF194K01V89	Kotak Mahindra Bank Ltd	Financial Services	203.45	1.38		Jan25	5.32
Bandhan Large & Mid Cap Dir Gr	INF194K01V89	Kotak Mahindra Bank Ltd	Financial Services	203.45	1.38		Feb25	5.59
Bandhan Large & Mid Cap Dir Gr	INF194K01V89	Kotak Mahindra Bank Ltd	Financial Services	203.45	1.38		Mar25	15.51
Bandhan Large & Mid Cap Dir Gr	INF194K01V89	Kotak Mahindra Bank Ltd	Financial Services	203.45	1.38		Mar25	15.51
Bandhan Large & Mid Cap Dir Gr	INF194K01V89	Kotak Mahindra Bank Ltd	Financial Services	203.45	1.38		Apr25	12.51
Bandhan Large & Mid Cap Dir Gr	INF194K01V89	Kotak Mahindra Bank Ltd	Financial Services	203.45	1.38		May25	11.15
Bandhan Large & Mid Cap Dir Gr	INF194K01V89	Kotak Mahindra Bank Ltd	Financial Services	203.45	1.38		June25	10.18
Bandhan Large & Mid Cap Dir Gr	INF194K01V89	Kotak Mahindra Bank Ltd	Financial Services	203.45	1.38		July25	9.19
Bandhan Large & Mid Cap Dir Gr	INF194K01V89	Kotak Mahindra Bank Ltd	Financial Services	203.45	1.38		Aug25	8.13
Bandhan Large & Mid Cap Dir Gr	INF194K01V89	InterGlobe Aviation Ltd	Industrials	202.70	1.37	13.52	Oct24	5.55
Bandhan Large & Mid Cap Dir Gr	INF194K01V89	InterGlobe Aviation Ltd	Industrials	202.70	1.37	13.52	Nov24	7.52
Bandhan Large & Mid Cap Dir Gr	INF194K01V89	InterGlobe Aviation Ltd	Industrials	202.70	1.37	13.52	Dec24	3.56
Bandhan Large & Mid Cap Dir Gr	INF194K01V89	InterGlobe Aviation Ltd	Industrials	202.70	1.37	13.52	Jan25	5.32
Bandhan Large & Mid Cap Dir Gr	INF194K01V89	InterGlobe Aviation Ltd	Industrials	202.70	1.37	13.52	Feb25	5.59
Bandhan Large & Mid Cap Dir Gr	INF194K01V89	InterGlobe Aviation Ltd	Industrials	202.70	1.37	13.52	Mar25	15.51
Bandhan Large & Mid Cap Dir Gr	INF194K01V89	InterGlobe Aviation Ltd	Industrials	202.70	1.37	13.52	Mar25	15.51
Bandhan Large & Mid Cap Dir Gr	INF194K01V89	InterGlobe Aviation Ltd	Industrials	202.70	1.37	13.52	Apr25	12.51
Bandhan Large & Mid Cap Dir Gr	INF194K01V89	InterGlobe Aviation Ltd	Industrials	202.70	1.37	13.52	May25	11.15
Bandhan Large & Mid Cap Dir Gr	INF194K01V89	InterGlobe Aviation Ltd	Industrials	202.70	1.37	13.52	June25	10.18
Bandhan Large & Mid Cap Dir Gr	INF194K01V89	InterGlobe Aviation Ltd	Industrials	202.70	1.37	13.52	July25	9.19
Bandhan Large & Mid Cap Dir Gr	INF194K01V89	InterGlobe Aviation Ltd	Industrials	202.70	1.37	13.52	Aug25	8.13
Bandhan Large & Mid Cap Dir Gr	INF194K01V89	Varun Beverages Ltd	Consumer Defensive	193.28	1.31	4.90	Oct24	5.55
Bandhan Large & Mid Cap Dir Gr	INF194K01V89	Varun Beverages Ltd	Consumer Defensive	193.28	1.31	4.90	Nov24	7.52
Bandhan Large & Mid Cap Dir Gr	INF194K01V89	Varun Beverages Ltd	Consumer Defensive	193.28	1.31	4.90	Dec24	3.56
Bandhan Large & Mid Cap Dir Gr	INF194K01V89	Varun Beverages Ltd	Consumer Defensive	193.28	1.31	4.90	Jan25	5.32
Bandhan Large & Mid Cap Dir Gr	INF194K01V89	Varun Beverages Ltd	Consumer Defensive	193.28	1.31	4.90	Feb25	5.59
Bandhan Large & Mid Cap Dir Gr	INF194K01V89	Varun Beverages Ltd	Consumer Defensive	193.28	1.31	4.90	Mar25	15.51
Bandhan Large & Mid Cap Dir Gr	INF194K01V89	Varun Beverages Ltd	Consumer Defensive	193.28	1.31	4.90	Mar25	15.51
Bandhan Large & Mid Cap Dir Gr	INF194K01V89	Varun Beverages Ltd	Consumer Defensive	193.28	1.31	4.90	Apr25	12.51
Bandhan Large & Mid Cap Dir Gr	INF194K01V89	Varun Beverages Ltd	Consumer Defensive	193.28	1.31	4.90	May25	11.15
Bandhan Large & Mid Cap Dir Gr	INF194K01V89	Varun Beverages Ltd	Consumer Defensive	193.28	1.31	4.90	June25	10.18
Bandhan Large & Mid Cap Dir Gr	INF194K01V89	Varun Beverages Ltd	Consumer Defensive	193.28	1.31	4.90	July25	9.19
Bandhan Large & Mid Cap Dir Gr	INF194K01V89	Varun Beverages Ltd	Consumer Defensive	193.28	1.31	4.90	Aug25	8.13
Bandhan Large & Mid Cap Dir Gr	INF194K01V89	Lupin Ltd	Healthcare	188.56	1.28	-12.78	Oct24	5.55
Bandhan Large & Mid Cap Dir Gr	INF194K01V89	Lupin Ltd	Healthcare	188.56	1.28	-12.78	Nov24	7.52
Bandhan Large & Mid Cap Dir Gr	INF194K01V89	Lupin Ltd	Healthcare	188.56	1.28	-12.78	Dec24	3.56
Bandhan Large & Mid Cap Dir Gr	INF194K01V89	Lupin Ltd	Healthcare	188.56	1.28	-12.78	Jan25	5.32
Bandhan Large & Mid Cap Dir Gr	INF194K01V89	Lupin Ltd	Healthcare	188.56	1.28	-12.78	Feb25	5.59
Bandhan Large & Mid Cap Dir Gr	INF194K01V89	Lupin Ltd	Healthcare	188.56	1.28	-12.78	Mar25	15.51
Bandhan Large & Mid Cap Dir Gr	INF194K01V89	Lupin Ltd	Healthcare	188.56	1.28	-12.78	Mar25	15.51
Bandhan Large & Mid Cap Dir Gr	INF194K01V89	Lupin Ltd	Healthcare	188.56	1.28	-12.78	Apr25	12.51
Bandhan Large & Mid Cap Dir Gr	INF194K01V89	Lupin Ltd	Healthcare	188.56	1.28	-12.78	May25	11.15
Bandhan Large & Mid Cap Dir Gr	INF194K01V89	Lupin Ltd	Healthcare	188.56	1.28	-12.78	June25	10.18
Bandhan Large & Mid Cap Dir Gr	INF194K01V89	Lupin Ltd	Healthcare	188.56	1.28	-12.78	July25	9.19
Bandhan Large & Mid Cap Dir Gr	INF194K01V89	Lupin Ltd	Healthcare	188.56	1.28	-12.78	Aug25	8.13
Bandhan Large & Mid Cap Dir Gr	INF194K01V89	Max Financial Services Ltd	Financial Services	182.94	1.24	0.00	Oct24	5.55
Bandhan Large & Mid Cap Dir Gr	INF194K01V89	Max Financial Services Ltd	Financial Services	182.94	1.24	0.00	Nov24	7.52
Bandhan Large & Mid Cap Dir Gr	INF194K01V89	Max Financial Services Ltd	Financial Services	182.94	1.24	0.00	Dec24	3.56
Bandhan Large & Mid Cap Dir Gr	INF194K01V89	Max Financial Services Ltd	Financial Services	182.94	1.24	0.00	Jan25	5.32
Bandhan Large & Mid Cap Dir Gr	INF194K01V89	Max Financial Services Ltd	Financial Services	182.94	1.24	0.00	Feb25	5.59
Bandhan Large & Mid Cap Dir Gr	INF194K01V89	Max Financial Services Ltd	Financial Services	182.94	1.24	0.00	Mar25	15.51
Bandhan Large & Mid Cap Dir Gr	INF194K01V89	Max Financial Services Ltd	Financial Services	182.94	1.24	0.00	Mar25	15.51
Bandhan Large & Mid Cap Dir Gr	INF194K01V89	Max Financial Services Ltd	Financial Services	182.94	1.24	0.00	Apr25	12.51
Bandhan Large & Mid Cap Dir Gr	INF194K01V89	Max Financial Services Ltd	Financial Services	182.94	1.24	0.00	May25	11.15
Bandhan Large & Mid Cap Dir Gr	INF194K01V89	Max Financial Services Ltd	Financial Services	182.94	1.24	0.00	June25	10.18
Bandhan Large & Mid Cap Dir Gr	INF194K01V89	Max Financial Services Ltd	Financial Services	182.94	1.24	0.00	July25	9.19
Bandhan Large & Mid Cap Dir Gr	INF194K01V89	Max Financial Services Ltd	Financial Services	182.94	1.24	0.00	Aug25	8.13
Bandhan Large & Mid Cap Dir Gr	INF194K01V89	Indus Towers Ltd Ordinary Shares	Communication Services	180.81	1.22	3.92	Oct24	5.55
Bandhan Large & Mid Cap Dir Gr	INF194K01V89	Indus Towers Ltd Ordinary Shares	Communication Services	180.81	1.22	3.92	Nov24	7.52
Bandhan Large & Mid Cap Dir Gr	INF194K01V89	Indus Towers Ltd Ordinary Shares	Communication Services	180.81	1.22	3.92	Dec24	3.56
Bandhan Large & Mid Cap Dir Gr	INF194K01V89	Indus Towers Ltd Ordinary Shares	Communication Services	180.81	1.22	3.92	Jan25	5.32
Bandhan Large & Mid Cap Dir Gr	INF194K01V89	Indus Towers Ltd Ordinary Shares	Communication Services	180.81	1.22	3.92	Feb25	5.59
Bandhan Large & Mid Cap Dir Gr	INF194K01V89	Indus Towers Ltd Ordinary Shares	Communication Services	180.81	1.22	3.92	Mar25	15.51
Bandhan Large & Mid Cap Dir Gr	INF194K01V89	Indus Towers Ltd Ordinary Shares	Communication Services	180.81	1.22	3.92	Mar25	15.51
Bandhan Large & Mid Cap Dir Gr	INF194K01V89	Indus Towers Ltd Ordinary Shares	Communication Services	180.81	1.22	3.92	Apr25	12.51
Bandhan Large & Mid Cap Dir Gr	INF194K01V89	Indus Towers Ltd Ordinary Shares	Communication Services	180.81	1.22	3.92	May25	11.15
Bandhan Large & Mid Cap Dir Gr	INF194K01V89	Indus Towers Ltd Ordinary Shares	Communication Services	180.81	1.22	3.92	June25	10.18
Bandhan Large & Mid Cap Dir Gr	INF194K01V89	Indus Towers Ltd Ordinary Shares	Communication Services	180.81	1.22	3.92	July25	9.19
Bandhan Large & Mid Cap Dir Gr	INF194K01V89	Indus Towers Ltd Ordinary Shares	Communication Services	180.81	1.22	3.92	Aug25	8.13
Bandhan Large & Mid Cap Dir Gr	INF194K01V89	PB Fintech Ltd	Financial Services	179.03	1.21	40.78	Oct24	5.55
Bandhan Large & Mid Cap Dir Gr	INF194K01V89	PB Fintech Ltd	Financial Services	179.03	1.21	40.78	Nov24	7.52
Bandhan Large & Mid Cap Dir Gr	INF194K01V89	PB Fintech Ltd	Financial Services	179.03	1.21	40.78	Dec24	3.56
Bandhan Large & Mid Cap Dir Gr	INF194K01V89	PB Fintech Ltd	Financial Services	179.03	1.21	40.78	Jan25	5.32
Bandhan Large & Mid Cap Dir Gr	INF194K01V89	PB Fintech Ltd	Financial Services	179.03	1.21	40.78	Feb25	5.59
Bandhan Large & Mid Cap Dir Gr	INF194K01V89	PB Fintech Ltd	Financial Services	179.03	1.21	40.78	Mar25	15.51
Bandhan Large & Mid Cap Dir Gr	INF194K01V89	PB Fintech Ltd	Financial Services	179.03	1.21	40.78	Mar25	15.51
Bandhan Large & Mid Cap Dir Gr	INF194K01V89	PB Fintech Ltd	Financial Services	179.03	1.21	40.78	Apr25	12.51
Bandhan Large & Mid Cap Dir Gr	INF194K01V89	PB Fintech Ltd	Financial Services	179.03	1.21	40.78	May25	11.15
Bandhan Large & Mid Cap Dir Gr	INF194K01V89	PB Fintech Ltd	Financial Services	179.03	1.21	40.78	June25	10.18
Bandhan Large & Mid Cap Dir Gr	INF194K01V89	PB Fintech Ltd	Financial Services	179.03	1.21	40.78	July25	9.19
Bandhan Large & Mid Cap Dir Gr	INF194K01V89	PB Fintech Ltd	Financial Services	179.03	1.21	40.78	Aug25	8.13
Bandhan Large & Mid Cap Dir Gr	INF194K01V89	Signatureglobal (India) Ltd	Real Estate	175.45	1.19	1.64	Oct24	5.55
Bandhan Large & Mid Cap Dir Gr	INF194K01V89	Signatureglobal (India) Ltd	Real Estate	175.45	1.19	1.64	Nov24	7.52
Bandhan Large & Mid Cap Dir Gr	INF194K01V89	Signatureglobal (India) Ltd	Real Estate	175.45	1.19	1.64	Dec24	3.56
Bandhan Large & Mid Cap Dir Gr	INF194K01V89	Signatureglobal (India) Ltd	Real Estate	175.45	1.19	1.64	Jan25	5.32
Bandhan Large & Mid Cap Dir Gr	INF194K01V89	Signatureglobal (India) Ltd	Real Estate	175.45	1.19	1.64	Feb25	5.59
Bandhan Large & Mid Cap Dir Gr	INF194K01V89	Signatureglobal (India) Ltd	Real Estate	175.45	1.19	1.64	Mar25	15.51
Bandhan Large & Mid Cap Dir Gr	INF194K01V89	Signatureglobal (India) Ltd	Real Estate	175.45	1.19	1.64	Mar25	15.51
Bandhan Large & Mid Cap Dir Gr	INF194K01V89	Signatureglobal (India) Ltd	Real Estate	175.45	1.19	1.64	Apr25	12.51
Bandhan Large & Mid Cap Dir Gr	INF194K01V89	Signatureglobal (India) Ltd	Real Estate	175.45	1.19	1.64	May25	11.15
Bandhan Large & Mid Cap Dir Gr	INF194K01V89	Signatureglobal (India) Ltd	Real Estate	175.45	1.19	1.64	June25	10.18
Bandhan Large & Mid Cap Dir Gr	INF194K01V89	Signatureglobal (India) Ltd	Real Estate	175.45	1.19	1.64	July25	9.19
Bandhan Large & Mid Cap Dir Gr	INF194K01V89	Signatureglobal (India) Ltd	Real Estate	175.45	1.19	1.64	Aug25	8.13
Bandhan Large & Mid Cap Dir Gr	INF194K01V89	Aurobindo Pharma Ltd	Healthcare	173.75	1.18	0.00	Oct24	5.55
Bandhan Large & Mid Cap Dir Gr	INF194K01V89	Aurobindo Pharma Ltd	Healthcare	173.75	1.18	0.00	Nov24	7.52
Bandhan Large & Mid Cap Dir Gr	INF194K01V89	Aurobindo Pharma Ltd	Healthcare	173.75	1.18	0.00	Dec24	3.56
Bandhan Large & Mid Cap Dir Gr	INF194K01V89	Aurobindo Pharma Ltd	Healthcare	173.75	1.18	0.00	Jan25	5.32
Bandhan Large & Mid Cap Dir Gr	INF194K01V89	Aurobindo Pharma Ltd	Healthcare	173.75	1.18	0.00	Feb25	5.59
Bandhan Large & Mid Cap Dir Gr	INF194K01V89	Aurobindo Pharma Ltd	Healthcare	173.75	1.18	0.00	Mar25	15.51
Bandhan Large & Mid Cap Dir Gr	INF194K01V89	Aurobindo Pharma Ltd	Healthcare	173.75	1.18	0.00	Mar25	15.51
Bandhan Large & Mid Cap Dir Gr	INF194K01V89	Aurobindo Pharma Ltd	Healthcare	173.75	1.18	0.00	Apr25	12.51
Bandhan Large & Mid Cap Dir Gr	INF194K01V89	Aurobindo Pharma Ltd	Healthcare	173.75	1.18	0.00	May25	11.15
Bandhan Large & Mid Cap Dir Gr	INF194K01V89	Aurobindo Pharma Ltd	Healthcare	173.75	1.18	0.00	June25	10.18
Bandhan Large & Mid Cap Dir Gr	INF194K01V89	Aurobindo Pharma Ltd	Healthcare	173.75	1.18	0.00	July25	9.19
Bandhan Large & Mid Cap Dir Gr	INF194K01V89	Aurobindo Pharma Ltd	Healthcare	173.75	1.18	0.00	Aug25	8.13
Bandhan Large & Mid Cap Dir Gr	INF194K01V89	Glenmark Pharmaceuticals Ltd	Healthcare	160.07	1.08	0.00	Oct24	5.55
Bandhan Large & Mid Cap Dir Gr	INF194K01V89	Glenmark Pharmaceuticals Ltd	Healthcare	160.07	1.08	0.00	Nov24	7.52
Bandhan Large & Mid Cap Dir Gr	INF194K01V89	Glenmark Pharmaceuticals Ltd	Healthcare	160.07	1.08	0.00	Dec24	3.56
Bandhan Large & Mid Cap Dir Gr	INF194K01V89	Glenmark Pharmaceuticals Ltd	Healthcare	160.07	1.08	0.00	Jan25	5.32
Bandhan Large & Mid Cap Dir Gr	INF194K01V89	Glenmark Pharmaceuticals Ltd	Healthcare	160.07	1.08	0.00	Feb25	5.59
Bandhan Large & Mid Cap Dir Gr	INF194K01V89	Glenmark Pharmaceuticals Ltd	Healthcare	160.07	1.08	0.00	Mar25	15.51
Bandhan Large & Mid Cap Dir Gr	INF194K01V89	Glenmark Pharmaceuticals Ltd	Healthcare	160.07	1.08	0.00	Mar25	15.51
Bandhan Large & Mid Cap Dir Gr	INF194K01V89	Glenmark Pharmaceuticals Ltd	Healthcare	160.07	1.08	0.00	Apr25	12.51
Bandhan Large & Mid Cap Dir Gr	INF194K01V89	Glenmark Pharmaceuticals Ltd	Healthcare	160.07	1.08	0.00	May25	11.15
Bandhan Large & Mid Cap Dir Gr	INF194K01V89	Glenmark Pharmaceuticals Ltd	Healthcare	160.07	1.08	0.00	June25	10.18
Bandhan Large & Mid Cap Dir Gr	INF194K01V89	Glenmark Pharmaceuticals Ltd	Healthcare	160.07	1.08	0.00	July25	9.19
Bandhan Large & Mid Cap Dir Gr	INF194K01V89	Glenmark Pharmaceuticals Ltd	Healthcare	160.07	1.08	0.00	Aug25	8.13
Bandhan Large & Mid Cap Dir Gr	INF194K01V89	Cholamandalam Financial Holdings Ltd	Financial Services	158.18	1.07	38.68	Oct24	5.55
Bandhan Large & Mid Cap Dir Gr	INF194K01V89	Cholamandalam Financial Holdings Ltd	Financial Services	158.18	1.07	38.68	Nov24	7.52
Bandhan Large & Mid Cap Dir Gr	INF194K01V89	Cholamandalam Financial Holdings Ltd	Financial Services	158.18	1.07	38.68	Dec24	3.56
Bandhan Large & Mid Cap Dir Gr	INF194K01V89	Cholamandalam Financial Holdings Ltd	Financial Services	158.18	1.07	38.68	Jan25	5.32
Bandhan Large & Mid Cap Dir Gr	INF194K01V89	Cholamandalam Financial Holdings Ltd	Financial Services	158.18	1.07	38.68	Feb25	5.59
Bandhan Large & Mid Cap Dir Gr	INF194K01V89	Cholamandalam Financial Holdings Ltd	Financial Services	158.18	1.07	38.68	Mar25	15.51
Bandhan Large & Mid Cap Dir Gr	INF194K01V89	Cholamandalam Financial Holdings Ltd	Financial Services	158.18	1.07	38.68	Mar25	15.51
Bandhan Large & Mid Cap Dir Gr	INF194K01V89	Cholamandalam Financial Holdings Ltd	Financial Services	158.18	1.07	38.68	Apr25	12.51
Bandhan Large & Mid Cap Dir Gr	INF194K01V89	Cholamandalam Financial Holdings Ltd	Financial Services	158.18	1.07	38.68	May25	11.15
Bandhan Large & Mid Cap Dir Gr	INF194K01V89	Cholamandalam Financial Holdings Ltd	Financial Services	158.18	1.07	38.68	June25	10.18
Bandhan Large & Mid Cap Dir Gr	INF194K01V89	Cholamandalam Financial Holdings Ltd	Financial Services	158.18	1.07	38.68	July25	9.19
Bandhan Large & Mid Cap Dir Gr	INF194K01V89	Cholamandalam Financial Holdings Ltd	Financial Services	158.18	1.07	38.68	Aug25	8.13
Bandhan Large & Mid Cap Dir Gr	INF194K01V89	Petronet LNG Ltd	Energy	149.91	1.01	-3.13	Oct24	5.55
Bandhan Large & Mid Cap Dir Gr	INF194K01V89	Petronet LNG Ltd	Energy	149.91	1.01	-3.13	Nov24	7.52
Bandhan Large & Mid Cap Dir Gr	INF194K01V89	Petronet LNG Ltd	Energy	149.91	1.01	-3.13	Dec24	3.56
Bandhan Large & Mid Cap Dir Gr	INF194K01V89	Petronet LNG Ltd	Energy	149.91	1.01	-3.13	Jan25	5.32
Bandhan Large & Mid Cap Dir Gr	INF194K01V89	Petronet LNG Ltd	Energy	149.91	1.01	-3.13	Feb25	5.59
Bandhan Large & Mid Cap Dir Gr	INF194K01V89	Petronet LNG Ltd	Energy	149.91	1.01	-3.13	Mar25	15.51
Bandhan Large & Mid Cap Dir Gr	INF194K01V89	Petronet LNG Ltd	Energy	149.91	1.01	-3.13	Mar25	15.51
Bandhan Large & Mid Cap Dir Gr	INF194K01V89	Petronet LNG Ltd	Energy	149.91	1.01	-3.13	Apr25	12.51
Bandhan Large & Mid Cap Dir Gr	INF194K01V89	Petronet LNG Ltd	Energy	149.91	1.01	-3.13	May25	11.15
Bandhan Large & Mid Cap Dir Gr	INF194K01V89	Petronet LNG Ltd	Energy	149.91	1.01	-3.13	June25	10.18
Bandhan Large & Mid Cap Dir Gr	INF194K01V89	Petronet LNG Ltd	Energy	149.91	1.01	-3.13	July25	9.19
Bandhan Large & Mid Cap Dir Gr	INF194K01V89	Petronet LNG Ltd	Energy	149.91	1.01	-3.13	Aug25	8.13
Bandhan Large & Mid Cap Dir Gr	INF194K01V89	IndusInd Bank Ltd	Financial Services	145.26	0.98	0.00	Oct24	5.55
Bandhan Large & Mid Cap Dir Gr	INF194K01V89	IndusInd Bank Ltd	Financial Services	145.26	0.98	0.00	Nov24	7.52
Bandhan Large & Mid Cap Dir Gr	INF194K01V89	IndusInd Bank Ltd	Financial Services	145.26	0.98	0.00	Dec24	3.56
Bandhan Large & Mid Cap Dir Gr	INF194K01V89	IndusInd Bank Ltd	Financial Services	145.26	0.98	0.00	Jan25	5.32
Bandhan Large & Mid Cap Dir Gr	INF194K01V89	IndusInd Bank Ltd	Financial Services	145.26	0.98	0.00	Feb25	5.59
Bandhan Large & Mid Cap Dir Gr	INF194K01V89	IndusInd Bank Ltd	Financial Services	145.26	0.98	0.00	Mar25	15.51
Bandhan Large & Mid Cap Dir Gr	INF194K01V89	IndusInd Bank Ltd	Financial Services	145.26	0.98	0.00	Mar25	15.51
Bandhan Large & Mid Cap Dir Gr	INF194K01V89	IndusInd Bank Ltd	Financial Services	145.26	0.98	0.00	Apr25	12.51
Bandhan Large & Mid Cap Dir Gr	INF194K01V89	IndusInd Bank Ltd	Financial Services	145.26	0.98	0.00	May25	11.15
Bandhan Large & Mid Cap Dir Gr	INF194K01V89	IndusInd Bank Ltd	Financial Services	145.26	0.98	0.00	June25	10.18
Bandhan Large & Mid Cap Dir Gr	INF194K01V89	IndusInd Bank Ltd	Financial Services	145.26	0.98	0.00	July25	9.19
Bandhan Large & Mid Cap Dir Gr	INF194K01V89	IndusInd Bank Ltd	Financial Services	145.26	0.98	0.00	Aug25	8.13
Bandhan Large & Mid Cap Dir Gr	INF194K01V89	Power Finance Corp Ltd	Financial Services	143.52	0.97	0.00	Oct24	5.55
Bandhan Large & Mid Cap Dir Gr	INF194K01V89	Power Finance Corp Ltd	Financial Services	143.52	0.97	0.00	Nov24	7.52
Bandhan Large & Mid Cap Dir Gr	INF194K01V89	Power Finance Corp Ltd	Financial Services	143.52	0.97	0.00	Dec24	3.56
Bandhan Large & Mid Cap Dir Gr	INF194K01V89	Power Finance Corp Ltd	Financial Services	143.52	0.97	0.00	Jan25	5.32
Bandhan Large & Mid Cap Dir Gr	INF194K01V89	Power Finance Corp Ltd	Financial Services	143.52	0.97	0.00	Feb25	5.59
Bandhan Large & Mid Cap Dir Gr	INF194K01V89	Power Finance Corp Ltd	Financial Services	143.52	0.97	0.00	Mar25	15.51
Bandhan Large & Mid Cap Dir Gr	INF194K01V89	Power Finance Corp Ltd	Financial Services	143.52	0.97	0.00	Mar25	15.51
Bandhan Large & Mid Cap Dir Gr	INF194K01V89	Power Finance Corp Ltd	Financial Services	143.52	0.97	0.00	Apr25	12.51
Bandhan Large & Mid Cap Dir Gr	INF194K01V89	Power Finance Corp Ltd	Financial Services	143.52	0.97	0.00	May25	11.15
Bandhan Large & Mid Cap Dir Gr	INF194K01V89	Power Finance Corp Ltd	Financial Services	143.52	0.97	0.00	June25	10.18
Bandhan Large & Mid Cap Dir Gr	INF194K01V89	Power Finance Corp Ltd	Financial Services	143.52	0.97	0.00	July25	9.19
Bandhan Large & Mid Cap Dir Gr	INF194K01V89	Power Finance Corp Ltd	Financial Services	143.52	0.97	0.00	Aug25	8.13
Bandhan Large & Mid Cap Dir Gr	INF194K01V89	Coal India Ltd	Energy	139.97	0.95	10.17	Oct24	5.55
Bandhan Large & Mid Cap Dir Gr	INF194K01V89	Coal India Ltd	Energy	139.97	0.95	10.17	Nov24	7.52
Bandhan Large & Mid Cap Dir Gr	INF194K01V89	Coal India Ltd	Energy	139.97	0.95	10.17	Dec24	3.56
Bandhan Large & Mid Cap Dir Gr	INF194K01V89	Coal India Ltd	Energy	139.97	0.95	10.17	Jan25	5.32
Bandhan Large & Mid Cap Dir Gr	INF194K01V89	Coal India Ltd	Energy	139.97	0.95	10.17	Feb25	5.59
Bandhan Large & Mid Cap Dir Gr	INF194K01V89	Coal India Ltd	Energy	139.97	0.95	10.17	Mar25	15.51
Bandhan Large & Mid Cap Dir Gr	INF194K01V89	Coal India Ltd	Energy	139.97	0.95	10.17	Mar25	15.51
Bandhan Large & Mid Cap Dir Gr	INF194K01V89	Coal India Ltd	Energy	139.97	0.95	10.17	Apr25	12.51
Bandhan Large & Mid Cap Dir Gr	INF194K01V89	Coal India Ltd	Energy	139.97	0.95	10.17	May25	11.15
Bandhan Large & Mid Cap Dir Gr	INF194K01V89	Coal India Ltd	Energy	139.97	0.95	10.17	June25	10.18
Bandhan Large & Mid Cap Dir Gr	INF194K01V89	Coal India Ltd	Energy	139.97	0.95	10.17	July25	9.19
Bandhan Large & Mid Cap Dir Gr	INF194K01V89	Coal India Ltd	Energy	139.97	0.95	10.17	Aug25	8.13
Bandhan Large & Mid Cap Dir Gr	INF194K01V89	AU Small Finance Bank Ltd	Financial Services	135.74	0.92	7.60	Oct24	5.55
Bandhan Large & Mid Cap Dir Gr	INF194K01V89	AU Small Finance Bank Ltd	Financial Services	135.74	0.92	7.60	Nov24	7.52
Bandhan Large & Mid Cap Dir Gr	INF194K01V89	AU Small Finance Bank Ltd	Financial Services	135.74	0.92	7.60	Dec24	3.56
Bandhan Large & Mid Cap Dir Gr	INF194K01V89	AU Small Finance Bank Ltd	Financial Services	135.74	0.92	7.60	Jan25	5.32
Bandhan Large & Mid Cap Dir Gr	INF194K01V89	AU Small Finance Bank Ltd	Financial Services	135.74	0.92	7.60	Feb25	5.59
Bandhan Large & Mid Cap Dir Gr	INF194K01V89	AU Small Finance Bank Ltd	Financial Services	135.74	0.92	7.60	Mar25	15.51
Bandhan Large & Mid Cap Dir Gr	INF194K01V89	AU Small Finance Bank Ltd	Financial Services	135.74	0.92	7.60	Mar25	15.51
Bandhan Large & Mid Cap Dir Gr	INF194K01V89	AU Small Finance Bank Ltd	Financial Services	135.74	0.92	7.60	Apr25	12.51
Bandhan Large & Mid Cap Dir Gr	INF194K01V89	AU Small Finance Bank Ltd	Financial Services	135.74	0.92	7.60	May25	11.15
Bandhan Large & Mid Cap Dir Gr	INF194K01V89	AU Small Finance Bank Ltd	Financial Services	135.74	0.92	7.60	June25	10.18
Bandhan Large & Mid Cap Dir Gr	INF194K01V89	AU Small Finance Bank Ltd	Financial Services	135.74	0.92	7.60	July25	9.19
Bandhan Large & Mid Cap Dir Gr	INF194K01V89	AU Small Finance Bank Ltd	Financial Services	135.74	0.92	7.60	Aug25	8.13
Bandhan Large & Mid Cap Dir Gr	INF194K01V89	Oil India Ltd	Energy	132.56	0.90	0.00	Oct24	5.55
Bandhan Large & Mid Cap Dir Gr	INF194K01V89	Oil India Ltd	Energy	132.56	0.90	0.00	Nov24	7.52
Bandhan Large & Mid Cap Dir Gr	INF194K01V89	Oil India Ltd	Energy	132.56	0.90	0.00	Dec24	3.56
Bandhan Large & Mid Cap Dir Gr	INF194K01V89	Oil India Ltd	Energy	132.56	0.90	0.00	Jan25	5.32
Bandhan Large & Mid Cap Dir Gr	INF194K01V89	Oil India Ltd	Energy	132.56	0.90	0.00	Feb25	5.59
Bandhan Large & Mid Cap Dir Gr	INF194K01V89	Oil India Ltd	Energy	132.56	0.90	0.00	Mar25	15.51
Bandhan Large & Mid Cap Dir Gr	INF194K01V89	Oil India Ltd	Energy	132.56	0.90	0.00	Mar25	15.51
Bandhan Large & Mid Cap Dir Gr	INF194K01V89	Oil India Ltd	Energy	132.56	0.90	0.00	Apr25	12.51
Bandhan Large & Mid Cap Dir Gr	INF194K01V89	Oil India Ltd	Energy	132.56	0.90	0.00	May25	11.15
Bandhan Large & Mid Cap Dir Gr	INF194K01V89	Oil India Ltd	Energy	132.56	0.90	0.00	June25	10.18
Bandhan Large & Mid Cap Dir Gr	INF194K01V89	Oil India Ltd	Energy	132.56	0.90	0.00	July25	9.19
Bandhan Large & Mid Cap Dir Gr	INF194K01V89	Oil India Ltd	Energy	132.56	0.90	0.00	Aug25	8.13
Bandhan Large & Mid Cap Dir Gr	INF194K01V89	Titan Co Ltd	Consumer Cyclical	121.46	0.82	0.00	Oct24	5.55
Bandhan Large & Mid Cap Dir Gr	INF194K01V89	Titan Co Ltd	Consumer Cyclical	121.46	0.82	0.00	Nov24	7.52
Bandhan Large & Mid Cap Dir Gr	INF194K01V89	Titan Co Ltd	Consumer Cyclical	121.46	0.82	0.00	Dec24	3.56
Bandhan Large & Mid Cap Dir Gr	INF194K01V89	Titan Co Ltd	Consumer Cyclical	121.46	0.82	0.00	Jan25	5.32
Bandhan Large & Mid Cap Dir Gr	INF194K01V89	Titan Co Ltd	Consumer Cyclical	121.46	0.82	0.00	Feb25	5.59
Bandhan Large & Mid Cap Dir Gr	INF194K01V89	Titan Co Ltd	Consumer Cyclical	121.46	0.82	0.00	Mar25	15.51
Bandhan Large & Mid Cap Dir Gr	INF194K01V89	Titan Co Ltd	Consumer Cyclical	121.46	0.82	0.00	Mar25	15.51
Bandhan Large & Mid Cap Dir Gr	INF194K01V89	Titan Co Ltd	Consumer Cyclical	121.46	0.82	0.00	Apr25	12.51
Bandhan Large & Mid Cap Dir Gr	INF194K01V89	Titan Co Ltd	Consumer Cyclical	121.46	0.82	0.00	May25	11.15
Bandhan Large & Mid Cap Dir Gr	INF194K01V89	Titan Co Ltd	Consumer Cyclical	121.46	0.82	0.00	June25	10.18
Bandhan Large & Mid Cap Dir Gr	INF194K01V89	Titan Co Ltd	Consumer Cyclical	121.46	0.82	0.00	July25	9.19
Bandhan Large & Mid Cap Dir Gr	INF194K01V89	Titan Co Ltd	Consumer Cyclical	121.46	0.82	0.00	Aug25	8.13
Bandhan Large & Mid Cap Dir Gr	INF194K01V89	Bharat Electronics Ltd	Industrials	120.05	0.81	3.85	Oct24	5.55
Bandhan Large & Mid Cap Dir Gr	INF194K01V89	Bharat Electronics Ltd	Industrials	120.05	0.81	3.85	Nov24	7.52
Bandhan Large & Mid Cap Dir Gr	INF194K01V89	Bharat Electronics Ltd	Industrials	120.05	0.81	3.85	Dec24	3.56
Bandhan Large & Mid Cap Dir Gr	INF194K01V89	Bharat Electronics Ltd	Industrials	120.05	0.81	3.85	Jan25	5.32
Bandhan Large & Mid Cap Dir Gr	INF194K01V89	Bharat Electronics Ltd	Industrials	120.05	0.81	3.85	Feb25	5.59
Bandhan Large & Mid Cap Dir Gr	INF194K01V89	Bharat Electronics Ltd	Industrials	120.05	0.81	3.85	Mar25	15.51
Bandhan Large & Mid Cap Dir Gr	INF194K01V89	Bharat Electronics Ltd	Industrials	120.05	0.81	3.85	Mar25	15.51
Bandhan Large & Mid Cap Dir Gr	INF194K01V89	Bharat Electronics Ltd	Industrials	120.05	0.81	3.85	Apr25	12.51
Bandhan Large & Mid Cap Dir Gr	INF194K01V89	Bharat Electronics Ltd	Industrials	120.05	0.81	3.85	May25	11.15
Bandhan Large & Mid Cap Dir Gr	INF194K01V89	Bharat Electronics Ltd	Industrials	120.05	0.81	3.85	June25	10.18
Bandhan Large & Mid Cap Dir Gr	INF194K01V89	Bharat Electronics Ltd	Industrials	120.05	0.81	3.85	July25	9.19
Bandhan Large & Mid Cap Dir Gr	INF194K01V89	Bharat Electronics Ltd	Industrials	120.05	0.81	3.85	Aug25	8.13
Bandhan Large & Mid Cap Dir Gr	INF194K01V89	Tube Investments of India Ltd Ordinary Shares	Industrials	119.08	0.81	39.52	Oct24	5.55
Bandhan Large & Mid Cap Dir Gr	INF194K01V89	Tube Investments of India Ltd Ordinary Shares	Industrials	119.08	0.81	39.52	Nov24	7.52
Bandhan Large & Mid Cap Dir Gr	INF194K01V89	Tube Investments of India Ltd Ordinary Shares	Industrials	119.08	0.81	39.52	Dec24	3.56
Bandhan Large & Mid Cap Dir Gr	INF194K01V89	Tube Investments of India Ltd Ordinary Shares	Industrials	119.08	0.81	39.52	Jan25	5.32
Bandhan Large & Mid Cap Dir Gr	INF194K01V89	Tube Investments of India Ltd Ordinary Shares	Industrials	119.08	0.81	39.52	Feb25	5.59
Bandhan Large & Mid Cap Dir Gr	INF194K01V89	Tube Investments of India Ltd Ordinary Shares	Industrials	119.08	0.81	39.52	Mar25	15.51
Bandhan Large & Mid Cap Dir Gr	INF194K01V89	Tube Investments of India Ltd Ordinary Shares	Industrials	119.08	0.81	39.52	Mar25	15.51
Bandhan Large & Mid Cap Dir Gr	INF194K01V89	Tube Investments of India Ltd Ordinary Shares	Industrials	119.08	0.81	39.52	Apr25	12.51
Bandhan Large & Mid Cap Dir Gr	INF194K01V89	Tube Investments of India Ltd Ordinary Shares	Industrials	119.08	0.81	39.52	May25	11.15
Bandhan Large & Mid Cap Dir Gr	INF194K01V89	Tube Investments of India Ltd Ordinary Shares	Industrials	119.08	0.81	39.52	June25	10.18
Bandhan Large & Mid Cap Dir Gr	INF194K01V89	Tube Investments of India Ltd Ordinary Shares	Industrials	119.08	0.81	39.52	July25	9.19
Bandhan Large & Mid Cap Dir Gr	INF194K01V89	Tube Investments of India Ltd Ordinary Shares	Industrials	119.08	0.81	39.52	Aug25	8.13
Bandhan Large & Mid Cap Dir Gr	INF194K01V89	Container Corporation of India Ltd	Industrials	116.79	0.79	11.84	Oct24	5.55
Bandhan Large & Mid Cap Dir Gr	INF194K01V89	Container Corporation of India Ltd	Industrials	116.79	0.79	11.84	Nov24	7.52
Bandhan Large & Mid Cap Dir Gr	INF194K01V89	Container Corporation of India Ltd	Industrials	116.79	0.79	11.84	Dec24	3.56
Bandhan Large & Mid Cap Dir Gr	INF194K01V89	Container Corporation of India Ltd	Industrials	116.79	0.79	11.84	Jan25	5.32
Bandhan Large & Mid Cap Dir Gr	INF194K01V89	Container Corporation of India Ltd	Industrials	116.79	0.79	11.84	Feb25	5.59
Bandhan Large & Mid Cap Dir Gr	INF194K01V89	Container Corporation of India Ltd	Industrials	116.79	0.79	11.84	Mar25	15.51
Bandhan Large & Mid Cap Dir Gr	INF194K01V89	Container Corporation of India Ltd	Industrials	116.79	0.79	11.84	Mar25	15.51
Bandhan Large & Mid Cap Dir Gr	INF194K01V89	Container Corporation of India Ltd	Industrials	116.79	0.79	11.84	Apr25	12.51
Bandhan Large & Mid Cap Dir Gr	INF194K01V89	Container Corporation of India Ltd	Industrials	116.79	0.79	11.84	May25	11.15
Bandhan Large & Mid Cap Dir Gr	INF194K01V89	Container Corporation of India Ltd	Industrials	116.79	0.79	11.84	June25	10.18
Bandhan Large & Mid Cap Dir Gr	INF194K01V89	Container Corporation of India Ltd	Industrials	116.79	0.79	11.84	July25	9.19
Bandhan Large & Mid Cap Dir Gr	INF194K01V89	Container Corporation of India Ltd	Industrials	116.79	0.79	11.84	Aug25	8.13
Bandhan Large & Mid Cap Dir Gr	INF194K01V89	Bajaj Finserv Ltd	Financial Services	114.82	0.78	-25.77	Oct24	5.55
Bandhan Large & Mid Cap Dir Gr	INF194K01V89	Bajaj Finserv Ltd	Financial Services	114.82	0.78	-25.77	Nov24	7.52
Bandhan Large & Mid Cap Dir Gr	INF194K01V89	Bajaj Finserv Ltd	Financial Services	114.82	0.78	-25.77	Dec24	3.56
Bandhan Large & Mid Cap Dir Gr	INF194K01V89	Bajaj Finserv Ltd	Financial Services	114.82	0.78	-25.77	Jan25	5.32
Bandhan Large & Mid Cap Dir Gr	INF194K01V89	Bajaj Finserv Ltd	Financial Services	114.82	0.78	-25.77	Feb25	5.59
Bandhan Large & Mid Cap Dir Gr	INF194K01V89	Bajaj Finserv Ltd	Financial Services	114.82	0.78	-25.77	Mar25	15.51
Bandhan Large & Mid Cap Dir Gr	INF194K01V89	Bajaj Finserv Ltd	Financial Services	114.82	0.78	-25.77	Mar25	15.51
Bandhan Large & Mid Cap Dir Gr	INF194K01V89	Bajaj Finserv Ltd	Financial Services	114.82	0.78	-25.77	Apr25	12.51
Bandhan Large & Mid Cap Dir Gr	INF194K01V89	Bajaj Finserv Ltd	Financial Services	114.82	0.78	-25.77	May25	11.15
Bandhan Large & Mid Cap Dir Gr	INF194K01V89	Bajaj Finserv Ltd	Financial Services	114.82	0.78	-25.77	June25	10.18
Bandhan Large & Mid Cap Dir Gr	INF194K01V89	Bajaj Finserv Ltd	Financial Services	114.82	0.78	-25.77	July25	9.19
Bandhan Large & Mid Cap Dir Gr	INF194K01V89	Bajaj Finserv Ltd	Financial Services	114.82	0.78	-25.77	Aug25	8.13
Bandhan Large & Mid Cap Dir Gr	INF194K01V89	AstraZeneca Pharma India Ltd	Healthcare	114.35	0.77	1.36	Oct24	5.55
Bandhan Large & Mid Cap Dir Gr	INF194K01V89	AstraZeneca Pharma India Ltd	Healthcare	114.35	0.77	1.36	Nov24	7.52
Bandhan Large & Mid Cap Dir Gr	INF194K01V89	AstraZeneca Pharma India Ltd	Healthcare	114.35	0.77	1.36	Dec24	3.56
Bandhan Large & Mid Cap Dir Gr	INF194K01V89	AstraZeneca Pharma India Ltd	Healthcare	114.35	0.77	1.36	Jan25	5.32
Bandhan Large & Mid Cap Dir Gr	INF194K01V89	AstraZeneca Pharma India Ltd	Healthcare	114.35	0.77	1.36	Feb25	5.59
Bandhan Large & Mid Cap Dir Gr	INF194K01V89	AstraZeneca Pharma India Ltd	Healthcare	114.35	0.77	1.36	Mar25	15.51
Bandhan Large & Mid Cap Dir Gr	INF194K01V89	AstraZeneca Pharma India Ltd	Healthcare	114.35	0.77	1.36	Mar25	15.51
Bandhan Large & Mid Cap Dir Gr	INF194K01V89	AstraZeneca Pharma India Ltd	Healthcare	114.35	0.77	1.36	Apr25	12.51
Bandhan Large & Mid Cap Dir Gr	INF194K01V89	AstraZeneca Pharma India Ltd	Healthcare	114.35	0.77	1.36	May25	11.15
Bandhan Large & Mid Cap Dir Gr	INF194K01V89	AstraZeneca Pharma India Ltd	Healthcare	114.35	0.77	1.36	June25	10.18
Bandhan Large & Mid Cap Dir Gr	INF194K01V89	AstraZeneca Pharma India Ltd	Healthcare	114.35	0.77	1.36	July25	9.19
Bandhan Large & Mid Cap Dir Gr	INF194K01V89	AstraZeneca Pharma India Ltd	Healthcare	114.35	0.77	1.36	Aug25	8.13
Bandhan Large & Mid Cap Dir Gr	INF194K01V89	Hindustan Zinc Ltd	Basic Materials	111.69	0.76	-68.65	Oct24	5.55
Bandhan Large & Mid Cap Dir Gr	INF194K01V89	Hindustan Zinc Ltd	Basic Materials	111.69	0.76	-68.65	Nov24	7.52
Bandhan Large & Mid Cap Dir Gr	INF194K01V89	Hindustan Zinc Ltd	Basic Materials	111.69	0.76	-68.65	Dec24	3.56
Bandhan Large & Mid Cap Dir Gr	INF194K01V89	Hindustan Zinc Ltd	Basic Materials	111.69	0.76	-68.65	Jan25	5.32
Bandhan Large & Mid Cap Dir Gr	INF194K01V89	Hindustan Zinc Ltd	Basic Materials	111.69	0.76	-68.65	Feb25	5.59
Bandhan Large & Mid Cap Dir Gr	INF194K01V89	Hindustan Zinc Ltd	Basic Materials	111.69	0.76	-68.65	Mar25	15.51
Bandhan Large & Mid Cap Dir Gr	INF194K01V89	Hindustan Zinc Ltd	Basic Materials	111.69	0.76	-68.65	Mar25	15.51
Bandhan Large & Mid Cap Dir Gr	INF194K01V89	Hindustan Zinc Ltd	Basic Materials	111.69	0.76	-68.65	Apr25	12.51
Bandhan Large & Mid Cap Dir Gr	INF194K01V89	Hindustan Zinc Ltd	Basic Materials	111.69	0.76	-68.65	May25	11.15
Bandhan Large & Mid Cap Dir Gr	INF194K01V89	Hindustan Zinc Ltd	Basic Materials	111.69	0.76	-68.65	June25	10.18
Bandhan Large & Mid Cap Dir Gr	INF194K01V89	Hindustan Zinc Ltd	Basic Materials	111.69	0.76	-68.65	July25	9.19
Bandhan Large & Mid Cap Dir Gr	INF194K01V89	Hindustan Zinc Ltd	Basic Materials	111.69	0.76	-68.65	Aug25	8.13
Bandhan Large & Mid Cap Dir Gr	INF194K01V89	Hexaware Technologies Ltd Ordinary Shares	Technology	106.70	0.72	59.46	Oct24	5.55
Bandhan Large & Mid Cap Dir Gr	INF194K01V89	Hexaware Technologies Ltd Ordinary Shares	Technology	106.70	0.72	59.46	Nov24	7.52
Bandhan Large & Mid Cap Dir Gr	INF194K01V89	Hexaware Technologies Ltd Ordinary Shares	Technology	106.70	0.72	59.46	Dec24	3.56
Bandhan Large & Mid Cap Dir Gr	INF194K01V89	Hexaware Technologies Ltd Ordinary Shares	Technology	106.70	0.72	59.46	Jan25	5.32
Bandhan Large & Mid Cap Dir Gr	INF194K01V89	Hexaware Technologies Ltd Ordinary Shares	Technology	106.70	0.72	59.46	Feb25	5.59
Bandhan Large & Mid Cap Dir Gr	INF194K01V89	Hexaware Technologies Ltd Ordinary Shares	Technology	106.70	0.72	59.46	Mar25	15.51
Bandhan Large & Mid Cap Dir Gr	INF194K01V89	Hexaware Technologies Ltd Ordinary Shares	Technology	106.70	0.72	59.46	Mar25	15.51
Bandhan Large & Mid Cap Dir Gr	INF194K01V89	Hexaware Technologies Ltd Ordinary Shares	Technology	106.70	0.72	59.46	Apr25	12.51
Bandhan Large & Mid Cap Dir Gr	INF194K01V89	Hexaware Technologies Ltd Ordinary Shares	Technology	106.70	0.72	59.46	May25	11.15
Bandhan Large & Mid Cap Dir Gr	INF194K01V89	Hexaware Technologies Ltd Ordinary Shares	Technology	106.70	0.72	59.46	June25	10.18
Bandhan Large & Mid Cap Dir Gr	INF194K01V89	Hexaware Technologies Ltd Ordinary Shares	Technology	106.70	0.72	59.46	July25	9.19
Bandhan Large & Mid Cap Dir Gr	INF194K01V89	Hexaware Technologies Ltd Ordinary Shares	Technology	106.70	0.72	59.46	Aug25	8.13
Bandhan Large & Mid Cap Dir Gr	INF194K01V89	SBI Cards and Payment Services Ltd Ordinary Shares	Financial Services	101.49	0.69	0.00	Oct24	5.55
Bandhan Large & Mid Cap Dir Gr	INF194K01V89	SBI Cards and Payment Services Ltd Ordinary Shares	Financial Services	101.49	0.69	0.00	Nov24	7.52
Bandhan Large & Mid Cap Dir Gr	INF194K01V89	SBI Cards and Payment Services Ltd Ordinary Shares	Financial Services	101.49	0.69	0.00	Dec24	3.56
Bandhan Large & Mid Cap Dir Gr	INF194K01V89	SBI Cards and Payment Services Ltd Ordinary Shares	Financial Services	101.49	0.69	0.00	Jan25	5.32
Bandhan Large & Mid Cap Dir Gr	INF194K01V89	SBI Cards and Payment Services Ltd Ordinary Shares	Financial Services	101.49	0.69	0.00	Feb25	5.59
Bandhan Large & Mid Cap Dir Gr	INF194K01V89	SBI Cards and Payment Services Ltd Ordinary Shares	Financial Services	101.49	0.69	0.00	Mar25	15.51
Bandhan Large & Mid Cap Dir Gr	INF194K01V89	SBI Cards and Payment Services Ltd Ordinary Shares	Financial Services	101.49	0.69	0.00	Mar25	15.51
Bandhan Large & Mid Cap Dir Gr	INF194K01V89	SBI Cards and Payment Services Ltd Ordinary Shares	Financial Services	101.49	0.69	0.00	Apr25	12.51
Bandhan Large & Mid Cap Dir Gr	INF194K01V89	SBI Cards and Payment Services Ltd Ordinary Shares	Financial Services	101.49	0.69	0.00	May25	11.15
Bandhan Large & Mid Cap Dir Gr	INF194K01V89	SBI Cards and Payment Services Ltd Ordinary Shares	Financial Services	101.49	0.69	0.00	June25	10.18
Bandhan Large & Mid Cap Dir Gr	INF194K01V89	SBI Cards and Payment Services Ltd Ordinary Shares	Financial Services	101.49	0.69	0.00	July25	9.19
Bandhan Large & Mid Cap Dir Gr	INF194K01V89	SBI Cards and Payment Services Ltd Ordinary Shares	Financial Services	101.49	0.69	0.00	Aug25	8.13
Bandhan Large & Mid Cap Dir Gr	INF194K01V89	Torrent Power Ltd	Utilities	101.37	0.69	0.00	Oct24	5.55
Bandhan Large & Mid Cap Dir Gr	INF194K01V89	Torrent Power Ltd	Utilities	101.37	0.69	0.00	Nov24	7.52
Bandhan Large & Mid Cap Dir Gr	INF194K01V89	Torrent Power Ltd	Utilities	101.37	0.69	0.00	Dec24	3.56
Bandhan Large & Mid Cap Dir Gr	INF194K01V89	Torrent Power Ltd	Utilities	101.37	0.69	0.00	Jan25	5.32
Bandhan Large & Mid Cap Dir Gr	INF194K01V89	Torrent Power Ltd	Utilities	101.37	0.69	0.00	Feb25	5.59
Bandhan Large & Mid Cap Dir Gr	INF194K01V89	Torrent Power Ltd	Utilities	101.37	0.69	0.00	Mar25	15.51
Bandhan Large & Mid Cap Dir Gr	INF194K01V89	Torrent Power Ltd	Utilities	101.37	0.69	0.00	Mar25	15.51
Bandhan Large & Mid Cap Dir Gr	INF194K01V89	Torrent Power Ltd	Utilities	101.37	0.69	0.00	Apr25	12.51
Bandhan Large & Mid Cap Dir Gr	INF194K01V89	Torrent Power Ltd	Utilities	101.37	0.69	0.00	May25	11.15
Bandhan Large & Mid Cap Dir Gr	INF194K01V89	Torrent Power Ltd	Utilities	101.37	0.69	0.00	June25	10.18
Bandhan Large & Mid Cap Dir Gr	INF194K01V89	Torrent Power Ltd	Utilities	101.37	0.69	0.00	July25	9.19
Bandhan Large & Mid Cap Dir Gr	INF194K01V89	Torrent Power Ltd	Utilities	101.37	0.69	0.00	Aug25	8.13
Bandhan Large & Mid Cap Dir Gr	INF194K01V89	Siemens Energy India Ltd	Utilities	100.35	0.68		Oct24	5.55
Bandhan Large & Mid Cap Dir Gr	INF194K01V89	Siemens Energy India Ltd	Utilities	100.35	0.68		Nov24	7.52
Bandhan Large & Mid Cap Dir Gr	INF194K01V89	Siemens Energy India Ltd	Utilities	100.35	0.68		Dec24	3.56
Bandhan Large & Mid Cap Dir Gr	INF194K01V89	Siemens Energy India Ltd	Utilities	100.35	0.68		Jan25	5.32
Bandhan Large & Mid Cap Dir Gr	INF194K01V89	Siemens Energy India Ltd	Utilities	100.35	0.68		Feb25	5.59
Bandhan Large & Mid Cap Dir Gr	INF194K01V89	Siemens Energy India Ltd	Utilities	100.35	0.68		Mar25	15.51
Bandhan Large & Mid Cap Dir Gr	INF194K01V89	Siemens Energy India Ltd	Utilities	100.35	0.68		Mar25	15.51
Bandhan Large & Mid Cap Dir Gr	INF194K01V89	Siemens Energy India Ltd	Utilities	100.35	0.68		Apr25	12.51
Bandhan Large & Mid Cap Dir Gr	INF194K01V89	Siemens Energy India Ltd	Utilities	100.35	0.68		May25	11.15
Bandhan Large & Mid Cap Dir Gr	INF194K01V89	Siemens Energy India Ltd	Utilities	100.35	0.68		June25	10.18
Bandhan Large & Mid Cap Dir Gr	INF194K01V89	Siemens Energy India Ltd	Utilities	100.35	0.68		July25	9.19
Bandhan Large & Mid Cap Dir Gr	INF194K01V89	Siemens Energy India Ltd	Utilities	100.35	0.68		Aug25	8.13
Bandhan Large & Mid Cap Dir Gr	INF194K01V89	Exide Industries Ltd	Consumer Cyclical	96.72	0.65	15.45	Oct24	5.55
Bandhan Large & Mid Cap Dir Gr	INF194K01V89	Exide Industries Ltd	Consumer Cyclical	96.72	0.65	15.45	Nov24	7.52
Bandhan Large & Mid Cap Dir Gr	INF194K01V89	Exide Industries Ltd	Consumer Cyclical	96.72	0.65	15.45	Dec24	3.56
Bandhan Large & Mid Cap Dir Gr	INF194K01V89	Exide Industries Ltd	Consumer Cyclical	96.72	0.65	15.45	Jan25	5.32
Bandhan Large & Mid Cap Dir Gr	INF194K01V89	Exide Industries Ltd	Consumer Cyclical	96.72	0.65	15.45	Feb25	5.59
Bandhan Large & Mid Cap Dir Gr	INF194K01V89	Exide Industries Ltd	Consumer Cyclical	96.72	0.65	15.45	Mar25	15.51
Bandhan Large & Mid Cap Dir Gr	INF194K01V89	Exide Industries Ltd	Consumer Cyclical	96.72	0.65	15.45	Mar25	15.51
Bandhan Large & Mid Cap Dir Gr	INF194K01V89	Exide Industries Ltd	Consumer Cyclical	96.72	0.65	15.45	Apr25	12.51
Bandhan Large & Mid Cap Dir Gr	INF194K01V89	Exide Industries Ltd	Consumer Cyclical	96.72	0.65	15.45	May25	11.15
Bandhan Large & Mid Cap Dir Gr	INF194K01V89	Exide Industries Ltd	Consumer Cyclical	96.72	0.65	15.45	June25	10.18
Bandhan Large & Mid Cap Dir Gr	INF194K01V89	Exide Industries Ltd	Consumer Cyclical	96.72	0.65	15.45	July25	9.19
Bandhan Large & Mid Cap Dir Gr	INF194K01V89	Exide Industries Ltd	Consumer Cyclical	96.72	0.65	15.45	Aug25	8.13
Bandhan Large & Mid Cap Dir Gr	INF194K01V89	NHPC Ltd	Utilities	95.77	0.65	66.99	Oct24	5.55
Bandhan Large & Mid Cap Dir Gr	INF194K01V89	NHPC Ltd	Utilities	95.77	0.65	66.99	Nov24	7.52
Bandhan Large & Mid Cap Dir Gr	INF194K01V89	NHPC Ltd	Utilities	95.77	0.65	66.99	Dec24	3.56
Bandhan Large & Mid Cap Dir Gr	INF194K01V89	NHPC Ltd	Utilities	95.77	0.65	66.99	Jan25	5.32
Bandhan Large & Mid Cap Dir Gr	INF194K01V89	NHPC Ltd	Utilities	95.77	0.65	66.99	Feb25	5.59
Bandhan Large & Mid Cap Dir Gr	INF194K01V89	NHPC Ltd	Utilities	95.77	0.65	66.99	Mar25	15.51
Bandhan Large & Mid Cap Dir Gr	INF194K01V89	NHPC Ltd	Utilities	95.77	0.65	66.99	Mar25	15.51
Bandhan Large & Mid Cap Dir Gr	INF194K01V89	NHPC Ltd	Utilities	95.77	0.65	66.99	Apr25	12.51
Bandhan Large & Mid Cap Dir Gr	INF194K01V89	NHPC Ltd	Utilities	95.77	0.65	66.99	May25	11.15
Bandhan Large & Mid Cap Dir Gr	INF194K01V89	NHPC Ltd	Utilities	95.77	0.65	66.99	June25	10.18
Bandhan Large & Mid Cap Dir Gr	INF194K01V89	NHPC Ltd	Utilities	95.77	0.65	66.99	July25	9.19
Bandhan Large & Mid Cap Dir Gr	INF194K01V89	NHPC Ltd	Utilities	95.77	0.65	66.99	Aug25	8.13
Bandhan Large & Mid Cap Dir Gr	INF194K01V89	Eternal Ltd	Consumer Cyclical	95.42	0.65	14.82	Oct24	5.55
Bandhan Large & Mid Cap Dir Gr	INF194K01V89	Eternal Ltd	Consumer Cyclical	95.42	0.65	14.82	Nov24	7.52
Bandhan Large & Mid Cap Dir Gr	INF194K01V89	Eternal Ltd	Consumer Cyclical	95.42	0.65	14.82	Dec24	3.56
Bandhan Large & Mid Cap Dir Gr	INF194K01V89	Eternal Ltd	Consumer Cyclical	95.42	0.65	14.82	Jan25	5.32
Bandhan Large & Mid Cap Dir Gr	INF194K01V89	Eternal Ltd	Consumer Cyclical	95.42	0.65	14.82	Feb25	5.59
Bandhan Large & Mid Cap Dir Gr	INF194K01V89	Eternal Ltd	Consumer Cyclical	95.42	0.65	14.82	Mar25	15.51
Bandhan Large & Mid Cap Dir Gr	INF194K01V89	Eternal Ltd	Consumer Cyclical	95.42	0.65	14.82	Mar25	15.51
Bandhan Large & Mid Cap Dir Gr	INF194K01V89	Eternal Ltd	Consumer Cyclical	95.42	0.65	14.82	Apr25	12.51
Bandhan Large & Mid Cap Dir Gr	INF194K01V89	Eternal Ltd	Consumer Cyclical	95.42	0.65	14.82	May25	11.15
Bandhan Large & Mid Cap Dir Gr	INF194K01V89	Eternal Ltd	Consumer Cyclical	95.42	0.65	14.82	June25	10.18
Bandhan Large & Mid Cap Dir Gr	INF194K01V89	Eternal Ltd	Consumer Cyclical	95.42	0.65	14.82	July25	9.19
Bandhan Large & Mid Cap Dir Gr	INF194K01V89	Eternal Ltd	Consumer Cyclical	95.42	0.65	14.82	Aug25	8.13
Bandhan Large & Mid Cap Dir Gr	INF194K01V89	Tata Communications Ltd	Communication Services	94.89	0.64	-32.83	Oct24	5.55
Bandhan Large & Mid Cap Dir Gr	INF194K01V89	Tata Communications Ltd	Communication Services	94.89	0.64	-32.83	Nov24	7.52
Bandhan Large & Mid Cap Dir Gr	INF194K01V89	Tata Communications Ltd	Communication Services	94.89	0.64	-32.83	Dec24	3.56
Bandhan Large & Mid Cap Dir Gr	INF194K01V89	Tata Communications Ltd	Communication Services	94.89	0.64	-32.83	Jan25	5.32
Bandhan Large & Mid Cap Dir Gr	INF194K01V89	Tata Communications Ltd	Communication Services	94.89	0.64	-32.83	Feb25	5.59
Bandhan Large & Mid Cap Dir Gr	INF194K01V89	Tata Communications Ltd	Communication Services	94.89	0.64	-32.83	Mar25	15.51
Bandhan Large & Mid Cap Dir Gr	INF194K01V89	Tata Communications Ltd	Communication Services	94.89	0.64	-32.83	Mar25	15.51
Bandhan Large & Mid Cap Dir Gr	INF194K01V89	Tata Communications Ltd	Communication Services	94.89	0.64	-32.83	Apr25	12.51
Bandhan Large & Mid Cap Dir Gr	INF194K01V89	Tata Communications Ltd	Communication Services	94.89	0.64	-32.83	May25	11.15
Bandhan Large & Mid Cap Dir Gr	INF194K01V89	Tata Communications Ltd	Communication Services	94.89	0.64	-32.83	June25	10.18
Bandhan Large & Mid Cap Dir Gr	INF194K01V89	Tata Communications Ltd	Communication Services	94.89	0.64	-32.83	July25	9.19
Bandhan Large & Mid Cap Dir Gr	INF194K01V89	Tata Communications Ltd	Communication Services	94.89	0.64	-32.83	Aug25	8.13
Bandhan Large & Mid Cap Dir Gr	INF194K01V89	Sobha Ltd	Real Estate	94.17	0.64	0.00	Oct24	5.55
Bandhan Large & Mid Cap Dir Gr	INF194K01V89	Sobha Ltd	Real Estate	94.17	0.64	0.00	Nov24	7.52
Bandhan Large & Mid Cap Dir Gr	INF194K01V89	Sobha Ltd	Real Estate	94.17	0.64	0.00	Dec24	3.56
Bandhan Large & Mid Cap Dir Gr	INF194K01V89	Sobha Ltd	Real Estate	94.17	0.64	0.00	Jan25	5.32
Bandhan Large & Mid Cap Dir Gr	INF194K01V89	Sobha Ltd	Real Estate	94.17	0.64	0.00	Feb25	5.59
Bandhan Large & Mid Cap Dir Gr	INF194K01V89	Sobha Ltd	Real Estate	94.17	0.64	0.00	Mar25	15.51
Bandhan Large & Mid Cap Dir Gr	INF194K01V89	Sobha Ltd	Real Estate	94.17	0.64	0.00	Mar25	15.51
Bandhan Large & Mid Cap Dir Gr	INF194K01V89	Sobha Ltd	Real Estate	94.17	0.64	0.00	Apr25	12.51
Bandhan Large & Mid Cap Dir Gr	INF194K01V89	Sobha Ltd	Real Estate	94.17	0.64	0.00	May25	11.15
Bandhan Large & Mid Cap Dir Gr	INF194K01V89	Sobha Ltd	Real Estate	94.17	0.64	0.00	June25	10.18
Bandhan Large & Mid Cap Dir Gr	INF194K01V89	Sobha Ltd	Real Estate	94.17	0.64	0.00	July25	9.19
Bandhan Large & Mid Cap Dir Gr	INF194K01V89	Sobha Ltd	Real Estate	94.17	0.64	0.00	Aug25	8.13
Bandhan Large & Mid Cap Dir Gr	INF194K01V89	Oil & Natural Gas Corp Ltd	Energy	93.68	0.63	10.41	Oct24	5.55
Bandhan Large & Mid Cap Dir Gr	INF194K01V89	Oil & Natural Gas Corp Ltd	Energy	93.68	0.63	10.41	Nov24	7.52
Bandhan Large & Mid Cap Dir Gr	INF194K01V89	Oil & Natural Gas Corp Ltd	Energy	93.68	0.63	10.41	Dec24	3.56
Bandhan Large & Mid Cap Dir Gr	INF194K01V89	Oil & Natural Gas Corp Ltd	Energy	93.68	0.63	10.41	Jan25	5.32
Bandhan Large & Mid Cap Dir Gr	INF194K01V89	Oil & Natural Gas Corp Ltd	Energy	93.68	0.63	10.41	Feb25	5.59
Bandhan Large & Mid Cap Dir Gr	INF194K01V89	Oil & Natural Gas Corp Ltd	Energy	93.68	0.63	10.41	Mar25	15.51
Bandhan Large & Mid Cap Dir Gr	INF194K01V89	Oil & Natural Gas Corp Ltd	Energy	93.68	0.63	10.41	Mar25	15.51
Bandhan Large & Mid Cap Dir Gr	INF194K01V89	Oil & Natural Gas Corp Ltd	Energy	93.68	0.63	10.41	Apr25	12.51
Bandhan Large & Mid Cap Dir Gr	INF194K01V89	Oil & Natural Gas Corp Ltd	Energy	93.68	0.63	10.41	May25	11.15
Bandhan Large & Mid Cap Dir Gr	INF194K01V89	Oil & Natural Gas Corp Ltd	Energy	93.68	0.63	10.41	June25	10.18
Bandhan Large & Mid Cap Dir Gr	INF194K01V89	Oil & Natural Gas Corp Ltd	Energy	93.68	0.63	10.41	July25	9.19
Bandhan Large & Mid Cap Dir Gr	INF194K01V89	Oil & Natural Gas Corp Ltd	Energy	93.68	0.63	10.41	Aug25	8.13
Bandhan Large & Mid Cap Dir Gr	INF194K01V89	IDFC First Bank Ltd	Financial Services	93.60	0.63	-7.28	Oct24	5.55
Bandhan Large & Mid Cap Dir Gr	INF194K01V89	IDFC First Bank Ltd	Financial Services	93.60	0.63	-7.28	Nov24	7.52
Bandhan Large & Mid Cap Dir Gr	INF194K01V89	IDFC First Bank Ltd	Financial Services	93.60	0.63	-7.28	Dec24	3.56
Bandhan Large & Mid Cap Dir Gr	INF194K01V89	IDFC First Bank Ltd	Financial Services	93.60	0.63	-7.28	Jan25	5.32
Bandhan Large & Mid Cap Dir Gr	INF194K01V89	IDFC First Bank Ltd	Financial Services	93.60	0.63	-7.28	Feb25	5.59
Bandhan Large & Mid Cap Dir Gr	INF194K01V89	IDFC First Bank Ltd	Financial Services	93.60	0.63	-7.28	Mar25	15.51
Bandhan Large & Mid Cap Dir Gr	INF194K01V89	IDFC First Bank Ltd	Financial Services	93.60	0.63	-7.28	Mar25	15.51
Bandhan Large & Mid Cap Dir Gr	INF194K01V89	IDFC First Bank Ltd	Financial Services	93.60	0.63	-7.28	Apr25	12.51
Bandhan Large & Mid Cap Dir Gr	INF194K01V89	IDFC First Bank Ltd	Financial Services	93.60	0.63	-7.28	May25	11.15
Bandhan Large & Mid Cap Dir Gr	INF194K01V89	IDFC First Bank Ltd	Financial Services	93.60	0.63	-7.28	June25	10.18
Bandhan Large & Mid Cap Dir Gr	INF194K01V89	IDFC First Bank Ltd	Financial Services	93.60	0.63	-7.28	July25	9.19
Bandhan Large & Mid Cap Dir Gr	INF194K01V89	IDFC First Bank Ltd	Financial Services	93.60	0.63	-7.28	Aug25	8.13
Bandhan Large & Mid Cap Dir Gr	INF194K01V89	Crompton Greaves Consumer Electricals Ltd	Consumer Cyclical	92.51	0.63	16.19	Oct24	5.55
Bandhan Large & Mid Cap Dir Gr	INF194K01V89	Crompton Greaves Consumer Electricals Ltd	Consumer Cyclical	92.51	0.63	16.19	Nov24	7.52
Bandhan Large & Mid Cap Dir Gr	INF194K01V89	Crompton Greaves Consumer Electricals Ltd	Consumer Cyclical	92.51	0.63	16.19	Dec24	3.56
Bandhan Large & Mid Cap Dir Gr	INF194K01V89	Crompton Greaves Consumer Electricals Ltd	Consumer Cyclical	92.51	0.63	16.19	Jan25	5.32
Bandhan Large & Mid Cap Dir Gr	INF194K01V89	Crompton Greaves Consumer Electricals Ltd	Consumer Cyclical	92.51	0.63	16.19	Feb25	5.59
Bandhan Large & Mid Cap Dir Gr	INF194K01V89	Crompton Greaves Consumer Electricals Ltd	Consumer Cyclical	92.51	0.63	16.19	Mar25	15.51
Bandhan Large & Mid Cap Dir Gr	INF194K01V89	Crompton Greaves Consumer Electricals Ltd	Consumer Cyclical	92.51	0.63	16.19	Mar25	15.51
Bandhan Large & Mid Cap Dir Gr	INF194K01V89	Crompton Greaves Consumer Electricals Ltd	Consumer Cyclical	92.51	0.63	16.19	Apr25	12.51
Bandhan Large & Mid Cap Dir Gr	INF194K01V89	Crompton Greaves Consumer Electricals Ltd	Consumer Cyclical	92.51	0.63	16.19	May25	11.15
Bandhan Large & Mid Cap Dir Gr	INF194K01V89	Crompton Greaves Consumer Electricals Ltd	Consumer Cyclical	92.51	0.63	16.19	June25	10.18
Bandhan Large & Mid Cap Dir Gr	INF194K01V89	Crompton Greaves Consumer Electricals Ltd	Consumer Cyclical	92.51	0.63	16.19	July25	9.19
Bandhan Large & Mid Cap Dir Gr	INF194K01V89	Crompton Greaves Consumer Electricals Ltd	Consumer Cyclical	92.51	0.63	16.19	Aug25	8.13
Bandhan Large & Mid Cap Dir Gr	INF194K01V89	Eicher Motors Ltd	Consumer Cyclical	92.12	0.62	0.00	Oct24	5.55
Bandhan Large & Mid Cap Dir Gr	INF194K01V89	Eicher Motors Ltd	Consumer Cyclical	92.12	0.62	0.00	Nov24	7.52
Bandhan Large & Mid Cap Dir Gr	INF194K01V89	Eicher Motors Ltd	Consumer Cyclical	92.12	0.62	0.00	Dec24	3.56
Bandhan Large & Mid Cap Dir Gr	INF194K01V89	Eicher Motors Ltd	Consumer Cyclical	92.12	0.62	0.00	Jan25	5.32
Bandhan Large & Mid Cap Dir Gr	INF194K01V89	Eicher Motors Ltd	Consumer Cyclical	92.12	0.62	0.00	Feb25	5.59
Bandhan Large & Mid Cap Dir Gr	INF194K01V89	Eicher Motors Ltd	Consumer Cyclical	92.12	0.62	0.00	Mar25	15.51
Bandhan Large & Mid Cap Dir Gr	INF194K01V89	Eicher Motors Ltd	Consumer Cyclical	92.12	0.62	0.00	Mar25	15.51
Bandhan Large & Mid Cap Dir Gr	INF194K01V89	Eicher Motors Ltd	Consumer Cyclical	92.12	0.62	0.00	Apr25	12.51
Bandhan Large & Mid Cap Dir Gr	INF194K01V89	Eicher Motors Ltd	Consumer Cyclical	92.12	0.62	0.00	May25	11.15
Bandhan Large & Mid Cap Dir Gr	INF194K01V89	Eicher Motors Ltd	Consumer Cyclical	92.12	0.62	0.00	June25	10.18
Bandhan Large & Mid Cap Dir Gr	INF194K01V89	Eicher Motors Ltd	Consumer Cyclical	92.12	0.62	0.00	July25	9.19
Bandhan Large & Mid Cap Dir Gr	INF194K01V89	Eicher Motors Ltd	Consumer Cyclical	92.12	0.62	0.00	Aug25	8.13
Bandhan Large & Mid Cap Dir Gr	INF194K01V89	JSW Energy Ltd	Utilities	91.84	0.62	5.61	Oct24	5.55
Bandhan Large & Mid Cap Dir Gr	INF194K01V89	JSW Energy Ltd	Utilities	91.84	0.62	5.61	Nov24	7.52
Bandhan Large & Mid Cap Dir Gr	INF194K01V89	JSW Energy Ltd	Utilities	91.84	0.62	5.61	Dec24	3.56
Bandhan Large & Mid Cap Dir Gr	INF194K01V89	JSW Energy Ltd	Utilities	91.84	0.62	5.61	Jan25	5.32
Bandhan Large & Mid Cap Dir Gr	INF194K01V89	JSW Energy Ltd	Utilities	91.84	0.62	5.61	Feb25	5.59
Bandhan Large & Mid Cap Dir Gr	INF194K01V89	JSW Energy Ltd	Utilities	91.84	0.62	5.61	Mar25	15.51
Bandhan Large & Mid Cap Dir Gr	INF194K01V89	JSW Energy Ltd	Utilities	91.84	0.62	5.61	Mar25	15.51
Bandhan Large & Mid Cap Dir Gr	INF194K01V89	JSW Energy Ltd	Utilities	91.84	0.62	5.61	Apr25	12.51
Bandhan Large & Mid Cap Dir Gr	INF194K01V89	JSW Energy Ltd	Utilities	91.84	0.62	5.61	May25	11.15
Bandhan Large & Mid Cap Dir Gr	INF194K01V89	JSW Energy Ltd	Utilities	91.84	0.62	5.61	June25	10.18
Bandhan Large & Mid Cap Dir Gr	INF194K01V89	JSW Energy Ltd	Utilities	91.84	0.62	5.61	July25	9.19
Bandhan Large & Mid Cap Dir Gr	INF194K01V89	JSW Energy Ltd	Utilities	91.84	0.62	5.61	Aug25	8.13
Bandhan Large & Mid Cap Dir Gr	INF194K01V89	Adani Energy Solutions Ltd	Utilities	91.04	0.62		Oct24	5.55
Bandhan Large & Mid Cap Dir Gr	INF194K01V89	Adani Energy Solutions Ltd	Utilities	91.04	0.62		Nov24	7.52
Bandhan Large & Mid Cap Dir Gr	INF194K01V89	Adani Energy Solutions Ltd	Utilities	91.04	0.62		Dec24	3.56
Bandhan Large & Mid Cap Dir Gr	INF194K01V89	Adani Energy Solutions Ltd	Utilities	91.04	0.62		Jan25	5.32
Bandhan Large & Mid Cap Dir Gr	INF194K01V89	Adani Energy Solutions Ltd	Utilities	91.04	0.62		Feb25	5.59
Bandhan Large & Mid Cap Dir Gr	INF194K01V89	Adani Energy Solutions Ltd	Utilities	91.04	0.62		Mar25	15.51
Bandhan Large & Mid Cap Dir Gr	INF194K01V89	Adani Energy Solutions Ltd	Utilities	91.04	0.62		Mar25	15.51
Bandhan Large & Mid Cap Dir Gr	INF194K01V89	Adani Energy Solutions Ltd	Utilities	91.04	0.62		Apr25	12.51
Bandhan Large & Mid Cap Dir Gr	INF194K01V89	Adani Energy Solutions Ltd	Utilities	91.04	0.62		May25	11.15
Bandhan Large & Mid Cap Dir Gr	INF194K01V89	Adani Energy Solutions Ltd	Utilities	91.04	0.62		June25	10.18
Bandhan Large & Mid Cap Dir Gr	INF194K01V89	Adani Energy Solutions Ltd	Utilities	91.04	0.62		July25	9.19
Bandhan Large & Mid Cap Dir Gr	INF194K01V89	Adani Energy Solutions Ltd	Utilities	91.04	0.62		Aug25	8.13
Bandhan Large & Mid Cap Dir Gr	INF194K01V89	Sagility Ltd	Healthcare	90.47	0.61	-4.98	Oct24	5.55
Bandhan Large & Mid Cap Dir Gr	INF194K01V89	Sagility Ltd	Healthcare	90.47	0.61	-4.98	Nov24	7.52
Bandhan Large & Mid Cap Dir Gr	INF194K01V89	Sagility Ltd	Healthcare	90.47	0.61	-4.98	Dec24	3.56
Bandhan Large & Mid Cap Dir Gr	INF194K01V89	Sagility Ltd	Healthcare	90.47	0.61	-4.98	Jan25	5.32
Bandhan Large & Mid Cap Dir Gr	INF194K01V89	Sagility Ltd	Healthcare	90.47	0.61	-4.98	Feb25	5.59
Bandhan Large & Mid Cap Dir Gr	INF194K01V89	Sagility Ltd	Healthcare	90.47	0.61	-4.98	Mar25	15.51
Bandhan Large & Mid Cap Dir Gr	INF194K01V89	Sagility Ltd	Healthcare	90.47	0.61	-4.98	Mar25	15.51
Bandhan Large & Mid Cap Dir Gr	INF194K01V89	Sagility Ltd	Healthcare	90.47	0.61	-4.98	Apr25	12.51
Bandhan Large & Mid Cap Dir Gr	INF194K01V89	Sagility Ltd	Healthcare	90.47	0.61	-4.98	May25	11.15
Bandhan Large & Mid Cap Dir Gr	INF194K01V89	Sagility Ltd	Healthcare	90.47	0.61	-4.98	June25	10.18
Bandhan Large & Mid Cap Dir Gr	INF194K01V89	Sagility Ltd	Healthcare	90.47	0.61	-4.98	July25	9.19
Bandhan Large & Mid Cap Dir Gr	INF194K01V89	Sagility Ltd	Healthcare	90.47	0.61	-4.98	Aug25	8.13
Bandhan Large & Mid Cap Dir Gr	INF194K01V89	Poonawalla Fincorp Ltd	Financial Services	87.05	0.59	29.31	Oct24	5.55
Bandhan Large & Mid Cap Dir Gr	INF194K01V89	Poonawalla Fincorp Ltd	Financial Services	87.05	0.59	29.31	Nov24	7.52
Bandhan Large & Mid Cap Dir Gr	INF194K01V89	Poonawalla Fincorp Ltd	Financial Services	87.05	0.59	29.31	Dec24	3.56
Bandhan Large & Mid Cap Dir Gr	INF194K01V89	Poonawalla Fincorp Ltd	Financial Services	87.05	0.59	29.31	Jan25	5.32
Bandhan Large & Mid Cap Dir Gr	INF194K01V89	Poonawalla Fincorp Ltd	Financial Services	87.05	0.59	29.31	Feb25	5.59
Bandhan Large & Mid Cap Dir Gr	INF194K01V89	Poonawalla Fincorp Ltd	Financial Services	87.05	0.59	29.31	Mar25	15.51
Bandhan Large & Mid Cap Dir Gr	INF194K01V89	Poonawalla Fincorp Ltd	Financial Services	87.05	0.59	29.31	Mar25	15.51
Bandhan Large & Mid Cap Dir Gr	INF194K01V89	Poonawalla Fincorp Ltd	Financial Services	87.05	0.59	29.31	Apr25	12.51
Bandhan Large & Mid Cap Dir Gr	INF194K01V89	Poonawalla Fincorp Ltd	Financial Services	87.05	0.59	29.31	May25	11.15
Bandhan Large & Mid Cap Dir Gr	INF194K01V89	Poonawalla Fincorp Ltd	Financial Services	87.05	0.59	29.31	June25	10.18
Bandhan Large & Mid Cap Dir Gr	INF194K01V89	Poonawalla Fincorp Ltd	Financial Services	87.05	0.59	29.31	July25	9.19
Bandhan Large & Mid Cap Dir Gr	INF194K01V89	Poonawalla Fincorp Ltd	Financial Services	87.05	0.59	29.31	Aug25	8.13
Bandhan Large & Mid Cap Dir Gr	INF194K01V89	Atul Ltd	Basic Materials	79.84	0.54		Oct24	5.55
Bandhan Large & Mid Cap Dir Gr	INF194K01V89	Atul Ltd	Basic Materials	79.84	0.54		Nov24	7.52
Bandhan Large & Mid Cap Dir Gr	INF194K01V89	Atul Ltd	Basic Materials	79.84	0.54		Dec24	3.56
Bandhan Large & Mid Cap Dir Gr	INF194K01V89	Atul Ltd	Basic Materials	79.84	0.54		Jan25	5.32
Bandhan Large & Mid Cap Dir Gr	INF194K01V89	Atul Ltd	Basic Materials	79.84	0.54		Feb25	5.59
Bandhan Large & Mid Cap Dir Gr	INF194K01V89	Atul Ltd	Basic Materials	79.84	0.54		Mar25	15.51
Bandhan Large & Mid Cap Dir Gr	INF194K01V89	Atul Ltd	Basic Materials	79.84	0.54		Mar25	15.51
Bandhan Large & Mid Cap Dir Gr	INF194K01V89	Atul Ltd	Basic Materials	79.84	0.54		Apr25	12.51
Bandhan Large & Mid Cap Dir Gr	INF194K01V89	Atul Ltd	Basic Materials	79.84	0.54		May25	11.15
Bandhan Large & Mid Cap Dir Gr	INF194K01V89	Atul Ltd	Basic Materials	79.84	0.54		June25	10.18
Bandhan Large & Mid Cap Dir Gr	INF194K01V89	Atul Ltd	Basic Materials	79.84	0.54		July25	9.19
Bandhan Large & Mid Cap Dir Gr	INF194K01V89	Atul Ltd	Basic Materials	79.84	0.54		Aug25	8.13
Bandhan Large & Mid Cap Dir Gr	INF194K01V89	Blackbuck Ltd	Technology	77.80	0.53	-1.64	Oct24	5.55
Bandhan Large & Mid Cap Dir Gr	INF194K01V89	Blackbuck Ltd	Technology	77.80	0.53	-1.64	Nov24	7.52
Bandhan Large & Mid Cap Dir Gr	INF194K01V89	Blackbuck Ltd	Technology	77.80	0.53	-1.64	Dec24	3.56
Bandhan Large & Mid Cap Dir Gr	INF194K01V89	Blackbuck Ltd	Technology	77.80	0.53	-1.64	Jan25	5.32
Bandhan Large & Mid Cap Dir Gr	INF194K01V89	Blackbuck Ltd	Technology	77.80	0.53	-1.64	Feb25	5.59
Bandhan Large & Mid Cap Dir Gr	INF194K01V89	Blackbuck Ltd	Technology	77.80	0.53	-1.64	Mar25	15.51
Bandhan Large & Mid Cap Dir Gr	INF194K01V89	Blackbuck Ltd	Technology	77.80	0.53	-1.64	Mar25	15.51
Bandhan Large & Mid Cap Dir Gr	INF194K01V89	Blackbuck Ltd	Technology	77.80	0.53	-1.64	Apr25	12.51
Bandhan Large & Mid Cap Dir Gr	INF194K01V89	Blackbuck Ltd	Technology	77.80	0.53	-1.64	May25	11.15
Bandhan Large & Mid Cap Dir Gr	INF194K01V89	Blackbuck Ltd	Technology	77.80	0.53	-1.64	June25	10.18
Bandhan Large & Mid Cap Dir Gr	INF194K01V89	Blackbuck Ltd	Technology	77.80	0.53	-1.64	July25	9.19
Bandhan Large & Mid Cap Dir Gr	INF194K01V89	Blackbuck Ltd	Technology	77.80	0.53	-1.64	Aug25	8.13
Bandhan Large & Mid Cap Dir Gr	INF194K01V89	Hitachi Energy India Ltd Ordinary Shares	Industrials	76.69	0.52		Oct24	5.55
Bandhan Large & Mid Cap Dir Gr	INF194K01V89	Hitachi Energy India Ltd Ordinary Shares	Industrials	76.69	0.52		Nov24	7.52
Bandhan Large & Mid Cap Dir Gr	INF194K01V89	Hitachi Energy India Ltd Ordinary Shares	Industrials	76.69	0.52		Dec24	3.56
Bandhan Large & Mid Cap Dir Gr	INF194K01V89	Hitachi Energy India Ltd Ordinary Shares	Industrials	76.69	0.52		Jan25	5.32
Bandhan Large & Mid Cap Dir Gr	INF194K01V89	Hitachi Energy India Ltd Ordinary Shares	Industrials	76.69	0.52		Feb25	5.59
Bandhan Large & Mid Cap Dir Gr	INF194K01V89	Hitachi Energy India Ltd Ordinary Shares	Industrials	76.69	0.52		Mar25	15.51
Bandhan Large & Mid Cap Dir Gr	INF194K01V89	Hitachi Energy India Ltd Ordinary Shares	Industrials	76.69	0.52		Mar25	15.51
Bandhan Large & Mid Cap Dir Gr	INF194K01V89	Hitachi Energy India Ltd Ordinary Shares	Industrials	76.69	0.52		Apr25	12.51
Bandhan Large & Mid Cap Dir Gr	INF194K01V89	Hitachi Energy India Ltd Ordinary Shares	Industrials	76.69	0.52		May25	11.15
Bandhan Large & Mid Cap Dir Gr	INF194K01V89	Hitachi Energy India Ltd Ordinary Shares	Industrials	76.69	0.52		June25	10.18
Bandhan Large & Mid Cap Dir Gr	INF194K01V89	Hitachi Energy India Ltd Ordinary Shares	Industrials	76.69	0.52		July25	9.19
Bandhan Large & Mid Cap Dir Gr	INF194K01V89	Hitachi Energy India Ltd Ordinary Shares	Industrials	76.69	0.52		Aug25	8.13
Bandhan Large & Mid Cap Dir Gr	INF194K01V89	E2E Networks Ltd Ordinary Shares	Technology	76.16	0.52	-3.89	Oct24	5.55
Bandhan Large & Mid Cap Dir Gr	INF194K01V89	E2E Networks Ltd Ordinary Shares	Technology	76.16	0.52	-3.89	Nov24	7.52
Bandhan Large & Mid Cap Dir Gr	INF194K01V89	E2E Networks Ltd Ordinary Shares	Technology	76.16	0.52	-3.89	Dec24	3.56
Bandhan Large & Mid Cap Dir Gr	INF194K01V89	E2E Networks Ltd Ordinary Shares	Technology	76.16	0.52	-3.89	Jan25	5.32
Bandhan Large & Mid Cap Dir Gr	INF194K01V89	E2E Networks Ltd Ordinary Shares	Technology	76.16	0.52	-3.89	Feb25	5.59
Bandhan Large & Mid Cap Dir Gr	INF194K01V89	E2E Networks Ltd Ordinary Shares	Technology	76.16	0.52	-3.89	Mar25	15.51
Bandhan Large & Mid Cap Dir Gr	INF194K01V89	E2E Networks Ltd Ordinary Shares	Technology	76.16	0.52	-3.89	Mar25	15.51
Bandhan Large & Mid Cap Dir Gr	INF194K01V89	E2E Networks Ltd Ordinary Shares	Technology	76.16	0.52	-3.89	Apr25	12.51
Bandhan Large & Mid Cap Dir Gr	INF194K01V89	E2E Networks Ltd Ordinary Shares	Technology	76.16	0.52	-3.89	May25	11.15
Bandhan Large & Mid Cap Dir Gr	INF194K01V89	E2E Networks Ltd Ordinary Shares	Technology	76.16	0.52	-3.89	June25	10.18
Bandhan Large & Mid Cap Dir Gr	INF194K01V89	E2E Networks Ltd Ordinary Shares	Technology	76.16	0.52	-3.89	July25	9.19
Bandhan Large & Mid Cap Dir Gr	INF194K01V89	E2E Networks Ltd Ordinary Shares	Technology	76.16	0.52	-3.89	Aug25	8.13
Bandhan Large & Mid Cap Dir Gr	INF194K01V89	LT Foods Ltd	Consumer Defensive	76.08	0.51	0.00	Oct24	5.55
Bandhan Large & Mid Cap Dir Gr	INF194K01V89	LT Foods Ltd	Consumer Defensive	76.08	0.51	0.00	Nov24	7.52
Bandhan Large & Mid Cap Dir Gr	INF194K01V89	LT Foods Ltd	Consumer Defensive	76.08	0.51	0.00	Dec24	3.56
Bandhan Large & Mid Cap Dir Gr	INF194K01V89	LT Foods Ltd	Consumer Defensive	76.08	0.51	0.00	Jan25	5.32
Bandhan Large & Mid Cap Dir Gr	INF194K01V89	LT Foods Ltd	Consumer Defensive	76.08	0.51	0.00	Feb25	5.59
Bandhan Large & Mid Cap Dir Gr	INF194K01V89	LT Foods Ltd	Consumer Defensive	76.08	0.51	0.00	Mar25	15.51
Bandhan Large & Mid Cap Dir Gr	INF194K01V89	LT Foods Ltd	Consumer Defensive	76.08	0.51	0.00	Mar25	15.51
Bandhan Large & Mid Cap Dir Gr	INF194K01V89	LT Foods Ltd	Consumer Defensive	76.08	0.51	0.00	Apr25	12.51
Bandhan Large & Mid Cap Dir Gr	INF194K01V89	LT Foods Ltd	Consumer Defensive	76.08	0.51	0.00	May25	11.15
Bandhan Large & Mid Cap Dir Gr	INF194K01V89	LT Foods Ltd	Consumer Defensive	76.08	0.51	0.00	June25	10.18
Bandhan Large & Mid Cap Dir Gr	INF194K01V89	LT Foods Ltd	Consumer Defensive	76.08	0.51	0.00	July25	9.19
Bandhan Large & Mid Cap Dir Gr	INF194K01V89	LT Foods Ltd	Consumer Defensive	76.08	0.51	0.00	Aug25	8.13
Bandhan Large & Mid Cap Dir Gr	INF194K01V89	Hindustan Petroleum Corp Ltd	Energy	74.59	0.50	0.00	Oct24	5.55
Bandhan Large & Mid Cap Dir Gr	INF194K01V89	Hindustan Petroleum Corp Ltd	Energy	74.59	0.50	0.00	Nov24	7.52
Bandhan Large & Mid Cap Dir Gr	INF194K01V89	Hindustan Petroleum Corp Ltd	Energy	74.59	0.50	0.00	Dec24	3.56
Bandhan Large & Mid Cap Dir Gr	INF194K01V89	Hindustan Petroleum Corp Ltd	Energy	74.59	0.50	0.00	Jan25	5.32
Bandhan Large & Mid Cap Dir Gr	INF194K01V89	Hindustan Petroleum Corp Ltd	Energy	74.59	0.50	0.00	Feb25	5.59
Bandhan Large & Mid Cap Dir Gr	INF194K01V89	Hindustan Petroleum Corp Ltd	Energy	74.59	0.50	0.00	Mar25	15.51
Bandhan Large & Mid Cap Dir Gr	INF194K01V89	Hindustan Petroleum Corp Ltd	Energy	74.59	0.50	0.00	Mar25	15.51
Bandhan Large & Mid Cap Dir Gr	INF194K01V89	Hindustan Petroleum Corp Ltd	Energy	74.59	0.50	0.00	Apr25	12.51
Bandhan Large & Mid Cap Dir Gr	INF194K01V89	Hindustan Petroleum Corp Ltd	Energy	74.59	0.50	0.00	May25	11.15
Bandhan Large & Mid Cap Dir Gr	INF194K01V89	Hindustan Petroleum Corp Ltd	Energy	74.59	0.50	0.00	June25	10.18
Bandhan Large & Mid Cap Dir Gr	INF194K01V89	Hindustan Petroleum Corp Ltd	Energy	74.59	0.50	0.00	July25	9.19
Bandhan Large & Mid Cap Dir Gr	INF194K01V89	Hindustan Petroleum Corp Ltd	Energy	74.59	0.50	0.00	Aug25	8.13
Bandhan Large & Mid Cap Dir Gr	INF194K01V89	Solar Industries India Ltd	Basic Materials	74.04	0.50	0.00	Oct24	5.55
Bandhan Large & Mid Cap Dir Gr	INF194K01V89	Solar Industries India Ltd	Basic Materials	74.04	0.50	0.00	Nov24	7.52
Bandhan Large & Mid Cap Dir Gr	INF194K01V89	Solar Industries India Ltd	Basic Materials	74.04	0.50	0.00	Dec24	3.56
Bandhan Large & Mid Cap Dir Gr	INF194K01V89	Solar Industries India Ltd	Basic Materials	74.04	0.50	0.00	Jan25	5.32
Bandhan Large & Mid Cap Dir Gr	INF194K01V89	Solar Industries India Ltd	Basic Materials	74.04	0.50	0.00	Feb25	5.59
Bandhan Large & Mid Cap Dir Gr	INF194K01V89	Solar Industries India Ltd	Basic Materials	74.04	0.50	0.00	Mar25	15.51
Bandhan Large & Mid Cap Dir Gr	INF194K01V89	Solar Industries India Ltd	Basic Materials	74.04	0.50	0.00	Mar25	15.51
Bandhan Large & Mid Cap Dir Gr	INF194K01V89	Solar Industries India Ltd	Basic Materials	74.04	0.50	0.00	Apr25	12.51
Bandhan Large & Mid Cap Dir Gr	INF194K01V89	Solar Industries India Ltd	Basic Materials	74.04	0.50	0.00	May25	11.15
Bandhan Large & Mid Cap Dir Gr	INF194K01V89	Solar Industries India Ltd	Basic Materials	74.04	0.50	0.00	June25	10.18
Bandhan Large & Mid Cap Dir Gr	INF194K01V89	Solar Industries India Ltd	Basic Materials	74.04	0.50	0.00	July25	9.19
Bandhan Large & Mid Cap Dir Gr	INF194K01V89	Solar Industries India Ltd	Basic Materials	74.04	0.50	0.00	Aug25	8.13
Bandhan Large & Mid Cap Dir Gr	INF194K01V89	Aditya Birla Fashion and Retail Ltd	Consumer Cyclical	73.55	0.50	4.77	Oct24	5.55
Bandhan Large & Mid Cap Dir Gr	INF194K01V89	Aditya Birla Fashion and Retail Ltd	Consumer Cyclical	73.55	0.50	4.77	Nov24	7.52
Bandhan Large & Mid Cap Dir Gr	INF194K01V89	Aditya Birla Fashion and Retail Ltd	Consumer Cyclical	73.55	0.50	4.77	Dec24	3.56
Bandhan Large & Mid Cap Dir Gr	INF194K01V89	Aditya Birla Fashion and Retail Ltd	Consumer Cyclical	73.55	0.50	4.77	Jan25	5.32
Bandhan Large & Mid Cap Dir Gr	INF194K01V89	Aditya Birla Fashion and Retail Ltd	Consumer Cyclical	73.55	0.50	4.77	Feb25	5.59
Bandhan Large & Mid Cap Dir Gr	INF194K01V89	Aditya Birla Fashion and Retail Ltd	Consumer Cyclical	73.55	0.50	4.77	Mar25	15.51
Bandhan Large & Mid Cap Dir Gr	INF194K01V89	Aditya Birla Fashion and Retail Ltd	Consumer Cyclical	73.55	0.50	4.77	Mar25	15.51
Bandhan Large & Mid Cap Dir Gr	INF194K01V89	Aditya Birla Fashion and Retail Ltd	Consumer Cyclical	73.55	0.50	4.77	Apr25	12.51
Bandhan Large & Mid Cap Dir Gr	INF194K01V89	Aditya Birla Fashion and Retail Ltd	Consumer Cyclical	73.55	0.50	4.77	May25	11.15
Bandhan Large & Mid Cap Dir Gr	INF194K01V89	Aditya Birla Fashion and Retail Ltd	Consumer Cyclical	73.55	0.50	4.77	June25	10.18
Bandhan Large & Mid Cap Dir Gr	INF194K01V89	Aditya Birla Fashion and Retail Ltd	Consumer Cyclical	73.55	0.50	4.77	July25	9.19
Bandhan Large & Mid Cap Dir Gr	INF194K01V89	Aditya Birla Fashion and Retail Ltd	Consumer Cyclical	73.55	0.50	4.77	Aug25	8.13
Bandhan Large & Mid Cap Dir Gr	INF194K01V89	Shadowfax Technologies Ltd	Industrials	73.48	0.50	81.94	Oct24	5.55
Bandhan Large & Mid Cap Dir Gr	INF194K01V89	Shadowfax Technologies Ltd	Industrials	73.48	0.50	81.94	Nov24	7.52
Bandhan Large & Mid Cap Dir Gr	INF194K01V89	Shadowfax Technologies Ltd	Industrials	73.48	0.50	81.94	Dec24	3.56
Bandhan Large & Mid Cap Dir Gr	INF194K01V89	Shadowfax Technologies Ltd	Industrials	73.48	0.50	81.94	Jan25	5.32
Bandhan Large & Mid Cap Dir Gr	INF194K01V89	Shadowfax Technologies Ltd	Industrials	73.48	0.50	81.94	Feb25	5.59
Bandhan Large & Mid Cap Dir Gr	INF194K01V89	Shadowfax Technologies Ltd	Industrials	73.48	0.50	81.94	Mar25	15.51
Bandhan Large & Mid Cap Dir Gr	INF194K01V89	Shadowfax Technologies Ltd	Industrials	73.48	0.50	81.94	Mar25	15.51
Bandhan Large & Mid Cap Dir Gr	INF194K01V89	Shadowfax Technologies Ltd	Industrials	73.48	0.50	81.94	Apr25	12.51
Bandhan Large & Mid Cap Dir Gr	INF194K01V89	Shadowfax Technologies Ltd	Industrials	73.48	0.50	81.94	May25	11.15
Bandhan Large & Mid Cap Dir Gr	INF194K01V89	Shadowfax Technologies Ltd	Industrials	73.48	0.50	81.94	June25	10.18
Bandhan Large & Mid Cap Dir Gr	INF194K01V89	Shadowfax Technologies Ltd	Industrials	73.48	0.50	81.94	July25	9.19
Bandhan Large & Mid Cap Dir Gr	INF194K01V89	Shadowfax Technologies Ltd	Industrials	73.48	0.50	81.94	Aug25	8.13
Bandhan Large & Mid Cap Dir Gr	INF194K01V89	Adani Ports & Special Economic Zone Ltd	Industrials	67.32	0.46		Oct24	5.55
Bandhan Large & Mid Cap Dir Gr	INF194K01V89	Adani Ports & Special Economic Zone Ltd	Industrials	67.32	0.46		Nov24	7.52
Bandhan Large & Mid Cap Dir Gr	INF194K01V89	Adani Ports & Special Economic Zone Ltd	Industrials	67.32	0.46		Dec24	3.56
Bandhan Large & Mid Cap Dir Gr	INF194K01V89	Adani Ports & Special Economic Zone Ltd	Industrials	67.32	0.46		Jan25	5.32
Bandhan Large & Mid Cap Dir Gr	INF194K01V89	Adani Ports & Special Economic Zone Ltd	Industrials	67.32	0.46		Feb25	5.59
Bandhan Large & Mid Cap Dir Gr	INF194K01V89	Adani Ports & Special Economic Zone Ltd	Industrials	67.32	0.46		Mar25	15.51
Bandhan Large & Mid Cap Dir Gr	INF194K01V89	Adani Ports & Special Economic Zone Ltd	Industrials	67.32	0.46		Mar25	15.51
Bandhan Large & Mid Cap Dir Gr	INF194K01V89	Adani Ports & Special Economic Zone Ltd	Industrials	67.32	0.46		Apr25	12.51
Bandhan Large & Mid Cap Dir Gr	INF194K01V89	Adani Ports & Special Economic Zone Ltd	Industrials	67.32	0.46		May25	11.15
Bandhan Large & Mid Cap Dir Gr	INF194K01V89	Adani Ports & Special Economic Zone Ltd	Industrials	67.32	0.46		June25	10.18
Bandhan Large & Mid Cap Dir Gr	INF194K01V89	Adani Ports & Special Economic Zone Ltd	Industrials	67.32	0.46		July25	9.19
Bandhan Large & Mid Cap Dir Gr	INF194K01V89	Adani Ports & Special Economic Zone Ltd	Industrials	67.32	0.46		Aug25	8.13
Bandhan Large & Mid Cap Dir Gr	INF194K01V89	Canara Bank	Financial Services	67.06	0.45	-10.50	Oct24	5.55
Bandhan Large & Mid Cap Dir Gr	INF194K01V89	Canara Bank	Financial Services	67.06	0.45	-10.50	Nov24	7.52
Bandhan Large & Mid Cap Dir Gr	INF194K01V89	Canara Bank	Financial Services	67.06	0.45	-10.50	Dec24	3.56
Bandhan Large & Mid Cap Dir Gr	INF194K01V89	Canara Bank	Financial Services	67.06	0.45	-10.50	Jan25	5.32
Bandhan Large & Mid Cap Dir Gr	INF194K01V89	Canara Bank	Financial Services	67.06	0.45	-10.50	Feb25	5.59
Bandhan Large & Mid Cap Dir Gr	INF194K01V89	Canara Bank	Financial Services	67.06	0.45	-10.50	Mar25	15.51
Bandhan Large & Mid Cap Dir Gr	INF194K01V89	Canara Bank	Financial Services	67.06	0.45	-10.50	Mar25	15.51
Bandhan Large & Mid Cap Dir Gr	INF194K01V89	Canara Bank	Financial Services	67.06	0.45	-10.50	Apr25	12.51
Bandhan Large & Mid Cap Dir Gr	INF194K01V89	Canara Bank	Financial Services	67.06	0.45	-10.50	May25	11.15
Bandhan Large & Mid Cap Dir Gr	INF194K01V89	Canara Bank	Financial Services	67.06	0.45	-10.50	June25	10.18
Bandhan Large & Mid Cap Dir Gr	INF194K01V89	Canara Bank	Financial Services	67.06	0.45	-10.50	July25	9.19
Bandhan Large & Mid Cap Dir Gr	INF194K01V89	Canara Bank	Financial Services	67.06	0.45	-10.50	Aug25	8.13
Bandhan Large & Mid Cap Dir Gr	INF194K01V89	Ethos Ltd	Consumer Cyclical	67.00	0.45	0.00	Oct24	5.55
Bandhan Large & Mid Cap Dir Gr	INF194K01V89	Ethos Ltd	Consumer Cyclical	67.00	0.45	0.00	Nov24	7.52
Bandhan Large & Mid Cap Dir Gr	INF194K01V89	Ethos Ltd	Consumer Cyclical	67.00	0.45	0.00	Dec24	3.56
Bandhan Large & Mid Cap Dir Gr	INF194K01V89	Ethos Ltd	Consumer Cyclical	67.00	0.45	0.00	Jan25	5.32
Bandhan Large & Mid Cap Dir Gr	INF194K01V89	Ethos Ltd	Consumer Cyclical	67.00	0.45	0.00	Feb25	5.59
Bandhan Large & Mid Cap Dir Gr	INF194K01V89	Ethos Ltd	Consumer Cyclical	67.00	0.45	0.00	Mar25	15.51
Bandhan Large & Mid Cap Dir Gr	INF194K01V89	Ethos Ltd	Consumer Cyclical	67.00	0.45	0.00	Mar25	15.51
Bandhan Large & Mid Cap Dir Gr	INF194K01V89	Ethos Ltd	Consumer Cyclical	67.00	0.45	0.00	Apr25	12.51
Bandhan Large & Mid Cap Dir Gr	INF194K01V89	Ethos Ltd	Consumer Cyclical	67.00	0.45	0.00	May25	11.15
Bandhan Large & Mid Cap Dir Gr	INF194K01V89	Ethos Ltd	Consumer Cyclical	67.00	0.45	0.00	June25	10.18
Bandhan Large & Mid Cap Dir Gr	INF194K01V89	Ethos Ltd	Consumer Cyclical	67.00	0.45	0.00	July25	9.19
Bandhan Large & Mid Cap Dir Gr	INF194K01V89	Ethos Ltd	Consumer Cyclical	67.00	0.45	0.00	Aug25	8.13
Bandhan Large & Mid Cap Dir Gr	INF194K01V89	Usha Martin Ltd	Basic Materials	66.74	0.45	0.00	Oct24	5.55
Bandhan Large & Mid Cap Dir Gr	INF194K01V89	Usha Martin Ltd	Basic Materials	66.74	0.45	0.00	Nov24	7.52
Bandhan Large & Mid Cap Dir Gr	INF194K01V89	Usha Martin Ltd	Basic Materials	66.74	0.45	0.00	Dec24	3.56
Bandhan Large & Mid Cap Dir Gr	INF194K01V89	Usha Martin Ltd	Basic Materials	66.74	0.45	0.00	Jan25	5.32
Bandhan Large & Mid Cap Dir Gr	INF194K01V89	Usha Martin Ltd	Basic Materials	66.74	0.45	0.00	Feb25	5.59
Bandhan Large & Mid Cap Dir Gr	INF194K01V89	Usha Martin Ltd	Basic Materials	66.74	0.45	0.00	Mar25	15.51
Bandhan Large & Mid Cap Dir Gr	INF194K01V89	Usha Martin Ltd	Basic Materials	66.74	0.45	0.00	Mar25	15.51
Bandhan Large & Mid Cap Dir Gr	INF194K01V89	Usha Martin Ltd	Basic Materials	66.74	0.45	0.00	Apr25	12.51
Bandhan Large & Mid Cap Dir Gr	INF194K01V89	Usha Martin Ltd	Basic Materials	66.74	0.45	0.00	May25	11.15
Bandhan Large & Mid Cap Dir Gr	INF194K01V89	Usha Martin Ltd	Basic Materials	66.74	0.45	0.00	June25	10.18
Bandhan Large & Mid Cap Dir Gr	INF194K01V89	Usha Martin Ltd	Basic Materials	66.74	0.45	0.00	July25	9.19
Bandhan Large & Mid Cap Dir Gr	INF194K01V89	Usha Martin Ltd	Basic Materials	66.74	0.45	0.00	Aug25	8.13
Bandhan Large & Mid Cap Dir Gr	INF194K01V89	Arvind Ltd	Consumer Cyclical	66.25	0.45	0.00	Oct24	5.55
Bandhan Large & Mid Cap Dir Gr	INF194K01V89	Arvind Ltd	Consumer Cyclical	66.25	0.45	0.00	Nov24	7.52
Bandhan Large & Mid Cap Dir Gr	INF194K01V89	Arvind Ltd	Consumer Cyclical	66.25	0.45	0.00	Dec24	3.56
Bandhan Large & Mid Cap Dir Gr	INF194K01V89	Arvind Ltd	Consumer Cyclical	66.25	0.45	0.00	Jan25	5.32
Bandhan Large & Mid Cap Dir Gr	INF194K01V89	Arvind Ltd	Consumer Cyclical	66.25	0.45	0.00	Feb25	5.59
Bandhan Large & Mid Cap Dir Gr	INF194K01V89	Arvind Ltd	Consumer Cyclical	66.25	0.45	0.00	Mar25	15.51
Bandhan Large & Mid Cap Dir Gr	INF194K01V89	Arvind Ltd	Consumer Cyclical	66.25	0.45	0.00	Mar25	15.51
Bandhan Large & Mid Cap Dir Gr	INF194K01V89	Arvind Ltd	Consumer Cyclical	66.25	0.45	0.00	Apr25	12.51
Bandhan Large & Mid Cap Dir Gr	INF194K01V89	Arvind Ltd	Consumer Cyclical	66.25	0.45	0.00	May25	11.15
Bandhan Large & Mid Cap Dir Gr	INF194K01V89	Arvind Ltd	Consumer Cyclical	66.25	0.45	0.00	June25	10.18
Bandhan Large & Mid Cap Dir Gr	INF194K01V89	Arvind Ltd	Consumer Cyclical	66.25	0.45	0.00	July25	9.19
Bandhan Large & Mid Cap Dir Gr	INF194K01V89	Arvind Ltd	Consumer Cyclical	66.25	0.45	0.00	Aug25	8.13
Bandhan Large & Mid Cap Dir Gr	INF194K01V89	Jindal Stainless Ltd	Basic Materials	65.99	0.45		Oct24	5.55
Bandhan Large & Mid Cap Dir Gr	INF194K01V89	Jindal Stainless Ltd	Basic Materials	65.99	0.45		Nov24	7.52
Bandhan Large & Mid Cap Dir Gr	INF194K01V89	Jindal Stainless Ltd	Basic Materials	65.99	0.45		Dec24	3.56
Bandhan Large & Mid Cap Dir Gr	INF194K01V89	Jindal Stainless Ltd	Basic Materials	65.99	0.45		Jan25	5.32
Bandhan Large & Mid Cap Dir Gr	INF194K01V89	Jindal Stainless Ltd	Basic Materials	65.99	0.45		Feb25	5.59
Bandhan Large & Mid Cap Dir Gr	INF194K01V89	Jindal Stainless Ltd	Basic Materials	65.99	0.45		Mar25	15.51
Bandhan Large & Mid Cap Dir Gr	INF194K01V89	Jindal Stainless Ltd	Basic Materials	65.99	0.45		Mar25	15.51
Bandhan Large & Mid Cap Dir Gr	INF194K01V89	Jindal Stainless Ltd	Basic Materials	65.99	0.45		Apr25	12.51
Bandhan Large & Mid Cap Dir Gr	INF194K01V89	Jindal Stainless Ltd	Basic Materials	65.99	0.45		May25	11.15
Bandhan Large & Mid Cap Dir Gr	INF194K01V89	Jindal Stainless Ltd	Basic Materials	65.99	0.45		June25	10.18
Bandhan Large & Mid Cap Dir Gr	INF194K01V89	Jindal Stainless Ltd	Basic Materials	65.99	0.45		July25	9.19
Bandhan Large & Mid Cap Dir Gr	INF194K01V89	Jindal Stainless Ltd	Basic Materials	65.99	0.45		Aug25	8.13
Bandhan Large & Mid Cap Dir Gr	INF194K01V89	Indiqube Spaces Ltd	Real Estate	64.10	0.43	5.54	Oct24	5.55
Bandhan Large & Mid Cap Dir Gr	INF194K01V89	Indiqube Spaces Ltd	Real Estate	64.10	0.43	5.54	Nov24	7.52
Bandhan Large & Mid Cap Dir Gr	INF194K01V89	Indiqube Spaces Ltd	Real Estate	64.10	0.43	5.54	Dec24	3.56
Bandhan Large & Mid Cap Dir Gr	INF194K01V89	Indiqube Spaces Ltd	Real Estate	64.10	0.43	5.54	Jan25	5.32
Bandhan Large & Mid Cap Dir Gr	INF194K01V89	Indiqube Spaces Ltd	Real Estate	64.10	0.43	5.54	Feb25	5.59
Bandhan Large & Mid Cap Dir Gr	INF194K01V89	Indiqube Spaces Ltd	Real Estate	64.10	0.43	5.54	Mar25	15.51
Bandhan Large & Mid Cap Dir Gr	INF194K01V89	Indiqube Spaces Ltd	Real Estate	64.10	0.43	5.54	Mar25	15.51
Bandhan Large & Mid Cap Dir Gr	INF194K01V89	Indiqube Spaces Ltd	Real Estate	64.10	0.43	5.54	Apr25	12.51
Bandhan Large & Mid Cap Dir Gr	INF194K01V89	Indiqube Spaces Ltd	Real Estate	64.10	0.43	5.54	May25	11.15
Bandhan Large & Mid Cap Dir Gr	INF194K01V89	Indiqube Spaces Ltd	Real Estate	64.10	0.43	5.54	June25	10.18
Bandhan Large & Mid Cap Dir Gr	INF194K01V89	Indiqube Spaces Ltd	Real Estate	64.10	0.43	5.54	July25	9.19
Bandhan Large & Mid Cap Dir Gr	INF194K01V89	Indiqube Spaces Ltd	Real Estate	64.10	0.43	5.54	Aug25	8.13
Bandhan Large & Mid Cap Dir Gr	INF194K01V89	Ecos (India) Mobility & Hospitality Ltd	Industrials	63.41	0.43	0.00	Oct24	5.55
Bandhan Large & Mid Cap Dir Gr	INF194K01V89	Ecos (India) Mobility & Hospitality Ltd	Industrials	63.41	0.43	0.00	Nov24	7.52
Bandhan Large & Mid Cap Dir Gr	INF194K01V89	Ecos (India) Mobility & Hospitality Ltd	Industrials	63.41	0.43	0.00	Dec24	3.56
Bandhan Large & Mid Cap Dir Gr	INF194K01V89	Ecos (India) Mobility & Hospitality Ltd	Industrials	63.41	0.43	0.00	Jan25	5.32
Bandhan Large & Mid Cap Dir Gr	INF194K01V89	Ecos (India) Mobility & Hospitality Ltd	Industrials	63.41	0.43	0.00	Feb25	5.59
Bandhan Large & Mid Cap Dir Gr	INF194K01V89	Ecos (India) Mobility & Hospitality Ltd	Industrials	63.41	0.43	0.00	Mar25	15.51
Bandhan Large & Mid Cap Dir Gr	INF194K01V89	Ecos (India) Mobility & Hospitality Ltd	Industrials	63.41	0.43	0.00	Mar25	15.51
Bandhan Large & Mid Cap Dir Gr	INF194K01V89	Ecos (India) Mobility & Hospitality Ltd	Industrials	63.41	0.43	0.00	Apr25	12.51
Bandhan Large & Mid Cap Dir Gr	INF194K01V89	Ecos (India) Mobility & Hospitality Ltd	Industrials	63.41	0.43	0.00	May25	11.15
Bandhan Large & Mid Cap Dir Gr	INF194K01V89	Ecos (India) Mobility & Hospitality Ltd	Industrials	63.41	0.43	0.00	June25	10.18
Bandhan Large & Mid Cap Dir Gr	INF194K01V89	Ecos (India) Mobility & Hospitality Ltd	Industrials	63.41	0.43	0.00	July25	9.19
Bandhan Large & Mid Cap Dir Gr	INF194K01V89	Ecos (India) Mobility & Hospitality Ltd	Industrials	63.41	0.43	0.00	Aug25	8.13
Bandhan Large & Mid Cap Dir Gr	INF194K01V89	Hi-Tech Pipes Ltd	Basic Materials	62.99	0.43	0.00	Oct24	5.55
Bandhan Large & Mid Cap Dir Gr	INF194K01V89	Hi-Tech Pipes Ltd	Basic Materials	62.99	0.43	0.00	Nov24	7.52
Bandhan Large & Mid Cap Dir Gr	INF194K01V89	Hi-Tech Pipes Ltd	Basic Materials	62.99	0.43	0.00	Dec24	3.56
Bandhan Large & Mid Cap Dir Gr	INF194K01V89	Hi-Tech Pipes Ltd	Basic Materials	62.99	0.43	0.00	Jan25	5.32
Bandhan Large & Mid Cap Dir Gr	INF194K01V89	Hi-Tech Pipes Ltd	Basic Materials	62.99	0.43	0.00	Feb25	5.59
Bandhan Large & Mid Cap Dir Gr	INF194K01V89	Hi-Tech Pipes Ltd	Basic Materials	62.99	0.43	0.00	Mar25	15.51
Bandhan Large & Mid Cap Dir Gr	INF194K01V89	Hi-Tech Pipes Ltd	Basic Materials	62.99	0.43	0.00	Mar25	15.51
Bandhan Large & Mid Cap Dir Gr	INF194K01V89	Hi-Tech Pipes Ltd	Basic Materials	62.99	0.43	0.00	Apr25	12.51
Bandhan Large & Mid Cap Dir Gr	INF194K01V89	Hi-Tech Pipes Ltd	Basic Materials	62.99	0.43	0.00	May25	11.15
Bandhan Large & Mid Cap Dir Gr	INF194K01V89	Hi-Tech Pipes Ltd	Basic Materials	62.99	0.43	0.00	June25	10.18
Bandhan Large & Mid Cap Dir Gr	INF194K01V89	Hi-Tech Pipes Ltd	Basic Materials	62.99	0.43	0.00	July25	9.19
Bandhan Large & Mid Cap Dir Gr	INF194K01V89	Hi-Tech Pipes Ltd	Basic Materials	62.99	0.43	0.00	Aug25	8.13
Bandhan Large & Mid Cap Dir Gr	INF194K01V89	GMM Pfaudler Ltd	Industrials	58.80	0.40	38.16	Oct24	5.55
Bandhan Large & Mid Cap Dir Gr	INF194K01V89	GMM Pfaudler Ltd	Industrials	58.80	0.40	38.16	Nov24	7.52
Bandhan Large & Mid Cap Dir Gr	INF194K01V89	GMM Pfaudler Ltd	Industrials	58.80	0.40	38.16	Dec24	3.56
Bandhan Large & Mid Cap Dir Gr	INF194K01V89	GMM Pfaudler Ltd	Industrials	58.80	0.40	38.16	Jan25	5.32
Bandhan Large & Mid Cap Dir Gr	INF194K01V89	GMM Pfaudler Ltd	Industrials	58.80	0.40	38.16	Feb25	5.59
Bandhan Large & Mid Cap Dir Gr	INF194K01V89	GMM Pfaudler Ltd	Industrials	58.80	0.40	38.16	Mar25	15.51
Bandhan Large & Mid Cap Dir Gr	INF194K01V89	GMM Pfaudler Ltd	Industrials	58.80	0.40	38.16	Mar25	15.51
Bandhan Large & Mid Cap Dir Gr	INF194K01V89	GMM Pfaudler Ltd	Industrials	58.80	0.40	38.16	Apr25	12.51
Bandhan Large & Mid Cap Dir Gr	INF194K01V89	GMM Pfaudler Ltd	Industrials	58.80	0.40	38.16	May25	11.15
Bandhan Large & Mid Cap Dir Gr	INF194K01V89	GMM Pfaudler Ltd	Industrials	58.80	0.40	38.16	June25	10.18
Bandhan Large & Mid Cap Dir Gr	INF194K01V89	GMM Pfaudler Ltd	Industrials	58.80	0.40	38.16	July25	9.19
Bandhan Large & Mid Cap Dir Gr	INF194K01V89	GMM Pfaudler Ltd	Industrials	58.80	0.40	38.16	Aug25	8.13
Bandhan Large & Mid Cap Dir Gr	INF194K01V89	Graphite India Ltd	Industrials	56.91	0.39	54.61	Oct24	5.55
Bandhan Large & Mid Cap Dir Gr	INF194K01V89	Graphite India Ltd	Industrials	56.91	0.39	54.61	Nov24	7.52
Bandhan Large & Mid Cap Dir Gr	INF194K01V89	Graphite India Ltd	Industrials	56.91	0.39	54.61	Dec24	3.56
Bandhan Large & Mid Cap Dir Gr	INF194K01V89	Graphite India Ltd	Industrials	56.91	0.39	54.61	Jan25	5.32
Bandhan Large & Mid Cap Dir Gr	INF194K01V89	Graphite India Ltd	Industrials	56.91	0.39	54.61	Feb25	5.59
Bandhan Large & Mid Cap Dir Gr	INF194K01V89	Graphite India Ltd	Industrials	56.91	0.39	54.61	Mar25	15.51
Bandhan Large & Mid Cap Dir Gr	INF194K01V89	Graphite India Ltd	Industrials	56.91	0.39	54.61	Mar25	15.51
Bandhan Large & Mid Cap Dir Gr	INF194K01V89	Graphite India Ltd	Industrials	56.91	0.39	54.61	Apr25	12.51
Bandhan Large & Mid Cap Dir Gr	INF194K01V89	Graphite India Ltd	Industrials	56.91	0.39	54.61	May25	11.15
Bandhan Large & Mid Cap Dir Gr	INF194K01V89	Graphite India Ltd	Industrials	56.91	0.39	54.61	June25	10.18
Bandhan Large & Mid Cap Dir Gr	INF194K01V89	Graphite India Ltd	Industrials	56.91	0.39	54.61	July25	9.19
Bandhan Large & Mid Cap Dir Gr	INF194K01V89	Graphite India Ltd	Industrials	56.91	0.39	54.61	Aug25	8.13
Bandhan Large & Mid Cap Dir Gr	INF194K01V89	GE Vernova T&D India Ltd	Industrials	55.01	0.37	-52.83	Oct24	5.55
Bandhan Large & Mid Cap Dir Gr	INF194K01V89	GE Vernova T&D India Ltd	Industrials	55.01	0.37	-52.83	Nov24	7.52
Bandhan Large & Mid Cap Dir Gr	INF194K01V89	GE Vernova T&D India Ltd	Industrials	55.01	0.37	-52.83	Dec24	3.56
Bandhan Large & Mid Cap Dir Gr	INF194K01V89	GE Vernova T&D India Ltd	Industrials	55.01	0.37	-52.83	Jan25	5.32
Bandhan Large & Mid Cap Dir Gr	INF194K01V89	GE Vernova T&D India Ltd	Industrials	55.01	0.37	-52.83	Feb25	5.59
Bandhan Large & Mid Cap Dir Gr	INF194K01V89	GE Vernova T&D India Ltd	Industrials	55.01	0.37	-52.83	Mar25	15.51
Bandhan Large & Mid Cap Dir Gr	INF194K01V89	GE Vernova T&D India Ltd	Industrials	55.01	0.37	-52.83	Mar25	15.51
Bandhan Large & Mid Cap Dir Gr	INF194K01V89	GE Vernova T&D India Ltd	Industrials	55.01	0.37	-52.83	Apr25	12.51
Bandhan Large & Mid Cap Dir Gr	INF194K01V89	GE Vernova T&D India Ltd	Industrials	55.01	0.37	-52.83	May25	11.15
Bandhan Large & Mid Cap Dir Gr	INF194K01V89	GE Vernova T&D India Ltd	Industrials	55.01	0.37	-52.83	June25	10.18
Bandhan Large & Mid Cap Dir Gr	INF194K01V89	GE Vernova T&D India Ltd	Industrials	55.01	0.37	-52.83	July25	9.19
Bandhan Large & Mid Cap Dir Gr	INF194K01V89	GE Vernova T&D India Ltd	Industrials	55.01	0.37	-52.83	Aug25	8.13
Bandhan Large & Mid Cap Dir Gr	INF194K01V89	Steel Authority Of India Ltd	Basic Materials	53.78	0.36	44.24	Oct24	5.55
Bandhan Large & Mid Cap Dir Gr	INF194K01V89	Steel Authority Of India Ltd	Basic Materials	53.78	0.36	44.24	Nov24	7.52
Bandhan Large & Mid Cap Dir Gr	INF194K01V89	Steel Authority Of India Ltd	Basic Materials	53.78	0.36	44.24	Dec24	3.56
Bandhan Large & Mid Cap Dir Gr	INF194K01V89	Steel Authority Of India Ltd	Basic Materials	53.78	0.36	44.24	Jan25	5.32
Bandhan Large & Mid Cap Dir Gr	INF194K01V89	Steel Authority Of India Ltd	Basic Materials	53.78	0.36	44.24	Feb25	5.59
Bandhan Large & Mid Cap Dir Gr	INF194K01V89	Steel Authority Of India Ltd	Basic Materials	53.78	0.36	44.24	Mar25	15.51
Bandhan Large & Mid Cap Dir Gr	INF194K01V89	Steel Authority Of India Ltd	Basic Materials	53.78	0.36	44.24	Mar25	15.51
Bandhan Large & Mid Cap Dir Gr	INF194K01V89	Steel Authority Of India Ltd	Basic Materials	53.78	0.36	44.24	Apr25	12.51
Bandhan Large & Mid Cap Dir Gr	INF194K01V89	Steel Authority Of India Ltd	Basic Materials	53.78	0.36	44.24	May25	11.15
Bandhan Large & Mid Cap Dir Gr	INF194K01V89	Steel Authority Of India Ltd	Basic Materials	53.78	0.36	44.24	June25	10.18
Bandhan Large & Mid Cap Dir Gr	INF194K01V89	Steel Authority Of India Ltd	Basic Materials	53.78	0.36	44.24	July25	9.19
Bandhan Large & Mid Cap Dir Gr	INF194K01V89	Steel Authority Of India Ltd	Basic Materials	53.78	0.36	44.24	Aug25	8.13
Bandhan Large & Mid Cap Dir Gr	INF194K01V89	PI Industries Ltd	Basic Materials	51.05	0.35	61.25	Oct24	5.55
Bandhan Large & Mid Cap Dir Gr	INF194K01V89	PI Industries Ltd	Basic Materials	51.05	0.35	61.25	Nov24	7.52
Bandhan Large & Mid Cap Dir Gr	INF194K01V89	PI Industries Ltd	Basic Materials	51.05	0.35	61.25	Dec24	3.56
Bandhan Large & Mid Cap Dir Gr	INF194K01V89	PI Industries Ltd	Basic Materials	51.05	0.35	61.25	Jan25	5.32
Bandhan Large & Mid Cap Dir Gr	INF194K01V89	PI Industries Ltd	Basic Materials	51.05	0.35	61.25	Feb25	5.59
Bandhan Large & Mid Cap Dir Gr	INF194K01V89	PI Industries Ltd	Basic Materials	51.05	0.35	61.25	Mar25	15.51
Bandhan Large & Mid Cap Dir Gr	INF194K01V89	PI Industries Ltd	Basic Materials	51.05	0.35	61.25	Mar25	15.51
Bandhan Large & Mid Cap Dir Gr	INF194K01V89	PI Industries Ltd	Basic Materials	51.05	0.35	61.25	Apr25	12.51
Bandhan Large & Mid Cap Dir Gr	INF194K01V89	PI Industries Ltd	Basic Materials	51.05	0.35	61.25	May25	11.15
Bandhan Large & Mid Cap Dir Gr	INF194K01V89	PI Industries Ltd	Basic Materials	51.05	0.35	61.25	June25	10.18
Bandhan Large & Mid Cap Dir Gr	INF194K01V89	PI Industries Ltd	Basic Materials	51.05	0.35	61.25	July25	9.19
Bandhan Large & Mid Cap Dir Gr	INF194K01V89	PI Industries Ltd	Basic Materials	51.05	0.35	61.25	Aug25	8.13
Bandhan Large & Mid Cap Dir Gr	INF194K01V89	Ipca Laboratories Ltd	Healthcare	50.54	0.34		Oct24	5.55
Bandhan Large & Mid Cap Dir Gr	INF194K01V89	Ipca Laboratories Ltd	Healthcare	50.54	0.34		Nov24	7.52
Bandhan Large & Mid Cap Dir Gr	INF194K01V89	Ipca Laboratories Ltd	Healthcare	50.54	0.34		Dec24	3.56
Bandhan Large & Mid Cap Dir Gr	INF194K01V89	Ipca Laboratories Ltd	Healthcare	50.54	0.34		Jan25	5.32
Bandhan Large & Mid Cap Dir Gr	INF194K01V89	Ipca Laboratories Ltd	Healthcare	50.54	0.34		Feb25	5.59
Bandhan Large & Mid Cap Dir Gr	INF194K01V89	Ipca Laboratories Ltd	Healthcare	50.54	0.34		Mar25	15.51
Bandhan Large & Mid Cap Dir Gr	INF194K01V89	Ipca Laboratories Ltd	Healthcare	50.54	0.34		Mar25	15.51
Bandhan Large & Mid Cap Dir Gr	INF194K01V89	Ipca Laboratories Ltd	Healthcare	50.54	0.34		Apr25	12.51
Bandhan Large & Mid Cap Dir Gr	INF194K01V89	Ipca Laboratories Ltd	Healthcare	50.54	0.34		May25	11.15
Bandhan Large & Mid Cap Dir Gr	INF194K01V89	Ipca Laboratories Ltd	Healthcare	50.54	0.34		June25	10.18
Bandhan Large & Mid Cap Dir Gr	INF194K01V89	Ipca Laboratories Ltd	Healthcare	50.54	0.34		July25	9.19
Bandhan Large & Mid Cap Dir Gr	INF194K01V89	Ipca Laboratories Ltd	Healthcare	50.54	0.34		Aug25	8.13
Bandhan Large & Mid Cap Dir Gr	INF194K01V89	Max Healthcare Institute Ltd Ordinary Shares	Healthcare	50.38	0.34		Oct24	5.55
Bandhan Large & Mid Cap Dir Gr	INF194K01V89	Max Healthcare Institute Ltd Ordinary Shares	Healthcare	50.38	0.34		Nov24	7.52
Bandhan Large & Mid Cap Dir Gr	INF194K01V89	Max Healthcare Institute Ltd Ordinary Shares	Healthcare	50.38	0.34		Dec24	3.56
Bandhan Large & Mid Cap Dir Gr	INF194K01V89	Max Healthcare Institute Ltd Ordinary Shares	Healthcare	50.38	0.34		Jan25	5.32
Bandhan Large & Mid Cap Dir Gr	INF194K01V89	Max Healthcare Institute Ltd Ordinary Shares	Healthcare	50.38	0.34		Feb25	5.59
Bandhan Large & Mid Cap Dir Gr	INF194K01V89	Max Healthcare Institute Ltd Ordinary Shares	Healthcare	50.38	0.34		Mar25	15.51
Bandhan Large & Mid Cap Dir Gr	INF194K01V89	Max Healthcare Institute Ltd Ordinary Shares	Healthcare	50.38	0.34		Mar25	15.51
Bandhan Large & Mid Cap Dir Gr	INF194K01V89	Max Healthcare Institute Ltd Ordinary Shares	Healthcare	50.38	0.34		Apr25	12.51
Bandhan Large & Mid Cap Dir Gr	INF194K01V89	Max Healthcare Institute Ltd Ordinary Shares	Healthcare	50.38	0.34		May25	11.15
Bandhan Large & Mid Cap Dir Gr	INF194K01V89	Max Healthcare Institute Ltd Ordinary Shares	Healthcare	50.38	0.34		June25	10.18
Bandhan Large & Mid Cap Dir Gr	INF194K01V89	Max Healthcare Institute Ltd Ordinary Shares	Healthcare	50.38	0.34		July25	9.19
Bandhan Large & Mid Cap Dir Gr	INF194K01V89	Max Healthcare Institute Ltd Ordinary Shares	Healthcare	50.38	0.34		Aug25	8.13
Bandhan Large & Mid Cap Dir Gr	INF194K01V89	Globus Spirits Ltd	Consumer Defensive	49.06	0.33	0.00	Oct24	5.55
Bandhan Large & Mid Cap Dir Gr	INF194K01V89	Globus Spirits Ltd	Consumer Defensive	49.06	0.33	0.00	Nov24	7.52
Bandhan Large & Mid Cap Dir Gr	INF194K01V89	Globus Spirits Ltd	Consumer Defensive	49.06	0.33	0.00	Dec24	3.56
Bandhan Large & Mid Cap Dir Gr	INF194K01V89	Globus Spirits Ltd	Consumer Defensive	49.06	0.33	0.00	Jan25	5.32
Bandhan Large & Mid Cap Dir Gr	INF194K01V89	Globus Spirits Ltd	Consumer Defensive	49.06	0.33	0.00	Feb25	5.59
Bandhan Large & Mid Cap Dir Gr	INF194K01V89	Globus Spirits Ltd	Consumer Defensive	49.06	0.33	0.00	Mar25	15.51
Bandhan Large & Mid Cap Dir Gr	INF194K01V89	Globus Spirits Ltd	Consumer Defensive	49.06	0.33	0.00	Mar25	15.51
Bandhan Large & Mid Cap Dir Gr	INF194K01V89	Globus Spirits Ltd	Consumer Defensive	49.06	0.33	0.00	Apr25	12.51
Bandhan Large & Mid Cap Dir Gr	INF194K01V89	Globus Spirits Ltd	Consumer Defensive	49.06	0.33	0.00	May25	11.15
Bandhan Large & Mid Cap Dir Gr	INF194K01V89	Globus Spirits Ltd	Consumer Defensive	49.06	0.33	0.00	June25	10.18
Bandhan Large & Mid Cap Dir Gr	INF194K01V89	Globus Spirits Ltd	Consumer Defensive	49.06	0.33	0.00	July25	9.19
Bandhan Large & Mid Cap Dir Gr	INF194K01V89	Globus Spirits Ltd	Consumer Defensive	49.06	0.33	0.00	Aug25	8.13
Bandhan Large & Mid Cap Dir Gr	INF194K01V89	NLC India Ltd	Utilities	47.44	0.32	0.00	Oct24	5.55
Bandhan Large & Mid Cap Dir Gr	INF194K01V89	NLC India Ltd	Utilities	47.44	0.32	0.00	Nov24	7.52
Bandhan Large & Mid Cap Dir Gr	INF194K01V89	NLC India Ltd	Utilities	47.44	0.32	0.00	Dec24	3.56
Bandhan Large & Mid Cap Dir Gr	INF194K01V89	NLC India Ltd	Utilities	47.44	0.32	0.00	Jan25	5.32
Bandhan Large & Mid Cap Dir Gr	INF194K01V89	NLC India Ltd	Utilities	47.44	0.32	0.00	Feb25	5.59
Bandhan Large & Mid Cap Dir Gr	INF194K01V89	NLC India Ltd	Utilities	47.44	0.32	0.00	Mar25	15.51
Bandhan Large & Mid Cap Dir Gr	INF194K01V89	NLC India Ltd	Utilities	47.44	0.32	0.00	Mar25	15.51
Bandhan Large & Mid Cap Dir Gr	INF194K01V89	NLC India Ltd	Utilities	47.44	0.32	0.00	Apr25	12.51
Bandhan Large & Mid Cap Dir Gr	INF194K01V89	NLC India Ltd	Utilities	47.44	0.32	0.00	May25	11.15
Bandhan Large & Mid Cap Dir Gr	INF194K01V89	NLC India Ltd	Utilities	47.44	0.32	0.00	June25	10.18
Bandhan Large & Mid Cap Dir Gr	INF194K01V89	NLC India Ltd	Utilities	47.44	0.32	0.00	July25	9.19
Bandhan Large & Mid Cap Dir Gr	INF194K01V89	NLC India Ltd	Utilities	47.44	0.32	0.00	Aug25	8.13
Bandhan Large & Mid Cap Dir Gr	INF194K01V89	Mastek Ltd	Technology	46.32	0.31	0.00	Oct24	5.55
Bandhan Large & Mid Cap Dir Gr	INF194K01V89	Mastek Ltd	Technology	46.32	0.31	0.00	Nov24	7.52
Bandhan Large & Mid Cap Dir Gr	INF194K01V89	Mastek Ltd	Technology	46.32	0.31	0.00	Dec24	3.56
Bandhan Large & Mid Cap Dir Gr	INF194K01V89	Mastek Ltd	Technology	46.32	0.31	0.00	Jan25	5.32
Bandhan Large & Mid Cap Dir Gr	INF194K01V89	Mastek Ltd	Technology	46.32	0.31	0.00	Feb25	5.59
Bandhan Large & Mid Cap Dir Gr	INF194K01V89	Mastek Ltd	Technology	46.32	0.31	0.00	Mar25	15.51
Bandhan Large & Mid Cap Dir Gr	INF194K01V89	Mastek Ltd	Technology	46.32	0.31	0.00	Mar25	15.51
Bandhan Large & Mid Cap Dir Gr	INF194K01V89	Mastek Ltd	Technology	46.32	0.31	0.00	Apr25	12.51
Bandhan Large & Mid Cap Dir Gr	INF194K01V89	Mastek Ltd	Technology	46.32	0.31	0.00	May25	11.15
Bandhan Large & Mid Cap Dir Gr	INF194K01V89	Mastek Ltd	Technology	46.32	0.31	0.00	June25	10.18
Bandhan Large & Mid Cap Dir Gr	INF194K01V89	Mastek Ltd	Technology	46.32	0.31	0.00	July25	9.19
Bandhan Large & Mid Cap Dir Gr	INF194K01V89	Mastek Ltd	Technology	46.32	0.31	0.00	Aug25	8.13
Bandhan Large & Mid Cap Dir Gr	INF194K01V89	Net Receivables/Payables		43.50	0.29		Oct24	5.55
Bandhan Large & Mid Cap Dir Gr	INF194K01V89	Net Receivables/Payables		43.50	0.29		Nov24	7.52
Bandhan Large & Mid Cap Dir Gr	INF194K01V89	Net Receivables/Payables		43.50	0.29		Dec24	3.56
Bandhan Large & Mid Cap Dir Gr	INF194K01V89	Net Receivables/Payables		43.50	0.29		Jan25	5.32
Bandhan Large & Mid Cap Dir Gr	INF194K01V89	Net Receivables/Payables		43.50	0.29		Feb25	5.59
Bandhan Large & Mid Cap Dir Gr	INF194K01V89	Net Receivables/Payables		43.50	0.29		Mar25	15.51
Bandhan Large & Mid Cap Dir Gr	INF194K01V89	Net Receivables/Payables		43.50	0.29		Mar25	15.51
Bandhan Large & Mid Cap Dir Gr	INF194K01V89	Net Receivables/Payables		43.50	0.29		Apr25	12.51
Bandhan Large & Mid Cap Dir Gr	INF194K01V89	Net Receivables/Payables		43.50	0.29		May25	11.15
Bandhan Large & Mid Cap Dir Gr	INF194K01V89	Net Receivables/Payables		43.50	0.29		June25	10.18
Bandhan Large & Mid Cap Dir Gr	INF194K01V89	Net Receivables/Payables		43.50	0.29		July25	9.19
Bandhan Large & Mid Cap Dir Gr	INF194K01V89	Net Receivables/Payables		43.50	0.29		Aug25	8.13
Bandhan Large & Mid Cap Dir Gr	INF194K01V89	Tata Chemicals Ltd	Basic Materials	41.72	0.28		Oct24	5.55
Bandhan Large & Mid Cap Dir Gr	INF194K01V89	Tata Chemicals Ltd	Basic Materials	41.72	0.28		Nov24	7.52
Bandhan Large & Mid Cap Dir Gr	INF194K01V89	Tata Chemicals Ltd	Basic Materials	41.72	0.28		Dec24	3.56
Bandhan Large & Mid Cap Dir Gr	INF194K01V89	Tata Chemicals Ltd	Basic Materials	41.72	0.28		Jan25	5.32
Bandhan Large & Mid Cap Dir Gr	INF194K01V89	Tata Chemicals Ltd	Basic Materials	41.72	0.28		Feb25	5.59
Bandhan Large & Mid Cap Dir Gr	INF194K01V89	Tata Chemicals Ltd	Basic Materials	41.72	0.28		Mar25	15.51
Bandhan Large & Mid Cap Dir Gr	INF194K01V89	Tata Chemicals Ltd	Basic Materials	41.72	0.28		Mar25	15.51
Bandhan Large & Mid Cap Dir Gr	INF194K01V89	Tata Chemicals Ltd	Basic Materials	41.72	0.28		Apr25	12.51
Bandhan Large & Mid Cap Dir Gr	INF194K01V89	Tata Chemicals Ltd	Basic Materials	41.72	0.28		May25	11.15
Bandhan Large & Mid Cap Dir Gr	INF194K01V89	Tata Chemicals Ltd	Basic Materials	41.72	0.28		June25	10.18
Bandhan Large & Mid Cap Dir Gr	INF194K01V89	Tata Chemicals Ltd	Basic Materials	41.72	0.28		July25	9.19
Bandhan Large & Mid Cap Dir Gr	INF194K01V89	Tata Chemicals Ltd	Basic Materials	41.72	0.28		Aug25	8.13
Bandhan Large & Mid Cap Dir Gr	INF194K01V89	Info Edge (India) Limited March 2026 Future		-38.75	0.26		Oct24	5.55
Bandhan Large & Mid Cap Dir Gr	INF194K01V89	Info Edge (India) Limited March 2026 Future		-38.75	0.26		Nov24	7.52
Bandhan Large & Mid Cap Dir Gr	INF194K01V89	Info Edge (India) Limited March 2026 Future		-38.75	0.26		Dec24	3.56
Bandhan Large & Mid Cap Dir Gr	INF194K01V89	Info Edge (India) Limited March 2026 Future		-38.75	0.26		Jan25	5.32
Bandhan Large & Mid Cap Dir Gr	INF194K01V89	Info Edge (India) Limited March 2026 Future		-38.75	0.26		Feb25	5.59
Bandhan Large & Mid Cap Dir Gr	INF194K01V89	Info Edge (India) Limited March 2026 Future		-38.75	0.26		Mar25	15.51
Bandhan Large & Mid Cap Dir Gr	INF194K01V89	Info Edge (India) Limited March 2026 Future		-38.75	0.26		Mar25	15.51
Bandhan Large & Mid Cap Dir Gr	INF194K01V89	Info Edge (India) Limited March 2026 Future		-38.75	0.26		Apr25	12.51
Bandhan Large & Mid Cap Dir Gr	INF194K01V89	Info Edge (India) Limited March 2026 Future		-38.75	0.26		May25	11.15
Bandhan Large & Mid Cap Dir Gr	INF194K01V89	Info Edge (India) Limited March 2026 Future		-38.75	0.26		June25	10.18
Bandhan Large & Mid Cap Dir Gr	INF194K01V89	Info Edge (India) Limited March 2026 Future		-38.75	0.26		July25	9.19
Bandhan Large & Mid Cap Dir Gr	INF194K01V89	Info Edge (India) Limited March 2026 Future		-38.75	0.26		Aug25	8.13
Bandhan Large & Mid Cap Dir Gr	INF194K01V89	Cash Offset For Derivatives		38.75	0.26		Oct24	5.55
Bandhan Large & Mid Cap Dir Gr	INF194K01V89	Cash Offset For Derivatives		38.75	0.26		Nov24	7.52
Bandhan Large & Mid Cap Dir Gr	INF194K01V89	Cash Offset For Derivatives		38.75	0.26		Dec24	3.56
Bandhan Large & Mid Cap Dir Gr	INF194K01V89	Cash Offset For Derivatives		38.75	0.26		Jan25	5.32
Bandhan Large & Mid Cap Dir Gr	INF194K01V89	Cash Offset For Derivatives		38.75	0.26		Feb25	5.59
Bandhan Large & Mid Cap Dir Gr	INF194K01V89	Cash Offset For Derivatives		38.75	0.26		Mar25	15.51
Bandhan Large & Mid Cap Dir Gr	INF194K01V89	Cash Offset For Derivatives		38.75	0.26		Mar25	15.51
Bandhan Large & Mid Cap Dir Gr	INF194K01V89	Cash Offset For Derivatives		38.75	0.26		Apr25	12.51
Bandhan Large & Mid Cap Dir Gr	INF194K01V89	Cash Offset For Derivatives		38.75	0.26		May25	11.15
Bandhan Large & Mid Cap Dir Gr	INF194K01V89	Cash Offset For Derivatives		38.75	0.26		June25	10.18
Bandhan Large & Mid Cap Dir Gr	INF194K01V89	Cash Offset For Derivatives		38.75	0.26		July25	9.19
Bandhan Large & Mid Cap Dir Gr	INF194K01V89	Cash Offset For Derivatives		38.75	0.26		Aug25	8.13
Bandhan Large & Mid Cap Dir Gr	INF194K01V89	KEI Industries Ltd	Industrials	38.47	0.26	0.00	Oct24	5.55
Bandhan Large & Mid Cap Dir Gr	INF194K01V89	KEI Industries Ltd	Industrials	38.47	0.26	0.00	Nov24	7.52
Bandhan Large & Mid Cap Dir Gr	INF194K01V89	KEI Industries Ltd	Industrials	38.47	0.26	0.00	Dec24	3.56
Bandhan Large & Mid Cap Dir Gr	INF194K01V89	KEI Industries Ltd	Industrials	38.47	0.26	0.00	Jan25	5.32
Bandhan Large & Mid Cap Dir Gr	INF194K01V89	KEI Industries Ltd	Industrials	38.47	0.26	0.00	Feb25	5.59
Bandhan Large & Mid Cap Dir Gr	INF194K01V89	KEI Industries Ltd	Industrials	38.47	0.26	0.00	Mar25	15.51
Bandhan Large & Mid Cap Dir Gr	INF194K01V89	KEI Industries Ltd	Industrials	38.47	0.26	0.00	Mar25	15.51
Bandhan Large & Mid Cap Dir Gr	INF194K01V89	KEI Industries Ltd	Industrials	38.47	0.26	0.00	Apr25	12.51
Bandhan Large & Mid Cap Dir Gr	INF194K01V89	KEI Industries Ltd	Industrials	38.47	0.26	0.00	May25	11.15
Bandhan Large & Mid Cap Dir Gr	INF194K01V89	KEI Industries Ltd	Industrials	38.47	0.26	0.00	June25	10.18
Bandhan Large & Mid Cap Dir Gr	INF194K01V89	KEI Industries Ltd	Industrials	38.47	0.26	0.00	July25	9.19
Bandhan Large & Mid Cap Dir Gr	INF194K01V89	KEI Industries Ltd	Industrials	38.47	0.26	0.00	Aug25	8.13
Bandhan Large & Mid Cap Dir Gr	INF194K01V89	SG Finserve Ltd	Financial Services	36.39	0.25	0.00	Oct24	5.55
Bandhan Large & Mid Cap Dir Gr	INF194K01V89	SG Finserve Ltd	Financial Services	36.39	0.25	0.00	Nov24	7.52
Bandhan Large & Mid Cap Dir Gr	INF194K01V89	SG Finserve Ltd	Financial Services	36.39	0.25	0.00	Dec24	3.56
Bandhan Large & Mid Cap Dir Gr	INF194K01V89	SG Finserve Ltd	Financial Services	36.39	0.25	0.00	Jan25	5.32
Bandhan Large & Mid Cap Dir Gr	INF194K01V89	SG Finserve Ltd	Financial Services	36.39	0.25	0.00	Feb25	5.59
Bandhan Large & Mid Cap Dir Gr	INF194K01V89	SG Finserve Ltd	Financial Services	36.39	0.25	0.00	Mar25	15.51
Bandhan Large & Mid Cap Dir Gr	INF194K01V89	SG Finserve Ltd	Financial Services	36.39	0.25	0.00	Mar25	15.51
Bandhan Large & Mid Cap Dir Gr	INF194K01V89	SG Finserve Ltd	Financial Services	36.39	0.25	0.00	Apr25	12.51
Bandhan Large & Mid Cap Dir Gr	INF194K01V89	SG Finserve Ltd	Financial Services	36.39	0.25	0.00	May25	11.15
Bandhan Large & Mid Cap Dir Gr	INF194K01V89	SG Finserve Ltd	Financial Services	36.39	0.25	0.00	June25	10.18
Bandhan Large & Mid Cap Dir Gr	INF194K01V89	SG Finserve Ltd	Financial Services	36.39	0.25	0.00	July25	9.19
Bandhan Large & Mid Cap Dir Gr	INF194K01V89	SG Finserve Ltd	Financial Services	36.39	0.25	0.00	Aug25	8.13
Bandhan Large & Mid Cap Dir Gr	INF194K01V89	Go Digit General Insurance Ltd	Financial Services	35.96	0.24	0.00	Oct24	5.55
Bandhan Large & Mid Cap Dir Gr	INF194K01V89	Go Digit General Insurance Ltd	Financial Services	35.96	0.24	0.00	Nov24	7.52
Bandhan Large & Mid Cap Dir Gr	INF194K01V89	Go Digit General Insurance Ltd	Financial Services	35.96	0.24	0.00	Dec24	3.56
Bandhan Large & Mid Cap Dir Gr	INF194K01V89	Go Digit General Insurance Ltd	Financial Services	35.96	0.24	0.00	Jan25	5.32
Bandhan Large & Mid Cap Dir Gr	INF194K01V89	Go Digit General Insurance Ltd	Financial Services	35.96	0.24	0.00	Feb25	5.59
Bandhan Large & Mid Cap Dir Gr	INF194K01V89	Go Digit General Insurance Ltd	Financial Services	35.96	0.24	0.00	Mar25	15.51
Bandhan Large & Mid Cap Dir Gr	INF194K01V89	Go Digit General Insurance Ltd	Financial Services	35.96	0.24	0.00	Mar25	15.51
Bandhan Large & Mid Cap Dir Gr	INF194K01V89	Go Digit General Insurance Ltd	Financial Services	35.96	0.24	0.00	Apr25	12.51
Bandhan Large & Mid Cap Dir Gr	INF194K01V89	Go Digit General Insurance Ltd	Financial Services	35.96	0.24	0.00	May25	11.15
Bandhan Large & Mid Cap Dir Gr	INF194K01V89	Go Digit General Insurance Ltd	Financial Services	35.96	0.24	0.00	June25	10.18
Bandhan Large & Mid Cap Dir Gr	INF194K01V89	Go Digit General Insurance Ltd	Financial Services	35.96	0.24	0.00	July25	9.19
Bandhan Large & Mid Cap Dir Gr	INF194K01V89	Go Digit General Insurance Ltd	Financial Services	35.96	0.24	0.00	Aug25	8.13
Bandhan Large & Mid Cap Dir Gr	INF194K01V89	Orient Electric Ltd Ordinary Shares	Consumer Cyclical	35.25	0.24	0.00	Oct24	5.55
Bandhan Large & Mid Cap Dir Gr	INF194K01V89	Orient Electric Ltd Ordinary Shares	Consumer Cyclical	35.25	0.24	0.00	Nov24	7.52
Bandhan Large & Mid Cap Dir Gr	INF194K01V89	Orient Electric Ltd Ordinary Shares	Consumer Cyclical	35.25	0.24	0.00	Dec24	3.56
Bandhan Large & Mid Cap Dir Gr	INF194K01V89	Orient Electric Ltd Ordinary Shares	Consumer Cyclical	35.25	0.24	0.00	Jan25	5.32
Bandhan Large & Mid Cap Dir Gr	INF194K01V89	Orient Electric Ltd Ordinary Shares	Consumer Cyclical	35.25	0.24	0.00	Feb25	5.59
Bandhan Large & Mid Cap Dir Gr	INF194K01V89	Orient Electric Ltd Ordinary Shares	Consumer Cyclical	35.25	0.24	0.00	Mar25	15.51
Bandhan Large & Mid Cap Dir Gr	INF194K01V89	Orient Electric Ltd Ordinary Shares	Consumer Cyclical	35.25	0.24	0.00	Mar25	15.51
Bandhan Large & Mid Cap Dir Gr	INF194K01V89	Orient Electric Ltd Ordinary Shares	Consumer Cyclical	35.25	0.24	0.00	Apr25	12.51
Bandhan Large & Mid Cap Dir Gr	INF194K01V89	Orient Electric Ltd Ordinary Shares	Consumer Cyclical	35.25	0.24	0.00	May25	11.15
Bandhan Large & Mid Cap Dir Gr	INF194K01V89	Orient Electric Ltd Ordinary Shares	Consumer Cyclical	35.25	0.24	0.00	June25	10.18
Bandhan Large & Mid Cap Dir Gr	INF194K01V89	Orient Electric Ltd Ordinary Shares	Consumer Cyclical	35.25	0.24	0.00	July25	9.19
Bandhan Large & Mid Cap Dir Gr	INF194K01V89	Orient Electric Ltd Ordinary Shares	Consumer Cyclical	35.25	0.24	0.00	Aug25	8.13
Bandhan Large & Mid Cap Dir Gr	INF194K01V89	Jubilant Ingrevia Ltd Ordinary Shares	Basic Materials	34.42	0.23	-5.34	Oct24	5.55
Bandhan Large & Mid Cap Dir Gr	INF194K01V89	Jubilant Ingrevia Ltd Ordinary Shares	Basic Materials	34.42	0.23	-5.34	Nov24	7.52
Bandhan Large & Mid Cap Dir Gr	INF194K01V89	Jubilant Ingrevia Ltd Ordinary Shares	Basic Materials	34.42	0.23	-5.34	Dec24	3.56
Bandhan Large & Mid Cap Dir Gr	INF194K01V89	Jubilant Ingrevia Ltd Ordinary Shares	Basic Materials	34.42	0.23	-5.34	Jan25	5.32
Bandhan Large & Mid Cap Dir Gr	INF194K01V89	Jubilant Ingrevia Ltd Ordinary Shares	Basic Materials	34.42	0.23	-5.34	Feb25	5.59
Bandhan Large & Mid Cap Dir Gr	INF194K01V89	Jubilant Ingrevia Ltd Ordinary Shares	Basic Materials	34.42	0.23	-5.34	Mar25	15.51
Bandhan Large & Mid Cap Dir Gr	INF194K01V89	Jubilant Ingrevia Ltd Ordinary Shares	Basic Materials	34.42	0.23	-5.34	Mar25	15.51
Bandhan Large & Mid Cap Dir Gr	INF194K01V89	Jubilant Ingrevia Ltd Ordinary Shares	Basic Materials	34.42	0.23	-5.34	Apr25	12.51
Bandhan Large & Mid Cap Dir Gr	INF194K01V89	Jubilant Ingrevia Ltd Ordinary Shares	Basic Materials	34.42	0.23	-5.34	May25	11.15
Bandhan Large & Mid Cap Dir Gr	INF194K01V89	Jubilant Ingrevia Ltd Ordinary Shares	Basic Materials	34.42	0.23	-5.34	June25	10.18
Bandhan Large & Mid Cap Dir Gr	INF194K01V89	Jubilant Ingrevia Ltd Ordinary Shares	Basic Materials	34.42	0.23	-5.34	July25	9.19
Bandhan Large & Mid Cap Dir Gr	INF194K01V89	Jubilant Ingrevia Ltd Ordinary Shares	Basic Materials	34.42	0.23	-5.34	Aug25	8.13
Bandhan Large & Mid Cap Dir Gr	INF194K01V89	Dalmia Bharat Ltd	Basic Materials	32.28	0.22	0.00	Oct24	5.55
Bandhan Large & Mid Cap Dir Gr	INF194K01V89	Dalmia Bharat Ltd	Basic Materials	32.28	0.22	0.00	Nov24	7.52
Bandhan Large & Mid Cap Dir Gr	INF194K01V89	Dalmia Bharat Ltd	Basic Materials	32.28	0.22	0.00	Dec24	3.56
Bandhan Large & Mid Cap Dir Gr	INF194K01V89	Dalmia Bharat Ltd	Basic Materials	32.28	0.22	0.00	Jan25	5.32
Bandhan Large & Mid Cap Dir Gr	INF194K01V89	Dalmia Bharat Ltd	Basic Materials	32.28	0.22	0.00	Feb25	5.59
Bandhan Large & Mid Cap Dir Gr	INF194K01V89	Dalmia Bharat Ltd	Basic Materials	32.28	0.22	0.00	Mar25	15.51
Bandhan Large & Mid Cap Dir Gr	INF194K01V89	Dalmia Bharat Ltd	Basic Materials	32.28	0.22	0.00	Mar25	15.51
Bandhan Large & Mid Cap Dir Gr	INF194K01V89	Dalmia Bharat Ltd	Basic Materials	32.28	0.22	0.00	Apr25	12.51
Bandhan Large & Mid Cap Dir Gr	INF194K01V89	Dalmia Bharat Ltd	Basic Materials	32.28	0.22	0.00	May25	11.15
Bandhan Large & Mid Cap Dir Gr	INF194K01V89	Dalmia Bharat Ltd	Basic Materials	32.28	0.22	0.00	June25	10.18
Bandhan Large & Mid Cap Dir Gr	INF194K01V89	Dalmia Bharat Ltd	Basic Materials	32.28	0.22	0.00	July25	9.19
Bandhan Large & Mid Cap Dir Gr	INF194K01V89	Dalmia Bharat Ltd	Basic Materials	32.28	0.22	0.00	Aug25	8.13
Bandhan Large & Mid Cap Dir Gr	INF194K01V89	Global Health Ltd	Healthcare	30.89	0.21		Oct24	5.55
Bandhan Large & Mid Cap Dir Gr	INF194K01V89	Global Health Ltd	Healthcare	30.89	0.21		Nov24	7.52
Bandhan Large & Mid Cap Dir Gr	INF194K01V89	Global Health Ltd	Healthcare	30.89	0.21		Dec24	3.56
Bandhan Large & Mid Cap Dir Gr	INF194K01V89	Global Health Ltd	Healthcare	30.89	0.21		Jan25	5.32
Bandhan Large & Mid Cap Dir Gr	INF194K01V89	Global Health Ltd	Healthcare	30.89	0.21		Feb25	5.59
Bandhan Large & Mid Cap Dir Gr	INF194K01V89	Global Health Ltd	Healthcare	30.89	0.21		Mar25	15.51
Bandhan Large & Mid Cap Dir Gr	INF194K01V89	Global Health Ltd	Healthcare	30.89	0.21		Mar25	15.51
Bandhan Large & Mid Cap Dir Gr	INF194K01V89	Global Health Ltd	Healthcare	30.89	0.21		Apr25	12.51
Bandhan Large & Mid Cap Dir Gr	INF194K01V89	Global Health Ltd	Healthcare	30.89	0.21		May25	11.15
Bandhan Large & Mid Cap Dir Gr	INF194K01V89	Global Health Ltd	Healthcare	30.89	0.21		June25	10.18
Bandhan Large & Mid Cap Dir Gr	INF194K01V89	Global Health Ltd	Healthcare	30.89	0.21		July25	9.19
Bandhan Large & Mid Cap Dir Gr	INF194K01V89	Global Health Ltd	Healthcare	30.89	0.21		Aug25	8.13
Bandhan Large & Mid Cap Dir Gr	INF194K01V89	Zee Entertainment Enterprises Ltd	Communication Services	28.95	0.20	0.00	Oct24	5.55
Bandhan Large & Mid Cap Dir Gr	INF194K01V89	Zee Entertainment Enterprises Ltd	Communication Services	28.95	0.20	0.00	Nov24	7.52
Bandhan Large & Mid Cap Dir Gr	INF194K01V89	Zee Entertainment Enterprises Ltd	Communication Services	28.95	0.20	0.00	Dec24	3.56
Bandhan Large & Mid Cap Dir Gr	INF194K01V89	Zee Entertainment Enterprises Ltd	Communication Services	28.95	0.20	0.00	Jan25	5.32
Bandhan Large & Mid Cap Dir Gr	INF194K01V89	Zee Entertainment Enterprises Ltd	Communication Services	28.95	0.20	0.00	Feb25	5.59
Bandhan Large & Mid Cap Dir Gr	INF194K01V89	Zee Entertainment Enterprises Ltd	Communication Services	28.95	0.20	0.00	Mar25	15.51
Bandhan Large & Mid Cap Dir Gr	INF194K01V89	Zee Entertainment Enterprises Ltd	Communication Services	28.95	0.20	0.00	Mar25	15.51
Bandhan Large & Mid Cap Dir Gr	INF194K01V89	Zee Entertainment Enterprises Ltd	Communication Services	28.95	0.20	0.00	Apr25	12.51
Bandhan Large & Mid Cap Dir Gr	INF194K01V89	Zee Entertainment Enterprises Ltd	Communication Services	28.95	0.20	0.00	May25	11.15
Bandhan Large & Mid Cap Dir Gr	INF194K01V89	Zee Entertainment Enterprises Ltd	Communication Services	28.95	0.20	0.00	June25	10.18
Bandhan Large & Mid Cap Dir Gr	INF194K01V89	Zee Entertainment Enterprises Ltd	Communication Services	28.95	0.20	0.00	July25	9.19
Bandhan Large & Mid Cap Dir Gr	INF194K01V89	Zee Entertainment Enterprises Ltd	Communication Services	28.95	0.20	0.00	Aug25	8.13
Bandhan Large & Mid Cap Dir Gr	INF194K01V89	Meesho Ltd	Consumer Cyclical	28.86	0.20	0.00	Oct24	5.55
Bandhan Large & Mid Cap Dir Gr	INF194K01V89	Meesho Ltd	Consumer Cyclical	28.86	0.20	0.00	Nov24	7.52
Bandhan Large & Mid Cap Dir Gr	INF194K01V89	Meesho Ltd	Consumer Cyclical	28.86	0.20	0.00	Dec24	3.56
Bandhan Large & Mid Cap Dir Gr	INF194K01V89	Meesho Ltd	Consumer Cyclical	28.86	0.20	0.00	Jan25	5.32
Bandhan Large & Mid Cap Dir Gr	INF194K01V89	Meesho Ltd	Consumer Cyclical	28.86	0.20	0.00	Feb25	5.59
Bandhan Large & Mid Cap Dir Gr	INF194K01V89	Meesho Ltd	Consumer Cyclical	28.86	0.20	0.00	Mar25	15.51
Bandhan Large & Mid Cap Dir Gr	INF194K01V89	Meesho Ltd	Consumer Cyclical	28.86	0.20	0.00	Mar25	15.51
Bandhan Large & Mid Cap Dir Gr	INF194K01V89	Meesho Ltd	Consumer Cyclical	28.86	0.20	0.00	Apr25	12.51
Bandhan Large & Mid Cap Dir Gr	INF194K01V89	Meesho Ltd	Consumer Cyclical	28.86	0.20	0.00	May25	11.15
Bandhan Large & Mid Cap Dir Gr	INF194K01V89	Meesho Ltd	Consumer Cyclical	28.86	0.20	0.00	June25	10.18
Bandhan Large & Mid Cap Dir Gr	INF194K01V89	Meesho Ltd	Consumer Cyclical	28.86	0.20	0.00	July25	9.19
Bandhan Large & Mid Cap Dir Gr	INF194K01V89	Meesho Ltd	Consumer Cyclical	28.86	0.20	0.00	Aug25	8.13
Bandhan Large & Mid Cap Dir Gr	INF194K01V89	Apollo Tyres Ltd	Consumer Cyclical	27.99	0.19		Oct24	5.55
Bandhan Large & Mid Cap Dir Gr	INF194K01V89	Apollo Tyres Ltd	Consumer Cyclical	27.99	0.19		Nov24	7.52
Bandhan Large & Mid Cap Dir Gr	INF194K01V89	Apollo Tyres Ltd	Consumer Cyclical	27.99	0.19		Dec24	3.56
Bandhan Large & Mid Cap Dir Gr	INF194K01V89	Apollo Tyres Ltd	Consumer Cyclical	27.99	0.19		Jan25	5.32
Bandhan Large & Mid Cap Dir Gr	INF194K01V89	Apollo Tyres Ltd	Consumer Cyclical	27.99	0.19		Feb25	5.59
Bandhan Large & Mid Cap Dir Gr	INF194K01V89	Apollo Tyres Ltd	Consumer Cyclical	27.99	0.19		Mar25	15.51
Bandhan Large & Mid Cap Dir Gr	INF194K01V89	Apollo Tyres Ltd	Consumer Cyclical	27.99	0.19		Mar25	15.51
Bandhan Large & Mid Cap Dir Gr	INF194K01V89	Apollo Tyres Ltd	Consumer Cyclical	27.99	0.19		Apr25	12.51
Bandhan Large & Mid Cap Dir Gr	INF194K01V89	Apollo Tyres Ltd	Consumer Cyclical	27.99	0.19		May25	11.15
Bandhan Large & Mid Cap Dir Gr	INF194K01V89	Apollo Tyres Ltd	Consumer Cyclical	27.99	0.19		June25	10.18
Bandhan Large & Mid Cap Dir Gr	INF194K01V89	Apollo Tyres Ltd	Consumer Cyclical	27.99	0.19		July25	9.19
Bandhan Large & Mid Cap Dir Gr	INF194K01V89	Apollo Tyres Ltd	Consumer Cyclical	27.99	0.19		Aug25	8.13
Bandhan Large & Mid Cap Dir Gr	INF194K01V89	Abbott India Ltd	Healthcare	27.15	0.18	-4.91	Oct24	5.55
Bandhan Large & Mid Cap Dir Gr	INF194K01V89	Abbott India Ltd	Healthcare	27.15	0.18	-4.91	Nov24	7.52
Bandhan Large & Mid Cap Dir Gr	INF194K01V89	Abbott India Ltd	Healthcare	27.15	0.18	-4.91	Dec24	3.56
Bandhan Large & Mid Cap Dir Gr	INF194K01V89	Abbott India Ltd	Healthcare	27.15	0.18	-4.91	Jan25	5.32
Bandhan Large & Mid Cap Dir Gr	INF194K01V89	Abbott India Ltd	Healthcare	27.15	0.18	-4.91	Feb25	5.59
Bandhan Large & Mid Cap Dir Gr	INF194K01V89	Abbott India Ltd	Healthcare	27.15	0.18	-4.91	Mar25	15.51
Bandhan Large & Mid Cap Dir Gr	INF194K01V89	Abbott India Ltd	Healthcare	27.15	0.18	-4.91	Mar25	15.51
Bandhan Large & Mid Cap Dir Gr	INF194K01V89	Abbott India Ltd	Healthcare	27.15	0.18	-4.91	Apr25	12.51
Bandhan Large & Mid Cap Dir Gr	INF194K01V89	Abbott India Ltd	Healthcare	27.15	0.18	-4.91	May25	11.15
Bandhan Large & Mid Cap Dir Gr	INF194K01V89	Abbott India Ltd	Healthcare	27.15	0.18	-4.91	June25	10.18
Bandhan Large & Mid Cap Dir Gr	INF194K01V89	Abbott India Ltd	Healthcare	27.15	0.18	-4.91	July25	9.19
Bandhan Large & Mid Cap Dir Gr	INF194K01V89	Abbott India Ltd	Healthcare	27.15	0.18	-4.91	Aug25	8.13
Bandhan Large & Mid Cap Dir Gr	INF194K01V89	Max Estates Ltd	Real Estate	25.90	0.18	0.00	Oct24	5.55
Bandhan Large & Mid Cap Dir Gr	INF194K01V89	Max Estates Ltd	Real Estate	25.90	0.18	0.00	Nov24	7.52
Bandhan Large & Mid Cap Dir Gr	INF194K01V89	Max Estates Ltd	Real Estate	25.90	0.18	0.00	Dec24	3.56
Bandhan Large & Mid Cap Dir Gr	INF194K01V89	Max Estates Ltd	Real Estate	25.90	0.18	0.00	Jan25	5.32
Bandhan Large & Mid Cap Dir Gr	INF194K01V89	Max Estates Ltd	Real Estate	25.90	0.18	0.00	Feb25	5.59
Bandhan Large & Mid Cap Dir Gr	INF194K01V89	Max Estates Ltd	Real Estate	25.90	0.18	0.00	Mar25	15.51
Bandhan Large & Mid Cap Dir Gr	INF194K01V89	Max Estates Ltd	Real Estate	25.90	0.18	0.00	Mar25	15.51
Bandhan Large & Mid Cap Dir Gr	INF194K01V89	Max Estates Ltd	Real Estate	25.90	0.18	0.00	Apr25	12.51
Bandhan Large & Mid Cap Dir Gr	INF194K01V89	Max Estates Ltd	Real Estate	25.90	0.18	0.00	May25	11.15
Bandhan Large & Mid Cap Dir Gr	INF194K01V89	Max Estates Ltd	Real Estate	25.90	0.18	0.00	June25	10.18
Bandhan Large & Mid Cap Dir Gr	INF194K01V89	Max Estates Ltd	Real Estate	25.90	0.18	0.00	July25	9.19
Bandhan Large & Mid Cap Dir Gr	INF194K01V89	Max Estates Ltd	Real Estate	25.90	0.18	0.00	Aug25	8.13
Bandhan Large & Mid Cap Dir Gr	INF194K01V89	Cash Margin - Derivatives		22.00	0.15		Oct24	5.55
Bandhan Large & Mid Cap Dir Gr	INF194K01V89	Cash Margin - Derivatives		22.00	0.15		Nov24	7.52
Bandhan Large & Mid Cap Dir Gr	INF194K01V89	Cash Margin - Derivatives		22.00	0.15		Dec24	3.56
Bandhan Large & Mid Cap Dir Gr	INF194K01V89	Cash Margin - Derivatives		22.00	0.15		Jan25	5.32
Bandhan Large & Mid Cap Dir Gr	INF194K01V89	Cash Margin - Derivatives		22.00	0.15		Feb25	5.59
Bandhan Large & Mid Cap Dir Gr	INF194K01V89	Cash Margin - Derivatives		22.00	0.15		Mar25	15.51
Bandhan Large & Mid Cap Dir Gr	INF194K01V89	Cash Margin - Derivatives		22.00	0.15		Mar25	15.51
Bandhan Large & Mid Cap Dir Gr	INF194K01V89	Cash Margin - Derivatives		22.00	0.15		Apr25	12.51
Bandhan Large & Mid Cap Dir Gr	INF194K01V89	Cash Margin - Derivatives		22.00	0.15		May25	11.15
Bandhan Large & Mid Cap Dir Gr	INF194K01V89	Cash Margin - Derivatives		22.00	0.15		June25	10.18
Bandhan Large & Mid Cap Dir Gr	INF194K01V89	Cash Margin - Derivatives		22.00	0.15		July25	9.19
Bandhan Large & Mid Cap Dir Gr	INF194K01V89	Cash Margin - Derivatives		22.00	0.15		Aug25	8.13
Bandhan Large & Mid Cap Dir Gr	INF194K01V89	Bata India Ltd	Consumer Cyclical	20.56	0.14	0.00	Oct24	5.55
Bandhan Large & Mid Cap Dir Gr	INF194K01V89	Bata India Ltd	Consumer Cyclical	20.56	0.14	0.00	Nov24	7.52
Bandhan Large & Mid Cap Dir Gr	INF194K01V89	Bata India Ltd	Consumer Cyclical	20.56	0.14	0.00	Dec24	3.56
Bandhan Large & Mid Cap Dir Gr	INF194K01V89	Bata India Ltd	Consumer Cyclical	20.56	0.14	0.00	Jan25	5.32
Bandhan Large & Mid Cap Dir Gr	INF194K01V89	Bata India Ltd	Consumer Cyclical	20.56	0.14	0.00	Feb25	5.59
Bandhan Large & Mid Cap Dir Gr	INF194K01V89	Bata India Ltd	Consumer Cyclical	20.56	0.14	0.00	Mar25	15.51
Bandhan Large & Mid Cap Dir Gr	INF194K01V89	Bata India Ltd	Consumer Cyclical	20.56	0.14	0.00	Mar25	15.51
Bandhan Large & Mid Cap Dir Gr	INF194K01V89	Bata India Ltd	Consumer Cyclical	20.56	0.14	0.00	Apr25	12.51
Bandhan Large & Mid Cap Dir Gr	INF194K01V89	Bata India Ltd	Consumer Cyclical	20.56	0.14	0.00	May25	11.15
Bandhan Large & Mid Cap Dir Gr	INF194K01V89	Bata India Ltd	Consumer Cyclical	20.56	0.14	0.00	June25	10.18
Bandhan Large & Mid Cap Dir Gr	INF194K01V89	Bata India Ltd	Consumer Cyclical	20.56	0.14	0.00	July25	9.19
Bandhan Large & Mid Cap Dir Gr	INF194K01V89	Bata India Ltd	Consumer Cyclical	20.56	0.14	0.00	Aug25	8.13
Bandhan Large & Mid Cap Dir Gr	INF194K01V89	PTC India Financial Services Ltd	Financial Services	19.24	0.13	0.00	Oct24	5.55
Bandhan Large & Mid Cap Dir Gr	INF194K01V89	PTC India Financial Services Ltd	Financial Services	19.24	0.13	0.00	Nov24	7.52
Bandhan Large & Mid Cap Dir Gr	INF194K01V89	PTC India Financial Services Ltd	Financial Services	19.24	0.13	0.00	Dec24	3.56
Bandhan Large & Mid Cap Dir Gr	INF194K01V89	PTC India Financial Services Ltd	Financial Services	19.24	0.13	0.00	Jan25	5.32
Bandhan Large & Mid Cap Dir Gr	INF194K01V89	PTC India Financial Services Ltd	Financial Services	19.24	0.13	0.00	Feb25	5.59
Bandhan Large & Mid Cap Dir Gr	INF194K01V89	PTC India Financial Services Ltd	Financial Services	19.24	0.13	0.00	Mar25	15.51
Bandhan Large & Mid Cap Dir Gr	INF194K01V89	PTC India Financial Services Ltd	Financial Services	19.24	0.13	0.00	Mar25	15.51
Bandhan Large & Mid Cap Dir Gr	INF194K01V89	PTC India Financial Services Ltd	Financial Services	19.24	0.13	0.00	Apr25	12.51
Bandhan Large & Mid Cap Dir Gr	INF194K01V89	PTC India Financial Services Ltd	Financial Services	19.24	0.13	0.00	May25	11.15
Bandhan Large & Mid Cap Dir Gr	INF194K01V89	PTC India Financial Services Ltd	Financial Services	19.24	0.13	0.00	June25	10.18
Bandhan Large & Mid Cap Dir Gr	INF194K01V89	PTC India Financial Services Ltd	Financial Services	19.24	0.13	0.00	July25	9.19
Bandhan Large & Mid Cap Dir Gr	INF194K01V89	PTC India Financial Services Ltd	Financial Services	19.24	0.13	0.00	Aug25	8.13
Bandhan Large & Mid Cap Dir Gr	INF194K01V89	Billionbrains Garage Ventures Ltd	Financial Services	16.32	0.11	-50.04	Oct24	5.55
Bandhan Large & Mid Cap Dir Gr	INF194K01V89	Billionbrains Garage Ventures Ltd	Financial Services	16.32	0.11	-50.04	Nov24	7.52
Bandhan Large & Mid Cap Dir Gr	INF194K01V89	Billionbrains Garage Ventures Ltd	Financial Services	16.32	0.11	-50.04	Dec24	3.56
Bandhan Large & Mid Cap Dir Gr	INF194K01V89	Billionbrains Garage Ventures Ltd	Financial Services	16.32	0.11	-50.04	Jan25	5.32
Bandhan Large & Mid Cap Dir Gr	INF194K01V89	Billionbrains Garage Ventures Ltd	Financial Services	16.32	0.11	-50.04	Feb25	5.59
Bandhan Large & Mid Cap Dir Gr	INF194K01V89	Billionbrains Garage Ventures Ltd	Financial Services	16.32	0.11	-50.04	Mar25	15.51
Bandhan Large & Mid Cap Dir Gr	INF194K01V89	Billionbrains Garage Ventures Ltd	Financial Services	16.32	0.11	-50.04	Mar25	15.51
Bandhan Large & Mid Cap Dir Gr	INF194K01V89	Billionbrains Garage Ventures Ltd	Financial Services	16.32	0.11	-50.04	Apr25	12.51
Bandhan Large & Mid Cap Dir Gr	INF194K01V89	Billionbrains Garage Ventures Ltd	Financial Services	16.32	0.11	-50.04	May25	11.15
Bandhan Large & Mid Cap Dir Gr	INF194K01V89	Billionbrains Garage Ventures Ltd	Financial Services	16.32	0.11	-50.04	June25	10.18
Bandhan Large & Mid Cap Dir Gr	INF194K01V89	Billionbrains Garage Ventures Ltd	Financial Services	16.32	0.11	-50.04	July25	9.19
Bandhan Large & Mid Cap Dir Gr	INF194K01V89	Billionbrains Garage Ventures Ltd	Financial Services	16.32	0.11	-50.04	Aug25	8.13
Bandhan Large & Mid Cap Dir Gr	INF194K01V89	Cash / Bank Balance		13.64	0.09		Oct24	5.55
Bandhan Large & Mid Cap Dir Gr	INF194K01V89	Cash / Bank Balance		13.64	0.09		Nov24	7.52
Bandhan Large & Mid Cap Dir Gr	INF194K01V89	Cash / Bank Balance		13.64	0.09		Dec24	3.56
Bandhan Large & Mid Cap Dir Gr	INF194K01V89	Cash / Bank Balance		13.64	0.09		Jan25	5.32
Bandhan Large & Mid Cap Dir Gr	INF194K01V89	Cash / Bank Balance		13.64	0.09		Feb25	5.59
Bandhan Large & Mid Cap Dir Gr	INF194K01V89	Cash / Bank Balance		13.64	0.09		Mar25	15.51
Bandhan Large & Mid Cap Dir Gr	INF194K01V89	Cash / Bank Balance		13.64	0.09		Mar25	15.51
Bandhan Large & Mid Cap Dir Gr	INF194K01V89	Cash / Bank Balance		13.64	0.09		Apr25	12.51
Bandhan Large & Mid Cap Dir Gr	INF194K01V89	Cash / Bank Balance		13.64	0.09		May25	11.15
Bandhan Large & Mid Cap Dir Gr	INF194K01V89	Cash / Bank Balance		13.64	0.09		June25	10.18
Bandhan Large & Mid Cap Dir Gr	INF194K01V89	Cash / Bank Balance		13.64	0.09		July25	9.19
Bandhan Large & Mid Cap Dir Gr	INF194K01V89	Cash / Bank Balance		13.64	0.09		Aug25	8.13
Bandhan Large & Mid Cap Dir Gr	INF194K01V89	ISGEC Heavy Engineering Ltd	Industrials	12.65	0.09		Oct24	5.55
Bandhan Large & Mid Cap Dir Gr	INF194K01V89	ISGEC Heavy Engineering Ltd	Industrials	12.65	0.09		Nov24	7.52
Bandhan Large & Mid Cap Dir Gr	INF194K01V89	ISGEC Heavy Engineering Ltd	Industrials	12.65	0.09		Dec24	3.56
Bandhan Large & Mid Cap Dir Gr	INF194K01V89	ISGEC Heavy Engineering Ltd	Industrials	12.65	0.09		Jan25	5.32
Bandhan Large & Mid Cap Dir Gr	INF194K01V89	ISGEC Heavy Engineering Ltd	Industrials	12.65	0.09		Feb25	5.59
Bandhan Large & Mid Cap Dir Gr	INF194K01V89	ISGEC Heavy Engineering Ltd	Industrials	12.65	0.09		Mar25	15.51
Bandhan Large & Mid Cap Dir Gr	INF194K01V89	ISGEC Heavy Engineering Ltd	Industrials	12.65	0.09		Mar25	15.51
Bandhan Large & Mid Cap Dir Gr	INF194K01V89	ISGEC Heavy Engineering Ltd	Industrials	12.65	0.09		Apr25	12.51
Bandhan Large & Mid Cap Dir Gr	INF194K01V89	ISGEC Heavy Engineering Ltd	Industrials	12.65	0.09		May25	11.15
Bandhan Large & Mid Cap Dir Gr	INF194K01V89	ISGEC Heavy Engineering Ltd	Industrials	12.65	0.09		June25	10.18
Bandhan Large & Mid Cap Dir Gr	INF194K01V89	ISGEC Heavy Engineering Ltd	Industrials	12.65	0.09		July25	9.19
Bandhan Large & Mid Cap Dir Gr	INF194K01V89	ISGEC Heavy Engineering Ltd	Industrials	12.65	0.09		Aug25	8.13
Bandhan Large & Mid Cap Dir Gr	INF194K01V89	Sai Life Sciences Ltd	Healthcare	9.91	0.07	-75.93	Oct24	5.55
Bandhan Large & Mid Cap Dir Gr	INF194K01V89	Sai Life Sciences Ltd	Healthcare	9.91	0.07	-75.93	Nov24	7.52
Bandhan Large & Mid Cap Dir Gr	INF194K01V89	Sai Life Sciences Ltd	Healthcare	9.91	0.07	-75.93	Dec24	3.56
Bandhan Large & Mid Cap Dir Gr	INF194K01V89	Sai Life Sciences Ltd	Healthcare	9.91	0.07	-75.93	Jan25	5.32
Bandhan Large & Mid Cap Dir Gr	INF194K01V89	Sai Life Sciences Ltd	Healthcare	9.91	0.07	-75.93	Feb25	5.59
Bandhan Large & Mid Cap Dir Gr	INF194K01V89	Sai Life Sciences Ltd	Healthcare	9.91	0.07	-75.93	Mar25	15.51
Bandhan Large & Mid Cap Dir Gr	INF194K01V89	Sai Life Sciences Ltd	Healthcare	9.91	0.07	-75.93	Mar25	15.51
Bandhan Large & Mid Cap Dir Gr	INF194K01V89	Sai Life Sciences Ltd	Healthcare	9.91	0.07	-75.93	Apr25	12.51
Bandhan Large & Mid Cap Dir Gr	INF194K01V89	Sai Life Sciences Ltd	Healthcare	9.91	0.07	-75.93	May25	11.15
Bandhan Large & Mid Cap Dir Gr	INF194K01V89	Sai Life Sciences Ltd	Healthcare	9.91	0.07	-75.93	June25	10.18
Bandhan Large & Mid Cap Dir Gr	INF194K01V89	Sai Life Sciences Ltd	Healthcare	9.91	0.07	-75.93	July25	9.19
Bandhan Large & Mid Cap Dir Gr	INF194K01V89	Sai Life Sciences Ltd	Healthcare	9.91	0.07	-75.93	Aug25	8.13
Bandhan Large & Mid Cap Dir Gr	INF194K01V89	Amagi Media Labs Ltd	Technology	8.84	0.06	-56.46	Oct24	5.55
Bandhan Large & Mid Cap Dir Gr	INF194K01V89	Amagi Media Labs Ltd	Technology	8.84	0.06	-56.46	Nov24	7.52
Bandhan Large & Mid Cap Dir Gr	INF194K01V89	Amagi Media Labs Ltd	Technology	8.84	0.06	-56.46	Dec24	3.56
Bandhan Large & Mid Cap Dir Gr	INF194K01V89	Amagi Media Labs Ltd	Technology	8.84	0.06	-56.46	Jan25	5.32
Bandhan Large & Mid Cap Dir Gr	INF194K01V89	Amagi Media Labs Ltd	Technology	8.84	0.06	-56.46	Feb25	5.59
Bandhan Large & Mid Cap Dir Gr	INF194K01V89	Amagi Media Labs Ltd	Technology	8.84	0.06	-56.46	Mar25	15.51
Bandhan Large & Mid Cap Dir Gr	INF194K01V89	Amagi Media Labs Ltd	Technology	8.84	0.06	-56.46	Mar25	15.51
Bandhan Large & Mid Cap Dir Gr	INF194K01V89	Amagi Media Labs Ltd	Technology	8.84	0.06	-56.46	Apr25	12.51
Bandhan Large & Mid Cap Dir Gr	INF194K01V89	Amagi Media Labs Ltd	Technology	8.84	0.06	-56.46	May25	11.15
Bandhan Large & Mid Cap Dir Gr	INF194K01V89	Amagi Media Labs Ltd	Technology	8.84	0.06	-56.46	June25	10.18
Bandhan Large & Mid Cap Dir Gr	INF194K01V89	Amagi Media Labs Ltd	Technology	8.84	0.06	-56.46	July25	9.19
Bandhan Large & Mid Cap Dir Gr	INF194K01V89	Amagi Media Labs Ltd	Technology	8.84	0.06	-56.46	Aug25	8.13
Bandhan Large & Mid Cap Dir Gr	INF194K01V89	Aegis Vopak Terminals Ltd	Energy	5.88	0.04	-73.91	Oct24	5.55
Bandhan Large & Mid Cap Dir Gr	INF194K01V89	Aegis Vopak Terminals Ltd	Energy	5.88	0.04	-73.91	Nov24	7.52
Bandhan Large & Mid Cap Dir Gr	INF194K01V89	Aegis Vopak Terminals Ltd	Energy	5.88	0.04	-73.91	Dec24	3.56
Bandhan Large & Mid Cap Dir Gr	INF194K01V89	Aegis Vopak Terminals Ltd	Energy	5.88	0.04	-73.91	Jan25	5.32
Bandhan Large & Mid Cap Dir Gr	INF194K01V89	Aegis Vopak Terminals Ltd	Energy	5.88	0.04	-73.91	Feb25	5.59
Bandhan Large & Mid Cap Dir Gr	INF194K01V89	Aegis Vopak Terminals Ltd	Energy	5.88	0.04	-73.91	Mar25	15.51
Bandhan Large & Mid Cap Dir Gr	INF194K01V89	Aegis Vopak Terminals Ltd	Energy	5.88	0.04	-73.91	Mar25	15.51
Bandhan Large & Mid Cap Dir Gr	INF194K01V89	Aegis Vopak Terminals Ltd	Energy	5.88	0.04	-73.91	Apr25	12.51
Bandhan Large & Mid Cap Dir Gr	INF194K01V89	Aegis Vopak Terminals Ltd	Energy	5.88	0.04	-73.91	May25	11.15
Bandhan Large & Mid Cap Dir Gr	INF194K01V89	Aegis Vopak Terminals Ltd	Energy	5.88	0.04	-73.91	June25	10.18
Bandhan Large & Mid Cap Dir Gr	INF194K01V89	Aegis Vopak Terminals Ltd	Energy	5.88	0.04	-73.91	July25	9.19
Bandhan Large & Mid Cap Dir Gr	INF194K01V89	Aegis Vopak Terminals Ltd	Energy	5.88	0.04	-73.91	Aug25	8.13
Bandhan Large & Mid Cap Dir Gr	INF194K01V89	Cash Margin - Ccil		5.05	0.03		Oct24	5.55
Bandhan Large & Mid Cap Dir Gr	INF194K01V89	Cash Margin - Ccil		5.05	0.03		Nov24	7.52
Bandhan Large & Mid Cap Dir Gr	INF194K01V89	Cash Margin - Ccil		5.05	0.03		Dec24	3.56
Bandhan Large & Mid Cap Dir Gr	INF194K01V89	Cash Margin - Ccil		5.05	0.03		Jan25	5.32
Bandhan Large & Mid Cap Dir Gr	INF194K01V89	Cash Margin - Ccil		5.05	0.03		Feb25	5.59
Bandhan Large & Mid Cap Dir Gr	INF194K01V89	Cash Margin - Ccil		5.05	0.03		Mar25	15.51
Bandhan Large & Mid Cap Dir Gr	INF194K01V89	Cash Margin - Ccil		5.05	0.03		Mar25	15.51
Bandhan Large & Mid Cap Dir Gr	INF194K01V89	Cash Margin - Ccil		5.05	0.03		Apr25	12.51
Bandhan Large & Mid Cap Dir Gr	INF194K01V89	Cash Margin - Ccil		5.05	0.03		May25	11.15
Bandhan Large & Mid Cap Dir Gr	INF194K01V89	Cash Margin - Ccil		5.05	0.03		June25	10.18
Bandhan Large & Mid Cap Dir Gr	INF194K01V89	Cash Margin - Ccil		5.05	0.03		July25	9.19
Bandhan Large & Mid Cap Dir Gr	INF194K01V89	Cash Margin - Ccil		5.05	0.03		Aug25	8.13
Bandhan Large & Mid Cap Dir Gr	INF194K01V89	Alivus Life Sciences Ltd	Healthcare	4.64	0.03		Oct24	5.55
Bandhan Large & Mid Cap Dir Gr	INF194K01V89	Alivus Life Sciences Ltd	Healthcare	4.64	0.03		Nov24	7.52
Bandhan Large & Mid Cap Dir Gr	INF194K01V89	Alivus Life Sciences Ltd	Healthcare	4.64	0.03		Dec24	3.56
Bandhan Large & Mid Cap Dir Gr	INF194K01V89	Alivus Life Sciences Ltd	Healthcare	4.64	0.03		Jan25	5.32
Bandhan Large & Mid Cap Dir Gr	INF194K01V89	Alivus Life Sciences Ltd	Healthcare	4.64	0.03		Feb25	5.59
Bandhan Large & Mid Cap Dir Gr	INF194K01V89	Alivus Life Sciences Ltd	Healthcare	4.64	0.03		Mar25	15.51
Bandhan Large & Mid Cap Dir Gr	INF194K01V89	Alivus Life Sciences Ltd	Healthcare	4.64	0.03		Mar25	15.51
Bandhan Large & Mid Cap Dir Gr	INF194K01V89	Alivus Life Sciences Ltd	Healthcare	4.64	0.03		Apr25	12.51
Bandhan Large & Mid Cap Dir Gr	INF194K01V89	Alivus Life Sciences Ltd	Healthcare	4.64	0.03		May25	11.15
Bandhan Large & Mid Cap Dir Gr	INF194K01V89	Alivus Life Sciences Ltd	Healthcare	4.64	0.03		June25	10.18
Bandhan Large & Mid Cap Dir Gr	INF194K01V89	Alivus Life Sciences Ltd	Healthcare	4.64	0.03		July25	9.19
Bandhan Large & Mid Cap Dir Gr	INF194K01V89	Alivus Life Sciences Ltd	Healthcare	4.64	0.03		Aug25	8.13
Bandhan Large & Mid Cap Dir Gr	INF194K01V89	JK Cement Ltd	Basic Materials	3.33	0.02	-90.77	Oct24	5.55
Bandhan Large & Mid Cap Dir Gr	INF194K01V89	JK Cement Ltd	Basic Materials	3.33	0.02	-90.77	Nov24	7.52
Bandhan Large & Mid Cap Dir Gr	INF194K01V89	JK Cement Ltd	Basic Materials	3.33	0.02	-90.77	Dec24	3.56
Bandhan Large & Mid Cap Dir Gr	INF194K01V89	JK Cement Ltd	Basic Materials	3.33	0.02	-90.77	Jan25	5.32
Bandhan Large & Mid Cap Dir Gr	INF194K01V89	JK Cement Ltd	Basic Materials	3.33	0.02	-90.77	Feb25	5.59
Bandhan Large & Mid Cap Dir Gr	INF194K01V89	JK Cement Ltd	Basic Materials	3.33	0.02	-90.77	Mar25	15.51
Bandhan Large & Mid Cap Dir Gr	INF194K01V89	JK Cement Ltd	Basic Materials	3.33	0.02	-90.77	Mar25	15.51
Bandhan Large & Mid Cap Dir Gr	INF194K01V89	JK Cement Ltd	Basic Materials	3.33	0.02	-90.77	Apr25	12.51
Bandhan Large & Mid Cap Dir Gr	INF194K01V89	JK Cement Ltd	Basic Materials	3.33	0.02	-90.77	May25	11.15
Bandhan Large & Mid Cap Dir Gr	INF194K01V89	JK Cement Ltd	Basic Materials	3.33	0.02	-90.77	June25	10.18
Bandhan Large & Mid Cap Dir Gr	INF194K01V89	JK Cement Ltd	Basic Materials	3.33	0.02	-90.77	July25	9.19
Bandhan Large & Mid Cap Dir Gr	INF194K01V89	JK Cement Ltd	Basic Materials	3.33	0.02	-90.77	Aug25	8.13
Bandhan Large & Mid Cap Dir Gr	INF194K01V89	Tvs Motor Company Limited		0.58	0.00	0.00	Oct24	5.55
Bandhan Large & Mid Cap Dir Gr	INF194K01V89	Tvs Motor Company Limited		0.58	0.00	0.00	Nov24	7.52
Bandhan Large & Mid Cap Dir Gr	INF194K01V89	Tvs Motor Company Limited		0.58	0.00	0.00	Dec24	3.56
Bandhan Large & Mid Cap Dir Gr	INF194K01V89	Tvs Motor Company Limited		0.58	0.00	0.00	Jan25	5.32
Bandhan Large & Mid Cap Dir Gr	INF194K01V89	Tvs Motor Company Limited		0.58	0.00	0.00	Feb25	5.59
Bandhan Large & Mid Cap Dir Gr	INF194K01V89	Tvs Motor Company Limited		0.58	0.00	0.00	Mar25	15.51
Bandhan Large & Mid Cap Dir Gr	INF194K01V89	Tvs Motor Company Limited		0.58	0.00	0.00	Mar25	15.51
Bandhan Large & Mid Cap Dir Gr	INF194K01V89	Tvs Motor Company Limited		0.58	0.00	0.00	Apr25	12.51
Bandhan Large & Mid Cap Dir Gr	INF194K01V89	Tvs Motor Company Limited		0.58	0.00	0.00	May25	11.15
Bandhan Large & Mid Cap Dir Gr	INF194K01V89	Tvs Motor Company Limited		0.58	0.00	0.00	June25	10.18
Bandhan Large & Mid Cap Dir Gr	INF194K01V89	Tvs Motor Company Limited		0.58	0.00	0.00	July25	9.19
Bandhan Large & Mid Cap Dir Gr	INF194K01V89	Tvs Motor Company Limited		0.58	0.00	0.00	Aug25	8.13
Bandhan Large & Mid Cap Dir Gr	INF194K01V89	Ather Energy Ltd		0.00	0.00	-100.00	Oct24	5.55
Bandhan Large & Mid Cap Dir Gr	INF194K01V89	Ather Energy Ltd		0.00	0.00	-100.00	Nov24	7.52
Bandhan Large & Mid Cap Dir Gr	INF194K01V89	Ather Energy Ltd		0.00	0.00	-100.00	Dec24	3.56
Bandhan Large & Mid Cap Dir Gr	INF194K01V89	Ather Energy Ltd		0.00	0.00	-100.00	Jan25	5.32
Bandhan Large & Mid Cap Dir Gr	INF194K01V89	Ather Energy Ltd		0.00	0.00	-100.00	Feb25	5.59
Bandhan Large & Mid Cap Dir Gr	INF194K01V89	Ather Energy Ltd		0.00	0.00	-100.00	Mar25	15.51
Bandhan Large & Mid Cap Dir Gr	INF194K01V89	Ather Energy Ltd		0.00	0.00	-100.00	Mar25	15.51
Bandhan Large & Mid Cap Dir Gr	INF194K01V89	Ather Energy Ltd		0.00	0.00	-100.00	Apr25	12.51
Bandhan Large & Mid Cap Dir Gr	INF194K01V89	Ather Energy Ltd		0.00	0.00	-100.00	May25	11.15
Bandhan Large & Mid Cap Dir Gr	INF194K01V89	Ather Energy Ltd		0.00	0.00	-100.00	June25	10.18
Bandhan Large & Mid Cap Dir Gr	INF194K01V89	Ather Energy Ltd		0.00	0.00	-100.00	July25	9.19
Bandhan Large & Mid Cap Dir Gr	INF194K01V89	Ather Energy Ltd		0.00	0.00	-100.00	Aug25	8.13
Bandhan Large & Mid Cap Dir Gr	INF194K01V89	Mphasis Ltd		0.00	0.00	-100.00	Oct24	5.55
Bandhan Large & Mid Cap Dir Gr	INF194K01V89	Mphasis Ltd		0.00	0.00	-100.00	Nov24	7.52
Bandhan Large & Mid Cap Dir Gr	INF194K01V89	Mphasis Ltd		0.00	0.00	-100.00	Dec24	3.56
Bandhan Large & Mid Cap Dir Gr	INF194K01V89	Mphasis Ltd		0.00	0.00	-100.00	Jan25	5.32
Bandhan Large & Mid Cap Dir Gr	INF194K01V89	Mphasis Ltd		0.00	0.00	-100.00	Feb25	5.59
Bandhan Large & Mid Cap Dir Gr	INF194K01V89	Mphasis Ltd		0.00	0.00	-100.00	Mar25	15.51
Bandhan Large & Mid Cap Dir Gr	INF194K01V89	Mphasis Ltd		0.00	0.00	-100.00	Mar25	15.51
Bandhan Large & Mid Cap Dir Gr	INF194K01V89	Mphasis Ltd		0.00	0.00	-100.00	Apr25	12.51
Bandhan Large & Mid Cap Dir Gr	INF194K01V89	Mphasis Ltd		0.00	0.00	-100.00	May25	11.15
Bandhan Large & Mid Cap Dir Gr	INF194K01V89	Mphasis Ltd		0.00	0.00	-100.00	June25	10.18
Bandhan Large & Mid Cap Dir Gr	INF194K01V89	Mphasis Ltd		0.00	0.00	-100.00	July25	9.19
Bandhan Large & Mid Cap Dir Gr	INF194K01V89	Mphasis Ltd		0.00	0.00	-100.00	Aug25	8.13
Bandhan Large & Mid Cap Dir Gr	INF194K01V89	Shriram Finance Ltd		0.00	0.00	-100.00	Oct24	5.55
Bandhan Large & Mid Cap Dir Gr	INF194K01V89	Shriram Finance Ltd		0.00	0.00	-100.00	Nov24	7.52
Bandhan Large & Mid Cap Dir Gr	INF194K01V89	Shriram Finance Ltd		0.00	0.00	-100.00	Dec24	3.56
Bandhan Large & Mid Cap Dir Gr	INF194K01V89	Shriram Finance Ltd		0.00	0.00	-100.00	Jan25	5.32
Bandhan Large & Mid Cap Dir Gr	INF194K01V89	Shriram Finance Ltd		0.00	0.00	-100.00	Feb25	5.59
Bandhan Large & Mid Cap Dir Gr	INF194K01V89	Shriram Finance Ltd		0.00	0.00	-100.00	Mar25	15.51
Bandhan Large & Mid Cap Dir Gr	INF194K01V89	Shriram Finance Ltd		0.00	0.00	-100.00	Mar25	15.51
Bandhan Large & Mid Cap Dir Gr	INF194K01V89	Shriram Finance Ltd		0.00	0.00	-100.00	Apr25	12.51
Bandhan Large & Mid Cap Dir Gr	INF194K01V89	Shriram Finance Ltd		0.00	0.00	-100.00	May25	11.15
Bandhan Large & Mid Cap Dir Gr	INF194K01V89	Shriram Finance Ltd		0.00	0.00	-100.00	June25	10.18
Bandhan Large & Mid Cap Dir Gr	INF194K01V89	Shriram Finance Ltd		0.00	0.00	-100.00	July25	9.19
Bandhan Large & Mid Cap Dir Gr	INF194K01V89	Shriram Finance Ltd		0.00	0.00	-100.00	Aug25	8.13
Bandhan Large & Mid Cap Dir Gr	INF194K01V89	L&T Technology Services Ltd		0.00	0.00	-100.00	Oct24	5.55
Bandhan Large & Mid Cap Dir Gr	INF194K01V89	L&T Technology Services Ltd		0.00	0.00	-100.00	Nov24	7.52
Bandhan Large & Mid Cap Dir Gr	INF194K01V89	L&T Technology Services Ltd		0.00	0.00	-100.00	Dec24	3.56
Bandhan Large & Mid Cap Dir Gr	INF194K01V89	L&T Technology Services Ltd		0.00	0.00	-100.00	Jan25	5.32
Bandhan Large & Mid Cap Dir Gr	INF194K01V89	L&T Technology Services Ltd		0.00	0.00	-100.00	Feb25	5.59
Bandhan Large & Mid Cap Dir Gr	INF194K01V89	L&T Technology Services Ltd		0.00	0.00	-100.00	Mar25	15.51
Bandhan Large & Mid Cap Dir Gr	INF194K01V89	L&T Technology Services Ltd		0.00	0.00	-100.00	Mar25	15.51
Bandhan Large & Mid Cap Dir Gr	INF194K01V89	L&T Technology Services Ltd		0.00	0.00	-100.00	Apr25	12.51
Bandhan Large & Mid Cap Dir Gr	INF194K01V89	L&T Technology Services Ltd		0.00	0.00	-100.00	May25	11.15
Bandhan Large & Mid Cap Dir Gr	INF194K01V89	L&T Technology Services Ltd		0.00	0.00	-100.00	June25	10.18
Bandhan Large & Mid Cap Dir Gr	INF194K01V89	L&T Technology Services Ltd		0.00	0.00	-100.00	July25	9.19
Bandhan Large & Mid Cap Dir Gr	INF194K01V89	L&T Technology Services Ltd		0.00	0.00	-100.00	Aug25	8.13
Bandhan Large & Mid Cap Dir Gr	INF194K01V89	AIA Engineering Ltd		0.00	0.00	-100.00	Oct24	5.55
Bandhan Large & Mid Cap Dir Gr	INF194K01V89	AIA Engineering Ltd		0.00	0.00	-100.00	Nov24	7.52
Bandhan Large & Mid Cap Dir Gr	INF194K01V89	AIA Engineering Ltd		0.00	0.00	-100.00	Dec24	3.56
Bandhan Large & Mid Cap Dir Gr	INF194K01V89	AIA Engineering Ltd		0.00	0.00	-100.00	Jan25	5.32
Bandhan Large & Mid Cap Dir Gr	INF194K01V89	AIA Engineering Ltd		0.00	0.00	-100.00	Feb25	5.59
Bandhan Large & Mid Cap Dir Gr	INF194K01V89	AIA Engineering Ltd		0.00	0.00	-100.00	Mar25	15.51
Bandhan Large & Mid Cap Dir Gr	INF194K01V89	AIA Engineering Ltd		0.00	0.00	-100.00	Mar25	15.51
Bandhan Large & Mid Cap Dir Gr	INF194K01V89	AIA Engineering Ltd		0.00	0.00	-100.00	Apr25	12.51
Bandhan Large & Mid Cap Dir Gr	INF194K01V89	AIA Engineering Ltd		0.00	0.00	-100.00	May25	11.15
Bandhan Large & Mid Cap Dir Gr	INF194K01V89	AIA Engineering Ltd		0.00	0.00	-100.00	June25	10.18
Bandhan Large & Mid Cap Dir Gr	INF194K01V89	AIA Engineering Ltd		0.00	0.00	-100.00	July25	9.19
Bandhan Large & Mid Cap Dir Gr	INF194K01V89	AIA Engineering Ltd		0.00	0.00	-100.00	Aug25	8.13
Bandhan Large & Mid Cap Dir Gr	INF194K01V89	Supreme Industries Ltd		0.00	0.00	-100.00	Oct24	5.55
Bandhan Large & Mid Cap Dir Gr	INF194K01V89	Supreme Industries Ltd		0.00	0.00	-100.00	Nov24	7.52
Bandhan Large & Mid Cap Dir Gr	INF194K01V89	Supreme Industries Ltd		0.00	0.00	-100.00	Dec24	3.56
Bandhan Large & Mid Cap Dir Gr	INF194K01V89	Supreme Industries Ltd		0.00	0.00	-100.00	Jan25	5.32
Bandhan Large & Mid Cap Dir Gr	INF194K01V89	Supreme Industries Ltd		0.00	0.00	-100.00	Feb25	5.59
Bandhan Large & Mid Cap Dir Gr	INF194K01V89	Supreme Industries Ltd		0.00	0.00	-100.00	Mar25	15.51
Bandhan Large & Mid Cap Dir Gr	INF194K01V89	Supreme Industries Ltd		0.00	0.00	-100.00	Mar25	15.51
Bandhan Large & Mid Cap Dir Gr	INF194K01V89	Supreme Industries Ltd		0.00	0.00	-100.00	Apr25	12.51
Bandhan Large & Mid Cap Dir Gr	INF194K01V89	Supreme Industries Ltd		0.00	0.00	-100.00	May25	11.15
Bandhan Large & Mid Cap Dir Gr	INF194K01V89	Supreme Industries Ltd		0.00	0.00	-100.00	June25	10.18
Bandhan Large & Mid Cap Dir Gr	INF194K01V89	Supreme Industries Ltd		0.00	0.00	-100.00	July25	9.19
Bandhan Large & Mid Cap Dir Gr	INF194K01V89	Supreme Industries Ltd		0.00	0.00	-100.00	Aug25	8.13
Bandhan Large & Mid Cap Dir Gr	INF194K01V89	Suzlon Energy Ltd		0.00	0.00	-100.00	Oct24	5.55
Bandhan Large & Mid Cap Dir Gr	INF194K01V89	Suzlon Energy Ltd		0.00	0.00	-100.00	Nov24	7.52
Bandhan Large & Mid Cap Dir Gr	INF194K01V89	Suzlon Energy Ltd		0.00	0.00	-100.00	Dec24	3.56
Bandhan Large & Mid Cap Dir Gr	INF194K01V89	Suzlon Energy Ltd		0.00	0.00	-100.00	Jan25	5.32
Bandhan Large & Mid Cap Dir Gr	INF194K01V89	Suzlon Energy Ltd		0.00	0.00	-100.00	Feb25	5.59
Bandhan Large & Mid Cap Dir Gr	INF194K01V89	Suzlon Energy Ltd		0.00	0.00	-100.00	Mar25	15.51
Bandhan Large & Mid Cap Dir Gr	INF194K01V89	Suzlon Energy Ltd		0.00	0.00	-100.00	Mar25	15.51
Bandhan Large & Mid Cap Dir Gr	INF194K01V89	Suzlon Energy Ltd		0.00	0.00	-100.00	Apr25	12.51
Bandhan Large & Mid Cap Dir Gr	INF194K01V89	Suzlon Energy Ltd		0.00	0.00	-100.00	May25	11.15
Bandhan Large & Mid Cap Dir Gr	INF194K01V89	Suzlon Energy Ltd		0.00	0.00	-100.00	June25	10.18
Bandhan Large & Mid Cap Dir Gr	INF194K01V89	Suzlon Energy Ltd		0.00	0.00	-100.00	July25	9.19
Bandhan Large & Mid Cap Dir Gr	INF194K01V89	Suzlon Energy Ltd		0.00	0.00	-100.00	Aug25	8.13
Bandhan Large & Mid Cap Dir Gr	INF194K01V89	Syngene International Ltd		0.00	0.00	-100.00	Oct24	5.55
Bandhan Large & Mid Cap Dir Gr	INF194K01V89	Syngene International Ltd		0.00	0.00	-100.00	Nov24	7.52
Bandhan Large & Mid Cap Dir Gr	INF194K01V89	Syngene International Ltd		0.00	0.00	-100.00	Dec24	3.56
Bandhan Large & Mid Cap Dir Gr	INF194K01V89	Syngene International Ltd		0.00	0.00	-100.00	Jan25	5.32
Bandhan Large & Mid Cap Dir Gr	INF194K01V89	Syngene International Ltd		0.00	0.00	-100.00	Feb25	5.59
Bandhan Large & Mid Cap Dir Gr	INF194K01V89	Syngene International Ltd		0.00	0.00	-100.00	Mar25	15.51
Bandhan Large & Mid Cap Dir Gr	INF194K01V89	Syngene International Ltd		0.00	0.00	-100.00	Mar25	15.51
Bandhan Large & Mid Cap Dir Gr	INF194K01V89	Syngene International Ltd		0.00	0.00	-100.00	Apr25	12.51
Bandhan Large & Mid Cap Dir Gr	INF194K01V89	Syngene International Ltd		0.00	0.00	-100.00	May25	11.15
Bandhan Large & Mid Cap Dir Gr	INF194K01V89	Syngene International Ltd		0.00	0.00	-100.00	June25	10.18
Bandhan Large & Mid Cap Dir Gr	INF194K01V89	Syngene International Ltd		0.00	0.00	-100.00	July25	9.19
Bandhan Large & Mid Cap Dir Gr	INF194K01V89	Syngene International Ltd		0.00	0.00	-100.00	Aug25	8.13
Bandhan Large & Mid Cap Dir Gr	INF194K01V89	Tata Capital Ltd		0.00	0.00	-100.00	Oct24	5.55
Bandhan Large & Mid Cap Dir Gr	INF194K01V89	Tata Capital Ltd		0.00	0.00	-100.00	Nov24	7.52
Bandhan Large & Mid Cap Dir Gr	INF194K01V89	Tata Capital Ltd		0.00	0.00	-100.00	Dec24	3.56
Bandhan Large & Mid Cap Dir Gr	INF194K01V89	Tata Capital Ltd		0.00	0.00	-100.00	Jan25	5.32
Bandhan Large & Mid Cap Dir Gr	INF194K01V89	Tata Capital Ltd		0.00	0.00	-100.00	Feb25	5.59
Bandhan Large & Mid Cap Dir Gr	INF194K01V89	Tata Capital Ltd		0.00	0.00	-100.00	Mar25	15.51
Bandhan Large & Mid Cap Dir Gr	INF194K01V89	Tata Capital Ltd		0.00	0.00	-100.00	Mar25	15.51
Bandhan Large & Mid Cap Dir Gr	INF194K01V89	Tata Capital Ltd		0.00	0.00	-100.00	Apr25	12.51
Bandhan Large & Mid Cap Dir Gr	INF194K01V89	Tata Capital Ltd		0.00	0.00	-100.00	May25	11.15
Bandhan Large & Mid Cap Dir Gr	INF194K01V89	Tata Capital Ltd		0.00	0.00	-100.00	June25	10.18
Bandhan Large & Mid Cap Dir Gr	INF194K01V89	Tata Capital Ltd		0.00	0.00	-100.00	July25	9.19
Bandhan Large & Mid Cap Dir Gr	INF194K01V89	Tata Capital Ltd		0.00	0.00	-100.00	Aug25	8.13
Bandhan Large & Mid Cap Dir Gr	INF194K01V89	Tech Mahindra Ltd		0.00	0.00	-100.00	Oct24	5.55
Bandhan Large & Mid Cap Dir Gr	INF194K01V89	Tech Mahindra Ltd		0.00	0.00	-100.00	Nov24	7.52
Bandhan Large & Mid Cap Dir Gr	INF194K01V89	Tech Mahindra Ltd		0.00	0.00	-100.00	Dec24	3.56
Bandhan Large & Mid Cap Dir Gr	INF194K01V89	Tech Mahindra Ltd		0.00	0.00	-100.00	Jan25	5.32
Bandhan Large & Mid Cap Dir Gr	INF194K01V89	Tech Mahindra Ltd		0.00	0.00	-100.00	Feb25	5.59
Bandhan Large & Mid Cap Dir Gr	INF194K01V89	Tech Mahindra Ltd		0.00	0.00	-100.00	Mar25	15.51
Bandhan Large & Mid Cap Dir Gr	INF194K01V89	Tech Mahindra Ltd		0.00	0.00	-100.00	Mar25	15.51
Bandhan Large & Mid Cap Dir Gr	INF194K01V89	Tech Mahindra Ltd		0.00	0.00	-100.00	Apr25	12.51
Bandhan Large & Mid Cap Dir Gr	INF194K01V89	Tech Mahindra Ltd		0.00	0.00	-100.00	May25	11.15
Bandhan Large & Mid Cap Dir Gr	INF194K01V89	Tech Mahindra Ltd		0.00	0.00	-100.00	June25	10.18
Bandhan Large & Mid Cap Dir Gr	INF194K01V89	Tech Mahindra Ltd		0.00	0.00	-100.00	July25	9.19
Bandhan Large & Mid Cap Dir Gr	INF194K01V89	Tech Mahindra Ltd		0.00	0.00	-100.00	Aug25	8.13
