schemeName	isin	stock_name	sector	market_value	weight	change_1m	period	weightage
ICICI Pru Large & Mid Cap Dir Gr	INF109K011O5	Treps		1,258.27	4.41		Oct24	5.55
ICICI Pru Large & Mid Cap Dir Gr	INF109K011O5	Treps		1,258.27	4.41		Nov24	7.52
ICICI Pru Large & Mid Cap Dir Gr	INF109K011O5	Treps		1,258.27	4.41		Dec24	3.56
ICICI Pru Large & Mid Cap Dir Gr	INF109K011O5	Treps		1,258.27	4.41		Jan25	5.32
ICICI Pru Large & Mid Cap Dir Gr	INF109K011O5	Treps		1,258.27	4.41		Feb25	5.59
ICICI Pru Large & Mid Cap Dir Gr	INF109K011O5	Treps		1,258.27	4.41		Mar25	15.51
ICICI Pru Large & Mid Cap Dir Gr	INF109K011O5	Treps		1,258.27	4.41		Mar25	15.51
ICICI Pru Large & Mid Cap Dir Gr	INF109K011O5	Treps		1,258.27	4.41		Apr25	12.51
ICICI Pru Large & Mid Cap Dir Gr	INF109K011O5	Treps		1,258.27	4.41		May25	11.15
ICICI Pru Large & Mid Cap Dir Gr	INF109K011O5	Treps		1,258.27	4.41		June25	10.18
ICICI Pru Large & Mid Cap Dir Gr	INF109K011O5	Treps		1,258.27	4.41		July25	9.19
ICICI Pru Large & Mid Cap Dir Gr	INF109K011O5	Treps		1,258.27	4.41		Aug25	8.13
ICICI Pru Large & Mid Cap Dir Gr	INF109K011O5	SBI Cards and Payment Services Ltd Ordinary Shares	Financial Services	1,211.79	4.25	6.77	Oct24	5.55
ICICI Pru Large & Mid Cap Dir Gr	INF109K011O5	SBI Cards and Payment Services Ltd Ordinary Shares	Financial Services	1,211.79	4.25	6.77	Nov24	7.52
ICICI Pru Large & Mid Cap Dir Gr	INF109K011O5	SBI Cards and Payment Services Ltd Ordinary Shares	Financial Services	1,211.79	4.25	6.77	Dec24	3.56
ICICI Pru Large & Mid Cap Dir Gr	INF109K011O5	SBI Cards and Payment Services Ltd Ordinary Shares	Financial Services	1,211.79	4.25	6.77	Jan25	5.32
ICICI Pru Large & Mid Cap Dir Gr	INF109K011O5	SBI Cards and Payment Services Ltd Ordinary Shares	Financial Services	1,211.79	4.25	6.77	Feb25	5.59
ICICI Pru Large & Mid Cap Dir Gr	INF109K011O5	SBI Cards and Payment Services Ltd Ordinary Shares	Financial Services	1,211.79	4.25	6.77	Mar25	15.51
ICICI Pru Large & Mid Cap Dir Gr	INF109K011O5	SBI Cards and Payment Services Ltd Ordinary Shares	Financial Services	1,211.79	4.25	6.77	Mar25	15.51
ICICI Pru Large & Mid Cap Dir Gr	INF109K011O5	SBI Cards and Payment Services Ltd Ordinary Shares	Financial Services	1,211.79	4.25	6.77	Apr25	12.51
ICICI Pru Large & Mid Cap Dir Gr	INF109K011O5	SBI Cards and Payment Services Ltd Ordinary Shares	Financial Services	1,211.79	4.25	6.77	May25	11.15
ICICI Pru Large & Mid Cap Dir Gr	INF109K011O5	SBI Cards and Payment Services Ltd Ordinary Shares	Financial Services	1,211.79	4.25	6.77	June25	10.18
ICICI Pru Large & Mid Cap Dir Gr	INF109K011O5	SBI Cards and Payment Services Ltd Ordinary Shares	Financial Services	1,211.79	4.25	6.77	July25	9.19
ICICI Pru Large & Mid Cap Dir Gr	INF109K011O5	SBI Cards and Payment Services Ltd Ordinary Shares	Financial Services	1,211.79	4.25	6.77	Aug25	8.13
ICICI Pru Large & Mid Cap Dir Gr	INF109K011O5	Axis Bank Ltd	Financial Services	1,042.13	3.66	-19.03	Oct24	5.55
ICICI Pru Large & Mid Cap Dir Gr	INF109K011O5	Axis Bank Ltd	Financial Services	1,042.13	3.66	-19.03	Nov24	7.52
ICICI Pru Large & Mid Cap Dir Gr	INF109K011O5	Axis Bank Ltd	Financial Services	1,042.13	3.66	-19.03	Dec24	3.56
ICICI Pru Large & Mid Cap Dir Gr	INF109K011O5	Axis Bank Ltd	Financial Services	1,042.13	3.66	-19.03	Jan25	5.32
ICICI Pru Large & Mid Cap Dir Gr	INF109K011O5	Axis Bank Ltd	Financial Services	1,042.13	3.66	-19.03	Feb25	5.59
ICICI Pru Large & Mid Cap Dir Gr	INF109K011O5	Axis Bank Ltd	Financial Services	1,042.13	3.66	-19.03	Mar25	15.51
ICICI Pru Large & Mid Cap Dir Gr	INF109K011O5	Axis Bank Ltd	Financial Services	1,042.13	3.66	-19.03	Mar25	15.51
ICICI Pru Large & Mid Cap Dir Gr	INF109K011O5	Axis Bank Ltd	Financial Services	1,042.13	3.66	-19.03	Apr25	12.51
ICICI Pru Large & Mid Cap Dir Gr	INF109K011O5	Axis Bank Ltd	Financial Services	1,042.13	3.66	-19.03	May25	11.15
ICICI Pru Large & Mid Cap Dir Gr	INF109K011O5	Axis Bank Ltd	Financial Services	1,042.13	3.66	-19.03	June25	10.18
ICICI Pru Large & Mid Cap Dir Gr	INF109K011O5	Axis Bank Ltd	Financial Services	1,042.13	3.66	-19.03	July25	9.19
ICICI Pru Large & Mid Cap Dir Gr	INF109K011O5	Axis Bank Ltd	Financial Services	1,042.13	3.66	-19.03	Aug25	8.13
ICICI Pru Large & Mid Cap Dir Gr	INF109K011O5	Page Industries Ltd	Consumer Cyclical	921.78	3.23	4.55	Oct24	5.55
ICICI Pru Large & Mid Cap Dir Gr	INF109K011O5	Page Industries Ltd	Consumer Cyclical	921.78	3.23	4.55	Nov24	7.52
ICICI Pru Large & Mid Cap Dir Gr	INF109K011O5	Page Industries Ltd	Consumer Cyclical	921.78	3.23	4.55	Dec24	3.56
ICICI Pru Large & Mid Cap Dir Gr	INF109K011O5	Page Industries Ltd	Consumer Cyclical	921.78	3.23	4.55	Jan25	5.32
ICICI Pru Large & Mid Cap Dir Gr	INF109K011O5	Page Industries Ltd	Consumer Cyclical	921.78	3.23	4.55	Feb25	5.59
ICICI Pru Large & Mid Cap Dir Gr	INF109K011O5	Page Industries Ltd	Consumer Cyclical	921.78	3.23	4.55	Mar25	15.51
ICICI Pru Large & Mid Cap Dir Gr	INF109K011O5	Page Industries Ltd	Consumer Cyclical	921.78	3.23	4.55	Mar25	15.51
ICICI Pru Large & Mid Cap Dir Gr	INF109K011O5	Page Industries Ltd	Consumer Cyclical	921.78	3.23	4.55	Apr25	12.51
ICICI Pru Large & Mid Cap Dir Gr	INF109K011O5	Page Industries Ltd	Consumer Cyclical	921.78	3.23	4.55	May25	11.15
ICICI Pru Large & Mid Cap Dir Gr	INF109K011O5	Page Industries Ltd	Consumer Cyclical	921.78	3.23	4.55	June25	10.18
ICICI Pru Large & Mid Cap Dir Gr	INF109K011O5	Page Industries Ltd	Consumer Cyclical	921.78	3.23	4.55	July25	9.19
ICICI Pru Large & Mid Cap Dir Gr	INF109K011O5	Page Industries Ltd	Consumer Cyclical	921.78	3.23	4.55	Aug25	8.13
ICICI Pru Large & Mid Cap Dir Gr	INF109K011O5	FSN E-Commerce Ventures Ltd	Consumer Cyclical	912.86	3.20	-5.74	Oct24	5.55
ICICI Pru Large & Mid Cap Dir Gr	INF109K011O5	FSN E-Commerce Ventures Ltd	Consumer Cyclical	912.86	3.20	-5.74	Nov24	7.52
ICICI Pru Large & Mid Cap Dir Gr	INF109K011O5	FSN E-Commerce Ventures Ltd	Consumer Cyclical	912.86	3.20	-5.74	Dec24	3.56
ICICI Pru Large & Mid Cap Dir Gr	INF109K011O5	FSN E-Commerce Ventures Ltd	Consumer Cyclical	912.86	3.20	-5.74	Jan25	5.32
ICICI Pru Large & Mid Cap Dir Gr	INF109K011O5	FSN E-Commerce Ventures Ltd	Consumer Cyclical	912.86	3.20	-5.74	Feb25	5.59
ICICI Pru Large & Mid Cap Dir Gr	INF109K011O5	FSN E-Commerce Ventures Ltd	Consumer Cyclical	912.86	3.20	-5.74	Mar25	15.51
ICICI Pru Large & Mid Cap Dir Gr	INF109K011O5	FSN E-Commerce Ventures Ltd	Consumer Cyclical	912.86	3.20	-5.74	Mar25	15.51
ICICI Pru Large & Mid Cap Dir Gr	INF109K011O5	FSN E-Commerce Ventures Ltd	Consumer Cyclical	912.86	3.20	-5.74	Apr25	12.51
ICICI Pru Large & Mid Cap Dir Gr	INF109K011O5	FSN E-Commerce Ventures Ltd	Consumer Cyclical	912.86	3.20	-5.74	May25	11.15
ICICI Pru Large & Mid Cap Dir Gr	INF109K011O5	FSN E-Commerce Ventures Ltd	Consumer Cyclical	912.86	3.20	-5.74	June25	10.18
ICICI Pru Large & Mid Cap Dir Gr	INF109K011O5	FSN E-Commerce Ventures Ltd	Consumer Cyclical	912.86	3.20	-5.74	July25	9.19
ICICI Pru Large & Mid Cap Dir Gr	INF109K011O5	FSN E-Commerce Ventures Ltd	Consumer Cyclical	912.86	3.20	-5.74	Aug25	8.13
ICICI Pru Large & Mid Cap Dir Gr	INF109K011O5	Bajaj Finserv Ltd	Financial Services	884.57	3.10	13.75	Oct24	5.55
ICICI Pru Large & Mid Cap Dir Gr	INF109K011O5	Bajaj Finserv Ltd	Financial Services	884.57	3.10	13.75	Nov24	7.52
ICICI Pru Large & Mid Cap Dir Gr	INF109K011O5	Bajaj Finserv Ltd	Financial Services	884.57	3.10	13.75	Dec24	3.56
ICICI Pru Large & Mid Cap Dir Gr	INF109K011O5	Bajaj Finserv Ltd	Financial Services	884.57	3.10	13.75	Jan25	5.32
ICICI Pru Large & Mid Cap Dir Gr	INF109K011O5	Bajaj Finserv Ltd	Financial Services	884.57	3.10	13.75	Feb25	5.59
ICICI Pru Large & Mid Cap Dir Gr	INF109K011O5	Bajaj Finserv Ltd	Financial Services	884.57	3.10	13.75	Mar25	15.51
ICICI Pru Large & Mid Cap Dir Gr	INF109K011O5	Bajaj Finserv Ltd	Financial Services	884.57	3.10	13.75	Mar25	15.51
ICICI Pru Large & Mid Cap Dir Gr	INF109K011O5	Bajaj Finserv Ltd	Financial Services	884.57	3.10	13.75	Apr25	12.51
ICICI Pru Large & Mid Cap Dir Gr	INF109K011O5	Bajaj Finserv Ltd	Financial Services	884.57	3.10	13.75	May25	11.15
ICICI Pru Large & Mid Cap Dir Gr	INF109K011O5	Bajaj Finserv Ltd	Financial Services	884.57	3.10	13.75	June25	10.18
ICICI Pru Large & Mid Cap Dir Gr	INF109K011O5	Bajaj Finserv Ltd	Financial Services	884.57	3.10	13.75	July25	9.19
ICICI Pru Large & Mid Cap Dir Gr	INF109K011O5	Bajaj Finserv Ltd	Financial Services	884.57	3.10	13.75	Aug25	8.13
ICICI Pru Large & Mid Cap Dir Gr	INF109K011O5	IndusInd Bank Ltd	Financial Services	857.99	3.01	-0.36	Oct24	5.55
ICICI Pru Large & Mid Cap Dir Gr	INF109K011O5	IndusInd Bank Ltd	Financial Services	857.99	3.01	-0.36	Nov24	7.52
ICICI Pru Large & Mid Cap Dir Gr	INF109K011O5	IndusInd Bank Ltd	Financial Services	857.99	3.01	-0.36	Dec24	3.56
ICICI Pru Large & Mid Cap Dir Gr	INF109K011O5	IndusInd Bank Ltd	Financial Services	857.99	3.01	-0.36	Jan25	5.32
ICICI Pru Large & Mid Cap Dir Gr	INF109K011O5	IndusInd Bank Ltd	Financial Services	857.99	3.01	-0.36	Feb25	5.59
ICICI Pru Large & Mid Cap Dir Gr	INF109K011O5	IndusInd Bank Ltd	Financial Services	857.99	3.01	-0.36	Mar25	15.51
ICICI Pru Large & Mid Cap Dir Gr	INF109K011O5	IndusInd Bank Ltd	Financial Services	857.99	3.01	-0.36	Mar25	15.51
ICICI Pru Large & Mid Cap Dir Gr	INF109K011O5	IndusInd Bank Ltd	Financial Services	857.99	3.01	-0.36	Apr25	12.51
ICICI Pru Large & Mid Cap Dir Gr	INF109K011O5	IndusInd Bank Ltd	Financial Services	857.99	3.01	-0.36	May25	11.15
ICICI Pru Large & Mid Cap Dir Gr	INF109K011O5	IndusInd Bank Ltd	Financial Services	857.99	3.01	-0.36	June25	10.18
ICICI Pru Large & Mid Cap Dir Gr	INF109K011O5	IndusInd Bank Ltd	Financial Services	857.99	3.01	-0.36	July25	9.19
ICICI Pru Large & Mid Cap Dir Gr	INF109K011O5	IndusInd Bank Ltd	Financial Services	857.99	3.01	-0.36	Aug25	8.13
ICICI Pru Large & Mid Cap Dir Gr	INF109K011O5	InterGlobe Aviation Ltd	Industrials	856.31	3.00	1.32	Oct24	5.55
ICICI Pru Large & Mid Cap Dir Gr	INF109K011O5	InterGlobe Aviation Ltd	Industrials	856.31	3.00	1.32	Nov24	7.52
ICICI Pru Large & Mid Cap Dir Gr	INF109K011O5	InterGlobe Aviation Ltd	Industrials	856.31	3.00	1.32	Dec24	3.56
ICICI Pru Large & Mid Cap Dir Gr	INF109K011O5	InterGlobe Aviation Ltd	Industrials	856.31	3.00	1.32	Jan25	5.32
ICICI Pru Large & Mid Cap Dir Gr	INF109K011O5	InterGlobe Aviation Ltd	Industrials	856.31	3.00	1.32	Feb25	5.59
ICICI Pru Large & Mid Cap Dir Gr	INF109K011O5	InterGlobe Aviation Ltd	Industrials	856.31	3.00	1.32	Mar25	15.51
ICICI Pru Large & Mid Cap Dir Gr	INF109K011O5	InterGlobe Aviation Ltd	Industrials	856.31	3.00	1.32	Mar25	15.51
ICICI Pru Large & Mid Cap Dir Gr	INF109K011O5	InterGlobe Aviation Ltd	Industrials	856.31	3.00	1.32	Apr25	12.51
ICICI Pru Large & Mid Cap Dir Gr	INF109K011O5	InterGlobe Aviation Ltd	Industrials	856.31	3.00	1.32	May25	11.15
ICICI Pru Large & Mid Cap Dir Gr	INF109K011O5	InterGlobe Aviation Ltd	Industrials	856.31	3.00	1.32	June25	10.18
ICICI Pru Large & Mid Cap Dir Gr	INF109K011O5	InterGlobe Aviation Ltd	Industrials	856.31	3.00	1.32	July25	9.19
ICICI Pru Large & Mid Cap Dir Gr	INF109K011O5	InterGlobe Aviation Ltd	Industrials	856.31	3.00	1.32	Aug25	8.13
ICICI Pru Large & Mid Cap Dir Gr	INF109K011O5	Sona BLW Precision Forgings Ltd	Consumer Cyclical	855.20	3.00	-1.73	Oct24	5.55
ICICI Pru Large & Mid Cap Dir Gr	INF109K011O5	Sona BLW Precision Forgings Ltd	Consumer Cyclical	855.20	3.00	-1.73	Nov24	7.52
ICICI Pru Large & Mid Cap Dir Gr	INF109K011O5	Sona BLW Precision Forgings Ltd	Consumer Cyclical	855.20	3.00	-1.73	Dec24	3.56
ICICI Pru Large & Mid Cap Dir Gr	INF109K011O5	Sona BLW Precision Forgings Ltd	Consumer Cyclical	855.20	3.00	-1.73	Jan25	5.32
ICICI Pru Large & Mid Cap Dir Gr	INF109K011O5	Sona BLW Precision Forgings Ltd	Consumer Cyclical	855.20	3.00	-1.73	Feb25	5.59
ICICI Pru Large & Mid Cap Dir Gr	INF109K011O5	Sona BLW Precision Forgings Ltd	Consumer Cyclical	855.20	3.00	-1.73	Mar25	15.51
ICICI Pru Large & Mid Cap Dir Gr	INF109K011O5	Sona BLW Precision Forgings Ltd	Consumer Cyclical	855.20	3.00	-1.73	Mar25	15.51
ICICI Pru Large & Mid Cap Dir Gr	INF109K011O5	Sona BLW Precision Forgings Ltd	Consumer Cyclical	855.20	3.00	-1.73	Apr25	12.51
ICICI Pru Large & Mid Cap Dir Gr	INF109K011O5	Sona BLW Precision Forgings Ltd	Consumer Cyclical	855.20	3.00	-1.73	May25	11.15
ICICI Pru Large & Mid Cap Dir Gr	INF109K011O5	Sona BLW Precision Forgings Ltd	Consumer Cyclical	855.20	3.00	-1.73	June25	10.18
ICICI Pru Large & Mid Cap Dir Gr	INF109K011O5	Sona BLW Precision Forgings Ltd	Consumer Cyclical	855.20	3.00	-1.73	July25	9.19
ICICI Pru Large & Mid Cap Dir Gr	INF109K011O5	Sona BLW Precision Forgings Ltd	Consumer Cyclical	855.20	3.00	-1.73	Aug25	8.13
ICICI Pru Large & Mid Cap Dir Gr	INF109K011O5	ICICI Bank Ltd	Financial Services	813.55	2.85	-6.43	Oct24	5.55
ICICI Pru Large & Mid Cap Dir Gr	INF109K011O5	ICICI Bank Ltd	Financial Services	813.55	2.85	-6.43	Nov24	7.52
ICICI Pru Large & Mid Cap Dir Gr	INF109K011O5	ICICI Bank Ltd	Financial Services	813.55	2.85	-6.43	Dec24	3.56
ICICI Pru Large & Mid Cap Dir Gr	INF109K011O5	ICICI Bank Ltd	Financial Services	813.55	2.85	-6.43	Jan25	5.32
ICICI Pru Large & Mid Cap Dir Gr	INF109K011O5	ICICI Bank Ltd	Financial Services	813.55	2.85	-6.43	Feb25	5.59
ICICI Pru Large & Mid Cap Dir Gr	INF109K011O5	ICICI Bank Ltd	Financial Services	813.55	2.85	-6.43	Mar25	15.51
ICICI Pru Large & Mid Cap Dir Gr	INF109K011O5	ICICI Bank Ltd	Financial Services	813.55	2.85	-6.43	Mar25	15.51
ICICI Pru Large & Mid Cap Dir Gr	INF109K011O5	ICICI Bank Ltd	Financial Services	813.55	2.85	-6.43	Apr25	12.51
ICICI Pru Large & Mid Cap Dir Gr	INF109K011O5	ICICI Bank Ltd	Financial Services	813.55	2.85	-6.43	May25	11.15
ICICI Pru Large & Mid Cap Dir Gr	INF109K011O5	ICICI Bank Ltd	Financial Services	813.55	2.85	-6.43	June25	10.18
ICICI Pru Large & Mid Cap Dir Gr	INF109K011O5	ICICI Bank Ltd	Financial Services	813.55	2.85	-6.43	July25	9.19
ICICI Pru Large & Mid Cap Dir Gr	INF109K011O5	ICICI Bank Ltd	Financial Services	813.55	2.85	-6.43	Aug25	8.13
ICICI Pru Large & Mid Cap Dir Gr	INF109K011O5	Maruti Suzuki India Ltd	Consumer Cyclical	757.00	2.66	-4.68	Oct24	5.55
ICICI Pru Large & Mid Cap Dir Gr	INF109K011O5	Maruti Suzuki India Ltd	Consumer Cyclical	757.00	2.66	-4.68	Nov24	7.52
ICICI Pru Large & Mid Cap Dir Gr	INF109K011O5	Maruti Suzuki India Ltd	Consumer Cyclical	757.00	2.66	-4.68	Dec24	3.56
ICICI Pru Large & Mid Cap Dir Gr	INF109K011O5	Maruti Suzuki India Ltd	Consumer Cyclical	757.00	2.66	-4.68	Jan25	5.32
ICICI Pru Large & Mid Cap Dir Gr	INF109K011O5	Maruti Suzuki India Ltd	Consumer Cyclical	757.00	2.66	-4.68	Feb25	5.59
ICICI Pru Large & Mid Cap Dir Gr	INF109K011O5	Maruti Suzuki India Ltd	Consumer Cyclical	757.00	2.66	-4.68	Mar25	15.51
ICICI Pru Large & Mid Cap Dir Gr	INF109K011O5	Maruti Suzuki India Ltd	Consumer Cyclical	757.00	2.66	-4.68	Mar25	15.51
ICICI Pru Large & Mid Cap Dir Gr	INF109K011O5	Maruti Suzuki India Ltd	Consumer Cyclical	757.00	2.66	-4.68	Apr25	12.51
ICICI Pru Large & Mid Cap Dir Gr	INF109K011O5	Maruti Suzuki India Ltd	Consumer Cyclical	757.00	2.66	-4.68	May25	11.15
ICICI Pru Large & Mid Cap Dir Gr	INF109K011O5	Maruti Suzuki India Ltd	Consumer Cyclical	757.00	2.66	-4.68	June25	10.18
ICICI Pru Large & Mid Cap Dir Gr	INF109K011O5	Maruti Suzuki India Ltd	Consumer Cyclical	757.00	2.66	-4.68	July25	9.19
ICICI Pru Large & Mid Cap Dir Gr	INF109K011O5	Maruti Suzuki India Ltd	Consumer Cyclical	757.00	2.66	-4.68	Aug25	8.13
ICICI Pru Large & Mid Cap Dir Gr	INF109K011O5	HDFC Bank Ltd	Financial Services	728.49	2.56	17.13	Oct24	5.55
ICICI Pru Large & Mid Cap Dir Gr	INF109K011O5	HDFC Bank Ltd	Financial Services	728.49	2.56	17.13	Nov24	7.52
ICICI Pru Large & Mid Cap Dir Gr	INF109K011O5	HDFC Bank Ltd	Financial Services	728.49	2.56	17.13	Dec24	3.56
ICICI Pru Large & Mid Cap Dir Gr	INF109K011O5	HDFC Bank Ltd	Financial Services	728.49	2.56	17.13	Jan25	5.32
ICICI Pru Large & Mid Cap Dir Gr	INF109K011O5	HDFC Bank Ltd	Financial Services	728.49	2.56	17.13	Feb25	5.59
ICICI Pru Large & Mid Cap Dir Gr	INF109K011O5	HDFC Bank Ltd	Financial Services	728.49	2.56	17.13	Mar25	15.51
ICICI Pru Large & Mid Cap Dir Gr	INF109K011O5	HDFC Bank Ltd	Financial Services	728.49	2.56	17.13	Mar25	15.51
ICICI Pru Large & Mid Cap Dir Gr	INF109K011O5	HDFC Bank Ltd	Financial Services	728.49	2.56	17.13	Apr25	12.51
ICICI Pru Large & Mid Cap Dir Gr	INF109K011O5	HDFC Bank Ltd	Financial Services	728.49	2.56	17.13	May25	11.15
ICICI Pru Large & Mid Cap Dir Gr	INF109K011O5	HDFC Bank Ltd	Financial Services	728.49	2.56	17.13	June25	10.18
ICICI Pru Large & Mid Cap Dir Gr	INF109K011O5	HDFC Bank Ltd	Financial Services	728.49	2.56	17.13	July25	9.19
ICICI Pru Large & Mid Cap Dir Gr	INF109K011O5	HDFC Bank Ltd	Financial Services	728.49	2.56	17.13	Aug25	8.13
ICICI Pru Large & Mid Cap Dir Gr	INF109K011O5	Avenue Supermarts Ltd	Consumer Defensive	685.71	2.41	6.09	Oct24	5.55
ICICI Pru Large & Mid Cap Dir Gr	INF109K011O5	Avenue Supermarts Ltd	Consumer Defensive	685.71	2.41	6.09	Nov24	7.52
ICICI Pru Large & Mid Cap Dir Gr	INF109K011O5	Avenue Supermarts Ltd	Consumer Defensive	685.71	2.41	6.09	Dec24	3.56
ICICI Pru Large & Mid Cap Dir Gr	INF109K011O5	Avenue Supermarts Ltd	Consumer Defensive	685.71	2.41	6.09	Jan25	5.32
ICICI Pru Large & Mid Cap Dir Gr	INF109K011O5	Avenue Supermarts Ltd	Consumer Defensive	685.71	2.41	6.09	Feb25	5.59
ICICI Pru Large & Mid Cap Dir Gr	INF109K011O5	Avenue Supermarts Ltd	Consumer Defensive	685.71	2.41	6.09	Mar25	15.51
ICICI Pru Large & Mid Cap Dir Gr	INF109K011O5	Avenue Supermarts Ltd	Consumer Defensive	685.71	2.41	6.09	Mar25	15.51
ICICI Pru Large & Mid Cap Dir Gr	INF109K011O5	Avenue Supermarts Ltd	Consumer Defensive	685.71	2.41	6.09	Apr25	12.51
ICICI Pru Large & Mid Cap Dir Gr	INF109K011O5	Avenue Supermarts Ltd	Consumer Defensive	685.71	2.41	6.09	May25	11.15
ICICI Pru Large & Mid Cap Dir Gr	INF109K011O5	Avenue Supermarts Ltd	Consumer Defensive	685.71	2.41	6.09	June25	10.18
ICICI Pru Large & Mid Cap Dir Gr	INF109K011O5	Avenue Supermarts Ltd	Consumer Defensive	685.71	2.41	6.09	July25	9.19
ICICI Pru Large & Mid Cap Dir Gr	INF109K011O5	Avenue Supermarts Ltd	Consumer Defensive	685.71	2.41	6.09	Aug25	8.13
ICICI Pru Large & Mid Cap Dir Gr	INF109K011O5	United Breweries Ltd	Consumer Defensive	620.54	2.18	3.09	Oct24	5.55
ICICI Pru Large & Mid Cap Dir Gr	INF109K011O5	United Breweries Ltd	Consumer Defensive	620.54	2.18	3.09	Nov24	7.52
ICICI Pru Large & Mid Cap Dir Gr	INF109K011O5	United Breweries Ltd	Consumer Defensive	620.54	2.18	3.09	Dec24	3.56
ICICI Pru Large & Mid Cap Dir Gr	INF109K011O5	United Breweries Ltd	Consumer Defensive	620.54	2.18	3.09	Jan25	5.32
ICICI Pru Large & Mid Cap Dir Gr	INF109K011O5	United Breweries Ltd	Consumer Defensive	620.54	2.18	3.09	Feb25	5.59
ICICI Pru Large & Mid Cap Dir Gr	INF109K011O5	United Breweries Ltd	Consumer Defensive	620.54	2.18	3.09	Mar25	15.51
ICICI Pru Large & Mid Cap Dir Gr	INF109K011O5	United Breweries Ltd	Consumer Defensive	620.54	2.18	3.09	Mar25	15.51
ICICI Pru Large & Mid Cap Dir Gr	INF109K011O5	United Breweries Ltd	Consumer Defensive	620.54	2.18	3.09	Apr25	12.51
ICICI Pru Large & Mid Cap Dir Gr	INF109K011O5	United Breweries Ltd	Consumer Defensive	620.54	2.18	3.09	May25	11.15
ICICI Pru Large & Mid Cap Dir Gr	INF109K011O5	United Breweries Ltd	Consumer Defensive	620.54	2.18	3.09	June25	10.18
ICICI Pru Large & Mid Cap Dir Gr	INF109K011O5	United Breweries Ltd	Consumer Defensive	620.54	2.18	3.09	July25	9.19
ICICI Pru Large & Mid Cap Dir Gr	INF109K011O5	United Breweries Ltd	Consumer Defensive	620.54	2.18	3.09	Aug25	8.13
ICICI Pru Large & Mid Cap Dir Gr	INF109K011O5	Alkem Laboratories Ltd	Healthcare	587.82	2.06	7.59	Oct24	5.55
ICICI Pru Large & Mid Cap Dir Gr	INF109K011O5	Alkem Laboratories Ltd	Healthcare	587.82	2.06	7.59	Nov24	7.52
ICICI Pru Large & Mid Cap Dir Gr	INF109K011O5	Alkem Laboratories Ltd	Healthcare	587.82	2.06	7.59	Dec24	3.56
ICICI Pru Large & Mid Cap Dir Gr	INF109K011O5	Alkem Laboratories Ltd	Healthcare	587.82	2.06	7.59	Jan25	5.32
ICICI Pru Large & Mid Cap Dir Gr	INF109K011O5	Alkem Laboratories Ltd	Healthcare	587.82	2.06	7.59	Feb25	5.59
ICICI Pru Large & Mid Cap Dir Gr	INF109K011O5	Alkem Laboratories Ltd	Healthcare	587.82	2.06	7.59	Mar25	15.51
ICICI Pru Large & Mid Cap Dir Gr	INF109K011O5	Alkem Laboratories Ltd	Healthcare	587.82	2.06	7.59	Mar25	15.51
ICICI Pru Large & Mid Cap Dir Gr	INF109K011O5	Alkem Laboratories Ltd	Healthcare	587.82	2.06	7.59	Apr25	12.51
ICICI Pru Large & Mid Cap Dir Gr	INF109K011O5	Alkem Laboratories Ltd	Healthcare	587.82	2.06	7.59	May25	11.15
ICICI Pru Large & Mid Cap Dir Gr	INF109K011O5	Alkem Laboratories Ltd	Healthcare	587.82	2.06	7.59	June25	10.18
ICICI Pru Large & Mid Cap Dir Gr	INF109K011O5	Alkem Laboratories Ltd	Healthcare	587.82	2.06	7.59	July25	9.19
ICICI Pru Large & Mid Cap Dir Gr	INF109K011O5	Alkem Laboratories Ltd	Healthcare	587.82	2.06	7.59	Aug25	8.13
ICICI Pru Large & Mid Cap Dir Gr	INF109K011O5	Infosys Ltd	Technology	566.57	1.99	22.08	Oct24	5.55
ICICI Pru Large & Mid Cap Dir Gr	INF109K011O5	Infosys Ltd	Technology	566.57	1.99	22.08	Nov24	7.52
ICICI Pru Large & Mid Cap Dir Gr	INF109K011O5	Infosys Ltd	Technology	566.57	1.99	22.08	Dec24	3.56
ICICI Pru Large & Mid Cap Dir Gr	INF109K011O5	Infosys Ltd	Technology	566.57	1.99	22.08	Jan25	5.32
ICICI Pru Large & Mid Cap Dir Gr	INF109K011O5	Infosys Ltd	Technology	566.57	1.99	22.08	Feb25	5.59
ICICI Pru Large & Mid Cap Dir Gr	INF109K011O5	Infosys Ltd	Technology	566.57	1.99	22.08	Mar25	15.51
ICICI Pru Large & Mid Cap Dir Gr	INF109K011O5	Infosys Ltd	Technology	566.57	1.99	22.08	Mar25	15.51
ICICI Pru Large & Mid Cap Dir Gr	INF109K011O5	Infosys Ltd	Technology	566.57	1.99	22.08	Apr25	12.51
ICICI Pru Large & Mid Cap Dir Gr	INF109K011O5	Infosys Ltd	Technology	566.57	1.99	22.08	May25	11.15
ICICI Pru Large & Mid Cap Dir Gr	INF109K011O5	Infosys Ltd	Technology	566.57	1.99	22.08	June25	10.18
ICICI Pru Large & Mid Cap Dir Gr	INF109K011O5	Infosys Ltd	Technology	566.57	1.99	22.08	July25	9.19
ICICI Pru Large & Mid Cap Dir Gr	INF109K011O5	Infosys Ltd	Technology	566.57	1.99	22.08	Aug25	8.13
ICICI Pru Large & Mid Cap Dir Gr	INF109K011O5	Oberoi Realty Ltd	Real Estate	566.06	1.99	19.08	Oct24	5.55
ICICI Pru Large & Mid Cap Dir Gr	INF109K011O5	Oberoi Realty Ltd	Real Estate	566.06	1.99	19.08	Nov24	7.52
ICICI Pru Large & Mid Cap Dir Gr	INF109K011O5	Oberoi Realty Ltd	Real Estate	566.06	1.99	19.08	Dec24	3.56
ICICI Pru Large & Mid Cap Dir Gr	INF109K011O5	Oberoi Realty Ltd	Real Estate	566.06	1.99	19.08	Jan25	5.32
ICICI Pru Large & Mid Cap Dir Gr	INF109K011O5	Oberoi Realty Ltd	Real Estate	566.06	1.99	19.08	Feb25	5.59
ICICI Pru Large & Mid Cap Dir Gr	INF109K011O5	Oberoi Realty Ltd	Real Estate	566.06	1.99	19.08	Mar25	15.51
ICICI Pru Large & Mid Cap Dir Gr	INF109K011O5	Oberoi Realty Ltd	Real Estate	566.06	1.99	19.08	Mar25	15.51
ICICI Pru Large & Mid Cap Dir Gr	INF109K011O5	Oberoi Realty Ltd	Real Estate	566.06	1.99	19.08	Apr25	12.51
ICICI Pru Large & Mid Cap Dir Gr	INF109K011O5	Oberoi Realty Ltd	Real Estate	566.06	1.99	19.08	May25	11.15
ICICI Pru Large & Mid Cap Dir Gr	INF109K011O5	Oberoi Realty Ltd	Real Estate	566.06	1.99	19.08	June25	10.18
ICICI Pru Large & Mid Cap Dir Gr	INF109K011O5	Oberoi Realty Ltd	Real Estate	566.06	1.99	19.08	July25	9.19
ICICI Pru Large & Mid Cap Dir Gr	INF109K011O5	Oberoi Realty Ltd	Real Estate	566.06	1.99	19.08	Aug25	8.13
ICICI Pru Large & Mid Cap Dir Gr	INF109K011O5	Swiggy Ltd	Consumer Cyclical	529.06	1.86	24.10	Oct24	5.55
ICICI Pru Large & Mid Cap Dir Gr	INF109K011O5	Swiggy Ltd	Consumer Cyclical	529.06	1.86	24.10	Nov24	7.52
ICICI Pru Large & Mid Cap Dir Gr	INF109K011O5	Swiggy Ltd	Consumer Cyclical	529.06	1.86	24.10	Dec24	3.56
ICICI Pru Large & Mid Cap Dir Gr	INF109K011O5	Swiggy Ltd	Consumer Cyclical	529.06	1.86	24.10	Jan25	5.32
ICICI Pru Large & Mid Cap Dir Gr	INF109K011O5	Swiggy Ltd	Consumer Cyclical	529.06	1.86	24.10	Feb25	5.59
ICICI Pru Large & Mid Cap Dir Gr	INF109K011O5	Swiggy Ltd	Consumer Cyclical	529.06	1.86	24.10	Mar25	15.51
ICICI Pru Large & Mid Cap Dir Gr	INF109K011O5	Swiggy Ltd	Consumer Cyclical	529.06	1.86	24.10	Mar25	15.51
ICICI Pru Large & Mid Cap Dir Gr	INF109K011O5	Swiggy Ltd	Consumer Cyclical	529.06	1.86	24.10	Apr25	12.51
ICICI Pru Large & Mid Cap Dir Gr	INF109K011O5	Swiggy Ltd	Consumer Cyclical	529.06	1.86	24.10	May25	11.15
ICICI Pru Large & Mid Cap Dir Gr	INF109K011O5	Swiggy Ltd	Consumer Cyclical	529.06	1.86	24.10	June25	10.18
ICICI Pru Large & Mid Cap Dir Gr	INF109K011O5	Swiggy Ltd	Consumer Cyclical	529.06	1.86	24.10	July25	9.19
ICICI Pru Large & Mid Cap Dir Gr	INF109K011O5	Swiggy Ltd	Consumer Cyclical	529.06	1.86	24.10	Aug25	8.13
ICICI Pru Large & Mid Cap Dir Gr	INF109K011O5	Motherson Sumi Wiring India Ltd	Consumer Cyclical	498.61	1.75	0.00	Oct24	5.55
ICICI Pru Large & Mid Cap Dir Gr	INF109K011O5	Motherson Sumi Wiring India Ltd	Consumer Cyclical	498.61	1.75	0.00	Nov24	7.52
ICICI Pru Large & Mid Cap Dir Gr	INF109K011O5	Motherson Sumi Wiring India Ltd	Consumer Cyclical	498.61	1.75	0.00	Dec24	3.56
ICICI Pru Large & Mid Cap Dir Gr	INF109K011O5	Motherson Sumi Wiring India Ltd	Consumer Cyclical	498.61	1.75	0.00	Jan25	5.32
ICICI Pru Large & Mid Cap Dir Gr	INF109K011O5	Motherson Sumi Wiring India Ltd	Consumer Cyclical	498.61	1.75	0.00	Feb25	5.59
ICICI Pru Large & Mid Cap Dir Gr	INF109K011O5	Motherson Sumi Wiring India Ltd	Consumer Cyclical	498.61	1.75	0.00	Mar25	15.51
ICICI Pru Large & Mid Cap Dir Gr	INF109K011O5	Motherson Sumi Wiring India Ltd	Consumer Cyclical	498.61	1.75	0.00	Mar25	15.51
ICICI Pru Large & Mid Cap Dir Gr	INF109K011O5	Motherson Sumi Wiring India Ltd	Consumer Cyclical	498.61	1.75	0.00	Apr25	12.51
ICICI Pru Large & Mid Cap Dir Gr	INF109K011O5	Motherson Sumi Wiring India Ltd	Consumer Cyclical	498.61	1.75	0.00	May25	11.15
ICICI Pru Large & Mid Cap Dir Gr	INF109K011O5	Motherson Sumi Wiring India Ltd	Consumer Cyclical	498.61	1.75	0.00	June25	10.18
ICICI Pru Large & Mid Cap Dir Gr	INF109K011O5	Motherson Sumi Wiring India Ltd	Consumer Cyclical	498.61	1.75	0.00	July25	9.19
ICICI Pru Large & Mid Cap Dir Gr	INF109K011O5	Motherson Sumi Wiring India Ltd	Consumer Cyclical	498.61	1.75	0.00	Aug25	8.13
ICICI Pru Large & Mid Cap Dir Gr	INF109K011O5	PI Industries Ltd	Basic Materials	496.86	1.74	10.72	Oct24	5.55
ICICI Pru Large & Mid Cap Dir Gr	INF109K011O5	PI Industries Ltd	Basic Materials	496.86	1.74	10.72	Nov24	7.52
ICICI Pru Large & Mid Cap Dir Gr	INF109K011O5	PI Industries Ltd	Basic Materials	496.86	1.74	10.72	Dec24	3.56
ICICI Pru Large & Mid Cap Dir Gr	INF109K011O5	PI Industries Ltd	Basic Materials	496.86	1.74	10.72	Jan25	5.32
ICICI Pru Large & Mid Cap Dir Gr	INF109K011O5	PI Industries Ltd	Basic Materials	496.86	1.74	10.72	Feb25	5.59
ICICI Pru Large & Mid Cap Dir Gr	INF109K011O5	PI Industries Ltd	Basic Materials	496.86	1.74	10.72	Mar25	15.51
ICICI Pru Large & Mid Cap Dir Gr	INF109K011O5	PI Industries Ltd	Basic Materials	496.86	1.74	10.72	Mar25	15.51
ICICI Pru Large & Mid Cap Dir Gr	INF109K011O5	PI Industries Ltd	Basic Materials	496.86	1.74	10.72	Apr25	12.51
ICICI Pru Large & Mid Cap Dir Gr	INF109K011O5	PI Industries Ltd	Basic Materials	496.86	1.74	10.72	May25	11.15
ICICI Pru Large & Mid Cap Dir Gr	INF109K011O5	PI Industries Ltd	Basic Materials	496.86	1.74	10.72	June25	10.18
ICICI Pru Large & Mid Cap Dir Gr	INF109K011O5	PI Industries Ltd	Basic Materials	496.86	1.74	10.72	July25	9.19
ICICI Pru Large & Mid Cap Dir Gr	INF109K011O5	PI Industries Ltd	Basic Materials	496.86	1.74	10.72	Aug25	8.13
ICICI Pru Large & Mid Cap Dir Gr	INF109K011O5	Shree Cement Ltd	Basic Materials	495.03	1.74	11.01	Oct24	5.55
ICICI Pru Large & Mid Cap Dir Gr	INF109K011O5	Shree Cement Ltd	Basic Materials	495.03	1.74	11.01	Nov24	7.52
ICICI Pru Large & Mid Cap Dir Gr	INF109K011O5	Shree Cement Ltd	Basic Materials	495.03	1.74	11.01	Dec24	3.56
ICICI Pru Large & Mid Cap Dir Gr	INF109K011O5	Shree Cement Ltd	Basic Materials	495.03	1.74	11.01	Jan25	5.32
ICICI Pru Large & Mid Cap Dir Gr	INF109K011O5	Shree Cement Ltd	Basic Materials	495.03	1.74	11.01	Feb25	5.59
ICICI Pru Large & Mid Cap Dir Gr	INF109K011O5	Shree Cement Ltd	Basic Materials	495.03	1.74	11.01	Mar25	15.51
ICICI Pru Large & Mid Cap Dir Gr	INF109K011O5	Shree Cement Ltd	Basic Materials	495.03	1.74	11.01	Mar25	15.51
ICICI Pru Large & Mid Cap Dir Gr	INF109K011O5	Shree Cement Ltd	Basic Materials	495.03	1.74	11.01	Apr25	12.51
ICICI Pru Large & Mid Cap Dir Gr	INF109K011O5	Shree Cement Ltd	Basic Materials	495.03	1.74	11.01	May25	11.15
ICICI Pru Large & Mid Cap Dir Gr	INF109K011O5	Shree Cement Ltd	Basic Materials	495.03	1.74	11.01	June25	10.18
ICICI Pru Large & Mid Cap Dir Gr	INF109K011O5	Shree Cement Ltd	Basic Materials	495.03	1.74	11.01	July25	9.19
ICICI Pru Large & Mid Cap Dir Gr	INF109K011O5	Shree Cement Ltd	Basic Materials	495.03	1.74	11.01	Aug25	8.13
ICICI Pru Large & Mid Cap Dir Gr	INF109K011O5	ICICI Prudential Life Insurance Co Ltd	Financial Services	486.49	1.71	2.98	Oct24	5.55
ICICI Pru Large & Mid Cap Dir Gr	INF109K011O5	ICICI Prudential Life Insurance Co Ltd	Financial Services	486.49	1.71	2.98	Nov24	7.52
ICICI Pru Large & Mid Cap Dir Gr	INF109K011O5	ICICI Prudential Life Insurance Co Ltd	Financial Services	486.49	1.71	2.98	Dec24	3.56
ICICI Pru Large & Mid Cap Dir Gr	INF109K011O5	ICICI Prudential Life Insurance Co Ltd	Financial Services	486.49	1.71	2.98	Jan25	5.32
ICICI Pru Large & Mid Cap Dir Gr	INF109K011O5	ICICI Prudential Life Insurance Co Ltd	Financial Services	486.49	1.71	2.98	Feb25	5.59
ICICI Pru Large & Mid Cap Dir Gr	INF109K011O5	ICICI Prudential Life Insurance Co Ltd	Financial Services	486.49	1.71	2.98	Mar25	15.51
ICICI Pru Large & Mid Cap Dir Gr	INF109K011O5	ICICI Prudential Life Insurance Co Ltd	Financial Services	486.49	1.71	2.98	Mar25	15.51
ICICI Pru Large & Mid Cap Dir Gr	INF109K011O5	ICICI Prudential Life Insurance Co Ltd	Financial Services	486.49	1.71	2.98	Apr25	12.51
ICICI Pru Large & Mid Cap Dir Gr	INF109K011O5	ICICI Prudential Life Insurance Co Ltd	Financial Services	486.49	1.71	2.98	May25	11.15
ICICI Pru Large & Mid Cap Dir Gr	INF109K011O5	ICICI Prudential Life Insurance Co Ltd	Financial Services	486.49	1.71	2.98	June25	10.18
ICICI Pru Large & Mid Cap Dir Gr	INF109K011O5	ICICI Prudential Life Insurance Co Ltd	Financial Services	486.49	1.71	2.98	July25	9.19
ICICI Pru Large & Mid Cap Dir Gr	INF109K011O5	ICICI Prudential Life Insurance Co Ltd	Financial Services	486.49	1.71	2.98	Aug25	8.13
ICICI Pru Large & Mid Cap Dir Gr	INF109K011O5	Info Edge (India) Ltd	Communication Services	484.74	1.70	111.52	Oct24	5.55
ICICI Pru Large & Mid Cap Dir Gr	INF109K011O5	Info Edge (India) Ltd	Communication Services	484.74	1.70	111.52	Nov24	7.52
ICICI Pru Large & Mid Cap Dir Gr	INF109K011O5	Info Edge (India) Ltd	Communication Services	484.74	1.70	111.52	Dec24	3.56
ICICI Pru Large & Mid Cap Dir Gr	INF109K011O5	Info Edge (India) Ltd	Communication Services	484.74	1.70	111.52	Jan25	5.32
ICICI Pru Large & Mid Cap Dir Gr	INF109K011O5	Info Edge (India) Ltd	Communication Services	484.74	1.70	111.52	Feb25	5.59
ICICI Pru Large & Mid Cap Dir Gr	INF109K011O5	Info Edge (India) Ltd	Communication Services	484.74	1.70	111.52	Mar25	15.51
ICICI Pru Large & Mid Cap Dir Gr	INF109K011O5	Info Edge (India) Ltd	Communication Services	484.74	1.70	111.52	Mar25	15.51
ICICI Pru Large & Mid Cap Dir Gr	INF109K011O5	Info Edge (India) Ltd	Communication Services	484.74	1.70	111.52	Apr25	12.51
ICICI Pru Large & Mid Cap Dir Gr	INF109K011O5	Info Edge (India) Ltd	Communication Services	484.74	1.70	111.52	May25	11.15
ICICI Pru Large & Mid Cap Dir Gr	INF109K011O5	Info Edge (India) Ltd	Communication Services	484.74	1.70	111.52	June25	10.18
ICICI Pru Large & Mid Cap Dir Gr	INF109K011O5	Info Edge (India) Ltd	Communication Services	484.74	1.70	111.52	July25	9.19
ICICI Pru Large & Mid Cap Dir Gr	INF109K011O5	Info Edge (India) Ltd	Communication Services	484.74	1.70	111.52	Aug25	8.13
ICICI Pru Large & Mid Cap Dir Gr	INF109K011O5	Larsen & Toubro Ltd	Industrials	471.09	1.65	-19.25	Oct24	5.55
ICICI Pru Large & Mid Cap Dir Gr	INF109K011O5	Larsen & Toubro Ltd	Industrials	471.09	1.65	-19.25	Nov24	7.52
ICICI Pru Large & Mid Cap Dir Gr	INF109K011O5	Larsen & Toubro Ltd	Industrials	471.09	1.65	-19.25	Dec24	3.56
ICICI Pru Large & Mid Cap Dir Gr	INF109K011O5	Larsen & Toubro Ltd	Industrials	471.09	1.65	-19.25	Jan25	5.32
ICICI Pru Large & Mid Cap Dir Gr	INF109K011O5	Larsen & Toubro Ltd	Industrials	471.09	1.65	-19.25	Feb25	5.59
ICICI Pru Large & Mid Cap Dir Gr	INF109K011O5	Larsen & Toubro Ltd	Industrials	471.09	1.65	-19.25	Mar25	15.51
ICICI Pru Large & Mid Cap Dir Gr	INF109K011O5	Larsen & Toubro Ltd	Industrials	471.09	1.65	-19.25	Mar25	15.51
ICICI Pru Large & Mid Cap Dir Gr	INF109K011O5	Larsen & Toubro Ltd	Industrials	471.09	1.65	-19.25	Apr25	12.51
ICICI Pru Large & Mid Cap Dir Gr	INF109K011O5	Larsen & Toubro Ltd	Industrials	471.09	1.65	-19.25	May25	11.15
ICICI Pru Large & Mid Cap Dir Gr	INF109K011O5	Larsen & Toubro Ltd	Industrials	471.09	1.65	-19.25	June25	10.18
ICICI Pru Large & Mid Cap Dir Gr	INF109K011O5	Larsen & Toubro Ltd	Industrials	471.09	1.65	-19.25	July25	9.19
ICICI Pru Large & Mid Cap Dir Gr	INF109K011O5	Larsen & Toubro Ltd	Industrials	471.09	1.65	-19.25	Aug25	8.13
ICICI Pru Large & Mid Cap Dir Gr	INF109K011O5	AIA Engineering Ltd	Industrials	443.04	1.55	0.00	Oct24	5.55
ICICI Pru Large & Mid Cap Dir Gr	INF109K011O5	AIA Engineering Ltd	Industrials	443.04	1.55	0.00	Nov24	7.52
ICICI Pru Large & Mid Cap Dir Gr	INF109K011O5	AIA Engineering Ltd	Industrials	443.04	1.55	0.00	Dec24	3.56
ICICI Pru Large & Mid Cap Dir Gr	INF109K011O5	AIA Engineering Ltd	Industrials	443.04	1.55	0.00	Jan25	5.32
ICICI Pru Large & Mid Cap Dir Gr	INF109K011O5	AIA Engineering Ltd	Industrials	443.04	1.55	0.00	Feb25	5.59
ICICI Pru Large & Mid Cap Dir Gr	INF109K011O5	AIA Engineering Ltd	Industrials	443.04	1.55	0.00	Mar25	15.51
ICICI Pru Large & Mid Cap Dir Gr	INF109K011O5	AIA Engineering Ltd	Industrials	443.04	1.55	0.00	Mar25	15.51
ICICI Pru Large & Mid Cap Dir Gr	INF109K011O5	AIA Engineering Ltd	Industrials	443.04	1.55	0.00	Apr25	12.51
ICICI Pru Large & Mid Cap Dir Gr	INF109K011O5	AIA Engineering Ltd	Industrials	443.04	1.55	0.00	May25	11.15
ICICI Pru Large & Mid Cap Dir Gr	INF109K011O5	AIA Engineering Ltd	Industrials	443.04	1.55	0.00	June25	10.18
ICICI Pru Large & Mid Cap Dir Gr	INF109K011O5	AIA Engineering Ltd	Industrials	443.04	1.55	0.00	July25	9.19
ICICI Pru Large & Mid Cap Dir Gr	INF109K011O5	AIA Engineering Ltd	Industrials	443.04	1.55	0.00	Aug25	8.13
ICICI Pru Large & Mid Cap Dir Gr	INF109K011O5	Reliance Industries Ltd	Energy	439.68	1.54	-13.68	Oct24	5.55
ICICI Pru Large & Mid Cap Dir Gr	INF109K011O5	Reliance Industries Ltd	Energy	439.68	1.54	-13.68	Nov24	7.52
ICICI Pru Large & Mid Cap Dir Gr	INF109K011O5	Reliance Industries Ltd	Energy	439.68	1.54	-13.68	Dec24	3.56
ICICI Pru Large & Mid Cap Dir Gr	INF109K011O5	Reliance Industries Ltd	Energy	439.68	1.54	-13.68	Jan25	5.32
ICICI Pru Large & Mid Cap Dir Gr	INF109K011O5	Reliance Industries Ltd	Energy	439.68	1.54	-13.68	Feb25	5.59
ICICI Pru Large & Mid Cap Dir Gr	INF109K011O5	Reliance Industries Ltd	Energy	439.68	1.54	-13.68	Mar25	15.51
ICICI Pru Large & Mid Cap Dir Gr	INF109K011O5	Reliance Industries Ltd	Energy	439.68	1.54	-13.68	Mar25	15.51
ICICI Pru Large & Mid Cap Dir Gr	INF109K011O5	Reliance Industries Ltd	Energy	439.68	1.54	-13.68	Apr25	12.51
ICICI Pru Large & Mid Cap Dir Gr	INF109K011O5	Reliance Industries Ltd	Energy	439.68	1.54	-13.68	May25	11.15
ICICI Pru Large & Mid Cap Dir Gr	INF109K011O5	Reliance Industries Ltd	Energy	439.68	1.54	-13.68	June25	10.18
ICICI Pru Large & Mid Cap Dir Gr	INF109K011O5	Reliance Industries Ltd	Energy	439.68	1.54	-13.68	July25	9.19
ICICI Pru Large & Mid Cap Dir Gr	INF109K011O5	Reliance Industries Ltd	Energy	439.68	1.54	-13.68	Aug25	8.13
ICICI Pru Large & Mid Cap Dir Gr	INF109K011O5	Jubilant Foodworks Ltd	Consumer Cyclical	398.30	1.40	8.36	Oct24	5.55
ICICI Pru Large & Mid Cap Dir Gr	INF109K011O5	Jubilant Foodworks Ltd	Consumer Cyclical	398.30	1.40	8.36	Nov24	7.52
ICICI Pru Large & Mid Cap Dir Gr	INF109K011O5	Jubilant Foodworks Ltd	Consumer Cyclical	398.30	1.40	8.36	Dec24	3.56
ICICI Pru Large & Mid Cap Dir Gr	INF109K011O5	Jubilant Foodworks Ltd	Consumer Cyclical	398.30	1.40	8.36	Jan25	5.32
ICICI Pru Large & Mid Cap Dir Gr	INF109K011O5	Jubilant Foodworks Ltd	Consumer Cyclical	398.30	1.40	8.36	Feb25	5.59
ICICI Pru Large & Mid Cap Dir Gr	INF109K011O5	Jubilant Foodworks Ltd	Consumer Cyclical	398.30	1.40	8.36	Mar25	15.51
ICICI Pru Large & Mid Cap Dir Gr	INF109K011O5	Jubilant Foodworks Ltd	Consumer Cyclical	398.30	1.40	8.36	Mar25	15.51
ICICI Pru Large & Mid Cap Dir Gr	INF109K011O5	Jubilant Foodworks Ltd	Consumer Cyclical	398.30	1.40	8.36	Apr25	12.51
ICICI Pru Large & Mid Cap Dir Gr	INF109K011O5	Jubilant Foodworks Ltd	Consumer Cyclical	398.30	1.40	8.36	May25	11.15
ICICI Pru Large & Mid Cap Dir Gr	INF109K011O5	Jubilant Foodworks Ltd	Consumer Cyclical	398.30	1.40	8.36	June25	10.18
ICICI Pru Large & Mid Cap Dir Gr	INF109K011O5	Jubilant Foodworks Ltd	Consumer Cyclical	398.30	1.40	8.36	July25	9.19
ICICI Pru Large & Mid Cap Dir Gr	INF109K011O5	Jubilant Foodworks Ltd	Consumer Cyclical	398.30	1.40	8.36	Aug25	8.13
ICICI Pru Large & Mid Cap Dir Gr	INF109K011O5	Tata Motors Ltd	Consumer Cyclical	368.61	1.29	-17.05	Oct24	5.55
ICICI Pru Large & Mid Cap Dir Gr	INF109K011O5	Tata Motors Ltd	Consumer Cyclical	368.61	1.29	-17.05	Nov24	7.52
ICICI Pru Large & Mid Cap Dir Gr	INF109K011O5	Tata Motors Ltd	Consumer Cyclical	368.61	1.29	-17.05	Dec24	3.56
ICICI Pru Large & Mid Cap Dir Gr	INF109K011O5	Tata Motors Ltd	Consumer Cyclical	368.61	1.29	-17.05	Jan25	5.32
ICICI Pru Large & Mid Cap Dir Gr	INF109K011O5	Tata Motors Ltd	Consumer Cyclical	368.61	1.29	-17.05	Feb25	5.59
ICICI Pru Large & Mid Cap Dir Gr	INF109K011O5	Tata Motors Ltd	Consumer Cyclical	368.61	1.29	-17.05	Mar25	15.51
ICICI Pru Large & Mid Cap Dir Gr	INF109K011O5	Tata Motors Ltd	Consumer Cyclical	368.61	1.29	-17.05	Mar25	15.51
ICICI Pru Large & Mid Cap Dir Gr	INF109K011O5	Tata Motors Ltd	Consumer Cyclical	368.61	1.29	-17.05	Apr25	12.51
ICICI Pru Large & Mid Cap Dir Gr	INF109K011O5	Tata Motors Ltd	Consumer Cyclical	368.61	1.29	-17.05	May25	11.15
ICICI Pru Large & Mid Cap Dir Gr	INF109K011O5	Tata Motors Ltd	Consumer Cyclical	368.61	1.29	-17.05	June25	10.18
ICICI Pru Large & Mid Cap Dir Gr	INF109K011O5	Tata Motors Ltd	Consumer Cyclical	368.61	1.29	-17.05	July25	9.19
ICICI Pru Large & Mid Cap Dir Gr	INF109K011O5	Tata Motors Ltd	Consumer Cyclical	368.61	1.29	-17.05	Aug25	8.13
ICICI Pru Large & Mid Cap Dir Gr	INF109K011O5	Sun Pharmaceuticals Industries Ltd	Healthcare	341.61	1.20	0.00	Oct24	5.55
ICICI Pru Large & Mid Cap Dir Gr	INF109K011O5	Sun Pharmaceuticals Industries Ltd	Healthcare	341.61	1.20	0.00	Nov24	7.52
ICICI Pru Large & Mid Cap Dir Gr	INF109K011O5	Sun Pharmaceuticals Industries Ltd	Healthcare	341.61	1.20	0.00	Dec24	3.56
ICICI Pru Large & Mid Cap Dir Gr	INF109K011O5	Sun Pharmaceuticals Industries Ltd	Healthcare	341.61	1.20	0.00	Jan25	5.32
ICICI Pru Large & Mid Cap Dir Gr	INF109K011O5	Sun Pharmaceuticals Industries Ltd	Healthcare	341.61	1.20	0.00	Feb25	5.59
ICICI Pru Large & Mid Cap Dir Gr	INF109K011O5	Sun Pharmaceuticals Industries Ltd	Healthcare	341.61	1.20	0.00	Mar25	15.51
ICICI Pru Large & Mid Cap Dir Gr	INF109K011O5	Sun Pharmaceuticals Industries Ltd	Healthcare	341.61	1.20	0.00	Mar25	15.51
ICICI Pru Large & Mid Cap Dir Gr	INF109K011O5	Sun Pharmaceuticals Industries Ltd	Healthcare	341.61	1.20	0.00	Apr25	12.51
ICICI Pru Large & Mid Cap Dir Gr	INF109K011O5	Sun Pharmaceuticals Industries Ltd	Healthcare	341.61	1.20	0.00	May25	11.15
ICICI Pru Large & Mid Cap Dir Gr	INF109K011O5	Sun Pharmaceuticals Industries Ltd	Healthcare	341.61	1.20	0.00	June25	10.18
ICICI Pru Large & Mid Cap Dir Gr	INF109K011O5	Sun Pharmaceuticals Industries Ltd	Healthcare	341.61	1.20	0.00	July25	9.19
ICICI Pru Large & Mid Cap Dir Gr	INF109K011O5	Sun Pharmaceuticals Industries Ltd	Healthcare	341.61	1.20	0.00	Aug25	8.13
ICICI Pru Large & Mid Cap Dir Gr	INF109K011O5	Indian Railway Catering And Tourism Corp Ltd	Consumer Cyclical	340.75	1.20	34.80	Oct24	5.55
ICICI Pru Large & Mid Cap Dir Gr	INF109K011O5	Indian Railway Catering And Tourism Corp Ltd	Consumer Cyclical	340.75	1.20	34.80	Nov24	7.52
ICICI Pru Large & Mid Cap Dir Gr	INF109K011O5	Indian Railway Catering And Tourism Corp Ltd	Consumer Cyclical	340.75	1.20	34.80	Dec24	3.56
ICICI Pru Large & Mid Cap Dir Gr	INF109K011O5	Indian Railway Catering And Tourism Corp Ltd	Consumer Cyclical	340.75	1.20	34.80	Jan25	5.32
ICICI Pru Large & Mid Cap Dir Gr	INF109K011O5	Indian Railway Catering And Tourism Corp Ltd	Consumer Cyclical	340.75	1.20	34.80	Feb25	5.59
ICICI Pru Large & Mid Cap Dir Gr	INF109K011O5	Indian Railway Catering And Tourism Corp Ltd	Consumer Cyclical	340.75	1.20	34.80	Mar25	15.51
ICICI Pru Large & Mid Cap Dir Gr	INF109K011O5	Indian Railway Catering And Tourism Corp Ltd	Consumer Cyclical	340.75	1.20	34.80	Mar25	15.51
ICICI Pru Large & Mid Cap Dir Gr	INF109K011O5	Indian Railway Catering And Tourism Corp Ltd	Consumer Cyclical	340.75	1.20	34.80	Apr25	12.51
ICICI Pru Large & Mid Cap Dir Gr	INF109K011O5	Indian Railway Catering And Tourism Corp Ltd	Consumer Cyclical	340.75	1.20	34.80	May25	11.15
ICICI Pru Large & Mid Cap Dir Gr	INF109K011O5	Indian Railway Catering And Tourism Corp Ltd	Consumer Cyclical	340.75	1.20	34.80	June25	10.18
ICICI Pru Large & Mid Cap Dir Gr	INF109K011O5	Indian Railway Catering And Tourism Corp Ltd	Consumer Cyclical	340.75	1.20	34.80	July25	9.19
ICICI Pru Large & Mid Cap Dir Gr	INF109K011O5	Indian Railway Catering And Tourism Corp Ltd	Consumer Cyclical	340.75	1.20	34.80	Aug25	8.13
ICICI Pru Large & Mid Cap Dir Gr	INF109K011O5	Bharat Forge Ltd	Consumer Cyclical	332.81	1.17	-44.78	Oct24	5.55
ICICI Pru Large & Mid Cap Dir Gr	INF109K011O5	Bharat Forge Ltd	Consumer Cyclical	332.81	1.17	-44.78	Nov24	7.52
ICICI Pru Large & Mid Cap Dir Gr	INF109K011O5	Bharat Forge Ltd	Consumer Cyclical	332.81	1.17	-44.78	Dec24	3.56
ICICI Pru Large & Mid Cap Dir Gr	INF109K011O5	Bharat Forge Ltd	Consumer Cyclical	332.81	1.17	-44.78	Jan25	5.32
ICICI Pru Large & Mid Cap Dir Gr	INF109K011O5	Bharat Forge Ltd	Consumer Cyclical	332.81	1.17	-44.78	Feb25	5.59
ICICI Pru Large & Mid Cap Dir Gr	INF109K011O5	Bharat Forge Ltd	Consumer Cyclical	332.81	1.17	-44.78	Mar25	15.51
ICICI Pru Large & Mid Cap Dir Gr	INF109K011O5	Bharat Forge Ltd	Consumer Cyclical	332.81	1.17	-44.78	Mar25	15.51
ICICI Pru Large & Mid Cap Dir Gr	INF109K011O5	Bharat Forge Ltd	Consumer Cyclical	332.81	1.17	-44.78	Apr25	12.51
ICICI Pru Large & Mid Cap Dir Gr	INF109K011O5	Bharat Forge Ltd	Consumer Cyclical	332.81	1.17	-44.78	May25	11.15
ICICI Pru Large & Mid Cap Dir Gr	INF109K011O5	Bharat Forge Ltd	Consumer Cyclical	332.81	1.17	-44.78	June25	10.18
ICICI Pru Large & Mid Cap Dir Gr	INF109K011O5	Bharat Forge Ltd	Consumer Cyclical	332.81	1.17	-44.78	July25	9.19
ICICI Pru Large & Mid Cap Dir Gr	INF109K011O5	Bharat Forge Ltd	Consumer Cyclical	332.81	1.17	-44.78	Aug25	8.13
ICICI Pru Large & Mid Cap Dir Gr	INF109K011O5	Bajaj Auto Ltd	Consumer Cyclical	323.06	1.13	18.25	Oct24	5.55
ICICI Pru Large & Mid Cap Dir Gr	INF109K011O5	Bajaj Auto Ltd	Consumer Cyclical	323.06	1.13	18.25	Nov24	7.52
ICICI Pru Large & Mid Cap Dir Gr	INF109K011O5	Bajaj Auto Ltd	Consumer Cyclical	323.06	1.13	18.25	Dec24	3.56
ICICI Pru Large & Mid Cap Dir Gr	INF109K011O5	Bajaj Auto Ltd	Consumer Cyclical	323.06	1.13	18.25	Jan25	5.32
ICICI Pru Large & Mid Cap Dir Gr	INF109K011O5	Bajaj Auto Ltd	Consumer Cyclical	323.06	1.13	18.25	Feb25	5.59
ICICI Pru Large & Mid Cap Dir Gr	INF109K011O5	Bajaj Auto Ltd	Consumer Cyclical	323.06	1.13	18.25	Mar25	15.51
ICICI Pru Large & Mid Cap Dir Gr	INF109K011O5	Bajaj Auto Ltd	Consumer Cyclical	323.06	1.13	18.25	Mar25	15.51
ICICI Pru Large & Mid Cap Dir Gr	INF109K011O5	Bajaj Auto Ltd	Consumer Cyclical	323.06	1.13	18.25	Apr25	12.51
ICICI Pru Large & Mid Cap Dir Gr	INF109K011O5	Bajaj Auto Ltd	Consumer Cyclical	323.06	1.13	18.25	May25	11.15
ICICI Pru Large & Mid Cap Dir Gr	INF109K011O5	Bajaj Auto Ltd	Consumer Cyclical	323.06	1.13	18.25	June25	10.18
ICICI Pru Large & Mid Cap Dir Gr	INF109K011O5	Bajaj Auto Ltd	Consumer Cyclical	323.06	1.13	18.25	July25	9.19
ICICI Pru Large & Mid Cap Dir Gr	INF109K011O5	Bajaj Auto Ltd	Consumer Cyclical	323.06	1.13	18.25	Aug25	8.13
ICICI Pru Large & Mid Cap Dir Gr	INF109K011O5	HDB Financial Services Ltd	Financial Services	313.81	1.10	37.55	Oct24	5.55
ICICI Pru Large & Mid Cap Dir Gr	INF109K011O5	HDB Financial Services Ltd	Financial Services	313.81	1.10	37.55	Nov24	7.52
ICICI Pru Large & Mid Cap Dir Gr	INF109K011O5	HDB Financial Services Ltd	Financial Services	313.81	1.10	37.55	Dec24	3.56
ICICI Pru Large & Mid Cap Dir Gr	INF109K011O5	HDB Financial Services Ltd	Financial Services	313.81	1.10	37.55	Jan25	5.32
ICICI Pru Large & Mid Cap Dir Gr	INF109K011O5	HDB Financial Services Ltd	Financial Services	313.81	1.10	37.55	Feb25	5.59
ICICI Pru Large & Mid Cap Dir Gr	INF109K011O5	HDB Financial Services Ltd	Financial Services	313.81	1.10	37.55	Mar25	15.51
ICICI Pru Large & Mid Cap Dir Gr	INF109K011O5	HDB Financial Services Ltd	Financial Services	313.81	1.10	37.55	Mar25	15.51
ICICI Pru Large & Mid Cap Dir Gr	INF109K011O5	HDB Financial Services Ltd	Financial Services	313.81	1.10	37.55	Apr25	12.51
ICICI Pru Large & Mid Cap Dir Gr	INF109K011O5	HDB Financial Services Ltd	Financial Services	313.81	1.10	37.55	May25	11.15
ICICI Pru Large & Mid Cap Dir Gr	INF109K011O5	HDB Financial Services Ltd	Financial Services	313.81	1.10	37.55	June25	10.18
ICICI Pru Large & Mid Cap Dir Gr	INF109K011O5	HDB Financial Services Ltd	Financial Services	313.81	1.10	37.55	July25	9.19
ICICI Pru Large & Mid Cap Dir Gr	INF109K011O5	HDB Financial Services Ltd	Financial Services	313.81	1.10	37.55	Aug25	8.13
ICICI Pru Large & Mid Cap Dir Gr	INF109K011O5	NTPC Ltd	Utilities	310.93	1.09	0.00	Oct24	5.55
ICICI Pru Large & Mid Cap Dir Gr	INF109K011O5	NTPC Ltd	Utilities	310.93	1.09	0.00	Nov24	7.52
ICICI Pru Large & Mid Cap Dir Gr	INF109K011O5	NTPC Ltd	Utilities	310.93	1.09	0.00	Dec24	3.56
ICICI Pru Large & Mid Cap Dir Gr	INF109K011O5	NTPC Ltd	Utilities	310.93	1.09	0.00	Jan25	5.32
ICICI Pru Large & Mid Cap Dir Gr	INF109K011O5	NTPC Ltd	Utilities	310.93	1.09	0.00	Feb25	5.59
ICICI Pru Large & Mid Cap Dir Gr	INF109K011O5	NTPC Ltd	Utilities	310.93	1.09	0.00	Mar25	15.51
ICICI Pru Large & Mid Cap Dir Gr	INF109K011O5	NTPC Ltd	Utilities	310.93	1.09	0.00	Mar25	15.51
ICICI Pru Large & Mid Cap Dir Gr	INF109K011O5	NTPC Ltd	Utilities	310.93	1.09	0.00	Apr25	12.51
ICICI Pru Large & Mid Cap Dir Gr	INF109K011O5	NTPC Ltd	Utilities	310.93	1.09	0.00	May25	11.15
ICICI Pru Large & Mid Cap Dir Gr	INF109K011O5	NTPC Ltd	Utilities	310.93	1.09	0.00	June25	10.18
ICICI Pru Large & Mid Cap Dir Gr	INF109K011O5	NTPC Ltd	Utilities	310.93	1.09	0.00	July25	9.19
ICICI Pru Large & Mid Cap Dir Gr	INF109K011O5	NTPC Ltd	Utilities	310.93	1.09	0.00	Aug25	8.13
ICICI Pru Large & Mid Cap Dir Gr	INF109K011O5	Tata Consultancy Services Ltd	Technology	306.78	1.08	0.00	Oct24	5.55
ICICI Pru Large & Mid Cap Dir Gr	INF109K011O5	Tata Consultancy Services Ltd	Technology	306.78	1.08	0.00	Nov24	7.52
ICICI Pru Large & Mid Cap Dir Gr	INF109K011O5	Tata Consultancy Services Ltd	Technology	306.78	1.08	0.00	Dec24	3.56
ICICI Pru Large & Mid Cap Dir Gr	INF109K011O5	Tata Consultancy Services Ltd	Technology	306.78	1.08	0.00	Jan25	5.32
ICICI Pru Large & Mid Cap Dir Gr	INF109K011O5	Tata Consultancy Services Ltd	Technology	306.78	1.08	0.00	Feb25	5.59
ICICI Pru Large & Mid Cap Dir Gr	INF109K011O5	Tata Consultancy Services Ltd	Technology	306.78	1.08	0.00	Mar25	15.51
ICICI Pru Large & Mid Cap Dir Gr	INF109K011O5	Tata Consultancy Services Ltd	Technology	306.78	1.08	0.00	Mar25	15.51
ICICI Pru Large & Mid Cap Dir Gr	INF109K011O5	Tata Consultancy Services Ltd	Technology	306.78	1.08	0.00	Apr25	12.51
ICICI Pru Large & Mid Cap Dir Gr	INF109K011O5	Tata Consultancy Services Ltd	Technology	306.78	1.08	0.00	May25	11.15
ICICI Pru Large & Mid Cap Dir Gr	INF109K011O5	Tata Consultancy Services Ltd	Technology	306.78	1.08	0.00	June25	10.18
ICICI Pru Large & Mid Cap Dir Gr	INF109K011O5	Tata Consultancy Services Ltd	Technology	306.78	1.08	0.00	July25	9.19
ICICI Pru Large & Mid Cap Dir Gr	INF109K011O5	Tata Consultancy Services Ltd	Technology	306.78	1.08	0.00	Aug25	8.13
ICICI Pru Large & Mid Cap Dir Gr	INF109K011O5	ITC Ltd	Consumer Defensive	279.10	0.98	-15.24	Oct24	5.55
ICICI Pru Large & Mid Cap Dir Gr	INF109K011O5	ITC Ltd	Consumer Defensive	279.10	0.98	-15.24	Nov24	7.52
ICICI Pru Large & Mid Cap Dir Gr	INF109K011O5	ITC Ltd	Consumer Defensive	279.10	0.98	-15.24	Dec24	3.56
ICICI Pru Large & Mid Cap Dir Gr	INF109K011O5	ITC Ltd	Consumer Defensive	279.10	0.98	-15.24	Jan25	5.32
ICICI Pru Large & Mid Cap Dir Gr	INF109K011O5	ITC Ltd	Consumer Defensive	279.10	0.98	-15.24	Feb25	5.59
ICICI Pru Large & Mid Cap Dir Gr	INF109K011O5	ITC Ltd	Consumer Defensive	279.10	0.98	-15.24	Mar25	15.51
ICICI Pru Large & Mid Cap Dir Gr	INF109K011O5	ITC Ltd	Consumer Defensive	279.10	0.98	-15.24	Mar25	15.51
ICICI Pru Large & Mid Cap Dir Gr	INF109K011O5	ITC Ltd	Consumer Defensive	279.10	0.98	-15.24	Apr25	12.51
ICICI Pru Large & Mid Cap Dir Gr	INF109K011O5	ITC Ltd	Consumer Defensive	279.10	0.98	-15.24	May25	11.15
ICICI Pru Large & Mid Cap Dir Gr	INF109K011O5	ITC Ltd	Consumer Defensive	279.10	0.98	-15.24	June25	10.18
ICICI Pru Large & Mid Cap Dir Gr	INF109K011O5	ITC Ltd	Consumer Defensive	279.10	0.98	-15.24	July25	9.19
ICICI Pru Large & Mid Cap Dir Gr	INF109K011O5	ITC Ltd	Consumer Defensive	279.10	0.98	-15.24	Aug25	8.13
ICICI Pru Large & Mid Cap Dir Gr	INF109K011O5	Rainbow Childrens Medicare Ltd	Healthcare	267.94	0.94	15.07	Oct24	5.55
ICICI Pru Large & Mid Cap Dir Gr	INF109K011O5	Rainbow Childrens Medicare Ltd	Healthcare	267.94	0.94	15.07	Nov24	7.52
ICICI Pru Large & Mid Cap Dir Gr	INF109K011O5	Rainbow Childrens Medicare Ltd	Healthcare	267.94	0.94	15.07	Dec24	3.56
ICICI Pru Large & Mid Cap Dir Gr	INF109K011O5	Rainbow Childrens Medicare Ltd	Healthcare	267.94	0.94	15.07	Jan25	5.32
ICICI Pru Large & Mid Cap Dir Gr	INF109K011O5	Rainbow Childrens Medicare Ltd	Healthcare	267.94	0.94	15.07	Feb25	5.59
ICICI Pru Large & Mid Cap Dir Gr	INF109K011O5	Rainbow Childrens Medicare Ltd	Healthcare	267.94	0.94	15.07	Mar25	15.51
ICICI Pru Large & Mid Cap Dir Gr	INF109K011O5	Rainbow Childrens Medicare Ltd	Healthcare	267.94	0.94	15.07	Mar25	15.51
ICICI Pru Large & Mid Cap Dir Gr	INF109K011O5	Rainbow Childrens Medicare Ltd	Healthcare	267.94	0.94	15.07	Apr25	12.51
ICICI Pru Large & Mid Cap Dir Gr	INF109K011O5	Rainbow Childrens Medicare Ltd	Healthcare	267.94	0.94	15.07	May25	11.15
ICICI Pru Large & Mid Cap Dir Gr	INF109K011O5	Rainbow Childrens Medicare Ltd	Healthcare	267.94	0.94	15.07	June25	10.18
ICICI Pru Large & Mid Cap Dir Gr	INF109K011O5	Rainbow Childrens Medicare Ltd	Healthcare	267.94	0.94	15.07	July25	9.19
ICICI Pru Large & Mid Cap Dir Gr	INF109K011O5	Rainbow Childrens Medicare Ltd	Healthcare	267.94	0.94	15.07	Aug25	8.13
ICICI Pru Large & Mid Cap Dir Gr	INF109K011O5	Tata Motors Passenger Vehicles Ltd	Consumer Cyclical	261.63	0.92	0.00	Oct24	5.55
ICICI Pru Large & Mid Cap Dir Gr	INF109K011O5	Tata Motors Passenger Vehicles Ltd	Consumer Cyclical	261.63	0.92	0.00	Nov24	7.52
ICICI Pru Large & Mid Cap Dir Gr	INF109K011O5	Tata Motors Passenger Vehicles Ltd	Consumer Cyclical	261.63	0.92	0.00	Dec24	3.56
ICICI Pru Large & Mid Cap Dir Gr	INF109K011O5	Tata Motors Passenger Vehicles Ltd	Consumer Cyclical	261.63	0.92	0.00	Jan25	5.32
ICICI Pru Large & Mid Cap Dir Gr	INF109K011O5	Tata Motors Passenger Vehicles Ltd	Consumer Cyclical	261.63	0.92	0.00	Feb25	5.59
ICICI Pru Large & Mid Cap Dir Gr	INF109K011O5	Tata Motors Passenger Vehicles Ltd	Consumer Cyclical	261.63	0.92	0.00	Mar25	15.51
ICICI Pru Large & Mid Cap Dir Gr	INF109K011O5	Tata Motors Passenger Vehicles Ltd	Consumer Cyclical	261.63	0.92	0.00	Mar25	15.51
ICICI Pru Large & Mid Cap Dir Gr	INF109K011O5	Tata Motors Passenger Vehicles Ltd	Consumer Cyclical	261.63	0.92	0.00	Apr25	12.51
ICICI Pru Large & Mid Cap Dir Gr	INF109K011O5	Tata Motors Passenger Vehicles Ltd	Consumer Cyclical	261.63	0.92	0.00	May25	11.15
ICICI Pru Large & Mid Cap Dir Gr	INF109K011O5	Tata Motors Passenger Vehicles Ltd	Consumer Cyclical	261.63	0.92	0.00	June25	10.18
ICICI Pru Large & Mid Cap Dir Gr	INF109K011O5	Tata Motors Passenger Vehicles Ltd	Consumer Cyclical	261.63	0.92	0.00	July25	9.19
ICICI Pru Large & Mid Cap Dir Gr	INF109K011O5	Tata Motors Passenger Vehicles Ltd	Consumer Cyclical	261.63	0.92	0.00	Aug25	8.13
ICICI Pru Large & Mid Cap Dir Gr	INF109K011O5	Vedanta Ltd	Basic Materials	259.81	0.91	-32.92	Oct24	5.55
ICICI Pru Large & Mid Cap Dir Gr	INF109K011O5	Vedanta Ltd	Basic Materials	259.81	0.91	-32.92	Nov24	7.52
ICICI Pru Large & Mid Cap Dir Gr	INF109K011O5	Vedanta Ltd	Basic Materials	259.81	0.91	-32.92	Dec24	3.56
ICICI Pru Large & Mid Cap Dir Gr	INF109K011O5	Vedanta Ltd	Basic Materials	259.81	0.91	-32.92	Jan25	5.32
ICICI Pru Large & Mid Cap Dir Gr	INF109K011O5	Vedanta Ltd	Basic Materials	259.81	0.91	-32.92	Feb25	5.59
ICICI Pru Large & Mid Cap Dir Gr	INF109K011O5	Vedanta Ltd	Basic Materials	259.81	0.91	-32.92	Mar25	15.51
ICICI Pru Large & Mid Cap Dir Gr	INF109K011O5	Vedanta Ltd	Basic Materials	259.81	0.91	-32.92	Mar25	15.51
ICICI Pru Large & Mid Cap Dir Gr	INF109K011O5	Vedanta Ltd	Basic Materials	259.81	0.91	-32.92	Apr25	12.51
ICICI Pru Large & Mid Cap Dir Gr	INF109K011O5	Vedanta Ltd	Basic Materials	259.81	0.91	-32.92	May25	11.15
ICICI Pru Large & Mid Cap Dir Gr	INF109K011O5	Vedanta Ltd	Basic Materials	259.81	0.91	-32.92	June25	10.18
ICICI Pru Large & Mid Cap Dir Gr	INF109K011O5	Vedanta Ltd	Basic Materials	259.81	0.91	-32.92	July25	9.19
ICICI Pru Large & Mid Cap Dir Gr	INF109K011O5	Vedanta Ltd	Basic Materials	259.81	0.91	-32.92	Aug25	8.13
ICICI Pru Large & Mid Cap Dir Gr	INF109K011O5	Balkrishna Industries Ltd	Consumer Cyclical	247.89	0.87	-14.72	Oct24	5.55
ICICI Pru Large & Mid Cap Dir Gr	INF109K011O5	Balkrishna Industries Ltd	Consumer Cyclical	247.89	0.87	-14.72	Nov24	7.52
ICICI Pru Large & Mid Cap Dir Gr	INF109K011O5	Balkrishna Industries Ltd	Consumer Cyclical	247.89	0.87	-14.72	Dec24	3.56
ICICI Pru Large & Mid Cap Dir Gr	INF109K011O5	Balkrishna Industries Ltd	Consumer Cyclical	247.89	0.87	-14.72	Jan25	5.32
ICICI Pru Large & Mid Cap Dir Gr	INF109K011O5	Balkrishna Industries Ltd	Consumer Cyclical	247.89	0.87	-14.72	Feb25	5.59
ICICI Pru Large & Mid Cap Dir Gr	INF109K011O5	Balkrishna Industries Ltd	Consumer Cyclical	247.89	0.87	-14.72	Mar25	15.51
ICICI Pru Large & Mid Cap Dir Gr	INF109K011O5	Balkrishna Industries Ltd	Consumer Cyclical	247.89	0.87	-14.72	Mar25	15.51
ICICI Pru Large & Mid Cap Dir Gr	INF109K011O5	Balkrishna Industries Ltd	Consumer Cyclical	247.89	0.87	-14.72	Apr25	12.51
ICICI Pru Large & Mid Cap Dir Gr	INF109K011O5	Balkrishna Industries Ltd	Consumer Cyclical	247.89	0.87	-14.72	May25	11.15
ICICI Pru Large & Mid Cap Dir Gr	INF109K011O5	Balkrishna Industries Ltd	Consumer Cyclical	247.89	0.87	-14.72	June25	10.18
ICICI Pru Large & Mid Cap Dir Gr	INF109K011O5	Balkrishna Industries Ltd	Consumer Cyclical	247.89	0.87	-14.72	July25	9.19
ICICI Pru Large & Mid Cap Dir Gr	INF109K011O5	Balkrishna Industries Ltd	Consumer Cyclical	247.89	0.87	-14.72	Aug25	8.13
ICICI Pru Large & Mid Cap Dir Gr	INF109K011O5	Gujarat Gas Ltd	Utilities	242.01	0.85	0.00	Oct24	5.55
ICICI Pru Large & Mid Cap Dir Gr	INF109K011O5	Gujarat Gas Ltd	Utilities	242.01	0.85	0.00	Nov24	7.52
ICICI Pru Large & Mid Cap Dir Gr	INF109K011O5	Gujarat Gas Ltd	Utilities	242.01	0.85	0.00	Dec24	3.56
ICICI Pru Large & Mid Cap Dir Gr	INF109K011O5	Gujarat Gas Ltd	Utilities	242.01	0.85	0.00	Jan25	5.32
ICICI Pru Large & Mid Cap Dir Gr	INF109K011O5	Gujarat Gas Ltd	Utilities	242.01	0.85	0.00	Feb25	5.59
ICICI Pru Large & Mid Cap Dir Gr	INF109K011O5	Gujarat Gas Ltd	Utilities	242.01	0.85	0.00	Mar25	15.51
ICICI Pru Large & Mid Cap Dir Gr	INF109K011O5	Gujarat Gas Ltd	Utilities	242.01	0.85	0.00	Mar25	15.51
ICICI Pru Large & Mid Cap Dir Gr	INF109K011O5	Gujarat Gas Ltd	Utilities	242.01	0.85	0.00	Apr25	12.51
ICICI Pru Large & Mid Cap Dir Gr	INF109K011O5	Gujarat Gas Ltd	Utilities	242.01	0.85	0.00	May25	11.15
ICICI Pru Large & Mid Cap Dir Gr	INF109K011O5	Gujarat Gas Ltd	Utilities	242.01	0.85	0.00	June25	10.18
ICICI Pru Large & Mid Cap Dir Gr	INF109K011O5	Gujarat Gas Ltd	Utilities	242.01	0.85	0.00	July25	9.19
ICICI Pru Large & Mid Cap Dir Gr	INF109K011O5	Gujarat Gas Ltd	Utilities	242.01	0.85	0.00	Aug25	8.13
ICICI Pru Large & Mid Cap Dir Gr	INF109K011O5	Sun TV Network Ltd	Communication Services	236.12	0.83	-0.90	Oct24	5.55
ICICI Pru Large & Mid Cap Dir Gr	INF109K011O5	Sun TV Network Ltd	Communication Services	236.12	0.83	-0.90	Nov24	7.52
ICICI Pru Large & Mid Cap Dir Gr	INF109K011O5	Sun TV Network Ltd	Communication Services	236.12	0.83	-0.90	Dec24	3.56
ICICI Pru Large & Mid Cap Dir Gr	INF109K011O5	Sun TV Network Ltd	Communication Services	236.12	0.83	-0.90	Jan25	5.32
ICICI Pru Large & Mid Cap Dir Gr	INF109K011O5	Sun TV Network Ltd	Communication Services	236.12	0.83	-0.90	Feb25	5.59
ICICI Pru Large & Mid Cap Dir Gr	INF109K011O5	Sun TV Network Ltd	Communication Services	236.12	0.83	-0.90	Mar25	15.51
ICICI Pru Large & Mid Cap Dir Gr	INF109K011O5	Sun TV Network Ltd	Communication Services	236.12	0.83	-0.90	Mar25	15.51
ICICI Pru Large & Mid Cap Dir Gr	INF109K011O5	Sun TV Network Ltd	Communication Services	236.12	0.83	-0.90	Apr25	12.51
ICICI Pru Large & Mid Cap Dir Gr	INF109K011O5	Sun TV Network Ltd	Communication Services	236.12	0.83	-0.90	May25	11.15
ICICI Pru Large & Mid Cap Dir Gr	INF109K011O5	Sun TV Network Ltd	Communication Services	236.12	0.83	-0.90	June25	10.18
ICICI Pru Large & Mid Cap Dir Gr	INF109K011O5	Sun TV Network Ltd	Communication Services	236.12	0.83	-0.90	July25	9.19
ICICI Pru Large & Mid Cap Dir Gr	INF109K011O5	Sun TV Network Ltd	Communication Services	236.12	0.83	-0.90	Aug25	8.13
ICICI Pru Large & Mid Cap Dir Gr	INF109K011O5	Supreme Industries Ltd	Industrials	234.96	0.82	-16.17	Oct24	5.55
ICICI Pru Large & Mid Cap Dir Gr	INF109K011O5	Supreme Industries Ltd	Industrials	234.96	0.82	-16.17	Nov24	7.52
ICICI Pru Large & Mid Cap Dir Gr	INF109K011O5	Supreme Industries Ltd	Industrials	234.96	0.82	-16.17	Dec24	3.56
ICICI Pru Large & Mid Cap Dir Gr	INF109K011O5	Supreme Industries Ltd	Industrials	234.96	0.82	-16.17	Jan25	5.32
ICICI Pru Large & Mid Cap Dir Gr	INF109K011O5	Supreme Industries Ltd	Industrials	234.96	0.82	-16.17	Feb25	5.59
ICICI Pru Large & Mid Cap Dir Gr	INF109K011O5	Supreme Industries Ltd	Industrials	234.96	0.82	-16.17	Mar25	15.51
ICICI Pru Large & Mid Cap Dir Gr	INF109K011O5	Supreme Industries Ltd	Industrials	234.96	0.82	-16.17	Mar25	15.51
ICICI Pru Large & Mid Cap Dir Gr	INF109K011O5	Supreme Industries Ltd	Industrials	234.96	0.82	-16.17	Apr25	12.51
ICICI Pru Large & Mid Cap Dir Gr	INF109K011O5	Supreme Industries Ltd	Industrials	234.96	0.82	-16.17	May25	11.15
ICICI Pru Large & Mid Cap Dir Gr	INF109K011O5	Supreme Industries Ltd	Industrials	234.96	0.82	-16.17	June25	10.18
ICICI Pru Large & Mid Cap Dir Gr	INF109K011O5	Supreme Industries Ltd	Industrials	234.96	0.82	-16.17	July25	9.19
ICICI Pru Large & Mid Cap Dir Gr	INF109K011O5	Supreme Industries Ltd	Industrials	234.96	0.82	-16.17	Aug25	8.13
ICICI Pru Large & Mid Cap Dir Gr	INF109K011O5	International Gemmological Institute (India) Ltd	Basic Materials	204.28	0.72	61.40	Oct24	5.55
ICICI Pru Large & Mid Cap Dir Gr	INF109K011O5	International Gemmological Institute (India) Ltd	Basic Materials	204.28	0.72	61.40	Nov24	7.52
ICICI Pru Large & Mid Cap Dir Gr	INF109K011O5	International Gemmological Institute (India) Ltd	Basic Materials	204.28	0.72	61.40	Dec24	3.56
ICICI Pru Large & Mid Cap Dir Gr	INF109K011O5	International Gemmological Institute (India) Ltd	Basic Materials	204.28	0.72	61.40	Jan25	5.32
ICICI Pru Large & Mid Cap Dir Gr	INF109K011O5	International Gemmological Institute (India) Ltd	Basic Materials	204.28	0.72	61.40	Feb25	5.59
ICICI Pru Large & Mid Cap Dir Gr	INF109K011O5	International Gemmological Institute (India) Ltd	Basic Materials	204.28	0.72	61.40	Mar25	15.51
ICICI Pru Large & Mid Cap Dir Gr	INF109K011O5	International Gemmological Institute (India) Ltd	Basic Materials	204.28	0.72	61.40	Mar25	15.51
ICICI Pru Large & Mid Cap Dir Gr	INF109K011O5	International Gemmological Institute (India) Ltd	Basic Materials	204.28	0.72	61.40	Apr25	12.51
ICICI Pru Large & Mid Cap Dir Gr	INF109K011O5	International Gemmological Institute (India) Ltd	Basic Materials	204.28	0.72	61.40	May25	11.15
ICICI Pru Large & Mid Cap Dir Gr	INF109K011O5	International Gemmological Institute (India) Ltd	Basic Materials	204.28	0.72	61.40	June25	10.18
ICICI Pru Large & Mid Cap Dir Gr	INF109K011O5	International Gemmological Institute (India) Ltd	Basic Materials	204.28	0.72	61.40	July25	9.19
ICICI Pru Large & Mid Cap Dir Gr	INF109K011O5	International Gemmological Institute (India) Ltd	Basic Materials	204.28	0.72	61.40	Aug25	8.13
ICICI Pru Large & Mid Cap Dir Gr	INF109K011O5	Hindustan Unilever Ltd	Consumer Defensive	201.14	0.71	0.00	Oct24	5.55
ICICI Pru Large & Mid Cap Dir Gr	INF109K011O5	Hindustan Unilever Ltd	Consumer Defensive	201.14	0.71	0.00	Nov24	7.52
ICICI Pru Large & Mid Cap Dir Gr	INF109K011O5	Hindustan Unilever Ltd	Consumer Defensive	201.14	0.71	0.00	Dec24	3.56
ICICI Pru Large & Mid Cap Dir Gr	INF109K011O5	Hindustan Unilever Ltd	Consumer Defensive	201.14	0.71	0.00	Jan25	5.32
ICICI Pru Large & Mid Cap Dir Gr	INF109K011O5	Hindustan Unilever Ltd	Consumer Defensive	201.14	0.71	0.00	Feb25	5.59
ICICI Pru Large & Mid Cap Dir Gr	INF109K011O5	Hindustan Unilever Ltd	Consumer Defensive	201.14	0.71	0.00	Mar25	15.51
ICICI Pru Large & Mid Cap Dir Gr	INF109K011O5	Hindustan Unilever Ltd	Consumer Defensive	201.14	0.71	0.00	Mar25	15.51
ICICI Pru Large & Mid Cap Dir Gr	INF109K011O5	Hindustan Unilever Ltd	Consumer Defensive	201.14	0.71	0.00	Apr25	12.51
ICICI Pru Large & Mid Cap Dir Gr	INF109K011O5	Hindustan Unilever Ltd	Consumer Defensive	201.14	0.71	0.00	May25	11.15
ICICI Pru Large & Mid Cap Dir Gr	INF109K011O5	Hindustan Unilever Ltd	Consumer Defensive	201.14	0.71	0.00	June25	10.18
ICICI Pru Large & Mid Cap Dir Gr	INF109K011O5	Hindustan Unilever Ltd	Consumer Defensive	201.14	0.71	0.00	July25	9.19
ICICI Pru Large & Mid Cap Dir Gr	INF109K011O5	Hindustan Unilever Ltd	Consumer Defensive	201.14	0.71	0.00	Aug25	8.13
ICICI Pru Large & Mid Cap Dir Gr	INF109K011O5	Nestle India Ltd	Consumer Defensive	199.58	0.70	0.00	Oct24	5.55
ICICI Pru Large & Mid Cap Dir Gr	INF109K011O5	Nestle India Ltd	Consumer Defensive	199.58	0.70	0.00	Nov24	7.52
ICICI Pru Large & Mid Cap Dir Gr	INF109K011O5	Nestle India Ltd	Consumer Defensive	199.58	0.70	0.00	Dec24	3.56
ICICI Pru Large & Mid Cap Dir Gr	INF109K011O5	Nestle India Ltd	Consumer Defensive	199.58	0.70	0.00	Jan25	5.32
ICICI Pru Large & Mid Cap Dir Gr	INF109K011O5	Nestle India Ltd	Consumer Defensive	199.58	0.70	0.00	Feb25	5.59
ICICI Pru Large & Mid Cap Dir Gr	INF109K011O5	Nestle India Ltd	Consumer Defensive	199.58	0.70	0.00	Mar25	15.51
ICICI Pru Large & Mid Cap Dir Gr	INF109K011O5	Nestle India Ltd	Consumer Defensive	199.58	0.70	0.00	Mar25	15.51
ICICI Pru Large & Mid Cap Dir Gr	INF109K011O5	Nestle India Ltd	Consumer Defensive	199.58	0.70	0.00	Apr25	12.51
ICICI Pru Large & Mid Cap Dir Gr	INF109K011O5	Nestle India Ltd	Consumer Defensive	199.58	0.70	0.00	May25	11.15
ICICI Pru Large & Mid Cap Dir Gr	INF109K011O5	Nestle India Ltd	Consumer Defensive	199.58	0.70	0.00	June25	10.18
ICICI Pru Large & Mid Cap Dir Gr	INF109K011O5	Nestle India Ltd	Consumer Defensive	199.58	0.70	0.00	July25	9.19
ICICI Pru Large & Mid Cap Dir Gr	INF109K011O5	Nestle India Ltd	Consumer Defensive	199.58	0.70	0.00	Aug25	8.13
ICICI Pru Large & Mid Cap Dir Gr	INF109K011O5	LIC Housing Finance Ltd	Financial Services	194.28	0.68	17.59	Oct24	5.55
ICICI Pru Large & Mid Cap Dir Gr	INF109K011O5	LIC Housing Finance Ltd	Financial Services	194.28	0.68	17.59	Nov24	7.52
ICICI Pru Large & Mid Cap Dir Gr	INF109K011O5	LIC Housing Finance Ltd	Financial Services	194.28	0.68	17.59	Dec24	3.56
ICICI Pru Large & Mid Cap Dir Gr	INF109K011O5	LIC Housing Finance Ltd	Financial Services	194.28	0.68	17.59	Jan25	5.32
ICICI Pru Large & Mid Cap Dir Gr	INF109K011O5	LIC Housing Finance Ltd	Financial Services	194.28	0.68	17.59	Feb25	5.59
ICICI Pru Large & Mid Cap Dir Gr	INF109K011O5	LIC Housing Finance Ltd	Financial Services	194.28	0.68	17.59	Mar25	15.51
ICICI Pru Large & Mid Cap Dir Gr	INF109K011O5	LIC Housing Finance Ltd	Financial Services	194.28	0.68	17.59	Mar25	15.51
ICICI Pru Large & Mid Cap Dir Gr	INF109K011O5	LIC Housing Finance Ltd	Financial Services	194.28	0.68	17.59	Apr25	12.51
ICICI Pru Large & Mid Cap Dir Gr	INF109K011O5	LIC Housing Finance Ltd	Financial Services	194.28	0.68	17.59	May25	11.15
ICICI Pru Large & Mid Cap Dir Gr	INF109K011O5	LIC Housing Finance Ltd	Financial Services	194.28	0.68	17.59	June25	10.18
ICICI Pru Large & Mid Cap Dir Gr	INF109K011O5	LIC Housing Finance Ltd	Financial Services	194.28	0.68	17.59	July25	9.19
ICICI Pru Large & Mid Cap Dir Gr	INF109K011O5	LIC Housing Finance Ltd	Financial Services	194.28	0.68	17.59	Aug25	8.13
ICICI Pru Large & Mid Cap Dir Gr	INF109K011O5	V-Guard Industries Ltd	Industrials	192.99	0.68	0.00	Oct24	5.55
ICICI Pru Large & Mid Cap Dir Gr	INF109K011O5	V-Guard Industries Ltd	Industrials	192.99	0.68	0.00	Nov24	7.52
ICICI Pru Large & Mid Cap Dir Gr	INF109K011O5	V-Guard Industries Ltd	Industrials	192.99	0.68	0.00	Dec24	3.56
ICICI Pru Large & Mid Cap Dir Gr	INF109K011O5	V-Guard Industries Ltd	Industrials	192.99	0.68	0.00	Jan25	5.32
ICICI Pru Large & Mid Cap Dir Gr	INF109K011O5	V-Guard Industries Ltd	Industrials	192.99	0.68	0.00	Feb25	5.59
ICICI Pru Large & Mid Cap Dir Gr	INF109K011O5	V-Guard Industries Ltd	Industrials	192.99	0.68	0.00	Mar25	15.51
ICICI Pru Large & Mid Cap Dir Gr	INF109K011O5	V-Guard Industries Ltd	Industrials	192.99	0.68	0.00	Mar25	15.51
ICICI Pru Large & Mid Cap Dir Gr	INF109K011O5	V-Guard Industries Ltd	Industrials	192.99	0.68	0.00	Apr25	12.51
ICICI Pru Large & Mid Cap Dir Gr	INF109K011O5	V-Guard Industries Ltd	Industrials	192.99	0.68	0.00	May25	11.15
ICICI Pru Large & Mid Cap Dir Gr	INF109K011O5	V-Guard Industries Ltd	Industrials	192.99	0.68	0.00	June25	10.18
ICICI Pru Large & Mid Cap Dir Gr	INF109K011O5	V-Guard Industries Ltd	Industrials	192.99	0.68	0.00	July25	9.19
ICICI Pru Large & Mid Cap Dir Gr	INF109K011O5	V-Guard Industries Ltd	Industrials	192.99	0.68	0.00	Aug25	8.13
ICICI Pru Large & Mid Cap Dir Gr	INF109K011O5	Ratnamani Metals & Tubes Ltd	Basic Materials	190.74	0.67	14.61	Oct24	5.55
ICICI Pru Large & Mid Cap Dir Gr	INF109K011O5	Ratnamani Metals & Tubes Ltd	Basic Materials	190.74	0.67	14.61	Nov24	7.52
ICICI Pru Large & Mid Cap Dir Gr	INF109K011O5	Ratnamani Metals & Tubes Ltd	Basic Materials	190.74	0.67	14.61	Dec24	3.56
ICICI Pru Large & Mid Cap Dir Gr	INF109K011O5	Ratnamani Metals & Tubes Ltd	Basic Materials	190.74	0.67	14.61	Jan25	5.32
ICICI Pru Large & Mid Cap Dir Gr	INF109K011O5	Ratnamani Metals & Tubes Ltd	Basic Materials	190.74	0.67	14.61	Feb25	5.59
ICICI Pru Large & Mid Cap Dir Gr	INF109K011O5	Ratnamani Metals & Tubes Ltd	Basic Materials	190.74	0.67	14.61	Mar25	15.51
ICICI Pru Large & Mid Cap Dir Gr	INF109K011O5	Ratnamani Metals & Tubes Ltd	Basic Materials	190.74	0.67	14.61	Mar25	15.51
ICICI Pru Large & Mid Cap Dir Gr	INF109K011O5	Ratnamani Metals & Tubes Ltd	Basic Materials	190.74	0.67	14.61	Apr25	12.51
ICICI Pru Large & Mid Cap Dir Gr	INF109K011O5	Ratnamani Metals & Tubes Ltd	Basic Materials	190.74	0.67	14.61	May25	11.15
ICICI Pru Large & Mid Cap Dir Gr	INF109K011O5	Ratnamani Metals & Tubes Ltd	Basic Materials	190.74	0.67	14.61	June25	10.18
ICICI Pru Large & Mid Cap Dir Gr	INF109K011O5	Ratnamani Metals & Tubes Ltd	Basic Materials	190.74	0.67	14.61	July25	9.19
ICICI Pru Large & Mid Cap Dir Gr	INF109K011O5	Ratnamani Metals & Tubes Ltd	Basic Materials	190.74	0.67	14.61	Aug25	8.13
ICICI Pru Large & Mid Cap Dir Gr	INF109K011O5	Kotak Mahindra Bank Ltd	Financial Services	185.28	0.65	0.00	Oct24	5.55
ICICI Pru Large & Mid Cap Dir Gr	INF109K011O5	Kotak Mahindra Bank Ltd	Financial Services	185.28	0.65	0.00	Nov24	7.52
ICICI Pru Large & Mid Cap Dir Gr	INF109K011O5	Kotak Mahindra Bank Ltd	Financial Services	185.28	0.65	0.00	Dec24	3.56
ICICI Pru Large & Mid Cap Dir Gr	INF109K011O5	Kotak Mahindra Bank Ltd	Financial Services	185.28	0.65	0.00	Jan25	5.32
ICICI Pru Large & Mid Cap Dir Gr	INF109K011O5	Kotak Mahindra Bank Ltd	Financial Services	185.28	0.65	0.00	Feb25	5.59
ICICI Pru Large & Mid Cap Dir Gr	INF109K011O5	Kotak Mahindra Bank Ltd	Financial Services	185.28	0.65	0.00	Mar25	15.51
ICICI Pru Large & Mid Cap Dir Gr	INF109K011O5	Kotak Mahindra Bank Ltd	Financial Services	185.28	0.65	0.00	Mar25	15.51
ICICI Pru Large & Mid Cap Dir Gr	INF109K011O5	Kotak Mahindra Bank Ltd	Financial Services	185.28	0.65	0.00	Apr25	12.51
ICICI Pru Large & Mid Cap Dir Gr	INF109K011O5	Kotak Mahindra Bank Ltd	Financial Services	185.28	0.65	0.00	May25	11.15
ICICI Pru Large & Mid Cap Dir Gr	INF109K011O5	Kotak Mahindra Bank Ltd	Financial Services	185.28	0.65	0.00	June25	10.18
ICICI Pru Large & Mid Cap Dir Gr	INF109K011O5	Kotak Mahindra Bank Ltd	Financial Services	185.28	0.65	0.00	July25	9.19
ICICI Pru Large & Mid Cap Dir Gr	INF109K011O5	Kotak Mahindra Bank Ltd	Financial Services	185.28	0.65	0.00	Aug25	8.13
ICICI Pru Large & Mid Cap Dir Gr	INF109K011O5	Container Corporation of India Ltd	Industrials	183.17	0.64	8.83	Oct24	5.55
ICICI Pru Large & Mid Cap Dir Gr	INF109K011O5	Container Corporation of India Ltd	Industrials	183.17	0.64	8.83	Nov24	7.52
ICICI Pru Large & Mid Cap Dir Gr	INF109K011O5	Container Corporation of India Ltd	Industrials	183.17	0.64	8.83	Dec24	3.56
ICICI Pru Large & Mid Cap Dir Gr	INF109K011O5	Container Corporation of India Ltd	Industrials	183.17	0.64	8.83	Jan25	5.32
ICICI Pru Large & Mid Cap Dir Gr	INF109K011O5	Container Corporation of India Ltd	Industrials	183.17	0.64	8.83	Feb25	5.59
ICICI Pru Large & Mid Cap Dir Gr	INF109K011O5	Container Corporation of India Ltd	Industrials	183.17	0.64	8.83	Mar25	15.51
ICICI Pru Large & Mid Cap Dir Gr	INF109K011O5	Container Corporation of India Ltd	Industrials	183.17	0.64	8.83	Mar25	15.51
ICICI Pru Large & Mid Cap Dir Gr	INF109K011O5	Container Corporation of India Ltd	Industrials	183.17	0.64	8.83	Apr25	12.51
ICICI Pru Large & Mid Cap Dir Gr	INF109K011O5	Container Corporation of India Ltd	Industrials	183.17	0.64	8.83	May25	11.15
ICICI Pru Large & Mid Cap Dir Gr	INF109K011O5	Container Corporation of India Ltd	Industrials	183.17	0.64	8.83	June25	10.18
ICICI Pru Large & Mid Cap Dir Gr	INF109K011O5	Container Corporation of India Ltd	Industrials	183.17	0.64	8.83	July25	9.19
ICICI Pru Large & Mid Cap Dir Gr	INF109K011O5	Container Corporation of India Ltd	Industrials	183.17	0.64	8.83	Aug25	8.13
ICICI Pru Large & Mid Cap Dir Gr	INF109K011O5	Cash Offset For Derivatives		-175.92	0.62	227.29	Oct24	5.55
ICICI Pru Large & Mid Cap Dir Gr	INF109K011O5	Cash Offset For Derivatives		-175.92	0.62	227.29	Nov24	7.52
ICICI Pru Large & Mid Cap Dir Gr	INF109K011O5	Cash Offset For Derivatives		-175.92	0.62	227.29	Dec24	3.56
ICICI Pru Large & Mid Cap Dir Gr	INF109K011O5	Cash Offset For Derivatives		-175.92	0.62	227.29	Jan25	5.32
ICICI Pru Large & Mid Cap Dir Gr	INF109K011O5	Cash Offset For Derivatives		-175.92	0.62	227.29	Feb25	5.59
ICICI Pru Large & Mid Cap Dir Gr	INF109K011O5	Cash Offset For Derivatives		-175.92	0.62	227.29	Mar25	15.51
ICICI Pru Large & Mid Cap Dir Gr	INF109K011O5	Cash Offset For Derivatives		-175.92	0.62	227.29	Mar25	15.51
ICICI Pru Large & Mid Cap Dir Gr	INF109K011O5	Cash Offset For Derivatives		-175.92	0.62	227.29	Apr25	12.51
ICICI Pru Large & Mid Cap Dir Gr	INF109K011O5	Cash Offset For Derivatives		-175.92	0.62	227.29	May25	11.15
ICICI Pru Large & Mid Cap Dir Gr	INF109K011O5	Cash Offset For Derivatives		-175.92	0.62	227.29	June25	10.18
ICICI Pru Large & Mid Cap Dir Gr	INF109K011O5	Cash Offset For Derivatives		-175.92	0.62	227.29	July25	9.19
ICICI Pru Large & Mid Cap Dir Gr	INF109K011O5	Cash Offset For Derivatives		-175.92	0.62	227.29	Aug25	8.13
ICICI Pru Large & Mid Cap Dir Gr	INF109K011O5	LG Electronics India Ltd	Technology	174.40	0.61	3.75	Oct24	5.55
ICICI Pru Large & Mid Cap Dir Gr	INF109K011O5	LG Electronics India Ltd	Technology	174.40	0.61	3.75	Nov24	7.52
ICICI Pru Large & Mid Cap Dir Gr	INF109K011O5	LG Electronics India Ltd	Technology	174.40	0.61	3.75	Dec24	3.56
ICICI Pru Large & Mid Cap Dir Gr	INF109K011O5	LG Electronics India Ltd	Technology	174.40	0.61	3.75	Jan25	5.32
ICICI Pru Large & Mid Cap Dir Gr	INF109K011O5	LG Electronics India Ltd	Technology	174.40	0.61	3.75	Feb25	5.59
ICICI Pru Large & Mid Cap Dir Gr	INF109K011O5	LG Electronics India Ltd	Technology	174.40	0.61	3.75	Mar25	15.51
ICICI Pru Large & Mid Cap Dir Gr	INF109K011O5	LG Electronics India Ltd	Technology	174.40	0.61	3.75	Mar25	15.51
ICICI Pru Large & Mid Cap Dir Gr	INF109K011O5	LG Electronics India Ltd	Technology	174.40	0.61	3.75	Apr25	12.51
ICICI Pru Large & Mid Cap Dir Gr	INF109K011O5	LG Electronics India Ltd	Technology	174.40	0.61	3.75	May25	11.15
ICICI Pru Large & Mid Cap Dir Gr	INF109K011O5	LG Electronics India Ltd	Technology	174.40	0.61	3.75	June25	10.18
ICICI Pru Large & Mid Cap Dir Gr	INF109K011O5	LG Electronics India Ltd	Technology	174.40	0.61	3.75	July25	9.19
ICICI Pru Large & Mid Cap Dir Gr	INF109K011O5	LG Electronics India Ltd	Technology	174.40	0.61	3.75	Aug25	8.13
ICICI Pru Large & Mid Cap Dir Gr	INF109K011O5	Star Health and Allied Insurance Co Ltd	Financial Services	174.21	0.61	-10.91	Oct24	5.55
ICICI Pru Large & Mid Cap Dir Gr	INF109K011O5	Star Health and Allied Insurance Co Ltd	Financial Services	174.21	0.61	-10.91	Nov24	7.52
ICICI Pru Large & Mid Cap Dir Gr	INF109K011O5	Star Health and Allied Insurance Co Ltd	Financial Services	174.21	0.61	-10.91	Dec24	3.56
ICICI Pru Large & Mid Cap Dir Gr	INF109K011O5	Star Health and Allied Insurance Co Ltd	Financial Services	174.21	0.61	-10.91	Jan25	5.32
ICICI Pru Large & Mid Cap Dir Gr	INF109K011O5	Star Health and Allied Insurance Co Ltd	Financial Services	174.21	0.61	-10.91	Feb25	5.59
ICICI Pru Large & Mid Cap Dir Gr	INF109K011O5	Star Health and Allied Insurance Co Ltd	Financial Services	174.21	0.61	-10.91	Mar25	15.51
ICICI Pru Large & Mid Cap Dir Gr	INF109K011O5	Star Health and Allied Insurance Co Ltd	Financial Services	174.21	0.61	-10.91	Mar25	15.51
ICICI Pru Large & Mid Cap Dir Gr	INF109K011O5	Star Health and Allied Insurance Co Ltd	Financial Services	174.21	0.61	-10.91	Apr25	12.51
ICICI Pru Large & Mid Cap Dir Gr	INF109K011O5	Star Health and Allied Insurance Co Ltd	Financial Services	174.21	0.61	-10.91	May25	11.15
ICICI Pru Large & Mid Cap Dir Gr	INF109K011O5	Star Health and Allied Insurance Co Ltd	Financial Services	174.21	0.61	-10.91	June25	10.18
ICICI Pru Large & Mid Cap Dir Gr	INF109K011O5	Star Health and Allied Insurance Co Ltd	Financial Services	174.21	0.61	-10.91	July25	9.19
ICICI Pru Large & Mid Cap Dir Gr	INF109K011O5	Star Health and Allied Insurance Co Ltd	Financial Services	174.21	0.61	-10.91	Aug25	8.13
ICICI Pru Large & Mid Cap Dir Gr	INF109K011O5	AWL Agri Business Ltd	Consumer Defensive	173.63	0.61	0.00	Oct24	5.55
ICICI Pru Large & Mid Cap Dir Gr	INF109K011O5	AWL Agri Business Ltd	Consumer Defensive	173.63	0.61	0.00	Nov24	7.52
ICICI Pru Large & Mid Cap Dir Gr	INF109K011O5	AWL Agri Business Ltd	Consumer Defensive	173.63	0.61	0.00	Dec24	3.56
ICICI Pru Large & Mid Cap Dir Gr	INF109K011O5	AWL Agri Business Ltd	Consumer Defensive	173.63	0.61	0.00	Jan25	5.32
ICICI Pru Large & Mid Cap Dir Gr	INF109K011O5	AWL Agri Business Ltd	Consumer Defensive	173.63	0.61	0.00	Feb25	5.59
ICICI Pru Large & Mid Cap Dir Gr	INF109K011O5	AWL Agri Business Ltd	Consumer Defensive	173.63	0.61	0.00	Mar25	15.51
ICICI Pru Large & Mid Cap Dir Gr	INF109K011O5	AWL Agri Business Ltd	Consumer Defensive	173.63	0.61	0.00	Mar25	15.51
ICICI Pru Large & Mid Cap Dir Gr	INF109K011O5	AWL Agri Business Ltd	Consumer Defensive	173.63	0.61	0.00	Apr25	12.51
ICICI Pru Large & Mid Cap Dir Gr	INF109K011O5	AWL Agri Business Ltd	Consumer Defensive	173.63	0.61	0.00	May25	11.15
ICICI Pru Large & Mid Cap Dir Gr	INF109K011O5	AWL Agri Business Ltd	Consumer Defensive	173.63	0.61	0.00	June25	10.18
ICICI Pru Large & Mid Cap Dir Gr	INF109K011O5	AWL Agri Business Ltd	Consumer Defensive	173.63	0.61	0.00	July25	9.19
ICICI Pru Large & Mid Cap Dir Gr	INF109K011O5	AWL Agri Business Ltd	Consumer Defensive	173.63	0.61	0.00	Aug25	8.13
ICICI Pru Large & Mid Cap Dir Gr	INF109K011O5	Kalpataru Projects International Ltd	Industrials	169.62	0.60	0.00	Oct24	5.55
ICICI Pru Large & Mid Cap Dir Gr	INF109K011O5	Kalpataru Projects International Ltd	Industrials	169.62	0.60	0.00	Nov24	7.52
ICICI Pru Large & Mid Cap Dir Gr	INF109K011O5	Kalpataru Projects International Ltd	Industrials	169.62	0.60	0.00	Dec24	3.56
ICICI Pru Large & Mid Cap Dir Gr	INF109K011O5	Kalpataru Projects International Ltd	Industrials	169.62	0.60	0.00	Jan25	5.32
ICICI Pru Large & Mid Cap Dir Gr	INF109K011O5	Kalpataru Projects International Ltd	Industrials	169.62	0.60	0.00	Feb25	5.59
ICICI Pru Large & Mid Cap Dir Gr	INF109K011O5	Kalpataru Projects International Ltd	Industrials	169.62	0.60	0.00	Mar25	15.51
ICICI Pru Large & Mid Cap Dir Gr	INF109K011O5	Kalpataru Projects International Ltd	Industrials	169.62	0.60	0.00	Mar25	15.51
ICICI Pru Large & Mid Cap Dir Gr	INF109K011O5	Kalpataru Projects International Ltd	Industrials	169.62	0.60	0.00	Apr25	12.51
ICICI Pru Large & Mid Cap Dir Gr	INF109K011O5	Kalpataru Projects International Ltd	Industrials	169.62	0.60	0.00	May25	11.15
ICICI Pru Large & Mid Cap Dir Gr	INF109K011O5	Kalpataru Projects International Ltd	Industrials	169.62	0.60	0.00	June25	10.18
ICICI Pru Large & Mid Cap Dir Gr	INF109K011O5	Kalpataru Projects International Ltd	Industrials	169.62	0.60	0.00	July25	9.19
ICICI Pru Large & Mid Cap Dir Gr	INF109K011O5	Kalpataru Projects International Ltd	Industrials	169.62	0.60	0.00	Aug25	8.13
ICICI Pru Large & Mid Cap Dir Gr	INF109K011O5	Tube Investments of India Ltd Ordinary Shares	Industrials	163.11	0.57	42.42	Oct24	5.55
ICICI Pru Large & Mid Cap Dir Gr	INF109K011O5	Tube Investments of India Ltd Ordinary Shares	Industrials	163.11	0.57	42.42	Nov24	7.52
ICICI Pru Large & Mid Cap Dir Gr	INF109K011O5	Tube Investments of India Ltd Ordinary Shares	Industrials	163.11	0.57	42.42	Dec24	3.56
ICICI Pru Large & Mid Cap Dir Gr	INF109K011O5	Tube Investments of India Ltd Ordinary Shares	Industrials	163.11	0.57	42.42	Jan25	5.32
ICICI Pru Large & Mid Cap Dir Gr	INF109K011O5	Tube Investments of India Ltd Ordinary Shares	Industrials	163.11	0.57	42.42	Feb25	5.59
ICICI Pru Large & Mid Cap Dir Gr	INF109K011O5	Tube Investments of India Ltd Ordinary Shares	Industrials	163.11	0.57	42.42	Mar25	15.51
ICICI Pru Large & Mid Cap Dir Gr	INF109K011O5	Tube Investments of India Ltd Ordinary Shares	Industrials	163.11	0.57	42.42	Mar25	15.51
ICICI Pru Large & Mid Cap Dir Gr	INF109K011O5	Tube Investments of India Ltd Ordinary Shares	Industrials	163.11	0.57	42.42	Apr25	12.51
ICICI Pru Large & Mid Cap Dir Gr	INF109K011O5	Tube Investments of India Ltd Ordinary Shares	Industrials	163.11	0.57	42.42	May25	11.15
ICICI Pru Large & Mid Cap Dir Gr	INF109K011O5	Tube Investments of India Ltd Ordinary Shares	Industrials	163.11	0.57	42.42	June25	10.18
ICICI Pru Large & Mid Cap Dir Gr	INF109K011O5	Tube Investments of India Ltd Ordinary Shares	Industrials	163.11	0.57	42.42	July25	9.19
ICICI Pru Large & Mid Cap Dir Gr	INF109K011O5	Tube Investments of India Ltd Ordinary Shares	Industrials	163.11	0.57	42.42	Aug25	8.13
ICICI Pru Large & Mid Cap Dir Gr	INF109K011O5	Sbi Cards And Payment Services Ltd.		157.44	0.55	197.07	Oct24	5.55
ICICI Pru Large & Mid Cap Dir Gr	INF109K011O5	Sbi Cards And Payment Services Ltd.		157.44	0.55	197.07	Nov24	7.52
ICICI Pru Large & Mid Cap Dir Gr	INF109K011O5	Sbi Cards And Payment Services Ltd.		157.44	0.55	197.07	Dec24	3.56
ICICI Pru Large & Mid Cap Dir Gr	INF109K011O5	Sbi Cards And Payment Services Ltd.		157.44	0.55	197.07	Jan25	5.32
ICICI Pru Large & Mid Cap Dir Gr	INF109K011O5	Sbi Cards And Payment Services Ltd.		157.44	0.55	197.07	Feb25	5.59
ICICI Pru Large & Mid Cap Dir Gr	INF109K011O5	Sbi Cards And Payment Services Ltd.		157.44	0.55	197.07	Mar25	15.51
ICICI Pru Large & Mid Cap Dir Gr	INF109K011O5	Sbi Cards And Payment Services Ltd.		157.44	0.55	197.07	Mar25	15.51
ICICI Pru Large & Mid Cap Dir Gr	INF109K011O5	Sbi Cards And Payment Services Ltd.		157.44	0.55	197.07	Apr25	12.51
ICICI Pru Large & Mid Cap Dir Gr	INF109K011O5	Sbi Cards And Payment Services Ltd.		157.44	0.55	197.07	May25	11.15
ICICI Pru Large & Mid Cap Dir Gr	INF109K011O5	Sbi Cards And Payment Services Ltd.		157.44	0.55	197.07	June25	10.18
ICICI Pru Large & Mid Cap Dir Gr	INF109K011O5	Sbi Cards And Payment Services Ltd.		157.44	0.55	197.07	July25	9.19
ICICI Pru Large & Mid Cap Dir Gr	INF109K011O5	Sbi Cards And Payment Services Ltd.		157.44	0.55	197.07	Aug25	8.13
ICICI Pru Large & Mid Cap Dir Gr	INF109K011O5	CIE Automotive India Ltd	Consumer Cyclical	155.62	0.55	0.00	Oct24	5.55
ICICI Pru Large & Mid Cap Dir Gr	INF109K011O5	CIE Automotive India Ltd	Consumer Cyclical	155.62	0.55	0.00	Nov24	7.52
ICICI Pru Large & Mid Cap Dir Gr	INF109K011O5	CIE Automotive India Ltd	Consumer Cyclical	155.62	0.55	0.00	Dec24	3.56
ICICI Pru Large & Mid Cap Dir Gr	INF109K011O5	CIE Automotive India Ltd	Consumer Cyclical	155.62	0.55	0.00	Jan25	5.32
ICICI Pru Large & Mid Cap Dir Gr	INF109K011O5	CIE Automotive India Ltd	Consumer Cyclical	155.62	0.55	0.00	Feb25	5.59
ICICI Pru Large & Mid Cap Dir Gr	INF109K011O5	CIE Automotive India Ltd	Consumer Cyclical	155.62	0.55	0.00	Mar25	15.51
ICICI Pru Large & Mid Cap Dir Gr	INF109K011O5	CIE Automotive India Ltd	Consumer Cyclical	155.62	0.55	0.00	Mar25	15.51
ICICI Pru Large & Mid Cap Dir Gr	INF109K011O5	CIE Automotive India Ltd	Consumer Cyclical	155.62	0.55	0.00	Apr25	12.51
ICICI Pru Large & Mid Cap Dir Gr	INF109K011O5	CIE Automotive India Ltd	Consumer Cyclical	155.62	0.55	0.00	May25	11.15
ICICI Pru Large & Mid Cap Dir Gr	INF109K011O5	CIE Automotive India Ltd	Consumer Cyclical	155.62	0.55	0.00	June25	10.18
ICICI Pru Large & Mid Cap Dir Gr	INF109K011O5	CIE Automotive India Ltd	Consumer Cyclical	155.62	0.55	0.00	July25	9.19
ICICI Pru Large & Mid Cap Dir Gr	INF109K011O5	CIE Automotive India Ltd	Consumer Cyclical	155.62	0.55	0.00	Aug25	8.13
ICICI Pru Large & Mid Cap Dir Gr	INF109K011O5	IndiaMART InterMESH Ltd	Communication Services	145.93	0.51	23.23	Oct24	5.55
ICICI Pru Large & Mid Cap Dir Gr	INF109K011O5	IndiaMART InterMESH Ltd	Communication Services	145.93	0.51	23.23	Nov24	7.52
ICICI Pru Large & Mid Cap Dir Gr	INF109K011O5	IndiaMART InterMESH Ltd	Communication Services	145.93	0.51	23.23	Dec24	3.56
ICICI Pru Large & Mid Cap Dir Gr	INF109K011O5	IndiaMART InterMESH Ltd	Communication Services	145.93	0.51	23.23	Jan25	5.32
ICICI Pru Large & Mid Cap Dir Gr	INF109K011O5	IndiaMART InterMESH Ltd	Communication Services	145.93	0.51	23.23	Feb25	5.59
ICICI Pru Large & Mid Cap Dir Gr	INF109K011O5	IndiaMART InterMESH Ltd	Communication Services	145.93	0.51	23.23	Mar25	15.51
ICICI Pru Large & Mid Cap Dir Gr	INF109K011O5	IndiaMART InterMESH Ltd	Communication Services	145.93	0.51	23.23	Mar25	15.51
ICICI Pru Large & Mid Cap Dir Gr	INF109K011O5	IndiaMART InterMESH Ltd	Communication Services	145.93	0.51	23.23	Apr25	12.51
ICICI Pru Large & Mid Cap Dir Gr	INF109K011O5	IndiaMART InterMESH Ltd	Communication Services	145.93	0.51	23.23	May25	11.15
ICICI Pru Large & Mid Cap Dir Gr	INF109K011O5	IndiaMART InterMESH Ltd	Communication Services	145.93	0.51	23.23	June25	10.18
ICICI Pru Large & Mid Cap Dir Gr	INF109K011O5	IndiaMART InterMESH Ltd	Communication Services	145.93	0.51	23.23	July25	9.19
ICICI Pru Large & Mid Cap Dir Gr	INF109K011O5	IndiaMART InterMESH Ltd	Communication Services	145.93	0.51	23.23	Aug25	8.13
ICICI Pru Large & Mid Cap Dir Gr	INF109K011O5	Oil India Ltd	Energy	145.42	0.51	-34.59	Oct24	5.55
ICICI Pru Large & Mid Cap Dir Gr	INF109K011O5	Oil India Ltd	Energy	145.42	0.51	-34.59	Nov24	7.52
ICICI Pru Large & Mid Cap Dir Gr	INF109K011O5	Oil India Ltd	Energy	145.42	0.51	-34.59	Dec24	3.56
ICICI Pru Large & Mid Cap Dir Gr	INF109K011O5	Oil India Ltd	Energy	145.42	0.51	-34.59	Jan25	5.32
ICICI Pru Large & Mid Cap Dir Gr	INF109K011O5	Oil India Ltd	Energy	145.42	0.51	-34.59	Feb25	5.59
ICICI Pru Large & Mid Cap Dir Gr	INF109K011O5	Oil India Ltd	Energy	145.42	0.51	-34.59	Mar25	15.51
ICICI Pru Large & Mid Cap Dir Gr	INF109K011O5	Oil India Ltd	Energy	145.42	0.51	-34.59	Mar25	15.51
ICICI Pru Large & Mid Cap Dir Gr	INF109K011O5	Oil India Ltd	Energy	145.42	0.51	-34.59	Apr25	12.51
ICICI Pru Large & Mid Cap Dir Gr	INF109K011O5	Oil India Ltd	Energy	145.42	0.51	-34.59	May25	11.15
ICICI Pru Large & Mid Cap Dir Gr	INF109K011O5	Oil India Ltd	Energy	145.42	0.51	-34.59	June25	10.18
ICICI Pru Large & Mid Cap Dir Gr	INF109K011O5	Oil India Ltd	Energy	145.42	0.51	-34.59	July25	9.19
ICICI Pru Large & Mid Cap Dir Gr	INF109K011O5	Oil India Ltd	Energy	145.42	0.51	-34.59	Aug25	8.13
ICICI Pru Large & Mid Cap Dir Gr	INF109K011O5	HCL Technologies Ltd	Technology	142.57	0.50	63.86	Oct24	5.55
ICICI Pru Large & Mid Cap Dir Gr	INF109K011O5	HCL Technologies Ltd	Technology	142.57	0.50	63.86	Nov24	7.52
ICICI Pru Large & Mid Cap Dir Gr	INF109K011O5	HCL Technologies Ltd	Technology	142.57	0.50	63.86	Dec24	3.56
ICICI Pru Large & Mid Cap Dir Gr	INF109K011O5	HCL Technologies Ltd	Technology	142.57	0.50	63.86	Jan25	5.32
ICICI Pru Large & Mid Cap Dir Gr	INF109K011O5	HCL Technologies Ltd	Technology	142.57	0.50	63.86	Feb25	5.59
ICICI Pru Large & Mid Cap Dir Gr	INF109K011O5	HCL Technologies Ltd	Technology	142.57	0.50	63.86	Mar25	15.51
ICICI Pru Large & Mid Cap Dir Gr	INF109K011O5	HCL Technologies Ltd	Technology	142.57	0.50	63.86	Mar25	15.51
ICICI Pru Large & Mid Cap Dir Gr	INF109K011O5	HCL Technologies Ltd	Technology	142.57	0.50	63.86	Apr25	12.51
ICICI Pru Large & Mid Cap Dir Gr	INF109K011O5	HCL Technologies Ltd	Technology	142.57	0.50	63.86	May25	11.15
ICICI Pru Large & Mid Cap Dir Gr	INF109K011O5	HCL Technologies Ltd	Technology	142.57	0.50	63.86	June25	10.18
ICICI Pru Large & Mid Cap Dir Gr	INF109K011O5	HCL Technologies Ltd	Technology	142.57	0.50	63.86	July25	9.19
ICICI Pru Large & Mid Cap Dir Gr	INF109K011O5	HCL Technologies Ltd	Technology	142.57	0.50	63.86	Aug25	8.13
ICICI Pru Large & Mid Cap Dir Gr	INF109K011O5	Rategain Travel Technologies Ltd	Technology	132.54	0.46	-1.15	Oct24	5.55
ICICI Pru Large & Mid Cap Dir Gr	INF109K011O5	Rategain Travel Technologies Ltd	Technology	132.54	0.46	-1.15	Nov24	7.52
ICICI Pru Large & Mid Cap Dir Gr	INF109K011O5	Rategain Travel Technologies Ltd	Technology	132.54	0.46	-1.15	Dec24	3.56
ICICI Pru Large & Mid Cap Dir Gr	INF109K011O5	Rategain Travel Technologies Ltd	Technology	132.54	0.46	-1.15	Jan25	5.32
ICICI Pru Large & Mid Cap Dir Gr	INF109K011O5	Rategain Travel Technologies Ltd	Technology	132.54	0.46	-1.15	Feb25	5.59
ICICI Pru Large & Mid Cap Dir Gr	INF109K011O5	Rategain Travel Technologies Ltd	Technology	132.54	0.46	-1.15	Mar25	15.51
ICICI Pru Large & Mid Cap Dir Gr	INF109K011O5	Rategain Travel Technologies Ltd	Technology	132.54	0.46	-1.15	Mar25	15.51
ICICI Pru Large & Mid Cap Dir Gr	INF109K011O5	Rategain Travel Technologies Ltd	Technology	132.54	0.46	-1.15	Apr25	12.51
ICICI Pru Large & Mid Cap Dir Gr	INF109K011O5	Rategain Travel Technologies Ltd	Technology	132.54	0.46	-1.15	May25	11.15
ICICI Pru Large & Mid Cap Dir Gr	INF109K011O5	Rategain Travel Technologies Ltd	Technology	132.54	0.46	-1.15	June25	10.18
ICICI Pru Large & Mid Cap Dir Gr	INF109K011O5	Rategain Travel Technologies Ltd	Technology	132.54	0.46	-1.15	July25	9.19
ICICI Pru Large & Mid Cap Dir Gr	INF109K011O5	Rategain Travel Technologies Ltd	Technology	132.54	0.46	-1.15	Aug25	8.13
ICICI Pru Large & Mid Cap Dir Gr	INF109K011O5	Tbill		128.99	0.45	136.36	Oct24	5.55
ICICI Pru Large & Mid Cap Dir Gr	INF109K011O5	Tbill		128.99	0.45	136.36	Nov24	7.52
ICICI Pru Large & Mid Cap Dir Gr	INF109K011O5	Tbill		128.99	0.45	136.36	Dec24	3.56
ICICI Pru Large & Mid Cap Dir Gr	INF109K011O5	Tbill		128.99	0.45	136.36	Jan25	5.32
ICICI Pru Large & Mid Cap Dir Gr	INF109K011O5	Tbill		128.99	0.45	136.36	Feb25	5.59
ICICI Pru Large & Mid Cap Dir Gr	INF109K011O5	Tbill		128.99	0.45	136.36	Mar25	15.51
ICICI Pru Large & Mid Cap Dir Gr	INF109K011O5	Tbill		128.99	0.45	136.36	Mar25	15.51
ICICI Pru Large & Mid Cap Dir Gr	INF109K011O5	Tbill		128.99	0.45	136.36	Apr25	12.51
ICICI Pru Large & Mid Cap Dir Gr	INF109K011O5	Tbill		128.99	0.45	136.36	May25	11.15
ICICI Pru Large & Mid Cap Dir Gr	INF109K011O5	Tbill		128.99	0.45	136.36	June25	10.18
ICICI Pru Large & Mid Cap Dir Gr	INF109K011O5	Tbill		128.99	0.45	136.36	July25	9.19
ICICI Pru Large & Mid Cap Dir Gr	INF109K011O5	Tbill		128.99	0.45	136.36	Aug25	8.13
ICICI Pru Large & Mid Cap Dir Gr	INF109K011O5	Mphasis Ltd	Technology	127.86	0.45	131.55	Oct24	5.55
ICICI Pru Large & Mid Cap Dir Gr	INF109K011O5	Mphasis Ltd	Technology	127.86	0.45	131.55	Nov24	7.52
ICICI Pru Large & Mid Cap Dir Gr	INF109K011O5	Mphasis Ltd	Technology	127.86	0.45	131.55	Dec24	3.56
ICICI Pru Large & Mid Cap Dir Gr	INF109K011O5	Mphasis Ltd	Technology	127.86	0.45	131.55	Jan25	5.32
ICICI Pru Large & Mid Cap Dir Gr	INF109K011O5	Mphasis Ltd	Technology	127.86	0.45	131.55	Feb25	5.59
ICICI Pru Large & Mid Cap Dir Gr	INF109K011O5	Mphasis Ltd	Technology	127.86	0.45	131.55	Mar25	15.51
ICICI Pru Large & Mid Cap Dir Gr	INF109K011O5	Mphasis Ltd	Technology	127.86	0.45	131.55	Mar25	15.51
ICICI Pru Large & Mid Cap Dir Gr	INF109K011O5	Mphasis Ltd	Technology	127.86	0.45	131.55	Apr25	12.51
ICICI Pru Large & Mid Cap Dir Gr	INF109K011O5	Mphasis Ltd	Technology	127.86	0.45	131.55	May25	11.15
ICICI Pru Large & Mid Cap Dir Gr	INF109K011O5	Mphasis Ltd	Technology	127.86	0.45	131.55	June25	10.18
ICICI Pru Large & Mid Cap Dir Gr	INF109K011O5	Mphasis Ltd	Technology	127.86	0.45	131.55	July25	9.19
ICICI Pru Large & Mid Cap Dir Gr	INF109K011O5	Mphasis Ltd	Technology	127.86	0.45	131.55	Aug25	8.13
ICICI Pru Large & Mid Cap Dir Gr	INF109K011O5	General Insurance Corp of India	Financial Services	121.46	0.43	0.00	Oct24	5.55
ICICI Pru Large & Mid Cap Dir Gr	INF109K011O5	General Insurance Corp of India	Financial Services	121.46	0.43	0.00	Nov24	7.52
ICICI Pru Large & Mid Cap Dir Gr	INF109K011O5	General Insurance Corp of India	Financial Services	121.46	0.43	0.00	Dec24	3.56
ICICI Pru Large & Mid Cap Dir Gr	INF109K011O5	General Insurance Corp of India	Financial Services	121.46	0.43	0.00	Jan25	5.32
ICICI Pru Large & Mid Cap Dir Gr	INF109K011O5	General Insurance Corp of India	Financial Services	121.46	0.43	0.00	Feb25	5.59
ICICI Pru Large & Mid Cap Dir Gr	INF109K011O5	General Insurance Corp of India	Financial Services	121.46	0.43	0.00	Mar25	15.51
ICICI Pru Large & Mid Cap Dir Gr	INF109K011O5	General Insurance Corp of India	Financial Services	121.46	0.43	0.00	Mar25	15.51
ICICI Pru Large & Mid Cap Dir Gr	INF109K011O5	General Insurance Corp of India	Financial Services	121.46	0.43	0.00	Apr25	12.51
ICICI Pru Large & Mid Cap Dir Gr	INF109K011O5	General Insurance Corp of India	Financial Services	121.46	0.43	0.00	May25	11.15
ICICI Pru Large & Mid Cap Dir Gr	INF109K011O5	General Insurance Corp of India	Financial Services	121.46	0.43	0.00	June25	10.18
ICICI Pru Large & Mid Cap Dir Gr	INF109K011O5	General Insurance Corp of India	Financial Services	121.46	0.43	0.00	July25	9.19
ICICI Pru Large & Mid Cap Dir Gr	INF109K011O5	General Insurance Corp of India	Financial Services	121.46	0.43	0.00	Aug25	8.13
ICICI Pru Large & Mid Cap Dir Gr	INF109K011O5	Net Current Assets		-120.37	0.42		Oct24	5.55
ICICI Pru Large & Mid Cap Dir Gr	INF109K011O5	Net Current Assets		-120.37	0.42		Nov24	7.52
ICICI Pru Large & Mid Cap Dir Gr	INF109K011O5	Net Current Assets		-120.37	0.42		Dec24	3.56
ICICI Pru Large & Mid Cap Dir Gr	INF109K011O5	Net Current Assets		-120.37	0.42		Jan25	5.32
ICICI Pru Large & Mid Cap Dir Gr	INF109K011O5	Net Current Assets		-120.37	0.42		Feb25	5.59
ICICI Pru Large & Mid Cap Dir Gr	INF109K011O5	Net Current Assets		-120.37	0.42		Mar25	15.51
ICICI Pru Large & Mid Cap Dir Gr	INF109K011O5	Net Current Assets		-120.37	0.42		Mar25	15.51
ICICI Pru Large & Mid Cap Dir Gr	INF109K011O5	Net Current Assets		-120.37	0.42		Apr25	12.51
ICICI Pru Large & Mid Cap Dir Gr	INF109K011O5	Net Current Assets		-120.37	0.42		May25	11.15
ICICI Pru Large & Mid Cap Dir Gr	INF109K011O5	Net Current Assets		-120.37	0.42		June25	10.18
ICICI Pru Large & Mid Cap Dir Gr	INF109K011O5	Net Current Assets		-120.37	0.42		July25	9.19
ICICI Pru Large & Mid Cap Dir Gr	INF109K011O5	Net Current Assets		-120.37	0.42		Aug25	8.13
ICICI Pru Large & Mid Cap Dir Gr	INF109K011O5	ACC Ltd	Basic Materials	119.94	0.42	0.00	Oct24	5.55
ICICI Pru Large & Mid Cap Dir Gr	INF109K011O5	ACC Ltd	Basic Materials	119.94	0.42	0.00	Nov24	7.52
ICICI Pru Large & Mid Cap Dir Gr	INF109K011O5	ACC Ltd	Basic Materials	119.94	0.42	0.00	Dec24	3.56
ICICI Pru Large & Mid Cap Dir Gr	INF109K011O5	ACC Ltd	Basic Materials	119.94	0.42	0.00	Jan25	5.32
ICICI Pru Large & Mid Cap Dir Gr	INF109K011O5	ACC Ltd	Basic Materials	119.94	0.42	0.00	Feb25	5.59
ICICI Pru Large & Mid Cap Dir Gr	INF109K011O5	ACC Ltd	Basic Materials	119.94	0.42	0.00	Mar25	15.51
ICICI Pru Large & Mid Cap Dir Gr	INF109K011O5	ACC Ltd	Basic Materials	119.94	0.42	0.00	Mar25	15.51
ICICI Pru Large & Mid Cap Dir Gr	INF109K011O5	ACC Ltd	Basic Materials	119.94	0.42	0.00	Apr25	12.51
ICICI Pru Large & Mid Cap Dir Gr	INF109K011O5	ACC Ltd	Basic Materials	119.94	0.42	0.00	May25	11.15
ICICI Pru Large & Mid Cap Dir Gr	INF109K011O5	ACC Ltd	Basic Materials	119.94	0.42	0.00	June25	10.18
ICICI Pru Large & Mid Cap Dir Gr	INF109K011O5	ACC Ltd	Basic Materials	119.94	0.42	0.00	July25	9.19
ICICI Pru Large & Mid Cap Dir Gr	INF109K011O5	ACC Ltd	Basic Materials	119.94	0.42	0.00	Aug25	8.13
ICICI Pru Large & Mid Cap Dir Gr	INF109K011O5	NCC Ltd	Industrials	110.78	0.39	2.11	Oct24	5.55
ICICI Pru Large & Mid Cap Dir Gr	INF109K011O5	NCC Ltd	Industrials	110.78	0.39	2.11	Nov24	7.52
ICICI Pru Large & Mid Cap Dir Gr	INF109K011O5	NCC Ltd	Industrials	110.78	0.39	2.11	Dec24	3.56
ICICI Pru Large & Mid Cap Dir Gr	INF109K011O5	NCC Ltd	Industrials	110.78	0.39	2.11	Jan25	5.32
ICICI Pru Large & Mid Cap Dir Gr	INF109K011O5	NCC Ltd	Industrials	110.78	0.39	2.11	Feb25	5.59
ICICI Pru Large & Mid Cap Dir Gr	INF109K011O5	NCC Ltd	Industrials	110.78	0.39	2.11	Mar25	15.51
ICICI Pru Large & Mid Cap Dir Gr	INF109K011O5	NCC Ltd	Industrials	110.78	0.39	2.11	Mar25	15.51
ICICI Pru Large & Mid Cap Dir Gr	INF109K011O5	NCC Ltd	Industrials	110.78	0.39	2.11	Apr25	12.51
ICICI Pru Large & Mid Cap Dir Gr	INF109K011O5	NCC Ltd	Industrials	110.78	0.39	2.11	May25	11.15
ICICI Pru Large & Mid Cap Dir Gr	INF109K011O5	NCC Ltd	Industrials	110.78	0.39	2.11	June25	10.18
ICICI Pru Large & Mid Cap Dir Gr	INF109K011O5	NCC Ltd	Industrials	110.78	0.39	2.11	July25	9.19
ICICI Pru Large & Mid Cap Dir Gr	INF109K011O5	NCC Ltd	Industrials	110.78	0.39	2.11	Aug25	8.13
ICICI Pru Large & Mid Cap Dir Gr	INF109K011O5	SBI Life Insurance Co Ltd	Financial Services	109.83	0.39	-25.80	Oct24	5.55
ICICI Pru Large & Mid Cap Dir Gr	INF109K011O5	SBI Life Insurance Co Ltd	Financial Services	109.83	0.39	-25.80	Nov24	7.52
ICICI Pru Large & Mid Cap Dir Gr	INF109K011O5	SBI Life Insurance Co Ltd	Financial Services	109.83	0.39	-25.80	Dec24	3.56
ICICI Pru Large & Mid Cap Dir Gr	INF109K011O5	SBI Life Insurance Co Ltd	Financial Services	109.83	0.39	-25.80	Jan25	5.32
ICICI Pru Large & Mid Cap Dir Gr	INF109K011O5	SBI Life Insurance Co Ltd	Financial Services	109.83	0.39	-25.80	Feb25	5.59
ICICI Pru Large & Mid Cap Dir Gr	INF109K011O5	SBI Life Insurance Co Ltd	Financial Services	109.83	0.39	-25.80	Mar25	15.51
ICICI Pru Large & Mid Cap Dir Gr	INF109K011O5	SBI Life Insurance Co Ltd	Financial Services	109.83	0.39	-25.80	Mar25	15.51
ICICI Pru Large & Mid Cap Dir Gr	INF109K011O5	SBI Life Insurance Co Ltd	Financial Services	109.83	0.39	-25.80	Apr25	12.51
ICICI Pru Large & Mid Cap Dir Gr	INF109K011O5	SBI Life Insurance Co Ltd	Financial Services	109.83	0.39	-25.80	May25	11.15
ICICI Pru Large & Mid Cap Dir Gr	INF109K011O5	SBI Life Insurance Co Ltd	Financial Services	109.83	0.39	-25.80	June25	10.18
ICICI Pru Large & Mid Cap Dir Gr	INF109K011O5	SBI Life Insurance Co Ltd	Financial Services	109.83	0.39	-25.80	July25	9.19
ICICI Pru Large & Mid Cap Dir Gr	INF109K011O5	SBI Life Insurance Co Ltd	Financial Services	109.83	0.39	-25.80	Aug25	8.13
ICICI Pru Large & Mid Cap Dir Gr	INF109K011O5	Titan Co Ltd	Consumer Cyclical	102.50	0.36	-26.98	Oct24	5.55
ICICI Pru Large & Mid Cap Dir Gr	INF109K011O5	Titan Co Ltd	Consumer Cyclical	102.50	0.36	-26.98	Nov24	7.52
ICICI Pru Large & Mid Cap Dir Gr	INF109K011O5	Titan Co Ltd	Consumer Cyclical	102.50	0.36	-26.98	Dec24	3.56
ICICI Pru Large & Mid Cap Dir Gr	INF109K011O5	Titan Co Ltd	Consumer Cyclical	102.50	0.36	-26.98	Jan25	5.32
ICICI Pru Large & Mid Cap Dir Gr	INF109K011O5	Titan Co Ltd	Consumer Cyclical	102.50	0.36	-26.98	Feb25	5.59
ICICI Pru Large & Mid Cap Dir Gr	INF109K011O5	Titan Co Ltd	Consumer Cyclical	102.50	0.36	-26.98	Mar25	15.51
ICICI Pru Large & Mid Cap Dir Gr	INF109K011O5	Titan Co Ltd	Consumer Cyclical	102.50	0.36	-26.98	Mar25	15.51
ICICI Pru Large & Mid Cap Dir Gr	INF109K011O5	Titan Co Ltd	Consumer Cyclical	102.50	0.36	-26.98	Apr25	12.51
ICICI Pru Large & Mid Cap Dir Gr	INF109K011O5	Titan Co Ltd	Consumer Cyclical	102.50	0.36	-26.98	May25	11.15
ICICI Pru Large & Mid Cap Dir Gr	INF109K011O5	Titan Co Ltd	Consumer Cyclical	102.50	0.36	-26.98	June25	10.18
ICICI Pru Large & Mid Cap Dir Gr	INF109K011O5	Titan Co Ltd	Consumer Cyclical	102.50	0.36	-26.98	July25	9.19
ICICI Pru Large & Mid Cap Dir Gr	INF109K011O5	Titan Co Ltd	Consumer Cyclical	102.50	0.36	-26.98	Aug25	8.13
ICICI Pru Large & Mid Cap Dir Gr	INF109K011O5	Gujarat Narmada Valley Fertilizers & Chemicals Ltd	Basic Materials	96.57	0.34	0.00	Oct24	5.55
ICICI Pru Large & Mid Cap Dir Gr	INF109K011O5	Gujarat Narmada Valley Fertilizers & Chemicals Ltd	Basic Materials	96.57	0.34	0.00	Nov24	7.52
ICICI Pru Large & Mid Cap Dir Gr	INF109K011O5	Gujarat Narmada Valley Fertilizers & Chemicals Ltd	Basic Materials	96.57	0.34	0.00	Dec24	3.56
ICICI Pru Large & Mid Cap Dir Gr	INF109K011O5	Gujarat Narmada Valley Fertilizers & Chemicals Ltd	Basic Materials	96.57	0.34	0.00	Jan25	5.32
ICICI Pru Large & Mid Cap Dir Gr	INF109K011O5	Gujarat Narmada Valley Fertilizers & Chemicals Ltd	Basic Materials	96.57	0.34	0.00	Feb25	5.59
ICICI Pru Large & Mid Cap Dir Gr	INF109K011O5	Gujarat Narmada Valley Fertilizers & Chemicals Ltd	Basic Materials	96.57	0.34	0.00	Mar25	15.51
ICICI Pru Large & Mid Cap Dir Gr	INF109K011O5	Gujarat Narmada Valley Fertilizers & Chemicals Ltd	Basic Materials	96.57	0.34	0.00	Mar25	15.51
ICICI Pru Large & Mid Cap Dir Gr	INF109K011O5	Gujarat Narmada Valley Fertilizers & Chemicals Ltd	Basic Materials	96.57	0.34	0.00	Apr25	12.51
ICICI Pru Large & Mid Cap Dir Gr	INF109K011O5	Gujarat Narmada Valley Fertilizers & Chemicals Ltd	Basic Materials	96.57	0.34	0.00	May25	11.15
ICICI Pru Large & Mid Cap Dir Gr	INF109K011O5	Gujarat Narmada Valley Fertilizers & Chemicals Ltd	Basic Materials	96.57	0.34	0.00	June25	10.18
ICICI Pru Large & Mid Cap Dir Gr	INF109K011O5	Gujarat Narmada Valley Fertilizers & Chemicals Ltd	Basic Materials	96.57	0.34	0.00	July25	9.19
ICICI Pru Large & Mid Cap Dir Gr	INF109K011O5	Gujarat Narmada Valley Fertilizers & Chemicals Ltd	Basic Materials	96.57	0.34	0.00	Aug25	8.13
ICICI Pru Large & Mid Cap Dir Gr	INF109K011O5	Syngene International Ltd	Healthcare	95.52	0.34	0.00	Oct24	5.55
ICICI Pru Large & Mid Cap Dir Gr	INF109K011O5	Syngene International Ltd	Healthcare	95.52	0.34	0.00	Nov24	7.52
ICICI Pru Large & Mid Cap Dir Gr	INF109K011O5	Syngene International Ltd	Healthcare	95.52	0.34	0.00	Dec24	3.56
ICICI Pru Large & Mid Cap Dir Gr	INF109K011O5	Syngene International Ltd	Healthcare	95.52	0.34	0.00	Jan25	5.32
ICICI Pru Large & Mid Cap Dir Gr	INF109K011O5	Syngene International Ltd	Healthcare	95.52	0.34	0.00	Feb25	5.59
ICICI Pru Large & Mid Cap Dir Gr	INF109K011O5	Syngene International Ltd	Healthcare	95.52	0.34	0.00	Mar25	15.51
ICICI Pru Large & Mid Cap Dir Gr	INF109K011O5	Syngene International Ltd	Healthcare	95.52	0.34	0.00	Mar25	15.51
ICICI Pru Large & Mid Cap Dir Gr	INF109K011O5	Syngene International Ltd	Healthcare	95.52	0.34	0.00	Apr25	12.51
ICICI Pru Large & Mid Cap Dir Gr	INF109K011O5	Syngene International Ltd	Healthcare	95.52	0.34	0.00	May25	11.15
ICICI Pru Large & Mid Cap Dir Gr	INF109K011O5	Syngene International Ltd	Healthcare	95.52	0.34	0.00	June25	10.18
ICICI Pru Large & Mid Cap Dir Gr	INF109K011O5	Syngene International Ltd	Healthcare	95.52	0.34	0.00	July25	9.19
ICICI Pru Large & Mid Cap Dir Gr	INF109K011O5	Syngene International Ltd	Healthcare	95.52	0.34	0.00	Aug25	8.13
ICICI Pru Large & Mid Cap Dir Gr	INF109K011O5	TVS Motor Co Ltd	Consumer Cyclical	94.95	0.33	0.00	Oct24	5.55
ICICI Pru Large & Mid Cap Dir Gr	INF109K011O5	TVS Motor Co Ltd	Consumer Cyclical	94.95	0.33	0.00	Nov24	7.52
ICICI Pru Large & Mid Cap Dir Gr	INF109K011O5	TVS Motor Co Ltd	Consumer Cyclical	94.95	0.33	0.00	Dec24	3.56
ICICI Pru Large & Mid Cap Dir Gr	INF109K011O5	TVS Motor Co Ltd	Consumer Cyclical	94.95	0.33	0.00	Jan25	5.32
ICICI Pru Large & Mid Cap Dir Gr	INF109K011O5	TVS Motor Co Ltd	Consumer Cyclical	94.95	0.33	0.00	Feb25	5.59
ICICI Pru Large & Mid Cap Dir Gr	INF109K011O5	TVS Motor Co Ltd	Consumer Cyclical	94.95	0.33	0.00	Mar25	15.51
ICICI Pru Large & Mid Cap Dir Gr	INF109K011O5	TVS Motor Co Ltd	Consumer Cyclical	94.95	0.33	0.00	Mar25	15.51
ICICI Pru Large & Mid Cap Dir Gr	INF109K011O5	TVS Motor Co Ltd	Consumer Cyclical	94.95	0.33	0.00	Apr25	12.51
ICICI Pru Large & Mid Cap Dir Gr	INF109K011O5	TVS Motor Co Ltd	Consumer Cyclical	94.95	0.33	0.00	May25	11.15
ICICI Pru Large & Mid Cap Dir Gr	INF109K011O5	TVS Motor Co Ltd	Consumer Cyclical	94.95	0.33	0.00	June25	10.18
ICICI Pru Large & Mid Cap Dir Gr	INF109K011O5	TVS Motor Co Ltd	Consumer Cyclical	94.95	0.33	0.00	July25	9.19
ICICI Pru Large & Mid Cap Dir Gr	INF109K011O5	TVS Motor Co Ltd	Consumer Cyclical	94.95	0.33	0.00	Aug25	8.13
ICICI Pru Large & Mid Cap Dir Gr	INF109K011O5	Orient Electric Ltd Ordinary Shares	Consumer Cyclical	86.83	0.30	0.00	Oct24	5.55
ICICI Pru Large & Mid Cap Dir Gr	INF109K011O5	Orient Electric Ltd Ordinary Shares	Consumer Cyclical	86.83	0.30	0.00	Nov24	7.52
ICICI Pru Large & Mid Cap Dir Gr	INF109K011O5	Orient Electric Ltd Ordinary Shares	Consumer Cyclical	86.83	0.30	0.00	Dec24	3.56
ICICI Pru Large & Mid Cap Dir Gr	INF109K011O5	Orient Electric Ltd Ordinary Shares	Consumer Cyclical	86.83	0.30	0.00	Jan25	5.32
ICICI Pru Large & Mid Cap Dir Gr	INF109K011O5	Orient Electric Ltd Ordinary Shares	Consumer Cyclical	86.83	0.30	0.00	Feb25	5.59
ICICI Pru Large & Mid Cap Dir Gr	INF109K011O5	Orient Electric Ltd Ordinary Shares	Consumer Cyclical	86.83	0.30	0.00	Mar25	15.51
ICICI Pru Large & Mid Cap Dir Gr	INF109K011O5	Orient Electric Ltd Ordinary Shares	Consumer Cyclical	86.83	0.30	0.00	Mar25	15.51
ICICI Pru Large & Mid Cap Dir Gr	INF109K011O5	Orient Electric Ltd Ordinary Shares	Consumer Cyclical	86.83	0.30	0.00	Apr25	12.51
ICICI Pru Large & Mid Cap Dir Gr	INF109K011O5	Orient Electric Ltd Ordinary Shares	Consumer Cyclical	86.83	0.30	0.00	May25	11.15
ICICI Pru Large & Mid Cap Dir Gr	INF109K011O5	Orient Electric Ltd Ordinary Shares	Consumer Cyclical	86.83	0.30	0.00	June25	10.18
ICICI Pru Large & Mid Cap Dir Gr	INF109K011O5	Orient Electric Ltd Ordinary Shares	Consumer Cyclical	86.83	0.30	0.00	July25	9.19
ICICI Pru Large & Mid Cap Dir Gr	INF109K011O5	Orient Electric Ltd Ordinary Shares	Consumer Cyclical	86.83	0.30	0.00	Aug25	8.13
ICICI Pru Large & Mid Cap Dir Gr	INF109K011O5	Thermax Ltd	Industrials	75.05	0.26	0.00	Oct24	5.55
ICICI Pru Large & Mid Cap Dir Gr	INF109K011O5	Thermax Ltd	Industrials	75.05	0.26	0.00	Nov24	7.52
ICICI Pru Large & Mid Cap Dir Gr	INF109K011O5	Thermax Ltd	Industrials	75.05	0.26	0.00	Dec24	3.56
ICICI Pru Large & Mid Cap Dir Gr	INF109K011O5	Thermax Ltd	Industrials	75.05	0.26	0.00	Jan25	5.32
ICICI Pru Large & Mid Cap Dir Gr	INF109K011O5	Thermax Ltd	Industrials	75.05	0.26	0.00	Feb25	5.59
ICICI Pru Large & Mid Cap Dir Gr	INF109K011O5	Thermax Ltd	Industrials	75.05	0.26	0.00	Mar25	15.51
ICICI Pru Large & Mid Cap Dir Gr	INF109K011O5	Thermax Ltd	Industrials	75.05	0.26	0.00	Mar25	15.51
ICICI Pru Large & Mid Cap Dir Gr	INF109K011O5	Thermax Ltd	Industrials	75.05	0.26	0.00	Apr25	12.51
ICICI Pru Large & Mid Cap Dir Gr	INF109K011O5	Thermax Ltd	Industrials	75.05	0.26	0.00	May25	11.15
ICICI Pru Large & Mid Cap Dir Gr	INF109K011O5	Thermax Ltd	Industrials	75.05	0.26	0.00	June25	10.18
ICICI Pru Large & Mid Cap Dir Gr	INF109K011O5	Thermax Ltd	Industrials	75.05	0.26	0.00	July25	9.19
ICICI Pru Large & Mid Cap Dir Gr	INF109K011O5	Thermax Ltd	Industrials	75.05	0.26	0.00	Aug25	8.13
ICICI Pru Large & Mid Cap Dir Gr	INF109K011O5	Honeywell Automation India Ltd	Industrials	69.10	0.24	0.00	Oct24	5.55
ICICI Pru Large & Mid Cap Dir Gr	INF109K011O5	Honeywell Automation India Ltd	Industrials	69.10	0.24	0.00	Nov24	7.52
ICICI Pru Large & Mid Cap Dir Gr	INF109K011O5	Honeywell Automation India Ltd	Industrials	69.10	0.24	0.00	Dec24	3.56
ICICI Pru Large & Mid Cap Dir Gr	INF109K011O5	Honeywell Automation India Ltd	Industrials	69.10	0.24	0.00	Jan25	5.32
ICICI Pru Large & Mid Cap Dir Gr	INF109K011O5	Honeywell Automation India Ltd	Industrials	69.10	0.24	0.00	Feb25	5.59
ICICI Pru Large & Mid Cap Dir Gr	INF109K011O5	Honeywell Automation India Ltd	Industrials	69.10	0.24	0.00	Mar25	15.51
ICICI Pru Large & Mid Cap Dir Gr	INF109K011O5	Honeywell Automation India Ltd	Industrials	69.10	0.24	0.00	Mar25	15.51
ICICI Pru Large & Mid Cap Dir Gr	INF109K011O5	Honeywell Automation India Ltd	Industrials	69.10	0.24	0.00	Apr25	12.51
ICICI Pru Large & Mid Cap Dir Gr	INF109K011O5	Honeywell Automation India Ltd	Industrials	69.10	0.24	0.00	May25	11.15
ICICI Pru Large & Mid Cap Dir Gr	INF109K011O5	Honeywell Automation India Ltd	Industrials	69.10	0.24	0.00	June25	10.18
ICICI Pru Large & Mid Cap Dir Gr	INF109K011O5	Honeywell Automation India Ltd	Industrials	69.10	0.24	0.00	July25	9.19
ICICI Pru Large & Mid Cap Dir Gr	INF109K011O5	Honeywell Automation India Ltd	Industrials	69.10	0.24	0.00	Aug25	8.13
ICICI Pru Large & Mid Cap Dir Gr	INF109K011O5	Interglobe Aviation Ltd.		65.35	0.23		Oct24	5.55
ICICI Pru Large & Mid Cap Dir Gr	INF109K011O5	Interglobe Aviation Ltd.		65.35	0.23		Nov24	7.52
ICICI Pru Large & Mid Cap Dir Gr	INF109K011O5	Interglobe Aviation Ltd.		65.35	0.23		Dec24	3.56
ICICI Pru Large & Mid Cap Dir Gr	INF109K011O5	Interglobe Aviation Ltd.		65.35	0.23		Jan25	5.32
ICICI Pru Large & Mid Cap Dir Gr	INF109K011O5	Interglobe Aviation Ltd.		65.35	0.23		Feb25	5.59
ICICI Pru Large & Mid Cap Dir Gr	INF109K011O5	Interglobe Aviation Ltd.		65.35	0.23		Mar25	15.51
ICICI Pru Large & Mid Cap Dir Gr	INF109K011O5	Interglobe Aviation Ltd.		65.35	0.23		Mar25	15.51
ICICI Pru Large & Mid Cap Dir Gr	INF109K011O5	Interglobe Aviation Ltd.		65.35	0.23		Apr25	12.51
ICICI Pru Large & Mid Cap Dir Gr	INF109K011O5	Interglobe Aviation Ltd.		65.35	0.23		May25	11.15
ICICI Pru Large & Mid Cap Dir Gr	INF109K011O5	Interglobe Aviation Ltd.		65.35	0.23		June25	10.18
ICICI Pru Large & Mid Cap Dir Gr	INF109K011O5	Interglobe Aviation Ltd.		65.35	0.23		July25	9.19
ICICI Pru Large & Mid Cap Dir Gr	INF109K011O5	Interglobe Aviation Ltd.		65.35	0.23		Aug25	8.13
ICICI Pru Large & Mid Cap Dir Gr	INF109K011O5	Brainbees Solutions Ltd	Consumer Cyclical	64.58	0.23	10.41	Oct24	5.55
ICICI Pru Large & Mid Cap Dir Gr	INF109K011O5	Brainbees Solutions Ltd	Consumer Cyclical	64.58	0.23	10.41	Nov24	7.52
ICICI Pru Large & Mid Cap Dir Gr	INF109K011O5	Brainbees Solutions Ltd	Consumer Cyclical	64.58	0.23	10.41	Dec24	3.56
ICICI Pru Large & Mid Cap Dir Gr	INF109K011O5	Brainbees Solutions Ltd	Consumer Cyclical	64.58	0.23	10.41	Jan25	5.32
ICICI Pru Large & Mid Cap Dir Gr	INF109K011O5	Brainbees Solutions Ltd	Consumer Cyclical	64.58	0.23	10.41	Feb25	5.59
ICICI Pru Large & Mid Cap Dir Gr	INF109K011O5	Brainbees Solutions Ltd	Consumer Cyclical	64.58	0.23	10.41	Mar25	15.51
ICICI Pru Large & Mid Cap Dir Gr	INF109K011O5	Brainbees Solutions Ltd	Consumer Cyclical	64.58	0.23	10.41	Mar25	15.51
ICICI Pru Large & Mid Cap Dir Gr	INF109K011O5	Brainbees Solutions Ltd	Consumer Cyclical	64.58	0.23	10.41	Apr25	12.51
ICICI Pru Large & Mid Cap Dir Gr	INF109K011O5	Brainbees Solutions Ltd	Consumer Cyclical	64.58	0.23	10.41	May25	11.15
ICICI Pru Large & Mid Cap Dir Gr	INF109K011O5	Brainbees Solutions Ltd	Consumer Cyclical	64.58	0.23	10.41	June25	10.18
ICICI Pru Large & Mid Cap Dir Gr	INF109K011O5	Brainbees Solutions Ltd	Consumer Cyclical	64.58	0.23	10.41	July25	9.19
ICICI Pru Large & Mid Cap Dir Gr	INF109K011O5	Brainbees Solutions Ltd	Consumer Cyclical	64.58	0.23	10.41	Aug25	8.13
ICICI Pru Large & Mid Cap Dir Gr	INF109K011O5	AAVAS Financiers Ltd	Financial Services	60.81	0.21		Oct24	5.55
ICICI Pru Large & Mid Cap Dir Gr	INF109K011O5	AAVAS Financiers Ltd	Financial Services	60.81	0.21		Nov24	7.52
ICICI Pru Large & Mid Cap Dir Gr	INF109K011O5	AAVAS Financiers Ltd	Financial Services	60.81	0.21		Dec24	3.56
ICICI Pru Large & Mid Cap Dir Gr	INF109K011O5	AAVAS Financiers Ltd	Financial Services	60.81	0.21		Jan25	5.32
ICICI Pru Large & Mid Cap Dir Gr	INF109K011O5	AAVAS Financiers Ltd	Financial Services	60.81	0.21		Feb25	5.59
ICICI Pru Large & Mid Cap Dir Gr	INF109K011O5	AAVAS Financiers Ltd	Financial Services	60.81	0.21		Mar25	15.51
ICICI Pru Large & Mid Cap Dir Gr	INF109K011O5	AAVAS Financiers Ltd	Financial Services	60.81	0.21		Mar25	15.51
ICICI Pru Large & Mid Cap Dir Gr	INF109K011O5	AAVAS Financiers Ltd	Financial Services	60.81	0.21		Apr25	12.51
ICICI Pru Large & Mid Cap Dir Gr	INF109K011O5	AAVAS Financiers Ltd	Financial Services	60.81	0.21		May25	11.15
ICICI Pru Large & Mid Cap Dir Gr	INF109K011O5	AAVAS Financiers Ltd	Financial Services	60.81	0.21		June25	10.18
ICICI Pru Large & Mid Cap Dir Gr	INF109K011O5	AAVAS Financiers Ltd	Financial Services	60.81	0.21		July25	9.19
ICICI Pru Large & Mid Cap Dir Gr	INF109K011O5	AAVAS Financiers Ltd	Financial Services	60.81	0.21		Aug25	8.13
ICICI Pru Large & Mid Cap Dir Gr	INF109K011O5	Suprajit Engineering Ltd	Consumer Cyclical	55.13	0.19	-8.06	Oct24	5.55
ICICI Pru Large & Mid Cap Dir Gr	INF109K011O5	Suprajit Engineering Ltd	Consumer Cyclical	55.13	0.19	-8.06	Nov24	7.52
ICICI Pru Large & Mid Cap Dir Gr	INF109K011O5	Suprajit Engineering Ltd	Consumer Cyclical	55.13	0.19	-8.06	Dec24	3.56
ICICI Pru Large & Mid Cap Dir Gr	INF109K011O5	Suprajit Engineering Ltd	Consumer Cyclical	55.13	0.19	-8.06	Jan25	5.32
ICICI Pru Large & Mid Cap Dir Gr	INF109K011O5	Suprajit Engineering Ltd	Consumer Cyclical	55.13	0.19	-8.06	Feb25	5.59
ICICI Pru Large & Mid Cap Dir Gr	INF109K011O5	Suprajit Engineering Ltd	Consumer Cyclical	55.13	0.19	-8.06	Mar25	15.51
ICICI Pru Large & Mid Cap Dir Gr	INF109K011O5	Suprajit Engineering Ltd	Consumer Cyclical	55.13	0.19	-8.06	Mar25	15.51
ICICI Pru Large & Mid Cap Dir Gr	INF109K011O5	Suprajit Engineering Ltd	Consumer Cyclical	55.13	0.19	-8.06	Apr25	12.51
ICICI Pru Large & Mid Cap Dir Gr	INF109K011O5	Suprajit Engineering Ltd	Consumer Cyclical	55.13	0.19	-8.06	May25	11.15
ICICI Pru Large & Mid Cap Dir Gr	INF109K011O5	Suprajit Engineering Ltd	Consumer Cyclical	55.13	0.19	-8.06	June25	10.18
ICICI Pru Large & Mid Cap Dir Gr	INF109K011O5	Suprajit Engineering Ltd	Consumer Cyclical	55.13	0.19	-8.06	July25	9.19
ICICI Pru Large & Mid Cap Dir Gr	INF109K011O5	Suprajit Engineering Ltd	Consumer Cyclical	55.13	0.19	-8.06	Aug25	8.13
ICICI Pru Large & Mid Cap Dir Gr	INF109K011O5	Mankind Pharma Ltd	Healthcare	48.09	0.17		Oct24	5.55
ICICI Pru Large & Mid Cap Dir Gr	INF109K011O5	Mankind Pharma Ltd	Healthcare	48.09	0.17		Nov24	7.52
ICICI Pru Large & Mid Cap Dir Gr	INF109K011O5	Mankind Pharma Ltd	Healthcare	48.09	0.17		Dec24	3.56
ICICI Pru Large & Mid Cap Dir Gr	INF109K011O5	Mankind Pharma Ltd	Healthcare	48.09	0.17		Jan25	5.32
ICICI Pru Large & Mid Cap Dir Gr	INF109K011O5	Mankind Pharma Ltd	Healthcare	48.09	0.17		Feb25	5.59
ICICI Pru Large & Mid Cap Dir Gr	INF109K011O5	Mankind Pharma Ltd	Healthcare	48.09	0.17		Mar25	15.51
ICICI Pru Large & Mid Cap Dir Gr	INF109K011O5	Mankind Pharma Ltd	Healthcare	48.09	0.17		Mar25	15.51
ICICI Pru Large & Mid Cap Dir Gr	INF109K011O5	Mankind Pharma Ltd	Healthcare	48.09	0.17		Apr25	12.51
ICICI Pru Large & Mid Cap Dir Gr	INF109K011O5	Mankind Pharma Ltd	Healthcare	48.09	0.17		May25	11.15
ICICI Pru Large & Mid Cap Dir Gr	INF109K011O5	Mankind Pharma Ltd	Healthcare	48.09	0.17		June25	10.18
ICICI Pru Large & Mid Cap Dir Gr	INF109K011O5	Mankind Pharma Ltd	Healthcare	48.09	0.17		July25	9.19
ICICI Pru Large & Mid Cap Dir Gr	INF109K011O5	Mankind Pharma Ltd	Healthcare	48.09	0.17		Aug25	8.13
ICICI Pru Large & Mid Cap Dir Gr	INF109K011O5	Indusind Bank Ltd.		-46.87	0.16		Oct24	5.55
ICICI Pru Large & Mid Cap Dir Gr	INF109K011O5	Indusind Bank Ltd.		-46.87	0.16		Nov24	7.52
ICICI Pru Large & Mid Cap Dir Gr	INF109K011O5	Indusind Bank Ltd.		-46.87	0.16		Dec24	3.56
ICICI Pru Large & Mid Cap Dir Gr	INF109K011O5	Indusind Bank Ltd.		-46.87	0.16		Jan25	5.32
ICICI Pru Large & Mid Cap Dir Gr	INF109K011O5	Indusind Bank Ltd.		-46.87	0.16		Feb25	5.59
ICICI Pru Large & Mid Cap Dir Gr	INF109K011O5	Indusind Bank Ltd.		-46.87	0.16		Mar25	15.51
ICICI Pru Large & Mid Cap Dir Gr	INF109K011O5	Indusind Bank Ltd.		-46.87	0.16		Mar25	15.51
ICICI Pru Large & Mid Cap Dir Gr	INF109K011O5	Indusind Bank Ltd.		-46.87	0.16		Apr25	12.51
ICICI Pru Large & Mid Cap Dir Gr	INF109K011O5	Indusind Bank Ltd.		-46.87	0.16		May25	11.15
ICICI Pru Large & Mid Cap Dir Gr	INF109K011O5	Indusind Bank Ltd.		-46.87	0.16		June25	10.18
ICICI Pru Large & Mid Cap Dir Gr	INF109K011O5	Indusind Bank Ltd.		-46.87	0.16		July25	9.19
ICICI Pru Large & Mid Cap Dir Gr	INF109K011O5	Indusind Bank Ltd.		-46.87	0.16		Aug25	8.13
ICICI Pru Large & Mid Cap Dir Gr	INF109K011O5	Zee Entertainment Enterprises Ltd	Communication Services	46.59	0.16	0.00	Oct24	5.55
ICICI Pru Large & Mid Cap Dir Gr	INF109K011O5	Zee Entertainment Enterprises Ltd	Communication Services	46.59	0.16	0.00	Nov24	7.52
ICICI Pru Large & Mid Cap Dir Gr	INF109K011O5	Zee Entertainment Enterprises Ltd	Communication Services	46.59	0.16	0.00	Dec24	3.56
ICICI Pru Large & Mid Cap Dir Gr	INF109K011O5	Zee Entertainment Enterprises Ltd	Communication Services	46.59	0.16	0.00	Jan25	5.32
ICICI Pru Large & Mid Cap Dir Gr	INF109K011O5	Zee Entertainment Enterprises Ltd	Communication Services	46.59	0.16	0.00	Feb25	5.59
ICICI Pru Large & Mid Cap Dir Gr	INF109K011O5	Zee Entertainment Enterprises Ltd	Communication Services	46.59	0.16	0.00	Mar25	15.51
ICICI Pru Large & Mid Cap Dir Gr	INF109K011O5	Zee Entertainment Enterprises Ltd	Communication Services	46.59	0.16	0.00	Mar25	15.51
ICICI Pru Large & Mid Cap Dir Gr	INF109K011O5	Zee Entertainment Enterprises Ltd	Communication Services	46.59	0.16	0.00	Apr25	12.51
ICICI Pru Large & Mid Cap Dir Gr	INF109K011O5	Zee Entertainment Enterprises Ltd	Communication Services	46.59	0.16	0.00	May25	11.15
ICICI Pru Large & Mid Cap Dir Gr	INF109K011O5	Zee Entertainment Enterprises Ltd	Communication Services	46.59	0.16	0.00	June25	10.18
ICICI Pru Large & Mid Cap Dir Gr	INF109K011O5	Zee Entertainment Enterprises Ltd	Communication Services	46.59	0.16	0.00	July25	9.19
ICICI Pru Large & Mid Cap Dir Gr	INF109K011O5	Zee Entertainment Enterprises Ltd	Communication Services	46.59	0.16	0.00	Aug25	8.13
ICICI Pru Large & Mid Cap Dir Gr	INF109K011O5	12/03/2026 Maturing 91 DTB		45.93	0.16	0.00	Oct24	5.55
ICICI Pru Large & Mid Cap Dir Gr	INF109K011O5	12/03/2026 Maturing 91 DTB		45.93	0.16	0.00	Nov24	7.52
ICICI Pru Large & Mid Cap Dir Gr	INF109K011O5	12/03/2026 Maturing 91 DTB		45.93	0.16	0.00	Dec24	3.56
ICICI Pru Large & Mid Cap Dir Gr	INF109K011O5	12/03/2026 Maturing 91 DTB		45.93	0.16	0.00	Jan25	5.32
ICICI Pru Large & Mid Cap Dir Gr	INF109K011O5	12/03/2026 Maturing 91 DTB		45.93	0.16	0.00	Feb25	5.59
ICICI Pru Large & Mid Cap Dir Gr	INF109K011O5	12/03/2026 Maturing 91 DTB		45.93	0.16	0.00	Mar25	15.51
ICICI Pru Large & Mid Cap Dir Gr	INF109K011O5	12/03/2026 Maturing 91 DTB		45.93	0.16	0.00	Mar25	15.51
ICICI Pru Large & Mid Cap Dir Gr	INF109K011O5	12/03/2026 Maturing 91 DTB		45.93	0.16	0.00	Apr25	12.51
ICICI Pru Large & Mid Cap Dir Gr	INF109K011O5	12/03/2026 Maturing 91 DTB		45.93	0.16	0.00	May25	11.15
ICICI Pru Large & Mid Cap Dir Gr	INF109K011O5	12/03/2026 Maturing 91 DTB		45.93	0.16	0.00	June25	10.18
ICICI Pru Large & Mid Cap Dir Gr	INF109K011O5	12/03/2026 Maturing 91 DTB		45.93	0.16	0.00	July25	9.19
ICICI Pru Large & Mid Cap Dir Gr	INF109K011O5	12/03/2026 Maturing 91 DTB		45.93	0.16	0.00	Aug25	8.13
ICICI Pru Large & Mid Cap Dir Gr	INF109K011O5	Nuvoco Vista Corp Ltd	Basic Materials	44.75	0.16	0.00	Oct24	5.55
ICICI Pru Large & Mid Cap Dir Gr	INF109K011O5	Nuvoco Vista Corp Ltd	Basic Materials	44.75	0.16	0.00	Nov24	7.52
ICICI Pru Large & Mid Cap Dir Gr	INF109K011O5	Nuvoco Vista Corp Ltd	Basic Materials	44.75	0.16	0.00	Dec24	3.56
ICICI Pru Large & Mid Cap Dir Gr	INF109K011O5	Nuvoco Vista Corp Ltd	Basic Materials	44.75	0.16	0.00	Jan25	5.32
ICICI Pru Large & Mid Cap Dir Gr	INF109K011O5	Nuvoco Vista Corp Ltd	Basic Materials	44.75	0.16	0.00	Feb25	5.59
ICICI Pru Large & Mid Cap Dir Gr	INF109K011O5	Nuvoco Vista Corp Ltd	Basic Materials	44.75	0.16	0.00	Mar25	15.51
ICICI Pru Large & Mid Cap Dir Gr	INF109K011O5	Nuvoco Vista Corp Ltd	Basic Materials	44.75	0.16	0.00	Mar25	15.51
ICICI Pru Large & Mid Cap Dir Gr	INF109K011O5	Nuvoco Vista Corp Ltd	Basic Materials	44.75	0.16	0.00	Apr25	12.51
ICICI Pru Large & Mid Cap Dir Gr	INF109K011O5	Nuvoco Vista Corp Ltd	Basic Materials	44.75	0.16	0.00	May25	11.15
ICICI Pru Large & Mid Cap Dir Gr	INF109K011O5	Nuvoco Vista Corp Ltd	Basic Materials	44.75	0.16	0.00	June25	10.18
ICICI Pru Large & Mid Cap Dir Gr	INF109K011O5	Nuvoco Vista Corp Ltd	Basic Materials	44.75	0.16	0.00	July25	9.19
ICICI Pru Large & Mid Cap Dir Gr	INF109K011O5	Nuvoco Vista Corp Ltd	Basic Materials	44.75	0.16	0.00	Aug25	8.13
ICICI Pru Large & Mid Cap Dir Gr	INF109K011O5	KSB Ltd	Industrials	41.42	0.15	-4.33	Oct24	5.55
ICICI Pru Large & Mid Cap Dir Gr	INF109K011O5	KSB Ltd	Industrials	41.42	0.15	-4.33	Nov24	7.52
ICICI Pru Large & Mid Cap Dir Gr	INF109K011O5	KSB Ltd	Industrials	41.42	0.15	-4.33	Dec24	3.56
ICICI Pru Large & Mid Cap Dir Gr	INF109K011O5	KSB Ltd	Industrials	41.42	0.15	-4.33	Jan25	5.32
ICICI Pru Large & Mid Cap Dir Gr	INF109K011O5	KSB Ltd	Industrials	41.42	0.15	-4.33	Feb25	5.59
ICICI Pru Large & Mid Cap Dir Gr	INF109K011O5	KSB Ltd	Industrials	41.42	0.15	-4.33	Mar25	15.51
ICICI Pru Large & Mid Cap Dir Gr	INF109K011O5	KSB Ltd	Industrials	41.42	0.15	-4.33	Mar25	15.51
ICICI Pru Large & Mid Cap Dir Gr	INF109K011O5	KSB Ltd	Industrials	41.42	0.15	-4.33	Apr25	12.51
ICICI Pru Large & Mid Cap Dir Gr	INF109K011O5	KSB Ltd	Industrials	41.42	0.15	-4.33	May25	11.15
ICICI Pru Large & Mid Cap Dir Gr	INF109K011O5	KSB Ltd	Industrials	41.42	0.15	-4.33	June25	10.18
ICICI Pru Large & Mid Cap Dir Gr	INF109K011O5	KSB Ltd	Industrials	41.42	0.15	-4.33	July25	9.19
ICICI Pru Large & Mid Cap Dir Gr	INF109K011O5	KSB Ltd	Industrials	41.42	0.15	-4.33	Aug25	8.13
ICICI Pru Large & Mid Cap Dir Gr	INF109K011O5	Cash Margin - Derivatives		40.90	0.14		Oct24	5.55
ICICI Pru Large & Mid Cap Dir Gr	INF109K011O5	Cash Margin - Derivatives		40.90	0.14		Nov24	7.52
ICICI Pru Large & Mid Cap Dir Gr	INF109K011O5	Cash Margin - Derivatives		40.90	0.14		Dec24	3.56
ICICI Pru Large & Mid Cap Dir Gr	INF109K011O5	Cash Margin - Derivatives		40.90	0.14		Jan25	5.32
ICICI Pru Large & Mid Cap Dir Gr	INF109K011O5	Cash Margin - Derivatives		40.90	0.14		Feb25	5.59
ICICI Pru Large & Mid Cap Dir Gr	INF109K011O5	Cash Margin - Derivatives		40.90	0.14		Mar25	15.51
ICICI Pru Large & Mid Cap Dir Gr	INF109K011O5	Cash Margin - Derivatives		40.90	0.14		Mar25	15.51
ICICI Pru Large & Mid Cap Dir Gr	INF109K011O5	Cash Margin - Derivatives		40.90	0.14		Apr25	12.51
ICICI Pru Large & Mid Cap Dir Gr	INF109K011O5	Cash Margin - Derivatives		40.90	0.14		May25	11.15
ICICI Pru Large & Mid Cap Dir Gr	INF109K011O5	Cash Margin - Derivatives		40.90	0.14		June25	10.18
ICICI Pru Large & Mid Cap Dir Gr	INF109K011O5	Cash Margin - Derivatives		40.90	0.14		July25	9.19
ICICI Pru Large & Mid Cap Dir Gr	INF109K011O5	Cash Margin - Derivatives		40.90	0.14		Aug25	8.13
ICICI Pru Large & Mid Cap Dir Gr	INF109K011O5	12/03/2026 Maturing 364 DTB		38.44	0.13	0.00	Oct24	5.55
ICICI Pru Large & Mid Cap Dir Gr	INF109K011O5	12/03/2026 Maturing 364 DTB		38.44	0.13	0.00	Nov24	7.52
ICICI Pru Large & Mid Cap Dir Gr	INF109K011O5	12/03/2026 Maturing 364 DTB		38.44	0.13	0.00	Dec24	3.56
ICICI Pru Large & Mid Cap Dir Gr	INF109K011O5	12/03/2026 Maturing 364 DTB		38.44	0.13	0.00	Jan25	5.32
ICICI Pru Large & Mid Cap Dir Gr	INF109K011O5	12/03/2026 Maturing 364 DTB		38.44	0.13	0.00	Feb25	5.59
ICICI Pru Large & Mid Cap Dir Gr	INF109K011O5	12/03/2026 Maturing 364 DTB		38.44	0.13	0.00	Mar25	15.51
ICICI Pru Large & Mid Cap Dir Gr	INF109K011O5	12/03/2026 Maturing 364 DTB		38.44	0.13	0.00	Mar25	15.51
ICICI Pru Large & Mid Cap Dir Gr	INF109K011O5	12/03/2026 Maturing 364 DTB		38.44	0.13	0.00	Apr25	12.51
ICICI Pru Large & Mid Cap Dir Gr	INF109K011O5	12/03/2026 Maturing 364 DTB		38.44	0.13	0.00	May25	11.15
ICICI Pru Large & Mid Cap Dir Gr	INF109K011O5	12/03/2026 Maturing 364 DTB		38.44	0.13	0.00	June25	10.18
ICICI Pru Large & Mid Cap Dir Gr	INF109K011O5	12/03/2026 Maturing 364 DTB		38.44	0.13	0.00	July25	9.19
ICICI Pru Large & Mid Cap Dir Gr	INF109K011O5	12/03/2026 Maturing 364 DTB		38.44	0.13	0.00	Aug25	8.13
ICICI Pru Large & Mid Cap Dir Gr	INF109K011O5	UPL Ltd	Basic Materials	31.01	0.11	-60.66	Oct24	5.55
ICICI Pru Large & Mid Cap Dir Gr	INF109K011O5	UPL Ltd	Basic Materials	31.01	0.11	-60.66	Nov24	7.52
ICICI Pru Large & Mid Cap Dir Gr	INF109K011O5	UPL Ltd	Basic Materials	31.01	0.11	-60.66	Dec24	3.56
ICICI Pru Large & Mid Cap Dir Gr	INF109K011O5	UPL Ltd	Basic Materials	31.01	0.11	-60.66	Jan25	5.32
ICICI Pru Large & Mid Cap Dir Gr	INF109K011O5	UPL Ltd	Basic Materials	31.01	0.11	-60.66	Feb25	5.59
ICICI Pru Large & Mid Cap Dir Gr	INF109K011O5	UPL Ltd	Basic Materials	31.01	0.11	-60.66	Mar25	15.51
ICICI Pru Large & Mid Cap Dir Gr	INF109K011O5	UPL Ltd	Basic Materials	31.01	0.11	-60.66	Mar25	15.51
ICICI Pru Large & Mid Cap Dir Gr	INF109K011O5	UPL Ltd	Basic Materials	31.01	0.11	-60.66	Apr25	12.51
ICICI Pru Large & Mid Cap Dir Gr	INF109K011O5	UPL Ltd	Basic Materials	31.01	0.11	-60.66	May25	11.15
ICICI Pru Large & Mid Cap Dir Gr	INF109K011O5	UPL Ltd	Basic Materials	31.01	0.11	-60.66	June25	10.18
ICICI Pru Large & Mid Cap Dir Gr	INF109K011O5	UPL Ltd	Basic Materials	31.01	0.11	-60.66	July25	9.19
ICICI Pru Large & Mid Cap Dir Gr	INF109K011O5	UPL Ltd	Basic Materials	31.01	0.11	-60.66	Aug25	8.13
ICICI Pru Large & Mid Cap Dir Gr	INF109K011O5	Divgi TorqTransfer Systems Ltd	Consumer Cyclical	29.97	0.11	4.57	Oct24	5.55
ICICI Pru Large & Mid Cap Dir Gr	INF109K011O5	Divgi TorqTransfer Systems Ltd	Consumer Cyclical	29.97	0.11	4.57	Nov24	7.52
ICICI Pru Large & Mid Cap Dir Gr	INF109K011O5	Divgi TorqTransfer Systems Ltd	Consumer Cyclical	29.97	0.11	4.57	Dec24	3.56
ICICI Pru Large & Mid Cap Dir Gr	INF109K011O5	Divgi TorqTransfer Systems Ltd	Consumer Cyclical	29.97	0.11	4.57	Jan25	5.32
ICICI Pru Large & Mid Cap Dir Gr	INF109K011O5	Divgi TorqTransfer Systems Ltd	Consumer Cyclical	29.97	0.11	4.57	Feb25	5.59
ICICI Pru Large & Mid Cap Dir Gr	INF109K011O5	Divgi TorqTransfer Systems Ltd	Consumer Cyclical	29.97	0.11	4.57	Mar25	15.51
ICICI Pru Large & Mid Cap Dir Gr	INF109K011O5	Divgi TorqTransfer Systems Ltd	Consumer Cyclical	29.97	0.11	4.57	Mar25	15.51
ICICI Pru Large & Mid Cap Dir Gr	INF109K011O5	Divgi TorqTransfer Systems Ltd	Consumer Cyclical	29.97	0.11	4.57	Apr25	12.51
ICICI Pru Large & Mid Cap Dir Gr	INF109K011O5	Divgi TorqTransfer Systems Ltd	Consumer Cyclical	29.97	0.11	4.57	May25	11.15
ICICI Pru Large & Mid Cap Dir Gr	INF109K011O5	Divgi TorqTransfer Systems Ltd	Consumer Cyclical	29.97	0.11	4.57	June25	10.18
ICICI Pru Large & Mid Cap Dir Gr	INF109K011O5	Divgi TorqTransfer Systems Ltd	Consumer Cyclical	29.97	0.11	4.57	July25	9.19
ICICI Pru Large & Mid Cap Dir Gr	INF109K011O5	Divgi TorqTransfer Systems Ltd	Consumer Cyclical	29.97	0.11	4.57	Aug25	8.13
ICICI Pru Large & Mid Cap Dir Gr	INF109K011O5	Vedant Fashions Ltd	Consumer Cyclical	27.89	0.10	0.00	Oct24	5.55
ICICI Pru Large & Mid Cap Dir Gr	INF109K011O5	Vedant Fashions Ltd	Consumer Cyclical	27.89	0.10	0.00	Nov24	7.52
ICICI Pru Large & Mid Cap Dir Gr	INF109K011O5	Vedant Fashions Ltd	Consumer Cyclical	27.89	0.10	0.00	Dec24	3.56
ICICI Pru Large & Mid Cap Dir Gr	INF109K011O5	Vedant Fashions Ltd	Consumer Cyclical	27.89	0.10	0.00	Jan25	5.32
ICICI Pru Large & Mid Cap Dir Gr	INF109K011O5	Vedant Fashions Ltd	Consumer Cyclical	27.89	0.10	0.00	Feb25	5.59
ICICI Pru Large & Mid Cap Dir Gr	INF109K011O5	Vedant Fashions Ltd	Consumer Cyclical	27.89	0.10	0.00	Mar25	15.51
ICICI Pru Large & Mid Cap Dir Gr	INF109K011O5	Vedant Fashions Ltd	Consumer Cyclical	27.89	0.10	0.00	Mar25	15.51
ICICI Pru Large & Mid Cap Dir Gr	INF109K011O5	Vedant Fashions Ltd	Consumer Cyclical	27.89	0.10	0.00	Apr25	12.51
ICICI Pru Large & Mid Cap Dir Gr	INF109K011O5	Vedant Fashions Ltd	Consumer Cyclical	27.89	0.10	0.00	May25	11.15
ICICI Pru Large & Mid Cap Dir Gr	INF109K011O5	Vedant Fashions Ltd	Consumer Cyclical	27.89	0.10	0.00	June25	10.18
ICICI Pru Large & Mid Cap Dir Gr	INF109K011O5	Vedant Fashions Ltd	Consumer Cyclical	27.89	0.10	0.00	July25	9.19
ICICI Pru Large & Mid Cap Dir Gr	INF109K011O5	Vedant Fashions Ltd	Consumer Cyclical	27.89	0.10	0.00	Aug25	8.13
ICICI Pru Large & Mid Cap Dir Gr	INF109K011O5	Tata Communications Ltd	Communication Services	20.36	0.07	-68.04	Oct24	5.55
ICICI Pru Large & Mid Cap Dir Gr	INF109K011O5	Tata Communications Ltd	Communication Services	20.36	0.07	-68.04	Nov24	7.52
ICICI Pru Large & Mid Cap Dir Gr	INF109K011O5	Tata Communications Ltd	Communication Services	20.36	0.07	-68.04	Dec24	3.56
ICICI Pru Large & Mid Cap Dir Gr	INF109K011O5	Tata Communications Ltd	Communication Services	20.36	0.07	-68.04	Jan25	5.32
ICICI Pru Large & Mid Cap Dir Gr	INF109K011O5	Tata Communications Ltd	Communication Services	20.36	0.07	-68.04	Feb25	5.59
ICICI Pru Large & Mid Cap Dir Gr	INF109K011O5	Tata Communications Ltd	Communication Services	20.36	0.07	-68.04	Mar25	15.51
ICICI Pru Large & Mid Cap Dir Gr	INF109K011O5	Tata Communications Ltd	Communication Services	20.36	0.07	-68.04	Mar25	15.51
ICICI Pru Large & Mid Cap Dir Gr	INF109K011O5	Tata Communications Ltd	Communication Services	20.36	0.07	-68.04	Apr25	12.51
ICICI Pru Large & Mid Cap Dir Gr	INF109K011O5	Tata Communications Ltd	Communication Services	20.36	0.07	-68.04	May25	11.15
ICICI Pru Large & Mid Cap Dir Gr	INF109K011O5	Tata Communications Ltd	Communication Services	20.36	0.07	-68.04	June25	10.18
ICICI Pru Large & Mid Cap Dir Gr	INF109K011O5	Tata Communications Ltd	Communication Services	20.36	0.07	-68.04	July25	9.19
ICICI Pru Large & Mid Cap Dir Gr	INF109K011O5	Tata Communications Ltd	Communication Services	20.36	0.07	-68.04	Aug25	8.13
ICICI Pru Large & Mid Cap Dir Gr	INF109K011O5	09/04/2026 Maturing 182 DTB		13.92	0.05	0.00	Oct24	5.55
ICICI Pru Large & Mid Cap Dir Gr	INF109K011O5	09/04/2026 Maturing 182 DTB		13.92	0.05	0.00	Nov24	7.52
ICICI Pru Large & Mid Cap Dir Gr	INF109K011O5	09/04/2026 Maturing 182 DTB		13.92	0.05	0.00	Dec24	3.56
ICICI Pru Large & Mid Cap Dir Gr	INF109K011O5	09/04/2026 Maturing 182 DTB		13.92	0.05	0.00	Jan25	5.32
ICICI Pru Large & Mid Cap Dir Gr	INF109K011O5	09/04/2026 Maturing 182 DTB		13.92	0.05	0.00	Feb25	5.59
ICICI Pru Large & Mid Cap Dir Gr	INF109K011O5	09/04/2026 Maturing 182 DTB		13.92	0.05	0.00	Mar25	15.51
ICICI Pru Large & Mid Cap Dir Gr	INF109K011O5	09/04/2026 Maturing 182 DTB		13.92	0.05	0.00	Mar25	15.51
ICICI Pru Large & Mid Cap Dir Gr	INF109K011O5	09/04/2026 Maturing 182 DTB		13.92	0.05	0.00	Apr25	12.51
ICICI Pru Large & Mid Cap Dir Gr	INF109K011O5	09/04/2026 Maturing 182 DTB		13.92	0.05	0.00	May25	11.15
ICICI Pru Large & Mid Cap Dir Gr	INF109K011O5	09/04/2026 Maturing 182 DTB		13.92	0.05	0.00	June25	10.18
ICICI Pru Large & Mid Cap Dir Gr	INF109K011O5	09/04/2026 Maturing 182 DTB		13.92	0.05	0.00	July25	9.19
ICICI Pru Large & Mid Cap Dir Gr	INF109K011O5	09/04/2026 Maturing 182 DTB		13.92	0.05	0.00	Aug25	8.13
ICICI Pru Large & Mid Cap Dir Gr	INF109K011O5	08/05/2026 Maturing 182 DTB		8.91	0.03		Oct24	5.55
ICICI Pru Large & Mid Cap Dir Gr	INF109K011O5	08/05/2026 Maturing 182 DTB		8.91	0.03		Nov24	7.52
ICICI Pru Large & Mid Cap Dir Gr	INF109K011O5	08/05/2026 Maturing 182 DTB		8.91	0.03		Dec24	3.56
ICICI Pru Large & Mid Cap Dir Gr	INF109K011O5	08/05/2026 Maturing 182 DTB		8.91	0.03		Jan25	5.32
ICICI Pru Large & Mid Cap Dir Gr	INF109K011O5	08/05/2026 Maturing 182 DTB		8.91	0.03		Feb25	5.59
ICICI Pru Large & Mid Cap Dir Gr	INF109K011O5	08/05/2026 Maturing 182 DTB		8.91	0.03		Mar25	15.51
ICICI Pru Large & Mid Cap Dir Gr	INF109K011O5	08/05/2026 Maturing 182 DTB		8.91	0.03		Mar25	15.51
ICICI Pru Large & Mid Cap Dir Gr	INF109K011O5	08/05/2026 Maturing 182 DTB		8.91	0.03		Apr25	12.51
ICICI Pru Large & Mid Cap Dir Gr	INF109K011O5	08/05/2026 Maturing 182 DTB		8.91	0.03		May25	11.15
ICICI Pru Large & Mid Cap Dir Gr	INF109K011O5	08/05/2026 Maturing 182 DTB		8.91	0.03		June25	10.18
ICICI Pru Large & Mid Cap Dir Gr	INF109K011O5	08/05/2026 Maturing 182 DTB		8.91	0.03		July25	9.19
ICICI Pru Large & Mid Cap Dir Gr	INF109K011O5	08/05/2026 Maturing 182 DTB		8.91	0.03		Aug25	8.13
ICICI Pru Large & Mid Cap Dir Gr	INF109K011O5	Tvs Motor Company Limited		2.32	0.01	0.00	Oct24	5.55
ICICI Pru Large & Mid Cap Dir Gr	INF109K011O5	Tvs Motor Company Limited		2.32	0.01	0.00	Nov24	7.52
ICICI Pru Large & Mid Cap Dir Gr	INF109K011O5	Tvs Motor Company Limited		2.32	0.01	0.00	Dec24	3.56
ICICI Pru Large & Mid Cap Dir Gr	INF109K011O5	Tvs Motor Company Limited		2.32	0.01	0.00	Jan25	5.32
ICICI Pru Large & Mid Cap Dir Gr	INF109K011O5	Tvs Motor Company Limited		2.32	0.01	0.00	Feb25	5.59
ICICI Pru Large & Mid Cap Dir Gr	INF109K011O5	Tvs Motor Company Limited		2.32	0.01	0.00	Mar25	15.51
ICICI Pru Large & Mid Cap Dir Gr	INF109K011O5	Tvs Motor Company Limited		2.32	0.01	0.00	Mar25	15.51
ICICI Pru Large & Mid Cap Dir Gr	INF109K011O5	Tvs Motor Company Limited		2.32	0.01	0.00	Apr25	12.51
ICICI Pru Large & Mid Cap Dir Gr	INF109K011O5	Tvs Motor Company Limited		2.32	0.01	0.00	May25	11.15
ICICI Pru Large & Mid Cap Dir Gr	INF109K011O5	Tvs Motor Company Limited		2.32	0.01	0.00	June25	10.18
ICICI Pru Large & Mid Cap Dir Gr	INF109K011O5	Tvs Motor Company Limited		2.32	0.01	0.00	July25	9.19
ICICI Pru Large & Mid Cap Dir Gr	INF109K011O5	Tvs Motor Company Limited		2.32	0.01	0.00	Aug25	8.13
ICICI Pru Large & Mid Cap Dir Gr	INF109K011O5	ICICI Lombard General Insurance Co Ltd		0.00	0.00	-100.00	Oct24	5.55
ICICI Pru Large & Mid Cap Dir Gr	INF109K011O5	ICICI Lombard General Insurance Co Ltd		0.00	0.00	-100.00	Nov24	7.52
ICICI Pru Large & Mid Cap Dir Gr	INF109K011O5	ICICI Lombard General Insurance Co Ltd		0.00	0.00	-100.00	Dec24	3.56
ICICI Pru Large & Mid Cap Dir Gr	INF109K011O5	ICICI Lombard General Insurance Co Ltd		0.00	0.00	-100.00	Jan25	5.32
ICICI Pru Large & Mid Cap Dir Gr	INF109K011O5	ICICI Lombard General Insurance Co Ltd		0.00	0.00	-100.00	Feb25	5.59
ICICI Pru Large & Mid Cap Dir Gr	INF109K011O5	ICICI Lombard General Insurance Co Ltd		0.00	0.00	-100.00	Mar25	15.51
ICICI Pru Large & Mid Cap Dir Gr	INF109K011O5	ICICI Lombard General Insurance Co Ltd		0.00	0.00	-100.00	Mar25	15.51
ICICI Pru Large & Mid Cap Dir Gr	INF109K011O5	ICICI Lombard General Insurance Co Ltd		0.00	0.00	-100.00	Apr25	12.51
ICICI Pru Large & Mid Cap Dir Gr	INF109K011O5	ICICI Lombard General Insurance Co Ltd		0.00	0.00	-100.00	May25	11.15
ICICI Pru Large & Mid Cap Dir Gr	INF109K011O5	ICICI Lombard General Insurance Co Ltd		0.00	0.00	-100.00	June25	10.18
ICICI Pru Large & Mid Cap Dir Gr	INF109K011O5	ICICI Lombard General Insurance Co Ltd		0.00	0.00	-100.00	July25	9.19
ICICI Pru Large & Mid Cap Dir Gr	INF109K011O5	ICICI Lombard General Insurance Co Ltd		0.00	0.00	-100.00	Aug25	8.13
ICICI Pru Large & Mid Cap Dir Gr	INF109K011O5	27/02/2026 Maturing 364 DTB		0.00	0.00	-100.00	Oct24	5.55
ICICI Pru Large & Mid Cap Dir Gr	INF109K011O5	27/02/2026 Maturing 364 DTB		0.00	0.00	-100.00	Nov24	7.52
ICICI Pru Large & Mid Cap Dir Gr	INF109K011O5	27/02/2026 Maturing 364 DTB		0.00	0.00	-100.00	Dec24	3.56
ICICI Pru Large & Mid Cap Dir Gr	INF109K011O5	27/02/2026 Maturing 364 DTB		0.00	0.00	-100.00	Jan25	5.32
ICICI Pru Large & Mid Cap Dir Gr	INF109K011O5	27/02/2026 Maturing 364 DTB		0.00	0.00	-100.00	Feb25	5.59
ICICI Pru Large & Mid Cap Dir Gr	INF109K011O5	27/02/2026 Maturing 364 DTB		0.00	0.00	-100.00	Mar25	15.51
ICICI Pru Large & Mid Cap Dir Gr	INF109K011O5	27/02/2026 Maturing 364 DTB		0.00	0.00	-100.00	Mar25	15.51
ICICI Pru Large & Mid Cap Dir Gr	INF109K011O5	27/02/2026 Maturing 364 DTB		0.00	0.00	-100.00	Apr25	12.51
ICICI Pru Large & Mid Cap Dir Gr	INF109K011O5	27/02/2026 Maturing 364 DTB		0.00	0.00	-100.00	May25	11.15
ICICI Pru Large & Mid Cap Dir Gr	INF109K011O5	27/02/2026 Maturing 364 DTB		0.00	0.00	-100.00	June25	10.18
ICICI Pru Large & Mid Cap Dir Gr	INF109K011O5	27/02/2026 Maturing 364 DTB		0.00	0.00	-100.00	July25	9.19
ICICI Pru Large & Mid Cap Dir Gr	INF109K011O5	27/02/2026 Maturing 364 DTB		0.00	0.00	-100.00	Aug25	8.13
ICICI Pru Large & Mid Cap Dir Gr	INF109K011O5	Procter & Gamble Hygiene and Health Care Ltd		0.00	0.00	-100.00	Oct24	5.55
ICICI Pru Large & Mid Cap Dir Gr	INF109K011O5	Procter & Gamble Hygiene and Health Care Ltd		0.00	0.00	-100.00	Nov24	7.52
ICICI Pru Large & Mid Cap Dir Gr	INF109K011O5	Procter & Gamble Hygiene and Health Care Ltd		0.00	0.00	-100.00	Dec24	3.56
ICICI Pru Large & Mid Cap Dir Gr	INF109K011O5	Procter & Gamble Hygiene and Health Care Ltd		0.00	0.00	-100.00	Jan25	5.32
ICICI Pru Large & Mid Cap Dir Gr	INF109K011O5	Procter & Gamble Hygiene and Health Care Ltd		0.00	0.00	-100.00	Feb25	5.59
ICICI Pru Large & Mid Cap Dir Gr	INF109K011O5	Procter & Gamble Hygiene and Health Care Ltd		0.00	0.00	-100.00	Mar25	15.51
ICICI Pru Large & Mid Cap Dir Gr	INF109K011O5	Procter & Gamble Hygiene and Health Care Ltd		0.00	0.00	-100.00	Mar25	15.51
ICICI Pru Large & Mid Cap Dir Gr	INF109K011O5	Procter & Gamble Hygiene and Health Care Ltd		0.00	0.00	-100.00	Apr25	12.51
ICICI Pru Large & Mid Cap Dir Gr	INF109K011O5	Procter & Gamble Hygiene and Health Care Ltd		0.00	0.00	-100.00	May25	11.15
ICICI Pru Large & Mid Cap Dir Gr	INF109K011O5	Procter & Gamble Hygiene and Health Care Ltd		0.00	0.00	-100.00	June25	10.18
ICICI Pru Large & Mid Cap Dir Gr	INF109K011O5	Procter & Gamble Hygiene and Health Care Ltd		0.00	0.00	-100.00	July25	9.19
ICICI Pru Large & Mid Cap Dir Gr	INF109K011O5	Procter & Gamble Hygiene and Health Care Ltd		0.00	0.00	-100.00	Aug25	8.13
ICICI Pru Large & Mid Cap Dir Gr	INF109K011O5	State Bank of India		0.00	0.00	-100.00	Oct24	5.55
ICICI Pru Large & Mid Cap Dir Gr	INF109K011O5	State Bank of India		0.00	0.00	-100.00	Nov24	7.52
ICICI Pru Large & Mid Cap Dir Gr	INF109K011O5	State Bank of India		0.00	0.00	-100.00	Dec24	3.56
ICICI Pru Large & Mid Cap Dir Gr	INF109K011O5	State Bank of India		0.00	0.00	-100.00	Jan25	5.32
ICICI Pru Large & Mid Cap Dir Gr	INF109K011O5	State Bank of India		0.00	0.00	-100.00	Feb25	5.59
ICICI Pru Large & Mid Cap Dir Gr	INF109K011O5	State Bank of India		0.00	0.00	-100.00	Mar25	15.51
ICICI Pru Large & Mid Cap Dir Gr	INF109K011O5	State Bank of India		0.00	0.00	-100.00	Mar25	15.51
ICICI Pru Large & Mid Cap Dir Gr	INF109K011O5	State Bank of India		0.00	0.00	-100.00	Apr25	12.51
ICICI Pru Large & Mid Cap Dir Gr	INF109K011O5	State Bank of India		0.00	0.00	-100.00	May25	11.15
ICICI Pru Large & Mid Cap Dir Gr	INF109K011O5	State Bank of India		0.00	0.00	-100.00	June25	10.18
ICICI Pru Large & Mid Cap Dir Gr	INF109K011O5	State Bank of India		0.00	0.00	-100.00	July25	9.19
ICICI Pru Large & Mid Cap Dir Gr	INF109K011O5	State Bank of India		0.00	0.00	-100.00	Aug25	8.13
ICICI Pru Large & Mid Cap Dir Gr	INF109K011O5	Hindustan Petroleum Corp Ltd		0.00	0.00	-100.00	Oct24	5.55
ICICI Pru Large & Mid Cap Dir Gr	INF109K011O5	Hindustan Petroleum Corp Ltd		0.00	0.00	-100.00	Nov24	7.52
ICICI Pru Large & Mid Cap Dir Gr	INF109K011O5	Hindustan Petroleum Corp Ltd		0.00	0.00	-100.00	Dec24	3.56
ICICI Pru Large & Mid Cap Dir Gr	INF109K011O5	Hindustan Petroleum Corp Ltd		0.00	0.00	-100.00	Jan25	5.32
ICICI Pru Large & Mid Cap Dir Gr	INF109K011O5	Hindustan Petroleum Corp Ltd		0.00	0.00	-100.00	Feb25	5.59
ICICI Pru Large & Mid Cap Dir Gr	INF109K011O5	Hindustan Petroleum Corp Ltd		0.00	0.00	-100.00	Mar25	15.51
ICICI Pru Large & Mid Cap Dir Gr	INF109K011O5	Hindustan Petroleum Corp Ltd		0.00	0.00	-100.00	Mar25	15.51
ICICI Pru Large & Mid Cap Dir Gr	INF109K011O5	Hindustan Petroleum Corp Ltd		0.00	0.00	-100.00	Apr25	12.51
ICICI Pru Large & Mid Cap Dir Gr	INF109K011O5	Hindustan Petroleum Corp Ltd		0.00	0.00	-100.00	May25	11.15
ICICI Pru Large & Mid Cap Dir Gr	INF109K011O5	Hindustan Petroleum Corp Ltd		0.00	0.00	-100.00	June25	10.18
ICICI Pru Large & Mid Cap Dir Gr	INF109K011O5	Hindustan Petroleum Corp Ltd		0.00	0.00	-100.00	July25	9.19
ICICI Pru Large & Mid Cap Dir Gr	INF109K011O5	Hindustan Petroleum Corp Ltd		0.00	0.00	-100.00	Aug25	8.13
