schemeName	isin	stock_name	sector	market_value	weight	change_1m	period	weightage
HDFC Small Cap Dir Gr	INF179KA1RW5	Treps - Tri-Party Repo		2,998.89	8.01		Oct24	5.55
HDFC Small Cap Dir Gr	INF179KA1RW5	Treps - Tri-Party Repo		2,998.89	8.01		Nov24	7.52
HDFC Small Cap Dir Gr	INF179KA1RW5	Treps - Tri-Party Repo		2,998.89	8.01		Dec24	3.56
HDFC Small Cap Dir Gr	INF179KA1RW5	Treps - Tri-Party Repo		2,998.89	8.01		Jan25	5.32
HDFC Small Cap Dir Gr	INF179KA1RW5	Treps - Tri-Party Repo		2,998.89	8.01		Feb25	5.59
HDFC Small Cap Dir Gr	INF179KA1RW5	Treps - Tri-Party Repo		2,998.89	8.01		Mar25	15.51
HDFC Small Cap Dir Gr	INF179KA1RW5	Treps - Tri-Party Repo		2,998.89	8.01		Mar25	15.51
HDFC Small Cap Dir Gr	INF179KA1RW5	Treps - Tri-Party Repo		2,998.89	8.01		Apr25	12.51
HDFC Small Cap Dir Gr	INF179KA1RW5	Treps - Tri-Party Repo		2,998.89	8.01		May25	11.15
HDFC Small Cap Dir Gr	INF179KA1RW5	Treps - Tri-Party Repo		2,998.89	8.01		June25	10.18
HDFC Small Cap Dir Gr	INF179KA1RW5	Treps - Tri-Party Repo		2,998.89	8.01		July25	9.19
HDFC Small Cap Dir Gr	INF179KA1RW5	Treps - Tri-Party Repo		2,998.89	8.01		Aug25	8.13
HDFC Small Cap Dir Gr	INF179KA1RW5	Aster DM Healthcare Ltd Ordinary Shares	Healthcare	1,575.43	4.21	0.58	Oct24	5.55
HDFC Small Cap Dir Gr	INF179KA1RW5	Aster DM Healthcare Ltd Ordinary Shares	Healthcare	1,575.43	4.21	0.58	Nov24	7.52
HDFC Small Cap Dir Gr	INF179KA1RW5	Aster DM Healthcare Ltd Ordinary Shares	Healthcare	1,575.43	4.21	0.58	Dec24	3.56
HDFC Small Cap Dir Gr	INF179KA1RW5	Aster DM Healthcare Ltd Ordinary Shares	Healthcare	1,575.43	4.21	0.58	Jan25	5.32
HDFC Small Cap Dir Gr	INF179KA1RW5	Aster DM Healthcare Ltd Ordinary Shares	Healthcare	1,575.43	4.21	0.58	Feb25	5.59
HDFC Small Cap Dir Gr	INF179KA1RW5	Aster DM Healthcare Ltd Ordinary Shares	Healthcare	1,575.43	4.21	0.58	Mar25	15.51
HDFC Small Cap Dir Gr	INF179KA1RW5	Aster DM Healthcare Ltd Ordinary Shares	Healthcare	1,575.43	4.21	0.58	Mar25	15.51
HDFC Small Cap Dir Gr	INF179KA1RW5	Aster DM Healthcare Ltd Ordinary Shares	Healthcare	1,575.43	4.21	0.58	Apr25	12.51
HDFC Small Cap Dir Gr	INF179KA1RW5	Aster DM Healthcare Ltd Ordinary Shares	Healthcare	1,575.43	4.21	0.58	May25	11.15
HDFC Small Cap Dir Gr	INF179KA1RW5	Aster DM Healthcare Ltd Ordinary Shares	Healthcare	1,575.43	4.21	0.58	June25	10.18
HDFC Small Cap Dir Gr	INF179KA1RW5	Aster DM Healthcare Ltd Ordinary Shares	Healthcare	1,575.43	4.21	0.58	July25	9.19
HDFC Small Cap Dir Gr	INF179KA1RW5	Aster DM Healthcare Ltd Ordinary Shares	Healthcare	1,575.43	4.21	0.58	Aug25	8.13
HDFC Small Cap Dir Gr	INF179KA1RW5	Bank of Baroda	Financial Services	1,507.65	4.03	0.00	Oct24	5.55
HDFC Small Cap Dir Gr	INF179KA1RW5	Bank of Baroda	Financial Services	1,507.65	4.03	0.00	Nov24	7.52
HDFC Small Cap Dir Gr	INF179KA1RW5	Bank of Baroda	Financial Services	1,507.65	4.03	0.00	Dec24	3.56
HDFC Small Cap Dir Gr	INF179KA1RW5	Bank of Baroda	Financial Services	1,507.65	4.03	0.00	Jan25	5.32
HDFC Small Cap Dir Gr	INF179KA1RW5	Bank of Baroda	Financial Services	1,507.65	4.03	0.00	Feb25	5.59
HDFC Small Cap Dir Gr	INF179KA1RW5	Bank of Baroda	Financial Services	1,507.65	4.03	0.00	Mar25	15.51
HDFC Small Cap Dir Gr	INF179KA1RW5	Bank of Baroda	Financial Services	1,507.65	4.03	0.00	Mar25	15.51
HDFC Small Cap Dir Gr	INF179KA1RW5	Bank of Baroda	Financial Services	1,507.65	4.03	0.00	Apr25	12.51
HDFC Small Cap Dir Gr	INF179KA1RW5	Bank of Baroda	Financial Services	1,507.65	4.03	0.00	May25	11.15
HDFC Small Cap Dir Gr	INF179KA1RW5	Bank of Baroda	Financial Services	1,507.65	4.03	0.00	June25	10.18
HDFC Small Cap Dir Gr	INF179KA1RW5	Bank of Baroda	Financial Services	1,507.65	4.03	0.00	July25	9.19
HDFC Small Cap Dir Gr	INF179KA1RW5	Bank of Baroda	Financial Services	1,507.65	4.03	0.00	Aug25	8.13
HDFC Small Cap Dir Gr	INF179KA1RW5	Firstsource Solutions Ltd	Technology	1,197.06	3.20	1.62	Oct24	5.55
HDFC Small Cap Dir Gr	INF179KA1RW5	Firstsource Solutions Ltd	Technology	1,197.06	3.20	1.62	Nov24	7.52
HDFC Small Cap Dir Gr	INF179KA1RW5	Firstsource Solutions Ltd	Technology	1,197.06	3.20	1.62	Dec24	3.56
HDFC Small Cap Dir Gr	INF179KA1RW5	Firstsource Solutions Ltd	Technology	1,197.06	3.20	1.62	Jan25	5.32
HDFC Small Cap Dir Gr	INF179KA1RW5	Firstsource Solutions Ltd	Technology	1,197.06	3.20	1.62	Feb25	5.59
HDFC Small Cap Dir Gr	INF179KA1RW5	Firstsource Solutions Ltd	Technology	1,197.06	3.20	1.62	Mar25	15.51
HDFC Small Cap Dir Gr	INF179KA1RW5	Firstsource Solutions Ltd	Technology	1,197.06	3.20	1.62	Mar25	15.51
HDFC Small Cap Dir Gr	INF179KA1RW5	Firstsource Solutions Ltd	Technology	1,197.06	3.20	1.62	Apr25	12.51
HDFC Small Cap Dir Gr	INF179KA1RW5	Firstsource Solutions Ltd	Technology	1,197.06	3.20	1.62	May25	11.15
HDFC Small Cap Dir Gr	INF179KA1RW5	Firstsource Solutions Ltd	Technology	1,197.06	3.20	1.62	June25	10.18
HDFC Small Cap Dir Gr	INF179KA1RW5	Firstsource Solutions Ltd	Technology	1,197.06	3.20	1.62	July25	9.19
HDFC Small Cap Dir Gr	INF179KA1RW5	Firstsource Solutions Ltd	Technology	1,197.06	3.20	1.62	Aug25	8.13
HDFC Small Cap Dir Gr	INF179KA1RW5	eClerx Services Ltd	Technology	966.63	2.58	1.50	Oct24	5.55
HDFC Small Cap Dir Gr	INF179KA1RW5	eClerx Services Ltd	Technology	966.63	2.58	1.50	Nov24	7.52
HDFC Small Cap Dir Gr	INF179KA1RW5	eClerx Services Ltd	Technology	966.63	2.58	1.50	Dec24	3.56
HDFC Small Cap Dir Gr	INF179KA1RW5	eClerx Services Ltd	Technology	966.63	2.58	1.50	Jan25	5.32
HDFC Small Cap Dir Gr	INF179KA1RW5	eClerx Services Ltd	Technology	966.63	2.58	1.50	Feb25	5.59
HDFC Small Cap Dir Gr	INF179KA1RW5	eClerx Services Ltd	Technology	966.63	2.58	1.50	Mar25	15.51
HDFC Small Cap Dir Gr	INF179KA1RW5	eClerx Services Ltd	Technology	966.63	2.58	1.50	Mar25	15.51
HDFC Small Cap Dir Gr	INF179KA1RW5	eClerx Services Ltd	Technology	966.63	2.58	1.50	Apr25	12.51
HDFC Small Cap Dir Gr	INF179KA1RW5	eClerx Services Ltd	Technology	966.63	2.58	1.50	May25	11.15
HDFC Small Cap Dir Gr	INF179KA1RW5	eClerx Services Ltd	Technology	966.63	2.58	1.50	June25	10.18
HDFC Small Cap Dir Gr	INF179KA1RW5	eClerx Services Ltd	Technology	966.63	2.58	1.50	July25	9.19
HDFC Small Cap Dir Gr	INF179KA1RW5	eClerx Services Ltd	Technology	966.63	2.58	1.50	Aug25	8.13
HDFC Small Cap Dir Gr	INF179KA1RW5	Indian Bank	Financial Services	959.61	2.56	0.00	Oct24	5.55
HDFC Small Cap Dir Gr	INF179KA1RW5	Indian Bank	Financial Services	959.61	2.56	0.00	Nov24	7.52
HDFC Small Cap Dir Gr	INF179KA1RW5	Indian Bank	Financial Services	959.61	2.56	0.00	Dec24	3.56
HDFC Small Cap Dir Gr	INF179KA1RW5	Indian Bank	Financial Services	959.61	2.56	0.00	Jan25	5.32
HDFC Small Cap Dir Gr	INF179KA1RW5	Indian Bank	Financial Services	959.61	2.56	0.00	Feb25	5.59
HDFC Small Cap Dir Gr	INF179KA1RW5	Indian Bank	Financial Services	959.61	2.56	0.00	Mar25	15.51
HDFC Small Cap Dir Gr	INF179KA1RW5	Indian Bank	Financial Services	959.61	2.56	0.00	Mar25	15.51
HDFC Small Cap Dir Gr	INF179KA1RW5	Indian Bank	Financial Services	959.61	2.56	0.00	Apr25	12.51
HDFC Small Cap Dir Gr	INF179KA1RW5	Indian Bank	Financial Services	959.61	2.56	0.00	May25	11.15
HDFC Small Cap Dir Gr	INF179KA1RW5	Indian Bank	Financial Services	959.61	2.56	0.00	June25	10.18
HDFC Small Cap Dir Gr	INF179KA1RW5	Indian Bank	Financial Services	959.61	2.56	0.00	July25	9.19
HDFC Small Cap Dir Gr	INF179KA1RW5	Indian Bank	Financial Services	959.61	2.56	0.00	Aug25	8.13
HDFC Small Cap Dir Gr	INF179KA1RW5	Gabriel India Ltd	Consumer Cyclical	928.20	2.48	0.54	Oct24	5.55
HDFC Small Cap Dir Gr	INF179KA1RW5	Gabriel India Ltd	Consumer Cyclical	928.20	2.48	0.54	Nov24	7.52
HDFC Small Cap Dir Gr	INF179KA1RW5	Gabriel India Ltd	Consumer Cyclical	928.20	2.48	0.54	Dec24	3.56
HDFC Small Cap Dir Gr	INF179KA1RW5	Gabriel India Ltd	Consumer Cyclical	928.20	2.48	0.54	Jan25	5.32
HDFC Small Cap Dir Gr	INF179KA1RW5	Gabriel India Ltd	Consumer Cyclical	928.20	2.48	0.54	Feb25	5.59
HDFC Small Cap Dir Gr	INF179KA1RW5	Gabriel India Ltd	Consumer Cyclical	928.20	2.48	0.54	Mar25	15.51
HDFC Small Cap Dir Gr	INF179KA1RW5	Gabriel India Ltd	Consumer Cyclical	928.20	2.48	0.54	Mar25	15.51
HDFC Small Cap Dir Gr	INF179KA1RW5	Gabriel India Ltd	Consumer Cyclical	928.20	2.48	0.54	Apr25	12.51
HDFC Small Cap Dir Gr	INF179KA1RW5	Gabriel India Ltd	Consumer Cyclical	928.20	2.48	0.54	May25	11.15
HDFC Small Cap Dir Gr	INF179KA1RW5	Gabriel India Ltd	Consumer Cyclical	928.20	2.48	0.54	June25	10.18
HDFC Small Cap Dir Gr	INF179KA1RW5	Gabriel India Ltd	Consumer Cyclical	928.20	2.48	0.54	July25	9.19
HDFC Small Cap Dir Gr	INF179KA1RW5	Gabriel India Ltd	Consumer Cyclical	928.20	2.48	0.54	Aug25	8.13
HDFC Small Cap Dir Gr	INF179KA1RW5	Eris Lifesciences Ltd Registered Shs	Healthcare	896.74	2.40	0.69	Oct24	5.55
HDFC Small Cap Dir Gr	INF179KA1RW5	Eris Lifesciences Ltd Registered Shs	Healthcare	896.74	2.40	0.69	Nov24	7.52
HDFC Small Cap Dir Gr	INF179KA1RW5	Eris Lifesciences Ltd Registered Shs	Healthcare	896.74	2.40	0.69	Dec24	3.56
HDFC Small Cap Dir Gr	INF179KA1RW5	Eris Lifesciences Ltd Registered Shs	Healthcare	896.74	2.40	0.69	Jan25	5.32
HDFC Small Cap Dir Gr	INF179KA1RW5	Eris Lifesciences Ltd Registered Shs	Healthcare	896.74	2.40	0.69	Feb25	5.59
HDFC Small Cap Dir Gr	INF179KA1RW5	Eris Lifesciences Ltd Registered Shs	Healthcare	896.74	2.40	0.69	Mar25	15.51
HDFC Small Cap Dir Gr	INF179KA1RW5	Eris Lifesciences Ltd Registered Shs	Healthcare	896.74	2.40	0.69	Mar25	15.51
HDFC Small Cap Dir Gr	INF179KA1RW5	Eris Lifesciences Ltd Registered Shs	Healthcare	896.74	2.40	0.69	Apr25	12.51
HDFC Small Cap Dir Gr	INF179KA1RW5	Eris Lifesciences Ltd Registered Shs	Healthcare	896.74	2.40	0.69	May25	11.15
HDFC Small Cap Dir Gr	INF179KA1RW5	Eris Lifesciences Ltd Registered Shs	Healthcare	896.74	2.40	0.69	June25	10.18
HDFC Small Cap Dir Gr	INF179KA1RW5	Eris Lifesciences Ltd Registered Shs	Healthcare	896.74	2.40	0.69	July25	9.19
HDFC Small Cap Dir Gr	INF179KA1RW5	Eris Lifesciences Ltd Registered Shs	Healthcare	896.74	2.40	0.69	Aug25	8.13
HDFC Small Cap Dir Gr	INF179KA1RW5	Fortis Healthcare Ltd	Healthcare	889.87	2.38	0.00	Oct24	5.55
HDFC Small Cap Dir Gr	INF179KA1RW5	Fortis Healthcare Ltd	Healthcare	889.87	2.38	0.00	Nov24	7.52
HDFC Small Cap Dir Gr	INF179KA1RW5	Fortis Healthcare Ltd	Healthcare	889.87	2.38	0.00	Dec24	3.56
HDFC Small Cap Dir Gr	INF179KA1RW5	Fortis Healthcare Ltd	Healthcare	889.87	2.38	0.00	Jan25	5.32
HDFC Small Cap Dir Gr	INF179KA1RW5	Fortis Healthcare Ltd	Healthcare	889.87	2.38	0.00	Feb25	5.59
HDFC Small Cap Dir Gr	INF179KA1RW5	Fortis Healthcare Ltd	Healthcare	889.87	2.38	0.00	Mar25	15.51
HDFC Small Cap Dir Gr	INF179KA1RW5	Fortis Healthcare Ltd	Healthcare	889.87	2.38	0.00	Mar25	15.51
HDFC Small Cap Dir Gr	INF179KA1RW5	Fortis Healthcare Ltd	Healthcare	889.87	2.38	0.00	Apr25	12.51
HDFC Small Cap Dir Gr	INF179KA1RW5	Fortis Healthcare Ltd	Healthcare	889.87	2.38	0.00	May25	11.15
HDFC Small Cap Dir Gr	INF179KA1RW5	Fortis Healthcare Ltd	Healthcare	889.87	2.38	0.00	June25	10.18
HDFC Small Cap Dir Gr	INF179KA1RW5	Fortis Healthcare Ltd	Healthcare	889.87	2.38	0.00	July25	9.19
HDFC Small Cap Dir Gr	INF179KA1RW5	Fortis Healthcare Ltd	Healthcare	889.87	2.38	0.00	Aug25	8.13
HDFC Small Cap Dir Gr	INF179KA1RW5	Krishna Institute of Medical Sciences Ltd	Healthcare	829.51	2.22	0.06	Oct24	5.55
HDFC Small Cap Dir Gr	INF179KA1RW5	Krishna Institute of Medical Sciences Ltd	Healthcare	829.51	2.22	0.06	Nov24	7.52
HDFC Small Cap Dir Gr	INF179KA1RW5	Krishna Institute of Medical Sciences Ltd	Healthcare	829.51	2.22	0.06	Dec24	3.56
HDFC Small Cap Dir Gr	INF179KA1RW5	Krishna Institute of Medical Sciences Ltd	Healthcare	829.51	2.22	0.06	Jan25	5.32
HDFC Small Cap Dir Gr	INF179KA1RW5	Krishna Institute of Medical Sciences Ltd	Healthcare	829.51	2.22	0.06	Feb25	5.59
HDFC Small Cap Dir Gr	INF179KA1RW5	Krishna Institute of Medical Sciences Ltd	Healthcare	829.51	2.22	0.06	Mar25	15.51
HDFC Small Cap Dir Gr	INF179KA1RW5	Krishna Institute of Medical Sciences Ltd	Healthcare	829.51	2.22	0.06	Mar25	15.51
HDFC Small Cap Dir Gr	INF179KA1RW5	Krishna Institute of Medical Sciences Ltd	Healthcare	829.51	2.22	0.06	Apr25	12.51
HDFC Small Cap Dir Gr	INF179KA1RW5	Krishna Institute of Medical Sciences Ltd	Healthcare	829.51	2.22	0.06	May25	11.15
HDFC Small Cap Dir Gr	INF179KA1RW5	Krishna Institute of Medical Sciences Ltd	Healthcare	829.51	2.22	0.06	June25	10.18
HDFC Small Cap Dir Gr	INF179KA1RW5	Krishna Institute of Medical Sciences Ltd	Healthcare	829.51	2.22	0.06	July25	9.19
HDFC Small Cap Dir Gr	INF179KA1RW5	Krishna Institute of Medical Sciences Ltd	Healthcare	829.51	2.22	0.06	Aug25	8.13
HDFC Small Cap Dir Gr	INF179KA1RW5	Great Eastern Shipping Co Ltd	Industrials	700.19	1.87	0.00	Oct24	5.55
HDFC Small Cap Dir Gr	INF179KA1RW5	Great Eastern Shipping Co Ltd	Industrials	700.19	1.87	0.00	Nov24	7.52
HDFC Small Cap Dir Gr	INF179KA1RW5	Great Eastern Shipping Co Ltd	Industrials	700.19	1.87	0.00	Dec24	3.56
HDFC Small Cap Dir Gr	INF179KA1RW5	Great Eastern Shipping Co Ltd	Industrials	700.19	1.87	0.00	Jan25	5.32
HDFC Small Cap Dir Gr	INF179KA1RW5	Great Eastern Shipping Co Ltd	Industrials	700.19	1.87	0.00	Feb25	5.59
HDFC Small Cap Dir Gr	INF179KA1RW5	Great Eastern Shipping Co Ltd	Industrials	700.19	1.87	0.00	Mar25	15.51
HDFC Small Cap Dir Gr	INF179KA1RW5	Great Eastern Shipping Co Ltd	Industrials	700.19	1.87	0.00	Mar25	15.51
HDFC Small Cap Dir Gr	INF179KA1RW5	Great Eastern Shipping Co Ltd	Industrials	700.19	1.87	0.00	Apr25	12.51
HDFC Small Cap Dir Gr	INF179KA1RW5	Great Eastern Shipping Co Ltd	Industrials	700.19	1.87	0.00	May25	11.15
HDFC Small Cap Dir Gr	INF179KA1RW5	Great Eastern Shipping Co Ltd	Industrials	700.19	1.87	0.00	June25	10.18
HDFC Small Cap Dir Gr	INF179KA1RW5	Great Eastern Shipping Co Ltd	Industrials	700.19	1.87	0.00	July25	9.19
HDFC Small Cap Dir Gr	INF179KA1RW5	Great Eastern Shipping Co Ltd	Industrials	700.19	1.87	0.00	Aug25	8.13
HDFC Small Cap Dir Gr	INF179KA1RW5	Sharda Cropchem Ltd	Basic Materials	644.14	1.72	0.00	Oct24	5.55
HDFC Small Cap Dir Gr	INF179KA1RW5	Sharda Cropchem Ltd	Basic Materials	644.14	1.72	0.00	Nov24	7.52
HDFC Small Cap Dir Gr	INF179KA1RW5	Sharda Cropchem Ltd	Basic Materials	644.14	1.72	0.00	Dec24	3.56
HDFC Small Cap Dir Gr	INF179KA1RW5	Sharda Cropchem Ltd	Basic Materials	644.14	1.72	0.00	Jan25	5.32
HDFC Small Cap Dir Gr	INF179KA1RW5	Sharda Cropchem Ltd	Basic Materials	644.14	1.72	0.00	Feb25	5.59
HDFC Small Cap Dir Gr	INF179KA1RW5	Sharda Cropchem Ltd	Basic Materials	644.14	1.72	0.00	Mar25	15.51
HDFC Small Cap Dir Gr	INF179KA1RW5	Sharda Cropchem Ltd	Basic Materials	644.14	1.72	0.00	Mar25	15.51
HDFC Small Cap Dir Gr	INF179KA1RW5	Sharda Cropchem Ltd	Basic Materials	644.14	1.72	0.00	Apr25	12.51
HDFC Small Cap Dir Gr	INF179KA1RW5	Sharda Cropchem Ltd	Basic Materials	644.14	1.72	0.00	May25	11.15
HDFC Small Cap Dir Gr	INF179KA1RW5	Sharda Cropchem Ltd	Basic Materials	644.14	1.72	0.00	June25	10.18
HDFC Small Cap Dir Gr	INF179KA1RW5	Sharda Cropchem Ltd	Basic Materials	644.14	1.72	0.00	July25	9.19
HDFC Small Cap Dir Gr	INF179KA1RW5	Sharda Cropchem Ltd	Basic Materials	644.14	1.72	0.00	Aug25	8.13
HDFC Small Cap Dir Gr	INF179KA1RW5	Godrej Consumer Products Ltd	Consumer Defensive	632.91	1.69	0.00	Oct24	5.55
HDFC Small Cap Dir Gr	INF179KA1RW5	Godrej Consumer Products Ltd	Consumer Defensive	632.91	1.69	0.00	Nov24	7.52
HDFC Small Cap Dir Gr	INF179KA1RW5	Godrej Consumer Products Ltd	Consumer Defensive	632.91	1.69	0.00	Dec24	3.56
HDFC Small Cap Dir Gr	INF179KA1RW5	Godrej Consumer Products Ltd	Consumer Defensive	632.91	1.69	0.00	Jan25	5.32
HDFC Small Cap Dir Gr	INF179KA1RW5	Godrej Consumer Products Ltd	Consumer Defensive	632.91	1.69	0.00	Feb25	5.59
HDFC Small Cap Dir Gr	INF179KA1RW5	Godrej Consumer Products Ltd	Consumer Defensive	632.91	1.69	0.00	Mar25	15.51
HDFC Small Cap Dir Gr	INF179KA1RW5	Godrej Consumer Products Ltd	Consumer Defensive	632.91	1.69	0.00	Mar25	15.51
HDFC Small Cap Dir Gr	INF179KA1RW5	Godrej Consumer Products Ltd	Consumer Defensive	632.91	1.69	0.00	Apr25	12.51
HDFC Small Cap Dir Gr	INF179KA1RW5	Godrej Consumer Products Ltd	Consumer Defensive	632.91	1.69	0.00	May25	11.15
HDFC Small Cap Dir Gr	INF179KA1RW5	Godrej Consumer Products Ltd	Consumer Defensive	632.91	1.69	0.00	June25	10.18
HDFC Small Cap Dir Gr	INF179KA1RW5	Godrej Consumer Products Ltd	Consumer Defensive	632.91	1.69	0.00	July25	9.19
HDFC Small Cap Dir Gr	INF179KA1RW5	Godrej Consumer Products Ltd	Consumer Defensive	632.91	1.69	0.00	Aug25	8.13
HDFC Small Cap Dir Gr	INF179KA1RW5	The Federal Bank Ltd	Financial Services	622.47	1.66	0.00	Oct24	5.55
HDFC Small Cap Dir Gr	INF179KA1RW5	The Federal Bank Ltd	Financial Services	622.47	1.66	0.00	Nov24	7.52
HDFC Small Cap Dir Gr	INF179KA1RW5	The Federal Bank Ltd	Financial Services	622.47	1.66	0.00	Dec24	3.56
HDFC Small Cap Dir Gr	INF179KA1RW5	The Federal Bank Ltd	Financial Services	622.47	1.66	0.00	Jan25	5.32
HDFC Small Cap Dir Gr	INF179KA1RW5	The Federal Bank Ltd	Financial Services	622.47	1.66	0.00	Feb25	5.59
HDFC Small Cap Dir Gr	INF179KA1RW5	The Federal Bank Ltd	Financial Services	622.47	1.66	0.00	Mar25	15.51
HDFC Small Cap Dir Gr	INF179KA1RW5	The Federal Bank Ltd	Financial Services	622.47	1.66	0.00	Mar25	15.51
HDFC Small Cap Dir Gr	INF179KA1RW5	The Federal Bank Ltd	Financial Services	622.47	1.66	0.00	Apr25	12.51
HDFC Small Cap Dir Gr	INF179KA1RW5	The Federal Bank Ltd	Financial Services	622.47	1.66	0.00	May25	11.15
HDFC Small Cap Dir Gr	INF179KA1RW5	The Federal Bank Ltd	Financial Services	622.47	1.66	0.00	June25	10.18
HDFC Small Cap Dir Gr	INF179KA1RW5	The Federal Bank Ltd	Financial Services	622.47	1.66	0.00	July25	9.19
HDFC Small Cap Dir Gr	INF179KA1RW5	The Federal Bank Ltd	Financial Services	622.47	1.66	0.00	Aug25	8.13
HDFC Small Cap Dir Gr	INF179KA1RW5	Timken India Ltd	Industrials	605.21	1.62	0.50	Oct24	5.55
HDFC Small Cap Dir Gr	INF179KA1RW5	Timken India Ltd	Industrials	605.21	1.62	0.50	Nov24	7.52
HDFC Small Cap Dir Gr	INF179KA1RW5	Timken India Ltd	Industrials	605.21	1.62	0.50	Dec24	3.56
HDFC Small Cap Dir Gr	INF179KA1RW5	Timken India Ltd	Industrials	605.21	1.62	0.50	Jan25	5.32
HDFC Small Cap Dir Gr	INF179KA1RW5	Timken India Ltd	Industrials	605.21	1.62	0.50	Feb25	5.59
HDFC Small Cap Dir Gr	INF179KA1RW5	Timken India Ltd	Industrials	605.21	1.62	0.50	Mar25	15.51
HDFC Small Cap Dir Gr	INF179KA1RW5	Timken India Ltd	Industrials	605.21	1.62	0.50	Mar25	15.51
HDFC Small Cap Dir Gr	INF179KA1RW5	Timken India Ltd	Industrials	605.21	1.62	0.50	Apr25	12.51
HDFC Small Cap Dir Gr	INF179KA1RW5	Timken India Ltd	Industrials	605.21	1.62	0.50	May25	11.15
HDFC Small Cap Dir Gr	INF179KA1RW5	Timken India Ltd	Industrials	605.21	1.62	0.50	June25	10.18
HDFC Small Cap Dir Gr	INF179KA1RW5	Timken India Ltd	Industrials	605.21	1.62	0.50	July25	9.19
HDFC Small Cap Dir Gr	INF179KA1RW5	Timken India Ltd	Industrials	605.21	1.62	0.50	Aug25	8.13
HDFC Small Cap Dir Gr	INF179KA1RW5	Kalpataru Projects International Ltd	Industrials	574.92	1.54	0.00	Oct24	5.55
HDFC Small Cap Dir Gr	INF179KA1RW5	Kalpataru Projects International Ltd	Industrials	574.92	1.54	0.00	Nov24	7.52
HDFC Small Cap Dir Gr	INF179KA1RW5	Kalpataru Projects International Ltd	Industrials	574.92	1.54	0.00	Dec24	3.56
HDFC Small Cap Dir Gr	INF179KA1RW5	Kalpataru Projects International Ltd	Industrials	574.92	1.54	0.00	Jan25	5.32
HDFC Small Cap Dir Gr	INF179KA1RW5	Kalpataru Projects International Ltd	Industrials	574.92	1.54	0.00	Feb25	5.59
HDFC Small Cap Dir Gr	INF179KA1RW5	Kalpataru Projects International Ltd	Industrials	574.92	1.54	0.00	Mar25	15.51
HDFC Small Cap Dir Gr	INF179KA1RW5	Kalpataru Projects International Ltd	Industrials	574.92	1.54	0.00	Mar25	15.51
HDFC Small Cap Dir Gr	INF179KA1RW5	Kalpataru Projects International Ltd	Industrials	574.92	1.54	0.00	Apr25	12.51
HDFC Small Cap Dir Gr	INF179KA1RW5	Kalpataru Projects International Ltd	Industrials	574.92	1.54	0.00	May25	11.15
HDFC Small Cap Dir Gr	INF179KA1RW5	Kalpataru Projects International Ltd	Industrials	574.92	1.54	0.00	June25	10.18
HDFC Small Cap Dir Gr	INF179KA1RW5	Kalpataru Projects International Ltd	Industrials	574.92	1.54	0.00	July25	9.19
HDFC Small Cap Dir Gr	INF179KA1RW5	Kalpataru Projects International Ltd	Industrials	574.92	1.54	0.00	Aug25	8.13
HDFC Small Cap Dir Gr	INF179KA1RW5	City Union Bank Ltd	Financial Services	566.26	1.51	0.00	Oct24	5.55
HDFC Small Cap Dir Gr	INF179KA1RW5	City Union Bank Ltd	Financial Services	566.26	1.51	0.00	Nov24	7.52
HDFC Small Cap Dir Gr	INF179KA1RW5	City Union Bank Ltd	Financial Services	566.26	1.51	0.00	Dec24	3.56
HDFC Small Cap Dir Gr	INF179KA1RW5	City Union Bank Ltd	Financial Services	566.26	1.51	0.00	Jan25	5.32
HDFC Small Cap Dir Gr	INF179KA1RW5	City Union Bank Ltd	Financial Services	566.26	1.51	0.00	Feb25	5.59
HDFC Small Cap Dir Gr	INF179KA1RW5	City Union Bank Ltd	Financial Services	566.26	1.51	0.00	Mar25	15.51
HDFC Small Cap Dir Gr	INF179KA1RW5	City Union Bank Ltd	Financial Services	566.26	1.51	0.00	Mar25	15.51
HDFC Small Cap Dir Gr	INF179KA1RW5	City Union Bank Ltd	Financial Services	566.26	1.51	0.00	Apr25	12.51
HDFC Small Cap Dir Gr	INF179KA1RW5	City Union Bank Ltd	Financial Services	566.26	1.51	0.00	May25	11.15
HDFC Small Cap Dir Gr	INF179KA1RW5	City Union Bank Ltd	Financial Services	566.26	1.51	0.00	June25	10.18
HDFC Small Cap Dir Gr	INF179KA1RW5	City Union Bank Ltd	Financial Services	566.26	1.51	0.00	July25	9.19
HDFC Small Cap Dir Gr	INF179KA1RW5	City Union Bank Ltd	Financial Services	566.26	1.51	0.00	Aug25	8.13
HDFC Small Cap Dir Gr	INF179KA1RW5	Apar Industries Ltd	Industrials	565.03	1.51	0.00	Oct24	5.55
HDFC Small Cap Dir Gr	INF179KA1RW5	Apar Industries Ltd	Industrials	565.03	1.51	0.00	Nov24	7.52
HDFC Small Cap Dir Gr	INF179KA1RW5	Apar Industries Ltd	Industrials	565.03	1.51	0.00	Dec24	3.56
HDFC Small Cap Dir Gr	INF179KA1RW5	Apar Industries Ltd	Industrials	565.03	1.51	0.00	Jan25	5.32
HDFC Small Cap Dir Gr	INF179KA1RW5	Apar Industries Ltd	Industrials	565.03	1.51	0.00	Feb25	5.59
HDFC Small Cap Dir Gr	INF179KA1RW5	Apar Industries Ltd	Industrials	565.03	1.51	0.00	Mar25	15.51
HDFC Small Cap Dir Gr	INF179KA1RW5	Apar Industries Ltd	Industrials	565.03	1.51	0.00	Mar25	15.51
HDFC Small Cap Dir Gr	INF179KA1RW5	Apar Industries Ltd	Industrials	565.03	1.51	0.00	Apr25	12.51
HDFC Small Cap Dir Gr	INF179KA1RW5	Apar Industries Ltd	Industrials	565.03	1.51	0.00	May25	11.15
HDFC Small Cap Dir Gr	INF179KA1RW5	Apar Industries Ltd	Industrials	565.03	1.51	0.00	June25	10.18
HDFC Small Cap Dir Gr	INF179KA1RW5	Apar Industries Ltd	Industrials	565.03	1.51	0.00	July25	9.19
HDFC Small Cap Dir Gr	INF179KA1RW5	Apar Industries Ltd	Industrials	565.03	1.51	0.00	Aug25	8.13
HDFC Small Cap Dir Gr	INF179KA1RW5	L.G.Balakrishnan & Bros Ltd	Consumer Cyclical	538.89	1.44	0.00	Oct24	5.55
HDFC Small Cap Dir Gr	INF179KA1RW5	L.G.Balakrishnan & Bros Ltd	Consumer Cyclical	538.89	1.44	0.00	Nov24	7.52
HDFC Small Cap Dir Gr	INF179KA1RW5	L.G.Balakrishnan & Bros Ltd	Consumer Cyclical	538.89	1.44	0.00	Dec24	3.56
HDFC Small Cap Dir Gr	INF179KA1RW5	L.G.Balakrishnan & Bros Ltd	Consumer Cyclical	538.89	1.44	0.00	Jan25	5.32
HDFC Small Cap Dir Gr	INF179KA1RW5	L.G.Balakrishnan & Bros Ltd	Consumer Cyclical	538.89	1.44	0.00	Feb25	5.59
HDFC Small Cap Dir Gr	INF179KA1RW5	L.G.Balakrishnan & Bros Ltd	Consumer Cyclical	538.89	1.44	0.00	Mar25	15.51
HDFC Small Cap Dir Gr	INF179KA1RW5	L.G.Balakrishnan & Bros Ltd	Consumer Cyclical	538.89	1.44	0.00	Mar25	15.51
HDFC Small Cap Dir Gr	INF179KA1RW5	L.G.Balakrishnan & Bros Ltd	Consumer Cyclical	538.89	1.44	0.00	Apr25	12.51
HDFC Small Cap Dir Gr	INF179KA1RW5	L.G.Balakrishnan & Bros Ltd	Consumer Cyclical	538.89	1.44	0.00	May25	11.15
HDFC Small Cap Dir Gr	INF179KA1RW5	L.G.Balakrishnan & Bros Ltd	Consumer Cyclical	538.89	1.44	0.00	June25	10.18
HDFC Small Cap Dir Gr	INF179KA1RW5	L.G.Balakrishnan & Bros Ltd	Consumer Cyclical	538.89	1.44	0.00	July25	9.19
HDFC Small Cap Dir Gr	INF179KA1RW5	L.G.Balakrishnan & Bros Ltd	Consumer Cyclical	538.89	1.44	0.00	Aug25	8.13
HDFC Small Cap Dir Gr	INF179KA1RW5	Home First Finance Co India Ltd ---	Financial Services	528.65	1.41	0.00	Oct24	5.55
HDFC Small Cap Dir Gr	INF179KA1RW5	Home First Finance Co India Ltd ---	Financial Services	528.65	1.41	0.00	Nov24	7.52
HDFC Small Cap Dir Gr	INF179KA1RW5	Home First Finance Co India Ltd ---	Financial Services	528.65	1.41	0.00	Dec24	3.56
HDFC Small Cap Dir Gr	INF179KA1RW5	Home First Finance Co India Ltd ---	Financial Services	528.65	1.41	0.00	Jan25	5.32
HDFC Small Cap Dir Gr	INF179KA1RW5	Home First Finance Co India Ltd ---	Financial Services	528.65	1.41	0.00	Feb25	5.59
HDFC Small Cap Dir Gr	INF179KA1RW5	Home First Finance Co India Ltd ---	Financial Services	528.65	1.41	0.00	Mar25	15.51
HDFC Small Cap Dir Gr	INF179KA1RW5	Home First Finance Co India Ltd ---	Financial Services	528.65	1.41	0.00	Mar25	15.51
HDFC Small Cap Dir Gr	INF179KA1RW5	Home First Finance Co India Ltd ---	Financial Services	528.65	1.41	0.00	Apr25	12.51
HDFC Small Cap Dir Gr	INF179KA1RW5	Home First Finance Co India Ltd ---	Financial Services	528.65	1.41	0.00	May25	11.15
HDFC Small Cap Dir Gr	INF179KA1RW5	Home First Finance Co India Ltd ---	Financial Services	528.65	1.41	0.00	June25	10.18
HDFC Small Cap Dir Gr	INF179KA1RW5	Home First Finance Co India Ltd ---	Financial Services	528.65	1.41	0.00	July25	9.19
HDFC Small Cap Dir Gr	INF179KA1RW5	Home First Finance Co India Ltd ---	Financial Services	528.65	1.41	0.00	Aug25	8.13
HDFC Small Cap Dir Gr	INF179KA1RW5	Blue Dart Express Ltd	Industrials	526.92	1.41	2.61	Oct24	5.55
HDFC Small Cap Dir Gr	INF179KA1RW5	Blue Dart Express Ltd	Industrials	526.92	1.41	2.61	Nov24	7.52
HDFC Small Cap Dir Gr	INF179KA1RW5	Blue Dart Express Ltd	Industrials	526.92	1.41	2.61	Dec24	3.56
HDFC Small Cap Dir Gr	INF179KA1RW5	Blue Dart Express Ltd	Industrials	526.92	1.41	2.61	Jan25	5.32
HDFC Small Cap Dir Gr	INF179KA1RW5	Blue Dart Express Ltd	Industrials	526.92	1.41	2.61	Feb25	5.59
HDFC Small Cap Dir Gr	INF179KA1RW5	Blue Dart Express Ltd	Industrials	526.92	1.41	2.61	Mar25	15.51
HDFC Small Cap Dir Gr	INF179KA1RW5	Blue Dart Express Ltd	Industrials	526.92	1.41	2.61	Mar25	15.51
HDFC Small Cap Dir Gr	INF179KA1RW5	Blue Dart Express Ltd	Industrials	526.92	1.41	2.61	Apr25	12.51
HDFC Small Cap Dir Gr	INF179KA1RW5	Blue Dart Express Ltd	Industrials	526.92	1.41	2.61	May25	11.15
HDFC Small Cap Dir Gr	INF179KA1RW5	Blue Dart Express Ltd	Industrials	526.92	1.41	2.61	June25	10.18
HDFC Small Cap Dir Gr	INF179KA1RW5	Blue Dart Express Ltd	Industrials	526.92	1.41	2.61	July25	9.19
HDFC Small Cap Dir Gr	INF179KA1RW5	Blue Dart Express Ltd	Industrials	526.92	1.41	2.61	Aug25	8.13
HDFC Small Cap Dir Gr	INF179KA1RW5	Sonata Software Ltd	Technology	520.57	1.39	0.00	Oct24	5.55
HDFC Small Cap Dir Gr	INF179KA1RW5	Sonata Software Ltd	Technology	520.57	1.39	0.00	Nov24	7.52
HDFC Small Cap Dir Gr	INF179KA1RW5	Sonata Software Ltd	Technology	520.57	1.39	0.00	Dec24	3.56
HDFC Small Cap Dir Gr	INF179KA1RW5	Sonata Software Ltd	Technology	520.57	1.39	0.00	Jan25	5.32
HDFC Small Cap Dir Gr	INF179KA1RW5	Sonata Software Ltd	Technology	520.57	1.39	0.00	Feb25	5.59
HDFC Small Cap Dir Gr	INF179KA1RW5	Sonata Software Ltd	Technology	520.57	1.39	0.00	Mar25	15.51
HDFC Small Cap Dir Gr	INF179KA1RW5	Sonata Software Ltd	Technology	520.57	1.39	0.00	Mar25	15.51
HDFC Small Cap Dir Gr	INF179KA1RW5	Sonata Software Ltd	Technology	520.57	1.39	0.00	Apr25	12.51
HDFC Small Cap Dir Gr	INF179KA1RW5	Sonata Software Ltd	Technology	520.57	1.39	0.00	May25	11.15
HDFC Small Cap Dir Gr	INF179KA1RW5	Sonata Software Ltd	Technology	520.57	1.39	0.00	June25	10.18
HDFC Small Cap Dir Gr	INF179KA1RW5	Sonata Software Ltd	Technology	520.57	1.39	0.00	July25	9.19
HDFC Small Cap Dir Gr	INF179KA1RW5	Sonata Software Ltd	Technology	520.57	1.39	0.00	Aug25	8.13
HDFC Small Cap Dir Gr	INF179KA1RW5	Suprajit Engineering Ltd	Consumer Cyclical	516.90	1.38	0.00	Oct24	5.55
HDFC Small Cap Dir Gr	INF179KA1RW5	Suprajit Engineering Ltd	Consumer Cyclical	516.90	1.38	0.00	Nov24	7.52
HDFC Small Cap Dir Gr	INF179KA1RW5	Suprajit Engineering Ltd	Consumer Cyclical	516.90	1.38	0.00	Dec24	3.56
HDFC Small Cap Dir Gr	INF179KA1RW5	Suprajit Engineering Ltd	Consumer Cyclical	516.90	1.38	0.00	Jan25	5.32
HDFC Small Cap Dir Gr	INF179KA1RW5	Suprajit Engineering Ltd	Consumer Cyclical	516.90	1.38	0.00	Feb25	5.59
HDFC Small Cap Dir Gr	INF179KA1RW5	Suprajit Engineering Ltd	Consumer Cyclical	516.90	1.38	0.00	Mar25	15.51
HDFC Small Cap Dir Gr	INF179KA1RW5	Suprajit Engineering Ltd	Consumer Cyclical	516.90	1.38	0.00	Mar25	15.51
HDFC Small Cap Dir Gr	INF179KA1RW5	Suprajit Engineering Ltd	Consumer Cyclical	516.90	1.38	0.00	Apr25	12.51
HDFC Small Cap Dir Gr	INF179KA1RW5	Suprajit Engineering Ltd	Consumer Cyclical	516.90	1.38	0.00	May25	11.15
HDFC Small Cap Dir Gr	INF179KA1RW5	Suprajit Engineering Ltd	Consumer Cyclical	516.90	1.38	0.00	June25	10.18
HDFC Small Cap Dir Gr	INF179KA1RW5	Suprajit Engineering Ltd	Consumer Cyclical	516.90	1.38	0.00	July25	9.19
HDFC Small Cap Dir Gr	INF179KA1RW5	Suprajit Engineering Ltd	Consumer Cyclical	516.90	1.38	0.00	Aug25	8.13
HDFC Small Cap Dir Gr	INF179KA1RW5	KEI Industries Ltd	Industrials	512.03	1.37	0.00	Oct24	5.55
HDFC Small Cap Dir Gr	INF179KA1RW5	KEI Industries Ltd	Industrials	512.03	1.37	0.00	Nov24	7.52
HDFC Small Cap Dir Gr	INF179KA1RW5	KEI Industries Ltd	Industrials	512.03	1.37	0.00	Dec24	3.56
HDFC Small Cap Dir Gr	INF179KA1RW5	KEI Industries Ltd	Industrials	512.03	1.37	0.00	Jan25	5.32
HDFC Small Cap Dir Gr	INF179KA1RW5	KEI Industries Ltd	Industrials	512.03	1.37	0.00	Feb25	5.59
HDFC Small Cap Dir Gr	INF179KA1RW5	KEI Industries Ltd	Industrials	512.03	1.37	0.00	Mar25	15.51
HDFC Small Cap Dir Gr	INF179KA1RW5	KEI Industries Ltd	Industrials	512.03	1.37	0.00	Mar25	15.51
HDFC Small Cap Dir Gr	INF179KA1RW5	KEI Industries Ltd	Industrials	512.03	1.37	0.00	Apr25	12.51
HDFC Small Cap Dir Gr	INF179KA1RW5	KEI Industries Ltd	Industrials	512.03	1.37	0.00	May25	11.15
HDFC Small Cap Dir Gr	INF179KA1RW5	KEI Industries Ltd	Industrials	512.03	1.37	0.00	June25	10.18
HDFC Small Cap Dir Gr	INF179KA1RW5	KEI Industries Ltd	Industrials	512.03	1.37	0.00	July25	9.19
HDFC Small Cap Dir Gr	INF179KA1RW5	KEI Industries Ltd	Industrials	512.03	1.37	0.00	Aug25	8.13
HDFC Small Cap Dir Gr	INF179KA1RW5	Vardhman Textiles Ltd	Consumer Cyclical	509.57	1.36	0.00	Oct24	5.55
HDFC Small Cap Dir Gr	INF179KA1RW5	Vardhman Textiles Ltd	Consumer Cyclical	509.57	1.36	0.00	Nov24	7.52
HDFC Small Cap Dir Gr	INF179KA1RW5	Vardhman Textiles Ltd	Consumer Cyclical	509.57	1.36	0.00	Dec24	3.56
HDFC Small Cap Dir Gr	INF179KA1RW5	Vardhman Textiles Ltd	Consumer Cyclical	509.57	1.36	0.00	Jan25	5.32
HDFC Small Cap Dir Gr	INF179KA1RW5	Vardhman Textiles Ltd	Consumer Cyclical	509.57	1.36	0.00	Feb25	5.59
HDFC Small Cap Dir Gr	INF179KA1RW5	Vardhman Textiles Ltd	Consumer Cyclical	509.57	1.36	0.00	Mar25	15.51
HDFC Small Cap Dir Gr	INF179KA1RW5	Vardhman Textiles Ltd	Consumer Cyclical	509.57	1.36	0.00	Mar25	15.51
HDFC Small Cap Dir Gr	INF179KA1RW5	Vardhman Textiles Ltd	Consumer Cyclical	509.57	1.36	0.00	Apr25	12.51
HDFC Small Cap Dir Gr	INF179KA1RW5	Vardhman Textiles Ltd	Consumer Cyclical	509.57	1.36	0.00	May25	11.15
HDFC Small Cap Dir Gr	INF179KA1RW5	Vardhman Textiles Ltd	Consumer Cyclical	509.57	1.36	0.00	June25	10.18
HDFC Small Cap Dir Gr	INF179KA1RW5	Vardhman Textiles Ltd	Consumer Cyclical	509.57	1.36	0.00	July25	9.19
HDFC Small Cap Dir Gr	INF179KA1RW5	Vardhman Textiles Ltd	Consumer Cyclical	509.57	1.36	0.00	Aug25	8.13
HDFC Small Cap Dir Gr	INF179KA1RW5	Sudarshan Chemical Industries Ltd	Basic Materials	507.97	1.36	0.00	Oct24	5.55
HDFC Small Cap Dir Gr	INF179KA1RW5	Sudarshan Chemical Industries Ltd	Basic Materials	507.97	1.36	0.00	Nov24	7.52
HDFC Small Cap Dir Gr	INF179KA1RW5	Sudarshan Chemical Industries Ltd	Basic Materials	507.97	1.36	0.00	Dec24	3.56
HDFC Small Cap Dir Gr	INF179KA1RW5	Sudarshan Chemical Industries Ltd	Basic Materials	507.97	1.36	0.00	Jan25	5.32
HDFC Small Cap Dir Gr	INF179KA1RW5	Sudarshan Chemical Industries Ltd	Basic Materials	507.97	1.36	0.00	Feb25	5.59
HDFC Small Cap Dir Gr	INF179KA1RW5	Sudarshan Chemical Industries Ltd	Basic Materials	507.97	1.36	0.00	Mar25	15.51
HDFC Small Cap Dir Gr	INF179KA1RW5	Sudarshan Chemical Industries Ltd	Basic Materials	507.97	1.36	0.00	Mar25	15.51
HDFC Small Cap Dir Gr	INF179KA1RW5	Sudarshan Chemical Industries Ltd	Basic Materials	507.97	1.36	0.00	Apr25	12.51
HDFC Small Cap Dir Gr	INF179KA1RW5	Sudarshan Chemical Industries Ltd	Basic Materials	507.97	1.36	0.00	May25	11.15
HDFC Small Cap Dir Gr	INF179KA1RW5	Sudarshan Chemical Industries Ltd	Basic Materials	507.97	1.36	0.00	June25	10.18
HDFC Small Cap Dir Gr	INF179KA1RW5	Sudarshan Chemical Industries Ltd	Basic Materials	507.97	1.36	0.00	July25	9.19
HDFC Small Cap Dir Gr	INF179KA1RW5	Sudarshan Chemical Industries Ltd	Basic Materials	507.97	1.36	0.00	Aug25	8.13
HDFC Small Cap Dir Gr	INF179KA1RW5	Dodla Dairy Ltd	Consumer Defensive	498.22	1.33	4.67	Oct24	5.55
HDFC Small Cap Dir Gr	INF179KA1RW5	Dodla Dairy Ltd	Consumer Defensive	498.22	1.33	4.67	Nov24	7.52
HDFC Small Cap Dir Gr	INF179KA1RW5	Dodla Dairy Ltd	Consumer Defensive	498.22	1.33	4.67	Dec24	3.56
HDFC Small Cap Dir Gr	INF179KA1RW5	Dodla Dairy Ltd	Consumer Defensive	498.22	1.33	4.67	Jan25	5.32
HDFC Small Cap Dir Gr	INF179KA1RW5	Dodla Dairy Ltd	Consumer Defensive	498.22	1.33	4.67	Feb25	5.59
HDFC Small Cap Dir Gr	INF179KA1RW5	Dodla Dairy Ltd	Consumer Defensive	498.22	1.33	4.67	Mar25	15.51
HDFC Small Cap Dir Gr	INF179KA1RW5	Dodla Dairy Ltd	Consumer Defensive	498.22	1.33	4.67	Mar25	15.51
HDFC Small Cap Dir Gr	INF179KA1RW5	Dodla Dairy Ltd	Consumer Defensive	498.22	1.33	4.67	Apr25	12.51
HDFC Small Cap Dir Gr	INF179KA1RW5	Dodla Dairy Ltd	Consumer Defensive	498.22	1.33	4.67	May25	11.15
HDFC Small Cap Dir Gr	INF179KA1RW5	Dodla Dairy Ltd	Consumer Defensive	498.22	1.33	4.67	June25	10.18
HDFC Small Cap Dir Gr	INF179KA1RW5	Dodla Dairy Ltd	Consumer Defensive	498.22	1.33	4.67	July25	9.19
HDFC Small Cap Dir Gr	INF179KA1RW5	Dodla Dairy Ltd	Consumer Defensive	498.22	1.33	4.67	Aug25	8.13
HDFC Small Cap Dir Gr	INF179KA1RW5	PVR INOX Ltd	Communication Services	488.47	1.31	15.09	Oct24	5.55
HDFC Small Cap Dir Gr	INF179KA1RW5	PVR INOX Ltd	Communication Services	488.47	1.31	15.09	Nov24	7.52
HDFC Small Cap Dir Gr	INF179KA1RW5	PVR INOX Ltd	Communication Services	488.47	1.31	15.09	Dec24	3.56
HDFC Small Cap Dir Gr	INF179KA1RW5	PVR INOX Ltd	Communication Services	488.47	1.31	15.09	Jan25	5.32
HDFC Small Cap Dir Gr	INF179KA1RW5	PVR INOX Ltd	Communication Services	488.47	1.31	15.09	Feb25	5.59
HDFC Small Cap Dir Gr	INF179KA1RW5	PVR INOX Ltd	Communication Services	488.47	1.31	15.09	Mar25	15.51
HDFC Small Cap Dir Gr	INF179KA1RW5	PVR INOX Ltd	Communication Services	488.47	1.31	15.09	Mar25	15.51
HDFC Small Cap Dir Gr	INF179KA1RW5	PVR INOX Ltd	Communication Services	488.47	1.31	15.09	Apr25	12.51
HDFC Small Cap Dir Gr	INF179KA1RW5	PVR INOX Ltd	Communication Services	488.47	1.31	15.09	May25	11.15
HDFC Small Cap Dir Gr	INF179KA1RW5	PVR INOX Ltd	Communication Services	488.47	1.31	15.09	June25	10.18
HDFC Small Cap Dir Gr	INF179KA1RW5	PVR INOX Ltd	Communication Services	488.47	1.31	15.09	July25	9.19
HDFC Small Cap Dir Gr	INF179KA1RW5	PVR INOX Ltd	Communication Services	488.47	1.31	15.09	Aug25	8.13
HDFC Small Cap Dir Gr	INF179KA1RW5	Chalet Hotels Ltd	Consumer Cyclical	484.99	1.30	0.32	Oct24	5.55
HDFC Small Cap Dir Gr	INF179KA1RW5	Chalet Hotels Ltd	Consumer Cyclical	484.99	1.30	0.32	Nov24	7.52
HDFC Small Cap Dir Gr	INF179KA1RW5	Chalet Hotels Ltd	Consumer Cyclical	484.99	1.30	0.32	Dec24	3.56
HDFC Small Cap Dir Gr	INF179KA1RW5	Chalet Hotels Ltd	Consumer Cyclical	484.99	1.30	0.32	Jan25	5.32
HDFC Small Cap Dir Gr	INF179KA1RW5	Chalet Hotels Ltd	Consumer Cyclical	484.99	1.30	0.32	Feb25	5.59
HDFC Small Cap Dir Gr	INF179KA1RW5	Chalet Hotels Ltd	Consumer Cyclical	484.99	1.30	0.32	Mar25	15.51
HDFC Small Cap Dir Gr	INF179KA1RW5	Chalet Hotels Ltd	Consumer Cyclical	484.99	1.30	0.32	Mar25	15.51
HDFC Small Cap Dir Gr	INF179KA1RW5	Chalet Hotels Ltd	Consumer Cyclical	484.99	1.30	0.32	Apr25	12.51
HDFC Small Cap Dir Gr	INF179KA1RW5	Chalet Hotels Ltd	Consumer Cyclical	484.99	1.30	0.32	May25	11.15
HDFC Small Cap Dir Gr	INF179KA1RW5	Chalet Hotels Ltd	Consumer Cyclical	484.99	1.30	0.32	June25	10.18
HDFC Small Cap Dir Gr	INF179KA1RW5	Chalet Hotels Ltd	Consumer Cyclical	484.99	1.30	0.32	July25	9.19
HDFC Small Cap Dir Gr	INF179KA1RW5	Chalet Hotels Ltd	Consumer Cyclical	484.99	1.30	0.32	Aug25	8.13
HDFC Small Cap Dir Gr	INF179KA1RW5	Transport Corp of India Ltd	Industrials	479.12	1.28	0.03	Oct24	5.55
HDFC Small Cap Dir Gr	INF179KA1RW5	Transport Corp of India Ltd	Industrials	479.12	1.28	0.03	Nov24	7.52
HDFC Small Cap Dir Gr	INF179KA1RW5	Transport Corp of India Ltd	Industrials	479.12	1.28	0.03	Dec24	3.56
HDFC Small Cap Dir Gr	INF179KA1RW5	Transport Corp of India Ltd	Industrials	479.12	1.28	0.03	Jan25	5.32
HDFC Small Cap Dir Gr	INF179KA1RW5	Transport Corp of India Ltd	Industrials	479.12	1.28	0.03	Feb25	5.59
HDFC Small Cap Dir Gr	INF179KA1RW5	Transport Corp of India Ltd	Industrials	479.12	1.28	0.03	Mar25	15.51
HDFC Small Cap Dir Gr	INF179KA1RW5	Transport Corp of India Ltd	Industrials	479.12	1.28	0.03	Mar25	15.51
HDFC Small Cap Dir Gr	INF179KA1RW5	Transport Corp of India Ltd	Industrials	479.12	1.28	0.03	Apr25	12.51
HDFC Small Cap Dir Gr	INF179KA1RW5	Transport Corp of India Ltd	Industrials	479.12	1.28	0.03	May25	11.15
HDFC Small Cap Dir Gr	INF179KA1RW5	Transport Corp of India Ltd	Industrials	479.12	1.28	0.03	June25	10.18
HDFC Small Cap Dir Gr	INF179KA1RW5	Transport Corp of India Ltd	Industrials	479.12	1.28	0.03	July25	9.19
HDFC Small Cap Dir Gr	INF179KA1RW5	Transport Corp of India Ltd	Industrials	479.12	1.28	0.03	Aug25	8.13
HDFC Small Cap Dir Gr	INF179KA1RW5	Power Mech Projects Ltd	Industrials	471.03	1.26	0.00	Oct24	5.55
HDFC Small Cap Dir Gr	INF179KA1RW5	Power Mech Projects Ltd	Industrials	471.03	1.26	0.00	Nov24	7.52
HDFC Small Cap Dir Gr	INF179KA1RW5	Power Mech Projects Ltd	Industrials	471.03	1.26	0.00	Dec24	3.56
HDFC Small Cap Dir Gr	INF179KA1RW5	Power Mech Projects Ltd	Industrials	471.03	1.26	0.00	Jan25	5.32
HDFC Small Cap Dir Gr	INF179KA1RW5	Power Mech Projects Ltd	Industrials	471.03	1.26	0.00	Feb25	5.59
HDFC Small Cap Dir Gr	INF179KA1RW5	Power Mech Projects Ltd	Industrials	471.03	1.26	0.00	Mar25	15.51
HDFC Small Cap Dir Gr	INF179KA1RW5	Power Mech Projects Ltd	Industrials	471.03	1.26	0.00	Mar25	15.51
HDFC Small Cap Dir Gr	INF179KA1RW5	Power Mech Projects Ltd	Industrials	471.03	1.26	0.00	Apr25	12.51
HDFC Small Cap Dir Gr	INF179KA1RW5	Power Mech Projects Ltd	Industrials	471.03	1.26	0.00	May25	11.15
HDFC Small Cap Dir Gr	INF179KA1RW5	Power Mech Projects Ltd	Industrials	471.03	1.26	0.00	June25	10.18
HDFC Small Cap Dir Gr	INF179KA1RW5	Power Mech Projects Ltd	Industrials	471.03	1.26	0.00	July25	9.19
HDFC Small Cap Dir Gr	INF179KA1RW5	Power Mech Projects Ltd	Industrials	471.03	1.26	0.00	Aug25	8.13
HDFC Small Cap Dir Gr	INF179KA1RW5	Zensar Technologies Ltd	Technology	469.58	1.25	15.09	Oct24	5.55
HDFC Small Cap Dir Gr	INF179KA1RW5	Zensar Technologies Ltd	Technology	469.58	1.25	15.09	Nov24	7.52
HDFC Small Cap Dir Gr	INF179KA1RW5	Zensar Technologies Ltd	Technology	469.58	1.25	15.09	Dec24	3.56
HDFC Small Cap Dir Gr	INF179KA1RW5	Zensar Technologies Ltd	Technology	469.58	1.25	15.09	Jan25	5.32
HDFC Small Cap Dir Gr	INF179KA1RW5	Zensar Technologies Ltd	Technology	469.58	1.25	15.09	Feb25	5.59
HDFC Small Cap Dir Gr	INF179KA1RW5	Zensar Technologies Ltd	Technology	469.58	1.25	15.09	Mar25	15.51
HDFC Small Cap Dir Gr	INF179KA1RW5	Zensar Technologies Ltd	Technology	469.58	1.25	15.09	Mar25	15.51
HDFC Small Cap Dir Gr	INF179KA1RW5	Zensar Technologies Ltd	Technology	469.58	1.25	15.09	Apr25	12.51
HDFC Small Cap Dir Gr	INF179KA1RW5	Zensar Technologies Ltd	Technology	469.58	1.25	15.09	May25	11.15
HDFC Small Cap Dir Gr	INF179KA1RW5	Zensar Technologies Ltd	Technology	469.58	1.25	15.09	June25	10.18
HDFC Small Cap Dir Gr	INF179KA1RW5	Zensar Technologies Ltd	Technology	469.58	1.25	15.09	July25	9.19
HDFC Small Cap Dir Gr	INF179KA1RW5	Zensar Technologies Ltd	Technology	469.58	1.25	15.09	Aug25	8.13
HDFC Small Cap Dir Gr	INF179KA1RW5	CIE Automotive India Ltd	Consumer Cyclical	451.75	1.21	0.00	Oct24	5.55
HDFC Small Cap Dir Gr	INF179KA1RW5	CIE Automotive India Ltd	Consumer Cyclical	451.75	1.21	0.00	Nov24	7.52
HDFC Small Cap Dir Gr	INF179KA1RW5	CIE Automotive India Ltd	Consumer Cyclical	451.75	1.21	0.00	Dec24	3.56
HDFC Small Cap Dir Gr	INF179KA1RW5	CIE Automotive India Ltd	Consumer Cyclical	451.75	1.21	0.00	Jan25	5.32
HDFC Small Cap Dir Gr	INF179KA1RW5	CIE Automotive India Ltd	Consumer Cyclical	451.75	1.21	0.00	Feb25	5.59
HDFC Small Cap Dir Gr	INF179KA1RW5	CIE Automotive India Ltd	Consumer Cyclical	451.75	1.21	0.00	Mar25	15.51
HDFC Small Cap Dir Gr	INF179KA1RW5	CIE Automotive India Ltd	Consumer Cyclical	451.75	1.21	0.00	Mar25	15.51
HDFC Small Cap Dir Gr	INF179KA1RW5	CIE Automotive India Ltd	Consumer Cyclical	451.75	1.21	0.00	Apr25	12.51
HDFC Small Cap Dir Gr	INF179KA1RW5	CIE Automotive India Ltd	Consumer Cyclical	451.75	1.21	0.00	May25	11.15
HDFC Small Cap Dir Gr	INF179KA1RW5	CIE Automotive India Ltd	Consumer Cyclical	451.75	1.21	0.00	June25	10.18
HDFC Small Cap Dir Gr	INF179KA1RW5	CIE Automotive India Ltd	Consumer Cyclical	451.75	1.21	0.00	July25	9.19
HDFC Small Cap Dir Gr	INF179KA1RW5	CIE Automotive India Ltd	Consumer Cyclical	451.75	1.21	0.00	Aug25	8.13
HDFC Small Cap Dir Gr	INF179KA1RW5	Equitas Small Finance Bank Ltd Ordinary Shares	Financial Services	431.43	1.15	0.00	Oct24	5.55
HDFC Small Cap Dir Gr	INF179KA1RW5	Equitas Small Finance Bank Ltd Ordinary Shares	Financial Services	431.43	1.15	0.00	Nov24	7.52
HDFC Small Cap Dir Gr	INF179KA1RW5	Equitas Small Finance Bank Ltd Ordinary Shares	Financial Services	431.43	1.15	0.00	Dec24	3.56
HDFC Small Cap Dir Gr	INF179KA1RW5	Equitas Small Finance Bank Ltd Ordinary Shares	Financial Services	431.43	1.15	0.00	Jan25	5.32
HDFC Small Cap Dir Gr	INF179KA1RW5	Equitas Small Finance Bank Ltd Ordinary Shares	Financial Services	431.43	1.15	0.00	Feb25	5.59
HDFC Small Cap Dir Gr	INF179KA1RW5	Equitas Small Finance Bank Ltd Ordinary Shares	Financial Services	431.43	1.15	0.00	Mar25	15.51
HDFC Small Cap Dir Gr	INF179KA1RW5	Equitas Small Finance Bank Ltd Ordinary Shares	Financial Services	431.43	1.15	0.00	Mar25	15.51
HDFC Small Cap Dir Gr	INF179KA1RW5	Equitas Small Finance Bank Ltd Ordinary Shares	Financial Services	431.43	1.15	0.00	Apr25	12.51
HDFC Small Cap Dir Gr	INF179KA1RW5	Equitas Small Finance Bank Ltd Ordinary Shares	Financial Services	431.43	1.15	0.00	May25	11.15
HDFC Small Cap Dir Gr	INF179KA1RW5	Equitas Small Finance Bank Ltd Ordinary Shares	Financial Services	431.43	1.15	0.00	June25	10.18
HDFC Small Cap Dir Gr	INF179KA1RW5	Equitas Small Finance Bank Ltd Ordinary Shares	Financial Services	431.43	1.15	0.00	July25	9.19
HDFC Small Cap Dir Gr	INF179KA1RW5	Equitas Small Finance Bank Ltd Ordinary Shares	Financial Services	431.43	1.15	0.00	Aug25	8.13
HDFC Small Cap Dir Gr	INF179KA1RW5	Pearl Global Industries Ltd	Consumer Cyclical	428.06	1.14	0.86	Oct24	5.55
HDFC Small Cap Dir Gr	INF179KA1RW5	Pearl Global Industries Ltd	Consumer Cyclical	428.06	1.14	0.86	Nov24	7.52
HDFC Small Cap Dir Gr	INF179KA1RW5	Pearl Global Industries Ltd	Consumer Cyclical	428.06	1.14	0.86	Dec24	3.56
HDFC Small Cap Dir Gr	INF179KA1RW5	Pearl Global Industries Ltd	Consumer Cyclical	428.06	1.14	0.86	Jan25	5.32
HDFC Small Cap Dir Gr	INF179KA1RW5	Pearl Global Industries Ltd	Consumer Cyclical	428.06	1.14	0.86	Feb25	5.59
HDFC Small Cap Dir Gr	INF179KA1RW5	Pearl Global Industries Ltd	Consumer Cyclical	428.06	1.14	0.86	Mar25	15.51
HDFC Small Cap Dir Gr	INF179KA1RW5	Pearl Global Industries Ltd	Consumer Cyclical	428.06	1.14	0.86	Mar25	15.51
HDFC Small Cap Dir Gr	INF179KA1RW5	Pearl Global Industries Ltd	Consumer Cyclical	428.06	1.14	0.86	Apr25	12.51
HDFC Small Cap Dir Gr	INF179KA1RW5	Pearl Global Industries Ltd	Consumer Cyclical	428.06	1.14	0.86	May25	11.15
HDFC Small Cap Dir Gr	INF179KA1RW5	Pearl Global Industries Ltd	Consumer Cyclical	428.06	1.14	0.86	June25	10.18
HDFC Small Cap Dir Gr	INF179KA1RW5	Pearl Global Industries Ltd	Consumer Cyclical	428.06	1.14	0.86	July25	9.19
HDFC Small Cap Dir Gr	INF179KA1RW5	Pearl Global Industries Ltd	Consumer Cyclical	428.06	1.14	0.86	Aug25	8.13
HDFC Small Cap Dir Gr	INF179KA1RW5	Aditya Vision Ltd	Consumer Cyclical	426.03	1.14	0.21	Oct24	5.55
HDFC Small Cap Dir Gr	INF179KA1RW5	Aditya Vision Ltd	Consumer Cyclical	426.03	1.14	0.21	Nov24	7.52
HDFC Small Cap Dir Gr	INF179KA1RW5	Aditya Vision Ltd	Consumer Cyclical	426.03	1.14	0.21	Dec24	3.56
HDFC Small Cap Dir Gr	INF179KA1RW5	Aditya Vision Ltd	Consumer Cyclical	426.03	1.14	0.21	Jan25	5.32
HDFC Small Cap Dir Gr	INF179KA1RW5	Aditya Vision Ltd	Consumer Cyclical	426.03	1.14	0.21	Feb25	5.59
HDFC Small Cap Dir Gr	INF179KA1RW5	Aditya Vision Ltd	Consumer Cyclical	426.03	1.14	0.21	Mar25	15.51
HDFC Small Cap Dir Gr	INF179KA1RW5	Aditya Vision Ltd	Consumer Cyclical	426.03	1.14	0.21	Mar25	15.51
HDFC Small Cap Dir Gr	INF179KA1RW5	Aditya Vision Ltd	Consumer Cyclical	426.03	1.14	0.21	Apr25	12.51
HDFC Small Cap Dir Gr	INF179KA1RW5	Aditya Vision Ltd	Consumer Cyclical	426.03	1.14	0.21	May25	11.15
HDFC Small Cap Dir Gr	INF179KA1RW5	Aditya Vision Ltd	Consumer Cyclical	426.03	1.14	0.21	June25	10.18
HDFC Small Cap Dir Gr	INF179KA1RW5	Aditya Vision Ltd	Consumer Cyclical	426.03	1.14	0.21	July25	9.19
HDFC Small Cap Dir Gr	INF179KA1RW5	Aditya Vision Ltd	Consumer Cyclical	426.03	1.14	0.21	Aug25	8.13
HDFC Small Cap Dir Gr	INF179KA1RW5	JK Tyre & Industries Ltd	Consumer Cyclical	415.63	1.11	5.29	Oct24	5.55
HDFC Small Cap Dir Gr	INF179KA1RW5	JK Tyre & Industries Ltd	Consumer Cyclical	415.63	1.11	5.29	Nov24	7.52
HDFC Small Cap Dir Gr	INF179KA1RW5	JK Tyre & Industries Ltd	Consumer Cyclical	415.63	1.11	5.29	Dec24	3.56
HDFC Small Cap Dir Gr	INF179KA1RW5	JK Tyre & Industries Ltd	Consumer Cyclical	415.63	1.11	5.29	Jan25	5.32
HDFC Small Cap Dir Gr	INF179KA1RW5	JK Tyre & Industries Ltd	Consumer Cyclical	415.63	1.11	5.29	Feb25	5.59
HDFC Small Cap Dir Gr	INF179KA1RW5	JK Tyre & Industries Ltd	Consumer Cyclical	415.63	1.11	5.29	Mar25	15.51
HDFC Small Cap Dir Gr	INF179KA1RW5	JK Tyre & Industries Ltd	Consumer Cyclical	415.63	1.11	5.29	Mar25	15.51
HDFC Small Cap Dir Gr	INF179KA1RW5	JK Tyre & Industries Ltd	Consumer Cyclical	415.63	1.11	5.29	Apr25	12.51
HDFC Small Cap Dir Gr	INF179KA1RW5	JK Tyre & Industries Ltd	Consumer Cyclical	415.63	1.11	5.29	May25	11.15
HDFC Small Cap Dir Gr	INF179KA1RW5	JK Tyre & Industries Ltd	Consumer Cyclical	415.63	1.11	5.29	June25	10.18
HDFC Small Cap Dir Gr	INF179KA1RW5	JK Tyre & Industries Ltd	Consumer Cyclical	415.63	1.11	5.29	July25	9.19
HDFC Small Cap Dir Gr	INF179KA1RW5	JK Tyre & Industries Ltd	Consumer Cyclical	415.63	1.11	5.29	Aug25	8.13
HDFC Small Cap Dir Gr	INF179KA1RW5	FIEM Industries Ltd	Consumer Cyclical	407.69	1.09	2.77	Oct24	5.55
HDFC Small Cap Dir Gr	INF179KA1RW5	FIEM Industries Ltd	Consumer Cyclical	407.69	1.09	2.77	Nov24	7.52
HDFC Small Cap Dir Gr	INF179KA1RW5	FIEM Industries Ltd	Consumer Cyclical	407.69	1.09	2.77	Dec24	3.56
HDFC Small Cap Dir Gr	INF179KA1RW5	FIEM Industries Ltd	Consumer Cyclical	407.69	1.09	2.77	Jan25	5.32
HDFC Small Cap Dir Gr	INF179KA1RW5	FIEM Industries Ltd	Consumer Cyclical	407.69	1.09	2.77	Feb25	5.59
HDFC Small Cap Dir Gr	INF179KA1RW5	FIEM Industries Ltd	Consumer Cyclical	407.69	1.09	2.77	Mar25	15.51
HDFC Small Cap Dir Gr	INF179KA1RW5	FIEM Industries Ltd	Consumer Cyclical	407.69	1.09	2.77	Mar25	15.51
HDFC Small Cap Dir Gr	INF179KA1RW5	FIEM Industries Ltd	Consumer Cyclical	407.69	1.09	2.77	Apr25	12.51
HDFC Small Cap Dir Gr	INF179KA1RW5	FIEM Industries Ltd	Consumer Cyclical	407.69	1.09	2.77	May25	11.15
HDFC Small Cap Dir Gr	INF179KA1RW5	FIEM Industries Ltd	Consumer Cyclical	407.69	1.09	2.77	June25	10.18
HDFC Small Cap Dir Gr	INF179KA1RW5	FIEM Industries Ltd	Consumer Cyclical	407.69	1.09	2.77	July25	9.19
HDFC Small Cap Dir Gr	INF179KA1RW5	FIEM Industries Ltd	Consumer Cyclical	407.69	1.09	2.77	Aug25	8.13
HDFC Small Cap Dir Gr	INF179KA1RW5	Akzo Nobel India Ltd	Basic Materials	401.55	1.07	2.40	Oct24	5.55
HDFC Small Cap Dir Gr	INF179KA1RW5	Akzo Nobel India Ltd	Basic Materials	401.55	1.07	2.40	Nov24	7.52
HDFC Small Cap Dir Gr	INF179KA1RW5	Akzo Nobel India Ltd	Basic Materials	401.55	1.07	2.40	Dec24	3.56
HDFC Small Cap Dir Gr	INF179KA1RW5	Akzo Nobel India Ltd	Basic Materials	401.55	1.07	2.40	Jan25	5.32
HDFC Small Cap Dir Gr	INF179KA1RW5	Akzo Nobel India Ltd	Basic Materials	401.55	1.07	2.40	Feb25	5.59
HDFC Small Cap Dir Gr	INF179KA1RW5	Akzo Nobel India Ltd	Basic Materials	401.55	1.07	2.40	Mar25	15.51
HDFC Small Cap Dir Gr	INF179KA1RW5	Akzo Nobel India Ltd	Basic Materials	401.55	1.07	2.40	Mar25	15.51
HDFC Small Cap Dir Gr	INF179KA1RW5	Akzo Nobel India Ltd	Basic Materials	401.55	1.07	2.40	Apr25	12.51
HDFC Small Cap Dir Gr	INF179KA1RW5	Akzo Nobel India Ltd	Basic Materials	401.55	1.07	2.40	May25	11.15
HDFC Small Cap Dir Gr	INF179KA1RW5	Akzo Nobel India Ltd	Basic Materials	401.55	1.07	2.40	June25	10.18
HDFC Small Cap Dir Gr	INF179KA1RW5	Akzo Nobel India Ltd	Basic Materials	401.55	1.07	2.40	July25	9.19
HDFC Small Cap Dir Gr	INF179KA1RW5	Akzo Nobel India Ltd	Basic Materials	401.55	1.07	2.40	Aug25	8.13
HDFC Small Cap Dir Gr	INF179KA1RW5	VRL Logistics Ltd	Industrials	400.08	1.07	0.00	Oct24	5.55
HDFC Small Cap Dir Gr	INF179KA1RW5	VRL Logistics Ltd	Industrials	400.08	1.07	0.00	Nov24	7.52
HDFC Small Cap Dir Gr	INF179KA1RW5	VRL Logistics Ltd	Industrials	400.08	1.07	0.00	Dec24	3.56
HDFC Small Cap Dir Gr	INF179KA1RW5	VRL Logistics Ltd	Industrials	400.08	1.07	0.00	Jan25	5.32
HDFC Small Cap Dir Gr	INF179KA1RW5	VRL Logistics Ltd	Industrials	400.08	1.07	0.00	Feb25	5.59
HDFC Small Cap Dir Gr	INF179KA1RW5	VRL Logistics Ltd	Industrials	400.08	1.07	0.00	Mar25	15.51
HDFC Small Cap Dir Gr	INF179KA1RW5	VRL Logistics Ltd	Industrials	400.08	1.07	0.00	Mar25	15.51
HDFC Small Cap Dir Gr	INF179KA1RW5	VRL Logistics Ltd	Industrials	400.08	1.07	0.00	Apr25	12.51
HDFC Small Cap Dir Gr	INF179KA1RW5	VRL Logistics Ltd	Industrials	400.08	1.07	0.00	May25	11.15
HDFC Small Cap Dir Gr	INF179KA1RW5	VRL Logistics Ltd	Industrials	400.08	1.07	0.00	June25	10.18
HDFC Small Cap Dir Gr	INF179KA1RW5	VRL Logistics Ltd	Industrials	400.08	1.07	0.00	July25	9.19
HDFC Small Cap Dir Gr	INF179KA1RW5	VRL Logistics Ltd	Industrials	400.08	1.07	0.00	Aug25	8.13
HDFC Small Cap Dir Gr	INF179KA1RW5	Tega Industries Ltd	Industrials	398.93	1.07	8.23	Oct24	5.55
HDFC Small Cap Dir Gr	INF179KA1RW5	Tega Industries Ltd	Industrials	398.93	1.07	8.23	Nov24	7.52
HDFC Small Cap Dir Gr	INF179KA1RW5	Tega Industries Ltd	Industrials	398.93	1.07	8.23	Dec24	3.56
HDFC Small Cap Dir Gr	INF179KA1RW5	Tega Industries Ltd	Industrials	398.93	1.07	8.23	Jan25	5.32
HDFC Small Cap Dir Gr	INF179KA1RW5	Tega Industries Ltd	Industrials	398.93	1.07	8.23	Feb25	5.59
HDFC Small Cap Dir Gr	INF179KA1RW5	Tega Industries Ltd	Industrials	398.93	1.07	8.23	Mar25	15.51
HDFC Small Cap Dir Gr	INF179KA1RW5	Tega Industries Ltd	Industrials	398.93	1.07	8.23	Mar25	15.51
HDFC Small Cap Dir Gr	INF179KA1RW5	Tega Industries Ltd	Industrials	398.93	1.07	8.23	Apr25	12.51
HDFC Small Cap Dir Gr	INF179KA1RW5	Tega Industries Ltd	Industrials	398.93	1.07	8.23	May25	11.15
HDFC Small Cap Dir Gr	INF179KA1RW5	Tega Industries Ltd	Industrials	398.93	1.07	8.23	June25	10.18
HDFC Small Cap Dir Gr	INF179KA1RW5	Tega Industries Ltd	Industrials	398.93	1.07	8.23	July25	9.19
HDFC Small Cap Dir Gr	INF179KA1RW5	Tega Industries Ltd	Industrials	398.93	1.07	8.23	Aug25	8.13
HDFC Small Cap Dir Gr	INF179KA1RW5	Chambal Fertilisers & Chemicals Ltd	Basic Materials	395.65	1.06	0.00	Oct24	5.55
HDFC Small Cap Dir Gr	INF179KA1RW5	Chambal Fertilisers & Chemicals Ltd	Basic Materials	395.65	1.06	0.00	Nov24	7.52
HDFC Small Cap Dir Gr	INF179KA1RW5	Chambal Fertilisers & Chemicals Ltd	Basic Materials	395.65	1.06	0.00	Dec24	3.56
HDFC Small Cap Dir Gr	INF179KA1RW5	Chambal Fertilisers & Chemicals Ltd	Basic Materials	395.65	1.06	0.00	Jan25	5.32
HDFC Small Cap Dir Gr	INF179KA1RW5	Chambal Fertilisers & Chemicals Ltd	Basic Materials	395.65	1.06	0.00	Feb25	5.59
HDFC Small Cap Dir Gr	INF179KA1RW5	Chambal Fertilisers & Chemicals Ltd	Basic Materials	395.65	1.06	0.00	Mar25	15.51
HDFC Small Cap Dir Gr	INF179KA1RW5	Chambal Fertilisers & Chemicals Ltd	Basic Materials	395.65	1.06	0.00	Mar25	15.51
HDFC Small Cap Dir Gr	INF179KA1RW5	Chambal Fertilisers & Chemicals Ltd	Basic Materials	395.65	1.06	0.00	Apr25	12.51
HDFC Small Cap Dir Gr	INF179KA1RW5	Chambal Fertilisers & Chemicals Ltd	Basic Materials	395.65	1.06	0.00	May25	11.15
HDFC Small Cap Dir Gr	INF179KA1RW5	Chambal Fertilisers & Chemicals Ltd	Basic Materials	395.65	1.06	0.00	June25	10.18
HDFC Small Cap Dir Gr	INF179KA1RW5	Chambal Fertilisers & Chemicals Ltd	Basic Materials	395.65	1.06	0.00	July25	9.19
HDFC Small Cap Dir Gr	INF179KA1RW5	Chambal Fertilisers & Chemicals Ltd	Basic Materials	395.65	1.06	0.00	Aug25	8.13
HDFC Small Cap Dir Gr	INF179KA1RW5	Redington Ltd	Technology	380.47	1.02	0.00	Oct24	5.55
HDFC Small Cap Dir Gr	INF179KA1RW5	Redington Ltd	Technology	380.47	1.02	0.00	Nov24	7.52
HDFC Small Cap Dir Gr	INF179KA1RW5	Redington Ltd	Technology	380.47	1.02	0.00	Dec24	3.56
HDFC Small Cap Dir Gr	INF179KA1RW5	Redington Ltd	Technology	380.47	1.02	0.00	Jan25	5.32
HDFC Small Cap Dir Gr	INF179KA1RW5	Redington Ltd	Technology	380.47	1.02	0.00	Feb25	5.59
HDFC Small Cap Dir Gr	INF179KA1RW5	Redington Ltd	Technology	380.47	1.02	0.00	Mar25	15.51
HDFC Small Cap Dir Gr	INF179KA1RW5	Redington Ltd	Technology	380.47	1.02	0.00	Mar25	15.51
HDFC Small Cap Dir Gr	INF179KA1RW5	Redington Ltd	Technology	380.47	1.02	0.00	Apr25	12.51
HDFC Small Cap Dir Gr	INF179KA1RW5	Redington Ltd	Technology	380.47	1.02	0.00	May25	11.15
HDFC Small Cap Dir Gr	INF179KA1RW5	Redington Ltd	Technology	380.47	1.02	0.00	June25	10.18
HDFC Small Cap Dir Gr	INF179KA1RW5	Redington Ltd	Technology	380.47	1.02	0.00	July25	9.19
HDFC Small Cap Dir Gr	INF179KA1RW5	Redington Ltd	Technology	380.47	1.02	0.00	Aug25	8.13
HDFC Small Cap Dir Gr	INF179KA1RW5	Voltamp Transformers Ltd	Industrials	350.54	0.94	0.00	Oct24	5.55
HDFC Small Cap Dir Gr	INF179KA1RW5	Voltamp Transformers Ltd	Industrials	350.54	0.94	0.00	Nov24	7.52
HDFC Small Cap Dir Gr	INF179KA1RW5	Voltamp Transformers Ltd	Industrials	350.54	0.94	0.00	Dec24	3.56
HDFC Small Cap Dir Gr	INF179KA1RW5	Voltamp Transformers Ltd	Industrials	350.54	0.94	0.00	Jan25	5.32
HDFC Small Cap Dir Gr	INF179KA1RW5	Voltamp Transformers Ltd	Industrials	350.54	0.94	0.00	Feb25	5.59
HDFC Small Cap Dir Gr	INF179KA1RW5	Voltamp Transformers Ltd	Industrials	350.54	0.94	0.00	Mar25	15.51
HDFC Small Cap Dir Gr	INF179KA1RW5	Voltamp Transformers Ltd	Industrials	350.54	0.94	0.00	Mar25	15.51
HDFC Small Cap Dir Gr	INF179KA1RW5	Voltamp Transformers Ltd	Industrials	350.54	0.94	0.00	Apr25	12.51
HDFC Small Cap Dir Gr	INF179KA1RW5	Voltamp Transformers Ltd	Industrials	350.54	0.94	0.00	May25	11.15
HDFC Small Cap Dir Gr	INF179KA1RW5	Voltamp Transformers Ltd	Industrials	350.54	0.94	0.00	June25	10.18
HDFC Small Cap Dir Gr	INF179KA1RW5	Voltamp Transformers Ltd	Industrials	350.54	0.94	0.00	July25	9.19
HDFC Small Cap Dir Gr	INF179KA1RW5	Voltamp Transformers Ltd	Industrials	350.54	0.94	0.00	Aug25	8.13
HDFC Small Cap Dir Gr	INF179KA1RW5	Vishal Mega Mart Ltd	Consumer Cyclical	347.37	0.93	0.00	Oct24	5.55
HDFC Small Cap Dir Gr	INF179KA1RW5	Vishal Mega Mart Ltd	Consumer Cyclical	347.37	0.93	0.00	Nov24	7.52
HDFC Small Cap Dir Gr	INF179KA1RW5	Vishal Mega Mart Ltd	Consumer Cyclical	347.37	0.93	0.00	Dec24	3.56
HDFC Small Cap Dir Gr	INF179KA1RW5	Vishal Mega Mart Ltd	Consumer Cyclical	347.37	0.93	0.00	Jan25	5.32
HDFC Small Cap Dir Gr	INF179KA1RW5	Vishal Mega Mart Ltd	Consumer Cyclical	347.37	0.93	0.00	Feb25	5.59
HDFC Small Cap Dir Gr	INF179KA1RW5	Vishal Mega Mart Ltd	Consumer Cyclical	347.37	0.93	0.00	Mar25	15.51
HDFC Small Cap Dir Gr	INF179KA1RW5	Vishal Mega Mart Ltd	Consumer Cyclical	347.37	0.93	0.00	Mar25	15.51
HDFC Small Cap Dir Gr	INF179KA1RW5	Vishal Mega Mart Ltd	Consumer Cyclical	347.37	0.93	0.00	Apr25	12.51
HDFC Small Cap Dir Gr	INF179KA1RW5	Vishal Mega Mart Ltd	Consumer Cyclical	347.37	0.93	0.00	May25	11.15
HDFC Small Cap Dir Gr	INF179KA1RW5	Vishal Mega Mart Ltd	Consumer Cyclical	347.37	0.93	0.00	June25	10.18
HDFC Small Cap Dir Gr	INF179KA1RW5	Vishal Mega Mart Ltd	Consumer Cyclical	347.37	0.93	0.00	July25	9.19
HDFC Small Cap Dir Gr	INF179KA1RW5	Vishal Mega Mart Ltd	Consumer Cyclical	347.37	0.93	0.00	Aug25	8.13
HDFC Small Cap Dir Gr	INF179KA1RW5	UTI Asset Management Co Ltd	Financial Services	328.67	0.88	1.72	Oct24	5.55
HDFC Small Cap Dir Gr	INF179KA1RW5	UTI Asset Management Co Ltd	Financial Services	328.67	0.88	1.72	Nov24	7.52
HDFC Small Cap Dir Gr	INF179KA1RW5	UTI Asset Management Co Ltd	Financial Services	328.67	0.88	1.72	Dec24	3.56
HDFC Small Cap Dir Gr	INF179KA1RW5	UTI Asset Management Co Ltd	Financial Services	328.67	0.88	1.72	Jan25	5.32
HDFC Small Cap Dir Gr	INF179KA1RW5	UTI Asset Management Co Ltd	Financial Services	328.67	0.88	1.72	Feb25	5.59
HDFC Small Cap Dir Gr	INF179KA1RW5	UTI Asset Management Co Ltd	Financial Services	328.67	0.88	1.72	Mar25	15.51
HDFC Small Cap Dir Gr	INF179KA1RW5	UTI Asset Management Co Ltd	Financial Services	328.67	0.88	1.72	Mar25	15.51
HDFC Small Cap Dir Gr	INF179KA1RW5	UTI Asset Management Co Ltd	Financial Services	328.67	0.88	1.72	Apr25	12.51
HDFC Small Cap Dir Gr	INF179KA1RW5	UTI Asset Management Co Ltd	Financial Services	328.67	0.88	1.72	May25	11.15
HDFC Small Cap Dir Gr	INF179KA1RW5	UTI Asset Management Co Ltd	Financial Services	328.67	0.88	1.72	June25	10.18
HDFC Small Cap Dir Gr	INF179KA1RW5	UTI Asset Management Co Ltd	Financial Services	328.67	0.88	1.72	July25	9.19
HDFC Small Cap Dir Gr	INF179KA1RW5	UTI Asset Management Co Ltd	Financial Services	328.67	0.88	1.72	Aug25	8.13
HDFC Small Cap Dir Gr	INF179KA1RW5	Tata Steel Ltd	Basic Materials	327.91	0.88	0.00	Oct24	5.55
HDFC Small Cap Dir Gr	INF179KA1RW5	Tata Steel Ltd	Basic Materials	327.91	0.88	0.00	Nov24	7.52
HDFC Small Cap Dir Gr	INF179KA1RW5	Tata Steel Ltd	Basic Materials	327.91	0.88	0.00	Dec24	3.56
HDFC Small Cap Dir Gr	INF179KA1RW5	Tata Steel Ltd	Basic Materials	327.91	0.88	0.00	Jan25	5.32
HDFC Small Cap Dir Gr	INF179KA1RW5	Tata Steel Ltd	Basic Materials	327.91	0.88	0.00	Feb25	5.59
HDFC Small Cap Dir Gr	INF179KA1RW5	Tata Steel Ltd	Basic Materials	327.91	0.88	0.00	Mar25	15.51
HDFC Small Cap Dir Gr	INF179KA1RW5	Tata Steel Ltd	Basic Materials	327.91	0.88	0.00	Mar25	15.51
HDFC Small Cap Dir Gr	INF179KA1RW5	Tata Steel Ltd	Basic Materials	327.91	0.88	0.00	Apr25	12.51
HDFC Small Cap Dir Gr	INF179KA1RW5	Tata Steel Ltd	Basic Materials	327.91	0.88	0.00	May25	11.15
HDFC Small Cap Dir Gr	INF179KA1RW5	Tata Steel Ltd	Basic Materials	327.91	0.88	0.00	June25	10.18
HDFC Small Cap Dir Gr	INF179KA1RW5	Tata Steel Ltd	Basic Materials	327.91	0.88	0.00	July25	9.19
HDFC Small Cap Dir Gr	INF179KA1RW5	Tata Steel Ltd	Basic Materials	327.91	0.88	0.00	Aug25	8.13
HDFC Small Cap Dir Gr	INF179KA1RW5	Kirloskar Ferrous Industries Ltd	Industrials	313.65	0.84	0.00	Oct24	5.55
HDFC Small Cap Dir Gr	INF179KA1RW5	Kirloskar Ferrous Industries Ltd	Industrials	313.65	0.84	0.00	Nov24	7.52
HDFC Small Cap Dir Gr	INF179KA1RW5	Kirloskar Ferrous Industries Ltd	Industrials	313.65	0.84	0.00	Dec24	3.56
HDFC Small Cap Dir Gr	INF179KA1RW5	Kirloskar Ferrous Industries Ltd	Industrials	313.65	0.84	0.00	Jan25	5.32
HDFC Small Cap Dir Gr	INF179KA1RW5	Kirloskar Ferrous Industries Ltd	Industrials	313.65	0.84	0.00	Feb25	5.59
HDFC Small Cap Dir Gr	INF179KA1RW5	Kirloskar Ferrous Industries Ltd	Industrials	313.65	0.84	0.00	Mar25	15.51
HDFC Small Cap Dir Gr	INF179KA1RW5	Kirloskar Ferrous Industries Ltd	Industrials	313.65	0.84	0.00	Mar25	15.51
HDFC Small Cap Dir Gr	INF179KA1RW5	Kirloskar Ferrous Industries Ltd	Industrials	313.65	0.84	0.00	Apr25	12.51
HDFC Small Cap Dir Gr	INF179KA1RW5	Kirloskar Ferrous Industries Ltd	Industrials	313.65	0.84	0.00	May25	11.15
HDFC Small Cap Dir Gr	INF179KA1RW5	Kirloskar Ferrous Industries Ltd	Industrials	313.65	0.84	0.00	June25	10.18
HDFC Small Cap Dir Gr	INF179KA1RW5	Kirloskar Ferrous Industries Ltd	Industrials	313.65	0.84	0.00	July25	9.19
HDFC Small Cap Dir Gr	INF179KA1RW5	Kirloskar Ferrous Industries Ltd	Industrials	313.65	0.84	0.00	Aug25	8.13
HDFC Small Cap Dir Gr	INF179KA1RW5	KEC International Ltd	Industrials	290.27	0.78	0.00	Oct24	5.55
HDFC Small Cap Dir Gr	INF179KA1RW5	KEC International Ltd	Industrials	290.27	0.78	0.00	Nov24	7.52
HDFC Small Cap Dir Gr	INF179KA1RW5	KEC International Ltd	Industrials	290.27	0.78	0.00	Dec24	3.56
HDFC Small Cap Dir Gr	INF179KA1RW5	KEC International Ltd	Industrials	290.27	0.78	0.00	Jan25	5.32
HDFC Small Cap Dir Gr	INF179KA1RW5	KEC International Ltd	Industrials	290.27	0.78	0.00	Feb25	5.59
HDFC Small Cap Dir Gr	INF179KA1RW5	KEC International Ltd	Industrials	290.27	0.78	0.00	Mar25	15.51
HDFC Small Cap Dir Gr	INF179KA1RW5	KEC International Ltd	Industrials	290.27	0.78	0.00	Mar25	15.51
HDFC Small Cap Dir Gr	INF179KA1RW5	KEC International Ltd	Industrials	290.27	0.78	0.00	Apr25	12.51
HDFC Small Cap Dir Gr	INF179KA1RW5	KEC International Ltd	Industrials	290.27	0.78	0.00	May25	11.15
HDFC Small Cap Dir Gr	INF179KA1RW5	KEC International Ltd	Industrials	290.27	0.78	0.00	June25	10.18
HDFC Small Cap Dir Gr	INF179KA1RW5	KEC International Ltd	Industrials	290.27	0.78	0.00	July25	9.19
HDFC Small Cap Dir Gr	INF179KA1RW5	KEC International Ltd	Industrials	290.27	0.78	0.00	Aug25	8.13
HDFC Small Cap Dir Gr	INF179KA1RW5	SKF India (Industrial) Ltd	Industrials	284.05	0.76	0.00	Oct24	5.55
HDFC Small Cap Dir Gr	INF179KA1RW5	SKF India (Industrial) Ltd	Industrials	284.05	0.76	0.00	Nov24	7.52
HDFC Small Cap Dir Gr	INF179KA1RW5	SKF India (Industrial) Ltd	Industrials	284.05	0.76	0.00	Dec24	3.56
HDFC Small Cap Dir Gr	INF179KA1RW5	SKF India (Industrial) Ltd	Industrials	284.05	0.76	0.00	Jan25	5.32
HDFC Small Cap Dir Gr	INF179KA1RW5	SKF India (Industrial) Ltd	Industrials	284.05	0.76	0.00	Feb25	5.59
HDFC Small Cap Dir Gr	INF179KA1RW5	SKF India (Industrial) Ltd	Industrials	284.05	0.76	0.00	Mar25	15.51
HDFC Small Cap Dir Gr	INF179KA1RW5	SKF India (Industrial) Ltd	Industrials	284.05	0.76	0.00	Mar25	15.51
HDFC Small Cap Dir Gr	INF179KA1RW5	SKF India (Industrial) Ltd	Industrials	284.05	0.76	0.00	Apr25	12.51
HDFC Small Cap Dir Gr	INF179KA1RW5	SKF India (Industrial) Ltd	Industrials	284.05	0.76	0.00	May25	11.15
HDFC Small Cap Dir Gr	INF179KA1RW5	SKF India (Industrial) Ltd	Industrials	284.05	0.76	0.00	June25	10.18
HDFC Small Cap Dir Gr	INF179KA1RW5	SKF India (Industrial) Ltd	Industrials	284.05	0.76	0.00	July25	9.19
HDFC Small Cap Dir Gr	INF179KA1RW5	SKF India (Industrial) Ltd	Industrials	284.05	0.76	0.00	Aug25	8.13
HDFC Small Cap Dir Gr	INF179KA1RW5	Lumax Industries Ltd	Consumer Cyclical	279.78	0.75	3.49	Oct24	5.55
HDFC Small Cap Dir Gr	INF179KA1RW5	Lumax Industries Ltd	Consumer Cyclical	279.78	0.75	3.49	Nov24	7.52
HDFC Small Cap Dir Gr	INF179KA1RW5	Lumax Industries Ltd	Consumer Cyclical	279.78	0.75	3.49	Dec24	3.56
HDFC Small Cap Dir Gr	INF179KA1RW5	Lumax Industries Ltd	Consumer Cyclical	279.78	0.75	3.49	Jan25	5.32
HDFC Small Cap Dir Gr	INF179KA1RW5	Lumax Industries Ltd	Consumer Cyclical	279.78	0.75	3.49	Feb25	5.59
HDFC Small Cap Dir Gr	INF179KA1RW5	Lumax Industries Ltd	Consumer Cyclical	279.78	0.75	3.49	Mar25	15.51
HDFC Small Cap Dir Gr	INF179KA1RW5	Lumax Industries Ltd	Consumer Cyclical	279.78	0.75	3.49	Mar25	15.51
HDFC Small Cap Dir Gr	INF179KA1RW5	Lumax Industries Ltd	Consumer Cyclical	279.78	0.75	3.49	Apr25	12.51
HDFC Small Cap Dir Gr	INF179KA1RW5	Lumax Industries Ltd	Consumer Cyclical	279.78	0.75	3.49	May25	11.15
HDFC Small Cap Dir Gr	INF179KA1RW5	Lumax Industries Ltd	Consumer Cyclical	279.78	0.75	3.49	June25	10.18
HDFC Small Cap Dir Gr	INF179KA1RW5	Lumax Industries Ltd	Consumer Cyclical	279.78	0.75	3.49	July25	9.19
HDFC Small Cap Dir Gr	INF179KA1RW5	Lumax Industries Ltd	Consumer Cyclical	279.78	0.75	3.49	Aug25	8.13
HDFC Small Cap Dir Gr	INF179KA1RW5	Shoppers Stop Ltd	Consumer Cyclical	278.77	0.74	2.95	Oct24	5.55
HDFC Small Cap Dir Gr	INF179KA1RW5	Shoppers Stop Ltd	Consumer Cyclical	278.77	0.74	2.95	Nov24	7.52
HDFC Small Cap Dir Gr	INF179KA1RW5	Shoppers Stop Ltd	Consumer Cyclical	278.77	0.74	2.95	Dec24	3.56
HDFC Small Cap Dir Gr	INF179KA1RW5	Shoppers Stop Ltd	Consumer Cyclical	278.77	0.74	2.95	Jan25	5.32
HDFC Small Cap Dir Gr	INF179KA1RW5	Shoppers Stop Ltd	Consumer Cyclical	278.77	0.74	2.95	Feb25	5.59
HDFC Small Cap Dir Gr	INF179KA1RW5	Shoppers Stop Ltd	Consumer Cyclical	278.77	0.74	2.95	Mar25	15.51
HDFC Small Cap Dir Gr	INF179KA1RW5	Shoppers Stop Ltd	Consumer Cyclical	278.77	0.74	2.95	Mar25	15.51
HDFC Small Cap Dir Gr	INF179KA1RW5	Shoppers Stop Ltd	Consumer Cyclical	278.77	0.74	2.95	Apr25	12.51
HDFC Small Cap Dir Gr	INF179KA1RW5	Shoppers Stop Ltd	Consumer Cyclical	278.77	0.74	2.95	May25	11.15
HDFC Small Cap Dir Gr	INF179KA1RW5	Shoppers Stop Ltd	Consumer Cyclical	278.77	0.74	2.95	June25	10.18
HDFC Small Cap Dir Gr	INF179KA1RW5	Shoppers Stop Ltd	Consumer Cyclical	278.77	0.74	2.95	July25	9.19
HDFC Small Cap Dir Gr	INF179KA1RW5	Shoppers Stop Ltd	Consumer Cyclical	278.77	0.74	2.95	Aug25	8.13
HDFC Small Cap Dir Gr	INF179KA1RW5	PNC Infratech Ltd	Industrials	270.62	0.72	0.00	Oct24	5.55
HDFC Small Cap Dir Gr	INF179KA1RW5	PNC Infratech Ltd	Industrials	270.62	0.72	0.00	Nov24	7.52
HDFC Small Cap Dir Gr	INF179KA1RW5	PNC Infratech Ltd	Industrials	270.62	0.72	0.00	Dec24	3.56
HDFC Small Cap Dir Gr	INF179KA1RW5	PNC Infratech Ltd	Industrials	270.62	0.72	0.00	Jan25	5.32
HDFC Small Cap Dir Gr	INF179KA1RW5	PNC Infratech Ltd	Industrials	270.62	0.72	0.00	Feb25	5.59
HDFC Small Cap Dir Gr	INF179KA1RW5	PNC Infratech Ltd	Industrials	270.62	0.72	0.00	Mar25	15.51
HDFC Small Cap Dir Gr	INF179KA1RW5	PNC Infratech Ltd	Industrials	270.62	0.72	0.00	Mar25	15.51
HDFC Small Cap Dir Gr	INF179KA1RW5	PNC Infratech Ltd	Industrials	270.62	0.72	0.00	Apr25	12.51
HDFC Small Cap Dir Gr	INF179KA1RW5	PNC Infratech Ltd	Industrials	270.62	0.72	0.00	May25	11.15
HDFC Small Cap Dir Gr	INF179KA1RW5	PNC Infratech Ltd	Industrials	270.62	0.72	0.00	June25	10.18
HDFC Small Cap Dir Gr	INF179KA1RW5	PNC Infratech Ltd	Industrials	270.62	0.72	0.00	July25	9.19
HDFC Small Cap Dir Gr	INF179KA1RW5	PNC Infratech Ltd	Industrials	270.62	0.72	0.00	Aug25	8.13
HDFC Small Cap Dir Gr	INF179KA1RW5	Redtape Ltd	Consumer Cyclical	262.91	0.70	0.00	Oct24	5.55
HDFC Small Cap Dir Gr	INF179KA1RW5	Redtape Ltd	Consumer Cyclical	262.91	0.70	0.00	Nov24	7.52
HDFC Small Cap Dir Gr	INF179KA1RW5	Redtape Ltd	Consumer Cyclical	262.91	0.70	0.00	Dec24	3.56
HDFC Small Cap Dir Gr	INF179KA1RW5	Redtape Ltd	Consumer Cyclical	262.91	0.70	0.00	Jan25	5.32
HDFC Small Cap Dir Gr	INF179KA1RW5	Redtape Ltd	Consumer Cyclical	262.91	0.70	0.00	Feb25	5.59
HDFC Small Cap Dir Gr	INF179KA1RW5	Redtape Ltd	Consumer Cyclical	262.91	0.70	0.00	Mar25	15.51
HDFC Small Cap Dir Gr	INF179KA1RW5	Redtape Ltd	Consumer Cyclical	262.91	0.70	0.00	Mar25	15.51
HDFC Small Cap Dir Gr	INF179KA1RW5	Redtape Ltd	Consumer Cyclical	262.91	0.70	0.00	Apr25	12.51
HDFC Small Cap Dir Gr	INF179KA1RW5	Redtape Ltd	Consumer Cyclical	262.91	0.70	0.00	May25	11.15
HDFC Small Cap Dir Gr	INF179KA1RW5	Redtape Ltd	Consumer Cyclical	262.91	0.70	0.00	June25	10.18
HDFC Small Cap Dir Gr	INF179KA1RW5	Redtape Ltd	Consumer Cyclical	262.91	0.70	0.00	July25	9.19
HDFC Small Cap Dir Gr	INF179KA1RW5	Redtape Ltd	Consumer Cyclical	262.91	0.70	0.00	Aug25	8.13
HDFC Small Cap Dir Gr	INF179KA1RW5	Indigo Paints Ltd Ordinary Shares	Basic Materials	242.79	0.65	8.60	Oct24	5.55
HDFC Small Cap Dir Gr	INF179KA1RW5	Indigo Paints Ltd Ordinary Shares	Basic Materials	242.79	0.65	8.60	Nov24	7.52
HDFC Small Cap Dir Gr	INF179KA1RW5	Indigo Paints Ltd Ordinary Shares	Basic Materials	242.79	0.65	8.60	Dec24	3.56
HDFC Small Cap Dir Gr	INF179KA1RW5	Indigo Paints Ltd Ordinary Shares	Basic Materials	242.79	0.65	8.60	Jan25	5.32
HDFC Small Cap Dir Gr	INF179KA1RW5	Indigo Paints Ltd Ordinary Shares	Basic Materials	242.79	0.65	8.60	Feb25	5.59
HDFC Small Cap Dir Gr	INF179KA1RW5	Indigo Paints Ltd Ordinary Shares	Basic Materials	242.79	0.65	8.60	Mar25	15.51
HDFC Small Cap Dir Gr	INF179KA1RW5	Indigo Paints Ltd Ordinary Shares	Basic Materials	242.79	0.65	8.60	Mar25	15.51
HDFC Small Cap Dir Gr	INF179KA1RW5	Indigo Paints Ltd Ordinary Shares	Basic Materials	242.79	0.65	8.60	Apr25	12.51
HDFC Small Cap Dir Gr	INF179KA1RW5	Indigo Paints Ltd Ordinary Shares	Basic Materials	242.79	0.65	8.60	May25	11.15
HDFC Small Cap Dir Gr	INF179KA1RW5	Indigo Paints Ltd Ordinary Shares	Basic Materials	242.79	0.65	8.60	June25	10.18
HDFC Small Cap Dir Gr	INF179KA1RW5	Indigo Paints Ltd Ordinary Shares	Basic Materials	242.79	0.65	8.60	July25	9.19
HDFC Small Cap Dir Gr	INF179KA1RW5	Indigo Paints Ltd Ordinary Shares	Basic Materials	242.79	0.65	8.60	Aug25	8.13
HDFC Small Cap Dir Gr	INF179KA1RW5	NRB Bearings Ltd	Consumer Cyclical	237.14	0.63	0.00	Oct24	5.55
HDFC Small Cap Dir Gr	INF179KA1RW5	NRB Bearings Ltd	Consumer Cyclical	237.14	0.63	0.00	Nov24	7.52
HDFC Small Cap Dir Gr	INF179KA1RW5	NRB Bearings Ltd	Consumer Cyclical	237.14	0.63	0.00	Dec24	3.56
HDFC Small Cap Dir Gr	INF179KA1RW5	NRB Bearings Ltd	Consumer Cyclical	237.14	0.63	0.00	Jan25	5.32
HDFC Small Cap Dir Gr	INF179KA1RW5	NRB Bearings Ltd	Consumer Cyclical	237.14	0.63	0.00	Feb25	5.59
HDFC Small Cap Dir Gr	INF179KA1RW5	NRB Bearings Ltd	Consumer Cyclical	237.14	0.63	0.00	Mar25	15.51
HDFC Small Cap Dir Gr	INF179KA1RW5	NRB Bearings Ltd	Consumer Cyclical	237.14	0.63	0.00	Mar25	15.51
HDFC Small Cap Dir Gr	INF179KA1RW5	NRB Bearings Ltd	Consumer Cyclical	237.14	0.63	0.00	Apr25	12.51
HDFC Small Cap Dir Gr	INF179KA1RW5	NRB Bearings Ltd	Consumer Cyclical	237.14	0.63	0.00	May25	11.15
HDFC Small Cap Dir Gr	INF179KA1RW5	NRB Bearings Ltd	Consumer Cyclical	237.14	0.63	0.00	June25	10.18
HDFC Small Cap Dir Gr	INF179KA1RW5	NRB Bearings Ltd	Consumer Cyclical	237.14	0.63	0.00	July25	9.19
HDFC Small Cap Dir Gr	INF179KA1RW5	NRB Bearings Ltd	Consumer Cyclical	237.14	0.63	0.00	Aug25	8.13
HDFC Small Cap Dir Gr	INF179KA1RW5	Aadhar Housing Finance Ltd	Financial Services	234.65	0.63	1.99	Oct24	5.55
HDFC Small Cap Dir Gr	INF179KA1RW5	Aadhar Housing Finance Ltd	Financial Services	234.65	0.63	1.99	Nov24	7.52
HDFC Small Cap Dir Gr	INF179KA1RW5	Aadhar Housing Finance Ltd	Financial Services	234.65	0.63	1.99	Dec24	3.56
HDFC Small Cap Dir Gr	INF179KA1RW5	Aadhar Housing Finance Ltd	Financial Services	234.65	0.63	1.99	Jan25	5.32
HDFC Small Cap Dir Gr	INF179KA1RW5	Aadhar Housing Finance Ltd	Financial Services	234.65	0.63	1.99	Feb25	5.59
HDFC Small Cap Dir Gr	INF179KA1RW5	Aadhar Housing Finance Ltd	Financial Services	234.65	0.63	1.99	Mar25	15.51
HDFC Small Cap Dir Gr	INF179KA1RW5	Aadhar Housing Finance Ltd	Financial Services	234.65	0.63	1.99	Mar25	15.51
HDFC Small Cap Dir Gr	INF179KA1RW5	Aadhar Housing Finance Ltd	Financial Services	234.65	0.63	1.99	Apr25	12.51
HDFC Small Cap Dir Gr	INF179KA1RW5	Aadhar Housing Finance Ltd	Financial Services	234.65	0.63	1.99	May25	11.15
HDFC Small Cap Dir Gr	INF179KA1RW5	Aadhar Housing Finance Ltd	Financial Services	234.65	0.63	1.99	June25	10.18
HDFC Small Cap Dir Gr	INF179KA1RW5	Aadhar Housing Finance Ltd	Financial Services	234.65	0.63	1.99	July25	9.19
HDFC Small Cap Dir Gr	INF179KA1RW5	Aadhar Housing Finance Ltd	Financial Services	234.65	0.63	1.99	Aug25	8.13
HDFC Small Cap Dir Gr	INF179KA1RW5	The Anup Engineering Ltd	Industrials	232.46	0.62	0.06	Oct24	5.55
HDFC Small Cap Dir Gr	INF179KA1RW5	The Anup Engineering Ltd	Industrials	232.46	0.62	0.06	Nov24	7.52
HDFC Small Cap Dir Gr	INF179KA1RW5	The Anup Engineering Ltd	Industrials	232.46	0.62	0.06	Dec24	3.56
HDFC Small Cap Dir Gr	INF179KA1RW5	The Anup Engineering Ltd	Industrials	232.46	0.62	0.06	Jan25	5.32
HDFC Small Cap Dir Gr	INF179KA1RW5	The Anup Engineering Ltd	Industrials	232.46	0.62	0.06	Feb25	5.59
HDFC Small Cap Dir Gr	INF179KA1RW5	The Anup Engineering Ltd	Industrials	232.46	0.62	0.06	Mar25	15.51
HDFC Small Cap Dir Gr	INF179KA1RW5	The Anup Engineering Ltd	Industrials	232.46	0.62	0.06	Mar25	15.51
HDFC Small Cap Dir Gr	INF179KA1RW5	The Anup Engineering Ltd	Industrials	232.46	0.62	0.06	Apr25	12.51
HDFC Small Cap Dir Gr	INF179KA1RW5	The Anup Engineering Ltd	Industrials	232.46	0.62	0.06	May25	11.15
HDFC Small Cap Dir Gr	INF179KA1RW5	The Anup Engineering Ltd	Industrials	232.46	0.62	0.06	June25	10.18
HDFC Small Cap Dir Gr	INF179KA1RW5	The Anup Engineering Ltd	Industrials	232.46	0.62	0.06	July25	9.19
HDFC Small Cap Dir Gr	INF179KA1RW5	The Anup Engineering Ltd	Industrials	232.46	0.62	0.06	Aug25	8.13
HDFC Small Cap Dir Gr	INF179KA1RW5	Bajaj Electricals Ltd	Consumer Cyclical	228.24	0.61	0.00	Oct24	5.55
HDFC Small Cap Dir Gr	INF179KA1RW5	Bajaj Electricals Ltd	Consumer Cyclical	228.24	0.61	0.00	Nov24	7.52
HDFC Small Cap Dir Gr	INF179KA1RW5	Bajaj Electricals Ltd	Consumer Cyclical	228.24	0.61	0.00	Dec24	3.56
HDFC Small Cap Dir Gr	INF179KA1RW5	Bajaj Electricals Ltd	Consumer Cyclical	228.24	0.61	0.00	Jan25	5.32
HDFC Small Cap Dir Gr	INF179KA1RW5	Bajaj Electricals Ltd	Consumer Cyclical	228.24	0.61	0.00	Feb25	5.59
HDFC Small Cap Dir Gr	INF179KA1RW5	Bajaj Electricals Ltd	Consumer Cyclical	228.24	0.61	0.00	Mar25	15.51
HDFC Small Cap Dir Gr	INF179KA1RW5	Bajaj Electricals Ltd	Consumer Cyclical	228.24	0.61	0.00	Mar25	15.51
HDFC Small Cap Dir Gr	INF179KA1RW5	Bajaj Electricals Ltd	Consumer Cyclical	228.24	0.61	0.00	Apr25	12.51
HDFC Small Cap Dir Gr	INF179KA1RW5	Bajaj Electricals Ltd	Consumer Cyclical	228.24	0.61	0.00	May25	11.15
HDFC Small Cap Dir Gr	INF179KA1RW5	Bajaj Electricals Ltd	Consumer Cyclical	228.24	0.61	0.00	June25	10.18
HDFC Small Cap Dir Gr	INF179KA1RW5	Bajaj Electricals Ltd	Consumer Cyclical	228.24	0.61	0.00	July25	9.19
HDFC Small Cap Dir Gr	INF179KA1RW5	Bajaj Electricals Ltd	Consumer Cyclical	228.24	0.61	0.00	Aug25	8.13
HDFC Small Cap Dir Gr	INF179KA1RW5	Bajaj Consumer Care Ltd	Consumer Defensive	215.33	0.58	0.00	Oct24	5.55
HDFC Small Cap Dir Gr	INF179KA1RW5	Bajaj Consumer Care Ltd	Consumer Defensive	215.33	0.58	0.00	Nov24	7.52
HDFC Small Cap Dir Gr	INF179KA1RW5	Bajaj Consumer Care Ltd	Consumer Defensive	215.33	0.58	0.00	Dec24	3.56
HDFC Small Cap Dir Gr	INF179KA1RW5	Bajaj Consumer Care Ltd	Consumer Defensive	215.33	0.58	0.00	Jan25	5.32
HDFC Small Cap Dir Gr	INF179KA1RW5	Bajaj Consumer Care Ltd	Consumer Defensive	215.33	0.58	0.00	Feb25	5.59
HDFC Small Cap Dir Gr	INF179KA1RW5	Bajaj Consumer Care Ltd	Consumer Defensive	215.33	0.58	0.00	Mar25	15.51
HDFC Small Cap Dir Gr	INF179KA1RW5	Bajaj Consumer Care Ltd	Consumer Defensive	215.33	0.58	0.00	Mar25	15.51
HDFC Small Cap Dir Gr	INF179KA1RW5	Bajaj Consumer Care Ltd	Consumer Defensive	215.33	0.58	0.00	Apr25	12.51
HDFC Small Cap Dir Gr	INF179KA1RW5	Bajaj Consumer Care Ltd	Consumer Defensive	215.33	0.58	0.00	May25	11.15
HDFC Small Cap Dir Gr	INF179KA1RW5	Bajaj Consumer Care Ltd	Consumer Defensive	215.33	0.58	0.00	June25	10.18
HDFC Small Cap Dir Gr	INF179KA1RW5	Bajaj Consumer Care Ltd	Consumer Defensive	215.33	0.58	0.00	July25	9.19
HDFC Small Cap Dir Gr	INF179KA1RW5	Bajaj Consumer Care Ltd	Consumer Defensive	215.33	0.58	0.00	Aug25	8.13
HDFC Small Cap Dir Gr	INF179KA1RW5	Gateway Distriparks Ltd	Industrials	198.62	0.53	0.00	Oct24	5.55
HDFC Small Cap Dir Gr	INF179KA1RW5	Gateway Distriparks Ltd	Industrials	198.62	0.53	0.00	Nov24	7.52
HDFC Small Cap Dir Gr	INF179KA1RW5	Gateway Distriparks Ltd	Industrials	198.62	0.53	0.00	Dec24	3.56
HDFC Small Cap Dir Gr	INF179KA1RW5	Gateway Distriparks Ltd	Industrials	198.62	0.53	0.00	Jan25	5.32
HDFC Small Cap Dir Gr	INF179KA1RW5	Gateway Distriparks Ltd	Industrials	198.62	0.53	0.00	Feb25	5.59
HDFC Small Cap Dir Gr	INF179KA1RW5	Gateway Distriparks Ltd	Industrials	198.62	0.53	0.00	Mar25	15.51
HDFC Small Cap Dir Gr	INF179KA1RW5	Gateway Distriparks Ltd	Industrials	198.62	0.53	0.00	Mar25	15.51
HDFC Small Cap Dir Gr	INF179KA1RW5	Gateway Distriparks Ltd	Industrials	198.62	0.53	0.00	Apr25	12.51
HDFC Small Cap Dir Gr	INF179KA1RW5	Gateway Distriparks Ltd	Industrials	198.62	0.53	0.00	May25	11.15
HDFC Small Cap Dir Gr	INF179KA1RW5	Gateway Distriparks Ltd	Industrials	198.62	0.53	0.00	June25	10.18
HDFC Small Cap Dir Gr	INF179KA1RW5	Gateway Distriparks Ltd	Industrials	198.62	0.53	0.00	July25	9.19
HDFC Small Cap Dir Gr	INF179KA1RW5	Gateway Distriparks Ltd	Industrials	198.62	0.53	0.00	Aug25	8.13
HDFC Small Cap Dir Gr	INF179KA1RW5	GMM Pfaudler Ltd	Industrials	198.22	0.53	0.00	Oct24	5.55
HDFC Small Cap Dir Gr	INF179KA1RW5	GMM Pfaudler Ltd	Industrials	198.22	0.53	0.00	Nov24	7.52
HDFC Small Cap Dir Gr	INF179KA1RW5	GMM Pfaudler Ltd	Industrials	198.22	0.53	0.00	Dec24	3.56
HDFC Small Cap Dir Gr	INF179KA1RW5	GMM Pfaudler Ltd	Industrials	198.22	0.53	0.00	Jan25	5.32
HDFC Small Cap Dir Gr	INF179KA1RW5	GMM Pfaudler Ltd	Industrials	198.22	0.53	0.00	Feb25	5.59
HDFC Small Cap Dir Gr	INF179KA1RW5	GMM Pfaudler Ltd	Industrials	198.22	0.53	0.00	Mar25	15.51
HDFC Small Cap Dir Gr	INF179KA1RW5	GMM Pfaudler Ltd	Industrials	198.22	0.53	0.00	Mar25	15.51
HDFC Small Cap Dir Gr	INF179KA1RW5	GMM Pfaudler Ltd	Industrials	198.22	0.53	0.00	Apr25	12.51
HDFC Small Cap Dir Gr	INF179KA1RW5	GMM Pfaudler Ltd	Industrials	198.22	0.53	0.00	May25	11.15
HDFC Small Cap Dir Gr	INF179KA1RW5	GMM Pfaudler Ltd	Industrials	198.22	0.53	0.00	June25	10.18
HDFC Small Cap Dir Gr	INF179KA1RW5	GMM Pfaudler Ltd	Industrials	198.22	0.53	0.00	July25	9.19
HDFC Small Cap Dir Gr	INF179KA1RW5	GMM Pfaudler Ltd	Industrials	198.22	0.53	0.00	Aug25	8.13
HDFC Small Cap Dir Gr	INF179KA1RW5	Vesuvius India Ltd	Industrials	196.75	0.53	0.00	Oct24	5.55
HDFC Small Cap Dir Gr	INF179KA1RW5	Vesuvius India Ltd	Industrials	196.75	0.53	0.00	Nov24	7.52
HDFC Small Cap Dir Gr	INF179KA1RW5	Vesuvius India Ltd	Industrials	196.75	0.53	0.00	Dec24	3.56
HDFC Small Cap Dir Gr	INF179KA1RW5	Vesuvius India Ltd	Industrials	196.75	0.53	0.00	Jan25	5.32
HDFC Small Cap Dir Gr	INF179KA1RW5	Vesuvius India Ltd	Industrials	196.75	0.53	0.00	Feb25	5.59
HDFC Small Cap Dir Gr	INF179KA1RW5	Vesuvius India Ltd	Industrials	196.75	0.53	0.00	Mar25	15.51
HDFC Small Cap Dir Gr	INF179KA1RW5	Vesuvius India Ltd	Industrials	196.75	0.53	0.00	Mar25	15.51
HDFC Small Cap Dir Gr	INF179KA1RW5	Vesuvius India Ltd	Industrials	196.75	0.53	0.00	Apr25	12.51
HDFC Small Cap Dir Gr	INF179KA1RW5	Vesuvius India Ltd	Industrials	196.75	0.53	0.00	May25	11.15
HDFC Small Cap Dir Gr	INF179KA1RW5	Vesuvius India Ltd	Industrials	196.75	0.53	0.00	June25	10.18
HDFC Small Cap Dir Gr	INF179KA1RW5	Vesuvius India Ltd	Industrials	196.75	0.53	0.00	July25	9.19
HDFC Small Cap Dir Gr	INF179KA1RW5	Vesuvius India Ltd	Industrials	196.75	0.53	0.00	Aug25	8.13
HDFC Small Cap Dir Gr	INF179KA1RW5	Awfis Space Solutions Ltd	Industrials	195.39	0.52	1.37	Oct24	5.55
HDFC Small Cap Dir Gr	INF179KA1RW5	Awfis Space Solutions Ltd	Industrials	195.39	0.52	1.37	Nov24	7.52
HDFC Small Cap Dir Gr	INF179KA1RW5	Awfis Space Solutions Ltd	Industrials	195.39	0.52	1.37	Dec24	3.56
HDFC Small Cap Dir Gr	INF179KA1RW5	Awfis Space Solutions Ltd	Industrials	195.39	0.52	1.37	Jan25	5.32
HDFC Small Cap Dir Gr	INF179KA1RW5	Awfis Space Solutions Ltd	Industrials	195.39	0.52	1.37	Feb25	5.59
HDFC Small Cap Dir Gr	INF179KA1RW5	Awfis Space Solutions Ltd	Industrials	195.39	0.52	1.37	Mar25	15.51
HDFC Small Cap Dir Gr	INF179KA1RW5	Awfis Space Solutions Ltd	Industrials	195.39	0.52	1.37	Mar25	15.51
HDFC Small Cap Dir Gr	INF179KA1RW5	Awfis Space Solutions Ltd	Industrials	195.39	0.52	1.37	Apr25	12.51
HDFC Small Cap Dir Gr	INF179KA1RW5	Awfis Space Solutions Ltd	Industrials	195.39	0.52	1.37	May25	11.15
HDFC Small Cap Dir Gr	INF179KA1RW5	Awfis Space Solutions Ltd	Industrials	195.39	0.52	1.37	June25	10.18
HDFC Small Cap Dir Gr	INF179KA1RW5	Awfis Space Solutions Ltd	Industrials	195.39	0.52	1.37	July25	9.19
HDFC Small Cap Dir Gr	INF179KA1RW5	Awfis Space Solutions Ltd	Industrials	195.39	0.52	1.37	Aug25	8.13
HDFC Small Cap Dir Gr	INF179KA1RW5	La Opala RG Ltd	Consumer Cyclical	194.89	0.52	0.00	Oct24	5.55
HDFC Small Cap Dir Gr	INF179KA1RW5	La Opala RG Ltd	Consumer Cyclical	194.89	0.52	0.00	Nov24	7.52
HDFC Small Cap Dir Gr	INF179KA1RW5	La Opala RG Ltd	Consumer Cyclical	194.89	0.52	0.00	Dec24	3.56
HDFC Small Cap Dir Gr	INF179KA1RW5	La Opala RG Ltd	Consumer Cyclical	194.89	0.52	0.00	Jan25	5.32
HDFC Small Cap Dir Gr	INF179KA1RW5	La Opala RG Ltd	Consumer Cyclical	194.89	0.52	0.00	Feb25	5.59
HDFC Small Cap Dir Gr	INF179KA1RW5	La Opala RG Ltd	Consumer Cyclical	194.89	0.52	0.00	Mar25	15.51
HDFC Small Cap Dir Gr	INF179KA1RW5	La Opala RG Ltd	Consumer Cyclical	194.89	0.52	0.00	Mar25	15.51
HDFC Small Cap Dir Gr	INF179KA1RW5	La Opala RG Ltd	Consumer Cyclical	194.89	0.52	0.00	Apr25	12.51
HDFC Small Cap Dir Gr	INF179KA1RW5	La Opala RG Ltd	Consumer Cyclical	194.89	0.52	0.00	May25	11.15
HDFC Small Cap Dir Gr	INF179KA1RW5	La Opala RG Ltd	Consumer Cyclical	194.89	0.52	0.00	June25	10.18
HDFC Small Cap Dir Gr	INF179KA1RW5	La Opala RG Ltd	Consumer Cyclical	194.89	0.52	0.00	July25	9.19
HDFC Small Cap Dir Gr	INF179KA1RW5	La Opala RG Ltd	Consumer Cyclical	194.89	0.52	0.00	Aug25	8.13
HDFC Small Cap Dir Gr	INF179KA1RW5	SKF India Ltd	Industrials	192.60	0.51	0.00	Oct24	5.55
HDFC Small Cap Dir Gr	INF179KA1RW5	SKF India Ltd	Industrials	192.60	0.51	0.00	Nov24	7.52
HDFC Small Cap Dir Gr	INF179KA1RW5	SKF India Ltd	Industrials	192.60	0.51	0.00	Dec24	3.56
HDFC Small Cap Dir Gr	INF179KA1RW5	SKF India Ltd	Industrials	192.60	0.51	0.00	Jan25	5.32
HDFC Small Cap Dir Gr	INF179KA1RW5	SKF India Ltd	Industrials	192.60	0.51	0.00	Feb25	5.59
HDFC Small Cap Dir Gr	INF179KA1RW5	SKF India Ltd	Industrials	192.60	0.51	0.00	Mar25	15.51
HDFC Small Cap Dir Gr	INF179KA1RW5	SKF India Ltd	Industrials	192.60	0.51	0.00	Mar25	15.51
HDFC Small Cap Dir Gr	INF179KA1RW5	SKF India Ltd	Industrials	192.60	0.51	0.00	Apr25	12.51
HDFC Small Cap Dir Gr	INF179KA1RW5	SKF India Ltd	Industrials	192.60	0.51	0.00	May25	11.15
HDFC Small Cap Dir Gr	INF179KA1RW5	SKF India Ltd	Industrials	192.60	0.51	0.00	June25	10.18
HDFC Small Cap Dir Gr	INF179KA1RW5	SKF India Ltd	Industrials	192.60	0.51	0.00	July25	9.19
HDFC Small Cap Dir Gr	INF179KA1RW5	SKF India Ltd	Industrials	192.60	0.51	0.00	Aug25	8.13
HDFC Small Cap Dir Gr	INF179KA1RW5	Unichem Laboratories Ltd	Healthcare	188.98	0.50	0.00	Oct24	5.55
HDFC Small Cap Dir Gr	INF179KA1RW5	Unichem Laboratories Ltd	Healthcare	188.98	0.50	0.00	Nov24	7.52
HDFC Small Cap Dir Gr	INF179KA1RW5	Unichem Laboratories Ltd	Healthcare	188.98	0.50	0.00	Dec24	3.56
HDFC Small Cap Dir Gr	INF179KA1RW5	Unichem Laboratories Ltd	Healthcare	188.98	0.50	0.00	Jan25	5.32
HDFC Small Cap Dir Gr	INF179KA1RW5	Unichem Laboratories Ltd	Healthcare	188.98	0.50	0.00	Feb25	5.59
HDFC Small Cap Dir Gr	INF179KA1RW5	Unichem Laboratories Ltd	Healthcare	188.98	0.50	0.00	Mar25	15.51
HDFC Small Cap Dir Gr	INF179KA1RW5	Unichem Laboratories Ltd	Healthcare	188.98	0.50	0.00	Mar25	15.51
HDFC Small Cap Dir Gr	INF179KA1RW5	Unichem Laboratories Ltd	Healthcare	188.98	0.50	0.00	Apr25	12.51
HDFC Small Cap Dir Gr	INF179KA1RW5	Unichem Laboratories Ltd	Healthcare	188.98	0.50	0.00	May25	11.15
HDFC Small Cap Dir Gr	INF179KA1RW5	Unichem Laboratories Ltd	Healthcare	188.98	0.50	0.00	June25	10.18
HDFC Small Cap Dir Gr	INF179KA1RW5	Unichem Laboratories Ltd	Healthcare	188.98	0.50	0.00	July25	9.19
HDFC Small Cap Dir Gr	INF179KA1RW5	Unichem Laboratories Ltd	Healthcare	188.98	0.50	0.00	Aug25	8.13
HDFC Small Cap Dir Gr	INF179KA1RW5	Wakefit Innovations Ltd	Consumer Cyclical	183.97	0.49	84.83	Oct24	5.55
HDFC Small Cap Dir Gr	INF179KA1RW5	Wakefit Innovations Ltd	Consumer Cyclical	183.97	0.49	84.83	Nov24	7.52
HDFC Small Cap Dir Gr	INF179KA1RW5	Wakefit Innovations Ltd	Consumer Cyclical	183.97	0.49	84.83	Dec24	3.56
HDFC Small Cap Dir Gr	INF179KA1RW5	Wakefit Innovations Ltd	Consumer Cyclical	183.97	0.49	84.83	Jan25	5.32
HDFC Small Cap Dir Gr	INF179KA1RW5	Wakefit Innovations Ltd	Consumer Cyclical	183.97	0.49	84.83	Feb25	5.59
HDFC Small Cap Dir Gr	INF179KA1RW5	Wakefit Innovations Ltd	Consumer Cyclical	183.97	0.49	84.83	Mar25	15.51
HDFC Small Cap Dir Gr	INF179KA1RW5	Wakefit Innovations Ltd	Consumer Cyclical	183.97	0.49	84.83	Mar25	15.51
HDFC Small Cap Dir Gr	INF179KA1RW5	Wakefit Innovations Ltd	Consumer Cyclical	183.97	0.49	84.83	Apr25	12.51
HDFC Small Cap Dir Gr	INF179KA1RW5	Wakefit Innovations Ltd	Consumer Cyclical	183.97	0.49	84.83	May25	11.15
HDFC Small Cap Dir Gr	INF179KA1RW5	Wakefit Innovations Ltd	Consumer Cyclical	183.97	0.49	84.83	June25	10.18
HDFC Small Cap Dir Gr	INF179KA1RW5	Wakefit Innovations Ltd	Consumer Cyclical	183.97	0.49	84.83	July25	9.19
HDFC Small Cap Dir Gr	INF179KA1RW5	Wakefit Innovations Ltd	Consumer Cyclical	183.97	0.49	84.83	Aug25	8.13
HDFC Small Cap Dir Gr	INF179KA1RW5	Mastek Ltd	Technology	168.36	0.45	146.12	Oct24	5.55
HDFC Small Cap Dir Gr	INF179KA1RW5	Mastek Ltd	Technology	168.36	0.45	146.12	Nov24	7.52
HDFC Small Cap Dir Gr	INF179KA1RW5	Mastek Ltd	Technology	168.36	0.45	146.12	Dec24	3.56
HDFC Small Cap Dir Gr	INF179KA1RW5	Mastek Ltd	Technology	168.36	0.45	146.12	Jan25	5.32
HDFC Small Cap Dir Gr	INF179KA1RW5	Mastek Ltd	Technology	168.36	0.45	146.12	Feb25	5.59
HDFC Small Cap Dir Gr	INF179KA1RW5	Mastek Ltd	Technology	168.36	0.45	146.12	Mar25	15.51
HDFC Small Cap Dir Gr	INF179KA1RW5	Mastek Ltd	Technology	168.36	0.45	146.12	Mar25	15.51
HDFC Small Cap Dir Gr	INF179KA1RW5	Mastek Ltd	Technology	168.36	0.45	146.12	Apr25	12.51
HDFC Small Cap Dir Gr	INF179KA1RW5	Mastek Ltd	Technology	168.36	0.45	146.12	May25	11.15
HDFC Small Cap Dir Gr	INF179KA1RW5	Mastek Ltd	Technology	168.36	0.45	146.12	June25	10.18
HDFC Small Cap Dir Gr	INF179KA1RW5	Mastek Ltd	Technology	168.36	0.45	146.12	July25	9.19
HDFC Small Cap Dir Gr	INF179KA1RW5	Mastek Ltd	Technology	168.36	0.45	146.12	Aug25	8.13
HDFC Small Cap Dir Gr	INF179KA1RW5	Insecticides (India) Ltd	Basic Materials	161.39	0.43	-0.86	Oct24	5.55
HDFC Small Cap Dir Gr	INF179KA1RW5	Insecticides (India) Ltd	Basic Materials	161.39	0.43	-0.86	Nov24	7.52
HDFC Small Cap Dir Gr	INF179KA1RW5	Insecticides (India) Ltd	Basic Materials	161.39	0.43	-0.86	Dec24	3.56
HDFC Small Cap Dir Gr	INF179KA1RW5	Insecticides (India) Ltd	Basic Materials	161.39	0.43	-0.86	Jan25	5.32
HDFC Small Cap Dir Gr	INF179KA1RW5	Insecticides (India) Ltd	Basic Materials	161.39	0.43	-0.86	Feb25	5.59
HDFC Small Cap Dir Gr	INF179KA1RW5	Insecticides (India) Ltd	Basic Materials	161.39	0.43	-0.86	Mar25	15.51
HDFC Small Cap Dir Gr	INF179KA1RW5	Insecticides (India) Ltd	Basic Materials	161.39	0.43	-0.86	Mar25	15.51
HDFC Small Cap Dir Gr	INF179KA1RW5	Insecticides (India) Ltd	Basic Materials	161.39	0.43	-0.86	Apr25	12.51
HDFC Small Cap Dir Gr	INF179KA1RW5	Insecticides (India) Ltd	Basic Materials	161.39	0.43	-0.86	May25	11.15
HDFC Small Cap Dir Gr	INF179KA1RW5	Insecticides (India) Ltd	Basic Materials	161.39	0.43	-0.86	June25	10.18
HDFC Small Cap Dir Gr	INF179KA1RW5	Insecticides (India) Ltd	Basic Materials	161.39	0.43	-0.86	July25	9.19
HDFC Small Cap Dir Gr	INF179KA1RW5	Insecticides (India) Ltd	Basic Materials	161.39	0.43	-0.86	Aug25	8.13
HDFC Small Cap Dir Gr	INF179KA1RW5	Ion Exchange (India) Ltd	Industrials	156.33	0.42	12.82	Oct24	5.55
HDFC Small Cap Dir Gr	INF179KA1RW5	Ion Exchange (India) Ltd	Industrials	156.33	0.42	12.82	Nov24	7.52
HDFC Small Cap Dir Gr	INF179KA1RW5	Ion Exchange (India) Ltd	Industrials	156.33	0.42	12.82	Dec24	3.56
HDFC Small Cap Dir Gr	INF179KA1RW5	Ion Exchange (India) Ltd	Industrials	156.33	0.42	12.82	Jan25	5.32
HDFC Small Cap Dir Gr	INF179KA1RW5	Ion Exchange (India) Ltd	Industrials	156.33	0.42	12.82	Feb25	5.59
HDFC Small Cap Dir Gr	INF179KA1RW5	Ion Exchange (India) Ltd	Industrials	156.33	0.42	12.82	Mar25	15.51
HDFC Small Cap Dir Gr	INF179KA1RW5	Ion Exchange (India) Ltd	Industrials	156.33	0.42	12.82	Mar25	15.51
HDFC Small Cap Dir Gr	INF179KA1RW5	Ion Exchange (India) Ltd	Industrials	156.33	0.42	12.82	Apr25	12.51
HDFC Small Cap Dir Gr	INF179KA1RW5	Ion Exchange (India) Ltd	Industrials	156.33	0.42	12.82	May25	11.15
HDFC Small Cap Dir Gr	INF179KA1RW5	Ion Exchange (India) Ltd	Industrials	156.33	0.42	12.82	June25	10.18
HDFC Small Cap Dir Gr	INF179KA1RW5	Ion Exchange (India) Ltd	Industrials	156.33	0.42	12.82	July25	9.19
HDFC Small Cap Dir Gr	INF179KA1RW5	Ion Exchange (India) Ltd	Industrials	156.33	0.42	12.82	Aug25	8.13
HDFC Small Cap Dir Gr	INF179KA1RW5	Emami Ltd	Consumer Defensive	155.71	0.42	0.00	Oct24	5.55
HDFC Small Cap Dir Gr	INF179KA1RW5	Emami Ltd	Consumer Defensive	155.71	0.42	0.00	Nov24	7.52
HDFC Small Cap Dir Gr	INF179KA1RW5	Emami Ltd	Consumer Defensive	155.71	0.42	0.00	Dec24	3.56
HDFC Small Cap Dir Gr	INF179KA1RW5	Emami Ltd	Consumer Defensive	155.71	0.42	0.00	Jan25	5.32
HDFC Small Cap Dir Gr	INF179KA1RW5	Emami Ltd	Consumer Defensive	155.71	0.42	0.00	Feb25	5.59
HDFC Small Cap Dir Gr	INF179KA1RW5	Emami Ltd	Consumer Defensive	155.71	0.42	0.00	Mar25	15.51
HDFC Small Cap Dir Gr	INF179KA1RW5	Emami Ltd	Consumer Defensive	155.71	0.42	0.00	Mar25	15.51
HDFC Small Cap Dir Gr	INF179KA1RW5	Emami Ltd	Consumer Defensive	155.71	0.42	0.00	Apr25	12.51
HDFC Small Cap Dir Gr	INF179KA1RW5	Emami Ltd	Consumer Defensive	155.71	0.42	0.00	May25	11.15
HDFC Small Cap Dir Gr	INF179KA1RW5	Emami Ltd	Consumer Defensive	155.71	0.42	0.00	June25	10.18
HDFC Small Cap Dir Gr	INF179KA1RW5	Emami Ltd	Consumer Defensive	155.71	0.42	0.00	July25	9.19
HDFC Small Cap Dir Gr	INF179KA1RW5	Emami Ltd	Consumer Defensive	155.71	0.42	0.00	Aug25	8.13
HDFC Small Cap Dir Gr	INF179KA1RW5	Gujarat Pipavav Port Ltd	Industrials	155.65	0.42	0.00	Oct24	5.55
HDFC Small Cap Dir Gr	INF179KA1RW5	Gujarat Pipavav Port Ltd	Industrials	155.65	0.42	0.00	Nov24	7.52
HDFC Small Cap Dir Gr	INF179KA1RW5	Gujarat Pipavav Port Ltd	Industrials	155.65	0.42	0.00	Dec24	3.56
HDFC Small Cap Dir Gr	INF179KA1RW5	Gujarat Pipavav Port Ltd	Industrials	155.65	0.42	0.00	Jan25	5.32
HDFC Small Cap Dir Gr	INF179KA1RW5	Gujarat Pipavav Port Ltd	Industrials	155.65	0.42	0.00	Feb25	5.59
HDFC Small Cap Dir Gr	INF179KA1RW5	Gujarat Pipavav Port Ltd	Industrials	155.65	0.42	0.00	Mar25	15.51
HDFC Small Cap Dir Gr	INF179KA1RW5	Gujarat Pipavav Port Ltd	Industrials	155.65	0.42	0.00	Mar25	15.51
HDFC Small Cap Dir Gr	INF179KA1RW5	Gujarat Pipavav Port Ltd	Industrials	155.65	0.42	0.00	Apr25	12.51
HDFC Small Cap Dir Gr	INF179KA1RW5	Gujarat Pipavav Port Ltd	Industrials	155.65	0.42	0.00	May25	11.15
HDFC Small Cap Dir Gr	INF179KA1RW5	Gujarat Pipavav Port Ltd	Industrials	155.65	0.42	0.00	June25	10.18
HDFC Small Cap Dir Gr	INF179KA1RW5	Gujarat Pipavav Port Ltd	Industrials	155.65	0.42	0.00	July25	9.19
HDFC Small Cap Dir Gr	INF179KA1RW5	Gujarat Pipavav Port Ltd	Industrials	155.65	0.42	0.00	Aug25	8.13
HDFC Small Cap Dir Gr	INF179KA1RW5	G R Infraprojects Ltd	Industrials	142.32	0.38	0.00	Oct24	5.55
HDFC Small Cap Dir Gr	INF179KA1RW5	G R Infraprojects Ltd	Industrials	142.32	0.38	0.00	Nov24	7.52
HDFC Small Cap Dir Gr	INF179KA1RW5	G R Infraprojects Ltd	Industrials	142.32	0.38	0.00	Dec24	3.56
HDFC Small Cap Dir Gr	INF179KA1RW5	G R Infraprojects Ltd	Industrials	142.32	0.38	0.00	Jan25	5.32
HDFC Small Cap Dir Gr	INF179KA1RW5	G R Infraprojects Ltd	Industrials	142.32	0.38	0.00	Feb25	5.59
HDFC Small Cap Dir Gr	INF179KA1RW5	G R Infraprojects Ltd	Industrials	142.32	0.38	0.00	Mar25	15.51
HDFC Small Cap Dir Gr	INF179KA1RW5	G R Infraprojects Ltd	Industrials	142.32	0.38	0.00	Mar25	15.51
HDFC Small Cap Dir Gr	INF179KA1RW5	G R Infraprojects Ltd	Industrials	142.32	0.38	0.00	Apr25	12.51
HDFC Small Cap Dir Gr	INF179KA1RW5	G R Infraprojects Ltd	Industrials	142.32	0.38	0.00	May25	11.15
HDFC Small Cap Dir Gr	INF179KA1RW5	G R Infraprojects Ltd	Industrials	142.32	0.38	0.00	June25	10.18
HDFC Small Cap Dir Gr	INF179KA1RW5	G R Infraprojects Ltd	Industrials	142.32	0.38	0.00	July25	9.19
HDFC Small Cap Dir Gr	INF179KA1RW5	G R Infraprojects Ltd	Industrials	142.32	0.38	0.00	Aug25	8.13
HDFC Small Cap Dir Gr	INF179KA1RW5	GNA Axles Ltd	Consumer Cyclical	137.31	0.37	0.00	Oct24	5.55
HDFC Small Cap Dir Gr	INF179KA1RW5	GNA Axles Ltd	Consumer Cyclical	137.31	0.37	0.00	Nov24	7.52
HDFC Small Cap Dir Gr	INF179KA1RW5	GNA Axles Ltd	Consumer Cyclical	137.31	0.37	0.00	Dec24	3.56
HDFC Small Cap Dir Gr	INF179KA1RW5	GNA Axles Ltd	Consumer Cyclical	137.31	0.37	0.00	Jan25	5.32
HDFC Small Cap Dir Gr	INF179KA1RW5	GNA Axles Ltd	Consumer Cyclical	137.31	0.37	0.00	Feb25	5.59
HDFC Small Cap Dir Gr	INF179KA1RW5	GNA Axles Ltd	Consumer Cyclical	137.31	0.37	0.00	Mar25	15.51
HDFC Small Cap Dir Gr	INF179KA1RW5	GNA Axles Ltd	Consumer Cyclical	137.31	0.37	0.00	Mar25	15.51
HDFC Small Cap Dir Gr	INF179KA1RW5	GNA Axles Ltd	Consumer Cyclical	137.31	0.37	0.00	Apr25	12.51
HDFC Small Cap Dir Gr	INF179KA1RW5	GNA Axles Ltd	Consumer Cyclical	137.31	0.37	0.00	May25	11.15
HDFC Small Cap Dir Gr	INF179KA1RW5	GNA Axles Ltd	Consumer Cyclical	137.31	0.37	0.00	June25	10.18
HDFC Small Cap Dir Gr	INF179KA1RW5	GNA Axles Ltd	Consumer Cyclical	137.31	0.37	0.00	July25	9.19
HDFC Small Cap Dir Gr	INF179KA1RW5	GNA Axles Ltd	Consumer Cyclical	137.31	0.37	0.00	Aug25	8.13
HDFC Small Cap Dir Gr	INF179KA1RW5	IFGL Refractories Ltd	Basic Materials	112.01	0.30	0.00	Oct24	5.55
HDFC Small Cap Dir Gr	INF179KA1RW5	IFGL Refractories Ltd	Basic Materials	112.01	0.30	0.00	Nov24	7.52
HDFC Small Cap Dir Gr	INF179KA1RW5	IFGL Refractories Ltd	Basic Materials	112.01	0.30	0.00	Dec24	3.56
HDFC Small Cap Dir Gr	INF179KA1RW5	IFGL Refractories Ltd	Basic Materials	112.01	0.30	0.00	Jan25	5.32
HDFC Small Cap Dir Gr	INF179KA1RW5	IFGL Refractories Ltd	Basic Materials	112.01	0.30	0.00	Feb25	5.59
HDFC Small Cap Dir Gr	INF179KA1RW5	IFGL Refractories Ltd	Basic Materials	112.01	0.30	0.00	Mar25	15.51
HDFC Small Cap Dir Gr	INF179KA1RW5	IFGL Refractories Ltd	Basic Materials	112.01	0.30	0.00	Mar25	15.51
HDFC Small Cap Dir Gr	INF179KA1RW5	IFGL Refractories Ltd	Basic Materials	112.01	0.30	0.00	Apr25	12.51
HDFC Small Cap Dir Gr	INF179KA1RW5	IFGL Refractories Ltd	Basic Materials	112.01	0.30	0.00	May25	11.15
HDFC Small Cap Dir Gr	INF179KA1RW5	IFGL Refractories Ltd	Basic Materials	112.01	0.30	0.00	June25	10.18
HDFC Small Cap Dir Gr	INF179KA1RW5	IFGL Refractories Ltd	Basic Materials	112.01	0.30	0.00	July25	9.19
HDFC Small Cap Dir Gr	INF179KA1RW5	IFGL Refractories Ltd	Basic Materials	112.01	0.30	0.00	Aug25	8.13
HDFC Small Cap Dir Gr	INF179KA1RW5	D B Corp Ltd	Communication Services	110.57	0.30	0.00	Oct24	5.55
HDFC Small Cap Dir Gr	INF179KA1RW5	D B Corp Ltd	Communication Services	110.57	0.30	0.00	Nov24	7.52
HDFC Small Cap Dir Gr	INF179KA1RW5	D B Corp Ltd	Communication Services	110.57	0.30	0.00	Dec24	3.56
HDFC Small Cap Dir Gr	INF179KA1RW5	D B Corp Ltd	Communication Services	110.57	0.30	0.00	Jan25	5.32
HDFC Small Cap Dir Gr	INF179KA1RW5	D B Corp Ltd	Communication Services	110.57	0.30	0.00	Feb25	5.59
HDFC Small Cap Dir Gr	INF179KA1RW5	D B Corp Ltd	Communication Services	110.57	0.30	0.00	Mar25	15.51
HDFC Small Cap Dir Gr	INF179KA1RW5	D B Corp Ltd	Communication Services	110.57	0.30	0.00	Mar25	15.51
HDFC Small Cap Dir Gr	INF179KA1RW5	D B Corp Ltd	Communication Services	110.57	0.30	0.00	Apr25	12.51
HDFC Small Cap Dir Gr	INF179KA1RW5	D B Corp Ltd	Communication Services	110.57	0.30	0.00	May25	11.15
HDFC Small Cap Dir Gr	INF179KA1RW5	D B Corp Ltd	Communication Services	110.57	0.30	0.00	June25	10.18
HDFC Small Cap Dir Gr	INF179KA1RW5	D B Corp Ltd	Communication Services	110.57	0.30	0.00	July25	9.19
HDFC Small Cap Dir Gr	INF179KA1RW5	D B Corp Ltd	Communication Services	110.57	0.30	0.00	Aug25	8.13
HDFC Small Cap Dir Gr	INF179KA1RW5	Brainbees Solutions Ltd	Consumer Cyclical	106.93	0.29	80.84	Oct24	5.55
HDFC Small Cap Dir Gr	INF179KA1RW5	Brainbees Solutions Ltd	Consumer Cyclical	106.93	0.29	80.84	Nov24	7.52
HDFC Small Cap Dir Gr	INF179KA1RW5	Brainbees Solutions Ltd	Consumer Cyclical	106.93	0.29	80.84	Dec24	3.56
HDFC Small Cap Dir Gr	INF179KA1RW5	Brainbees Solutions Ltd	Consumer Cyclical	106.93	0.29	80.84	Jan25	5.32
HDFC Small Cap Dir Gr	INF179KA1RW5	Brainbees Solutions Ltd	Consumer Cyclical	106.93	0.29	80.84	Feb25	5.59
HDFC Small Cap Dir Gr	INF179KA1RW5	Brainbees Solutions Ltd	Consumer Cyclical	106.93	0.29	80.84	Mar25	15.51
HDFC Small Cap Dir Gr	INF179KA1RW5	Brainbees Solutions Ltd	Consumer Cyclical	106.93	0.29	80.84	Mar25	15.51
HDFC Small Cap Dir Gr	INF179KA1RW5	Brainbees Solutions Ltd	Consumer Cyclical	106.93	0.29	80.84	Apr25	12.51
HDFC Small Cap Dir Gr	INF179KA1RW5	Brainbees Solutions Ltd	Consumer Cyclical	106.93	0.29	80.84	May25	11.15
HDFC Small Cap Dir Gr	INF179KA1RW5	Brainbees Solutions Ltd	Consumer Cyclical	106.93	0.29	80.84	June25	10.18
HDFC Small Cap Dir Gr	INF179KA1RW5	Brainbees Solutions Ltd	Consumer Cyclical	106.93	0.29	80.84	July25	9.19
HDFC Small Cap Dir Gr	INF179KA1RW5	Brainbees Solutions Ltd	Consumer Cyclical	106.93	0.29	80.84	Aug25	8.13
HDFC Small Cap Dir Gr	INF179KA1RW5	Sula Vineyards Ltd	Consumer Defensive	102.79	0.27	0.00	Oct24	5.55
HDFC Small Cap Dir Gr	INF179KA1RW5	Sula Vineyards Ltd	Consumer Defensive	102.79	0.27	0.00	Nov24	7.52
HDFC Small Cap Dir Gr	INF179KA1RW5	Sula Vineyards Ltd	Consumer Defensive	102.79	0.27	0.00	Dec24	3.56
HDFC Small Cap Dir Gr	INF179KA1RW5	Sula Vineyards Ltd	Consumer Defensive	102.79	0.27	0.00	Jan25	5.32
HDFC Small Cap Dir Gr	INF179KA1RW5	Sula Vineyards Ltd	Consumer Defensive	102.79	0.27	0.00	Feb25	5.59
HDFC Small Cap Dir Gr	INF179KA1RW5	Sula Vineyards Ltd	Consumer Defensive	102.79	0.27	0.00	Mar25	15.51
HDFC Small Cap Dir Gr	INF179KA1RW5	Sula Vineyards Ltd	Consumer Defensive	102.79	0.27	0.00	Mar25	15.51
HDFC Small Cap Dir Gr	INF179KA1RW5	Sula Vineyards Ltd	Consumer Defensive	102.79	0.27	0.00	Apr25	12.51
HDFC Small Cap Dir Gr	INF179KA1RW5	Sula Vineyards Ltd	Consumer Defensive	102.79	0.27	0.00	May25	11.15
HDFC Small Cap Dir Gr	INF179KA1RW5	Sula Vineyards Ltd	Consumer Defensive	102.79	0.27	0.00	June25	10.18
HDFC Small Cap Dir Gr	INF179KA1RW5	Sula Vineyards Ltd	Consumer Defensive	102.79	0.27	0.00	July25	9.19
HDFC Small Cap Dir Gr	INF179KA1RW5	Sula Vineyards Ltd	Consumer Defensive	102.79	0.27	0.00	Aug25	8.13
HDFC Small Cap Dir Gr	INF179KA1RW5	Goodyear India Ltd	Consumer Cyclical	100.27	0.27	0.00	Oct24	5.55
HDFC Small Cap Dir Gr	INF179KA1RW5	Goodyear India Ltd	Consumer Cyclical	100.27	0.27	0.00	Nov24	7.52
HDFC Small Cap Dir Gr	INF179KA1RW5	Goodyear India Ltd	Consumer Cyclical	100.27	0.27	0.00	Dec24	3.56
HDFC Small Cap Dir Gr	INF179KA1RW5	Goodyear India Ltd	Consumer Cyclical	100.27	0.27	0.00	Jan25	5.32
HDFC Small Cap Dir Gr	INF179KA1RW5	Goodyear India Ltd	Consumer Cyclical	100.27	0.27	0.00	Feb25	5.59
HDFC Small Cap Dir Gr	INF179KA1RW5	Goodyear India Ltd	Consumer Cyclical	100.27	0.27	0.00	Mar25	15.51
HDFC Small Cap Dir Gr	INF179KA1RW5	Goodyear India Ltd	Consumer Cyclical	100.27	0.27	0.00	Mar25	15.51
HDFC Small Cap Dir Gr	INF179KA1RW5	Goodyear India Ltd	Consumer Cyclical	100.27	0.27	0.00	Apr25	12.51
HDFC Small Cap Dir Gr	INF179KA1RW5	Goodyear India Ltd	Consumer Cyclical	100.27	0.27	0.00	May25	11.15
HDFC Small Cap Dir Gr	INF179KA1RW5	Goodyear India Ltd	Consumer Cyclical	100.27	0.27	0.00	June25	10.18
HDFC Small Cap Dir Gr	INF179KA1RW5	Goodyear India Ltd	Consumer Cyclical	100.27	0.27	0.00	July25	9.19
HDFC Small Cap Dir Gr	INF179KA1RW5	Goodyear India Ltd	Consumer Cyclical	100.27	0.27	0.00	Aug25	8.13
HDFC Small Cap Dir Gr	INF179KA1RW5	BEML Ltd	Industrials	68.33	0.18	0.00	Oct24	5.55
HDFC Small Cap Dir Gr	INF179KA1RW5	BEML Ltd	Industrials	68.33	0.18	0.00	Nov24	7.52
HDFC Small Cap Dir Gr	INF179KA1RW5	BEML Ltd	Industrials	68.33	0.18	0.00	Dec24	3.56
HDFC Small Cap Dir Gr	INF179KA1RW5	BEML Ltd	Industrials	68.33	0.18	0.00	Jan25	5.32
HDFC Small Cap Dir Gr	INF179KA1RW5	BEML Ltd	Industrials	68.33	0.18	0.00	Feb25	5.59
HDFC Small Cap Dir Gr	INF179KA1RW5	BEML Ltd	Industrials	68.33	0.18	0.00	Mar25	15.51
HDFC Small Cap Dir Gr	INF179KA1RW5	BEML Ltd	Industrials	68.33	0.18	0.00	Mar25	15.51
HDFC Small Cap Dir Gr	INF179KA1RW5	BEML Ltd	Industrials	68.33	0.18	0.00	Apr25	12.51
HDFC Small Cap Dir Gr	INF179KA1RW5	BEML Ltd	Industrials	68.33	0.18	0.00	May25	11.15
HDFC Small Cap Dir Gr	INF179KA1RW5	BEML Ltd	Industrials	68.33	0.18	0.00	June25	10.18
HDFC Small Cap Dir Gr	INF179KA1RW5	BEML Ltd	Industrials	68.33	0.18	0.00	July25	9.19
HDFC Small Cap Dir Gr	INF179KA1RW5	BEML Ltd	Industrials	68.33	0.18	0.00	Aug25	8.13
HDFC Small Cap Dir Gr	INF179KA1RW5	Greenlam Industries Ltd	Consumer Cyclical	62.61	0.17	-0.05	Oct24	5.55
HDFC Small Cap Dir Gr	INF179KA1RW5	Greenlam Industries Ltd	Consumer Cyclical	62.61	0.17	-0.05	Nov24	7.52
HDFC Small Cap Dir Gr	INF179KA1RW5	Greenlam Industries Ltd	Consumer Cyclical	62.61	0.17	-0.05	Dec24	3.56
HDFC Small Cap Dir Gr	INF179KA1RW5	Greenlam Industries Ltd	Consumer Cyclical	62.61	0.17	-0.05	Jan25	5.32
HDFC Small Cap Dir Gr	INF179KA1RW5	Greenlam Industries Ltd	Consumer Cyclical	62.61	0.17	-0.05	Feb25	5.59
HDFC Small Cap Dir Gr	INF179KA1RW5	Greenlam Industries Ltd	Consumer Cyclical	62.61	0.17	-0.05	Mar25	15.51
HDFC Small Cap Dir Gr	INF179KA1RW5	Greenlam Industries Ltd	Consumer Cyclical	62.61	0.17	-0.05	Mar25	15.51
HDFC Small Cap Dir Gr	INF179KA1RW5	Greenlam Industries Ltd	Consumer Cyclical	62.61	0.17	-0.05	Apr25	12.51
HDFC Small Cap Dir Gr	INF179KA1RW5	Greenlam Industries Ltd	Consumer Cyclical	62.61	0.17	-0.05	May25	11.15
HDFC Small Cap Dir Gr	INF179KA1RW5	Greenlam Industries Ltd	Consumer Cyclical	62.61	0.17	-0.05	June25	10.18
HDFC Small Cap Dir Gr	INF179KA1RW5	Greenlam Industries Ltd	Consumer Cyclical	62.61	0.17	-0.05	July25	9.19
HDFC Small Cap Dir Gr	INF179KA1RW5	Greenlam Industries Ltd	Consumer Cyclical	62.61	0.17	-0.05	Aug25	8.13
HDFC Small Cap Dir Gr	INF179KA1RW5	TCI Express Ltd	Industrials	62.23	0.17	0.00	Oct24	5.55
HDFC Small Cap Dir Gr	INF179KA1RW5	TCI Express Ltd	Industrials	62.23	0.17	0.00	Nov24	7.52
HDFC Small Cap Dir Gr	INF179KA1RW5	TCI Express Ltd	Industrials	62.23	0.17	0.00	Dec24	3.56
HDFC Small Cap Dir Gr	INF179KA1RW5	TCI Express Ltd	Industrials	62.23	0.17	0.00	Jan25	5.32
HDFC Small Cap Dir Gr	INF179KA1RW5	TCI Express Ltd	Industrials	62.23	0.17	0.00	Feb25	5.59
HDFC Small Cap Dir Gr	INF179KA1RW5	TCI Express Ltd	Industrials	62.23	0.17	0.00	Mar25	15.51
HDFC Small Cap Dir Gr	INF179KA1RW5	TCI Express Ltd	Industrials	62.23	0.17	0.00	Mar25	15.51
HDFC Small Cap Dir Gr	INF179KA1RW5	TCI Express Ltd	Industrials	62.23	0.17	0.00	Apr25	12.51
HDFC Small Cap Dir Gr	INF179KA1RW5	TCI Express Ltd	Industrials	62.23	0.17	0.00	May25	11.15
HDFC Small Cap Dir Gr	INF179KA1RW5	TCI Express Ltd	Industrials	62.23	0.17	0.00	June25	10.18
HDFC Small Cap Dir Gr	INF179KA1RW5	TCI Express Ltd	Industrials	62.23	0.17	0.00	July25	9.19
HDFC Small Cap Dir Gr	INF179KA1RW5	TCI Express Ltd	Industrials	62.23	0.17	0.00	Aug25	8.13
HDFC Small Cap Dir Gr	INF179KA1RW5	Carborundum Universal Ltd	Industrials	53.72	0.14	0.00	Oct24	5.55
HDFC Small Cap Dir Gr	INF179KA1RW5	Carborundum Universal Ltd	Industrials	53.72	0.14	0.00	Nov24	7.52
HDFC Small Cap Dir Gr	INF179KA1RW5	Carborundum Universal Ltd	Industrials	53.72	0.14	0.00	Dec24	3.56
HDFC Small Cap Dir Gr	INF179KA1RW5	Carborundum Universal Ltd	Industrials	53.72	0.14	0.00	Jan25	5.32
HDFC Small Cap Dir Gr	INF179KA1RW5	Carborundum Universal Ltd	Industrials	53.72	0.14	0.00	Feb25	5.59
HDFC Small Cap Dir Gr	INF179KA1RW5	Carborundum Universal Ltd	Industrials	53.72	0.14	0.00	Mar25	15.51
HDFC Small Cap Dir Gr	INF179KA1RW5	Carborundum Universal Ltd	Industrials	53.72	0.14	0.00	Mar25	15.51
HDFC Small Cap Dir Gr	INF179KA1RW5	Carborundum Universal Ltd	Industrials	53.72	0.14	0.00	Apr25	12.51
HDFC Small Cap Dir Gr	INF179KA1RW5	Carborundum Universal Ltd	Industrials	53.72	0.14	0.00	May25	11.15
HDFC Small Cap Dir Gr	INF179KA1RW5	Carborundum Universal Ltd	Industrials	53.72	0.14	0.00	June25	10.18
HDFC Small Cap Dir Gr	INF179KA1RW5	Carborundum Universal Ltd	Industrials	53.72	0.14	0.00	July25	9.19
HDFC Small Cap Dir Gr	INF179KA1RW5	Carborundum Universal Ltd	Industrials	53.72	0.14	0.00	Aug25	8.13
HDFC Small Cap Dir Gr	INF179KA1RW5	Net Current Assets		21.03	0.06		Oct24	5.55
HDFC Small Cap Dir Gr	INF179KA1RW5	Net Current Assets		21.03	0.06		Nov24	7.52
HDFC Small Cap Dir Gr	INF179KA1RW5	Net Current Assets		21.03	0.06		Dec24	3.56
HDFC Small Cap Dir Gr	INF179KA1RW5	Net Current Assets		21.03	0.06		Jan25	5.32
HDFC Small Cap Dir Gr	INF179KA1RW5	Net Current Assets		21.03	0.06		Feb25	5.59
HDFC Small Cap Dir Gr	INF179KA1RW5	Net Current Assets		21.03	0.06		Mar25	15.51
HDFC Small Cap Dir Gr	INF179KA1RW5	Net Current Assets		21.03	0.06		Mar25	15.51
HDFC Small Cap Dir Gr	INF179KA1RW5	Net Current Assets		21.03	0.06		Apr25	12.51
HDFC Small Cap Dir Gr	INF179KA1RW5	Net Current Assets		21.03	0.06		May25	11.15
HDFC Small Cap Dir Gr	INF179KA1RW5	Net Current Assets		21.03	0.06		June25	10.18
HDFC Small Cap Dir Gr	INF179KA1RW5	Net Current Assets		21.03	0.06		July25	9.19
HDFC Small Cap Dir Gr	INF179KA1RW5	Net Current Assets		21.03	0.06		Aug25	8.13
HDFC Small Cap Dir Gr	INF179KA1RW5	TCPL Packaging Ltd	Consumer Cyclical	20.95	0.06	7.28	Oct24	5.55
HDFC Small Cap Dir Gr	INF179KA1RW5	TCPL Packaging Ltd	Consumer Cyclical	20.95	0.06	7.28	Nov24	7.52
HDFC Small Cap Dir Gr	INF179KA1RW5	TCPL Packaging Ltd	Consumer Cyclical	20.95	0.06	7.28	Dec24	3.56
HDFC Small Cap Dir Gr	INF179KA1RW5	TCPL Packaging Ltd	Consumer Cyclical	20.95	0.06	7.28	Jan25	5.32
HDFC Small Cap Dir Gr	INF179KA1RW5	TCPL Packaging Ltd	Consumer Cyclical	20.95	0.06	7.28	Feb25	5.59
HDFC Small Cap Dir Gr	INF179KA1RW5	TCPL Packaging Ltd	Consumer Cyclical	20.95	0.06	7.28	Mar25	15.51
HDFC Small Cap Dir Gr	INF179KA1RW5	TCPL Packaging Ltd	Consumer Cyclical	20.95	0.06	7.28	Mar25	15.51
HDFC Small Cap Dir Gr	INF179KA1RW5	TCPL Packaging Ltd	Consumer Cyclical	20.95	0.06	7.28	Apr25	12.51
HDFC Small Cap Dir Gr	INF179KA1RW5	TCPL Packaging Ltd	Consumer Cyclical	20.95	0.06	7.28	May25	11.15
HDFC Small Cap Dir Gr	INF179KA1RW5	TCPL Packaging Ltd	Consumer Cyclical	20.95	0.06	7.28	June25	10.18
HDFC Small Cap Dir Gr	INF179KA1RW5	TCPL Packaging Ltd	Consumer Cyclical	20.95	0.06	7.28	July25	9.19
HDFC Small Cap Dir Gr	INF179KA1RW5	TCPL Packaging Ltd	Consumer Cyclical	20.95	0.06	7.28	Aug25	8.13
HDFC Small Cap Dir Gr	INF179KA1RW5	Jagran Prakashan Ltd		0.00	0.00	-100.00	Oct24	5.55
HDFC Small Cap Dir Gr	INF179KA1RW5	Jagran Prakashan Ltd		0.00	0.00	-100.00	Nov24	7.52
HDFC Small Cap Dir Gr	INF179KA1RW5	Jagran Prakashan Ltd		0.00	0.00	-100.00	Dec24	3.56
HDFC Small Cap Dir Gr	INF179KA1RW5	Jagran Prakashan Ltd		0.00	0.00	-100.00	Jan25	5.32
HDFC Small Cap Dir Gr	INF179KA1RW5	Jagran Prakashan Ltd		0.00	0.00	-100.00	Feb25	5.59
HDFC Small Cap Dir Gr	INF179KA1RW5	Jagran Prakashan Ltd		0.00	0.00	-100.00	Mar25	15.51
HDFC Small Cap Dir Gr	INF179KA1RW5	Jagran Prakashan Ltd		0.00	0.00	-100.00	Mar25	15.51
HDFC Small Cap Dir Gr	INF179KA1RW5	Jagran Prakashan Ltd		0.00	0.00	-100.00	Apr25	12.51
HDFC Small Cap Dir Gr	INF179KA1RW5	Jagran Prakashan Ltd		0.00	0.00	-100.00	May25	11.15
HDFC Small Cap Dir Gr	INF179KA1RW5	Jagran Prakashan Ltd		0.00	0.00	-100.00	June25	10.18
HDFC Small Cap Dir Gr	INF179KA1RW5	Jagran Prakashan Ltd		0.00	0.00	-100.00	July25	9.19
HDFC Small Cap Dir Gr	INF179KA1RW5	Jagran Prakashan Ltd		0.00	0.00	-100.00	Aug25	8.13
