Scheme Name	Plan	Category Name	Crisil Rating	AuM (Cr)	1W	1M	3M	6M	YTD	1Y	2Y	3Y	5Y	10Y
Mirae Asset NYSE FANG+ ETF FoF Dir Gr	Direct Plan	Global - Other			-0.62%	0.96%	-7.76%	-7.15%	-7.28%	31.35%	33.82%	47.94%		
DSP Wld Gld Mng Ovrs Eq Omni FoF Dir Gr	Direct Plan	Global - Other			3.89%	-20.89%	3.94%	24.36%	4.16%	111.94%	79.04%	47.18%	27.71%	17.93%
Mirae Asset S&P 500 Top50 ETF FoF Dir Gr	Direct Plan	Global - Other			1.24%	-3.42%	-6.24%	-0.46%	-4.86%	37.17%	29.71%	34.00%		
ICICI Pru Strat Mt & En EqFoF Dir Gr	Direct Plan	Global - Other			5.18%	1.44%	29.54%	43.43%	30.72%	81.72%	46.15%	32.90%		
SBI PSU Dir Gr	Direct Plan	Equity - Other			-0.68%	-11.83%	-1.92%	1.72%	-3.33%	10.45%	8.78%	31.15%	26.72%	15.70%
Motilal Oswal Nasdaq 100 Fd of Fd Dir Gr	Direct Plan	Global - Other			1.40%	2.81%	-0.10%	3.96%	-0.10%	27.22%	23.83%	29.86%	19.47%	
Motilal Oswal BSE Enh Val Idx Dir Gr	Direct Plan	Index Funds			-1.69%	-16.81%	-9.69%	-0.55%	-9.69%	11.30%	7.47%	29.83%		
Mirae Ast Glb X Art Int&Tch ETF FoF DrGr	Direct Plan	Global - Other			-6.95%	-7.28%	-8.28%	-3.37%	-7.36%	35.34%	22.22%	28.96%		
Kotak US Specific Equity Pasv FOF Dir Gr	Direct Plan	Global - Other			-3.26%	-3.23%	-4.45%	0.70%	-3.90%	28.64%	20.26%	28.58%	18.49%	
Invesco India PSU Equity Dir Gr	Direct Plan	Equity - Other			-1.69%	-12.17%	-7.79%	-5.18%	-9.18%	5.49%	5.74%	28.13%	24.40%	18.27%
Bandhan Small Cap Dir Gr	Direct Plan	Small-Cap	5.0		-2.45%	-9.27%	-12.28%	-11.31%	-12.28%	1.02%	10.16%	27.81%	22.01%	
Aditya BSL US Equity Pasv FOF Dir Gr	Direct Plan	Global - Other			-2.96%	-3.39%	-4.33%	0.57%	-3.89%	32.52%	20.03%	27.62%		
Aditya BSL PSU Equity Dir Gr	Direct Plan	Equity - Other			-2.57%	-12.73%	-4.62%	0.30%	-4.62%	7.96%	3.37%	27.59%	25.96%	
ICICI Pru NASDAQ 100 Index Dir Gr	Direct Plan	Global - Other			-4.34%	-4.28%	-5.06%	-0.85%	-4.23%	31.45%	19.56%	27.24%		
Axis NASDAQ 100 FoF Dir Gr	Direct Plan	Global - Other			-3.14%	-3.08%	-4.28%	0.87%	-3.74%	32.00%	19.95%	27.20%		
ICICI Prudential PSU Equity Dir Gr	Direct Plan	Equity - Other			-2.15%	-10.73%	-4.08%	-1.06%	-4.08%	5.63%	5.17%	26.81%		
Invesco Ind InvcEQQQNASDAQ100 ETFFoFDrGr	Direct Plan	Global - Other			-2.89%	-3.60%	-4.55%	0.46%	-4.55%	34.63%	20.23%	26.74%		
Edelweiss US Technology Equity FoF DirGr	Direct Plan	Global - Other			-7.12%	-4.43%	-11.40%	-10.77%	-11.40%	24.05%	13.70%	26.60%	12.62%	
Navi Nasdaq100 US Spcfc Eq Pasv FOFDirGr	Direct Plan	Global - Other			-3.41%	-4.11%	-4.87%	-0.51%	-4.87%	32.08%	19.77%	26.44%		
ICICI Pru Pharma Healthcare Diag Dir Gr	Direct Plan	Sector - Healthcare			-0.55%	-4.91%	-7.85%	-5.55%	-7.85%	1.98%	11.03%	26.30%	17.13%	
LIC MF Infrastructure Dir Gr	Direct Plan	Equity - Infrastructure	4.0		-2.46%	-10.43%	-8.09%	-7.27%	-8.09%	5.05%	11.01%	26.28%	22.70%	17.01%
Kotak India Growth Ser 4 Dir Gr	Direct Plan	Large-Cap			0.22%	3.57%	16.53%	23.58%	4.86%	50.25%	26.55%	25.97%	28.13%	
SBI Healthcare Opportunities Dir Gr	Direct Plan	Sector - Healthcare			1.81%	-3.60%	-0.22%	-0.60%	-1.16%	1.99%	11.20%	25.69%	17.66%	13.36%
ICICI Pru Nifty Auto Index Dir Gr	Direct Plan	Index Funds			-0.66%	-15.50%	-14.63%	-10.41%	-15.54%	12.30%	5.80%	25.51%		
Franklin Build India Dir Gr	Direct Plan	Equity - Infrastructure	5.0		0.15%	-10.72%	-6.20%	-4.91%	-7.24%	3.86%	5.88%	25.32%	22.87%	18.39%
SBI US Specific Eq Actv FoF Dir Gr	Direct Plan	Global - Other			-3.33%	-5.86%	-1.00%	5.72%	-0.26%	37.79%	18.84%	25.29%	16.75%	
Mirae Asset Healthcare Dir Gr	Direct Plan	Sector - Healthcare			0.42%	-3.50%	-0.64%	0.95%	-0.64%	5.09%	11.81%	25.23%	16.77%	
UTI Healthcare Dir Gr	Direct Plan	Sector - Healthcare			1.01%	-4.68%	-3.30%	-4.14%	-4.25%	2.11%	11.27%	25.18%	15.49%	13.29%
WhiteOak Capital Mid Cap Dir Gr	Direct Plan	Mid-Cap	5.0		1.11%	-8.87%	-10.14%	-6.06%	-11.13%	6.88%	10.92%	25.15%		
ICICI Pru Trsptn & Logistics Dir Gr	Direct Plan	Equity - Other			-0.69%	-14.14%	-14.30%	-12.07%	-15.08%	10.40%	7.96%	25.01%		
Franklin India Opportunities Dir Gr	Direct Plan	Equity - Other			-0.37%	-11.82%	-12.77%	-11.35%	-13.60%	-0.51%	7.69%	24.78%	18.61%	16.47%
Bandhan US Spcfc Eq Act FOF Dir Gr	Direct Plan	Global - Other			-1.02%	-2.16%	-6.46%	-5.47%	-6.46%	25.30%	15.16%	24.57%		
Bank of India Manfactrg &Infra Dir Gr	Direct Plan	Equity - Infrastructure	5.0		0.88%	-7.16%	-5.98%	-1.32%	-6.92%	11.16%	9.04%	24.55%	21.75%	19.06%
DSP Nat Res & New Enrgy Dir Gr	Direct Plan	Equity - Other			2.39%	-5.33%	5.49%	12.34%	4.09%	24.10%	14.30%	24.55%	21.32%	19.94%
DSP India T.I.G.E.R. Dir Gr	Direct Plan	Equity - Infrastructure	4.0		0.68%	-8.77%	-3.65%	-3.50%	-4.80%	5.61%	7.09%	24.55%	23.12%	17.57%
ICICI Pru BHARAT 22 FOF Dir Gr	Direct Plan	Equity - Other			-0.44%	-10.38%	-3.66%	3.05%	-3.66%	9.07%	6.21%	24.41%	25.54%	
DSP Glb Innovt Ovs Eq Omni FoF Dir Gr	Direct Plan	Global - Other			-3.50%	-4.50%	-5.62%	-3.11%	-5.08%	25.64%	15.81%	24.33%		
Aditya BSL Pharma & Hlthcare Dir Gr	Direct Plan	Sector - Healthcare			-0.30%	-3.21%	-1.27%	0.21%	-1.27%	4.04%	8.26%	24.32%	14.97%	
Invesco India Mid Cap Dir Gr	Direct Plan	Mid-Cap	5.0		-0.57%	-11.72%	-13.68%	-11.17%	-14.46%	3.52%	11.45%	24.29%	19.35%	18.96%
Nippon India Power & Infra Dir Gr	Direct Plan	Equity - Other			-0.42%	-8.28%	-5.11%	-5.53%	-6.11%	2.72%	3.17%	24.03%	22.63%	17.75%
Canara Robeco Infrastructure Dir Gr	Direct Plan	Equity - Infrastructure	4.0		-1.98%	-8.15%	-3.69%	-4.87%	-3.69%	6.18%	10.53%	24.02%	22.89%	16.95%
Nippon India Growth Mid Cap Dir Gr	Direct Plan	Mid-Cap	5.0		-0.33%	-11.49%	-8.60%	-6.44%	-9.54%	3.62%	9.00%	23.82%	20.49%	18.93%
ICICI Pru MidCap Dir Gr	Direct Plan	Mid-Cap	4.0		0.27%	-10.01%	-7.61%	-1.15%	-8.49%	12.00%	10.35%	23.64%	18.87%	17.13%
Edelweiss Mid Cap Dir Gr	Direct Plan	Mid-Cap	5.0		-2.06%	-10.45%	-11.68%	-6.25%	-11.68%	3.77%	11.21%	23.45%	20.18%	19.12%
HSBC Midcap Dir Gr	Direct Plan	Mid-Cap	4.0		0.41%	-9.32%	-8.64%	-5.51%	-9.30%	8.67%	8.85%	23.23%	17.19%	17.24%
HDFC Infrastructure Dir Gr	Direct Plan	Equity - Infrastructure	3.0		-2.06%	-11.69%	-11.57%	-10.92%	-11.57%	-2.23%	1.73%	23.22%	22.55%	12.59%
DSP Wld Mng Ovrs Eq Omni FoF Dir Gr	Direct Plan	Global - Other			3.03%	-13.01%	11.18%	32.12%	11.35%	84.30%	38.78%	23.17%	18.73%	19.26%
Nippon India Pharma Dir Gr	Direct Plan	Sector - Healthcare			0.59%	-4.85%	-2.80%	-0.82%	-3.66%	2.68%	7.83%	23.11%	15.52%	15.12%
DSP US Specific Eq Omni FoF Dir Gr	Direct Plan	Global - Other			-4.78%	-3.23%	-2.14%	6.03%	-1.65%	41.81%	20.00%	23.11%	16.19%	16.90%
Mahindra Manulife Mid Cap Dir Gr	Direct Plan	Mid-Cap	5.0		-1.92%	-9.53%	-8.58%	-4.08%	-8.58%	3.21%	7.23%	23.04%	19.71%	
ICICI Pru Manufacturing Dir Gr	Direct Plan	Equity - Other			-1.87%	-10.81%	-8.06%	-6.52%	-8.06%	6.82%	5.26%	23.03%	19.94%	
Tata India Pharma & Healthcare Dir Gr	Direct Plan	Sector - Healthcare			0.50%	-6.30%	-5.70%	-5.64%	-6.65%	-0.38%	7.47%	23.00%	15.61%	13.43%
Bandhan Trsptn and Logistics Dir Gr	Direct Plan	Equity - Other			-0.71%	-14.24%	-13.95%	-11.32%	-14.50%	12.85%	6.93%	22.88%		
Motilal Oswal S&P 500 Index Dir Gr	Direct Plan	Global - Other			-2.52%	-4.16%	-3.01%	1.13%	-2.37%	26.03%	17.23%	22.83%	15.90%	
ICICI Pru Nfty Phrm Idx Dir Gr	Direct Plan	Index Funds			0.80%	-3.20%	-1.28%	3.62%	-2.08%	5.44%	8.32%	22.80%		
Mahindra Manulife Small Cap Dir Gr	Direct Plan	Small-Cap	5.0		1.04%	-7.33%	-10.17%	-9.04%	-11.37%	1.54%	4.20%	22.76%		
HDFC Mid Cap Dir Gr	Direct Plan	Mid-Cap	5.0		-1.70%	-10.96%	-11.27%	-5.83%	-11.27%	4.56%	7.91%	22.60%	20.49%	18.31%
Sundaram Mid Cap Dir Gr	Direct Plan	Mid-Cap	4.0		0.36%	-10.82%	-10.57%	-6.81%	-11.51%	3.55%	8.34%	22.60%	18.16%	15.46%
UTI Transportation & Logistics Dir Gr	Direct Plan	Equity - Other			-0.48%	-13.91%	-14.44%	-13.48%	-15.20%	9.70%	4.54%	22.56%	18.12%	12.78%
ITI Small Cap Dir Gr	Direct Plan	Small-Cap	3.0		-1.60%	-8.02%	-10.94%	-9.83%	-10.94%	-0.42%	5.42%	22.54%	16.97%	
HDFC Dev Wld Ovrs Eq Pasv FoF Dir Gr	Direct Plan	Global - Other			-1.58%	-4.00%	-0.86%	4.41%	-0.83%	28.31%	18.98%	22.42%		
ITI Mid Cap Dir Gr	Direct Plan	Mid-Cap	4.0		-2.57%	-11.54%	-13.20%	-6.16%	-13.20%	1.59%	4.93%	22.19%	16.23%	
Motilal Oswal Large & Midcap Dir Gr	Direct Plan	Large & Mid-Cap	5.0		-2.64%	-8.37%	-11.17%	-12.53%	-11.17%	2.46%	8.68%	21.95%	18.82%	
PGIM India Em Mkts Equity FoF Dir Gr	Direct Plan	Global - Other			-0.70%	-9.68%	7.16%	8.97%	7.73%	27.92%	22.11%	21.94%	4.02%	6.40%
Kotak Multicap Dir Gr	Direct Plan	Multi-Cap	5.0		-0.46%	-11.22%	-12.47%	-8.45%	-13.15%	3.44%	4.77%	21.93%		
Bandhan Large & Mid Cap Dir Gr	Direct Plan	Large & Mid-Cap	5.0		-0.26%	-10.32%	-11.27%	-7.38%	-11.96%	1.94%	7.37%	21.84%	18.06%	16.80%
DSP Healthcare Fund Dir Gr	Direct Plan	Sector - Healthcare			0.39%	-5.49%	-7.39%	-5.95%	-7.95%	-2.51%	6.18%	21.83%	15.08%	
Invesco India Smallcap Dir Gr	Direct Plan	Small-Cap	5.0		-1.72%	-10.45%	-11.76%	-9.68%	-11.76%	1.26%	7.84%	21.80%	20.71%	
Axis Nifty Smallcap 50 Index Dir Gr	Direct Plan	Index Funds			-1.83%	-10.15%	-13.27%	-11.08%	-13.27%	-3.10%	2.95%	21.79%		
Navi Ttl Stck Mrkt US SpcfcEqPsvFoFDirGr	Direct Plan	Global - Other			-2.32%	-3.82%	-1.66%	2.05%	-1.66%	27.34%	17.61%	21.76%		
Aditya BSL Nifty SmCp 50 Idx Dir Gr	Direct Plan	Index Funds			-1.81%	-10.15%	-13.29%	-11.15%	-13.29%	-3.30%	3.12%	21.74%		
Invesco India large& mid cap Dir Gr	Direct Plan	Large & Mid-Cap	5.0		-0.43%	-11.64%	-12.89%	-12.12%	-13.62%	0.73%	8.12%	21.70%	16.10%	16.34%
360 ONE Quant Dir Gr	Direct Plan	Equity - Other			-0.39%	-13.76%	-12.80%	-10.26%	-13.91%	-2.15%	3.22%	21.70%		
JM Midcap Dir Gr	Direct Plan	Mid-Cap	4.0		-2.18%	-9.60%	-11.74%	-11.07%	-11.74%	-1.81%	6.06%	21.63%		
HSBC Brazil Dir Gr	Direct Plan	Global - Other			1.15%	-2.41%	18.51%	26.60%	18.51%	60.14%	19.38%	21.58%	10.70%	7.82%
Motilal Oswal ELSS Tax Saver Dir Gr	Direct Plan	ELSS (Tax Savings)	4.0		-0.72%	-5.17%	-8.19%	-10.08%	-9.07%	1.48%	6.57%	21.55%	16.97%	17.33%
LIC MF Healthcare Dir Gr	Direct Plan	Sector - Healthcare			0.22%	-4.59%	-5.77%	-5.15%	-5.77%	-2.06%	8.74%	21.47%	12.41%	
ICICI Pru Infrastructure Dir Gr	Direct Plan	Equity - Infrastructure	5.0		0.50%	-10.49%	-9.67%	-8.73%	-10.93%	-0.71%	3.97%	21.41%	24.40%	18.14%
Axis Value Dir Gr	Direct Plan	Value	5.0		-2.09%	-10.61%	-10.83%	-6.06%	-10.83%	2.18%	7.73%	21.31%		
Edelweiss Europe Dyn Eq Offshore Dir Gr	Direct Plan	Global - Other			-1.10%	-7.06%	0.42%	9.50%	0.42%	32.47%	21.28%	21.30%	15.24%	12.11%
Navi Nifty Ind Manufacturing Idx Dir Gr	Direct Plan	Index Funds			-1.92%	-10.84%	-8.75%	-4.91%	-8.75%	7.74%	7.31%	21.19%		
Sundaram Infrastructure Adv Dir Gr	Direct Plan	Equity - Infrastructure	3.0		0.41%	-9.33%	-5.61%	-3.80%	-6.68%	5.77%	5.63%	21.10%	18.26%	15.27%
HSBC Global Emerging Markets Dir Gr	Direct Plan	Global - Other			-0.29%	-9.23%	7.16%	15.09%	7.08%	44.12%	27.36%	21.03%	7.91%	11.41%
Axis Nifty Midcap 50 Index Dir Gr	Direct Plan	Index Funds			-2.84%	-10.68%	-13.11%	-5.92%	-13.11%	3.20%	5.41%	21.01%		
Edelweiss MSCI India D&W HC 45 Dir Gr	Direct Plan	Index Funds			0.89%	-5.12%	-1.86%	4.30%	-2.21%	7.68%	9.40%	21.01%	14.03%	
Mirae Ast Nifty Ind Mg ETF FoF Dr Gr	Direct Plan	Equity - Other			-2.22%	-11.02%	-9.01%	-5.19%	-9.01%	7.42%	7.03%	20.83%		
Kotak Manufacture in India Dir Gr	Direct Plan	Equity - Other			-1.24%	-9.88%	-7.52%	-3.26%	-7.52%	8.98%	7.98%	20.81%		
ICICI Pru India Opports Dir Gr	Direct Plan	Equity - Other			-1.96%	-10.22%	-11.55%	-5.56%	-11.55%	1.67%	7.19%	20.78%	21.98%	
HSBC Value Dir Gr	Direct Plan	Value	5.0		0.21%	-10.43%	-10.18%	-5.68%	-11.22%	4.45%	6.49%	20.72%	18.48%	16.70%
HSBC Multi Cap Dir Gr	Direct Plan	Multi-Cap	5.0		0.25%	-10.46%	-10.90%	-8.60%	-11.72%	1.19%	4.36%	20.68%		
ICICI Pru Dividend Yield Eq Dir Gr	Direct Plan	Dividend Yield			-0.71%	-10.52%	-10.21%	-6.74%	-10.96%	0.37%	5.42%	20.59%	21.02%	16.86%
Bank of India Flexi Cap Fund Dir Gr	Direct Plan	Flexi Cap	5.0		-2.22%	-8.26%	-9.71%	-7.13%	-9.71%	1.64%	4.12%	20.59%	18.23%	
Aditya BSL Manufacturing Eq Dir Gr	Direct Plan	Equity - Other			0.32%	-8.32%	-5.94%	-2.91%	-6.88%	6.67%	8.03%	20.56%	14.01%	13.61%
Quant Value Dir Gr	Direct Plan	Value	4.0		-2.33%	-7.97%	-9.72%	-6.19%	-9.72%	1.88%	-0.05%	20.46%		
Axis Global Equity Alpha FOF Dir Gr	Direct Plan	Global - Other			-3.01%	-5.48%	-3.65%	0.67%	-3.66%	23.31%	16.46%	20.46%	14.28%	
Axis Multicap Dir Gr	Direct Plan	Multi-Cap	5.0		-1.98%	-10.32%	-11.50%	-9.26%	-11.50%	-0.82%	6.73%	20.44%		
ITI Pharma and Healthcare Dir Gr	Direct Plan	Sector - Healthcare			-0.71%	-4.59%	-5.70%	-5.85%	-5.70%	-4.05%	6.33%	20.42%		
Invesco India Infrastructure Dir Gr	Direct Plan	Equity - Infrastructure	4.0		-1.05%	-10.73%	-10.14%	-13.50%	-10.87%	-5.13%	0.31%	20.41%	19.93%	17.55%
Baroda BNP P Mid Cap Dir Gr	Direct Plan	Mid-Cap	4.0		0.99%	-9.27%	-7.70%	-3.57%	-8.49%	5.23%	7.64%	20.40%	17.24%	16.83%
Edelweiss Emer Mkt Opp Dir Gr	Direct Plan	Global - Other			-3.13%	-7.37%	9.61%	17.91%	9.61%	50.06%	27.24%	20.33%	6.64%	11.30%
Bank of India Multi Cap Dir Gr	Direct Plan	Multi-Cap			0.35%	-8.29%	-9.54%	-3.90%	-10.38%	4.35%	6.42%	20.28%		
HSBC Asia Pacific(Ex Jap)Div Yld Dir Gr	Direct Plan	Global - Other			0.25%	-6.97%	5.46%	11.14%	5.37%	43.26%	26.85%	20.20%	10.53%	12.77%
SBI Nifty Midcap 150 Index Dir Gr	Direct Plan	Index Funds			-0.11%	-11.09%	-11.86%	-7.57%	-12.71%	1.85%	4.72%	20.16%		
Aditya BSL Glb Exc Eq FoF Dir Gr	Direct Plan	Global - Other			-0.47%	-5.52%	-1.89%	2.88%	-1.14%	19.51%	12.37%	20.14%	14.33%	8.22%
Kotak Pioneer Dir Gr	Direct Plan	Equity - Other			-0.44%	-8.32%	-10.39%	-10.28%	-10.93%	5.60%	7.47%	20.14%	15.12%	
Motilal Oswal Nifty Midcap 150 Idx DirGr	Direct Plan	Index Funds			-2.53%	-11.08%	-12.66%	-7.46%	-12.66%	2.08%	5.00%	20.11%	17.17%	
Tata Mid Cap Dir Gr	Direct Plan	Mid-Cap	4.0		-0.22%	-10.42%	-11.00%	-6.02%	-11.77%	3.21%	5.59%	20.09%	16.65%	16.82%
Bandhan Infrastructure Dir Gr	Direct Plan	Equity - Infrastructure	3.0		-1.45%	-12.37%	-12.95%	-15.04%	-13.79%	-8.68%	-0.85%	20.09%	18.95%	16.43%
Franklin U.S. Opps Eq Actv FoF Dir Gr	Direct Plan	Global - Other			-4.59%	-5.29%	-7.81%	-7.85%	-7.10%	15.22%	8.62%	20.07%	10.16%	15.49%
SBI ELSS Tax Saver Dir Gr	Direct Plan	ELSS (Tax Savings)	5.0		-0.81%	-11.96%	-12.96%	-8.33%	-13.68%	-3.63%	3.39%	20.07%	17.31%	14.84%
Edelweiss Nifty Mdcp150 Momt 50 Dr Gr	Direct Plan	Index Funds			-2.91%	-11.76%	-12.00%	-7.46%	-12.00%	-2.33%	1.07%	19.99%		
ICICI Pru Business Cycle Dir Gr	Direct Plan	Equity - Other			-0.46%	-12.10%	-12.23%	-8.72%	-12.94%	1.19%	4.59%	19.97%	17.52%	
Aditya BSL Nifty MdCp 150 Idx Dir Gr	Direct Plan	Index Funds			-2.54%	-11.10%	-12.71%	-7.58%	-12.71%	1.81%	4.70%	19.96%		
UTI Large & Mid Cap Dir Gr	Direct Plan	Large & Mid-Cap	4.0		-0.62%	-10.51%	-11.61%	-5.79%	-12.38%	1.29%	7.13%	19.92%	16.63%	14.39%
SBI Comma Dir Gr	Direct Plan	Equity - Other			0.81%	-8.33%	-2.84%	1.00%	-4.34%	11.83%	8.53%	19.87%	14.88%	17.22%
Nippon India Nifty Midcap 150 Idx Dir Gr	Direct Plan	Index Funds			-2.52%	-11.06%	-12.66%	-7.46%	-12.66%	1.93%	4.78%	19.86%	16.94%	
Nippon India Value Dir Gr	Direct Plan	Value	5.0		-0.88%	-11.69%	-12.27%	-9.57%	-13.07%	-2.83%	3.48%	19.84%	16.59%	16.16%
ICICI Pru Nifty Midcap 150 Idx Dir Gr	Direct Plan	Index Funds			-2.52%	-11.06%	-12.67%	-7.51%	-12.67%	1.96%	4.75%	19.77%		
ICICI Pru Focused Equity Dir Gr	Direct Plan	Focused Fund	5.0		-0.88%	-11.94%	-14.48%	-9.12%	-15.06%	0.32%	6.63%	19.76%	17.36%	15.82%
Tata Nifty Midcap 150 Momt 50 Dir Gr	Direct Plan	Index Funds			-0.11%	-11.77%	-11.17%	-7.45%	-12.00%	-2.34%	0.69%	19.76%		
Navi Nifty Midcap 150 Index Dir Gr	Direct Plan	Index Funds			-2.53%	-11.09%	-12.70%	-7.56%	-12.70%	1.77%	4.67%	19.75%		
Kotak Midcap Dir Gr	Direct Plan	Mid-Cap	4.0		0.43%	-10.81%	-9.35%	-9.43%	-10.48%	4.28%	10.23%	19.69%	17.68%	18.64%
Union Midcap Dir Gr	Direct Plan	Mid-Cap	4.0		-2.17%	-10.27%	-10.20%	-7.02%	-10.20%	4.16%	7.63%	19.66%	17.25%	
HSBC Infrastructure Fund Dir Gr	Direct Plan	Equity - Infrastructure	4.0		-0.06%	-10.26%	-6.95%	-7.64%	-8.03%	-1.24%	3.87%	19.64%	19.83%	16.77%
Aditya BSL Infrastructure Dir Gr	Direct Plan	Equity - Infrastructure	2.0		0.61%	-10.33%	-7.30%	-7.38%	-8.13%	1.62%	2.88%	19.61%	18.03%	14.98%
Aditya BSL Special Opports Dir Gr	Direct Plan	Equity - Other			-1.87%	-9.67%	-12.56%	-5.08%	-12.56%	5.92%	8.56%	19.48%	15.23%	
Invesco India Glb Eq Inc FoF Dr Gr	Direct Plan	Global - Other			0.29%	-6.34%	-0.67%	1.71%	-0.39%	20.07%	17.02%	19.45%	15.17%	12.89%
Invesco India Focused Dir Gr	Direct Plan	Focused Fund	4.0		-2.36%	-10.10%	-14.29%	-16.19%	-14.29%	-10.71%	1.90%	19.35%	14.72%	
Motilal Oswal Flexicap Dir Gr	Direct Plan	Flexi Cap	2.0		0.09%	-9.30%	-14.56%	-14.29%	-15.11%	-9.74%	3.84%	19.32%	10.90%	12.97%
ITI Flexi Cap Dir Gr	Direct Plan	Flexi Cap	5.0		-2.80%	-10.87%	-12.46%	-7.75%	-12.46%	1.59%	4.48%	19.26%		
Invesco India Financial Serv Dir Gr	Direct Plan	Sector - Financial Services	5.0		-0.17%	-12.82%	-11.71%	-4.28%	-12.44%	4.20%	9.59%	19.26%	14.80%	16.65%
Motilal Oswal Midcap Dir Gr	Direct Plan	Mid-Cap	3.0		-0.38%	-9.31%	-17.34%	-17.94%	-18.25%	-12.14%	1.89%	19.23%	21.24%	16.98%
Nippon India Multi Cap Dir Gr	Direct Plan	Multi-Cap	4.0		-0.64%	-10.46%	-10.80%	-10.17%	-11.54%	-0.64%	5.00%	19.12%	19.73%	15.71%
SBI Long Term Advnt Fd Series V Dir Gr	Direct Plan	ELSS (Tax Savings)			-2.65%	-12.20%	-14.30%	-13.81%	-14.30%	0.41%	13.35%	19.06%	15.49%	
Kotak Glb EM Ovrs Eq Omni FOF Dir Gr	Direct Plan	Global - Other			0.20%	-9.09%	5.68%	10.27%	5.64%	42.37%	23.03%	19.04%	7.85%	10.69%
DSP Value Dir Gr	Direct Plan	Value	4.0		0.02%	-6.95%	-5.85%	-1.89%	-6.56%	8.19%	9.23%	18.97%	15.14%	
Kotak Glb Innovt Ovrs Eq Omni FOF Dir Gr	Direct Plan	Global - Other			-4.24%	-5.68%	-5.29%	-0.32%	-4.75%	26.04%	13.26%	18.96%		
Bandhan Midcap Dir Gr	Direct Plan	Mid-Cap	3.0		-2.05%	-9.89%	-10.22%	-9.25%	-10.22%	2.36%	6.48%	18.94%		
Franklin India Mid Cap Dir Gr	Direct Plan	Mid-Cap	3.0		-0.35%	-11.15%	-13.84%	-10.15%	-14.60%	-3.89%	6.04%	18.94%	14.83%	14.98%
DSP Midcap Dir Gr	Direct Plan	Mid-Cap	3.0		0.23%	-11.11%	-9.48%	-8.22%	-10.59%	2.83%	7.97%	18.93%	12.92%	15.33%
ICICI Pru Large & Mid Cap Dir Gr	Direct Plan	Large & Mid-Cap	5.0		-0.43%	-11.09%	-11.62%	-7.67%	-12.50%	0.13%	6.19%	18.92%	18.50%	16.27%
Axis Global Innovation FoF Dir Gr	Direct Plan	Global - Other			-3.71%	-3.71%	-5.88%	-3.36%	-5.88%	21.57%	13.21%	18.79%		
WhiteOak Capital ELSS Tax Saver DirGr	Direct Plan	ELSS (Tax Savings)	5.0		0.01%	-9.91%	-13.41%	-10.54%	-14.05%	-3.09%	6.16%	18.77%		
Mahindra Manulife Multi Cap Dir Gr	Direct Plan	Multi-Cap	4.0		-1.77%	-9.61%	-10.18%	-5.79%	-10.18%	2.41%	5.28%	18.77%	17.76%	
Union Small Cap Dir Gr	Direct Plan	Small-Cap	3.0		-0.81%	-8.40%	-6.91%	-5.78%	-6.91%	7.05%	7.17%	18.75%	17.68%	16.03%
SBI Banking & Financial Svcs Dir Gr	Direct Plan	Sector - Financial Services	5.0		-1.68%	-14.42%	-12.98%	-6.67%	-13.79%	3.00%	10.58%	18.73%	12.98%	17.17%
Nippon India Small Cap Dir Gr	Direct Plan	Small-Cap	5.0		-0.08%	-9.52%	-10.74%	-11.22%	-11.68%	-1.40%	2.67%	18.73%	21.11%	20.80%
DSP Small Cap Dir Gr	Direct Plan	Small-Cap	4.0		0.56%	-10.02%	-9.21%	-8.53%	-10.35%	3.60%	6.72%	18.69%	18.38%	16.59%
Motilal Oswal BSE Fi ex Bk 30 Dir Gr	Direct Plan	Index Funds			-4.04%	-15.21%	-16.80%	-11.01%	-16.80%	-1.90%	4.98%	18.62%		
Kotak Contra Dir Gr	Direct Plan	Contra			-0.47%	-12.04%	-12.17%	-8.37%	-12.89%	0.60%	4.56%	18.55%	15.77%	16.99%
Mirae Asset Midcap Dir Gr	Direct Plan	Mid-Cap	3.0		-2.66%	-11.19%	-13.59%	-8.58%	-13.59%	6.05%	5.90%	18.55%	16.73%	
Axis Midcap Dir Gr	Direct Plan	Mid-Cap	4.0		0.18%	-9.83%	-8.19%	-7.54%	-9.04%	2.37%	7.34%	18.49%	14.82%	17.63%
Aditya BSL Mid Cap Dir Gr	Direct Plan	Mid-Cap	2.0		-0.11%	-10.73%	-12.50%	-8.88%	-13.17%	-1.31%	5.45%	18.45%	15.59%	14.07%
Aditya BSL Value Dir Gr	Direct Plan	Value	3.0		-0.02%	-9.94%	-10.89%	-5.55%	-11.81%	-0.72%	1.83%	18.44%	15.14%	12.81%
DSP Large & Mid Cap Fund Dir Gr	Direct Plan	Large & Mid-Cap	4.0		-0.26%	-11.83%	-12.24%	-7.67%	-13.09%	-2.76%	6.73%	18.42%	14.78%	15.61%
ICICI Pru Commodities Dir Gr	Direct Plan	Equity - Other			1.29%	-10.65%	-6.06%	-2.34%	-7.06%	9.44%	7.43%	18.31%	21.11%	
HDFC Flexi Cap Dir Gr	Direct Plan	Flexi Cap	5.0		-2.51%	-11.72%	-12.15%	-8.95%	-12.15%	-0.89%	7.10%	18.24%	18.69%	16.68%
LIC MF Dividend Yield Dir Gr	Direct Plan	Dividend Yield			-2.61%	-12.13%	-13.85%	-11.08%	-13.85%	-3.37%	4.78%	18.19%	15.02%	
SBI Nifty Smallcap 250 Index Dir Gr	Direct Plan	Index Funds			0.33%	-10.10%	-13.43%	-14.48%	-14.42%	-5.37%	-0.20%	18.16%		
Tata Resources & Energy Dir Gr	Direct Plan	Equity - Other			1.44%	-8.89%	-5.41%	-4.08%	-6.62%	4.51%	7.35%	18.15%	15.63%	17.19%
Bank of India Small Cap Dir Gr	Direct Plan	Small-Cap	4.0		-1.37%	-7.60%	-9.63%	-10.49%	-9.63%	-1.83%	4.48%	18.13%	18.85%	
Nippon India Vsn Lg & Md Cap Dir Gr	Direct Plan	Large & Mid-Cap	3.0		-0.47%	-11.40%	-11.63%	-9.46%	-12.43%	-2.16%	4.90%	18.11%	14.91%	12.92%
HSBC Large & Mid Cap Dir Gr	Direct Plan	Large & Mid-Cap	3.0		-1.64%	-10.38%	-9.99%	-7.85%	-9.99%	4.29%	7.00%	18.10%	14.91%	
ITI Multi Cap Dir Gr	Direct Plan	Multi-Cap	3.0		-2.33%	-10.16%	-11.20%	-6.03%	-11.20%	3.32%	2.35%	18.09%	12.86%	
Canara Robeco Mid Cap Dir Gr	Direct Plan	Mid-Cap	3.0		-2.26%	-9.81%	-11.51%	-9.41%	-11.51%	3.90%	6.72%	18.05%		
UTI Dividend Yield Dir Gr	Direct Plan	Dividend Yield			-0.39%	-9.75%	-10.13%	-6.43%	-10.72%	-0.62%	6.55%	18.01%	14.73%	14.44%
LIC MF Multi Cap Dir Gr	Direct Plan	Multi-Cap	4.0		-2.79%	-11.50%	-13.07%	-9.91%	-13.07%	-0.50%	7.79%	18.01%		
Axis Large & Mid Cap Dir Gr	Direct Plan	Large & Mid-Cap	3.0		-0.64%	-10.92%	-10.73%	-8.38%	-11.38%	0.43%	4.23%	18.00%	14.54%	
Nippon India Quant Dir Gr	Direct Plan	Equity - Other			-0.67%	-11.09%	-9.83%	-5.99%	-10.65%	0.41%	4.20%	17.96%	15.56%	14.54%
HDFC Focused Dir Gr	Direct Plan	Focused Fund	5.0		-2.44%	-12.29%	-12.44%	-9.40%	-12.44%	-1.53%	7.27%	17.96%	20.10%	15.48%
DSP Nifty Next 50 Index Dir Gr	Direct Plan	Index Funds			-1.69%	-13.31%	-11.92%	-10.79%	-12.80%	-3.56%	0.27%	17.94%	12.68%	
LIC MF Midcap Fund Dir Gr	Direct Plan	Mid-Cap	2.0		-2.52%	-11.38%	-13.87%	-11.33%	-13.87%	-3.98%	4.71%	17.87%	13.05%	
Edelweiss Small Cap Dir Gr	Direct Plan	Small-Cap	4.0		-1.56%	-9.63%	-12.34%	-10.26%	-12.34%	0.24%	4.36%	17.86%	18.52%	
ICICI Prudential Value Dir Gr	Direct Plan	Value	5.0		-0.85%	-9.90%	-11.80%	-6.36%	-12.41%	0.33%	5.69%	17.86%	18.37%	15.69%
Quant Small Cap Dir Gr	Direct Plan	Small-Cap	4.0		-2.44%	-7.16%	-13.31%	-11.94%	-13.31%	-3.43%	-1.36%	17.85%	22.96%	18.10%
Edelweiss Nifty SmCp 250 Idx Dir Gr	Direct Plan	Index Funds			-2.01%	-10.06%	-14.34%	-14.37%	-14.34%	-5.12%	0.01%	17.80%		
Motilal Oswal Nifty Smcp 250 Idx Dir Gr	Direct Plan	Index Funds			-2.01%	-10.10%	-14.39%	-14.43%	-14.39%	-5.22%	0.04%	17.79%	15.63%	
ICICI Pru Nifty Next 50 Index Dir Gr	Direct Plan	Index Funds			-1.65%	-13.28%	-11.90%	-10.81%	-12.79%	-3.70%	0.10%	17.78%	12.51%	12.93%
Mahindra Manulife Focused Dir Gr	Direct Plan	Focused Fund	5.0		-1.87%	-9.87%	-9.71%	-5.10%	-9.71%	-0.34%	3.96%	17.76%	17.43%	
Nippon India Japan Equity Dir Gr	Direct Plan	Global - Other			2.41%	-7.54%	7.18%	8.84%	7.18%	28.09%	15.46%	17.74%	8.74%	
ICICI Pru Multicap Dir Gr	Direct Plan	Multi-Cap	4.0		0.07%	-10.78%	-10.15%	-7.62%	-11.14%	-1.85%	3.87%	17.71%	15.77%	15.08%
Sundaram Small Cap Dir Gr	Direct Plan	Small-Cap	3.0		1.03%	-10.03%	-11.39%	-10.55%	-12.54%	2.06%	3.11%	17.70%	17.77%	14.63%
Parag Parikh Flexi Cap Dir Gr	Direct Plan	Flexi Cap	5.0		-1.54%	-7.28%	-9.88%	-7.42%	-10.41%	-0.67%	6.72%	17.64%	16.31%	17.49%
Tata Value Dir Gr	Direct Plan	Value	5.0		-0.31%	-9.85%	-11.87%	-6.48%	-12.56%	-0.30%	3.54%	17.59%	15.04%	15.77%
Baroda BNP P ELSS Tax Saver Dir Gr	Direct Plan	ELSS (Tax Savings)	3.0		-0.12%	-9.68%	-11.74%	-6.14%	-12.21%	0.53%	5.57%	17.57%	12.51%	13.35%
DSP ELSS Tax Saver Dir Gr	Direct Plan	ELSS (Tax Savings)	5.0		-0.57%	-12.63%	-13.06%	-8.61%	-13.88%	-4.07%	6.26%	17.53%	14.79%	15.99%
ICICI Pru Nifty SmCp 250 Idx Dir Gr	Direct Plan	Index Funds			-2.00%	-10.05%	-14.37%	-14.41%	-14.37%	-5.27%	-0.20%	17.51%		
Invesco India Invc Glb Cmr FOF DirGr	Direct Plan	Global - Other			-7.20%	-7.09%	-12.73%	-22.35%	-12.73%	28.33%	16.54%	17.51%	0.32%	
Nippon India US Eq Opports Dir Gr	Direct Plan	Global - Other			-4.13%	-5.68%	-9.13%	-5.60%	-8.56%	7.11%	6.57%	17.49%	9.89%	14.77%
Kotak Nifty Next 50 Index Dir Gr	Direct Plan	Index Funds			-3.08%	-13.23%	-12.72%	-10.72%	-12.72%	-3.52%	0.39%	17.42%	12.70%	
UTI Nifty Next 50 Index Dir Gr	Direct Plan	Index Funds			-3.12%	-13.28%	-12.78%	-10.79%	-12.78%	-3.61%	0.31%	17.41%	12.57%	
Motilal Oswal Nifty Next 50 Index Dir Gr	Direct Plan	Index Funds			-3.14%	-13.30%	-12.81%	-10.82%	-12.81%	-3.65%	0.29%	17.41%	12.54%	
Edelweiss Nifty Next 50 Index Dir Gr	Direct Plan	Index Funds			-3.11%	-13.26%	-12.76%	-10.77%	-12.76%	-3.59%	0.31%	17.37%		
SBI Nifty Next 50 Index Dir Gr	Direct Plan	Index Funds			-3.14%	-13.30%	-12.80%	-10.83%	-12.80%	-3.67%	0.26%	17.37%		
SBI Infrastructure Dir Gr	Direct Plan	Equity - Infrastructure	4.0		-1.33%	-11.40%	-11.09%	-9.01%	-11.82%	-4.79%	-1.14%	17.36%	18.35%	15.92%
Axis Nifty Next 50 Index Dir Gr	Direct Plan	Index Funds			-3.12%	-13.25%	-12.73%	-10.70%	-12.73%	-3.53%	0.31%	17.36%		
Nippon India Nifty Smallcap 250 I Dir Gr	Direct Plan	Index Funds			-2.00%	-10.08%	-14.37%	-14.41%	-14.37%	-5.28%	-0.41%	17.32%	15.38%	
Navi Nifty Next 50 Index Dir Gr	Direct Plan	Index Funds			-3.20%	-13.34%	-12.83%	-10.85%	-12.83%	-3.66%	0.30%	17.30%		
WhiteOak Capital Flexi Cap Dir Gr	Direct Plan	Flexi Cap	4.0		-1.94%	-9.65%	-13.15%	-9.49%	-13.15%	-1.63%	5.39%	17.27%		
Aditya BSL Small Cap Dir Gr	Direct Plan	Small-Cap	1.0		0.50%	-9.21%	-9.10%	-7.89%	-9.80%	1.74%	3.68%	17.27%	13.52%	13.52%
LIC MF Nifty Next 50 Index Dir Gr	Direct Plan	Index Funds			-3.09%	-13.21%	-12.72%	-10.77%	-12.72%	-3.56%	0.27%	17.25%	12.58%	12.89%
Tata Dividend Yield Dir Gr	Direct Plan	Dividend Yield			0.13%	-10.24%	-10.57%	-5.16%	-11.22%	4.26%	4.33%	17.20%		
Quant Quantamental Dir Gr	Direct Plan	Equity - Other			-2.02%	-10.02%	-11.72%	-6.64%	-11.72%	0.23%	-1.78%	17.18%		
Aditya BSL Nifty Next 50 Idx Dir Gr	Direct Plan	Index Funds			-3.14%	-13.22%	-12.74%	-10.80%	-12.74%	-3.69%	0.10%	17.18%		
Invesco India Flexi Cap Dir Gr	Direct Plan	Flexi Cap	5.0		-2.78%	-11.60%	-15.98%	-15.69%	-15.98%	-4.93%	3.75%	17.15%		
Kotak Large & Midcap Dir Gr	Direct Plan	Large & Mid-Cap	5.0		-0.44%	-12.11%	-10.16%	-7.32%	-11.13%	1.48%	5.54%	17.15%	15.16%	16.30%
Invesco India Contra Dir Gr	Direct Plan	Contra			-0.19%	-11.67%	-14.67%	-11.48%	-15.45%	-4.92%	4.71%	17.13%	14.27%	16.18%
HSBC Nifty Next 50 Index Dir Gr	Direct Plan	Index Funds			-3.15%	-13.29%	-12.80%	-10.85%	-12.80%	-3.79%	0.03%	17.13%	12.32%	
Aditya BSL Div Yield Dir Gr	Direct Plan	Dividend Yield			-0.46%	-9.77%	-9.60%	-4.56%	-10.21%	0.11%	3.18%	17.12%	17.03%	
HDFC NIFTY Next 50 Index Dir Gr	Direct Plan	Index Funds			-3.15%	-13.31%	-12.81%	-10.85%	-12.81%	-3.71%	0.01%	17.12%		
Kotak Infra & Econ Reform Dir Gr	Direct Plan	Equity - Infrastructure	3.0		-0.14%	-11.89%	-9.80%	-8.59%	-10.78%	2.04%	2.56%	17.11%	19.96%	16.36%
Bandhan Focused Dir Gr	Direct Plan	Focused Fund	3.0		-0.81%	-10.08%	-10.84%	-9.73%	-11.87%	-1.33%	5.57%	17.09%	12.29%	13.75%
JM Flexicap Dir Gr	Direct Plan	Flexi Cap	4.0		-2.48%	-11.40%	-13.83%	-13.18%	-13.83%	-7.31%	0.43%	17.08%	15.69%	16.76%
Edelweiss Large & Mid Dir Gr	Direct Plan	Large & Mid-Cap	4.0		-2.54%	-10.27%	-12.31%	-6.46%	-12.31%	0.96%	5.71%	17.01%	14.62%	15.42%
HDFC ELSS TaxSaver Dir Gr	Direct Plan	ELSS (Tax Savings)	5.0		-2.43%	-12.02%	-13.97%	-10.83%	-13.97%	-3.50%	4.51%	16.96%	17.19%	14.19%
HSBC ELSS Tax saver Dir Gr	Direct Plan	ELSS (Tax Savings)	4.0		0.31%	-10.78%	-10.86%	-9.53%	-11.79%	-1.57%	5.99%	16.94%	13.12%	13.72%
Union Multicap Dir Gr	Direct Plan	Multi-Cap	3.0		-1.70%	-10.41%	-10.83%	-7.38%	-10.83%	1.41%	5.19%	16.93%		
DSP Focused Dir Gr	Direct Plan	Focused Fund	3.0		0.07%	-12.05%	-13.34%	-9.79%	-14.04%	-5.48%	5.63%	16.92%	11.40%	12.52%
ICICI Pru Exports and Services Dir Gr	Direct Plan	Equity - Other			-0.34%	-9.16%	-12.08%	-8.13%	-12.60%	-2.68%	4.93%	16.89%	16.07%	13.86%
HDFC Large and Mid Cap Dir Gr	Direct Plan	Large & Mid-Cap	4.0		-2.46%	-12.08%	-14.09%	-10.55%	-14.09%	-2.66%	2.83%	16.88%	16.32%	14.39%
Edelweiss Recently Listed IPO Dir Gr	Direct Plan	Equity - Other			-2.59%	-6.27%	-11.89%	-11.85%	-11.89%	1.67%	3.59%	16.80%	10.95%	
Edelweiss Flexi Cap Dir Gr	Direct Plan	Flexi Cap	4.0		-2.15%	-10.88%	-12.67%	-6.95%	-12.67%	0.39%	5.70%	16.78%	14.87%	15.63%
Baroda BNP P Multi Cap Dir Gr	Direct Plan	Multi-Cap	3.0		0.69%	-9.15%	-11.34%	-8.91%	-11.88%	-2.61%	3.30%	16.77%	15.22%	14.61%
SBI Contra Dir Gr	Direct Plan	Contra			-0.62%	-11.18%	-12.15%	-7.19%	-12.86%	-2.40%	2.67%	16.71%	18.85%	16.18%
Edelweiss US Value Equity Offshore Dr Gr	Direct Plan	Global - Other			-1.26%	-1.65%	2.66%	8.87%	2.66%	21.05%	14.09%	16.68%	13.11%	13.03%
SBI Focused Dir Gr	Direct Plan	Focused Fund	4.0		-1.49%	-10.03%	-11.67%	-4.85%	-11.94%	3.46%	7.85%	16.64%	13.28%	15.20%
HDFC Value Dir Gr	Direct Plan	Value	3.0		-2.56%	-11.23%	-12.78%	-7.71%	-12.78%	0.94%	5.38%	16.58%	14.98%	14.31%
Sundaram LT Tax Ad Sr IV Dir Gr	Direct Plan	ELSS (Tax Savings)			1.17%	-9.39%	-11.19%	-9.64%	-12.29%	5.15%	4.22%	16.57%	20.27%	
HDFC Multi Cap Dir Gr	Direct Plan	Multi-Cap	3.0		-2.36%	-10.87%	-13.63%	-10.93%	-13.63%	-2.76%	2.47%	16.57%		
Aditya BSL Flexi Cap Dir Gr	Direct Plan	Flexi Cap	4.0		-0.24%	-10.22%	-11.52%	-5.87%	-12.19%	1.23%	6.20%	16.55%	12.89%	14.65%
UTI Infrastructure Dir Gr	Direct Plan	Equity - Infrastructure	2.0		0.03%	-11.11%	-9.59%	-7.75%	-10.63%	-3.07%	0.88%	16.55%	14.66%	13.55%
Sundaram Glbl Brnd Thm Eq Actv FoFDir Gr	Direct Plan	Global - Other			-2.32%	-6.26%	-6.21%	0.09%	-5.84%	20.12%	11.71%	16.47%	11.65%	12.11%
Axis Small Cap Fund Dir Gr	Direct Plan	Small-Cap	4.0		0.43%	-8.72%	-10.28%	-10.35%	-11.06%	-1.73%	4.99%	16.45%	17.83%	18.77%
Bank of India ELSS Tax Saver Dir Gr	Direct Plan	ELSS (Tax Savings)	5.0		-0.18%	-8.70%	-8.08%	-6.39%	-8.94%	-1.27%	-0.14%	16.41%	14.41%	16.83%
Sundaram Nifty 100 Equal Wgt Dir Gr	Direct Plan	Index Funds			-0.86%	-11.68%	-11.07%	-8.91%	-11.86%	-1.07%	1.30%	16.39%	12.53%	11.95%
Union Value Fund Dir Gr	Direct Plan	Value	3.0		-2.21%	-11.10%	-11.65%	-7.29%	-11.65%	0.70%	3.96%	16.36%	14.65%	
ICICI Pru Flexicap Dir Gr	Direct Plan	Flexi Cap	4.0		-1.96%	-11.99%	-13.72%	-11.03%	-13.72%	2.39%	3.70%	16.36%		
Kotak Business Cycle Dir Gr	Direct Plan	Equity - Other			0.34%	-10.46%	-12.18%	-10.71%	-13.01%	1.39%	7.26%	16.33%		
Nippon India Large Cap Dir Gr	Direct Plan	Large-Cap	5.0		-0.76%	-11.47%	-12.56%	-9.72%	-13.18%	-1.53%	2.98%	16.29%	15.88%	14.93%
Sundaram LT Tax Ad Sr III Dir Gr	Direct Plan	ELSS (Tax Savings)			1.20%	-9.02%	-10.80%	-9.38%	-11.94%	5.17%	3.91%	16.27%	20.43%	
HSBC Business Cycles Dir Gr	Direct Plan	Equity - Other			-0.61%	-11.71%	-13.81%	-14.14%	-14.58%	-7.06%	3.26%	16.27%	14.73%	13.53%
WhiteOak Capital Large Cap Dir Gr	Direct Plan	Large-Cap	4.0		-0.30%	-10.26%	-12.30%	-8.34%	-12.89%	-1.41%	5.05%	16.25%		
Bank of India Large & Mid Cap Dir Gr	Direct Plan	Large & Mid-Cap	3.0		0.08%	-8.69%	-9.82%	-3.54%	-10.54%	3.25%	3.69%	16.24%	14.57%	13.66%
Nippon India ELSS Tax Saver DirGr	Direct Plan	ELSS (Tax Savings)	3.0		-0.71%	-9.93%	-9.77%	-7.78%	-10.40%	-0.55%	3.83%	16.21%	14.02%	11.43%
JM ELSS Tax Save Dir Gr	Direct Plan	ELSS (Tax Savings)	4.0		-2.09%	-10.47%	-15.50%	-11.38%	-15.50%	-4.25%	3.47%	16.10%	13.89%	15.94%
SBI Large & Midcap Dir Gr	Direct Plan	Large & Mid-Cap	4.0		-0.26%	-11.36%	-10.03%	-5.39%	-10.84%	2.18%	7.07%	16.06%	15.84%	15.39%
HSBC Flexi Cap Dir Gr	Direct Plan	Flexi Cap	4.0		-0.20%	-10.78%	-12.46%	-10.74%	-13.35%	-1.78%	3.23%	16.06%	13.34%	13.26%
HDFC Nifty 100 Equal Weight Index Dir Gr	Direct Plan	Index Funds			-2.63%	-12.03%	-12.21%	-9.15%	-12.21%	-1.21%	1.27%	16.02%		
ITI ELSS Tax Saver Dir Gr	Direct Plan	ELSS (Tax Savings)	3.0		-2.51%	-11.91%	-16.17%	-13.89%	-16.17%	-4.51%	0.67%	16.01%	12.02%	
UTI Value fund Dir Gr	Direct Plan	Value	3.0		-0.97%	-11.45%	-13.66%	-9.77%	-14.33%	-3.78%	5.60%	16.01%	13.19%	13.88%
Franklin India Small Cap Dir Gr	Direct Plan	Small-Cap	3.0		-0.35%	-9.65%	-10.81%	-11.73%	-11.77%	-3.68%	-0.02%	15.97%	17.58%	15.42%
Tata Infrastructure Dir Gr	Direct Plan	Equity - Infrastructure	3.0		0.22%	-10.67%	-8.22%	-9.92%	-8.96%	-2.67%	-3.54%	15.96%	17.01%	15.02%
Franklin India Flexi Cap Dir Gr	Direct Plan	Flexi Cap	4.0		-0.44%	-11.01%	-12.32%	-9.20%	-12.97%	-4.09%	2.67%	15.91%	14.29%	13.84%
Taurus Infrastructure Dir Gr	Direct Plan	Equity - Infrastructure	2.0		-1.65%	-10.44%	-13.95%	-13.31%	-13.95%	-3.73%	-1.72%	15.87%	13.27%	14.27%
Tata Business Cycle Dir Gr	Direct Plan	Equity - Other			-0.19%	-10.70%	-12.09%	-9.84%	-13.07%	-4.51%	-0.39%	15.87%		
LIC MF Large & Mid Cap Dir Gr	Direct Plan	Large & Mid-Cap	4.0		-2.78%	-11.17%	-12.80%	-9.84%	-12.80%	-4.71%	5.52%	15.87%	13.45%	15.49%
UTI Mid Cap Dir Gr	Direct Plan	Mid-Cap	3.0		0.30%	-10.69%	-11.15%	-9.24%	-12.11%	0.09%	3.92%	15.80%	13.66%	14.55%
ICICI Pru L/T Wealth Enhmnt Dir Gr	Direct Plan	ELSS (Tax Savings)			-2.17%	-9.91%	-14.86%	-11.71%	-14.86%	-1.24%	2.52%	15.78%	15.00%	
Baroda BNP P Lrg & Mid Cap Dir Gr	Direct Plan	Large & Mid-Cap	3.0		-2.66%	-10.98%	-13.45%	-7.80%	-13.45%	-2.86%	1.91%	15.76%	14.89%	
UTI Small Cap Dir Gr	Direct Plan	Small-Cap	3.0		-1.38%	-8.77%	-12.76%	-12.08%	-12.76%	-3.10%	5.19%	15.75%	16.47%	
ICICI Pru Global Advtg(FOF) Dir Gr	Direct Plan	Global - Other			-0.20%	-9.68%	-2.02%	0.47%	-2.02%	20.57%	19.82%	15.71%	7.72%	
DSP Nifty 50 Equal Weight Index Dir Gr	Direct Plan	Index Funds			-0.18%	-10.68%	-10.45%	-6.25%	-11.27%	1.73%	3.05%	15.71%	13.83%	
Invesco India Pan Euro Eq FoF Dir Gr	Direct Plan	Global - Other			0.49%	-8.82%	1.15%	10.66%	1.39%	28.83%	16.33%	15.70%	13.01%	10.28%
Sundaram Fin Services Opp Dir Gr	Direct Plan	Sector - Financial Services	5.0		-1.98%	-15.20%	-13.99%	-6.14%	-14.80%	-0.63%	4.41%	15.70%	13.31%	15.36%
SBI Long Term Advnt Fd Series III Dir Gr	Direct Plan	ELSS (Tax Savings)			1.05%	-5.98%	-5.54%	-3.44%	-6.49%	-2.61%	3.08%	15.70%	15.69%	
Aditya BSL Intl Equity Dir Gr	Direct Plan	Global - Other			-2.51%	-5.49%	-3.43%	0.56%	-2.89%	23.11%	16.87%	15.65%	10.47%	11.77%
ICICI Pru Nifty 50 Eql Weight Dir Gr	Direct Plan	Index Funds			-0.17%	-10.67%	-10.46%	-6.28%	-11.27%	1.76%	3.03%	15.60%		
Kotak Focused Dir Gr	Direct Plan	Focused Fund	4.0		-2.49%	-11.60%	-11.81%	-5.71%	-11.81%	5.02%	6.80%	15.59%	13.54%	
Sundaram LT Mic capTax Ad Sr V Dir Gr	Direct Plan	ELSS (Tax Savings)			1.01%	-9.35%	-12.01%	-10.99%	-13.15%	2.68%	3.02%	15.58%	19.33%	
Franklin India ELSS Tax Saver Dir Gr	Direct Plan	ELSS (Tax Savings)	4.0		-0.55%	-10.87%	-12.89%	-10.17%	-13.48%	-5.39%	1.91%	15.55%	13.89%	13.13%
DSP Large cap Dir Gr	Direct Plan	Large-Cap	3.0		-0.49%	-10.82%	-12.29%	-8.92%	-12.95%	-4.64%	5.04%	15.55%	11.62%	12.11%
Mirae Asset Banking & Fin Svcs Dir Gr	Direct Plan	Sector - Financial Services	4.0		-3.52%	-14.05%	-13.10%	-5.04%	-13.10%	3.21%	9.40%	15.53%	13.32%	
ITI Value Dir Gr	Direct Plan	Value	3.0		-2.86%	-12.78%	-14.84%	-8.68%	-14.84%	-1.20%	0.11%	15.50%		
JM Value Dir Gr	Direct Plan	Value	4.0		-2.26%	-12.88%	-16.38%	-15.36%	-16.38%	-8.01%	-1.68%	15.49%	14.95%	16.16%
Mahindra Manulife Lrg & Md cap Dir Gr	Direct Plan	Large & Mid-Cap	3.0		-2.39%	-10.41%	-11.80%	-7.68%	-11.80%	-0.69%	0.30%	15.49%	14.83%	
Aditya BSL Focused Dir Gr	Direct Plan	Focused Fund	4.0		-0.62%	-10.47%	-12.17%	-5.56%	-12.73%	-0.25%	4.71%	15.47%	12.27%	13.39%
LIC MF Small Cap Fund Dir Gr	Direct Plan	Small-Cap	3.0		-2.29%	-8.64%	-11.65%	-13.08%	-11.65%	-5.09%	3.51%	15.47%	17.01%	
Templeton India Value Dir Gr	Direct Plan	Value	3.0		-0.99%	-11.27%	-12.19%	-7.33%	-12.73%	-0.84%	1.97%	15.46%	16.62%	14.97%
DSP Glb Cln Ey Ovrs Eq Omni FoF Dir Gr	Direct Plan	Global - Other			-0.46%	-1.29%	10.17%	20.61%	10.95%	66.56%	22.03%	15.46%	12.30%	9.18%
Invesco India largecap Dir Gr	Direct Plan	Large-Cap	5.0		-0.04%	-11.12%	-12.88%	-10.29%	-13.49%	-1.83%	3.34%	15.44%	13.00%	13.56%
Edelweiss NIFTY Lrg Md Cp 250 Idx DrGr	Direct Plan	Index Funds			-2.59%	-11.38%	-13.48%	-8.50%	-13.48%	-1.14%	2.86%	15.43%		
Sundaram Multi Cap Dir Gr	Direct Plan	Multi-Cap	4.0		-0.03%	-11.55%	-13.26%	-11.30%	-14.26%	-3.18%	3.59%	15.43%	14.30%	15.17%
Nippon India Banking & Fin Srvs Dir Gr	Direct Plan	Sector - Financial Services	4.0		-1.65%	-14.84%	-13.62%	-8.04%	-14.40%	-1.17%	5.88%	15.41%	15.08%	14.49%
Tata India Consumer Dir Gr	Direct Plan	Equity - Consumption	5.0		-0.18%	-8.69%	-14.61%	-13.33%	-15.24%	-3.53%	2.80%	15.37%	13.63%	16.70%
Quant Flexi Cap Dir Gr	Direct Plan	Flexi Cap	5.0		-2.38%	-9.16%	-11.25%	-7.95%	-11.25%	-2.79%	-1.89%	15.35%	18.37%	19.15%
HSBC Focused Dir Gr	Direct Plan	Focused Fund	4.0		0.11%	-11.76%	-12.06%	-8.01%	-12.70%	1.65%	3.21%	15.34%	12.67%	
Motilal Oswal BSE Quality Idx Dir Gr	Direct Plan	Index Funds			-1.88%	-8.22%	-11.24%	-6.97%	-11.24%	1.21%	0.95%	15.33%		
Bank of India Midcap Tax Ser 1 Dir Gr	Direct Plan	ELSS (Tax Savings)			-2.07%	-8.82%	-10.74%	-9.87%	-10.74%	3.08%	0.97%	15.33%	13.11%	
HDFC NIFTY50 Equal Weight Index Dir Gr	Direct Plan	Index Funds			-1.80%	-10.69%	-11.28%	-6.27%	-11.28%	1.68%	3.04%	15.28%		
Bandhan Large Cap Dir Gr	Direct Plan	Large-Cap	5.0		-0.78%	-10.93%	-12.62%	-8.11%	-13.33%	-1.22%	3.64%	15.26%	12.02%	13.32%
Aditya BSL Nifty 50 EW Index Dir Gr	Direct Plan	Index Funds			-1.81%	-10.67%	-11.26%	-6.25%	-11.26%	1.68%	3.02%	15.25%		
Mirae Asset Flexi Cap Dir Gr	Direct Plan	Flexi Cap	3.0		-0.63%	-10.67%	-12.31%	-7.41%	-13.04%	1.33%	4.94%	15.24%		
Axis Innovation Dir Gr	Direct Plan	Equity - Other			-1.50%	-7.30%	-12.07%	-10.43%	-12.29%	1.02%	4.32%	15.21%	11.31%	
Mirae Asset Large & Midcap Dir Gr	Direct Plan	Large & Mid-Cap	4.0		-0.84%	-11.68%	-13.08%	-8.40%	-13.88%	0.99%	3.57%	15.21%	12.57%	17.52%
Sundaram Services Dir Gr	Direct Plan	Equity - Other			-0.34%	-10.81%	-15.34%	-11.70%	-16.09%	-1.45%	5.18%	15.18%	15.60%	
Sundaram LT Mic capTax Ad Sr VI Dir Gr	Direct Plan	Small-Cap			1.22%	-9.13%	-11.86%	-11.32%	-13.06%	2.09%	2.13%	15.17%	20.20%	
ICICI Prudential Large Cap Dir Gr	Direct Plan	Large-Cap	5.0		-0.47%	-10.91%	-12.77%	-8.74%	-13.42%	-2.41%	2.50%	15.16%	13.72%	14.58%
Axis Business Cycles Dir Gr	Direct Plan	Equity - Other			-0.46%	-11.75%	-12.06%	-10.23%	-12.72%	-2.39%	2.51%	15.15%		
Sundaram Div Yield Dir Gr	Direct Plan	Dividend Yield			-0.25%	-9.23%	-9.73%	-6.14%	-10.54%	-1.51%	1.77%	15.15%	13.25%	15.30%
HDFC Small Cap Dir Gr	Direct Plan	Small-Cap	4.0		-2.32%	-11.51%	-14.26%	-14.89%	-14.26%	-1.59%	1.17%	15.12%	18.59%	17.95%
ICICI Pru ESG Exclsnry Strtgy Dir Gr	Direct Plan	Equity - ESG	4.0		-2.49%	-10.50%	-14.91%	-12.43%	-14.91%	-5.21%	3.72%	15.12%	11.96%	
Quant Mid Cap Dir Gr	Direct Plan	Mid-Cap	3.0		-1.19%	-4.00%	-9.83%	-7.48%	-9.83%	-6.75%	-4.58%	15.12%	18.99%	16.80%
Edelweiss Focused Dir Gr	Direct Plan	Focused Fund	4.0		-2.31%	-12.47%	-12.32%	-7.32%	-12.32%	-1.64%	4.40%	15.11%		
Quant ELSS Tax Saver Dir Gr	Direct Plan	ELSS (Tax Savings)	5.0		-2.35%	-9.08%	-11.22%	-7.68%	-11.22%	1.46%	-1.44%	15.09%	17.87%	20.06%
Sundaram large and Mid Cap Dir Gr	Direct Plan	Large & Mid-Cap	3.0		-0.06%	-12.10%	-12.11%	-8.88%	-13.07%	-1.72%	3.54%	15.07%	12.93%	14.71%
Sundaram LT Mic cap Tax Ad Sr IV Dir Gr	Direct Plan	ELSS (Tax Savings)			1.00%	-9.65%	-12.15%	-11.19%	-13.28%	2.34%	2.05%	15.05%	19.44%	
Tata Banking & Financial Svcs Dir Gr	Direct Plan	Sector - Financial Services	5.0		-1.74%	-14.59%	-13.81%	-7.56%	-14.31%	-0.41%	8.59%	15.04%	12.20%	16.25%
DSP Flexi Cap Fund Dir Gr	Direct Plan	Flexi Cap	4.0		-0.24%	-12.05%	-13.02%	-10.57%	-13.56%	-4.94%	4.45%	15.04%	11.60%	14.56%
Baroda BNP P Bank & Fin Srvs Dir Gr	Direct Plan	Sector - Financial Services	4.0		-1.46%	-14.86%	-13.28%	-7.74%	-13.93%	-2.32%	7.22%	15.00%	10.36%	13.08%
Tata Flexi Cap Dir Gr	Direct Plan	Flexi Cap	3.0		-0.65%	-11.14%	-12.76%	-9.98%	-13.47%	-1.91%	4.54%	15.00%	11.28%	
Edelweiss ELSS Tax saver Dir Gr	Direct Plan	ELSS (Tax Savings)	4.0		-2.17%	-10.41%	-12.61%	-5.93%	-12.61%	0.99%	4.96%	14.99%	13.23%	13.29%
SBI Multicap Dir Gr	Direct Plan	Multi-Cap	3.0		-2.20%	-9.37%	-12.14%	-11.29%	-12.14%	-4.69%	5.34%	14.93%		
Aditya BSL Global Emerging Opp Dir Gr	Direct Plan	Global - Other			-1.35%	-4.94%	-2.98%	-1.49%	-2.17%	13.94%	9.10%	14.89%	9.94%	10.51%
Bandhan Value Dir Gr	Direct Plan	Value	4.0		-0.86%	-10.74%	-12.68%	-8.38%	-13.29%	-3.18%	1.17%	14.86%	16.77%	16.43%
Franklin India Technology Dir Gr	Direct Plan	Sector - Technology			-1.74%	-6.74%	-21.40%	-15.44%	-21.18%	-9.07%	-2.33%	14.85%	9.91%	14.90%
Tata ELSS Dir Gr	Direct Plan	ELSS (Tax Savings)	4.0		-0.43%	-11.38%	-11.32%	-6.77%	-12.02%	-0.14%	5.23%	14.85%	12.97%	14.68%
Union Large & Midcap Dir Gr	Direct Plan	Large & Mid-Cap	3.0		-2.32%	-11.15%	-11.68%	-8.83%	-11.68%	-0.16%	3.56%	14.82%	13.44%	
Sundaram LT Mic cap Tax Ad Sr III Dir Gr	Direct Plan	ELSS (Tax Savings)			1.08%	-9.54%	-12.15%	-11.36%	-13.29%	2.20%	1.92%	14.81%	19.23%	
Quant Infrastructure Dir Gr	Direct Plan	Equity - Infrastructure	4.0		-3.60%	-12.74%	-15.53%	-14.47%	-15.53%	-7.90%	-7.07%	14.79%	20.29%	18.84%
Aditya BSL Multi-Cap Dir Gr	Direct Plan	Multi-Cap	3.0		-2.20%	-10.38%	-11.99%	-9.34%	-11.99%	-1.38%	3.59%	14.74%		
HSBC Small Cap Fund Dir Gr	Direct Plan	Small-Cap	4.0		1.15%	-9.85%	-12.16%	-13.42%	-13.09%	-5.42%	-0.15%	14.69%	18.97%	18.27%
Canara Robeco Focused Dir Gr	Direct Plan	Focused Fund	4.0		-2.72%	-11.40%	-13.78%	-11.07%	-13.78%	-2.72%	4.51%	14.68%		
Bank of India Midcap Tax Ser 2 Dir Gr	Direct Plan	Equity - Other			-2.12%	-9.07%	-12.96%	-11.81%	-12.96%	0.34%	-0.03%	14.68%	12.42%	
HDFC Housing Opportunities Dir Gr	Direct Plan	Equity - Other			-2.42%	-14.12%	-13.07%	-11.73%	-13.07%	-5.35%	-1.64%	14.67%	13.99%	
Kotak Flexicap Dir Gr	Direct Plan	Flexi Cap	4.0		-0.21%	-11.95%	-11.09%	-8.23%	-11.88%	-0.12%	4.46%	14.67%	12.15%	14.39%
ICICI Pru ELSS Tax Saver Dir Gr	Direct Plan	ELSS (Tax Savings)	3.0		-0.23%	-10.39%	-11.77%	-9.61%	-12.55%	-2.10%	3.39%	14.66%	12.39%	13.59%
SBI Midcap Dir Gr	Direct Plan	Mid-Cap	3.0		-0.50%	-11.48%	-10.85%	-7.29%	-11.90%	-4.55%	2.23%	14.63%	15.19%	14.82%
HDFC Dividend Yield Dir Gr	Direct Plan	Dividend Yield			-2.24%	-10.78%	-12.94%	-9.94%	-12.94%	-3.21%	1.04%	14.62%	16.54%	
UTI Nifty200 Momentum 30 Index Dir Gr	Direct Plan	Index Funds			-3.31%	-13.67%	-13.05%	-9.47%	-13.05%	-3.93%	-5.80%	14.59%	13.20%	
Bank of India Large Cap Dir Gr	Direct Plan	Large-Cap	4.0		-2.73%	-11.42%	-11.27%	-6.39%	-11.27%	1.69%	0.39%	14.57%		
Bandhan Multi Cap Dir Gr	Direct Plan	Multi-Cap	3.0		-2.57%	-11.22%	-13.88%	-10.10%	-13.88%	-2.48%	2.82%	14.56%		
MiraeAstGlbElctrc&AtnmsVhclsEqPsvFOFDrGr	Direct Plan	Global - Other			0.95%	-3.49%	6.04%	15.04%	7.25%	58.36%	21.88%	14.53%		
Groww Value Dir Gr	Direct Plan	Value	3.0		-2.86%	-11.00%	-13.59%	-11.08%	-13.59%	-2.01%	1.32%	14.53%	12.62%	11.65%
ICICI Pru US Bluechip Equity Dir Gr	Direct Plan	Global - Other			-1.96%	-7.45%	-3.94%	3.57%	-3.25%	19.15%	8.95%	14.48%	12.10%	15.27%
LIC MF Value Dir Gr	Direct Plan	Value	2.0		-2.42%	-10.57%	-7.44%	-3.92%	-7.44%	3.72%	4.56%	14.42%	12.72%	
Franklin India Lrg & Md Cp Dir Gr	Direct Plan	Large & Mid-Cap	2.0		-0.54%	-8.96%	-13.77%	-10.31%	-14.17%	-1.98%	4.15%	14.42%	12.03%	11.79%
JM Focused Dir Growth Option	Direct Plan	Focused Fund	3.0		-2.12%	-11.97%	-15.17%	-13.41%	-15.17%	-7.42%	-0.41%	14.38%	12.43%	13.89%
Baroda BNP P Busnss CycleDirGr	Direct Plan	Equity - Other			-2.49%	-10.31%	-12.07%	-6.55%	-12.07%	-1.51%	1.06%	14.35%		
Quant Large and Mid Cap Dir Gr	Direct Plan	Large & Mid-Cap	4.0		-2.15%	-8.23%	-13.22%	-10.02%	-13.22%	-7.77%	-4.44%	14.30%	15.67%	15.66%
PGIM India Global Eq Opp FoF Dir Gr	Direct Plan	Global - Other			-5.23%	-6.71%	-11.24%	-13.18%	-10.74%	9.32%	2.75%	14.29%	6.77%	13.10%
Bandhan Nifty200 Momentum 30 Idx Dir Gr	Direct Plan	Index Funds			-0.92%	-13.70%	-12.25%	-9.57%	-13.10%	-4.25%	-6.38%	14.27%		
Canara Robeco Value Dir Gr	Direct Plan	Value	3.0		-2.48%	-10.84%	-13.30%	-9.15%	-13.30%	-3.57%	2.06%	14.22%		
Motilal Oswal Nifty 200 Momt 30 Dir Gr	Direct Plan	Index Funds			-3.31%	-13.69%	-13.05%	-9.67%	-13.05%	-4.29%	-6.15%	14.20%		
UTI Banking & Fin Svcs Dir Gr	Direct Plan	Sector - Financial Services	3.0		-1.00%	-15.02%	-12.35%	-7.17%	-13.10%	-1.14%	7.05%	14.20%	11.66%	12.65%
ICICI Prudential Housing Opps Dir Gr	Direct Plan	Equity - Other			-1.93%	-11.20%	-10.81%	-8.86%	-10.81%	-1.81%	3.56%	14.19%		
Taurus Ethical Dir Gr	Direct Plan	Equity - Other			-1.95%	-9.16%	-11.57%	-6.99%	-11.57%	-3.55%	-0.03%	14.19%	11.31%	13.08%
Invesco India Multicap Dir Gr	Direct Plan	Multi-Cap	2.0		-0.24%	-11.59%	-14.03%	-14.85%	-14.70%	-9.09%	0.79%	14.18%	13.04%	14.22%
Templeton India Dividend Yld Dir Gr	Direct Plan	Dividend Yield			-0.29%	-10.16%	-8.64%	-6.44%	-9.33%	-3.63%	1.77%	14.15%	15.69%	15.68%
Bandhan Flexi Cap Dir Gr	Direct Plan	Flexi Cap	3.0		-0.53%	-10.35%	-12.59%	-8.77%	-13.17%	-1.10%	2.93%	14.12%	11.42%	11.44%
Sundaram Long Term Tax Adv Ser II Dir Gr	Direct Plan	ELSS (Tax Savings)			0.08%	-8.33%	-8.01%	-1.98%	-8.06%	5.88%	5.94%	14.12%	13.03%	13.76%
Mirae Asset ELSS Tax Saver Dir Gr	Direct Plan	ELSS (Tax Savings)	5.0		-2.79%	-12.14%	-14.63%	-9.60%	-14.63%	-0.73%	4.32%	14.10%	12.58%	17.66%
Baroda BNP Paribas Flexi Cap Dir Gr	Direct Plan	Flexi Cap	3.0		-2.35%	-10.82%	-12.57%	-7.73%	-12.57%	-1.99%	2.28%	14.10%		
Aditya BSL Bkng & Fin Srvcs Dir Gr	Direct Plan	Sector - Financial Services	4.0		-1.44%	-14.37%	-14.60%	-8.05%	-14.96%	-1.11%	5.39%	14.09%	11.51%	14.18%
Baroda BNP P Large Cap Dir Gr	Direct Plan	Large-Cap	5.0		-0.84%	-10.95%	-11.38%	-7.34%	-12.03%	-2.84%	1.53%	14.05%	12.18%	13.49%
ICICI Pru Nifty 200 Momt 30 Dir Gr	Direct Plan	Index Funds			-3.32%	-13.68%	-13.05%	-9.49%	-13.05%	-4.02%	-6.14%	13.97%		
Edelweiss Greater China Eq Off-sh Dir Gr	Direct Plan	Global - Other			-1.59%	-2.06%	6.55%	6.99%	6.55%	41.86%	31.56%	13.96%	2.26%	13.03%
ICICI Pru Smallcap Dir Gr	Direct Plan	Small-Cap	3.0		-0.27%	-11.45%	-12.16%	-13.57%	-13.14%	-2.26%	1.03%	13.95%	16.71%	16.06%
ICICI Pru MNC Dir Gr	Direct Plan	Equity - Other			0.35%	-9.21%	-9.70%	-6.06%	-10.54%	2.61%	3.80%	13.90%	13.30%	
Canara Robeco Small Cap Dir Gr	Direct Plan	Small-Cap	4.0		-0.90%	-9.93%	-12.46%	-11.45%	-12.46%	-1.32%	2.37%	13.89%	18.42%	
Quant ESG Integration Strat Dir Gr	Direct Plan	Equity - ESG	5.0		-2.41%	-11.60%	-13.89%	-9.39%	-13.89%	-2.82%	-1.52%	13.87%	18.72%	
Mirae Asset Great Consumer Dir Gr	Direct Plan	Equity - Consumption	5.0		0.80%	-10.43%	-15.38%	-15.51%	-16.07%	-3.43%	1.84%	13.84%	13.98%	16.31%
ICICI Pru Quant Dir Gr	Direct Plan	Equity - Other			-2.42%	-9.81%	-11.89%	-7.90%	-11.89%	-3.26%	4.34%	13.83%	13.30%	
Mahindra Manulife Flexi Cap Dir Gr	Direct Plan	Flexi Cap	3.0		-2.19%	-11.02%	-13.67%	-9.87%	-13.67%	-2.97%	2.38%	13.78%		
Taurus Largecap Equity Dir Gr	Direct Plan	Large-Cap	2.0		-2.45%	-9.09%	-11.48%	-6.94%	-11.48%	-1.38%	1.05%	13.75%	10.50%	10.18%
Tata Focused Dir Gr	Direct Plan	Focused Fund	4.0		-0.89%	-11.22%	-12.33%	-10.01%	-13.01%	-3.21%	1.33%	13.72%	12.46%	
Kotak Banking & Financial Svcs Dir Gr	Direct Plan	Sector - Financial Services	4.0		-1.40%	-15.05%	-12.50%	-6.94%	-13.19%	-0.87%	7.14%	13.70%		
Quantum ELSS Tax Saver Dir Gr	Direct Plan	ELSS (Tax Savings)	3.0		-2.44%	-11.34%	-14.61%	-11.04%	-14.61%	-6.79%	1.92%	13.70%	11.44%	11.62%
Aditya BSL Large & Mid Cap Dir Gr	Direct Plan	Large & Mid-Cap	2.0		-0.14%	-11.25%	-10.41%	-8.37%	-11.14%	-0.95%	2.96%	13.67%	9.31%	12.26%
Quantum Value Dir Gr	Direct Plan	Value	2.0		-2.45%	-11.37%	-14.78%	-11.22%	-14.78%	-7.13%	1.79%	13.65%	11.31%	11.50%
Aditya BSL ELSS Tax Saver Dir Gr	Direct Plan	ELSS (Tax Savings)	2.0		-0.51%	-10.69%	-12.11%	-9.05%	-12.69%	0.02%	3.93%	13.61%	7.82%	11.06%
Nippon India Flexi Cap Dir Gr	Direct Plan	Flexi Cap	3.0		-2.63%	-11.45%	-14.18%	-11.58%	-14.18%	-3.90%	1.45%	13.56%		
Bandhan ELSS Tax saver Dir Gr	Direct Plan	ELSS (Tax Savings)	4.0		-0.75%	-10.54%	-12.63%	-7.58%	-13.19%	-1.42%	1.22%	13.56%	14.35%	15.67%
Quant Large Cap Dir Gr	Direct Plan	Large-Cap	4.0		-3.14%	-12.52%	-14.23%	-11.48%	-14.23%	-3.86%	-2.73%	13.56%		
PGIM India Glb Sel RE Scs FoF Dir Gr	Direct Plan	Global - Other			-0.39%	-5.53%	6.48%	6.30%	7.20%	19.91%	12.58%	13.55%		
Invesco India ELSS Tax Saver Fund Dir Gr	Direct Plan	ELSS (Tax Savings)	3.0		-0.41%	-11.47%	-15.28%	-15.38%	-15.98%	-7.95%	0.28%	13.55%	10.34%	13.47%
PGIM India Small Cap Dir Gr	Direct Plan	Small-Cap	2.0		-0.97%	-7.97%	-10.81%	-10.60%	-10.81%	1.25%	5.31%	13.53%		
Canara Robeco Large & Mid Cap Dir Gr	Direct Plan	Large & Mid-Cap	3.0		-2.80%	-10.19%	-13.17%	-12.76%	-13.17%	-5.22%	2.83%	13.40%	12.39%	15.84%
HDFC Banking & Financial Svcs Dir Gr	Direct Plan	Sector - Financial Services	4.0		-3.66%	-15.02%	-14.58%	-6.67%	-14.58%	1.15%	6.62%	13.38%		
Kotak Large Cap Dir Gr	Direct Plan	Large-Cap	5.0		-0.74%	-11.54%	-12.59%	-8.59%	-13.23%	-1.86%	3.52%	13.38%	11.56%	13.43%
Kotak Small Cap Dir Gr	Direct Plan	Small-Cap	3.0		0.14%	-10.47%	-11.42%	-13.62%	-12.43%	-6.66%	1.30%	13.31%	14.32%	17.07%
Parag Parikh ELSS Tax Saver Dir Gr	Direct Plan	ELSS (Tax Savings)	4.0		-2.36%	-8.79%	-13.09%	-11.35%	-13.09%	-6.76%	3.71%	13.29%	15.05%	
HSBC Large Cap Dir Gr	Direct Plan	Large-Cap	4.0		-0.53%	-11.85%	-11.82%	-6.97%	-12.46%	-1.12%	2.08%	13.26%	10.52%	12.85%
SBI Long Term Advnt Fd Series VI Dir Gr	Direct Plan	ELSS (Tax Savings)			-2.59%	-13.70%	-15.98%	-13.75%	-15.98%	-5.52%	-0.36%	13.24%	12.99%	
Franklin India Focused Equity Dir Gr	Direct Plan	Focused Fund	3.0		-0.88%	-11.49%	-14.37%	-11.97%	-14.80%	-4.26%	0.63%	13.20%	13.28%	14.13%
Kotak ELSS Tax Saver Dir Gr	Direct Plan	ELSS (Tax Savings)	4.0		-0.61%	-11.87%	-11.79%	-9.63%	-12.65%	-2.83%	1.40%	13.20%	12.99%	14.98%
Union Flexi Cap Dir Gr	Direct Plan	Flexi Cap	3.0		-2.60%	-11.50%	-13.10%	-10.09%	-13.10%	-2.91%	1.02%	13.16%	12.21%	13.36%
Baroda BNP P IndiaCnsmptnDirGr	Direct Plan	Equity - Consumption	3.0		-1.64%	-10.41%	-15.41%	-14.33%	-15.41%	-6.43%	1.44%	13.12%	12.36%	
Sundaram Flexi Cap Dir Gr	Direct Plan	Flexi Cap	3.0		-0.83%	-11.89%	-13.69%	-10.09%	-14.40%	-2.71%	2.62%	13.10%		
Mirae Asset HangSeng TECH ETF FoF Dir Gr	Direct Plan	Global - Other			-0.37%	-9.75%	-13.39%	-22.32%	-13.39%	-5.46%	33.86%	13.08%		
Canara Robeco ELSS Tax Saver Dir Gr	Direct Plan	ELSS (Tax Savings)	4.0		-2.61%	-10.79%	-12.00%	-8.58%	-12.00%	-1.04%	3.49%	13.06%	12.17%	15.04%
JM Large Cap Dir Gr	Direct Plan	Large-Cap	5.0		-2.60%	-11.40%	-13.44%	-8.45%	-13.44%	-2.73%	-0.74%	13.05%	11.86%	11.63%
Franklin Asian Eq Dir Gr	Direct Plan	Global - Other			-0.30%	-10.57%	1.40%	7.25%	1.05%	27.00%	18.62%	13.04%	3.38%	9.42%
Nippon India Focused Dir Gr	Direct Plan	Focused Fund	3.0		-1.48%	-11.44%	-12.93%	-9.67%	-13.67%	-2.27%	3.28%	13.02%	11.67%	14.36%
Taurus Discovery (Midcap) Dir Gr	Direct Plan	Mid-Cap	2.0		-3.20%	-11.53%	-14.68%	-14.17%	-14.68%	-4.47%	-2.67%	13.01%	11.39%	14.34%
Baroda BNP P Aqua FoF Dir Gr	Direct Plan	Global - Other			-0.46%	-8.19%	2.40%	3.68%	3.33%	20.13%	9.14%	13.00%		
Axis ELSS Tax Saver Fd Dir Gr	Direct Plan	ELSS (Tax Savings)	2.0		-0.45%	-11.62%	-12.12%	-10.28%	-12.67%	-5.16%	0.81%	13.00%	7.66%	12.29%
Axis Flexi Cap Dir Gr	Direct Plan	Flexi Cap	2.0		-2.32%	-11.24%	-11.48%	-10.78%	-11.48%	-2.94%	3.32%	12.97%	9.83%	
Bandhan Nifty100 Low Vol 30 Idx Dir Gr	Direct Plan	Index Funds			-0.40%	-10.71%	-12.68%	-8.05%	-13.32%	-1.98%	1.02%	12.96%		
Tata Large Cap Dir Gr	Direct Plan	Large-Cap	4.0		-0.75%	-11.94%	-13.23%	-8.94%	-13.90%	-3.40%	1.94%	12.96%	11.52%	12.49%
Nippon Ind Nifty Alp Lw Vol30 Dir Gr	Direct Plan	Index Funds			-2.43%	-11.87%	-11.47%	-7.79%	-11.47%	-4.48%	-4.31%	12.96%		
ICICI Pru Nifty Alp LV 30 ETF FOF Dir Gr	Direct Plan	Equity - Other			-2.42%	-12.27%	-11.42%	-8.05%	-11.42%	-4.25%	-4.52%	12.92%		
UTI Focused Dir Gr	Direct Plan	Focused Fund	3.0		-2.39%	-11.21%	-13.71%	-10.78%	-13.71%	-4.45%	1.20%	12.92%		
360 ONE Focused Dir Gr	Direct Plan	Focused Fund	4.0		0.10%	-11.39%	-12.43%	-9.60%	-12.71%	-5.13%	1.38%	12.91%	12.65%	16.46%
Motilal Oswal Nifty 500 Dir Gr	Direct Plan	Index Funds			-2.55%	-11.37%	-13.90%	-9.50%	-13.90%	-3.00%	1.37%	12.90%	11.47%	
ICICI Pru Nifty 100 LV 30 ETF FOF Dir Gr	Direct Plan	Equity - Other			-1.08%	-9.87%	-12.69%	-7.39%	-12.69%	-1.38%	1.37%	12.90%		
Canara Robeco Flexi Cap Dir Gr	Direct Plan	Flexi Cap	4.0		-2.68%	-11.21%	-13.53%	-10.51%	-13.53%	-1.62%	3.11%	12.88%	11.77%	14.54%
Mahindra Manulife Consumption Dir Gr	Direct Plan	Equity - Consumption	4.0		-1.85%	-10.29%	-15.50%	-14.60%	-15.50%	-4.83%	0.29%	12.83%	12.62%	
Aditya BSL Business Cycle Dir Gr	Direct Plan	Equity - Other			-0.76%	-10.51%	-11.50%	-6.98%	-12.26%	-1.71%	3.40%	12.82%		
Edelweiss Large Cap Dir Gr	Direct Plan	Large-Cap	5.0		-2.35%	-11.55%	-12.72%	-7.86%	-12.72%	-2.61%	2.30%	12.80%	12.20%	13.67%
Union ELSS Tax Saver Dir Gr	Direct Plan	ELSS (Tax Savings)	3.0		-2.36%	-11.28%	-13.07%	-10.14%	-13.07%	-2.39%	1.62%	12.80%	12.55%	12.85%
Aditya BSL ESG Intg Stgy Dir Gr	Direct Plan	Equity - ESG	3.0		-2.45%	-11.43%	-13.79%	-8.10%	-13.79%	-1.95%	5.26%	12.75%	10.03%	
Mahindra Manulife ELSS TaxSaverDirGr	Direct Plan	ELSS (Tax Savings)	4.0		-0.28%	-10.94%	-13.04%	-9.74%	-13.60%	-3.16%	2.15%	12.71%	12.69%	
Sundaram ELSS Tax Saver Dir Gr	Direct Plan	ELSS (Tax Savings)	4.0		-0.86%	-12.03%	-13.94%	-10.49%	-14.64%	-3.75%	1.39%	12.70%	11.97%	13.69%
Franklin India Large Cap Dir Gr	Direct Plan	Large-Cap	2.0		-0.77%	-9.72%	-12.38%	-8.09%	-12.94%	-2.11%	3.08%	12.69%	10.02%	11.29%
SBI Long Term Advnt Fd Series IV Dir Gr	Direct Plan	ELSS (Tax Savings)			-3.20%	-12.70%	-13.47%	-9.51%	-13.47%	-1.31%	3.90%	12.67%	15.88%	
Axis Greater China Equity FoF Dir Gr	Direct Plan	Global - Other			0.18%	-3.58%	4.64%	3.66%	4.84%	37.66%	27.79%	12.62%	4.06%	
Aditya BSL Large Cap Dir Gr	Direct Plan	Large-Cap	4.0		-0.62%	-11.31%	-14.19%	-9.93%	-14.78%	-3.92%	2.16%	12.61%	11.25%	12.49%
SBI Dividend Yield Dir Gr	Direct Plan	Dividend Yield			0.09%	-11.20%	-10.41%	-6.70%	-10.98%	-0.92%	2.39%	12.59%		
ICICI Pru Bharat Consumption Dir Cum	Direct Plan	Equity - Consumption	4.0		-1.81%	-10.28%	-15.22%	-14.98%	-15.22%	-5.00%	-0.70%	12.56%	13.64%	
Mahindra Manulife Lrg Cap Dir Gr	Direct Plan	Large-Cap	4.0		-2.38%	-11.10%	-13.73%	-7.93%	-13.73%	-3.59%	2.29%	12.53%	11.49%	
Nippon India Consumption Dir Gr	Direct Plan	Equity - Consumption	4.0		-0.19%	-10.26%	-15.71%	-16.80%	-16.58%	-7.81%	-0.33%	12.50%	14.64%	13.59%
ITI Banking and Fin Svcs Dir Gr	Direct Plan	Sector - Financial Services	4.0		-4.01%	-15.20%	-14.11%	-5.59%	-14.11%	0.14%	6.41%	12.46%		
Sundaram Focused Dir Gr	Direct Plan	Focused Fund	3.0		-0.05%	-10.11%	-11.84%	-9.28%	-12.87%	-4.31%	0.55%	12.43%	10.85%	13.67%
Canara Robeco Consumer Trends Dir Gr	Direct Plan	Equity - Consumption	5.0		-2.83%	-12.52%	-16.68%	-14.70%	-16.68%	-6.88%	0.43%	12.37%	12.30%	16.14%
ICICI Pru Global Stbl Eq(FOF) Dir Gr	Direct Plan	Global - Other			-0.27%	-3.55%	2.99%	6.87%	3.02%	15.83%	11.77%	12.37%	10.43%	9.93%
Canara Robeco Large Cap Dir Gr	Direct Plan	Large-Cap	5.0		-2.73%	-11.36%	-13.95%	-9.97%	-13.95%	-4.55%	2.58%	12.37%	11.04%	14.33%
Aditya BSL Consumption Dir Gr	Direct Plan	Equity - Consumption	4.0		-0.28%	-11.32%	-15.25%	-14.54%	-15.85%	-5.69%	1.38%	12.29%	11.94%	14.96%
Sundaram Consumption Dir Gr	Direct Plan	Equity - Consumption	2.0		0.16%	-10.85%	-16.38%	-16.83%	-17.16%	-8.07%	0.66%	12.26%	11.35%	12.97%
SBI Small Cap Fund Dir Gr	Direct Plan	Small-Cap	3.0		0.15%	-8.33%	-11.76%	-12.64%	-12.59%	-5.14%	0.46%	12.16%	14.33%	18.02%
UTI India Consumer Dir Gr	Direct Plan	Equity - Consumption	2.0		0.15%	-11.10%	-15.35%	-14.63%	-16.07%	-4.47%	0.71%	12.15%	10.24%	11.15%
ICICI Pru Banking & Fin Svcs Dir Gr	Direct Plan	Sector - Financial Services	4.0		-1.51%	-14.51%	-15.04%	-10.98%	-15.72%	-4.07%	5.09%	12.14%	10.90%	14.69%
HDFC Large Cap Dir Gr	Direct Plan	Large-Cap	5.0		-2.77%	-11.99%	-13.49%	-8.94%	-13.49%	-4.85%	0.25%	12.09%	12.83%	13.39%
Groww Large Cap Dir Gr	Direct Plan	Large-Cap	4.0		-2.77%	-11.81%	-12.54%	-9.03%	-12.54%	-0.68%	0.96%	12.08%	10.64%	12.25%
Tata Multicap Dir Gr	Direct Plan	Multi-Cap	1.0		-0.17%	-10.43%	-11.14%	-7.02%	-11.90%	2.48%	2.26%	12.05%		
Tata Nifty India Dgtl ETF FoF Dir Gr	Direct Plan	Sector - Technology			-2.24%	-9.01%	-24.02%	-19.77%	-23.58%	-12.29%	-3.15%	12.03%		
Kotak ESG Exclusionary Strategy Dir Gr	Direct Plan	Equity - ESG	4.0		-2.71%	-11.88%	-13.51%	-9.60%	-13.51%	-2.26%	1.96%	11.99%	9.57%	
LIC MF ELSS Tax Saver Dir Gr	Direct Plan	ELSS (Tax Savings)	3.0		-2.57%	-11.97%	-15.25%	-12.89%	-15.25%	-9.60%	2.46%	11.95%	11.16%	12.63%
UTI ELSS Tax Saver Dir Gr	Direct Plan	ELSS (Tax Savings)	3.0		-0.67%	-11.48%	-13.67%	-10.50%	-14.28%	-4.81%	1.85%	11.94%	9.74%	12.33%
SBI Large Cap Dir Gr	Direct Plan	Large-Cap	4.0		-0.19%	-11.65%	-12.21%	-7.84%	-12.84%	-2.50%	3.06%	11.93%	10.76%	12.60%
Navi Flexi Cap Dir Gr	Direct Plan	Flexi Cap	3.0		-3.14%	-11.34%	-11.53%	-6.70%	-11.53%	1.44%	3.25%	11.91%	12.10%	
Union Focused Dir Gr	Direct Plan	Focused Fund	3.0		-1.66%	-9.41%	-6.86%	-7.42%	-6.86%	0.61%	2.25%	11.85%	11.00%	
LIC MF Flexi Cap Dir Gr	Direct Plan	Flexi Cap	2.0		-2.11%	-10.52%	-14.99%	-11.64%	-14.99%	0.53%	1.59%	11.80%	9.63%	10.16%
Baroda BNP P Focused Dir Gr	Direct Plan	Focused Fund	3.0		-2.84%	-11.47%	-15.42%	-9.82%	-15.42%	-4.21%	-0.89%	11.79%	11.22%	
DSP Nifty Midcap 150 Qul 50 Dir Gr	Direct Plan	Index Funds			-0.02%	-11.51%	-12.49%	-11.90%	-13.62%	-5.06%	1.78%	11.72%		
PGIM India Midcap Fund Dir Gr	Direct Plan	Mid-Cap	2.0		-2.16%	-10.57%	-12.20%	-11.98%	-12.20%	-2.56%	3.22%	11.67%	13.94%	16.38%
UTI BSE Low Volatility Index Dir Gr	Direct Plan	Index Funds			-1.69%	-10.87%	-12.76%	-8.16%	-12.76%	-3.17%	-1.39%	11.54%		
Groww ELSS Tax Saver Dir Gr	Direct Plan	ELSS (Tax Savings)	2.0		-2.58%	-11.62%	-14.50%	-12.17%	-14.50%	-4.24%	-1.08%	11.48%	10.16%	
Motilal Oswal BSE Low Vol Idx Dir Gr	Direct Plan	Index Funds			-1.70%	-10.95%	-12.82%	-8.20%	-12.82%	-3.14%	-1.44%	11.46%		
ITI Large Cap Dir Gr	Direct Plan	Large-Cap	2.0		-2.91%	-11.92%	-15.07%	-10.55%	-15.07%	-6.54%	-1.31%	11.44%	9.37%	
Quant Focused fund Dir Gr	Direct Plan	Focused Fund	4.0		-3.26%	-13.53%	-15.59%	-13.56%	-15.59%	-7.97%	-5.32%	11.36%	12.04%	13.92%
UTI Nifty Midcap 150 Qual 50 Idx Dir Gr	Direct Plan	Index Funds			-2.22%	-11.52%	-13.68%	-12.03%	-13.68%	-5.30%	1.65%	11.23%		
Taurus Flexi Cap Dir Gr	Direct Plan	Flexi Cap	2.0		-3.85%	-11.55%	-13.71%	-11.85%	-13.71%	-7.50%	-2.16%	11.20%	9.23%	9.04%
SBI ESG Exclusionary Strategy Dir Gr	Direct Plan	Equity - ESG	4.0		-0.43%	-12.71%	-13.83%	-10.45%	-14.45%	-5.32%	1.43%	11.14%	9.82%	12.05%
Axis Quant Dir Gr	Direct Plan	Equity - Other			-2.33%	-13.10%	-13.99%	-8.34%	-13.99%	-3.28%	-2.95%	11.14%		
Navi Large & Mid Cap Dir Gr	Direct Plan	Large & Mid-Cap	3.0		-3.34%	-12.43%	-13.71%	-9.99%	-13.71%	-3.65%	3.88%	11.12%	12.14%	14.19%
Edelweiss ASEAN Equity Off Shore Dir Gr	Direct Plan	Global - Other			-0.61%	-4.33%	3.30%	8.68%	3.30%	24.56%	18.09%	11.07%	9.21%	8.77%
Taurus ELSS Tax Saver Dir Gr	Direct Plan	ELSS (Tax Savings)	3.0		-3.06%	-9.86%	-13.43%	-12.51%	-13.43%	-8.63%	0.10%	11.06%	11.37%	13.10%
Sundaram Large Cap Dir Gr	Direct Plan	Large-Cap	4.0		-0.49%	-10.39%	-11.77%	-8.06%	-12.69%	-4.25%	0.05%	11.06%	10.50%	
UTI MNC Dir Gr	Direct Plan	Equity - Other			-0.43%	-10.47%	-13.18%	-11.71%	-13.72%	-0.97%	0.87%	11.03%	9.23%	10.20%
SBI Flexicap Dir Gr	Direct Plan	Flexi Cap	3.0		-0.84%	-11.53%	-13.31%	-9.86%	-13.88%	-3.20%	1.20%	11.02%	10.02%	12.70%
Bandhan Nifty 100 Index Dir Gr	Direct Plan	Index Funds			-2.64%	-11.64%	-14.18%	-9.36%	-14.18%	-4.02%	0.82%	11.00%		
Axis Nifty 100 Index Dir Gr	Direct Plan	Index Funds			-2.64%	-11.64%	-14.20%	-9.40%	-14.20%	-4.08%	0.76%	10.92%	10.05%	
SBI Consumption Opportunities Dir Gr	Direct Plan	Equity - Consumption	3.0		0.52%	-10.25%	-13.87%	-14.35%	-14.58%	-10.08%	-0.60%	10.91%	14.81%	14.70%
Tata Housing Opportunities Dir Gr	Direct Plan	Equity - Other			-0.31%	-14.93%	-14.41%	-13.58%	-15.14%	-6.35%	-2.08%	10.89%		
Edelweiss Nifty100 Qul 30 Idx Dir Gr	Direct Plan	Index Funds			-2.22%	-9.51%	-13.97%	-9.34%	-13.97%	-2.65%	0.32%	10.89%		
Mirae Asset Large Cap Dir Gr	Direct Plan	Large-Cap	4.0		-0.93%	-11.92%	-14.59%	-10.20%	-15.19%	-3.82%	2.66%	10.83%	9.71%	13.50%
HDFC Nifty 100 Index Dir Gr	Direct Plan	Index Funds			-2.64%	-11.64%	-14.22%	-9.45%	-14.22%	-4.18%	0.60%	10.78%		
HDFC Business Cycle Dir Gr	Direct Plan	Equity - Other			-2.26%	-11.11%	-13.93%	-13.51%	-13.93%	-5.33%	-0.32%	10.78%		
Navi ELSS Tax Saver Fund Dir Gr	Direct Plan	ELSS (Tax Savings)	2.0		-3.12%	-10.61%	-13.83%	-7.82%	-13.83%	-3.16%	1.58%	10.77%	10.39%	12.11%
Tata Small Cap Fund Dir Gr	Direct Plan	Small-Cap	2.0		-0.23%	-11.47%	-16.08%	-22.74%	-17.44%	-15.44%	-2.08%	10.71%	16.65%	
Sundaram Value Direct Growth	Direct Plan	ELSS (Tax Savings)	2.0		-1.06%	-12.57%	-13.91%	-10.32%	-14.72%	-4.23%	0.60%	10.67%	10.34%	11.40%
PGIM India Flexi Cap Dir Gr	Direct Plan	Flexi Cap	3.0		-2.10%	-9.99%	-12.75%	-9.90%	-12.75%	-2.66%	2.62%	10.65%	11.14%	14.80%
Aditya BSL MNC Dir Gr	Direct Plan	Equity - Other			-0.66%	-11.30%	-13.53%	-15.47%	-14.19%	-4.60%	0.28%	10.62%	5.35%	8.36%
UTI Large cap Dir Gr	Direct Plan	Large-Cap	3.0		-0.50%	-11.24%	-14.33%	-10.73%	-14.95%	-5.35%	0.75%	10.58%	9.07%	11.90%
Axis ESG Integration Strategy Dir Gr	Direct Plan	Equity - ESG	1.0		-1.92%	-10.28%	-13.54%	-9.44%	-13.54%	-5.15%	0.12%	10.58%	8.12%	
Axis Large Cap Fund Dir Gr	Direct Plan	Large-Cap	3.0		-0.73%	-11.17%	-12.47%	-9.72%	-13.06%	-5.21%	0.02%	10.56%	7.65%	12.71%
SBI Equity Minimum Variance Dir Gr	Direct Plan	Equity - Other			-1.48%	-9.47%	-12.23%	-7.93%	-12.23%	-3.05%	-1.17%	10.53%	10.68%	
Bandhan Nifty 50 Index Dir Gr	Direct Plan	Index Funds			-0.82%	-11.31%	-13.83%	-9.08%	-14.46%	-4.12%	0.96%	10.40%	9.57%	12.30%
Nippon India Index Nifty 50 Dir Gr	Direct Plan	Index Funds			-0.80%	-11.29%	-13.81%	-9.06%	-14.44%	-4.09%	1.02%	10.40%	9.53%	12.09%
SBI Technology Opportunities Dir Gr	Direct Plan	Sector - Technology			-1.03%	-6.24%	-22.14%	-14.90%	-22.16%	-9.07%	1.57%	10.40%	11.57%	15.52%
DSP Nifty 50 Index Dir Gr	Direct Plan	Index Funds			-0.81%	-11.29%	-13.83%	-9.07%	-14.46%	-4.13%	0.99%	10.39%	9.52%	
UTI Nifty 50 Index Fund Dir Gr	Direct Plan	Index Funds			-0.81%	-11.32%	-13.85%	-9.10%	-14.48%	-4.17%	0.97%	10.38%	9.53%	12.24%
Aditya BSL Nifty 50 Index Dir Gr	Direct Plan	Index Funds			-0.81%	-11.30%	-13.83%	-9.07%	-14.46%	-4.15%	0.97%	10.37%	9.46%	11.81%
SBI Nifty Index Dir Gr	Direct Plan	Index Funds			-0.81%	-11.32%	-13.86%	-9.14%	-14.49%	-4.25%	0.92%	10.35%	9.49%	12.09%
ICICI Pru Nifty 50 Index Dir Gr	Direct Plan	Index Funds			-0.80%	-11.29%	-13.83%	-9.10%	-14.46%	-4.18%	0.93%	10.34%	9.50%	12.08%
Franklin India NSE Nifty 50 Index Dir Gr	Direct Plan	Index Funds			-0.80%	-11.26%	-13.85%	-9.07%	-14.48%	-4.15%	0.99%	10.31%	9.42%	11.86%
Quant Multi Cap Dir Gr	Direct Plan	Multi-Cap	4.0		-2.23%	-7.48%	-11.67%	-11.46%	-11.67%	-7.17%	-5.79%	10.31%	13.72%	17.03%
Axis Focused Dir Gr	Direct Plan	Focused Fund	2.0		-1.02%	-10.77%	-13.13%	-12.92%	-13.53%	-7.20%	-1.32%	10.29%	5.54%	12.13%
360 ONE ELSS Tax Saver Nifty 50 IdxDrGr	Direct Plan	ELSS (Tax Savings)	2.0		-0.74%	-11.20%	-13.73%	-9.02%	-14.35%	-4.18%	0.98%	10.28%		
Tata Nifty 50 Index Dir	Direct Plan	Index Funds			-0.81%	-11.33%	-13.92%	-9.16%	-14.55%	-4.27%	0.85%	10.25%	9.46%	12.14%
Union Largecap Dir Gr	Direct Plan	Large-Cap	3.0		-2.70%	-11.52%	-12.46%	-9.44%	-12.46%	-4.73%	-0.84%	10.20%	9.78%	
Mirae Ast Nifty 100 ESG Sect LdrsFOFDrGr	Direct Plan	Equity - ESG	3.0		-2.65%	-10.77%	-14.58%	-9.92%	-14.58%	-4.65%	0.55%	10.08%	8.40%	
Taurus Banking & Fin Services Dir Gr	Direct Plan	Sector - Financial Services	4.0		-3.44%	-12.83%	-12.97%	-9.51%	-12.97%	-3.85%	2.29%	10.07%	9.87%	13.33%
LIC MF Banking & Fin Serv Dir Gr	Direct Plan	Sector - Financial Services	2.0		-3.59%	-13.58%	-14.33%	-6.84%	-14.33%	2.37%	4.41%	10.00%	10.57%	10.47%
Motilal Oswal Nifty 50 Index Dir Gr	Direct Plan	Index Funds			-2.54%	-11.31%	-14.46%	-9.06%	-14.46%	-4.12%	1.01%	9.84%	9.78%	
Navi Nifty 50 Index Dir Gr	Direct Plan	Index Funds			-2.54%	-11.31%	-14.46%	-9.07%	-14.46%	-4.10%	1.01%	9.83%		
Axis Nifty 50 Index Dir Gr	Direct Plan	Index Funds			-2.52%	-11.27%	-14.42%	-9.04%	-14.42%	-4.10%	1.01%	9.82%		
HSBC Nifty 50 Index Dir Gr	Direct Plan	Index Funds			-2.52%	-11.30%	-14.47%	-9.08%	-14.47%	-4.14%	0.94%	9.79%	9.75%	
HDFC Nifty 50 Index Dir	Direct Plan	Index Funds			-2.54%	-11.32%	-14.48%	-9.12%	-14.48%	-4.21%	0.91%	9.75%	9.72%	12.17%
Edelweiss Nifty 50 Index Dir Gr	Direct Plan	Index Funds			-2.55%	-11.31%	-14.45%	-9.04%	-14.45%	-4.06%	0.96%	9.74%		
Navi ELSS Tax Saver Nfty 50 Idx Dr Gr	Direct Plan	ELSS (Tax Savings)			-2.54%	-11.32%	-14.48%	-9.13%	-14.48%	-4.19%	0.95%	9.69%		
Kotak Nifty 50 Index Dir Gr	Direct Plan	Index Funds			-2.55%	-11.31%	-14.46%	-9.06%	-14.46%	-4.09%	0.89%	9.67%		
Motilal Oswal Focused Dir Gr	Direct Plan	Focused Fund	2.0		0.51%	-7.85%	-9.10%	-4.96%	-10.08%	4.22%	-0.75%	9.65%	6.95%	11.86%
Nippon India Nifty 50 Value 20 I Dir Gr	Direct Plan	Index Funds			-2.09%	-10.13%	-12.58%	-6.74%	-12.58%	-6.04%	-1.09%	9.59%	10.98%	
LIC MF Nifty 50 Index Dir Gr	Direct Plan	Index Funds			-2.52%	-11.31%	-14.55%	-9.30%	-14.55%	-4.49%	0.78%	9.57%	9.61%	11.79%
DSP Quant Dir Gr	Direct Plan	Equity - Other			-0.17%	-11.63%	-14.00%	-8.16%	-14.46%	-2.35%	0.61%	9.51%	7.32%	
Quantum ESG Best In Class StgyFundDirGr	Direct Plan	Equity - ESG	3.0		-2.82%	-12.58%	-15.47%	-13.00%	-15.47%	-7.58%	-0.91%	9.46%	8.36%	
Tata Large & Mid Cap Dir Gr	Direct Plan	Large & Mid-Cap	2.0		-0.88%	-13.29%	-16.60%	-14.54%	-17.37%	-11.09%	-2.29%	9.31%	10.23%	12.92%
Shriram ELSS Tax Saver Dir Gr	Direct Plan	ELSS (Tax Savings)	2.0		-2.39%	-10.92%	-13.56%	-9.07%	-13.56%	-5.39%	-3.53%	9.30%	9.03%	
Invesco India ESG Int StgyDir Gr	Direct Plan	Equity - ESG	2.0		-2.63%	-11.60%	-16.80%	-14.89%	-16.80%	-10.63%	-1.14%	9.27%	9.25%	
Shriram Flexi Cap Dir Gr	Direct Plan	Flexi Cap	2.0		-2.37%	-10.95%	-13.62%	-9.16%	-13.62%	-6.07%	-4.67%	9.26%	9.11%	
LIC MF Large Cap Dir Gr	Direct Plan	Large-Cap	2.0		-2.77%	-11.94%	-15.46%	-11.60%	-15.46%	-5.82%	0.59%	9.03%	8.70%	11.13%
PGIM India Large Cap Dr Pl Gr	Direct Plan	Large-Cap	2.0		-2.69%	-11.03%	-14.32%	-10.40%	-14.32%	-4.71%	0.17%	8.93%	8.77%	11.11%
Taurus Nifty 50 Index Dir Gr	Direct Plan	Index Funds			-2.52%	-11.27%	-14.53%	-9.32%	-14.53%	-4.64%	0.30%	8.90%	9.01%	11.91%
PGIM India ELSS Tax Saver Dir Gr	Direct Plan	ELSS (Tax Savings)	3.0		-2.61%	-11.15%	-14.82%	-12.19%	-14.82%	-7.29%	1.23%	8.87%	11.40%	13.38%
Tata Ethical Dir Gr	Direct Plan	Equity - Other			-0.10%	-9.59%	-13.11%	-10.27%	-13.71%	-6.75%	-1.71%	8.75%	9.84%	11.70%
Nippon India Idx BSE Sensex Dir Gr	Direct Plan	Index Funds			-1.03%	-11.49%	-15.00%	-10.25%	-15.55%	-6.22%	-0.26%	8.53%	8.52%	11.97%
ICICI Pru Technology Dir Gr	Direct Plan	Sector - Technology			-0.67%	-6.95%	-22.83%	-14.77%	-22.86%	-13.22%	-2.45%	8.45%	8.97%	15.48%
Tata BSE Sensex Index Dir	Direct Plan	Index Funds			-1.04%	-11.51%	-15.11%	-10.30%	-15.65%	-6.35%	-0.37%	8.38%	8.29%	11.88%
LIC MF Focused Dir Gr	Direct Plan	Focused Fund	2.0		-3.97%	-10.79%	-14.28%	-11.51%	-14.28%	-4.60%	0.54%	8.16%	9.22%	
Tata Digital India Dir Gr	Direct Plan	Sector - Technology			-0.64%	-6.29%	-23.08%	-15.72%	-23.08%	-15.48%	-4.83%	8.11%	8.96%	15.45%
UTI Flexi Cap Dir Gr	Direct Plan	Flexi Cap	2.0		0.13%	-10.26%	-15.59%	-15.82%	-16.26%	-10.18%	0.23%	8.09%	5.43%	11.54%
Motilal Oswal Nifty Bank Index Dir Gr	Direct Plan	Index Funds			-4.43%	-16.95%	-15.68%	-8.12%	-15.68%	-1.94%	3.91%	7.99%	9.05%	
ICICI Pru Nifty Bank Index Dir Gr	Direct Plan	Index Funds			-4.43%	-16.92%	-15.64%	-8.06%	-15.64%	-1.90%	3.91%	7.97%		
Navi Nifty Bank Index Dir Gr	Direct Plan	Index Funds			-4.46%	-16.99%	-15.72%	-8.16%	-15.72%	-2.02%	3.89%	7.95%		
UTI BSE Sensex Index Fund Dir Gr	Direct Plan	Index Funds			-2.87%	-11.50%	-15.55%	-10.23%	-15.55%	-6.19%	-0.24%	7.89%		
ICICI Pru BSE Sensex Index Dir Gr	Direct Plan	Index Funds			-2.87%	-11.49%	-15.55%	-10.26%	-15.55%	-6.23%	-0.24%	7.89%	8.74%	
HDFC BSE Sensex Index Dir	Direct Plan	Index Funds			-2.87%	-11.52%	-15.58%	-10.28%	-15.58%	-6.25%	-0.28%	7.87%	8.76%	12.01%
LIC MF BSE Sensex Index Dir Gr	Direct Plan	Index Funds			-2.75%	-11.40%	-15.55%	-10.38%	-15.55%	-6.53%	-0.52%	7.64%	8.58%	11.61%
HDFC MNC Dir Gr	Direct Plan	Equity - Other			-1.90%	-12.59%	-12.56%	-11.57%	-12.56%	-2.94%	-1.68%	7.02%		
Kotak Intl REIT Ovrs Eq Omni FOF Dir Gr	Direct Plan	Global - Other			-0.54%	-7.38%	-5.02%	-2.82%	-4.66%	15.99%	8.43%	6.92%	3.23%	
Aditya BSL Digital India Dir Gr	Direct Plan	Sector - Technology			-0.75%	-6.30%	-23.19%	-16.19%	-23.23%	-13.58%	-5.63%	6.88%	7.89%	15.46%
Mirae Asset Focused Dir Gr	Direct Plan	Focused Fund	2.0		-2.70%	-12.78%	-19.59%	-17.21%	-19.59%	-9.51%	-0.92%	6.63%	7.09%	
SBI MNC Dir Gr	Direct Plan	Equity - Other			0.14%	-8.25%	-6.37%	-4.71%	-6.68%	-2.04%	-0.55%	6.35%	8.34%	10.93%
Mahindra Manu APAC REITs FOF Dir Gr	Direct Plan	Global - Other			-0.60%	-5.21%	-0.12%	2.31%	-0.12%	22.57%	13.21%	5.79%		
Samco ELSS Tax Saver Dir Gr	Direct Plan	ELSS (Tax Savings)	1.0		-1.88%	-10.91%	-13.46%	-13.33%	-13.46%	-6.57%	-6.90%	5.19%		
ICICI Pru Nifty IT Index Dir Gr	Direct Plan	Index Funds			-1.98%	-5.07%	-22.95%	-12.68%	-22.95%	-19.53%	-7.01%	2.21%		
Samco Flexi Cap Dir Gr	Direct Plan	Flexi Cap	1.0		-1.37%	-11.12%	-11.04%	-11.04%	-11.04%	-6.97%	-11.17%	1.28%		
ICICI Pru FMCG Dir Gr	Direct Plan	Sector - FMCG			-0.57%	-11.24%	-16.44%	-17.15%	-17.10%	-13.47%	-6.34%	0.97%	7.97%	10.75%
MotilalOswalDvMktExUSETFsOvsEqPsvFOFDrGr	Direct Plan	Global - Other			-0.96%	-7.43%	3.07%	9.26%	3.42%	31.16%	19.07%			
SBI BSE PSU Bank Idx Dir Gr	Direct Plan	Index Funds			-4.19%	-20.02%	-7.53%	3.49%	-8.64%	24.93%				
Motilal Oswal Nifty Cptl Mkt Idx Dir Gr	Direct Plan	Index Funds			0.01%	-7.65%	-7.41%	2.70%	-8.61%	24.88%				
Tata Nifty Capital Markets Idx Dir Gr	Direct Plan	Index Funds			-0.02%	-7.68%	-7.53%	2.52%	-8.73%	24.33%				
Motilal Oswal Nifty MdSmFinclSvcsIdxDrGr	Direct Plan	Index Funds			-0.91%	-12.23%	-11.94%	0.27%	-12.93%	20.24%				
SBI Automotive Opportunities Dir Gr	Direct Plan	Equity - Other			0.23%	-12.17%	-8.43%	-2.87%	-9.67%	19.64%				
Quant BFSI Dir Gr	Direct Plan	Sector - Financial Services			-2.11%	-11.16%	-13.25%	-5.15%	-13.25%	15.88%	6.41%			
ICICI Pru Nifty200 Val 30 Idx Dir Gr	Direct Plan	Index Funds			-0.22%	-12.43%	-2.46%	6.42%	-4.01%	14.70%				
Axis Nifty500 Value 50 Index Dir Gr	Direct Plan	Value			0.63%	-11.08%	-1.83%	4.02%	-3.27%	13.81%				
Bandhan Nifty 500 Value 50 Index Dir Gr	Direct Plan	Index Funds			0.61%	-11.25%	-2.06%	3.76%	-3.51%	13.36%				
UTI Nifty 500 Value 50 Index Dir Gr	Direct Plan	Index Funds			0.61%	-11.24%	-2.07%	3.77%	-3.51%	13.28%	9.59%			
HDFC Trsptn & Logistics Dir Gr	Direct Plan	Equity - Other			-2.80%	-14.62%	-14.34%	-13.40%	-14.34%	13.21%	8.96%			
Motilal Oswal Nifty IND Dfnc Idx Dir Gr	Direct Plan	Index Funds			-2.43%	-11.22%	-5.49%	-8.04%	-6.74%	12.84%				
Aditya BSL Nifty India Dfnc Idx Dir Gr	Direct Plan	Index Funds			-2.43%	-11.20%	-5.46%	-8.00%	-6.72%	12.76%				
Kotak MNC Dir Gr	Direct Plan	Equity - Other			0.94%	-9.39%	-5.82%	-2.76%	-6.44%	12.68%				
Groww Nifty IND Dfnc ETF FoF Dir Gr	Direct Plan	Equity - Other			-1.97%	-11.09%	-5.70%	-8.20%	-6.78%	12.65%				
Nippon India Nifty Auto Idx Dir Gr	Direct Plan	Index Funds			-0.65%	-15.45%	-14.63%	-10.30%	-15.54%	12.31%				
Tata Nifty Auto Index Dir Gr	Direct Plan	Index Funds			-0.66%	-15.60%	-14.75%	-10.57%	-15.66%	12.05%				
HDFC Defence Dir Gr	Direct Plan	Equity - Other			-4.05%	-11.51%	-6.60%	-7.57%	-6.60%	11.48%	16.44%			
Kotak BSE PSU Index Dir Gr	Direct Plan	Index Funds			-1.68%	-12.20%	-2.71%	0.39%	-4.10%	10.41%				
Baroda BNP Paribas Manufctrng Dir Gr	Direct Plan	Equity - Other			0.00%	-9.01%	-4.82%	-1.01%	-5.70%	10.18%				
ICICI Prudential Energy Opps Dir Gr	Direct Plan	Sector - Energy			0.10%	-7.49%	-0.96%	0.58%	-2.90%	9.85%				
Kotak Trsptn & Lgstcs Dir Gr	Direct Plan	Equity - Other			-0.81%	-14.05%	-14.52%	-13.31%	-15.16%	8.96%				
LIC MF Manufacturing Dir Gr	Direct Plan	Equity - Other			-0.84%	-10.33%	-6.31%	-6.89%	-7.32%	8.76%				
Aditya BSL Trsptn andLogisticsDirGr	Direct Plan	Equity - Other			-0.52%	-13.85%	-14.12%	-12.21%	-14.83%	8.39%	3.57%			
HDFC Pharma and Healthcare Dir Gr	Direct Plan	Sector - Healthcare			0.36%	-4.36%	-1.19%	1.88%	-1.19%	7.90%	18.96%			
Kotak Nifty Commodities Index Dir Gr	Direct Plan	Index Funds			0.86%	-8.22%	-2.31%	1.75%	-3.86%	7.88%				
Groww Multicap Dir Gr	Direct Plan	Multi-Cap			0.43%	-10.68%	-10.23%	-7.05%	-10.85%	7.61%				
Motilal Oswal Active Momentum Dir Gr	Direct Plan	Equity - Other			-0.40%	-9.76%	-12.25%	-4.64%	-13.07%	7.44%				
UTI Nifty India Manufacturing Idx Dir Gr	Direct Plan	Index Funds			-0.36%	-10.97%	-7.78%	-5.14%	-8.92%	7.27%				
WhiteOak Capital Phrm and Hlthcr Dir Gr	Direct Plan	Sector - Healthcare			0.66%	-3.75%	-1.40%	-0.14%	-2.11%	6.91%	17.99%			
Axis India Manufacturing Dir Gr	Direct Plan	Equity - Other			0.22%	-9.30%	-5.51%	-5.24%	-6.74%	6.60%	7.89%			
Helios Mid Cap Dir Gr	Direct Plan	Mid-Cap			0.27%	-10.19%	-13.50%	-11.06%	-14.37%	6.58%				
Invesco India Business Cycle Dir Gr	Direct Plan	Equity - Other			-0.36%	-12.16%	-12.78%	-11.11%	-13.46%	6.51%				
TrustMF Small Cap Dir Gr	Direct Plan	Small-Cap			-1.00%	-7.63%	-8.98%	-4.52%	-8.98%	5.98%				
Baroda BNP Paribas Engy Opps Dir Gr	Direct Plan	Sector - Energy			-0.35%	-7.80%	-1.38%	-1.08%	-3.12%	5.52%				
Canara Robeco Manufacturing Dir Gr	Direct Plan	Equity - Other			-1.52%	-9.89%	-8.33%	-8.76%	-8.33%	5.42%	7.08%			
Baroda BNP Paribas Innovation Dir Gr	Direct Plan	Equity - Other			0.37%	-7.82%	-8.93%	-5.49%	-9.34%	5.36%	6.69%			
Mahindra Manulife Business Cycl Dr Gr	Direct Plan	Equity - Other			-0.28%	-9.55%	-8.73%	-2.90%	-9.45%	5.18%	6.73%			
Mahindra Manulife Value Dir Gr	Direct Plan	Value			-0.24%	-9.90%	-8.44%	-2.44%	-9.29%	5.13%				
Kotak Healthcare Dir Gr	Direct Plan	Sector - Healthcare			1.07%	-4.14%	0.48%	0.98%	-0.36%	4.77%	9.50%			
Mirae Asset Small Cap Dir Gr	Direct Plan	Small-Cap			0.68%	-9.06%	-11.03%	-9.28%	-11.88%	4.13%				
PGIM India Healthcare Dir Gr	Direct Plan	Sector - Healthcare			1.03%	-4.39%	-1.51%	1.24%	-2.20%	4.03%				
DSP Banking & Financial Svcs Dir Gr	Direct Plan	Sector - Financial Services			-0.97%	-12.93%	-10.75%	-4.46%	-11.66%	3.88%	13.97%			
Mahindra Manulife Manufactrng Dir Gr	Direct Plan	Equity - Other			-0.46%	-9.38%	-8.33%	-7.11%	-9.46%	3.87%				
TataNfty500Mltcp Ind Mnfc Idx Dr Gr	Direct Plan	Index Funds			-0.15%	-9.71%	-8.94%	-6.65%	-10.14%	3.78%				
Bandhan Innovation Dir Gr	Direct Plan	Equity - Other			-0.50%	-9.74%	-11.32%	-9.07%	-12.06%	3.67%				
DSP BSE SENSEX Next 30 Index Dir Gr	Direct Plan	Index Funds			0.05%	-9.98%	-7.75%	-3.63%	-8.73%	3.62%				
HSBC Financial Services Dir Gr	Direct Plan	Sector - Financial Services			-0.92%	-12.98%	-11.47%	-4.87%	-12.28%	3.21%				
Kotak Nifty Midcap 50 Index Dir Gr	Direct Plan	Index Funds			-0.13%	-10.66%	-12.14%	-5.97%	-13.13%	3.01%				
Helios Large & Mid Cap Dir Gr	Direct Plan	Large & Mid-Cap			-0.51%	-12.17%	-12.80%	-9.90%	-13.65%	2.85%				
HDFC Manufacturing Dir Gr	Direct Plan	Equity - Other			-2.05%	-11.10%	-10.65%	-8.88%	-10.65%	2.68%				
Bajaj Finserv Flexi Cap Dir Gr	Direct Plan	Flexi Cap			0.75%	-10.81%	-10.85%	-8.28%	-11.60%	2.68%	7.61%			
Aditya BSL Quant Dir Gr	Direct Plan	Equity - Other			0.22%	-13.20%	-11.00%	-4.49%	-11.86%	2.47%				
Motilal Oswal Innovation Opps Dir Gr	Direct Plan	Equity - Other			-0.46%	-9.09%	-12.75%	-15.02%	-13.78%	2.45%				
Whiteoak Capital Large & Mid Cap Dir Gr	Direct Plan	Large & Mid-Cap			0.06%	-10.01%	-11.03%	-7.06%	-11.83%	2.43%	7.02%			
ITI Focused Dir Gr	Direct Plan	Focused Fund			-1.55%	-11.37%	-12.13%	-6.72%	-12.13%	2.34%	6.68%			
Quant Healthcare Dir Gr	Direct Plan	Sector - Healthcare			-0.77%	-5.34%	-4.96%	-4.35%	-4.96%	2.19%	5.66%			
Nippon India Active Momentum Dir Gr	Direct Plan	Equity - Other			0.49%	-10.79%	-9.57%	-5.30%	-10.47%	2.15%				
Kotak Nifty Fincl Svcs Ex-Bk Idx Dir Gr	Direct Plan	Index Funds			-1.45%	-13.87%	-14.97%	-8.34%	-15.73%	2.11%	8.72%			
WhiteOak Capital Multi Cap Dir Gr	Direct Plan	Multi-Cap			0.49%	-9.51%	-11.74%	-8.85%	-12.54%	1.97%	8.02%			
HDFC NIFTY Midcap 150 Index Dir Gr	Direct Plan	Index Funds			-2.53%	-11.08%	-12.71%	-7.58%	-12.71%	1.87%	4.70%			
Tata Nifty MidSmall Hlthcr Idx DirGr	Direct Plan	Index Funds			1.89%	-5.16%	-3.70%	-3.47%	-4.98%	1.86%				
Bank of India Consumption Dir Gr	Direct Plan	Equity - Consumption			0.00%	-8.20%	-13.04%	-11.86%	-13.73%	1.78%				
Motilal Oswal Nifty MdSm Hlthcr IdxDrGr	Direct Plan	Index Funds			1.88%	-5.17%	-3.73%	-3.54%	-5.01%	1.75%				
Baroda BNP P NIFTY Midcap 150 Idx Dir Gr	Direct Plan	Index Funds			-0.06%	-11.03%	-11.89%	-7.66%	-12.74%	1.74%				
SBI Energy Opportunities Dir Gr	Direct Plan	Sector - Energy			0.69%	-11.48%	-6.94%	-5.90%	-9.08%	1.74%	-0.45%			
UTI Nifty Midcap 150 Index Dir Gr	Direct Plan	Index Funds			-0.08%	-11.10%	-11.89%	-7.65%	-12.74%	1.72%				
UTI Nifty50 Equal Weight Index Dir Gr	Direct Plan	Index Funds			-0.17%	-10.67%	-10.45%	-6.22%	-11.26%	1.70%	2.91%			
WhiteOak Capital Special Opps Dir Gr	Direct Plan	Equity - Other			-0.30%	-10.11%	-11.85%	-8.70%	-12.52%	1.68%				
Groww Banking & Fincl Svcs Dir Gr	Direct Plan	Sector - Financial Services			-2.94%	-12.01%	-11.66%	-6.88%	-11.66%	1.66%	4.41%			
SBI Nifty50 Equal Weight Idx Dir Gr	Direct Plan	Index Funds			-0.17%	-10.69%	-10.47%	-6.28%	-11.29%	1.64%	2.96%			
Bajaj Finserv Healthcare Dir Gr	Direct Plan	Sector - Healthcare			1.22%	-4.30%	-4.58%	-3.28%	-5.47%	1.60%				
Bandhan Nifty Midcap 150 Index Dir Gr	Direct Plan	Index Funds			-0.11%	-11.11%	-11.86%	-7.55%	-12.71%	1.52%				
HSBC India Export Opports Dir Gr	Direct Plan	Equity - Other			1.01%	-8.13%	-10.82%	-6.47%	-11.72%	1.34%				
Kotak Nifty 50 Equal Weight Idx Dir Gr	Direct Plan	Index Funds			-0.19%	-10.71%	-10.50%	-6.35%	-11.31%	1.23%				
Mirae Asset Multicap Dir Gr	Direct Plan	Multi-Cap			-0.74%	-11.49%	-13.39%	-10.12%	-14.13%	1.15%	4.94%			
Bandhan BSE Healthcare Index Dir Gr	Direct Plan	Index Funds			1.09%	-4.90%	-3.75%	-3.01%	-4.57%	1.09%				
Edelweiss Technology Fund Dir Gr	Direct Plan	Sector - Technology			-1.74%	-4.95%	-16.12%	-10.93%	-16.12%	0.90%	3.67%			
ICICI Prudential Rural Opps Dir Gr	Direct Plan	Equity - Other			-0.97%	-12.38%	-13.05%	-10.93%	-13.79%	0.89%				
DSP Business Cycle Dir Gr	Direct Plan	Equity - Other			-0.11%	-10.54%	-8.56%	-5.76%	-9.51%	0.88%				
Quantum Small Cap Dir Gr	Direct Plan	Small-Cap			-2.33%	-11.09%	-13.21%	-10.95%	-13.21%	0.80%	4.04%			
PGIM India Multi Cap Dir Gr	Direct Plan	Multi-Cap			0.00%	-9.81%	-10.26%	-9.08%	-11.14%	0.67%				
SBI Quant Dir Gr	Direct Plan	Equity - Other			-0.47%	-12.73%	-11.47%	-3.09%	-12.01%	0.62%				
Invesco India Manufacturing Dir Gr	Direct Plan	Equity - Other			0.11%	-10.98%	-7.26%	-9.86%	-8.54%	0.54%				
Kotak Nifty Midcap 150 Index Dir Gr	Direct Plan	Index Funds			-0.09%	-11.14%	-11.94%	-7.70%	-12.78%	0.39%				
Helios Flexi Cap Dir Gr	Direct Plan	Flexi Cap			-2.91%	-11.13%	-14.39%	-11.31%	-14.39%	0.30%	5.40%			
Edelweiss Multi Cap Dir Gr	Direct Plan	Multi-Cap			-1.96%	-10.38%	-11.92%	-7.00%	-11.92%	0.26%	5.62%			
Old Bridge Focused Dir Gr	Direct Plan	Focused Fund			-1.82%	-9.55%	-11.46%	-3.40%	-11.46%	0.18%	6.96%			
ICICI Pru Innovt Dir Gr	Direct Plan	Equity - Other			-0.23%	-9.72%	-13.38%	-9.43%	-14.03%	0.12%	5.93%			
Tata BSE Sel Business Grps Idx Dir Gr	Direct Plan	Index Funds			-0.17%	-10.26%	-12.69%	-6.48%	-13.57%	0.03%				
Kotak Special Opportunities Dir Gr	Direct Plan	Equity - Other			0.38%	-10.53%	-13.86%	-9.94%	-14.55%	0.01%				
Motilal Oswal Manufacturing Dir Gr	Direct Plan	Equity - Other			-1.02%	-9.07%	-10.82%	-13.74%	-11.71%	-0.06%				
Kotak Consumption Dir Gr	Direct Plan	Equity - Consumption			0.21%	-9.43%	-15.12%	-13.18%	-15.51%	-0.07%	8.18%			
Canara Robeco Multi Cap Dir Gr	Direct Plan	Multi-Cap			-1.91%	-10.03%	-13.42%	-9.61%	-13.42%	-0.07%	5.74%			
Bajaj Finserv Large Cap Dir Gr	Direct Plan	Large-Cap			-0.50%	-10.77%	-10.74%	-5.80%	-11.39%	-0.11%				
Baroda BNP Paribas Small Cap Dir Gr	Direct Plan	Small-Cap			1.95%	-6.88%	-9.22%	-8.80%	-9.88%	-0.21%	2.02%			
Union Innovation & Opports Dir Gr	Direct Plan	Equity - Other			-1.47%	-7.82%	-13.40%	-13.22%	-13.40%	-0.24%	6.52%			
ZerodhaELSSTaxSavrNftyLrgMdcap250IdxDrGr	Direct Plan	ELSS (Tax Savings)			-0.51%	-11.32%	-12.56%	-8.22%	-13.32%	-0.59%	3.35%			
Zerodha Nifty LargeMidcap 250 Idx Dir Gr	Direct Plan	Index Funds			-0.52%	-11.32%	-12.57%	-8.25%	-13.34%	-0.65%	3.26%			
Franklin India Multi Cap Dir Gr	Direct Plan	Multi-Cap			-0.20%	-12.03%	-13.91%	-10.70%	-14.70%	-0.71%				
Baroda BNP P Dividend Yield Dir Gr	Direct Plan	Dividend Yield			-0.27%	-10.08%	-10.57%	-6.29%	-11.22%	-0.79%				
Edelweiss Business Cycle Dir Gr	Direct Plan	Equity - Other			-2.03%	-11.86%	-11.53%	-6.99%	-11.53%	-0.88%				
Motilal Oswal Small Cap Dir Gr	Direct Plan	Small-Cap			0.26%	-9.30%	-11.51%	-10.74%	-12.39%	-0.99%	9.55%			
ICICI PruNiftyLargeMidcap250IdxDirGr	Direct Plan	Index Funds			-0.53%	-11.36%	-12.69%	-8.47%	-13.45%	-1.12%	2.77%			
HDFC Nifty LargeMidcap 250 Index Dir Gr	Direct Plan	Index Funds			-0.52%	-11.38%	-12.69%	-8.48%	-13.45%	-1.13%				
Union Business Cycle Dir Gr	Direct Plan	Equity - Other			-2.27%	-11.88%	-11.58%	-9.00%	-11.58%	-1.15%	0.93%			
Mirae Asset Nifty LrgMdcp250IdxDirGr	Direct Plan	Index Funds			-0.50%	-11.35%	-12.72%	-8.51%	-13.47%	-1.23%				
Kotak Nifty 100 Equal Weight Idx Dir Gr	Direct Plan	Index Funds			-1.00%	-11.94%	-11.31%	-9.13%	-12.13%	-1.25%				
Motilal Oswal Quant Dir Gr	Direct Plan	Equity - Other			0.12%	-10.23%	-11.13%	-9.02%	-12.00%	-1.32%				
WhiteOak Capital Bkg & Fincl Svcs Dir Gr	Direct Plan	Sector - Financial Services			-1.33%	-14.18%	-13.54%	-8.63%	-14.26%	-1.40%	8.27%			
Mirae Ast BSE 200 EqlWghtETFFoFDirGr	Direct Plan	Index Funds			-0.49%	-11.37%	-11.43%	-8.57%	-12.26%	-1.53%				
ICICI Prudential Eq Min Var Dir Gr	Direct Plan	Equity - Other			-0.51%	-11.11%	-12.47%	-7.40%	-13.09%	-1.61%				
Bajaj Finserv Multi Cap Dir Gr	Direct Plan	Multi-Cap			0.98%	-10.91%	-11.53%	-7.06%	-12.29%	-1.63%				
Tata Nifty500 Mltcp Infras Idx DirGr	Direct Plan	Index Funds			-0.44%	-10.53%	-11.33%	-8.10%	-12.31%	-1.63%				
Groww Nifty EV&NwAgAtmtvETFFoF Dir Gr	Direct Plan	Equity - Other			-3.89%	-14.95%	-16.41%	-14.39%	-16.41%	-1.70%				
Bajaj Finserv Large & Mid Cap Dir Gr	Direct Plan	Large & Mid-Cap			0.13%	-11.12%	-12.61%	-7.63%	-13.28%	-1.72%	4.90%			
SBI Nifty Bank Index Dir Gr	Direct Plan	Index Funds			-2.23%	-16.92%	-15.06%	-8.06%	-15.64%	-1.94%				
Axis Nifty Bank Index Dir Gr	Direct Plan	Index Funds			-2.26%	-16.93%	-15.09%	-8.10%	-15.67%	-1.95%				
Nippon India Innovation Dir Gr	Direct Plan	Equity - Other			-0.47%	-11.32%	-14.11%	-14.16%	-14.50%	-1.96%	2.51%			
DSP Nifty Bank Index Dir Gr	Direct Plan	Index Funds			-2.28%	-16.95%	-15.10%	-8.12%	-15.68%	-1.96%				
Tata Nifty200 Alpha 30 Index Dir Gr	Direct Plan	Index Funds			-1.03%	-13.53%	-10.82%	-8.80%	-11.91%	-1.97%				
HDFC NIFTY100 Low Volatil 30 Idx Dir Gr	Direct Plan	Index Funds			-1.89%	-10.69%	-13.32%	-8.06%	-13.32%	-2.01%				
Mirae Ast Nifty200 Alp 30 ETF FoF Dr Gr	Direct Plan	Equity - Other			-1.02%	-13.77%	-11.32%	-9.00%	-12.07%	-2.01%				
Bandhan Nifty Bank Index Dir Gr	Direct Plan	Index Funds			-2.28%	-16.98%	-15.14%	-8.14%	-15.72%	-2.03%				
Nippon India Nifty Bank Index Dir Gr	Direct Plan	Index Funds			-2.26%	-16.95%	-15.10%	-8.12%	-15.68%	-2.04%	3.80%			
Kotak NIFTY 100 Lw Vol 30 Idx Dir Gr	Direct Plan	Index Funds			-0.40%	-10.78%	-12.74%	-8.11%	-13.38%	-2.04%				
Kotak Nifty Mdcp 150 Mmt 50 Idx Dir Gr	Direct Plan	Index Funds			-0.12%	-11.76%	-11.16%	-7.29%	-11.97%	-2.21%				
Kotak Quant Dir Gr	Direct Plan	Equity - Other			0.20%	-12.57%	-10.52%	-7.75%	-11.48%	-2.29%	0.24%			
Axis Momentum Dir Gr	Direct Plan	Equity - Other			1.11%	-10.68%	-12.77%	-8.58%	-13.68%	-2.38%				
PGIM India Large and Mid Cap Dir Gr	Direct Plan	Large & Mid-Cap			-2.42%	-10.74%	-12.67%	-10.67%	-12.67%	-2.67%	4.04%			
HDFC Nifty100 Quality 30 Index Dir Gr	Direct Plan	Index Funds			-0.91%	-9.50%	-13.49%	-9.37%	-13.96%	-2.78%				
Navi Nifty 500 Multicap 50 25 25IdxDirGr	Direct Plan	Index Funds			-2.42%	-11.00%	-13.71%	-10.02%	-13.71%	-2.80%				
Edelweiss Consumption Dir Gr	Direct Plan	Equity - Consumption			0.17%	-10.57%	-14.36%	-13.42%	-15.06%	-2.82%				
DSP Multicap Dir Gr	Direct Plan	Multi-Cap			-0.62%	-11.03%	-13.14%	-13.04%	-14.19%	-2.87%	3.64%			
HDFC Nifty500 Multcp 50:25:25 Idx Dir Gr	Direct Plan	Index Funds			-2.46%	-11.14%	-13.90%	-10.24%	-13.90%	-2.93%				
MiraeAstNftyMdSmCp400MQETFFoFDirGr	Direct Plan	Equity - Other			0.87%	-8.72%	-9.12%	-8.41%	-9.79%	-2.98%				
UTI Nifty Mdsmcp 400 Momt Qul100IdxDirGr	Direct Plan	Index Funds			0.57%	-9.02%	-9.16%	-8.43%	-10.07%	-3.08%				
Axis Nifty 500 Index Dir Gr	Direct Plan	Index Funds			-0.84%	-11.52%	-13.31%	-9.65%	-14.04%	-3.15%				
SBI Nifty India Consumption Dir Gr	Direct Plan	Equity - Consumption			-0.03%	-10.46%	-15.19%	-14.40%	-15.93%	-3.15%				
SBI Nifty 500 Index Dir Gr	Direct Plan	Index Funds			-0.65%	-11.39%	-13.21%	-9.61%	-13.95%	-3.22%				
ITI Bharat Consumption Dir Gr	Direct Plan	Equity - Consumption			-0.14%	-10.38%	-14.00%	-13.35%	-14.73%	-3.24%				
Groww Nifty 200 ETF FOF Dir Gr	Direct Plan	Equity - Other			-0.89%	-11.53%	-12.85%	-8.99%	-13.60%	-3.24%				
Bajaj Finserv ELSS Tax Saver Dir Gr	Direct Plan	ELSS (Tax Savings)			-0.29%	-10.84%	-11.78%	-8.21%	-12.52%	-3.28%				
Mirae Asset Nifty Total Mkt Idx Dir Gr	Direct Plan	Index Funds			-0.65%	-11.36%	-13.25%	-9.87%	-14.00%	-3.36%				
Angel One Nifty Total Market Idx Dir Gr	Direct Plan	Index Funds			-0.65%	-11.36%	-13.25%	-9.86%	-14.00%	-3.37%				
ICICI Prudential Nifty 500 Idx Dir Gr	Direct Plan	Index Funds			-0.69%	-11.37%	-13.20%	-9.66%	-13.94%	-3.39%				
Helios Financial Services Dir Gr	Direct Plan	Sector - Financial Services			-3.50%	-13.85%	-16.60%	-11.38%	-16.60%	-3.41%				
Nippon Ind Nifty 500 Eql Wtd Idx Dr Gr	Direct Plan	Index Funds			-0.51%	-11.21%	-13.28%	-13.25%	-14.24%	-3.45%				
Kotak Nifty Smallcap 50 Dir Gr	Direct Plan	Index Funds			0.82%	-10.37%	-12.56%	-11.33%	-13.47%	-3.45%	3.04%			
HDFC BSE 500 Index Dir Gr	Direct Plan	Index Funds			-2.51%	-11.41%	-14.01%	-9.78%	-14.01%	-3.50%	0.76%			
TrustMF Flexi Cap Dir Gr	Direct Plan	Flexi Cap			-2.24%	-9.97%	-11.94%	-8.56%	-11.94%	-3.50%				
Groww Nifty Total Market Idx Dir Gr	Direct Plan	Index Funds			-2.57%	-11.41%	-14.08%	-9.97%	-14.08%	-3.53%	1.13%			
Bandhan Nifty Total Market Index Dir Gr	Direct Plan	Index Funds			-0.66%	-11.40%	-13.31%	-9.97%	-14.06%	-3.54%				
Kotak Nifty 200 Momt 30 Idx Dir Gr	Direct Plan	Index Funds			-0.96%	-13.70%	-12.23%	-9.45%	-13.06%	-3.59%	-5.60%			
HSBC Consumption Dir Gr	Direct Plan	Equity - Consumption			0.18%	-9.98%	-14.42%	-14.46%	-15.20%	-3.66%	3.33%			
Bank of India Business Cycle Dir Gr	Direct Plan	Equity - Other			-0.61%	-8.72%	-9.93%	-11.88%	-10.62%	-3.66%				
Bandhan Financial Services Dir Gr	Direct Plan	Sector - Financial Services			-1.43%	-14.56%	-15.74%	-10.44%	-16.28%	-3.67%	5.93%			
UTI Quant Dir Gr	Direct Plan	Equity - Other			-0.64%	-8.82%	-12.77%	-9.65%	-13.38%	-3.71%				
Quant Commodities Dir Gr	Direct Plan	Equity - Other			-1.00%	-10.60%	-12.77%	-8.25%	-12.77%	-3.71%	2.62%			
Bandhan Nifty Alpha 50 Index Dir Gr	Direct Plan	Index Funds			-0.90%	-12.30%	-10.76%	-9.03%	-11.72%	-3.73%	-3.79%			
Bandhan Nifty Next 50 Index Dir Gr	Direct Plan	Index Funds			-1.65%	-13.30%	-11.94%	-10.86%	-12.82%	-3.77%				
Aditya BSL BSE India Infras Idx Dir Gr	Direct Plan	Index Funds			0.79%	-9.68%	-6.21%	-7.81%	-7.31%	-3.79%				
Axis Nifty500 Momentum 50 Index Dir Gr	Direct Plan	Index Funds			0.12%	-12.04%	-11.81%	-9.12%	-12.57%	-3.90%				
Motilal Oswal Large Cap Dir Gr	Direct Plan	Large-Cap			-1.19%	-11.31%	-14.30%	-10.65%	-14.79%	-4.06%	10.30%			
Nippon Ind Nifty 500 Momt 50 IdxDrGr	Direct Plan	Index Funds			0.09%	-12.16%	-11.97%	-9.20%	-12.72%	-4.07%				
HDFC NIFTY200 Momentum 30 Index Dir Gr	Direct Plan	Index Funds			-3.33%	-13.72%	-13.11%	-9.53%	-13.11%	-4.08%	-6.24%			
UTI Nifty200 Quality 30 Index Dir Gr	Direct Plan	Index Funds			-0.75%	-9.65%	-14.12%	-10.18%	-14.77%	-4.08%				
360 ONE Flexicap Dir Gr	Direct Plan	Flexi Cap			0.11%	-11.13%	-12.72%	-10.49%	-13.26%	-4.11%	4.75%			
Bandhan Nifty 200 Quality 30 Idx Dir Gr	Direct Plan	Index Funds			-0.74%	-9.65%	-14.11%	-10.13%	-14.75%	-4.11%				
Mirae Asset Nifty 50 Idx Dir Gr	Direct Plan	Index Funds			-0.78%	-11.31%	-13.80%	-9.06%	-14.43%	-4.15%				
Motilal Oswal Nifty 500 Momt 50 IdxDirGr	Direct Plan	Index Funds			0.07%	-12.20%	-12.01%	-9.49%	-12.78%	-4.17%				
Bandhan Nifty 500 Momentum 50 Idx Dir Gr	Direct Plan	Index Funds			0.08%	-12.18%	-12.00%	-9.36%	-12.76%	-4.24%				
Baroda BNP P NIFTY 50 Index Dir Gr	Direct Plan	Index Funds			-0.80%	-11.32%	-13.89%	-9.12%	-14.51%	-4.29%	0.92%			
UTI Nifty Alpha Low-Vltlty 30 Idx Dir Gr	Direct Plan	Index Funds			-0.73%	-11.90%	-10.77%	-7.87%	-11.57%	-4.43%				
Bandhan Nifty Alpha Lw Vol 30 Idx Dir Gr	Direct Plan	Index Funds			-0.72%	-11.92%	-10.75%	-7.80%	-11.57%	-4.51%				
Edelweiss Nifty Alp Lw Vol30IdxDirGr	Direct Plan	Index Funds			-2.43%	-11.92%	-11.54%	-7.82%	-11.54%	-4.52%				
Baroda BNP P Nifty200 Momt 30 Idx Dir Gr	Direct Plan	Index Funds			-0.92%	-13.72%	-12.29%	-9.75%	-13.13%	-4.64%				
Baroda BNP Paribas Value Dir Gr	Direct Plan	Value			-0.40%	-10.71%	-10.99%	-7.32%	-11.77%	-4.64%	-1.42%			
NJ ELSS Tax Saver Scheme Dir Gr	Direct Plan	ELSS (Tax Savings)			-1.72%	-8.06%	-10.82%	-10.76%	-10.82%	-4.65%	-1.27%			
EdelweissNifty500MltcpMmtQl50IdxDrGr	Direct Plan	Index Funds			-2.50%	-10.06%	-11.40%	-10.01%	-11.40%	-4.66%				
Union Active Momentum Dir Gr	Direct Plan	Equity - Other			1.82%	-10.18%	-9.46%	-6.99%	-10.08%	-4.73%				
Tata India Innovation Dir Gr	Direct Plan	Equity - Other			0.39%	-9.45%	-14.35%	-12.95%	-15.20%	-5.07%				
Groww Nifty Smallcap 250 Idx Dir Gr	Direct Plan	Index Funds			-1.89%	-10.01%	-14.35%	-14.33%	-14.35%	-5.17%	-0.14%			
Kotak Nifty Smallcap 250 Idx Dir Gr	Direct Plan	Index Funds			0.38%	-10.04%	-13.35%	-14.38%	-14.34%	-5.29%				
HDFC Nifty Smallcap 250 Index Dir Gr	Direct Plan	Index Funds			-2.02%	-10.10%	-14.41%	-14.46%	-14.41%	-5.30%	-0.19%			
Quant Momentum Dir Gr	Direct Plan	Equity - Other			-2.00%	-9.83%	-12.34%	-7.76%	-12.34%	-5.32%	-1.79%			
Aditya BSL Conglomerate Dir Gr	Direct Plan	Equity - Other			-0.64%	-11.02%	-14.04%	-11.69%	-15.05%	-5.35%				
HDFC Nifty Top 20 Equal Wt Idx Dir Gr	Direct Plan	Index Funds			-0.77%	-11.91%	-15.06%	-9.78%	-15.65%	-5.50%				
Bandhan Nifty SmCp 250 Idx Dir Gr	Direct Plan	Index Funds			0.35%	-10.10%	-13.40%	-14.42%	-14.40%	-5.52%	-0.26%			
NJ Flexi Cap Dir Gr	Direct Plan	Flexi Cap			-2.12%	-10.49%	-13.20%	-12.38%	-13.20%	-5.65%	-4.39%			
SBI Innovative Opportunities Dir Gr	Direct Plan	Equity - Other			-0.29%	-7.41%	-17.34%	-15.15%	-17.72%	-5.77%				
Bandhan Business Cycle Dir Gr	Direct Plan	Equity - Other			-0.90%	-12.54%	-15.93%	-13.49%	-16.53%	-5.87%				
Axis Consumption Dir Gr	Direct Plan	Equity - Consumption			0.12%	-11.25%	-14.99%	-14.99%	-15.68%	-5.91%				
Axis BSE Sensex Index Dir Gr	Direct Plan	Index Funds			-1.04%	-11.35%	-14.88%	-10.04%	-15.42%	-5.94%	-0.10%			
Tata Nifty Fincl Svcss Idx Dir Gr	Direct Plan	Index Funds			-1.86%	-15.62%	-14.20%	-9.84%	-14.91%	-6.00%				
ICICI Pru Nifty50 Val 20 Idx Dir Gr	Direct Plan	Index Funds			-0.94%	-10.14%	-12.11%	-6.73%	-12.58%	-6.01%	-1.10%			
Kotak BSE Sensex Index Dir Gr	Direct Plan	Index Funds			-1.04%	-11.45%	-15.04%	-10.28%	-15.59%	-6.09%				
Samco Special Opportunities Dir Gr	Direct Plan	Equity - Other			-2.65%	-13.62%	-16.17%	-16.17%	-16.17%	-6.12%				
DSP Nifty Private Bank Index Dir Gr	Direct Plan	Index Funds			-1.21%	-15.65%	-15.17%	-8.96%	-16.00%	-6.17%				
UTI Nifty Private Bank Index Dir Gr	Direct Plan	Index Funds			-1.22%	-15.68%	-15.22%	-9.07%	-16.07%	-6.22%				
Navi BSE Sensex Index Dir Gr	Direct Plan	Index Funds			-2.86%	-11.48%	-15.54%	-10.10%	-15.54%	-6.23%	-0.22%			
Invesco India Technology Dir Gr	Direct Plan	Sector - Technology			0.25%	-6.34%	-19.18%	-14.24%	-19.43%	-6.23%				
SBI BSE Sensex Index Dir Gr	Direct Plan	Index Funds			-1.04%	-11.49%	-15.02%	-10.34%	-15.56%	-6.36%	-0.35%			
WhiteOak Cptl ESG Bst-In-Cls Stgy Dir Gr	Direct Plan	Equity - ESG			-2.15%	-10.47%	-15.72%	-12.25%	-15.72%	-6.41%				
ITI Large & Mid Cap Dir Gr	Direct Plan	Large & Mid-Cap			-0.78%	-11.27%	-13.69%	-12.63%	-14.62%	-6.57%				
Quantum Ethical Dir Gr	Direct Plan	Equity - Other			-0.46%	-9.72%	-11.84%	-12.02%	-12.55%	-6.70%				
JM Small Cap Dir Gr	Direct Plan	Small-Cap			-2.35%	-10.99%	-14.71%	-15.58%	-14.71%	-6.76%				
Mirae AstNftyINDNwAgCnsptnETFFoFDrGr	Direct Plan	Equity - Other			-0.63%	-12.99%	-17.55%	-18.28%	-18.11%	-6.99%				
HDFC Consumption Dir Gr	Direct Plan	Equity - Consumption			-2.48%	-10.97%	-15.55%	-16.45%	-15.55%	-7.24%	1.70%			
WhiteOak Capital Quality Equity Dir Gr	Direct Plan	Equity - Other			-0.07%	-9.44%	-14.56%	-11.86%	-15.23%	-7.51%				
Quant PSU Dir Gr	Direct Plan	Equity - Other			-2.31%	-11.21%	-14.04%	-11.91%	-14.04%	-7.79%	-4.17%			
WhiteOak Capital Digital Bharat Dir Gr	Direct Plan	Sector - Technology			0.11%	-6.90%	-22.68%	-17.18%	-23.06%	-8.08%				
Quant Business Cycle Dir Gr	Direct Plan	Equity - Other			-2.69%	-11.33%	-13.75%	-11.18%	-13.75%	-8.10%	-3.91%			
Quant Manufacturing Dir Gr	Direct Plan	Equity - Other			-3.16%	-12.03%	-15.04%	-14.02%	-15.04%	-8.63%	-5.08%			
Sundaram Business Cycle Dir Gr	Direct Plan	Equity - Other			-0.05%	-11.43%	-15.98%	-16.50%	-16.89%	-9.12%				
DSP Nifty SmCp250 Qul 50 Idx Dir Gr	Direct Plan	Index Funds			-0.24%	-10.13%	-13.93%	-15.85%	-14.90%	-9.28%	-2.29%			
Motilal Oswal Nifty Mcrcp 250 Idx Dir Gr	Direct Plan	Index Funds			-0.72%	-11.44%	-15.20%	-17.71%	-16.38%	-9.30%	-0.95%			
Bajaj Finserv Consumption Dir Gr	Direct Plan	Equity - Consumption			0.45%	-10.60%	-14.78%	-17.05%	-15.67%	-9.41%				
Mirae Asset BSE Sel IPO ETF FoFDirGr	Direct Plan	Equity - Other			-0.32%	-9.43%	-16.80%	-20.10%	-16.53%	-9.46%				
Samco Large Cap Dir Gr	Direct Plan	Large-Cap			0.11%	-6.56%	-5.17%	-5.67%	-5.77%	-10.11%				
Groww Nifty N-Cycl Cnsmr Idx Dir Gr	Direct Plan	Index Funds			-2.05%	-10.51%	-16.70%	-16.52%	-16.70%	-10.48%				
Shriram Multi Sector Rotation Dir Gr	Direct Plan	Equity - Other			-0.98%	-12.23%	-13.01%	-8.54%	-14.11%	-10.62%				
Mirae Ast Nfty SC 250MQ100ETFFoFDrGr	Direct Plan	Equity - Other			0.30%	-9.92%	-13.85%	-15.58%	-14.49%	-10.76%	-6.65%			
Samco Multi Cap Dir Gr	Direct Plan	Multi-Cap			0.25%	-7.42%	-9.39%	-12.13%	-10.19%	-10.78%				
Navi Nifty Smcp250 Momt Qul 100 IdxDirGr	Direct Plan	Index Funds			0.14%	-9.94%	-13.75%	-15.49%	-14.44%	-11.01%				
DSP Nifty Top 10 Equal Weight Idx Dir Gr	Direct Plan	Index Funds			-0.80%	-11.49%	-17.81%	-10.96%	-18.31%	-11.39%				
HDFC Nifty India Digital Index Dir Gr	Direct Plan	Sector - Technology			-0.97%	-7.58%	-23.14%	-16.22%	-22.78%	-11.45%				
Kotak BSE Housing Index Dir Gr	Direct Plan	Index Funds			0.22%	-14.43%	-15.00%	-17.56%	-15.92%	-11.53%	-3.91%			
Kotak Technology Fund Dir Gr	Direct Plan	Sector - Technology			-0.47%	-5.23%	-20.07%	-12.94%	-20.13%	-11.66%	-0.23%			
UTI BSE Housing Index Dir Gr	Direct Plan	Index Funds			0.21%	-14.37%	-14.96%	-17.55%	-15.87%	-11.67%	-3.89%			
Motilal Oswal Digital India Dir Gr	Direct Plan	Sector - Technology			-1.97%	-10.13%	-27.04%	-24.61%	-27.72%	-12.49%				
Motilal Oswal Multi Cap Dir Gr	Direct Plan	Multi-Cap			-0.43%	-9.15%	-17.70%	-17.25%	-18.09%	-12.65%				
Motilal Oswal Business Cycle Dir Gr	Direct Plan	Equity - Other			0.34%	-9.01%	-19.38%	-17.52%	-19.82%	-12.70%				
UTI Innovation Dir Gr	Direct Plan	Equity - Other			0.27%	-8.74%	-21.87%	-21.13%	-22.26%	-12.73%	-6.74%			
Quant Consumption Dir Gr	Direct Plan	Equity - Consumption			-2.81%	-9.06%	-14.40%	-14.64%	-14.40%	-13.56%	-10.12%			
Motilal Oswal NiftyMdSmIndCnsmptnIdxDrGr	Direct Plan	Index Funds			-0.40%	-12.26%	-15.44%	-16.82%	-15.79%	-13.75%				
Motilal Oswal Nifty MdSm IT &TeleIdxDrGr	Direct Plan	Index Funds			0.09%	-8.48%	-23.14%	-14.76%	-23.08%	-14.86%				
Samco Active Momentum Dir Gr	Direct Plan	Equity - Other			-1.37%	-7.54%	-9.19%	-10.18%	-9.19%	-16.20%	-2.13%			
HDFC Technology Dir Gr	Direct Plan	Sector - Technology			-2.54%	-7.22%	-23.31%	-16.77%	-23.31%	-16.50%	-1.80%			
Groww Nifty India Rlwys PSU Idx Dir Gr	Direct Plan	Index Funds			-1.06%	-14.01%	-20.42%	-19.99%	-21.07%	-19.27%				
Nippon India Nifty IT Index Dir Gr	Direct Plan	Index Funds			-0.30%	-5.06%	-23.12%	-12.65%	-22.89%	-19.50%	-6.93%			
Navi Nifty IT Index Direct Growth	Direct Plan	Index Funds			-1.97%	-5.03%	-22.81%	-12.64%	-22.81%	-19.54%	-6.96%			
Axis Nifty IT Index Dir Gr	Direct Plan	Index Funds			-0.30%	-5.08%	-23.19%	-12.67%	-22.96%	-19.60%	-7.02%			
SBI Nifty IT Index Dir Gr	Direct Plan	Index Funds			-0.29%	-5.06%	-23.17%	-12.66%	-22.94%	-19.63%				
Bandhan Nifty IT Index Dir Gr	Direct Plan	Index Funds			-0.29%	-5.06%	-23.24%	-12.76%	-23.01%	-19.69%	-7.01%			
HDFC NIFTY Realty Index Dir Gr	Direct Plan	Index Funds			-3.46%	-16.64%	-25.88%	-25.08%	-25.88%	-23.53%	-15.06%			
Nippon India Nifty Realty Idx Dir Gr	Direct Plan	Index Funds			-1.82%	-16.52%	-25.09%	-24.99%	-25.78%	-23.57%				
Tata Nifty Realty Index Dir Gr	Direct Plan	Index Funds			-1.89%	-16.65%	-25.29%	-24.95%	-25.98%	-23.67%				
Kotak Nifty India Tourism Idx Dir Gr	Direct Plan	Index Funds			-1.10%	-16.42%	-23.54%	-26.17%	-24.27%	-23.95%				
Tata Nifty India Tourism Idx Dir Gr	Direct Plan	Index Funds			-1.11%	-16.46%	-23.59%	-26.22%	-24.34%	-24.07%				
Quant Teck Dir Gr	Direct Plan	Sector - Technology			-3.70%	-13.24%	-28.78%	-28.74%	-28.78%	-28.69%	-16.31%			
Abakkus Flexi Cap Dir Gr	Direct Plan	Flexi Cap			-0.28%	-9.27%	-9.02%		-9.12%					
Abakkus Small Cap Dir Gr	Direct Plan	Small-Cap			-0.65%									
Aditya BSL BSE 500 Momt 50 Idx Dir Gr	Direct Plan	Index Funds			-0.34%	-13.80%	-12.28%	-8.61%	-13.15%					
Aditya BSL BSE 500 Qul 50 Idx Dir Gr	Direct Plan	Index Funds			-0.25%	-7.57%	-9.51%	-7.05%	-10.29%					
Altiva Hybrid Long-Short Dir Gr	Direct Plan	Equity - Other			0.37%	-1.54%	-0.71%		-0.70%					
Angel One Nifty 50 Index Dir Gr	Direct Plan	Index Funds			-0.80%	-11.32%	-13.87%	-9.14%	-14.49%					
Angel One Nifty Ttl MktMomtQul50IdxDirGr	Direct Plan	Index Funds			0.37%	-10.33%	-8.12%		-9.03%					
Apex Hybrid Long-Short Dir Gr	Direct Plan	Equity - Other												
Arudha Equity L-S Dir Gr	Direct Plan	Equity - Other												
Axis BSE India Sector Leaders Idx Dir Gr	Direct Plan	Index Funds			-0.49%	-10.80%								
Axis Nifty500 Quality 50 Index Dir Gr	Direct Plan	Index Funds			-0.50%	-8.34%	-10.25%	-10.36%	-11.10%					
Axis Services Opportunities Dir Gr	Direct Plan	Equity - Other			-0.36%	-10.62%	-15.21%	-14.26%	-15.46%					
Bajaj Finserv Bkg and Fincl Svcs Dir Gr	Direct Plan	Sector - Financial Services			-1.06%	-13.31%	-13.11%		-13.63%					
Bajaj Finserv Nifty 50 Index Dir Gr	Direct Plan	Index Funds			-0.46%	-10.98%	-13.96%	-9.35%	-14.27%					
Bajaj Finserv Nifty Next 50 Idx Dir Gr	Direct Plan	Index Funds			-1.71%	-13.38%	-12.31%	-11.33%	-13.17%					
Bajaj Finserv Small Cap Dir Gr	Direct Plan	Small-Cap			1.19%	-10.06%	-11.06%	-10.32%	-12.07%					
Bandhan BSE India Sector Ldrs Idx Dir Gr	Direct Plan	Index Funds			-0.53%	-10.86%	-13.81%	-10.76%	-14.46%					
Bandhan Healthcare Dir Gr	Direct Plan	Sector - Healthcare			0.92%	-5.29%	-4.64%		-5.52%					
Bandhan Multi-Factor Dir Gr	Direct Plan	Equity - Other			0.08%	-10.67%	-9.64%	-2.52%	-10.67%					
Bank of India Bkg & Fincl Svcs Dir Gr	Direct Plan	Sector - Financial Services			-1.45%	-13.20%								
Bank of India Mid Cap Dir Gr	Direct Plan	Mid-Cap			0.56%	-7.35%	-7.92%	-9.23%	-9.04%					
Baroda BNP P Busnss ConglomratsDirGr	Direct Plan	Equity - Other			-0.42%	-11.53%	-12.98%	-10.21%	-13.66%					
Baroda BNP P ESG BestinCl Stgy Dir Gr	Direct Plan	Equity - ESG			-1.08%									
Baroda BNP P Hlth and Wellness DirGr	Direct Plan	Sector - Healthcare			1.35%	-4.75%	-2.32%	-2.82%	-3.35%					
Canara Robeco Bkg & Fincl Svcs Dir Gr	Direct Plan	Sector - Financial Services			-1.11%									
Capitalmind Flexi Cap Dir Gr	Direct Plan	Flexi Cap			0.32%	-7.99%	-6.92%	-1.48%	-7.53%					
Choice Nifty 50 Index Dir Gr	Direct Plan	Index Funds												
Choice Nifty Next 50 Index Dir Gr	Direct Plan	Index Funds												
Diviniti Equity Long Short Dir Gr	Direct Plan	Equity - Other			-0.41%	-2.99%	-5.24%		-5.49%					
DSP BFSI Next Index Fund Dir Gr	Direct Plan	Index Funds												
DSP Nifty500 Flxcp Qul 30 Idx Dir Gr	Direct Plan	Index Funds			-0.15%	-9.17%	-15.23%	-12.32%	-15.83%					
DSP Nifty 500 Index Dir Gr	Direct Plan	Index Funds			-0.64%	-11.35%								
DSP Nifty Healthcare Index Dir Gr	Direct Plan	Index Funds			0.86%	-4.50%	-2.24%	0.48%	-2.90%					
DSP Nifty IT Index Dir Gr	Direct Plan	Index Funds			-0.30%	-5.05%	-23.12%	-12.71%	-22.88%					
DSP Nifty Midcap 150 Index Dir Gr	Direct Plan	Index Funds			-0.09%	-11.08%	-11.90%		-12.74%					
DSP Nifty SmallCap 250 Index Dir Gr	Direct Plan	Index Funds			0.54%	-9.90%	-13.25%		-14.25%					
DynaSIF Active Ast Allctr L-S Dir Gr	Direct Plan	Equity - Other												
DynaSIF Equity Long - Short Dir Gr	Direct Plan	Equity - Other			-0.60%	-4.39%								
Edelweiss BSE Intrnt Ecoy Idx Dir Gr	Direct Plan	Index Funds			-0.28%	-8.24%	-18.56%	-14.49%	-18.22%					
Edelweiss Financial Services Dir Gr	Direct Plan	Sector - Financial Services			-1.37%	-14.25%								
EdelweissNftyLMc250P813yGSc7030IdDrGr	Direct Plan	Index Funds												
Franklin India Multi-Factor Dir Gr	Direct Plan	Flexi Cap			-0.48%	-11.38%	-12.44%		-13.17%					
Groww BSE Power ETF FOF Dir Gr	Direct Plan	Sector - Energy			-0.99%	-4.57%	4.41%	0.64%	3.46%					
Groww Nifty 50 Index Dir Gr	Direct Plan	Index Funds			-0.79%	-11.30%	-13.87%	-9.23%	-14.50%					
Groww Nifty Midcap 150 Index Dir Gr	Direct Plan	Index Funds			-0.12%	-11.10%	-11.86%		-12.71%					
Groww Nifty Next 50 Index Dir Gr	Direct Plan	Index Funds			-1.57%	-13.20%	-11.83%	-10.78%	-12.71%					
Groww Nifty PSE ETF FOF Dir Gr	Direct Plan	Equity - Other			-0.02%	-6.59%								
Groww Nifty PSU Bank Index Dir Gr	Direct Plan	Index Funds												
Groww Small Cap Dir Gr	Direct Plan	Small-Cap			-0.06%	-9.03%								
HDFC BSE India Sector Leaders Idx Dir Gr	Direct Plan	Index Funds			-0.52%	-10.84%	-13.80%		-14.44%					
HDFC Innovation Dir Gr	Direct Plan	Equity - Other			-0.17%	-6.68%	-9.48%	-7.95%	-9.91%					
HDFC Nifty India Consumption Idx Dir Gr	Direct Plan	Index Funds			-0.03%	-10.50%								
Helios Small Cap Dir Gr	Direct Plan	Small-Cap			0.96%	-9.15%	-13.35%		-14.14%					
ICICI Prudential Active Momt Dir Gr	Direct Plan	Equity - Other			0.21%	-10.00%	-8.39%	-2.99%	-9.16%					
ICICI Prudential Conglomerate Dir Gr	Direct Plan	Equity - Other			0.11%	-12.46%	-10.62%		-11.51%					
ICICI Prudential NiftyTop15EqlWtIdxrDrGr	Direct Plan	Index Funds			-1.04%	-12.94%	-16.67%	-11.40%	-17.20%					
ICICI Prudential Quality Dir Gr	Direct Plan	Equity - Other			-1.05%	-9.37%	-11.68%	-6.94%	-12.17%					
ICICI Pru Nifty200 Qul 30 Idx Dir Gr	Direct Plan	Index Funds			-0.76%	-9.61%	-14.05%	-10.05%	-14.69%					
ICICIPruNiftyEV&NwAgeAtmtvETFFOFDirGr	Direct Plan	Sector - Technology			-2.20%	-14.60%	-15.66%	-14.13%	-16.36%					
ICICI Pru Nifty Priv Bk Idx Dir Gr	Direct Plan	Index Funds			-1.24%	-15.49%	-15.02%	-8.91%	-15.87%					
Invesco India Consumption Dir Gr	Direct Plan	Equity - Consumption			0.35%	-9.97%	-12.11%		-13.01%					
iSIF Equity Ex-Top 100 Long-Short Dir Gr	Direct Plan	Equity - Other			-0.22%	-8.61%								
ITI Business Cycle Dir Gr	Direct Plan	Equity - Other			-0.95%									
JioBlackRock Flexi Cap Dir Gr	Direct Plan	Flexi Cap			-0.22%	-11.82%	-12.86%		-13.62%					
JioBlackRock Large Cap Dir Gr	Direct Plan	Large-Cap												
JioBlackRock Nifty 50 Index Dir Gr	Direct Plan	Index Funds			-0.82%	-11.31%	-13.84%	-9.15%	-14.47%					
JioBlackRock Nifty Midcap 150 Idx Dir Gr	Direct Plan	Index Funds			-0.12%	-11.11%	-11.87%	-7.60%	-12.72%					
JioBlackRock Nifty Next 50 Index Dir Gr	Direct Plan	Index Funds			-1.65%	-13.28%	-11.90%	-10.82%	-12.78%					
JioBlackRock Nifty SmCp 250 Idx Dir Gr	Direct Plan	Index Funds			0.38%	-10.06%	-13.35%	-14.41%	-14.34%					
JioBlackRock Sector Rotation Dir Gr	Direct Plan	Equity - Other			-0.61%	-11.25%								
JM Large & Mid Cap Dir Gr	Direct Plan	Large & Mid-Cap			-0.44%	-10.21%	-12.75%	-9.72%	-13.40%					
Kotak Active Momentum Direct Gr	Direct Plan	Equity - Other			0.37%	-12.00%	-11.23%	-6.18%	-12.01%					
Kotak Dividend Yield Dir Gr	Direct Plan	Dividend Yield			-0.59%	-11.21%								
Kotak Energy Opportunities Dir Gr	Direct Plan	Sector - Energy			0.29%	-8.98%	-3.90%	-4.59%	-5.48%					
Kotak Nifty 200 Quality 30 Idx Dir Gr	Direct Plan	Index Funds			-0.75%	-9.63%	-14.06%	-10.06%	-14.71%					
Kotak Nifty200 Value 30 Index Dir Gr	Direct Plan	Index Funds			-0.22%	-12.66%								
Kotak Nifty500 Momentum 50 Idx Dir Gr	Direct Plan	Index Funds			0.08%	-12.18%	-12.01%		-12.76%					
Kotak Nifty Alpha 50 Index Dir Gr	Direct Plan	Index Funds			-0.70%	-12.14%	-10.64%	-9.00%	-11.60%					
Kotak Nifty Top 10 Eql Wght Idx Dir Gr	Direct Plan	Index Funds			-0.78%	-11.45%	-17.80%	-10.97%	-18.31%					
Kotak Quality Ovrs Eq Omni FOF Dir Gr	Direct Plan	Global - Other												
Kotak Rural Opportunities Dir Gr	Direct Plan	Equity - Other			-0.67%	-11.94%	-10.42%		-11.05%					
Kotak Services Dir Gr	Direct Plan	Equity - Other			-1.85%	-4.23%								
LIC MF Consumption Dir Gr	Direct Plan	Equity - Consumption			0.01%	-10.71%	-13.68%		-14.41%					
LIC MF Technology Dir Gr	Direct Plan	Sector - Technology			-0.46%									
Magnum Hybrid Long Short Dir Gr	Direct Plan	Equity - Other			-0.27%	-2.17%	-1.95%		-2.23%					
Mahindra Manu Bkg & Fincl Svcs Dir Gr	Direct Plan	Sector - Financial Services			-1.19%	-14.40%	-11.45%	-4.88%	-12.34%					
Mahindra Manulife Innovt Opps Dir Gr	Direct Plan	Equity - Other			0.56%	-8.04%								
Mirae Asset BSE India DfncETFFOFDirGr	Direct Plan	Equity - Other			-1.59%	-11.53%								
Mirae Asset Infrastructure Dir Gr	Direct Plan	Equity - Infrastructure			-0.64%	-11.33%	-7.59%		-8.69%					
Motilal Oswal BSE 1000 Index Dir Gr	Direct Plan	Index Funds			-0.62%	-11.40%	-13.39%	-10.20%	-14.12%					
Motilal Oswal Consumption Dir Gr	Direct Plan	Equity - Consumption			0.11%	-9.54%	-17.02%		-17.61%					
Motilal Oswal Dvrs EqFlexicpPasvFOFDirGr	Direct Plan	Flexi Cap			-0.28%	-10.75%								
Motilal Oswal Financial Svcs Dir Gr	Direct Plan	Sector - Financial Services			-0.91%	-10.63%								
Motilal Oswal Infrastructure Dir Gr	Direct Plan	Equity - Infrastructure			0.09%	-6.51%	-5.29%	-2.99%	-6.11%					
Motilal Oswal Services Dir Gr	Direct Plan	Equity - Other			0.28%	-9.47%	-14.92%	-9.84%	-15.79%					
Motilal Oswal Special Opps Dir Gr	Direct Plan	Equity - Other			-0.28%	-10.19%	-11.47%	-7.63%	-12.25%					
Navi Nifty MidSmallcap 400 Index Dir Gr	Direct Plan	Index Funds			0.01%	-10.69%	-12.29%		-13.19%					
Nippon India BSE Sensex Nxt 30 Idx Dr Gr	Direct Plan	Index Funds			0.07%	-9.91%	-7.70%	-3.56%	-8.70%					
Nippon India MNC Direct Growth	Direct Plan	Equity - Other			-0.82%	-10.99%	-11.93%	-8.99%	-12.37%					
Nippon India Nifty India Mfg Idx Dr Gr	Direct Plan	Index Funds			-0.35%	-10.87%	-7.62%	-4.88%	-8.78%					
Nippon India Taiwan Equity Dir Gr	Direct Plan	Global - Other			-1.92%	7.65%								
Nippon Ind Nifty 500 Lw Vl 50 Idx Dr Gr	Direct Plan	Index Funds			-0.26%	-9.96%	-9.93%	-6.45%	-10.56%					
Nippon Ind Nifty 500 Qul 50 Idx Dr Gr	Direct Plan	Index Funds			-0.49%	-8.23%	-10.34%	-10.45%	-11.17%					
Old Bridge Flexi Cap Dir Gr	Direct Plan	Flexi Cap			-0.10%									
Parag Parikh Large Cap Dir Gr	Direct Plan	Large-Cap			-0.85%	-11.55%								
qsif Equity Ex-Top 100 L-S Dir Gr	Direct Plan	Large-Cap			-0.20%	-7.60%	-12.12%		-12.73%					
qsif Equity Long-Short Dir Gr	Direct Plan	Equity - Other			-0.42%	-8.95%	-10.87%		-11.26%					
Samco Large & Mid Cap Dir Gr	Direct Plan	Large & Mid-Cap			0.00%	-7.96%	-5.56%	-6.87%	-6.77%					
Samco Mid Cap Dir Gr	Direct Plan	Mid-Cap			0.45%	-11.68%								
Samco Small Cap Dir Gr	Direct Plan	Small-Cap			1.45%	-7.16%	-8.57%		-9.57%					
SBI Nifty100 Low Vol 30 Idx Dir Gr	Direct Plan	Index Funds			-0.39%	-10.71%	-12.68%	-8.04%	-13.31%					
SBI Nifty200 Momentum 30 Idx Dir Gr	Direct Plan	Index Funds			-0.93%	-13.67%	-12.23%	-9.50%	-13.07%					
SBI Nifty200 Quality 30 Index Dir Gr	Direct Plan	Index Funds			-0.74%	-9.64%	-14.07%	-10.09%	-14.72%					
SBI Quality Dir Gr	Direct Plan	Equity - Other			-0.39%	-8.40%								
Sundaram Multi-Factor Dir Gr	Direct Plan	Index Funds			-0.46%	-11.88%	-12.98%	-8.33%	-13.68%					
Tata BSE MltcpConsum 50 30 20IdxDirGr	Direct Plan	Index Funds			-0.38%	-12.27%	-16.47%		-16.47%					
Tata BSE Quality Index Dir Gr	Direct Plan	Index Funds			-0.78%	-8.30%	-10.80%	-7.11%	-11.32%					
Tata Nifty Midcap 150 Index Dir Gr	Direct Plan	Index Funds			-0.12%	-11.16%	-11.93%	-7.63%	-12.78%					
Tata Nifty Next 50 Index Direct Gr	Direct Plan	Index Funds			-1.69%	-13.34%	-11.95%		-12.84%					
The Wealth Company Ethical Dir Gr	Direct Plan	Equity - Other			0.76%	-9.74%	-12.20%		-12.73%					
The Wealth Company Flexi Cap Dir Gr	Direct Plan	Flexi Cap			-1.35%	-9.83%	-13.76%		-14.63%					
The Wealth Company Small Cap Dirt Gr	Direct Plan	Small-Cap												
TRUSTMF Mid Cap Dir Gr	Direct Plan	Mid-Cap			-2.00%									
TRUSTMF Multi Cap Direct Growth	Direct Plan	Multi-Cap			0.11%	-10.31%	-10.05%	-5.91%	-10.90%					
Unifi Flexi Cap Dir Gr	Direct Plan	Flexi Cap			-0.31%	-10.38%	-11.71%	-8.27%	-12.39%					
Union Consumption Dir Gr	Direct Plan	Equity - Consumption			-0.12%	-10.19%	-16.22%		-16.55%					
UTI Multi Cap Dir Gr	Direct Plan	Multi-Cap			-0.30%	-10.54%	-12.87%	-9.23%	-13.66%					
UTI Nifty500 Shariah Index Dir Gr	Direct Plan	Index Funds			0.42%	-9.21%								
WhiteOak Capital Consumption Opps Dir Gr	Direct Plan	Equity - Consumption			0.34%	-9.86%								
Zerodha BSE SENSEX Index Dir Gr	Direct Plan	Index Funds			-1.04%	-11.49%	-15.00%		-15.55%					
Zerodha Nifty 50 Index DirGr	Direct Plan	Index Funds			-0.81%	-11.33%	-13.88%		-14.51%					
Zerodha Nifty MidSmCp400 50:50 Idx DirGr	Direct Plan	Index Funds												
Zerodha Nifty Short Dur G-Sec Idx Dir Gr	Direct Plan	Index Funds			-0.38%	-0.87%								
