isin	schemeName	invCategory	rating	abs_score	tier	CV	s10Y	s5Y	s3Y	s_stab
INF769K01HH0	Mirae Asset NYSE FANG+ ETF FoF Dir Gr	Global - Other		68.34	C	29.5898637908559			100.0	56.14035087719298
INF740K01OZ9	DSP Wld Gld Mng Ovrs Eq Omni FoF Dir Gr	Global - Other		76.33	A	82.60492451321338	96.15384615384616	100.0	98.24561403508771	19.298245614035086
INF769K01HR9	Mirae Asset S&P 500 Top50 ETF FoF Dir Gr	Global - Other		79.97	C	6.2990824683472155			96.49122807017544	96.49122807017544
INF109KC1Z55	ICICI Pru Strat Mt & En EqFoF Dir Gr	Global - Other		57.58	C	60.23547907438013			94.73684210526315	31.57894736842105
INF200K01UY4	SBI PSU Dir Gr	Equity - Other		80.98	A	45.591960255122245	64.70588235294117	100.0	100.0	88.67924528301887
INF247L01718	Motilal Oswal Nasdaq 100 Fd of Fd Dir Gr	Global - Other		80.28	B	21.16410232740874		97.2972972972973	92.98245614035088	73.68421052631578
INF247L01BF2	Motilal Oswal BSE Enh Val Idx Dir Gr	Index Funds		82.11	C	63.71353588809494			100.0	97.70114942528735
INF769K01IS5	Mirae Ast Glb X Art Int&Tch ETF FoF DrGr	Global - Other		73.86	C	14.032165673313141			91.22807017543859	85.96491228070175
INF174KA1FQ7	Kotak US Specific Equity Pasv FOF Dir Gr	Global - Other		75.33	B	23.15227212426725		91.8918918918919	89.47368421052632	68.42105263157895
INF205K01NG5	Invesco India PSU Equity Dir Gr	Equity - Other		87.14	A	52.04109240536763	94.11764705882352	91.17647058823529	98.11320754716981	79.24528301886792
INF194KB1AL4	Bandhan Small Cap Dir Gr	Small-Cap	5.0	79.41	B	83.16956047598701		95.65217391304348	100.0	60.0
INF209KB18C5	Aditya BSL US Equity Pasv FOF Dir Gr	Global - Other		73.28	C	11.522524868021565			87.71929824561403	89.47368421052632
INF209KB1O82	Aditya BSL PSU Equity Dir Gr	Equity - Other		81.69	B	53.12977887942994		97.05882352941177	96.22641509433963	77.35849056603774
INF109KC1U50	ICICI Pru NASDAQ 100 Index Dir Gr	Global - Other		73.57	C	10.14455460485727			85.96491228070175	92.98245614035088
INF846K012K9	Axis NASDAQ 100 FoF Dir Gr	Global - Other		72.12	C	11.466596451673745			84.21052631578947	91.22807017543859
INF109KC12I5	ICICI Prudential PSU Equity Dir Gr	Equity - Other		62.55	C	92.33367216726927			94.33962264150944	47.16981132075472
INF205KA1585	Invesco Ind InvcEQQQNASDAQ100 ETFFoFDrGr	Global - Other		67.75	C	18.18175819964759			82.45614035087719	80.7017543859649
INF754K01LB7	Edelweiss US Technology Equity FoF DirGr	Global - Other		54.25	B	35.30213344250283		64.86486486486487	80.7017543859649	50.877192982456144
INF959L01FZ1	Navi Nasdaq100 US Spcfc Eq Pasv FOFDirGr	Global - Other		68.34	C	13.629809452809727			78.94736842105263	87.71929824561403
INF109KC1GH2	ICICI Pru Pharma Healthcare Diag Dir Gr	Sector - Healthcare		61.96	B	81.14020940818779		88.88888888888889	100.0	40.0
INF767K01GW5	LIC MF Infrastructure Dir Gr	Equity - Infrastructure	4.0	73.33	A	52.32757641010768	66.66666666666666	77.77777777777779	100.0	77.77777777777779
INF174K019S9	Kotak India Growth Ser 4 Dir Gr	Large-Cap		92.62	B	38.63343329848527		100.0	100.0	100.0
INF200K01UP2	SBI Healthcare Opportunities Dir Gr	Sector - Healthcare		73.12	A	67.32948693947301	50.0	100.0	90.0	80.0
INF109KC16J4	ICICI Pru Nifty Auto Index Dir Gr	Index Funds		81.92	C	49.40957725191374			98.85057471264368	98.85057471264368
INF090I01JF5	Franklin Build India Dir Gr	Equity - Infrastructure	5.0	86.92	A	54.54430457445733	88.88888888888889	83.33333333333334	94.44444444444444	72.22222222222221
INF200KA1U28	SBI US Specific Eq Actv FoF Dir Gr	Global - Other		63.72	B	39.7667342753964		89.1891891891892	77.19298245614034	43.859649122807014
INF769K01ED6	Mirae Asset Healthcare Dir Gr	Sector - Healthcare		77.14	B	64.42648348582524		77.77777777777779	80.0	90.0
INF789F01TO9	UTI Healthcare Dir Gr	Sector - Healthcare		41.98	A	67.56403054753153	25.0	44.44444444444444	70.0	70.0
INF03VN01597	WhiteOak Capital Mid Cap Dir Gr	Mid-Cap	5.0	67.09	C	80.66713014223055			100.0	37.93103448275862
INF109KC12K1	ICICI Pru Trsptn & Logistics Dir Gr	Equity - Other		69.11	C	58.349788608503005			92.45283018867924	69.81132075471697
INF090I01GC8	Franklin India Opportunities Dir Gr	Equity - Other		67.8	A	72.93150334150484	70.58823529411765	73.52941176470588	90.56603773584906	62.264150943396224
INF194KB1CF2	Bandhan US Spcfc Eq Act FOF Dir Gr	Global - Other		70.66	C	2.0701341498543413			75.43859649122807	100.0
INF761K01702	Bank of India Manfactrg &Infra Dir Gr	Equity - Infrastructure	5.0	92.75	A	30.145118025223333	100.0	66.66666666666666	86.11111111111111	100.0
INF740K01QA7	DSP Nat Res & New Enrgy Dir Gr	Equity - Other		91.48	A	9.850213886111144	100.0	82.35294117647058	88.67924528301887	100.0
INF740K01PU7	DSP India T.I.G.E.R. Dir Gr	Equity - Infrastructure	4.0	85.0	A	48.61924313203526	77.77777777777779	94.44444444444444	86.11111111111111	83.33333333333334
INF109KC1FX1	ICICI Pru BHARAT 22 FOF Dir Gr	Equity - Other		83.34	B	46.76442583536564		94.11764705882352	86.79245283018868	84.90566037735849
INF740KA1QP1	DSP Glb Innovt Ovs Eq Omni FoF Dir Gr	Global - Other		69.21	C	3.7074640118246105			73.68421052631578	98.24561403508771
INF209KB1O25	Aditya BSL Pharma & Hlthcare Dir Gr	Sector - Healthcare		36.33	B	70.2763872864987		22.22222222222222	60.0	60.0
INF205K01MV6	Invesco India Mid Cap Dir Gr	Mid-Cap	5.0	87.4	A	54.48397802219284	95.0	80.0	96.55172413793103	68.96551724137932
INF204K01I92	Nippon India Power & Infra Dir Gr	Equity - Other		82.0	A	58.118836325830415	88.23529411764706	88.23529411764706	84.90566037735849	71.69811320754717
INF760K01FO9	Canara Robeco Infrastructure Dir Gr	Equity - Infrastructure	4.0	77.78	A	46.63111761809643	61.111111111111114	88.88888888888889	77.77777777777779	88.88888888888889
INF204K01E54	Nippon India Growth Mid Cap Dir Gr	Mid-Cap	5.0	91.35	A	53.63481875669495	90.0	94.0	93.10344827586206	72.41379310344827
INF109K011N7	ICICI Pru MidCap Dir Gr	Mid-Cap	4.0	76.2	A	26.833801408451276	65.0	72.0	89.65517241379311	100.0
INF843K01AO4	Edelweiss Mid Cap Dir Gr	Mid-Cap	5.0	95.16	A	52.73097940813488	100.0	88.0	86.20689655172413	79.3103448275862
INF917K01FZ1	HSBC Midcap Dir Gr	Mid-Cap	4.0	70.34	A	36.115366053887946	70.0	52.0	82.75862068965517	96.55172413793103
INF179K01WQ2	HDFC Infrastructure Dir Gr	Equity - Infrastructure	3.0	35.36	A	84.67105368429606	5.555555555555555	72.22222222222221	72.22222222222221	38.88888888888889
INF740K01PF8	DSP Wld Mng Ovrs Eq Omni FoF Dir Gr	Global - Other		74.7	A	88.04604836779696	100.0	94.5945945945946	71.9298245614035	14.035087719298245
INF204K01I50	Nippon India Pharma Dir Gr	Sector - Healthcare		82.33	A	59.95948180787225	100.0	55.55555555555556	50.0	100.0
INF740K01OH7	DSP US Specific Eq Omni FoF Dir Gr	Global - Other		74.49	A	48.769211617191644	92.3076923076923	86.48648648648648	70.17543859649122	36.84210526315789
INF174V01507	Mahindra Manulife Mid Cap Dir Gr	Mid-Cap	5.0	67.75	B	69.31404943658605		84.0	79.3103448275862	48.275862068965516
INF109KC1LJ8	ICICI Pru Manufacturing Dir Gr	Equity - Other		72.77	B	51.857705539005735		76.47058823529412	83.01886792452831	81.13207547169812
INF277K019A3	Tata India Pharma & Healthcare Dir Gr	Sector - Healthcare		64.19	A	75.60008507050789	75.0	66.66666666666666	40.0	50.0
INF194KB1EB7	Bandhan Trsptn and Logistics Dir Gr	Equity - Other		70.99	C	39.69930599104995			81.13207547169812	92.45283018867924
INF247L01AG2	Motilal Oswal S&P 500 Index Dir Gr	Global - Other		69.01	B	23.987900998348493		83.78378378378379	68.42105263157895	63.1578947368421
INF109KC11M9	ICICI Pru Nfty Phrm Idx Dir Gr	Index Funds		78.68	C	86.93607451415343			97.70114942528735	90.80459770114942
INF174V01BK7	Mahindra Manulife Small Cap Dir Gr	Small-Cap	5.0	55.69	C	123.496344829453			96.0	12.0
INF179K01XQ0	HDFC Mid Cap Dir Gr	Mid-Cap	5.0	89.87	A	49.386910878464306	80.0	94.0	74.13793103448276	82.75862068965517
INF903J01MJ3	Sundaram Mid Cap Dir Gr	Mid-Cap	4.0	54.18	A	54.51215531061975	35.0	68.0	74.13793103448276	65.51724137931035
INF789F01SH5	UTI Transportation & Logistics Dir Gr	Equity - Other		59.01	A	36.08768425562604	29.411764705882355	70.58823529411765	79.24528301886792	96.22641509433963
INF00XX01747	ITI Small Cap Dir Gr	Small-Cap	3.0	32.98	B	91.91370585676158		30.434782608695656	92.0	44.0
INF179KC1BO4	HDFC Dev Wld Ovrs Eq Pasv FoF Dir Gr	Global - Other		60.48	C	16.419708027552783			66.66666666666666	82.45614035087719
INF00XX01929	ITI Mid Cap Dir Gr	Mid-Cap	4.0	38.59	B	79.4831480236028		40.0	68.96551724137932	41.37931034482759
INF247L01999	Motilal Oswal Large & Midcap Dir Gr	Large & Mid-Cap	5.0	82.49	B	72.63474070701659		100.0	100.0	61.53846153846154
INF223J01NL0	PGIM India Em Mkts Equity FoF Dir Gr	Global - Other		11.67	A	77.53561159595625	3.8461538461538463	13.513513513513514	64.91228070175438	22.807017543859647
INF174KA1HV3	Kotak Multicap Dir Gr	Multi-Cap	5.0	74.22	C	103.06980200346285			100.0	57.89473684210527
INF194K01V89	Bandhan Large & Mid Cap Dir Gr	Large & Mid-Cap	5.0	96.03	A	59.660606470196086	95.0	92.3076923076923	96.15384615384616	84.61538461538461
INF740KA1LG1	DSP Healthcare Fund Dir Gr	Sector - Healthcare		29.49	B	109.58605631423781		33.33333333333333	30.0	30.0
INF205K013T3	Invesco India Smallcap Dir Gr	Small-Cap	5.0	78.23	B	79.21162610100671		86.95652173913044	88.0	68.0
INF846K013H3	Axis Nifty Smallcap 50 Index Dir Gr	Index Funds		60.2	C	188.33480774460318			96.55172413793103	36.7816091954023
INF959L01FV0	Navi Ttl Stck Mrkt US SpcfcEqPsvFoFDirGr	Global - Other		59.32	C	16.071917877885678			63.1578947368421	84.21052631578947
INF209KB1W17	Aditya BSL Nifty SmCp 50 Idx Dir Gr	Index Funds		59.25	C	192.03854447842897			95.40229885057471	35.63218390804598
INF205K01MA0	Invesco India large& mid cap Dir Gr	Large & Mid-Cap	5.0	85.66	A	65.8722477333155	90.0	80.76923076923077	92.3076923076923	69.23076923076923
INF579M01AI2	360 ONE Quant Dir Gr	Equity - Other		45.97	C	172.52682078055406			77.35849056603774	22.641509433962266
INF192K01MV6	JM Midcap Dir Gr	Mid-Cap	4.0	34.59	C	167.2510893139523			65.51724137931035	3.4482758620689653
INF336L01BY4	HSBC Brazil Dir Gr	Global - Other		23.16	A	96.27163198373995	7.6923076923076925	54.054054054054056	61.40350877192983	7.017543859649122
INF247L01569	Motilal Oswal ELSS Tax Saver Dir Gr	ELSS (Tax Savings)	4.0	89.01	A	61.51779491990476	93.54838709677419	82.97872340425532	100.0	90.19607843137256
INF397L01LK4	LIC MF Healthcare Dir Gr	Sector - Healthcare		14.0	B	111.89380216172687		11.11111111111111	20.0	20.0
INF109K018M4	ICICI Pru Infrastructure Dir Gr	Equity - Infrastructure	5.0	86.33	A	71.51267973485439	83.33333333333334	100.0	66.66666666666666	55.55555555555556
INF846K010C0	Axis Value Dir Gr	Value	5.0	64.82	C	115.17201127372203			100.0	31.57894736842105
INF843K01GI3	Edelweiss Europe Dyn Eq Offshore Dir Gr	Global - Other		59.25	A	44.26779553436157	55.769230769230774	81.08108108108108	59.64912280701754	40.35087719298245
INF959L01GD6	Navi Nifty Ind Manufacturing Idx Dir Gr	Index Funds		78.87	C	65.74895407507131			94.25287356321839	96.55172413793103
INF903J01F92	Sundaram Infrastructure Adv Dir Gr	Equity - Infrastructure	3.0	44.33	A	44.10539678391658	33.33333333333333	27.77777777777778	61.111111111111114	94.44444444444444
INF336L01CJ3	HSBC Global Emerging Markets Dir Gr	Global - Other		34.13	A	77.22232477271824	46.15384615384615	29.72972972972973	57.89473684210527	24.561403508771928
INF846K019H0	Axis Nifty Midcap 50 Index Dir Gr	Index Funds		74.97	C	104.03611543108147			92.52873563218391	87.35632183908046
INF754K01LV5	Edelweiss MSCI India D&W HC 45 Dir Gr	Index Funds		87.26	B	46.82219651421596		89.47368421052632	92.52873563218391	100.0
INF769K01HZ2	Mirae Ast Nifty Ind Mg ETF FoF Dr Gr	Equity - Other		58.79	C	67.13134113778125			75.47169811320755	64.15094339622641
INF174KA1IF4	Kotak Manufacture in India Dir Gr	Equity - Other		60.98	C	56.16027674680668			73.58490566037736	73.58490566037736
INF109KC1RH9	ICICI Pru India Opports Dir Gr	Equity - Other		67.83	B	76.94382608406521		85.29411764705883	71.69811320754717	58.490566037735846
INF917K01HD4	HSBC Value Dir Gr	Value	5.0	103.62	A	48.25117749753487	100.0	100.0	94.73684210526315	94.73684210526315
INF336L01QN5	HSBC Multi Cap Dir Gr	Multi-Cap	5.0	67.64	C	126.03119492753372			94.73684210526315	47.368421052631575
INF109KA1UA0	ICICI Pru Dividend Yield Eq Dir Gr	Dividend Yield		97.5	A	66.21878775160114	100.0	100.0	100.0	100.0
INF761K01FF5	Bank of India Flexi Cap Fund Dir Gr	Flexi Cap	5.0	84.62	B	76.57303732603158		91.66666666666666	100.0	76.47058823529412
INF209KA1YK0	Aditya BSL Manufacturing Eq Dir Gr	Equity - Other		54.48	A	41.3785715876028	47.05882352941176	41.17647058823529	69.81132075471697	90.56603773584906
INF966L01AN3	Quant Value Dir Gr	Value	4.0	54.58	C	117.61901516961552			89.47368421052632	26.31578947368421
INF846K01X06	Axis Global Equity Alpha FOF Dir Gr	Global - Other		64.23	B	23.856329383531527		72.97297297297297	56.14035087719298	64.91228070175438
INF846K013E0	Axis Multicap Dir Gr	Multi-Cap	5.0	57.31	C	153.24250935806322			89.47368421052632	26.31578947368421
INF00XX01BO9	ITI Pharma and Healthcare Dir Gr	Sector - Healthcare		8.29	C	211.39771454654635			10.0	10.0
INF205K01MD4	Invesco India Infrastructure Dir Gr	Equity - Infrastructure	4.0	51.94	A	93.07951112383837	72.22222222222221	50.0	55.55555555555556	22.22222222222222
INF251K01HQ0	Baroda BNP P Mid Cap Dir Gr	Mid-Cap	4.0	64.88	A	44.60468463421467	55.00000000000001	56.00000000000001	62.06896551724138	93.10344827586206
INF843K01IZ3	Edelweiss Emer Mkt Opp Dir Gr	Global - Other		25.95	A	88.2972793662455	42.30769230769231	18.91891891891892	54.385964912280706	12.280701754385964
INF761K01FR0	Bank of India Multi Cap Dir Gr	Multi-Cap		64.56	C	91.46740580025742			84.21052631578947	68.42105263157895
INF336L01HF0	HSBC Asia Pacific(Ex Jap)Div Yld Dir Gr	Global - Other		48.79	A	68.98174786711151	61.53846153846154	51.35135135135135	52.63157894736842	29.82456140350877
INF200KA10P5	SBI Nifty Midcap 150 Index Dir Gr	Index Funds		68.4	C	117.64766164039695			90.80459770114942	70.11494252873564
INF084M01EH7	Aditya BSL Glb Exc Eq FoF Dir Gr	Global - Other		42.3	A	35.60614771433323	11.538461538461538	75.67567567567568	50.877192982456144	49.122807017543856
INF174KA1EZ1	Kotak Pioneer Dir Gr	Equity - Other		56.93	B	54.22281392428173		50.0	67.9245283018868	75.47169811320755
INF247L01916	Motilal Oswal Nifty Midcap 150 Idx DirGr	Index Funds		90.23	B	73.72917139255398		100.0	89.65517241379311	94.25287356321839
INF277K01PY2	Tata Mid Cap Dir Gr	Mid-Cap	4.0	54.37	A	52.780400334906915	50.0	44.0	58.620689655172406	75.86206896551724
INF194K01X46	Bandhan Infrastructure Dir Gr	Equity - Infrastructure	3.0	33.25	A	116.86937037972763	50.0	38.88888888888889	50.0	5.555555555555555
INF090I01JR0	Franklin U.S. Opps Eq Actv FoF Dir Gr	Global - Other		63.8	A	26.580985561198784	88.46153846153845	43.24324324324324	49.122807017543856	59.64912280701754
INF200K01UM9	SBI ELSS Tax Saver Dir Gr	ELSS (Tax Savings)	5.0	75.76	A	88.35621777961487	70.96774193548387	87.2340425531915	98.0392156862745	52.94117647058824
INF754K01QD2	Edelweiss Nifty Mdcp150 Momt 50 Dr Gr	Index Funds		56.96	C	178.73865635428928			88.50574712643679	39.08045977011494
INF109KC1P24	ICICI Pru Business Cycle Dir Gr	Equity - Other		57.27	B	79.18157647581245		67.64705882352942	66.0377358490566	54.71698113207547
INF209KB1W74	Aditya BSL Nifty MdCp 150 Idx Dir Gr	Index Funds		65.92	C	117.90526484644775			87.35632183908046	67.81609195402298
INF789F01UG3	UTI Large & Mid Cap Dir Gr	Large & Mid-Cap	4.0	65.19	A	62.54746199904581	37.5	88.46153846153845	88.46153846153845	76.92307692307693
INF200K01SB6	SBI Comma Dir Gr	Equity - Other		72.09	A	21.444878112811686	82.35294117647058	47.05882352941176	64.15094339622641	98.11320754716981
INF204KB18Z7	Nippon India Nifty Midcap 150 Idx Dir Gr	Index Funds		88.41	B	74.51889856694277		97.36842105263158	86.20689655172413	93.10344827586206
INF204K01K49	Nippon India Value Dir Gr	Value	5.0	72.63	A	82.89152188839718	79.16666666666666	73.33333333333333	84.21052631578947	47.368421052631575
INF109KC1W58	ICICI Pru Nifty Midcap 150 Idx Dir Gr	Index Funds		65.92	C	115.90954231875206			85.0574712643678	71.26436781609196
INF109K018N2	ICICI Pru Focused Equity Dir Gr	Focused Fund	5.0	95.78	A	66.19393357615279	92.85714285714286	91.30434782608695	100.0	88.46153846153845
INF277KA1612	Tata Nifty Midcap 150 Momt 50 Dir Gr	Index Funds		54.3	C	179.41515343539265			83.9080459770115	37.93103448275862
INF959L01FX6	Navi Nifty Midcap 150 Index Dir Gr	Index Funds		63.25	C	118.15780600124653			82.75862068965517	66.66666666666666
INF174K01LT0	Kotak Midcap Dir Gr	Mid-Cap	4.0	78.81	A	48.04559830145403	85.0	64.0	55.172413793103445	89.65517241379311
INF582M01GI3	Union Midcap Dir Gr	Mid-Cap	4.0	54.94	B	60.925678510724836		60.0	51.724137931034484	55.172413793103445
INF917K01FW8	HSBC Infrastructure Fund Dir Gr	Equity - Infrastructure	4.0	50.28	A	73.38838905019594	55.55555555555556	44.44444444444444	44.44444444444444	50.0
INF209K01WH6	Aditya BSL Infrastructure Dir Gr	Equity - Infrastructure	2.0	28.75	A	60.38848950717549	22.22222222222222	22.22222222222222	38.88888888888889	61.111111111111114
INF209KB1T79	Aditya BSL Special Opports Dir Gr	Equity - Other		61.57	B	51.21016201908731		52.94117647058824	62.264150943396224	83.01886792452831
INF205K01B49	Invesco India Glb Eq Inc FoF Dr Gr	Global - Other		70.63	A	20.396438782467637	65.38461538461539	78.37837837837837	47.368421052631575	75.43859649122807
INF205KA1213	Invesco India Focused Dir Gr	Focused Fund	4.0	50.37	B	207.8553115253427		86.95652173913044	96.15384615384616	11.538461538461538
INF247L01502	Motilal Oswal Flexicap Dir Gr	Flexi Cap	2.0	27.84	A	150.5389707640287	31.57894736842105	29.166666666666668	97.05882352941177	32.35294117647059
INF00XX01CO7	ITI Flexi Cap Dir Gr	Flexi Cap	5.0	64.05	C	119.85205586154719			94.11764705882352	38.23529411764706
INF205K01KY4	Invesco India Financial Serv Dir Gr	Sector - Financial Services	5.0	96.37	A	48.1509283067727	90.9090909090909	91.66666666666666	100.0	93.33333333333333
INF247L01445	Motilal Oswal Midcap Dir Gr	Mid-Cap	3.0	57.69	A	138.96683579027217	60.0	100.0	48.275862068965516	6.896551724137931
INF204K01XF9	Nippon India Multi Cap Dir Gr	Multi-Cap	4.0	90.7	A	71.05407700199744	83.33333333333334	100.0	78.94736842105263	89.47368421052632
INF200KA1RW8	SBI Long Term Advnt Fd Series V Dir Gr	ELSS (Tax Savings)		63.54	B	84.94800672925552		76.59574468085107	96.07843137254902	58.82352941176471
INF174K01LW4	Kotak Glb EM Ovrs Eq Omni FOF Dir Gr	Global - Other		29.35	A	78.34522339123494	38.46153846153847	27.027027027027028	45.614035087719294	21.052631578947366
INF740KA1PP3	DSP Value Dir Gr	Value	4.0	75.84	B	38.756967243762865		63.33333333333333	78.94736842105263	100.0
INF174KA1HG4	Kotak Glb Innovt Ovrs Eq Omni FOF Dir Gr	Global - Other		45.07	C	22.25029338133669			43.859649122807014	70.17543859649122
INF194KB1DJ2	Bandhan Midcap Dir Gr	Mid-Cap	3.0	25.34	C	110.08291485514516			43.103448275862064	13.793103448275861
INF090I01FH9	Franklin India Mid Cap Dir Gr	Mid-Cap	3.0	25.36	A	91.37987971239382	25.0	28.000000000000004	43.103448275862064	27.586206896551722
INF740K01PX1	DSP Midcap Dir Gr	Mid-Cap	3.0	28.8	A	55.22934032416473	30.0	8.0	37.93103448275862	62.06896551724138
INF109K011O5	ICICI Pru Large & Mid Cap Dir Gr	Large & Mid-Cap	5.0	86.1	A	66.58588838566672	80.0	96.15384615384616	84.61538461538461	65.38461538461539
INF846K01Z20	Axis Global Innovation FoF Dir Gr	Global - Other		52.34	C	9.74111423041924			42.10526315789473	94.73684210526315
INF03VN01621	WhiteOak Capital ELSS Tax Saver DirGr	ELSS (Tax Savings)	5.0	53.2	C	197.16013057063685			94.11764705882352	7.8431372549019605
INF174V01341	Mahindra Manulife Multi Cap Dir Gr	Multi-Cap	4.0	86.22	B	70.63026046039002		87.5	73.68421052631578	94.73684210526315
INF582M01BU9	Union Small Cap Dir Gr	Small-Cap	3.0	49.9	A	35.87245203611971	30.76923076923077	43.47826086956522	84.0	100.0
INF200KA1507	SBI Banking & Financial Svcs Dir Gr	Sector - Financial Services	5.0	89.25	A	54.55835302570963	100.0	66.66666666666666	93.33333333333333	86.66666666666667
INF204K01K15	Nippon India Small Cap Dir Gr	Small-Cap	5.0	97.6	A	73.3165823913424	100.0	91.30434782608695	80.0	84.0
INF740K01QD1	DSP Small Cap Dir Gr	Small-Cap	4.0	62.24	A	50.31818348561312	46.15384615384615	56.52173913043478	76.0	96.0
INF247L01BC9	Motilal Oswal BSE Fi ex Bk 30 Dir Gr	Index Funds		54.3	C	173.56257356397074			81.60919540229885	41.37931034482759
INF174K01KZ9	Kotak Contra Dir Gr	Contra		86.12	A	64.18597873207376	100.0	66.66666666666666	100.0	100.0
INF769K01FA9	Mirae Asset Midcap Dir Gr	Mid-Cap	3.0	58.84	B	49.018266971489496		48.0	34.48275862068966	86.20689655172413
INF846K01EH3	Axis Midcap Dir Gr	Mid-Cap	4.0	53.06	A	56.05865728115524	75.0	24.0	31.03448275862069	58.620689655172406
INF209K01Q30	Aditya BSL Mid Cap Dir Gr	Mid-Cap	2.0	23.23	A	75.73819952902761	5.0	36.0	27.586206896551722	44.827586206896555
INF209K01WQ7	Aditya BSL Value Dir Gr	Value	3.0	45.56	A	73.70157392170478	25.0	63.33333333333333	73.68421052631578	63.1578947368421
INF740K01PL6	DSP Large & Mid Cap Fund Dir Gr	Large & Mid-Cap	4.0	53.12	A	83.7493473921927	65.0	50.0	80.76923076923077	38.46153846153847
INF109KC1F91	ICICI Pru Commodities Dir Gr	Equity - Other		79.78	B	37.40743506444921		79.41176470588235	60.37735849056604	94.33962264150944
INF179K01UT0	HDFC Flexi Cap Dir Gr	Flexi Cap	5.0	94.51	A	71.46781929565313	84.21052631578947	100.0	91.17647058823529	85.29411764705883
INF397L01LC1	LIC MF Dividend Yield Dir Gr	Dividend Yield		31.1	B	117.03398899431836		42.857142857142854	88.88888888888889	22.22222222222222
INF200KA16P2	SBI Nifty Smallcap 250 Index Dir Gr	Index Funds		45.34	C	260.1754896218837			80.45977011494253	16.091954022988507
INF277K015B9	Tata Resources & Energy Dir Gr	Equity - Other		72.06	A	45.60793154242979	76.47058823529412	61.76470588235294	58.490566037735846	86.79245283018868
INF761K01EP7	Bank of India Small Cap Dir Gr	Small-Cap	4.0	52.3	B	100.17592864347667		73.91304347826086	72.0	32.0
INF204K01F20	Nippon India Vsn Lg & Md Cap Dir Gr	Large & Mid-Cap	3.0	39.63	A	82.17857086983446	17.5	63.46153846153846	76.92307692307693	50.0
INF336L01NV5	HSBC Large & Mid Cap Dir Gr	Large & Mid-Cap	3.0	68.99	B	58.153767884709474		63.46153846153846	73.07692307692307	92.3076923076923
INF00XX01168	ITI Multi Cap Dir Gr	Multi-Cap	3.0	46.82	B	65.55944789123348		12.5	68.42105263157895	100.0
INF760K01KI1	Canara Robeco Mid Cap Dir Gr	Mid-Cap	3.0	21.72	C	91.16684240355032			24.137931034482758	31.03448275862069
INF789F01SW4	UTI Dividend Yield Dir Gr	Dividend Yield		41.17	A	71.5817747261929	25.0	28.57142857142857	77.77777777777779	88.88888888888889
INF767K01RK7	LIC MF Multi Cap Dir Gr	Multi-Cap	4.0	42.95	C	149.49796139078236			63.1578947368421	31.57894736842105
INF846K01J46	Axis Large & Mid Cap Dir Gr	Large & Mid-Cap	3.0	33.15	B	84.68991601227596		38.46153846153847	69.23076923076923	34.61538461538461
INF204K01J34	Nippon India Quant Dir Gr	Equity - Other		58.11	A	65.48848432008718	58.82352941176471	55.88235294117647	56.60377358490566	66.0377358490566
INF179K01VK7	HDFC Focused Dir Gr	Focused Fund	5.0	92.94	A	75.91265755136995	85.71428571428571	100.0	92.3076923076923	76.92307692307693
INF740KA1MG9	DSP Nifty Next 50 Index Dir Gr	Index Funds		65.61	B	124.25222866942833		78.94736842105263	79.3103448275862	60.91954022988506
INF397L01JK8	LIC MF Midcap Fund Dir Gr	Mid-Cap	2.0	9.62	B	127.8342599147286		12.0	20.689655172413794	10.344827586206897
INF754K01JN6	Edelweiss Small Cap Dir Gr	Small-Cap	4.0	56.31	B	84.94284584150569		65.21739130434783	68.0	52.0
INF109K012K1	ICICI Prudential Value Dir Gr	Value	5.0	79.52	A	65.58847299960517	58.333333333333336	93.33333333333333	68.42105263157895	78.94736842105263
INF966L01689	Quant Small Cap Dir Gr	Small-Cap	4.0	79.77	A	84.86478892477625	76.92307692307693	100.0	64.0	56.00000000000001
INF754K01QT8	Edelweiss Nifty SmCp 250 Idx Dir Gr	Index Funds		44.96	C	255.62913919236073			78.16091954022988	18.39080459770115
INF247L01932	Motilal Oswal Nifty Smcp 250 Idx Dir Gr	Index Funds		71.26	B	135.1837188613289		94.73684210526315	77.01149425287356	55.172413793103445
INF109K01Y80	ICICI Pru Nifty Next 50 Index Dir Gr	Index Funds		83.02	A	94.77594294423348	100.0	65.78947368421053	75.86206896551724	88.50574712643679
INF174V01AG7	Mahindra Manulife Focused Dir Gr	Focused Fund	5.0	80.1	B	89.14856474983075		95.65217391304348	88.46153846153845	61.53846153846154
INF204KA1SI1	Nippon India Japan Equity Dir Gr	Global - Other		31.15	B	53.23169684501102		32.432432432432435	40.35087719298245	35.08771929824561
INF109K014O9	ICICI Pru Multicap Dir Gr	Multi-Cap	4.0	67.3	A	77.81461208077471	50.0	75.0	57.89473684210527	84.21052631578947
INF903J01NK9	Sundaram Small Cap Dir Gr	Small-Cap	3.0	43.6	A	57.246645729800484	15.384615384615385	47.82608695652174	60.0	92.0
INF879O01027	Parag Parikh Flexi Cap Dir Gr	Flexi Cap	5.0	95.11	A	70.34206477662775	94.73684210526315	87.5	88.23529411764706	88.23529411764706
INF277K01ND1	Tata Value Dir Gr	Value	5.0	66.94	A	68.90924027035301	66.66666666666666	53.333333333333336	63.1578947368421	73.68421052631578
INF251K01HF3	Baroda BNP P ELSS Tax Saver Dir Gr	ELSS (Tax Savings)	3.0	48.45	A	66.57301482958225	41.935483870967744	36.17021276595745	92.15686274509804	86.27450980392157
INF740K01OK1	DSP ELSS Tax Saver Dir Gr	ELSS (Tax Savings)	5.0	75.77	A	91.76147655835976	87.09677419354838	70.2127659574468	90.19607843137256	50.98039215686274
INF109KC1V18	ICICI Pru Nifty SmCp 250 Idx Dir Gr	Index Funds		41.72	C	263.2008574416593			74.71264367816092	13.793103448275861
INF205KA1270	Invesco India Invc Glb Cmr FOF DirGr	Global - Other		5.76	B	91.80159620812425		2.7027027027027026	38.59649122807017	10.526315789473683
INF204KA15G5	Nippon India US Eq Opports Dir Gr	Global - Other		55.53	A	38.023569246546366	80.76923076923077	37.83783783783784	36.84210526315789	45.614035087719294
INF174KA1GA9	Kotak Nifty Next 50 Index Dir Gr	Index Funds		67.43	B	123.87635051796362		81.57894736842105	73.5632183908046	62.06896551724138
INF789FC12T1	UTI Nifty Next 50 Index Dir Gr	Index Funds		62.45	B	125.23339319246105		73.68421052631578	71.83908045977012	59.77011494252874
INF247L01AC1	Motilal Oswal Nifty Next 50 Index Dir Gr	Index Funds		60.63	B	125.76501289349069		71.05263157894737	71.83908045977012	58.620689655172406
INF754K01QL5	Edelweiss Nifty Next 50 Index Dir Gr	Index Funds		44.87	C	215.10824577169862			69.54022988505747	31.03448275862069
INF200KA1W00	SBI Nifty Next 50 Index Dir Gr	Index Funds		44.49	C	217.1901704549629			69.54022988505747	29.88505747126437
INF200K01RS2	SBI Infrastructure Dir Gr	Equity - Infrastructure	4.0	31.39	A	94.32239780536705	38.88888888888889	33.33333333333333	33.33333333333333	16.666666666666664
INF846K019E7	Axis Nifty Next 50 Index Dir Gr	Index Funds		44.39	C	213.6147600721183			67.81609195402298	32.18390804597701
INF204KB15W0	Nippon India Nifty Smallcap 250 I Dir Gr	Index Funds		69.44	B	137.042686839795		92.10526315789474	66.66666666666666	54.02298850574713
INF959L01FR8	Navi Nifty Next 50 Index Dir Gr	Index Funds		42.1	C	217.31610166671604			65.51724137931035	28.735632183908045
INF03VN01530	WhiteOak Capital Flexi Cap Dir Gr	Flexi Cap	4.0	52.5	C	170.89920926375635			85.29411764705883	26.47058823529412
INF209K01WN4	Aditya BSL Small Cap Dir Gr	Small-Cap	1.0	22.61	A	58.63689205619623	7.6923076923076925	4.3478260869565215	56.00000000000001	88.0
INF397L01AW2	LIC MF Nifty Next 50 Index Dir Gr	Index Funds		84.73	A	93.48145107525222	94.44444444444444	76.31578947368422	64.36781609195403	89.65517241379311
INF277K015Z8	Tata Dividend Yield Dir Gr	Dividend Yield		55.25	C	85.27457361187257			66.66666666666666	66.66666666666666
INF966L01AK9	Quant Quantamental Dir Gr	Equity - Other		36.59	C	137.68477818623757			54.71698113207547	28.30188679245283
INF209KB10G3	Aditya BSL Nifty Next 50 Idx Dir Gr	Index Funds		40.58	C	218.78900701798733			63.2183908045977	27.586206896551722
INF205KA1494	Invesco India Flexi Cap Dir Gr	Flexi Cap	5.0	47.25	C	255.53056838950846			82.35294117647058	8.823529411764707
INF174K01LF9	Kotak Large & Midcap Dir Gr	Large & Mid-Cap	5.0	84.36	A	59.14693036479538	85.0	69.23076923076923	65.38461538461539	88.46153846153845
INF205K01LE4	Invesco India Contra Dir Gr	Contra		39.0	A	98.05763838211709	50.0	33.33333333333333	66.66666666666666	33.33333333333333
INF917K01D79	HSBC Nifty Next 50 Index Dir Gr	Index Funds		56.13	B	128.100282135828		63.1578947368421	62.06896551724138	57.47126436781609
INF209K01WA1	Aditya BSL Div Yield Dir Gr	Dividend Yield		66.82	B	85.76927047275895		85.71428571428571	55.55555555555556	55.55555555555556
INF179KC1BQ9	HDFC NIFTY Next 50 Index Dir Gr	Index Funds		39.06	C	219.672397496134			60.91954022988506	26.436781609195403
INF178L01AL9	Kotak Infra & Econ Reform Dir Gr	Equity - Infrastructure	3.0	51.19	A	57.94885741612668	44.44444444444444	55.55555555555556	27.77777777777778	66.66666666666666
INF194K01W21	Bandhan Focused Dir Gr	Focused Fund	3.0	50.99	A	77.5717177660452	42.857142857142854	52.17391304347826	84.61538461538461	73.07692307692307
INF192K01CC7	JM Flexicap Dir Gr	Flexi Cap	4.0	75.99	A	112.97793891229124	89.47368421052632	83.33333333333334	79.41176470588235	44.11764705882353
INF843K01AL0	Edelweiss Large & Mid Dir Gr	Large & Mid-Cap	4.0	58.35	A	61.89027037863916	55.00000000000001	46.15384615384615	61.53846153846154	80.76923076923077
INF179K01YS4	HDFC ELSS TaxSaver Dir Gr	ELSS (Tax Savings)	5.0	72.79	A	88.3226251811743	64.51612903225806	85.1063829787234	88.23529411764706	54.90196078431373
INF917K01GP0	HSBC ELSS Tax saver Dir Gr	ELSS (Tax Savings)	4.0	58.76	A	78.21742265514625	58.06451612903226	55.319148936170215	86.27450980392157	64.70588235294117
INF582M01IO7	Union Multicap Dir Gr	Multi-Cap	3.0	42.5	C	119.67608772099474			52.63157894736842	52.63157894736842
INF740K01OB0	DSP Focused Dir Gr	Focused Fund	3.0	30.67	A	111.30608574266736	21.428571428571427	34.78260869565217	80.76923076923077	46.15384615384615
INF109K01W25	ICICI Pru Exports and Services Dir Gr	Equity - Other		55.15	A	83.66510740584266	52.94117647058824	64.70588235294117	52.83018867924528	50.943396226415096
INF179KA1RQ7	HDFC Large and Mid Cap Dir Gr	Large & Mid-Cap	4.0	55.19	A	82.99915432218044	37.5	84.61538461538461	57.692307692307686	42.30769230769231
INF754K01ML4	Edelweiss Recently Listed IPO Dir Gr	Equity - Other		34.08	B	77.79935888507774		20.588235294117645	50.943396226415096	56.60377358490566
INF843K01KK1	Edelweiss Flexi Cap Dir Gr	Flexi Cap	4.0	82.82	A	64.8206781203558	78.94736842105263	79.16666666666666	76.47058823529412	94.11764705882352
INF955L01AG0	Baroda BNP P Multi Cap Dir Gr	Multi-Cap	3.0	52.2	A	82.90172441959284	33.33333333333333	62.5	47.368421052631575	78.94736842105263
INF200K01RA0	SBI Contra Dir Gr	Contra		69.87	A	80.18570407904588	50.0	100.0	33.33333333333333	66.66666666666666
INF843K01EC1	Edelweiss US Value Equity Offshore Dr Gr	Global - Other		67.98	A	23.747105336196643	71.15384615384616	70.27027027027027	35.08771929824561	66.66666666666666
INF200K01RJ1	SBI Focused Dir Gr	Focused Fund	4.0	82.1	A	49.002423927006966	78.57142857142857	76.08695652173914	76.92307692307693	96.15384615384616
INF179K01VC4	HDFC Value Dir Gr	Value	3.0	51.35	A	61.84935181833941	41.66666666666667	46.666666666666664	57.89473684210527	84.21052631578947
INF903JA1CZ6	Sundaram LT Tax Ad Sr IV Dir Gr	ELSS (Tax Savings)		90.72	B	56.31078344785039		97.87234042553192	84.31372549019608	98.0392156862745
INF179KC1BS5	HDFC Multi Cap Dir Gr	Multi-Cap	3.0	25.5	C	197.94893671739266			42.10526315789473	15.789473684210526
INF209K01XX1	Aditya BSL Flexi Cap Dir Gr	Flexi Cap	4.0	75.7	A	60.87561486545607	68.42105263157895	66.66666666666666	73.52941176470588	100.0
INF789F01TU6	UTI Infrastructure Dir Gr	Equity - Infrastructure	2.0	15.0	A	87.11785275834634	11.11111111111111	11.11111111111111	22.22222222222222	33.33333333333333
INF903J01OB6	Sundaram Glbl Brnd Thm Eq Actv FoFDir Gr	Global - Other		56.09	A	26.48971030963615	55.769230769230774	56.75675675675676	33.33333333333333	61.40350877192983
INF846K01K35	Axis Small Cap Fund Dir Gr	Small-Cap	4.0	74.18	A	76.01962107838641	92.3076923076923	52.17391304347826	52.0	76.0
INF761K01884	Bank of India ELSS Tax Saver Dir Gr	ELSS (Tax Savings)	5.0	81.49	A	74.52703745557356	90.32258064516128	68.08510638297872	82.35294117647058	70.58823529411765
INF173K01EZ4	Sundaram Nifty 100 Equal Wgt Dir Gr	Index Funds		60.93	A	76.44588698569315	38.88888888888889	68.42105263157895	59.77011494252874	91.95402298850574
INF582M01EK4	Union Value Fund Dir Gr	Value	3.0	40.06	B	81.270822651228		33.33333333333333	52.63157894736842	57.89473684210527
INF109KC1R14	ICICI Pru Flexicap Dir Gr	Flexi Cap	4.0	53.0	C	105.36833848721139			70.58823529411765	50.0
INF174KA1JN6	Kotak Business Cycle Dir Gr	Equity - Other		36.9	C	119.23448432197542			49.056603773584904	37.735849056603776
INF204K01XI3	Nippon India Large Cap Dir Gr	Large-Cap	5.0	101.99	A	75.78504242680759	100.0	96.42857142857143	96.7741935483871	93.54838709677419
INF903JA1BT1	Sundaram LT Tax Ad Sr III Dir Gr	ELSS (Tax Savings)		90.99	B	56.52232987361591		100.0	80.3921568627451	96.07843137254902
INF917K01RI2	HSBC Business Cycles Dir Gr	Equity - Other		40.77	A	117.52267840865966	41.17647058823529	44.11764705882353	47.16981132075472	39.62264150943396
INF03VN01696	WhiteOak Capital Large Cap Dir Gr	Large-Cap	4.0	51.0	C	168.29522581879286			93.54838709677419	9.67741935483871
INF761K01652	Bank of India Large & Mid Cap Dir Gr	Large & Mid-Cap	3.0	47.32	A	49.32498817461346	25.0	42.30769230769231	53.84615384615385	100.0
INF204K01L55	Nippon India ELSS Tax Saver DirGr	ELSS (Tax Savings)	3.0	43.06	A	72.76141087480245	9.67741935483871	63.829787234042556	78.43137254901961	76.47058823529412
INF192K01CE3	JM ELSS Tax Save Dir Gr	ELSS (Tax Savings)	4.0	67.03	A	94.35341497555834	83.87096774193549	60.63829787234043	76.47058823529412	49.01960784313725
INF200K01UJ5	SBI Large & Midcap Dir Gr	Large & Mid-Cap	4.0	70.96	A	54.9617027831564	50.0	76.92307692307693	50.0	96.15384615384616
INF336L01DH5	HSBC Flexi Cap Dir Gr	Flexi Cap	4.0	57.18	A	79.30699903537118	36.84210526315789	70.83333333333334	67.64705882352942	70.58823529411765
INF179KC1CA1	HDFC Nifty 100 Equal Weight Index Dir Gr	Index Funds		43.25	C	164.53004510255522			58.620689655172406	42.5287356321839
INF00XX01390	ITI ELSS Tax Saver Dir Gr	ELSS (Tax Savings)	3.0	25.14	B	138.77404476642235		29.78723404255319	74.50980392156863	25.49019607843137
INF789F01VB2	UTI Value fund Dir Gr	Value	3.0	30.28	A	93.12031543093893	33.33333333333333	26.666666666666668	47.368421052631575	36.84210526315789
INF090I01IQ4	Franklin India Small Cap Dir Gr	Small-Cap	3.0	33.18	A	88.70455276139928	23.076923076923077	39.130434782608695	48.0	48.0
INF277K01PQ8	Tata Infrastructure Dir Gr	Equity - Infrastructure	3.0	26.65	A	82.68897196165204	27.77777777777778	16.666666666666664	16.666666666666664	44.44444444444444
INF090I01FK3	Franklin India Flexi Cap Dir Gr	Flexi Cap	4.0	59.9	A	94.38803596251655	47.368421052631575	75.0	64.70588235294117	58.82352941176471
INF044D01CD3	Taurus Infrastructure Dir Gr	Equity - Infrastructure	2.0	14.0	A	92.3668050181889	16.666666666666664	5.555555555555555	11.11111111111111	27.77777777777778
INF277KA1166	Tata Business Cycle Dir Gr	Equity - Other		26.27	C	253.7119049398211			45.28301886792453	11.320754716981133
INF767K01NE9	LIC MF Large & Mid Cap Dir Gr	Large & Mid-Cap	4.0	40.92	A	98.55999319747481	60.0	34.61538461538461	46.15384615384615	19.230769230769234
INF789F01UA6	UTI Mid Cap Dir Gr	Mid-Cap	3.0	23.3	A	66.60003560359303	15.0	16.0	17.24137931034483	51.724137931034484
INF109KC1093	ICICI Pru L/T Wealth Enhmnt Dir Gr	ELSS (Tax Savings)		54.83	B	97.58888780300138		72.3404255319149	72.54901960784314	43.13725490196079
INF955L01JU2	Baroda BNP P Lrg & Mid Cap Dir Gr	Large & Mid-Cap	3.0	33.32	B	113.43780772235716		57.692307692307686	42.30769230769231	11.538461538461538
INF789F1AUQ1	UTI Small Cap Dir Gr	Small-Cap	3.0	18.38	B	114.32080798196556		17.391304347826086	44.0	24.0
INF109KC1F34	ICICI Pru Global Advtg(FOF) Dir Gr	Global - Other		29.94	B	44.237881797735454		24.324324324324326	31.57894736842105	42.10526315789473
INF740KA1CR7	DSP Nifty 50 Equal Weight Index Dir Gr	Index Funds		84.01	B	72.78960433939459		86.8421052631579	57.47126436781609	95.40229885057471
INF205K01A24	Invesco India Pan Euro Eq FoF Dir Gr	Global - Other		44.47	A	48.481764259247875	30.76923076923077	67.56756756756756	29.82456140350877	38.59649122807017
INF903J01NB8	Sundaram Fin Services Opp Dir Gr	Sector - Financial Services	5.0	75.61	A	71.16541829255254	72.72727272727273	75.0	86.66666666666667	66.66666666666666
INF200KA1HN8	SBI Long Term Advnt Fd Series III Dir Gr	ELSS (Tax Savings)		54.82	B	110.16398047554917		78.72340425531915	70.58823529411765	35.294117647058826
INF209K01WS3	Aditya BSL Intl Equity Dir Gr	Global - Other		47.65	A	37.2672916336824	50.0	48.64864864864865	28.07017543859649	47.368421052631575
INF109KC10J7	ICICI Pru Nifty 50 Eql Weight Dir Gr	Index Funds		53.15	C	112.74605819840804			56.32183908045977	75.86206896551724
INF174KA1EN7	Kotak Focused Dir Gr	Focused Fund	4.0	82.62	B	49.24148060889672		82.6086956521739	73.07692307692307	92.3076923076923
INF903JA1955	Sundaram LT Mic capTax Ad Sr V Dir Gr	ELSS (Tax Savings)		82.02	B	69.70459173677482		93.61702127659575	68.62745098039215	82.35294117647058
INF090I01JS8	Franklin India ELSS Tax Saver Dir Gr	ELSS (Tax Savings)	4.0	45.22	A	105.88499511570642	35.483870967741936	60.63829787234043	66.66666666666666	39.21568627450981
INF740K01PR3	DSP Large cap Dir Gr	Large-Cap	3.0	44.85	A	104.3584795497978	30.434782608695656	67.85714285714286	90.32258064516128	45.16129032258064
INF769K01GX9	Mirae Asset Banking & Fin Svcs Dir Gr	Sector - Financial Services	4.0	77.74	B	61.46532568630126		83.33333333333334	80.0	80.0
INF00XX01AQ6	ITI Value Dir Gr	Value	3.0	23.8	C	165.1564090323824			42.10526315789473	10.526315789473683
INF192K01BT3	JM Value Dir Gr	Value	4.0	50.93	A	122.12559241097993	79.16666666666666	40.0	36.84210526315789	21.052631578947366
INF174V01945	Mahindra Manulife Lrg & Md cap Dir Gr	Large & Mid-Cap	3.0	37.66	B	92.71295985504828		53.84615384615385	38.46153846153847	26.923076923076923
INF209K01WE3	Aditya BSL Focused Dir Gr	Focused Fund	4.0	49.32	A	69.51864858337277	28.57142857142857	47.82608695652174	69.23076923076923	84.61538461538461
INF397L01JS1	LIC MF Small Cap Fund Dir Gr	Small-Cap	3.0	20.51	B	135.14710034583288		34.78260869565217	40.0	8.0
INF090I01GY2	Templeton India Value Dir Gr	Value	3.0	61.85	A	71.76443652292943	50.0	80.0	31.57894736842105	68.42105263157895
INF740K01PC5	DSP Glb Cln Ey Ovrs Eq Omni FoF Dir Gr	Global - Other		29.57	A	105.29173130785294	19.230769230769234	62.16216216216216	26.31578947368421	3.508771929824561
INF205K01LB0	Invesco India largecap Dir Gr	Large-Cap	5.0	89.52	A	79.49714927607346	82.6086956521739	89.28571428571429	87.09677419354838	83.87096774193549
INF754K01NR9	Edelweiss NIFTY Lrg Md Cp 250 Idx DrGr	Index Funds		41.91	C	163.9854354690146			55.172413793103445	43.67816091954023
INF173K01FQ0	Sundaram Multi Cap Dir Gr	Multi-Cap	4.0	62.59	A	87.11592509869489	66.66666666666666	50.0	36.84210526315789	73.68421052631578
INF204K01XO1	Nippon India Banking & Fin Srvs Dir Gr	Sector - Financial Services	4.0	71.82	A	73.87009019276775	54.54545454545454	100.0	73.33333333333333	60.0
INF277K013A6	Tata India Consumer Dir Gr	Equity - Consumption	5.0	91.64	A	89.78427429880959	100.0	63.63636363636363	100.0	100.0
INF966L01911	Quant Flexi Cap Dir Gr	Flexi Cap	5.0	94.98	A	82.56694890216507	100.0	95.83333333333334	61.76470588235294	67.64705882352942
INF336L01PB2	HSBC Focused Dir Gr	Focused Fund	4.0	70.88	B	73.40201652431013		69.56521739130434	65.38461538461539	80.76923076923077
INF247L01BI6	Motilal Oswal BSE Quality Idx Dir Gr	Index Funds		48.2	C	120.7297188676427			54.02298850574713	64.36781609195403
INF761K01DS3	Bank of India Midcap Tax Ser 1 Dir Gr	ELSS (Tax Savings)		63.88	B	62.120204814811444		53.191489361702125	64.70588235294117	88.23529411764706
INF179KC1BM8	HDFC NIFTY50 Equal Weight Index Dir Gr	Index Funds		50.3	C	113.40391773746515			52.87356321839081	72.41379310344827
INF194K01Z44	Bandhan Large Cap Dir Gr	Large-Cap	5.0	76.84	A	76.13851317619906	60.86956521739131	75.0	83.87096774193549	90.32258064516128
INF209KB1Z71	Aditya BSL Nifty 50 EW Index Dir Gr	Index Funds		50.11	C	113.3542707702475			51.724137931034484	73.5632183908046
INF769K01JJ2	Mirae Asset Flexi Cap Dir Gr	Flexi Cap	3.0	41.8	C	118.71883314791644			58.82352941176471	41.17647058823529
INF846K01X71	Axis Innovation Dir Gr	Equity - Other		34.76	B	79.85700514326554		25.0	43.39622641509434	52.83018867924528
INF769K01BI1	Mirae Asset Large & Midcap Dir Gr	Large & Mid-Cap	4.0	66.35	A	63.41870569711689	100.0	23.076923076923077	34.61538461538461	73.07692307692307
INF903JA1FA2	Sundaram Services Dir Gr	Equity - Other		47.27	B	99.46995757504989		58.82352941176471	41.509433962264154	41.509433962264154
INF903JA1AZ0	Sundaram LT Mic capTax Ad Sr VI Dir Gr	Small-Cap		75.43	B	74.86733694557745		82.6086956521739	36.0	80.0
INF109K016L0	ICICI Prudential Large Cap Dir Gr	Large-Cap	5.0	93.77	A	82.52394175061075	95.65217391304348	92.85714285714286	80.64516129032258	74.19354838709677
INF846K016N4	Axis Business Cycles Dir Gr	Equity - Other		24.08	C	194.39894893435806			39.62264150943396	13.20754716981132
INF173K01EV3	Sundaram Div Yield Dir Gr	Dividend Yield		43.33	A	76.72246894880486	50.0	14.285714285714285	44.44444444444444	77.77777777777779
INF179KA1RW5	HDFC Small Cap Dir Gr	Small-Cap	4.0	66.96	A	76.09416807399296	61.53846153846154	69.56521739130434	32.0	72.0
INF109KC1O09	ICICI Pru ESG Exclsnry Strtgy Dir Gr	Equity - ESG	4.0	70.19	B	150.06877518714876		88.88888888888889	100.0	55.55555555555556
INF966L01887	Quant Mid Cap Dir Gr	Mid-Cap	3.0	46.46	A	108.3820203474431	45.0	76.0	13.793103448275861	17.24137931034483
INF754K01OP1	Edelweiss Focused Dir Gr	Focused Fund	4.0	39.23	C	175.8580339253849			61.53846153846154	23.076923076923077
INF966L01986	Quant ELSS Tax Saver Dir Gr	ELSS (Tax Savings)	5.0	99.03	A	61.36477611564719	100.0	89.36170212765957	62.745098039215684	92.15686274509804
INF903J01PR9	Sundaram large and Mid Cap Dir Gr	Large & Mid-Cap	3.0	38.84	A	78.38985280294696	45.0	26.923076923076923	30.76923076923077	53.84615384615385
INF903JA1526	Sundaram LT Mic cap Tax Ad Sr IV Dir Gr	ELSS (Tax Savings)		82.28	B	72.33996615947189		95.74468085106383	60.78431372549019	80.3921568627451
INF277K01Z10	Tata Banking & Financial Svcs Dir Gr	Sector - Financial Services	5.0	75.05	A	70.97662928100739	81.81818181818183	58.333333333333336	66.66666666666666	73.33333333333333
INF740K01PI2	DSP Flexi Cap Fund Dir Gr	Flexi Cap	4.0	54.54	A	104.35491146765132	63.1578947368421	45.83333333333333	55.88235294117647	52.94117647058824
INF955L01971	Baroda BNP P Bank & Fin Srvs Dir Gr	Sector - Financial Services	4.0	26.74	A	86.40589818226367	27.27272727272727	16.666666666666664	60.0	40.0
INF277K015K0	Tata Flexi Cap Dir Gr	Flexi Cap	3.0	37.73	B	109.38820278605665		37.5	52.94117647058824	47.05882352941176
INF754K01CA8	Edelweiss ELSS Tax saver Dir Gr	ELSS (Tax Savings)	4.0	59.12	A	60.94064955484221	38.70967741935484	57.446808510638306	58.82352941176471	94.11764705882352
INF200KA18E2	SBI Multicap Dir Gr	Multi-Cap	3.0	17.0	C	270.96552825937624			31.57894736842105	5.263157894736842
INF084M01EB0	Aditya BSL Global Emerging Opp Dir Gr	Global - Other		46.15	A	19.975779629331843	34.61538461538461	40.54054054054054	24.561403508771928	77.19298245614034
INF194K01Z85	Bandhan Value Dir Gr	Value	4.0	77.53	A	85.88215438862768	91.66666666666666	86.66666666666667	26.31578947368421	42.10526315789473
INF090I01FE6	Franklin India Technology Dir Gr	Sector - Technology		59.48	A	148.9131012634425	20.0	80.0	100.0	100.0
INF277K01I86	Tata ELSS Dir Gr	ELSS (Tax Savings)	4.0	63.81	A	68.02210383404385	67.74193548387096	44.680851063829785	56.86274509803921	84.31372549019608
INF582M01GA0	Union Large & Midcap Dir Gr	Large & Mid-Cap	3.0	27.77	B	88.38937837888125		30.76923076923077	26.923076923076923	30.76923076923077
INF903JA1443	Sundaram LT Mic cap Tax Ad Sr III Dir Gr	ELSS (Tax Savings)		77.66	B	73.15506529524683		91.48936170212765	54.90196078431373	74.50980392156863
INF966L01721	Quant Infrastructure Dir Gr	Equity - Infrastructure	4.0	61.94	A	114.24923037736392	94.44444444444444	61.111111111111114	5.555555555555555	11.11111111111111
INF209KB1Y49	Aditya BSL Multi-Cap Dir Gr	Multi-Cap	3.0	19.55	C	170.637145400107			26.31578947368421	21.052631578947366
INF917K01QA1	HSBC Small Cap Fund Dir Gr	Small-Cap	4.0	71.24	A	99.06303362793489	84.61538461538461	78.26086956521739	28.000000000000004	40.0
INF760K01JQ6	Canara Robeco Focused Dir Gr	Focused Fund	4.0	34.65	C	205.74678917468106			57.692307692307686	15.384615384615385
INF761K01EL6	Bank of India Midcap Tax Ser 2 Dir Gr	Equity - Other		35.43	B	84.29359375561025		29.411764705882355	37.735849056603776	49.056603773584904
INF179KC1AU3	HDFC Housing Opportunities Dir Gr	Equity - Other		29.7	B	146.29780152562805		38.23529411764706	35.84905660377358	24.528301886792452
INF174K01LS2	Kotak Flexicap Dir Gr	Flexi Cap	4.0	64.26	A	68.33309743057912	52.63157894736842	58.333333333333336	50.0	91.17647058823529
INF109K01Y31	ICICI Pru ELSS Tax Saver Dir Gr	ELSS (Tax Savings)	3.0	45.83	A	81.76533336806338	51.61290322580645	34.04255319148936	52.94117647058824	62.745098039215684
INF200K01TP4	SBI Midcap Dir Gr	Mid-Cap	3.0	23.97	A	96.9596631592332	20.0	32.0	10.344827586206897	24.137931034482758
INF179KC1AO6	HDFC Dividend Yield Dir Gr	Dividend Yield		50.28	B	116.89593907130708		71.42857142857143	33.33333333333333	33.33333333333333
INF789F1AUT5	UTI Nifty200 Momentum 30 Index Dir Gr	Index Funds		66.38	B	129.6903968307078		84.21052631578947	50.57471264367817	56.32183908045977
INF761K01FL3	Bank of India Large Cap Dir Gr	Large-Cap	4.0	51.55	C	112.023804940747			77.41935483870968	35.483870967741936
INF194KB1CL0	Bandhan Multi Cap Dir Gr	Multi-Cap	3.0	13.6	C	199.4884031691849			21.052631578947366	10.526315789473683
INF769K01IQ9	MiraeAstGlbElctrc&AtnmsVhclsEqPsvFOFDrGr	Global - Other		16.57	C	85.0390731771337			22.807017543859647	15.789473684210526
INF666M01BE4	Groww Value Dir Gr	Value	3.0	23.27	A	82.27077800234053	16.666666666666664	13.333333333333334	21.052631578947366	52.63157894736842
INF109K01Z71	ICICI Pru US Bluechip Equity Dir Gr	Global - Other		72.53	A	19.20233196743427	84.61538461538461	59.45945945945946	21.052631578947366	78.94736842105263
INF397L01KU5	LIC MF Value Dir Gr	Value	2.0	43.83	B	55.89830651307368		20.0	15.789473684210526	89.47368421052632
INF090I01IN1	Franklin India Lrg & Md Cp Dir Gr	Large & Mid-Cap	2.0	15.82	A	82.27731025162367	5.0	11.538461538461538	23.076923076923077	46.15384615384615
INF192K01BW7	JM Focused Dir Growth Option	Focused Fund	3.0	46.93	A	126.51407518940559	50.0	56.52173913043478	53.84615384615385	38.46153846153847
INF955L01KK1	Baroda BNP P Busnss CycleDirGr	Equity - Other		23.77	C	174.68401167630284			33.9622641509434	20.754716981132077
INF966L01648	Quant Large and Mid Cap Dir Gr	Large & Mid-Cap	4.0	55.5	A	121.58483318187194	70.0	73.07692307692307	19.230769230769234	7.6923076923076925
INF223J01NF2	PGIM India Global Eq Opp FoF Dir Gr	Global - Other		50.21	A	31.816099717663032	76.92307692307693	21.62162162162162	19.298245614035086	52.63157894736842
INF194KB1DP9	Bandhan Nifty200 Momentum 30 Idx Dir Gr	Index Funds		29.53	C	261.3895726062846			49.42528735632184	14.942528735632186
INF760K01JW4	Canara Robeco Value Dir Gr	Value	3.0	6.8	C	236.23342041894233			10.526315789473683	5.263157894736842
INF247L01AV1	Motilal Oswal Nifty 200 Momt 30 Dir Gr	Index Funds		28.2	C	263.86285336305275			48.275862068965516	12.643678160919542
INF789F01SN3	UTI Banking & Fin Svcs Dir Gr	Sector - Financial Services	3.0	34.62	A	75.63372074817102	18.181818181818183	50.0	53.333333333333336	46.666666666666664
INF109KC10C2	ICICI Prudential Housing Opps Dir Gr	Equity - Other		21.11	C	182.77396605791213			31.132075471698112	16.9811320754717
INF044D01CJ0	Taurus Ethical Dir Gr	Equity - Other		33.33	A	94.66483488081565	35.294117647058826	25.0	31.132075471698112	45.28301886792453
INF205K01MS2	Invesco India Multicap Dir Gr	Multi-Cap	2.0	22.16	A	141.75859908754816	16.666666666666664	25.0	15.789473684210526	36.84210526315789
INF090I01IT8	Templeton India Dividend Yld Dir Gr	Dividend Yield		59.58	A	90.04032328038467	75.0	57.14285714285714	22.22222222222222	44.44444444444444
INF194K01W62	Bandhan Flexi Cap Dir Gr	Flexi Cap	3.0	38.71	A	76.16557315909787	15.789473684210526	41.66666666666667	47.05882352941176	79.41176470588235
INF903J011W9	Sundaram Long Term Tax Adv Ser II Dir Gr	ELSS (Tax Savings)		65.7	A	33.38108524276072	61.29032258064516	51.06382978723404	50.98039215686274	100.0
INF769K01DM9	Mirae Asset ELSS Tax Saver Dir Gr	ELSS (Tax Savings)	5.0	74.55	A	73.76205878681007	96.7741935483871	40.42553191489361	49.01960784313725	72.54901960784314
INF251K01QZ2	Baroda BNP Paribas Flexi Cap Dir Gr	Flexi Cap	3.0	28.97	C	187.90005135081006			44.11764705882353	23.52941176470588
INF209K014W1	Aditya BSL Bkng & Fin Srvcs Dir Gr	Sector - Financial Services	4.0	46.1	A	75.41631982084849	45.45454545454545	41.66666666666667	46.666666666666664	53.333333333333336
INF251K01HN7	Baroda BNP P Large Cap Dir Gr	Large-Cap	5.0	76.01	A	87.61494534650384	73.91304347826086	78.57142857142857	74.19354838709677	61.29032258064516
INF109KC11D8	ICICI Pru Nifty 200 Momt 30 Dir Gr	Index Funds		29.15	C	255.69549735770832			47.12643678160919	17.24137931034483
INF843K01AU1	Edelweiss Greater China Eq Off-sh Dir Gr	Global - Other		31.73	A	95.12175395083891	71.15384615384616	5.405405405405405	17.543859649122805	8.771929824561402
INF109K015M0	ICICI Pru Smallcap Dir Gr	Small-Cap	3.0	38.49	A	80.91914459698435	38.46153846153847	26.08695652173913	24.0	64.0
INF109KC1D93	ICICI Pru MNC Dir Gr	Equity - Other		45.54	B	63.92654420368717		33.82352941176471	28.30188679245283	67.9245283018868
INF760K01JC6	Canara Robeco Small Cap Dir Gr	Small-Cap	4.0	47.19	B	100.09984809844295		60.86956521739131	20.0	36.0
INF966L01AD4	Quant ESG Integration Strat Dir Gr	Equity - ESG	5.0	94.76	B	113.86635275820079		100.0	88.88888888888889	88.88888888888889
INF769K01BL5	Mirae Asset Great Consumer Dir Gr	Equity - Consumption	5.0	90.68	A	89.83261546946929	87.5	81.81818181818183	90.9090909090909	90.9090909090909
INF109KC1O66	ICICI Pru Quant Dir Gr	Equity - Other		32.17	B	122.13069458255129		33.82352941176471	26.41509433962264	35.84905660377358
INF174V01AS2	Mahindra Manulife Flexi Cap Dir Gr	Flexi Cap	3.0	23.75	C	219.13114865633068			41.17647058823529	11.76470588235294
INF044D01BX3	Taurus Largecap Equity Dir Gr	Large-Cap	2.0	30.4	A	80.21253266541996	4.3478260869565215	33.92857142857143	70.96774193548387	80.64516129032258
INF277K017X9	Tata Focused Dir Gr	Focused Fund	4.0	49.89	B	123.18511015396246		60.86956521739131	50.0	42.30769230769231
INF174KA1MD1	Kotak Banking & Financial Svcs Dir Gr	Sector - Financial Services	4.0	22.67	C	160.60086986575212			40.0	6.666666666666667
INF082J01069	Quantum ELSS Tax Saver Dir Gr	ELSS (Tax Savings)	3.0	19.91	A	127.81769083551251	12.903225806451612	25.53191489361702	47.05882352941176	27.450980392156865
INF209K01VH8	Aditya BSL Large & Mid Cap Dir Gr	Large & Mid-Cap	2.0	17.79	A	77.02691704534799	10.0	3.8461538461538463	15.384615384615385	57.692307692307686
INF082J01036	Quantum Value Dir Gr	Value	2.0	8.65	A	132.28618410478796	8.333333333333332	6.666666666666667	5.263157894736842	15.789473684210526
INF209K01UN8	Aditya BSL ELSS Tax Saver Dir Gr	ELSS (Tax Savings)	2.0	20.15	A	72.61163211183226	3.225806451612903	4.25531914893617	45.09803921568628	78.43137254901961
INF204KC1121	Nippon India Flexi Cap Dir Gr	Flexi Cap	3.0	20.43	C	255.61251344755945			38.23529411764706	5.88235294117647
INF194K01Y29	Bandhan ELSS Tax saver Dir Gr	ELSS (Tax Savings)	4.0	72.01	A	76.09774553969035	80.64516129032258	65.95744680851064	43.13725490196079	66.66666666666666
INF966L01AT0	Quant Large Cap Dir Gr	Large-Cap	4.0	35.65	C	253.975260376694			67.74193548387096	3.225806451612903
INF663L01W63	PGIM India Glb Sel RE Scs FoF Dir Gr	Global - Other		27.04	C	26.88104679226803			15.789473684210526	57.89473684210527
INF205K01NT8	Invesco India ELSS Tax Saver Fund Dir Gr	ELSS (Tax Savings)	3.0	28.57	A	140.2323668364188	48.38709677419355	13.829787234042554	41.17647058823529	23.52941176470588
INF663L01W06	PGIM India Small Cap Dir Gr	Small-Cap	2.0	12.24	C	117.50028786158056			16.0	16.0
INF760K01EI4	Canara Robeco Large & Mid Cap Dir Gr	Large & Mid-Cap	3.0	38.55	A	106.09763484690689	75.0	19.230769230769234	11.538461538461538	15.384615384615385
INF179KC1BG0	HDFC Banking & Financial Svcs Dir Gr	Sector - Financial Services	4.0	23.8	C	119.03531911784549			33.33333333333333	20.0
INF174K01KW6	Kotak Large Cap Dir Gr	Large-Cap	5.0	73.16	A	80.81602122053876	69.56521739130434	64.28571428571429	64.51612903225806	77.41935483870968
INF174K01KT2	Kotak Small Cap Dir Gr	Small-Cap	3.0	28.1	A	114.5789821161481	53.84615384615385	8.695652173913043	12.0	20.0
INF879O01100	Parag Parikh ELSS Tax Saver Dir Gr	ELSS (Tax Savings)	4.0	43.94	B	168.4329187619882		74.46808510638297	39.21568627450981	11.76470588235294
INF336L01CM7	HSBC Large Cap Dir Gr	Large-Cap	4.0	58.13	A	76.29796207243777	56.52173913043478	39.285714285714285	61.29032258064516	87.09677419354838
INF200KA1TO1	SBI Long Term Advnt Fd Series VI Dir Gr	ELSS (Tax Savings)		30.93	B	155.8616376149251		47.87234042553192	37.254901960784316	15.686274509803921
INF090I01IW2	Franklin India Focused Equity Dir Gr	Focused Fund	3.0	63.43	A	98.02782341913814	64.28571428571429	76.08695652173914	46.15384615384615	57.692307692307686
INF174K01LI3	Kotak ELSS Tax Saver Dir Gr	ELSS (Tax Savings)	4.0	60.65	A	86.85103980925611	74.19354838709677	47.87234042553192	35.294117647058826	56.86274509803921
INF582M01633	Union Flexi Cap Dir Gr	Flexi Cap	3.0	52.15	A	88.5080085817817	42.10526315789473	62.5	35.294117647058826	64.70588235294117
INF251K01PT7	Baroda BNP P IndiaCnsmptnDirGr	Equity - Consumption	3.0	26.25	B	174.398837237835		45.45454545454545	81.81818181818183	9.090909090909092
INF903JA1LE2	Sundaram Flexi Cap Dir Gr	Flexi Cap	3.0	20.43	C	215.19457575667596			32.35294117647059	14.705882352941178
INF769K01HU3	Mirae Asset HangSeng TECH ETF FoF Dir Gr	Global - Other		7.56	C	344.0881817112491			14.035087719298245	1.7543859649122806
INF760K01EL8	Canara Robeco ELSS Tax Saver Dir Gr	ELSS (Tax Savings)	4.0	59.29	A	74.74353666669846	77.41935483870968	31.914893617021278	33.33333333333333	68.62745098039215
INF192K01BZ0	JM Large Cap Dir Gr	Large-Cap	5.0	50.62	A	88.50551351330986	21.73913043478261	71.42857142857143	58.06451612903226	58.06451612903226
INF090I01IZ5	Franklin Asian Eq Dir Gr	Global - Other		19.1	A	75.84971361947184	23.076923076923077	10.81081081081081	12.280701754385964	26.31578947368421
INF204K01F95	Nippon India Focused Dir Gr	Focused Fund	3.0	55.68	A	83.97851060887625	71.42857142857143	39.130434782608695	42.30769230769231	65.38461538461539
INF044D01CA9	Taurus Discovery (Midcap) Dir Gr	Mid-Cap	2.0	9.52	A	102.42163302324427	10.0	4.0	6.896551724137931	20.689655172413794
INF251K01QT5	Baroda BNP P Aqua FoF Dir Gr	Global - Other		23.26	C	30.435685782433346			10.526315789473683	54.385964912280706
INF846K01EW2	Axis ELSS Tax Saver Fd Dir Gr	ELSS (Tax Savings)	2.0	14.7	A	121.07640023799264	19.35483870967742	2.127659574468085	31.372549019607842	31.372549019607842
INF846K01B28	Axis Flexi Cap Dir Gr	Flexi Cap	2.0	23.38	B	127.29228212388593		20.833333333333336	29.411764705882355	35.294117647058826
INF194KB1DV7	Bandhan Nifty100 Low Vol 30 Idx Dir Gr	Index Funds		34.01	C	192.4257797983064			45.40229885057471	34.48275862068966
INF277K01QZ7	Tata Large Cap Dir Gr	Large-Cap	4.0	51.48	A	93.94693975644924	41.30434782608695	60.71428571428571	54.83870967741935	54.83870967741935
INF204KC1584	Nippon Ind Nifty Alp Lw Vol30 Dir Gr	Index Funds		26.39	C	290.847694903146			45.40229885057471	11.494252873563218
INF109KC1R89	ICICI Pru Nifty Alp LV 30 ETF FOF Dir Gr	Equity - Other		14.7	C	280.06974470526			24.528301886792452	7.547169811320755
INF789F1AVA3	UTI Focused Dir Gr	Focused Fund	3.0	21.12	C	290.02230907226283			38.46153846153847	7.6923076923076925
INF579M01902	360 ONE Focused Dir Gr	Focused Fund	4.0	75.33	A	105.44755325910138	100.0	65.21739130434783	34.61538461538461	50.0
INF247L01957	Motilal Oswal Nifty 500 Dir Gr	Index Funds		57.18	B	123.48392394502797		60.526315789473685	43.67816091954023	63.2183908045977
INF109KC1P81	ICICI Pru Nifty 100 LV 30 ETF FOF Dir Gr	Equity - Other		17.51	C	175.30355616916492			22.641509433962266	18.867924528301888
INF760K01EF0	Canara Robeco Flexi Cap Dir Gr	Flexi Cap	4.0	59.04	A	79.09907161733494	57.89473684210527	50.0	26.47058823529412	73.52941176470588
INF174V01663	Mahindra Manulife Consumption Dir Gr	Equity - Consumption	4.0	44.05	B	147.46742746379172		54.54545454545454	72.72727272727273	36.36363636363637
INF209KB14D2	Aditya BSL Business Cycle Dir Gr	Equity - Other		15.32	C	184.95520307183682			20.754716981132077	15.09433962264151
INF754K01BW4	Edelweiss Large Cap Dir Gr	Large-Cap	5.0	84.49	A	86.22807834194668	86.95652173913044	82.14285714285714	51.61290322580645	67.74193548387096
INF582M01765	Union ELSS Tax Saver Dir Gr	ELSS (Tax Savings)	3.0	38.2	A	84.47702167814191	29.03225806451613	38.297872340425535	29.411764705882355	60.78431372549019
INF209KB1U76	Aditya BSL ESG Intg Stgy Dir Gr	Equity - ESG	3.0	79.22	B	112.64050748308314		77.77777777777779	77.77777777777779	100.0
INF174V01093	Mahindra Manulife ELSS TaxSaverDirGr	ELSS (Tax Savings)	4.0	34.81	B	123.51772567153918		42.5531914893617	27.450980392156865	29.411764705882355
INF173K01HZ7	Sundaram ELSS Tax Saver Dir Gr	ELSS (Tax Savings)	4.0	42.89	A	95.9066468843779	54.83870967741935	27.659574468085108	25.49019607843137	45.09803921568628
INF090I01FN7	Franklin India Large Cap Dir Gr	Large-Cap	2.0	31.23	A	85.41290887395736	17.391304347826086	28.57142857142857	48.38709677419355	70.96774193548387
INF200KA1LS9	SBI Long Term Advnt Fd Series IV Dir Gr	ELSS (Tax Savings)		58.35	B	100.66109418784875		80.85106382978722	23.52941176470588	41.17647058823529
INF846K01Y39	Axis Greater China Equity FoF Dir Gr	Global - Other		10.45	B	96.39639007262198		16.216216216216218	8.771929824561402	5.263157894736842
INF209K01YY7	Aditya BSL Large Cap Dir Gr	Large-Cap	4.0	48.17	A	99.19046573659239	41.30434782608695	53.57142857142857	45.16129032258064	51.61290322580645
INF200KA14W3	SBI Dividend Yield Dir Gr	Dividend Yield		9.21	C	163.7191536217696			11.11111111111111	11.11111111111111
INF109KC1YD4	ICICI Pru Bharat Consumption Dir Cum	Equity - Consumption	4.0	49.66	B	148.07522647259134		72.72727272727273	63.63636363636363	27.27272727272727
INF174V01721	Mahindra Manulife Lrg Cap Dir Gr	Large-Cap	4.0	39.51	B	132.47669336133166		57.14285714285714	41.935483870967744	22.58064516129032
INF204K01G52	Nippon India Consumption Dir Gr	Equity - Consumption	4.0	60.45	A	130.36411932923738	37.5	90.9090909090909	54.54545454545454	54.54545454545454
INF00XX01BU6	ITI Banking and Fin Svcs Dir Gr	Sector - Financial Services	4.0	18.13	C	138.27865943203594			26.666666666666668	13.333333333333334
INF173K01EK6	Sundaram Focused Dir Gr	Focused Fund	3.0	33.59	A	102.8560377772778	35.714285714285715	21.73913043478261	30.76923076923077	53.84615384615385
INF760K01DU1	Canara Robeco Consumer Trends Dir Gr	Equity - Consumption	5.0	61.57	A	122.57696040591401	75.0	36.36363636363637	45.45454545454545	63.63636363636363
INF109KA1CE0	ICICI Pru Global Stbl Eq(FOF) Dir Gr	Global - Other		43.71	A	22.039894768092605	26.923076923076923	45.94594594594595	7.017543859649122	71.9298245614035
INF760K01FR2	Canara Robeco Large Cap Dir Gr	Large-Cap	5.0	67.73	A	104.50069608879014	91.30434782608695	50.0	38.70967741935484	41.935483870967744
INF209K01WC7	Aditya BSL Consumption Dir Gr	Equity - Consumption	4.0	52.73	A	113.11248821077602	62.5	27.27272727272727	36.36363636363637	72.72727272727273
INF903J01NH5	Sundaram Consumption Dir Gr	Equity - Consumption	2.0	24.95	A	142.45301917614904	25.0	18.181818181818183	27.27272727272727	45.45454545454545
INF200K01T51	SBI Small Cap Fund Dir Gr	Small-Cap	3.0	37.29	A	104.41536717318958	69.23076923076923	13.043478260869565	8.0	28.000000000000004
INF789F01VF3	UTI India Consumer Dir Gr	Equity - Consumption	2.0	25.77	A	108.20479596187698	12.5	9.090909090909092	18.181818181818183	81.81818181818183
INF109K013J1	ICICI Pru Banking & Fin Svcs Dir Gr	Sector - Financial Services	4.0	45.45	A	100.67206611379966	63.63636363636363	33.33333333333333	20.0	33.33333333333333
INF179K01YV8	HDFC Large Cap Dir Gr	Large-Cap	5.0	69.05	A	105.51193206218854	65.21739130434783	85.71428571428571	35.483870967741936	38.70967741935484
INF666M01600	Groww Large Cap Dir Gr	Large-Cap	4.0	53.11	A	72.44644698210917	34.78260869565217	42.857142857142854	32.25806451612903	96.7741935483871
INF277KA1679	Tata Multicap Dir Gr	Multi-Cap	1.0	22.82	C	93.14538053620454			10.526315789473683	63.1578947368421
INF277KA1430	Tata Nifty India Dgtl ETF FoF Dir Gr	Sector - Technology		46.96	C	13228.336091120653			83.33333333333334	16.666666666666664
INF174KA1FI4	Kotak ESG Exclusionary Strategy Dir Gr	Equity - ESG	4.0	62.28	B	118.52740161139901		55.55555555555556	66.66666666666666	77.77777777777779
INF767K01EM1	LIC MF ELSS Tax Saver Dir Gr	ELSS (Tax Savings)	3.0	19.43	A	164.85731658827095	25.806451612903224	19.148936170212767	21.568627450980394	13.725490196078432
INF789F01TF7	UTI ELSS Tax Saver Dir Gr	ELSS (Tax Savings)	3.0	19.33	A	111.69108449161627	22.58064516129032	8.51063829787234	19.607843137254903	33.33333333333333
INF200K01QX4	SBI Large Cap Dir Gr	Large-Cap	4.0	51.51	A	87.49114384249795	47.82608695652174	46.42857142857143	29.03225806451613	64.51612903225806
INF959L01DT9	Navi Flexi Cap Dir Gr	Flexi Cap	3.0	60.33	B	71.91094702084439		54.166666666666664	23.52941176470588	82.35294117647058
INF582M01FS4	Union Focused Dir Gr	Focused Fund	3.0	41.07	B	80.03184441528278		26.08695652173913	26.923076923076923	69.23076923076923
INF767K01EG3	LIC MF Flexi Cap Dir Gr	Flexi Cap	2.0	30.88	A	63.320183915975704	10.526315789473683	16.666666666666664	20.588235294117645	97.05882352941177
INF251K01PN0	Baroda BNP P Focused Dir Gr	Focused Fund	3.0	27.6	B	144.85427458188673		30.434782608695656	23.076923076923077	30.76923076923077
INF740KA1RB9	DSP Nifty Midcap 150 Qul 50 Dir Gr	Index Funds		22.29	C	356.3138675168248			42.5287356321839	3.4482758620689653
INF663L01DV3	PGIM India Midcap Fund Dir Gr	Mid-Cap	2.0	28.46	A	86.21667999307837	40.0	20.0	3.4482758620689653	34.48275862068966
INF789F1AVF2	UTI BSE Low Volatility Index Dir Gr	Index Funds		27.05	C	248.54338712674112			41.37931034482759	19.54022988505747
INF666M01DK7	Groww ELSS Tax Saver Dir Gr	ELSS (Tax Savings)	2.0	12.55	B	150.34324579996746		10.638297872340425	17.647058823529413	19.607843137254903
INF247L01AY5	Motilal Oswal BSE Low Vol Idx Dir Gr	Index Funds		26.86	C	248.1672837818172			40.229885057471265	20.689655172413794
INF00XX01804	ITI Large Cap Dir Gr	Large-Cap	2.0	10.88	B	206.8212227558596		17.857142857142858	25.806451612903224	6.451612903225806
INF966L01853	Quant Focused fund Dir Gr	Focused Fund	4.0	46.73	A	139.86064967756073	57.14285714285714	43.47826086956522	19.230769230769234	34.61538461538461
INF789F1AVH8	UTI Nifty Midcap 150 Qual 50 Idx Dir Gr	Index Funds		20.19	C	394.2150115687565			39.08045977011494	2.2988505747126435
INF044D01BU9	Taurus Flexi Cap Dir Gr	Flexi Cap	2.0	12.45	A	158.69897619338673	5.263157894736842	12.5	17.647058823529413	29.411764705882355
INF200K01SE0	SBI ESG Exclusionary Strategy Dir Gr	Equity - ESG	4.0	80.0	A	118.63998901388018	100.0	66.66666666666666	55.55555555555556	66.66666666666666
INF846K01Z87	Axis Quant Dir Gr	Equity - Other		12.51	C	259.45241182468226			18.867924528301888	9.433962264150944
INF959L01CH6	Navi Large & Mid Cap Dir Gr	Large & Mid-Cap	3.0	22.0	A	96.65159591101158	30.0	15.384615384615385	7.6923076923076925	23.076923076923077
INF843K01AW7	Edelweiss ASEAN Equity Off Shore Dir Gr	Global - Other		26.11	A	55.99575617780924	15.384615384615385	35.13513513513514	5.263157894736842	33.33333333333333
INF044D01CG6	Taurus ELSS Tax Saver Dir Gr	ELSS (Tax Savings)	3.0	23.52	A	152.80209899213256	32.25806451612903	21.27659574468085	15.686274509803921	17.647058823529413
INF903JA1JC0	Sundaram Large Cap Dir Gr	Large-Cap	4.0	24.62	B	150.46951060697927		33.92857142857143	22.58064516129032	16.129032258064516
INF789F01UD0	UTI MNC Dir Gr	Equity - Other		23.32	A	76.09495105437311	11.76470588235294	11.76470588235294	16.9811320754717	60.37735849056604
INF200K01UG1	SBI Flexicap Dir Gr	Flexi Cap	3.0	31.58	A	95.71031390468664	26.31578947368421	25.0	14.705882352941178	55.88235294117647
INF194KB1CR7	Bandhan Nifty 100 Index Dir Gr	Index Funds		22.29	C	304.31930812097255			37.93103448275862	10.344827586206897
INF846K01S29	Axis Nifty 100 Index Dir Gr	Index Funds		48.75	B	149.56217316173493		55.26315789473685	36.7816091954023	49.42528735632184
INF200K01RM5	SBI Consumption Opportunities Dir Gr	Equity - Consumption	3.0	56.57	A	157.09189164677449	50.0	100.0	9.090909090909092	18.181818181818183
INF277KA1497	Tata Housing Opportunities Dir Gr	Equity - Other		8.13	C	537.0273527601797			15.09433962264151	1.8867924528301887
INF754K01NJ6	Edelweiss Nifty100 Qul 30 Idx Dir Gr	Index Funds		25.72	C	232.3841217782974			35.63218390804598	24.137931034482758
INF769K01AX2	Mirae Asset Large Cap Dir Gr	Large-Cap	4.0	50.9	A	102.55710173031467	78.26086956521739	21.428571428571427	19.35483870967742	48.38709677419355
INF179KC1BY3	HDFC Nifty 100 Index Dir Gr	Index Funds		20.19	C	320.55507413790156			34.48275862068966	9.195402298850574
INF179KC1DY9	HDFC Business Cycle Dir Gr	Equity - Other		7.82	C	418.0363392629461			13.20754716981132	3.7735849056603774
INF959L01CD5	Navi ELSS Tax Saver Fund Dir Gr	ELSS (Tax Savings)	2.0	21.76	A	95.15898141097945	16.129032258064516	17.02127659574468	13.725490196078432	47.05882352941176
INF277K011O1	Tata Small Cap Fund Dir Gr	Small-Cap	2.0	11.76	B	429.68348283518816		21.73913043478261	4.0	4.0
INF903J01NN3	Sundaram Value Direct Growth	ELSS (Tax Savings)	2.0	15.06	A	106.88010507802093	6.451612903225806	13.829787234042554	11.76470588235294	37.254901960784316
INF663L01FF1	PGIM India Flexi Cap Dir Gr	Flexi Cap	3.0	53.75	A	90.25216714113292	73.68421052631578	33.33333333333333	11.76470588235294	61.76470588235294
INF209K01VT3	Aditya BSL MNC Dir Gr	Equity - Other		10.66	A	136.0697115710501	5.88235294117647	2.941176470588235	11.320754716981133	30.18867924528302
INF789F01US8	UTI Large cap Dir Gr	Large-Cap	3.0	21.56	A	122.39914702176439	26.08695652173913	14.285714285714285	16.129032258064516	29.03225806451613
INF846K01W23	Axis ESG Integration Strategy Dir Gr	Equity - ESG	1.0	17.05	B	187.3385035907701		11.11111111111111	44.44444444444444	33.33333333333333
INF846K01DP8	Axis Large Cap Fund Dir Gr	Large-Cap	3.0	27.14	A	124.94180590190717	52.17391304347826	3.571428571428571	12.903225806451612	25.806451612903224
INF200KA1A71	SBI Equity Minimum Variance Dir Gr	Equity - Other		23.15	B	130.24352421205884		17.647058823529413	9.433962264150944	33.9622641509434
INF194K012A8	Bandhan Nifty 50 Index Dir Gr	Index Funds		69.77	A	106.93560999725251	88.88888888888889	42.10526315789473	32.758620689655174	85.0574712643678
INF204K01H36	Nippon India Index Nifty 50 Dir Gr	Index Funds		58.95	A	106.80686791079488	63.888888888888886	38.15789473684211	32.758620689655174	86.20689655172413
INF200K01RV6	SBI Technology Opportunities Dir Gr	Sector - Technology		93.44	A	154.87088939113283	100.0	100.0	66.66666666666666	83.33333333333334
INF740KA1MM7	DSP Nifty 50 Index Dir Gr	Index Funds		37.07	B	154.8213850359157		34.21052631578947	31.03448275862069	47.12643678160919
INF789F01XA0	UTI Nifty 50 Index Fund Dir Gr	Index Funds		65.97	A	107.6321815198854	83.33333333333334	38.15789473684211	29.88505747126437	83.9080459770115
INF209K01VY3	Aditya BSL Nifty 50 Index Dir Gr	Index Funds		35.2	A	107.84647681044454	16.666666666666664	25.0	28.735632183908045	82.75862068965517
INF200K01TE8	SBI Nifty Index Dir Gr	Index Funds		54.13	A	108.7398059369848	63.888888888888886	28.947368421052634	27.586206896551722	79.3103448275862
INF109K012M7	ICICI Pru Nifty 50 Index Dir Gr	Index Funds		52.34	A	107.96668444031677	55.55555555555556	31.57894736842105	26.436781609195403	81.60919540229885
INF090I01GS4	Franklin India NSE Nifty 50 Index Dir Gr	Index Funds		35.46	A	108.00172084061226	22.22222222222222	21.052631578947366	25.287356321839084	80.45977011494253
INF966L01614	Quant Multi Cap Dir Gr	Multi-Cap	4.0	63.65	A	127.2727718996056	100.0	37.5	5.263157894736842	42.10526315789473
INF846K01CQ8	Axis Focused Dir Gr	Focused Fund	2.0	12.57	A	167.9023176772786	14.285714285714285	4.3478260869565215	15.384615384615385	26.923076923076923
INF579M01AN2	360 ONE ELSS Tax Saver Nifty 50 IdxDrGr	ELSS (Tax Savings)	2.0	6.3	C	335.23816576909763			9.803921568627452	5.88235294117647
INF277K01PJ3	Tata Nifty 50 Index Dir	Index Funds		55.47	A	109.17740214383844	72.22222222222221	25.0	24.137931034482758	77.01149425287356
INF582M01CU7	Union Largecap Dir Gr	Large-Cap	3.0	17.65	B	167.23652680844546		25.0	9.67741935483871	12.903225806451612
INF769K01GQ3	Mirae Ast Nifty 100 ESG Sect LdrsFOFDrGr	Equity - ESG	3.0	34.6	B	174.90821188760964		33.33333333333333	33.33333333333333	44.44444444444444
INF044D01CN2	Taurus Banking & Fin Services Dir Gr	Sector - Financial Services	4.0	24.13	A	103.82753702815518	36.36363636363637	8.333333333333332	13.333333333333334	26.666666666666668
INF767K01NK6	LIC MF Banking & Fin Serv Dir Gr	Sector - Financial Services	2.0	33.65	A	47.842775922777754	9.090909090909092	25.0	6.666666666666667	100.0
INF247L01AE7	Motilal Oswal Nifty 50 Index Dir Gr	Index Funds		45.98	B	155.66216520856747		52.63157894736842	22.988505747126435	45.97701149425287
INF959L01FP2	Navi Nifty 50 Index Dir Gr	Index Funds		13.15	C	343.80444893293566			21.839080459770116	6.896551724137931
INF846K013D2	Axis Nifty 50 Index Dir Gr	Index Funds		12.19	C	344.1582655285573			20.689655172413794	5.747126436781609
INF917K01D12	HSBC Nifty 50 Index Dir Gr	Index Funds		44.16	B	156.44741197533352		50.0	19.54022988505747	44.827586206896555
INF179K01WM1	HDFC Nifty 50 Index Dir	Index Funds		65.55	A	108.88951349349769	77.77777777777779	47.368421052631575	18.39080459770115	78.16091954022988
INF754K01NB3	Edelweiss Nifty 50 Index Dir Gr	Index Funds		11.24	C	343.5941401540266			17.24137931034483	8.045977011494253
INF959L01GR6	Navi ELSS Tax Saver Nfty 50 Idx Dr Gr	ELSS (Tax Savings)		5.2	C	356.89607719524656			7.8431372549019605	3.9215686274509802
INF174KA1HA7	Kotak Nifty 50 Index Dir Gr	Index Funds		9.53	C	348.73796806906427			16.091954022988507	4.597701149425287
INF247L01189	Motilal Oswal Focused Dir Gr	Focused Fund	2.0	27.81	A	40.532006519268435	7.142857142857142	8.695652173913043	11.538461538461538	100.0
INF204KB12Z0	Nippon India Nifty 50 Value 20 I Dir Gr	Index Funds		43.39	B	195.13074497254595		57.89473684210527	14.942528735632186	33.33333333333333
INF767K01FF2	LIC MF Nifty 50 Index Dir Gr	Index Funds		37.81	A	112.97491418030015	11.11111111111111	44.73684210526316	13.793103448275861	74.71264367816092
INF740KA1NQ6	DSP Quant Dir Gr	Equity - Other		16.37	B	130.75064878869344		5.88235294117647	7.547169811320755	32.075471698113205
INF082J01382	Quantum ESG Best In Class StgyFundDirGr	Equity - ESG	3.0	20.06	B	279.3861171891462		22.22222222222222	22.22222222222222	22.22222222222222
INF277K01MK8	Tata Large & Mid Cap Dir Gr	Large & Mid-Cap	2.0	9.59	A	207.04837038589008	17.5	7.6923076923076925	3.8461538461538463	3.8461538461538463
INF680P01158	Shriram ELSS Tax Saver Dir Gr	ELSS (Tax Savings)	2.0	6.77	B	194.84739155873564		6.382978723404255	5.88235294117647	9.803921568627452
INF205KA1338	Invesco India ESG Int StgyDir Gr	Equity - ESG	2.0	25.18	B	436.6350269298579		44.44444444444444	11.11111111111111	11.11111111111111
INF680P01109	Shriram Flexi Cap Dir Gr	Flexi Cap	2.0	10.71	B	214.8243336975633		8.333333333333332	8.823529411764707	17.647058823529413
INF767K01EJ7	LIC MF Large Cap Dir Gr	Large-Cap	2.0	11.3	A	135.32381966594605	13.043478260869565	7.142857142857142	6.451612903225806	19.35483870967742
INF663L01GR4	PGIM India Large Cap Dr Pl Gr	Large-Cap	2.0	13.76	A	120.09668420933586	8.695652173913043	10.714285714285714	3.225806451612903	32.25806451612903
INF044D01CQ5	Taurus Nifty 50 Index Dir Gr	Index Funds		35.2	A	117.90361423149112	33.33333333333333	15.789473684210526	12.643678160919542	68.96551724137932
INF663L01FN5	PGIM India ELSS Tax Saver Dir Gr	ELSS (Tax Savings)	3.0	30.07	A	143.18094060281618	45.16129032258064	23.404255319148938	3.9215686274509802	21.568627450980394
INF277K01NG4	Tata Ethical Dir Gr	Equity - Other		20.63	A	144.62070125737094	23.52941176470588	14.705882352941178	5.660377358490567	26.41509433962264
INF204K01K80	Nippon India Idx BSE Sensex Dir Gr	Index Funds		32.02	A	142.29667276476297	44.44444444444444	5.263157894736842	11.494252873563218	52.87356321839081
INF109K01Z48	ICICI Pru Technology Dir Gr	Sector - Technology		67.92	A	254.25104302444512	80.0	60.0	50.0	66.66666666666666
INF277K01PK1	Tata BSE Sensex Index Dir	Index Funds		24.06	A	146.08135193447734	27.77777777777778	2.631578947368421	10.344827586206897	50.57471264367817
INF397L01KA7	LIC MF Focused Dir Gr	Focused Fund	2.0	15.58	B	180.546191921623		17.391304347826086	7.6923076923076925	19.230769230769234
INF277K01Z77	Tata Digital India Dir Gr	Sector - Technology		37.37	A	318.36046195288714	40.0	40.0	33.33333333333333	33.33333333333333
INF789F01TC4	UTI Flexi Cap Dir Gr	Flexi Cap	2.0	9.55	A	258.0194293051356	21.052631578947366	4.166666666666666	5.88235294117647	2.941176470588235
INF247L01890	Motilal Oswal Nifty Bank Index Dir Gr	Index Funds		36.69	B	120.44296777508386		18.421052631578945	9.195402298850574	65.51724137931035
INF109KC11A4	ICICI Pru Nifty Bank Index Dir Gr	Index Funds		12.38	C	229.95531895588877			8.045977011494253	25.287356321839084
INF959L01FT4	Navi Nifty Bank Index Dir Gr	Index Funds		11.05	C	237.769126759861			6.896551724137931	22.988505747126435
INF789F1AVD7	UTI BSE Sensex Index Fund Dir Gr	Index Funds		2.95	C	1171.3015857772464			5.172413793103448	1.1494252873563218
INF109KB10X0	ICICI Pru BSE Sensex Index Dir Gr	Index Funds		14.47	B	242.54732884690617		10.526315789473683	5.172413793103448	21.839080459770116
INF179K01WN9	HDFC BSE Sensex Index Dir	Index Funds		36.6	A	144.64093626621846	50.0	13.157894736842104	3.4482758620689653	51.724137931034484
INF767K01FJ4	LIC MF BSE Sensex Index Dir Gr	Index Funds		16.63	A	151.7902647802616	5.555555555555555	7.894736842105263	2.2988505747126435	48.275862068965516
INF179KC1FC0	HDFC MNC Dir Gr	Equity - Other		3.75	C	345.23448728519674			3.7735849056603774	5.660377358490567
INF174KA1FO2	Kotak Intl REIT Ovrs Eq Omni FOF Dir Gr	Global - Other		15.83	B	75.35933987414374		8.108108108108109	3.508771929824561	28.07017543859649
INF209K01VF2	Aditya BSL Digital India Dir Gr	Sector - Technology		42.41	A	298.6811605389368	60.0	20.0	16.666666666666664	50.0
INF769K01EU0	Mirae Asset Focused Dir Gr	Focused Fund	2.0	7.61	B	673.6832830233085		13.043478260869565	3.8461538461538463	3.8461538461538463
INF200K01SN1	SBI MNC Dir Gr	Equity - Other		20.47	A	95.20781896502196	17.647058823529413	8.823529411764707	1.8867924528301887	43.39622641509434
INF174V01AY0	Mahindra Manu APAC REITs FOF Dir Gr	Global - Other		6.69	C	83.67596465663095			1.7543859649122806	17.543859649122805
INF0K1H01065	Samco ELSS Tax Saver Dir Gr	ELSS (Tax Savings)	1.0	1.42	C	1205.1559053266378			1.9607843137254901	1.9607843137254901
INF109KC13E2	ICICI Pru Nifty IT Index Dir Gr	Index Funds		13.91	C	177.51156377593006			1.1494252873563218	40.229885057471265
INF0K1H01024	Samco Flexi Cap Dir Gr	Flexi Cap	1.0	7.22	C	205.0485393598952			2.941176470588235	20.588235294117645
INF109K01Z14	ICICI Pru FMCG Dir Gr	Sector - FMCG		97.5	A	696.3901790715395	100.0	100.0	100.0	100.0
INF247L01BT3	MotilalOswalDvMktExUSETFsOvsEqPsvFOFDrGr	Global - Other			C					
INF200KB1688	SBI BSE PSU Bank Idx Dir Gr	Index Funds			C					
INF247L01EB5	Motilal Oswal Nifty Cptl Mkt Idx Dir Gr	Index Funds			C					
INF277KA1CO5	Tata Nifty Capital Markets Idx Dir Gr	Index Funds			C					
INF247L01DW3	Motilal Oswal Nifty MdSmFinclSvcsIdxDrGr	Index Funds			C					
INF200KB1183	SBI Automotive Opportunities Dir Gr	Equity - Other			C					
INF966L01BX0	Quant BFSI Dir Gr	Sector - Financial Services			C					
INF109KC13X2	ICICI Pru Nifty200 Val 30 Idx Dir Gr	Index Funds			C					
INF846K013Y8	Axis Nifty500 Value 50 Index Dir Gr	Value			C					
INF194KB1IW4	Bandhan Nifty 500 Value 50 Index Dir Gr	Index Funds			C					
INF789F1AYN0	UTI Nifty 500 Value 50 Index Dir Gr	Index Funds			C					
INF179KC1GU0	HDFC Trsptn & Logistics Dir Gr	Equity - Other			C					
INF247L01CW5	Motilal Oswal Nifty IND Dfnc Idx Dir Gr	Index Funds			C					
INF209KC1183	Aditya BSL Nifty India Dfnc Idx Dir Gr	Index Funds			C					
INF174KA1TG9	Kotak MNC Dir Gr	Equity - Other			C					
INF666M01IQ3	Groww Nifty IND Dfnc ETF FoF Dir Gr	Equity - Other			C					
INF204KC1EE8	Nippon India Nifty Auto Idx Dir Gr	Index Funds			C					
INF277KA1AU6	Tata Nifty Auto Index Dir Gr	Index Funds			C					
INF179KC1GI5	HDFC Defence Dir Gr	Equity - Other			C					
INF174KA1SL1	Kotak BSE PSU Index Dir Gr	Index Funds			C					
INF251K01TP7	Baroda BNP Paribas Manufctrng Dir Gr	Equity - Other			C					
INF109KC12W6	ICICI Prudential Energy Opps Dir Gr	Sector - Energy			C					
INF174KA1TS4	Kotak Trsptn & Lgstcs Dir Gr	Equity - Other			C					
INF767K01RR2	LIC MF Manufacturing Dir Gr	Equity - Other			C					
INF209KB15X7	Aditya BSL Trsptn andLogisticsDirGr	Equity - Other			C					
INF179KC1HO1	HDFC Pharma and Healthcare Dir Gr	Sector - Healthcare			C					
INF174KA1VE0	Kotak Nifty Commodities Index Dir Gr	Index Funds			C					
INF666M01JD9	Groww Multicap Dir Gr	Multi-Cap			C					
INF247L01EP5	Motilal Oswal Active Momentum Dir Gr	Equity - Other			C					
INF789F1AB48	UTI Nifty India Manufacturing Idx Dir Gr	Index Funds			C					
INF03VN01886	WhiteOak Capital Phrm and Hlthcr Dir Gr	Sector - Healthcare			C					
INF846K016S3	Axis India Manufacturing Dir Gr	Equity - Other			C					
INF0R8701327	Helios Mid Cap Dir Gr	Mid-Cap			C					
INF205KA1AI8	Invesco India Business Cycle Dir Gr	Equity - Other			C					
INF0GCD01800	TrustMF Small Cap Dir Gr	Small-Cap			C					
INF251K01UJ8	Baroda BNP Paribas Engy Opps Dir Gr	Sector - Energy			C					
INF760K01KZ5	Canara Robeco Manufacturing Dir Gr	Equity - Other			C					
INF251K01TE1	Baroda BNP Paribas Innovation Dir Gr	Equity - Other			C					
INF174V01BQ4	Mahindra Manulife Business Cycl Dr Gr	Equity - Other			C					
INF174V01CI9	Mahindra Manulife Value Dir Gr	Value			C					
INF174KA1PZ7	Kotak Healthcare Dir Gr	Sector - Healthcare			C					
INF769K01NJ4	Mirae Asset Small Cap Dir Gr	Small-Cap			C					
INF663L01Z45	PGIM India Healthcare Dir Gr	Sector - Healthcare			C					
INF740KA1TQ3	DSP Banking & Financial Svcs Dir Gr	Sector - Financial Services			C					
INF174V01CC2	Mahindra Manulife Manufactrng Dir Gr	Equity - Other			C					
INF277KA1BM1	TataNfty500Mltcp Ind Mnfc Idx Dr Gr	Index Funds			C					
INF194KB1IE2	Bandhan Innovation Dir Gr	Equity - Other			C					
INF740KA1VB1	DSP BSE SENSEX Next 30 Index Dir Gr	Index Funds			C					
INF336L01RU8	HSBC Financial Services Dir Gr	Sector - Financial Services			C					
INF174KA1SR8	Kotak Nifty Midcap 50 Index Dir Gr	Index Funds			C					
INF0R8701269	Helios Large & Mid Cap Dir Gr	Large & Mid-Cap			C					
INF179KC1II1	HDFC Manufacturing Dir Gr	Equity - Other			C					
INF0QA701342	Bajaj Finserv Flexi Cap Dir Gr	Flexi Cap			C					
INF209KC1118	Aditya BSL Quant Dir Gr	Equity - Other			C					
INF247L01EJ8	Motilal Oswal Innovation Opps Dir Gr	Equity - Other			C					
INF03VN01845	Whiteoak Capital Large & Mid Cap Dir Gr	Large & Mid-Cap			C					
INF00XX01CS8	ITI Focused Dir Gr	Focused Fund			C					
INF966L01CD0	Quant Healthcare Dir Gr	Sector - Healthcare			C					
INF204KC1EK5	Nippon India Active Momentum Dir Gr	Equity - Other			C					
INF174KA1OR7	Kotak Nifty Fincl Svcs Ex-Bk Idx Dir Gr	Index Funds			C					
INF03VN01803	WhiteOak Capital Multi Cap Dir Gr	Multi-Cap			C					
INF179KC1GC8	HDFC NIFTY Midcap 150 Index Dir Gr	Index Funds			C					
INF277KA1BG3	Tata Nifty MidSmall Hlthcr Idx DirGr	Index Funds			C					
INF761K01GI7	Bank of India Consumption Dir Gr	Equity - Consumption			C					
INF247L01EA7	Motilal Oswal Nifty MdSm Hlthcr IdxDrGr	Index Funds			C					
INF251K01UA7	Baroda BNP P NIFTY Midcap 150 Idx Dir Gr	Index Funds			C					
INF200KB1126	SBI Energy Opportunities Dir Gr	Sector - Energy			C					
INF789F1AZO5	UTI Nifty Midcap 150 Index Dir Gr	Index Funds			C					
INF789F1AYP5	UTI Nifty50 Equal Weight Index Dir Gr	Index Funds			C					
INF03VN01902	WhiteOak Capital Special Opps Dir Gr	Equity - Other			C					
INF666M01HS1	Groww Banking & Fincl Svcs Dir Gr	Sector - Financial Services			C					
INF200KB1027	SBI Nifty50 Equal Weight Idx Dir Gr	Index Funds			C					
INF0QA701AB9	Bajaj Finserv Healthcare Dir Gr	Sector - Healthcare			C					
INF194KB1IT0	Bandhan Nifty Midcap 150 Index Dir Gr	Index Funds			C					
INF336L01RO1	HSBC India Export Opports Dir Gr	Equity - Other			C					
INF174KA1UE2	Kotak Nifty 50 Equal Weight Idx Dir Gr	Index Funds			C					
INF769K01KK8	Mirae Asset Multicap Dir Gr	Multi-Cap			C					
INF194KB1IS2	Bandhan BSE Healthcare Index Dir Gr	Index Funds			C					
INF754K01SK3	Edelweiss Technology Fund Dir Gr	Sector - Technology			C					
INF109KC12Z9	ICICI Prudential Rural Opps Dir Gr	Equity - Other			C					
INF740KA1UX7	DSP Business Cycle Dir Gr	Equity - Other			C					
INF082J01432	Quantum Small Cap Dir Gr	Small-Cap			C					
INF663L01Z03	PGIM India Multi Cap Dir Gr	Multi-Cap			C					
INF200KB1506	SBI Quant Dir Gr	Equity - Other			C					
INF205KA1908	Invesco India Manufacturing Dir Gr	Equity - Other			C					
INF174KA1VQ4	Kotak Nifty Midcap 150 Index Dir Gr	Index Funds			C					
INF0R8701046	Helios Flexi Cap Dir Gr	Flexi Cap			C					
INF754K01SD8	Edelweiss Multi Cap Dir Gr	Multi-Cap			C					
INF0S5R01042	Old Bridge Focused Dir Gr	Focused Fund			C					
INF109KC12T2	ICICI Pru Innovt Dir Gr	Equity - Other			C					
INF277KA1DA2	Tata BSE Sel Business Grps Idx Dir Gr	Index Funds			C					
INF174KA1SF3	Kotak Special Opportunities Dir Gr	Equity - Other			C					
INF247L01DA9	Motilal Oswal Manufacturing Dir Gr	Equity - Other			C					
INF174KA1PP8	Kotak Consumption Dir Gr	Equity - Consumption			C					
INF760K01KO9	Canara Robeco Multi Cap Dir Gr	Multi-Cap			C					
INF0QA701896	Bajaj Finserv Large Cap Dir Gr	Large-Cap			C					
INF251K01SR5	Baroda BNP Paribas Small Cap Dir Gr	Small-Cap			C					
INF582M01JE6	Union Innovation & Opports Dir Gr	Equity - Other			C					
INF0R8F01026	ZerodhaELSSTaxSavrNftyLrgMdcap250IdxDrGr	ELSS (Tax Savings)			C					
INF0R8F01018	Zerodha Nifty LargeMidcap 250 Idx Dir Gr	Index Funds			C					
INF090I01XA7	Franklin India Multi Cap Dir Gr	Multi-Cap			C					
INF251K01TV5	Baroda BNP P Dividend Yield Dir Gr	Dividend Yield			C					
INF754K01TA2	Edelweiss Business Cycle Dir Gr	Equity - Other			C					
INF247L01BY3	Motilal Oswal Small Cap Dir Gr	Small-Cap			C					
INF109KC12U0	ICICI PruNiftyLargeMidcap250IdxDirGr	Index Funds			C					
INF179KC1IQ4	HDFC Nifty LargeMidcap 250 Index Dir Gr	Index Funds			C					
INF582M01JQ0	Union Business Cycle Dir Gr	Equity - Other			C					
INF769K01MJ6	Mirae Asset Nifty LrgMdcp250IdxDirGr	Index Funds			C					
INF174KA1TY2	Kotak Nifty 100 Equal Weight Idx Dir Gr	Index Funds			C					
INF247L01CS3	Motilal Oswal Quant Dir Gr	Equity - Other			C					
INF03VN01860	WhiteOak Capital Bkg & Fincl Svcs Dir Gr	Sector - Financial Services			C					
INF769K01OE3	Mirae Ast BSE 200 EqlWghtETFFoFDirGr	Index Funds			C					
INF109KC10Y6	ICICI Prudential Eq Min Var Dir Gr	Equity - Other			C					
INF0QA701AV7	Bajaj Finserv Multi Cap Dir Gr	Multi-Cap			C					
INF277KA1BS8	Tata Nifty500 Mltcp Infras Idx DirGr	Index Funds			C					
INF666M01IL4	Groww Nifty EV&NwAgAtmtvETFFoF Dir Gr	Equity - Other			C					
INF0QA701763	Bajaj Finserv Large & Mid Cap Dir Gr	Large & Mid-Cap			C					
INF200KB1563	SBI Nifty Bank Index Dir Gr	Index Funds			C					
INF846K015W7	Axis Nifty Bank Index Dir Gr	Index Funds			C					
INF204KC1BO3	Nippon India Innovation Dir Gr	Equity - Other			C					
INF740KA1UO6	DSP Nifty Bank Index Dir Gr	Index Funds			C					
INF277KA1CI7	Tata Nifty200 Alpha 30 Index Dir Gr	Index Funds			C					
INF179KC1IM3	HDFC NIFTY100 Low Volatil 30 Idx Dir Gr	Index Funds			C					
INF769K01LU5	Mirae Ast Nifty200 Alp 30 ETF FoF Dr Gr	Equity - Other			C					
INF194KB1IO1	Bandhan Nifty Bank Index Dir Gr	Index Funds			C					
INF204KC1BY2	Nippon India Nifty Bank Index Dir Gr	Index Funds			C					
INF174KA1RZ3	Kotak NIFTY 100 Lw Vol 30 Idx Dir Gr	Index Funds			C					
INF174KA1TM7	Kotak Nifty Mdcp 150 Mmt 50 Idx Dir Gr	Index Funds			C					
INF174KA1OL0	Kotak Quant Dir Gr	Equity - Other			C					
INF846K011Z9	Axis Momentum Dir Gr	Equity - Other			C					
INF663L01Y12	PGIM India Large and Mid Cap Dir Gr	Large & Mid-Cap			C					
INF179KC1JF5	HDFC Nifty100 Quality 30 Index Dir Gr	Index Funds			C					
INF959L01HO1	Navi Nifty 500 Multicap 50 25 25IdxDirGr	Index Funds			C					
INF754K01TY2	Edelweiss Consumption Dir Gr	Equity - Consumption			C					
INF740KA1UC1	DSP Multicap Dir Gr	Multi-Cap			C					
INF179KC1IO9	HDFC Nifty500 Multcp 50:25:25 Idx Dir Gr	Index Funds			C					
INF769K01LN0	MiraeAstNftyMdSmCp400MQETFFoFDirGr	Equity - Other			C					
INF789F1AB22	UTI Nifty Mdsmcp 400 Momt Qul100IdxDirGr	Index Funds			C					
INF846K019W9	Axis Nifty 500 Index Dir Gr	Index Funds			C					
INF200KB1449	SBI Nifty India Consumption Dir Gr	Equity - Consumption			C					
INF200KB1381	SBI Nifty 500 Index Dir Gr	Index Funds			C					
INF00XX01DG1	ITI Bharat Consumption Dir Gr	Equity - Consumption			C					
INF666M01JQ1	Groww Nifty 200 ETF FOF Dir Gr	Equity - Other			C					
INF0QA701AK0	Bajaj Finserv ELSS Tax Saver Dir Gr	ELSS (Tax Savings)			C					
INF769K01MD9	Mirae Asset Nifty Total Mkt Idx Dir Gr	Index Funds			C					
INF1J2R01023	Angel One Nifty Total Market Idx Dir Gr	Index Funds			C					
INF109KC16Y3	ICICI Prudential Nifty 500 Idx Dir Gr	Index Funds			C					
INF0R8701202	Helios Financial Services Dir Gr	Sector - Financial Services			C					
INF204KC1DA8	Nippon Ind Nifty 500 Eql Wtd Idx Dr Gr	Index Funds			C					
INF174KA1NB3	Kotak Nifty Smallcap 50 Dir Gr	Index Funds			C					
INF179KC1GG9	HDFC BSE 500 Index Dir Gr	Index Funds			C					
INF0GCD01743	TrustMF Flexi Cap Dir Gr	Flexi Cap			C					
INF666M01HM4	Groww Nifty Total Market Idx Dir Gr	Index Funds			C					
INF194KB1IK9	Bandhan Nifty Total Market Index Dir Gr	Index Funds			C					
INF174KA1OB1	Kotak Nifty 200 Momt 30 Idx Dir Gr	Index Funds			C					
INF336L01QZ9	HSBC Consumption Dir Gr	Equity - Consumption			C					
INF761K01GF3	Bank of India Business Cycle Dir Gr	Equity - Other			C					
INF194KB1GB2	Bandhan Financial Services Dir Gr	Sector - Financial Services			C					
INF789F1AA98	UTI Quant Dir Gr	Equity - Other			C					
INF966L01DF3	Quant Commodities Dir Gr	Equity - Other			C					
INF194KB1HA2	Bandhan Nifty Alpha 50 Index Dir Gr	Index Funds			C					
INF194KB1JK7	Bandhan Nifty Next 50 Index Dir Gr	Index Funds			C					
INF209KC1332	Aditya BSL BSE India Infras Idx Dir Gr	Index Funds			C					
INF846KA1044	Axis Nifty500 Momentum 50 Index Dir Gr	Index Funds			C					
INF247L01CE3	Motilal Oswal Large Cap Dir Gr	Large-Cap			C					
INF204KC1DG5	Nippon Ind Nifty 500 Momt 50 IdxDrGr	Index Funds			C					
INF179KC1IC4	HDFC NIFTY200 Momentum 30 Index Dir Gr	Index Funds			C					
INF789F1AZH9	UTI Nifty200 Quality 30 Index Dir Gr	Index Funds			C					
INF579M01AS1	360 ONE Flexicap Dir Gr	Flexi Cap			C					
INF194KB1JA8	Bandhan Nifty 200 Quality 30 Idx Dir Gr	Index Funds			C					
INF769K01MQ1	Mirae Asset Nifty 50 Idx Dir Gr	Index Funds			C					
INF247L01DL6	Motilal Oswal Nifty 500 Momt 50 IdxDirGr	Index Funds			C					
INF194KB1IY0	Bandhan Nifty 500 Momentum 50 Idx Dir Gr	Index Funds			C					
INF251K01SY1	Baroda BNP P NIFTY 50 Index Dir Gr	Index Funds			C					
INF789F1AZM9	UTI Nifty Alpha Low-Vltlty 30 Idx Dir Gr	Index Funds			C					
INF194KB1JC4	Bandhan Nifty Alpha Lw Vol 30 Idx Dir Gr	Index Funds			C					
INF754K01SS6	Edelweiss Nifty Alp Lw Vol30IdxDirGr	Index Funds			C					
INF251K01TY9	Baroda BNP P Nifty200 Momt 30 Idx Dir Gr	Index Funds			C					
INF251K01SD5	Baroda BNP Paribas Value Dir Gr	Value			C					
INF0J8L01115	NJ ELSS Tax Saver Scheme Dir Gr	ELSS (Tax Savings)			C					
INF754K01TN5	EdelweissNifty500MltcpMmtQl50IdxDrGr	Index Funds			C					
INF582M01KG9	Union Active Momentum Dir Gr	Equity - Other			C					
INF277KA1CU2	Tata India Innovation Dir Gr	Equity - Other			C					
INF666M01HY9	Groww Nifty Smallcap 250 Idx Dir Gr	Index Funds			C					
INF174KA1UK9	Kotak Nifty Smallcap 250 Idx Dir Gr	Index Funds			C					
INF179KC1GE4	HDFC Nifty Smallcap 250 Index Dir Gr	Index Funds			C					
INF966L01CZ3	Quant Momentum Dir Gr	Equity - Other			C					
INF209KC1373	Aditya BSL Conglomerate Dir Gr	Equity - Other			C					
INF179KC1JI9	HDFC Nifty Top 20 Equal Wt Idx Dir Gr	Index Funds			C					
INF194KB1HG9	Bandhan Nifty SmCp 250 Idx Dir Gr	Index Funds			C					
INF0J8L01156	NJ Flexi Cap Dir Gr	Flexi Cap			C					
INF200KB1324	SBI Innovative Opportunities Dir Gr	Equity - Other			C					
INF194KB1IQ6	Bandhan Business Cycle Dir Gr	Equity - Other			C					
INF846K013X0	Axis Consumption Dir Gr	Equity - Consumption			C					
INF846K012V6	Axis BSE Sensex Index Dir Gr	Index Funds			C					
INF277KA1BA6	Tata Nifty Fincl Svcss Idx Dir Gr	Index Funds			C					
INF109KC16T3	ICICI Pru Nifty50 Val 20 Idx Dir Gr	Index Funds			C					
INF174KA1UV6	Kotak BSE Sensex Index Dir Gr	Index Funds			C					
INF0K1H01180	Samco Special Opportunities Dir Gr	Equity - Other			C					
INF740KA1VN6	DSP Nifty Private Bank Index Dir Gr	Index Funds			C					
INF789F1AZJ5	UTI Nifty Private Bank Index Dir Gr	Index Funds			C					
INF959L01HK9	Navi BSE Sensex Index Dir Gr	Index Funds			C					
INF205KA1965	Invesco India Technology Dir Gr	Sector - Technology			C					
INF200KA16Y4	SBI BSE Sensex Index Dir Gr	Index Funds			C					
INF03VN01951	WhiteOak Cptl ESG Bst-In-Cls Stgy Dir Gr	Equity - ESG			C					
INF00XX01DA4	ITI Large & Mid Cap Dir Gr	Large & Mid-Cap			C					
INF082J01473	Quantum Ethical Dir Gr	Equity - Other			C					
INF192K01NH3	JM Small Cap Dir Gr	Small-Cap			C					
INF769K01NP1	Mirae AstNftyINDNwAgCnsptnETFFoFDrGr	Equity - Other			C					
INF179KC1GO3	HDFC Consumption Dir Gr	Equity - Consumption			C					
INF03VN01977	WhiteOak Capital Quality Equity Dir Gr	Equity - Other			C					
INF966L01DT4	Quant PSU Dir Gr	Equity - Other			C					
INF03VN01936	WhiteOak Capital Digital Bharat Dir Gr	Sector - Technology			C					
INF966L01BR2	Quant Business Cycle Dir Gr	Equity - Other			C					
INF966L01CJ7	Quant Manufacturing Dir Gr	Equity - Other			C					
INF903JA1LQ6	Sundaram Business Cycle Dir Gr	Equity - Other			C					
INF740KA1TW1	DSP Nifty SmCp250 Qul 50 Idx Dir Gr	Index Funds			C					
INF247L01BQ9	Motilal Oswal Nifty Mcrcp 250 Idx Dir Gr	Index Funds			C					
INF0QA701946	Bajaj Finserv Consumption Dir Gr	Equity - Consumption			C					
INF769K01OK0	Mirae Asset BSE Sel IPO ETF FoFDirGr	Equity - Other			C					
INF0K1H01255	Samco Large Cap Dir Gr	Large-Cap			C					
INF666M01IE9	Groww Nifty N-Cycl Cnsmr Idx Dir Gr	Index Funds			C					
INF680P01455	Shriram Multi Sector Rotation Dir Gr	Equity - Other			C					
INF769K01LG4	Mirae Ast Nfty SC 250MQ100ETFFoFDrGr	Equity - Other			C					
INF0K1H01198	Samco Multi Cap Dir Gr	Multi-Cap			C					
INF959L01HQ6	Navi Nifty Smcp250 Momt Qul 100 IdxDirGr	Index Funds			C					
INF740KA1UQ1	DSP Nifty Top 10 Equal Weight Idx Dir Gr	Index Funds			C					
INF179KC1JB4	HDFC Nifty India Digital Index Dir Gr	Sector - Technology			C					
INF174KA1OX5	Kotak BSE Housing Index Dir Gr	Index Funds			C					
INF174KA1QZ5	Kotak Technology Fund Dir Gr	Sector - Technology			C					
INF789F1AYR1	UTI BSE Housing Index Dir Gr	Index Funds			C					
INF247L01DN2	Motilal Oswal Digital India Dir Gr	Sector - Technology			C					
INF247L01CL8	Motilal Oswal Multi Cap Dir Gr	Multi-Cap			C					
INF247L01DG6	Motilal Oswal Business Cycle Dir Gr	Equity - Other			C					
INF789F1AZA4	UTI Innovation Dir Gr	Equity - Other			C					
INF966L01DN7	Quant Consumption Dir Gr	Equity - Consumption			C					
INF247L01DU7	Motilal Oswal NiftyMdSmIndCnsmptnIdxDrGr	Index Funds			C					
INF247L01DY9	Motilal Oswal Nifty MdSm IT &TeleIdxDrGr	Index Funds			C					
INF0K1H01081	Samco Active Momentum Dir Gr	Equity - Other			C					
INF179KC1HI3	HDFC Technology Dir Gr	Sector - Technology			C					
INF666M01JK4	Groww Nifty India Rlwys PSU Idx Dir Gr	Index Funds			C					
INF204KC1CE2	Nippon India Nifty IT Index Dir Gr	Index Funds			C					
INF959L01HM5	Navi Nifty IT Index Direct Growth	Index Funds			C					
INF846K017R3	Axis Nifty IT Index Dir Gr	Index Funds			C					
INF200KB1621	SBI Nifty IT Index Dir Gr	Index Funds			C					
INF194KB1GK3	Bandhan Nifty IT Index Dir Gr	Index Funds			C					
INF179KC1IE0	HDFC NIFTY Realty Index Dir Gr	Index Funds			C					
INF204KC1DY8	Nippon India Nifty Realty Idx Dir Gr	Index Funds			C					
INF277KA1AO9	Tata Nifty Realty Index Dir Gr	Index Funds			C					
INF174KA1SZ1	Kotak Nifty India Tourism Idx Dir Gr	Index Funds			C					
INF277KA1CC0	Tata Nifty India Tourism Idx Dir Gr	Index Funds			C					
INF966L01CT6	Quant Teck Dir Gr	Sector - Technology			C					
INF2JJD01136	Abakkus Flexi Cap Dir Gr	Flexi Cap			C					
INF2JJD01177	Abakkus Small Cap Dir Gr	Small-Cap			C					
INF209KC1589	Aditya BSL BSE 500 Momt 50 Idx Dir Gr	Index Funds			C					
INF209KC1613	Aditya BSL BSE 500 Qul 50 Idx Dir Gr	Index Funds			C					
INF754K30011	Altiva Hybrid Long-Short Dir Gr	Equity - Other			C					
INF1J2R01072	Angel One Nifty 50 Index Dir Gr	Index Funds			C					
INF1J2R01122	Angel One Nifty Ttl MktMomtQul50IdxDirGr	Index Funds			C					
INF209K30016	Apex Hybrid Long-Short Dir Gr	Equity - Other			C					
INF194K30523	Arudha Equity L-S Dir Gr	Equity - Other			C					
INF846KA1424	Axis BSE India Sector Leaders Idx Dir Gr	Index Funds			C					
INF846KA1200	Axis Nifty500 Quality 50 Index Dir Gr	Index Funds			C					
INF846KA1168	Axis Services Opportunities Dir Gr	Equity - Other			C					
INF0QA701BZ6	Bajaj Finserv Bkg and Fincl Svcs Dir Gr	Sector - Financial Services			C					
INF0QA701BA9	Bajaj Finserv Nifty 50 Index Dir Gr	Index Funds			C					
INF0QA701BG6	Bajaj Finserv Nifty Next 50 Idx Dir Gr	Index Funds			C					
INF0QA701BN2	Bajaj Finserv Small Cap Dir Gr	Small-Cap			C					
INF194KB1KB4	Bandhan BSE India Sector Ldrs Idx Dir Gr	Index Funds			C					
INF194KB1KF5	Bandhan Healthcare Dir Gr	Sector - Healthcare			C					
INF194KB1JX0	Bandhan Multi-Factor Dir Gr	Equity - Other			C					
INF761K01HE4	Bank of India Bkg & Fincl Svcs Dir Gr	Sector - Financial Services			C					
INF761K01GY4	Bank of India Mid Cap Dir Gr	Mid-Cap			C					
INF251K01VJ6	Baroda BNP P Busnss ConglomratsDirGr	Equity - Other			C					
INF251K01VP3	Baroda BNP P ESG BestinCl Stgy Dir Gr	Equity - ESG			C					
INF251K01VA5	Baroda BNP P Hlth and Wellness DirGr	Sector - Healthcare			C					
INF760K01LN9	Canara Robeco Bkg & Fincl Svcs Dir Gr	Sector - Financial Services			C					
INF226401018	Capitalmind Flexi Cap Dir Gr	Flexi Cap			C					
INF2KCX01020	Choice Nifty 50 Index Dir Gr	Index Funds			C					
INF2KCX01046	Choice Nifty Next 50 Index Dir Gr	Index Funds			C					
INF00XX30043	Diviniti Equity Long Short Dir Gr	Equity - Other			C					
INF740KA1LA4	DSP BFSI Next Index Fund Dir Gr	Index Funds			C					
INF740KA1WR5	DSP Nifty500 Flxcp Qul 30 Idx Dir Gr	Index Funds			C					
INF740KA1XY9	DSP Nifty 500 Index Dir Gr	Index Funds			C					
INF740KA1WF0	DSP Nifty Healthcare Index Dir Gr	Index Funds			C					
INF740KA1WL8	DSP Nifty IT Index Dir Gr	Index Funds			C					
INF740KA1XB7	DSP Nifty Midcap 150 Index Dir Gr	Index Funds			C					
INF740KA1XH4	DSP Nifty SmallCap 250 Index Dir Gr	Index Funds			C					
INF579M30109	DynaSIF Active Ast Allctr L-S Dir Gr	Equity - Other			C					
INF579M30042	DynaSIF Equity Long - Short Dir Gr	Equity - Other			C					
INF754K01UX2	Edelweiss BSE Intrnt Ecoy Idx Dir Gr	Index Funds			C					
INF754K01WH1	Edelweiss Financial Services Dir Gr	Sector - Financial Services			C					
INF754K01WR0	EdelweissNftyLMc250P813yGSc7030IdDrGr	Index Funds			C					
INF090I01YQ1	Franklin India Multi-Factor Dir Gr	Flexi Cap			C					
INF666M01LN4	Groww BSE Power ETF FOF Dir Gr	Sector - Energy			C					
INF666M01KT3	Groww Nifty 50 Index Dir Gr	Index Funds			C					
INF666M01MP7	Groww Nifty Midcap 150 Index Dir Gr	Index Funds			C					
INF666M01LT1	Groww Nifty Next 50 Index Dir Gr	Index Funds			C					
INF666M01NR1	Groww Nifty PSE ETF FOF Dir Gr	Equity - Other			C					
INF666M01OH0	Groww Nifty PSU Bank Index Dir Gr	Index Funds			C					
INF666M01NJ8	Groww Small Cap Dir Gr	Small-Cap			C					
INF179KC1JY6	HDFC BSE India Sector Leaders Idx Dir Gr	Index Funds			C					
INF179KC1JO7	HDFC Innovation Dir Gr	Equity - Other			C					
INF179KC1KA4	HDFC Nifty India Consumption Idx Dir Gr	Index Funds			C					
INF0R8701384	Helios Small Cap Dir Gr	Small-Cap			C					
INF109K1A385	ICICI Prudential Active Momt Dir Gr	Equity - Other			C					
INF109K1A427	ICICI Prudential Conglomerate Dir Gr	Equity - Other			C					
INF109K1A310	ICICI Prudential NiftyTop15EqlWtIdxrDrGr	Index Funds			C					
INF109K1A187	ICICI Prudential Quality Dir Gr	Equity - Other			C					
INF109K1A252	ICICI Pru Nifty200 Qul 30 Idx Dir Gr	Index Funds			C					
INF109K1A120	ICICIPruNiftyEV&NwAgeAtmtvETFFOFDirGr	Sector - Technology			C					
INF109K1A369	ICICI Pru Nifty Priv Bk Idx Dir Gr	Index Funds			C					
INF205KA1BI6	Invesco India Consumption Dir Gr	Equity - Consumption			C					
INF109K30042	iSIF Equity Ex-Top 100 Long-Short Dir Gr	Equity - Other			C					
INF00XX01DM9	ITI Business Cycle Dir Gr	Equity - Other			C					
INF22M001093	JioBlackRock Flexi Cap Dir Gr	Flexi Cap			C					
INF22M001176	JioBlackRock Large Cap Dir Gr	Large-Cap			C					
INF22M001044	JioBlackRock Nifty 50 Index Dir Gr	Index Funds			C					
INF22M001077	JioBlackRock Nifty Midcap 150 Idx Dir Gr	Index Funds			C					
INF22M001085	JioBlackRock Nifty Next 50 Index Dir Gr	Index Funds			C					
INF22M001051	JioBlackRock Nifty SmCp 250 Idx Dir Gr	Index Funds			C					
INF22M001168	JioBlackRock Sector Rotation Dir Gr	Equity - Other			C					
INF192K01NK7	JM Large & Mid Cap Dir Gr	Large & Mid-Cap			C					
INF174KA1XA4	Kotak Active Momentum Direct Gr	Equity - Other			C					
INF174KA1YI5	Kotak Dividend Yield Dir Gr	Dividend Yield			C					
INF174KA1VX0	Kotak Energy Opportunities Dir Gr	Sector - Energy			C					
INF174KA1WN9	Kotak Nifty 200 Quality 30 Idx Dir Gr	Index Funds			C					
INF174KA1YP0	Kotak Nifty200 Value 30 Index Dir Gr	Index Funds			C					
INF174KA1YC8	Kotak Nifty500 Momentum 50 Idx Dir Gr	Index Funds			C					
INF174KA1XG1	Kotak Nifty Alpha 50 Index Dir Gr	Index Funds			C					
INF174KA1WD0	Kotak Nifty Top 10 Eql Wght Idx Dir Gr	Index Funds			C					
INF174KA1ZI2	Kotak Quality Ovrs Eq Omni FOF Dir Gr	Global - Other			C					
INF174KA1XW8	Kotak Rural Opportunities Dir Gr	Equity - Other			C					
INF174KA1YV8	Kotak Services Dir Gr	Equity - Other			C					
INF767K01SD0	LIC MF Consumption Dir Gr	Equity - Consumption			C					
INF767K01SJ7	LIC MF Technology Dir Gr	Sector - Technology			C					
INF200K30049	Magnum Hybrid Long Short Dir Gr	Equity - Other			C					
INF174V01CO7	Mahindra Manu Bkg & Fincl Svcs Dir Gr	Sector - Financial Services			C					
INF174V01DA4	Mahindra Manulife Innovt Opps Dir Gr	Equity - Other			C					
INF769K01QG3	Mirae Asset BSE India DfncETFFOFDirGr	Equity - Other			C					
INF769K01PV4	Mirae Asset Infrastructure Dir Gr	Equity - Infrastructure			C					
INF247L01FM9	Motilal Oswal BSE 1000 Index Dir Gr	Index Funds			C					
INF247L01GA2	Motilal Oswal Consumption Dir Gr	Equity - Consumption			C					
INF247L01GL9	Motilal Oswal Dvrs EqFlexicpPasvFOFDirGr	Flexi Cap			C					
INF247L01GN5	Motilal Oswal Financial Svcs Dir Gr	Sector - Financial Services			C					
INF247L01EW1	Motilal Oswal Infrastructure Dir Gr	Equity - Infrastructure			C					
INF247L01FE6	Motilal Oswal Services Dir Gr	Equity - Other			C					
INF247L01FS6	Motilal Oswal Special Opps Dir Gr	Equity - Other			C					
INF959L01HR4	Navi Nifty MidSmallcap 400 Index Dir Gr	Index Funds			C					
INF204KC1FD7	Nippon India BSE Sensex Nxt 30 Idx Dr Gr	Index Funds			C					
INF204KC1FR7	Nippon India MNC Direct Growth	Equity - Other			C					
INF204KC1GL8	Nippon India Nifty India Mfg Idx Dr Gr	Index Funds			C					
INF204KC1303	Nippon India Taiwan Equity Dir Gr	Global - Other			C					
INF204KC1EQ2	Nippon Ind Nifty 500 Lw Vl 50 Idx Dr Gr	Index Funds			C					
INF204KC1EW0	Nippon Ind Nifty 500 Qul 50 Idx Dr Gr	Index Funds			C					
INF0S5R01133	Old Bridge Flexi Cap Dir Gr	Flexi Cap			C					
INF879O01332	Parag Parikh Large Cap Dir Gr	Large-Cap			C					
INF966L30159	qsif Equity Ex-Top 100 L-S Dir Gr	Large-Cap			C					
INF966L30019	qsif Equity Long-Short Dir Gr	Equity - Other			C					
INF0K1H01271	Samco Large & Mid Cap Dir Gr	Large & Mid-Cap			C					
INF0K1H01313	Samco Mid Cap Dir Gr	Mid-Cap			C					
INF0K1H01297	Samco Small Cap Dir Gr	Small-Cap			C					
INF200KB1936	SBI Nifty100 Low Vol 30 Idx Dir Gr	Index Funds			C					
INF200KB1878	SBI Nifty200 Momentum 30 Idx Dir Gr	Index Funds			C					
INF200KB1811	SBI Nifty200 Quality 30 Index Dir Gr	Index Funds			C					
INF200KB1AG6	SBI Quality Dir Gr	Equity - Other			C					
INF903JA1LV6	Sundaram Multi-Factor Dir Gr	Index Funds			C					
INF277KA1EP8	Tata BSE MltcpConsum 50 30 20IdxDirGr	Index Funds			C					
INF277KA1DK1	Tata BSE Quality Index Dir Gr	Index Funds			C					
INF277KA1DZ9	Tata Nifty Midcap 150 Index Dir Gr	Index Funds			C					
INF277KA1EJ1	Tata Nifty Next 50 Index Direct Gr	Index Funds			C					
INF2F0001214	The Wealth Company Ethical Dir Gr	Equity - Other			C					
INF2F0001040	The Wealth Company Flexi Cap Dir Gr	Flexi Cap			C					
INF2F0001537	The Wealth Company Small Cap Dirt Gr	Small-Cap			C					
INF0GCD01875	TRUSTMF Mid Cap Dir Gr	Mid-Cap			C					
INF0GCD01834	TRUSTMF Multi Cap Direct Growth	Multi-Cap			C					
INF1MIY01031	Unifi Flexi Cap Dir Gr	Flexi Cap			C					
INF582M01MH3	Union Consumption Dir Gr	Equity - Consumption			C					
INF789F1AB89	UTI Multi Cap Dir Gr	Multi-Cap			C					
INF789F1AD04	UTI Nifty500 Shariah Index Dir Gr	Index Funds			C					
INF03VN01AD3	WhiteOak Capital Consumption Opps Dir Gr	Equity - Consumption			C					
INF0R8F01174	Zerodha BSE SENSEX Index Dir Gr	Index Funds			C					
INF0R8F01158	Zerodha Nifty 50 Index DirGr	Index Funds			C					
INF0R8F01190	Zerodha Nifty MidSmCp400 50:50 Idx DirGr	Index Funds			C					
INF0R8F01182	Zerodha Nifty Short Dur G-Sec Idx Dir Gr	Index Funds			C					
