Scheme Name	Category	Rating	Risk	1W	1M	3M	6M	YTD	1Y	2Y	3Y	5Y	10Y
DSP Wld Gld Mng Ovrs Eq Omni FoF Dir Gr	Global - Other		Very High Risk	6.56	-21.55	0.53	27.46	3.28	110.93	80.58	48.26	27.35	18.12
Mirae Asset NYSE FANG+ ETF FoF Dir Gr	Global - Other		Very High Risk	-0.62	0.96	-7.76	-7.15	-7.28	31.35	33.82	47.94		
Mirae Asset S&P 500 Top50 ETF FoF Dir Gr	Global - Other		Very High Risk	1.56	-2.05	-4.72	0.85	-3.51	31.98	30.84	35.08		
ICICI Pru Strat Mt & En EqFoF Dir Gr	Global - Other		Very High Risk	7.08	2.17	29.99	43.75	31.66	82.07	47.83	34.24		
SBI PSU Dir Gr	Equity - Other		Very High Risk	-0.68	-11.83	-1.92	1.72	-3.33	10.45	8.78	31.15	26.72	15.7
Mirae Ast Glb X Art Int&Tch ETF FoF DrGr	Global - Other		Very High Risk	-2.72	-5.92	-7.13	-0.93	-5.99	33.12	23.07	30.59		
Motilal Oswal Nasdaq 100 Fd of Fd Dir Gr	Global - Other		Very High Risk	5.64	2.81	0.07	3.96	-0.1	27.22	23.83	30.44	19.48	
Motilal Oswal BSE Enh Val Idx Dir Gr	Index Funds		Very High Risk	-0.26	-16.81	-7.96	-0.55	-9.69	11.29	7.47	30.07		
Navi Nasdaq100 US Spcfc Eq Pasv FOFDirGr	Global - Other		Very High Risk	-2.12	-3.4	-4.83	1.02	-4.16	29.11	20.1	28.31		
Bandhan Small Cap Dir Gr	Small-Cap	5	Very High Risk	-0.52	-9.28	-11.39	-11.31	-12.28	1.02	10.16	28.31	22.14	
Kotak US Specific Equity Pasv FOF Dir Gr	Global - Other		Very High Risk	-1.94	-2.92	-4.06	1.8	-3.6	29.05	20.45	28.14	18.89	
Invesco India PSU Equity Dir Gr	Equity - Other		Very High Risk	-1.69	-12.17	-7.79	-5.18	-9.18	5.49	5.74	28.13	24.4	18.27
ICICI Pru NASDAQ 100 Index Dir Gr	Global - Other		Very High Risk	-1.9	-3.58	-4.93	0.66	-3.54	28.68	19.94	28.11		
Aditya BSL US Equity Pasv FOF Dir Gr	Global - Other		Very High Risk	-1.96	-2.83	-4.01	1.98	-3.32	29.19	20.49	27.98		
Aditya BSL PSU Equity Dir Gr	Equity - Other		Very High Risk	-1.46	-12.73	-3.22	0.3	-4.62	7.96	3.37	27.98	25.93	
Invesco Ind InvcEQQQNASDAQ100 ETFFoFDrGr	Global - Other		Very High Risk	-2.87	-3.39	-4.34	0.67	-4.34	32.83	20.34	27.55		
Axis NASDAQ 100 FoF Dir Gr	Global - Other		Very High Risk	-1.86	-2.79	-3.9	1.96	-3.45	28.5	20.25	27.44		
ICICI Prudential PSU Equity Dir Gr	Equity - Other		Very High Risk	-1.11	-10.73	-2.51	-1.06	-4.08	5.63	5.17	27.17		
Edelweiss US Technology Equity FoF DirGr	Global - Other		Very High Risk	-3.53	-3.35	-10.19	-8.67	-10.39	20.15	14.77	27.06	12.82	
LIC MF Infrastructure Dir Gr	Equity - Infrastructure	4	Very High Risk	-0.32	-10.43	-7.05	-7.27	-8.09	5.05	11.01	26.75	22.67	17.01
ICICI Pru Pharma Healthcare Diag Dir Gr	Sector - Healthcare		Very High Risk	0.69	-4.89	-6.96	-5.52	-7.83	2.01	11.04	26.57	17.28	
Franklin India Opportunities Dir Gr	Equity - Other		Very High Risk	-1.02	-9.67	-11.26	-9.39	-11.49	1.64	9.39	26.29	19.51	16.86
Kotak India Growth Ser 4 Dir Gr	Large-Cap		Very High Risk	0.22	3.57	16.53	23.58	4.86	50.25	26.55	25.97	28.13	
SBI Healthcare Opportunities Dir Gr	Sector - Healthcare		Very High Risk	1.81	-3.6	-0.22	-0.6	-1.16	1.99	11.2	25.69	17.66	13.36
ICICI Pru Nifty Auto Index Dir Gr	Index Funds		Very High Risk	-0.66	-15.5	-14.63	-10.41	-15.54	12.3	5.8	25.51		
Mirae Asset Healthcare Dir Gr	Sector - Healthcare		Very High Risk	1.25	-3.49	0.13	0.95	-0.64	5.08	11.81	25.5	16.86	
Franklin Build India Dir Gr	Equity - Infrastructure	5	Very High Risk	0.15	-10.72	-6.2	-4.91	-7.24	3.86	5.88	25.32	22.87	18.39
SBI US Specific Eq Actv FoF Dir Gr	Global - Other		Very High Risk	-3.33	-5.86	-1	5.72	-0.26	37.79	18.84	25.29	16.75	
UTI Healthcare Dir Gr	Sector - Healthcare		Very High Risk	1.01	-4.68	-3.3	-4.14	-4.25	2.11	11.27	25.18	15.49	13.29
WhiteOak Capital Mid Cap Dir Gr	Mid-Cap	5	Very High Risk	1.11	-8.87	-10.14	-6.06	-11.13	6.88	10.92	25.15		
ICICI Pru Trsptn & Logistics Dir Gr	Equity - Other		Very High Risk	-0.69	-14.14	-14.3	-12.07	-15.08	10.4	7.96	25.01		
ICICI Pru BHARAT 22 FOF Dir Gr	Equity - Other		Very High Risk	0.55	-10.38	-2.51	3.05	-3.66	9.07	6.21	24.97	25.74	
DSP Nat Res & New Enrgy Dir Gr	Equity - Other		Very High Risk	-0.52	-5.33	6.45	14.29	4.09	23.93	14.83	24.87	21.61	20.17
Canara Robeco Infrastructure Dir Gr	Equity - Infrastructure	4	Very High Risk	-0.25	-8.15	-2.61	-4.87	-3.69	6.17	10.53	24.75	23.03	16.97
DSP Glb Innovt Ovs Eq Omni FoF Dir Gr	Global - Other		Very High Risk	-1.68	-3.95	-4.94	-1.39	-4.54	22.65	16.36	24.66		
Bandhan US Spcfc Eq Act FOF Dir Gr	Global - Other		Very High Risk	-3.59	-3.68	-7.91	-6.93	-7.91	20.16	14.26	24.59		
Bank of India Manfactrg &Infra Dir Gr	Equity - Infrastructure	5	Very High Risk	0.88	-7.16	-5.98	-1.32	-6.92	11.16	9.04	24.55	21.75	19.06
DSP India T.I.G.E.R. Dir Gr	Equity - Infrastructure	4	Very High Risk	0.68	-8.77	-3.65	-3.5	-4.8	5.61	7.09	24.55	23.12	17.57
Aditya BSL Pharma & Hlthcare Dir Gr	Sector - Healthcare		Very High Risk	1.12	-3.21	-0.45	0.21	-1.27	4.04	8.26	24.48	15.04	
Invesco India Mid Cap Dir Gr	Mid-Cap	5	Very High Risk	-0.57	-11.72	-13.68	-11.17	-14.46	3.52	11.45	24.29	19.35	18.96
Nippon India Power & Infra Dir Gr	Equity - Other		Very High Risk	-0.42	-8.28	-5.11	-5.53	-6.11	2.72	3.17	24.03	22.63	17.75
Edelweiss Mid Cap Dir Gr	Mid-Cap	5	Very High Risk	0.34	-10.45	-10.88	-6.25	-11.68	3.77	11.21	23.98	20.27	19.23
DSP Wld Mng Ovrs Eq Omni FoF Dir Gr	Global - Other		Very High Risk	5.7	-14.03	9.17	33.56	10.06	79.65	39.33	23.97	18.49	19.23
DSP US Specific Eq Omni FoF Dir Gr	Global - Other		Very High Risk	-1.33	-1.93	0.17	8.38	-0.32	39.81	21.25	23.88	16.83	17.13
Nippon India Growth Mid Cap Dir Gr	Mid-Cap	5	Very High Risk	-0.33	-11.49	-8.6	-6.44	-9.54	3.62	9	23.82	20.49	18.93
HDFC Infrastructure Dir Gr	Equity - Infrastructure	3	Very High Risk	-0.12	-11.68	-10.71	-10.91	-11.57	-2.24	1.74	23.7	22.49	12.59
ICICI Pru MidCap Dir Gr	Mid-Cap	4	Very High Risk	0.27	-10.01	-7.61	-1.15	-8.49	12	10.35	23.64	18.87	17.13
ICICI Pru Manufacturing Dir Gr	Equity - Other		Very High Risk	0	-10.81	-6.98	-6.52	-8.06	6.82	5.26	23.59	20.03	
Mahindra Manulife Mid Cap Dir Gr	Mid-Cap	5	Very High Risk	0.38	-9.53	-7.4	-4.08	-8.58	3.21	7.22	23.42	19.91	
HSBC Midcap Dir Gr	Mid-Cap	4	Very High Risk	0.41	-9.32	-8.64	-5.51	-9.3	8.67	8.85	23.23	17.19	17.24
HDFC Dev Wld Ovrs Eq Pasv FoF Dir Gr	Global - Other		Very High Risk	0.26	-3.39	-0.01	5.6	-0.2	26.65	19.49	23.22		
Navi Ttl Stck Mrkt US SpcfcEqPsvFoFDirGr	Global - Other		Very High Risk	-0.87	-3.4	-2.48	2.88	-1.24	24.87	17.91	23.21		
ITI Small Cap Dir Gr	Small-Cap	3	Very High Risk	0.96	-8.02	-9.87	-9.82	-10.94	-0.43	5.42	23.14	17.05	
Nippon India Pharma Dir Gr	Sector - Healthcare		Very High Risk	0.59	-4.85	-2.8	-0.82	-3.66	2.68	7.83	23.11	15.52	15.12
Motilal Oswal S&P 500 Index Dir Gr	Global - Other		Very High Risk	-0.84	-3.57	-3.04	2.56	-1.77	23.94	17.69	23.06	16.73	
HDFC Mid Cap Dir Gr	Mid-Cap	5	Very High Risk	0.4	-10.96	-10.33	-5.83	-11.27	4.56	7.91	23.04	20.67	18.4
PGIM India Em Mkts Equity FoF Dir Gr	Global - Other		Very High Risk	-0.43	-8.04	10.52	12.8	9.68	27.85	23.54	23.03	4.86	6.67
Tata India Pharma & Healthcare Dir Gr	Sector - Healthcare		Very High Risk	0.5	-6.3	-5.7	-5.64	-6.65	-0.38	7.47	23	15.61	13.43
Bandhan Trsptn and Logistics Dir Gr	Equity - Other		Very High Risk	-0.71	-14.24	-13.95	-11.32	-14.5	12.85	6.93	22.88		
HSBC Brazil Dir Gr	Global - Other		Very High Risk	4.9	-2.84	19.75	27.24	17.98	55.8	19.42	22.82	10.85	8.38
ICICI Pru Nfty Phrm Idx Dir Gr	Index Funds		Very High Risk	0.8	-3.2	-1.28	3.62	-2.08	5.44	8.32	22.8		
Mahindra Manulife Small Cap Dir Gr	Small-Cap	5	Very High Risk	1.04	-7.33	-10.17	-9.04	-11.37	1.54	4.2	22.76		
ITI Mid Cap Dir Gr	Mid-Cap	4	Very High Risk	-0.33	-11.54	-12.44	-6.16	-13.2	1.59	4.93	22.69	16.26	
Sundaram Mid Cap Dir Gr	Mid-Cap	4	Very High Risk	0.36	-10.82	-10.57	-6.81	-11.51	3.55	8.34	22.6	18.16	15.46
UTI Transportation & Logistics Dir Gr	Equity - Other		Very High Risk	-0.48	-13.91	-14.44	-13.48	-15.2	9.7	4.54	22.56	18.12	12.78
Motilal Oswal Large & Midcap Dir Gr	Large & Mid-Cap	5	Very High Risk	-1	-8.37	-10.58	-12.53	-11.17	2.45	8.68	22.51	18.85	
HSBC Global Emerging Markets Dir Gr	Global - Other		Very High Risk	-0.12	-7.28	11.4	19.36	9.38	45.4	29.01	22.47	8.67	11.74
Invesco India Smallcap Dir Gr	Small-Cap	5	Very High Risk	0.37	-10.45	-10.9	-9.68	-11.76	1.26	7.84	22.36	20.95	
Axis Nifty Smallcap 50 Index Dir Gr	Index Funds		Very High Risk	0.78	-10.15	-12.35	-11.08	-13.27	-3.1	2.95	22.34		
Aditya BSL Nifty SmCp 50 Idx Dir Gr	Index Funds		Very High Risk	0.82	-10.15	-12.37	-11.15	-13.29	-3.3	3.12	22.3		
Edelweiss Europe Dyn Eq Offshore Dir Gr	Global - Other		Very High Risk	1.23	-6.92	1.12	10.47	0.57	31.11	21.46	22.15	15.58	12.21
Kotak Multicap Dir Gr	Multi-Cap	5	Very High Risk	-0.46	-11.22	-12.47	-8.45	-13.15	3.44	4.77	21.93		
Axis Value Dir Gr	Value	5	Very High Risk	-0.16	-10.61	-10.08	-6.06	-10.83	2.18	7.73	21.91		
Bandhan Large & Mid Cap Dir Gr	Large & Mid-Cap	5	Very High Risk	-0.26	-10.32	-11.27	-7.38	-11.96	1.94	7.37	21.84	18.06	16.8
JM Midcap Dir Gr	Mid-Cap	4	Very High Risk	0.42	-9.6	-10.72	-11.07	-11.74	-1.81	6.06	21.83		
DSP Healthcare Fund Dir Gr	Sector - Healthcare		Very High Risk	-0.32	-4.65	-7.29	-4.62	-7.13	-1.61	7.37	21.77	15.79	
Invesco India large& mid cap Dir Gr	Large & Mid-Cap	5	Very High Risk	-0.43	-11.64	-12.89	-12.12	-13.62	0.73	8.12	21.7	16.1	16.34
360 ONE Quant Dir Gr	Equity - Other		Very High Risk	-0.39	-13.76	-12.8	-10.26	-13.91	-2.15	3.22	21.7		
LIC MF Healthcare Dir Gr	Sector - Healthcare		Very High Risk	1.46	-4.59	-4.95	-5.14	-5.77	-2.07	8.73	21.67	12.49	
Navi Nifty Ind Manufacturing Idx Dir Gr	Index Funds		Very High Risk	-0.22	-10.84	-7.59	-4.91	-8.75	7.74	7.31	21.63		
Motilal Oswal ELSS Tax Saver Dir Gr	ELSS (Tax Savings)	4	Very High Risk	-0.72	-5.17	-8.19	-10.08	-9.07	1.48	6.57	21.55	16.97	17.33
Edelweiss Emer Mkt Opp Dir Gr	Global - Other		Very High Risk	-0.38	-6.14	13.11	21.76	11.07	50.15	28.38	21.5	7.32	11.52
Edelweiss MSCI India D&W HC 45 Dir Gr	Index Funds		Very High Risk	0.57	-4.29	-1.79	6.25	-1.35	8.21	10.51	21.47	14.63	
Axis Nifty Midcap 50 Index Dir Gr	Index Funds		Low Risk	-0.19	-10.68	-12.12	-5.92	-13.11	3.2	5.41	21.45		
ICICI Pru Infrastructure Dir Gr	Equity - Infrastructure	5	Very High Risk	0.5	-10.49	-9.67	-8.73	-10.93	-0.71	3.97	21.41	24.4	18.14
Mirae Ast Nifty Ind Mg ETF FoF Dr Gr	Equity - Other		Very High Risk	-0.16	-11.02	-7.71	-5.19	-9.01	7.42	7.03	21.31		
Kotak Manufacture in India Dir Gr	Equity - Other		Very High Risk	0.65	-9.88	-5.96	-3.26	-7.52	8.98	7.98	21.3		
HSBC Asia Pacific(Ex Jap)Div Yld Dir Gr	Global - Other		Very High Risk	-1.08	-5.51	7.91	14.73	7.03	44.21	27.99	21.27	11.29	13.02
Kotak Glb Innovt Ovrs Eq Omni FOF Dir Gr	Global - Other		Very High Risk	-0.08	-2.65	-0.75	5.4	-0.24	25.72	15.72	21.22		
Bank of India Flexi Cap Fund Dir Gr	Flexi Cap	5	Very High Risk	-0.23	-8.26	-8.79	-7.13	-9.71	1.64	4.12	21.12	18.22	
Quant Value Dir Gr	Value	4	Very High Risk	-1.13	-7.97	-8.95	-6.2	-9.72	1.88	-0.05	21.11		
ICICI Pru India Opports Dir Gr	Equity - Other		Very High Risk	-0.38	-10.22	-10.68	-5.56	-11.55	1.67	7.19	21.11	21.93	
Sundaram Infrastructure Adv Dir Gr	Equity - Infrastructure	3	Very High Risk	0.41	-9.33	-5.61	-3.8	-6.68	5.77	5.63	21.1	18.26	15.27
Axis Multicap Dir Gr	Multi-Cap	5	Very High Risk	0.12	-10.32	-10.65	-9.26	-11.5	-0.82	6.73	21.03		
ICICI Pru Business Cycle Dir Gr	Equity - Other		Very High Risk	-1.26	-10.1	-10.43	-6.68	-10.96	3.18	6.16	21.02	18.34	
Kotak Pioneer Dir Gr	Equity - Other		Very High Risk	-1.3	-6.88	-9.49	-8.92	-9.53	6.55	8.64	20.9	15.9	
Franklin U.S. Opps Eq Actv FoF Dir Gr	Global - Other		Very High Risk	-1.88	-4.41	-7.76	-6.19	-6.24	13.04	9.1	20.81	10.37	15.73
Axis Global Equity Alpha FOF Dir Gr	Global - Other		Very High Risk	-2.04	-5.84	-3.25	0.72	-4.03	21.77	16.4	20.81	14.52	
HSBC Value Dir Gr	Value	5	Very High Risk	0.21	-10.43	-10.18	-5.68	-11.22	4.45	6.49	20.72	18.48	16.7
HSBC Multi Cap Dir Gr	Multi-Cap	5	Very High Risk	0.25	-10.46	-10.9	-8.6	-11.72	1.19	4.36	20.68		
Kotak Glb EM Ovrs Eq Omni FOF Dir Gr	Global - Other		Very High Risk	-0.23	-7.68	8.13	13.66	7.28	42.63	24.23	20.59	8.41	10.9
ICICI Pru Dividend Yield Eq Dir Gr	Dividend Yield		Very High Risk	-0.71	-10.52	-10.21	-6.74	-10.96	0.37	5.42	20.59	21.02	16.86
Aditya BSL Manufacturing Eq Dir Gr	Equity - Other		Very High Risk	0.32	-8.32	-5.94	-2.91	-6.88	6.67	8.03	20.56	14.01	13.61
ITI Pharma and Healthcare Dir Gr	Sector - Healthcare		Very High Risk	0.88	-4.59	-4.85	-5.85	-5.7	-4.05	6.33	20.51		
Motilal Oswal Nifty Midcap 150 Idx DirGr	Index Funds		Very High Risk	-0.1	-11.08	-11.8	-7.46	-12.66	2.07	5	20.47	17.23	
Invesco India Infrastructure Dir Gr	Equity - Infrastructure	4	Very High Risk	-1.05	-10.73	-10.14	-13.5	-10.87	-5.13	0.31	20.41	19.93	17.55
Baroda BNP P Mid Cap Dir Gr	Mid-Cap	4	Very High Risk	0.99	-9.27	-7.7	-3.57	-8.49	5.23	7.64	20.4	17.24	16.83
Aditya BSL Nifty MdCp 150 Idx Dir Gr	Index Funds		Very High Risk	-0.11	-11.1	-11.86	-7.58	-12.71	1.8	4.7	20.3		
Bank of India Multi Cap Dir Gr	Multi-Cap		Very High Risk	0.35	-8.29	-9.54	-3.9	-10.38	4.35	6.42	20.28		
Nippon India Nifty Midcap 150 Idx Dir Gr	Index Funds		Very High Risk	-0.09	-11.06	-11.81	-7.46	-12.66	1.92	4.78	20.2	17.02	
Edelweiss Nifty Mdcp150 Momt 50 Dr Gr	Index Funds		Very High Risk	-0.11	-11.76	-11.16	-7.46	-12	-2.33	1.07	20.18		
SBI Nifty Midcap 150 Index Dir Gr	Index Funds		Very High Risk	-0.11	-11.09	-11.86	-7.57	-12.71	1.85	4.72	20.16		
Union Midcap Dir Gr	Mid-Cap	4	Very High Risk	0.3	-10.25	-9.18	-7	-10.18	4.19	7.65	20.15	17.29	
Aditya BSL Glb Exc Eq FoF Dir Gr	Global - Other		Very High Risk	-0.47	-5.52	-1.89	2.88	-1.14	19.51	12.37	20.14	14.33	8.22
ICICI Pru Nifty Midcap 150 Idx Dir Gr	Index Funds		Very High Risk	-0.1	-11.07	-11.82	-7.51	-12.67	1.96	4.75	20.11		
Tata Mid Cap Dir Gr	Mid-Cap	4	Very High Risk	-0.22	-10.42	-11	-6.02	-11.77	3.21	5.59	20.09	16.65	16.82
Bandhan Infrastructure Dir Gr	Equity - Infrastructure	3	Very High Risk	-1.45	-12.37	-12.95	-15.04	-13.79	-8.68	-0.85	20.09	18.95	16.43
Navi Nifty Midcap 150 Index Dir Gr	Index Funds		Very High Risk	-0.1	-11.09	-11.85	-7.56	-12.7	1.77	4.67	20.09		
SBI ELSS Tax Saver Dir Gr	ELSS (Tax Savings)	5	Very High Risk	-0.81	-11.96	-12.96	-8.33	-13.68	-3.63	3.39	20.07	17.31	14.84
Invesco India Focused Dir Gr	Focused Fund	4	Very High Risk	0.24	-10.1	-13.45	-16.19	-14.29	-10.71	1.9	19.99	14.67	
Invesco India Invc Glb Cmr FOF DirGr	Global - Other		Very High Risk	-3.44	-4.08	-10.9	-19.84	-9.91	24.85	18.39	19.98	1.18	
UTI Large & Mid Cap Dir Gr	Large & Mid-Cap	4	Very High Risk	-0.62	-10.51	-11.61	-5.79	-12.38	1.29	7.13	19.92	16.63	14.39
Aditya BSL Special Opports Dir Gr	Equity - Other		Very High Risk	-0.08	-9.67	-12.01	-5.08	-12.56	5.92	8.56	19.89	15.15	
SBI Comma Dir Gr	Equity - Other		Very High Risk	0.81	-8.33	-2.84	1	-4.34	11.83	8.53	19.87	14.88	17.22
Nippon India Value Dir Gr	Value	5	Very High Risk	-0.88	-11.69	-12.27	-9.57	-13.07	-2.83	3.48	19.84	16.59	16.16
ICICI Pru Focused Equity Dir Gr	Focused Fund	5	Very High Risk	-0.88	-11.94	-14.48	-9.12	-15.06	0.32	6.63	19.76	17.36	15.82
Tata Nifty Midcap 150 Momt 50 Dir Gr	Index Funds		Very High Risk	-0.11	-11.77	-11.17	-7.45	-12	-2.34	0.69	19.76		
ITI Flexi Cap Dir Gr	Flexi Cap	5	Very High Risk	-0.68	-10.87	-11.67	-7.75	-12.46	1.59	4.49	19.76		
Kotak Midcap Dir Gr	Mid-Cap	4	Very High Risk	0.43	-10.81	-9.35	-9.43	-10.48	4.28	10.23	19.69	17.68	18.64
HSBC Infrastructure Fund Dir Gr	Equity - Infrastructure	4	Very High Risk	-0.06	-10.26	-6.95	-7.64	-8.03	-1.24	3.87	19.64	19.83	16.77
DSP Value Dir Gr	Value	4	Very High Risk	-0.64	-5.8	-4.92	-0.08	-5.4	8.82	10.29	19.63	15.94	
Aditya BSL Infrastructure Dir Gr	Equity - Infrastructure	2	Very High Risk	0.61	-10.33	-7.3	-7.38	-8.13	1.62	2.88	19.61	18.03	14.98
SBI Long Term Advnt Fd Series V Dir Gr	ELSS (Tax Savings)		Very High Risk	-0.63	-12.2	-13.56	-13.81	-14.3	0.4	13.35	19.56	15.41	
Bandhan Midcap Dir Gr	Mid-Cap	3	Very High Risk	0.25	-9.89	-9.45	-9.25	-10.22	2.36	6.48	19.45		
Invesco India Glb Eq Inc FoF Dr Gr	Global - Other		Very High Risk	0.29	-6.34	-0.67	1.71	-0.39	20.07	17.02	19.45	15.17	12.89
Axis Large & Mid Cap Dir Gr	Large & Mid-Cap	3	Very High Risk	-1.15	-8.85	-9.12	-6.14	-9.32	2.17	5.61	19.39	15.29	
Mahindra Manulife Multi Cap Dir Gr	Multi-Cap	4	Very High Risk	0.41	-9.61	-9.34	-5.79	-10.18	2.41	5.28	19.38	17.78	
Union Small Cap Dir Gr	Small-Cap	3	Very High Risk	2.13	-8.4	-5.92	-5.78	-6.91	7.05	7.16	19.36	17.83	16.12
Motilal Oswal Flexicap Dir Gr	Flexi Cap	2	Very High Risk	0.09	-9.3	-14.56	-14.29	-15.11	-9.74	3.84	19.32	10.9	12.97
Invesco India Financial Serv Dir Gr	Sector - Financial Services	5	Very High Risk	-0.17	-12.82	-11.71	-4.28	-12.44	4.2	9.59	19.26	14.8	16.65
Motilal Oswal Midcap Dir Gr	Mid-Cap	3	Very High Risk	-0.38	-9.31	-17.34	-17.94	-18.25	-12.14	1.89	19.23	21.24	16.98
Nippon India Multi Cap Dir Gr	Multi-Cap	4	Very High Risk	-0.64	-10.46	-10.8	-10.17	-11.54	-0.64	5	19.12	19.73	15.71
ICICI Pru Commodities Dir Gr	Equity - Other		Very High Risk	-1.26	-9.38	-3.75	-0.11	-5.73	10.24	8.65	19.07	21.89	
Mirae Asset Midcap Dir Gr	Mid-Cap	3	Very High Risk	-0.45	-11.19	-12.59	-8.58	-13.59	6.04	5.9	19.06	16.75	
Motilal Oswal BSE Fi ex Bk 30 Dir Gr	Index Funds		Very High Risk	-1.62	-15.21	-16.1	-11.01	-16.8	-1.9	4.98	18.94		
Franklin India Mid Cap Dir Gr	Mid-Cap	3	Very High Risk	-0.35	-11.15	-13.84	-10.15	-14.6	-3.89	6.04	18.94	14.83	14.98
DSP Midcap Dir Gr	Mid-Cap	3	Very High Risk	0.23	-11.11	-9.48	-8.22	-10.59	2.83	7.97	18.93	12.92	15.33
ICICI Pru Large & Mid Cap Dir Gr	Large & Mid-Cap	5	Very High Risk	-0.43	-11.09	-11.62	-7.67	-12.5	0.13	6.19	18.92	18.5	16.27
HDFC Flexi Cap Dir Gr	Flexi Cap	5	Very High Risk	-0.87	-11.72	-11.38	-8.95	-12.15	-0.89	7.1	18.79	18.66	16.68
WhiteOak Capital ELSS Tax Saver DirGr	ELSS (Tax Savings)	5	Very High Risk	0.01	-9.91	-13.41	-10.54	-14.05	-3.09	6.16	18.77		
Bank of India Small Cap Dir Gr	Small-Cap	4	Very High Risk	1	-7.6	-8.43	-10.49	-9.63	-1.83	4.47	18.75	19.01	
SBI Banking & Financial Svcs Dir Gr	Sector - Financial Services	5	Very High Risk	-1.68	-14.42	-12.98	-6.67	-13.79	3	10.58	18.73	12.98	17.17
Nippon India Small Cap Dir Gr	Small-Cap	5	Very High Risk	-0.08	-9.52	-10.74	-11.22	-11.68	-1.4	2.67	18.73	21.11	20.8
Axis Global Innovation FoF Dir Gr	Global - Other		Very High Risk	-1.93	-4.13	-5.29	-3.37	-6.3	19.74	13.14	18.7		
DSP Small Cap Dir Gr	Small-Cap	4	Very High Risk	0.56	-10.02	-9.21	-8.53	-10.35	3.6	6.72	18.69	18.38	16.59
LIC MF Dividend Yield Dir Gr	Dividend Yield		Very High Risk	-0.19	-12.12	-12.84	-11.08	-13.85	-3.38	4.78	18.64	15.07	
HSBC Large & Mid Cap Dir Gr	Large & Mid-Cap	3	Very High Risk	0.03	-10.38	-9.42	-7.85	-9.99	4.28	7	18.63	14.84	
Canara Robeco Mid Cap Dir Gr	Mid-Cap	3	Very High Risk	0.06	-9.81	-10.52	-9.41	-11.51	3.9	6.68	18.58		
Kotak Contra Dir Gr	Contra		Very High Risk	-0.47	-12.04	-12.17	-8.37	-12.89	0.6	4.56	18.55	15.77	16.99
ITI Multi Cap Dir Gr	Multi-Cap	3	Very High Risk	0.06	-10.16	-10.26	-6.03	-11.2	3.32	2.35	18.55	12.94	
LIC MF Midcap Fund Dir Gr	Mid-Cap	2	Very High Risk	-0.13	-11.38	-12.84	-11.33	-13.86	-3.98	4.7	18.52	13.17	
LIC MF Multi Cap Dir Gr	Multi-Cap	4	Very High Risk	-0.42	-11.5	-12.19	-9.91	-13.07	-0.5	7.79	18.5		
Axis Midcap Dir Gr	Mid-Cap	4	Very High Risk	0.18	-9.83	-8.19	-7.54	-9.04	2.37	7.34	18.49	14.82	17.63
HDFC Focused Dir Gr	Focused Fund	5	Very High Risk	-1	-12.29	-11.65	-9.4	-12.44	-1.53	7.27	18.47	19.98	15.52
Quant Small Cap Dir Gr	Small-Cap	4	Very High Risk	-0.44	-7.16	-12.1	-11.94	-13.31	-3.42	-1.36	18.45	23.06	18.12
Aditya BSL Mid Cap Dir Gr	Mid-Cap	2	Very High Risk	-0.11	-10.73	-12.5	-8.88	-13.17	-1.31	5.45	18.45	15.59	14.07
Aditya BSL Value Dir Gr	Value	3	Very High Risk	-0.02	-9.94	-10.89	-5.55	-11.81	-0.72	1.83	18.44	15.14	12.81
Edelweiss Small Cap Dir Gr	Small-Cap	4	Very High Risk	1	-9.63	-11.47	-10.26	-12.33	0.24	4.36	18.43	18.67	
DSP Large & Mid Cap Fund Dir Gr	Large & Mid-Cap	4	Very High Risk	-0.26	-11.83	-12.24	-7.67	-13.09	-2.76	6.73	18.42	14.78	15.61
Edelweiss Nifty SmCp 250 Idx Dir Gr	Index Funds		Very High Risk	0.35	-10.06	-13.34	-14.37	-14.34	-5.12	0.01	18.4		
Motilal Oswal Nifty Smcp 250 Idx Dir Gr	Index Funds		Very High Risk	0.34	-10.1	-13.39	-14.43	-14.39	-5.22	0.04	18.39	15.69	
Mahindra Manulife Focused Dir Gr	Focused Fund	5	Very High Risk	-0.2	-9.87	-9.13	-5.1	-9.71	-0.35	3.96	18.31	17.34	
SBI Nifty Smallcap 250 Index Dir Gr	Index Funds		Very High Risk	0.33	-10.1	-13.43	-14.48	-14.42	-5.37	-0.2	18.16		
Tata Resources & Energy Dir Gr	Equity - Other		Very High Risk	1.44	-8.89	-5.41	-4.08	-6.62	4.51	7.35	18.15	15.63	17.19
Parag Parikh Flexi Cap Dir Gr	Flexi Cap	5	Very High Risk	-1.53	-5.99	-9.05	-6.66	-9.17	0	7.75	18.13	17	17.78
Nippon India Vsn Lg & Md Cap Dir Gr	Large & Mid-Cap	3	Very High Risk	-0.47	-11.4	-11.63	-9.46	-12.43	-2.16	4.9	18.11	14.91	12.92
ICICI Pru Nifty SmCp 250 Idx Dir Gr	Index Funds		Very High Risk	0.34	-10.05	-13.37	-14.41	-14.37	-5.27	-0.2	18.11		
UTI Dividend Yield Dir Gr	Dividend Yield		Very High Risk	-0.39	-9.75	-10.13	-6.43	-10.72	-0.62	6.55	18.01	14.73	14.44
Nippon India Quant Dir Gr	Equity - Other		Very High Risk	-0.67	-11.09	-9.83	-5.99	-10.65	0.41	4.2	17.96	15.56	14.54
Motilal Oswal Nifty Next 50 Index Dir Gr	Index Funds		Very High Risk	-1.65	-13.29	-11.93	-10.82	-12.81	-3.65	0.29	17.96	12.61	
Kotak Nifty Next 50 Index Dir Gr	Index Funds		Very High Risk	-1.59	-13.23	-11.84	-10.72	-12.72	-3.52	0.39	17.95	12.75	
UTI Nifty Next 50 Index Dir Gr	Index Funds		Very High Risk	-1.63	-13.28	-11.9	-10.79	-12.78	-3.61	0.31	17.95	12.63	
DSP Nifty Next 50 Index Dir Gr	Index Funds		Very High Risk	-1.69	-13.31	-11.92	-10.79	-12.8	-3.56	0.27	17.94	12.68	
Nippon India Nifty Smallcap 250 I Dir Gr	Index Funds		Very High Risk	0.35	-10.08	-13.37	-14.41	-14.37	-5.28	-0.41	17.92	15.5	
Edelweiss Nifty Next 50 Index Dir Gr	Index Funds		Very High Risk	-1.63	-13.26	-11.87	-10.77	-12.76	-3.59	0.31	17.91		
SBI Nifty Next 50 Index Dir Gr	Index Funds		Very High Risk	-1.65	-13.3	-11.92	-10.83	-12.8	-3.68	0.26	17.91		
WhiteOak Capital Flexi Cap Dir Gr	Flexi Cap	4	Very High Risk	0.09	-9.65	-12.5	-9.49	-13.15	-1.63	5.38	17.88		
Axis Nifty Next 50 Index Dir Gr	Index Funds		Very High Risk	-1.63	-13.25	-11.85	-10.7	-12.73	-3.53	0.31	17.88		
ICICI Prudential Value Dir Gr	Value	5	Very High Risk	-0.85	-9.9	-11.8	-6.36	-12.41	0.33	5.69	17.86	18.37	15.69
Navi Nifty Next 50 Index Dir Gr	Index Funds		Very High Risk	-1.71	-13.34	-11.95	-10.85	-12.83	-3.66	0.3	17.84		
Quant Quantamental Dir Gr	Equity - Other		Very High Risk	-0.65	-10.02	-11.07	-6.64	-11.72	0.23	-1.78	17.83		
LIC MF Nifty Next 50 Index Dir Gr	Index Funds		Very High Risk	-1.61	-13.21	-11.83	-10.77	-12.72	-3.56	0.27	17.8	12.64	12.95
Nippon India US Eq Opports Dir Gr	Global - Other		Very High Risk	-3.21	-5.96	-9.48	-5.53	-8.83	4.43	6.37	17.79	9.88	14.82
ICICI Pru Nifty Next 50 Index Dir Gr	Index Funds		Very High Risk	-1.65	-13.28	-11.9	-10.81	-12.79	-3.7	0.1	17.78	12.51	12.93
Invesco India Flexi Cap Dir Gr	Flexi Cap	5	Very High Risk	-0.18	-11.6	-15.3	-15.69	-15.98	-4.93	3.75	17.76		
Nippon India Japan Equity Dir Gr	Global - Other		Very High Risk	2.41	-7.54	7.18	8.84	7.18	28.09	15.46	17.74	8.74	
Aditya BSL Nifty Next 50 Idx Dir Gr	Index Funds		Very High Risk	-1.63	-13.22	-11.86	-10.79	-12.74	-3.69	0.1	17.71		
ICICI Pru Multicap Dir Gr	Multi-Cap	4	Very High Risk	0.07	-10.78	-10.15	-7.62	-11.14	-1.85	3.87	17.71	15.77	15.08
Sundaram Small Cap Dir Gr	Small-Cap	3	Very High Risk	1.03	-10.03	-11.39	-10.55	-12.54	2.06	3.11	17.7	17.77	14.63
JM Flexicap Dir Gr	Flexi Cap	4	Very High Risk	-0.65	-11.4	-13.11	-13.18	-13.83	-7.31	0.43	17.68	15.6	16.82
HSBC Nifty Next 50 Index Dir Gr	Index Funds		Very High Risk	-1.66	-13.29	-11.92	-10.85	-12.8	-3.79	0.03	17.66	12.37	
HDFC NIFTY Next 50 Index Dir Gr	Index Funds		Very High Risk	-1.66	-13.31	-11.93	-10.85	-12.81	-3.71	0.01	17.66		
Tata Value Dir Gr	Value	5	Very High Risk	-0.31	-9.85	-11.87	-6.48	-12.56	-0.3	3.54	17.59	15.04	15.77
Baroda BNP P ELSS Tax Saver Dir Gr	ELSS (Tax Savings)	3	Very High Risk	-0.12	-9.68	-11.74	-6.14	-12.21	0.53	5.57	17.57	12.51	13.35
Edelweiss Large & Mid Dir Gr	Large & Mid-Cap	4	Very High Risk	-0.28	-10.27	-11.42	-6.46	-12.31	0.95	5.71	17.54	14.59	15.48
DSP ELSS Tax Saver Dir Gr	ELSS (Tax Savings)	5	Very High Risk	-0.57	-12.63	-13.06	-8.61	-13.88	-4.07	6.26	17.53	14.79	15.99
Union Multicap Dir Gr	Multi-Cap	3	Very High Risk	0.6	-10.41	-10.04	-7.38	-10.83	1.41	5.19	17.51		
HDFC ELSS TaxSaver Dir Gr	ELSS (Tax Savings)	5	Very High Risk	-0.87	-12.02	-13.14	-10.82	-13.96	-3.5	4.51	17.49	17.07	14.2
Edelweiss Flexi Cap Dir Gr	Flexi Cap	4	Very High Risk	0.01	-10.88	-11.92	-6.95	-12.67	0.38	5.69	17.45	14.78	15.69
Edelweiss Recently Listed IPO Dir Gr	Equity - Other		Very High Risk	-0.29	-6.26	-11.24	-11.85	-11.89	1.66	3.58	17.43	10.99	
HDFC Large and Mid Cap Dir Gr	Large & Mid-Cap	4	Very High Risk	-0.42	-12.08	-13.23	-10.55	-14.09	-2.66	2.83	17.39	16.28	14.4
SBI Infrastructure Dir Gr	Equity - Infrastructure	4	Very High Risk	-1.33	-11.4	-11.09	-9.01	-11.82	-4.79	-1.14	17.36	18.35	15.92
Aditya BSL Small Cap Dir Gr	Small-Cap	1	Very High Risk	0.5	-9.21	-9.1	-7.89	-9.8	1.74	3.68	17.27	13.52	13.52
Edelweiss US Value Equity Offshore Dr Gr	Global - Other		Very High Risk	1.2	-1.06	3.66	9.72	3.27	19.53	15.04	17.22	13.56	13.06
Tata Dividend Yield Dir Gr	Dividend Yield		Very High Risk	0.13	-10.24	-10.57	-5.16	-11.22	4.26	4.33	17.2		
Kotak Large & Midcap Dir Gr	Large & Mid-Cap	5	Very High Risk	-0.44	-12.11	-10.16	-7.32	-11.13	1.48	5.54	17.15	15.16	16.3
HDFC Multi Cap Dir Gr	Multi-Cap	3	Very High Risk	-0.42	-10.87	-12.79	-10.93	-13.63	-2.77	2.47	17.14		
Invesco India Contra Dir Gr	Contra		Very High Risk	-0.19	-11.67	-14.67	-11.48	-15.45	-4.92	4.71	17.13	14.27	16.18
Aditya BSL Div Yield Dir Gr	Dividend Yield		Very High Risk	-0.46	-9.77	-9.6	-4.56	-10.21	0.11	3.18	17.12	17.03	
HDFC Value Dir Gr	Value	3	Very High Risk	-0.53	-11.23	-12.03	-7.71	-12.78	0.93	5.38	17.12	14.84	14.35
Kotak Infra & Econ Reform Dir Gr	Equity - Infrastructure	3	Very High Risk	-0.14	-11.89	-9.8	-8.59	-10.78	2.04	2.56	17.11	19.96	16.36
Bandhan Focused Dir Gr	Focused Fund	3	Very High Risk	-0.81	-10.08	-10.84	-9.73	-11.87	-1.33	5.57	17.09	12.29	13.75
Union Value Fund Dir Gr	Value	3	Very High Risk	-0.11	-11.07	-10.81	-7.26	-11.62	0.73	3.97	17	14.48	
HSBC ELSS Tax saver Dir Gr	ELSS (Tax Savings)	4	Very High Risk	0.31	-10.78	-10.86	-9.53	-11.79	-1.57	5.99	16.94	13.12	13.72
DSP Focused Dir Gr	Focused Fund	3	Very High Risk	0.07	-12.05	-13.34	-9.79	-14.04	-5.48	5.63	16.92	11.4	12.52
ICICI Pru Exports and Services Dir Gr	Equity - Other		Very High Risk	-0.34	-9.16	-12.08	-8.13	-12.6	-2.68	4.93	16.89	16.07	13.86
Sundaram Glbl Brnd Thm Eq Actv FoFDir Gr	Global - Other		Very High Risk	-0.97	-6.41	-6.12	0.43	-6	17.4	11.61	16.83	11.89	12.18
ICICI Pru Flexicap Dir Gr	Flexi Cap	4	Very High Risk	0.17	-11.99	-12.92	-11.03	-13.72	2.39	3.7	16.8		
Baroda BNP P Multi Cap Dir Gr	Multi-Cap	3	Very High Risk	0.69	-9.15	-11.34	-8.91	-11.88	-2.61	3.3	16.77	15.22	14.61
ICICI Pru Global Advtg(FOF) Dir Gr	Global - Other		Very High Risk	-3.76	-8.35	-0.77	2.43	-0.58	20.36	21	16.73	8.13	
SBI Contra Dir Gr	Contra		Very High Risk	-0.62	-11.18	-12.15	-7.19	-12.86	-2.4	2.67	16.71	18.85	16.18
SBI Focused Dir Gr	Focused Fund	4	Very High Risk	-1.49	-10.03	-11.67	-4.85	-11.94	3.46	7.85	16.64	13.28	15.2
ITI ELSS Tax Saver Dir Gr	ELSS (Tax Savings)	3	Very High Risk	-0.3	-11.91	-15.36	-13.89	-16.16	-4.52	0.67	16.62	12.03	
Sundaram LT Tax Ad Sr IV Dir Gr	ELSS (Tax Savings)		Very High Risk	1.17	-9.39	-11.19	-9.64	-12.29	5.15	4.22	16.57	20.27	
Aditya BSL Flexi Cap Dir Gr	Flexi Cap	4	Very High Risk	-0.24	-10.22	-11.52	-5.87	-12.19	1.23	6.2	16.55	12.89	14.65
UTI Infrastructure Dir Gr	Equity - Infrastructure	2	Very High Risk	0.03	-11.11	-9.59	-7.75	-10.63	-3.07	0.88	16.55	14.66	13.55
JM ELSS Tax Save Dir Gr	ELSS (Tax Savings)	4	Very High Risk	0.13	-10.47	-14.59	-11.38	-15.5	-4.26	3.47	16.53	13.79	15.97
Axis Small Cap Fund Dir Gr	Small-Cap	4	Very High Risk	0.43	-8.72	-10.28	-10.35	-11.06	-1.73	4.99	16.45	17.83	18.77
HDFC Nifty 100 Equal Weight Index Dir Gr	Index Funds		Very High Risk	-1.06	-12.03	-11.38	-9.15	-12.2	-1.21	1.27	16.45		
ICICI Pru L/T Wealth Enhmnt Dir Gr	ELSS (Tax Savings)		Very High Risk	-0.55	-9.91	-14.24	-11.71	-14.86	-1.24	2.52	16.41	14.96	
Bank of India ELSS Tax Saver Dir Gr	ELSS (Tax Savings)	5	Very High Risk	-0.18	-8.7	-8.08	-6.39	-8.94	-1.27	-0.14	16.41	14.41	16.83
Axis Innovation Dir Gr	Equity - Other		Very High Risk	-1.14	-4.64	-10.26	-7.91	-9.77	2.93	6.13	16.4	12.33	
Sundaram Nifty 100 Equal Wgt Dir Gr	Index Funds		High Risk	-0.86	-11.68	-11.07	-8.91	-11.86	-1.07	1.3	16.39	12.53	11.95
LIC MF Large & Mid Cap Dir Gr	Large & Mid-Cap	4	Very High Risk	-0.59	-11.17	-12	-9.84	-12.8	-4.71	5.51	16.37	13.4	15.55
Kotak Business Cycle Dir Gr	Equity - Other		Very High Risk	0.34	-10.46	-12.18	-10.71	-13.01	1.39	7.26	16.33		
Nippon India Large Cap Dir Gr	Large-Cap	5	Very High Risk	-0.76	-11.47	-12.56	-9.72	-13.18	-1.53	2.98	16.29	15.88	14.93
Taurus Infrastructure Dir Gr	Equity - Infrastructure	2	Very High Risk	0.06	-10.44	-13.06	-13.31	-13.95	-3.75	-1.73	16.28	13.34	14.31
Sundaram LT Tax Ad Sr III Dir Gr	ELSS (Tax Savings)		Very High Risk	1.2	-9.02	-10.8	-9.38	-11.94	5.17	3.91	16.27	20.43	
HSBC Business Cycles Dir Gr	Equity - Other		Very High Risk	-0.61	-11.71	-13.81	-14.14	-14.58	-7.06	3.26	16.27	14.73	13.53
UTI Small Cap Dir Gr	Small-Cap	3	Very High Risk	1.02	-8.77	-11.77	-12.08	-12.76	-3.1	5.19	16.25	16.66	
WhiteOak Capital Large Cap Dir Gr	Large-Cap	4	Very High Risk	-0.3	-10.26	-12.3	-8.34	-12.89	-1.41	5.05	16.25		
Bank of India Large & Mid Cap Dir Gr	Large & Mid-Cap	3	Very High Risk	0.08	-8.69	-9.82	-3.54	-10.54	3.25	3.69	16.24	14.57	13.66
Kotak Focused Dir Gr	Focused Fund	4	Very High Risk	-0.38	-11.6	-11.19	-5.71	-11.81	5.01	6.8	16.24	13.44	
Nippon India ELSS Tax Saver DirGr	ELSS (Tax Savings)	3	Very High Risk	-0.71	-9.93	-9.77	-7.78	-10.4	-0.55	3.83	16.21	14.02	11.43
Baroda BNP P Lrg & Mid Cap Dir Gr	Large & Mid-Cap	3	Very High Risk	-0.35	-10.98	-12.83	-7.8	-13.45	-2.86	1.91	16.17	14.71	
Mirae Asset Banking & Fin Svcs Dir Gr	Sector - Financial Services	4	Very High Risk	-1.52	-14.05	-12.47	-5.04	-13.1	3.2	9.4	16.16	13.01	
Quant Flexi Cap Dir Gr	Flexi Cap	5	Very High Risk	-0.41	-9.16	-10.75	-7.95	-11.26	-2.79	-1.89	16.1	18.29	19.22
Mahindra Manulife Lrg & Md cap Dir Gr	Large & Mid-Cap	3	Very High Risk	-0.36	-10.4	-11.01	-7.68	-11.8	-0.69	0.3	16.08	14.77	
SBI Large & Midcap Dir Gr	Large & Mid-Cap	4	Very High Risk	-0.26	-11.36	-10.03	-5.39	-10.84	2.18	7.07	16.06	15.84	15.39
ITI Value Dir Gr	Value	3	Very High Risk	-0.95	-12.78	-13.86	-8.68	-14.84	-1.2	0.11	16.06		
HSBC Flexi Cap Dir Gr	Flexi Cap	4	Very High Risk	-0.2	-10.78	-12.46	-10.74	-13.35	-1.78	3.23	16.06	13.34	13.26
UTI Value fund Dir Gr	Value	3	Very High Risk	-0.97	-11.45	-13.66	-9.77	-14.33	-3.78	5.6	16.01	13.19	13.88
Franklin India Small Cap Dir Gr	Small-Cap	3	Very High Risk	-0.35	-9.65	-10.81	-11.73	-11.77	-3.68	-0.02	15.97	17.58	15.42
LIC MF Small Cap Fund Dir Gr	Small-Cap	3	Very High Risk	0.37	-8.64	-10.71	-13.08	-11.65	-5.1	3.5	15.96	17.33	
Tata Infrastructure Dir Gr	Equity - Infrastructure	3	Very High Risk	0.22	-10.67	-8.22	-9.92	-8.96	-2.67	-3.54	15.96	17.01	15.02
Franklin India Flexi Cap Dir Gr	Flexi Cap	4	Very High Risk	-0.44	-11.01	-12.32	-9.2	-12.97	-4.09	2.67	15.91	14.29	13.84
Edelweiss NIFTY Lrg Md Cp 250 Idx DrGr	Index Funds		Very High Risk	-0.53	-11.38	-12.72	-8.5	-13.48	-1.14	2.86	15.9		
Tata Business Cycle Dir Gr	Equity - Other		Very High Risk	-0.19	-10.7	-12.09	-9.84	-13.07	-4.51	-0.39	15.87		
JM Value Dir Gr	Value	4	Very High Risk	-0.1	-12.87	-15.8	-15.36	-16.37	-8.01	-1.68	15.86	14.83	16.16
Franklin India Technology Dir Gr	Sector - Technology		Very High Risk	-0.94	-5.11	-21.21	-14.28	-19.8	-8.88	-1.55	15.84	10.67	15.15
DSP Glb Cln Ey Ovrs Eq Omni FoF Dir Gr	Global - Other		Very High Risk	2.18	-1.16	10.75	21.97	11.1	63.56	22.47	15.81	12.43	9.32
Bank of India Midcap Tax Ser 1 Dir Gr	ELSS (Tax Savings)		Very High Risk	0.52	-8.82	-10.16	-9.87	-10.74	3.04	0.97	15.8	13.13	
UTI Mid Cap Dir Gr	Mid-Cap	3	Very High Risk	0.3	-10.69	-11.15	-9.24	-12.11	0.09	3.92	15.8	13.66	14.55
Quant ELSS Tax Saver Dir Gr	ELSS (Tax Savings)	5	Very High Risk	-0.7	-9.08	-10.75	-7.67	-11.22	1.46	-1.44	15.79	17.9	20.09
Edelweiss Focused Dir Gr	Focused Fund	4	Very High Risk	-0.08	-12.47	-11.49	-7.32	-12.32	-1.64	4.4	15.76		
DSP Nifty 50 Equal Weight Index Dir Gr	Index Funds		Very High Risk	-0.18	-10.68	-10.45	-6.25	-11.27	1.73	3.05	15.71	13.83	
Invesco India Pan Euro Eq FoF Dir Gr	Global - Other		Very High Risk	0.49	-8.82	1.15	10.66	1.39	28.83	16.33	15.7	13.01	10.28
Sundaram Fin Services Opp Dir Gr	Sector - Financial Services	5	Very High Risk	-1.98	-15.2	-13.99	-6.14	-14.8	-0.63	4.41	15.7	13.31	15.36
SBI Long Term Advnt Fd Series III Dir Gr	ELSS (Tax Savings)		Very High Risk	1.05	-5.98	-5.54	-3.44	-6.49	-2.61	3.08	15.7	15.69	
HDFC NIFTY50 Equal Weight Index Dir Gr	Index Funds		Very High Risk	-0.17	-10.69	-10.46	-6.27	-11.28	1.68	3.04	15.69		
Quant Mid Cap Dir Gr	Mid-Cap	3	Very High Risk	1.07	-4	-9.39	-7.48	-9.83	-6.75	-4.58	15.67	18.85	16.85
Aditya BSL Nifty 50 EW Index Dir Gr	Index Funds		Very High Risk	-0.18	-10.66	-10.44	-6.25	-11.26	1.68	3.02	15.66		
Aditya BSL Intl Equity Dir Gr	Global - Other		Very High Risk	-2.51	-5.49	-3.43	0.56	-2.89	23.11	16.87	15.65	10.47	11.77
ICICI Pru ESG Exclsnry Strtgy Dir Gr	Equity - ESG	4	Very High Risk	-1.1	-10.5	-14.2	-12.43	-14.91	-5.21	3.72	15.64	11.86	
Motilal Oswal BSE Quality Idx Dir Gr	Index Funds		Very High Risk	-0.12	-8.22	-10.73	-6.97	-11.24	1.21	0.95	15.63		
Edelweiss ELSS Tax saver Dir Gr	ELSS (Tax Savings)	4	Very High Risk	-0.22	-10.41	-11.76	-5.93	-12.61	0.99	4.95	15.62	13.12	13.35
ICICI Pru Nifty 50 Eql Weight Dir Gr	Index Funds		Very High Risk	-0.17	-10.67	-10.46	-6.28	-11.27	1.76	3.03	15.6		
Sundaram LT Mic capTax Ad Sr V Dir Gr	ELSS (Tax Savings)		Very High Risk	1.01	-9.35	-12.01	-10.99	-13.15	2.68	3.02	15.58	19.33	
Franklin India ELSS Tax Saver Dir Gr	ELSS (Tax Savings)	4	Very High Risk	-0.55	-10.87	-12.89	-10.17	-13.48	-5.39	1.91	15.55	13.89	13.13
DSP Large cap Dir Gr	Large-Cap	3	Very High Risk	-0.49	-10.82	-12.29	-8.92	-12.95	-4.64	5.04	15.55	11.62	12.11
MiraeAstGlbElctrc&AtnmsVhclsEqPsvFOFDrGr	Global - Other		Very High Risk	3.17	-2.98	6.67	17.47	7.82	54	22.9	15.54		
HDFC Small Cap Dir Gr	Small-Cap	4	Very High Risk	-0.49	-11.51	-13.21	-14.89	-14.26	-1.59	1.17	15.51	18.66	18.01
Aditya BSL Focused Dir Gr	Focused Fund	4	Very High Risk	-0.62	-10.47	-12.17	-5.56	-12.73	-0.25	4.71	15.47	12.27	13.39
Templeton India Value Dir Gr	Value	3	Very High Risk	-0.99	-11.27	-12.19	-7.33	-12.73	-0.84	1.97	15.46	16.62	14.97
Invesco India largecap Dir Gr	Large-Cap	5	Very High Risk	-0.04	-11.12	-12.88	-10.29	-13.49	-1.83	3.34	15.44	13	13.56
Sundaram Multi Cap Dir Gr	Multi-Cap	4	Very High Risk	-0.03	-11.55	-13.26	-11.3	-14.26	-3.18	3.59	15.43	14.3	15.17
Nippon India Banking & Fin Srvs Dir Gr	Sector - Financial Services	4	Very High Risk	-1.65	-14.84	-13.62	-8.04	-14.4	-1.17	5.88	15.41	15.08	14.49
Quant Infrastructure Dir Gr	Equity - Infrastructure	4	Very High Risk	-1.51	-12.74	-14.79	-14.47	-15.53	-7.9	-7.07	15.38	20.42	18.89
Tata India Consumer Dir Gr	Equity - Consumption	5	Very High Risk	-0.18	-8.69	-14.61	-13.33	-15.24	-3.53	2.8	15.37	13.63	16.7
Canara Robeco Focused Dir Gr	Focused Fund	4	Very High Risk	-0.68	-11.4	-13.07	-11.07	-13.78	-2.72	4.51	15.36		
HSBC Focused Dir Gr	Focused Fund	4	Very High Risk	0.11	-11.76	-12.06	-8.01	-12.7	1.65	3.21	15.34	12.67	
SBI Multicap Dir Gr	Multi-Cap	3	Very High Risk	-0.18	-9.37	-11.53	-11.29	-12.14	-4.69	5.34	15.34		
Union Large & Midcap Dir Gr	Large & Mid-Cap	3	Very High Risk	-0.08	-11.15	-10.86	-8.83	-11.68	-0.2	3.56	15.34	13.25	
Aditya BSL Multi-Cap Dir Gr	Multi-Cap	3	Very High Risk	0	-10.38	-11.32	-9.34	-11.99	-1.38	3.59	15.33		
PGIM India Global Eq Opp FoF Dir Gr	Global - Other		Very High Risk	-1.5	-5.25	-10.13	-10.48	-9.34	8.54	3.5	15.31	7.22	13.31
Bandhan Large Cap Dir Gr	Large-Cap	5	Very High Risk	-0.78	-10.93	-12.62	-8.11	-13.33	-1.22	3.64	15.26	12.02	13.32
Mirae Asset Flexi Cap Dir Gr	Flexi Cap	3	Very High Risk	-0.63	-10.67	-12.31	-7.41	-13.04	1.33	4.94	15.24		
Mirae Asset Large & Midcap Dir Gr	Large & Mid-Cap	4	Very High Risk	-0.84	-11.68	-13.08	-8.4	-13.88	0.99	3.57	15.21	12.57	17.52
Bank of India Midcap Tax Ser 2 Dir Gr	Equity - Other		Very High Risk	0.31	-9.07	-12.15	-11.81	-12.96	0.31	-0.03	15.19	12.45	
Sundaram Services Dir Gr	Equity - Other		Very High Risk	-0.34	-10.81	-15.34	-11.7	-16.09	-1.45	5.18	15.18	15.6	
Sundaram LT Mic capTax Ad Sr VI Dir Gr	Small-Cap		Very High Risk	1.22	-9.13	-11.86	-11.32	-13.06	2.09	2.13	15.17	20.2	
ICICI Prudential Large Cap Dir Gr	Large-Cap	5	Very High Risk	-0.47	-10.91	-12.77	-8.74	-13.42	-2.41	2.5	15.16	13.72	14.58
Axis Business Cycles Dir Gr	Equity - Other		Very High Risk	-0.46	-11.75	-12.06	-10.23	-12.72	-2.39	2.51	15.15		
Sundaram Div Yield Dir Gr	Dividend Yield		Very High Risk	-0.25	-9.23	-9.73	-6.14	-10.54	-1.51	1.77	15.15	13.25	15.3
Edelweiss Greater China Eq Off-sh Dir Gr	Global - Other		Very High Risk	0.84	-0.36	9.57	11.93	8.39	42.4	33.29	15.14	3.04	13.27
HDFC Dividend Yield Dir Gr	Dividend Yield		Very High Risk	-0.62	-10.78	-12.1	-9.94	-12.94	-3.21	1.04	15.13	16.58	
Bank of India Large Cap Dir Gr	Large-Cap	4	Very High Risk	-0.89	-11.42	-10.56	-6.39	-11.27	1.62	0.39	15.12		
Templeton India Dividend Yld Dir Gr	Dividend Yield		Very High Risk	-1.35	-8.71	-7.57	-4.35	-7.88	-2.65	2.84	15.08	16.61	15.95
Sundaram large and Mid Cap Dir Gr	Large & Mid-Cap	3	Very High Risk	-0.06	-12.1	-12.11	-8.88	-13.07	-1.72	3.54	15.07	12.93	14.71
LIC MF Value Dir Gr	Value	2	Very High Risk	-0.36	-10.57	-6.7	-3.92	-7.44	3.71	4.55	15.05	12.64	
Sundaram LT Mic cap Tax Ad Sr IV Dir Gr	ELSS (Tax Savings)		Very High Risk	1	-9.65	-12.15	-11.19	-13.28	2.34	2.05	15.05	19.44	
UTI Nifty200 Momentum 30 Index Dir Gr	Index Funds		Very High Risk	-0.91	-13.67	-12.24	-9.47	-13.05	-3.92	-5.8	15.05	13.22	
Tata Banking & Financial Svcs Dir Gr	Sector - Financial Services	5	Very High Risk	-1.74	-14.59	-13.81	-7.56	-14.31	-0.41	8.59	15.04	12.2	16.25
DSP Flexi Cap Fund Dir Gr	Flexi Cap	4	Very High Risk	-0.24	-12.05	-13.02	-10.57	-13.56	-4.94	4.45	15.04	11.6	14.56
Bandhan Multi Cap Dir Gr	Multi-Cap	3	Very High Risk	-0.77	-11.22	-13.08	-10.1	-13.88	-2.48	2.82	15.03		
Baroda BNP P Bank & Fin Srvs Dir Gr	Sector - Financial Services	4	Very High Risk	-1.46	-14.86	-13.28	-7.74	-13.93	-2.32	7.22	15	10.36	13.08
ICICI Pru US Bluechip Equity Dir Gr	Global - Other		Very High Risk	-1.54	-7.95	-4.65	3.96	-3.77	16.21	9.04	15	12.1	15.26
HDFC Housing Opportunities Dir Gr	Equity - Other		Very High Risk	-0.34	-14.12	-12.24	-11.73	-13.07	-5.36	-1.64	15	13.87	
Tata Flexi Cap Dir Gr	Flexi Cap	3	Very High Risk	-0.65	-11.14	-12.76	-9.98	-13.47	-1.91	4.54	15	11.28	
Taurus Ethical Dir Gr	Equity - Other		Very High Risk	-0.35	-9.15	-10.57	-6.99	-11.56	-3.56	-0.03	14.95	11.42	13.13
Baroda BNP P Busnss CycleDirGr	Equity - Other		Very High Risk	-0.5	-10.31	-11.53	-6.55	-12.07	-1.52	1.06	14.91		
Aditya BSL Global Emerging Opp Dir Gr	Global - Other		Very High Risk	-1.35	-4.94	-2.98	-1.49	-2.17	13.94	9.1	14.89	9.94	10.51
Bandhan Value Dir Gr	Value	4	Very High Risk	-0.86	-10.74	-12.68	-8.38	-13.29	-3.18	1.17	14.86	16.77	16.43
JM Focused Dir Growth Option	Focused Fund	3	Very High Risk	0.17	-11.97	-14.4	-13.41	-15.17	-7.42	-0.41	14.86	12.2	13.93
Tata ELSS Dir Gr	ELSS (Tax Savings)	4	Very High Risk	-0.43	-11.38	-11.32	-6.77	-12.02	-0.14	5.23	14.85	12.97	14.68
Quant Large and Mid Cap Dir Gr	Large & Mid-Cap	4	Very High Risk	-0.28	-8.23	-12.73	-10.02	-13.22	-7.77	-4.45	14.85	15.71	15.63
Canara Robeco Value Dir Gr	Value	3	Very High Risk	-0.8	-10.84	-12.51	-9.15	-13.3	-3.57	2.06	14.85		
Groww Value Dir Gr	Value	3	Very High Risk	-1.09	-11	-13.05	-11.08	-13.59	-2.02	1.32	14.85	12.64	11.64
Sundaram LT Mic cap Tax Ad Sr III Dir Gr	ELSS (Tax Savings)		Very High Risk	1.08	-9.54	-12.15	-11.36	-13.29	2.2	1.92	14.81	19.23	
HSBC Small Cap Fund Dir Gr	Small-Cap	4	Very High Risk	1.15	-9.85	-12.16	-13.42	-13.09	-5.42	-0.15	14.69	18.97	18.27
Kotak Flexicap Dir Gr	Flexi Cap	4	Very High Risk	-0.21	-11.95	-11.09	-8.23	-11.88	-0.12	4.46	14.67	12.15	14.39
Baroda BNP Paribas Flexi Cap Dir Gr	Flexi Cap	3	Very High Risk	-0.13	-10.81	-11.8	-7.73	-12.57	-2	2.28	14.66		
ICICI Pru ELSS Tax Saver Dir Gr	ELSS (Tax Savings)	3	Very High Risk	-0.23	-10.39	-11.77	-9.61	-12.55	-2.1	3.39	14.66	12.39	13.59
Mirae Asset ELSS Tax Saver Dir Gr	ELSS (Tax Savings)	5	Very High Risk	-0.92	-12.14	-13.97	-9.6	-14.63	-0.74	4.32	14.66	12.47	17.72
Motilal Oswal Nifty 200 Momt 30 Dir Gr	Index Funds		Very High Risk	-0.91	-13.69	-12.21	-9.67	-13.05	-4.29	-6.15	14.64		
SBI Midcap Dir Gr	Mid-Cap	3	Very High Risk	-0.5	-11.48	-10.85	-7.29	-11.9	-4.55	2.23	14.63	15.19	14.82
Quant ESG Integration Strat Dir Gr	Equity - ESG	5	Very High Risk	-0.88	-11.61	-13.17	-9.39	-13.9	-2.82	-1.51	14.53	18.71	
ICICI Prudential Housing Opps Dir Gr	Equity - Other		Very High Risk	0.12	-11.2	-10.17	-8.86	-10.81	-1.81	3.56	14.51		
ICICI Pru Quant Dir Gr	Equity - Other		Very High Risk	-0.61	-9.81	-11.05	-7.9	-11.89	-3.26	4.34	14.44	13.36	
Franklin India Lrg & Md Cp Dir Gr	Large & Mid-Cap	2	Very High Risk	-0.54	-8.96	-13.77	-10.31	-14.17	-1.98	4.15	14.42	12.03	11.79
Franklin Asian Eq Dir Gr	Global - Other		Very High Risk	-1.8	-8.76	3.78	11.09	3.1	28.66	19.9	14.41	3.99	9.65
ICICI Pru Nifty 200 Momt 30 Dir Gr	Index Funds		Very High Risk	-0.92	-13.68	-12.21	-9.49	-13.05	-4.02	-6.14	14.41		
Mahindra Manulife Flexi Cap Dir Gr	Flexi Cap	3	Very High Risk	-0.08	-11.02	-13.09	-9.87	-13.67	-2.97	2.38	14.4		
Canara Robeco Small Cap Dir Gr	Small-Cap	4	Very High Risk	1.41	-9.93	-11.49	-11.45	-12.46	-1.32	2.37	14.32	18.56	
ICICI Pru MNC Dir Gr	Equity - Other		Very High Risk	-1.4	-8.26	-9.1	-4.98	-9.61	3.39	4.77	14.29	13.84	
Bandhan Nifty200 Momentum 30 Idx Dir Gr	Index Funds		Very High Risk	-0.92	-13.7	-12.25	-9.57	-13.1	-4.25	-6.38	14.27		
Quant Large Cap Dir Gr	Large-Cap	4	Very High Risk	-0.97	-12.52	-13.73	-11.48	-14.24	-3.86	-2.73	14.25		
UTI Banking & Fin Svcs Dir Gr	Sector - Financial Services	3	Very High Risk	-1	-15.02	-12.35	-7.17	-13.1	-1.14	7.05	14.2	11.66	12.65
Invesco India Multicap Dir Gr	Multi-Cap	2	Very High Risk	-0.24	-11.59	-14.03	-14.85	-14.7	-9.09	0.79	14.18	13.04	14.22
PGIM India Glb Sel RE Scs FoF Dir Gr	Global - Other		Very High Risk	0	-5.6	7.03	7.3	7.12	19.47	12.99	14.14		
Taurus Largecap Equity Dir Gr	Large-Cap	2	Very High Risk	-1.39	-9.09	-10.78	-6.93	-11.47	-1.39	1.04	14.13	10.36	10.2
Quantum ELSS Tax Saver Dir Gr	ELSS (Tax Savings)	3	Very High Risk	-0.83	-11.34	-14.19	-11.04	-14.61	-6.79	1.92	14.12	11.34	11.59
Bandhan Flexi Cap Dir Gr	Flexi Cap	3	Very High Risk	-0.53	-10.35	-12.59	-8.77	-13.17	-1.1	2.93	14.12	11.42	11.44
Sundaram Long Term Tax Adv Ser II Dir Gr	ELSS (Tax Savings)		Very High Risk	0.08	-8.33	-8.01	-1.98	-8.06	5.88	5.94	14.12	13.03	13.76
Nippon India Flexi Cap Dir Gr	Flexi Cap	3	Very High Risk	-0.66	-11.45	-13.52	-11.58	-14.18	-3.91	1.45	14.11		
Aditya BSL Bkng & Fin Srvcs Dir Gr	Sector - Financial Services	4	Very High Risk	-1.44	-14.37	-14.6	-8.05	-14.96	-1.11	5.39	14.09	11.51	14.18
Quantum Value Dir Gr	Value	2	Very High Risk	-0.82	-11.37	-14.37	-11.22	-14.78	-7.13	1.79	14.09	11.2	11.47
Baroda BNP P Large Cap Dir Gr	Large-Cap	5	Very High Risk	-0.84	-10.95	-11.38	-7.34	-12.03	-2.84	1.53	14.05	12.18	13.49
Canara Robeco Large & Mid Cap Dir Gr	Large & Mid-Cap	3	Very High Risk	-0.56	-10.19	-12.37	-12.76	-13.16	-5.22	2.83	13.97	12.35	15.91
PGIM India Small Cap Dir Gr	Small-Cap	2	Very High Risk	1.25	-7.97	-9.97	-10.6	-10.81	1.25	5.31	13.97		
ICICI Pru Smallcap Dir Gr	Small-Cap	3	Very High Risk	-0.27	-11.45	-12.16	-13.57	-13.14	-2.26	1.03	13.95	16.71	16.06
HDFC Banking & Financial Svcs Dir Gr	Sector - Financial Services	4	Very High Risk	-1.52	-15.02	-13.96	-6.67	-14.58	1.14	6.61	13.94		
Mirae Asset Great Consumer Dir Gr	Equity - Consumption	5	Very High Risk	0.8	-10.43	-15.38	-15.51	-16.07	-3.43	1.84	13.84	13.98	16.31
Baroda BNP P Aqua FoF Dir Gr	Global - Other		Very High Risk	1.48	-8	2.73	5.28	3.55	18.73	9.23	13.81		
Union Flexi Cap Dir Gr	Flexi Cap	3	Very High Risk	-0.47	-11.5	-12.37	-10.09	-13.1	-2.91	1.02	13.75	12.07	13.41
SBI Long Term Advnt Fd Series VI Dir Gr	ELSS (Tax Savings)		Very High Risk	-0.22	-13.69	-15.52	-13.74	-15.98	-5.52	-0.36	13.75	12.97	
Tata Focused Dir Gr	Focused Fund	4	Very High Risk	-0.89	-11.22	-12.33	-10.01	-13.01	-3.21	1.33	13.72	12.46	
Parag Parikh ELSS Tax Saver Dir Gr	ELSS (Tax Savings)	4	Very High Risk	-1.39	-8.79	-12.46	-11.35	-13.09	-6.75	3.71	13.71	15	
Kotak Banking & Financial Svcs Dir Gr	Sector - Financial Services	4	Very High Risk	-1.4	-15.05	-12.5	-6.94	-13.19	-0.87	7.14	13.7		
Franklin India Large Cap Dir Gr	Large-Cap	2	Very High Risk	-0.94	-7.78	-11.07	-6.11	-11.07	-0.21	4.55	13.7	10.77	11.63
Aditya BSL Large & Mid Cap Dir Gr	Large & Mid-Cap	2	Very High Risk	-0.14	-11.25	-10.41	-8.37	-11.14	-0.95	2.96	13.67	9.31	12.26
Canara Robeco ELSS Tax Saver Dir Gr	ELSS (Tax Savings)	4	Very High Risk	-0.72	-10.79	-11.36	-8.58	-12	-1.04	3.48	13.65	12.07	15.09
ICICI Pru Nifty 100 LV 30 ETF FOF Dir Gr	Equity - Other		Very High Risk	0.59	-9.87	-11.89	-7.39	-12.69	-1.38	1.37	13.63		
Aditya BSL ELSS Tax Saver Dir Gr	ELSS (Tax Savings)	2	Very High Risk	-0.51	-10.69	-12.11	-9.05	-12.69	0.02	3.93	13.61	7.82	11.06
Bandhan ELSS Tax saver Dir Gr	ELSS (Tax Savings)	4	Very High Risk	-0.75	-10.54	-12.63	-7.58	-13.19	-1.42	1.22	13.56	14.35	15.67
Invesco India ELSS Tax Saver Fund Dir Gr	ELSS (Tax Savings)	3	Very High Risk	-0.41	-11.47	-15.28	-15.38	-15.98	-7.95	0.28	13.55	10.34	13.47
JM Large Cap Dir Gr	Large-Cap	5	Very High Risk	-0.63	-11.4	-12.71	-8.45	-13.44	-2.73	-0.74	13.54	11.71	11.63
Axis Flexi Cap Dir Gr	Flexi Cap	2	Very High Risk	-0.38	-11.24	-10.99	-10.78	-11.48	-2.94	3.32	13.54	9.69	
Baroda BNP P IndiaCnsmptnDirGr	Equity - Consumption	3	Very High Risk	0.01	-10.4	-14.83	-14.33	-15.41	-6.44	1.44	13.48	12.34	
Motilal Oswal Nifty 500 Dir Gr	Index Funds		Very High Risk	-0.65	-11.37	-13.16	-9.5	-13.9	-3	1.37	13.46	11.34	
Canara Robeco Flexi Cap Dir Gr	Flexi Cap	4	Very High Risk	-0.58	-11.21	-12.89	-10.51	-13.53	-1.62	3.11	13.46	11.67	14.57
Taurus Discovery (Midcap) Dir Gr	Mid-Cap	2	Very High Risk	-0.93	-11.52	-13.95	-14.16	-14.67	-4.48	-2.68	13.4	11.53	14.45
UTI Focused Dir Gr	Focused Fund	3	Very High Risk	-0.11	-11.2	-13.17	-10.78	-13.71	-4.45	1.19	13.39		
Union ELSS Tax Saver Dir Gr	ELSS (Tax Savings)	3	Very High Risk	-0.24	-11.28	-12.35	-10.14	-13.07	-2.41	1.61	13.38	12.37	12.93
Kotak Large Cap Dir Gr	Large-Cap	5	Very High Risk	-0.74	-11.54	-12.59	-8.59	-13.23	-1.86	3.52	13.38	11.56	13.43
Nippon Ind Nifty Alp Lw Vol30 Dir Gr	Index Funds		Very High Risk	-0.72	-11.87	-10.66	-7.79	-11.47	-4.48	-4.31	13.38		
Kotak Small Cap Dir Gr	Small-Cap	3	Very High Risk	0.14	-10.47	-11.42	-13.62	-12.43	-6.66	1.3	13.31	14.32	17.07
Edelweiss Large Cap Dir Gr	Large-Cap	5	Very High Risk	-0.39	-11.55	-12.08	-7.86	-12.72	-2.61	2.3	13.28	12.02	13.72
HSBC Large Cap Dir Gr	Large-Cap	4	Very High Risk	-0.53	-11.85	-11.82	-6.97	-12.46	-1.12	2.08	13.26	10.52	12.85
Aditya BSL ESG Intg Stgy Dir Gr	Equity - ESG	3	Very High Risk	-0.35	-11.43	-13.18	-8.1	-13.79	-2	5.26	13.26	9.89	
ICICI Pru Nifty Alp LV 30 ETF FOF Dir Gr	Equity - Other		Very High Risk	-1.01	-12.27	-11	-8.05	-11.42	-4.25	-4.52	13.25		
Franklin India Focused Equity Dir Gr	Focused Fund	3	Very High Risk	-0.88	-11.49	-14.37	-11.97	-14.8	-4.26	0.63	13.2	13.28	14.13
Kotak ELSS Tax Saver Dir Gr	ELSS (Tax Savings)	4	Very High Risk	-0.61	-11.87	-11.79	-9.63	-12.65	-2.83	1.4	13.2	12.99	14.98
SBI Long Term Advnt Fd Series IV Dir Gr	ELSS (Tax Savings)		Very High Risk	-1.56	-12.7	-13.1	-9.5	-13.47	-1.31	3.9	13.19	15.88	
Mahindra Manulife Lrg Cap Dir Gr	Large-Cap	4	Very High Risk	-0.73	-11.1	-13.06	-7.92	-13.73	-3.59	2.29	13.18	11.33	
Mahindra Manulife Consumption Dir Gr	Equity - Consumption	4	Very High Risk	0.07	-10.29	-14.75	-14.6	-15.5	-4.84	0.29	13.17	12.57	
Sundaram Flexi Cap Dir Gr	Flexi Cap	3	Very High Risk	-0.83	-11.89	-13.69	-10.09	-14.4	-2.71	2.62	13.1		
ITI Banking and Fin Svcs Dir Gr	Sector - Financial Services	4	Very High Risk	-2.03	-15.2	-13.36	-5.59	-14.11	0.14	6.41	13.06		
Nippon India Focused Dir Gr	Focused Fund	3	Very High Risk	-1.48	-11.44	-12.93	-9.67	-13.67	-2.27	3.28	13.02	11.67	14.36
Axis ELSS Tax Saver Fd Dir Gr	ELSS (Tax Savings)	2	Very High Risk	-0.45	-11.62	-12.12	-10.28	-12.67	-5.16	0.81	13	7.66	12.29
Bandhan Nifty100 Low Vol 30 Idx Dir Gr	Index Funds		Very High Risk	-0.4	-10.71	-12.68	-8.05	-13.32	-1.98	1.02	12.96		
Tata Large Cap Dir Gr	Large-Cap	4	Very High Risk	-0.75	-11.94	-13.23	-8.94	-13.9	-3.4	1.94	12.96	11.52	12.49
Canara Robeco Large Cap Dir Gr	Large-Cap	5	Very High Risk	-0.75	-11.36	-13.35	-9.97	-13.95	-4.55	2.57	12.91	10.9	14.35
360 ONE Focused Dir Gr	Focused Fund	4	Very High Risk	0.1	-11.39	-12.43	-9.6	-12.71	-5.13	1.38	12.91	12.65	16.46
ICICI Pru Bharat Consumption Dir Cum	Equity - Consumption	4	Very High Risk	-0.04	-10.28	-14.45	-14.98	-15.22	-5.03	-0.7	12.86	13.64	
Axis Greater China Equity FoF Dir Gr	Global - Other		Very High Risk	0.55	-4.45	4.59	6.21	3.89	34.07	27.78	12.86	4.05	
Canara Robeco Consumer Trends Dir Gr	Equity - Consumption	5	Very High Risk	-0.57	-12.52	-16.11	-14.7	-16.68	-6.89	0.43	12.83	12.25	16.22
Aditya BSL Business Cycle Dir Gr	Equity - Other		Very High Risk	-0.76	-10.51	-11.5	-6.98	-12.26	-1.71	3.4	12.82		
Mirae Asset HangSeng TECH ETF FoF Dir Gr	Global - Other		Very High Risk	1.84	-9.75	-13.5	-22.32	-13.39	-5.46	33.86	12.81		
ICICI Pru Global Stbl Eq(FOF) Dir Gr	Global - Other		Very High Risk	1.48	-3.17	3.96	7.98	3.42	15.48	12.34	12.74	10.84	10.01
Mahindra Manulife ELSS TaxSaverDirGr	ELSS (Tax Savings)	4	Very High Risk	-0.28	-10.94	-13.04	-9.74	-13.6	-3.16	2.15	12.71	12.69	
Sundaram ELSS Tax Saver Dir Gr	ELSS (Tax Savings)	4	Very High Risk	-0.86	-12.03	-13.94	-10.49	-14.64	-3.75	1.39	12.7	11.97	13.69
HDFC Large Cap Dir Gr	Large-Cap	5	Very High Risk	-0.8	-11.99	-12.77	-8.94	-13.49	-4.85	0.25	12.64	12.69	13.4
Groww Large Cap Dir Gr	Large-Cap	4	Very High Risk	-0.66	-11.79	-11.89	-9.01	-12.52	-0.68	0.95	12.63	10.41	12.29
Aditya BSL Large Cap Dir Gr	Large-Cap	4	Very High Risk	-0.62	-11.31	-14.19	-9.93	-14.78	-3.92	2.16	12.61	11.25	12.49
SBI Dividend Yield Dir Gr	Dividend Yield		Very High Risk	0.09	-11.2	-10.41	-6.7	-10.98	-0.92	2.39	12.59		
Kotak ESG Exclusionary Strategy Dir Gr	Equity - ESG	4	Very High Risk	-0.18	-11.88	-12.85	-9.6	-13.51	-2.26	1.96	12.57	9.53	
Nippon India Consumption Dir Gr	Equity - Consumption	4	Very High Risk	-0.19	-10.26	-15.71	-16.8	-16.58	-7.81	-0.33	12.5	14.64	13.59
LIC MF ELSS Tax Saver Dir Gr	ELSS (Tax Savings)	3	Very High Risk	-0.48	-11.97	-14.57	-12.89	-15.25	-9.6	2.46	12.47	11.04	12.64
Union Focused Dir Gr	Focused Fund	3	Very High Risk	0.85	-9.41	-6.09	-7.42	-6.86	0.61	2.25	12.47	10.75	
Navi Flexi Cap Dir Gr	Flexi Cap	3	Very High Risk	-0.62	-11.34	-10.85	-6.7	-11.53	1.44	3.25	12.46	12.06	
Sundaram Focused Dir Gr	Focused Fund	3	Very High Risk	-0.05	-10.11	-11.84	-9.28	-12.87	-4.31	0.55	12.43	10.85	13.67
Baroda BNP P Focused Dir Gr	Focused Fund	3	Very High Risk	-0.68	-11.47	-14.89	-9.82	-15.42	-4.21	-0.89	12.38	11.06	
LIC MF Flexi Cap Dir Gr	Flexi Cap	2	Very High Risk	0.13	-10.52	-14.03	-11.64	-14.99	0.53	1.58	12.35	9.51	10.16
Aditya BSL Consumption Dir Gr	Equity - Consumption	4	Very High Risk	-0.28	-11.32	-15.25	-14.54	-15.85	-5.69	1.38	12.29	11.94	14.96
Sundaram Consumption Dir Gr	Equity - Consumption	2	Very High Risk	0.16	-10.85	-16.38	-16.83	-17.16	-8.07	0.66	12.26	11.35	12.97
SBI Small Cap Fund Dir Gr	Small-Cap	3	Very High Risk	0.15	-8.33	-11.76	-12.64	-12.59	-5.14	0.46	12.16	14.33	18.02
UTI India Consumer Dir Gr	Equity - Consumption	2	Very High Risk	0.15	-11.1	-15.35	-14.63	-16.07	-4.47	0.71	12.15	10.24	11.15
ICICI Pru Banking & Fin Svcs Dir Gr	Sector - Financial Services	4	Very High Risk	-1.51	-14.51	-15.04	-10.98	-15.72	-4.07	5.09	12.14	10.9	14.69
PGIM India Midcap Fund Dir Gr	Mid-Cap	2	Very High Risk	0.35	-10.57	-11.25	-11.98	-12.2	-2.56	3.22	12.13	13.98	16.42
Tata Multicap Dir Gr	Multi-Cap	1	Very High Risk	-0.17	-10.43	-11.14	-7.02	-11.9	2.48	2.26	12.05		
Quant Focused fund Dir Gr	Focused Fund	4	Very High Risk	-0.85	-13.53	-14.97	-13.56	-15.59	-7.97	-5.33	12.04	12.15	13.93
UTI BSE Low Volatility Index Dir Gr	Index Funds		Very High Risk	-0.41	-10.87	-12.13	-8.16	-12.76	-3.17	-1.39	12.04		
Tata Nifty India Dgtl ETF FoF Dir Gr	Sector - Technology		Very High Risk	-2.24	-9.01	-24.02	-19.77	-23.58	-12.29	-3.15	12.03		
ITI Large Cap Dir Gr	Large-Cap	2	Very High Risk	-1.06	-11.92	-14.33	-10.55	-15.06	-6.54	-1.31	12.01	9.3	
Motilal Oswal BSE Low Vol Idx Dir Gr	Index Funds		Very High Risk	-0.42	-10.95	-12.19	-8.2	-12.82	-3.14	-1.44	11.97		
UTI ELSS Tax Saver Dir Gr	ELSS (Tax Savings)	3	Very High Risk	-0.67	-11.48	-13.67	-10.5	-14.28	-4.81	1.85	11.94	9.74	12.33
SBI Large Cap Dir Gr	Large-Cap	4	Very High Risk	-0.19	-11.65	-12.21	-7.84	-12.84	-2.5	3.06	11.93	10.76	12.6
Edelweiss ASEAN Equity Off Shore Dir Gr	Global - Other		Very High Risk	0.29	-3.71	4.77	9.22	3.96	24.36	18.12	11.92	9.5	8.78
Groww ELSS Tax Saver Dir Gr	ELSS (Tax Savings)	2	Very High Risk	-0.56	-11.62	-13.75	-12.17	-14.5	-4.24	-1.08	11.87	10.02	
DSP Nifty Midcap 150 Qul 50 Dir Gr	Index Funds		Very High Risk	-0.02	-11.51	-12.49	-11.9	-13.62	-5.06	1.78	11.72		
Navi Large & Mid Cap Dir Gr	Large & Mid-Cap	3	Very High Risk	-0.86	-12.42	-12.9	-9.99	-13.7	-3.65	3.88	11.72	12.08	14.28
Axis Quant Dir Gr	Equity - Other		Very High Risk	-0.33	-13.1	-13	-8.34	-13.99	-3.28	-2.95	11.69		
Taurus Flexi Cap Dir Gr	Flexi Cap	2	Very High Risk	-2.11	-11.55	-12.88	-11.84	-13.7	-7.51	-2.17	11.6	9.12	9.11
Bandhan Nifty 100 Index Dir Gr	Index Funds		Very High Risk	-0.95	-11.64	-13.52	-9.36	-14.18	-4.02	0.82	11.59		
UTI Nifty Midcap 150 Qual 50 Idx Dir Gr	Index Funds		Very High Risk	-0.02	-11.52	-12.56	-12.03	-13.68	-5.3	1.65	11.53		
Aditya BSL MNC Dir Gr	Equity - Other		Very High Risk	-2.03	-9.84	-12.27	-14.12	-12.79	-2.6	1.48	11.51	6.02	8.62
Axis Nifty 100 Index Dir Gr	Index Funds		Very High Risk	-0.95	-11.64	-13.53	-9.4	-14.2	-4.08	0.76	11.5	9.85	
Taurus ELSS Tax Saver Dir Gr	ELSS (Tax Savings)	3	Very High Risk	-1.71	-9.85	-12.31	-12.51	-13.43	-8.63	0.1	11.5	11.28	13.15
Navi ELSS Tax Saver Fund Dir Gr	ELSS (Tax Savings)	2	Very High Risk	-1.15	-10.61	-12.91	-7.82	-13.83	-3.16	1.58	11.47	10.23	12.18
HDFC Nifty 100 Index Dir Gr	Index Funds		Very High Risk	-0.95	-11.64	-13.55	-9.45	-14.22	-4.18	0.6	11.35		
Edelweiss Nifty100 Qul 30 Idx Dir Gr	Index Funds		Very High Risk	-0.91	-9.51	-13.5	-9.34	-13.97	-2.64	0.32	11.35		
PGIM India Flexi Cap Dir Gr	Flexi Cap	3	Very High Risk	-0.03	-9.99	-12.04	-9.9	-12.75	-2.66	2.62	11.17	11.15	14.81
Axis ESG Integration Strategy Dir Gr	Equity - ESG	1	Very High Risk	-0.24	-10.28	-12.88	-9.44	-13.54	-5.11	0.12	11.17	8.02	
HDFC Business Cycle Dir Gr	Equity - Other		Very High Risk	0.08	-11.11	-13.25	-13.51	-13.93	-5.34	-0.32	11.15		
SBI ESG Exclusionary Strategy Dir Gr	Equity - ESG	4	Very High Risk	-0.43	-12.71	-13.83	-10.45	-14.45	-5.32	1.43	11.14	9.82	12.05
Sundaram Large Cap Dir Gr	Large-Cap	4	Very High Risk	-0.49	-10.39	-11.77	-8.06	-12.69	-4.25	0.05	11.06	10.5	
UTI MNC Dir Gr	Equity - Other		Very High Risk	-0.43	-10.47	-13.18	-11.71	-13.72	-0.97	0.87	11.03	9.23	10.2
SBI Flexicap Dir Gr	Flexi Cap	3	Very High Risk	-0.84	-11.53	-13.31	-9.86	-13.88	-3.2	1.2	11.02	10.02	12.7
SBI Equity Minimum Variance Dir Gr	Equity - Other		Very High Risk	-0.07	-9.47	-11.57	-7.93	-12.23	-3.05	-1.18	11	10.62	
Quant Multi Cap Dir Gr	Multi-Cap	4	Very High Risk	-0.47	-7.48	-11.24	-11.46	-11.67	-7.17	-5.79	10.97	13.76	17.06
SBI Consumption Opportunities Dir Gr	Equity - Consumption	3	Very High Risk	0.52	-10.25	-13.87	-14.35	-14.58	-10.08	-0.6	10.91	14.81	14.7
Tata Housing Opportunities Dir Gr	Equity - Other		Very High Risk	-0.31	-14.93	-14.41	-13.58	-15.14	-6.35	-2.08	10.89		
Union Largecap Dir Gr	Large-Cap	3	Very High Risk	-0.75	-11.52	-11.76	-9.44	-12.46	-4.73	-0.84	10.85	9.56	
Mirae Asset Large Cap Dir Gr	Large-Cap	4	Very High Risk	-0.93	-11.92	-14.59	-10.2	-15.19	-3.82	2.66	10.83	9.71	13.5
Tata Small Cap Fund Dir Gr	Small-Cap	2	Very High Risk	-0.23	-11.47	-16.08	-22.74	-17.44	-15.44	-2.08	10.71	16.65	
Mirae Ast Nifty 100 ESG Sect LdrsFOFDrGr	Equity - ESG	3	Very High Risk	-0.97	-10.77	-14.29	-9.92	-14.58	-4.65	0.55	10.7	8.22	
Taurus Banking & Fin Services Dir Gr	Sector - Financial Services	4	Very High Risk	-1.32	-12.83	-12.34	-9.51	-12.97	-3.87	2.29	10.7	9.52	13.35
Sundaram Value Direct Growth	ELSS (Tax Savings)	2	Very High Risk	-1.06	-12.57	-13.91	-10.32	-14.72	-4.23	0.6	10.67	10.34	11.4
LIC MF Banking & Fin Serv Dir Gr	Sector - Financial Services	2	Very High Risk	-1.62	-13.58	-13.32	-6.83	-14.33	2.37	4.41	10.59	10.21	10.48
UTI Large cap Dir Gr	Large-Cap	3	Very High Risk	-0.5	-11.24	-14.33	-10.73	-14.95	-5.35	0.75	10.58	9.07	11.9
Axis Large Cap Fund Dir Gr	Large-Cap	3	Very High Risk	-0.73	-11.17	-12.47	-9.72	-13.06	-5.21	0.02	10.56	7.65	12.71
Motilal Oswal Nifty 50 Index Dir Gr	Index Funds		Very High Risk	-0.81	-11.31	-13.83	-9.06	-14.46	-4.12	1.01	10.44	9.55	
Navi Nifty 50 Index Dir Gr	Index Funds		Very High Risk	-0.81	-11.31	-13.83	-9.07	-14.46	-4.1	1.01	10.42		
Axis Nifty 50 Index Dir Gr	Index Funds		Very High Risk	-0.8	-11.27	-13.79	-9.04	-14.42	-4.1	1.01	10.41		
Bandhan Nifty 50 Index Dir Gr	Index Funds		Very High Risk	-0.82	-11.31	-13.83	-9.08	-14.46	-4.12	0.96	10.4	9.57	12.3
Nippon India Index Nifty 50 Dir Gr	Index Funds		Very High Risk	-0.8	-11.29	-13.81	-9.06	-14.44	-4.09	1.02	10.4	9.53	12.09
SBI Technology Opportunities Dir Gr	Sector - Technology		Very High Risk	-1.03	-6.24	-22.14	-14.9	-22.16	-9.07	1.57	10.4	11.57	15.52
DSP Nifty 50 Index Dir Gr	Index Funds		Very High Risk	-0.81	-11.29	-13.83	-9.07	-14.46	-4.13	0.99	10.39	9.52	
UTI Nifty 50 Index Fund Dir Gr	Index Funds		Very High Risk	-0.81	-11.32	-13.85	-9.1	-14.48	-4.17	0.97	10.38	9.53	12.24
HSBC Nifty 50 Index Dir Gr	Index Funds		Very High Risk	-0.79	-11.3	-13.84	-9.08	-14.47	-4.14	0.94	10.38	9.52	
Aditya BSL Nifty 50 Index Dir Gr	Index Funds		Very High Risk	-0.81	-11.3	-13.83	-9.07	-14.46	-4.15	0.97	10.37	9.46	11.81
SBI Nifty Index Dir Gr	Index Funds		Very High Risk	-0.81	-11.32	-13.86	-9.14	-14.49	-4.25	0.92	10.35	9.49	12.09
HDFC Nifty 50 Index Dir	Index Funds		Very High Risk	-0.81	-11.32	-13.85	-9.12	-14.48	-4.21	0.91	10.34	9.49	12.18
ICICI Pru Nifty 50 Index Dir Gr	Index Funds		Very High Risk	-0.8	-11.29	-13.83	-9.1	-14.46	-4.18	0.93	10.34	9.5	12.08
Edelweiss Nifty 50 Index Dir Gr	Index Funds		Very High Risk	-0.82	-11.31	-13.82	-9.04	-14.45	-4.06	0.96	10.33		
Franklin India NSE Nifty 50 Index Dir Gr	Index Funds		Very High Risk	-0.8	-11.26	-13.85	-9.07	-14.48	-4.15	0.99	10.31	9.42	11.86
Navi ELSS Tax Saver Nfty 50 Idx Dr Gr	ELSS (Tax Savings)		Very High Risk	-0.81	-11.32	-13.85	-9.13	-14.48	-4.19	0.95	10.3		
Axis Focused Dir Gr	Focused Fund	2	Very High Risk	-1.02	-10.77	-13.13	-12.92	-13.53	-7.2	-1.32	10.29	5.54	12.13
360 ONE ELSS Tax Saver Nifty 50 IdxDrGr	ELSS (Tax Savings)	2	Very High Risk	-0.74	-11.2	-13.73	-9.02	-14.35	-4.18	0.98	10.28		
Kotak Nifty 50 Index Dir Gr	Index Funds		Very High Risk	-0.81	-11.31	-13.84	-9.06	-14.46	-4.09	0.89	10.26		
Tata Nifty 50 Index Dir	Index Funds		Very High Risk	-0.81	-11.33	-13.92	-9.16	-14.55	-4.27	0.85	10.25	9.46	12.14
LIC MF Nifty 50 Index Dir Gr	Index Funds		Very High Risk	-0.79	-11.31	-13.92	-9.3	-14.55	-4.49	0.78	10.16	9.38	11.8
Nippon India Nifty 50 Value 20 I Dir Gr	Index Funds		Very High Risk	-0.94	-10.13	-12.11	-6.74	-12.58	-6.04	-1.09	10.12	10.96	
Quantum ESG Best In Class StgyFundDirGr	Equity - ESG	3	Very High Risk	-0.78	-12.58	-14.61	-13	-15.47	-7.58	-0.91	9.95	8.31	
Shriram ELSS Tax Saver Dir Gr	ELSS (Tax Savings)	2	Very High Risk	-0.59	-10.92	-12.7	-9.07	-13.56	-5.39	-3.53	9.92	8.87	
Invesco India ESG Int StgyDir Gr	Equity - ESG	2	Very High Risk	-0.32	-11.6	-16.35	-14.89	-16.8	-10.63	-1.17	9.88	9.23	
Shriram Flexi Cap Dir Gr	Flexi Cap	2	Very High Risk	-0.55	-10.95	-12.73	-9.16	-13.61	-6.07	-4.67	9.79	8.98	
Motilal Oswal Focused Dir Gr	Focused Fund	2	Very High Risk	0.51	-7.85	-9.1	-4.96	-10.08	4.22	-0.75	9.65	6.95	11.86
LIC MF Large Cap Dir Gr	Large-Cap	2	Very High Risk	-0.97	-11.94	-14.66	-11.6	-15.46	-5.82	0.59	9.57	8.55	11.17
DSP Quant Dir Gr	Equity - Other		Very High Risk	-0.17	-11.63	-14	-8.16	-14.46	-2.35	0.61	9.51	7.32	
Taurus Nifty 50 Index Dir Gr	Index Funds		Very High Risk	-0.8	-11.27	-13.91	-9.32	-14.53	-4.64	0.3	9.48	8.8	11.91
PGIM India Large Cap Dr Pl Gr	Large-Cap	2	Very High Risk	-0.7	-11.03	-13.72	-10.39	-14.32	-4.72	0.17	9.48	8.64	11.12
PGIM India ELSS Tax Saver Dir Gr	ELSS (Tax Savings)	3	Very High Risk	-0.38	-11.15	-14.12	-12.19	-14.82	-7.29	1.23	9.38	11.24	13.39
Tata Large & Mid Cap Dir Gr	Large & Mid-Cap	2	Very High Risk	-0.88	-13.29	-16.6	-14.54	-17.37	-11.09	-2.29	9.31	10.23	12.92
ICICI Pru Technology Dir Gr	Sector - Technology		Very High Risk	-0.34	-4.98	-22.22	-13.35	-21.23	-12.46	-1.29	9.14	10.04	15.78
Tata Ethical Dir Gr	Equity - Other		Very High Risk	-0.1	-9.59	-13.11	-10.27	-13.71	-6.75	-1.71	8.75	9.84	11.7
LIC MF Focused Dir Gr	Focused Fund	2	Very High Risk	-1.54	-10.79	-13.2	-11.5	-14.28	-4.61	0.54	8.75	9.06	
Motilal Oswal Nifty Bank Index Dir Gr	Index Funds		Very High Risk	-2.26	-16.95	-15.1	-8.12	-15.68	-1.94	3.91	8.61	8.7	
ICICI Pru Nifty Bank Index Dir Gr	Index Funds		Very High Risk	-2.27	-16.92	-15.06	-8.06	-15.64	-1.9	3.91	8.6		
Navi Nifty Bank Index Dir Gr	Index Funds		Very High Risk	-2.28	-16.99	-15.16	-8.16	-15.72	-2.02	3.89	8.58		
Nippon India Idx BSE Sensex Dir Gr	Index Funds		Very High Risk	-1.03	-11.49	-15	-10.25	-15.55	-6.22	-0.26	8.53	8.52	11.97
ICICI Pru BSE Sensex Index Dir Gr	Index Funds		Very High Risk	-1.04	-11.49	-15.01	-10.25	-15.55	-6.23	-0.24	8.52	8.47	
HDFC BSE Sensex Index Dir	Index Funds		Very High Risk	-1.04	-11.52	-15.04	-10.28	-15.58	-6.25	-0.28	8.5	8.49	12.02
UTI BSE Sensex Index Fund Dir Gr	Index Funds		Very High Risk	-1.03	-11.49	-15.01	-10.23	-15.55	-6.19	-0.24	8.5		
Tata BSE Sensex Index Dir	Index Funds		Very High Risk	-1.04	-11.51	-15.11	-10.3	-15.65	-6.35	-0.37	8.38	8.29	11.88
LIC MF BSE Sensex Index Dir Gr	Index Funds		Very High Risk	-0.92	-11.4	-15	-10.38	-15.55	-6.54	-0.52	8.28	8.31	11.61
Tata Digital India Dir Gr	Sector - Technology		Very High Risk	-0.64	-6.29	-23.08	-15.72	-23.08	-15.48	-4.83	8.11	8.96	15.45
UTI Flexi Cap Dir Gr	Flexi Cap	2	Very High Risk	0.13	-10.26	-15.59	-15.82	-16.26	-10.18	0.23	8.09	5.43	11.54
Kotak Intl REIT Ovrs Eq Omni FOF Dir Gr	Global - Other		Very High Risk	-2.03	-6.46	-3.63	-1.62	-3.71	15.31	9.38	7.34	3.64	
Mirae Asset Focused Dir Gr	Focused Fund	2	Very High Risk	-0.75	-12.78	-19.12	-17.21	-19.59	-9.51	-0.93	7.2	6.95	
HDFC MNC Dir Gr	Equity - Other		Very High Risk	-0.21	-12.59	-11.84	-11.57	-12.56	-2.94	-1.68	7.17		
Aditya BSL Digital India Dir Gr	Sector - Technology		Very High Risk	-0.75	-6.3	-23.19	-16.19	-23.23	-13.58	-5.63	6.88	7.89	15.46
SBI MNC Dir Gr	Equity - Other		Very High Risk	0.14	-8.25	-6.37	-4.71	-6.68	-2.04	-0.55	6.35	8.34	10.93
Mahindra Manu APAC REITs FOF Dir Gr	Global - Other		Very High Risk	-0.54	-5.4	-0.07	2.11	-0.32	22.32	13.09	5.96		
Samco ELSS Tax Saver Dir Gr	ELSS (Tax Savings)	1	Very High Risk	0.7	-10.91	-12.14	-13.33	-13.46	-6.57	-6.9	5.36		
ICICI Pru Nifty IT Index Dir Gr	Index Funds		Very High Risk	-0.3	-5.07	-23.19	-12.68	-22.95	-19.53	-7.01	3.03		
ICICI Pru FMCG Dir Gr	Sector - FMCG		Very High Risk	-1.15	-9.64	-15.16	-15.9	-15.6	-11.43	-5.16	1.77	8.63	10.86
Samco Flexi Cap Dir Gr	Flexi Cap	1	Very High Risk	1.08	-11.12	-10.01	-11.04	-11.04	-6.97	-11.17	1.7		
MotilalOswalDvMktExUSETFsOvsEqPsvFOFDrGr	Global - Other		Very High Risk	-0.96	-7.43	3.07	9.26	3.42	31.16	19.07			
SBI BSE PSU Bank Idx Dir Gr	Index Funds		Very High Risk	-4.19	-20.02	-7.53	3.49	-8.64	24.93				
Motilal Oswal Nifty Cptl Mkt Idx Dir Gr	Index Funds		Very High Risk	0.01	-7.65	-7.41	2.7	-8.61	24.88				
Tata Nifty Capital Markets Idx Dir Gr	Index Funds		Very High Risk	-0.02	-7.68	-7.53	2.52	-8.73	24.33				
Motilal Oswal Nifty MdSmFinclSvcsIdxDrGr	Index Funds		Very High Risk	-0.91	-12.23	-11.94	0.27	-12.93	20.24				
SBI Automotive Opportunities Dir Gr	Equity - Other		Very High Risk	0.23	-12.17	-8.43	-2.87	-9.67	19.64				
Quant BFSI Dir Gr	Sector - Financial Services		Very High Risk	0.47	-11.16	-12.5	-5.15	-13.25	15.88	6.41			
ICICI Pru Nifty200 Val 30 Idx Dir Gr	Index Funds		Very High Risk	-0.22	-12.43	-2.46	6.42	-4.01	14.7				
Axis Nifty500 Value 50 Index Dir Gr	Value		Very High Risk	0.63	-11.08	-1.83	4.02	-3.27	13.81				
Bandhan Nifty 500 Value 50 Index Dir Gr	Index Funds		Very High Risk	0.61	-11.25	-2.06	3.76	-3.51	13.36				
UTI Nifty 500 Value 50 Index Dir Gr	Index Funds		Very High Risk	0.61	-11.24	-2.07	3.77	-3.51	13.28	9.59			
HDFC Trsptn & Logistics Dir Gr	Equity - Other		Very High Risk	-0.77	-14.62	-13.71	-13.4	-14.34	13.2	8.96			
Motilal Oswal Nifty IND Dfnc Idx Dir Gr	Index Funds		Very High Risk	-2.43	-11.22	-5.49	-8.04	-6.74	12.84				
Aditya BSL Nifty India Dfnc Idx Dir Gr	Index Funds		Very High Risk	-2.43	-11.2	-5.46	-8	-6.72	12.76				
Kotak MNC Dir Gr	Equity - Other		Very High Risk	0.94	-9.39	-5.82	-2.76	-6.44	12.68				
Groww Nifty IND Dfnc ETF FoF Dir Gr	Equity - Other		Very High Risk	-1.97	-11.09	-5.7	-8.2	-6.78	12.65				
Nippon India Nifty Auto Idx Dir Gr	Index Funds		Very High Risk	-0.65	-15.45	-14.63	-10.3	-15.54	12.31				
Tata Nifty Auto Index Dir Gr	Index Funds		Very High Risk	-0.66	-15.6	-14.75	-10.57	-15.66	12.05				
HDFC Defence Dir Gr	Equity - Other		Very High Risk	-1.74	-11.51	-5.22	-7.57	-6.6	11.48	16.44			
Kotak BSE PSU Index Dir Gr	Index Funds		Very High Risk	-1.68	-12.2	-2.71	0.39	-4.1	10.41				
Baroda BNP Paribas Manufctrng Dir Gr	Equity - Other		Very High Risk	0	-9.01	-4.82	-1.01	-5.7	10.18				
ICICI Prudential Energy Opps Dir Gr	Sector - Energy		Very High Risk	0.1	-7.49	-0.96	0.58	-2.9	9.85				
Kotak Trsptn & Lgstcs Dir Gr	Equity - Other		Very High Risk	-0.81	-14.05	-14.52	-13.31	-15.16	8.96				
LIC MF Manufacturing Dir Gr	Equity - Other		Very High Risk	-0.84	-10.33	-6.31	-6.89	-7.32	8.76				
Aditya BSL Trsptn andLogisticsDirGr	Equity - Other		Very High Risk	-0.52	-13.85	-14.12	-12.21	-14.83	8.39	3.57			
HDFC Pharma and Healthcare Dir Gr	Sector - Healthcare		Very High Risk	1.8	-4.35	-0.12	1.89	-1.18	7.91	18.96			
Kotak Nifty Commodities Index Dir Gr	Index Funds		Very High Risk	0.86	-8.22	-2.31	1.75	-3.86	7.88				
Groww Multicap Dir Gr	Multi-Cap		Very High Risk	0.43	-10.68	-10.23	-7.05	-10.85	7.61				
Motilal Oswal Active Momentum Dir Gr	Equity - Other		Very High Risk	-0.4	-9.76	-12.25	-4.64	-13.07	7.44				
UTI Nifty India Manufacturing Idx Dir Gr	Index Funds		Very High Risk	-0.36	-10.97	-7.78	-5.14	-8.92	7.27				
WhiteOak Capital Phrm and Hlthcr Dir Gr	Sector - Healthcare		Very High Risk	0.66	-3.75	-1.4	-0.14	-2.11	6.91	17.99			
Axis India Manufacturing Dir Gr	Equity - Other		Very High Risk	0.22	-9.3	-5.51	-5.24	-6.74	6.6	7.89			
Helios Mid Cap Dir Gr	Mid-Cap		Very High Risk	0.27	-10.19	-13.5	-11.06	-14.37	6.58				
Invesco India Business Cycle Dir Gr	Equity - Other		Very High Risk	-0.36	-12.16	-12.78	-11.11	-13.46	6.51				
TrustMF Small Cap Dir Gr	Small-Cap		Very High Risk	1.64	-7.63	-8.31	-4.52	-8.98	5.98				
Baroda BNP Paribas Engy Opps Dir Gr	Sector - Energy		Very High Risk	-0.35	-7.8	-1.38	-1.08	-3.12	5.52				
Canara Robeco Manufacturing Dir Gr	Equity - Other		Very High Risk	0.43	-9.89	-7.24	-8.76	-8.33	5.42	7.13			
Baroda BNP Paribas Innovation Dir Gr	Equity - Other		Very High Risk	0.37	-7.82	-8.93	-5.49	-9.34	5.36	6.69			
Mahindra Manulife Business Cycl Dr Gr	Equity - Other		Very High Risk	-0.28	-9.55	-8.73	-2.9	-9.45	5.18	6.73			
Mahindra Manulife Value Dir Gr	Value		Very High Risk	-0.24	-9.9	-8.44	-2.44	-9.29	5.13				
Kotak Healthcare Dir Gr	Sector - Healthcare		Very High Risk	1.07	-4.14	0.48	0.98	-0.36	4.77	9.5			
Mirae Asset Small Cap Dir Gr	Small-Cap		Very High Risk	0.68	-9.06	-11.03	-9.28	-11.88	4.13				
PGIM India Healthcare Dir Gr	Sector - Healthcare		Very High Risk	1.03	-4.39	-1.51	1.24	-2.2	4.03				
DSP Banking & Financial Svcs Dir Gr	Sector - Financial Services		Very High Risk	-0.97	-12.93	-10.75	-4.46	-11.66	3.88	13.97			
Mahindra Manulife Manufactrng Dir Gr	Equity - Other		Very High Risk	-0.46	-9.38	-8.33	-7.11	-9.46	3.87				
TataNfty500Mltcp Ind Mnfc Idx Dr Gr	Index Funds		Very High Risk	-0.15	-9.71	-8.94	-6.65	-10.14	3.78				
Bandhan Innovation Dir Gr	Equity - Other		Very High Risk	-0.5	-9.74	-11.32	-9.07	-12.06	3.67				
DSP BSE SENSEX Next 30 Index Dir Gr	Index Funds		Very High Risk	0.05	-9.98	-7.75	-3.63	-8.73	3.62				
HSBC Financial Services Dir Gr	Sector - Financial Services		Very High Risk	-0.92	-12.98	-11.47	-4.87	-12.28	3.21				
Kotak Nifty Midcap 50 Index Dir Gr	Index Funds		Very High Risk	-0.13	-10.66	-12.14	-5.97	-13.13	3.01				
Helios Large & Mid Cap Dir Gr	Large & Mid-Cap		Very High Risk	-0.51	-12.17	-12.8	-9.9	-13.65	2.85				
Bajaj Finserv Flexi Cap Dir Gr	Flexi Cap		Very High Risk	0.75	-10.81	-10.85	-8.28	-11.6	2.68	7.61			
HDFC Manufacturing Dir Gr	Equity - Other		Very High Risk	-0.24	-11.1	-9.29	-8.88	-10.65	2.67				
Aditya BSL Quant Dir Gr	Equity - Other		Very High Risk	0.22	-13.2	-11	-4.49	-11.86	2.47				
Motilal Oswal Innovation Opps Dir Gr	Equity - Other		Very High Risk	-0.46	-9.09	-12.75	-15.02	-13.78	2.45				
Whiteoak Capital Large & Mid Cap Dir Gr	Large & Mid-Cap		Very High Risk	0.06	-10.01	-11.03	-7.06	-11.83	2.43	7.02			
ITI Focused Dir Gr	Focused Fund		Very High Risk	0.37	-11.37	-10.95	-6.71	-12.13	2.34	6.68			
Quant Healthcare Dir Gr	Sector - Healthcare		Very High Risk	2.11	-5.34	-3.83	-4.35	-4.96	2.18	5.65			
Nippon India Active Momentum Dir Gr	Equity - Other		Very High Risk	0.49	-10.79	-9.57	-5.3	-10.47	2.15				
Kotak Nifty Fincl Svcs Ex-Bk Idx Dir Gr	Index Funds		Very High Risk	-1.45	-13.87	-14.97	-8.34	-15.73	2.11	8.72			
ICICI Pru Innovt Dir Gr	Equity - Other		Very High Risk	-0.85	-7.77	-12.08	-7.86	-12.17	1.99	7.42			
WhiteOak Capital Multi Cap Dir Gr	Multi-Cap		Very High Risk	0.49	-9.51	-11.74	-8.85	-12.54	1.97	8.02			
HDFC NIFTY Midcap 150 Index Dir Gr	Index Funds		Very High Risk	-0.1	-11.08	-11.86	-7.58	-12.71	1.87	4.7			
Tata Nifty MidSmall Hlthcr Idx DirGr	Index Funds		Very High Risk	1.89	-5.16	-3.7	-3.47	-4.98	1.86				
Bank of India Consumption Dir Gr	Equity - Consumption		Very High Risk	0	-8.2	-13.04	-11.86	-13.73	1.78				
Motilal Oswal Nifty MdSm Hlthcr IdxDrGr	Index Funds		Very High Risk	1.88	-5.17	-3.73	-3.54	-5.01	1.75				
Baroda BNP P NIFTY Midcap 150 Idx Dir Gr	Index Funds		Very High Risk	-0.06	-11.03	-11.89	-7.66	-12.74	1.74				
SBI Energy Opportunities Dir Gr	Sector - Energy		Very High Risk	0.69	-11.48	-6.94	-5.9	-9.08	1.74	-0.45			
UTI Nifty Midcap 150 Index Dir Gr	Index Funds		Very High Risk	-0.08	-11.1	-11.89	-7.65	-12.74	1.72				
UTI Nifty50 Equal Weight Index Dir Gr	Index Funds		Very High Risk	-0.17	-10.67	-10.45	-6.22	-11.26	1.7	2.91			
WhiteOak Capital Special Opps Dir Gr	Equity - Other		Very High Risk	-0.3	-10.11	-11.85	-8.7	-12.52	1.68				
Groww Banking & Fincl Svcs Dir Gr	Sector - Financial Services		Very High Risk	-0.8	-12	-10.8	-6.88	-11.66	1.66	4.41			
SBI Nifty50 Equal Weight Idx Dir Gr	Index Funds		Very High Risk	-0.17	-10.69	-10.47	-6.28	-11.29	1.64	2.96			
Bajaj Finserv Healthcare Dir Gr	Sector - Healthcare		Very High Risk	1.22	-4.3	-4.58	-3.28	-5.47	1.6				
Bandhan Nifty Midcap 150 Index Dir Gr	Index Funds		Very High Risk	-0.11	-11.11	-11.86	-7.55	-12.71	1.52				
Edelweiss Technology Fund Dir Gr	Sector - Technology		Very High Risk	-0.49	-2.9	-15.23	-9.06	-14.31	1.45	4.88			
HSBC India Export Opports Dir Gr	Equity - Other		Very High Risk	1.01	-8.13	-10.82	-6.47	-11.72	1.34				
Kotak Nifty 50 Equal Weight Idx Dir Gr	Index Funds		Very High Risk	-0.19	-10.71	-10.5	-6.35	-11.31	1.23				
Mirae Asset Multicap Dir Gr	Multi-Cap		Very High Risk	-0.74	-11.49	-13.39	-10.12	-14.13	1.15	4.94			
Bandhan BSE Healthcare Index Dir Gr	Index Funds		Very High Risk	1.09	-4.9	-3.75	-3.01	-4.57	1.09				
ICICI Prudential Rural Opps Dir Gr	Equity - Other		Moderate Risk	-0.97	-12.38	-13.05	-10.93	-13.79	0.89				
DSP Business Cycle Dir Gr	Equity - Other		Very High Risk	-0.11	-10.54	-8.56	-5.76	-9.51	0.88				
Quantum Small Cap Dir Gr	Small-Cap		Very High Risk	0	-11.09	-12.27	-10.95	-13.21	0.8	4.09			
PGIM India Multi Cap Dir Gr	Multi-Cap		Very High Risk	0	-9.81	-10.26	-9.08	-11.14	0.67				
SBI Quant Dir Gr	Equity - Other		Very High Risk	-0.47	-12.73	-11.47	-3.09	-12.01	0.62				
Invesco India Manufacturing Dir Gr	Equity - Other		Very High Risk	0.11	-10.98	-7.26	-9.86	-8.54	0.54				
Kotak Nifty Midcap 150 Index Dir Gr	Index Funds		Very High Risk	-0.09	-11.14	-11.94	-7.7	-12.78	0.39				
Helios Flexi Cap Dir Gr	Flexi Cap		Very High Risk	-0.37	-11.13	-13.5	-11.31	-14.39	0.3	5.4			
Edelweiss Multi Cap Dir Gr	Multi-Cap		Very High Risk	0.34	-10.38	-11.13	-7	-11.92	0.26	5.62			
Old Bridge Focused Dir Gr	Focused Fund		Very High Risk	0.18	-9.55	-10.69	-3.4	-11.46	0.18	6.96			
Tata BSE Sel Business Grps Idx Dir Gr	Index Funds		Very High Risk	-0.17	-10.26	-12.69	-6.48	-13.57	0.03				
Kotak Special Opportunities Dir Gr	Equity - Other		Very High Risk	0.38	-10.53	-13.86	-9.94	-14.55	0.01				
Motilal Oswal Manufacturing Dir Gr	Equity - Other		Very High Risk	-1.02	-9.07	-10.82	-13.74	-11.71	-0.06				
Kotak Consumption Dir Gr	Equity - Consumption		Very High Risk	0.21	-9.43	-15.12	-13.18	-15.51	-0.07	8.18			
Canara Robeco Multi Cap Dir Gr	Multi-Cap		Very High Risk	0.23	-10.03	-12.68	-9.61	-13.42	-0.07	5.74			
Bajaj Finserv Large Cap Dir Gr	Large-Cap		Very High Risk	-0.5	-10.77	-10.74	-5.8	-11.39	-0.11				
Baroda BNP Paribas Small Cap Dir Gr	Small-Cap		Very High Risk	1.95	-6.88	-9.22	-8.8	-9.88	-0.21	2.02			
Union Innovation & Opports Dir Gr	Equity - Other		Very High Risk	1.11	-7.82	-12.81	-13.22	-13.4	-0.24	6.52			
ZerodhaELSSTaxSavrNftyLrgMdcap250IdxDrGr	ELSS (Tax Savings)		Very High Risk	-0.51	-11.32	-12.56	-8.22	-13.32	-0.59	3.35			
Zerodha Nifty LargeMidcap 250 Idx Dir Gr	Index Funds		Very High Risk	-0.52	-11.32	-12.57	-8.25	-13.34	-0.65	3.26			
Franklin India Multi Cap Dir Gr	Multi-Cap		Very High Risk	-0.2	-12.03	-13.91	-10.7	-14.7	-0.71				
Baroda BNP P Dividend Yield Dir Gr	Dividend Yield		Very High Risk	-0.27	-10.08	-10.57	-6.29	-11.22	-0.79				
Edelweiss Business Cycle Dir Gr	Equity - Other		Very High Risk	0.36	-11.86	-10.66	-6.99	-11.53	-0.88				
Motilal Oswal Small Cap Dir Gr	Small-Cap		Very High Risk	0.26	-9.3	-11.51	-10.74	-12.39	-0.99	9.55			
ICICI PruNiftyLargeMidcap250IdxDirGr	Index Funds		Very High Risk	-0.53	-11.36	-12.69	-8.47	-13.45	-1.12	2.77			
HDFC Nifty LargeMidcap 250 Index Dir Gr	Index Funds		Very High Risk	-0.52	-11.38	-12.69	-8.48	-13.45	-1.13				
Union Business Cycle Dir Gr	Equity - Other		Very High Risk	-0.29	-11.88	-10.89	-9	-11.58	-1.15	0.93			
Mirae Asset Nifty LrgMdcp250IdxDirGr	Index Funds		Very High Risk	-0.5	-11.35	-12.72	-8.51	-13.47	-1.23				
Kotak Nifty 100 Equal Weight Idx Dir Gr	Index Funds		Very High Risk	-1	-11.94	-11.31	-9.13	-12.13	-1.25				
Motilal Oswal Quant Dir Gr	Equity - Other		Very High Risk	0.12	-10.23	-11.13	-9.02	-12	-1.32				
WhiteOak Capital Bkg & Fincl Svcs Dir Gr	Sector - Financial Services		Very High Risk	-1.33	-14.18	-13.54	-8.63	-14.26	-1.4	8.27			
Mirae Ast BSE 200 EqlWghtETFFoFDirGr	Index Funds		Very High Risk	-0.49	-11.37	-11.43	-8.57	-12.26	-1.53				
ICICI Prudential Eq Min Var Dir Gr	Equity - Other		Very High Risk	-0.51	-11.11	-12.47	-7.4	-13.09	-1.61				
Bajaj Finserv Multi Cap Dir Gr	Multi-Cap		Very High Risk	0.98	-10.91	-11.53	-7.06	-12.29	-1.63				
Tata Nifty500 Mltcp Infras Idx DirGr	Index Funds		Very High Risk	-0.44	-10.53	-11.33	-8.1	-12.31	-1.63				
Groww Nifty EV&NwAgAtmtvETFFoF Dir Gr	Equity - Other		Very High Risk	-2.09	-14.95	-15.47	-14.39	-16.41	-1.7				
Bajaj Finserv Large & Mid Cap Dir Gr	Large & Mid-Cap		Low Risk	0.13	-11.12	-12.61	-7.63	-13.28	-1.72	4.9			
SBI Nifty Bank Index Dir Gr	Index Funds		Very High Risk	-2.23	-16.92	-15.06	-8.06	-15.64	-1.94				
Axis Nifty Bank Index Dir Gr	Index Funds		Very High Risk	-2.26	-16.93	-15.09	-8.1	-15.67	-1.95				
Nippon India Innovation Dir Gr	Equity - Other		Very High Risk	-0.47	-11.32	-14.11	-14.16	-14.5	-1.96	2.51			
DSP Nifty Bank Index Dir Gr	Index Funds		Very High Risk	-2.28	-16.95	-15.1	-8.12	-15.68	-1.96				
Tata Nifty200 Alpha 30 Index Dir Gr	Index Funds		Very High Risk	-1.03	-13.53	-10.82	-8.8	-11.91	-1.97				
HDFC NIFTY100 Low Volatil 30 Idx Dir Gr	Index Funds		Very High Risk	-0.39	-10.69	-12.68	-8.06	-13.32	-2.01				
Mirae Ast Nifty200 Alp 30 ETF FoF Dr Gr	Equity - Other		Very High Risk	-1.02	-13.77	-11.32	-9	-12.07	-2.01				
Bandhan Nifty Bank Index Dir Gr	Index Funds		Very High Risk	-2.28	-16.98	-15.14	-8.14	-15.72	-2.03				
Nippon India Nifty Bank Index Dir Gr	Index Funds		Very High Risk	-2.26	-16.95	-15.1	-8.12	-15.68	-2.04	3.8			
Kotak NIFTY 100 Lw Vol 30 Idx Dir Gr	Index Funds		Very High Risk	-0.4	-10.78	-12.74	-8.11	-13.38	-2.04				
Kotak Nifty Mdcp 150 Mmt 50 Idx Dir Gr	Index Funds		Very High Risk	-0.12	-11.76	-11.16	-7.29	-11.97	-2.21				
Kotak Quant Dir Gr	Equity - Other		Very High Risk	0.2	-12.57	-10.52	-7.75	-11.48	-2.29	0.24			
Axis Momentum Dir Gr	Equity - Other		Very High Risk	1.11	-10.68	-12.77	-8.58	-13.68	-2.38				
PGIM India Large and Mid Cap Dir Gr	Large & Mid-Cap		Very High Risk	-0.35	-10.74	-11.99	-10.67	-12.67	-2.67	4.04			
HDFC Nifty100 Quality 30 Index Dir Gr	Index Funds		Very High Risk	-0.91	-9.5	-13.49	-9.37	-13.96	-2.78				
Navi Nifty 500 Multicap 50 25 25IdxDirGr	Index Funds		Very High Risk	-0.41	-11	-12.92	-10.02	-13.71	-2.8				
Edelweiss Consumption Dir Gr	Equity - Consumption		Very High Risk	0.17	-10.57	-14.36	-13.42	-15.06	-2.82				
DSP Multicap Dir Gr	Multi-Cap		Low Risk	-0.62	-11.03	-13.14	-13.04	-14.19	-2.87	3.64			
HDFC Nifty500 Multcp 50:25:25 Idx Dir Gr	Index Funds		Very High Risk	-0.42	-11.14	-13.1	-10.24	-13.9	-2.93				
MiraeAstNftyMdSmCp400MQETFFoFDirGr	Equity - Other		Very High Risk	0.87	-8.72	-9.12	-8.41	-9.79	-2.98				
UTI Nifty Mdsmcp 400 Momt Qul100IdxDirGr	Index Funds		Very High Risk	0.57	-9.02	-9.16	-8.43	-10.07	-3.08				
Axis Nifty 500 Index Dir Gr	Index Funds		Very High Risk	-0.84	-11.52	-13.31	-9.65	-14.04	-3.15				
SBI Nifty India Consumption Dir Gr	Equity - Consumption		Very High Risk	-0.03	-10.46	-15.19	-14.4	-15.93	-3.15				
SBI Nifty 500 Index Dir Gr	Index Funds		Very High Risk	-0.65	-11.39	-13.21	-9.61	-13.95	-3.22				
ITI Bharat Consumption Dir Gr	Equity - Consumption		Very High Risk	-0.14	-10.38	-14	-13.35	-14.73	-3.24				
Groww Nifty 200 ETF FOF Dir Gr	Equity - Other		Very High Risk	-0.89	-11.53	-12.85	-8.99	-13.6	-3.24				
Bajaj Finserv ELSS Tax Saver Dir Gr	ELSS (Tax Savings)		Low Risk	-0.29	-10.84	-11.78	-8.21	-12.52	-3.28				
Mirae Asset Nifty Total Mkt Idx Dir Gr	Index Funds		Very High Risk	-0.65	-11.36	-13.25	-9.87	-14	-3.36				
Angel One Nifty Total Market Idx Dir Gr	Index Funds		Very High Risk	-0.65	-11.36	-13.25	-9.86	-14	-3.37				
ICICI Prudential Nifty 500 Idx Dir Gr	Index Funds		Very High Risk	-0.69	-11.37	-13.2	-9.66	-13.94	-3.39				
Helios Financial Services Dir Gr	Sector - Financial Services		Very High Risk	-0.78	-13.85	-16.12	-11.38	-16.6	-3.41				
Nippon Ind Nifty 500 Eql Wtd Idx Dr Gr	Index Funds		Very High Risk	-0.51	-11.21	-13.28	-13.25	-14.24	-3.45				
Kotak Nifty Smallcap 50 Dir Gr	Index Funds		Very High Risk	0.82	-10.37	-12.56	-11.33	-13.47	-3.45	3.04			
TrustMF Flexi Cap Dir Gr	Flexi Cap		Very High Risk	-0.48	-9.97	-11.12	-8.56	-11.94	-3.5				
HDFC BSE 500 Index Dir Gr	Index Funds		Very High Risk	-0.62	-11.41	-13.3	-9.78	-14.01	-3.5	0.76			
Groww Nifty Total Market Idx Dir Gr	Index Funds		Very High Risk	-0.64	-11.41	-13.32	-9.97	-14.08	-3.53	1.13			
Bandhan Nifty Total Market Index Dir Gr	Index Funds		Very High Risk	-0.66	-11.4	-13.31	-9.97	-14.06	-3.54				
Kotak Nifty 200 Momt 30 Idx Dir Gr	Index Funds		Very High Risk	-0.96	-13.7	-12.23	-9.45	-13.06	-3.59	-5.6			
HSBC Consumption Dir Gr	Equity - Consumption		Very High Risk	0.18	-9.98	-14.42	-14.46	-15.2	-3.66	3.33			
Bank of India Business Cycle Dir Gr	Equity - Other		Very High Risk	-0.61	-8.72	-9.93	-11.88	-10.62	-3.66				
Bandhan Financial Services Dir Gr	Sector - Financial Services		Very High Risk	-1.43	-14.56	-15.74	-10.44	-16.28	-3.67	5.93			
UTI Quant Dir Gr	Equity - Other		Very High Risk	-0.64	-8.82	-12.77	-9.65	-13.38	-3.71				
Quant Commodities Dir Gr	Equity - Other		Very High Risk	0.88	-10.6	-11.58	-8.25	-12.77	-3.72	2.63			
Bandhan Nifty Alpha 50 Index Dir Gr	Index Funds		Very High Risk	-0.9	-12.3	-10.76	-9.03	-11.72	-3.73	-3.79			
Bandhan Nifty Next 50 Index Dir Gr	Index Funds		Very High Risk	-1.65	-13.3	-11.94	-10.86	-12.82	-3.77				
Aditya BSL BSE India Infras Idx Dir Gr	Index Funds		Very High Risk	0.79	-9.68	-6.21	-7.81	-7.31	-3.79				
Axis Nifty500 Momentum 50 Index Dir Gr	Index Funds		Very High Risk	0.12	-12.04	-11.81	-9.12	-12.57	-3.9				
Motilal Oswal Large Cap Dir Gr	Large-Cap		Very High Risk	-1.19	-11.31	-14.3	-10.65	-14.79	-4.06	10.3			
Nippon Ind Nifty 500 Momt 50 IdxDrGr	Index Funds		Very High Risk	0.09	-12.16	-11.97	-9.2	-12.72	-4.07				
HDFC NIFTY200 Momentum 30 Index Dir Gr	Index Funds		Very High Risk	-0.92	-13.72	-12.27	-9.53	-13.11	-4.08	-6.24			
UTI Nifty200 Quality 30 Index Dir Gr	Index Funds		Very High Risk	-0.75	-9.65	-14.12	-10.18	-14.77	-4.08				
360 ONE Flexicap Dir Gr	Flexi Cap		Very High Risk	0.11	-11.13	-12.72	-10.49	-13.26	-4.11	4.75			
Bandhan Nifty 200 Quality 30 Idx Dir Gr	Index Funds		Very High Risk	-0.74	-9.65	-14.11	-10.13	-14.75	-4.11				
Mirae Asset Nifty 50 Idx Dir Gr	Index Funds		Very High Risk	-0.78	-11.31	-13.8	-9.06	-14.43	-4.15				
Motilal Oswal Nifty 500 Momt 50 IdxDirGr	Index Funds		Very High Risk	0.07	-12.2	-12.01	-9.49	-12.78	-4.17				
Bandhan Nifty 500 Momentum 50 Idx Dir Gr	Index Funds		Very High Risk	0.08	-12.18	-12	-9.36	-12.76	-4.24				
Baroda BNP P NIFTY 50 Index Dir Gr	Index Funds		Very High Risk	-0.8	-11.32	-13.89	-9.12	-14.51	-4.29	0.92			
UTI Nifty Alpha Low-Vltlty 30 Idx Dir Gr	Index Funds		Very High Risk	-0.73	-11.9	-10.77	-7.87	-11.57	-4.43				
Bandhan Nifty Alpha Lw Vol 30 Idx Dir Gr	Index Funds		Very High Risk	-0.72	-11.92	-10.75	-7.8	-11.57	-4.51				
Edelweiss Nifty Alp Lw Vol30IdxDirGr	Index Funds		Very High Risk	-0.72	-11.92	-10.72	-7.82	-11.54	-4.52				
Baroda BNP P Nifty200 Momt 30 Idx Dir Gr	Index Funds		Very High Risk	-0.92	-13.72	-12.29	-9.75	-13.13	-4.64				
Baroda BNP Paribas Value Dir Gr	Value		Very High Risk	-0.4	-10.71	-10.99	-7.32	-11.77	-4.64	-1.42			
NJ ELSS Tax Saver Scheme Dir Gr	ELSS (Tax Savings)		Very High Risk	0.23	-8.06	-9.9	-10.76	-10.82	-4.65	-1.27			
EdelweissNifty500MltcpMmtQl50IdxDrGr	Index Funds		Very High Risk	0.11	-10.06	-10.53	-10.01	-11.4	-4.66				
Union Active Momentum Dir Gr	Equity - Other		Very High Risk	1.82	-10.18	-9.46	-6.99	-10.08	-4.73				
Tata India Innovation Dir Gr	Equity - Other		Very High Risk	0.39	-9.45	-14.35	-12.95	-15.2	-5.07				
Groww Nifty Smallcap 250 Idx Dir Gr	Index Funds		Very High Risk	0.47	-10.01	-13.35	-14.33	-14.35	-5.17	-0.14			
Kotak Nifty Smallcap 250 Idx Dir Gr	Index Funds		Very High Risk	0.38	-10.04	-13.35	-14.38	-14.34	-5.29				
HDFC Nifty Smallcap 250 Index Dir Gr	Index Funds		Very High Risk	0.33	-10.1	-13.41	-14.46	-14.41	-5.3	-0.19			
Quant Momentum Dir Gr	Equity - Other		Very High Risk	-0.77	-9.83	-11.71	-7.77	-12.34	-5.32	-1.79			
Aditya BSL Conglomerate Dir Gr	Equity - Other		Very High Risk	-0.64	-11.02	-14.04	-11.69	-15.05	-5.35				
HDFC Nifty Top 20 Equal Wt Idx Dir Gr	Index Funds		Very High Risk	-0.77	-11.91	-15.06	-9.78	-15.65	-5.5				
Bandhan Nifty SmCp 250 Idx Dir Gr	Index Funds		Very High Risk	0.35	-10.1	-13.4	-14.42	-14.4	-5.52	-0.26			
NJ Flexi Cap Dir Gr	Flexi Cap		Very High Risk	-0.17	-10.49	-12.38	-12.38	-13.2	-5.65	-4.39			
SBI Innovative Opportunities Dir Gr	Equity - Other		Very High Risk	-0.29	-7.41	-17.34	-15.15	-17.72	-5.77				
Bandhan Business Cycle Dir Gr	Equity - Other		Very High Risk	-0.9	-12.54	-15.93	-13.49	-16.53	-5.87				
Axis Consumption Dir Gr	Equity - Consumption		Very High Risk	0.12	-11.25	-14.99	-14.99	-15.68	-5.91				
Axis BSE Sensex Index Dir Gr	Index Funds		Very High Risk	-1.04	-11.35	-14.88	-10.04	-15.42	-5.94	-0.1			
Tata Nifty Fincl Svcss Idx Dir Gr	Index Funds		Very High Risk	-1.86	-15.62	-14.2	-9.84	-14.91	-6				
ICICI Pru Nifty50 Val 20 Idx Dir Gr	Index Funds		Very High Risk	-0.94	-10.14	-12.11	-6.73	-12.58	-6.01	-1.1			
Kotak BSE Sensex Index Dir Gr	Index Funds		Very High Risk	-1.04	-11.45	-15.04	-10.28	-15.59	-6.09				
Samco Special Opportunities Dir Gr	Equity - Other		Very High Risk	0	-13.62	-14.91	-16.17	-16.17	-6.12				
DSP Nifty Private Bank Index Dir Gr	Index Funds		Very High Risk	-1.21	-15.65	-15.17	-8.96	-16	-6.17				
UTI Nifty Private Bank Index Dir Gr	Index Funds		Very High Risk	-1.22	-15.68	-15.22	-9.07	-16.07	-6.22				
Navi BSE Sensex Index Dir Gr	Index Funds		Very High Risk	-1.02	-11.48	-14.99	-10.1	-15.54	-6.23	-0.22			
Invesco India Technology Dir Gr	Sector - Technology		Very High Risk	0.25	-6.34	-19.18	-14.24	-19.43	-6.23				
SBI BSE Sensex Index Dir Gr	Index Funds		Very High Risk	-1.04	-11.49	-15.02	-10.34	-15.56	-6.36	-0.35			
WhiteOak Cptl ESG Bst-In-Cls Stgy Dir Gr	Equity - ESG		Very High Risk	-0.26	-10.47	-15.17	-12.25	-15.72	-6.41				
ITI Large & Mid Cap Dir Gr	Large & Mid-Cap		Very High Risk	-0.78	-11.27	-13.69	-12.63	-14.62	-6.57				
Quantum Ethical Dir Gr	Equity - Other		Moderately High Risk	-0.46	-9.72	-11.84	-12.02	-12.55	-6.7				
JM Small Cap Dir Gr	Small-Cap		Very High Risk	0.26	-10.99	-13.72	-15.58	-14.71	-6.76				
Mirae AstNftyINDNwAgCnsptnETFFoFDrGr	Equity - Other		Very High Risk	-0.63	-12.99	-17.55	-18.28	-18.11	-6.99				
HDFC Consumption Dir Gr	Equity - Consumption		Very High Risk	-0.2	-10.97	-14.9	-16.45	-15.54	-7.24	1.7			
WhiteOak Capital Quality Equity Dir Gr	Equity - Other		Very High Risk	-0.07	-9.44	-14.56	-11.86	-15.23	-7.51				
Quant PSU Dir Gr	Equity - Other		Very High Risk	-0.3	-11.21	-13.28	-11.91	-14.04	-7.79	-4.16			
WhiteOak Capital Digital Bharat Dir Gr	Sector - Technology		Very High Risk	0.11	-6.9	-22.68	-17.18	-23.06	-8.08				
Quant Business Cycle Dir Gr	Equity - Other		Very High Risk	-0.52	-11.33	-12.8	-11.18	-13.76	-8.1	-3.91			
Quant Manufacturing Dir Gr	Equity - Other		Very High Risk	-0.54	-12.04	-14.11	-14.02	-15.04	-8.63	-5.09			
Sundaram Business Cycle Dir Gr	Equity - Other		Very High Risk	-0.05	-11.43	-15.98	-16.5	-16.89	-9.12				
DSP Nifty SmCp250 Qul 50 Idx Dir Gr	Index Funds		Very High Risk	-0.24	-10.13	-13.93	-15.85	-14.9	-9.28	-2.29			
Motilal Oswal Nifty Mcrcp 250 Idx Dir Gr	Index Funds		Very High Risk	-0.72	-11.44	-15.2	-17.71	-16.38	-9.3	-0.95			
Bajaj Finserv Consumption Dir Gr	Equity - Consumption		Very High Risk	0.45	-10.6	-14.78	-17.05	-15.67	-9.41				
Mirae Asset BSE Sel IPO ETF FoFDirGr	Equity - Other		Very High Risk	-0.32	-9.43	-16.8	-20.1	-16.53	-9.46				
Samco Large Cap Dir Gr	Large-Cap		Very High Risk	0.11	-6.56	-5.17	-5.67	-5.77	-10.11				
Groww Nifty N-Cycl Cnsmr Idx Dir Gr	Index Funds		Very High Risk	-0.07	-10.51	-16.01	-16.52	-16.69	-10.49				
Shriram Multi Sector Rotation Dir Gr	Equity - Other		Very High Risk	-0.98	-12.23	-13.01	-8.54	-14.11	-10.62				
Mirae Ast Nfty SC 250MQ100ETFFoFDrGr	Equity - Other		Very High Risk	0.3	-9.92	-13.85	-15.58	-14.49	-10.76	-6.65			
Samco Multi Cap Dir Gr	Multi-Cap		Very High Risk	0.25	-7.42	-9.39	-12.13	-10.19	-10.78				
Navi Nifty Smcp250 Momt Qul 100 IdxDirGr	Index Funds		Very High Risk	0.14	-9.94	-13.75	-15.49	-14.44	-11.01				
Kotak Technology Fund Dir Gr	Sector - Technology		Very High Risk	0.03	-3.38	-19.6	-11.76	-18.57	-11.12	1.02			
DSP Nifty Top 10 Equal Weight Idx Dir Gr	Index Funds		Very High Risk	-0.8	-11.49	-17.81	-10.96	-18.31	-11.39				
HDFC Nifty India Digital Index Dir Gr	Sector - Technology		Very High Risk	-0.97	-7.58	-23.14	-16.22	-22.78	-11.45				
Kotak BSE Housing Index Dir Gr	Index Funds		Very High Risk	0.22	-14.43	-15	-17.56	-15.92	-11.53	-3.91			
UTI BSE Housing Index Dir Gr	Index Funds		Very High Risk	0.21	-14.37	-14.96	-17.55	-15.87	-11.67	-3.89			
Motilal Oswal Digital India Dir Gr	Sector - Technology		Very High Risk	-1.97	-10.13	-27.04	-24.61	-27.72	-12.49				
Motilal Oswal Multi Cap Dir Gr	Multi-Cap		Very High Risk	-0.43	-9.15	-17.7	-17.25	-18.09	-12.65				
Motilal Oswal Business Cycle Dir Gr	Equity - Other		Very High Risk	0.34	-9.01	-19.38	-17.52	-19.82	-12.7				
UTI Innovation Dir Gr	Equity - Other		Very High Risk	0.27	-8.74	-21.87	-21.13	-22.26	-12.73	-6.74			
Quant Consumption Dir Gr	Equity - Consumption		Very High Risk	-0.72	-9.06	-12.9	-14.64	-14.41	-13.57	-10.12			
Motilal Oswal NiftyMdSmIndCnsmptnIdxDrGr	Index Funds		Very High Risk	-0.4	-12.26	-15.44	-16.82	-15.79	-13.75				
Motilal Oswal Nifty MdSm IT &TeleIdxDrGr	Index Funds		Very High Risk	0.09	-8.48	-23.14	-14.76	-23.08	-14.86				
Samco Active Momentum Dir Gr	Equity - Other		High Risk	0.41	-7.54	-8.44	-10.18	-9.19	-16.2	-2.13			
HDFC Technology Dir Gr	Sector - Technology		Very High Risk	-1.04	-7.21	-23.1	-16.76	-23.31	-16.5	-1.8			
Groww Nifty India Rlwys PSU Idx Dir Gr	Index Funds		Very High Risk	-1.06	-14.01	-20.42	-19.99	-21.07	-19.27				
Nippon India Nifty IT Index Dir Gr	Index Funds		Very High Risk	-0.3	-5.06	-23.12	-12.65	-22.89	-19.5	-6.93			
Navi Nifty IT Index Direct Growth	Index Funds		Very High Risk	-0.3	-5.02	-23.05	-12.64	-22.81	-19.54	-6.96			
Axis Nifty IT Index Dir Gr	Index Funds		Very High Risk	-0.3	-5.08	-23.19	-12.67	-22.96	-19.6	-7.02			
SBI Nifty IT Index Dir Gr	Index Funds		Very High Risk	-0.29	-5.06	-23.17	-12.66	-22.94	-19.63				
Bandhan Nifty IT Index Dir Gr	Index Funds		Very High Risk	-0.29	-5.06	-23.24	-12.76	-23.01	-19.69	-7.01			
HDFC NIFTY Realty Index Dir Gr	Index Funds		Very High Risk	-1.92	-16.64	-25.19	-25.08	-25.88	-23.53	-15.06			
Nippon India Nifty Realty Idx Dir Gr	Index Funds		Very High Risk	-1.82	-16.52	-25.09	-24.99	-25.78	-23.57				
Tata Nifty Realty Index Dir Gr	Index Funds		Very High Risk	-1.89	-16.65	-25.29	-24.95	-25.98	-23.67				
Kotak Nifty India Tourism Idx Dir Gr	Index Funds		Very High Risk	-1.1	-16.42	-23.54	-26.17	-24.27	-23.95				
Tata Nifty India Tourism Idx Dir Gr	Index Funds		Very High Risk	-1.11	-16.46	-23.59	-26.22	-24.34	-24.07				
Quant Teck Dir Gr	Sector - Technology		Very High Risk	-1.96	-13.24	-28.29	-28.74	-28.78	-28.69	-16.3			
Abakkus Flexi Cap Dir Gr	Flexi Cap		Very High Risk	-0.28	-9.27	-9.02		-9.12					
Abakkus Small Cap Dir Gr	Small-Cap		Very High Risk	-0.65									
Aditya BSL BSE 500 Momt 50 Idx Dir Gr	Index Funds		Very High Risk	-0.34	-13.8	-12.28	-8.61	-13.15					
Aditya BSL BSE 500 Qul 50 Idx Dir Gr	Index Funds		Very High Risk	-0.25	-7.57	-9.51	-7.05	-10.29					
Altiva Hybrid Long-Short Dir Gr	Equity - Other		Low to Moderate Risk	0.37	-1.54	-0.71		-0.7					
Angel One Nifty 50 Index Dir Gr	Index Funds		Very High Risk	-0.8	-11.32	-13.87	-9.14	-14.49					
Angel One Nifty Ttl MktMomtQul50IdxDirGr	Index Funds		Very High Risk	0.37	-10.33	-8.12		-9.03					
Apex Hybrid Long-Short Dir Gr	Equity - Other		Low to Moderate Risk										
Arudha Equity L-S Dir Gr	Equity - Other		Very High Risk										
Axis BSE India Sector Leaders Idx Dir Gr	Index Funds		Very High Risk	-0.49	-10.8								
Axis Nifty500 Quality 50 Index Dir Gr	Index Funds		Very High Risk	-0.5	-8.34	-10.25	-10.36	-11.1					
Axis Services Opportunities Dir Gr	Equity - Other		Very High Risk	-0.36	-10.62	-15.21	-14.26	-15.46					
Bajaj Finserv Bkg and Fincl Svcs Dir Gr	Sector - Financial Services		Very High Risk	-1.06	-13.31	-13.11		-13.63					
Bajaj Finserv Nifty 50 Index Dir Gr	Index Funds		Very High Risk	-0.46	-10.98	-13.96	-9.35	-14.27					
Bajaj Finserv Nifty Next 50 Idx Dir Gr	Index Funds		Very High Risk	-1.71	-13.38	-12.31	-11.33	-13.17					
Bajaj Finserv Small Cap Dir Gr	Small-Cap		Very High Risk	1.19	-10.06	-11.06	-10.32	-12.07					
Bandhan BSE India Sector Ldrs Idx Dir Gr	Index Funds		Very High Risk	-0.53	-10.86	-13.81	-10.76	-14.46					
Bandhan Healthcare Dir Gr	Sector - Healthcare		Very High Risk	0.92	-5.29	-4.64		-5.52					
Bandhan Multi-Factor Dir Gr	Equity - Other		Very High Risk	0.08	-10.67	-9.64	-2.52	-10.67					
Bank of India Bkg & Fincl Svcs Dir Gr	Sector - Financial Services		Very High Risk	-1.45	-13.2								
Bank of India Mid Cap Dir Gr	Mid-Cap		Very High Risk	0.56	-7.35	-7.92	-9.23	-9.04					
Baroda BNP P Busnss ConglomratsDirGr	Equity - Other		Very High Risk	-0.42	-11.53	-12.98	-10.21	-13.66					
Baroda BNP P ESG BestinCl Stgy Dir Gr	Equity - ESG		Very High Risk	-0.47									
Baroda BNP P Hlth and Wellness DirGr	Sector - Healthcare		Very High Risk	1.35	-4.75	-2.32	-2.82	-3.35					
Canara Robeco Bkg & Fincl Svcs Dir Gr	Sector - Financial Services		Very High Risk	-1.11									
Capitalmind Flexi Cap Dir Gr	Flexi Cap		Very High Risk	0.32	-7.99	-6.92	-1.48	-7.53					
Choice Nifty 50 Index Dir Gr	Index Funds		Very High Risk										
Choice Nifty Next 50 Index Dir Gr	Index Funds		Very High Risk										
Diviniti Equity Long Short Dir Gr	Equity - Other		Very High Risk	-0.41	-2.99	-5.24		-5.49					
DSP BFSI Next Index Fund Dir Gr	Index Funds		Moderately High Risk										
DSP Nifty500 Flxcp Qul 30 Idx Dir Gr	Index Funds		Very High Risk	-0.15	-9.17	-15.23	-12.32	-15.83					
DSP Nifty 500 Index Dir Gr	Index Funds		Very High Risk	-0.64	-11.35								
DSP Nifty Healthcare Index Dir Gr	Index Funds		Very High Risk	0.86	-4.5	-2.24	0.48	-2.9					
DSP Nifty IT Index Dir Gr	Index Funds		Very High Risk	-0.3	-5.05	-23.12	-12.71	-22.88					
DSP Nifty Midcap 150 Index Dir Gr	Index Funds		Very High Risk	-0.09	-11.08	-11.9		-12.74					
DSP Nifty SmallCap 250 Index Dir Gr	Index Funds		Very High Risk	0.54	-9.9	-13.25		-14.25					
DynaSIF Active Ast Allctr L-S Dir Gr	Equity - Other		Low to Moderate Risk										
DynaSIF Equity Long - Short Dir Gr	Equity - Other		High Risk	-0.6	-4.39								
Edelweiss BSE Intrnt Ecoy Idx Dir Gr	Index Funds		Very High Risk	-0.28	-8.24	-18.56	-14.49	-18.22					
Edelweiss Financial Services Dir Gr	Sector - Financial Services		Very High Risk	-1.37	-14.25								
EdelweissNftyLMc250P813yGSc7030IdDrGr	Index Funds		Very High Risk										
Franklin India Multi-Factor Dir Gr	Flexi Cap		Very High Risk	-0.48	-11.38	-12.44		-13.17					
Groww BSE Power ETF FOF Dir Gr	Sector - Energy		Very High Risk	-0.99	-4.57	4.41	0.64	3.46					
Groww Nifty 50 Index Dir Gr	Index Funds		Very High Risk	-0.79	-11.3	-13.87	-9.23	-14.5					
Groww Nifty Midcap 150 Index Dir Gr	Index Funds		Very High Risk	-0.12	-11.1	-11.86		-12.71					
Groww Nifty Next 50 Index Dir Gr	Index Funds		Very High Risk	-1.57	-13.2	-11.83	-10.78	-12.71					
Groww Nifty PSE ETF FOF Dir Gr	Equity - Other		Very High Risk	-0.02	-6.59								
Groww Nifty PSU Bank Index Dir Gr	Index Funds		Very High Risk										
Groww Small Cap Dir Gr	Small-Cap		Very High Risk	-0.06	-9.03								
HDFC BSE India Sector Leaders Idx Dir Gr	Index Funds		Very High Risk	-0.52	-10.84	-13.8		-14.44					
HDFC Innovation Dir Gr	Equity - Other		Very High Risk	-0.17	-6.68	-9.48	-7.95	-9.91					
HDFC Nifty India Consumption Idx Dir Gr	Index Funds		Very High Risk	-0.03	-10.5								
Helios Small Cap Dir Gr	Small-Cap		Very High Risk	0.96	-9.15	-13.35		-14.14					
ICICI Prudential Active Momt Dir Gr	Equity - Other		Moderate Risk	0.21	-10	-8.39	-2.99	-9.16					
ICICI Prudential Conglomerate Dir Gr	Equity - Other		Moderately High Risk	0.11	-12.46	-10.62		-11.51					
ICICI Prudential NiftyTop15EqlWtIdxrDrGr	Index Funds		Very High Risk	-1.04	-12.94	-16.67	-11.4	-17.2					
ICICI Prudential Quality Dir Gr	Equity - Other		Very High Risk	-1.05	-9.37	-11.68	-6.94	-12.17					
ICICI Pru Nifty200 Qul 30 Idx Dir Gr	Index Funds		Very High Risk	-0.76	-9.61	-14.05	-10.05	-14.69					
ICICIPruNiftyEV&NwAgeAtmtvETFFOFDirGr	Sector - Technology		Very High Risk	-2.2	-14.6	-15.66	-14.13	-16.36					
ICICI Pru Nifty Priv Bk Idx Dir Gr	Index Funds		Very High Risk	-1.24	-15.49	-15.02	-8.91	-15.87					
Invesco India Consumption Dir Gr	Equity - Consumption		Very High Risk	0.35	-9.97	-12.11		-13.01					
iSIF Equity Ex-Top 100 Long-Short Dir Gr	Equity - Other		Very High Risk	-0.22	-8.61								
ITI Business Cycle Dir Gr	Equity - Other		Very High Risk	-0.95									
JioBlackRock Flexi Cap Dir Gr	Flexi Cap		Very High Risk	-0.22	-11.82	-12.86		-13.62					
JioBlackRock Large Cap Dir Gr	Large-Cap		Very High Risk										
JioBlackRock Nifty 50 Index Dir Gr	Index Funds		Very High Risk	-0.82	-11.31	-13.84	-9.15	-14.47					
JioBlackRock Nifty Midcap 150 Idx Dir Gr	Index Funds		Very High Risk	-0.12	-11.11	-11.87	-7.6	-12.72					
JioBlackRock Nifty Next 50 Index Dir Gr	Index Funds		Very High Risk	-1.65	-13.28	-11.9	-10.82	-12.78					
JioBlackRock Nifty SmCp 250 Idx Dir Gr	Index Funds		Very High Risk	0.38	-10.06	-13.35	-14.41	-14.34					
JioBlackRock Sector Rotation Dir Gr	Equity - Other		Very High Risk	-0.61	-11.25								
JM Large & Mid Cap Dir Gr	Large & Mid-Cap		Very High Risk	-0.44	-10.21	-12.75	-9.72	-13.4					
Kotak Active Momentum Direct Gr	Equity - Other		Very High Risk	0.37	-12	-11.23	-6.18	-12.01					
Kotak Dividend Yield Dir Gr	Dividend Yield		Very High Risk	-0.59	-11.21								
Kotak Energy Opportunities Dir Gr	Sector - Energy		Very High Risk	0.29	-8.98	-3.9	-4.59	-5.48					
Kotak Nifty 200 Quality 30 Idx Dir Gr	Index Funds		Very High Risk	-0.75	-9.63	-14.06	-10.06	-14.71					
Kotak Nifty200 Value 30 Index Dir Gr	Index Funds		Very High Risk	-0.22	-12.66								
Kotak Nifty500 Momentum 50 Idx Dir Gr	Index Funds		Very High Risk	0.08	-12.18	-12.01		-12.76					
Kotak Nifty Alpha 50 Index Dir Gr	Index Funds		Very High Risk	-0.7	-12.14	-10.64	-9	-11.6					
Kotak Nifty Top 10 Eql Wght Idx Dir Gr	Index Funds		Very High Risk	-0.78	-11.45	-17.8	-10.97	-18.31					
Kotak Quality Ovrs Eq Omni FOF Dir Gr	Global - Other		Very High Risk										
Kotak Rural Opportunities Dir Gr	Equity - Other		Very High Risk	-0.67	-11.94	-10.42		-11.05					
Kotak Services Dir Gr	Equity - Other		Low Risk	-1.85	-4.23								
LIC MF Consumption Dir Gr	Equity - Consumption		Very High Risk	0.01	-10.71	-13.68		-14.41					
LIC MF Technology Dir Gr	Sector - Technology		Very High Risk	-0.46									
Magnum Hybrid Long Short Dir Gr	Equity - Other		Low to Moderate Risk	-0.27	-2.17	-1.95		-2.23					
Mahindra Manu Bkg & Fincl Svcs Dir Gr	Sector - Financial Services		Very High Risk	-1.19	-14.4	-11.45	-4.88	-12.34					
Mahindra Manulife Innovt Opps Dir Gr	Equity - Other		Very High Risk	0.56	-8.04								
Mirae Asset BSE India DfncETFFOFDirGr	Equity - Other		Very High Risk	-1.59	-11.53								
Mirae Asset Infrastructure Dir Gr	Equity - Infrastructure		Very High Risk	-0.64	-11.33	-7.59		-8.69					
Motilal Oswal BSE 1000 Index Dir Gr	Index Funds		Very High Risk	-0.62	-11.4	-13.39	-10.2	-14.12					
Motilal Oswal Consumption Dir Gr	Equity - Consumption		Very High Risk	0.11	-9.54	-17.02		-17.61					
Motilal Oswal Dvrs EqFlexicpPasvFOFDirGr	Flexi Cap		Very High Risk	-0.28	-10.75								
Motilal Oswal Financial Svcs Dir Gr	Sector - Financial Services		Very High Risk	-0.91	-10.63								
Motilal Oswal Infrastructure Dir Gr	Equity - Infrastructure		Very High Risk	0.09	-6.51	-5.29	-2.99	-6.11					
Motilal Oswal Services Dir Gr	Equity - Other		Very High Risk	0.28	-9.47	-14.92	-9.84	-15.79					
Motilal Oswal Special Opps Dir Gr	Equity - Other		Very High Risk	-0.28	-10.19	-11.47	-7.63	-12.25					
Navi Nifty MidSmallcap 400 Index Dir Gr	Index Funds		Very High Risk	0.01	-10.69	-12.29		-13.19					
Nippon India BSE Sensex Nxt 30 Idx Dr Gr	Index Funds		Very High Risk	0.07	-9.91	-7.7	-3.56	-8.7					
Nippon India MNC Direct Growth	Equity - Other		Very High Risk	-0.82	-10.99	-11.93	-8.99	-12.37					
Nippon India Nifty India Mfg Idx Dr Gr	Index Funds		Very High Risk	-0.35	-10.87	-7.62	-4.88	-8.78					
Nippon India Taiwan Equity Dir Gr	Global - Other		Very High Risk	2.97	14.03								
Nippon Ind Nifty 500 Lw Vl 50 Idx Dr Gr	Index Funds		Very High Risk	-0.26	-9.96	-9.93	-6.45	-10.56					
Nippon Ind Nifty 500 Qul 50 Idx Dr Gr	Index Funds		Very High Risk	-0.49	-8.23	-10.34	-10.45	-11.17					
Old Bridge Flexi Cap Dir Gr	Flexi Cap		Very High Risk	-0.1									
Parag Parikh Large Cap Dir Gr	Large-Cap		Very High Risk	-0.85	-11.55								
qsif Equity Ex-Top 100 L-S Dir Gr	Large-Cap		Very High Risk	-0.2	-7.6	-12.12		-12.73					
qsif Equity Long-Short Dir Gr	Equity - Other		Very High Risk	-0.42	-8.95	-10.87		-11.26					
Samco Large & Mid Cap Dir Gr	Large & Mid-Cap		Very High Risk	0	-7.96	-5.56	-6.87	-6.77					
Samco Mid Cap Dir Gr	Mid-Cap		Very High Risk	0.45	-11.68								
Samco Small Cap Dir Gr	Small-Cap		Very High Risk	1.45	-7.16	-8.57		-9.57					
SBI Nifty100 Low Vol 30 Idx Dir Gr	Index Funds		Very High Risk	-0.39	-10.71	-12.68	-8.04	-13.31					
SBI Nifty200 Momentum 30 Idx Dir Gr	Index Funds		Very High Risk	-0.93	-13.67	-12.23	-9.5	-13.07					
SBI Nifty200 Quality 30 Index Dir Gr	Index Funds		Very High Risk	-0.74	-9.64	-14.07	-10.09	-14.72					
SBI Quality Dir Gr	Equity - Other		Very High Risk	-0.39	-8.4								
Sundaram Multi-Factor Dir Gr	Index Funds		Very High Risk	-0.46	-11.88	-12.98	-8.33	-13.68					
Tata BSE MltcpConsum 50 30 20IdxDirGr	Index Funds		Very High Risk	-0.38	-12.27	-16.47		-16.47					
Tata BSE Quality Index Dir Gr	Index Funds		Very High Risk	-0.78	-8.3	-10.8	-7.11	-11.32					
Tata Nifty Midcap 150 Index Dir Gr	Index Funds		Very High Risk	-0.12	-11.16	-11.93	-7.63	-12.78					
Tata Nifty Next 50 Index Direct Gr	Index Funds		Very High Risk	-1.69	-13.34	-11.95		-12.84					
The Wealth Company Ethical Dir Gr	Equity - Other		Very High Risk	0.76	-9.74	-12.2		-12.73					
The Wealth Company Flexi Cap Dir Gr	Flexi Cap		Very High Risk	-1.35	-9.83	-13.76		-14.63					
The Wealth Company Small Cap Dirt Gr	Small-Cap		Very High Risk										
TRUSTMF Mid Cap Dir Gr	Mid-Cap		Very High Risk	-2									
TRUSTMF Multi Cap Direct Growth	Multi-Cap		Very High Risk	0.11	-10.31	-10.05	-5.91	-10.9					
Unifi Flexi Cap Dir Gr	Flexi Cap		Very High Risk	-0.31	-10.38	-11.71	-8.27	-12.39					
Union Consumption Dir Gr	Equity - Consumption		Very High Risk	-0.12	-10.19	-16.22		-16.55					
UTI Multi Cap Dir Gr	Multi-Cap		Very High Risk	-0.3	-10.54	-12.87	-9.23	-13.66					
UTI Nifty500 Shariah Index Dir Gr	Index Funds		Very High Risk	0.42	-9.21								
WhiteOak Capital Consumption Opps Dir Gr	Equity - Consumption		Very High Risk	0.34	-9.86								
Zerodha BSE SENSEX Index Dir Gr	Index Funds		Very High Risk	-1.04	-11.49	-15		-15.55					
Zerodha Nifty 50 Index DirGr	Index Funds		Very High Risk	-0.81	-11.33	-13.88		-14.51					
Zerodha Nifty MidSmCp400 50:50 Idx DirGr	Index Funds		Very High Risk										
Zerodha Nifty Short Dur G-Sec Idx Dir Gr	Index Funds		Low to Moderate Risk	-0.38	-0.87								
